{"type":"Topology","arcs":[[[36894,32675],[17,-2],[240,-3],[107,2],[223,10],[327,12]],[[37808,32694],[82,-161],[-180,-4],[3,-29],[1,-233],[157,3],[-2,-262],[166,0]],[[38035,32008],[-3,-176],[165,2],[154,-2],[10,3],[9,587],[2,271]],[[38372,32693],[171,-14]],[[38543,32679],[138,-12],[472,-29]],[[39153,32638],[-4,-3],[-5,-202],[1,-321],[-6,-15],[-111,-155],[-3,-157],[-75,-102],[-12,-33],[-78,-324],[-23,-28],[-52,-42],[4,-53],[38,-89],[37,-22],[-23,-39],[20,-41],[52,-34],[8,-37],[-20,-57],[-22,-21]],[[38879,30863],[2,-51],[23,-25],[60,-37],[4,-32],[-75,-56],[-23,26],[-163,-7],[-42,-11],[-21,-52],[0,-63],[9,-20]],[[38653,30535],[-16,2],[-145,58],[-32,-53],[13,-101],[-6,-8],[-159,-85],[-23,-15],[-126,-318],[-11,-45],[-40,-97],[-21,-28],[-71,-23],[-23,1],[-56,-24],[-21,-23],[-432,-185],[-50,16],[7,-36],[-154,-68],[-17,12],[3,32],[-34,-12],[-26,31],[-19,-10],[-19,-41]],[[37175,29515],[1,63],[-222,3]],[[36954,29581],[9,8],[40,97],[0,71],[7,334],[-10,18],[-146,2],[5,161],[-112,132],[0,117],[45,168],[1,127],[80,88],[80,51],[3,13],[4,327],[-4,9],[-78,10],[-2,163],[11,621],[4,171],[3,406]],[[38653,30535],[143,-3],[26,-6],[79,-43],[-14,-108],[-27,-45],[-70,-27],[-70,19],[-39,2],[-35,-34],[-10,-28],[7,-37],[61,-53],[74,-16],[134,95],[38,13],[56,54],[38,10],[66,34],[64,21],[262,313],[-23,90],[-111,3],[-42,-16],[-131,-7],[-53,-87],[-49,-44],[-39,-14],[-33,12],[0,38],[56,82],[6,27],[-7,48],[-35,44],[-63,5],[-33,-14]],[[39153,32638],[204,-9],[320,-5],[14,3],[140,-2],[351,-8]],[[40182,32617],[4,-349],[0,-172],[-8,-385],[0,-151]],[[40178,31560],[3,-577],[-1,-127],[1,-650],[-2,-638],[1,-115]],[[40180,29453],[-336,4],[-331,8],[-159,2],[-253,8],[-437,9],[-483,8]],[[38181,29492],[-491,3],[-294,-2],[-222,0],[1,22]],[[33204,31277],[4,281],[3,615],[8,269],[2,278]],[[33221,32720],[205,-6],[16,-3],[207,-1],[152,-6],[250,-6],[219,-3],[136,1],[223,-6],[310,-6],[288,0]],[[35227,32684],[-3,-266],[2,-189],[85,-1],[-1,-215],[49,-74],[25,-52],[4,-99],[69,-172],[80,-54],[70,-10],[-36,-134],[29,-83],[-27,-81],[-59,-101],[-8,-54],[-37,-31],[-3,-33],[15,-58],[0,-92],[-26,-129],[-64,-121],[-4,-264],[-19,-32],[3,-52],[-13,-20],[23,-69],[92,-102],[34,-48],[18,-230],[-17,-117],[-39,-55],[-15,-83],[-21,-20]],[[35433,29543],[-234,-2],[-466,-24],[-530,-23],[-239,5],[-763,8]],[[33201,29507],[2,156],[-1,390],[1,647],[-1,233],[3,163],[-1,181]],[[37950,32698],[248,8],[174,-13]],[[38035,32008],[2,264],[5,87],[68,-4],[-160,343]],[[37808,32694],[142,4]],[[4456,38969],[289,-8],[5,309]],[[4750,39270],[106,-1],[35,76],[46,30],[28,-1],[40,-24],[13,-23],[45,-26],[79,-35],[31,14],[12,31],[36,5],[-1,30]],[[5220,39346],[95,49],[46,17],[74,-23],[46,-67],[0,-34],[-15,-32],[-5,-47],[27,-51],[44,14],[28,45],[53,14],[43,-11],[71,-71],[17,-31],[-14,-87]],[[5730,39031],[-64,2],[-55,-18],[-105,-59],[-14,-23],[-6,-47],[16,-34],[20,-6],[44,23],[33,-8],[6,-40],[-35,-55],[-124,-1],[-293,12],[-286,6]],[[4867,38783],[-267,7]],[[4600,38790],[-147,3]],[[4453,38793],[3,176]],[[2826,42290],[407,-2]],[[3233,42288],[36,-34],[61,-124],[55,-24],[16,-19],[29,-84]],[[3430,42003],[-72,12],[-40,-12],[-20,-49],[-43,-54],[-39,1]],[[3216,41901],[-28,0],[-38,-44],[-47,39],[-6,61],[-46,60],[-49,-59]],[[3002,41958],[-38,29],[-33,8],[-14,26],[43,20],[15,21],[13,48],[-23,42],[-40,-25],[-6,-59],[-48,-29],[-32,65],[-22,65],[-30,41],[4,28],[35,52]],[[3781,40686],[24,10],[102,-19],[124,-50],[2,109],[120,-3]],[[4153,40733],[15,0]],[[4168,40733],[-10,-17],[-4,-158]],[[4154,40558],[-77,2]],[[4077,40560],[-298,7]],[[3779,40567],[2,119]],[[20598,19105],[130,-5],[324,-3]],[[21052,19097],[195,-8]],[[21247,19089],[11,-38],[-28,-39],[-35,-30],[-19,-36],[-14,-67],[0,-133],[-39,-36],[-7,-57],[9,-37],[47,-106],[-12,-82],[-30,-47],[-16,-46],[-39,-298]],[[21075,18037],[-210,2],[-232,6]],[[20633,18045],[-11,0]],[[20622,18045],[-37,29],[12,18],[-21,26],[1,34],[-32,30],[-9,22],[-55,37],[-12,45],[20,24],[14,56],[1,188],[11,26],[71,86],[9,41],[39,50],[-3,82],[-40,48],[2,191],[5,27]],[[19563,18807],[94,-2],[25,27]],[[19682,18832],[40,18],[143,-19],[37,-32],[59,-3],[48,20],[18,20],[56,6]],[[20083,18842],[29,-1],[65,-37],[73,-12],[16,25],[1,29],[20,31],[41,1],[45,48],[45,38],[50,-7],[45,48],[16,25],[-9,53],[-19,25],[97,-3]],[[20622,18045],[-77,1],[-12,-530],[-161,3],[-301,9],[-271,7]],[[19800,17535],[-445,7]],[[19355,17542],[-12,27],[6,146],[-54,70],[-14,49],[-5,65],[8,164],[10,75],[14,38],[-23,33],[-2,82],[28,31],[103,-6],[40,15],[37,3],[15,47],[26,36],[25,0],[12,29],[-6,63],[36,125],[-2,28],[17,42],[-6,28],[-32,28],[-13,47]],[[18930,20683],[16,5],[129,86],[11,28],[31,3],[32,22],[29,0]],[[19178,20827],[-12,-438],[62,-2]],[[19228,20387],[34,-67],[2,-108],[15,-24],[71,-29],[23,-32],[-54,-87],[6,-50],[90,-48],[12,-25]],[[19427,19917],[22,-50],[-11,-43],[3,-69],[-25,-46],[-17,-58],[-31,-72],[8,-64],[32,-54]],[[19408,19461],[26,-40]],[[19434,19421],[-107,-43]],[[19327,19378],[-144,-72]],[[19183,19306],[-11,7],[76,63],[44,45],[1,101],[-101,58],[0,55],[-17,19],[-127,7],[-53,-21]],[[18995,19640],[-39,-10]],[[18956,19630],[-10,35],[3,71],[-28,105],[14,30],[0,76],[-12,23],[-84,50],[1,61],[33,101],[2,84],[-23,76],[31,78],[4,51],[45,87],[-4,23],[2,102]],[[18549,19374],[75,70],[86,65]],[[18710,19509],[35,-8],[31,-27],[25,-65],[12,-125],[-6,-45],[-19,-46],[-15,-75],[24,-43],[11,-47],[-4,-48]],[[18804,18980],[-123,-105]],[[18681,18875],[-71,-32],[-85,-100]],[[18525,18743],[-3,68],[15,23],[37,21],[48,69],[-28,68],[1,38],[32,48],[18,55],[30,20],[7,35],[-7,38],[-53,64],[-23,-3],[-56,24],[6,63]],[[18995,19640],[-16,-64],[14,-65],[-6,-39],[18,-42],[7,-45],[23,-70],[-18,-31],[-5,-134]],[[19012,19150],[-33,-26]],[[18979,19124],[-101,-79],[-74,-65]],[[18710,19509],[57,42],[32,12],[56,-6],[101,73]],[[18549,19374],[2,22],[-27,34],[0,34],[25,24],[-9,30],[11,26],[-2,38],[-14,16],[-15,54],[21,54],[0,52],[-24,20],[-8,45],[-56,21],[-21,23],[-21,52],[-14,79],[-3,55],[-34,43],[-5,27],[6,57],[-6,43],[16,35],[47,-1],[27,28],[23,42],[21,15],[12,57],[49,36],[-4,29],[33,9],[22,60],[46,10],[57,36],[53,7],[28,14],[55,66],[90,17]],[[16161,19510],[2,46]],[[16163,19556],[56,25],[46,12],[48,-22],[50,-5],[66,-23],[56,-28],[37,-8],[123,-4],[118,-20],[39,-23],[56,-10],[50,8],[51,31],[38,14],[55,-3],[44,-45],[40,10],[16,18]],[[17152,19483],[22,27],[73,42],[59,-4],[19,-33],[81,-56],[30,-8],[80,52],[120,29],[52,-4],[59,-37],[55,-46],[69,15],[50,19],[40,-25],[36,-4],[53,-38],[48,-9],[29,7],[67,-7],[62,-16],[89,-6],[105,29],[99,-36]],[[18525,18743],[-62,-72],[-29,-27]],[[18434,18644],[-51,-25],[-112,-37],[-45,-8],[-161,-13],[-34,-13],[-15,-19],[-35,-84],[-73,-112],[-104,-138],[-47,-73],[-108,-150],[-23,-27],[-93,-86],[-11,-19],[-55,-58]],[[17467,17782],[-34,0],[5,355],[-346,7],[-164,-3]],[[16928,18141],[12,578]],[[16940,18719],[4,129],[-162,3],[9,341],[-158,0],[-159,5],[-322,4],[9,309]],[[19228,20387],[429,-14],[-11,-174],[474,-18]],[[20120,20181],[55,-1]],[[20175,20180],[-7,-226]],[[20168,19954],[-14,7],[-40,-18],[-100,-119],[-78,13],[-56,15],[-1,-35]],[[19879,19817],[-204,7],[-165,2]],[[19510,19826],[3,88],[-86,3]],[[8445,25375],[11,13],[70,-4],[67,7],[102,54],[56,3],[74,-23],[62,-29],[56,4],[109,23],[49,-38],[36,-9],[6,26],[28,13],[6,-28],[90,-3],[26,11],[63,-42],[55,9],[18,-10],[58,0],[40,15],[7,42],[46,-10],[44,-40],[-19,-63],[23,-62],[42,-16],[3,-35],[41,-2],[67,44],[41,13],[-6,-33],[39,-20],[-12,-48],[34,-48],[54,-2],[78,18],[26,-14],[50,8],[28,-27],[17,13],[30,-45],[12,35],[7,54],[48,1],[-9,-42],[40,17],[20,-4],[63,20],[29,-52],[42,3],[42,-18],[7,-47],[22,-11],[40,18],[55,-74],[63,-7],[84,-32],[68,-44],[25,-25],[19,10],[38,63],[30,-13],[-1,-52],[19,-2],[28,34],[4,30],[30,-10],[16,18],[31,-61],[54,-19],[71,4],[55,-22],[15,20],[32,-41],[26,17],[34,51],[21,6]],[[11340,24865],[21,20],[28,0],[60,42],[29,-4],[66,22],[39,29],[27,-23],[5,-26],[54,30],[28,7],[17,45],[55,7],[-4,31],[45,27],[13,-48],[21,-1],[28,47],[-36,36],[34,21],[30,-1],[59,50],[33,-13],[-6,-28],[13,-57],[28,-9],[67,27],[14,-18],[48,4],[19,17],[31,-65],[38,-12],[46,24],[11,22],[41,-24],[19,17],[-13,29],[46,0],[7,31],[34,-24],[24,11],[47,0],[-6,70],[48,36],[60,-22],[42,-45],[55,-13],[16,18],[28,-35],[13,-34],[20,-5],[56,11],[7,-15],[64,-25],[40,-23],[67,15],[-8,-54],[17,-11],[24,29],[63,21],[50,29],[23,-8],[71,-54],[-6,-29],[20,-18],[68,3],[18,-42],[-2,-45],[15,-9],[31,22],[43,-12],[65,9],[55,-3],[34,11],[73,-30],[20,25],[45,-20],[13,25],[22,-18],[38,-5],[51,12],[3,29],[54,23],[-21,54],[53,36],[-12,24],[20,29],[45,-15],[4,-40],[30,34],[-8,38],[37,34],[15,-15],[-1,-48],[20,3],[31,43],[51,21],[31,1],[28,30],[29,4],[8,-40],[27,-11],[17,-51],[113,-5],[42,36],[18,43],[76,-4],[47,-44]],[[14616,25078],[-82,0],[-2,-176],[-164,4],[-2,-176],[-165,2],[-1,-174],[-170,5],[-3,-196],[-165,6],[-3,-176],[-165,7],[-3,-175],[-167,3],[0,-175],[-88,1]],[[13436,23858],[-36,71],[28,11],[-20,42],[-114,59],[-61,56],[-72,24],[-14,34],[-39,20],[-35,3],[-17,37],[-1,29],[-47,39],[-22,50],[-37,-20],[-4,43],[-43,63],[1,50],[-34,-34],[-47,-2],[-71,-24],[-56,-7],[-40,18],[-45,-6],[-221,3],[-37,-8],[-92,5],[-95,-11],[-75,-38],[-47,-30],[-66,-7],[-29,-10],[-49,-76],[-47,-13],[-74,-34],[-64,-19],[-50,-6],[-44,14],[-55,-35],[-40,-10],[-7,107],[10,47],[-47,18],[-40,-9],[-45,8],[-20,32],[-35,-10],[-21,22],[12,68],[28,69],[-3,72],[37,30],[-26,35],[-45,-2],[-49,-26],[-46,-2],[-94,-88],[-28,-50],[-78,-85],[-41,-18],[-14,-34],[-45,-53],[-22,-7],[-50,6],[-31,-17],[-39,-6],[-33,-16],[-66,-7],[-16,-35],[-38,-21],[-48,-48],[-131,-52],[-55,21],[-49,7],[-89,-6],[-41,9],[-76,-17],[-62,-28],[-31,-3],[-92,16],[-97,-18],[-65,-41],[-70,-7],[-62,-33],[-43,-6],[-43,-22],[-45,-6],[-62,21],[-29,-7],[-27,-22],[-28,-4],[-45,30],[-77,-4],[-44,-23],[-41,-5],[-39,-19],[-57,0],[-66,-27],[-36,5],[-44,-9],[-66,-40],[-99,-6],[-84,-29],[-76,-10],[-94,-63],[-62,-19]],[[8458,23702],[10,510],[1,174]],[[8469,24386],[6,326],[-44,2],[4,347],[10,314]],[[8423,21074],[2,525],[2,176],[10,520],[8,535],[1,169],[12,703]],[[13436,23858],[-109,3],[-3,-174],[-170,5],[-4,-178],[-157,2],[-1,-183],[-163,-1],[0,-175],[-160,1],[-3,-174],[-165,-2],[-2,-176],[-163,-3],[-1,-164],[-161,2],[-2,-175],[163,-2],[5,-1060]],[[12340,21404],[-163,2],[-491,-1],[-157,-2],[-179,-9],[1,-351]],[[11351,21043],[-164,-1],[-808,7]],[[10379,21049],[-332,6],[-325,2],[-324,2],[-327,6],[-328,3],[-320,6]],[[23691,15322],[117,-5],[162,1],[5,109],[3,158],[-33,28],[-23,5],[-31,49],[31,10],[64,-2],[128,27],[14,31]],[[24128,15733],[62,-25],[67,-74],[55,-82]],[[24312,15552],[-44,-48],[-9,-45],[11,-52],[1,-68],[-13,-57],[-2,-58],[-20,-32],[-64,-36],[-40,-45],[20,-15],[5,-35],[-18,-27],[16,-51],[54,-61],[43,-40],[43,-8],[-1,-45]],[[24294,14829],[-68,7]],[[24226,14836],[-56,-1],[-67,-13]],[[24103,14822],[-42,5],[-112,1],[-66,16]],[[23883,14844],[3,67],[33,-19],[-180,342]],[[23739,15234],[-48,88]],[[24228,14184],[98,-24],[15,-16],[14,-45],[15,-13],[72,-6],[23,-19],[5,-115],[28,-44],[28,-6],[50,21],[8,47],[-13,20],[-46,22],[-25,54],[10,40],[18,21],[60,28],[76,17],[-37,75],[-42,9],[-53,60],[-24,64],[-11,6],[-23,58],[6,63],[-13,67],[-62,57]],[[24405,14625],[95,2],[35,-21],[46,-76],[24,39],[5,125],[-32,37],[-48,6],[-37,40]],[[24493,14777],[373,-8],[23,-4],[122,-46],[5,-444],[41,-91],[2,-187],[12,-36],[54,-70],[5,-15],[1,-117],[7,-24],[37,-35],[40,-18],[52,-14],[51,-44],[67,-114],[46,-28],[33,-42],[13,-71],[-2,-65],[34,-103],[14,-24]],[[25523,13177],[-653,3],[-153,-2],[-2,-180],[2,-174]],[[24717,12824],[-323,-2]],[[24394,12822],[-5,70],[-13,48],[-31,58],[-17,61],[5,81],[29,172],[-18,93],[3,138],[25,77],[10,66],[-7,80],[-45,49],[-48,70],[-50,101],[-7,43],[3,155]],[[22131,13853],[64,13],[45,-1],[23,-11],[37,10],[96,50],[48,10],[95,-3],[43,7],[70,65],[43,19],[64,54],[57,22],[119,65],[186,63],[15,16],[149,1],[155,63],[65,34],[50,11],[96,8],[51,14],[55,48]],[[23757,14411],[38,-11],[24,-30],[23,-56]],[[23842,14314],[-35,-63],[-68,-153],[-100,-172],[-164,-278],[-36,-73],[-376,-756]],[[23063,12819],[-292,0],[-323,-9],[-325,-7]],[[22123,12803],[6,702],[2,348]],[[22339,16250],[357,-9]],[[22696,16241],[13,-56],[31,-57],[121,-144],[25,-37],[57,-123],[13,-19],[186,-207],[14,-19],[51,-119],[97,-179],[17,-70]],[[23321,15211],[15,-114],[9,-29],[30,-31],[269,-124],[76,-29]],[[23720,14884],[0,-2]],[[23720,14882],[0,-44]],[[23720,14838],[-31,1],[-51,-20],[-40,0],[-63,-21],[-53,3],[-147,30],[-75,21],[-60,30],[-83,8],[-38,10],[-101,4],[-79,-71],[-29,-13],[-256,5],[-70,-33],[-111,-5],[-57,47],[-63,2]],[[22313,14836],[6,362],[4,167],[2,290],[4,242],[5,0],[5,353]],[[27553,30588],[279,-8],[332,-15]],[[28164,30565],[-2,-175],[-9,-351],[1,-79],[-11,-460],[329,-8],[661,-19],[394,-8],[285,1],[531,-5]],[[30343,29461],[-22,-42],[-70,-65],[0,-30],[33,-15],[51,-7],[26,-33],[-16,-44],[-13,-86],[-34,-41],[-19,-10],[-36,8],[-38,44],[-15,42],[-1,68],[13,49],[-3,38],[-26,20],[-31,-22],[-6,-39],[-20,-40],[1,-43],[35,-72],[-2,-47],[-26,-36],[-39,-28],[-51,-19],[-84,-70],[-87,-22],[-15,-40],[79,-59],[18,-34],[46,-40],[16,-33],[-13,-31],[-23,-8],[-45,12],[-37,43],[-22,38],[-44,46],[-29,10],[-38,-14],[-30,-23],[-27,-43],[-60,-27],[-23,-30],[5,-44],[28,-28],[76,-2],[26,-13],[15,-35],[-14,-49],[-31,-4],[-33,16],[-30,38],[-67,61],[-51,22],[-26,-14],[-20,-38],[24,-48],[28,-23],[79,-13],[15,-22],[-4,-34],[-23,-40],[-27,-24],[-56,-24],[-68,-2],[-18,-13],[-5,-35],[25,-56],[23,-16],[60,0],[62,-41],[15,-56],[-29,-113],[-17,-37],[-43,-34],[-11,-33],[15,-14],[52,7],[7,-20],[-36,-27],[-48,-20],[-19,-23],[-3,-35],[14,-69],[26,-30],[56,-6],[76,60],[32,66],[21,15],[19,-24],[-8,-72],[21,-40],[-5,-345]],[[29744,27355],[-277,5],[-217,1],[-249,4],[-203,6],[0,29],[-37,69],[10,35],[-20,9],[-3,54],[21,33],[-10,58],[63,37],[11,20],[56,18],[38,-10],[7,350],[-82,2],[2,176],[-238,6],[36,43],[-3,42],[-144,-81],[-19,40],[-5,46],[6,84],[85,0],[6,265],[-335,6],[-200,6],[-82,-2],[-20,-37],[32,-49],[-28,-47],[32,-23],[-2,-29],[18,-44],[38,-51]],[[28031,28426],[-37,-25],[-6,-43],[-113,0],[-10,9],[1,65],[-10,10],[-235,5]],[[27621,28447],[1,92],[-32,9],[-21,84],[12,2],[33,64],[4,126],[-18,12],[1,44],[-31,57],[-17,0],[-31,39],[-42,16],[-15,46],[-23,-12],[-54,73],[-35,7],[-17,48],[19,34],[-14,28],[-4,49],[37,41],[34,-1],[28,27],[57,16],[24,71],[8,42],[23,32],[-2,42],[33,49],[-1,43],[-31,-3],[-29,-30],[-27,20],[-4,31],[34,35],[0,48],[11,19],[64,20],[-53,86],[-11,35],[31,0],[13,28],[-23,15],[19,26],[34,9],[16,43],[-30,34],[-31,-23],[-33,9],[46,65],[32,57],[11,71],[-32,18],[-19,-34],[-16,3],[-21,64],[36,0],[15,26],[-28,36],[51,14],[16,59],[0,36],[-51,98],[-19,10],[4,36]],[[26864,27802],[56,7],[40,-12],[3,-53],[-76,-98],[-5,-45],[58,-76],[46,-70],[20,-46],[33,-41],[89,-37],[62,-46],[31,-10]],[[27221,27275],[-30,-40],[-22,-58]],[[27169,27177],[-228,3]],[[26941,27180],[-207,2]],[[26734,27182],[3,95],[16,61],[-1,56],[24,52],[3,54],[3,203],[82,4],[0,95]],[[23221,26893],[20,936],[1,177],[10,530]],[[23252,28536],[331,-9],[206,-9],[250,-6],[159,-11],[500,-2],[137,0],[352,-7],[261,-4]],[[25448,28488],[23,-36],[-17,-25],[-2,-74],[15,-51],[28,-16],[35,21],[201,-5],[36,-8],[23,-21],[28,-88],[0,-59],[84,-7],[-1,-85],[79,-3],[1,-97],[26,-41]],[[26007,27893],[19,-40],[-45,2],[-6,-44],[-37,-2],[-5,-218],[-92,3],[8,-41],[43,-13],[0,-196],[-2,-171]],[[25890,27173],[1,-46],[-5,-221],[-24,-31],[20,-27],[3,-72]],[[25885,26776],[-48,14],[-74,-15],[-9,14],[-61,-29],[-19,4],[-32,-18],[-26,28],[-48,30],[-13,-24],[-39,24],[-9,25],[-66,19],[-38,-39],[-28,-5],[-31,-32],[-21,6],[-13,-26],[-38,4],[-72,51],[-2,28],[-27,36],[-37,-16],[-23,27],[-21,-7],[-22,27],[-45,25],[-13,44],[-64,63],[-23,-10],[-32,15],[-46,-31],[-34,-86],[-50,-30],[-44,-5],[-41,44],[-7,-80],[-19,-9],[-47,12],[-24,-23],[-37,-9],[-23,-37],[-20,-11],[-91,28]],[[24408,26802],[-80,33],[-29,34],[-4,21],[-33,21],[-24,-7],[-108,58],[-5,32],[28,93],[-14,27],[-46,40],[-28,-17],[-21,21],[8,22],[-51,20],[-75,3],[-77,-21],[-4,-39],[-38,-8],[-2,-85],[-26,-8],[-16,-32],[-119,1],[-8,-126],[-75,-27],[-25,8],[-212,45],[-103,-18]],[[27878,27325],[21,-21],[194,-4],[7,382],[-63,45],[-43,12],[-36,33],[19,61],[26,31],[-15,31],[41,49],[-6,25],[35,10],[32,30],[-4,15]],[[28086,28024],[-2,62],[14,17],[-15,42],[11,43],[-33,31],[-4,18],[22,30],[-41,119],[-7,40]],[[29744,27355],[105,-5],[8,-60],[72,-90],[56,-9],[38,22],[19,28],[4,46],[-6,58],[6,28],[35,16],[19,-11],[20,-35],[3,-43],[-15,-59],[-31,-41],[-65,-47],[-30,-51],[-28,-110],[18,-63],[28,-26],[49,-29],[10,-27],[-24,-33],[-21,-3],[-60,37],[-27,5],[-25,-24],[15,-36],[30,-15],[76,-2],[19,-34],[-18,-34],[-27,-17],[-44,-62],[-12,-35],[7,-26],[34,-24],[62,1],[22,-29],[-9,-57],[-25,-36],[-31,-5],[-81,58],[-18,24],[-11,39],[6,87],[-3,49],[-21,52],[-36,20],[-26,-3],[-29,-22],[-20,-54],[-16,-142],[-13,-28],[-30,-19],[-51,0],[-55,12],[-29,-9],[-6,-24],[42,-58],[5,-28],[-15,-22],[-26,-5],[-34,21],[-14,-18]],[[29520,26348],[-91,6],[-10,10],[-5,52],[-20,53],[-26,44],[-20,-19],[-6,-59],[-18,-22],[-51,-11],[-20,-30],[-48,34],[-51,-18],[-5,23],[27,13],[9,58],[-19,9],[-61,-25],[-21,10],[-7,128],[-22,1],[-72,-161],[-17,-3],[-56,38],[5,26],[27,37],[-13,61],[-30,15],[-35,-64],[18,-48],[4,-45],[-24,-26],[-47,6],[-15,36],[-44,23],[-88,-14],[-36,-52],[-22,-10],[-33,6],[-44,-10],[-14,21],[7,51],[58,38],[12,27],[-11,62],[-37,46],[-55,1],[-120,-23],[-21,-9],[-30,-42],[-26,-5],[-55,14],[-39,-49],[-77,-32],[-31,10],[0,44],[-15,27],[-55,25],[-80,-9],[-31,17],[-25,31],[-33,60],[-42,96],[-1,100],[27,65],[7,57],[-24,28],[-39,12],[-25,20],[-28,47],[-24,24],[-4,51],[15,8],[35,-12],[23,43],[23,18],[45,-17],[34,11],[1,49]],[[25448,28488],[210,-4],[4,196],[6,157],[6,392]],[[25674,29229],[5,200]],[[25679,29429],[65,20],[72,48],[16,67],[44,86],[70,-53],[41,1],[28,42],[24,6],[39,-17],[57,27],[45,5],[5,236],[6,381],[11,332]],[[26202,30610],[117,-2],[166,4],[167,1],[338,-13],[193,-2],[370,-10]],[[27621,28447],[-332,6],[2,66],[-38,-11],[-21,14],[-65,-37],[-13,-42],[-29,-2],[-72,19],[-16,-25],[-52,-19],[-15,-24],[-48,-4],[-15,-25],[19,-32],[50,-19],[35,-38],[-34,-49],[-106,-62],[-60,-45],[-75,-70],[-32,-18]],[[26704,28030],[-8,36],[-30,15],[-29,-5],[-31,25],[-34,-10],[-71,65],[-11,-30],[-27,8],[-5,-28],[-34,-16],[-16,30],[-26,-16],[-33,-1],[-24,22],[-28,-10],[-17,-24],[-21,7]],[[26259,28098],[-59,-88],[3,-35],[-26,-89],[-62,-10],[-12,-27],[-33,-8],[-41,62],[-22,-10]],[[2539,30622],[35,-37],[44,-29],[21,-28],[1,-26],[38,0],[42,60],[2,44],[18,52],[44,-24],[28,2],[33,35],[50,11],[123,-39],[15,-36],[31,-35],[9,-41],[46,-18],[19,32],[27,8]],[[3165,30553],[17,-23],[33,-15],[28,-40],[19,-65],[-9,-44],[-15,-27],[-36,-20],[-17,-30]],[[3185,30289],[29,-92],[7,-87],[-30,-42],[19,-34],[32,0],[21,-30],[40,-25],[53,32],[17,-15],[44,5],[31,-17],[6,-23]],[[3454,29961],[-85,-70],[-50,-23],[-259,-128]],[[3060,29740],[-61,-30],[-72,-25],[-154,-29],[-35,3],[-40,21]],[[2698,29680],[-49,26],[-43,14],[-181,24]],[[2425,29744],[5,220]],[[2430,29964],[1,64],[-12,51],[17,110],[7,248],[-14,36],[-38,24],[-36,36]],[[2355,30533],[-16,11],[-62,112],[22,21],[72,32],[106,-45],[17,-33],[45,-9]],[[16757,32126],[28,0],[33,20],[106,-2],[46,-5],[30,-28],[11,-30],[36,-13],[62,22],[41,25],[44,10],[61,-32],[21,-63],[47,-21],[62,20],[74,-19],[35,-17],[17,-53],[26,-30],[47,-28],[-1,-49],[41,-25],[83,-4],[43,9],[235,-8],[10,9],[4,80],[13,13],[43,9],[51,-16],[64,13],[31,26],[11,44],[27,43],[10,63],[-15,51],[-7,63],[15,37],[43,36],[54,10],[70,-21],[34,-67],[51,-54],[86,11],[36,10],[25,-73],[43,-43],[23,-61],[11,-50],[29,-23],[56,1],[21,-13],[5,-30],[65,-2],[16,-72],[-18,-55],[50,-60],[12,-27],[48,-4],[56,29],[16,-30],[-8,-71],[0,-98],[10,-12],[58,-24],[48,0],[39,57],[50,-34],[18,3],[-1,42],[32,53],[47,-13],[84,18],[25,15],[39,3],[42,32],[8,-26],[37,-18],[82,18],[37,-30],[2,-54],[27,-24],[55,-4],[40,15],[23,-31],[52,-34],[84,8],[22,21]],[[20026,31464],[3,-56],[35,-16],[27,-27],[-4,-24],[25,-51],[-15,-37],[15,-31],[-18,-50],[-1,-168],[23,-101],[2,-90],[23,-66],[36,-140],[15,-75]],[[20192,30532],[-49,-24],[-14,-35],[-23,-15],[-61,1],[-25,-10],[-10,-36],[6,-48],[-24,-47],[-10,-59],[-16,-21],[-104,-66],[-74,-22],[-10,-16],[-6,-82],[-50,-40],[-51,-21],[-56,-52],[-32,-97],[-12,-59],[-56,-117]],[[19515,29666],[-490,15],[-658,22],[-111,1]],[[18256,29704],[-109,0],[-117,4],[-318,6],[-334,12],[-326,8],[-164,7],[-329,7],[-166,2]],[[16393,29750],[7,354],[8,692],[332,-6],[9,353],[2,317],[5,379],[1,287]],[[20192,30532],[23,-72],[75,-2],[46,11],[23,22],[31,-21],[154,38],[66,49],[85,19],[98,-36],[31,3],[93,58],[91,5],[70,54],[182,110],[87,43]],[[21347,30813],[235,111],[81,34],[28,31],[84,50],[95,27],[153,12]],[[22023,31078],[-5,-248],[-2,-174],[-34,1],[-19,-1142],[-21,-967]],[[21942,28548],[-623,17]],[[21319,28565],[-743,23],[-274,10],[-482,8]],[[19820,28606],[6,177],[3,354],[8,354],[1,169],[-323,6]],[[16775,32889],[154,-2]],[[16929,32887],[399,-11],[122,-2],[423,-14],[224,-5],[335,-15],[5,463],[7,414],[168,-7],[330,-2],[163,-2],[168,1],[165,-7],[485,-3],[497,-7]],[[20420,33690],[-6,-350],[-5,-394],[-4,-134],[162,-6],[162,-2],[519,-18]],[[21248,32786],[41,-100],[14,-9],[87,4],[38,-84],[-14,-24],[-48,-39],[-67,-4],[-27,-44],[35,-16],[55,21],[36,-33],[83,-37],[9,-60],[-14,-77],[-40,-67],[-49,-57],[-33,-21],[-33,-5],[-49,-24],[16,-38],[32,-33],[-8,-44],[-23,-17],[-34,11],[-35,-36],[-80,-32],[-51,-50],[-34,11],[-26,-12],[-40,-36],[-68,-24],[-23,17],[-49,7],[-10,-65],[-18,-16],[-102,-17],[-17,-23]],[[20702,31713],[-13,-34],[-25,-9],[-18,-47],[-35,-10],[-72,-47],[-33,-58],[-59,-19],[-121,-85],[-52,-1],[-51,8],[-49,-7],[-55,7],[-40,16],[-53,37]],[[16757,32126],[8,240],[2,174],[8,349]],[[20175,20180],[251,-10]],[[20426,20170],[-25,-43],[-10,-66],[-30,-16],[0,-67],[7,-20],[-27,-81]],[[20341,19877],[-80,-26],[-99,-50]],[[20162,19801],[6,153]],[[21585,21572],[88,-6],[34,-11]],[[21707,21555],[4,-3]],[[21711,21552],[0,-14],[53,-148]],[[21764,21390],[-142,5],[-20,11]],[[21602,21406],[-19,31],[2,135]],[[4168,40733],[61,-5],[2,-13],[95,-14],[1,37],[20,39],[24,14],[37,0],[44,21],[41,-1],[-3,-175]],[[4490,40636],[-2,-87]],[[4488,40549],[-258,7]],[[4230,40556],[-76,2]],[[4029,40302],[26,122],[22,136]],[[4230,40556],[92,-40]],[[4322,40516],[-3,-98],[-36,20],[7,-58],[-139,5],[-1,-87]],[[4150,40298],[-121,4]],[[2698,29680],[-32,-87],[-18,-38],[-31,-37],[-52,-33],[-104,-50]],[[2461,29435],[0,58],[-39,123],[3,128]],[[21796,21698],[46,0],[27,34],[51,-1]],[[21920,21731],[-5,-33],[-42,-89],[-3,-90],[-48,-24]],[[21822,21495],[-67,22],[-44,35]],[[21711,21552],[48,69],[37,77]],[[16078,7088],[80,-48],[78,0],[48,-59],[37,-8],[50,-45],[18,13],[2,85],[72,-5],[100,6],[66,30],[9,-5]],[[16638,7052],[-18,-17],[-1,-36],[30,-23],[40,0],[51,-26],[16,12],[-1,41],[28,12],[30,-13]],[[16813,7002],[-114,-156],[-51,-16],[-4,-26],[-50,-66],[-22,-52],[-131,-131],[-90,-107],[-26,-14]],[[16325,6434],[-20,7],[-411,16],[-31,6],[10,102],[-37,160]],[[15836,6725],[14,16],[51,167],[34,49],[142,57],[1,74]],[[14041,9351],[64,2],[39,-10],[29,17],[29,-20],[21,28],[29,15],[3,34],[-13,25],[51,18],[15,-20],[44,48]],[[14352,9488],[23,-27],[57,2],[-6,-33],[49,-21],[7,-29],[54,-36],[34,2],[29,30],[18,-14],[-9,-31],[23,-40],[40,-17],[23,29],[40,-37],[44,35],[25,-3],[67,33],[25,-4],[31,41],[75,7],[18,-17],[61,-2],[24,72],[29,-9],[24,20],[27,49],[20,-12],[43,21],[24,-14],[13,23],[38,9],[13,21],[47,26],[36,-2],[22,51],[21,-21],[39,17],[18,31],[22,-17],[25,9],[-4,25],[17,32],[-7,23],[10,60],[57,11],[-8,28],[14,51],[32,38],[19,-35],[-17,-41],[22,-17],[26,50],[41,35],[49,-37],[9,-37],[21,-9],[27,-35],[88,-42],[9,-25]],[[15970,9705],[6,-38],[71,-81],[49,-30],[39,28],[34,-15],[15,-22],[85,-20],[53,-55],[19,-40],[3,-61],[-8,-25],[-46,-60],[-19,10],[-13,86],[-14,19],[-28,5],[-48,-22],[-28,-57],[-24,-27],[2,-25],[37,-88],[0,-58],[-37,-47],[-37,-6],[-55,29],[-50,-48],[-76,-44],[-9,-46],[21,-15],[24,-42],[-13,-74],[12,-27],[36,-34],[7,-24],[-25,-41],[1,-37],[39,24],[39,12],[53,-33],[-4,-41],[-16,-17],[-41,-14],[-16,-26],[-5,-80],[6,-24],[37,-38],[11,-57],[-8,-25],[30,-78],[5,-45],[36,-57],[6,-37],[23,-52],[19,-16],[50,-15],[41,-72],[40,-33],[11,-25],[-4,-55],[37,-60],[7,-50],[16,-26],[26,2],[38,51],[43,-3],[27,-32],[-1,-26],[-34,-41],[-8,-29],[11,-66],[18,-24],[78,-52],[-2,-25],[-55,-18],[-37,-60],[-3,-29],[21,-16],[107,17],[-4,-80],[-21,-6],[-24,39],[-17,-23],[20,-40],[-3,-26]],[[16546,7246],[-10,-39],[-21,-9],[2,-51],[-29,21],[-162,4],[-66,26],[-40,1],[-28,-19],[-62,-16],[-88,-52],[36,-24]],[[15836,6725],[-8,-2],[-420,-40],[-89,-34],[-31,2],[-224,81],[-99,4],[-137,-20],[-27,-7],[-60,-44],[-48,-14],[-96,-63],[-29,-6],[-108,5],[-43,-37],[-55,-2],[-63,41],[-81,8],[-17,10],[-58,63],[-29,14],[-148,12]],[[13966,6696],[23,674],[2,140],[7,212],[9,366],[5,163],[19,774],[10,326]],[[16546,7246],[11,-16],[64,-3],[21,-10]],[[16642,7217],[38,-26],[30,-37],[-6,-39],[-31,-9],[-8,-34],[-27,-20]],[[16813,7002],[67,0],[30,-34],[1,-84],[23,-40],[8,-44],[43,-29],[52,-4],[29,-30],[5,-29],[-31,-63],[8,-35],[38,-47],[3,-30]],[[17089,6533],[-8,-68]],[[17081,6465],[-23,34],[-5,57],[-33,-10],[-22,-26],[-17,12],[-1,33],[12,37],[-8,31],[-30,-6],[-15,-27],[-24,8],[-29,-9],[-71,18],[-14,-13],[-21,-78],[19,-70],[-24,-51],[-39,-27],[-20,-48],[4,-34],[-15,-27],[-64,-55],[-5,-25],[-49,-32],[-19,-60],[-57,-77],[-8,-48]],[[16503,5972],[-70,17],[-24,17],[-35,56],[4,88],[18,87],[-11,62],[3,138],[-49,-9],[-14,6]],[[1636,29611],[87,94],[41,23],[38,8],[132,13],[31,-7],[49,-30],[52,-9],[41,8],[51,37]],[[2158,29748],[46,31],[24,1],[197,-36]],[[2461,29435],[-38,-19],[-40,-2],[-34,-28]],[[2349,29386],[-61,51],[-86,102],[-54,39],[-92,16],[-101,-9],[-45,-13],[-50,-30],[-48,-53],[-31,-63],[-5,-66],[21,-109],[9,-76],[-3,-50],[-18,-81],[-52,-139]],[[1733,28905],[-82,581],[-15,125]],[[3060,29740],[5,-33],[-51,-28],[-3,-101]],[[3011,29578],[-92,-66],[-37,-9],[-74,-6],[-31,-10],[-43,-33],[-33,-40],[-39,-24],[-168,-51],[20,-22],[-25,-34]],[[2489,29283],[-140,103]],[[3011,29578],[-14,-637],[42,-13],[-11,-105],[-21,-59],[-40,-56],[-59,-47],[1,-120],[97,-32],[14,-9],[2,-40],[-60,-88]],[[2962,28372],[-60,47]],[[2902,28419],[-117,102],[-64,44]],[[2721,28565],[-89,26],[-53,24],[-43,45]],[[2536,28660],[-28,71],[-6,59],[15,44],[72,126],[16,61],[-2,61],[-32,93],[-61,88]],[[2510,29263],[-21,20]],[[43596,35393],[40,0],[0,64],[69,5],[12,-38],[72,-3]],[[43789,35421],[-7,-50],[2,-158],[-67,2]],[[43717,35215],[-39,9],[-82,0],[0,169]],[[31126,32401],[81,-1],[32,10],[118,-3],[64,35],[14,-3],[-62,-118],[26,-42]],[[31399,32279],[12,-47],[-23,-35],[23,-53],[-10,-62],[28,-33],[16,-39],[-19,-78],[6,-27],[24,-12],[52,-54],[35,-19],[17,-50],[12,-7],[-5,-77],[-14,-16],[23,-44],[-30,-35],[6,-19],[-54,-69]],[[31498,31503],[-25,-68],[-25,-38],[-47,-19],[-12,-29],[-47,-8],[-22,-24],[22,-18],[20,-40],[18,-100],[46,-147],[0,-39],[-316,3]],[[31110,30976],[-2,6],[0,249],[33,63],[20,88],[-10,38],[1,58],[-38,3],[-4,213],[-7,21],[3,264],[34,23],[7,27],[24,10],[20,39],[-9,25],[8,34],[-4,65],[-35,29],[0,35],[-35,58],[10,77]],[[30375,32250],[81,-23],[111,-15],[152,-31],[48,-37],[50,8],[-2,25],[82,10],[2,44],[15,54],[41,44],[26,41],[0,30],[145,1]],[[31110,30976],[-2,-142],[-110,-182],[-30,22],[12,40],[-62,23],[-26,-27],[-37,-3],[-9,-39],[-17,-19],[-41,17],[-46,-79],[-39,19]],[[30703,30606],[29,35],[19,64],[8,125],[13,39],[38,50],[46,83],[5,36],[-18,38],[-18,12],[-70,21],[-63,26],[-54,41],[-27,29],[-20,56],[0,31],[65,72],[34,92],[41,72],[32,8],[49,-30],[74,-30],[24,20],[1,120],[16,56],[-5,60],[-26,61],[-30,17],[-12,70],[-19,24],[-66,0],[-14,-51],[28,-33],[60,-20],[32,-37],[-19,-52],[-29,-34],[-26,-1],[-42,16],[-35,1],[-39,-13],[-27,4],[-31,28],[-1,19],[33,92],[7,42],[-45,26],[-36,-6]],[[30585,31885],[-21,36],[9,57],[-63,-2],[-21,27],[-54,15],[-30,28],[-1,47],[19,28],[10,42],[-14,32],[-66,-4],[-11,23],[33,36]],[[28164,30565],[163,-8],[419,-16],[411,-14],[487,-7],[491,-3],[3,259],[1,780],[3,335]],[[30142,31891],[51,22],[34,6],[33,-11],[49,-47],[30,-14],[38,9],[61,31],[97,-30],[37,8],[13,20]],[[30703,30606],[-48,-19],[-27,6],[-115,75],[-45,-7],[-25,-29],[-29,-67],[8,-156],[6,-52],[13,-31],[59,-63],[3,-36],[-40,-72],[-87,-98],[-36,-27],[-45,-1],[-33,24],[-14,28],[-38,134],[-44,-16],[-36,-52],[-29,-61],[-5,-71],[11,-37],[22,-31],[105,-64],[57,-51],[66,-74],[40,-23],[42,-11],[58,9],[19,-9],[14,-64],[-24,-72],[-47,-34],[-27,2],[-39,28],[-96,90],[-23,-3],[0,-52],[44,-86]],[[30318,29533],[25,-72]],[[31723,34917],[172,-2],[219,0],[163,2],[237,-14],[174,-13],[441,-28],[134,-5]],[[33263,34857],[-4,-199],[-14,-597],[-5,-275],[-1,-364],[-10,-200],[-6,-324]],[[33223,32898],[-179,4],[-360,14],[-313,9],[-137,1],[-22,4],[-152,3],[-1,-136],[-9,-55],[-62,-18],[-54,-45],[-29,-40],[-93,-7],[-50,-22],[-17,-46],[-72,-52],[-34,1],[-28,-32],[-30,-14],[-39,8],[-31,-48],[-31,-25],[-25,-2],[-15,-56],[-21,-2],[-20,-63]],[[30375,32250],[10,33],[-38,13],[-58,57],[55,25],[2,100],[-29,45],[-44,26],[-8,16],[-5,72],[35,37],[-13,43],[14,28],[31,10],[12,24],[-6,71],[27,25],[29,-25],[-8,-50],[26,-33],[24,12],[18,34],[35,35],[-13,65],[10,22],[34,21],[11,27],[-5,57],[-49,46],[1,21],[35,26],[34,60],[69,17],[7,25],[-15,51],[17,18],[59,-1],[5,31],[-20,29],[-4,30],[27,26],[93,6],[77,-15],[21,22],[-23,52],[25,24],[73,0],[3,27],[-32,-2],[-31,50],[-2,30],[42,17],[20,27],[-8,38],[13,35],[33,10],[51,-56],[38,47],[38,8],[38,38],[34,19],[54,7],[25,17],[-9,40],[-28,11],[-76,-3],[-17,32],[16,59],[17,1],[18,-32],[32,3],[33,40],[42,14],[61,-7],[50,3],[17,15],[-10,31],[-49,5],[-22,53],[8,20],[50,-2],[3,26],[-38,9],[-34,34],[-59,3],[-15,53],[13,18],[55,2],[34,-20],[28,10],[29,34],[12,60],[23,27],[49,32],[70,26],[41,-1],[19,28],[-16,17],[-29,-1],[-39,-35],[-40,28],[25,67],[52,10],[35,58],[-45,64],[-3,61],[-33,64],[5,40],[33,7],[30,-40],[0,-47],[16,-35],[33,0],[-46,134],[53,17],[57,-13],[2,31],[-35,27],[36,19]],[[5464,5653],[201,55],[-4,-167],[-17,-73]],[[5644,5468],[-183,3]],[[5461,5471],[3,182]],[[15203,20217],[1,118],[86,-1],[1,199]],[[15291,20533],[39,-27],[31,-8],[40,6],[18,-29],[20,-2],[25,28],[50,-29],[43,-12],[86,-74],[12,-37],[-56,-68],[11,-22],[42,2],[23,-12],[38,15],[3,-72],[-31,-35],[-37,-98]],[[15648,20059],[-17,-61],[-53,-68],[-4,-20],[13,-53],[-3,-48],[-59,-59]],[[15525,19750],[-77,-3],[-94,8],[-159,4],[0,127]],[[15195,19886],[7,227],[1,104]],[[18998,18790],[13,9]],[[19011,18799],[324,267]],[[19335,19066],[26,12],[130,5],[31,41],[189,-5]],[[19711,19119],[-14,-39],[-8,-213],[-7,-35]],[[19563,18807],[-59,-4],[-46,-30],[-43,-15],[-43,13],[-186,4],[-68,8],[-120,7]],[[18525,18743],[-5,-18],[26,-37],[29,-69],[41,-20],[45,-9],[84,-96],[12,-24]],[[18757,18470],[3,-36],[26,-33],[2,-32],[24,-21],[34,35],[35,-6],[33,25],[11,-27],[38,-22],[16,24],[37,-23],[8,-35],[35,30],[18,-21],[-36,-68],[-19,-70],[16,-18],[-37,-38],[-31,-5],[-3,-26],[18,-35],[-25,-64],[10,-33],[-38,-17],[15,-48],[-21,-13],[-5,-93],[-31,-24],[-42,-9],[-14,-45],[20,-8],[26,-83],[-55,-23],[-7,-48]],[[18818,17560],[-15,-15],[-59,-29],[-7,-46],[7,-43],[-37,-67],[-45,-51],[-40,-34],[-47,4],[-49,-52],[-31,-57],[0,-40],[44,-32],[23,-5],[4,-38],[-46,2],[-28,-10],[-61,3]],[[18431,17050],[-27,34],[-46,24],[-9,33],[-26,30],[-39,94],[-47,20],[-21,27],[-2,63],[-15,128],[20,86],[20,47],[15,100],[5,122],[-1,55],[22,32],[42,15],[16,61],[-21,24],[-7,64],[12,43],[2,53],[-8,33],[2,84],[-35,64],[-4,80],[27,20],[5,30],[33,58],[62,11],[16,16],[12,43]],[[18431,17050],[-347,13]],[[18084,17063],[-163,3],[11,706],[-166,8],[-299,2]],[[18990,19097],[65,45],[16,-10],[98,-4],[151,-2]],[[19320,19126],[0,-30],[15,-30]],[[19011,18799],[-8,33],[-22,2],[1,45],[-14,62],[30,25],[3,109],[-11,22]],[[18757,18470],[186,138],[-14,36],[7,17],[-10,43],[3,88]],[[18929,18792],[69,-2]],[[19355,17542],[-310,9],[-227,9]],[[19012,19150],[40,38],[69,82],[62,36]],[[19327,19378],[4,-20],[-11,-232]],[[18990,19097],[-11,27]],[[18681,18875],[6,-3],[167,-7],[-2,-70],[77,-3]],[[21486,21044],[27,31],[63,32]],[[21576,21107],[-4,-50],[44,-2],[97,-17],[-13,-83]],[[21700,20955],[-97,16],[-3,-65]],[[21600,20906],[-108,4],[-18,-6]],[[21474,20904],[-10,81],[22,59]],[[21764,21390],[17,-44]],[[21781,21346],[-83,3],[-8,-78],[-9,-37],[15,-12],[-24,-48]],[[21672,21174],[-77,27]],[[21595,21201],[-62,62],[-54,114]],[[21479,21377],[23,20],[41,-45],[59,54]],[[21686,21881],[-4,-25]],[[21682,21856],[-41,-21],[-10,-50],[-39,-35],[8,-34],[-53,-10]],[[21547,21706],[-4,89],[-157,4],[0,44],[-49,2]],[[21337,21845],[-2,4]],[[21335,21849],[13,29],[36,12],[21,25],[63,0],[28,-17],[57,-14],[133,-3]],[[40807,26667],[1,66],[13,20],[69,5],[10,56],[89,-3]],[[40989,26811],[54,-144]],[[41043,26667],[8,-42]],[[41051,26625],[-42,-9],[-2,-80],[-61,0],[-79,54],[-62,2]],[[40805,26592],[2,75]],[[41051,26625],[57,-319]],[[41108,26306],[-304,152],[1,134]],[[5453,5042],[61,18],[9,-32],[90,-1],[76,-30]],[[5689,4997],[83,-77],[0,-56],[-53,-46],[-56,-35],[-94,21],[-38,-26]],[[5531,4778],[-76,69],[-5,15],[3,180]],[[5332,5131],[52,32],[70,-1]],[[5454,5162],[22,-1]],[[5476,5161],[-49,-61],[26,-58]],[[5531,4778],[-12,-14],[-35,-2],[-20,-37],[18,-86],[-150,1]],[[5332,4640],[0,491]],[[3615,39707],[4,246],[13,15],[-9,82]],[[3623,40050],[-1,84]],[[3622,40134],[190,-4],[0,-44],[118,-3],[64,18]],[[3994,40101],[11,-46]],[[4005,40055],[-2,-53],[-25,-13],[-4,-169],[-6,-43]],[[3968,39777],[-154,2],[-10,-3],[-2,-129],[-134,4],[-49,-25]],[[3619,39626],[-4,81]],[[5332,5341],[127,-3]],[[5459,5338],[-5,-176]],[[5332,5131],[0,210]],[[5476,5161],[216,-3]],[[5692,5158],[-3,-161]],[[22075,21695],[26,-16],[71,-65],[24,-9]],[[22196,21605],[-38,-52],[-33,-73],[-36,-24]],[[22089,21456],[-47,2]],[[22042,21458],[22,52],[22,34],[-26,73],[15,78]],[[22544,23297],[115,22],[65,23]],[[22724,23342],[-7,-78],[8,-95],[-31,-47],[-57,-30]],[[22637,23092],[-2,-116],[56,-53],[12,-29],[-11,-84]],[[22692,22810],[-61,-97],[-48,-15],[-40,9],[-32,-6],[-29,-58]],[[22482,22643],[-16,2],[6,216],[-13,20],[-44,19],[12,59],[-17,40],[-18,11],[0,95],[78,11],[-10,56],[-15,37],[55,9],[52,53],[-8,26]],[[21987,23275],[169,-4]],[[22156,23271],[123,-5],[24,62],[58,18],[29,-1],[42,-23],[112,-25]],[[22482,22643],[-27,-87]],[[22455,22556],[-11,-55]],[[22444,22501],[-23,43],[-57,12],[-34,-18],[-26,24],[-5,26],[-36,21],[-39,3],[-50,22],[-24,41],[-34,6],[-50,24],[-60,11],[-31,16]],[[21975,22732],[7,412],[5,131]],[[22637,23092],[121,48],[230,78],[0,9],[165,58],[43,0],[13,-44],[-2,-70],[11,-17],[167,-99]],[[23385,23055],[-43,-115],[-14,-20],[-4,-84],[-31,-50]],[[23293,22786],[-9,-14],[-155,7],[-86,11],[-1,33],[-93,1],[-7,-106],[-233,6],[3,85],[-20,1]],[[21851,21114],[39,-11],[167,-21],[92,-5],[150,-14],[54,-17]],[[22353,21046],[82,-37],[75,-60]],[[22510,20949],[18,-16],[72,-96]],[[22600,20837],[-43,-4],[-87,46],[-20,0],[-12,-27],[0,-40],[-36,-67],[-29,-20]],[[22373,20725],[-58,22],[-56,-13],[-62,-1],[-130,6],[-51,-9],[-34,-33],[-47,-18],[-14,37],[-25,6]],[[21896,20722],[28,65]],[[21924,20787],[-2,21],[4,158],[-30,59],[-47,2]],[[21849,21027],[2,87]],[[21547,21706],[-1,-89],[41,-1],[-2,-44]],[[21585,21572],[-124,2],[0,-40],[-42,-2]],[[21419,21532],[-35,32],[-81,23],[-84,4]],[[21219,21591],[-1,82],[5,86],[-1,89],[115,-3]],[[21051,22225],[30,-161],[24,-51],[25,-22],[152,-88],[53,-54]],[[21219,21591],[-85,0]],[[21134,21591],[-31,1],[-121,26],[-54,30],[-40,30],[-84,29],[-7,19]],[[20797,21726],[-8,78],[-14,60],[-37,64],[-44,34],[-46,12]],[[20648,21974],[3,27],[83,-31],[2,65],[-75,26],[-45,38],[-42,19]],[[20574,22118],[1,49],[81,-4],[2,44],[41,0],[1,45],[123,-5],[52,2],[76,-29],[44,12],[56,-7]],[[21352,21139],[240,-12]],[[21592,21127],[-16,-20]],[[21486,21044],[-136,13]],[[21350,21057],[2,82]],[[22322,22388],[-7,-42],[12,-58],[-9,-30],[0,-49],[14,-54],[0,-32]],[[22332,22123],[-194,5]],[[22138,22128],[2,161],[76,99],[106,0]],[[20523,22286],[28,75],[6,31],[2,92],[39,90]],[[20598,22574],[12,67],[26,44],[16,52],[45,-1],[49,14],[18,16]],[[20764,22766],[65,-81],[44,-78],[33,-37],[108,-98],[21,-56],[16,-191]],[[20574,22118],[-13,55],[-43,92],[5,21]],[[19185,21065],[41,-3],[83,-28],[89,-20],[121,-4],[29,24],[74,-23],[46,9],[122,-39],[4,43],[26,-14],[27,15],[37,51],[17,9],[3,42],[0,134],[21,3]],[[19925,21264],[30,-15],[128,-15]],[[20083,21234],[68,-21]],[[20151,21213],[17,-35],[30,-10],[53,-73],[53,-41]],[[20304,21054],[-41,-2],[-34,-21],[-10,-53],[-30,-24],[-2,-23],[-29,-30],[21,-19],[-9,-24],[10,-62],[90,-54],[16,-37],[1,-50],[-34,-19],[22,-44]],[[20275,20592],[-31,-12],[-124,27],[-44,1],[-7,-36]],[[20069,20572],[-17,-3],[-94,35],[-145,111],[-331,18],[-64,-5],[-45,38],[-106,20],[-34,32],[-55,9]],[[19178,20827],[7,238]],[[20275,20592],[31,18],[124,-2],[25,3]],[[20455,20611],[-4,-153],[15,-21],[41,0],[40,-79],[29,-21],[13,-33]],[[20589,20304],[-12,-30],[-43,-20],[0,-22],[-29,-30],[-23,8],[-56,-40]],[[20120,20181],[7,205],[-31,69],[7,37],[-15,60],[-19,20]],[[21122,21149],[220,-9]],[[21342,21140],[10,-1]],[[21350,21057],[-20,1]],[[21330,21058],[-70,0],[-84,7],[-55,-2]],[[21121,21063],[1,86]],[[19746,21863],[116,-11],[108,-37],[55,-44],[54,-4]],[[20079,21767],[-3,-125],[-6,-30],[9,-37],[-11,-22],[-50,-38],[20,-55],[-38,-27]],[[20000,21433],[-13,33],[-31,33],[-50,25],[-12,22],[2,44],[17,52],[-9,33],[-28,26],[-9,47],[-53,32],[-44,19],[-21,29],[-3,35]],[[20033,21364],[85,29]],[[20118,21393],[13,-37],[37,6],[34,-10],[15,-22],[32,-6],[27,-31],[40,7]],[[20316,21300],[-10,-44],[10,-68]],[[20316,21188],[-49,-7],[-42,28],[-33,-12],[-41,16]],[[20083,21234],[-17,67],[-33,63]],[[20304,21054],[204,-9]],[[20508,21045],[-4,-153],[-12,-24],[10,-87]],[[20502,20781],[-11,-56],[6,-73],[-28,-11],[-14,-30]],[[21133,21544],[-6,-199]],[[21127,21345],[-90,0],[-49,32]],[[20988,21377],[32,16],[5,49],[23,18],[2,87],[83,-3]],[[20128,22985],[-9,-37],[19,-53],[62,-95],[32,-30],[48,-62],[56,-12],[0,-85],[64,0],[17,-17]],[[20417,22594],[-58,-26],[-30,-54],[14,-23],[44,-37],[-15,-75],[8,-28],[33,-19],[36,-39],[23,-3]],[[20472,22290],[-10,-33],[-46,2],[-16,-34],[14,-27],[42,-42],[29,-81],[41,-45],[71,-14],[19,-37]],[[20616,21979],[-38,0],[-66,-21],[-38,3],[-60,48],[-34,50],[-21,48],[-30,41],[-77,79],[-14,21]],[[20238,22248],[-17,48],[-60,73],[-24,62],[24,50],[8,46],[15,35],[-13,58],[4,39],[-22,64],[-20,38],[9,66],[-28,121],[14,37]],[[20656,21131],[83,-16],[47,30],[54,3]],[[20840,21148],[1,-1]],[[20841,21147],[-5,-31],[-6,-211]],[[20830,20905],[-64,7],[2,17],[-60,33],[2,74],[-50,2]],[[20660,21038],[-4,93]],[[20472,22290],[51,-4]],[[20648,21974],[-32,5]],[[26105,8059],[13,-176],[184,-16],[-2,-60],[-38,-113],[-1,-43],[-27,2],[-6,-87]],[[26228,7566],[-7,-50],[-1,-108],[-4,-21],[-80,-264],[-3,-513],[-4,-35],[-73,-178]],[[26056,6397],[-198,17],[-34,69],[-4,38],[-40,46],[-15,30],[-35,3],[2,45],[40,42],[3,172],[-3,89],[-74,73],[-80,54],[-80,8],[-45,-7],[-26,8],[55,40],[26,6],[11,34],[32,39],[35,16],[38,-2],[40,25],[1,83],[55,38],[39,-3],[35,37],[17,-3],[30,43],[14,42],[-42,147],[-5,48],[14,14],[-4,40],[-26,49],[-71,43],[-45,70],[-82,33],[-36,28],[-93,14],[-31,35],[40,3],[7,15],[69,-4],[44,-27],[25,28],[60,8],[7,-17],[43,11],[20,-10],[61,19],[42,45],[94,-51],[24,-8],[-2,58],[97,-11]],[[26346,8290],[14,-35],[38,2],[30,-16],[24,-35],[30,-69],[38,-29],[56,-6],[10,17],[34,2],[15,25],[27,-4],[27,18],[59,12],[42,-25],[41,-12],[55,24],[15,-19],[25,6],[24,28],[60,1],[13,17],[67,14],[22,-18],[109,6],[18,17],[-4,29],[44,17],[13,-12],[38,17],[54,6],[13,61],[60,59],[30,21],[64,26],[14,17],[2,139],[9,19],[66,59],[31,62],[53,7],[53,46],[31,-2],[-1,-131],[-6,-71],[-14,-36],[13,-47],[-10,-37],[26,-28],[90,-17],[16,-50],[-7,-39],[10,-35],[2,-59],[-38,-37],[-21,-56],[-18,-12],[-4,-69],[22,-64],[0,-23],[-52,-66],[-38,-28],[-115,-111],[-31,-19],[-53,-12],[-118,-35],[-52,-2],[-76,-23],[-144,-20],[-50,18],[-51,-23]],[[27090,7650],[-38,-17],[-37,13],[-31,-12],[-108,-27],[-141,-18],[-284,-41],[-223,18]],[[26105,8059],[-22,293],[84,-20],[65,21],[38,-24],[38,0],[18,-31],[20,-8]],[[27090,7650],[5,-335],[-1,-141],[110,-22],[77,-89],[-29,-9],[-2,-233],[-159,27],[0,-127],[11,-11],[58,-1],[9,-8],[-2,-243],[-45,-15],[-70,-13],[-109,-49],[-14,-20],[0,-182],[-160,-30],[-167,0]],[[26602,6149],[-3,92],[-24,24],[-50,102],[-93,1],[-248,18],[-128,11]],[[24229,6134],[60,27],[-5,31],[-41,0],[10,44],[-44,36],[-10,41],[12,44],[137,-1],[160,1],[-2,176],[3,176],[0,350],[-1,288]],[[24508,7347],[2,244],[-1,176],[2,351],[-1,176],[1,177]],[[24511,8471],[1,356],[-1,172],[0,529]],[[24511,9528],[303,0],[162,-3],[319,3],[165,-1],[320,2]],[[25780,9529],[331,1],[319,2],[176,0]],[[26606,9532],[-5,-63],[20,-62],[-15,-233],[37,-104],[-9,-92],[0,-45],[-10,-64],[-36,-42],[-9,-51],[-14,-35],[-39,-41],[-21,-52],[-71,-72],[-20,-29],[-10,-55],[2,-58],[-26,-69],[-34,-52],[0,-23]],[[26602,6149],[-3,-129],[6,-124],[-28,-63],[-18,-64],[7,-83],[-2,-104],[-38,0],[-4,-88],[-3,-258],[-29,-174],[-10,-86],[-2,-159],[10,-20],[7,-85]],[[26495,4712],[-58,-1],[-167,9],[-350,8],[-44,4],[-224,4],[-193,8],[-310,2],[-287,7],[-484,14]],[[24378,4767],[-43,89],[-49,69],[-17,50],[2,26],[25,52],[-13,62],[43,76],[33,32],[-23,23],[-8,45],[-32,-2],[-102,47],[-24,25],[-18,50],[-6,62],[53,82],[-1,35],[20,31],[54,28],[15,22],[-6,47],[-15,30],[-32,14],[-3,24],[-27,53],[10,34],[-3,53],[51,57],[34,15],[-18,70],[-1,38],[-30,7],[-18,21]],[[26606,9532],[318,2],[483,0],[340,-36],[322,-38],[322,-34]],[[28391,9426],[191,-21],[322,-11],[233,-1]],[[29137,9393],[250,-1],[-10,-514]],[[29377,8878],[1,-37],[-6,-381],[-4,-458],[-6,-462]],[[29362,7540],[-4,-254],[8,0],[-8,-518]],[[29358,6768],[-4,-207],[-1,-169],[-4,-151],[29,-89],[1,-60],[-11,-29],[-23,-9],[-1,-151],[-9,-355],[-1,-170],[-7,-282]],[[29327,5096],[-5,-441]],[[29322,4655],[-165,9],[-226,6],[-210,3],[-368,11],[0,-7],[-185,4],[-329,5],[-444,13],[-162,-1],[-508,11],[-230,3]],[[23437,35766],[-45,-34],[-99,-48],[-28,-32],[-21,-70],[-9,-76],[17,-45],[24,-37],[30,-27],[41,-22],[74,-21],[42,-1],[37,13],[112,17],[63,29],[90,64],[81,89],[25,13],[66,0],[27,-16],[44,-49],[15,-54],[7,-71],[-3,-47],[15,-48],[39,-38],[52,-22],[37,5],[67,30],[56,47],[54,65],[23,42]],[[24370,35422],[-2,-50],[63,-59],[-32,-22],[-10,-24],[-42,-10],[-96,-132],[-48,25],[-34,-12],[-18,47],[-18,-52],[-42,14],[-27,-31],[-29,-16],[-1,-40],[22,-9],[15,-31],[28,-3],[-12,-44],[30,-43],[-97,-60],[-45,-93],[17,-72],[-11,-30],[-55,-16],[-53,18],[-39,-11],[-9,-48],[8,-59],[44,-22],[-19,-31],[-80,28],[-12,-12],[23,-33],[-2,-28],[-48,-62],[27,-37],[40,-17],[5,-28],[-33,-44],[-2,-17],[66,-57],[47,-61],[-31,3]],[[23858,34141],[-77,56],[-21,21],[-11,35],[-53,94],[-117,-2],[-42,10],[-11,21],[2,119],[-40,24],[-41,39],[-29,12],[-134,40],[-89,47],[-23,0],[-57,-27],[-38,-6],[-122,-37],[-21,-1],[-163,55],[-59,40],[-96,2],[-45,-11],[-31,7]],[[22540,34679],[-8,14],[26,38],[-17,63],[-44,25],[-80,10],[2,77],[37,3],[44,29],[5,17],[-7,77],[32,41],[22,61],[19,-33],[-7,-31],[35,-15],[18,42],[43,-22],[23,-68],[31,55],[-12,36],[37,16],[-10,45],[25,1],[-8,55],[15,28],[66,-21],[13,57],[-38,11],[-28,31],[-6,23],[-33,-4],[-33,29],[-72,27],[-16,36],[-36,30],[-38,72],[-17,93],[8,25],[-62,91],[-47,16],[13,49],[14,10],[34,77],[17,5],[69,-29],[24,-30],[44,21],[34,-4],[27,20],[-9,21],[8,41],[-38,19],[-19,65],[24,32],[46,-2],[30,40],[33,-28],[53,18],[26,-6],[26,-34],[33,-21],[32,-1],[13,-36],[76,-10],[52,5],[41,-23],[27,10],[25,-69],[-7,-63],[22,-76],[52,-31],[45,5],[37,40],[39,27],[51,56],[6,-68],[15,-23]],[[23858,34141],[110,-107],[7,-49],[43,-78],[30,-37],[64,-29],[57,-4],[95,18],[41,48],[78,-37],[49,-54],[32,12],[15,-46],[48,-44],[127,-83],[17,-47],[48,-19],[96,-47],[47,-82],[58,-50],[26,-12],[46,-65],[58,-48],[6,-17],[-5,-86],[-55,-92],[-63,-54],[-73,-109],[-17,-77],[22,-47],[5,-61],[-16,-44]],[[24854,32694],[-258,3],[-305,7],[-305,9],[-246,5]],[[23740,32718],[24,63],[27,40],[-17,39],[-67,69],[-51,38],[11,45],[-33,76],[-51,-13],[-39,43],[-44,13],[-50,-11],[19,59],[-24,25],[-30,-5],[-14,31],[-33,20],[-14,85],[-12,16],[-57,21],[-36,24],[-25,31],[-21,49],[2,26],[-47,13],[-12,44],[-3,77],[-30,18],[-43,9],[-34,39],[-20,69],[-37,31],[-9,43],[-45,35],[-90,41],[-77,15],[-27,26],[-5,34],[-48,-10],[-18,6],[-42,-24],[-40,-8],[-86,19],[-34,27],[-26,5],[-23,-41],[2,-25],[-19,-17],[-52,5],[-39,37],[-19,47],[-81,40],[-55,-9],[-11,-14],[-40,1],[-12,-21],[29,-41],[-65,-15],[-66,-55],[-33,-5],[-32,16],[-55,4],[-17,-7],[-67,56],[-27,31],[-23,9],[-38,38],[-88,55],[-42,14],[-2,17],[-99,81],[-45,14],[-95,51],[18,30],[3,56],[-8,71],[-15,53],[-16,9],[21,42],[53,-6],[13,10],[33,-62],[23,-12],[45,-1],[72,-21],[56,-47],[97,-2],[31,22],[25,-4],[33,30],[20,40],[67,-29],[48,17],[56,29],[56,8],[1,69],[23,29],[17,-1],[46,-36],[38,19],[50,-12],[38,11],[27,-26],[28,35],[63,21],[32,-10],[41,30],[52,7],[35,33]],[[19439,21976],[50,-38],[42,7],[101,-53],[41,-14]],[[19673,21878],[73,-15]],[[20000,21433],[33,-69]],[[19925,21264],[-27,18],[-79,81],[-66,44],[-38,34],[-58,11],[-141,98],[-66,33],[-18,29],[-25,16],[-11,49],[32,37],[-18,100],[11,34],[-6,38],[24,90]],[[717,38752],[0,44],[84,-2],[4,88],[330,-10]],[[1135,38872],[-10,-436]],[[1125,38436],[-166,4]],[[959,38440],[-163,4],[-86,-1]],[[710,38443],[0,12]],[[710,38455],[7,297]],[[2923,40589],[82,-2]],[[3005,40587],[168,-4]],[[3173,40583],[207,-5]],[[3380,40578],[-5,-262],[84,-2]],[[3459,40314],[84,-2],[-4,-177],[83,-1]],[[3623,40050],[-7,-3],[-203,5],[-3,-175],[-125,3],[3,172],[-373,11],[8,526]],[[27617,33342],[28,-20],[101,-128],[22,-12],[20,-55],[32,-16],[73,-9],[73,25],[54,4],[98,-73],[25,-2],[36,-41],[26,-61],[33,-26],[38,-9],[37,12],[35,-35],[2,-24],[-29,-36],[-24,-51],[-41,-36],[11,-37],[79,-45],[27,-28]],[[28373,32639],[-42,-2],[-1,-41],[18,-81],[-2,-24],[28,-14],[-7,-34],[-31,39],[-9,-39],[-36,-6],[-33,23],[-27,2],[-11,-31],[77,-6],[25,-23],[22,15],[14,-30],[-36,-25],[17,-17],[-11,-27],[-57,-5],[-27,14],[-35,-33],[-23,22],[-60,-81],[-20,-12],[-35,35],[-24,-3],[6,-34],[-15,-21],[-96,25],[-11,23],[-63,12],[-25,25],[-40,17],[0,22],[-50,0],[-33,-21],[-62,2],[-68,-6],[-145,9]],[[27445,32308],[-23,17],[-2,25],[32,102],[0,60],[43,71],[6,228],[44,16],[22,23],[7,56],[80,7],[-1,33],[-17,125],[4,27],[32,24],[-40,14],[-8,18],[-7,188]],[[27692,35514],[216,-3],[342,-9],[235,-4]],[[28485,35498],[278,-12],[331,-8],[174,6],[-7,-356],[-7,-180],[322,-10],[320,-7],[189,-6],[164,0]],[[30249,34925],[182,-1],[353,2]],[[30784,34926],[-14,-63],[-73,-46],[-24,-24],[-9,-53],[6,-40],[63,-47],[14,-40],[7,-51],[-13,-132],[-23,-17],[-130,3],[-52,-47],[-10,-62],[-21,-29],[-104,-37],[-13,-16],[-9,-53],[-3,-62],[-42,4],[-54,25],[-104,102],[-48,25],[-99,20],[-59,-14],[-87,-31],[-53,7],[-73,-31],[-66,-14],[-25,-25],[-31,-1],[-33,-24],[-43,-18],[-64,-5],[-41,-20],[-119,-35],[-49,-55],[-60,-16],[-70,3],[-72,-4],[-71,-17],[-52,-25],[-61,-5],[-86,-46],[-28,-58],[-28,-21],[-101,5],[-19,-12]],[[28638,33824],[4,53],[44,42],[-1,94],[41,14],[4,138],[35,28],[5,46],[-139,5],[-40,-12],[-42,9],[-191,6],[-5,-42],[-57,-6],[-28,-54],[-51,-30],[-156,3]],[[28061,34118],[-62,0],[-21,14],[-124,36],[-32,-8],[-129,9],[-78,-6],[-66,20],[-31,25],[-28,-45],[-51,22],[-2,20],[31,26],[-32,76],[-24,15],[-28,66]],[[27384,34388],[13,23],[2,41],[23,26],[50,30],[-43,39],[21,50],[4,39],[-33,19],[16,41],[-13,57],[31,3],[9,-36],[42,-6],[-10,65],[16,16],[63,-11],[18,33],[-35,47],[58,-2],[-4,40],[49,21],[0,52],[12,50],[-26,19],[2,32],[40,18],[7,24],[-20,22],[-35,67],[30,27],[-30,49],[49,-6],[19,15],[11,41],[-37,26],[-4,31],[21,38],[24,10],[-28,49],[-4,27]],[[25808,33209],[88,-46],[60,-20],[87,-15],[69,-1],[91,11],[77,-17],[52,-4],[80,15],[121,69],[25,11],[106,66],[48,11],[48,-7],[64,-43],[16,-1],[94,17],[29,22],[25,36],[28,68],[16,11]],[[27032,33392],[31,4],[41,-22],[16,-36],[2,-69],[52,-13],[106,68],[72,19],[103,-13],[29,2],[88,21],[45,-11]],[[27445,32308],[0,-57],[10,-27],[29,-20],[-1,-21],[-69,-15],[-11,-33],[-40,-88],[-177,4],[-57,-16],[-121,38],[-8,14],[-42,-10],[-21,-29],[-71,1],[-18,31],[-2,40],[-41,-40],[-40,11],[-18,-25],[-48,-5],[-38,-23],[-10,-38],[-21,-19],[-8,50],[-18,3],[-4,43],[-28,-13],[-23,16],[-16,73],[-16,41],[-19,17],[-80,-15],[-17,-45],[-26,-19],[-51,46],[-12,26],[-45,0],[5,-27],[-29,-17],[-14,17]],[[26229,32177],[6,218],[4,365],[-43,0],[-117,-87],[-281,5]],[[25798,32678],[8,363],[2,168]],[[25684,34642],[483,497],[408,417],[142,-4],[174,-8],[82,-1]],[[26973,35543],[254,-8],[0,-12],[171,-2],[294,-7]],[[27384,34388],[-55,32],[-36,12],[-60,-49],[-25,-54],[-57,-17],[-111,-118],[-52,-7],[-28,4],[-92,-13],[-17,-25],[53,-51],[41,-77]],[[26945,34025],[-17,-42],[-44,-40],[-36,-67],[15,-37],[20,0],[35,-30],[-18,-32],[12,-32],[34,-19],[13,-68],[32,-34],[25,-10],[11,-48],[26,-10],[14,-69],[-19,-10],[-16,-85]],[[25808,33209],[-56,85],[-67,72],[-66,28],[-69,59],[-14,47],[4,111],[-34,95],[-9,43],[1,111],[-14,95],[20,81],[39,77],[29,27],[65,96],[43,127],[2,34],[-10,63],[-1,50],[13,132]],[[4011,30365],[5,33],[36,-1],[1,43],[-82,4],[4,128],[-37,33],[-4,17],[117,-3],[6,5],[-1,124]],[[4056,30748],[49,7],[29,-23],[49,9],[29,-23],[55,-3],[7,-36],[55,-38],[27,-8],[43,29],[61,2],[45,22],[26,3],[24,-22],[65,-1],[28,20],[55,-6],[25,-26],[25,3],[21,36],[31,-8],[26,20],[137,-93],[88,-4],[14,54],[-39,51],[-14,32],[2,115],[-20,15],[1,34],[-32,31],[-4,64],[-37,71],[4,46],[34,48],[30,56],[32,33]],[[5027,31258],[0,-146],[493,-16],[-5,-212],[-46,-29],[-67,-26],[8,-67],[-14,-27],[-33,2],[-8,-30],[5,-45],[-9,-87],[31,-17],[11,-53],[39,-67],[18,-74],[2,-54],[11,-22],[-40,-73],[-39,-29],[-22,4],[-46,-33],[-38,-50],[32,-55],[57,-27],[1,-21],[-23,-34],[-26,1],[-41,-28],[-52,-20],[-23,-31],[-2,-29],[60,-3],[74,-54],[30,-38],[-36,-21],[-46,-58],[-42,-40],[-43,-30]],[[5198,29619],[-45,-29],[-111,-51],[0,-7]],[[5042,29532],[-87,-26],[-25,0],[-81,31],[-99,42],[-76,23],[-40,5],[-66,-11],[-70,8],[-86,-11],[-76,-47],[-45,-36],[-39,-56],[-17,-39]],[[4235,29415],[-55,46],[-24,12],[-100,8],[-55,-4],[-23,17]],[[3978,29494],[-35,43],[6,27],[33,10],[48,62],[4,31],[22,30],[38,11],[81,-16],[8,324],[7,111],[-51,0],[-2,17],[-84,-42],[-9,68],[-37,31],[4,164]],[[3454,29961],[4,-31],[44,-51],[-33,-40],[6,-18],[35,-10],[2,-42],[-7,-52],[35,-29],[21,4],[17,38],[56,-10],[19,-35],[-10,-50],[-21,-27],[28,-24],[47,7],[44,-28],[10,-49],[17,-37],[-12,-12],[-43,-2],[-10,-24],[21,-18],[22,18],[71,6],[54,45],[40,-18],[46,7],[21,15]],[[4235,29415],[0,-31],[39,-84],[52,-58],[102,-85],[58,-112],[20,-81],[7,-74],[-5,-41],[-29,-62],[-42,-42],[-34,-18],[-60,-5],[-111,13],[-68,-2],[-69,-20],[-40,-22],[-63,-52],[-136,-122],[-70,-40],[-91,-33],[-69,-19],[-66,8]],[[3560,28433],[-60,22],[-63,9],[-55,-8],[-71,-42],[-69,-82],[-43,-25],[-39,-11],[-66,3],[-49,15],[-83,58]],[[11351,21043],[4,-704],[-77,0],[-2,-162],[-7,-351],[-3,-494]],[[11266,19332],[-1,-187],[-12,-755]],[[11253,18390],[-55,-9],[-35,12],[-56,-28],[-36,-9],[-25,-40],[-17,1],[-77,-39],[-23,-1],[-99,-39],[-75,-6],[-44,3],[-33,-12],[-79,-4],[-57,-12],[-60,20],[-52,-15],[-43,-33],[-26,1],[-52,-33],[-25,-29],[-26,-5],[-38,20],[-34,-12],[-15,-24],[-84,-23],[-47,3],[-30,18],[-89,-22],[-100,2],[-30,19],[-69,-12],[-39,-24],[-68,-10],[-17,-14],[-42,-2],[-73,9],[-61,48],[-63,41],[-41,20],[-64,1],[-33,13],[-94,19],[-52,1],[-20,23],[-19,51],[-60,11],[-22,-7],[-34,24],[-30,4],[-33,-20],[-25,31],[-77,3],[20,85]],[[8775,18389],[6,15],[81,87],[-30,24],[-6,-33],[-45,-20],[-29,41],[-23,60],[7,58],[-3,51],[-21,48],[26,45],[35,-8],[3,64],[53,26],[17,-24],[-8,-50],[44,-18],[-9,36],[10,31],[52,-19],[29,5],[-26,67],[-1,66],[-33,66],[-29,41],[-19,73],[-1,35],[-25,65],[16,15],[168,2],[72,-21],[154,-5],[36,-5],[35,16],[37,-2],[62,19],[90,-16],[77,3],[31,8],[32,46],[42,21],[35,30],[105,56],[25,23],[78,114],[8,31],[5,145],[6,27],[37,74],[62,55],[21,78],[-20,66],[0,27],[30,42],[16,98],[2,79],[45,89],[64,93],[34,60],[22,55],[6,127],[18,56],[52,205],[29,50],[17,67]],[[6331,16286],[4,184],[1,335],[3,315],[-2,160]],[[6337,17280],[5,400],[9,501],[5,405]],[[6356,18586],[46,3],[48,29],[40,-1],[53,53],[55,-4],[22,-25],[47,4],[50,-134],[-38,-35],[10,-81],[30,-18],[28,-2],[31,-31],[41,-6],[22,-24],[54,9],[28,-31],[25,0],[23,-29],[43,-7],[30,12],[26,27],[8,54],[26,22],[30,51],[58,41],[58,33],[18,24],[17,54],[105,28],[34,-2],[27,14],[50,-6],[52,26],[34,0],[76,-44],[20,-75],[23,2],[60,32],[9,32],[64,-15],[35,-49],[42,-20],[30,13],[30,-4],[-6,-33],[111,-37],[55,10],[22,-25],[57,-12],[23,-16],[108,12],[66,13],[33,-11],[43,2],[129,-8],[20,15],[72,-13],[30,-17],[36,3]],[[11253,18390],[-7,-291],[1,-185],[-4,-174],[-3,-305]],[[11240,17435],[-5,-402],[-3,-176]],[[11232,16857],[-4,-266],[-5,-436]],[[11223,16155],[-163,2],[-489,15]],[[10571,16172],[-497,17],[-159,5],[-210,9]],[[9705,16203],[-277,11],[-218,8],[-433,3],[-322,14],[-335,21],[-167,1],[-163,-2],[-327,1],[-168,-7],[-321,13],[-159,3],[-161,7],[-160,3],[-163,7]],[[6380,20107],[472,-5],[3,177],[-1,128],[82,-1],[3,263],[492,-15],[1,88],[331,-5],[2,173],[326,-3],[5,175],[327,-8]],[[6356,18586],[7,647],[6,356],[11,518]],[[15195,19886],[-70,-46],[-30,3],[-30,-30],[-74,-43],[-33,-4],[-5,-23],[-44,-18],[-40,1],[-1,-26],[-71,-8],[-46,2],[-53,-24],[-76,14],[-107,1],[-55,12]],[[14460,19697],[-1,23],[15,89],[-7,40],[21,115],[-15,26],[-66,0],[-28,13],[-14,24]],[[14365,20027],[12,14],[67,0],[50,29],[55,39],[42,46],[25,9],[82,45],[54,-12],[12,20],[32,-4],[117,37],[17,31],[85,-6],[14,12],[54,-17],[27,-18],[55,-15],[38,-20]],[[12340,21404],[165,-15],[655,0],[337,1],[326,-2],[489,0]],[[14312,21388],[494,2],[323,-1],[165,3],[0,-356],[-4,-176],[1,-327]],[[14365,20027],[-77,-102],[-78,-22],[-40,-30],[-29,-48],[-32,-33],[-48,-27],[-44,-51],[-121,-102]],[[13896,19612],[-76,64],[-73,-2],[-60,22],[-39,22],[-17,-7],[-55,26],[-18,-3],[-97,-110],[-115,-52],[-80,-32],[-108,-55],[-65,-42],[-149,-84]],[[12944,19359],[-62,-26],[-91,-30],[-246,-92],[-285,-124],[-77,-15],[-42,5],[-148,55],[-95,58],[-38,14],[-67,49],[-40,20],[-46,8],[-66,-24],[-43,4],[-48,40],[-21,60],[-22,25],[-30,14],[-67,0],[-144,-68]],[[13922,39472],[39,5],[6,39],[203,-3],[35,46],[85,39],[64,14],[42,27]],[[14396,39639],[14,-58],[-13,-64],[34,-34],[50,-15],[21,-38],[-3,-184],[46,9],[29,-17],[-5,-45]],[[14569,39193],[-7,21],[-59,-6],[6,-62],[-22,-33],[-22,-10],[-64,21],[-14,14],[2,66]],[[14389,39204],[2,33],[-32,34],[-41,-8],[-38,-19],[-8,-30],[36,-24],[-10,-27],[23,-44],[1,-48],[-14,-15],[-54,-1],[-37,65],[-42,-13],[-14,-30],[0,-42],[-36,-23],[-62,-2],[-17,17],[-88,2]],[[13958,39029],[-24,18],[-2,118],[9,60],[-23,35],[4,212]],[[13640,39530],[59,-42],[69,-61],[3,47],[151,-2]],[[13958,39029],[-75,5],[1,42],[-258,6]],[[13626,39082],[-30,0],[2,176],[-9,0],[2,83],[22,61],[-2,56],[29,72]],[[12429,27928],[103,-138],[101,-146],[93,-109],[64,-52],[43,-22]],[[12833,27461],[85,-18],[66,-4],[118,5],[68,-15],[81,-58],[62,-57],[87,-114],[24,-40],[114,-130],[43,-61],[40,-88]],[[13621,26881],[35,-74]],[[13656,26807],[-54,-25],[-14,33],[-17,4],[-41,-19],[-91,-4],[-70,3],[-48,-16],[-78,-41]],[[13243,26742],[3,348],[-40,29],[-116,34],[-108,15],[-30,19],[-76,96],[-74,50],[-63,80],[-132,75],[-70,17],[-46,-1],[-68,9]],[[12423,27513],[6,415]],[[13243,26742],[-3,-275],[35,-18],[-38,-87],[-1,-38],[67,-25],[79,-70],[25,-8],[28,-36],[-19,-67],[12,-39],[47,-35],[66,-15],[-36,-74],[-50,-149],[-3,-29],[7,-120],[-20,-112],[3,-32],[59,4],[50,19],[87,7],[85,-7],[36,13],[108,5],[71,18],[120,4],[102,-13],[36,-10],[53,-2],[40,-32],[232,-3],[81,29],[70,53],[170,-7],[51,-10],[15,-47]],[[14908,25534],[-66,47],[-23,-41],[-28,-3],[-12,-34],[-53,4],[-40,-7],[-40,-20],[-14,-37],[16,-44],[29,-1],[11,-31],[22,1],[44,-21],[21,-95],[-19,-48],[-52,-34],[-54,-65],[-17,-27]],[[14633,25078],[-17,0]],[[11340,24865],[-11,26],[-3,48],[35,1],[19,23],[5,53],[-25,145],[6,16],[305,234],[90,80],[13,19],[43,115],[45,58],[7,90],[-37,-27],[-51,-13],[-93,-6],[-96,3],[-110,-24],[-38,-3],[-139,19],[-28,-10],[-100,11],[-35,-5],[-40,-24],[-41,1],[-27,17],[-30,126],[5,30],[27,55],[9,40],[-35,4],[18,67],[-85,2],[-68,12],[-7,50],[-29,22],[-118,0],[-61,8],[-16,-17],[-68,-6],[-15,-14],[-36,5],[-49,-12],[-81,21],[-8,27],[-35,17],[-20,37],[-21,-19],[-44,-11]],[[10267,26156],[2,100],[158,-4],[1,84],[90,-3],[2,258],[85,-3],[2,98],[162,-14],[1,87],[520,-17],[142,-6],[323,-8],[165,-2],[161,-8],[160,4],[172,-2],[9,695],[1,98]],[[8451,25732],[1,48],[137,-6],[267,-7],[4,174],[250,-7],[327,-4],[361,-13]],[[9798,25917],[297,-9],[6,176],[165,-4],[1,76]],[[8445,25375],[6,357]],[[13656,26807],[46,-98],[19,-57],[10,-75],[-1,-94],[18,-56],[56,-111],[22,-28],[72,-56],[77,-17],[38,12],[52,35],[41,61],[51,41],[42,10],[33,-7],[55,-56]],[[14287,26311],[16,-67],[-20,-59],[-43,-42],[-16,-41],[14,-48],[24,-41],[6,-48],[-8,-37],[-23,-40],[-88,-49],[10,-57],[33,-60],[42,-40],[65,-47],[67,-37],[51,-23],[85,-5],[99,19],[60,34],[52,41],[37,52],[3,50],[-13,81],[-9,130],[3,66],[38,58],[153,67],[88,24],[180,35],[127,1],[115,-24]],[[15435,26204],[43,-9],[44,11],[77,35],[99,34],[79,-4],[73,-35],[79,-31]],[[15929,26205],[-35,-8],[-85,1],[-88,-12],[-25,-12],[-48,-42],[-60,-88],[-72,-49],[-29,-31],[-57,-94],[-26,-34],[-89,-41],[-42,-11],[-37,-35],[-29,-10],[2,-29],[30,-45],[-25,-26],[-1,-40],[-24,-33],[-33,-17],[-58,-15],[-50,25],[-140,-25]],[[15175,2927],[57,-73],[37,-67],[42,-42],[87,-42],[285,-143],[38,-6],[90,7],[162,34],[186,20],[58,-7],[93,-4],[109,-25],[132,-21],[100,-44],[70,-27],[71,-12],[251,-6],[37,3],[391,-5]],[[17471,2467],[274,-2]],[[17745,2465],[-14,-44],[0,-57],[35,-44],[34,-11],[16,-68]],[[17816,2241],[-41,-19],[-36,-65],[-40,-47],[-55,-3],[-80,-26],[-41,-33],[-36,-1],[-25,-20],[-2,-31],[-24,-11],[-84,-87],[-32,-12],[-8,-39],[6,-36],[-11,-73],[20,-40],[77,-66],[16,-64],[27,-47],[-2,-44],[-13,-37],[23,-45],[-30,-46],[7,-30],[28,-20],[22,-51],[-9,-23],[19,-54],[0,-49],[-25,-25],[8,-56],[-4,-26],[8,-56],[22,-9],[20,-89],[40,-59],[-9,-40],[15,-94],[55,-118],[13,-115],[18,-59],[-5,-35],[113,38],[26,-15],[14,-67],[-12,-29],[9,-60],[-152,-86]],[[17646,122],[-207,1],[-38,3],[-549,5],[-77,5],[-127,0],[-274,7],[-35,2],[-185,-2],[-156,5],[-401,3],[-91,3],[-392,7]],[[15114,161],[2,154],[7,188],[5,339],[7,175],[9,516],[6,174],[15,704],[2,176],[8,340]],[[15209,4511],[355,-9]],[[15564,4502],[59,-3],[740,-24],[141,-7],[415,-12],[4,15],[97,19],[55,-5]],[[17075,4485],[8,-47],[-8,-21],[-42,-32],[5,-21],[-19,-28],[-34,-139],[-15,-41],[-23,-26],[0,-25],[-123,3],[0,-44],[48,-56],[10,-33],[37,3],[37,-13],[15,-20],[33,-13],[27,4],[-22,-66],[-66,-64],[6,-31],[36,-43],[27,-19],[12,-49],[84,51],[23,-31],[8,-36],[40,-7],[54,-25],[43,-1],[26,-14],[25,-32],[-5,-56],[21,-59],[15,-16],[129,-2],[43,-28],[15,-35],[37,-48],[10,-66],[13,-29],[85,-85],[9,-30],[40,29],[48,75],[0,33],[-15,29],[-1,56],[16,5]],[[17787,3342],[89,-2],[165,103],[40,-46],[19,-54],[12,-56],[1,-99],[17,-64]],[[18130,3124],[-44,0],[-35,-39],[-59,-42],[-12,-43],[-70,-91],[-1,-65],[-27,-30],[-31,-10],[-36,-31],[-32,21],[-44,-11],[-21,-24]],[[17718,2759],[-34,19],[-41,50],[-52,47],[-71,34],[-9,-59],[-4,-116],[4,-123],[-40,-27],[0,-117]],[[15175,2927],[16,536],[-6,0],[3,175],[5,196],[7,330],[9,347]],[[18155,2200],[176,-10],[37,7],[148,51],[38,5],[1,41],[15,42],[20,20],[3,44]],[[18593,2400],[47,-3],[103,-39],[53,2],[103,-17],[80,17],[238,-25],[227,-74],[39,22],[41,10],[116,65],[82,-2],[40,6]],[[19762,2362],[32,0],[30,-78],[47,-46],[-1,-49],[23,-5],[21,-34],[71,-43],[2,-28],[43,-54],[46,-73],[40,-7],[22,-16],[30,6],[23,-12],[3,-34],[54,-72],[25,-4],[18,-23],[55,19],[32,-26],[31,27],[72,-9],[22,-23],[4,-70],[21,-23],[3,-125],[16,-18],[-1,-58],[58,-6],[40,-50],[70,-40],[36,-34],[-61,-43],[-45,14],[-36,-17],[-26,-31],[-14,-87],[19,-69],[-4,-57],[22,-15],[46,1],[-16,-113],[-11,-44],[-2,-59],[-24,-52],[-11,-63],[-32,-56],[-10,-68],[-31,-39],[32,-46],[50,-45],[34,-7],[36,-34],[10,-25],[55,-77],[31,-27],[48,-85],[26,-56],[6,-44],[28,-30]],[[20870,80],[-99,0],[-564,9],[-367,6],[-194,1],[-229,4]],[[19417,100],[-34,64],[-57,21],[4,33],[-22,39],[-33,-18],[-78,25],[-37,19],[-3,32],[-17,26],[7,23],[-82,54],[-12,58],[-17,5],[-10,35],[10,22],[17,86],[-23,79],[-49,42],[-25,77],[3,30],[20,36],[-51,147],[-23,5],[1,35],[-23,29],[-53,20],[-37,24],[-65,-109],[-72,-16],[-82,107],[-35,146],[-43,-11],[-48,1],[-18,23],[-114,41],[-6,26],[-36,5],[-17,-19],[-126,-109],[-27,30],[1,73],[16,30],[-3,33],[146,184],[52,118],[0,26],[-23,48],[-87,143],[-58,61],[-51,110],[-55,90]],[[18042,2179],[17,31],[96,-10]],[[17816,2241],[22,-25],[30,28],[38,-10],[6,-20],[77,-29],[53,-6]],[[19417,100],[-523,5],[-161,6],[-251,0],[-551,8],[-285,3]],[[5198,29619],[86,40],[98,38],[87,19],[13,8],[60,-8],[49,13],[318,67],[92,26],[44,4],[245,-10],[106,0],[91,-34],[27,-19],[91,-111],[80,-88],[43,-17],[68,9],[50,33],[48,99],[4,31],[47,115]],[[6945,29834],[34,62],[35,51],[44,41],[36,16],[51,7],[52,-3],[138,-23],[70,-34]],[[7405,29951],[29,-43],[82,-163],[18,-53],[13,-62],[2,-75],[-20,-105],[-4,-45],[-2,-125]],[[7523,29280],[-10,-457],[-9,-363],[-10,-525],[-168,8],[-176,15],[-293,20],[-54,5],[-302,25],[-10,-378],[-7,-356],[-8,-267]],[[6476,27007],[-3,-81],[-496,8],[-110,3]],[[5867,26937],[-11,52],[12,477],[125,-3],[9,397],[-345,9],[-163,3],[0,41],[-80,1],[1,70],[-40,1],[-3,-101],[-88,47],[5,38],[-40,14],[-21,-14],[-41,28],[-81,87],[-32,4],[-46,65],[-32,1]],[[4996,28154],[14,637],[8,348],[13,1],[11,392]],[[7409,30383],[65,87],[19,89],[18,43],[36,40],[10,73],[22,51],[37,53],[17,55],[27,50],[84,41],[40,26],[16,-10],[33,15],[104,-17],[38,-52],[34,17],[120,28],[26,22],[49,10],[44,33],[32,8],[10,32],[23,-3],[12,24],[74,-2],[27,27],[39,-2],[28,31]],[[8493,31152],[-3,-127]],[[8490,31025],[-24,-733],[-2,-121],[-7,-172],[-12,-438],[-10,-418],[-8,-214],[1,-11],[-6,-230]],[[8422,28688],[-38,-16],[-40,-55],[-101,6],[-51,-9],[-104,-51],[-39,-2],[-49,37],[-21,49],[-6,39],[-28,40],[-104,72],[-54,43],[-88,86],[-36,46],[-67,107],[-46,110],[-27,90]],[[7405,29951],[2,40],[-21,104],[16,29],[-7,30],[12,64],[39,64],[27,-16],[79,19],[51,25],[-98,30],[-96,43]],[[6945,29834],[-55,28],[14,47],[-7,72],[-45,-9],[-23,28],[-101,3],[-7,38],[-34,22],[-8,29],[-48,10],[-53,-10],[2,25],[43,9],[7,29],[79,23],[75,-23],[70,14],[43,-2],[1,62],[10,58],[14,27],[56,49],[7,95],[111,9],[29,-16],[56,-48],[36,-2],[123,9],[69,-27]],[[4993,27723],[4,74],[4,236],[-7,1],[2,120]],[[5867,26937],[-396,9],[-7,-207]],[[5464,26739],[-164,-1],[-4,-177],[-165,5],[5,178],[-167,3],[11,385],[3,97],[10,494]],[[14118,38677],[157,-4],[50,17],[5,248],[40,5],[4,196],[-19,47],[34,18]],[[14569,39193],[10,-36],[55,-15],[21,24],[1,51],[-33,39],[4,28],[38,16],[25,24],[26,-24],[59,9],[50,-21],[37,-52],[29,-10],[13,-50],[35,-33],[161,50],[27,-49],[-10,-54],[12,-30],[43,15],[10,105],[23,10],[31,-57],[19,-12],[39,63],[3,26],[74,46],[36,-53],[41,48],[12,35],[2,61],[41,26],[37,-22],[43,-12],[19,-62],[20,-23],[33,-1],[-10,-35],[11,-30],[-8,-23],[-57,-18],[12,-58],[105,-27],[59,46],[65,1],[19,-28],[55,0],[61,12],[13,22],[-26,20],[-51,57],[-28,12],[3,82],[48,37],[32,16],[52,-37],[30,-10]],[[16040,39292],[-2,-419],[-4,-533],[-6,-176],[0,-181],[-4,-353]],[[16024,37630],[-333,10],[-168,2]],[[15523,37642],[1,4],[-335,7],[-619,3],[-203,5],[-161,30],[-168,2]],[[14038,37693],[-11,176],[2,181],[-26,32],[-7,29],[0,86],[-10,22],[2,138],[9,51],[13,14],[21,58],[44,23],[1,80],[12,9],[4,81],[26,4]],[[14882,42276],[348,-3],[633,-1],[501,0]],[[16364,42272],[-5,-246],[0,-156],[-46,87],[-38,23],[-82,16],[-23,23],[-29,56],[-12,44],[-28,48],[-23,20],[-7,-505],[-10,-356],[-1,-163]],[[16060,41163],[-5,-530],[-3,-180],[-6,-173],[-11,-178],[0,-347],[2,-344],[3,-119]],[[14396,39639],[-2,64],[-53,53],[-8,57],[21,37],[-1,48],[46,7],[-3,41],[-24,40],[-20,57],[-25,47],[20,57],[-4,27],[50,11],[20,-16],[37,15],[0,27],[-20,63],[5,38],[19,38],[-11,32],[1,56],[-12,22],[-38,27],[-43,54],[-69,37],[-50,53],[-8,58],[-19,29],[0,59],[-19,19],[11,23],[41,44],[21,48],[4,33],[-67,29],[-5,24],[7,66],[-41,3],[-8,13],[16,83],[-29,45],[2,17],[53,-1],[8,44],[-47,80],[8,41],[22,17],[15,33],[38,-21],[31,7],[-8,44],[-20,18],[-57,13],[16,27],[22,6],[66,-22],[38,14],[-34,46],[-25,52],[25,54],[58,30],[-3,31],[-22,45],[12,17],[38,-22],[14,-69],[43,8],[12,57],[-12,53],[-24,40],[-3,25],[47,-2],[39,-99],[23,-9],[19,23],[-8,111],[10,19],[-28,63],[6,21],[27,21],[58,-1],[27,28],[24,7],[16,-36],[-3,-36],[31,-8],[18,59],[24,43],[150,181]],[[12225,38227],[5,191],[-2,352],[3,176],[5,181],[13,679]],[[12249,39806],[64,9],[42,-33],[21,-3],[78,12],[169,4],[132,21],[38,-59],[45,-8],[30,42],[43,-18],[70,4],[105,17],[29,-1],[35,-19],[45,1],[38,12],[41,-1],[41,26],[13,-54],[13,-15],[69,-35],[63,-40],[167,-138]],[[13626,39082],[-3,-136],[-11,-41],[55,-13],[30,12],[272,-4],[10,-66],[70,-1],[9,-24],[60,-1],[0,-131]],[[14038,37693],[-175,1],[-155,-24],[-331,12],[-996,26],[-162,10]],[[12219,37718],[-3,174],[9,335]],[[12290,42279],[292,-1],[689,-5],[463,-1],[336,3],[152,-1],[177,2],[483,0]],[[12249,39806],[8,383],[4,298],[2,1114],[2,178],[-2,296],[-48,-2],[1,29],[51,45],[-3,52],[-25,24],[0,39],[25,-10],[26,27]],[[25451,22759],[6,416],[-4,46],[1,161]],[[25454,23382],[5,536]],[[25459,23918],[2,535]],[[25461,24453],[34,5],[8,-19],[46,7],[48,17],[57,-18],[27,38],[61,-8],[24,33],[43,9],[35,-26],[36,36],[128,8],[30,-14],[81,-2]],[[26119,24519],[-2,-350],[-3,-157],[-2,-471],[-4,-343],[511,-9],[328,-10],[182,-4],[-1,-41]],[[27128,23134],[-65,-51],[-8,-28],[-83,-4],[-44,-24],[-34,8],[-41,-12],[6,-32],[-20,-18],[-25,3],[-19,-22],[-40,-2],[-52,12],[-30,-36],[5,-19],[-105,-72],[-4,-26],[11,-35],[-5,-38],[27,-23],[26,-61],[-59,-53],[-32,-2],[-43,-15],[-48,66],[-50,-22],[-34,12],[-38,-36],[-17,-3],[-70,55],[-43,3],[-14,-43],[-14,-10],[6,-52],[-70,-32],[-44,18],[-15,47],[-65,64],[-37,25]],[[25941,22676],[-21,14],[-39,-13],[-33,4],[-17,51],[-28,24],[-26,-17],[-10,-32],[8,-33],[-15,-13],[-43,22],[7,16],[-56,43],[-2,30],[-71,27],[-23,-38],[-33,7],[-88,-9]],[[24358,23397],[424,-5],[308,-3],[364,-7]],[[25451,22759],[-27,24],[-46,-13],[-34,15],[-34,55],[30,61],[-13,34],[-57,32],[-39,-29],[-15,-24],[2,-55],[-71,-41],[-6,18],[-45,-15],[-34,-52],[-41,34],[9,12],[-4,49],[-46,24],[-1,18],[-63,1],[0,-19],[-29,-18],[2,-44],[-34,-23],[-36,2],[-26,-38],[5,-38],[-44,-30],[-51,-19],[5,-33],[-24,-41],[-118,-1],[-18,11],[-12,106],[-31,45],[33,74],[8,51],[-34,47],[-39,93],[-54,43],[-5,56],[-33,58],[-8,32],[-92,1]],[[24281,23222],[-6,42],[-33,66],[-28,29],[-8,41],[152,-3]],[[24663,24563],[-126,-219],[-63,-62],[-147,-111],[-68,-61]],[[24259,24110],[-35,18],[-7,31],[-37,41],[-82,12],[-20,25],[-40,7],[-11,21],[-44,11],[-28,-11],[-19,23],[-44,-19],[-43,7],[-26,19],[-71,22],[-65,-18],[-34,-24],[-23,15]],[[23630,24290],[0,71],[-13,45],[3,38],[18,34],[-5,58],[-55,88],[-46,14],[-20,24],[-5,40],[83,3],[191,-15],[264,1],[102,7],[81,15],[126,9],[38,-7],[7,-28],[24,-24],[40,-21],[9,-48],[57,0],[85,-10],[49,-21]],[[23173,24828],[3,125]],[[23176,24953],[13,9],[57,-1],[21,-19],[44,3],[7,29],[85,-49],[21,12],[37,-5],[13,25],[98,62],[18,37],[22,-14],[37,6],[36,-11],[17,12],[37,-11],[2,-36],[81,-43],[68,20],[2,19],[71,36],[29,-18],[37,14],[25,-21],[33,13],[82,49],[18,-34],[-2,-22],[25,-44],[53,-57],[31,-7],[33,-46],[57,20]],[[24384,24881],[45,-6],[42,-30],[5,-50],[27,13],[61,-60],[28,22],[20,-12],[45,5],[37,-14],[1,-36],[48,-17]],[[24743,24696],[-80,-133]],[[23630,24290],[0,-2]],[[23630,24288],[-470,7]],[[23160,24295],[5,178],[8,355]],[[9600,42288],[354,1],[289,-1],[202,-3],[487,-1],[121,1],[375,-5],[338,-1],[524,0]],[[12249,39806],[-49,35],[-51,-5],[-293,9],[-23,11],[-167,109],[-122,52],[1,57],[-82,96],[30,46],[-10,29],[-29,0],[-33,22],[-2,17],[-39,37],[-41,20],[1,46],[-376,8],[-10,18],[0,89],[-12,24],[-38,11],[-18,28],[-14,57],[-4,53],[-13,31],[-59,-31],[-53,-61],[1,-35],[-39,-3],[-1,-75],[41,-16],[0,-61],[14,-9],[-1,-69],[-28,6],[-87,-8],[-41,7],[-56,-1]],[[10546,40350],[3,177],[-26,52],[-46,8],[-12,23],[1,61],[-42,8],[4,172],[-42,6],[3,82],[-43,2],[3,207],[-10,50],[-21,33],[-16,49],[-54,-41],[-20,-5],[-34,-37],[2,-26],[-82,-94],[-18,3],[4,84],[-29,3],[-17,49],[-52,-23],[-43,-45],[-40,26],[-35,-2],[-82,17]],[[9802,41189],[-79,3],[-55,-21],[-62,-12],[-68,12],[-25,63],[-10,56],[-50,39],[-15,50],[-50,32]],[[9388,41411],[-24,30],[2,25],[27,33],[53,19],[15,33],[0,49],[-42,5],[-28,39],[2,108],[-34,38],[-30,19],[12,38],[28,-10],[37,-67],[35,11],[42,58],[-9,50],[-38,31],[-20,51],[6,28],[36,20],[57,-5],[29,10],[-2,23],[-68,49],[-55,19],[-8,61],[15,31],[51,19],[37,-6],[38,-34],[17,-45],[44,-27],[51,-51],[27,10],[17,29],[-11,36],[-42,57],[-37,19],[-24,46],[6,28]],[[8103,41637],[16,-19],[42,-8],[74,-66],[54,1],[48,-14],[42,6],[69,-2],[43,-23],[33,0],[32,-16],[16,-33]],[[8572,41463],[-13,-66],[-19,-2],[-5,-64],[-36,-62],[1,-44],[23,-61],[-23,-59],[-2,-35],[-31,-22],[-55,-92],[15,-63],[28,-38],[-4,-28],[40,-8],[54,-25],[2,-67],[13,-75],[-90,-89],[-40,-20],[-23,-45],[-30,-10],[-1,-22],[-29,-20],[-72,-102],[-31,13],[-16,-16],[-35,19],[-73,-39],[-24,28],[-37,27],[-41,16],[39,71],[37,22],[4,24],[-26,54],[-22,76],[-26,51],[-1,47],[42,40],[20,35],[33,20],[9,26],[-26,63],[-5,72],[-62,45],[-82,27],[-17,14],[-28,69],[-1,24],[-66,50],[-28,58],[20,45],[43,21],[37,95],[59,62],[47,106],[30,25],[17,33],[38,-30]],[[20631,13310],[15,3],[13,106],[17,41],[-28,39],[20,91],[-13,25],[22,38],[-11,26],[12,36],[30,19],[16,42],[-14,83],[36,62],[1,51],[17,25],[20,-8],[1,95],[25,17],[0,66],[18,11],[-2,42],[-33,20],[-3,34],[23,17],[-14,46],[18,21],[0,34],[14,35],[23,21],[5,47],[-15,46],[-14,164],[-7,35],[20,54],[-9,28],[11,59],[26,36],[-14,67],[21,36],[4,39],[36,40],[-12,10],[20,121],[15,67],[45,21],[23,34],[-10,60],[18,8],[17,34],[2,37],[-13,43],[13,54],[25,7],[-9,31],[45,56],[-4,21],[18,44],[25,-4],[-7,48],[8,37],[-28,53],[-3,59],[22,18],[33,-4],[-9,47],[22,9],[15,29],[-9,78],[14,73],[0,40],[-25,19],[7,28],[-46,42],[-2,81],[-10,30],[21,32],[-30,23],[8,23],[-15,47],[19,55],[-1,50],[-24,-8],[-1,40],[-29,15],[-64,107],[9,15],[-10,41],[30,8],[-26,29],[15,83],[-44,28],[15,41],[-32,48],[-34,101],[-3,73],[-23,7],[-17,76],[-45,55],[17,16],[-25,44],[17,14],[-40,88],[-24,15],[-11,68],[-54,6],[-18,93],[8,77],[-15,4],[-14,46],[9,17],[-26,28],[6,60],[-34,50]],[[21075,18037],[603,-10],[328,-7]],[[22006,18020],[351,-9]],[[22357,18011],[0,-192],[-9,-688],[-5,-176],[-4,-705]],[[22313,14836],[-182,6],[-2,-109],[3,-174],[0,-236],[-1,-470]],[[22123,12803],[-496,-17],[-463,-18]],[[21164,12768],[-1,47],[-22,29],[-20,-10],[-36,30],[-14,31],[-77,1],[-9,-33],[-50,31],[-30,6],[-42,36],[-49,20],[37,20],[-18,20],[-13,74],[-14,28],[-28,2],[1,38],[-32,25],[-20,53],[-41,-21],[-9,28],[11,22],[-25,32],[-23,7],[-9,26]],[[17994,13859],[5,166],[-1,189],[8,330],[6,188],[4,213],[25,0],[9,532],[4,179],[4,350],[6,178]],[[18064,16184],[4,175],[7,174],[0,181],[9,349]],[[19800,17535],[7,-24],[36,-28],[11,-31],[-3,-44],[23,-11],[13,-32],[-1,-30],[69,-130],[-6,-28],[78,-54],[5,-36],[25,-36],[31,-23],[6,-100],[11,-20],[-16,-30],[-6,-98],[-26,-23],[20,-31],[-14,-43],[8,-30],[-6,-81],[-16,-22],[-30,-216],[15,-4],[12,-45],[-12,-146],[-20,-46],[8,-93],[17,-68],[-76,-72],[-20,-34],[7,-33],[-13,-66],[9,-11],[4,-79],[26,-72],[-12,-45],[-14,-16],[13,-41],[19,-4],[21,-54],[17,-17],[1,-40],[-71,-97],[-25,-15],[-8,-45],[-28,-41],[-9,-92],[-14,-42],[-2,-47],[-61,-40],[-11,-15],[0,-67],[15,-40],[-50,-54],[-106,-72],[-30,-33],[11,-15],[-38,-43],[-39,1],[-25,-38],[-4,-60],[32,-12],[-3,-21],[38,-36],[5,-29],[33,-13],[36,-100],[-2,-33],[39,-41],[-5,-58],[24,-56],[34,-32],[13,-51],[64,-67],[42,-22],[45,-64],[55,0],[16,-39],[83,-22],[18,7],[84,-19],[41,-35],[23,-5],[11,-34],[41,-12],[-2,-31],[38,-30],[0,-75]],[[20329,13563],[-39,10],[-91,7],[-10,-31],[-40,14],[-26,-20],[-35,50],[-59,9],[25,40],[-41,1],[-35,15],[-36,51],[-35,-43],[-54,5],[-51,-14],[-16,17],[-33,1],[-33,-12],[2,96],[-14,34],[-250,20],[-333,11],[-481,19],[-322,8],[-166,6],[-162,2]],[[20631,13310],[-32,20],[-44,-21],[-29,33],[20,37],[-21,65],[-18,-19],[-36,-6],[-59,47],[-29,40],[-40,13],[-14,44]],[[20295,15502],[37,62],[20,20]],[[20352,15584],[18,-48],[25,-13],[12,-67],[39,-75],[22,-16],[21,-61],[13,-8],[8,-44],[21,-30],[23,-4],[11,-32],[-7,-32],[38,-48],[-1,-20],[23,-27],[40,80],[31,27],[52,29],[3,27],[38,129],[65,190],[-38,8],[-20,53],[-19,2],[-6,39],[15,26],[-36,22],[-16,23],[-43,8],[1,126],[-43,36],[37,128],[3,79],[-22,107],[-25,-15],[-46,15],[-12,27],[-39,10],[-40,74],[-237,7],[-53,-35],[31,-72],[-44,-18],[-1,-86],[15,-93],[-5,-128],[5,-48],[-39,-10],[-10,-392],[1,-94],[46,63],[88,99]],[[21794,19522],[50,-2],[113,-27],[142,-5],[77,24],[75,-1],[-17,28],[-6,107],[-19,41],[95,0],[9,-42],[17,-7],[34,-48],[13,7],[165,-4],[44,8],[14,14],[3,65],[96,1]],[[22699,19681],[8,-22],[57,-83],[59,-110],[37,-46],[33,-88],[-4,-50],[-34,-63],[-94,-105],[-26,-60],[-5,-32],[11,-80],[22,-41],[65,-71],[84,-44],[59,-40],[34,-44],[27,-92],[9,-47],[-26,-116],[-48,-117],[-18,-56],[7,-36],[-9,-54],[-38,-85],[21,-73],[24,-30]],[[22954,17996],[-597,15]],[[22006,18020],[3,176],[13,881],[-222,4]],[[21800,19081],[3,10],[-9,431]],[[20931,20151],[162,-6]],[[21093,20145],[-12,-288]],[[21081,19857],[-30,2],[-26,-20],[-9,-38],[-45,-41],[-16,-23],[-45,-18]],[[20910,19719],[13,407],[8,25]],[[23293,22786],[2,-2]],[[23295,22784],[-91,-129],[-86,-88],[-16,-23]],[[23102,22544],[-89,-3],[-60,3],[-35,18],[-7,31],[-76,-3],[-5,-44],[-26,-25],[-21,9],[-34,-16],[-31,30],[-29,5],[-234,7]],[[21853,21206],[250,-5],[55,16]],[[22158,21217],[218,-107],[-23,-64]],[[21851,21114],[-2,0]],[[21849,21114],[4,92]],[[20502,20781],[64,-4]],[[20566,20777],[24,11],[40,-13],[197,-6]],[[20827,20769],[-3,-124],[-47,-6],[-24,-30],[-13,-50],[37,-4],[50,-27],[35,6],[75,-58]],[[20937,20476],[-6,-54]],[[20931,20422],[-28,-34],[-20,6],[-51,-54],[-35,-15],[-24,9],[-19,-16],[-26,20],[-50,-27],[-46,-11],[-26,37],[-17,-33]],[[22776,24307],[167,-104],[11,-15],[5,-60],[-22,-28],[-28,-56],[-29,-108],[14,-27],[39,-12],[21,-62],[29,-30],[5,-24],[-22,-20],[-44,-3],[-21,-25],[-8,-81],[-27,-55],[-92,-146],[-38,-67],[-12,-42]],[[22156,23271],[24,1053],[596,-17]],[[20158,19670],[4,131]],[[20341,19877],[75,31],[50,-40],[70,12],[22,12],[125,90]],[[20683,19982],[22,-33],[48,-15],[-8,-282],[-25,-25]],[[20720,19627],[-300,2],[-263,5]],[[20157,19634],[1,36]],[[22776,24307],[221,-8],[163,-4]],[[23630,24288],[1,-77],[-10,-270]],[[23621,23941],[-2,-139],[-16,-565],[14,-1],[-8,-324]],[[23609,22912],[-1,-30]],[[23608,22882],[-29,37],[-8,32],[-36,29],[-7,23],[-56,57],[-37,17],[-27,35],[-23,-57]],[[21297,20003],[61,30],[20,43],[33,9],[11,38]],[[21422,20123],[5,71],[23,57],[1,67],[31,17],[9,47],[-40,3]],[[21451,20385],[62,130],[30,39],[54,32],[68,25]],[[21665,20611],[86,32],[38,-58],[32,32],[3,36],[58,23],[14,46]],[[22373,20725],[13,-31],[-25,-27],[-7,-36],[-33,-56],[-37,-9],[-90,-48],[-41,-49],[-14,-31],[-13,-81],[-38,-7],[-51,4],[-3,-44],[-30,-30],[-12,-29],[-2,-52],[-15,-19],[-152,6]],[[21823,20186],[-32,-9],[-1,-51],[-9,-42],[-26,-30],[-86,-37],[-54,4],[-58,-6],[-55,-40],[-53,-7],[-4,-87],[-207,1],[4,40],[37,6],[3,39],[15,36]],[[21081,19857],[88,57],[-7,12],[38,54],[25,-9],[27,19],[45,13]],[[21823,20186],[27,-110],[2,-77],[-54,-283],[-6,-82],[2,-112]],[[21794,19522],[-168,5],[-264,3],[-17,-28],[-3,-40],[-22,-19],[-87,0],[-168,6]],[[21065,19449],[8,169],[-241,6]],[[20832,19624],[10,34],[29,37],[39,24]],[[20832,19624],[-112,3]],[[20683,19982],[9,9],[20,124],[13,28],[41,14],[165,-6]],[[19238,23578],[66,-16],[86,-9],[51,3],[165,26],[70,4],[91,-4],[64,-21],[63,-55],[33,-48],[20,-57],[10,-119],[9,-46],[21,-43],[82,-107],[19,-33],[17,-78],[-4,-78],[-22,-92],[-24,-57],[-66,-116],[-15,-47],[0,-81],[19,-64],[38,-62],[61,-49],[66,-37]],[[20158,22292],[-28,-41],[-20,12],[-43,-13],[-46,38],[-41,14],[-24,-11],[-17,18],[21,23],[-32,19],[-20,-19],[-61,18],[-22,56],[-34,-67],[-72,-58],[-26,-35],[-14,-54],[-5,-57],[4,-46],[-3,-81],[-13,-57],[10,-16],[1,-57]],[[19439,21976],[-35,35],[-121,101],[-72,41],[-45,35],[-50,25],[-21,41],[9,36],[-6,62],[-29,85],[-18,24],[-126,78],[-89,24],[-65,34],[-130,35],[-41,16],[-63,13],[-46,-7],[-47,-23],[-45,-11],[-52,-28],[-78,-27],[-41,21],[-8,57],[-25,37],[-60,-1],[-52,19],[-52,-9],[-44,18],[-70,3],[-69,28],[-31,3],[-78,34],[-46,4],[-33,15],[-28,-9],[-41,-76],[-43,-15],[-55,-37],[-69,-20],[-41,1],[-70,38],[-29,3]],[[17284,22679],[11,396],[165,-1],[474,-12],[326,-1],[9,344],[21,7],[288,-9],[657,-25],[3,200]],[[22587,21474],[223,32],[1,-3],[765,108]],[[23576,21611],[-9,-309],[-8,-342],[-3,-179],[-169,3],[-4,-76],[43,-22],[-7,-93],[5,-25],[-25,-38],[-8,-70],[3,-96],[-20,-125],[-3,-176],[-18,-60],[-24,-36],[-49,-115],[6,-19],[-18,-117],[7,-131],[396,-10],[341,-5],[1,-51],[0,-461],[-2,-192]],[[24011,18866],[-1,-288],[3,-38],[-5,-339],[-1,-230]],[[24007,17971],[-163,3],[-330,10],[-560,12]],[[22699,19681],[-19,65],[0,57],[20,74],[15,30],[54,79],[33,65],[6,26],[36,77],[13,43],[39,194],[6,78],[-12,82],[-14,36],[-41,69],[-24,29],[-76,68],[-63,24],[-72,60]],[[22510,20949],[7,29],[41,43],[11,34],[9,103],[98,90],[-45,77],[-5,29],[-27,58],[-12,62]],[[23102,22544],[21,7],[48,-8],[74,-4],[16,-14]],[[23261,22525],[-24,-31],[-39,-32],[22,-38],[-16,-101],[-64,-76],[-39,-53],[-155,-117],[-44,-59],[41,-1]],[[22943,22017],[-1,-35],[-88,0],[1,37],[-73,-29],[-16,31],[-28,4],[1,38],[24,51],[35,32],[11,40],[-25,10]],[[22784,22196],[-105,-1],[3,57],[-5,83],[6,15],[86,-11],[10,34],[-36,11],[-23,-16],[-100,18],[-33,-4],[-48,31],[-18,38],[-24,-10],[-35,22],[-18,38]],[[19185,21065],[3,199],[-645,23],[-114,3],[-212,10],[9,346],[19,707],[-178,4],[-543,15],[-100,4]],[[17424,22376],[-145,2],[5,301]],[[13273,15046],[496,-15],[406,-11],[7,-35],[-14,-17],[-1,-49],[52,-19],[24,52],[31,-11],[-11,-48],[42,12]],[[14305,14905],[43,-9],[48,14],[24,-11],[72,25],[34,-27],[45,1],[72,20],[42,-7],[17,-50],[-12,-50],[-37,-31],[-9,-36],[18,-22],[56,6],[12,-21],[-28,-17],[-5,-36],[67,-70],[-12,-25],[18,-64],[-33,-19],[-29,-48]],[[14708,14428],[-34,-18],[-15,-73],[-23,-42],[-4,-34],[-20,-23],[-9,-83],[7,-90],[23,-43],[-11,-53],[27,-42],[35,-11]],[[14684,13916],[17,-30],[-21,-38],[-42,6],[-28,16],[-85,-16],[-47,-51],[6,-38],[39,-28],[22,-45],[10,-67],[-4,-18],[13,-63],[13,-31]],[[14577,13513],[-97,-1]],[[14480,13512],[1,72],[-5,73],[-31,100],[-42,17],[-26,1],[-56,-27],[-59,26],[-19,-57],[-98,-238]],[[14145,13479],[-30,-6],[-60,-86],[-42,-49],[-92,-46]],[[13921,13292],[-2,17],[-65,5],[2,97],[-35,21],[-3,44],[6,155],[26,28],[20,48],[2,62],[-19,35],[-1,67],[-22,97],[-52,66],[-49,0],[-41,54],[-25,17],[-41,111],[-64,-2],[-30,53],[4,56],[-27,30],[4,39],[-42,76],[-12,74],[24,132],[-43,26],[-21,49],[-27,0],[-18,45],[4,35],[-16,36],[-58,51],[-20,35],[-7,95]],[[14480,13512],[-249,4],[-23,-25],[-63,-12]],[[42883,36236],[461,4],[232,0],[427,5]],[[44003,36245],[0,-99]],[[44003,36146],[-51,-24],[-78,-53],[-26,-23],[-41,-15],[-47,2],[1,-288]],[[43761,35745],[-168,5]],[[43593,35750],[-39,76],[-55,31],[-103,12],[0,188],[-68,2],[-2,-110],[-10,-12],[-152,1],[1,-90],[-356,2],[-306,-4]],[[42503,35846],[-1,141],[30,35],[162,1],[47,4],[240,-2],[-98,211]],[[43383,35533],[19,18],[43,-27],[24,13],[29,35],[34,8],[65,71],[7,32],[-11,67]],[[43761,35745],[-2,-90],[2,-176],[27,-1],[1,-57]],[[43596,35393],[-98,-1],[-30,18]],[[43468,35410],[-85,123]],[[40160,36204],[533,7],[310,2],[409,6],[314,3],[153,3],[456,5]],[[42335,36230],[-81,-106],[-3,-66],[6,-871],[-204,-363],[-84,-124],[-85,-172],[-117,-87],[-52,-15],[-17,-25]],[[41698,34401],[-58,-51],[-2,-133],[-5,-53],[-96,-115],[-9,-20],[-71,-235],[-63,-57],[-17,-106],[-20,-21],[-43,-12],[-35,-34],[-10,-24],[-78,-52],[-1,82],[-328,5],[-235,1],[-182,2],[-7,-2],[-260,2]],[[40178,33578],[0,357],[4,89],[0,348],[-3,117],[0,245],[-5,331],[-2,209],[-5,350],[-7,580]],[[41030,35063],[3,-438],[162,-4],[0,-87],[297,-5],[-2,179],[37,0],[3,350],[-500,5]],[[15648,20059],[51,9],[153,6],[57,-7],[55,4],[45,-60],[-1,-42],[-13,-23],[4,-30],[35,-17],[28,-67],[-25,-67],[4,-30]],[[16041,19735],[-262,6],[-100,5],[-154,4]],[[14677,22436],[296,2],[162,5],[158,-1],[191,-3],[495,-19],[165,-9],[162,-2],[283,-12],[12,-35],[51,-37],[46,-17],[40,2],[43,-12],[23,13],[37,42],[32,-8],[6,-43],[32,-7],[7,-19],[37,-12],[63,-54],[28,-2],[41,22],[44,12],[38,-39]],[[17169,22203],[-15,-65],[-53,-58],[-30,-53],[-16,-62],[-10,-83],[23,-124],[11,-19],[55,-52],[21,-31],[58,-48],[10,-17],[11,-64],[22,-48],[-2,-81],[-42,-40],[-33,-45],[-4,-26],[19,-59],[5,-48],[26,-59],[0,-121],[-20,-73],[0,-51],[18,-79],[-3,-74],[7,-49],[19,-53],[-8,-34],[-55,-93],[-58,-52],[-11,-21],[-11,-78],[-44,-36],[-21,-45],[0,-85],[-9,-22],[5,-48],[30,-40],[-14,-81],[8,-50],[50,-73],[43,-85],[27,-72],[-11,-65],[5,-67],[-19,-50],[-1,-41]],[[16163,19556],[3,178],[-125,1]],[[14312,21388],[-1,177],[6,517],[6,350],[354,4]],[[20162,19801],[-285,-144]],[[19877,19657],[2,43],[15,21],[-17,30],[2,66]],[[19711,19119],[10,44],[23,44],[5,38]],[[19749,19245],[46,15],[46,53],[26,71],[261,251],[30,35]],[[20157,19634],[-4,-60],[-7,-181],[14,-38],[-8,-43],[49,-99],[-2,-62],[-16,-5],[0,-42],[-22,-122],[-2,-40],[-25,-37],[-48,-10],[-3,-53]],[[19665,19537],[97,62],[115,58]],[[19749,19245],[1,40],[-31,122],[-42,52],[-13,29],[1,49]],[[19434,19421],[109,45],[53,26],[69,45]],[[19510,19826],[-11,-327],[-91,-38]],[[34675,25943],[57,-3],[84,5],[250,7],[84,-4],[2,-7],[246,-2],[270,-4]],[[35668,25935],[-5,-31],[10,-28],[-18,-21],[17,-27],[8,-60],[38,6],[23,-18],[-15,-69],[0,-116],[-43,-1],[3,-99],[-31,-50],[6,-32],[-19,-34],[-1,-51],[-19,-24],[6,-25],[-13,-36],[0,-35],[19,-34],[-6,-59],[5,-69],[61,-48],[-3,-51],[-18,-39],[-43,-54],[-29,-25]],[[35601,24805],[10,43],[-10,35],[-37,14],[-32,-9],[-64,7],[-35,16],[-13,22],[-29,-6],[-63,25],[-52,-6],[12,-37],[53,-60],[-61,-35],[-12,-29],[-2,-177],[-170,1],[-1,-179],[122,0]],[[35217,24430],[-285,-228],[-54,-34],[-174,-80],[-125,-68]],[[34579,24020],[-28,43],[10,26],[-22,28],[-19,-4],[-53,32],[-7,30],[26,45],[-15,33],[37,6],[-2,33],[-38,44],[12,31],[-21,9],[27,70],[-14,55],[95,45],[5,34],[-19,33],[12,31],[19,2],[3,64],[66,49],[30,39],[-19,32],[29,13],[-9,28],[42,52],[16,5],[14,58],[16,25],[-38,56],[0,32],[36,56],[-12,44],[4,31],[-28,25],[14,37],[-35,53],[5,54],[-7,54],[30,30],[-9,19],[17,38],[3,54],[12,17],[-33,33],[25,18],[-21,52],[23,43],[-9,38],[-38,31],[18,13],[-36,35],[0,53],[-18,16]],[[35217,24430],[48,-1],[-1,-179],[-52,1],[-8,-87],[-17,-29],[-5,-37]],[[35182,24098],[-25,-10],[-1,-49],[23,-96],[28,-47],[56,0],[-2,-178],[70,-1],[194,-124],[20,-30],[44,28],[0,-39],[13,-16],[67,-3],[-2,-177],[206,-2],[0,36],[-13,31],[21,107],[35,45],[9,26],[-15,30],[-61,59],[-13,56],[-38,46],[-1,67],[23,47],[14,54],[49,-9],[46,-46],[27,-6],[41,-37],[26,-66],[24,-18],[19,18],[-18,40],[-44,72],[-2,55],[26,111],[23,48],[-4,42],[-18,44]],[[36029,24206],[-22,47],[-13,73],[-25,21],[-11,51],[-23,18],[-3,36],[-18,42],[-15,-6],[-27,49],[12,40],[-73,21],[-130,3]],[[35681,24601],[0,22],[35,59],[-4,40],[-48,-13],[-32,42],[-30,24],[-1,30]],[[35668,25935],[209,-1],[270,4],[1,-12],[474,-10],[142,-6]],[[36764,25910],[165,-6]],[[36929,25904],[-25,-58],[-3,-31],[43,-88],[23,-29],[37,-28],[65,-21],[17,-24],[-9,-29],[-28,-35],[-63,-41],[-55,0],[-37,9],[-71,31],[-47,6],[-54,-22],[-39,-42],[-14,-60],[15,-77],[-31,-41],[-5,-45],[-41,-79],[-8,-44],[-41,-21],[-13,-23],[2,-45],[-9,-69],[-18,-37],[-34,-28],[-38,-65],[-4,-42],[-83,-66],[-151,-137],[47,-61],[30,-89],[-16,-57],[-40,-52],[-48,-29],[-13,-37],[17,-40],[35,-15],[39,23],[61,-10],[34,11],[29,39],[48,13],[37,-28],[0,-29],[-18,-47],[15,-56],[-8,-64],[5,-19],[45,-62],[3,-41],[-18,-41],[11,-36],[46,-2],[-10,132],[92,-77],[108,-29],[94,16],[9,105],[58,-32],[46,24],[-15,44],[5,36],[21,14],[45,-10],[19,-34],[2,-52],[9,-16],[51,-30],[12,-47],[-53,-57],[-4,-34],[20,-27],[23,-6],[46,27],[13,32],[3,41],[-7,79],[37,41],[43,21],[28,-7],[21,-33],[51,-55],[10,-73],[-14,-83],[-6,-102],[-24,-57],[-50,-55],[-44,-21],[-64,4],[-74,-11],[-34,-22],[-19,-62],[-50,-80],[-6,-68],[12,-41],[27,-7],[50,11],[3,-94],[36,-120],[23,-65]],[[37094,23014],[-352,-3],[-325,-6],[-509,-4],[-489,8],[-380,5]],[[35039,23014],[-58,51],[1,38],[16,61],[24,10],[12,26],[-15,23],[9,35],[18,13],[-40,34],[-3,63],[-25,12],[-2,37],[-44,-2],[-35,21],[7,39],[-25,82],[-25,62],[-35,-17],[-84,3],[-2,29],[-37,32],[-29,43],[-2,44],[-17,2],[-37,33],[21,23],[-25,22],[7,33],[34,47],[6,67],[-35,19],[-34,3],[-6,18]],[[4607,37304],[44,9],[65,28],[97,69],[163,72],[87,28],[76,-1],[35,-21],[25,0],[46,-25],[217,-5],[44,14],[71,64],[48,-7]],[[5625,37529],[-55,-52],[-55,-71],[-16,-30],[2,-34],[-17,-26],[-101,20],[-35,2],[-69,-20],[-4,-27],[-31,1],[-37,25],[-65,27],[-25,-5],[-26,-26],[-54,1],[-34,25],[-40,-36],[-9,-24],[23,-34],[1,-22],[-36,-9],[-3,-17],[41,-65],[27,27],[84,-2],[1,-33],[24,-2],[58,-55],[205,-6],[0,-32],[39,-15],[20,-54],[16,-24],[45,-28],[-2,-99],[32,-15],[43,-51],[7,-51],[17,-53],[-37,-55],[18,-37],[42,23],[28,-51],[70,-74],[11,-78],[-11,-42],[-26,-46],[2,-28],[-43,-12]],[[5650,36239],[3,167],[-9,30],[-104,141],[-15,11],[-108,42],[-116,79],[-48,12],[-35,19]],[[5218,36740],[-63,58],[-57,15],[-83,-3],[-146,3],[-15,6],[-118,87],[-29,13],[-52,4],[-100,-29]],[[4555,36894],[7,220],[43,110],[2,80]],[[2788,35953],[35,-1],[2,77],[11,11],[69,-4],[53,31],[49,80]],[[3007,36147],[36,50],[36,90],[110,166],[92,181]],[[3281,36634],[-4,-32],[9,-56],[-3,-42],[-14,-33],[13,-31],[-37,-53],[-2,-92],[78,-3],[5,-42],[19,-4],[11,-46],[-5,-87],[-27,-14],[8,-93],[27,-1],[50,-52],[34,-16],[95,-9],[14,-39],[58,-12]],[[3610,35877],[-8,-35],[-51,-66],[-60,-40],[-35,-69],[10,-47],[-8,-41],[-24,-40],[-7,-32],[-74,-55],[-40,-52],[-15,-59],[-42,-29],[-7,-31],[-55,11],[-3,47],[-38,34],[-37,70],[-17,1],[-46,-52],[-53,-14],[-86,-6],[-13,42],[-5,101],[-25,1],[-31,30]],[[2840,35546],[-20,46],[-43,60],[3,201],[8,100]],[[2060,37451],[44,-1],[7,334],[4,191],[391,-8],[105,2],[4,118]],[[2615,38087],[32,-20],[50,-13],[-2,-43],[62,-9],[0,-41],[23,-40],[38,-3],[9,-39],[-1,-76],[18,-17],[178,-5],[-1,-23]],[[3021,37758],[-32,-60],[3,-28],[-15,-34],[-47,-62],[-28,-13],[-29,-55],[-63,13],[-36,-6],[-31,20],[-49,10],[-50,-18],[-20,-17],[-34,-5],[-23,-17]],[[2567,37486],[-24,-22],[25,-47],[9,-38],[-20,-131],[-43,-105],[9,-34],[49,-44],[25,-5],[47,-34],[13,-39],[40,9],[35,-14],[33,-28],[18,-74],[31,-69],[39,-25],[-14,-54],[-45,-32],[-16,-22],[-3,-73],[-27,-81],[33,-36],[51,-37],[52,-4],[16,-69],[38,-31],[-17,-52],[57,-56],[8,-38],[-27,-35],[48,-19]],[[2788,35953],[-40,-3],[-94,-42],[-144,-78],[-43,-51],[-43,-16],[-89,5],[-18,-5],[-46,-48],[-32,-45],[-34,-16],[-117,2],[-58,-41]],[[2030,35615],[10,395],[41,32],[11,393],[-7,20],[4,121],[8,426],[-49,25],[0,31],[29,104],[-7,47],[3,95],[39,66],[10,33],[-30,35],[-32,13]],[[3798,38154],[61,0],[2,-32],[39,-13],[41,-1],[2,88],[165,-4],[1,-88],[81,0]],[[4190,38104],[-4,-197],[-16,-35],[50,-9],[0,-70],[37,23],[101,19],[24,19]],[[4382,37854],[9,-60],[-2,-71]],[[4389,37723],[-9,-38],[-20,-26],[-147,-62]],[[4213,37597],[-129,-55],[-20,-14]],[[4064,37528],[-9,61],[-4,79],[-119,3],[1,35],[-57,96],[-23,22]],[[3853,37824],[2,62],[-19,20],[12,32],[-7,46],[-22,58],[-21,112]],[[4851,38023],[5,237]],[[4856,38260],[86,-43],[71,-3],[96,-23],[65,-2],[24,6],[29,37],[34,17],[72,2],[110,38],[64,29],[159,6],[29,10],[83,54],[38,39],[52,27],[54,-2],[71,-23],[58,-29],[132,-16],[77,-25],[86,21],[93,5],[39,-17],[59,-62]],[[6537,38306],[-130,-433]],[[6407,37873],[-127,3],[-15,-3],[-94,-57],[-86,-66],[-7,-67],[-11,-36],[-32,-31],[-151,-105],[-51,-24],[-45,-36],[-37,-1],[-126,79]],[[5625,37529],[18,25],[-24,23],[-68,32],[-43,6],[-89,1],[-9,75],[6,33],[26,52],[-9,45],[-15,21],[-74,-22],[-6,-71],[-28,-14],[-27,36],[-8,74],[-27,39],[-45,8],[-10,-45],[-58,-27],[-30,2],[-38,-21],[-15,17],[-116,4],[-33,8],[-13,37],[1,42],[-42,2],[2,112]],[[4127,36041],[48,52],[31,79],[19,27],[38,140],[41,2],[7,28],[76,63],[32,18],[-44,19],[-31,41],[0,121],[-6,40],[8,158]],[[4346,36829],[2,88]],[[4348,36917],[81,-3],[80,-22],[46,2]],[[5218,36740],[9,-41],[-31,-28],[-15,-39],[-27,-2],[1,-47],[-24,-101],[-21,-23],[6,-22],[-13,-35],[-56,-20],[-11,-59],[-44,-41],[13,-20],[-7,-46],[19,-44],[-14,-53],[4,-46],[15,-61],[41,-40],[4,-40],[26,-49],[84,-2],[10,-46],[50,-1],[31,-11]],[[5268,35823],[-47,-17],[-20,-21],[1,-24],[25,-49],[1,-31],[-76,-36],[-85,-24],[-45,6],[-130,-6],[-52,12],[-41,-12],[-22,18],[-42,12],[-33,20],[-2,29],[-49,99],[9,88],[-5,55],[-62,14],[-20,-20],[-51,0],[-26,-11],[-23,21],[-30,-25],[-39,-1],[-34,23],[-180,19]],[[4190,35962],[-63,79]],[[609,37483],[663,-13],[220,-8],[568,-11]],[[2030,35615],[-88,-2],[-89,5],[-33,-6],[-56,8],[-70,77],[-27,50],[-33,10],[-64,-8],[-27,10],[-245,7],[-40,31],[-6,57],[2,102],[-36,31],[-222,3],[-38,13],[-139,91],[-25,6]],[[794,36100],[-81,615],[-36,261],[-68,507]],[[4170,37097],[13,-1]],[[4183,37096],[86,-2]],[[4269,37094],[15,0],[0,-57],[13,-32]],[[4297,37005],[-2,-46]],[[4295,36959],[-12,11],[-47,-6],[-31,-33],[-68,3]],[[4137,36934],[26,17],[14,58],[-53,17],[22,28],[22,-1],[2,44]],[[2567,37486],[16,-55],[64,-25],[20,-85],[26,-8],[26,-47],[36,-13],[13,-28],[41,11],[34,-1],[47,-24],[26,13],[46,-4],[34,-33],[47,-20],[203,-2],[31,36],[58,6],[297,-5]],[[3632,37202],[-1,-86],[-41,0],[-2,-109],[-44,-66],[-1,-85],[-42,-6],[-1,-79],[12,-8]],[[3512,36763],[-18,-9],[-64,1],[-117,-76],[-32,-45]],[[4190,38104],[122,-7],[17,54],[0,92],[8,32],[85,-3]],[[4422,38272],[-23,-36],[-6,-315]],[[4393,37921],[-11,-67]],[[3512,36763],[52,4],[42,33],[89,28]],[[3695,36828],[162,47],[68,25]],[[3925,36900],[32,-86],[20,-115],[143,-100],[10,-17],[0,-82],[-13,-252],[1,-72]],[[4118,36176],[-123,4],[-65,25],[-53,8],[-37,-15],[-26,-43],[-54,-21],[-28,-37],[-34,-83],[-54,-54],[-10,-44],[-24,-39]],[[4104,37143],[2,43]],[[4106,37186],[2,122]],[[4108,37308],[42,8],[-3,-130],[24,-1]],[[4171,37185],[12,-89]],[[4170,37097],[-67,2],[1,44]],[[6407,37873],[-156,-523],[-9,-317],[-10,-526],[-4,-173],[-1,-136],[-6,-215],[-16,-659]],[[6205,35324],[-37,6],[-43,25],[-67,84],[-28,67],[-110,117],[-77,147],[-33,38],[-44,30],[-59,56],[-24,39]],[[5683,35933],[0,141],[-32,102],[-1,63]],[[3550,38726],[20,-21],[42,0],[14,-19],[56,-21],[48,-36],[40,-41],[26,-12],[49,-55],[38,2],[14,-20],[130,-3],[3,-87],[-37,-43]],[[3993,38370],[-294,6]],[[3699,38376],[-42,71],[-3,35],[-26,17],[-20,64],[-23,108],[-35,55]],[[3682,37589],[82,-2],[4,-21],[37,4],[2,104],[24,-1],[1,86],[18,27],[3,38]],[[4064,37528],[-15,-17],[-105,-169]],[[3944,37342],[-6,27],[-161,3],[-44,-3]],[[3733,37369],[-25,7],[-74,2],[5,163],[42,7],[1,41]],[[3870,37195],[26,67],[48,80]],[[4064,37528],[23,-43],[-2,-68],[25,-55],[-2,-54]],[[4106,37186],[-65,20],[-30,-16],[-141,5]],[[5683,35933],[-92,2],[-27,-18],[-120,1],[-29,-47],[-52,-33],[-62,-22],[-33,7]],[[4389,37723],[0,-28]],[[4389,37695],[-4,-128],[-9,-31]],[[4376,37536],[-60,-137]],[[4316,37399],[-77,3]],[[4239,37402],[-26,92],[0,103]],[[4026,36932],[32,2]],[[4058,36934],[-4,-97],[292,-8]],[[4127,36041],[-19,32],[10,103]],[[3925,36900],[67,30],[34,2]],[[4058,36934],[79,0]],[[4295,36959],[53,-42]],[[4239,37402],[-15,-81],[-47,-103],[-6,-33]],[[4389,37695],[44,-23],[25,5],[22,-34],[36,-6],[10,63],[106,-2]],[[4632,37698],[-3,-68],[-9,-35],[-7,-72]],[[4613,37523],[-22,-4],[-36,-37],[-50,-9],[-13,46],[-60,2],[-1,-33],[-39,9],[-16,39]],[[4297,37005],[52,-1],[51,12],[-7,53],[1,65],[35,16],[-4,44],[-21,4],[-26,-25],[-23,6]],[[4355,37179],[16,36],[74,31],[35,47],[42,14],[85,-3]],[[4382,37854],[67,17],[11,18],[81,11],[87,76],[12,-8]],[[4640,37968],[-2,-149],[-23,-59],[-1,-26],[18,-36]],[[3993,38370],[119,-3]],[[4112,38367],[83,-1]],[[4195,38366],[-5,-262]],[[3798,38154],[-67,165],[-32,57]],[[4567,38399],[8,85]],[[4575,38484],[203,-6]],[[4778,38478],[50,-1],[31,-66],[-1,-38]],[[4858,38373],[-165,3],[-4,-110]],[[4689,38266],[-67,2]],[[4622,38268],[-57,1]],[[4565,38269],[2,130]],[[4104,37143],[-41,0],[-4,-153],[-31,1],[-2,-59]],[[3925,36900],[-73,187],[1,62],[17,46]],[[4195,38366],[40,-1]],[[4235,38365],[166,-5]],[[4401,38360],[41,-1]],[[4442,38359],[0,-55],[-20,-32]],[[4442,38359],[60,-1],[12,43],[53,-2]],[[4565,38269],[-82,2],[-7,-352],[-83,2]],[[4600,38790],[-23,-169],[-26,-94]],[[4551,38527],[-103,3]],[[4448,38530],[5,263]],[[4867,38783],[-3,-134],[-19,-62],[-31,-29],[-35,-4],[-1,-76]],[[4575,38484],[-2,42],[-22,1]],[[3714,37200],[156,-5]],[[3695,36828],[-8,88],[2,127],[23,30],[2,127]],[[3579,38820],[223,-5],[229,-8],[89,-2]],[[4120,38805],[-8,-438]],[[3550,38726],[20,51],[9,43]],[[4622,38268],[11,-137],[-5,-91],[13,-52]],[[4641,37988],[-1,-20]],[[4641,37988],[61,5],[42,-9],[36,28],[71,11]],[[4607,37304],[0,129],[-4,48],[10,42]],[[4858,38373],[-2,-113]],[[4856,38260],[-167,6]],[[3714,37200],[2,83],[22,55],[-5,31]],[[3632,37202],[82,-2]],[[4275,37182],[80,-3]],[[4269,37094],[6,88]],[[4316,37399],[-32,-153],[-9,-64]],[[33661,38661],[19,-14],[43,44],[29,9],[28,38],[3,199],[43,49],[14,40],[55,42],[23,-1],[-7,-53],[-1,-64],[217,-2],[91,202],[34,68],[5,70],[-38,37],[11,26],[-13,28],[-31,26],[-57,-2],[-31,-33],[-51,-28],[-22,23],[11,50],[-8,73],[39,44],[1,26],[62,50],[11,-15],[33,-1],[45,57],[-72,34],[-21,2],[-3,75],[9,72],[-44,-2],[-39,-27],[-119,1],[-3,-44],[-44,1]],[[33883,39761],[-39,-1],[4,112]],[[33848,39872],[90,143],[38,111],[41,74],[4,73],[9,18],[59,23],[-18,74],[19,29],[-27,71],[-33,-1],[-37,86],[-45,46],[8,67],[-20,4],[-12,41],[-47,32],[-40,15],[-13,28],[-27,18],[-28,44],[25,74],[28,55],[35,29],[-37,40],[14,14],[7,51],[-13,24],[16,45],[-16,40],[5,40],[46,-9],[7,92],[-26,18],[10,38],[-24,55],[7,69],[35,42],[-10,47],[26,49],[-12,9],[17,588]],[[33909,42278],[345,1],[331,-3],[767,8],[7,-3],[206,-1]],[[35565,42280],[19,-11],[32,-83],[32,-27],[33,0],[20,-18],[3,-28],[-18,-37],[30,-56],[-15,-23],[-30,-4],[9,-107],[-17,-20],[5,-66],[-20,-73],[7,-85],[-40,-81],[3,-33],[34,-28],[51,2],[14,-30],[-45,-23],[-55,-8],[18,-48],[67,-12],[35,9],[9,34],[28,4],[3,-30],[44,-26],[-74,-39],[-34,5],[-4,-37],[-19,-45],[21,-11],[40,15],[29,-16],[117,-2],[-7,-481],[-9,-348],[-4,-241],[-5,-173],[-5,-318],[21,-35],[-22,-8],[-24,38],[-44,-11],[-9,39],[-36,-7],[-11,24],[-35,-28],[-57,2],[-23,-27],[-41,41],[12,32],[-25,9],[-28,52],[-36,3],[-14,-24],[7,-51],[-62,-23],[-77,26],[-5,-254]],[[35358,39479],[-6,-298],[-8,-324],[-8,-542],[-7,-256]],[[35329,38059],[-376,4],[-257,6],[-475,1],[-202,-1],[-222,0],[-243,4]],[[33554,38073],[-409,6]],[[33145,38079],[-11,49],[15,41],[30,21],[31,-4],[-2,64],[55,-37],[7,35],[-27,56],[45,44],[3,77],[44,19],[21,23],[28,-19],[40,-2],[46,-17],[16,19],[-25,56],[2,24],[25,18],[42,-9],[16,-21],[27,1],[29,34],[49,-22],[36,30],[-21,42],[-57,10],[4,43],[48,7]],[[2032,28639],[7,38]],[[2039,28677],[8,8],[229,-7]],[[2276,28678],[-5,-214],[40,-9]],[[2311,28455],[-47,-45],[-47,-12],[-5,-28],[-127,4]],[[2085,28374],[-26,125],[-32,53]],[[2027,28552],[5,87]],[[1718,28409],[97,-3]],[[1815,28406],[83,-3]],[[1898,28403],[-2,-38],[127,-10],[26,20],[36,-1]],[[2085,28374],[-11,-29],[15,-75],[12,-29]],[[2101,28241],[-387,14]],[[1714,28255],[4,154]],[[1709,28122],[5,133]],[[2101,28241],[-25,-62],[-7,-69]],[[2069,28110],[-179,6]],[[1890,28116],[-181,6]],[[21140,31224],[82,68],[26,9],[100,-3],[12,62],[53,7],[50,27],[27,-68],[30,46],[27,25],[1,33],[43,45],[32,16],[80,90],[104,-6],[53,-36],[171,-7]],[[22031,31532],[-1,-171],[-7,-257]],[[22023,31104],[0,-26]],[[21347,30813],[-17,137],[-6,100],[-8,16],[-43,0],[-67,-20],[-62,14],[-45,-45],[-24,58],[4,19],[38,42],[-6,32],[29,58]],[[20702,31713],[18,-6],[33,-71],[29,-27],[11,-51],[30,-2],[24,-18],[32,30],[48,-12],[31,-25],[46,-5],[-6,-39],[2,-60],[35,-83],[1,-100],[15,-26],[58,-9],[31,15]],[[2474,28417],[7,248],[55,-5]],[[2721,28565],[5,-21],[-30,-75],[18,-69],[-59,1],[-1,-77],[-82,37],[-1,-90]],[[2571,28271],[-98,3],[1,143]],[[20256,42277],[147,-5],[313,0],[95,-7],[227,4],[387,0],[455,5]],[[21880,42274],[-2,-48],[19,-72],[41,-90],[5,-48],[-24,-36],[-40,-19],[-73,25],[-20,-5],[-43,-50],[-21,-45],[-16,-71],[4,-34],[25,-70],[19,-27],[60,-45],[17,-28],[7,-38],[-13,-41],[-41,-38],[-54,-13],[-57,15],[-62,47],[-32,14],[-33,-2],[-27,-22],[0,-51],[40,-59],[29,-69],[-3,-70],[-33,-39],[-49,-36],[-77,-42],[-27,-8],[-47,70],[-65,-3],[-13,-55],[-26,-47],[-48,-42],[-34,-5],[-28,29],[30,43],[-14,15],[-120,-9],[-46,10],[-21,-18],[12,-29],[-43,-26],[11,-73],[-16,-88],[-27,-54],[-32,-36],[-31,-78]],[[20841,40763],[-8,-30],[-62,-41],[0,83],[-47,6],[-32,43],[-41,32],[-47,-5],[-40,7],[-1,38],[-212,7]],[[20351,40903],[-43,11],[3,119],[67,-6],[85,12],[48,12],[35,22],[57,21],[15,55],[23,24],[21,-37],[54,-3],[32,57],[40,13],[23,-3],[71,-36],[23,31],[-1,24],[-65,30],[-11,50],[-59,26],[11,71],[-35,44],[-70,12],[-47,63],[-32,69],[-38,105],[-29,32],[-13,52],[-26,46],[-18,90],[2,53],[-12,27],[-81,66],[-4,72],[-59,-5],[-89,50],[-10,20],[2,67],[35,18]],[[19378,42280],[511,3],[367,-6]],[[20351,40903],[-6,-266],[-82,3]],[[20263,40640],[-3,13]],[[20260,40653],[-1,83],[-24,42],[-35,16],[-39,44],[-135,28],[-31,46],[-58,8],[-16,13],[-9,54],[-13,22],[-62,19],[-1,-36],[-108,-106],[-10,-28],[-32,-13],[-32,-34],[-41,14],[-20,-44],[-48,-50],[-36,13],[-8,-81],[-30,-23],[-17,-50],[-49,-40],[-37,-3],[-39,-36],[-3,-17]],[[19326,40494],[-99,-23],[-59,-3],[-96,-36],[-102,-26],[-30,-16],[-40,4],[-47,28],[-64,61],[-17,31],[-6,43],[28,36],[43,27],[117,61],[73,63],[42,18],[80,65],[25,36],[15,66],[152,-4],[-2,106],[3,120],[33,648],[-1,212],[4,269]],[[3426,40731],[46,2],[38,22],[22,-6],[146,-5],[0,11]],[[3678,40755],[104,-2]],[[3782,40753],[-1,-67]],[[3779,40567],[-3,-237],[21,-22]],[[3797,40308],[-129,1],[5,261],[-168,4]],[[3505,40574],[-82,2]],[[3423,40576],[3,155]],[[2499,41707],[68,-41],[30,62],[10,48],[26,16],[46,-50],[19,2],[23,40],[55,-39],[29,-7],[24,14],[40,6],[9,44],[27,41],[26,5],[7,33],[36,20],[28,57]],[[3216,41901],[18,-39],[-26,-48],[-3,-36],[-29,-17],[-10,-39],[-24,-9],[-25,-78],[-26,-9],[-12,-72],[8,-28],[41,-13],[47,32],[6,45],[24,8],[22,-17],[34,9],[32,-17],[25,-38],[49,-3],[51,48],[9,-73],[12,-13],[3,-61],[-12,-14],[12,-46],[-21,-89],[6,-29],[-13,-61],[9,-30],[112,-53],[23,6]],[[3558,41117],[0,-39],[-95,-41],[-31,-39],[0,-91],[31,-16],[-12,-53],[3,-43],[-27,-1],[-1,-63]],[[3426,40731],[-71,3],[-15,-7]],[[3340,40727],[-48,2],[-27,35],[0,29],[-58,53],[-59,1],[-12,13],[2,60],[-17,15],[-57,4],[-6,14],[3,76],[9,42],[-15,42],[-39,26]],[[3016,41139],[-53,31],[-15,20],[-13,60],[-47,57],[-86,7],[-24,23],[-47,78],[-20,56],[-116,2],[-4,61],[-53,53],[-8,21],[-50,37]],[[2480,41645],[-5,19],[24,43]],[[4029,40302],[-45,1]],[[3984,40303],[-187,5]],[[34464,27193],[209,-1],[321,6],[173,25],[187,-1]],[[35354,27222],[-7,-261],[-4,-12],[-168,2],[-96,-13],[0,-88],[63,4],[-10,-56],[1,-86],[-8,-40],[36,5],[147,0],[143,-4],[3,-4],[-29,-177],[28,-2]],[[35453,26490],[113,0],[47,24],[56,48],[71,-8],[15,35],[53,37],[-26,46],[-24,10],[5,34],[46,7],[16,15],[53,14],[25,-6],[-3,75],[-61,28],[54,61],[117,38],[26,18],[122,115]],[[36158,27081],[189,176],[45,21],[140,21]],[[36532,27299],[0,-134],[-13,-21],[-33,0],[-33,-36],[-33,-85],[-1,-38],[13,-108],[44,-94],[4,-27],[-18,-67],[53,-93],[80,-55],[41,-56],[13,-35],[1,-55],[-14,-90],[0,-105],[20,-60],[21,-40],[77,-76],[21,-42],[-11,-72]],[[34675,25943],[-15,59],[27,36],[-8,113],[-8,52],[-22,51],[0,46],[23,1],[11,62],[-15,22],[-45,31],[-44,66],[-9,55],[26,51],[-62,33],[8,29],[-33,28],[-15,57],[-56,55],[-13,26],[11,87],[-43,84],[13,36],[20,6],[8,105],[23,7],[7,52]],[[33197,28434],[0,396],[0,245],[4,432]],[[35433,29543],[24,-28],[-15,-40],[-28,4],[11,-60],[-34,-2],[-33,-16],[-52,-59],[0,-48],[-43,-31],[-4,-57],[-26,13],[-45,-75],[6,-28],[-22,-23],[-17,-89],[-45,-40],[8,-46],[-67,-125],[-31,-89],[-21,-32],[15,-23],[-1,-49],[13,-8],[-6,-51],[26,-69],[-19,-6],[-45,-70],[-35,-43],[-20,1],[-29,-39],[-9,-29],[-34,5],[-7,-63],[-24,-35],[38,-83],[-25,-52],[7,-29],[-23,-28],[6,-19],[-60,-51],[-28,-8],[-5,-32],[-30,-21],[-8,-44],[-37,-10],[-32,-25],[-5,-45],[-40,-41],[-2,-27],[-21,-34],[-44,-47],[-13,-48],[31,-119],[-1,-35],[-23,-11],[7,-26],[-27,-17],[-3,-55],[-26,-60],[4,-33]],[[34675,25943],[-202,2],[-149,-2],[-163,5],[-5,-8],[-160,-9],[-348,4],[-154,0],[-324,6]],[[33170,25941],[4,180],[3,389],[6,248],[4,256],[-1,180],[9,532],[2,708]],[[36532,27299],[5,70],[39,82],[-1,34],[-15,31],[-5,39],[48,38],[31,63],[17,86],[45,299],[25,104],[55,115],[0,47],[23,105],[26,33],[-19,28],[25,201],[133,379],[74,207],[28,72],[6,34],[30,57],[17,55],[24,34],[32,3]],[[38181,29492],[-2,-352],[-3,-178],[-1,-265]],[[38175,28697],[0,-266],[-5,-349],[-2,-180],[-3,-176],[-4,-336],[-9,-500]],[[38152,26890],[-9,-579],[40,0],[-8,-418]],[[38175,25893],[1,-11],[-333,7],[-160,1],[-514,15],[0,14],[-78,1],[-161,7],[-1,-23]],[[35354,27222],[115,-1],[23,10],[63,-6],[24,28],[43,4]],[[35622,27257],[-22,-20],[0,-35],[-56,-340],[-7,-21],[-5,-89],[-79,-262]],[[35622,27257],[16,3],[23,34],[82,-32],[54,-5],[47,63],[17,47],[28,-5],[37,-52],[4,-30],[-13,-38],[5,-27],[-20,-78],[89,-2],[71,-20],[44,-39],[52,5]],[[35433,29543],[428,1],[337,-2],[1,48],[304,-5],[175,0],[276,-4]],[[14708,14428],[59,15],[51,39],[87,13],[72,43],[43,74],[-2,23],[25,23],[34,6],[31,-19],[47,-1],[23,-11],[25,54],[-3,40],[34,32],[55,11],[20,-21],[52,5],[1,66],[27,88],[5,114],[48,-19],[41,16],[24,-23],[22,9],[42,69],[49,45],[36,54],[20,59],[3,83],[-20,59],[40,106],[68,75],[1,132],[29,88],[23,9],[35,-17],[37,9],[15,44],[-6,28],[12,90],[25,69],[-16,105],[34,68],[35,15],[50,-20],[40,-27],[22,12],[8,53],[-8,39],[7,36],[26,28],[66,2],[42,35],[38,55],[34,26],[8,42],[21,28],[11,74],[45,28],[39,-5],[42,44],[20,65]],[[16502,16710],[28,-19],[-22,-29],[-10,-90],[28,-167],[35,-58],[53,-41]],[[16614,16306],[-60,-93],[12,-21],[-22,-159],[375,-8]],[[16919,16025],[45,-19],[26,-24],[34,-69],[35,-56],[44,-142],[54,12],[38,-16],[21,126],[22,4],[1,43],[-14,38],[19,89],[3,75],[20,29],[52,-41],[14,-31],[40,4],[87,-11],[28,-11],[36,35],[58,5],[23,28],[-11,19],[-4,69],[8,20],[-6,45],[5,51],[-8,38],[8,32]],[[17597,16367],[111,-40],[70,-36],[214,-64],[72,-43]],[[17994,13859],[-321,9],[-176,4],[-304,2],[-171,5],[-165,1],[-159,6],[-154,21],[-305,17],[-173,8]],[[16066,13932],[-163,3],[-444,21],[-140,8],[-538,20],[-35,20],[-20,-19],[-21,-56],[-21,-13]],[[16614,16306],[85,131],[30,29]],[[16729,16466],[50,-77],[48,-92],[14,-60],[21,-27],[18,-108],[39,-77]],[[14496,16777],[183,-5],[324,-7],[163,1],[325,-9],[9,265]],[[15500,17022],[3,91],[-9,368],[201,-5]],[[15695,17476],[51,-26],[52,-14],[20,-20],[23,-56],[20,-74],[40,-56],[29,-16],[80,-6],[44,6],[106,50],[124,-4],[31,-35],[-6,-23],[-38,-25],[-22,-27],[10,-40],[59,-5],[23,-9],[39,-52],[24,-100],[31,-87],[62,-92]],[[16497,16765],[5,-55]],[[14305,14905],[8,26],[-12,48],[10,64],[-10,52],[14,119],[25,28],[30,16],[62,90],[-2,40],[-13,47],[-22,45],[-36,35],[-9,85],[8,32],[42,73],[8,43],[20,21],[14,51],[39,85],[6,110],[46,10],[36,22],[22,36],[25,13],[7,34],[20,24],[42,80],[-10,78],[42,123],[-1,47],[-39,23],[-84,18],[-38,37],[-81,36],[-10,45],[18,23],[18,50],[-4,63]],[[16729,16466],[27,18],[59,16],[222,18]],[[17037,16518],[90,5],[73,-10],[20,-18],[-28,-49],[49,-17],[99,14],[56,-6],[88,-45],[56,-3],[57,-22]],[[16497,16765],[193,146]],[[16690,16911],[78,-1],[0,-89],[108,-4],[-10,-34],[-22,-17],[-14,-79],[162,-5],[27,-77],[-7,-52],[25,-35]],[[5027,31258],[17,732],[1,115]],[[5045,32105],[1,59],[112,-2],[377,-11],[180,-3],[163,-6],[13,524],[166,-8],[7,347],[488,-15],[4,176],[170,-3],[6,174],[-173,4]],[[6559,33341],[3,176],[667,-19],[357,-10]],[[7586,33488],[140,-8],[334,-9],[328,-18],[166,-5]],[[8554,33448],[-1,-176],[-15,-360],[-22,-838],[-7,-333],[-16,-589]],[[31965,42268],[426,1],[490,3],[692,5],[336,1]],[[33848,39872],[-11,22],[-114,3],[0,32],[-48,15],[-155,-1],[-3,11],[2,183],[-42,-27],[-6,-37],[-47,-43],[-66,-23],[-43,-28],[-46,-67],[-2,-39],[-85,-2],[-4,-266],[157,0],[53,-14],[7,-67],[28,-63],[27,-29],[32,-13],[30,-54],[65,-49],[52,-4],[41,-45]],[[33670,39267],[10,-25],[27,-14],[22,-43],[-19,-106],[9,-24],[34,-18],[-7,-40],[-28,-13],[-36,9],[2,-47],[-19,-66],[35,-59],[-33,-18],[-30,-30],[-46,-6],[69,-39],[30,-42],[-29,-25]],[[33145,38079],[-89,2],[-37,-32],[-32,-50],[-25,-19],[-7,-31],[5,-53],[20,-51],[-7,-27],[13,-39],[-14,-46],[3,-48],[-38,-14],[-56,-32],[-46,35],[-23,38],[8,16],[49,17],[-30,18],[-24,44],[-47,36],[-3,25],[22,66],[-6,52],[21,53],[-6,34]],[[32796,38073],[3,41],[56,4],[8,69],[12,36],[29,12],[14,50],[-50,64],[-20,-1],[-27,33],[-22,-25],[-31,-4],[-42,13],[-51,136],[31,-1],[36,24],[33,48],[-16,15],[4,33],[28,27],[-6,40],[39,123],[-2,34],[-30,59],[10,17],[-11,31],[14,28],[-24,141],[-42,17],[14,32],[28,32],[-7,80],[40,23],[33,30],[39,65],[19,16],[-10,62],[-48,19],[-2,50],[-20,4],[-12,52],[-20,9],[-42,79],[5,39],[-31,21],[-52,-13],[-71,73],[-22,43],[-15,63],[50,22],[38,59],[19,58],[-27,56],[-20,-13],[-26,20],[7,35],[-13,25],[-45,10],[-28,-30],[-34,8],[-41,54],[45,25],[56,49],[38,100],[-37,17],[-57,47],[-37,44],[-46,20],[-22,43],[-3,36],[-61,20],[-5,50],[35,-2],[41,44],[26,15],[43,0],[4,40],[25,-17],[16,-30],[50,-25],[25,10],[12,40],[-37,45],[-13,40],[-30,32],[35,50],[-42,46],[-12,53],[-54,21],[-32,40],[-15,57],[-45,0],[-58,112],[5,58],[-20,18],[-5,48],[15,34],[-12,28],[16,51],[-22,53],[-44,31],[-17,23],[-22,-28],[9,-34],[-19,-18],[-36,27],[-35,13],[-31,37],[-1,25],[34,42],[-15,27],[-20,2],[-86,-31],[-21,27],[-47,43],[-30,4],[14,51],[41,4],[30,-13],[41,12],[46,48],[43,91],[24,28],[-28,44],[-17,48],[-40,74],[-24,-20],[-18,35],[-21,16],[-25,80],[20,19],[-7,29]],[[29790,42262],[248,2],[342,1],[320,2],[168,-1],[511,2],[331,-1],[255,1]],[[32796,38073],[-36,1],[-38,-18],[-62,8],[-37,19],[-33,-1],[-106,41],[-38,-11],[-23,20],[-19,51],[-52,-1],[-22,11],[2,41],[-39,49],[-23,-26],[-27,10],[-24,36],[-14,53],[-19,25],[7,35],[34,0],[-7,28],[-56,40],[-16,32],[-43,31],[20,53],[-20,61],[-23,24],[-13,41],[-62,-16],[-34,13],[-22,35],[-84,-18],[-42,17],[-73,64],[3,63],[-27,39],[-55,-31],[-57,21],[-38,28],[-65,1],[-20,31],[-29,-11],[-21,56],[11,61],[-37,70],[-29,28],[-19,-15],[-14,-57],[-13,-93],[-22,-33],[10,386],[-167,3]],[[31163,39368],[2,358],[0,176],[2,349],[-163,0],[11,529],[-163,2],[8,175],[-172,7],[13,371],[-375,6],[2,177],[-42,0],[2,179],[-41,0],[2,178],[-42,-2],[1,88],[-174,2],[1,88],[-167,4],[3,86],[-84,2],[3,119]],[[41698,34401],[47,-20],[410,15],[1,-394],[132,1],[228,-3],[5,-264],[-4,-84],[483,-5],[264,0],[370,-4],[47,-4],[-6,-265],[18,1],[74,48],[36,3],[42,20],[23,-52],[-70,-1],[-52,-20],[-36,-30],[-45,-16]],[[43665,33327],[-51,-57],[-176,-105],[-27,-21],[-12,-49],[-38,-44],[-99,-66],[-37,-58],[3,-75]],[[43228,32852],[-43,1],[-1,139],[9,31],[45,51],[44,38],[-22,11],[3,172],[-254,-1]],[[43009,33294],[-267,3],[-320,-613],[-255,2],[1,-87],[-120,1]],[[42048,32600],[-102,-1],[-302,-433],[-185,-261],[-124,-180],[-129,-182]],[[41206,31543],[-184,6],[-485,7],[-359,4]],[[40182,32617],[-5,373],[1,588]],[[41206,31543],[147,-2],[25,3],[475,1],[0,-672],[-4,-152],[165,81],[-3,-246],[-5,-243],[75,-67],[7,-17],[-1,-85],[14,-17],[178,-1],[27,-23],[90,-106],[65,-51],[22,-35],[-12,-102],[15,-18],[133,-2],[90,2]],[[42709,29791],[66,-147],[31,-139],[11,-101],[1,-53],[-93,-72],[-79,-47],[-86,-38],[-164,-64],[-80,-96],[118,-86],[-5,-44],[-91,-46],[-141,228],[70,85],[-80,101],[-32,129],[0,65],[26,133],[38,126],[0,47],[-10,27],[-100,119],[-83,21],[-122,-7],[-62,-15],[-42,-34],[-62,-72],[-35,-86],[-62,-228],[-99,-64]],[[41542,29433],[-181,1],[-595,10]],[[40766,29444],[-226,3],[-238,5],[-122,1]],[[43717,35215],[3,-264]],[[43720,34951],[1,-264],[-286,5],[-5,176],[0,402],[-34,37],[95,63],[-23,40]],[[42335,36230],[548,6]],[[42503,35846],[2,-177],[166,-1],[2,-263],[135,-1],[21,34],[61,-11],[37,-17],[104,107],[112,46],[24,21],[124,-3],[92,-48]],[[43720,34951],[126,-4],[-1,89],[168,-3],[166,-1],[-4,703],[0,344],[-22,-2],[-149,6],[-1,63]],[[44003,36245],[814,10],[327,3],[175,-1],[18,-50],[34,-46],[42,-46],[-10,-100],[21,-158],[30,-56],[42,-40],[129,-86],[228,-134],[99,-83],[100,-55],[35,-31],[55,-81],[22,-88],[9,-122],[-10,-97],[-14,-70],[-19,-48],[-29,-37],[-49,-47],[-86,-50],[-54,-3],[-67,27],[-82,83],[-75,86],[-139,124],[-45,50],[-30,24],[-106,51],[-74,8],[-48,-3],[-34,-12],[-34,-29],[-49,-67],[-109,-117],[-32,-52],[-27,-62],[-15,-76],[-9,-79],[3,-39],[17,-40],[38,-52],[54,-35],[75,-34],[209,-77],[84,-26],[73,-30],[102,-47],[58,-33],[25,-24],[11,-36],[-5,-79],[-23,-56],[-20,-23],[-88,-75],[-111,-80],[-75,-39],[-26,-2],[-38,16],[-24,26],[-69,5],[-107,44],[-81,14],[0,-19],[-151,-53],[-135,-150],[-31,-55],[24,-84],[-24,-92],[-3,-40],[10,-90],[-1,-44],[-17,-27],[-115,-81],[-114,-64],[-123,-37],[-46,10],[-62,43],[-19,108],[-99,21],[-74,-11],[-184,-67],[-44,7],[-43,26],[-49,63],[-54,0]],[[42048,32600],[1,-90],[114,0],[11,-4],[175,-2],[1,-285],[25,70],[45,66],[14,-4],[18,-66],[63,-153],[42,15],[19,21],[23,52],[24,17],[58,2],[332,-3]],[[43013,32236],[117,-1],[87,79],[88,-185],[10,-31],[-6,-37],[33,0],[31,75],[23,31],[49,-14],[45,-3]],[[43490,32150],[44,-38],[57,-35],[100,-43],[55,-10],[78,8],[70,27],[28,30],[50,108],[50,38],[55,22],[52,1],[28,-19],[53,-91],[13,-49],[4,-77],[-21,-130],[-29,-61],[-25,-24],[-47,-27],[-88,-38],[-6,-12],[-151,-124],[-35,-14],[-50,-1],[-110,30],[-87,-71],[-102,-41],[-150,-99],[-40,-45],[-41,-71],[-13,-65],[33,-109],[50,-102],[19,-49],[44,-80],[34,-25],[35,-12],[63,-34],[83,-17],[45,-3],[33,-26],[9,-41],[-34,-96],[28,20],[35,-5],[24,-25],[16,-62],[-1,-62],[-21,-69],[-40,-62],[-61,-29],[-51,-8],[-51,5],[-80,47],[-100,43],[-119,58],[11,81],[16,32],[-12,83],[-24,32],[-132,113],[-16,18],[-73,50],[-57,31],[-88,12],[-102,-20],[-74,-43],[-51,5],[-71,-25],[-35,-24],[-45,-60],[-8,-78],[-16,-64],[-33,-71],[-33,-117],[-6,-45],[20,-154],[27,-85],[48,-100],[37,-58],[33,-37],[58,-49],[66,-47],[44,-75]],[[43228,32852],[11,-78],[7,-154],[-3,-59],[9,-59],[51,-93],[69,-89],[24,-24],[10,-30],[44,-72],[40,-44]],[[43013,32236],[-4,1058]],[[1689,27449],[27,-31],[24,-49],[95,10],[45,-7],[48,20],[23,20],[70,36],[38,11],[34,27],[60,12],[89,29]],[[2242,27527],[90,-174]],[[2332,27353],[40,-58],[184,-150],[41,-38],[76,-93],[26,-20],[84,-37],[33,-27],[75,-85]],[[2891,26845],[40,-22],[13,-23],[8,-74],[1,-94],[-45,-26],[-40,-153]],[[2868,26453],[-6,-97],[-38,-30],[-35,-46],[-219,5],[-46,-2],[-46,-62],[-25,-18],[-28,-1],[3,98],[-24,0],[-74,29],[-20,-51],[-59,-12],[-16,-34],[-39,-14],[-49,46],[-58,-38],[0,-21],[-30,-31],[-52,11],[-79,-105],[-37,-29],[-7,25],[-40,-13],[-6,32],[-33,-14],[-3,-18],[-43,-9],[-6,42],[-18,14],[-26,-15],[-57,30]],[[1652,26125],[15,571],[22,753]],[[2902,28419],[-3,-157],[-164,4],[-6,-214]],[[2729,28052],[-123,7],[-42,7]],[[2564,28066],[-1,78],[8,127]],[[1998,29062],[56,30],[25,22],[182,197],[88,75]],[[2510,29263],[-157,-147],[-22,-48],[1,-38]],[[2332,29030],[-171,4]],[[2161,29034],[-92,3]],[[2069,29037],[-66,3]],[[2003,29040],[-5,22]],[[1725,28888],[19,-16],[73,97],[16,12],[165,81]],[[2003,29040],[-1,-20],[-92,-99],[-68,-89]],[[1842,28832],[18,-31],[-23,-22],[-3,-124]],[[1834,28655],[-11,1],[-8,-250]],[[1718,28409],[5,180],[5,42],[-17,76],[9,80],[-22,57],[27,44]],[[2276,28678],[4,132]],[[2280,28810],[2,83],[58,2],[-7,41],[-1,94]],[[2474,28417],[-82,47],[-18,17],[-26,-11],[-3,-31],[-34,16]],[[3171,26386],[98,7],[67,-28],[23,13],[35,-8],[72,21],[34,-6],[14,-21],[65,-13],[48,-19],[62,-48],[5,-13],[48,6],[7,23],[40,37],[1,47],[68,5],[93,28],[6,21],[-68,36],[-97,74],[-54,48],[-71,0],[-128,57],[-63,10],[-28,24]],[[3448,26687],[76,62],[67,15],[20,19],[62,29],[45,58],[53,159],[24,37],[15,40],[37,32],[10,47],[-8,71],[11,145],[12,535]],[[3872,27936],[89,-60],[23,-8],[122,-26],[66,-18],[64,-29],[52,-32],[112,-44],[73,-25],[50,-4],[87,-17],[93,15],[42,-11],[31,-21],[24,-1],[109,46],[84,22]],[[5464,26739],[-7,-355],[-5,-133]],[[5452,26251],[-10,-398],[-168,6],[-165,3],[-331,8],[-162,9],[-177,5],[-10,-530]],[[4429,25354],[-169,2],[-2,-89],[-167,5],[-1,-44],[-41,0],[-2,-43],[-125,5],[0,-88],[-258,6],[-2,-87],[-43,1],[-65,-31],[-148,-50],[0,-22]],[[3406,24919],[-13,8],[-51,79],[-19,67],[-35,36],[1,59],[11,86],[-8,63],[-41,130],[6,288]],[[3257,25735],[2,80],[-9,27],[-31,35],[4,109],[-7,28],[-27,29],[-16,62],[14,63],[-50,123],[8,35],[24,35],[2,25]],[[3044,28021],[112,25],[32,-7],[59,14],[44,51],[22,-28],[22,29],[30,14],[0,61],[-29,21],[66,55],[35,59],[93,49],[14,0],[57,35],[3,15],[-44,19]],[[3872,27936],[-68,38],[-110,24],[-56,24],[-35,5],[-182,-12],[-141,-28],[-95,-11],[-108,22],[-33,23]],[[1725,28888],[8,17]],[[2564,28066],[-117,27],[-61,8],[-1,-60],[-81,-1]],[[2304,28040],[-6,64],[-229,6]],[[28641,14494],[17,16],[18,47],[18,14],[37,-3],[5,442],[-38,43],[-39,106],[2,228],[4,278],[332,-21],[530,7]],[[29527,15651],[-9,-31],[34,-10],[14,-33],[-9,-35],[20,-11],[26,-46],[-31,-109],[-44,-9],[8,-30],[39,-18],[1,-49],[25,-18],[49,-69],[-21,-32],[-4,-57],[-21,-56],[-30,-1],[-18,-21],[-12,-72],[17,-17],[-15,-30],[8,-22],[40,-23],[16,-41],[28,20],[6,-43],[43,-18],[22,-23],[79,64],[23,36],[5,58],[14,15],[142,12],[166,-8],[246,10]],[[30384,14934],[247,4],[-8,-311],[78,3],[3,-42],[82,-2],[166,2],[143,-7],[469,-17],[101,1]],[[31665,14565],[3,-33],[21,-20],[-16,-25],[2,-49],[-38,0],[-9,-43],[13,-30],[43,-19],[22,32],[29,-13],[18,-34],[26,22],[38,-34],[14,-66],[-22,-32],[2,-25],[-32,-40],[21,-21],[-7,-35],[44,-30],[-4,-42],[56,-30],[21,-73],[23,-19],[21,8],[-4,-50],[37,-23],[-52,-16],[35,-57],[-13,-25],[35,-9],[32,19],[49,-44],[-38,-24],[33,-30],[-18,-31],[38,-26],[-1,-34],[26,-17],[11,-34],[-19,-40],[-49,-35],[-1,-54],[-17,-17],[6,-51],[-33,-3],[5,-34],[33,14],[10,-26],[-26,-13],[-24,-65]],[[32009,13189],[-21,-16],[-41,-54],[-82,-55],[-30,-37],[-1,-33],[31,-51],[-18,-27],[-60,21],[-22,-11],[11,-53],[35,-40],[11,-34],[-15,-34],[-55,-62],[-14,-71],[10,-125],[9,-42],[34,-27],[48,-7],[23,-49],[0,-42],[-15,-55],[7,-25],[49,-16],[40,2],[46,-22],[23,-27],[48,-78],[49,-149],[4,-34],[-7,-55],[-19,-44],[4,-43],[29,-32],[77,-24],[23,-25],[18,-57],[31,-39],[35,-26],[1,-36],[-31,-46],[-40,-8],[-52,4],[-29,-19],[25,-38],[68,-24],[13,-27],[-12,-18],[-70,-24],[-18,-65],[97,-66],[31,-26],[-1,-45],[-27,22],[-104,27],[-36,-4],[-40,-28],[-12,-45],[-26,-29],[-51,10],[-35,38],[-7,36],[9,42],[26,32],[29,54],[52,56],[-6,69],[-20,57],[-29,42],[-23,16],[-52,6],[-30,-6],[-112,-53],[-58,-13],[-44,-1],[-50,17],[-75,1],[-49,-28],[-24,-30],[-40,-100],[-13,-13],[-35,1],[-49,52],[-12,52],[23,105],[49,51],[9,25],[7,80],[-2,85],[-25,-1],[-43,-28],[-53,-77],[-29,-69],[-41,-71],[-46,-18],[-62,16],[-15,-20],[-12,-90],[-27,-66],[-24,-15],[-45,10],[-42,35],[-59,60],[-39,66],[-10,35],[17,105],[-11,17],[-148,-97],[-43,-14],[-64,-12],[-106,-3],[-75,-13],[-89,-27],[-44,19],[-31,29],[-16,47],[16,32],[76,71],[95,27],[52,-54],[57,-25],[30,-2],[31,13],[50,50],[24,68],[2,54],[-28,106],[-41,118],[0,41],[-34,72],[-53,65],[-70,21],[-37,-22],[-8,-54],[25,-47],[55,-61],[32,-76],[19,-77],[-4,-34],[-17,-20],[-62,-18],[-20,9],[-22,41],[-42,115],[-52,75],[-29,19],[-55,-10],[-34,-44],[-37,-108],[-26,-62],[-39,-48],[-61,-32],[-43,-5]],[[29997,11795],[-41,13],[-40,32],[-27,40],[-39,95],[-53,88],[-26,28],[-121,99]],[[29650,12190],[-93,79],[-37,56],[-21,62],[-4,36],[11,63],[36,135],[4,61],[-3,106],[-21,112],[-21,44],[-65,79]],[[29436,13023],[34,5],[45,35],[36,59],[-26,7],[-65,-18],[6,35],[22,23],[-4,54],[-21,80],[21,17],[-26,99],[-18,8],[4,34],[-34,59],[46,45],[-45,44],[-29,-9],[-10,68],[-107,22],[-71,-8],[-48,4],[-19,-11],[-21,-40],[-34,3],[-15,-24],[-51,-29],[-22,7],[-28,36],[10,68],[0,92],[8,63],[-31,14],[-36,-11],[-41,-41],[-8,-35],[-65,-8],[-15,24],[19,53],[-11,101],[-34,41],[-19,39],[19,29],[5,34],[33,30],[-41,39],[-11,38],[-33,13],[6,32],[-39,23],[18,49],[-6,22],[23,24],[-23,80],[-43,53]],[[30046,16736],[45,-4],[251,-4]],[[30342,16728],[-11,-599],[-3,-247],[77,-155],[5,-52],[-2,-212],[-12,-12],[-12,-517]],[[29527,15651],[-15,24],[16,19],[-7,25],[18,25],[-6,34],[17,22],[-5,25],[-56,64],[9,33],[-32,42],[0,36],[-32,18],[-6,43],[-29,111],[-24,43],[16,44],[25,18],[95,-8],[2,101],[168,6],[7,357],[322,-1],[36,4]],[[28039,17726],[468,474]],[[28507,18200],[0,-53],[-22,0],[-6,-246],[14,-50],[34,-23],[297,-166]],[[28824,17662],[-445,10],[-341,8],[1,46]],[[27022,17889],[251,-10]],[[27273,17879],[105,-3],[165,-17],[307,-9],[186,12]],[[28036,17862],[3,-136]],[[28824,17662],[211,-5],[13,707],[178,-1],[8,464],[3,61]],[[29237,18888],[489,-14]],[[29726,18874],[-4,-259],[165,-2],[167,-14],[-22,-972],[-36,1],[-21,-26],[17,-29],[20,-87],[-25,-14],[1,-26],[-53,-26],[3,-30],[-16,-26],[3,-39],[32,-20],[2,-25],[29,-31],[-1,-34],[-18,-21],[46,-103],[-5,-19],[-30,-32],[34,-70],[44,-5],[-7,-44],[-16,-40],[-28,4],[4,-36],[60,-51],[15,-44],[-40,-18]],[[28641,14494],[28,90],[-5,54],[-19,50],[-29,8],[-28,51],[-35,19],[-32,-5],[-63,-22],[-52,37],[-46,0],[-20,-21],[-18,16],[-28,-20],[-39,-7],[-40,6],[-7,-35],[-42,-27],[11,-39],[-43,-6],[-28,15],[-9,-37],[-51,-5],[-22,55],[23,55],[4,44],[19,21],[-5,24],[-59,1],[1,33],[-53,0],[-25,-13],[-163,5],[-329,16],[-243,15],[-232,6],[9,541],[8,353],[7,350],[14,531],[15,946],[7,290]],[[30342,16728],[465,-8],[10,92],[96,-39],[-5,-25],[55,-8],[19,-48],[15,-7],[18,-43],[-29,-72],[-8,-43],[21,-44],[33,-114],[18,10],[31,-79],[-77,-66],[-45,-6],[-79,-50],[3,-69],[25,-26],[0,-30],[40,-30],[7,-33],[-23,-47],[-4,-41],[17,-11],[1,-58],[-30,-20],[46,-78],[0,-17],[48,-16],[8,-37],[-9,-27],[34,-66],[35,8],[24,-28],[35,-7],[43,10],[22,-24],[24,-49],[39,13],[23,-20],[44,-11],[-2,-32],[35,-20],[39,-64],[-14,-57],[51,-7],[-11,-37],[25,-31],[11,-42],[28,-10],[37,-31],[44,-51],[8,-35],[-44,-62],[8,-33],[-12,-15],[21,-97],[7,-70],[26,-35],[35,-80],[23,-28],[1,-27],[17,-35]],[[29726,18874],[334,-8]],[[30060,18866],[191,-6],[160,-2],[448,-13],[-2,-61],[-21,-68],[10,-64],[-17,-43],[-59,-71],[14,-50],[27,-17],[56,-16],[76,15],[35,0],[68,-39],[88,-3]],[[31134,18428],[13,-25],[-13,-43],[12,-64],[-6,-38],[-42,-62],[-8,-43],[24,-30],[27,-1],[42,18],[46,-15],[5,-39],[-36,-73],[8,-44],[38,-29],[75,13],[30,-16],[67,-79],[33,-10],[49,17],[32,67],[35,10],[50,-36],[10,-39],[-48,-63],[-19,-76],[-19,-30],[-37,-30],[1,-35],[42,-19],[36,8],[37,-16],[27,-32],[-3,-54],[-29,-20],[-24,6],[-44,35],[-26,-11],[16,-112],[11,-18],[37,-8],[72,44],[41,-1],[22,-12],[36,-38],[28,-15],[34,15],[61,112],[34,21],[32,-17],[14,-79],[34,-50],[-6,-66],[26,-12],[21,23],[34,-1],[20,-36],[2,-64],[14,-33],[35,-29],[6,-30],[-31,-26],[-64,16],[-30,-30],[6,-44],[28,-26],[62,-26],[42,-61],[38,-20],[34,1],[45,14],[21,-6],[17,-33],[-7,-49],[58,-120],[-10,-44],[9,-25],[43,-25],[79,-100],[45,-26],[54,-17],[14,-33],[-10,-33],[-38,-51],[17,-36],[33,-12],[54,-6],[28,-22],[13,-66],[33,-7],[31,20],[43,-10],[26,37],[25,-9],[2,-29],[21,-28],[31,-18],[29,-37],[46,-17],[42,13],[20,-12]],[[33042,16121],[29,-54],[-30,-71],[18,-35],[-8,-17],[-40,-2],[-35,-17],[5,-34],[62,11],[28,-25],[10,-39],[-25,-45],[-31,5],[-32,23],[-29,-17],[29,-42],[11,-46],[-7,-79],[26,-56],[-6,-46],[-18,-14],[-36,11],[-11,24],[13,46],[-13,43],[-43,8],[-21,-20],[-4,-99],[-40,-58],[5,-27],[33,-23],[2,-29],[-20,-72],[3,-39],[36,-29],[59,1],[-33,-60],[10,-22],[40,-21],[-15,-48],[-38,-33],[-43,-5],[-35,33],[-16,-40],[15,-38],[26,-32],[75,-37],[10,-23],[-19,-83],[8,-89],[44,-51],[11,-38],[-18,-21],[-40,-14],[-24,-27],[-10,-54],[3,-57],[-13,-37],[-22,-23],[-43,-10],[-22,12],[-32,42],[-34,-2],[-8,-56],[-47,-83],[-1,-36],[19,-27],[39,-22],[-3,-36],[-56,-30],[5,-28],[50,-45],[28,-82],[20,-36],[-7,-28],[-59,-34],[0,-24],[33,-41],[29,-60],[40,-6],[6,-16],[-56,-36],[-60,9],[-42,-11],[-28,-43],[0,-79],[-30,-21],[-42,34],[-40,-8],[-24,-74],[-28,-28],[-14,-45]],[[32471,13488],[-9,-40],[-19,-40],[-15,-54],[-24,-24],[-54,8],[-86,59],[-20,-2],[-15,-65],[25,-52],[-35,-2],[-23,27],[-30,-10],[19,-33],[-3,-81],[8,-70],[-32,-37],[-58,15],[-39,68],[-21,22],[-31,12]],[[9363,28750],[126,28],[181,53],[105,47],[37,20],[58,54],[51,65]],[[9921,29017],[49,63],[65,39],[75,11],[60,-9],[34,-20],[62,-65],[41,-58],[28,-26],[53,-19],[37,7],[49,35],[87,80],[86,86]],[[10647,29141],[117,135],[40,41],[56,30],[70,3],[47,-13],[68,-45],[37,-66],[-5,-86]],[[11077,29140],[-28,-202],[-1,-34],[41,-105],[42,-188],[33,-94],[70,-80],[64,-54],[30,-42],[-49,-42],[-40,-4],[-29,-24],[-43,8],[-55,-29],[-24,-28],[-1,-50],[9,-36],[31,-36],[92,13],[27,14],[194,29],[72,-15],[107,21],[213,75],[95,20],[59,-9],[65,-33],[186,-109]],[[12237,28106],[68,-45],[64,-57],[60,-76]],[[9798,25917],[-17,66],[-69,-5],[-18,30],[-40,33],[-51,-3],[-17,32],[-38,15],[-27,-15],[-75,-5],[28,29],[-93,14],[-106,69],[-32,-5],[2,27],[24,54],[35,27],[116,10],[82,-19],[37,2],[53,20],[19,28],[-81,15],[-90,41],[-34,-4],[-25,13],[-57,10],[-38,-7],[-36,24],[-25,41]],[[9225,26454],[15,31],[67,-7],[19,7],[42,59],[39,14],[-12,41],[-18,9],[-6,77],[-33,86],[9,30],[-24,44],[-25,-16],[-22,12],[-30,48],[-93,102],[-49,32],[-54,99],[-19,10],[-81,3],[-104,50],[-20,23],[-49,10],[-34,-2],[-19,30],[-37,3],[-16,19],[1,122],[84,16],[72,-13],[27,10],[106,-3],[7,44],[115,-4],[6,5],[2,81],[44,3],[170,-22],[59,6],[90,-1],[36,42],[1,20],[-32,33],[-37,13],[0,33],[-46,24],[5,24],[83,-6],[6,256],[-5,10],[-76,2],[2,88],[-144,3],[66,96],[11,429],[30,35],[-12,36],[-25,32],[10,38],[36,30]],[[7661,27659],[3,196],[8,73],[114,-4],[58,22],[45,-2],[21,14],[54,1],[53,-19],[74,-48],[88,-6],[7,24],[551,-16],[30,-36],[-17,-57],[-32,-45],[-13,-102],[-37,-32],[-33,-1],[-3,-156],[-90,-2],[-50,-24],[20,-37],[32,-32],[-22,-16],[-36,14],[-28,-25],[-24,-49],[-47,3],[-21,-21],[-40,-9],[-29,12],[-46,-17],[-40,10],[-109,15],[-31,-10],[-20,49],[39,17],[241,30],[1,25],[-44,13],[-50,27],[-16,42],[-22,13],[-4,49],[-47,66],[-10,33],[-28,5],[-100,-4],[-45,-7],[-106,16],[-43,-1],[-156,9]],[[5452,26251],[95,-68],[87,-17],[67,-30],[38,-26],[22,-44],[70,-63],[25,-44],[25,-18],[110,-25],[77,-9],[66,-35],[98,-7]],[[6232,25865],[6,-34],[18,-12],[15,-38],[-7,-52],[3,-59],[39,-13],[19,-40],[3,-32],[33,12],[67,40],[15,2],[-5,-176],[10,-19],[43,32],[18,38],[-2,53],[61,-33],[54,60],[36,59],[51,18],[-5,37],[25,8],[36,-10],[33,46],[57,15],[14,12],[-29,70],[27,21],[22,67]],[[6889,25937],[305,-6],[74,10],[38,26],[81,10],[64,-15],[169,-2],[88,-22],[76,-14],[205,-59],[177,-57],[138,-19],[64,-30],[29,-27],[54,0]],[[8469,24386],[-406,4],[-247,6],[-333,3],[-323,11],[-163,12],[-156,2],[-170,5],[-159,2],[0,-9],[-162,10],[-161,3],[-325,13],[-324,5],[-3,-3],[-333,16],[-163,2],[9,335],[-290,8],[-343,11],[2,171],[10,361]],[[8422,28688],[76,-15],[63,10],[66,34],[60,69],[48,165],[26,49],[38,39],[26,5],[39,-17],[94,-101],[41,-55],[96,-39],[109,-76],[56,-13],[103,7]],[[9225,26454],[-63,39],[-55,-40],[0,-35],[-52,25],[-34,35],[-36,-17],[-70,-11],[-1,-30],[-39,-19],[-78,-16],[-21,36],[-50,19],[-24,-6],[-20,-42],[-29,-28],[-95,36],[-32,42],[-41,-2],[-8,39],[5,38],[49,54],[-29,39],[3,29],[-23,17],[-8,27],[6,42],[-10,35],[-39,16],[-54,-45],[-30,16],[-25,-6],[-127,1],[-20,85],[-96,2],[-30,63],[-61,55],[-40,22],[-84,20],[-21,16],[-5,30],[2,66],[-85,-13],[-76,-18],[-42,-21],[-143,2],[-82,-19],[-52,1],[-89,-17],[-113,-32],[-100,-24],[-35,8],[-92,-20],[-50,1],[-1,111],[-21,5],[-139,-69],[-35,-9],[-90,15],[-119,5]],[[6232,25865],[21,-1],[-9,48],[13,45],[30,46],[41,-41],[70,-8],[49,3],[46,18],[32,78],[-2,24],[107,-1],[138,40],[31,15],[63,-19],[13,-73],[-2,-101],[16,-1]],[[21247,19089],[553,-8]],[[1369,14349],[644,4]],[[2013,14353],[11,-45],[-13,-38],[-28,-24],[-7,-31],[20,-54],[39,-46],[-5,-20],[-34,-8],[-52,35],[-20,-7],[-9,-31],[54,-36],[25,-55],[-1,-52],[-13,-50],[26,-63],[29,-26],[39,-54],[23,-87],[-2,-72],[-20,-52],[8,-30],[71,-29],[-4,-55],[-22,-33],[-10,-40],[11,-22],[56,-45],[13,-35],[2,-98],[73,-109],[-1,-56],[-18,-91],[-24,-28],[-19,0],[-10,-38],[34,-12],[94,1],[22,-22],[34,-5],[1,-61]],[[2386,12729],[-150,-1],[-44,-29],[-26,18],[-20,-24],[-47,5],[7,-56],[-62,2],[-52,-10],[2,36],[-19,15],[-60,-18],[-15,-41],[31,-28],[374,-86],[42,-3],[0,-87],[140,1],[-5,-38],[-19,-45],[109,68],[26,-55],[-35,-71]],[[2563,12282],[-21,-44],[-3,-31],[24,-42],[27,-21],[38,-73],[26,-20],[19,-32],[2,-33],[32,-40],[3,-33],[47,9],[102,-7],[44,1],[8,17],[39,6],[35,-14],[38,-3],[45,11],[78,-22],[116,-120],[20,-16],[82,-8],[10,-53],[93,11]],[[3467,11725],[0,-49],[18,-78],[23,-31],[-6,-30],[-30,0],[-23,-38],[-102,4],[-7,-7],[0,-76],[-15,-18],[11,-41],[-15,-471],[44,-7],[-7,-62],[2,-60],[38,-29],[-2,-65],[-24,-11],[21,-42],[5,-32],[-68,-60],[12,-30],[-10,-99],[50,-8],[38,25],[1,33],[28,-3],[-7,-62],[7,-21],[-23,-24],[28,-26],[-29,-24],[-37,-4],[-43,-26],[-31,-42],[-27,-23],[-41,-2],[25,-32],[23,-12],[36,-41],[27,-44],[70,-86],[-8,-76],[-87,-57]],[[3332,9838],[-39,27],[-27,-30],[-26,4],[-28,56],[-42,6],[-15,55],[-18,23],[-56,11],[-24,-15],[-48,-63],[-60,-25],[-34,7],[-5,26]],[[2910,9920],[16,20],[47,-3],[9,51],[-66,22],[-18,38],[-2,111],[24,26],[13,39],[-13,50],[-31,8],[-44,-13],[-31,11],[-14,24],[-28,-2],[-19,-17],[-42,-9],[-5,39],[52,25],[12,17],[-28,35],[-31,-5],[-32,-25],[-49,4],[-37,73],[-11,44],[49,87],[-40,50],[-37,-1],[-59,-29],[-82,-23],[-46,9],[-52,-12],[-37,1],[-17,43],[17,17],[44,-17],[18,11],[36,50],[-10,25],[-59,31],[-47,7],[-43,30],[-91,16],[-18,35],[23,35],[4,65],[25,51],[1,61],[-7,28],[-35,27],[-30,-23],[-27,6],[-12,39],[-29,53],[40,16],[36,-41],[33,-3],[20,19],[60,96],[-4,40],[-40,47],[-31,4],[-31,-11],[-43,1],[-58,14],[-27,30],[-33,18],[-39,-10],[-56,-1],[-25,-13],[-6,-45],[44,-7],[24,-27],[17,-83],[14,-35],[-24,-10],[-125,30],[-21,36],[-51,6],[-35,-17],[-36,6],[-27,68],[-38,12],[-4,-29],[26,-36],[-12,-40],[-43,47],[-33,12],[-36,35],[-23,65],[-38,26],[-22,-37],[-30,-19],[-41,14]],[[1303,11333],[7,371],[27,1213],[10,377],[13,706],[9,349]],[[3467,11725],[65,16],[35,-1],[79,-22],[50,-51],[24,-11],[44,9],[104,-2],[-30,31],[22,34],[12,41],[33,42],[35,9],[6,48],[-5,51],[32,30],[58,-25],[48,-2],[-31,84],[17,57],[-9,49],[23,1],[33,50],[26,13],[74,-18],[53,9],[13,34],[24,6],[-9,64],[21,45],[43,13],[56,-7],[48,-44],[45,-10],[24,4],[29,-27],[21,-5],[52,-44],[63,10],[49,-31],[20,-43],[23,1],[39,-30],[48,-3],[34,19],[69,-15],[19,-22],[48,24],[14,-8]],[[5058,12098],[55,-81],[-16,-32],[25,-11],[-12,-33],[9,-22],[-2,-61],[13,-28],[-30,-29],[21,-15],[9,-64],[46,-48],[-7,-39],[25,-26],[-31,-20]],[[5163,11589],[-17,-36],[-29,-6],[-3,-80],[13,-18],[-13,-29],[16,-34],[-48,-52],[37,-97],[-32,-40],[-7,-30],[20,-41],[30,-103],[18,-1],[21,-45],[4,-45],[26,21],[34,-104],[-16,-10],[8,-60],[38,-60],[-6,-60],[23,-37],[62,-19],[13,-26],[75,-11],[55,-34],[36,-13],[29,-48],[18,-12],[-9,-46],[-27,-30],[5,-55],[44,-36],[-25,-56],[52,-22],[43,-2],[19,-38],[-2,-51],[23,-4],[13,-84],[34,-9],[7,-31],[67,-43],[-4,-19],[32,-70],[31,-7],[61,-49],[28,-54],[23,-11],[15,-36],[5,-68],[60,-72],[-25,-30],[9,-40],[21,-41],[33,-3],[-8,-42],[-20,-33],[37,-25],[-10,-17],[-33,19],[0,-35],[-48,-7],[0,-93],[16,-11],[3,-48],[28,0],[20,-35],[-3,-18],[27,-22],[3,-49]],[[6113,9036],[-118,6],[-321,13],[-329,8],[8,347],[-424,14],[0,20],[-33,26],[-54,0],[-37,10],[-46,28],[-106,0],[-29,19],[-22,-23],[9,-43],[-29,-17],[-49,16],[-34,22],[-12,-8],[-29,-72],[-18,-12],[-39,18],[-30,44],[2,45],[-38,35],[-38,-25],[28,-59],[-58,-21],[-35,7],[-15,16],[-20,76],[-27,34],[-27,15],[-22,-30],[37,-33],[-13,-12],[-52,5],[-54,-17],[-47,-32],[-21,15],[4,36],[29,25],[13,40],[-20,88],[33,46],[3,34],[-25,30],[-52,7],[-61,-34],[-76,-11],[-38,-13],[-38,-60],[-33,22],[-5,126],[-33,12],[-17,-53],[-35,-18],[-15,-25],[7,-70],[-27,-10],[-18,19],[-39,-11],[-16,17],[6,47],[-38,18],[-33,29],[-34,5],[-12,15],[7,36],[-29,35],[-47,-15]],[[2386,12729],[122,1],[8,43],[176,2],[16,-24],[-5,-79],[27,16],[64,-5],[-15,-41],[11,-52],[-20,-43],[30,-57],[-9,-23],[-42,-23],[-31,17],[-9,-34],[-24,-8],[-20,-37],[-38,2],[-2,-34],[-29,-32],[-9,-42],[-24,6]],[[2013,14353],[325,2],[492,8],[396,10],[244,4]],[[3470,14377],[324,-1],[184,2],[462,-6],[380,-12],[77,-50],[-8,-84],[-45,-7],[-15,-30],[23,-25],[-11,-30],[5,-36],[-36,-24],[0,-24],[28,-26],[-25,-24],[-27,6],[-1,-38],[21,-13],[79,-14],[9,-22],[-15,-61],[-56,-58],[3,-24],[33,-1],[25,-24],[-22,-35],[-53,23],[-32,-19],[-2,-34],[21,-11],[85,-21],[59,-54],[27,-7],[19,-25],[-41,-40],[-21,-44],[-57,-72],[9,-45],[47,-58],[52,-23],[-22,-48],[-4,-44],[-17,-62],[-33,-52],[-2,-54],[-46,-1],[-3,-32],[121,-86],[56,17],[25,-54],[-6,-49],[-42,-5],[-40,-19],[-6,-38],[-29,-25],[-1,-38],[40,-56],[-26,-54],[-12,-62],[-1,-55],[32,-33],[-21,-44],[32,-50],[-13,-22],[16,-38],[37,-42],[15,-40],[50,-23],[7,-25],[-49,-28],[25,-26]],[[18892,37039],[912,-21],[163,0],[502,-11]],[[20469,37007],[-7,-351],[-12,-379],[-7,-322]],[[20443,35955],[-14,-566]],[[20429,35389],[-23,33],[-3,42],[-43,24],[-117,53],[-98,-41],[-35,7],[-64,-52],[-91,-20],[-43,16],[-33,31],[-19,33],[-38,39],[-58,31],[-15,-46],[-53,-31],[-117,-10],[-53,-15],[-34,38],[-50,35],[-83,32],[-104,-26],[-32,17],[-108,18],[-46,-24],[-9,-40],[-32,-11],[-27,-47],[-6,-33],[-25,-19],[-28,-42],[-20,-99],[-71,-83],[-72,2],[-24,-6],[-15,-47],[-45,-183],[-2,-23],[26,-129],[-56,3],[-35,75],[-29,40],[-87,-94],[-48,-24],[-12,-39],[-67,-2],[-3,-41],[-47,-5],[-17,-45],[-43,-65],[-51,-27],[-6,-22],[20,-48],[-4,-63],[-25,-63],[1,-44],[-21,-31],[-51,-54],[-11,-34],[39,-79],[-7,-56],[13,-52],[-15,-20],[-48,21],[-51,12],[-65,48],[-26,45],[-40,39],[-7,66],[-35,35],[-64,20],[9,36],[-11,121],[-13,19],[-49,0],[-54,35],[22,46],[2,86],[-24,9],[-40,-6],[-24,-33],[-102,44],[-22,29]],[[17515,34695],[37,34],[58,35],[8,43],[28,24],[68,79],[49,44],[32,12],[-1,21],[27,70],[-6,40],[7,32],[-25,3],[-1,40],[-22,55],[-43,1],[-24,52],[-38,21],[11,36],[-25,50],[-4,37],[-17,32],[25,58],[28,3],[28,35],[-7,28],[-53,30],[-23,-8],[-14,-30],[-48,19],[6,18],[-12,39],[56,42],[52,-7],[55,39],[-45,26],[-4,18],[57,64],[29,-35],[23,8],[6,29],[-46,33],[-17,29],[4,25],[61,19],[-58,38],[33,54],[-9,30],[-42,8],[-11,49],[43,13],[42,-15],[9,13],[-25,39],[17,47],[72,11],[24,20],[23,41],[44,29],[2,19],[-31,25],[9,27],[79,-47],[22,-7],[43,12],[19,16],[62,27],[14,55],[-21,47],[-37,18],[-69,8],[-26,12],[-3,36],[35,34],[28,-10],[33,-42],[50,-9],[51,8],[54,-18],[69,-14],[4,-59],[23,-56],[59,2],[53,49],[45,32],[13,20],[-12,29],[-46,34],[-29,114],[-65,31],[0,46],[20,13],[66,-10],[30,-21],[33,-75],[0,-43],[41,-67],[58,-38],[58,-16],[42,9],[84,-11],[-12,67],[63,66],[-24,36],[-71,-6],[-22,23],[11,59],[22,14],[103,5],[25,14],[22,38],[11,48],[-8,25],[-79,25],[-18,35],[6,39],[46,56]],[[20429,35389],[0,-135],[-12,-350],[23,0],[-1,-168],[-5,-171],[0,-174],[-8,-354],[-6,-347]],[[16929,32887],[13,30],[-7,129],[15,42],[-12,28],[4,41],[-42,50],[-61,31],[-65,48],[-7,65],[24,56],[66,47],[8,87],[-50,83],[20,32],[-23,27],[25,37],[-17,17],[0,45],[23,28],[17,47],[-5,39],[28,9],[44,-25],[70,21],[9,59],[45,31],[7,50],[28,75],[9,46],[53,56],[12,30],[-12,24],[6,49],[21,13],[-5,43],[50,92],[6,42],[29,44],[31,14],[57,60],[47,10],[48,31],[77,25]],[[15559,36127],[5,131],[7,350],[6,339],[4,168],[-66,2],[8,525]],[[16024,37630],[331,-5],[168,0],[0,-53],[-9,-476],[170,-10],[327,-7],[336,-11],[508,-8],[324,-12],[330,-5],[0,3],[383,-7]],[[16775,32889],[-497,11],[-817,16]],[[15461,32916],[10,529],[7,540],[28,-1],[14,599],[28,958],[3,177],[6,364],[2,45]],[[29390,42269],[259,-6],[141,-1]],[[31163,39368],[-5,-175],[-78,1]],[[31080,39194],[-97,42],[-20,20],[-52,102],[-57,85],[-65,35],[-74,95],[-41,25],[-82,-36],[-53,37],[-67,-44],[-52,10],[-102,6],[-56,-14],[-28,16],[-31,-2],[-57,-35],[-18,3],[-70,45],[-42,48],[-43,33],[-35,40],[-43,62],[-9,38],[-39,47]],[[29847,39852],[-82,34],[-77,40],[-64,-6],[-33,-11],[-44,-52],[-38,-8],[-71,56],[11,46],[52,14],[56,38],[17,31],[5,46],[-12,39],[4,69],[43,78],[76,93],[72,22],[18,61],[-9,42],[3,115],[-126,4],[-26,-36],[-50,-6],[-49,26],[-54,-46],[-30,-49],[-55,-30],[-7,-37],[-27,-18]],[[29350,40407],[5,600],[10,355],[0,179],[3,175],[17,357],[5,196]],[[27150,39311],[163,1],[300,-7],[152,-4],[211,-10],[337,-19],[1,90]],[[28314,39362],[112,34],[138,-6],[175,44],[21,15],[92,101],[7,17]],[[28859,39567],[111,83],[26,12],[53,53],[25,-1],[32,42],[18,-44],[49,-70],[20,-62],[50,63],[61,0],[35,50],[34,15],[23,-10],[42,10],[45,23],[59,-6],[54,19],[40,-22],[17,-20],[31,57],[-6,53],[44,26],[39,11],[86,3]],[[31080,39194],[-591,14],[-6,-167],[-164,1],[-3,-182],[-10,-357],[-5,-165],[-2,-182],[33,-1],[-4,-192],[2,-197],[-16,-684],[-5,-80]],[[30309,37002],[-49,0],[-51,33],[20,42],[26,28],[28,56],[-2,26],[-69,81],[-54,31],[1,30],[-40,14],[-35,-27],[-37,-14],[-2,30],[-27,27],[-43,22],[-6,31],[11,22],[-4,39],[13,13],[-20,31],[-36,-11],[-26,-32],[-66,14],[-32,61],[-2,64],[-11,53],[-45,-21],[-19,-58],[-6,-43],[-66,-90],[-39,-18],[-42,5],[-18,62],[49,58],[19,44],[-23,54],[-29,18],[-31,-7],[-37,-41],[3,-40],[-34,-13],[-14,-42],[-29,3],[-68,73],[-29,-12],[-26,-30],[-58,6],[-34,-30],[-30,1],[-49,-75],[2,-57],[14,-32],[-25,-23],[-43,29],[-18,44],[-19,16],[-45,9],[-46,-33],[-29,-10],[-19,-63],[6,-24],[26,-28],[-4,-31],[-52,-11],[-11,60],[-17,24],[-71,20],[-29,-31],[-80,-38],[0,-36],[47,-42],[8,-23],[-18,-60],[-34,-53],[-64,30],[-35,8],[-10,29],[-2,50]],[[28573,37194],[-20,53],[20,19],[32,-6],[23,23],[-17,40],[-46,21],[-30,-9],[-17,-35],[1,-42],[-12,-61],[-10,-3],[-62,35],[-23,59],[7,70],[-52,-20],[-53,5],[-20,74],[11,96],[-59,30],[-17,-6],[-24,-97],[-53,-69],[-47,-31],[-37,11],[-15,30],[39,34],[51,19],[-24,55],[-32,19],[-50,-43],[-4,-44],[-41,-19],[-52,9],[-21,27],[-14,39],[-53,-3],[-40,-13],[3,94],[10,17],[-30,31],[-49,-8],[-17,-51],[15,-74],[-20,-17],[-24,53],[-17,20],[-38,9],[-50,24],[-5,13],[15,103],[-4,31],[-33,59],[-21,6],[-44,-58],[-29,-18],[-15,14],[-10,56],[-14,18],[-75,-36],[-42,9],[2,64],[-22,50],[2,32],[-33,32],[-16,46]],[[27251,37980],[6,261],[46,-1],[7,531],[-166,7],[6,533]],[[4490,40636],[145,-4],[2,88],[-62,1],[7,86],[157,-3],[25,86],[110,-3],[24,43]],[[4898,40930],[-18,-58],[-94,-157],[77,-2],[-1,-43],[56,-10],[7,-62],[43,-33],[10,-53]],[[4978,40512],[-13,-44],[-32,-29],[-54,-15],[-14,-18]],[[4865,40406],[-15,-19],[-29,-6],[-53,25],[-29,-18],[-23,-51],[-50,-1],[-18,-101]],[[4648,40235],[-82,4]],[[4566,40239],[0,44]],[[4566,40283],[6,263],[-84,3]],[[3782,40753],[1,63],[17,0],[22,72],[25,31],[-3,63],[14,54],[6,76],[27,20],[-10,46],[19,72]],[[3900,41250],[34,1],[81,-34],[44,-68],[34,-32],[70,-27],[34,4],[43,-17]],[[4240,41077],[-8,-29],[-32,-37],[5,-86],[-29,-37],[-51,-2],[-21,-23],[50,-52],[9,-29],[-10,-49]],[[4400,40289],[166,-6]],[[4566,40239],[-6,-220]],[[4560,40019],[-166,6]],[[4394,40025],[6,264]],[[11617,5326],[201,-7],[161,-1],[404,-12],[32,-2],[376,-9],[165,-17],[2,176],[162,-3],[166,-7],[481,-16],[163,0]],[[13930,5428],[-12,-420],[-12,-458],[167,-4],[861,-26]],[[14934,4520],[18,-42],[-58,7],[-41,-46],[-58,-40],[-9,-64],[-19,-4],[-25,-31],[-4,-23],[-48,-40],[-13,27],[-50,-30],[-59,-15],[-34,22],[-53,-4],[-52,20],[-10,-26],[-32,4],[-33,-22],[-5,-44],[-43,-9],[-13,-32],[-53,8],[-15,19],[-26,-10],[-23,11],[-77,-6],[-1,-33],[-62,-37],[-13,-23],[23,-17],[60,-17],[-23,-50],[-83,-31],[-33,-34],[-21,-42],[-32,-34],[-58,0],[-29,-12],[-70,-56],[-80,-81],[-84,-54],[-41,-70],[-43,-60],[-41,-36],[-34,-44],[-66,-44],[-64,11],[-74,-10],[-43,6],[-80,-7],[-88,-55]],[[13019,3320],[7,139],[10,75],[-94,16],[-44,2],[-137,-10]],[[12761,3542],[-99,-8],[-46,5]],[[12616,3539],[-63,32],[-631,574],[-42,28],[-60,14],[-94,-4],[-39,8],[-331,10],[-45,19],[-70,60],[-63,10]],[[11178,4290],[1,44],[17,27],[20,0],[37,56],[7,35],[22,26],[-14,18],[17,30],[-1,35],[15,11],[21,59],[-1,39],[16,21],[-5,50],[4,38],[37,20],[32,35],[14,46],[1,60],[22,28],[47,98],[7,42],[18,33],[4,45],[55,60],[46,80]],[[12481,3204],[166,-6],[42,-17],[0,27],[197,-4],[25,19]],[[12911,3223],[78,83],[30,14]],[[13019,3320],[-3,-71],[-16,-129],[-7,-17],[-104,-163],[-19,-46],[8,-63]],[[12878,2831],[-42,-18],[-45,-5],[-26,10],[-66,4],[-45,29],[-66,-2],[-38,37],[-34,20],[-46,-10],[-49,29],[-61,4],[-9,22],[62,25],[28,45],[2,28],[30,21],[18,42],[-15,41],[5,51]],[[13051,2134],[-11,31],[4,71],[-78,293],[-21,64],[-67,238]],[[14934,4520],[275,-9]],[[15114,161],[-104,0],[-160,-3],[-91,3],[-317,3],[-320,-1],[-157,1],[-382,-1],[-401,2],[-174,6],[-69,-1]],[[12939,170],[-2,82],[-17,59],[-24,51],[-49,32],[-31,8],[-51,46],[-75,37],[-32,27],[5,67],[-2,117],[4,29],[23,27],[54,88],[16,16],[51,80],[10,78],[18,58],[37,88],[2,40],[32,55],[21,110],[-4,53],[12,54],[23,19],[2,72],[-6,48],[36,-4],[8,-22],[44,-1],[29,16],[26,-15],[80,-2],[25,-26],[52,-9],[-2,22],[-27,83],[-25,112],[-20,49],[-8,47],[-50,176],[-12,28],[-61,69]],[[24104,23771],[43,63]],[[24147,23834],[36,-32],[24,-6],[3,-41],[144,-3]],[[24354,23752],[103,0],[0,-43],[-17,-31],[1,-59],[-12,-45],[-56,0]],[[24373,23574],[-272,6],[3,191]],[[22444,22501],[-29,-103]],[[22415,22398],[-31,-20],[-62,10]],[[22138,22128],[3,-88]],[[22141,22040],[0,-43],[-18,-28]],[[22123,21969],[2,74],[-41,2],[1,43],[-82,4],[1,42],[76,42],[0,43],[-73,2]],[[22007,22221],[3,131],[82,-2],[4,131],[-42,3],[-18,132],[-63,2],[2,114]],[[4400,40289],[3,192],[-81,35]],[[30067,22105],[257,73],[755,30],[165,-3],[43,6],[26,17]],[[31313,22228],[-3,-17],[0,-183],[-20,-885],[4,-20],[52,-133],[19,-144],[-7,-50],[-64,-84],[-21,-53],[-5,-225],[-167,4],[-156,1],[-8,-121],[5,-27],[44,-53],[85,-250],[132,-350],[106,-274],[-186,4],[-1,-53],[-13,-32],[-46,-22],[7,-96],[20,-29],[57,-22],[41,4],[34,-19],[19,-46],[-11,-30],[-43,-22],[-42,-6],[-3,-51],[17,-29],[45,-4],[13,-14],[-4,-34],[40,-17],[4,-28],[-14,-43],[71,-52],[38,-53],[-13,-59],[-3,-65],[-31,-37],[-57,-31],[-9,-29],[14,-22],[36,-22],[33,-3],[12,-55],[-40,-25],[-38,6],[-10,26],[-32,15],[-19,49],[-28,21],[-8,35],[-33,-10],[8,-36]],[[30060,18866],[7,356],[-331,11],[4,179],[-163,5],[-167,1],[11,531],[-8,1],[5,175],[252,-5],[418,-14],[9,351],[0,354],[12,345],[11,527],[5,175],[1,170],[-50,49],[-9,28]],[[31313,22228],[357,318],[102,-56],[21,-17],[18,70],[308,-4],[34,7],[322,-6]],[[32475,22540],[162,0]],[[32637,22540],[-1,-172],[-6,-359],[-1,-179],[-4,-182],[-8,-585],[-3,-84]],[[32614,20979],[-1,-39],[61,0],[432,-9],[-6,-364],[-3,-91],[-5,-272],[-10,-343]],[[33082,19861],[-4,-353],[0,-352],[-5,-336],[-4,-205]],[[33069,18615],[-12,-870],[173,-5],[332,-13],[-4,-299],[-11,-721]],[[33547,16707],[-6,-239],[1,-177],[-2,-173],[-498,3]],[[30145,23091],[686,-2],[5,352],[1,88],[5,177],[3,262],[329,-1],[181,-2],[8,235],[203,-11],[198,-2],[411,-9]],[[32175,24178],[-10,-500],[-13,-422],[-2,-175],[85,-5],[248,5],[-1,-187],[-7,-354]],[[30067,22105],[-1,38],[31,85],[17,22],[44,-9],[46,9],[22,38],[-4,31]],[[30222,22319],[-6,59],[-22,33],[20,30],[4,36],[-37,63],[11,23],[42,8],[26,-24],[31,-5],[46,18],[32,33],[3,58],[-10,8],[-40,-27],[-100,68],[-67,88],[-15,55],[-30,51],[-35,7],[-67,-15],[-28,38],[3,46],[27,27],[24,-5],[39,-58],[36,-9],[38,23],[-2,143]],[[4400,40289],[-250,9]],[[21065,19449],[-13,-352]],[[20598,19105],[26,151],[-12,40],[7,109],[9,42],[-11,69],[43,28],[60,83]],[[14578,29575],[64,-16],[91,-1],[64,33],[106,-1],[36,12],[303,-7],[-2,-177],[150,-5],[24,3],[340,-5],[34,-14],[100,27],[49,-13],[75,-2],[45,-25],[4,-18],[59,-2],[55,-36],[47,-12],[39,7],[86,-11],[41,10]],[[16388,29322],[-8,-620],[-9,-524],[-2,-352],[-4,-357]],[[16365,27469],[-87,92],[4,34],[-18,26],[-44,-21],[-34,3],[-105,-106],[-54,-1],[-47,24],[-141,3],[-9,17],[1,78]],[[15831,27618],[-6,48],[-130,91],[-47,56],[-60,21],[-65,62],[-109,40],[-45,-28],[-35,26],[-31,-18],[-49,10],[-21,16],[-79,17],[-93,38],[-45,40],[-22,-3],[-27,24],[-40,19],[-14,-14],[-36,5],[-18,16],[-50,-3],[-38,11],[-45,-2]],[[14726,28090],[0,48],[-73,62],[-18,4],[-61,52],[99,93],[47,9],[11,39],[0,74],[-26,9],[-44,31],[2,43]],[[14663,28554],[-10,143],[6,19],[-73,3],[-34,10],[-35,46],[-79,13],[-29,24],[4,138],[13,55],[-17,22],[-36,14],[-56,2],[-27,18],[1,48],[-18,22],[-64,1],[-32,41],[39,30],[26,-2],[52,-24],[48,-2],[49,26],[76,53],[8,34],[-3,56],[-37,48],[3,27],[57,47],[39,47],[14,49],[30,13]],[[15590,27219],[1,61],[12,50],[7,80],[-6,57],[69,27],[42,47],[69,25],[47,52]],[[16365,27469],[-6,-520]],[[16359,26949],[-5,-698]],[[16354,26251],[-46,7],[-86,-5],[-72,-17],[-78,-26],[-82,-11],[-61,6]],[[15435,26204],[-7,16],[42,41],[31,59],[12,58],[-1,52],[-61,23],[-26,-8],[-21,-35],[-29,-8],[-8,24],[37,51],[-40,41],[-82,3],[-20,11],[-14,36],[-32,31],[-28,12],[-93,1],[39,71],[-79,78],[-40,1],[-30,31],[-8,33],[36,47],[0,35],[20,20],[12,53],[-10,17],[8,58],[-5,23],[12,40],[33,-3],[307,-6],[47,5],[70,35],[83,69]],[[13670,28024],[80,-19]],[[13750,28005],[-1,-23],[-25,-92],[9,-107],[48,-26],[11,-35],[-15,-22]],[[13777,27700],[-5,-14],[-2,-154]],[[13770,27532],[-1,-50]],[[13769,27482],[-41,14],[-38,1],[-2,23]],[[13688,27520],[4,22],[-175,69],[-37,25]],[[13480,27636],[-20,39],[-31,108],[-2,40],[-17,42],[-127,138],[-184,56]],[[13099,28059],[-2,40],[21,35],[53,18],[102,-18],[53,0],[19,13],[23,38],[40,-44],[55,-8],[49,-30],[26,-59],[40,6],[92,-26]],[[13480,27636],[-57,-29],[17,-119],[11,-29],[0,-40],[25,-49],[30,-19],[96,-39],[38,-10]],[[13640,27302],[37,-9],[28,-24],[37,-49],[33,32]],[[13775,27252],[-33,-74]],[[13742,27178],[-17,-52],[-30,-176],[-13,-27],[-61,-42]],[[12833,27461],[69,130],[79,112],[86,93],[28,24],[1,112],[-4,124],[7,3]],[[12945,30431],[4,251],[1,189],[-6,0],[6,170],[7,355],[331,-7],[165,-8],[5,347],[5,190],[10,168],[7,706],[4,175]],[[13484,32967],[167,-13],[482,-6],[664,-17],[171,-4],[111,1],[382,-12]],[[16393,29750],[-5,-428]],[[14578,29575],[0,51],[-80,-49],[-28,-35],[-37,5],[-20,-11],[-33,40],[-47,-17],[-26,13],[-44,-17],[-32,24],[-15,29],[-66,17],[-49,-10],[-26,-24],[-22,0],[-39,-25],[-51,0],[0,-55],[11,-18],[38,-20],[2,-37],[-13,-29],[-64,-5],[-17,-36],[30,-18],[10,-62],[-27,-6],[-41,-31],[-25,-3],[-54,-28],[-8,83],[-29,0],[-17,-29],[-191,5]],[[13568,29277],[-71,1],[-23,15],[-2,55],[-16,16],[-108,11],[-64,40],[-33,58],[8,97],[7,22],[-6,71],[-47,32],[-33,57],[0,109],[-31,46],[-5,46],[-57,18],[-52,-19],[-77,-2],[-1,41],[-20,2]],[[12937,29993],[8,438]],[[13568,29277],[36,-13],[22,-26],[26,-75],[-48,-91],[-2,-35],[-51,-22],[-50,-104],[-6,-38],[-25,-43],[20,-83],[-30,-37],[-70,-17],[-50,-52],[-72,-32],[-10,-12],[1,-48],[81,-61],[26,9],[28,35],[100,-5],[41,-21],[0,-13]],[[13535,28493],[-17,-57],[4,-23],[48,-97],[59,-34],[8,-28],[14,-130],[46,-43],[-27,-57]],[[12237,28106],[14,979],[14,750],[165,-5],[505,-12],[2,175]],[[5692,5158],[2,71],[-14,49]],[[5680,5278],[32,0],[42,46],[23,9],[163,-4]],[[5940,5329],[-13,-822],[-3,-95]],[[5924,4412],[-37,58],[-111,110],[-9,-15],[-5,-255],[-81,12],[-120,2],[-2,-87],[-115,5],[-4,43],[-108,3]],[[5332,4288],[0,352]],[[5459,5338],[2,133]],[[5644,5468],[-9,-41],[13,-61]],[[5648,5366],[32,-88]],[[5332,5870],[699,-16],[-3,-111],[-26,-32]],[[6002,5711],[-92,-82],[-61,-39],[-49,-39]],[[5800,5551],[-35,-42],[13,-36],[-23,-9],[-21,-55],[-42,0],[-44,-43]],[[5464,5653],[-69,-13],[-63,-1]],[[5332,5639],[0,231]],[[10578,7722],[6,176],[5,193]],[[10589,8091],[9,337],[4,285],[8,171],[6,221]],[[10616,9105],[24,-36],[65,-37],[10,-20],[83,-38],[55,-4],[23,-36],[51,-10],[19,7],[42,-23],[-6,-43],[53,6],[54,-34],[22,10],[21,-30],[33,-5],[26,-36],[19,15],[26,-54],[-1,-25],[23,-36],[32,-9],[63,-34],[45,50],[71,15],[43,-19],[40,22],[14,-25],[33,13],[40,39],[54,-13],[19,-23],[32,13],[31,-20],[44,25],[7,35],[79,33],[32,45],[28,16],[5,38],[31,11],[27,43],[30,4],[1,40],[25,27],[20,4],[42,38],[42,-3],[54,-33],[50,1],[27,18],[76,-14],[23,11],[11,487],[9,334],[15,10],[53,72],[5,27],[50,2],[23,20],[31,0]],[[12615,9976],[87,18],[67,-15],[37,8],[21,-31],[24,-9],[6,30],[33,-6],[10,-33],[50,42],[33,-8],[44,-47],[-1,-27],[30,-16],[26,19],[40,-31],[44,3],[2,-36],[68,-14],[11,-30],[31,-8],[-12,-33],[36,-43],[-9,-38],[27,-10],[29,-30],[31,46],[9,28],[32,9],[48,-15],[45,31],[39,63],[9,-40],[46,-10],[44,0],[-11,33],[67,41],[24,-50],[35,-23],[19,-63],[42,-78],[-11,-63],[33,-25],[44,-20],[85,-83],[-10,-38],[42,-5],[30,-18]],[[13966,6696],[-69,-9],[-26,-17],[-39,-4],[-89,13],[-54,-21],[-70,11],[-142,1],[-19,8],[-24,-23],[-60,-21],[-77,-11],[-104,-32],[-29,-20],[-48,-1],[-35,-26],[-73,-20],[-30,1],[-49,-34],[-102,-7],[-53,8],[-35,27],[-123,-10],[-40,15],[-80,4],[-43,24],[-57,55],[-13,29],[-16,112],[-25,27],[-50,9],[-20,21],[-40,83],[-66,59],[-140,84],[-22,22],[-140,47],[-70,102],[-57,30],[-106,38],[-38,5],[-60,38],[-106,24],[-103,54],[-32,65],[-44,41],[-51,8],[-47,-13],[-49,-2],[-55,-32],[-52,11],[-63,51],[-67,45],[-99,37],[-69,48],[-118,72]],[[10761,10979],[2,12],[10,534]],[[10773,11525],[17,1],[12,46],[20,-2],[26,-31],[40,14],[2,-39],[37,6],[11,27],[41,-46],[40,17],[32,-6],[22,-41],[17,21],[24,-19],[37,-9],[18,24],[56,-18],[56,7],[21,-18],[8,47],[23,-29],[18,25],[20,-13],[37,19],[-18,38],[71,-8],[13,18],[27,-23],[45,-4]],[[11546,11529],[4,-77],[36,24],[21,-15],[-15,-26],[29,-16],[31,-38],[28,42],[24,-28],[8,-50],[-8,-20],[34,-37],[20,-42],[33,2],[15,35],[27,-4],[26,-28],[-24,-40],[15,-29],[7,-49],[26,-33],[6,-28],[-17,-18],[14,-24],[33,16],[16,-10],[58,18],[10,-23],[30,-18],[2,-20],[-27,-40],[18,-28],[34,-18],[31,15],[32,-12],[-5,-26],[36,-18],[35,-53]],[[12189,10813],[24,-12],[28,-63],[2,-61],[-26,-21],[-21,0],[-11,-30],[-29,-5],[33,-49],[-9,-54],[12,-56],[32,-42],[33,-70],[-15,-37],[24,-60],[19,-16],[38,-76],[48,2],[47,-38],[48,-5],[-31,-53],[68,15],[33,21],[53,-20],[6,-19],[-50,-15],[5,-22],[48,-11],[17,-40]],[[10616,9105],[9,382],[7,179],[6,268],[96,-3],[12,606],[7,251],[8,191]],[[10527,5710],[15,588],[5,119],[8,376],[5,124],[4,210],[6,162],[5,233],[3,200]],[[13966,6696],[-20,-744],[-12,-347],[-4,-177]],[[11617,5326],[-449,14],[-325,13],[-323,8],[5,177],[2,172]],[[40968,26176],[-3,-261]],[[40965,25915],[-94,5],[-152,3]],[[40719,25923],[-83,1]],[[40636,25924],[3,121],[329,131]],[[20316,21188],[31,3],[77,-13],[21,-10],[23,-32],[42,-23]],[[20510,21113],[-2,-68]],[[4624,40168],[94,-11],[34,-21],[48,13],[18,-32],[46,-14],[129,-5],[12,-4]],[[5005,40094],[7,-50],[40,-55],[46,2],[19,-35],[-2,-56],[-8,-27],[-33,-10],[-18,-27],[-36,-20],[40,-37],[10,-51],[-10,-19],[-69,-36],[-46,-1],[-26,-12]],[[4919,39660],[-55,12],[-21,-9],[-82,-13],[-85,-36]],[[4676,39614],[1,82],[8,4],[20,105],[7,72],[72,-5],[2,54],[18,0],[1,89],[-162,0],[2,88],[-33,1],[12,64]],[[23739,39381],[85,-4],[297,-7]],[[24121,39370],[199,-7],[326,-8],[492,-6],[335,-3],[97,-4]],[[25570,39342],[15,-28],[32,-11],[54,2],[20,-43],[55,-3],[4,-39],[-22,-57],[65,-18],[28,-65],[6,-30],[29,-71],[-9,-79],[-31,-1],[-17,-26],[-28,-6],[-32,-99],[18,-36],[73,-20],[13,-29],[-11,-44],[-28,-66],[60,-36],[61,-1],[0,-26],[-41,-68],[-3,-161],[-16,-56],[-26,-5],[-6,-37],[23,-4],[123,25],[56,26],[47,-14],[-7,-101],[-9,-25],[14,-44],[-9,-70],[-20,-23],[17,-23],[9,-48],[-53,-35],[-2,-32],[45,-66],[59,29],[18,-3],[33,56],[41,124],[30,-18],[15,-47],[39,-15],[18,-29],[0,-65],[15,-45],[21,-30],[-19,-78],[-38,-100]],[[26299,37528],[-16,-27],[-4,-78],[73,-40],[-22,-79],[-5,-84],[-38,-5],[-13,-14],[-13,-50],[-60,-9],[-16,-17],[-18,-142],[-16,-13],[-172,12],[-12,-12],[-5,-163],[40,-16],[-5,-173],[-7,-62],[-16,-38],[-46,-48],[-19,-68],[-21,-23],[-49,-35],[-70,-34],[-88,-6],[-12,-17],[-36,24],[-23,39],[-78,18],[-30,40],[-14,67],[-29,22],[-50,21],[-103,8],[-50,-27],[-27,-2],[-38,-23],[-30,-62],[-31,22],[-40,75],[-21,83],[-6,48],[13,37],[-54,101],[-1,43],[-26,-16],[-27,-34],[-31,-9],[-29,-41],[-70,-47],[-35,-15],[-91,11],[-38,-15],[-26,7],[-81,1],[20,69],[-5,52],[16,43],[1,47],[-26,26],[-3,68],[-12,74],[-23,14],[-12,42],[-52,-4],[26,-42],[-17,-27],[-51,51],[-30,48],[-33,-2],[-9,-21],[-7,-69],[-28,-23],[-91,38],[-53,-12],[-90,14],[-30,43],[-26,-10],[-22,-39],[-8,-39],[-34,-37],[-19,9],[-25,79],[-19,-27],[-19,7],[-48,47],[-4,-51],[-18,-3],[-13,35],[-29,10],[-43,-15],[-20,29],[-45,-2]],[[23666,37085],[-37,50],[-26,12],[-14,-37],[-27,-9],[-19,18],[24,41],[-10,82],[50,1],[31,40],[-5,74],[-12,16],[-69,18],[-14,35],[48,18],[51,-1],[20,36],[-13,13],[-52,-4],[-12,12],[18,40],[-28,35],[-44,86],[52,-9],[-6,52],[34,31],[-40,31],[-34,61],[1,32],[35,41],[-11,48],[89,-6],[-7,57],[-15,34],[35,-1],[7,32],[31,34],[13,34],[2,79],[38,13],[25,-19],[17,9],[23,-32],[19,33],[-16,38],[13,41],[3,44],[52,-65],[32,-8],[0,99],[7,27],[23,5],[10,-40],[31,-10],[10,21],[-15,53],[9,53],[3,66],[-5,54],[-36,55],[46,39],[-2,49],[8,26],[-3,61],[18,51],[-26,49],[-38,44],[-11,37],[-2,46],[-13,37],[9,35],[-31,39],[-10,28],[-56,3],[-25,21],[-44,12],[-27,22],[-10,42],[1,92]],[[22831,39408],[309,-12],[344,-9],[176,-2],[79,-4]],[[23666,37085],[25,-24],[-43,-51],[-25,38],[-41,-15],[1,-39],[-14,-44],[30,-31],[21,-42],[-1,-40]],[[23619,36837],[-24,52],[-72,60],[-46,12],[-61,-10],[-67,8],[-43,14],[-48,35],[-32,37],[-39,60],[-22,53],[-34,60],[-80,219],[-17,94],[-48,92],[-36,25],[-41,9],[-46,-10],[-64,-66],[-58,-45],[-67,-32],[-26,-20],[-40,0],[-72,36],[-17,21],[-17,103],[18,40],[-2,91],[-30,63],[-16,19]],[[22472,37857],[-34,15],[-148,-9],[13,503],[171,-4],[330,-11],[1,174],[6,249],[10,284],[4,187],[6,163]],[[23437,35766],[56,65],[20,64],[5,44],[-12,110],[-33,75],[-49,82],[-35,36],[-25,83],[3,64],[16,40],[37,50],[54,33],[46,16],[73,-12],[86,19],[60,41],[17,30],[0,65],[-10,24],[-60,72],[-67,70]],[[26299,37528],[13,-24],[34,-5],[40,11],[58,44],[34,-45],[-24,-23],[-46,-21],[29,-53],[41,-18],[15,30],[83,-71],[35,-21],[58,-5],[-15,-55],[62,-12],[-9,-32],[-45,-27],[0,-30],[22,-19],[51,-3],[44,-29],[-7,-34],[-30,-23],[28,-80],[46,23],[45,34],[4,-21],[-55,-58],[11,-49],[30,-4],[33,30],[14,47],[49,28],[42,-49],[15,18],[53,23],[36,-9],[34,15],[-2,54],[38,57],[-3,34],[18,18],[51,-44],[17,10]],[[27246,37140],[-1,-178],[-5,-439],[-44,1],[0,-45],[-43,1],[-1,-90],[85,-2],[-1,-133],[-254,4],[1,-177],[-2,-179],[-6,-175],[-2,-185]],[[25684,34642],[-28,88],[-31,50],[-30,22],[-66,20],[-116,-25],[-90,2],[-70,27],[-33,51],[-39,40],[-71,49],[-33,30],[-57,69],[-68,48],[-75,71],[-74,96],[-57,86],[-23,53],[-32,35],[-68,51],[-39,17],[-83,8],[-45,-11],[-35,-21],[-30,-33],[-21,-43]],[[25570,39342],[362,-11],[307,-6]],[[26239,39325],[406,-4],[168,-5],[337,-5]],[[27251,37980],[-1,-435],[-4,-405]],[[1263,9495],[120,-107],[75,-75],[72,-113],[250,-9],[1,44],[323,-12],[-2,-154],[25,-2],[50,17],[35,-21],[39,-1],[23,12],[30,-18],[84,-16],[47,4],[67,25]],[[2502,9069],[-4,-65],[7,-20],[37,-35],[20,-3],[47,-41],[-1,-29],[37,-27],[25,-38],[-27,-63],[4,-26],[-23,-51],[-11,-75],[-52,-42],[-85,-3],[-58,23],[-42,27],[-25,-26],[521,-236],[25,-8],[185,-35],[-5,-31],[9,-30],[-15,-148],[-1,-79],[145,-15],[331,-11]],[[3546,7982],[242,-10],[-1,-34],[-65,-33],[-223,-121],[-30,-25],[9,-35],[78,-14],[30,-26],[33,-46],[21,-44],[2,-27],[22,-45],[-13,-29],[14,-56],[-33,-67],[47,-48],[29,-69],[-5,-62],[73,-45],[31,-1],[32,-26],[-3,-38],[40,-6],[89,35],[31,-7]],[[3996,7103],[-54,-74],[-23,-41],[-58,-24],[-29,1],[-62,40],[-36,-6],[-18,-30],[16,-52],[36,-26],[47,10],[26,27],[25,7],[45,-25],[36,-67],[3,-37],[19,-39],[-12,-73],[-38,-29],[-40,14],[-17,29],[-16,87],[-13,12],[-36,-4],[-45,-43],[-41,-69],[-55,-46],[-48,-15],[-72,1],[-54,28],[-42,9],[-39,28],[-7,22],[5,58],[20,42],[51,76],[52,38],[13,41],[4,72],[-35,36],[-40,0],[-39,-18],[-54,-35],[-51,-57],[-32,-46],[-68,-142],[-7,-34],[-25,-40],[-44,-20],[-89,4],[-18,11],[-10,57],[13,58],[75,65],[13,47],[-19,50],[-48,15],[-38,-15],[-62,-64],[-27,-47],[-48,-143],[4,-55],[-27,-48],[-38,-18],[-57,-16],[-54,18],[-64,40],[-15,41],[-5,66],[-38,57],[-44,9],[-23,-9],[-60,-56],[-6,-21],[40,-80],[11,-33],[-10,-29],[-35,-54],[-40,-21],[-45,20],[-82,14],[-22,-13],[-85,-8],[-47,13],[-23,19],[-24,45],[-54,45],[-27,32],[-7,55],[52,62],[51,-14],[37,7],[45,23],[23,29],[10,60],[-7,46],[-40,53],[-27,-15],[-114,-132],[-53,-34],[-54,-1],[-26,9],[-120,203],[-25,51],[-106,51],[-21,-33],[-80,-5],[-29,11],[-23,34],[-31,66],[-24,-19],[-62,12],[-33,52],[28,44],[63,36],[77,63],[13,28],[-1,53],[-70,23],[-7,52],[-16,26],[20,13],[108,28],[19,48],[-4,39],[-18,18],[-60,26],[-26,2],[-35,-35],[-20,-59],[-80,3],[-46,16],[-73,-15],[5,313],[21,880],[4,220],[9,417]],[[3546,7982],[3,173],[-40,4],[2,57],[453,-81],[229,-7],[6,268],[177,-8]],[[4376,8388],[5,-86],[15,-46],[81,-109]],[[4477,8147],[287,-382],[207,-276],[124,-164]],[[5095,7325],[217,-287],[14,-46],[-11,-374]],[[5315,6618],[-45,-1],[-19,19],[-80,-38],[-42,9],[-69,46],[-12,17],[4,41],[56,25],[53,-21],[55,28],[-4,67],[-21,16],[-78,8],[-18,30],[-16,71],[0,58],[-18,24],[-25,-21],[26,-57],[5,-34],[-12,-34],[-71,35],[-60,5],[-85,-18],[-49,-37],[-105,-48],[-72,0],[1,-62],[-19,-101],[-33,-33],[-44,16],[-22,84],[-8,117],[-6,24],[-24,2],[-56,-63],[-33,-5],[-38,30],[-2,48],[80,77],[6,38],[-38,10],[-68,-75],[-24,-3],[-50,45],[-6,20],[10,83],[-14,14],[-124,25],[-43,15],[-37,26],[-25,-37]],[[18328,40320],[7,-60],[45,-51],[52,-8],[21,37],[21,16],[43,0],[24,39],[44,6],[62,-5],[78,-16],[49,43],[56,17],[58,6],[63,-14],[48,40],[37,13],[97,18],[43,-5],[50,9],[41,53],[78,9],[5,23]],[[19350,40490],[25,-26],[14,-43],[-26,-123],[-33,-63],[-26,-7],[-45,16],[-69,63],[-52,12],[-60,-20],[-22,-26],[-60,-100],[-13,-74],[-18,-44],[-16,-62],[8,-31],[42,-14],[67,40],[106,55],[41,0],[56,-25],[125,-100],[26,-31],[11,-55],[-9,-88],[-39,-79],[-42,-42],[-93,-117],[-12,-42],[14,-33],[43,-7],[49,19],[56,48],[56,10],[56,-19],[80,-40],[66,-68],[50,-26],[74,-1],[77,14],[28,-2]],[[19885,39359],[30,-15],[19,-60],[-36,-71],[-26,-40],[-6,-66],[5,-109]],[[19871,38998],[-49,-28],[-22,-2],[-14,33],[25,57],[-37,19],[-51,9],[-47,-27],[-14,-30],[-6,-55],[-23,-18],[-50,8],[-28,57],[42,35],[-17,28],[-62,15],[-36,-10],[-11,-54],[-33,-17],[-48,47],[-34,-4],[-37,25],[-2,41],[-33,21],[-16,29],[-46,15],[-28,-13],[0,-31],[17,-47],[31,-40],[-5,-36],[-67,-44],[-38,36],[-35,76],[-47,59],[-14,61],[-38,23],[-25,-44],[59,-92],[-1,-41],[-35,-19],[-58,-15],[-32,23],[3,36],[49,61],[-2,30],[-45,46],[-44,-18],[-3,-96],[-36,-15],[-32,18],[2,27],[32,34],[-19,22],[-20,66],[-31,26],[-41,7],[-4,-77],[-11,-35],[-104,43],[-19,-14],[-2,-39],[-21,-48],[-35,-23],[-27,17],[-29,-19],[-62,26],[-9,-33],[-21,-19],[-25,30],[-74,-9],[-10,-33]],[[18266,39059],[-38,106],[-34,57],[10,60],[-12,43],[-28,31],[12,53],[36,28],[3,117],[21,2],[13,89],[-41,-19],[1,41],[-17,22],[19,102],[21,42],[-8,69],[-82,75],[-9,63],[-50,-13],[-34,0],[-4,76],[-47,25]],[[17998,40128],[38,53],[61,29],[26,55],[21,17],[37,-20],[22,4],[62,37],[63,17]],[[16060,41163],[53,-24],[104,-97],[61,-7],[53,-31],[41,-40],[20,-72],[34,-42],[20,-47],[22,-21],[117,-2],[68,-16],[11,-60],[63,-53],[33,-12],[53,-33],[32,-4],[82,9],[31,24],[46,-19],[23,-25],[29,-3],[71,-74],[30,-67],[0,-97],[-45,-75],[-9,-141],[6,-14],[44,-14],[50,-59],[38,-2],[15,-34],[51,1],[27,-24],[42,-1],[53,-28],[47,-35],[42,34],[40,8],[-2,-42],[35,-46],[25,2],[61,-27],[26,1],[38,-20],[30,14],[18,-16],[21,48],[-14,23],[-15,58],[7,41],[31,13],[58,-4],[36,22],[19,29],[6,47],[47,6],[13,13]],[[18266,39059],[-34,-47],[-48,0],[-36,-11],[-26,-22],[-9,-38],[7,-34],[-85,-28],[-21,37],[-47,40],[-45,2],[-37,-18],[-18,-29],[-17,-55],[-36,-34],[-44,25],[-15,27],[12,31],[31,22],[-99,53],[-16,25],[31,55],[1,59],[-10,47],[-27,40],[-40,-8],[17,-31],[4,-42],[-37,-41],[-53,4],[-38,-11],[1,-77],[-42,-36],[-35,2],[-46,39],[10,55],[68,44],[5,38],[-87,-7],[-37,28],[-13,31],[16,22],[3,33],[-33,20],[-90,-27],[19,-101],[-37,-44],[-32,0],[-7,59],[-14,27],[-36,10],[-28,-14],[-22,-32],[-12,-39],[4,-27],[-43,-35],[-86,18],[2,45],[-48,73],[-51,13],[-20,-13],[-1,-96],[7,-60],[-18,-34],[-37,-16],[-30,11],[-15,46],[38,39],[5,25],[-48,16],[-47,-27],[-2,-68],[-16,-32],[-77,24],[-29,31],[-7,48],[8,21],[31,-5],[29,19],[7,30],[-107,23],[-6,28],[20,33],[-37,21],[-75,-6],[-28,41],[24,91],[-11,24],[-34,-13],[-10,-51],[-86,14],[-22,-5],[-34,-46],[-43,-75],[-14,55],[-35,33],[-37,-41],[-63,12]],[[20510,21113],[3,67]],[[20513,21180],[91,-32],[13,-19],[36,2]],[[20653,21131],[3,0]],[[20660,21038],[0,-41],[-21,-39],[-56,-38],[-12,-36],[-5,-107]],[[29377,8878],[193,-3],[42,-14],[36,11],[85,3],[6,142],[12,23],[45,42],[74,-21],[40,20],[33,1],[25,-12],[28,-55],[96,2],[20,-21],[2,-28],[27,0],[0,-83],[22,-39],[51,-46],[87,1],[73,-4],[4,8]],[[30378,8805],[-3,-85],[37,-50],[173,-206]],[[30585,8464],[-463,-590],[-20,-52],[-41,5],[-14,-24],[-116,-147],[-67,-37],[19,-43],[-32,-18],[-220,2],[-190,4],[-38,-23],[-41,-1]],[[29997,11795],[0,-61],[-9,-34],[-86,-58],[61,-234],[1,-27],[-40,-147],[131,-74],[28,-3],[198,7],[66,-4],[63,-55],[33,-17],[-4,-259],[-8,-243],[-20,-480],[-1,-159],[-6,-209],[29,-3],[41,18],[-6,-252],[-67,-3],[-1,-106],[-10,-241],[-12,-346]],[[29137,9393],[-30,296],[2,98],[16,56],[6,72],[-11,82],[-79,463],[-15,65],[-13,97],[-17,82],[-210,448],[-42,86],[-273,432]],[[28471,11670],[4,97],[450,-8],[319,-4],[5,350],[186,-2],[-1,-66],[213,-7],[3,160]],[[21382,21306],[28,-3],[1,26],[-16,63],[6,37],[31,14],[28,-20]],[[21460,21423],[19,-46]],[[21595,21201],[-26,-25],[23,-49]],[[21342,21140],[4,75],[-12,11],[65,53],[-17,27]],[[4240,41077],[9,30],[29,37],[-25,117],[2,81],[42,57],[3,68],[9,24],[79,91],[38,20],[2,89]],[[4428,41691],[166,-4],[-1,-88],[606,-19]],[[5199,41580],[0,-63],[42,-72]],[[5241,41445],[-35,-19],[-47,-56],[-47,-47],[-26,-37],[-24,-163],[-14,-31],[-126,-131],[-24,-31]],[[3529,41550],[55,6],[80,78],[79,31],[67,-28],[44,10],[52,43],[31,51],[-9,48],[75,59],[22,-10],[72,31],[-4,-176],[56,-1],[9,24],[42,15],[21,52]],[[4221,41783],[41,0],[2,22],[80,-2],[21,-21],[64,-2]],[[4429,41780],[-1,-89]],[[3900,41250],[-107,49],[-1,42],[-38,1],[-25,41],[-70,-23]],[[3659,41360],[-26,42],[-37,29],[-67,119]],[[4049,42283],[19,-18],[65,5],[28,-11],[41,-37],[37,-15],[4,-18],[-11,-72],[10,-45],[47,-25],[126,-3],[20,-19],[-6,-245]],[[4221,41783],[3,134],[-97,2],[-90,62],[-40,2],[-23,44],[-64,-2],[-69,-10],[-21,-104],[-10,-19],[21,-38],[-4,-38],[-28,-10],[-87,35],[-73,66],[-40,-25],[-41,15],[-42,-10],[-29,18]],[[3487,41905],[-5,18],[-52,80]],[[3233,42288],[50,2],[388,-4],[378,-3]],[[3487,41905],[-27,-83],[3,-29],[22,-72],[26,-47],[8,-90],[10,-34]],[[3659,41360],[7,-45]],[[3666,41315],[-26,1],[-37,-58],[-2,-89],[-25,-4],[-18,-48]],[[6002,41666],[28,2],[46,46],[61,94],[72,223],[18,37],[107,105],[33,7],[111,-79],[28,-25],[102,-2],[41,4],[14,16],[-13,48],[32,47],[14,39],[30,12],[33,-4],[37,-48],[39,-20],[6,-17],[50,-15],[36,-47],[42,-5]],[[6969,42084],[1,-529],[-4,-182],[-1,-355],[-15,-38],[-4,-57],[-20,-9],[-13,98],[-19,8],[-70,-4],[-18,-24],[29,-23],[-19,-15],[6,-43],[-35,-29],[-16,-39],[-22,-23],[11,-36],[29,-32],[16,3],[15,43],[36,19],[10,-14],[-32,-51],[5,-26],[25,-22],[19,16],[61,27],[15,23],[5,-104]],[[6964,40666],[-52,-29],[-43,-38],[-6,-55],[-12,-24],[-35,-30],[-45,-17],[-24,-74],[2,-58],[39,-61],[-17,-51],[-18,-27],[-25,-7],[-57,64],[-53,38],[-44,3],[-45,-26],[-30,12],[2,31],[-33,113],[-29,79],[-10,10],[-70,16],[-31,49],[-99,24],[-50,24],[-34,3],[-62,-26],[-29,-20],[-15,-27],[26,-29],[33,4],[40,-14],[15,-31],[-8,-84],[13,-34],[65,-56],[-11,-24],[-42,-19],[-37,2],[-65,19],[-37,-4],[-32,14],[-9,65],[-25,24],[-57,-36],[-28,9],[-5,27],[17,26],[1,61],[-89,-13],[-36,31],[-120,-4],[-55,23],[-77,-8]],[[5516,40511],[-49,32],[-28,74],[-4,52],[22,97],[38,69],[16,17],[3,36],[74,86],[22,-21],[44,1],[24,39],[60,45],[15,25],[23,-2],[25,39],[12,85],[-5,61],[38,13],[57,6],[26,16],[9,-40],[41,-5],[2,-20],[39,-7],[77,2],[35,11],[29,-18],[24,-37],[49,0],[11,-15],[39,3],[25,36],[18,70],[30,7],[-8,41],[-31,7],[-21,67],[-18,15],[-3,49],[3,112],[-86,2],[1,43],[-35,2],[-45,17],[-24,-16],[-88,59]],[[6964,40666],[0,-94],[14,-16],[0,-44],[-12,-47],[17,-12],[4,-67],[-16,-14],[78,-50],[20,0],[29,-31],[-4,-49],[39,3],[30,-45],[37,-25],[82,-20],[2,-66],[-7,-31],[13,-18],[43,-14],[54,-39],[19,41],[44,8],[-2,-79]],[[7448,39957],[-161,5],[-339,5],[-4,-158],[-4,-720],[-167,3]],[[6773,39092],[-153,5],[-371,7],[17,-49],[-60,1],[-48,19],[-25,-37],[-3,-100],[-24,-5],[-42,21],[-33,43],[-40,16],[-30,-44],[-5,-31],[4,-79],[19,-87],[-3,-53],[-39,5],[-28,74],[-17,12],[-71,-19],[-41,-3],[-31,12],[-35,68],[-46,-19],[-30,33],[2,39],[48,31],[61,1],[10,43],[-29,35]],[[5220,39346],[-73,6],[-34,28],[-32,94],[0,26],[19,26],[94,11],[28,-2],[76,19],[25,22],[16,74],[4,112],[30,39],[29,-8],[12,-25],[-18,-79],[-2,-38],[34,-41],[53,-6],[40,10],[63,65],[10,53],[-14,37],[-27,41],[-65,122],[32,48],[92,49],[34,26],[0,143],[-54,32],[-23,41],[17,35],[81,26],[33,26],[17,53],[-14,33],[-30,26],[-66,25],[-91,16]],[[4527,39668],[20,66],[10,118],[3,167]],[[4648,40235],[-24,-67]],[[4676,39614],[-100,-42],[-25,-3],[2,98],[-26,1]],[[5005,40094],[40,21],[47,11],[42,-10],[28,14],[109,4],[28,28],[-32,13],[0,54],[-13,36],[6,27],[48,16],[-1,14],[-60,16],[-61,56],[-34,-11],[-34,-27],[-57,6],[-73,19],[-17,17],[-51,12],[-55,-4]],[[4978,40512],[18,-2],[51,45],[88,20],[112,10],[16,-10],[35,-52],[44,-22],[42,-36],[26,36],[106,10]],[[4750,39270],[3,176],[26,0],[16,23],[6,55],[49,52],[9,25],[56,17],[4,42]],[[1458,40311],[122,-3],[29,-30],[64,3],[58,17],[42,1],[62,26],[103,-1],[21,-12],[60,3],[53,-11],[53,32],[68,2],[51,-18],[56,0],[41,22],[62,11],[49,-23],[74,36],[7,15],[2,179],[8,22],[29,15],[351,-8]],[[3615,39707],[-30,-8],[-49,13],[-9,-28],[-38,-2],[-21,-26],[-3,-83],[-21,-6],[-5,-214],[-42,-6],[-3,-108],[14,-28],[-55,-36],[27,-16]],[[3380,39159],[-37,-11],[-102,-66],[-25,-1],[-13,-26],[-24,-4],[-19,-24],[-38,-18],[-21,-23],[-13,-38],[-50,-13],[-32,-23],[-18,-38],[-39,-4],[-20,-33]],[[2929,38837],[-81,2]],[[2848,38839],[-2,79],[33,137],[-5,86],[-33,10],[-27,119],[-48,97],[-125,-2],[-158,4],[-3,44],[-159,2],[-53,-41],[-259,-11],[-26,2],[3,142],[35,3],[6,17],[-2,116],[-40,12],[2,117],[-247,5],[2,132],[-190,5]],[[1552,39914],[-15,113],[-57,213],[-1,42],[-21,29]],[[3666,41315],[6,-32],[48,-82],[6,-29],[0,-95],[-35,-61],[-9,-30],[-4,-231]],[[11223,16155],[163,-4],[323,-5],[-1,-180],[-6,-176],[-3,-350],[352,-11],[172,-2],[303,-10],[155,0]],[[12681,15417],[328,-10],[161,-4],[-11,-354],[114,-3]],[[13921,13292],[-10,-9],[-1,-51],[-38,-80],[-37,-41],[4,-50],[21,-27],[14,-77],[21,-26]],[[13895,12931],[-204,-428],[-31,-47],[-224,-280]],[[13436,12176],[-95,-118],[-381,-504],[-31,-30],[-77,-61],[-69,-81],[-129,-134],[-88,-76],[-115,-109],[-262,-250]],[[11546,11529],[28,31],[-16,22],[-28,-18],[-13,33],[38,4],[0,29],[-47,8],[12,67],[-33,7],[17,47],[-17,34],[7,33],[-25,10],[23,44],[-15,21],[-22,60],[-22,31],[-17,-10],[-14,41],[-32,1],[2,37],[-17,16],[-36,3],[-67,35],[44,72],[-75,10],[-4,61],[12,31],[-9,66],[-35,89],[-36,64],[-117,111],[-51,31],[-5,36],[22,41],[-31,87],[6,87],[-46,55],[-37,53],[31,43],[4,28],[-20,82],[6,72],[-5,33]],[[10906,13267],[-15,102],[20,20],[-3,22],[-25,21],[29,75],[-68,12],[-20,13],[-9,45],[75,36],[-26,37],[-40,-6],[-55,-17],[20,48],[-3,40],[-42,65],[23,9],[20,-51],[40,15],[0,37],[14,26],[36,0],[12,26],[-54,57],[-35,7],[-19,64],[-6,52],[21,62],[-11,35],[6,23],[31,13],[-29,40],[50,22],[-9,31],[-48,41],[-27,44],[-20,15],[61,77],[37,15],[24,68],[44,38],[-8,27],[-50,-17],[-14,-25],[-79,83],[-14,-20],[-14,-56],[-149,45],[-31,-10],[-96,13],[15,27],[-42,1],[-73,25],[1,70],[7,169],[-1,240],[196,-6],[6,353],[4,334],[8,373]],[[14577,13513],[93,-89],[12,-30],[50,-84],[0,-50],[-28,-39],[-70,-2],[-20,24],[-28,-1],[-1,48],[-43,35],[-4,-81],[-22,-51],[11,-30],[6,-58],[-6,-87],[-79,-76],[3,-47],[-116,4],[-20,-22],[-24,-63],[-58,-1],[-34,-33],[-51,-11],[-49,4],[-57,-4],[-27,7],[-39,37],[-34,64],[-47,54]],[[2171,42291],[88,2],[567,-3]],[[2499,41707],[-149,59],[-38,20],[-39,69],[0,62],[15,37],[-32,85],[11,37],[1,41],[-11,71],[-80,83],[-6,20]],[[959,38440],[-4,-213],[2,-23],[36,-33],[-42,-25],[7,-77],[-5,-41],[-46,-25],[-40,0],[-25,-47],[-50,-53],[-20,-58],[-70,-54],[-26,-10],[-23,51],[-28,23],[-43,-6],[-19,-25]],[[563,37824],[-22,165]],[[541,37989],[37,38],[66,29],[31,5],[-12,35],[2,131],[42,-1],[3,217]],[[20118,21393],[58,34],[17,40],[0,46],[-15,70],[35,80]],[[20213,21663],[87,-67]],[[20300,21596],[31,-28],[-3,-34],[16,-57],[22,-25],[9,-41],[15,-10],[83,-3]],[[20473,21398],[-3,-110]],[[20470,21288],[-81,4],[-31,9],[-42,-1]],[[5241,41445],[53,22],[140,110],[187,77],[135,3],[29,-9],[44,-27],[23,-2],[36,19],[75,30],[39,-2]],[[33223,32898],[-2,-178]],[[33204,31277],[-164,-1],[-166,10],[-140,5],[-22,24],[-39,-56],[-45,-13],[-42,0],[-33,-36],[-154,-26],[2,40],[21,42],[22,-4],[20,86],[-23,-11],[-12,25],[46,12],[5,55],[-22,29],[6,24],[-81,12],[-120,0],[-3,25],[-162,-13],[-166,-4],[-164,3],[-270,-2]],[[33197,28434],[-693,15],[-101,5],[-486,13],[-70,0]],[[31847,28467],[-133,-3],[-211,3],[-190,7],[-82,0],[-3,359],[-5,340],[-6,172],[1,197],[-900,-9]],[[15240,18158],[66,7],[80,24],[56,-13],[34,28],[74,27],[66,12],[39,29],[37,53],[74,48],[27,39],[40,30],[77,70],[92,52],[107,69],[38,7],[43,-9],[26,18],[64,16],[16,12],[22,47],[85,43],[127,11],[265,-1],[37,-8],[108,-50]],[[16928,18141],[-646,14],[-158,10],[-326,7],[-4,-175],[10,-342],[9,-182],[-118,3]],[[15500,17022],[-33,1],[-41,26],[-34,37],[-52,33],[-21,49],[4,32],[-20,47],[-12,0]],[[15291,17247],[7,52],[-9,20],[5,74],[10,45],[-6,90],[9,20],[-27,31],[-20,2],[-73,65],[-3,17],[-35,35],[-11,54]],[[15138,17752],[-3,34],[19,40],[-7,31],[19,57],[45,0],[28,24],[75,100],[-37,61],[-1,25],[-36,34]],[[14132,17041],[34,-1],[67,-50],[15,73],[83,84],[8,71],[15,22],[1,34],[23,18]],[[14378,17292],[95,55],[48,60]],[[14521,17407],[65,-7],[79,0],[33,-17],[33,28],[73,-13],[62,12],[52,-15],[64,-28],[46,2],[61,41],[26,-11],[26,-34],[19,-42],[44,-32],[47,-51],[40,7]],[[14496,16777],[-143,4],[-411,6]],[[13942,16787],[42,44],[53,12],[60,52],[67,48],[-4,40],[-28,58]],[[11240,17435],[27,-4],[126,43],[45,2],[80,22],[79,33],[72,36],[46,41],[123,46],[61,-11],[46,45],[43,4],[71,32],[14,-65],[-17,-35],[-1,-49],[23,-48],[35,-23],[68,-25],[30,6],[51,27],[24,23],[46,18],[49,2],[42,24],[71,25],[15,24],[50,5],[27,-24],[18,32],[38,8],[24,25],[30,3],[12,-17],[35,10],[30,45],[13,35],[48,-11],[4,-51],[58,-33],[91,-3],[16,-45],[27,-13],[13,-28],[-2,-99],[-15,2],[-34,-39],[39,-5],[59,-18],[59,1],[67,31]],[[13216,17439],[0,-16],[166,-1],[-3,-198],[-3,-18]],[[13376,17206],[-2,-47],[24,-2],[31,-30],[-4,-131],[15,-57],[109,58],[60,20],[76,8],[31,10],[25,33],[22,-13],[63,1],[104,13],[50,22],[22,-5],[0,-38],[42,-15],[46,-6],[42,14]],[[13942,16787],[-94,1],[-440,13],[-200,1],[-164,10],[-356,15],[-301,9],[-178,2],[-160,5],[-161,1],[-399,7],[-257,6]],[[11253,18390],[34,1],[31,-17],[46,6],[100,-110],[61,13],[46,25],[63,20],[79,18],[81,11],[42,-9],[114,31],[44,-8],[30,4],[37,-12],[49,-43],[123,-20],[105,-10],[64,-46],[65,-19],[63,-28],[86,-4],[52,32],[39,11],[87,0],[110,-7],[172,-5],[42,1],[98,-10],[26,-19],[42,-13],[37,8]],[[13321,18191],[-6,-92],[14,-42],[28,-25],[48,18],[30,-11],[7,-56],[18,-63],[91,-67],[33,-18]],[[13584,17835],[-28,-21],[-5,-29],[-50,-30],[-42,-37],[-45,-19],[-33,-25],[-30,3],[-43,-25],[-26,6],[-29,-35],[20,-14],[-8,-44],[-47,-29],[-2,-97]],[[14460,19697],[13,-25],[78,-80],[36,-30],[85,-119],[45,-12],[28,-38],[24,-52],[72,-59],[59,-31],[84,-25],[30,-17],[41,39],[23,-7],[38,-33],[78,-48],[85,-14],[34,-17]],[[15313,19129],[-32,-3],[-49,-38],[-22,-33],[-30,-13],[-11,-30],[-32,-28],[-21,-75],[-64,-57]],[[15052,18852],[-7,2],[-61,-52],[-72,-38],[-29,-39],[-89,-98]],[[14794,18627],[-33,19],[-33,35],[-14,89],[6,30],[-23,9],[-91,1],[-9,-173],[-84,3],[-2,-38],[-40,0],[-4,-66],[-20,0],[-23,-41]],[[14424,18495],[-18,52],[6,29],[-36,9],[-21,29],[-33,-14],[-56,-57],[-39,-21],[-31,-3],[-40,-36],[-18,-4],[-10,-51],[-21,4],[-16,-25],[-34,-23],[-15,-35],[-51,-27]],[[13991,18322],[-43,33],[-27,32],[-105,1],[-11,4]],[[13805,18392],[-41,57],[-73,8],[-99,48],[-21,38],[19,89],[-8,36],[-66,107],[-5,21],[9,52],[-15,74],[24,35],[6,27],[35,44],[36,-3],[43,34],[15,52],[27,33],[29,-5],[31,13],[-5,23],[68,37],[-9,83],[8,24],[-8,37],[18,77],[44,13],[17,53],[23,-20],[30,35],[-27,36],[-14,62]],[[13805,18392],[-58,8],[-39,-21],[-19,5],[-63,-46],[-4,-126]],[[13622,18212],[-220,4],[-81,-25]],[[13321,18191],[-13,53],[-2,84],[-21,87],[-34,86],[-14,49],[-1,73],[12,41],[53,36],[12,48],[-33,95],[-3,52],[-25,33],[-45,36],[-51,97],[-62,55],[-91,-3],[-25,41],[4,68],[22,18],[88,11],[16,35],[4,49],[-28,46],[-24,5],[-116,-27]],[[13991,18322],[-5,-53],[-35,-32],[-26,-90],[-43,-94]],[[13882,18053],[-11,51],[-72,78],[-79,13],[-30,16],[-68,1]],[[13376,17206],[44,-21],[39,-53],[50,47],[25,7],[27,30],[63,-7],[64,17],[43,-1],[16,16],[1,49],[47,33],[32,9],[19,-47],[41,20],[-32,85],[-26,17],[13,46],[65,-8],[22,-10],[72,14],[13,18]],[[14014,17467],[-1,-19],[53,-53],[43,-15],[48,4],[-4,-52],[7,-28],[20,-7],[41,13],[17,20],[0,29],[-28,34]],[[14210,17393],[120,16],[64,-75],[-16,-42]],[[14213,17475],[38,12],[40,23],[93,20],[47,49],[6,56],[23,86],[-6,44]],[[14454,17765],[1,66]],[[14455,17831],[40,-1],[0,-22],[57,-1],[20,-13]],[[14572,17794],[11,-63],[18,-12],[17,-39],[-23,-32],[-12,-144],[-68,-15],[6,-82]],[[14210,17393],[-24,-5],[-11,42],[9,24],[29,21]],[[13882,18053],[-16,-3],[-38,-38],[-36,-105]],[[13792,17907],[-135,-41],[-73,-31]],[[14471,18018],[87,-10]],[[14558,18008],[15,-81],[13,-28],[5,-60],[-19,-45]],[[14455,17831],[0,67],[16,120]],[[14536,18241],[67,16],[71,64],[37,8]],[[14711,18329],[30,-76],[72,-72],[27,-19]],[[14840,18162],[-15,-39],[-81,2],[0,-12],[-81,0],[0,13],[-78,-9],[-3,36],[-40,66],[-6,22]],[[13216,17439],[56,-1],[87,39],[64,48],[73,36],[85,26],[57,38],[17,26],[46,-18],[24,-30],[0,-24],[34,7],[32,-21],[23,6],[35,-18],[37,3],[57,50]],[[13943,17606],[41,-41],[24,-54],[6,-44]],[[13792,17907],[32,-55],[19,-89]],[[13843,17763],[16,-23],[14,-50],[18,-28]],[[13891,17662],[52,-56]],[[16161,19510],[-13,-27],[-47,-20],[-55,-42],[-20,46],[-32,9],[-23,-12],[-2,-32],[-69,0],[-71,-53],[-26,19],[-56,-12],[-15,-13],[-11,-45],[-87,-21],[-26,-14],[-39,1],[-63,-22],[-46,11],[-43,-8],[-47,-72],[-17,-48],[-40,-26]],[[14161,17696],[84,40],[62,10],[94,2],[14,19],[39,-2]],[[14213,17475],[54,47],[24,31],[2,57],[-11,8],[-55,-18],[-44,-26],[-70,-22],[-2,135],[50,9]],[[13891,17662],[63,38],[65,11],[76,5],[42,19],[24,-39]],[[15052,18852],[28,-2],[62,-42],[20,4],[37,45],[90,-328],[-66,-35],[-10,16],[-33,-2],[-42,17],[-66,-36],[-20,-34],[-6,-31],[-43,-28],[-18,-70],[-47,-72],[-16,-57]],[[14922,18197],[-6,-75]],[[14916,18122],[-76,40]],[[14711,18329],[-9,22],[-29,21],[-8,36],[26,23],[16,32],[35,23],[-26,43],[49,68],[29,30]],[[15240,18158],[-96,0],[-142,-5],[-59,20],[-21,24]],[[4527,39668],[-99,4]],[[4428,39672],[2,87],[-41,2],[5,264]],[[4456,38969],[3,95],[7,430],[61,174]],[[3968,39777],[4,-40],[15,-7],[91,1],[60,-6],[0,-21]],[[4138,39704],[-5,-198]],[[4133,39506],[-83,2],[-2,44],[-122,4],[-1,-44],[-340,10],[34,104]],[[35895,35848],[850,-7],[319,-5]],[[37064,35836],[262,-4],[167,-1]],[[37493,35831],[-3,-276],[-11,-34],[-82,-119],[-16,-64],[-1,-73],[7,-115],[-5,-203],[-12,-32],[-87,-138]],[[37283,34777],[-88,1],[1,175],[-71,-3],[13,64],[-1,115],[-61,1],[0,88],[-226,2]],[[36850,35220],[-295,4],[-13,-11],[0,-62],[-11,-14],[-62,0],[-16,54],[-1,37],[13,123],[-9,51],[-36,1],[-34,-30],[-9,-57],[-67,0]],[[36310,35316],[-289,2],[-59,71],[-47,-26],[-125,1]],[[35790,35364],[-9,44],[14,91],[29,62],[51,-6],[10,35],[36,41],[9,47],[-7,28],[8,38],[-37,22],[-6,58],[7,24]],[[37493,35831],[951,-4],[298,-3],[240,-1]],[[38982,35823],[40,-41],[-3,-340],[-58,-67],[-80,-177],[-27,-47],[-46,-99],[-8,-6],[-49,-99],[-31,-39],[-4,-22],[-41,-95],[-18,-27]],[[38657,34764],[-22,6],[-23,-32],[-49,-42],[-28,-38],[-7,-567],[-293,19],[-61,-6],[-175,-2],[-286,-7]],[[37713,34095],[-2,351]],[[37711,34446],[-1,171],[-124,0],[-3,158],[-300,2]],[[36362,33916],[188,-1],[-4,-180],[83,0]],[[36629,33735],[-2,-139],[-33,-70]],[[36594,33526],[-43,32],[-64,5],[-17,84]],[[36470,33647],[2,33],[-39,123],[-66,68],[-5,45]],[[36323,34086],[314,-2]],[[36637,34084],[82,-1]],[[36719,34083],[-2,-169],[-84,0],[-4,-179]],[[36362,33916],[6,39],[-35,47],[-10,84]],[[35553,33561],[166,2],[231,-4],[25,50],[32,39],[53,149],[20,27],[50,44],[10,19]],[[36140,33887],[22,49]],[[36162,33936],[57,-18]],[[36219,33918],[-2,-181],[46,-8],[28,37],[90,-38],[-1,-81],[90,0]],[[36594,33526],[-101,-171],[-73,-135],[-5,-23],[-2,-342]],[[36413,32855],[-1,-88]],[[36412,32767],[-189,4],[0,72],[-154,10],[-194,6],[2,132],[-5,44],[-162,1],[-164,-2],[0,223],[7,304]],[[36219,33918],[143,-2]],[[35522,34856],[50,-97],[3,-71],[20,-105],[35,-62],[77,0],[24,-13],[326,-96],[77,22],[98,1],[8,351],[86,-1]],[[36326,34785],[-3,-9],[-9,-355]],[[36314,34421],[-11,-72]],[[36303,34349],[-100,1],[-55,-6]],[[36148,34344],[-283,-28]],[[35865,34316],[-230,-66],[-37,-39],[-75,-151],[-11,-17],[-110,-92]],[[35402,33951],[-47,1]],[[35355,33952],[7,116],[38,31],[7,380],[-55,1],[-21,-44],[-171,4],[-32,-44],[-60,2],[8,300],[-1,45],[72,38],[64,9],[44,13],[51,77],[204,0],[12,-24]],[[36310,35316],[25,-24],[-1,-149],[12,-95],[-14,-48],[-4,-206],[-2,-9]],[[35522,34856],[54,3],[5,21],[161,-2],[16,37],[2,45],[29,42],[-2,99],[17,17],[-3,29],[22,38],[1,57],[-19,37],[-15,85]],[[35402,33951],[20,-27],[103,-27],[70,8],[48,-32],[84,-8],[79,9],[49,24],[5,12],[256,2],[24,-25]],[[35553,33561],[-1,113],[3,57],[-167,0],[-73,3],[36,121],[4,97]],[[35865,34316],[32,-104],[36,-58]],[[35933,34154],[194,-193],[35,-25]],[[17718,2759],[54,-62],[112,-81],[51,-21],[52,-10],[60,-39],[20,0],[0,44],[12,43],[34,1]],[[18113,2634],[66,-1],[1,-66],[-14,-7],[6,-49]],[[18172,2511],[-27,-54],[-310,4],[-90,4]],[[8470,36755],[42,13],[2,67],[-8,32],[19,59],[66,46],[48,4],[9,14],[-3,48],[33,36],[-8,42],[9,49],[32,76],[-22,28],[-30,-34],[-22,25],[-38,2],[-41,-48],[-48,-32],[-52,-7],[-32,25],[-12,58],[11,27],[28,-16],[24,14],[9,45],[-10,66],[24,46],[-14,49],[26,15],[-4,35],[-27,49],[50,18],[73,47],[5,15],[-34,41]],[[8575,37709],[13,10],[23,73],[42,35],[36,10],[38,25],[157,10],[38,-3],[55,32],[71,-3],[63,-42],[97,-16],[23,-14],[21,-46],[50,16],[49,0],[34,37],[36,3],[29,22],[5,41],[30,40],[31,19],[45,-12],[27,-22],[78,-37],[42,-8],[137,-12],[52,22]],[[9897,37889],[0,-113],[491,-14],[173,-1]],[[10561,37761],[-3,-351],[-4,-176],[320,-9],[-23,-323],[-3,-174],[-3,-270]],[[10845,36458],[-5,-257],[-12,-347],[-161,1],[-3,-174],[-165,2],[-7,-351],[-166,10],[0,-176],[-11,-358],[-163,6],[-5,-176],[-13,-340],[-5,-184],[84,-4],[-5,-201],[-6,-172],[-9,-351]],[[10193,33386],[-161,6],[-490,11],[-321,11],[-667,34]],[[7586,33488],[32,55],[8,39],[44,43],[42,85],[6,52],[-33,57],[-35,79],[-17,76],[73,24],[55,35],[30,54],[58,31],[69,1],[32,48],[25,18],[106,119],[24,19],[9,32],[-23,60],[23,5],[26,27],[49,24],[4,23],[-64,71],[15,38],[-14,38],[-5,70],[8,42],[37,83],[73,54],[83,18],[68,57],[45,26],[14,24],[38,24],[13,24],[-21,55],[21,55],[79,64],[45,49],[24,44],[21,56],[-6,46],[11,30],[-27,77],[-67,111],[-29,72],[-20,80],[-6,46],[-23,54],[-11,45],[-10,155],[9,111],[-12,48],[-64,101],[-22,47],[26,91],[50,99],[12,62],[-16,61],[2,33]],[[6407,37873],[343,-8],[129,38],[143,-2],[18,-5],[52,-52],[72,-38],[140,-28],[58,-18],[135,-28]],[[7497,37732],[-4,-223],[17,-34],[65,-42],[45,-69],[34,-7],[1,-36],[54,-8],[18,-47],[32,-25],[20,-30],[1,-38],[-93,-52],[-25,-20],[24,-51],[40,-13],[50,-1],[22,-46],[15,-54],[4,-74],[23,-6],[83,1],[46,-18],[-6,-19],[10,-47],[3,-99],[-21,-81],[8,-24],[-22,-84],[28,8],[22,24],[43,5],[21,-22],[65,9],[25,23],[13,57],[20,16],[76,21],[51,-9],[44,17],[33,-7],[66,48],[9,60],[13,20]],[[6559,33341],[-203,5],[-281,10]],[[6075,33356],[11,343],[11,530],[82,-1],[6,165],[3,183],[9,365],[8,383]],[[7497,37732],[68,-15],[65,-55],[40,-21],[69,-14],[83,-6],[2,129],[53,13],[106,-24],[71,1],[68,72],[92,37],[-16,79],[-31,53],[0,49],[-21,35],[27,10],[62,-3],[4,-30],[-18,-45],[3,-30],[41,-35],[70,-17],[51,-25],[29,35],[17,-8],[-19,-54],[13,-44],[30,-42],[71,-44],[27,-3],[21,-21]],[[6537,38306],[236,786]],[[7448,39957],[169,-7],[323,-16],[164,-4],[494,-3],[0,-8],[183,0],[128,-5]],[[8909,39914],[27,-59],[-42,-25],[-10,-19],[25,-40],[8,-43],[-11,-27],[-38,-3],[-19,-18],[12,-55],[-8,-27],[31,-11],[47,0],[33,15],[6,44],[38,20],[15,-43],[20,-11],[19,59],[19,-2],[31,-42],[27,-1],[15,-20],[-50,-68],[-27,-13],[-22,-39],[48,1],[44,-49],[18,-33],[39,-21],[69,-3],[-13,-527],[-3,-171],[82,-2],[-4,-176],[249,-11],[-6,-363],[322,-8],[-3,-234]],[[20549,21395],[76,-16],[40,-33]],[[20665,21346],[-12,-215]],[[20513,21180],[-29,41]],[[20484,21221],[90,-4],[-18,58],[-19,16],[10,40],[2,64]],[[20438,21704],[90,-12],[79,-66]],[[20607,21626],[-49,-61],[-3,-143],[-6,-27]],[[20549,21395],[-76,3]],[[20300,21596],[10,11],[82,1],[7,21],[37,7],[2,68]],[[2891,26845],[19,4],[201,-4],[12,-4],[116,-78],[71,-37],[77,-8],[37,-11],[24,-20]],[[3171,26386],[29,19],[52,12],[25,19],[-15,25],[15,27],[-58,0],[-45,-16],[-49,-30],[-39,-9],[-84,-1],[-51,-16],[-6,35],[-77,2]],[[2554,27499],[35,36],[3,37],[78,54],[34,52],[19,10],[19,55],[20,11],[41,0],[37,30],[23,-1],[23,38],[41,3],[92,64],[-4,56],[7,45],[22,32]],[[2332,27353],[18,-20],[61,6],[54,-9],[62,24],[23,19],[-34,118],[38,8]],[[26654,12834],[170,2],[0,530],[-1,331],[1,191],[-10,0],[2,262]],[[26816,14150],[0,19],[110,11],[55,-3],[77,-18],[57,-39],[75,-58],[266,-218],[52,-91],[37,-32],[80,-38],[45,-9],[95,-62],[32,-12],[68,-3],[152,59],[74,6],[37,-26],[28,-38],[6,-36],[-36,-39],[-33,-20],[-79,-8],[-39,-21],[-30,-42],[-4,-49],[-35,-109],[-6,-59],[14,-48],[25,-42],[27,-22],[51,-19],[54,1],[77,37],[56,55],[75,96],[57,42],[54,12],[63,-3],[48,-10],[66,-25],[51,-32],[42,-44],[109,-177],[32,-43],[53,-45],[66,-19],[32,2],[64,18],[10,-31],[-14,-48],[3,-58],[38,-44],[51,-9],[40,15],[89,19],[44,41],[15,33],[4,55],[-16,42],[-32,53],[2,37],[26,28],[82,1],[78,-60]],[[28471,11670],[-5,-130]],[[28466,11540],[-39,47],[-43,10],[-81,98],[3,76],[-18,26],[-35,-22],[-116,-2],[-152,2],[-13,-4],[-202,-167],[-14,-6],[-616,3],[-3,33],[-56,24],[-13,26],[6,59],[31,4],[13,44],[36,26],[0,20],[57,68],[2,30],[-32,66],[33,46],[0,49],[-52,84],[-4,56],[-13,28],[2,36],[-21,31],[-30,68],[-39,42],[-41,22],[-55,6],[-24,-10],[-28,14],[-68,-11],[-28,22],[-22,46],[-53,37],[-28,52],[-27,13],[-27,29],[-2,173]],[[20234,21741],[61,18],[98,-31],[45,-24]],[[20213,21663],[19,20],[2,58]],[[22023,31104],[46,-22],[38,3],[38,32],[25,40],[2,69],[34,43],[100,-25],[115,23],[36,-153],[-6,-52],[32,-99]],[[22483,30963],[23,-55],[53,-103],[66,-69],[101,-135],[63,-66],[64,-52],[27,-14],[308,3]],[[23188,30472],[-11,-283],[13,-152],[26,-92],[25,-27],[44,-23],[73,-9],[100,6],[2,-63],[9,-9],[-14,-46]],[[23455,29774],[-52,-47],[-2,-108],[-9,-27],[-5,-76],[-26,-77],[-20,-34],[-42,-27],[0,-66],[46,-56],[0,-62],[-16,-38],[-63,-1],[-3,-24],[-5,-279],[-4,-7],[-162,-6],[-4,-249],[41,-60]],[[23129,28530],[-44,-2],[-162,4],[-652,7],[-118,3]],[[22153,28542],[-211,6]],[[22031,31532],[4,355],[16,707],[2,170]],[[22053,32764],[3,1],[527,-15],[588,-20],[93,-3]],[[23264,32727],[13,-39],[-13,-71],[6,-50],[13,-32],[0,-61],[13,-34],[1,-60],[97,-78],[24,-42],[-2,-28],[-25,-23],[-1,-74],[24,-58],[-13,-49],[-21,-20],[-28,-84],[-18,-19],[-5,-37],[41,-44],[17,0],[27,-31],[15,-59],[-24,-26],[10,-35],[-49,-52],[-57,2],[-1,-42],[-45,-42],[-58,-85],[17,-17],[0,-87]],[[23222,31350],[-26,-37],[-60,-58],[-65,-24],[-59,-36],[-90,-14],[-55,20],[-60,-2],[-99,-30],[-63,-38],[3,-99],[-12,-21],[-153,-48]],[[23455,29774],[156,-9],[42,-29],[0,-18],[544,-30],[36,-47],[84,-8],[42,-57],[73,-12],[63,-22],[100,6],[71,25],[64,-1],[68,-70],[32,-48],[38,-24],[47,2],[90,49],[31,-12],[92,24],[19,-18],[32,-5],[71,-45],[41,-9],[36,-43],[76,-2],[32,-13],[66,-5],[31,-27],[0,-45],[34,-62],[39,-4],[22,-14],[47,28]],[[23252,28536],[-123,-6]],[[23724,23110],[155,267],[27,51],[198,343]],[[24373,23574],[-2,-139],[-13,-38]],[[24281,23222],[-188,4],[-3,-176],[-15,-26],[-142,-169],[4,140],[-213,115]],[[23197,25821],[9,386],[7,370],[8,316]],[[24408,26802],[-16,-22],[25,-30],[41,-28],[33,-54],[95,-116],[3,-90],[19,-56],[42,-50],[67,-101],[58,-56],[41,-13],[95,-98],[81,-159],[12,-44],[48,-92],[41,-18],[43,-68],[16,-6],[112,-2],[35,-31],[-4,-218],[40,-18],[20,-25],[18,-60]],[[25373,25347],[-34,-1],[-32,20],[-26,-9],[-61,-2],[-46,-22],[-9,26],[-30,-2],[-37,13],[-8,17],[20,34],[-24,38],[-54,9],[-31,-13],[-24,16],[-23,-13],[-46,9],[5,30],[-51,-5],[-62,16],[-7,15],[-60,1],[-37,39],[-49,23],[-31,-4],[-9,22],[-59,-8],[-21,7],[-7,43],[-61,11],[-25,-22],[-6,-50],[51,-3],[-1,-87],[-10,0],[-4,-175],[-72,2],[-3,-245],[-5,-196]],[[23176,24953],[14,546],[7,322]],[[28086,28024],[-79,-32],[-426,-263],[-48,-42],[-312,-412]],[[26864,27802],[-103,8],[18,37],[-35,58],[-47,43],[-21,51],[28,31]],[[25885,26776],[8,-46],[61,0],[30,20],[58,-69],[-10,-49],[5,-29],[37,-78],[48,-4],[17,-16],[14,-63],[16,-30],[21,9],[46,-82],[9,-27],[69,6],[46,-6],[52,-16],[19,34],[63,-32]],[[26494,26298],[-261,-302],[-26,-26],[-563,-486],[-105,-109],[-83,-61]],[[25456,25314],[-75,-52]],[[25381,25262],[-8,85]],[[26494,26298],[274,317]],[[26768,26615],[79,88],[34,93],[50,61]],[[26931,26857],[88,-2],[2,-87],[159,-1],[-77,-87],[290,-2],[40,7],[41,-30],[-2,-233],[27,-66],[38,-31],[51,-8],[-6,-522],[-163,2],[-6,-529],[-92,1],[-4,-339],[56,-26],[6,-51],[33,6],[36,-76]],[[27448,24783],[-36,22],[-21,-6],[-60,8],[-10,-27],[-23,-19],[-37,-2],[-23,39],[-30,-11],[-36,51],[22,33],[-43,8],[-41,24],[-37,-5],[-13,12],[-41,-35],[-21,28],[-56,-36],[-51,-15],[-20,6],[-24,-39],[-58,-10],[-13,-26],[-62,-29],[-22,7]],[[26692,24761],[-60,41],[3,25],[-52,47],[-61,67],[-30,23],[-7,24],[-48,-3],[-31,-43],[-22,5],[-58,-11],[-34,-20],[-20,30],[-52,4],[-18,20],[-29,-11],[-55,2],[-46,28],[-32,6],[-33,20],[-15,24],[-52,26],[-42,-15],[-40,7],[-29,29],[-33,-21],[-21,23],[-56,39],[1,14],[-40,22],[-47,45],[2,59],[-22,1],[-3,97],[-35,5],[-33,-35],[-67,-23],[-19,2]],[[27221,27275],[136,-73],[64,17],[114,11],[63,26],[-12,57],[-36,42],[3,30],[36,13],[51,-22],[79,-1],[60,-20],[71,-8],[28,-22]],[[29520,26348],[11,-16],[119,-14],[-2,-29],[-40,-5],[-34,-27],[-26,-63],[-44,-44],[-36,-1],[-77,42],[-38,13],[-51,-34],[-34,-73],[0,-34],[13,-25],[28,-15],[64,-1],[90,-13],[44,9],[34,-28],[-13,-80],[11,-44],[54,-43],[-9,-23],[-63,-19],[-31,6],[-68,69],[-40,-8],[-11,-30],[8,-44],[40,-99],[74,-94],[-8,-36],[-42,-70],[-6,-24],[13,-40],[25,-7],[59,27],[37,60],[27,4],[30,-52],[-4,-41],[-20,-12],[-111,-14],[-70,2],[-38,8],[-23,-16],[-6,-35],[11,-52],[25,-30],[-2,-29],[-56,0],[-35,39],[-10,38],[6,75],[-24,6],[-9,-39],[3,-70],[-17,-43]],[[29248,25230],[-356,11],[-745,15],[-5,-513],[-6,-290],[-19,21],[-48,7],[-103,-15],[-48,-68],[-48,9],[-88,36],[-17,26],[-34,-19],[-50,19],[-40,-1],[-21,12],[-17,72],[-30,85],[16,30],[-40,40],[-18,0],[-25,43],[-58,33]],[[26931,26857],[210,244],[28,76]],[[26733,27145],[47,-1],[14,-21],[-1,-73],[56,-5],[-1,-58],[10,-42],[49,12],[19,24],[-6,52],[19,-1],[2,148]],[[26768,26615],[3,347],[-7,36],[-20,38]],[[26744,27036],[-12,38],[1,71]],[[26454,27141],[81,-2]],[[26535,27139],[33,9],[165,-3]],[[26744,27036],[-91,2],[-1,-26],[-26,-95],[-41,-78],[-28,-32],[-81,-35],[-31,-27],[-68,43],[-27,47],[-33,9],[-22,23],[-18,61],[2,72],[178,-2],[-3,143]],[[26733,27145],[1,37]],[[25890,27173],[68,-34],[175,3],[195,-11],[76,11],[50,-1]],[[26692,24761],[-34,-43],[-36,0],[-75,15],[-43,-5],[-46,25],[-47,-35],[-64,0],[-30,-46],[-62,-32],[-44,-5],[-9,18],[-42,9],[-39,-24],[-2,-119]],[[25461,24453],[-62,2],[-13,28],[-45,2],[-45,41],[-36,20],[-43,-30],[-22,-32],[-17,35],[-35,23],[-7,29],[-33,-1],[-50,38],[-14,21],[-6,46],[-24,4],[-30,24],[-46,-19],[-52,19],[-28,-26],[-43,27]],[[24810,24704],[35,45],[283,231],[172,-6],[2,141],[83,8],[-4,139]],[[24810,24704],[-67,-8]],[[32340,36344],[12,1],[52,-64],[14,-6],[25,14],[54,8],[4,24],[-51,37],[-16,48],[3,35],[-55,21],[-15,23],[18,64],[-5,82],[21,11],[37,-74],[15,-6],[38,25],[26,-10],[27,-29],[37,-5],[19,14],[14,36],[-14,76],[-39,39],[-28,52],[-63,16],[-10,48],[36,40],[35,-1],[52,-52],[22,15],[-14,46],[-26,41],[-43,23],[-32,30],[-15,45],[8,85],[-10,99],[16,42],[51,28],[85,-59]],[[32625,37206],[49,-17],[-14,-124],[62,-45],[29,-2],[1,-85],[83,-5],[-1,-88],[243,-14],[-7,19],[-5,101],[21,78],[28,43],[9,32],[9,83],[-2,28],[414,-200],[75,-37]],[[33619,36973],[-2,-166],[-83,3],[-1,-87],[-84,-2],[-3,-263],[128,-6],[-3,-10],[-145,-271],[89,-5],[14,22],[330,-15],[4,265],[30,25],[42,-2],[32,63],[-1,38],[19,47],[78,92]],[[34063,36701],[494,-453],[159,-140],[109,-100],[20,90],[0,94],[-17,25],[-45,2],[-18,19],[3,162],[14,-6],[69,3],[28,-42],[28,-94]],[[34907,36261],[0,-37],[16,-27],[-42,-27],[-1,-38],[42,-3],[27,-24],[37,5],[16,-20],[-21,-37],[47,-8],[12,-28],[-18,-37],[-41,12],[-4,-39],[25,-4],[10,-23],[-46,-10],[-30,-25],[2,-32]],[[34938,35859],[14,-24],[-6,-25],[-33,-15],[-30,-55],[-25,-10],[-3,-42],[24,6],[9,-56],[-31,-13],[-25,12],[-8,-48],[33,-1],[5,-35],[-50,-23],[26,-23],[-1,-100],[34,-20],[-19,-26],[-3,-32],[-99,4],[-6,-527],[-497,20],[-168,4],[-349,10],[-467,17]],[[31723,34917],[11,54],[27,71],[37,49],[-38,22],[-13,49],[21,43],[-6,21],[-61,33],[-12,29],[37,4],[46,-33],[38,6],[15,24],[-8,31],[-26,10],[-49,-9],[-13,10],[-11,50],[-29,9],[-32,34],[1,45],[44,26],[11,31],[-17,19],[-30,-37],[-51,-8],[-16,22],[-16,86],[41,-9],[22,11],[33,-7],[20,23],[-21,43],[22,64],[22,17],[37,-6],[26,35],[-11,66],[12,24],[33,-24],[27,15],[-5,52],[82,6],[51,47],[57,5],[24,32],[-2,51],[15,72],[-25,8],[-41,-27],[-24,2],[-14,54],[24,66],[30,14],[31,0],[25,-31],[29,-7],[47,20],[46,33],[22,-7],[20,-47],[36,-23],[97,7],[19,20],[-5,32],[-32,28],[-17,34],[4,43]],[[33554,38073],[-2,-106],[-85,4],[-148,2],[-3,11],[-78,-2],[-3,-88],[-159,-3],[-15,-27],[2,-32],[19,-63],[32,-29],[14,-47],[-4,-48],[-12,-8],[-46,12],[-30,-2],[-45,21],[-22,-33],[-31,-82],[25,-22],[-21,-47],[-75,-38],[-54,-54],[-44,7],[-23,-16],[42,-32],[-32,-23],[-45,-11],[-62,-30],[9,-28],[-33,-53]],[[32340,36344],[6,6],[15,-7],[48,-64],[52,18],[33,21],[-52,41],[-11,26],[-4,58],[-46,14],[-19,24],[-9,46],[9,33],[-32,58],[-9,36],[-126,10],[-1,41],[-46,4],[-135,-1],[-41,-64],[-91,-86],[-32,65],[0,39],[-35,48],[3,211],[-57,5],[44,47],[24,61],[-289,2],[-48,16],[-11,-48],[-83,1],[-4,-27],[-35,-20],[-12,-28],[-36,-1],[-24,29],[-4,34],[-39,19],[2,78],[-41,55],[4,125],[-137,-46],[-32,-16],[-4,-226],[-5,-31],[15,-32],[-6,-48],[-38,1],[-15,-44],[-23,-1],[-53,38],[-49,20],[-22,18],[-21,-24],[-35,-16],[1,-94],[9,-66],[-52,-6],[-29,-41],[-29,-15],[-98,-5],[-77,-94],[-23,-13],[-179,2],[-15,6]],[[30291,36536],[11,360],[7,106]],[[35329,38059],[299,-4],[168,1],[111,-4],[-7,-34],[-141,-143],[-66,-115],[-10,-31],[10,-135],[-7,-32],[-55,-42],[-9,-23],[-65,11],[-11,-25],[-30,-23],[-18,-83],[-15,-5],[-8,-50],[-43,6],[-28,-38],[-37,3],[-30,-23],[-38,-15],[-21,-29],[-52,-15],[-23,-72],[14,-31],[-12,-19]],[[35205,37089],[-12,-12],[-5,-149],[-11,-22],[-117,-175],[-16,-62],[24,-118],[1,-31],[-74,-138],[-84,-103],[-4,-18]],[[34063,36701],[39,53],[9,62],[101,143]],[[34212,36959],[13,45],[6,106],[84,98],[37,24],[9,18],[-9,57],[-124,0],[-5,6],[-97,5],[-2,177],[-142,6],[-19,-51],[-33,-54],[-27,-16],[-31,-38],[-31,-70],[-119,-102],[-20,-5],[-81,-79],[-1,-101]],[[33620,36985],[-1,-12]],[[31723,34917],[-482,10],[-116,1],[-341,-2]],[[30249,34925],[7,309],[15,521],[12,494],[8,287]],[[28315,40067],[26,15],[28,81],[57,3],[34,-22],[19,-100],[54,-10],[55,54],[30,80],[32,3],[14,-41],[-8,-73],[27,-45],[-40,-87],[-12,-70],[27,20],[40,-16],[-8,-34],[13,-33],[174,-6],[-45,-144],[27,-75]],[[28314,39362],[1,263],[0,442]],[[28485,35498],[-12,60],[5,82],[-5,89],[-18,92],[-30,57],[8,76],[-3,26],[-24,30],[-44,22],[-62,61],[-84,55],[-51,58],[-17,38],[-32,124],[-3,60],[-13,45],[-13,115],[-27,77],[8,37],[75,0],[12,-25],[-5,-46],[40,-54],[37,5],[19,47],[3,39],[34,3],[33,21],[12,65],[31,-3],[28,40],[-46,37],[34,59],[-20,19],[35,33],[1,46],[30,14],[-10,38],[12,42],[38,19],[70,59],[11,38],[31,-4]],[[28315,40315],[0,15],[335,-3],[196,-7],[160,0],[343,-12],[1,99]],[[28315,40067],[0,248]],[[2069,29037],[9,-30],[-40,1],[-7,-58],[-25,-9],[-2,-34],[30,-1],[-1,-89]],[[2033,28817],[-41,2]],[[1992,28819],[-141,5],[-9,8]],[[2161,29034],[-3,-132],[21,0],[-3,-89]],[[2176,28813],[-143,4]],[[2280,28810],[-104,3]],[[2039,28677],[-51,18],[4,124]],[[2032,28639],[-45,11],[-153,5]],[[2027,28552],[-43,6],[-1,-48],[-82,4],[-3,-111]],[[40725,27331],[99,-1],[51,-175],[5,0]],[[40880,27155],[91,-295],[18,-49]],[[40807,26667],[-179,-72],[-79,-38],[-113,-24],[-75,20],[-206,113],[-19,25]],[[40136,26691],[-5,83],[-14,24],[-61,43]],[[40056,26841],[6,332],[78,0],[6,158],[5,7],[574,-7]],[[40880,27155],[134,-4],[453,-4],[10,45],[18,21]],[[41495,27213],[51,-12],[38,3],[116,29],[62,11],[83,-9],[36,-16],[55,-45],[31,-16],[30,-46],[44,-82],[17,-87],[78,-115],[12,-41],[-6,-49],[-25,-53],[-25,-13],[-70,45],[-29,-78],[-25,-50],[-21,-80],[-14,0],[-99,50],[-69,-10],[-11,-82],[8,-65],[26,-36],[51,-21],[9,-54],[15,-32],[69,-66],[40,-21],[49,-38],[83,-54],[105,-49],[18,-30]],[[42227,26001],[-313,0]],[[41914,26001],[-707,527],[-132,99],[-32,40]],[[41108,26306],[21,-119]],[[41129,26187],[-62,29],[-34,-2],[-65,-38]],[[40636,25924],[-510,7]],[[40126,25931],[10,760]],[[41542,29433],[-266,-181],[-17,-43],[-1,-100],[-80,-299],[9,-38],[58,-57],[64,-42],[93,8],[81,-8],[101,33],[-54,89],[-36,103],[-7,94],[13,52],[37,58],[55,44],[57,9],[130,-31],[32,-24],[27,-50],[38,-49],[65,-67],[93,-62],[58,-54],[19,-56],[5,-78],[-52,-113],[-88,-139],[-26,-63],[-37,-151],[-19,-102],[-24,-67],[-35,-126],[-13,-85],[-51,-18],[-68,13],[-71,-43],[-59,-21],[-36,-2],[-34,26],[-48,23],[-56,-13],[-60,-46],[-30,-63],[-31,-129],[-3,-33],[31,-84],[48,-94],[48,-73],[35,-39],[58,-29]],[[40725,27331],[-461,1128],[-18,79],[4,258],[19,63],[24,26],[276,185],[39,35],[24,40],[134,299]],[[41211,26146],[161,-81]],[[41372,26065],[0,-146]],[[41372,25919],[-52,1]],[[41320,25920],[-109,0]],[[41211,25920],[0,226]],[[38152,26890],[47,26],[43,97],[248,-7],[2,34],[78,11],[43,-1],[6,-42],[68,2],[48,-4],[6,172],[75,0],[58,-31],[43,12],[25,-20],[48,6],[87,-26],[72,30],[6,280]],[[39155,27429],[49,-44],[133,-185],[32,-27],[121,-12],[566,-320]],[[40126,25931],[-166,1],[-493,6],[-149,0],[-191,3]],[[39127,25941],[-329,-19],[-327,-24],[-167,-8],[-129,3]],[[41372,26065],[57,-28]],[[41429,26037],[122,-63],[-13,-54],[-82,-3]],[[41456,25917],[-84,2]],[[18241,2508],[48,2],[74,20],[64,5],[40,17],[126,29]],[[18593,2581],[0,-181]],[[18155,2200],[-3,17],[1,196],[44,30],[44,65]],[[20009,3395],[30,-18],[16,44],[31,5],[34,-47],[26,-20],[16,-41],[-6,-49],[21,-12],[40,10],[31,31],[18,2],[18,-30],[-7,-51],[18,-7],[50,31],[41,15],[116,6],[36,7],[64,29],[38,8],[121,13],[42,30],[39,82],[71,23],[32,38],[7,90],[37,14],[49,-34]],[[21038,3564],[-1,-31],[-18,-38],[-26,-13],[-30,-47],[-9,-68],[11,-16],[66,10],[43,-5],[33,-17],[45,-54],[45,10],[38,39],[18,-33],[-5,-68],[24,-48],[-16,-54],[16,-11],[72,-6],[30,5],[42,31],[9,24],[-38,53],[7,30],[28,4],[48,-16],[12,11],[10,59],[25,29],[19,3],[32,-30],[18,-48],[-3,-34],[-20,-64],[1,-16],[44,-21],[26,6],[47,50],[18,6],[75,-23],[27,-45],[-6,-79],[17,-21],[24,3],[64,27],[26,-8],[22,-37],[30,-24],[36,-13],[26,3],[29,28],[1,55],[25,14],[60,-44],[49,-20],[4,-27],[-6,-72],[-28,-69],[-44,-34],[-15,-23],[23,-43],[53,-21],[46,-27],[73,-1],[21,-25],[-15,-21],[-90,-16],[-24,-74],[4,-50],[33,-31],[34,10],[23,-13],[40,-81],[19,-6],[54,41],[19,-5],[23,-35],[21,0],[80,38],[16,27],[28,72],[31,-9],[8,-69],[-13,-93],[40,-61],[-45,-15],[-18,-41],[28,-34],[34,33],[23,-14],[-16,-64],[29,-3],[19,29],[17,-6],[-11,-63],[37,-28],[18,-43],[0,-24],[-41,-45],[-47,-37],[26,-26],[64,-15],[32,22],[-22,49],[13,22],[47,-10],[45,29],[36,-14],[11,-21],[-32,-47],[17,-28],[74,30],[11,-11]],[[23011,1919],[29,-34],[114,20],[97,-36],[27,-90],[5,-61],[-28,-28],[-69,16],[0,-39],[39,-53],[12,-55],[-28,-63],[-18,-73],[-16,-29],[-36,-12],[-22,20],[-24,-14],[-3,-55],[-25,-39],[-47,-54],[-2,-62],[-17,-18],[-39,-10],[0,-21],[44,-4],[32,7],[21,-23],[-23,-60],[7,-53],[19,-28],[26,-109],[0,-58],[41,15],[71,3],[22,-12],[11,-27],[-9,-35],[9,-55]],[[23231,690],[18,-55],[27,-43],[-13,-38],[-38,-16],[-4,-25],[44,-44],[10,-46],[-3,-62],[17,-33],[25,-16],[27,9],[35,32],[36,4],[70,-16],[45,-27],[9,-68],[24,-42],[-3,-40],[41,-61],[40,-23],[10,-35]],[[23648,45],[-599,6],[-330,6],[-476,4],[-565,9],[-82,3],[-142,0],[-584,7]],[[19762,2362],[-46,60],[-54,32],[-28,36],[-27,12],[-24,29],[-25,49],[-26,37],[26,15],[13,48],[-20,37],[17,22],[13,82],[48,-1],[9,24],[28,22],[-29,54],[4,31],[22,14],[-5,90],[-19,8],[-7,42],[20,70],[29,16],[19,-13],[45,62],[58,11],[38,29],[16,55],[71,37],[24,24],[37,-23],[20,22]],[[17958,4305],[43,0],[42,-36],[53,17],[63,-33],[34,25],[24,73],[54,19],[27,37],[74,-16],[45,-18],[29,-50],[54,-30],[33,-3],[39,19],[26,-4],[15,47],[15,6],[29,-28],[74,-14],[-29,40],[28,58],[43,56],[24,-5],[47,-51],[31,10],[57,-32],[10,40],[21,-4],[22,-35],[22,13],[18,-15]],[[19025,4391],[51,-63],[23,-4],[64,29],[38,27],[17,-15],[-8,-46],[8,-22],[64,-40],[51,2],[22,-14],[-33,-56],[-2,-28],[29,-30]],[[19349,4131],[30,-21],[7,-23],[-8,-43],[17,-28],[4,-45],[23,-4],[24,20],[21,-15],[1,-26],[-34,-27],[-14,-52],[-20,-39],[5,-28],[31,-22],[54,39],[75,40],[38,43],[47,12],[30,-22],[43,-68],[4,-37],[32,-19],[30,28],[-10,27],[5,34],[44,60],[27,-14],[14,-36],[29,-41],[7,-60],[28,-14],[23,12],[44,61],[29,-19],[1,-46],[-18,-23],[-42,-23],[-50,-65],[39,-26],[39,24],[30,6],[-4,-41],[-84,-60],[-39,-16],[-2,-33],[49,-48],[51,-31],[10,-27]],[[18593,2581],[17,4],[11,55],[-26,23],[-10,40],[-25,15],[-18,50],[12,75],[18,37],[-23,40],[-30,16],[-32,70],[-36,18],[-18,-17],[-44,-15],[-45,-27],[-24,5],[-69,82],[-9,33],[0,65],[-44,-10],[-14,9],[-46,-39],[-8,14]],[[17787,3342],[0,133],[-19,15],[-19,56],[32,15],[36,1],[23,16],[-33,46],[-20,58],[-24,35],[13,36],[-27,39],[9,50],[-12,32],[36,16],[-4,36],[8,33],[-4,40],[-17,38],[21,21],[23,52],[57,47],[5,31],[-16,16],[13,27],[-12,31],[36,12],[19,-7],[33,13],[14,25]],[[18130,3124],[4,-50],[-5,-47],[3,-64],[-20,-89],[2,-86],[-1,-154]],[[18241,2508],[-69,3]],[[17075,4485],[34,43],[9,29],[49,-1],[59,47],[11,37],[36,-2],[11,-18],[49,-15],[16,-15],[36,19],[58,-21],[53,15],[28,-21],[66,-5],[13,-28],[39,-19],[-5,-20],[18,-79],[71,-13],[42,-37],[69,20],[69,-11],[51,-20],[1,-65]],[[39155,27429],[-39,18],[-48,8],[-78,2],[2,195],[-4,43],[-66,12],[-95,-7],[2,111],[-41,31],[1,51],[-194,3],[7,58],[25,93],[21,57],[59,130],[-38,12],[-146,4],[-19,19],[1,134],[7,46],[2,188],[-3,27],[-44,29],[-292,4]],[[41914,26001],[-41,4],[-163,39],[-36,3],[-199,-15],[-46,5]],[[41211,26146],[-82,41]],[[41320,25920],[-1,-137]],[[41319,25783],[-96,-28]],[[41223,25755],[-12,32],[0,133]],[[32471,13488],[360,5],[321,-2],[245,0],[239,-3],[316,-6],[23,2]],[[33975,13484],[35,-56],[59,-74],[52,-35],[106,-82],[68,-58],[69,-9],[106,19],[79,40],[53,2],[47,-13],[61,-46],[41,-75],[9,-78],[-14,-59],[-21,-45],[-78,-112],[-26,-45],[-24,-84],[18,-70],[5,-82],[-20,-89],[-20,-40],[-25,-23],[-52,-27],[-49,-16],[-107,-19],[-71,0],[-71,6],[-199,47],[-53,10],[-69,0],[-68,-21],[-142,-70],[77,-228],[-2,-24],[86,-80],[78,-126],[12,-39],[-8,-70],[-16,-54],[-22,-39],[-31,-25],[-80,-26],[-47,-3],[-41,7],[-72,32],[-43,36],[-29,55],[-4,35],[-52,132],[-44,119],[-47,105],[-161,-111],[-29,-11],[-65,-9],[-33,8],[-66,51],[-41,49],[-53,52],[-57,37],[-39,8],[-61,-10],[-21,-29],[-24,-73],[-11,-74],[-4,-63],[5,-240],[5,-64],[14,-48],[32,-40],[29,-17],[78,-26],[243,-63],[202,-49],[60,-20],[30,-21],[30,-37],[15,-42],[-3,-77],[-31,-67],[-114,-181],[-68,-94],[-74,-84],[-45,-44],[-125,-99],[-58,-52],[-37,-47],[-22,-58],[-5,-64],[12,-114],[16,-84],[29,-80],[71,-124],[96,-154],[108,-75],[67,-31],[101,-32],[107,-24],[68,-38],[49,-44],[34,-43],[19,-44],[8,-54],[-16,-71],[-42,-68],[-50,-45],[-45,-24],[-83,-28],[-36,-7],[-87,12],[-87,52],[-154,107],[-49,-14],[-144,-30],[-237,-23],[-83,-13],[-59,64],[-84,64],[-50,18],[-54,-21],[-58,-90],[-31,-75],[-2,-37],[16,-43],[23,-14],[-12,-67],[-27,-60],[13,-24],[-35,-108],[-13,-95],[59,-89],[83,-105],[70,-77],[77,-44],[141,-6],[56,12],[81,29],[89,60],[93,37],[59,-8],[71,-47],[65,-60],[63,-95],[32,-78],[10,-38],[50,-19],[-4,-94],[-27,-74],[-26,-27],[-54,-26],[-152,-35],[-102,-61],[-93,-42],[-72,-8],[-52,10],[-96,46],[-73,50],[-115,60],[-49,31],[-58,63],[-83,130],[-52,75],[-98,131],[-44,-30],[-83,-26],[-106,-6],[-185,-5],[-88,-22],[-51,-33],[-33,-34],[-45,-78],[-15,-61],[-2,-52],[6,-50],[21,-56],[61,-88],[41,-37],[47,-25],[74,-15],[104,-4],[76,-15],[61,-23],[75,-44],[57,-41],[102,-84],[124,-117],[30,-40],[41,-97],[26,-96],[-5,-80],[-27,-81],[-33,-54],[-38,-48],[-98,-107],[-58,-51],[-69,-47],[-41,-19],[-94,-20],[-75,1],[-164,23],[-103,0],[-57,-8],[-64,-20],[-23,-18],[-29,-49]],[[31393,6741],[-77,1],[-2,-94],[-21,-2],[-8,-440],[-323,9]],[[30962,6215],[-1,210],[7,328],[9,208],[8,525],[-8,26],[-310,469],[5,18],[7,351],[-3,10],[-91,104]],[[28391,9426],[19,1060],[16,-1],[6,174],[23,525],[11,356]],[[30962,6215],[-309,5],[-100,4],[5,87],[-86,4],[3,89],[-120,0],[-3,-173],[-41,1],[2,176],[6,164],[4,195],[-162,1],[-160,-3]],[[30001,6765],[-164,2],[-153,-4],[-326,5]],[[41211,25920],[-164,-1]],[[41047,25919],[-82,-4]],[[41047,25919],[-2,-204]],[[41045,25715],[-325,-83],[-4,16],[3,275]],[[41223,25755],[-139,-81],[-39,5],[0,36]],[[17403,25022],[214,-5],[25,32],[64,-28]],[[17706,25021],[43,-1],[73,15],[172,48],[35,31],[63,77],[60,80],[46,94],[28,39],[79,80],[45,30],[56,24],[40,-1],[42,-29],[30,-35],[10,-39],[2,-80],[-17,-46],[-26,-33],[-46,-34],[-64,-25],[-55,-30],[-43,-42],[-6,-61],[81,-24],[39,0],[78,16],[135,36],[45,16],[61,32],[58,53],[35,48],[67,126],[56,79],[40,40],[45,26],[63,11],[67,-22]],[[19143,25520],[39,-38],[23,-54],[61,-194],[5,-25],[-1,-125]],[[19270,25084],[-3,-68],[-20,-140],[-48,-131],[-44,-83],[-51,-69],[-44,-50],[-50,-43],[-107,-80],[-56,-36],[-45,-48],[-40,-62],[-21,-48],[-13,-74],[12,-88],[40,-110],[36,-76],[35,-56],[53,-61],[80,-71],[101,-64],[153,-48]],[[17284,22679],[-24,-2],[-144,33],[-10,8],[-29,72],[-69,71],[-62,71],[-30,22],[-24,34],[1,34],[-14,22],[-15,65],[15,42],[-33,48],[-14,46],[-28,43],[0,76],[-13,20],[-53,17],[-16,27],[8,29],[32,40],[28,18],[49,59],[11,28],[51,29],[11,16],[-4,40],[-29,44],[-3,30],[19,76],[17,41],[-10,98],[21,67],[-17,55],[42,9],[22,32],[71,12],[9,-56],[16,-21],[30,1],[14,20],[83,-4],[12,12],[9,56],[34,-2],[27,46],[99,13],[36,48],[3,19],[37,30],[34,-1],[52,20],[42,-9],[5,28],[-18,30],[-2,35],[30,34],[5,32],[-26,11],[-19,32],[16,44],[35,37],[33,9],[6,85],[-7,76],[-51,38],[2,64],[-13,26],[-106,0],[-48,23],[-22,49],[5,46]],[[14633,25078],[66,0],[149,-11],[179,-4],[331,-5],[0,6],[492,-13],[163,-2],[245,-6]],[[16258,25043],[-3,-261],[-40,-46],[-3,-85],[-195,-43],[-51,0],[1,-118],[-31,-74],[-24,-25],[15,-39],[-4,-34],[52,-9],[12,-31],[-102,-35],[7,-39],[-16,-47],[-102,-13],[-5,-171],[25,-21],[-3,-111],[41,-39],[35,5],[15,-47],[30,7],[11,-41],[-50,-56],[-42,-12],[-12,-27],[-42,-9],[4,-32],[-16,-47],[-45,7],[-20,-20],[23,-25],[28,18],[13,-67],[-25,-17],[-91,45],[-50,-36],[-33,24],[-55,-3],[-22,27],[-58,-29],[-21,-2],[-26,-81],[-88,-26],[-119,10],[-21,-12],[10,-62],[-32,-78],[-2,-32],[33,-24],[79,-24],[-81,-22],[-31,-27],[-13,-41],[-47,-3],[-8,-13],[41,-29],[155,-9],[52,-12],[-31,-49],[-7,-26],[-52,-52],[-71,-9],[-14,-24],[-60,-20],[-151,-29],[-51,-14],[1,-88],[-29,-15],[-53,-2],[-35,-37],[-36,9],[-28,-19],[-29,-80],[22,-34],[-10,-55]],[[16258,25043],[217,-6],[146,-5],[261,-4],[117,-3],[324,-5],[80,2]],[[17424,22376],[-1,-80],[-11,-215],[-29,24],[-12,40],[-49,20],[-22,54],[-31,24],[-82,-39],[-18,-1]],[[21217,8512],[93,-8],[330,-18],[327,-1],[287,-4],[363,2]],[[22617,8483],[12,-19],[31,-2],[-1,-244],[8,-10],[-9,-122],[59,-138],[-14,-38],[-27,26],[-44,-10],[-9,-15],[-68,-32],[-42,-80],[2,-27],[-55,-35],[-24,-80],[-28,-25],[15,-15],[-22,-31],[7,-27],[-23,-34],[-2,-84],[7,-21],[-22,-70],[28,-46],[-8,-46]],[[22388,7258],[11,-45],[-22,-30],[-3,-27],[-29,-15],[-18,-55],[-13,-78],[-38,-33],[-14,-49],[-38,-16],[-13,-72],[-37,-25],[-23,10],[-15,-44],[1,-44],[21,-17],[-19,-65],[-4,-110],[27,-67],[21,1],[27,-45],[31,-17],[-3,-71],[24,-55],[49,-68],[-7,-15],[54,-122],[35,-36],[-5,-40],[44,-25],[11,-26],[-2,-57],[18,-54],[-16,-56],[15,-5],[14,-79],[-9,-33],[6,-64],[16,-71],[-7,-37],[16,-59],[-4,-34],[57,40],[11,48],[-38,61],[1,72],[37,25],[16,32],[57,21],[3,-41],[62,13],[76,-1],[5,22],[117,0],[-8,-87],[50,-3],[43,95],[39,44],[17,-19],[70,-47],[126,60],[77,116],[47,-7],[44,34],[33,-11],[12,29],[64,62],[67,28],[35,47],[57,31],[15,30],[2,39],[13,12],[-15,36],[16,41],[26,16],[37,1],[2,35]],[[23763,6282],[21,-12],[47,-76],[45,22],[44,-10],[34,2],[48,19],[48,-34],[34,25],[60,3],[21,-36],[17,-8],[14,-33],[6,-51],[21,3],[6,38]],[[24378,4767],[22,-60],[5,-62],[9,-16],[102,-17],[85,-53],[42,-10],[17,-15],[-10,-36],[-69,-69],[-18,-48],[26,-69],[6,-37],[-8,-30],[-33,-57],[-19,-20],[-54,-31],[-41,-5],[-53,32],[17,-91],[36,-68],[18,-9],[51,-85],[-5,-38],[15,-64],[-13,-37],[15,-20],[-31,-44],[23,-40],[-22,-41],[9,-24],[-49,-42],[-47,3],[-9,20],[-36,7],[-25,20],[-5,25],[-49,-9],[-35,-32],[-19,-37],[-24,-13],[75,-124],[-3,-18],[-47,-41],[-6,34],[-30,-1],[-24,-26],[-87,-44],[-9,-41],[-28,-15],[-16,30],[6,33],[-23,33],[-23,0],[-91,-73],[28,-55],[24,-9],[-7,-61],[-64,17],[-35,-47],[-4,-23],[19,-19],[16,-42],[-41,-2],[-14,-38],[-40,3],[-46,46],[-38,-31],[0,-45],[-33,4],[-61,-15],[3,-33],[31,-10],[6,-68],[-13,-30],[-31,31],[-28,-23],[-7,-27],[-30,9],[-28,38],[-39,-27],[-15,-41],[23,-16],[-2,-87],[-29,-27],[-23,-37],[-88,-37],[-5,30],[-23,28],[-21,4],[-16,-23],[-57,17],[15,-34],[-14,-63],[28,-31]],[[23237,2518],[-9,-52],[-23,-30],[-53,4],[-2,25],[-51,15],[-11,-34],[7,-26],[-44,-37],[5,-34],[-30,-22],[-6,-25],[9,-40],[-28,-36],[35,-22],[52,14],[9,-52],[-49,15],[2,-22],[34,-22],[-35,-52],[26,-38],[-64,-128]],[[21038,3564],[-33,76],[-34,25],[-40,0],[-33,-18],[-41,66],[-44,17],[-38,26],[9,27],[-9,62],[-15,41],[6,66],[15,39],[6,47],[-37,-4],[-4,105],[11,62],[37,56],[-16,27],[22,86],[27,32],[-20,50],[-15,11],[5,46],[78,45],[45,-29],[29,18],[-1,64],[13,15],[7,45],[18,55],[-8,23],[6,54],[35,36],[27,69],[32,44],[42,16],[16,63],[23,45],[-28,44],[-4,37],[29,77],[21,17],[11,35],[38,16],[11,30],[19,98],[-16,14],[-2,59],[17,14],[46,97],[15,11],[8,77],[-16,15],[3,40],[-15,16],[0,56],[35,11],[10,55],[38,22],[5,57],[17,26],[-1,27],[-33,54],[-10,50],[9,41],[-26,70],[-29,22],[-17,45],[-5,82],[39,74],[2,34],[17,7],[3,46],[-11,29],[26,52],[-17,29],[-16,62],[-5,53],[-63,85],[16,17],[6,56],[15,44],[9,58],[-37,90],[-13,77],[-34,71],[17,70],[-10,16],[19,89],[25,31],[11,36],[-6,31],[26,28],[4,49],[-25,71],[26,43],[1,38],[-17,21],[-23,55],[14,19],[-27,35],[-8,51],[4,36],[34,68],[-9,34],[22,8],[14,104],[-23,80],[-40,35],[-19,32],[12,29],[-25,46],[-11,48],[5,38]],[[23651,7362],[66,-7],[88,-28],[69,-3],[51,-10],[111,-29],[56,-7],[167,30],[249,39]],[[23763,6282],[-34,35],[-9,63],[9,38],[-8,28],[-96,96],[33,132],[-7,43],[-60,93],[-14,32],[-3,189],[20,49],[27,150],[10,16],[0,75],[20,41]],[[22975,8479],[412,-3],[161,0],[484,-6],[196,-1],[283,2]],[[23651,7362],[-28,3]],[[23623,7365],[-3,176],[-10,35],[-387,771],[-17,21],[-122,34],[-109,77]],[[22617,8483],[358,-4]],[[23623,7365],[0,-37],[-179,-3],[-76,-24],[-77,-57],[-81,-26],[-95,-25],[-47,-21],[-72,1],[-85,-17],[-114,2],[-49,19],[-30,24],[-93,43],[-237,14]],[[36375,19816],[324,-2],[324,-8],[370,2]],[[37393,19808],[-33,-152],[-8,-60],[14,-81],[29,-75],[124,-227],[122,-155],[105,-122],[55,-86],[27,-52],[6,-75],[-19,-117],[-12,-38],[-45,-52],[-46,-39],[-126,-84],[-75,-32],[-25,-22],[-36,-52]],[[37450,18287],[-21,26],[3,51],[-9,84],[-109,4],[-73,13],[-54,-13],[-44,-28],[-57,45],[-47,-20],[-73,-1],[-34,-10]],[[36932,18438],[4,54],[26,24],[19,38],[23,12],[14,35],[-18,49],[6,42],[-33,119],[-12,16],[5,37],[37,65],[-49,81],[-69,3],[-25,14],[-18,-17],[-23,30],[-19,58],[-33,46],[-17,53],[-36,80],[-14,10],[-167,3],[-160,0]],[[36373,19290],[4,516],[-2,10]],[[36932,18438],[-28,-15]],[[36904,18423],[-95,226],[-39,54],[-63,53],[-227,3]],[[36480,18759],[-114,0]],[[36366,18759],[1,177],[6,354]],[[37450,18287],[-82,-223]],[[37368,18064],[-110,34],[-6,-9],[37,-54],[-16,-77],[-91,9],[-16,-20],[-101,5],[-54,-23],[-10,58],[-13,10],[-78,27]],[[36910,18024],[-30,102],[21,81],[39,2],[12,30],[42,3],[-43,71],[-47,110]],[[36910,18024],[-115,-7],[-52,0],[-54,-8]],[[36689,18009],[4,133],[13,32],[1,116],[8,21],[71,56],[-320,254],[2,59],[12,79]],[[33547,16707],[25,-7],[24,13],[-7,38],[55,32],[18,-18],[43,36],[-8,31],[36,48],[62,-2],[62,44],[48,26],[6,67],[31,-23],[32,-5],[28,10],[-13,51],[15,14],[40,-20],[10,13],[77,13],[50,36],[49,6],[19,29],[2,28],[47,7],[17,32],[76,17],[-25,61],[35,-8],[13,32],[20,0],[7,33],[19,9],[9,-39],[34,29],[1,59],[28,19],[32,-15],[27,20],[-2,43],[-33,14],[48,48],[16,39],[52,26],[22,-10],[39,33],[2,79],[-40,9],[14,25],[-34,28],[32,16],[-6,31],[23,12],[31,-4],[0,32],[25,30],[49,-6],[29,26],[54,-122],[80,-101],[36,-11],[18,-38],[35,-46],[38,-26],[149,-1],[41,-20],[31,-35],[54,-32],[126,15],[47,46],[60,84],[15,31],[10,64],[199,-1],[20,16],[4,51],[18,21],[357,-3],[-2,50],[22,73],[46,75],[19,17],[86,17],[57,-1],[113,-38],[98,30]],[[37368,18064],[-24,-80],[-12,-78],[8,-83],[11,-46],[42,-226],[20,-92],[24,-78],[44,-91],[-4,-72],[-13,-55],[-43,-128],[-17,-36],[-76,-99],[-34,-34],[-74,-60],[-33,-20],[-61,-22],[-58,-4],[-54,7],[-51,-1],[-62,-11],[-35,-20],[-80,-69],[-53,-72],[29,-47],[-106,-194],[-1,-88],[61,-159],[26,-159],[-37,-85],[-73,-26],[-81,0],[-73,33],[-37,34],[-29,48],[-5,86],[20,108],[93,169],[45,181],[4,41],[-41,-3],[-122,-69],[-68,-30],[-57,-16],[-80,-10],[-43,6],[-72,21],[-124,42],[-45,20],[-49,5],[-52,-9],[-45,-26],[-30,-29],[-35,-53],[-7,-36],[5,-69],[13,-43],[27,-45],[91,-98],[108,-144],[58,-103],[14,-40],[7,-98],[-12,-105],[-15,-56],[-26,-43],[-54,-72],[-58,-62],[-70,-47],[-73,-15],[-150,25],[-121,54],[-178,56],[-33,3],[-87,-28],[-37,-55],[-13,-187],[-40,-170],[-11,-79],[6,-136],[16,-68],[-2,-29],[-28,-67],[-53,-86],[-86,63],[-77,5],[-112,32],[-42,24],[-102,79],[-40,35],[-28,38],[-17,45],[-16,69],[-29,73],[-35,14],[-55,9],[-64,3],[-53,-22],[-64,-83],[-15,-64],[6,-94],[18,-84],[64,-104],[72,-101],[51,-63],[57,-44],[109,-64],[66,-44],[25,-8],[35,22],[51,16],[36,-31],[38,-3],[56,17],[24,20],[82,10],[46,-10],[48,-19],[51,-6],[54,10],[68,-5],[53,-12],[46,-27],[29,-40],[16,-74],[5,-50],[-4,-68],[-31,-72],[-46,-73],[-62,-70],[-47,-38],[-79,-37],[-85,-12],[-93,12],[-80,29],[-43,27],[-55,58],[-69,44],[-31,29],[-85,94],[-21,5],[-46,33],[-77,16],[-31,-24],[-60,-69],[-58,-45],[-98,-58],[-205,-168],[-22,-60],[11,-64],[38,-79]],[[35358,39479],[167,-5],[337,9],[167,8],[172,-2],[678,-21],[158,-7],[343,-6],[0,-12],[334,-8],[167,-23]],[[37881,39412],[-1,-188],[-7,-218],[28,-50],[-75,-33],[-7,-35],[-15,-171],[17,-28],[-1,-191],[46,-71],[20,-10],[34,-49],[-16,-32],[36,-51],[19,-5],[53,-61],[0,-32],[-33,-81],[-20,-99],[-36,-77],[-32,-26],[-13,-40],[-23,-35],[-78,-84],[-22,-88],[-8,-51],[-35,-50],[-39,-117],[-8,-58],[-39,-62],[-26,-58]],[[37600,37261],[-14,-60],[-70,-5],[-13,-21],[8,-44],[-11,-23],[52,-39]],[[37552,37069],[-5,-2]],[[37547,37067],[-144,0],[-39,19],[-128,-4]],[[37236,37082],[-22,6],[-28,39],[-70,18],[-209,-20],[-63,-21],[-288,-26],[-463,5],[-174,5],[-505,9],[-156,2],[-53,-10]],[[38478,37373],[242,201],[-32,17],[6,218],[-2,174],[5,303],[4,233],[69,-1],[-7,76],[-12,60],[-46,93],[2,111],[-32,29],[-11,41],[-53,19],[-40,-4],[-7,63],[71,49],[74,-29],[34,-2],[11,66],[-21,6],[-21,38],[-33,7],[-32,23],[-10,24],[-40,-16],[-45,2],[-2,30],[4,178],[-16,11]],[[38538,39393],[178,-5],[166,-2],[333,-2],[159,7],[13,-3],[356,-3]],[[39743,39385],[134,-2],[-1,-175]],[[39876,39208],[0,-176],[-10,-1],[-1,-356],[494,-1],[66,6],[653,4]],[[41078,38684],[-46,-11],[-7,-39],[-46,-19],[0,-44],[-35,-37],[0,-27],[-53,-14],[-10,-30],[-23,-1],[-56,21],[-18,-39],[-28,-32],[-3,-25],[-41,-47],[-18,-99],[-35,-63],[38,-70],[-7,-26],[6,-56],[-35,-24],[-3,-68],[-44,-13],[-14,-16],[-36,-9],[2,-32],[-39,-50],[-34,-26],[-68,1],[-55,-89],[-51,-19],[-12,-21],[-33,10],[-79,-24],[-70,-13],[-18,-17],[8,-41],[-39,-29],[1,-56],[-18,-58],[-50,-32],[-64,-9],[-39,-47],[-29,-13],[-9,-30],[15,-39],[-12,-34],[15,-16],[1,-55],[-93,-82],[-46,-15],[-25,-75],[27,-43],[-30,-31],[-14,-40],[11,-53],[-37,-1],[-24,-25]],[[39656,36792],[-118,69],[-80,18],[-287,3],[-413,2]],[[38758,36884],[3,177],[-166,0]],[[38595,37061],[4,265],[-23,1],[54,87],[-70,1],[-1,-44],[-81,2]],[[37881,39412],[239,-3],[242,-1],[19,-9],[157,-6]],[[38478,37373],[-43,-35],[2,78],[-173,4],[1,35],[-83,1],[-1,-44]],[[38181,37412],[-166,1],[-13,-22],[12,-72],[-34,-1],[-2,-81],[-290,1],[-88,23]],[[38108,36446],[179,357],[-34,-5],[1,49],[-30,0],[1,37]],[[38225,36884],[94,-1]],[[38319,36883],[436,1]],[[38755,36884],[-7,-516],[-18,3],[-147,65],[-44,73],[-27,16],[-59,12],[-1,-26],[-39,-36],[-82,-1],[0,-27],[-89,-4],[-134,3]],[[22023,21864],[6,-17],[40,-5],[2,-48],[21,-25],[45,35],[33,-35],[51,12],[82,-3],[26,13]],[[22329,21791],[-133,-186]],[[22075,21695],[-127,21],[-28,15]],[[21920,21731],[15,44],[49,61],[39,28]],[[4441,38530],[7,0]],[[4401,38360],[31,26],[12,40],[3,60],[-6,44]],[[3021,37758],[41,-14],[45,-41],[91,-34],[87,32],[14,-18],[12,-47],[47,6],[71,-21],[79,-10],[8,-17],[166,-5]],[[8343,3425],[54,-46],[60,-64],[127,-19],[30,16],[4,121],[23,103],[-2,95],[-35,98],[-20,33],[13,43],[41,25],[47,0],[93,12],[50,51],[13,48],[-10,30],[-53,37],[-91,45],[-81,16],[-98,-2],[-41,-15],[-22,15],[-18,51],[10,88],[10,32],[61,48],[17,43]],[[8525,4329],[52,-28],[69,-58],[42,-9],[128,7],[67,9],[17,-107],[30,-91],[-6,-78],[48,3],[86,28],[66,2],[69,18],[27,-12],[53,-1],[30,32],[34,14],[27,35],[86,3],[9,41],[84,1],[40,43],[4,40],[30,16],[44,1]],[[9661,4238],[-4,-63],[272,-8],[158,1],[19,12],[39,-36],[0,-20],[55,-87],[35,-9],[4,-29],[39,7],[6,25],[53,29],[23,-29],[46,24],[-13,-78],[217,-11],[-1,-40],[42,36],[146,96],[69,75],[53,48],[43,71],[2,34]],[[10964,4286],[77,6],[137,-2]],[[11178,4290],[19,-37],[2,-50],[-49,-90],[-8,-26],[-9,-85],[-19,-28],[-14,-85],[-25,-25],[-45,-102],[36,-95],[-3,-17],[24,-43],[-57,-91],[-67,-65],[-1,-31],[14,-26],[15,-65],[0,-67],[-19,-20],[-18,-87],[-23,-15],[-10,-52],[-12,-15],[-369,22],[-15,-528],[-7,-175],[-1,-189],[-8,-160],[-4,-173],[-5,-352],[-11,-355],[-12,-346],[-18,-643]],[[10459,174],[-196,-2],[-444,3],[-481,4],[-247,3],[-625,2],[-634,-3],[-311,0]],[[7521,181],[8,28],[-11,61],[-65,29],[-70,6],[-27,13],[-22,25],[-2,24],[24,32],[32,19],[27,38],[10,45],[-6,34],[-19,21],[-41,17],[-35,1],[-93,42],[-21,34],[21,92],[23,69],[-13,77],[-104,75],[-36,18],[-72,81]],[[7029,1062],[-37,55],[8,27],[41,18],[41,41],[3,45],[-19,66],[12,48],[52,63],[14,40],[-9,119],[2,60],[35,62],[49,36],[62,3],[24,-16],[21,-49],[54,-68],[60,-21],[23,4],[12,24],[5,77],[-6,59],[6,46],[28,52],[31,29],[49,32],[72,-6],[46,-48],[9,-40],[-6,-63],[4,-27],[45,-64],[56,-31],[20,23],[-10,35],[-5,62],[-16,39],[-1,81],[23,66],[26,25],[52,3],[51,-11],[60,-40],[45,-63],[72,-38],[59,26],[11,51],[-5,29],[-22,35],[-40,14],[-112,-11],[-26,13],[-21,30],[-7,50],[5,47],[30,34],[65,8],[40,-5],[73,10],[61,21],[30,53],[-6,18],[-77,55],[-35,45],[-6,50],[29,45],[11,32],[49,54],[55,48],[41,18],[77,24],[57,36],[44,34],[3,33],[-23,11],[-33,-11],[-86,-56],[-71,-23],[-19,6],[-37,58],[1,36],[23,57],[42,31],[74,75],[48,99],[3,38],[-12,50],[-31,29],[-97,72],[-20,19],[-37,77],[6,55],[18,40],[59,58],[19,-10]],[[38982,35823],[267,-3],[-9,28],[11,55],[-3,40],[21,70],[-11,78],[12,30],[42,38],[24,37]],[[39336,36196],[326,2],[218,4],[280,2]],[[38543,32679],[16,20],[41,-7],[6,14],[61,19],[68,66],[11,56],[-13,16],[22,28],[25,6],[-6,54],[3,106],[-12,36],[44,17],[21,38],[23,-13],[33,26],[-4,34],[68,46],[48,14],[21,54],[56,-6],[43,49],[-20,31],[6,25],[30,22],[-4,39],[25,49],[21,7],[33,52],[-16,33],[19,27],[7,66],[-6,39],[13,13],[-6,87],[-30,4],[-43,45],[6,88],[-22,6],[-14,28],[-24,3],[-31,25],[-46,19],[-16,-19],[-66,1],[-44,21],[-14,-7],[-53,27],[-32,37],[5,29],[-38,4],[-52,68],[1,26],[-38,58],[-14,61],[-10,171],[-40,81],[33,68],[19,78]],[[34938,35859],[277,-9],[29,-3],[181,2],[335,0],[135,-1]],[[36412,32767],[-16,-87]],[[36396,32680],[-173,2],[-185,-3],[-243,5],[-502,-2],[-66,2]],[[36413,32855],[156,-3],[296,-1],[173,-5],[4,353],[161,-4],[1,349],[53,5]],[[37257,33549],[102,-117],[18,19],[0,56],[17,5],[24,42],[291,9],[1,178],[4,7],[-1,347]],[[36894,32675],[-302,1],[-196,4]],[[36850,35220],[1,-124],[-27,-126],[-27,-58],[-47,-55],[-10,-25],[-6,-254],[19,-56],[-11,-6]],[[36742,34516],[-49,-31]],[[36693,34485],[-132,-83],[1,32],[-175,1],[-11,-18],[-62,4]],[[23358,22538],[110,-1]],[[23468,22537],[129,-3]],[[23597,22534],[-9,-178],[-1,-107]],[[23587,22249],[0,-3]],[[23587,22246],[-26,16],[-32,-4],[-36,19],[-41,-26],[-28,-5]],[[23424,22246],[3,114],[-163,1],[2,82],[40,-1],[47,14],[5,82]],[[23295,22784],[-5,-32],[54,-29],[32,-7],[62,0],[32,-40],[-2,-139]],[[23358,22538],[-77,0],[-20,-13]],[[20158,22292],[80,-44]],[[20797,21726],[-39,-28],[-56,-23],[-20,-22],[-20,-69]],[[20662,21584],[-1,-2]],[[20661,21582],[-54,44]],[[20234,21741],[-141,29],[-14,-3]],[[23608,22882],[-11,-348]],[[22023,21864],[66,90],[34,15]],[[22141,22040],[89,-2],[43,-65],[49,58],[62,3],[30,-50],[46,-3]],[[22460,21981],[-131,-190]],[[22332,22123],[183,-7]],[[22515,22116],[82,-2],[6,-19]],[[22603,22095],[-97,-57],[-46,-57]],[[22784,22196],[-35,-24],[-146,-77]],[[22515,22116],[3,170],[-19,39],[-84,73]],[[21098,20261],[104,2],[82,-3],[47,7],[62,34],[29,31],[29,53]],[[21422,20123],[-329,22]],[[21093,20145],[5,116]],[[20804,21506],[65,-53],[37,-7],[58,-59],[24,-10]],[[21127,21345],[-2,-75]],[[21125,21270],[-52,7],[-111,1],[1,54],[-78,9],[-11,-45],[-32,-23],[-10,-67]],[[20832,21206],[-37,9]],[[20795,21215],[9,291]],[[25523,13177],[159,-1],[316,14],[164,4],[162,-4],[208,0],[120,-4],[2,-352]],[[25780,9529],[-9,68],[-44,78],[-15,55],[-18,612],[-5,87],[-10,47],[-28,94],[13,114],[0,221]],[[25664,10905],[10,46],[32,60],[30,96],[13,9],[35,-20],[19,-37],[81,83],[53,-37],[83,-25],[59,12],[37,-18],[38,46],[33,28],[8,39],[-6,37],[23,44],[39,-5],[28,33],[-38,49],[-32,79],[1,60],[-14,28],[-46,33],[-50,2],[-17,-44],[-43,-28],[-54,15],[-23,-9],[-18,36],[-28,27],[-26,-2],[-52,-28],[-27,0],[-32,-16],[-38,7]],[[25742,11505],[25,115],[12,26],[203,260],[25,72],[3,31],[-3,335],[-11,33],[-27,44],[-5,22],[-10,412],[-27,48],[-194,133],[-149,73],[-61,68]],[[25664,10905],[-134,142],[-64,88],[-40,65],[-35,44],[82,2],[37,25],[28,32],[40,12],[11,28],[-10,48],[9,24],[24,8],[21,76],[97,21],[12,-15]],[[24511,9528],[1,176],[-2,532],[3,171],[-4,178],[1,361],[-3,166],[0,136]],[[24507,11248],[-1,525],[217,-1],[-3,525],[-3,179],[0,348]],[[38890,42276],[379,-2],[625,1],[100,-2],[385,-1]],[[40379,42272],[10,-22],[0,-414],[-2,-263],[88,-1],[0,-262],[-89,-1],[-4,-44],[15,-21],[-12,-22],[-5,-949],[24,-16],[75,3],[27,7],[112,-10],[-17,-51],[-36,-51],[-14,-60],[-36,-99],[-41,-57],[-60,-119],[-24,-27],[-13,-37]],[[40377,39756],[-24,-1],[-49,-26],[-93,23],[-61,6],[-58,-39],[-39,-11],[-65,-31],[-62,-16],[-44,-18],[-50,-57],[-76,-37],[-3,-158],[-10,-6]],[[37881,39412],[0,233],[3,142],[15,45],[49,30],[21,30],[2,722],[4,163],[42,67],[3,43],[36,42],[7,20],[1,117],[58,29],[26,45],[42,27],[61,84],[43,15],[27,91],[6,53],[2,102],[70,220],[19,64],[2,133],[52,57],[13,3],[90,-20],[80,41],[235,266]],[[39876,39208],[60,-3],[59,65],[13,-63],[271,-1],[-8,84],[21,6],[0,85],[125,3],[2,177],[-43,2],[1,193]],[[40379,42272],[198,-1],[299,1],[263,0],[290,1],[-19,-14],[12,-42],[-36,9],[-26,-13],[30,-30],[-3,-37],[-31,-13],[28,-25],[-22,-37],[3,-19],[97,-41],[36,2],[16,-16],[5,-57],[-22,-16],[-36,14],[-40,2],[-22,-49],[17,-32],[27,20],[23,-23],[33,-7],[2,41],[34,2],[5,-26],[-13,-45],[19,-43],[52,-35],[-27,-41],[12,-75],[-5,-24],[21,-47],[-16,-42],[-30,-3],[14,-34],[-47,-11],[-17,-71],[38,-44],[27,-4],[23,-47],[-10,-51],[44,20],[18,21],[23,-19],[-14,-47],[87,-15],[27,-23],[7,-28],[36,22],[5,-31],[30,-14],[26,19],[34,-42],[21,23],[46,-3],[110,-29],[30,-25],[5,-34],[42,-44],[31,7],[6,-35],[34,-41],[-19,-23],[41,-12],[-28,-73],[25,-35],[4,-42],[-10,-31],[11,-27],[-26,-24],[-2,-77],[-43,-36],[-43,-70],[-20,-6],[34,-64],[-25,-32],[-13,-50],[27,-36],[-35,-82],[-25,-18],[19,-29],[-23,-20],[25,-45],[30,9],[47,-59],[18,-11],[21,-77],[28,-53],[-57,-68],[5,-21],[-78,-77],[23,-92],[-37,-31],[-38,-81],[-21,-7],[-97,-2],[-28,-27],[-27,1],[-38,-38],[-57,5],[-42,-40],[-11,-114],[-39,-56],[5,-30],[-36,-37],[-40,-4],[-6,-25],[29,-17],[0,-29],[28,-24],[-28,-67],[-31,-12],[-12,-28],[-93,11],[-14,-46],[-47,-21],[-22,-35],[-8,-39],[-48,-25],[-36,24],[-39,-14],[-65,-44],[-35,-8],[-13,-34],[-37,13],[-6,-36],[-31,-10],[-22,12],[-20,-51]],[[40502,41176],[23,-98],[23,-30],[37,-21],[40,3],[83,-10],[52,-58],[38,-3],[3,-44],[23,0],[18,-22],[-14,-42],[15,-18],[-2,-138],[22,1],[33,-47],[29,20],[30,-16],[20,-51],[0,-42],[30,0],[0,-44],[51,-1],[30,-24],[10,-61],[133,261],[148,3],[8,3],[2,172],[48,0],[30,34],[3,200],[3,31],[-289,0],[3,55],[-23,75],[19,43],[-43,3],[-180,0],[-9,19],[-34,-20],[-56,0],[16,-39],[-14,-36],[-28,0],[-15,-22],[-27,-8],[-34,17],[-34,1],[0,-36],[-17,-7],[-107,0],[-1,42],[-81,0],[-15,-45]],[[35565,42280],[515,0],[333,-4],[165,4],[149,1],[184,-2],[459,0],[217,1],[577,-1],[93,-1],[237,3],[396,-5]],[[37068,40875],[195,-2],[29,-77],[-4,-48],[-31,-49],[86,2],[35,-5],[-1,-43],[47,-15],[12,-23],[-26,-24],[27,-32],[17,33],[42,23],[34,44],[18,9],[4,50],[28,-3],[33,36],[4,47],[-18,33],[49,6],[26,-23],[13,31],[-32,5],[-20,22],[28,65],[56,-6],[12,21],[-26,17],[-22,45],[44,39],[-19,24],[71,56],[-46,1],[2,251],[-83,-7],[4,175],[-248,11],[0,-24],[-61,-22],[-41,-25],[-79,-22],[-54,-63],[-25,-137],[1,-52],[31,-45],[-109,-94],[-3,-205]],[[23188,30472],[102,2],[1,41],[29,12],[92,21],[67,9],[79,-18],[25,-19],[27,-49],[4,-141],[6,-16],[92,-11],[59,-36]],[[23771,30267],[-23,-74],[84,0],[-2,-87],[218,-14],[31,13]],[[24079,30105],[93,32],[162,16],[104,5],[23,-6],[41,-38],[28,-41]],[[24530,30073],[-49,-6],[-58,-33],[-21,-28],[14,-37],[35,-13],[29,14],[33,-44],[47,-25],[49,-45],[59,-42],[5,-34],[-14,-38],[9,-51],[17,-27],[62,9],[11,10],[107,21],[74,7],[145,-54],[185,-31],[24,4],[50,56],[29,3],[21,-30],[66,0],[43,-29],[2,-54],[11,-30],[38,-25],[12,-36],[-9,-28],[-33,-13],[138,-32],[18,17]],[[24347,30452],[51,-16],[48,44],[41,26],[19,23],[42,85],[8,74],[22,11],[63,6],[51,26],[22,25],[47,84],[69,54],[34,15],[29,32],[0,129],[21,40],[31,127],[2,57],[-35,44],[-10,28],[6,79],[-47,56],[-26,21],[-27,77],[-30,20],[-16,41],[14,49],[2,104]],[[24778,31813],[3,45],[19,23],[60,-5],[24,8],[35,41],[31,54],[25,27],[14,65],[-66,2],[-16,16],[2,65],[-13,31],[-53,39],[-33,12],[-23,28],[2,34],[-20,23],[6,86],[-22,39],[1,68],[14,40],[26,31],[31,11],[29,98]],[[24854,32694],[158,-2],[621,-9],[165,-5]],[[26229,32177],[-6,-315],[0,-131],[-7,-231],[-7,-522],[-2,-189],[-5,-179]],[[24530,30073],[31,42],[48,5],[56,25],[78,3],[36,21],[19,30],[10,73],[16,-1],[40,-50],[-3,-59],[21,-11],[24,61],[22,21],[16,53],[6,63],[-25,45],[5,41],[-19,17],[-73,25],[-41,-5],[-63,-44],[-101,-59],[-100,-36],[-54,-5],[-84,-20],[-47,2],[-19,13],[-22,57],[40,72]],[[19871,38998],[22,-13],[30,-45],[76,-13],[21,-17],[4,-62],[-69,-57],[-36,-8],[-32,-31],[-49,-71],[-8,-20],[10,-66],[48,-69],[30,-59],[20,-24],[87,-51],[99,-82],[59,-73],[23,-2],[67,51],[5,34],[36,48],[7,-48],[-20,-33],[14,-60],[14,-13],[89,9],[48,-13],[40,-53],[3,-49],[-13,-53],[-165,1],[-3,-176],[163,-3],[0,-164],[-6,-121],[-16,-585]],[[8330,5781],[576,-19],[301,-11],[263,-8],[242,-9],[662,-18],[153,-6]],[[10964,4286],[-18,66],[-41,16],[-8,46],[-22,18],[-18,41],[-46,28],[3,35],[-35,57],[-33,33],[-4,24],[-157,3],[-3,46],[28,15],[20,38],[-80,12],[-49,-33],[-16,-34],[-13,-111],[-21,-29],[-6,-32],[-50,-27],[-24,-42],[-27,14],[-31,72],[-48,-29],[-83,-23],[-35,9],[-67,-10],[-157,-138],[-111,-79],[-61,-25],[-90,-1],[0,-8]],[[8525,4329],[12,55],[-2,47],[19,21],[69,22],[65,-22],[72,35],[17,32],[-26,40],[-52,37],[-34,42],[-26,13],[-76,-33],[-10,-11],[-26,-97],[-20,-31],[-47,-26],[-72,6],[-43,27],[-47,86],[13,35],[49,21],[107,-29],[24,7],[33,36],[-32,42],[-55,25],[-36,25],[-31,40],[-7,68],[-16,44],[-34,54],[-74,54],[-24,55],[9,31],[33,26],[62,17],[45,29],[22,41],[0,50],[-31,40],[-29,1],[-23,-20],[-34,-67],[-41,-63],[-49,-19],[-27,39],[-28,65],[-35,54],[11,54],[58,7],[44,-25],[26,-3],[37,13],[11,22],[-11,39],[-23,23],[-42,25],[-22,25],[-7,34],[19,79],[41,92],[75,65],[21,24],[3,34]],[[21134,21591],[-1,-47]],[[20804,21506],[-19,23],[-74,38],[-49,17]],[[20470,21288],[0,-54],[14,-13]],[[20661,21582],[-2,-59],[14,-107],[-5,-72]],[[20668,21344],[-3,2]],[[20795,21215],[-68,63],[-9,18],[-50,48]],[[20830,20905],[-3,-136]],[[20128,22985],[33,-3],[7,28],[42,-35],[44,29],[-16,17],[42,31],[25,0],[15,21],[32,-13],[59,39],[-8,26],[25,13],[25,95],[-4,28],[-41,25],[-9,34],[50,-2]],[[20449,23318],[38,-49],[26,-77],[53,-285],[15,-36],[49,-35],[94,-31],[40,-39]],[[20598,22574],[-30,30],[-58,41],[-39,2],[-30,-16],[-24,-37]],[[22042,21458],[-179,16]],[[21863,21474],[-41,21]],[[31747,1562],[-27,-43],[-25,-61],[-5,-33],[5,-143],[7,-30],[31,-32],[46,-28],[98,-46],[42,-53],[34,-63],[26,-22],[84,-19],[108,-47],[60,-60],[87,-70],[91,-87],[27,-50],[13,-62],[-24,-47],[-6,-57],[-24,-59],[8,-31],[-27,-54],[-74,-62],[-30,-15],[-98,-23],[-101,-65],[-19,-29],[-33,-95],[5,-76],[-649,8],[-131,-2],[-26,4],[-246,0],[-166,4],[-138,0]],[[30670,14],[19,62],[41,105],[2,20],[150,387],[-212,-9],[-176,-4],[31,24],[12,63],[-25,105],[77,140],[16,46],[23,35],[105,80],[79,131],[15,12],[8,51],[41,121],[10,38],[-34,34],[-4,63],[-21,100],[59,43],[17,20],[18,61],[113,2],[-14,31],[-8,56],[46,2],[150,-6],[476,-2],[12,-28],[0,-145],[44,-9],[-34,-51],[41,-30]],[[29327,5096],[33,112],[16,84],[169,842],[26,48],[331,274],[56,49],[36,74],[7,186]],[[31393,6741],[-1,-72],[38,-103],[80,-168],[31,-55],[38,-46],[83,-78],[76,-60],[101,-65],[24,-35],[9,-63],[-15,-28],[-91,-94],[-27,-35],[-48,-88],[-35,-77],[-7,-31],[-31,-35],[-47,-33],[-88,-36],[-65,-60],[-7,-14],[-9,-138],[-25,-46],[6,-21],[53,-22],[122,-33],[91,-7],[111,31],[73,27],[58,35],[34,34],[40,64],[23,27],[-10,43],[-4,63],[-42,150],[-14,120],[6,56],[20,62],[37,59],[45,9],[39,-11],[86,-48],[115,-79],[80,-73],[29,-36],[37,-63],[27,-59],[35,-130],[4,-76],[-15,-53],[-34,-52],[-51,-61],[-23,-42],[-1,-24],[-21,-25],[-47,-28],[-74,4],[-75,-26],[-163,-76],[-30,-23],[-39,-2],[-48,27],[-80,-19],[-59,6],[-47,-35],[-38,-67],[-10,-40],[6,-46],[20,-31],[84,-69],[58,-57],[96,-64],[103,-50],[144,-19],[59,0],[40,9],[47,21],[168,92],[78,70],[74,90],[43,65],[28,63],[12,88],[-1,60],[-22,88],[12,77],[18,46],[36,68],[38,46],[68,41],[76,9],[53,-23],[43,-39],[22,-46],[4,-172],[-13,-71],[-44,-92],[-92,-133],[-53,-66],[-114,-85],[-106,-124],[-72,-126],[-39,-52],[-24,-49],[-29,-42],[-40,-38],[-142,-107],[-17,-28],[12,-136],[-6,-50],[-19,-67],[20,-144],[2,-81],[-3,-114],[29,-65],[56,-76],[15,-40],[49,-60],[-1,-80],[-21,-62],[85,-74],[14,-20],[31,-106],[31,-73],[38,-46],[47,-43],[27,2],[23,64],[13,78],[37,70],[43,217],[24,58],[50,57],[33,19],[74,24],[105,-11],[35,-16],[38,-37],[23,-41],[11,-47],[-9,-90],[-29,-90],[-26,-103],[-33,-64],[-39,-49],[-53,-55],[-22,-54],[-27,-2],[-21,-68],[-55,5],[-16,-11],[-2,-32],[-29,-26],[-32,-2],[-132,-27],[33,-94],[40,-93],[70,-145],[33,-93],[11,-120],[-5,-160],[-18,-153],[-32,-148],[-36,-23],[-119,-48],[-93,-14],[-90,1],[-52,-5],[-190,16],[-23,11],[-16,41],[-67,77],[-38,18],[-52,3],[-130,-11],[-36,-16],[-45,-38],[-33,-47]],[[30670,14],[-247,2],[-224,4],[-25,-2],[-880,5]],[[29294,23],[0,574],[3,172],[-3,401],[0,135]],[[29294,1305],[-1,157],[1,840],[1,238],[0,434],[2,267],[9,478],[12,581],[4,355]],[[30454,3750],[75,-72],[35,-100],[18,-19],[-2,-232],[5,-5],[321,2],[2,-268],[118,1],[202,6],[1,246],[10,6],[91,-58],[107,-46],[77,-3],[-6,47],[-116,42],[-76,40],[-168,115],[-66,82],[-43,86],[-28,73],[-15,85],[-3,59],[7,107],[18,69],[59,135],[41,65],[50,99],[14,64],[-8,20],[-49,59],[-9,148],[-20,19],[-233,9],[-290,8],[-28,-22],[7,-65],[24,-8],[-2,-64],[54,-17],[8,-56],[-10,-21],[-61,-12],[-28,-44],[2,-32],[71,-44],[-1,-60],[-73,-44],[-22,-42],[31,-45],[40,-32],[44,-7],[-9,-26],[-33,-15],[-34,-40],[-8,-26],[14,-56],[1,-61],[-106,-50]],[[31847,28467],[-7,-31],[-35,-7],[-44,-63],[-42,-26],[6,-72],[-9,-15],[-139,-38],[-58,-120],[-29,-51],[-35,-26],[36,-35],[-14,-22],[23,-19],[-20,-35],[18,-32],[-42,-32],[-37,-78],[51,-10],[13,-32],[-20,-37],[-2,-27],[-35,-32],[-14,35],[-43,-16],[-18,30],[-35,-34],[-2,-58],[34,-54],[-12,-21],[40,-33],[-32,-13],[-5,-23],[32,-45],[-30,-35],[-23,-56],[14,-35],[-53,2],[-20,-36],[24,-56],[-21,-18],[20,-62],[-22,-57],[18,-28],[-6,-28],[14,-31],[-2,-73],[-57,12],[-1,-57],[24,5],[23,-35],[17,-82],[-87,-60],[6,-22],[-24,-28],[-18,-46],[3,-28],[-23,-6],[-18,-29],[-55,14],[-13,-4],[-42,-60],[17,-31],[-31,-44],[-29,-102],[3,-37],[-40,-38],[1,-25],[23,-25],[31,0],[18,-17],[-13,-71],[6,-48],[-88,-20],[5,-47],[-42,-9],[-30,-84],[-57,-51],[0,-36],[-26,-69],[-24,-18],[-24,-80],[-14,-21],[-16,-56],[-4,-44],[28,-60],[18,-2],[19,-33],[1,-26],[22,-36],[30,-18],[-31,-65],[21,-17],[6,-33],[-51,-67],[-40,-19],[-14,-35],[28,-9],[12,-28],[-3,-31],[-27,-37],[-24,-11],[-59,10],[25,27],[-17,26],[-23,-33],[-58,7],[-9,28],[-42,-23],[-31,-30],[-35,-4],[1,-70],[-7,-21],[-41,-28],[-67,-10],[-49,-29],[-34,-41],[-44,2]],[[30190,24767],[0,9],[-87,3],[-252,0],[-163,-2],[-221,3],[19,45],[9,48],[-21,20],[-45,-55],[-101,-49],[-42,-12],[-41,12],[-45,34],[-50,7],[-28,38],[17,71],[24,25],[43,-4],[54,-37],[58,-5],[89,36],[17,28],[-64,48],[-47,90],[-27,23],[-63,19],[0,35],[25,33]],[[33170,25941],[-4,-280],[-6,-210],[-2,-218],[-9,-371],[2,-134],[-2,-227],[-5,-163],[-1,-178],[-495,11],[-473,7]],[[30145,23091],[7,344],[10,646],[1,155],[18,-1],[9,532]],[[23222,31350],[27,19],[92,25],[85,2],[68,48],[55,67],[61,24],[33,-15],[34,3],[107,56],[62,60],[43,0],[81,-20],[77,-42],[61,-2],[53,33],[70,1],[33,-14],[45,-1],[51,15],[24,21],[52,28],[89,70],[82,35],[129,44],[42,6]],[[24347,30452],[5,122],[-38,11],[-111,-14],[-31,-8],[-82,-61],[-30,-10],[-29,30],[-25,48],[10,71],[-93,31],[-28,-4],[-25,-20],[-20,-36],[3,-50],[19,-49],[14,-79],[-6,-78],[-13,-59],[-39,-51],[-57,21]],[[24347,30452],[-38,25],[-36,-10],[-60,4],[-18,-15],[-25,-54],[-14,-12],[-130,10],[-8,-6],[-2,-81],[20,-2],[-2,-94],[32,-16],[18,-25],[-5,-71]],[[23264,32727],[230,-5],[246,-4]],[[7348,7328],[20,34],[43,14],[12,-10],[42,-85]],[[7465,7281],[7,-96],[-17,-85],[-16,-38],[-106,-143],[-3,-28],[12,-36],[71,-32],[116,-1],[50,-40],[13,-32],[-9,-44],[-25,-45],[-57,-74],[-2,-41],[34,-41],[45,-10],[30,14],[30,44],[26,70],[28,53],[40,9],[21,-37],[-7,-63],[-31,-37],[-84,-53],[-17,-28],[-3,-46],[13,-31],[62,-43],[72,-12],[54,26],[44,38],[25,-35],[-6,-32],[-29,-26],[-41,-3],[-24,-18],[-11,-37],[14,-46],[23,-30],[25,-54],[2,-82],[9,-53],[64,-2],[47,5],[37,32],[15,32],[-20,36],[-51,42],[-20,49],[17,64],[63,86],[81,88],[37,-24],[15,-49],[-5,-25],[-38,-70],[-26,-63],[12,-50],[61,-64],[21,-35],[35,-100],[42,-56],[74,-62],[26,-36]],[[8343,3425],[29,35],[-13,40],[-23,11],[-96,3],[-2,-87],[-116,5],[-128,-262],[7,311],[-36,-25],[-84,5],[-22,11],[1,77],[22,71],[14,17],[-25,30],[-10,32],[-103,1],[-30,15],[27,66],[6,118],[-12,28],[-3,65],[21,56],[22,19],[-13,61],[12,44],[-17,41],[-71,-39],[-51,-10],[-102,28],[-65,-4],[-244,22]],[[7238,4210],[-79,36],[-50,9],[-44,49],[-54,85],[-49,50],[-88,46],[-23,25],[-39,18],[-53,-7],[-4,45],[-20,62],[0,242],[8,266],[-160,4],[2,173],[-50,3],[6,28],[53,-9],[6,63],[-52,37],[-43,50],[-23,49],[10,30],[5,79],[-44,33],[-40,-7],[-303,6],[-85,4],[-23,32]],[[5332,5870],[1,145],[-3,607]],[[5330,6622],[83,33],[108,31],[57,38],[54,55],[43,12],[62,-19],[34,-35],[15,-38],[-1,-38],[-37,-89],[2,-34],[21,-45],[56,-65],[34,-10],[29,11],[45,65],[23,99],[21,56],[-4,43],[-24,33],[-60,24],[-10,31],[31,61],[65,37],[90,-2],[40,-55],[9,-42],[1,-113],[5,-29],[44,-32],[29,-1],[40,14],[24,27],[12,108],[25,62],[32,98],[40,54],[45,14],[29,-3],[49,-22],[65,-114],[38,-9],[29,15],[17,69],[-38,64],[-50,19],[-40,41],[-2,36],[97,74],[16,2],[40,-34],[16,-29],[6,-46],[-19,-49],[19,-24],[51,47],[112,77],[22,30],[32,65],[2,35],[40,64],[70,47],[16,1],[84,-23],[53,-21],[84,-49],[47,0],[26,14],[32,46],[-8,24]],[[7238,4210],[-82,-19],[-181,-27],[-115,-10],[-70,-18],[-78,12],[-49,-5],[-29,-21],[-56,-20],[-16,-20],[-156,3],[-124,-80],[-50,-45],[-66,14],[-168,304]],[[5998,4278],[-74,134]],[[5940,5329],[4,174],[-68,2],[26,35],[-28,22],[-20,-26],[-54,15]],[[5998,4278],[-1,-32],[31,-52],[-17,-61],[-27,-13],[-48,-64],[7,-29],[-22,-24],[-16,-51],[-147,43],[-9,-160],[-9,-30],[26,-17],[26,-55],[4,-39],[17,-32],[116,-20],[16,-37],[16,-9],[50,1],[2,-46],[16,-30],[-20,-50],[6,-40],[-10,-14],[22,-84],[26,-33],[22,-56],[-15,-26],[77,-3],[26,-16],[7,-29],[38,-25],[98,2],[61,-60],[5,-32],[42,-15],[20,24],[42,-6],[26,-29],[5,-25],[26,-22],[43,-69],[75,-20],[4,-86],[-20,-50],[19,-10],[77,4],[49,-3],[-2,-160],[14,-74],[64,-130],[6,-88],[-2,-105],[-25,-130],[-20,-46],[-15,-89],[-42,-64],[-23,-106],[30,-12],[-23,-34],[26,-28],[19,26],[25,59],[19,-5],[-21,-80],[-37,-31],[2,-27],[37,-15],[-8,-56],[5,-55],[19,-21],[25,12],[34,-11],[16,-22],[-11,-23],[-33,-2],[7,-34],[72,-7],[31,-12],[15,-27],[-18,-81],[0,-25],[22,-99],[-3,-24],[23,-44],[21,-16]],[[7521,181],[-124,1],[-920,3],[-747,0],[-49,-3],[-348,-1],[0,1178],[1,569],[-1,378],[2,60],[-1,608],[0,663],[-2,651]],[[35814,30800],[241,-1],[-5,-179],[245,-6],[2,130],[12,26],[-11,28],[15,77],[61,-1],[-27,36],[-6,52],[-17,30],[32,42],[42,26],[20,47],[39,35],[-2,58],[11,15],[61,19],[18,17],[-9,33],[0,82],[-40,31],[-193,0],[-1,-31],[17,-40],[-39,-38],[-9,24],[-116,6],[-1,-175],[-59,3],[2,-87],[-153,2],[-52,32],[-2,-119],[-43,0],[-1,-48],[-32,-126]],[[1490,19834],[26,1034]],[[1516,20868],[48,-5],[488,-7],[162,-5],[579,-12],[-8,-352],[352,-8],[219,-7],[545,-10]],[[3901,20462],[-17,-49],[6,-22],[44,-35],[39,-10],[99,-55],[51,-18],[93,-48],[50,-39],[30,-13],[39,-43],[8,-35],[-10,-65],[-15,-37],[-34,-40],[-38,-24],[-373,-100],[-18,-11],[-14,-32],[-5,-257],[-5,-390]],[[3831,19139],[-163,7],[-70,-9],[-50,-34]],[[3548,19103],[-45,74],[-37,-27],[-48,6],[-178,7],[-51,32],[-56,3],[-32,12],[3,-61],[-6,-21],[-3,-133],[-162,6],[-3,-128],[-83,-23]],[[2847,18850],[-27,-4],[-84,34],[10,38],[-14,47],[-96,50],[-25,22],[-84,40],[-72,20],[-19,-5],[-25,27],[-52,29],[-52,62],[-62,20],[-47,71],[-10,64],[-53,56],[-38,20],[-17,32],[-4,60],[-20,25],[-40,79],[-67,75],[-21,56],[-20,16],[-113,1],[-77,50],[-41,-4],[-101,3],[-26,8],[-60,-8]],[[3548,19103],[-28,-28],[-16,-72],[-40,-27],[-54,-21],[-52,-38],[-131,-59]],[[3227,18858],[-13,-1],[-217,-57],[-109,-3],[-43,6],[2,47]],[[26359,41265],[0,185],[-3,31],[12,50],[23,42],[0,125],[-40,60],[4,156],[12,32],[-33,84],[-5,59],[18,20],[11,41],[40,28],[38,92],[12,16]],[[26448,42286],[244,4],[490,0],[979,-1]],[[28161,42289],[-3,-244],[48,-4],[-26,-95],[6,-63],[-25,-27],[26,-127],[27,-18],[31,-39],[53,-15],[40,-119],[12,-53],[-31,-45],[-3,-40],[21,-38],[-49,-18],[-27,-50],[-17,-53],[-9,-59],[-48,-18],[-9,-25],[33,-68],[33,-27],[26,-51],[24,-6],[13,-48],[-20,-48],[17,-31],[33,1],[21,-30],[9,-46],[0,-47],[-49,-67],[-88,-78],[19,-27],[35,-16],[49,-9],[-28,-39],[-75,-128],[3,-26],[45,-13],[37,-20]],[[26239,39325],[7,31],[39,90],[31,16],[18,23],[64,56],[55,35],[-16,37],[6,117],[44,28],[-4,53],[62,85],[-34,36],[-45,79],[-55,59],[-10,20],[-6,88],[-19,49],[-6,60],[4,48],[14,38],[-19,56],[-8,107],[66,-7],[8,-19],[38,8],[34,26],[27,59],[-1,48],[-21,24],[-49,-15],[-63,-3],[-13,112],[-18,33],[22,63],[18,6],[-12,113],[-19,24],[8,47],[29,24],[-44,10],[-12,40],[0,136]],[[22817,39727],[11,194],[9,370],[11,178],[6,0],[13,419]],[[22867,40888],[11,282],[4,174],[8,178],[-5,0],[-3,176],[6,175],[-2,177],[7,231]],[[22893,42281],[326,2],[504,-2],[565,-3],[421,2],[336,4],[921,1],[181,2],[301,-1]],[[26359,41265],[-131,1],[-22,14],[0,46],[-58,26],[-171,13],[-22,-37],[21,-56],[-2,-81],[-122,65],[0,40],[-42,-3],[-83,-29],[-26,0],[-59,47],[-61,-69],[-45,-8],[-38,-55],[-25,-85],[-2,-59],[14,-36],[-9,-55],[-30,6],[-23,25],[-47,22],[-62,-8],[-33,6],[-61,-26],[-47,-82],[-22,-10],[-16,-56],[1,-127],[-43,-14],[-124,0],[-5,-86],[-99,-16],[-39,3],[-43,41],[-71,-24],[-332,6],[-67,-1],[-10,-11],[-7,-69],[-39,-33],[-12,-53],[-66,-68],[-15,-91],[-1,-92],[7,-33],[-9,-53],[17,-41],[49,-32],[5,-59],[36,-44],[7,-28],[-15,-41],[1,-50],[-14,-72],[-14,-13],[-40,1],[-52,24],[-18,-19],[-7,-40],[-33,-6],[-36,-40],[-4,-33],[27,-57],[-10,-53],[61,-127]],[[22831,39408],[-21,1],[2,167],[5,151]],[[28161,42289],[330,-2],[69,1],[502,-8],[328,-11]],[[3257,25735],[-108,3],[-7,22],[-41,26],[-11,-11],[-4,-124],[-41,0],[-2,-41],[-79,1],[-6,-39],[23,-5],[17,-67],[-3,-103],[-42,-9],[-2,-71],[-33,3],[-34,-12],[-94,0],[-10,20],[-81,-2],[-51,-7],[-68,0],[-6,38],[-87,4],[3,11],[6,207],[-173,9],[4,-21],[-6,-229],[13,-35],[75,-23],[78,-55],[29,-101],[0,-31],[22,-42],[20,-113],[-38,-70],[-51,-109],[0,-51],[114,11],[56,26],[73,0],[0,-127],[27,5],[13,-18],[0,-55],[-48,-21],[-79,-13],[31,-34],[53,-9],[-4,-212],[-36,-1],[-9,-86],[18,-55],[-52,-27],[-29,-29],[-55,-22],[-57,-3],[-26,10],[-168,9],[-2,36],[-58,16],[-64,37],[-42,11],[-71,28],[-85,19],[-4,-176],[-161,6],[2,163],[-53,3],[-70,-60],[-84,-18]],[[1599,24122],[9,373],[25,886],[19,744]],[[3406,24919],[-1,-67],[210,-7],[-8,-341],[-14,-737],[-66,-16],[-55,-30],[-65,-12],[-48,-47],[-58,-4],[-29,-26],[-62,-3],[-41,-10],[-19,9],[-94,-23],[-44,-25],[-27,10],[-38,-14],[-60,9],[-61,2],[-53,22],[-48,5],[-57,-19],[-30,-54],[-28,-18],[-58,-17],[-55,3],[-23,24],[-2,38],[-36,50],[-50,53],[-64,17],[-36,-7],[-21,11],[5,-147],[-20,-32],[-25,8],[-34,-9],[-97,-50],[-34,13],[-47,40],[-79,24],[-50,-50],[-24,-34],[-5,-29],[-39,-57],[-70,-58],[-70,10],[-19,13],[-77,13]],[[1580,23350],[1,98],[18,674]],[[1890,28116],[-1,-54],[-74,3],[-21,-58],[17,-82],[45,-31],[-1,-51],[10,-14],[44,4],[17,-21]],[[1926,27812],[-78,-83],[-58,-38],[-47,-12],[-47,1]],[[1696,27680],[13,442]],[[2729,28052],[83,8],[3,69],[41,-5],[28,13],[40,-44],[120,-72]],[[2554,27499],[0,50],[-40,0],[0,89],[-134,4],[-5,-43],[-81,2],[4,92],[7,296],[-1,51]],[[2069,28110],[-9,-95],[-11,-49],[-18,-38]],[[2031,27928],[-19,-25],[-86,-91]],[[1689,27449],[7,231]],[[1926,27812],[9,-12],[-19,-81],[39,-35],[8,-23],[37,0],[25,14],[80,-8],[26,-18],[47,1]],[[2178,27650],[64,-123]],[[2031,27928],[147,-278]],[[16066,13932],[-10,-333],[-9,-189],[-3,-172],[-12,-344],[-11,-397]],[[16021,12497],[-9,-301],[-6,-176],[-4,-174],[-520,37],[-17,-27],[-24,-84],[-29,-1],[-37,-22],[-5,-25],[19,-33],[60,-8],[17,-23],[11,-63],[33,-5],[-1,41],[32,36],[40,-7],[-21,-86],[31,-64],[0,-46],[-11,-28],[29,-22],[40,11],[28,-25],[-31,-56],[-32,-43],[10,-74],[19,-18],[58,-22],[44,31],[10,49],[25,1],[31,-26],[8,-34],[-20,-19],[-34,-1],[-13,-39],[45,-47],[57,-42],[18,-59],[-36,-12],[31,-56],[65,-7],[18,-19],[36,-2],[14,-40],[-41,-19],[-44,3],[-31,-26],[-34,-10],[-28,-48],[14,-44],[51,-68],[19,-16],[1,-52],[-25,-13],[-5,-42],[13,-30],[45,-50],[-1,-26],[-32,-2],[-19,-24],[21,-24],[18,-46],[77,-18],[40,26],[48,-32],[16,-23],[3,-54],[16,-36],[35,-21],[-5,-63],[-19,-33],[-29,-6],[-60,-29],[-23,13],[-21,-10],[1,-30],[44,-72],[1,-28],[-62,-10],[-44,-80],[47,-42],[13,-32]],[[16000,9750],[-30,-45]],[[14352,9488],[-24,3],[-6,27],[-32,39],[6,214],[9,36],[3,84],[47,21],[28,25],[33,84],[-20,44],[-42,45],[-6,35],[5,90],[-74,25],[-33,20],[-56,63],[-27,81],[-22,32],[-53,46],[-50,13],[-81,40],[-33,32],[-29,59],[-58,72],[1,47],[-49,67],[17,14],[77,-4],[76,7],[25,27],[44,-39],[63,-3],[49,-20],[21,18],[86,22],[43,3],[70,37],[49,-30],[35,18],[38,4],[59,19],[107,79],[27,63],[-20,39],[-43,31],[-14,38],[-55,70],[-71,39],[-18,-3],[-34,22],[-23,57],[22,74],[-23,24],[-22,66],[-41,34],[-48,-3],[-47,5],[-24,31],[-51,28],[-37,-17],[-26,33],[-58,57],[-69,44],[-6,18],[-41,2],[-9,37],[17,25],[-69,41],[-26,-4],[-43,85],[-29,-3],[-29,46],[-78,26],[-21,-3],[-5,37],[-38,49],[-30,18],[-22,28],[-56,12],[-52,46]],[[17089,6533],[8,17],[-8,53],[26,25],[19,-44],[55,57],[11,-15],[64,-13],[7,-37],[18,-25],[40,-25],[30,16],[40,119],[13,18],[84,63],[24,27],[23,0],[3,-69],[26,-45],[38,-27],[17,1],[28,54],[-1,53],[16,18],[-4,54],[19,31],[-5,48],[15,27],[4,71],[-13,34],[12,34],[0,89],[-27,66],[4,29],[-16,33],[-87,41],[-40,48],[-32,16],[-23,54],[4,42],[-18,28],[20,30],[-4,30],[27,32],[6,55],[36,25],[-6,21],[12,60],[-13,37],[28,40],[19,0]],[[17588,7829],[25,28],[50,16],[35,-20],[11,-33],[49,-16],[53,23],[45,35],[32,42],[66,30],[52,-29],[30,3],[29,30],[41,-11],[61,20],[23,-8],[43,4],[44,37],[9,66],[27,25],[24,69],[9,46],[30,25],[14,29],[-4,29],[15,44],[-6,18],[43,7],[33,35],[56,14],[29,65],[42,23],[60,12],[41,56],[28,11],[-7,46],[3,57],[24,69],[56,8],[15,40],[24,22],[0,47],[15,16],[6,305],[15,492]],[[18878,9656],[162,-4],[341,-15],[280,-11],[365,-10]],[[20026,9616],[-30,-59],[-47,-35],[2,-87],[-8,-26],[-91,-223],[-13,-52],[2,-124],[37,-75],[9,-150],[19,-75],[5,-103],[53,-181],[2,-25],[-5,-147],[-18,-812],[-1,-130],[-8,-437],[0,-60],[13,-65],[-4,-222],[-12,-38],[-32,-1019],[-106,-617],[-9,-35],[-372,-591],[-63,-97]],[[19025,4391],[-8,47],[15,40],[-5,41],[-36,13],[-26,-69],[-35,-11],[-37,32],[-5,60],[-39,62],[28,72],[0,20],[-24,70],[-16,30],[-44,30],[-51,-15],[-60,-6],[-30,7],[-43,27],[-18,47],[-34,16],[-36,-20],[-33,-54],[-56,-29],[-43,-43],[-54,-16],[-35,21],[-13,70],[33,40],[52,-32],[28,18],[5,68],[-18,45],[-25,6],[-50,-8],[-24,26],[15,49],[21,37],[-29,14],[-38,-24],[-35,-7],[-16,23],[35,35],[6,41],[-34,49],[-33,9],[-63,-16],[-60,-41],[-41,-7],[-102,14],[-27,-10],[-80,-6],[-57,5],[-13,32],[8,70],[-18,48],[-1,29],[29,55],[14,45],[-9,56],[-34,11],[16,-48],[-5,-21],[-39,-22],[-42,-5],[-24,22],[7,44],[-31,33],[-41,2],[-32,85],[19,16],[19,-29],[28,19],[-12,52],[5,33],[24,24],[20,39],[2,40],[-44,69],[-47,3],[-28,11],[-25,34],[-40,31],[-14,-11],[19,-68],[-13,-30],[-35,-26],[-41,-4],[-35,12],[-28,-8],[-22,14],[-22,41],[-51,24],[-26,20],[-8,26],[13,58],[40,27],[44,-7],[9,38],[-64,-4],[-25,14],[-35,42],[-43,18],[0,28],[46,46],[38,11],[12,28],[-18,55],[4,26],[44,70],[-24,16],[-71,3],[-54,39],[-15,28]],[[12681,15417],[-4,40],[-17,29],[-29,18],[-47,3],[-22,39],[-5,35],[17,28],[43,15],[32,46],[2,39],[-54,56],[55,5],[33,-21],[50,-2],[54,19],[99,-2],[75,38],[96,-5],[37,-24],[50,-17],[47,1],[86,29],[84,49],[16,18],[45,24],[-18,53],[-2,51],[-14,61],[-59,101],[-26,35],[-4,126],[16,33],[52,60],[109,36],[31,34],[-21,40],[-45,3],[-21,38],[36,53],[142,21],[57,-8],[64,14],[72,70],[75,27],[28,35],[46,27]],[[17467,17782],[-184,-191],[-124,-135],[-206,-212],[-38,-47],[-104,-155],[-61,-74],[-60,-57]],[[39057,22458],[223,2],[19,14],[0,146],[13,17],[34,5],[35,21],[46,13],[42,23],[37,42],[46,38],[35,17],[-48,107],[-38,58],[-49,54],[-45,201],[14,18],[38,81],[76,96],[16,87],[26,16],[130,0],[2,144],[-4,202],[4,294],[-9,58],[8,425],[1,141],[23,47],[72,77],[81,44],[67,20],[132,-2],[31,29],[11,938]],[[41319,25783],[136,35],[1,99]],[[42227,26001],[19,-61],[-2,-81],[-19,-55],[-59,-91],[-50,-59],[-60,-53],[-46,-25],[-69,-5],[-61,13],[-61,24],[-242,130],[-41,18],[-59,2],[-70,-26],[-117,-89],[-46,-56],[-22,-39],[-19,-57],[-43,-206],[3,-109],[12,-43],[37,-45],[5,-50],[-15,-46],[-7,-72],[-33,-120],[-50,-103],[-44,-63],[-144,-171],[-60,-7],[-118,48],[-103,33],[-46,6],[-80,-12],[-29,9],[-28,32],[-46,14],[-24,49],[-82,8],[-77,0],[-82,8],[-30,-8],[-32,-33],[-13,-69],[-21,-62],[-27,-45],[-19,-49],[-3,-58],[-37,-84],[-2,-87],[21,-94],[25,-63],[54,-98],[39,-48],[43,-36],[63,-63],[121,-105],[48,-33],[160,-71],[29,-28],[13,-31],[23,-233],[-1,-85],[-17,-120],[-43,-92],[-23,-33],[-70,-65],[-102,-67],[-74,-32],[-69,-10],[-61,-17],[-156,-79],[-59,-49],[-35,-16],[25,-85],[66,-18],[36,-30],[14,-68],[-18,-61],[-32,-44],[-50,-21],[-56,11],[-47,26],[-56,47],[-74,91],[-68,-68],[-39,-27],[-114,-96],[-116,-73],[-45,-21],[-90,-52],[-96,-36],[-76,-14]],[[39058,22049],[-1,409]],[[39057,22458],[-2,174],[0,178],[-3,176]],[[39052,22986],[3,618],[5,574],[46,0],[4,174],[5,395],[-2,52],[2,257],[2,81],[10,804]],[[11077,29140],[87,32],[83,-12],[41,17],[28,-7],[23,13],[-2,42],[19,18],[-152,140],[-73,70],[-27,35],[3,229],[25,0],[57,-50],[1,92],[-13,43],[-28,22],[1,25],[-40,5],[11,69],[107,3],[86,7],[20,56],[18,99],[25,6],[-14,42],[-1,49],[-40,54],[1,46]],[[11323,30285],[46,-2],[41,-17],[28,-1],[44,26],[31,32],[63,6],[45,16],[20,36],[24,5],[56,-22],[34,4],[351,-3],[56,8],[53,37],[36,4],[53,28],[80,-1],[46,34],[77,14],[59,31],[117,-11],[36,-24],[84,-8],[34,8],[37,-11],[44,-38],[27,-5]],[[10735,29860],[16,28],[68,49],[1,21]],[[10820,29958],[58,46],[38,62],[27,-3],[49,16],[15,78],[-5,37],[30,141],[20,2],[165,-4],[63,-43],[43,-5]],[[10647,29141],[-49,48],[-83,69],[-2,24],[21,18],[40,3],[-8,36],[-24,20],[11,34],[26,4],[-7,35],[22,4],[3,32],[29,46],[-6,27],[36,40],[10,69],[29,15],[-9,43],[-23,24],[45,64],[27,64]],[[9947,29924],[55,-14],[21,-27],[48,-9],[43,8],[110,-6],[41,-9],[170,6],[72,-1],[21,-7],[207,-5]],[[9921,29017],[2,69],[-46,-22],[-66,3],[-50,51],[0,86],[31,27],[-10,79],[148,-3],[6,224],[-5,34],[7,85],[9,274]],[[10248,30404],[38,-32],[31,-48],[20,-45],[14,-63],[22,-22],[82,-22],[79,1],[1,44],[124,-5],[0,75],[-25,26],[2,78],[-11,35],[-3,89],[-26,33],[-11,68],[60,-19],[44,-40],[45,-15],[88,-66],[5,-30],[-12,-79],[19,-27],[11,-46],[17,-16],[-18,-35],[-37,13],[-17,-38],[13,-19],[-27,-54],[28,-41],[-6,-42],[20,-39],[-9,-31],[11,-34]],[[9947,29924],[2,67],[-27,48],[-5,90],[38,17],[-14,32],[-2,54],[24,42],[26,6],[66,-4],[37,11],[54,85],[11,33],[91,-1]],[[8490,31025],[47,20],[42,-7],[142,-5],[16,49],[0,38],[72,-2],[32,-10],[23,11],[24,-39],[4,-30],[-18,-19],[29,-66],[27,-44],[7,-27],[37,-1],[19,-25],[38,-20],[50,-2],[30,26],[39,-4],[24,17],[142,-4],[36,4],[72,-19],[18,-39],[103,-2],[20,6],[54,-13],[106,-1],[102,-23],[98,-44],[14,-30],[68,-57],[56,-93],[117,-80],[31,-54],[37,-32]],[[10193,33386],[-4,-351],[482,-15],[327,-17],[181,-6],[477,-12],[669,-1],[154,1],[675,-5],[167,-9],[163,-4]],[[5163,11589],[61,-4],[130,34],[87,-27],[167,-8],[125,-1],[45,-8],[106,-4],[57,-40],[74,-40],[31,-25],[31,-8],[-3,65],[15,26],[-25,39],[26,52],[-37,16],[-15,24],[19,24],[-22,44],[-4,37],[32,40],[6,34],[39,-1],[62,-18],[21,16],[79,-5],[119,-13],[4,172],[47,2],[71,-67],[39,-29],[102,-48],[29,91],[75,-1],[6,85],[67,0],[33,-38],[51,3],[20,-13],[44,0],[-11,108],[1,69],[207,-9],[-6,-65],[91,-5],[26,-21],[86,-5]],[[7371,12067],[-8,-352]],[[7363,11715],[-75,4],[-41,33],[-51,-4],[12,-65],[-27,-47],[-21,1],[-2,-96],[-41,1],[-18,-33],[-33,46],[-46,41],[-61,11],[-56,2],[-28,-8],[1,-34],[18,-17],[-12,-32],[6,-32],[-12,-27],[21,-34],[-2,-55],[-9,-12],[35,-123],[23,-49],[39,-32],[6,-76],[-3,-26],[37,-60],[50,44],[20,34],[23,5],[37,55],[32,13],[18,45],[42,45],[60,-43],[47,5]],[[7352,11195],[-4,-162]],[[7348,11033],[-10,-496],[-9,-316],[-13,-357],[-21,-862],[-488,7],[-321,10],[-354,15]],[[6132,9034],[-19,2]],[[3367,16237],[3,116],[171,-2],[162,-5],[315,-13],[660,-14],[143,-1],[909,-17],[445,-12],[156,-3]],[[6331,16286],[-14,-1056],[117,0],[-4,-399],[-9,-383],[-1,-143],[162,-9],[308,-5],[505,-19],[-4,-172],[-2,-192],[-9,-573]],[[7380,13335],[-5,-295],[-1,-455],[0,-430]],[[7374,12155],[-3,-88]],[[3470,14377],[-3,519],[0,178],[2,229],[-114,2],[1,197],[11,735]],[[7363,11715],[-4,-231],[-7,-289]],[[10589,8091],[-104,3],[-38,-7],[-28,10],[-99,1],[-33,-21],[-77,-34],[-57,3],[-52,-21],[-10,19],[-100,30],[-31,73],[-16,68],[-30,7],[-60,-35],[-37,10]],[[9817,8197],[-24,9],[-66,-13],[-53,10],[-45,39],[-17,-20],[-23,1],[1,62],[22,23],[4,153],[-159,-152]],[[9457,8309],[-19,52],[-37,44],[-14,67],[33,55],[193,201],[10,15],[3,103],[16,205],[-5,73],[5,193],[-22,41],[-197,5],[-21,21],[6,254],[-20,132],[0,72],[7,51],[24,124],[-25,51],[2,55],[64,124],[29,74],[90,125],[65,5],[11,8],[9,56],[45,45],[54,46],[85,62],[47,22],[34,52],[14,45],[46,67],[95,71],[45,59],[31,26],[139,-4],[23,10],[31,31],[103,3],[79,-10],[47,4],[23,-9],[71,1],[43,-42],[42,-15]],[[7374,12155],[183,-4],[156,-8],[340,-12],[39,-50],[64,-19],[54,13],[48,-18],[25,-34],[30,-17],[18,12],[66,-32],[60,-6],[59,10],[39,-32],[7,-18],[42,-31],[40,-15],[5,-22],[32,-25],[56,1],[61,-14],[83,-10],[22,13],[77,-15],[29,20],[21,-37],[-16,-16],[19,-24],[34,6],[9,-36],[52,-16],[19,12],[53,-47],[30,-48],[39,-15],[13,-62],[73,-2],[33,39],[34,-9],[93,17],[11,14],[33,-15],[3,-39],[51,-8],[45,-19],[21,33],[44,8],[25,-13],[-5,-38],[49,15],[46,-27],[30,1],[101,-66],[53,14],[11,28],[36,10],[39,-74],[-5,-58],[15,-10],[41,18],[47,-7],[66,30],[17,-10],[37,15],[38,-17],[1,38],[32,-14],[29,27],[-27,22],[-7,30],[38,4],[25,26],[36,-23],[69,10],[38,-26],[-20,97],[34,-6],[27,9],[35,32],[3,-53],[28,-11],[35,13],[9,35],[26,-34],[-2,-40]],[[9457,8309],[-21,-20]],[[9436,8289],[-91,-86]],[[9345,8203],[-56,19],[-121,57],[-48,30],[-25,37],[-33,113],[-44,74],[2,89],[-14,54],[-92,217],[-9,61],[-25,43],[-61,77],[-14,30],[-16,72],[-19,29],[-53,28],[-20,53],[-29,44],[-69,35],[-7,28],[3,93],[-41,53],[-40,88],[-52,35],[-3,57],[-16,51],[-1,146],[4,65],[-6,25],[-90,153],[-22,52],[-49,5],[-25,12],[-81,13],[-31,-3],[-57,-22],[-73,1],[-110,65],[-67,-12],[-45,-55],[-15,-7],[-81,50],[-69,2],[-77,43],[-8,18],[2,51],[14,61],[-6,51],[-22,118],[-23,56],[-10,75],[-16,48],[-33,65],[-29,88],[-23,36],[-28,23],[-18,40]],[[10578,7722],[-28,15],[-147,9],[-109,2],[-257,9],[-56,-1],[-122,33],[-22,-28],[-301,9]],[[9536,7770],[3,90],[-22,87]],[[9517,7947],[87,-1],[1,89],[98,-4],[23,10],[52,45],[20,34],[19,77]],[[4005,40055],[120,4],[35,-26],[234,-8]],[[4428,39672],[-51,-6],[-29,8],[-164,8],[-18,20],[-28,2]],[[9517,7947],[-24,90],[21,7],[0,32],[-31,126],[-20,57],[-27,30]],[[2502,9069],[26,24],[14,28],[4,66],[23,33],[23,64],[24,20],[8,42],[17,33],[14,51],[30,15],[58,70],[21,10],[21,38],[-1,47],[48,61],[15,46],[3,92],[8,41],[29,20],[-2,29],[25,21]],[[6132,9034],[17,-27],[-2,-76],[25,-31],[-30,-12],[-57,-4],[-45,37],[-24,-17],[22,-46],[35,2],[2,-24],[-45,-33],[-14,-48],[19,-72],[24,-43],[4,-60],[27,-19],[25,24],[-2,40],[11,70],[-17,44],[21,27],[35,-14],[22,-72],[-18,-48],[-27,-42],[13,-36],[26,-21],[3,-38],[-38,-18],[-55,25],[-20,-3],[-28,-31],[-2,-36],[13,-26],[43,-47]],[[6095,8359],[-47,-24],[-18,8],[-43,-32],[-35,-37],[-38,43],[-11,44],[-35,-1],[-78,33],[-30,83],[4,109],[-37,24],[21,17],[-41,66],[-71,45],[-29,-14],[-108,-92],[-23,-11],[-12,-26],[-44,-15],[-14,-29],[-83,18],[-27,-17],[-37,36],[-35,76],[-113,69],[-27,-12],[-37,-49],[-10,44],[19,28],[-17,51],[-28,56],[-57,0],[-79,25],[-19,-33],[3,-38],[-38,-30],[-88,-16],[-23,10],[-79,-37],[-10,-18],[-54,-35],[5,-28],[-17,-45],[3,-50],[21,-33],[19,-72],[-6,-69],[-216,7]],[[1263,9495],[4,124],[3,237],[2,27],[4,205],[4,142],[8,400],[15,703]],[[6095,8359],[0,-51],[-23,-46],[4,-46],[-8,-24],[-31,-41],[-5,-25],[30,-90],[99,-74],[54,-14],[23,-31],[1,-57],[15,-50],[30,-25],[25,4],[27,42],[29,20],[18,44],[-23,38],[14,40],[65,1],[33,23],[20,1],[45,-25],[-16,-61],[54,-32],[52,-46],[16,-54],[-35,-64],[-46,-12],[-46,-103],[-7,-36],[22,-12],[39,7],[26,41],[3,30],[21,26],[85,32],[38,-26],[47,-114],[44,-7],[21,19],[10,41],[25,20],[42,-10],[50,-25],[37,-37],[9,-31],[-11,-60],[3,-27],[30,-35],[47,-21],[18,5],[37,48],[34,-2],[32,-20],[37,-87],[18,-25],[28,-2],[47,35]],[[5330,6622],[-15,-4]],[[5095,7325],[41,22],[31,-8],[41,4],[38,36],[47,-5],[7,104],[169,-6],[12,428],[42,8],[7,269],[-63,23],[-63,0],[-89,26],[-117,3],[3,123],[-55,-6],[-65,7],[-36,-12],[-67,0],[-64,29],[-81,3],[-39,-14],[-78,-93],[-8,-20],[-33,1],[-56,-37],[-25,29],[-39,-4],[-31,-51],[-47,-37]],[[20832,21206],[-6,-44]],[[20826,21162],[14,-14]],[[20826,21162],[144,-4],[152,-9]],[[21121,21063],[-2,-44]],[[21119,21019],[-137,6],[-10,-7]],[[20972,21018],[-61,48],[-19,35],[-51,46]],[[37236,37082],[-25,-38],[-9,-56],[17,-54],[20,-25],[36,-10],[-23,-38],[-44,-35],[-62,6],[-21,-26],[-70,0],[18,-92],[2,-46],[17,-79],[-41,-27],[-4,-197],[132,-1],[-6,-23],[-2,-107],[-40,-98],[-22,-103],[-31,-70],[-19,-105],[5,-22]],[[37547,37067],[-39,-107],[-1,-29],[126,0],[-1,-173],[123,-3]],[[37755,36755],[-2,-128],[8,-24],[-10,-27],[-2,-217],[314,-3],[45,90]],[[38755,36884],[3,0]],[[39656,36792],[1,-17],[-45,-24],[-10,-28],[9,-51],[-49,-76],[20,-18],[-44,-86],[-39,-36],[-68,-87],[-95,-173]],[[20352,15584],[97,62],[-2,-52],[83,-2],[3,54],[21,1],[29,64],[2,99],[-145,3],[-34,10],[-110,7],[-5,-43],[4,-285]],[[38181,37412],[-4,-238],[27,-47],[49,-21],[27,-24],[17,-42]],[[38297,37040],[-38,-5],[-2,-24],[-101,2],[-21,-12],[-54,-55]],[[38081,36946],[-60,26],[-89,0],[-47,-9],[-101,6],[-44,13],[-96,76],[-72,15],[-20,-4]],[[38322,36972],[28,-17],[54,0],[1,61],[10,45],[180,0]],[[38319,36883],[3,89]],[[38297,37040],[35,-15],[-10,-53]],[[38225,36884],[-70,0]],[[38155,36884],[-25,11],[-49,51]],[[28395,18910],[317,-8],[141,-7],[335,-6]],[[29188,18889],[-263,-266],[-223,-223],[-195,-200]],[[28036,17862],[3,0],[-3,353],[14,706],[345,-11]],[[21682,21856],[32,-15],[-7,-286]],[[21826,21972],[25,77],[29,174],[127,-2]],[[22023,21864],[12,20],[-56,13],[-33,39],[-76,43],[-21,18],[-23,-25]],[[21125,21270],[89,-3],[17,13],[62,-2],[11,14],[69,22],[9,-8]],[[21122,21149],[3,121]],[[4856,42282],[81,-1],[662,2],[336,0],[256,2],[473,-1],[305,3],[0,-5]],[[6969,42282],[0,-198]],[[5199,41580],[9,136],[-9,27],[-26,12],[1,59],[-7,28],[-23,6],[2,71],[-21,20],[-11,47],[-47,9],[-39,71],[-58,62],[-6,34],[-49,38],[-11,50],[-48,32]],[[1276,42286],[37,2],[331,3],[39,-1],[255,2],[233,-1]],[[2480,41645],[-58,-125],[6,-22],[-3,-199],[96,-2],[6,-41],[21,-6],[-9,-84],[7,-34],[73,-11],[17,-53],[36,-12],[27,-68],[-8,-55],[26,-77],[1,-43],[-588,8],[-36,-6],[-39,-20],[-98,-16],[-24,-13],[-90,-1],[-65,64],[-144,0]],[[1634,40829],[1,174],[-14,27],[-58,29],[-3,51],[-42,90],[10,61],[-1,140],[-23,75],[23,37],[-1,23],[24,24],[-2,59],[57,42],[7,28],[-28,66],[3,125],[6,28],[-16,76],[-98,96],[-2,45],[-18,14],[-60,75],[-22,8],[-37,-9],[-26,23],[-38,50]],[[3340,40727],[1,-47],[-93,-7],[-73,33],[-2,-123]],[[3005,40587],[3,87],[8,465]],[[1458,40311],[6,31],[63,87],[47,45],[68,95],[-9,60],[1,200]],[[1135,38872],[4,161],[11,15],[72,-2],[2,70],[-11,56],[15,80],[3,115],[6,30],[55,87]],[[1292,39484],[93,142],[78,78],[85,107],[12,51],[-8,52]],[[2848,38839],[-211,6],[-6,-199]],[[2631,38646],[-24,1],[-21,-62],[-75,-25],[-37,34],[-25,-3],[-66,36],[-56,-33],[-43,30],[-26,-29],[-38,0],[-83,-21],[-5,-9],[-123,-62],[-7,-49],[12,-14],[-21,-31],[-53,-51],[-32,-1],[-20,23],[-69,-23],[-21,4],[-45,-50],[-112,34],[-201,104],[-72,12],[-138,-26],[-105,1]],[[4049,42283],[347,-2],[460,1]],[[308,39771],[185,-4],[2,-44],[84,-3],[2,38],[86,4],[364,-10],[2,63],[27,77],[2,44],[18,71],[2,83],[-10,11],[-73,10],[6,162],[17,12],[-6,56],[-14,38],[42,-11],[33,8],[13,57],[4,218],[-14,35],[-8,55],[-45,34],[-7,16],[109,26],[58,6],[42,-5],[1,20],[32,42],[39,-1],[14,-23],[55,19],[45,-7],[52,-19],[9,-18],[158,-2]],[[1292,39484],[-299,6],[-18,6],[-53,42],[-36,42],[-132,8],[-34,-4],[-346,11],[-47,20]],[[327,39615],[-19,156]],[[3380,39159],[19,-30],[63,34],[27,-15],[32,17],[-5,28],[13,32],[38,34],[247,-5],[1,-42],[17,-29],[46,10],[34,-30],[215,-6]],[[4127,39157],[-1,-40],[-20,-27],[11,-26],[-59,-70],[-2,-11],[90,-2]],[[4146,38981],[8,-29],[-33,-99],[-1,-48]],[[3579,38820],[-115,2],[-535,15]],[[4133,39506],[-6,-349]],[[2631,38646],[-7,-332],[-9,-227]],[[609,37483],[-46,341]],[[717,38752],[-122,2],[-2,35],[-67,17],[-16,-6],[-78,0]],[[432,38800],[-42,327],[-18,147],[-45,341]],[[3423,40576],[-43,2]],[[3984,40303],[-4,-158],[14,-44]],[[3459,40314],[3,176],[42,-1],[1,85]],[[4456,38969],[-310,12]],[[4453,38793],[-208,7]],[[4245,38800],[-125,5]],[[29188,18889],[49,-1]],[[14287,26311],[-2,54],[-39,32],[-9,77],[-26,69],[38,1],[40,47],[3,26],[-33,25],[5,86],[-23,60],[2,39],[28,21],[98,-2],[5,210],[-34,5],[-46,76],[2,76]],[[14296,27213],[2,75],[-30,12],[-50,37]],[[14218,27337],[3,176],[-69,56]],[[14152,27569],[23,18],[55,-1],[50,10],[96,-5],[184,-4],[20,17],[3,33],[19,38],[147,-3],[36,-25],[4,-17],[44,-5],[106,-2],[27,-43],[78,3],[66,-5],[-3,-59],[-16,-37],[45,-30],[21,-41],[44,-13],[85,-86],[210,-6],[11,-13],[7,-49],[19,0],[36,-26],[21,1]],[[14068,27974],[29,74],[42,52],[63,24],[23,18],[42,-8],[59,-30],[58,-41],[65,-31],[84,-11],[33,12],[79,-3],[3,35],[79,5],[-1,20]],[[14152,27569],[-80,68],[-52,31]],[[14020,27668],[2,109],[29,0],[12,19],[5,178]],[[13535,28493],[120,-2],[11,22],[104,-7],[58,16],[53,-16],[34,66],[251,-5],[239,-10],[81,1],[177,-4]],[[14068,27974],[-42,22],[-3,45],[-119,3],[5,123],[-38,39],[-64,13],[-30,-4],[-12,-83],[-13,-50],[-2,-77]],[[13769,27482],[-6,-160],[12,-70]],[[13640,27302],[-3,66],[-40,0],[-11,48],[-31,26],[8,83],[125,-5]],[[13742,27178],[85,-12],[36,3],[144,-9],[32,57],[29,19],[102,-18],[126,-5]],[[14020,27668],[-40,17]],[[13980,27685],[-56,26],[-28,23],[-37,-35],[-82,1]],[[14218,27337],[-133,102],[-23,11],[-170,41]],[[13892,27491],[4,129],[20,38],[24,-4],[40,31]],[[13892,27491],[-82,19],[-40,22]],[[10057,40232],[22,-12],[65,19],[31,-41],[114,58],[28,23],[32,-7],[67,0],[43,69],[20,21],[67,-12]],[[12225,38227],[-38,-43],[-22,-10],[-11,-41],[-25,-44],[-96,58],[-28,43],[-57,37],[-47,-17],[-27,9],[-37,-18],[-110,31],[-10,34],[-56,8],[-56,44],[-20,29],[7,42],[-67,38],[-46,-15],[-25,29],[-67,53],[-7,-39],[-46,26],[-56,2],[-16,-8],[-61,18],[-32,19],[-10,29],[-34,45],[-5,42],[-31,5],[13,41],[48,18],[5,34],[52,17],[-18,32],[-64,-15],[-60,23],[-26,26],[20,45],[-7,21],[14,32],[38,19],[30,-1],[16,24],[-42,29],[-85,18],[-33,115],[8,49],[27,50],[-4,30],[-39,28],[-69,20],[-31,-7],[-20,18],[-77,-24],[17,50],[16,24],[5,38],[-35,-4],[-9,34],[28,23],[-15,23],[-41,-3],[-24,14],[-38,71],[13,50],[-6,43],[-21,27],[-61,11],[-65,-19],[-22,42],[21,53],[-25,25],[-35,11],[36,33],[40,13],[-2,22],[-54,3],[-50,11],[-25,-26],[-50,12],[35,39],[15,37],[-9,20],[-33,16],[-22,28],[-42,22],[-66,-7],[-57,28],[-3,47],[-61,17],[-36,34],[-32,-67],[-19,-15],[-42,21],[-57,-1],[-22,37],[35,41],[46,69],[44,10]],[[8031,42286],[223,2],[316,-1],[551,-1],[479,2]],[[9388,41411],[8,-21],[-13,-55],[5,-24],[-19,-29],[-22,-6],[-27,33],[-3,35],[16,46],[-12,38],[-35,29],[-32,-35],[-38,-20],[-14,-22],[-13,-89],[-23,-25],[-35,-1],[-20,31]],[[9111,41296],[6,27],[-21,37],[-40,28],[-7,44],[-23,-20],[-79,3],[-36,-10],[0,36],[-27,28],[-48,-2],[-21,-14],[-70,16],[-8,62],[-52,38],[-28,-15],[-25,-60],[-60,-31]],[[8103,41637],[-23,42],[-4,34],[9,52],[-10,40],[-34,36],[-22,-4],[-44,42],[-14,33],[3,31],[-17,45],[8,35],[24,44],[-15,66],[-16,32],[4,34],[32,14],[36,40],[11,33]],[[9096,41014],[-17,-23],[-45,-5],[-9,-27],[31,-30],[17,-60],[-19,-36],[-11,-47],[10,-19],[29,3],[49,52],[41,0],[-3,-36],[10,-33],[41,17],[35,-19],[38,5],[13,-30],[-37,-17],[-6,-39],[57,-22],[42,6],[53,-33],[57,-12],[-1,-18],[-47,-27],[13,-57],[65,23],[37,-24],[-3,-37],[-33,-28],[1,-27],[30,-29],[11,-40],[-5,-50],[12,-51],[41,-14],[45,7],[29,17],[11,36],[31,40],[34,19],[33,-18]],[[9776,40331],[38,-13],[34,18],[-22,55],[-2,34],[23,15],[35,-38],[13,-31],[-21,-34],[4,-56],[19,-29],[73,13],[25,30],[21,6],[48,-59],[-7,-10]],[[12219,37718],[-651,15],[-332,5],[-360,17],[-315,6]],[[8909,39914],[-65,28],[22,32],[75,-9],[61,33],[21,-29],[-11,-81],[9,-17],[37,27],[14,35],[-7,26],[28,74],[-35,41],[-31,16],[-18,-14],[-40,19],[-31,-13],[-46,-49],[-26,10],[-16,44],[-34,18],[-70,-22],[-3,37],[76,88],[9,42],[26,15],[38,-16],[33,-27],[27,-6],[13,31],[-34,34],[4,30],[-10,43],[52,25],[44,37],[52,21],[2,29],[-29,42],[-77,8],[-36,-17],[-25,7],[5,38],[40,44],[9,41],[-4,50],[-59,62],[-35,50],[11,30],[34,13],[36,-4],[37,52],[-9,32],[-39,26],[-26,1],[-49,72],[15,43],[46,-12],[20,-58],[33,2],[50,56],[35,-6],[38,-24]],[[9802,41189],[-43,-37],[-4,-235],[-8,-32],[0,-172],[30,-104],[19,-20],[-3,-160],[-17,-98]],[[9096,41014],[45,13],[36,42],[-3,39],[-20,33],[-29,13],[-34,-3],[-57,20],[-47,-5],[-42,25],[-12,51],[14,36],[29,3],[52,53],[83,-38]],[[6969,42282],[649,3],[413,1]],[[38155,36884],[-5,-34],[-48,-9],[-18,-28],[-27,0],[-17,28],[-36,-79],[-8,-52],[-155,1],[-13,43],[-73,1]],[[20026,9616],[477,-18],[327,-10],[356,-20]],[[21186,9568],[24,-82],[2,-87],[24,-6],[16,-31],[-18,-40],[4,-25],[-29,-20],[7,-30],[-30,-34],[11,-22],[-7,-60],[-24,-18],[-7,-39],[-21,-24],[8,-28],[-18,-16],[1,-59],[-9,-12],[32,-38],[-2,-37],[12,-32],[37,-24],[-21,-24],[-8,-34],[23,-22],[30,-50],[-17,-48],[-8,-73],[19,-41]],[[1500,30685],[80,-26],[53,9],[23,17],[-4,34],[36,36],[52,-2],[27,-25],[-3,-43],[19,-35],[-16,-54],[12,-30],[49,-33],[89,28],[51,-2],[68,13],[20,-22],[47,-24],[47,-2],[13,-21],[120,-8],[18,-12],[39,20],[15,30]],[[2430,29964],[-138,6],[-36,12],[7,-52],[-102,0],[-2,-44],[20,-1],[0,-49],[-74,-11],[24,-37],[-8,-23],[37,-17]],[[1636,29611],[-74,563],[-20,176],[-42,335]],[[3224,32277],[6,55],[-8,20],[14,57],[-6,30],[42,72],[30,20],[38,74],[32,25],[4,39],[-21,76],[23,116],[27,-5],[29,26],[24,1],[33,-21],[11,-30],[49,-11],[38,17],[82,14],[25,68],[25,10],[30,102],[23,17],[20,53],[32,34],[12,68],[-22,33],[5,20]],[[3821,33257],[752,-30],[6,174],[70,-1]],[[4649,33400],[590,-18],[328,-12],[180,-8],[163,-2],[165,-4]],[[5045,32105],[-21,-20],[-49,-22],[-40,-5],[-44,-27],[-47,12],[-40,20],[-39,-43],[-35,-3],[-36,-24],[-10,-23],[-54,-31],[-35,-11],[-35,-44],[-73,-12],[-15,-14],[-52,-19],[-10,-18],[14,-64],[-44,-47],[-2,-39],[-33,-50],[-31,-32],[-10,-34],[-63,-45],[-31,3],[-6,39],[-37,32],[-16,56],[-56,-61],[-11,-39],[-3,-82],[22,-27],[-98,-167],[-48,-41],[-18,-47],[-122,-196]],[[3817,30980],[-182,5],[-29,-26],[-37,-3],[-29,9],[-20,32],[29,38]],[[3549,31035],[50,-15],[16,43],[0,30],[-52,28],[-48,70],[-17,0],[-39,58],[5,108],[-11,14],[-81,14],[-46,2],[-15,36],[-38,-9],[-13,26],[-29,-20],[-33,-40],[-37,15],[-8,27],[52,77],[25,27],[-2,69],[11,60],[-3,65],[-15,65],[37,23],[-1,39],[19,46],[44,4],[18,20],[-6,56],[36,56],[31,18],[3,56],[-42,25],[-8,40],[-21,44],[-26,26],[-81,39]],[[1157,33335],[124,-1],[334,-11],[527,-13],[135,-1],[312,-8],[0,-10],[171,-1],[180,-3],[495,-18],[165,-4],[221,-8]],[[3224,32277],[-41,-27],[-56,-13],[-67,-8],[-59,-47],[-23,-34],[0,-41],[-36,-32],[-35,-70],[-19,-17],[-23,-59],[-74,-52],[-28,-74],[-37,-17],[-25,-53],[-34,-12],[-13,-22],[-52,-9],[-8,-56],[-57,-43],[-104,-1],[-7,-45],[-69,4],[-32,-101],[-28,-38],[-6,-30],[-26,-6],[-6,-24],[2,-75],[21,-31],[7,-41],[-9,-37],[7,-43],[55,-119],[19,-24],[91,-4],[31,-26],[16,-46],[28,-35],[29,-18],[24,-31],[-9,-47],[-74,-31],[2,-84],[40,-36]],[[1500,30685],[-52,372],[-34,282],[-29,230],[-45,363],[-117,884],[-66,519]],[[3185,30289],[169,-2],[0,74],[37,30],[6,26],[41,-1],[4,-66],[9,-8],[26,-73],[26,-14],[35,106],[9,7],[85,-3],[35,-94],[39,-21],[-2,45],[28,26],[13,31],[33,4],[42,-10],[69,6],[22,-4],[32,18],[68,-1]],[[4056,30748],[-41,31],[2,107],[-238,7],[-14,4],[52,83]],[[3165,30553],[-20,58],[20,37],[41,-11],[55,85],[26,15],[18,32],[74,-13],[13,-21],[34,-4],[57,30],[-6,36],[-61,36],[-24,51],[13,28],[43,1],[34,16],[-1,75],[-15,37],[9,45],[16,19],[37,-9],[21,-61]],[[16000,9750],[169,-4],[266,-13],[473,-15],[397,-12],[328,-11],[86,-4],[197,-4],[442,-14],[335,-13],[185,-4]],[[17588,7829],[-13,31],[49,75],[1,34],[-84,2],[-43,105],[-18,6],[-57,-21],[-105,-55],[-61,-53],[-498,-413],[-23,-49],[1,-100],[-12,-43],[-40,-47],[-43,-84]],[[15564,4502],[-39,54],[7,134],[14,55],[34,23],[125,-2],[44,41],[73,19],[-4,32],[-89,-4],[-14,23],[-50,58],[-14,89],[-32,67],[-22,80],[-50,73],[-6,48],[-39,12],[27,64],[43,35],[26,63],[33,61],[21,82],[32,34],[6,40],[22,41],[26,28],[46,24],[37,3],[65,-7],[-5,-207],[182,-8],[19,33],[36,34],[38,-8],[30,28],[37,15],[38,-5],[63,28],[45,-1],[-1,-47],[60,-3],[55,-75],[36,-17],[52,-9],[-12,36],[-53,96],[-2,109],[-5,164],[4,37]],[[20019,25590],[66,-6],[86,-63],[65,-10],[16,-10]],[[20252,25501],[19,-24],[7,-93],[19,-38]],[[20297,25346],[-78,1],[-17,38],[-120,8]],[[20082,25393],[-157,77]],[[19925,25470],[41,61],[49,20],[4,39]],[[20065,24820],[5,177]],[[20070,24997],[60,-2],[81,-40],[36,-8],[54,9],[110,-4]],[[20411,24952],[6,-73],[34,-152]],[[20451,24727],[41,-183],[2,-65],[-10,-105]],[[20484,24374],[-54,-3],[-20,35],[-48,52],[-65,7],[-21,14],[-53,9],[-32,-41],[-54,7]],[[20137,24454],[6,277],[-43,5],[-37,34],[2,50]],[[22954,17996],[22,-29],[95,-74],[55,-28],[93,-63],[40,-37],[37,-71],[10,-80],[-1,-64],[-13,-36],[-29,-53],[-99,-111],[-16,-67],[1,-31],[18,-51],[69,-80],[137,-119],[52,-27],[92,-60],[99,-91],[27,-42],[25,-87],[3,-55],[-21,-212],[8,-111],[29,-104],[49,-116],[58,-100],[93,-116],[79,-72],[90,-50],[72,-26]],[[23691,15322],[-11,22]],[[23680,15344],[-145,271],[-39,55],[-466,521],[-39,65],[0,52],[-42,-31],[33,-43],[-286,7]],[[24312,15552],[33,-60],[26,-86],[17,17],[39,-9],[60,-31],[88,-3],[66,24],[53,40],[104,151],[26,52],[35,27],[41,10],[93,-60],[36,-32],[33,-52],[25,-65],[4,-69],[0,-88],[19,-118],[68,-152],[70,-126],[34,-47],[22,-17],[199,-31],[95,-32],[133,-69],[99,-76],[94,-52],[78,-32],[59,-4],[52,-13],[119,-44],[47,-31],[38,-57],[23,-57],[36,-164],[15,-47],[40,-70],[32,-21],[44,-1],[49,23],[157,51],[103,19]],[[24493,14777],[-63,2]],[[24430,14779],[-39,29],[-97,21]],[[27128,23134],[30,33],[25,-5],[37,65],[2,37],[28,32],[26,53],[-7,12],[15,64],[31,2],[15,20],[81,1],[73,-12],[59,22],[41,-5],[39,-33],[46,-10],[30,-35],[1,-28],[48,-60],[44,-20],[-1,-24],[18,-46],[15,-11],[-18,-91],[-21,-15],[22,-60],[-4,-27],[66,-33],[20,4],[8,-56],[27,-24],[36,-9],[27,23],[65,-50],[42,-17],[34,-56],[24,-9],[5,-43],[55,-31],[47,6],[55,-46],[56,-24],[18,11],[44,-10],[46,-57],[5,-31],[30,0],[40,-49],[42,11],[29,21],[53,13],[30,-18],[22,7],[52,-54],[26,7],[31,-32],[24,4],[28,29],[-3,82],[-16,29],[41,9],[28,-11],[33,24],[53,-28],[19,2],[32,-30],[-22,-28],[-53,-25],[-3,-65],[75,-16],[68,42],[35,39],[15,-21],[-7,-44],[23,-33],[-11,-24],[2,-64],[33,-28],[48,-15],[32,-30],[12,-38]],[[29324,22207],[-188,-59],[-40,-20],[-62,-45],[-69,-37],[5,-81],[-14,-460],[-96,3],[-243,-28],[-129,5],[-28,-27],[-10,-381],[-12,-189],[-1,-47],[-11,-173],[-23,-111],[2,-52],[14,-72],[-12,-404],[14,-116],[-12,-485],[-15,-492],[1,-26]],[[27273,17879],[14,18],[-29,34],[7,50],[-40,24],[29,17],[-7,30],[44,89],[-21,48],[31,70],[43,21],[7,44],[20,40],[17,-2],[66,80],[46,28],[50,41],[7,22],[44,54],[40,20],[36,53],[4,66],[-7,38],[14,85],[-29,54],[-68,33],[-46,5],[-27,-38],[-62,77],[1,49],[-37,7]],[[27420,19036],[-23,24],[5,47],[19,30],[15,99],[1,47],[29,47],[37,3],[14,35],[27,26],[11,28],[-6,32],[56,46],[34,100],[1,30],[-28,104],[-31,42],[-31,22],[-27,33],[-45,-6],[-48,31],[-31,49],[4,40],[-36,23],[-7,33],[-47,10],[-29,35],[19,20],[-52,10],[-61,26],[-19,56],[-38,8],[-37,-18],[-33,31],[5,257],[6,420],[8,380],[19,702],[5,266],[2,6],[14,536],[6,388]],[[29324,22207],[231,73],[87,10],[380,-8],[77,9],[123,28]],[[23976,23905],[39,28],[64,19],[35,22],[145,136]],[[24259,24110],[55,-5],[11,32],[105,29],[23,42],[30,-9],[-7,41],[48,-11],[3,-12],[-33,-48],[-4,-44],[-21,-35]],[[24469,24090],[-37,-19],[-32,-2],[-56,-65],[6,-84],[-14,-103],[18,-65]],[[24147,23834],[-40,19],[-57,6],[-47,35],[-27,11]],[[24469,24090],[12,-47],[41,-59],[59,5],[125,-1],[173,21],[48,0],[43,-28],[59,-7],[28,-11],[133,-1],[57,-17],[164,-14],[48,-13]],[[24935,19018],[45,-1],[0,70],[-38,69],[-1,128],[38,28],[58,16],[86,-24],[74,9],[37,56],[25,22],[58,1],[15,28],[-20,31],[-30,5],[-61,-5],[7,73],[137,-9],[185,-3],[6,264],[0,42],[36,-6],[3,47],[30,2],[31,18],[42,1],[39,-59],[4,-30],[102,-144],[4,269]],[[25847,19916],[17,-27],[63,-15],[6,-16],[45,3],[73,75],[29,-2],[24,15],[38,-44],[5,-48],[19,-22],[28,-5],[52,18],[37,-30],[65,-26],[46,-35],[27,3],[50,22],[29,-31],[101,-57],[-9,-75],[19,-2],[0,-34],[25,-2],[-8,-37],[24,-8],[34,-34],[25,-13],[12,-60],[-32,-70],[19,-27],[20,-59],[31,-6],[45,-26],[20,-29],[29,5],[72,-78],[4,-43],[40,-40],[48,30],[16,-19],[31,-3],[20,-27],[18,7],[55,-24],[-4,-28],[52,0],[66,38],[35,-33],[23,23],[37,-41],[47,5],[5,52]],[[27022,17889],[-536,10],[-122,1],[-199,5],[-168,2],[-704,33],[-90,3]],[[25203,17943],[-191,10]],[[25012,17953],[4,363],[-1,79],[6,546],[-17,26],[-54,30],[-15,21]],[[24011,18866],[82,50],[38,35],[32,85],[112,-3],[80,-23],[52,19],[247,-3],[281,-8]],[[25012,17953],[-313,7],[-347,4],[-345,7]],[[23976,23905],[-154,59],[-42,-4],[-83,-36],[-76,17]],[[23597,22534],[233,-4],[47,-28],[-5,-24],[-29,-17],[49,-44],[55,-24],[97,24],[16,37],[24,13],[22,-30],[35,29],[70,-49],[18,20],[22,-12],[24,15],[20,-39],[51,28],[27,46],[18,-2],[31,-39],[44,6],[12,-43],[-4,-222],[-7,-98],[-25,-47],[-18,-61],[-2,-137],[-16,-16],[-45,1],[-21,-21],[-1,-50],[263,15]],[[24602,21761],[-10,-16],[22,-69]],[[24614,21676],[-31,11],[-33,-25],[-42,-8],[-27,18],[-53,-104],[-22,-3],[-18,-25],[1,-43],[-50,-43],[-31,-51],[2,-17],[-43,-32],[-16,2],[-41,46],[-9,60],[44,50],[-26,54],[-53,0],[-39,12],[-38,2],[-46,52],[14,40],[-7,35],[-24,29],[-41,21],[2,22],[-40,34],[-21,-15],[-65,25],[-29,30],[-23,43],[9,26],[-21,97],[-29,53],[6,13],[-18,48],[-57,71],[-27,-13],[-40,22],[-31,38],[-14,-2]],[[23609,22912],[115,198]],[[25941,22676],[-1,-140],[-9,-388],[164,-1],[-8,-432]],[[26087,21715],[-159,7],[-102,0],[-72,9],[-187,45],[-65,8],[-345,-11],[-453,-1],[-102,-11]],[[25708,20207],[13,2],[2,175],[5,163],[5,369],[169,-7],[166,9],[2,179],[10,382],[24,45],[-6,30],[11,91],[-22,38],[0,32]],[[25847,19916],[-29,14],[-15,35],[11,40],[-34,11],[-4,46],[-20,21],[-28,2],[-10,88],[-10,34]],[[23576,21611],[17,569],[-6,66]],[[24614,21676],[13,-21],[29,9],[46,-48],[-14,-74],[18,-5],[-3,-83],[41,-2],[-2,-57],[15,-10],[66,-7],[16,-17],[67,-30],[27,-30],[9,-32],[-34,-48],[-45,-31],[-58,-12],[-29,-23],[18,-17],[3,-41],[24,-40],[38,6],[27,22],[43,-31],[34,-11],[7,-49],[35,-5],[38,-42],[95,15],[39,-4],[29,-31],[66,-19],[84,-97],[-24,-30],[7,-38],[55,-73],[34,-15],[38,-62],[21,-17],[9,-47],[31,-24],[-8,-30],[16,-52],[-26,-69],[-19,-25],[24,-49],[116,9],[20,-20],[50,-27],[8,-35]],[[20078,25261],[147,-5],[142,0]],[[20367,25256],[69,-88]],[[20436,25168],[-10,-3],[-192,5],[3,-44],[-163,4]],[[20074,25130],[4,131]],[[19350,25014],[79,-1],[32,-8],[44,6],[320,-7]],[[19825,25004],[164,-4]],[[19989,25000],[-1,-21],[-24,-43],[-61,-34]],[[19903,24902],[-39,-26],[-44,-15],[-2,-115],[-83,-3],[-9,-66],[2,-66],[-79,1],[-57,-50]],[[19592,24562],[-36,20],[-28,56],[-27,7],[-29,-16],[-34,68],[-32,-11],[-14,-23],[-70,1],[10,332],[18,18]],[[20297,25346],[70,-90]],[[20078,25261],[4,132]],[[21643,25559],[11,101],[18,19],[71,5],[38,-8],[42,10],[24,21],[7,34]],[[21854,25741],[32,35],[48,23],[162,131],[55,56],[57,75],[40,183],[28,90],[42,49],[36,27],[33,41],[13,37],[5,90],[31,43],[11,50],[-11,50],[0,46],[50,78],[-7,57],[2,71],[-18,22],[-59,10],[-5,48],[-17,91],[-30,118],[-1,23],[16,82],[37,40],[2,46],[-26,28],[-21,2],[-17,34],[-35,96],[-19,110],[4,36],[-16,21],[-89,23],[-9,113],[20,86],[-13,53],[-23,58],[-7,61],[-23,27],[-11,88],[3,91],[14,85],[10,27],[-9,24],[14,26]],[[23197,25821],[-35,-34],[-60,-19],[-79,-49],[-81,-29],[-49,-38],[-31,3],[-56,-28],[-68,-53],[-17,5],[-39,-28],[-23,-1],[-1,-44],[-11,-20],[-92,-41],[-1,-37],[-45,-36],[-43,12],[-62,-11],[-37,-21],[-83,-10],[1,59],[-62,-9],[-113,-3],[-106,11],[-9,-18],[-43,8]],[[21952,25390],[-11,21],[-85,19],[-57,2],[-7,28],[3,54],[-9,16],[-143,29]],[[21854,25741],[13,28],[-12,28],[6,33],[-24,24],[-30,-6],[-25,14],[-102,-9],[-27,14],[-71,-14],[-54,8],[-64,54],[-5,57],[-17,16]],[[21442,25988],[-8,34],[-39,15],[36,33],[-13,24],[-66,79],[-9,35],[20,63],[5,67],[33,40],[-42,15],[-27,60],[9,26],[-20,25],[-26,89],[53,34],[-1,19],[-29,58],[-34,41],[-8,42],[-29,25],[-36,1],[-28,50],[51,29],[16,28],[-16,62],[-17,9],[-7,56],[-44,5],[-39,32],[12,30],[-2,69],[7,64],[67,50],[4,48]],[[21215,27345],[-41,25],[-11,51],[-60,54],[-51,18],[-24,-15],[-45,23],[-5,40],[20,28],[-15,33],[27,19],[70,20],[0,15],[46,46],[28,-8],[18,15],[-8,111],[7,27],[76,29],[46,26],[54,14],[38,41],[44,16],[33,45],[10,116],[-28,39],[-19,4],[-75,104],[11,79],[-10,42],[-2,79],[-31,44],[1,40]],[[20263,40640],[48,-85],[37,-26],[19,-58],[127,6],[37,20],[46,-2],[50,-48],[56,-63],[30,-20]],[[20713,40364],[-1,-75]],[[20712,40289],[-39,-70],[-32,-86],[-20,-20],[-68,-24],[-52,-27],[-70,-46],[-67,-6],[-73,-27],[-139,-92]],[[20152,39891],[-8,25],[-24,0],[-4,27],[5,160],[-22,8],[4,131],[-22,4],[8,288],[49,19],[75,6],[6,102],[41,-8]],[[19350,40490],[-24,4]],[[20152,39891],[78,-5],[42,-33],[13,-60]],[[20285,39793],[51,-121],[21,-34]],[[20357,39638],[-17,-56],[6,-103],[-10,-42],[-148,2],[-87,3],[-17,9],[-28,-30],[-80,2],[-18,-15],[-62,-20],[-11,-29]],[[20357,39638],[25,-32],[63,-39],[57,-3],[3,-26],[25,-15],[15,-37],[21,-13],[0,-80],[34,-25],[61,-6],[48,22],[-2,15],[49,63],[18,-56],[33,28],[117,38],[0,-38],[27,-3],[42,26],[28,-17],[50,-88],[44,-47],[-23,-95],[72,-1],[28,-23],[101,-13],[63,-40],[-2,71],[25,47],[12,42],[-6,45],[13,53],[-2,92],[5,76],[-37,106],[18,39],[28,-10],[41,11],[41,71],[32,0],[76,-45],[52,-3],[42,28],[28,8],[34,-11],[15,-24],[38,5],[35,60],[40,19],[58,47],[-24,8],[2,39],[26,26],[115,24],[75,4],[43,-26],[-11,-42],[-90,-110],[-34,-61],[-20,-56],[-3,-67],[13,-44],[33,-57],[52,-30],[43,-7],[47,6],[34,15],[59,64],[31,22],[70,10],[121,57],[42,8],[52,57],[30,4],[50,50],[52,4],[67,-31]],[[22472,37857],[-10,-634],[-7,-259],[-359,9],[-356,11],[-121,5],[-162,-2],[-6,-169],[-7,-569],[-7,-316],[-438,11],[-385,5],[-171,6]],[[20712,40289],[0,-12],[227,-3],[19,-11],[43,-61],[35,-87],[0,-21]],[[21036,40094],[-1,-20],[35,-83],[77,-44],[71,-135],[31,-44],[-30,-11],[-123,40],[-101,-9],[-42,5],[-168,-9],[-47,4],[-6,17],[-50,32],[-106,-37],[-56,-11],[-56,-2],[-18,9],[-50,-4],[-111,1]],[[21036,40094],[50,-17],[59,36],[72,9],[103,59],[15,22],[51,9],[43,58],[50,17],[-29,26],[20,66],[-24,83],[-80,26],[-98,-35],[-4,71],[-77,3],[-2,92]],[[21185,40619],[102,86],[39,62],[43,26],[50,-7],[43,-23],[97,29],[98,15],[77,-9],[21,-9],[38,-46],[29,-17],[121,-3],[54,10],[96,-4],[37,18],[11,39],[35,70],[17,56],[37,7],[44,-17],[36,-43],[40,-18],[58,-5],[82,15],[26,47],[24,24],[46,-12],[33,9],[54,-24],[50,-2],[30,9],[99,-3],[15,-11]],[[20713,40364],[62,48],[52,58],[81,25],[154,76]],[[21062,40571],[55,4],[68,44]],[[21880,42274],[1013,7]],[[21062,40571],[0,44],[-34,2],[-23,23],[-9,47],[-42,15],[-16,38],[-50,-5],[-47,28]],[[33069,18615],[175,1],[26,-4],[143,-2],[-4,43],[1,140],[37,-3],[273,-5],[345,-12],[90,4],[85,-3],[30,15],[168,-29],[6,18],[176,-6],[274,1],[181,-4],[597,-4],[97,-2],[329,-3],[149,2],[22,-6],[97,3]],[[33082,19861],[624,-13],[569,-10],[294,-2],[985,-12],[163,-1]],[[35717,19823],[326,-5],[332,-2]],[[21419,21532],[41,-109]],[[21330,21058],[-5,-138]],[[21325,20920],[-204,12]],[[21121,20932],[-2,87]],[[21325,20920],[-4,-138],[24,-11],[-3,-53]],[[21342,20718],[-23,-9],[-31,32],[-83,-66]],[[21205,20675],[-31,16],[-9,70],[-17,64],[-4,62],[-23,45]],[[20937,20476],[19,22],[42,18],[64,67],[43,38],[25,11]],[[21130,20632],[11,-8],[62,-1],[2,52]],[[21342,20718],[82,1]],[[21424,20719],[-150,-188],[-67,-51],[-101,-43],[-27,-32],[-74,-139],[-6,-4]],[[20999,20262],[-60,-14],[-4,40],[2,129],[-6,5]],[[21424,20719],[63,-9],[14,-27],[45,-13],[12,-18],[59,-32],[17,1]],[[21634,20621],[31,-10]],[[21098,20261],[-99,1]],[[20972,21018],[33,-20],[20,-38],[-2,-57],[-38,-46],[-27,-17],[-2,-77]],[[20956,20763],[-129,6]],[[22321,21483],[177,-20],[89,11]],[[22158,21217],[121,57],[9,16],[-21,45],[9,69],[45,79]],[[21857,21343],[12,105],[-6,26]],[[22089,21456],[183,29],[49,-2]],[[21853,21206],[4,137]],[[21857,21343],[-76,3]],[[20620,10712],[55,38],[26,31],[51,25],[20,19],[50,0],[167,-16],[73,1],[67,27],[19,42],[67,28],[73,54],[69,13],[-15,50],[15,51],[-8,26],[24,26],[64,13],[24,-15],[27,7],[93,55],[11,-11],[40,20],[95,-23],[32,-18],[28,-50],[33,-7],[41,4],[31,-32],[7,-39],[27,-25],[42,-16],[11,-15],[1,-86],[36,-17],[39,11],[54,-28],[6,-49],[20,-28],[21,-6],[20,-29],[6,-71],[-42,-37],[8,-32],[31,-22],[21,-43],[33,17],[38,-7],[25,12],[16,-70],[72,-14],[22,-24],[26,-2],[44,-19],[2,40],[41,3],[1,35],[-20,40],[-31,30],[46,45],[34,58],[25,-9],[56,68],[61,55],[8,17],[60,13],[25,25],[30,-1],[58,20],[64,45],[-58,106],[-11,35],[-28,34],[-7,36],[-23,29],[-49,5],[-31,41],[7,12],[122,-1],[140,54],[33,30],[94,44],[105,1],[45,-30],[21,-28],[28,-12],[85,-17],[131,6],[55,-6],[44,6],[25,-9],[64,-4],[75,6],[79,0],[56,35],[66,8],[49,-5],[382,-1],[72,-42]],[[21186,9568],[-12,9],[-7,53],[-42,35],[-4,19],[43,63],[-2,62],[-18,26],[9,60],[-26,31],[29,42],[-30,64],[5,17],[-15,66],[-20,20],[-57,-1],[1,67],[-32,3],[1,67],[-96,57]],[[20913,10328],[-17,38],[-33,16],[-24,30],[-21,-8],[-65,56],[-26,72],[-58,89],[-3,18],[-41,17],[-11,20],[6,36]],[[23063,12819],[383,-3],[292,0],[330,5],[326,1]],[[20620,10712],[-5,56],[-32,101],[7,25],[-16,40],[-2,63],[-83,41],[-16,43],[16,18],[-13,52],[-31,62],[-32,17],[-25,36],[-10,61],[-77,37],[-17,18],[-42,16],[-5,45],[-43,67],[-56,59],[-44,9],[1,35],[-32,50],[-20,15],[13,38],[-182,2],[6,154],[20,482],[12,385],[344,6],[165,9],[158,0],[167,4],[242,4],[176,6]],[[21686,21881],[28,-2],[2,107],[57,-38],[49,3]],[[21822,21951],[36,-5],[46,-22],[28,-25],[-2,-32],[-98,-106],[-36,-63]],[[26430,3446],[0,387],[10,21],[221,233],[87,111],[3,15],[2,154],[6,17],[-114,0],[-14,17],[-1,72],[-22,14],[-20,-17],[-37,8],[-111,-1],[3,27],[36,86],[14,71],[2,51]],[[29294,1305],[-71,-3],[-182,6],[-312,13],[-34,17],[-58,61],[-23,11],[-117,6],[-86,-2],[-77,-17],[-23,4],[-61,34],[-52,41],[-87,17],[-20,19],[-32,106],[-10,211],[18,82],[-8,39],[-110,101],[-361,5],[-270,9],[3,-37],[-215,-487],[-289,9],[-477,12],[-33,7]],[[26307,1569],[85,595],[12,23],[92,81],[53,88],[-3,104],[2,143],[-18,52],[2,108],[-24,26],[1,209],[34,122],[16,19],[76,69],[26,32],[29,70],[-260,4],[0,132]],[[24893,2293],[23,30],[67,63],[4,39],[56,3],[66,33],[160,-1],[0,246],[156,58],[2,132],[36,1],[4,45],[-1,217],[195,-5],[-10,35],[-33,64],[-33,48],[-7,38],[-62,99],[44,25],[260,-5],[6,83],[59,4],[39,-5],[25,-91],[24,28],[70,61],[43,-41],[154,-99],[8,-10],[82,53],[100,5]],[[26307,1569],[-79,12],[-47,-18],[-270,7],[-242,4],[-588,18]],[[25081,1592],[67,90],[36,40],[78,-1],[8,6],[-3,68],[12,55],[-59,6],[-111,-1],[-51,-26],[-36,17],[-25,34],[-7,27],[0,190],[-7,19],[-151,4],[12,79],[30,67],[19,27]],[[23237,2518],[42,-10],[41,-62],[24,-11],[56,-65],[8,-21],[84,28],[19,39],[55,2],[35,-8],[85,-2],[79,-8],[19,-31],[134,-4],[3,-35],[55,-10],[306,-9],[11,-20],[99,-61],[25,-11]],[[24417,2219],[2,-138],[4,-40],[-3,-201],[18,-38],[42,-63],[-19,-24],[-2,-112],[25,-18],[1,-109],[-7,-22],[-41,-47],[0,-109],[8,-22],[52,-35],[-14,-18],[-56,-40],[-51,8],[-21,-6],[-54,-64],[-52,-35],[-38,-40],[-35,-9]],[[24176,1037],[0,43],[-160,3],[-235,8],[-31,-14],[-20,-48],[-20,-10],[-87,16],[0,-62],[-33,-42],[-39,-14],[-35,10],[-44,45],[-55,15],[-38,-19],[-30,-59],[-1,-54],[-23,-76],[-42,-60],[-49,-17],[-3,-12]],[[24893,2293],[-103,4],[-65,-2],[-48,-16],[-73,-8]],[[24604,2271],[-71,0],[-45,-53],[-71,1]],[[25081,1592],[-25,-53]],[[25056,1539],[-255,52],[-86,0],[-10,231],[-89,2],[-25,59],[-14,-1],[9,208],[7,27],[11,154]],[[25056,1539],[-12,-75],[-6,-74],[-9,-26],[-12,-121],[-26,-3],[0,-169],[-41,-55],[-24,-48],[-30,-44],[-58,-51],[26,-73],[-104,3],[-50,33],[-1,-32],[-319,8],[-40,-89],[-16,-24],[-55,-52],[-54,67],[-36,33],[-3,71],[-10,81],[3,60],[-3,78]],[[29294,23],[-323,4],[-157,3],[-161,-2],[-183,3],[-96,-3],[-178,2],[-120,-2],[-392,2],[-151,2],[-288,1],[-328,3],[-308,0],[-117,-2],[-1046,8],[-373,-1],[-83,1],[-237,-2],[-476,3],[-407,-1],[-222,3]],[[20956,20763],[85,-44],[67,-49],[22,-38]],[[21849,21114],[-118,30],[-59,30]],[[23424,22246],[8,-33],[-5,-201],[-286,5],[-41,-8],[-157,8]],[[21600,20818],[157,-7]],[[21757,20811],[107,-6],[60,-18]],[[21634,20621],[5,57],[-40,-16],[-5,28],[6,128]],[[21424,20719],[48,62],[9,42],[-10,79]],[[21471,20902],[3,2]],[[21600,20906],[0,-88]],[[21325,20920],[123,-6],[23,-12]],[[15559,36127],[-32,-17],[-59,-61],[-40,-11],[-14,27],[14,38],[-1,53],[13,61],[20,54],[13,4],[5,64],[-20,22],[-31,-25],[-19,-43],[-37,-36],[-35,-15],[-50,32],[-29,-2],[-26,-50],[-38,-13],[-40,34],[-38,3],[-14,-31],[-61,-41],[-30,21],[-11,31],[-34,23],[-23,-6],[-12,-53],[-79,-54],[-34,-16],[-112,11],[-28,-8],[4,-56],[-16,-26],[-28,-6],[-52,32],[-31,3],[-72,-53],[-12,15],[11,79],[-38,18],[-51,-15],[-61,30],[-2,19],[-30,20],[-39,0],[-12,24],[8,33],[-13,90],[-25,-31],[-32,-6],[-54,3],[-11,-13],[-45,-2],[-41,19],[-60,10],[-38,-3],[-25,13],[-41,-28],[-41,31],[-41,2],[-29,15],[5,-76],[-35,-46],[-50,-41],[-15,-44],[-23,-38],[-6,-29],[19,-18],[-18,-23],[-46,-30],[-20,-29],[-25,9],[-61,-14],[-48,24],[-61,8],[-9,23],[6,56],[14,29],[3,47],[-28,38],[-57,24],[1,-27],[-18,-43],[-25,-32],[-7,-26],[8,-70],[-25,-22],[-32,7],[-22,19],[-41,64],[-16,55],[20,51],[52,-4],[36,77],[-15,28],[-48,9],[27,43],[45,11],[-4,50],[-37,2],[-22,15],[-30,-1],[-17,27],[-49,38],[-54,2],[-45,24],[-33,28],[-27,5],[-96,94],[-40,-12],[-53,16],[-37,-24],[-65,9],[-88,-15],[-52,-60],[-19,-51],[-32,-24],[-26,13],[-20,-29],[-42,-21],[-47,42],[-47,-28],[4,-33],[-20,-39],[-26,-14],[0,-55],[-18,-23],[-62,15],[-40,-9],[-64,30],[-20,51],[-40,49],[-11,26],[-40,23],[-25,32],[-39,24],[-20,57],[-27,-1],[-58,-56],[-31,2],[-58,-114],[-34,-32],[-31,-66],[-26,-16],[-77,-3],[-34,-22],[-47,-11],[-46,-28],[-38,-62],[-31,-33],[-15,-33],[-18,-81],[9,-38],[-31,-34],[-26,23],[-63,21],[-11,45],[-20,35],[1,34],[-32,110],[-60,48],[-53,20],[-47,74],[-49,42],[-44,50]],[[20449,23318],[238,-6]],[[20687,23312],[162,-10],[463,-12],[675,-15]],[[21826,21972],[-4,-21]],[[26945,34025],[42,-28],[111,-31],[19,-26],[55,-30],[67,-6],[96,-108],[35,-23],[26,-48],[28,-32],[13,-89],[-1,-50],[71,-108],[22,16],[89,-2]],[[27618,33460],[-1,-118]],[[28638,33824],[-4,-21],[11,-93],[25,-48],[21,-58],[9,-50],[18,-12],[-2,-189],[-42,23],[-41,13]],[[28633,33389],[-42,1],[-46,18],[-78,5],[-82,27],[-97,-3],[-43,11],[-100,4],[-68,-19],[-110,36],[-43,3],[-47,-63],[-24,-11],[-54,21],[-32,39],[-149,2]],[[27618,33460],[3,116],[-18,69],[11,30],[68,88],[108,99],[91,55],[55,12],[21,13],[53,56],[51,120]],[[30142,31891],[-65,-32],[-12,-30],[4,-37],[-17,-53],[-35,-36],[-46,-12],[-53,20],[-92,81],[-52,33],[-34,35],[7,34],[58,42],[25,56],[-15,44],[-21,12],[-38,-10],[-60,-29],[-31,3],[-83,41],[-25,1],[-33,-20],[-11,-29],[31,-45],[81,6],[28,-23],[-14,-37],[-76,-15],[-89,0],[-37,-10],[-37,-24],[-38,-40],[-34,-12],[-31,7],[-8,20],[-1,84],[-26,82],[26,57],[-2,49],[-24,26],[-23,0],[-28,-68],[-28,-37],[-49,-36],[-30,-56],[-36,-21],[-51,31],[3,19],[-17,41],[-23,8],[-19,32],[-50,125],[-29,60],[-47,69],[-54,43],[-2,45],[59,18],[68,9],[62,26],[13,27],[-4,35],[-28,10],[-96,1],[-48,43],[-68,113],[-63,53],[-34,8],[-33,-6],[-110,-72],[-46,-14]],[[28451,32636],[56,219],[-6,38],[32,37],[29,2],[21,80],[45,51],[5,326]],[[28451,32636],[-39,-16],[-39,19]],[[9705,16203],[-18,-40],[-62,17],[-48,-22],[-38,6],[-34,-24],[-71,-11],[-31,-20],[-16,11],[-29,-12],[15,-46],[-14,-32],[-23,-11],[1,-26],[-43,-39],[23,-56],[-37,-85],[-48,-90],[-81,-87],[-18,-51],[-6,-187],[-52,-149],[-19,-103],[-5,-274],[16,-71],[-64,-123],[53,-116],[-2,-47],[98,-298],[23,-107],[-21,-66],[17,-32],[-47,-264],[-11,-72],[23,-47],[-4,-47],[-39,-83],[-28,-47],[-31,-34],[-18,-43],[-32,-51]],[[8984,13324],[-29,-43],[-50,-38],[-11,11],[-80,-11],[-48,52],[-14,-9],[-56,-3],[-54,-70],[-60,-4],[2,-68],[-47,-20],[-23,-29],[-45,-33],[-56,52],[-18,38],[-28,21],[-54,10],[-31,30],[-16,54],[-40,54],[6,50],[-1,91],[-25,61],[3,65],[12,43],[-47,12],[-10,26],[-28,27],[-10,35],[-35,10],[-81,-36],[-77,-7],[-27,24],[-78,-12],[-36,-17],[-29,8],[-12,-35],[-40,7],[-10,-19],[-71,-35],[-13,-22],[-74,-46],[-9,-41],[-21,-5],[-6,-42],[-28,-36],[-14,-94],[-85,5]],[[10906,13267],[-47,2],[-23,-16],[-99,-5],[-29,8],[-39,-24],[-71,7],[-54,-16],[-21,-39],[-51,-57],[-26,-17],[-28,-85],[-19,8],[-11,62],[-53,58],[-35,8],[-62,-68],[-18,21],[-39,90],[-7,45],[-12,7],[-52,87],[-5,68],[-81,61],[-23,6],[5,63],[-7,35],[-59,-38],[-54,-9],[-70,-35],[-11,-32],[-65,-50],[-62,-7],[-18,28],[-104,-5],[-24,-16],[-91,-22],[-42,16],[-55,6],[-41,-9],[-49,1],[-73,-66],[-23,-7],[-51,17],[-31,-7],[-28,-20],[-64,3]],[[32614,20979],[48,8],[34,27],[443,471],[48,7],[67,-35],[23,-6],[396,-13],[245,-6],[331,-6],[164,1],[288,-4],[355,-3],[257,6],[166,-2]],[[35479,21424],[-2,-196],[-9,-145],[6,-19],[0,-86],[41,-5],[207,-2]],[[35722,20971],[-2,-90],[5,-32],[-4,-371],[-4,-655]],[[35525,22034],[-33,-30],[5,-23],[43,18],[22,-28],[-24,-18],[-9,-34],[-37,7],[0,-65],[26,-15],[7,-25],[62,-9],[6,-23],[41,-7],[30,24],[21,-35],[31,12],[-3,-34],[-41,-10],[-30,16],[-27,-15],[34,-35],[-13,-35],[12,-22],[41,38],[28,-7],[41,-27],[24,-37],[18,-6],[46,17],[18,-9],[-10,-54],[12,-33],[-19,-40],[25,-15],[18,-60],[12,-13],[42,9],[41,-31],[56,-13],[90,5],[-1,-32],[-53,-22],[-4,-31],[-42,-23],[-94,40],[40,-145],[36,-80],[42,-52],[12,-58],[-7,-38],[3,-52],[-261,2],[0,90],[-80,0]],[[35479,21424],[5,259],[-22,45],[-20,132],[10,181],[63,17],[10,-24]],[[32637,22540],[7,539],[490,4],[139,-12],[329,-21],[324,-22],[167,-8],[329,-1],[416,-4],[201,-1]],[[35039,23014],[29,-32],[16,4],[9,-42],[18,-20],[-19,-71],[43,-14],[0,-29],[19,-26],[32,-5],[-12,-33],[17,-52],[30,-11],[75,11],[70,-86],[16,-59],[0,-68],[-37,-10],[-14,-32],[36,-8],[19,17],[29,-33],[-10,-24],[10,-34],[-29,-34],[27,-27],[-25,-17],[7,-27],[29,-3],[0,-48],[25,-11],[93,-15],[11,-17],[32,0],[-4,-26],[-21,-20],[13,-27],[-11,-25],[-37,-26]],[[37094,23014],[143,0],[411,-10],[83,2],[326,-9],[332,-5],[163,0],[500,-6]],[[39058,22049],[-89,-9],[-118,5],[-79,-12],[-102,178],[35,42],[61,108],[35,47],[53,107],[5,45],[-13,45],[-48,113],[-25,34],[-52,36],[-90,40],[-88,9],[-84,-45],[-43,-33],[-30,-35],[-37,-86],[-6,-84],[12,-88],[37,-71],[46,-60],[87,-160],[28,-46],[65,-150],[-50,-27],[-45,-35],[-45,-49],[-27,-54],[-26,-80],[-4,-79],[19,-68],[38,-90],[70,-140],[95,-166],[25,-64],[15,-67],[-1,-69],[-64,-78],[-45,-38],[-45,-27],[-92,-41],[-78,-20],[-77,-10],[-77,3],[-78,23],[-77,44],[-70,51],[25,33],[109,165],[35,32],[110,86],[15,87],[-2,94],[-96,131],[-77,81],[2,100],[-25,21],[-67,23],[-49,-3],[-65,-20],[-69,-51],[-31,-50],[-34,-101],[24,-152],[54,-187],[-57,-199],[-41,10],[-78,-6],[-49,-17],[-38,-54],[-8,-144],[-31,-105],[116,-23],[26,-30],[62,-54],[98,-64],[56,-27],[70,-10],[85,0],[156,54],[153,50],[85,14],[50,-38],[20,-26],[30,-107],[5,-89],[-14,-72],[-36,-85],[-40,-59],[-83,-96],[-56,-58],[-114,-100],[-27,-42],[-43,-52],[-94,-78],[-49,-22],[-86,-20],[-69,10],[-65,35],[-48,64],[-17,39],[-13,68],[6,97],[20,86],[59,112],[53,84],[1,26],[-15,54],[-38,64],[-34,26],[-64,37],[-33,4],[-96,-6],[23,-173],[-7,-124],[-12,-30],[-104,-136],[-21,-38],[-39,-129]],[[20913,10328],[-21,-7],[-35,15],[-35,30],[-22,-3],[-33,-38],[10,-47],[-13,-14],[-4,-59],[-78,-39],[-23,2],[-57,23],[-89,-46],[-34,-35],[-22,21],[-25,-9],[-53,37],[-2,24],[-31,9],[-25,-36],[-24,13],[-44,-21],[-13,-122],[-58,46],[-52,66],[-33,13],[-158,-9]],[[19939,10142],[-60,41],[-104,13],[-86,-5],[-43,15],[-64,59],[-21,45],[-92,80],[-170,50],[-58,26],[-79,58],[-48,92],[-25,65],[-15,95],[-15,40],[-39,74],[-81,98],[-35,36],[-49,21],[-88,90],[-30,76],[-5,58],[7,43],[-15,50],[-45,87],[-23,30],[-73,16],[-13,11],[-38,142],[-39,70],[-1,108],[-96,3],[-36,14],[-105,-6],[-71,45],[-86,10],[-110,-44],[-114,38],[-24,15],[-42,4],[-108,52],[-37,3],[-122,-9],[-87,-42],[-100,28],[-66,34],[-33,46],[-23,12],[-31,45],[-55,43],[-43,47],[-42,-9],[-90,45],[3,73],[-53,44],[-61,16],[-65,-11],[-19,5],[-117,7],[-27,22],[2,57],[-26,10],[-113,13],[-21,9],[-64,6],[-55,17],[-101,-21],[-147,8],[-17,41],[-69,1]],[[20026,9616],[83,172],[-35,2],[-69,-25],[-55,24],[3,89],[-24,59],[-4,84],[14,121]],[[22053,32764],[-168,5],[-492,12],[-145,5]],[[36029,24206],[-48,-23],[-175,-36],[-79,28],[-22,17],[-26,44],[-58,28],[-26,-2],[-80,-38]],[[35515,24224],[1,363],[117,13],[48,1]],[[35182,24098],[204,78],[129,48]],[[12939,170],[-249,-6],[-636,5],[-415,1],[-267,-1],[-651,4],[-45,1]],[[10676,174],[2,23],[24,55],[20,816],[79,-2],[7,128],[3,131],[176,-5],[14,120],[-5,57],[-95,6],[-73,122],[-11,7],[1,79],[18,26],[3,91],[103,-14],[30,4],[43,42],[71,40],[63,41],[39,32],[59,63],[47,37],[29,11],[46,-28],[30,-2],[45,28],[36,-10],[82,4],[134,22],[86,39],[48,38],[23,-66],[43,-25],[247,-8],[39,-24],[59,37],[5,-15],[81,-6],[23,-7],[35,9],[212,-4],[64,-10],[23,6],[150,-7],[34,1],[31,39],[36,21],[4,21],[112,-3]],[[12616,3539],[-51,-56],[-71,-12],[6,-24],[-31,-37],[-15,-64],[12,-53],[-15,-49],[26,-13],[4,-27]],[[10676,174],[-217,0]],[[12761,3542],[8,-98],[55,-9],[7,-74],[-19,-47],[-1,-34],[86,-6],[-1,-50],[15,-1]],[[36299,34173],[71,0],[22,29],[4,140]],[[36396,34342],[115,-76],[41,-14],[93,-2]],[[36645,34250],[-5,-40],[-3,-126]],[[36323,34086],[-28,0],[4,87]],[[36719,34083],[71,-1],[16,-31],[50,-44],[401,-458]],[[37711,34446],[-484,-11],[-5,-6],[-409,2],[-28,22],[-43,63]],[[19820,28606],[-10,-169],[-8,-353],[-2,-181],[-7,-359]],[[19793,27544],[-13,-18],[9,-45],[-40,-24],[-22,15],[-23,-13],[-22,-54],[19,-41],[-43,-21],[-75,-75],[-31,9],[-37,-28],[5,-38],[31,-22],[3,-27],[50,-14],[14,-17],[-18,-59],[-39,-4],[-2,44],[-25,-6],[-13,-30],[12,-32],[-9,-46],[-16,-29],[-61,-18],[3,-31],[-74,-6],[0,-31],[-20,-16],[17,-64],[45,-5],[20,-41],[-21,-15],[6,-39],[-24,-55],[6,-33],[-11,-29],[4,-37],[-11,-39]],[[19387,26510],[-70,-39],[-93,0],[-71,-48],[-37,-6],[-5,-27],[-104,-19],[-46,8],[-47,-4],[-16,-26],[-158,7],[-129,11],[-139,2],[-112,-6],[-317,9],[2,40],[46,37],[-23,11],[-142,3],[-118,9],[-20,10]],[[17788,26482],[10,17],[3,126]],[[17801,26625],[2,85],[-6,40],[22,56],[28,29],[16,40],[55,27],[15,18],[4,100],[43,94],[33,101],[10,113],[-61,199],[11,99],[17,22],[6,258],[-4,50],[7,109],[-14,47],[-52,102],[-68,104],[-7,33],[26,64],[-11,14],[-56,14],[-22,57],[-35,62],[3,73],[-37,80],[11,74],[-10,93],[-34,56],[3,122],[-11,50],[19,126],[1,117],[4,54],[12,6],[129,-6],[14,6],[158,112],[21,30],[29,12],[143,89],[41,48]],[[17801,26625],[-11,1],[-87,-39],[-91,-16],[-91,-29],[-67,-4],[-28,23],[-20,-17],[-28,21],[-44,18],[-52,3],[-27,21],[-20,58],[-63,-20],[-44,42],[3,32],[-30,-3],[-35,31],[-24,49],[-2,35],[-17,29],[-2,73],[-38,47],[-80,11],[-6,44],[-34,68],[-23,22],[-103,-5],[-35,13],[-49,35],[6,32],[-16,17],[8,32],[32,16],[-2,37],[-39,30],[-60,20],[5,29],[-49,57],[-23,-33],[-33,19],[-44,-10],[-29,45],[-44,10]],[[17788,26482],[-67,-18],[-22,-21],[-23,-73],[-44,-29],[-5,-121],[20,-31],[49,-30],[-1,-49],[-76,-66],[-14,-23],[-1,-36]],[[17604,25985],[-158,-4],[-72,12],[-5,-14],[-103,12],[-65,47],[-16,25],[-59,25],[-169,5],[-30,-7],[-83,16],[-10,10],[-23,79],[-34,52],[-52,30],[-58,64],[-64,112],[-6,57],[-29,55],[2,192],[-211,196]],[[17604,25985],[-2,-68],[-23,-44],[-32,-35],[-15,-35],[-1,-82],[-17,-34],[-28,-15]],[[17486,25672],[-14,49],[-47,58],[-41,40],[-71,34],[-58,-1],[-28,-10],[-87,-56],[-59,-69],[-149,-86],[-141,-72],[-63,-5],[-54,28],[-41,44],[-46,121],[-12,52],[-7,98],[-21,116],[-15,43],[-40,80],[-7,32],[-20,26],[-62,34],[-40,6],[-9,17]],[[17486,25672],[45,-133],[17,-91],[11,-205],[29,-123],[46,-52],[72,-47]],[[19387,26510],[14,-21],[-19,-47],[49,-2],[-2,-39],[43,-28],[27,-7],[47,-31],[24,-38],[37,-27],[15,-23],[-3,-27],[29,-20]],[[19648,26200],[-14,-19],[-31,13],[-16,-10],[-1,-39],[44,-17],[-20,-46],[5,-62],[-4,-87],[-18,-30],[-30,-11],[32,-54],[-11,-32],[-53,-38],[-21,-42]],[[19510,25726],[-20,-42],[-11,-51],[-32,-99],[-23,1]],[[19424,25535],[-90,1],[-60,87],[-26,51],[-42,-34],[-57,-67],[-6,-53]],[[4441,38530],[-206,7]],[[4235,38537],[2,87],[12,92],[-4,84]],[[4235,38537],[0,-172]],[[19903,24902],[-2,-77],[164,-5]],[[20137,24454],[2,-142],[-11,-85],[-50,-101],[-77,-7],[-43,-21],[-120,46],[-76,51],[-33,30],[-13,30],[-3,60],[15,32],[-18,49],[-32,28],[-10,27],[-39,17],[-18,58],[-19,36]],[[19510,25726],[48,-55],[61,-32],[98,-20],[80,-11],[222,-18]],[[19925,25470],[-8,-86],[-95,-30],[-151,5]],[[19671,25359],[2,69],[-22,41],[0,33],[-114,-11],[-50,3],[-63,41]],[[19671,25359],[-4,-131]],[[19667,25228],[-40,-32],[-48,-85],[-21,-12],[-196,-2],[-46,-19]],[[19316,25078],[-46,6]],[[19989,25000],[81,-3]],[[36645,34250],[0,57],[27,95],[5,69],[16,14]],[[36303,34349],[93,-7]],[[36299,34173],[-102,2]],[[36197,34175],[6,171],[-55,-2]],[[308,39771],[-23,180],[-66,543],[-62,531],[-43,328],[-68,565],[-46,374],[543,0],[369,-3],[204,-4],[160,1]],[[9345,8203],[-159,-152],[-60,-51]],[[9126,8000],[-101,-64],[-691,-333],[-93,-35],[-65,-15],[-448,-88],[-56,-32],[-76,-92],[-40,-26],[-91,-34]],[[710,38455],[-58,1],[-23,-10],[-83,3],[-66,-6]],[[480,38443],[-48,357]],[[9536,7770],[-6,-95],[-28,-1],[-30,-41],[-24,-13],[5,-29],[-35,-26],[-118,17],[-20,18],[-53,16],[166,248],[-256,6],[-15,15],[4,115]],[[21849,21027],[-56,9],[-15,-94]],[[21778,20942],[-78,13]],[[21778,20942],[-8,-90],[-13,-41]],[[541,37989],[-61,454]],[[8458,23702],[-78,-66],[-32,-13],[-39,1],[-80,-34],[-40,-36],[-85,-35],[-52,-67],[-30,-26],[-73,-14],[-69,-50],[-34,-14],[-72,-7],[-44,-39],[-30,-17],[-82,-3],[-67,-30],[-26,-28],[-41,-12],[-22,-19],[-72,-16],[-43,-16],[-51,-2],[-246,-65],[-60,1],[-20,-23],[-30,-7],[-88,-38],[-47,-14],[-37,-27],[-16,-24],[-148,-41],[-37,-48],[-105,-34],[-30,-18],[-64,-2],[-112,-29],[-46,-24],[-50,-46],[-43,-22],[-49,15],[-56,-10],[-179,-45],[-38,-17],[-73,-17],[-40,-16],[-235,4],[-27,-11]],[[5420,22601],[-50,23],[-54,-16],[-9,28],[5,30],[-15,36],[-62,8],[-16,16],[-40,-5],[-27,31],[2,27],[-27,12],[-15,41],[2,59],[33,-6],[129,-3],[70,11],[3,116],[40,8],[2,122],[-82,-25],[2,116],[-79,2],[-12,46],[-85,2],[11,26],[-40,19],[-120,3],[-3,-43],[-267,9],[-1,-25],[-23,-91],[-68,3],[-23,-20],[27,-88],[-1,-76],[12,-32],[-3,-62],[-46,0],[-39,-42],[-168,5],[-11,3],[-2,-140],[43,-3],[57,14],[36,26],[62,4],[43,11],[0,-57],[52,3],[89,-3],[7,5],[258,-189],[33,-38],[58,-92]],[[5108,22410],[30,-44],[-110,-43],[-45,-32],[-117,-39],[-42,-26],[-94,-7],[-11,-45],[-30,-20],[-38,2],[-46,-19],[-17,18],[-88,8],[-98,4],[-45,-7],[-122,16],[-22,15],[-81,17],[-61,-26],[-48,30],[-14,-3],[-73,-55],[-142,-83],[-22,-86],[-17,-23],[-50,-26],[-8,-49],[-31,-38],[-19,-61],[-2,-49],[-12,-16],[-53,1],[-29,20],[-71,-2],[-61,-22],[-61,27],[-20,28],[-41,-9],[-65,25],[-70,-22],[-23,-61],[-86,-16],[-35,-35],[-49,-26],[-13,-18],[-7,-107],[-26,-23],[-55,-8],[-17,-57],[-17,-8],[-61,4],[-48,-6],[-29,-38],[-169,7],[-33,-25],[-69,-36],[-74,0],[-51,-17],[-102,-11],[-74,-2],[-80,7],[-35,-26],[-53,23],[-23,24],[-118,24],[-83,-10],[-77,8],[-71,-1],[-57,-17]],[[1527,21318],[10,370],[23,925],[14,555],[6,182]],[[5420,22601],[-142,-57],[-51,-26],[-39,0],[-76,-39],[-11,-22],[7,-47]],[[6380,20107],[2,170],[-164,13],[-487,22],[-169,6],[-156,2],[-1,112],[-264,6],[-571,10],[-74,0],[-595,14]],[[1516,20868],[11,450]],[[26535,27139],[-1,173],[120,-7],[-4,40],[-88,122],[-16,53],[-31,66],[-79,54],[-16,39],[5,77],[-32,113],[-16,44],[-101,146],[-17,39]],[[20451,24727],[25,-2],[42,-42],[55,59],[23,55],[36,-54],[24,89],[23,26],[1,55],[38,-27]],[[20718,24886],[159,-114],[1,-48],[26,-20],[168,-3],[69,-5],[18,-12],[56,-78],[13,-48],[28,-39],[2,-29]],[[21258,24490],[-4,-18],[-45,-47],[-15,-62],[-22,-59],[-20,-31],[-85,-61],[-74,-72],[-30,-63],[6,-40],[18,-40],[73,-91],[8,-42],[29,-48],[15,-44],[-10,-27],[-3,-58],[-20,-35],[-85,8],[-77,0],[-84,-14],[-105,20],[-36,17],[-5,-276],[0,-95]],[[20449,23318],[-38,45],[-31,52],[-13,79],[4,146],[11,80],[29,112],[9,63],[13,141],[41,148],[8,60],[2,130]],[[21258,24490],[23,20],[24,50],[51,35],[19,41],[13,89],[0,135],[65,38],[13,-28],[145,-31],[114,-13],[137,-3]],[[21862,24823],[189,-9],[220,12],[5,21],[157,-5],[18,49],[57,11],[8,-61],[60,0],[273,15],[58,-2],[23,-32],[23,-7],[64,13],[136,-6],[20,6]],[[21862,24823],[3,236],[6,244],[20,6],[6,36],[41,0],[14,45]],[[19387,26510],[67,51],[100,33],[52,10],[73,4],[31,8],[70,31],[110,19],[14,-35],[33,-18],[84,-20],[70,1],[90,64],[14,5],[116,0],[42,26],[1,39],[17,17],[123,-3],[19,12],[34,70],[140,78]],[[20687,26902],[-5,-223],[-63,-441],[-32,-134],[-7,-46]],[[20580,26058],[-37,2],[-61,-15],[-10,7],[-68,-10],[-48,6],[-56,-39],[-84,37],[10,28],[-97,-1],[-34,13],[-50,0],[-26,-29],[-16,30],[-36,0],[-69,43],[-80,12],[-42,29],[-48,2],[-76,-11],[-4,38]],[[20367,25256],[358,-12]],[[20725,25244],[-7,-358]],[[20411,24952],[15,74],[22,55],[1,59],[-13,28]],[[19793,27544],[40,20],[46,-5],[14,18],[23,71],[17,32],[41,9],[30,38],[5,43],[91,-57],[40,-46],[7,-37],[-35,-16],[35,-27],[19,11],[22,43],[27,-22],[24,10],[27,-33],[83,-23],[68,14],[127,-15],[68,0],[52,35],[17,-24],[12,-42],[5,-210],[-2,-65]],[[20696,27266],[-9,-364]],[[21215,27345],[-53,-34],[-67,-26],[-107,5],[-80,-25],[-64,-5],[-148,6]],[[19316,25078],[4,-38],[30,-26]],[[21442,25988],[-104,-5],[-111,7],[-31,32],[-29,-17],[-82,4],[-35,-41],[6,-26],[-19,-18],[-3,-33],[-19,-8],[22,-43],[-34,-14],[-86,9],[-25,36],[-96,-10],[-62,8],[-62,41],[-25,29],[-8,60],[-18,43],[-41,16]],[[20580,26058],[-22,-190],[1,-44],[13,-105],[-9,-58],[-15,-22],[-101,-101],[-22,-12],[-106,-15]],[[20319,25511],[-67,-10]],[[21643,25559],[-55,-48],[-61,-19],[-77,-56],[-25,-60],[-39,14],[-67,13],[-168,4],[-6,-47],[16,-52],[24,-122],[-133,-2]],[[21052,25184],[5,203],[-43,25],[-36,5],[-23,34],[-117,13],[-37,10],[-90,12],[-240,10],[-127,7],[-25,8]],[[19750,25270],[328,-9]],[[20074,25130],[-4,-133]],[[19825,25004],[1,44],[39,1],[43,17],[3,112],[-163,3],[2,89]],[[19750,25270],[-31,-7],[-52,-35]],[[21052,25184],[-100,24],[-148,17],[-79,19]],[[14536,18241],[-27,-3]],[[14509,18238],[5,56],[-20,26],[14,57],[-21,46],[-70,46],[7,26]],[[14572,17794],[18,13],[58,0],[16,-44],[125,0],[9,14],[37,-23],[144,-18],[99,23],[60,-7]],[[14558,18008],[48,35],[62,29],[36,-8],[62,26],[52,14],[68,8],[30,10]],[[13843,17763],[51,39],[51,29],[98,27],[119,93]],[[14162,17951],[44,-5],[43,20],[81,-1],[73,22],[38,31],[30,0]],[[13991,18322],[12,-10],[58,-13],[20,-20],[36,-2],[33,-15],[9,-36],[88,33],[14,-8],[0,-43],[79,-2],[-1,-22],[-54,-24],[16,-40],[57,0]],[[14358,18120],[-1,-53],[-56,-18],[-28,-24],[-50,-16],[-22,-31],[-39,-27]],[[14471,18018],[27,144],[-12,3]],[[14486,18165],[-20,19],[23,47],[20,7]],[[14486,18165],[-23,-36],[-46,-10],[-59,1]],[[5332,5341],[0,298]],[[2840,35546],[6,-45],[-12,-49],[14,-105],[-6,-33],[-24,-16],[-26,-68],[-38,-72],[-31,-102],[-36,-94],[9,-37],[-32,-142],[-40,-78],[-34,-127],[-8,-57],[-20,-66],[8,-36]],[[2570,34419],[-33,19],[-36,-4],[-69,77],[-61,41],[-39,-7],[-81,38],[-20,34],[1,24],[-19,45],[-77,1],[-86,-20],[-37,8],[2,41],[-13,38],[-31,143],[-22,30],[-161,-19],[-16,-30],[-3,-65],[-11,-48],[7,-47],[-16,-21],[-282,8],[-71,29],[-13,32],[-55,40],[-33,10],[-36,-19],[-36,12],[12,35],[1,84],[-70,4],[-76,98],[-43,27],[-23,34],[-72,51],[-28,-31]],[[924,35111],[-25,209],[-81,612],[-24,168]],[[4649,33400],[-49,59],[-17,53],[4,50],[-16,36],[-3,33],[28,25],[13,37],[-41,43],[-5,36],[-41,90],[-11,55],[11,91],[47,58],[62,116],[33,79],[13,51],[38,55],[56,63],[14,81],[-13,21],[-146,117],[-41,45],[-25,7],[-107,-19],[-69,9],[-75,32],[-30,33],[-58,37],[-39,54]],[[4182,34847],[-26,67],[-49,69],[-17,44],[-2,135],[-20,44],[-9,99],[5,176],[15,89],[18,50],[74,136],[7,91],[14,51],[-2,64]],[[4182,34847],[-13,14],[-60,0],[-7,-82],[3,-67],[-10,-24],[4,-50],[13,-55],[-17,-77],[-39,-11],[-13,39],[-28,23],[-15,46],[-54,12],[-72,-13],[-47,6],[6,25],[-31,17],[26,26],[-1,27],[-26,10],[-23,28],[-2,30],[22,37],[2,60],[-15,26],[2,39],[28,30],[12,54],[-6,31],[-56,-6],[-31,7],[-50,43],[-121,4],[-16,-40],[-26,-25],[-31,-13],[-23,-45],[2,-25],[32,-70],[-3,-26],[-24,-56],[17,-50],[-36,-37],[-59,-37],[-84,-76],[-34,-46],[-29,-15],[-18,-27],[-60,-31],[-12,-61],[25,-61],[-10,-36],[-45,-57],[-54,2],[-74,-32],[-43,0],[-62,17],[-49,-24],[-19,12],[-3,86],[-40,0],[-72,-19],[-36,-33],[-14,18],[-29,3],[-86,34],[25,31],[7,32],[-10,30]],[[1157,33335],[-3,44],[-18,118],[-23,188],[-33,238],[-25,204],[-59,457],[-72,527]],[[18437,42275],[616,1],[325,4]],[[18328,40320],[45,34],[26,30],[15,49],[24,32],[60,142],[12,130],[77,107],[40,23],[51,50],[29,36],[22,61],[95,48],[-57,12],[-29,18],[-72,73],[-51,35],[-52,26],[-66,15],[-71,-3],[-59,-17],[-52,8],[-33,13],[-37,32],[-98,134],[-17,50],[2,36],[15,57],[30,49],[56,60],[83,34],[53,49],[3,261],[22,21],[40,11],[41,36],[7,53],[-43,72],[-8,39],[6,39]],[[16364,42272],[758,-1],[423,1],[892,3]],[[34212,36959],[-256,12],[-39,5],[-21,24],[-29,-27],[-247,12]],[[23720,14882],[72,-32],[91,-6]],[[23883,14844],[2,-295],[-1,-8]],[[23884,14541],[-77,-7],[-38,9],[-87,0]],[[23682,14543],[2,124],[27,0],[2,127],[7,44]],[[23842,14314],[36,14],[30,-28],[14,-40]],[[23922,14260],[19,-25],[38,8],[47,-30],[36,-54]],[[24062,14159],[66,29],[44,-26],[32,35],[24,-13]],[[23680,15344],[-30,8],[-52,-3],[-30,-25],[-40,8],[-1,-42],[-42,-23],[56,-73],[-47,-44],[-14,-26],[-159,87]],[[24405,14625],[-21,-1]],[[24384,14624],[-1,155],[47,0]],[[23720,14884],[5,350],[14,0]],[[25203,17943],[-1,-314],[15,-19],[-2,-29],[-53,-39],[-5,-42],[130,2],[239,-14],[-6,-385],[-15,-13],[-238,11],[-31,3],[-2,45],[45,15],[-1,69],[-84,4],[1,-88],[-194,0],[-1,-37],[-80,2],[-2,-46],[-80,2],[1,89],[82,-1],[3,84],[80,1],[1,168],[-41,11],[0,44],[-41,1],[2,131],[24,-12],[57,12],[3,218],[-39,-1],[-23,45],[-27,-2],[92,95]],[[36197,34175],[-182,0],[-78,-8],[-4,-13]],[[24384,14624],[-163,-3]],[[24221,14621],[-1,85],[6,11],[0,119]],[[24005,14613],[87,158],[15,11],[-4,40]],[[24221,14621],[-50,6],[-113,-5]],[[24058,14622],[-53,-9]],[[24005,14613],[-34,-1],[-28,-14],[-59,-57]],[[24005,14613],[-115,-211],[95,1],[-41,-70],[-22,-73]],[[23757,14411],[-39,21],[-3,33],[-34,5],[1,73]],[[24058,14622],[0,-139]],[[24058,14483],[0,-86],[4,-238]],[[24221,14621],[1,-138]],[[24222,14483],[-164,0]],[[24384,14624],[2,-221],[-163,-1]],[[24223,14402],[-1,81]],[[24223,14402],[5,-218]],[[33670,39267],[0,54],[67,0],[-3,53],[2,123],[22,15],[1,30],[42,14],[1,50],[54,64],[-1,25],[28,66]],[[3227,18858],[-45,-49],[-27,-11],[-40,-31],[-25,-39],[-2,-100],[143,-58],[29,-20],[79,-31],[57,-1],[58,-18],[58,-33],[28,32]],[[3540,18499],[4,-38],[35,-37],[6,-29],[-42,-35],[14,-41],[-10,-22],[-82,-64],[26,-40],[3,-21],[-64,-21],[-31,-57],[30,-115],[0,-32],[-47,-24],[1,-44],[-16,-27],[-4,-43],[-60,-26],[-15,-66],[4,-28],[55,-21],[33,3],[28,28],[82,-5],[36,-10],[50,-28],[51,-40],[33,-7],[33,-22],[78,-37],[33,-44]],[[3804,17506],[-23,-12],[-19,-32],[-31,-4],[-26,-42],[-17,-8],[-71,-78],[-68,-33],[-41,17],[-25,-19],[-2,-37],[-30,-2],[-48,32],[-61,22],[-61,3],[-22,-16],[-70,27],[-63,35],[-54,9],[-38,17],[-18,-9],[-77,3],[-60,9],[-29,-36],[-35,-13],[-109,-4],[-126,31],[-53,25],[-43,2],[-77,30],[-68,19],[-46,1],[-24,-9],[-41,7],[-41,-11],[-50,7],[-77,-3],[-80,-9],[-71,-16],[2,42],[-276,6],[-196,5]],[[1439,17462],[11,526],[15,718],[25,1128]],[[3540,18499],[13,33],[139,-2],[87,27],[1,37],[-16,20],[26,30],[-8,46],[2,131],[-5,26],[58,33],[44,8],[32,-4],[18,33],[39,32],[57,10],[11,16],[39,1],[28,21],[-3,42],[-78,54],[-48,10],[-30,30],[-115,6]],[[6337,17280],[-77,-3],[-66,31],[-41,-13],[-64,5],[-124,3],[-19,18],[-37,9],[-4,16],[-87,3],[-35,-16],[-52,11],[-58,3],[-136,33],[-185,6],[-14,-10],[-47,9],[-39,-10],[-61,14],[-39,-3],[-53,27],[-40,3],[-49,-11],[-47,5],[-31,20],[-55,19],[-66,-15],[-50,7],[-65,32],[-47,15],[-47,5],[-32,55],[-4,24],[-28,17],[-58,87],[-21,-15],[-71,49],[-13,-6],[-77,21],[-29,-34],[-65,-11],[-38,-16],[-75,12],[-20,-11],[-53,12],[-40,-42],[-50,-10],[-24,-21],[-53,4],[-22,-32],[6,-43],[-31,-27]],[[1414,16396],[3,8],[185,-2],[299,-8],[132,-2],[39,5],[50,-9],[112,0],[13,-44],[58,-89],[19,42],[107,-2],[26,-12],[38,9],[25,-10],[24,-33],[38,17],[29,-9],[76,-7],[51,6],[10,14],[71,2],[107,-6],[44,9],[92,-14],[33,1],[25,23],[62,-11],[39,10],[49,-6],[16,-19],[81,-22]],[[1369,14349],[4,176],[2,175],[9,374],[7,452],[13,524],[10,346]],[[1414,16396],[0,29],[17,682],[8,355]]],"transform":{"scale":[0.00010778723496415659,0.00008264537866786476],"translate":[-94.617857,33.004298]},"objects":{"Tract_05_2020":{"type":"GeometryCollection","geometries":[{"arcs":[[0,1,2,3,4,5,6,7,8,9]],"type":"Polygon","properties":{"id":"14000US05111490200"}},{"arcs":[[-8,10,-6,11,12,13,14,15]],"type":"Polygon","properties":{"id":"14000US05111490100"}},{"arcs":[[16,17,18,19,20]],"type":"Polygon","properties":{"id":"14000US05111490600"}},{"arcs":[[21,-3,22]],"type":"Polygon","properties":{"id":"14000US05111490300"}},{"arcs":[[23,-23,-2]],"type":"Polygon","properties":{"id":"14000US05111490400"}},{"arcs":[[-7,-11]],"type":"Polygon","properties":{"id":"14000US05111490700"}},{"arcs":[[24,25,26,27,28,29,30]],"type":"Polygon","properties":{"id":"14000US05007021408"}},{"arcs":[[31,32,33,34,35]],"type":"Polygon","properties":{"id":"14000US05007020803"}},{"arcs":[[36,37,38,39,40,41]],"type":"Polygon","properties":{"id":"14000US05007020504"}},{"arcs":[[42,43,44,45,46,47]],"type":"Polygon","properties":{"id":"14000US05125010406"}},{"arcs":[[48,49,50,-48,51,52,53]],"type":"Polygon","properties":{"id":"14000US05125010407"}},{"arcs":[[54,55,56,57,58,59,60,61,62,63]],"type":"Polygon","properties":{"id":"14000US05125010511"}},{"arcs":[[64,65,66,67,68]],"type":"Polygon","properties":{"id":"14000US05125010303"}},{"arcs":[[-63,69,70,71,-66,72]],"type":"Polygon","properties":{"id":"14000US05125010302"}},{"arcs":[[-64,-73,-65,73]],"type":"Polygon","properties":{"id":"14000US05125010512"}},{"arcs":[[74,75,76,-69,77,78,79,80,81]],"type":"Polygon","properties":{"id":"14000US05125010508"}},{"arcs":[[82,83,84,85,86,87,-57]],"type":"Polygon","properties":{"id":"14000US05125010509"}},{"arcs":[[88,89,90,91,92,93]],"type":"Polygon","properties":{"id":"14000US05149952500"}},{"arcs":[[94,-92,95,96,97,98]],"type":"Polygon","properties":{"id":"14000US05149952600"}},{"arcs":[[99,100,101,102,103,104,105,106]],"type":"Polygon","properties":{"id":"14000US05069000502"}},{"arcs":[[107,108,109,110,111,112]],"type":"Polygon","properties":{"id":"14000US05069001901"}},{"arcs":[[113,114,115,116,117]],"type":"Polygon","properties":{"id":"14000US05069002104"}},{"arcs":[[118,119,120,121,122,123,124]],"type":"Polygon","properties":{"id":"14000US05069000301"}},{"arcs":[[125,126,127,128,129,130]],"type":"Polygon","properties":{"id":"14000US05145070100"}},{"arcs":[[131,132,133,134,135]],"type":"Polygon","properties":{"id":"14000US05145070700"}},{"arcs":[[136,137,138,139,140,141,142]],"type":"Polygon","properties":{"id":"14000US05145070300"}},{"arcs":[[143,144,-129,145,146]],"type":"Polygon","properties":{"id":"14000US05145070600"}},{"arcs":[[147,148,149,150,-131,151,152,153,-139]],"type":"Polygon","properties":{"id":"14000US05145070200"}},{"arcs":[[154,155,156,157,158,159,160,161,162]],"type":"Polygon","properties":{"id":"14000US05033020204"}},{"arcs":[[163,164,165,166,167,168]],"type":"Polygon","properties":{"id":"14000US05141460200"}},{"arcs":[[169,170,171,172,173,174,-166]],"type":"Polygon","properties":{"id":"14000US05141460400"}},{"arcs":[[175,176,177,178,179,-164,180]],"type":"Polygon","properties":{"id":"14000US05141460100"}},{"arcs":[[-85,181,182,183,184]],"type":"Polygon","properties":{"id":"14000US05119004220"}},{"arcs":[[185,186,187,188,189]],"type":"Polygon","properties":{"id":"14000US05119003002"}},{"arcs":[[-39,190,191,192,193]],"type":"Polygon","properties":{"id":"14000US05007020304"}},{"arcs":[[194,-40,-194,195,196,197]],"type":"Polygon","properties":{"id":"14000US05007020305"}},{"arcs":[[-160,198,199]],"type":"Polygon","properties":{"id":"14000US05033020301"}},{"arcs":[[200,201,202,203]],"type":"Polygon","properties":{"id":"14000US05119003305"}},{"arcs":[[204,205,206,207,208]],"type":"Polygon","properties":{"id":"14000US05103950600"}},{"arcs":[[209,210,211,212,-209,213,214]],"type":"Polygon","properties":{"id":"14000US05103950200"}},{"arcs":[[215,216,-205,-213]],"type":"Polygon","properties":{"id":"14000US05103950400"}},{"arcs":[[217,218,219,220,-207]],"type":"Polygon","properties":{"id":"14000US05103950500"}},{"arcs":[[221,222,-200,223,224,225]],"type":"Polygon","properties":{"id":"14000US05033020302"}},{"arcs":[[-224,-199,-159,226,227,228]],"type":"Polygon","properties":{"id":"14000US05033020502"}},{"arcs":[[-228,229,230,231,232,233,234]],"type":"Polygon","properties":{"id":"14000US05033020501"}},{"arcs":[[235,236,237]],"type":"Polygon","properties":{"id":"14000US05093010100"}},{"arcs":[[238,239,240,241]],"type":"Polygon","properties":{"id":"14000US05067480300"}},{"arcs":[[242,-242,243,244,245]],"type":"Polygon","properties":{"id":"14000US05067480200"}},{"arcs":[[246,247,-245,248,249,-127]],"type":"Polygon","properties":{"id":"14000US05067480500"}},{"arcs":[[250,251,252,-239,-243,253]],"type":"Polygon","properties":{"id":"14000US05067480100"}},{"arcs":[[254,255,256]],"type":"Polygon","properties":{"id":"14000US05091020701"}},{"arcs":[[257,258,259,260,261]],"type":"Polygon","properties":{"id":"14000US05125010516"}},{"arcs":[[262,263,264,265,-49,266]],"type":"Polygon","properties":{"id":"14000US05125010106"}},{"arcs":[[-78,267,268,269,270]],"type":"Polygon","properties":{"id":"14000US05125010513"}},{"arcs":[[-271,271,272,-79]],"type":"Polygon","properties":{"id":"14000US05125010514"}},{"arcs":[[273,274,-264,275]],"type":"Polygon","properties":{"id":"14000US05125010105"}},{"arcs":[[276,277,-267,-54,278,-269]],"type":"Polygon","properties":{"id":"14000US05125010602"}},{"arcs":[[-71,279,-61,280,-274,281]],"type":"Polygon","properties":{"id":"14000US05125010104"}},{"arcs":[[-68,282,-277,-268]],"type":"Polygon","properties":{"id":"14000US05125010601"}},{"arcs":[[283,284,285,286,287]],"type":"Polygon","properties":{"id":"14000US05119004500"}},{"arcs":[[-189,288,289,290,291,292]],"type":"Polygon","properties":{"id":"14000US05119003001"}},{"arcs":[[293,294,295,296,297]],"type":"Polygon","properties":{"id":"14000US05119003207"}},{"arcs":[[298,299,300,301,302]],"type":"Polygon","properties":{"id":"14000US05035030805"}},{"arcs":[[-302,303,304]],"type":"Polygon","properties":{"id":"14000US05035030804"}},{"arcs":[[305,306,307]],"type":"Polygon","properties":{"id":"14000US05091020500"}},{"arcs":[[308,309,310,-308,311,312]],"type":"Polygon","properties":{"id":"14000US05091020400"}},{"arcs":[[313,314,315,316,317,318,319]],"type":"Polygon","properties":{"id":"14000US05007021306"}},{"arcs":[[320,321,-309,322]],"type":"Polygon","properties":{"id":"14000US05091020200"}},{"arcs":[[323,324,-306,-311]],"type":"Polygon","properties":{"id":"14000US05091020600"}},{"arcs":[[325,326,327,328]],"type":"Polygon","properties":{"id":"14000US05119003307"}},{"arcs":[[329,330,331,332,333]],"type":"Polygon","properties":{"id":"14000US05119003405"}},{"arcs":[[334,335,-334,336,337,338,339]],"type":"Polygon","properties":{"id":"14000US05119003406"}},{"arcs":[[340,341,342,-332]],"type":"Polygon","properties":{"id":"14000US05119980300"}},{"arcs":[[343,344,345,346,347,348,349,350]],"type":"Polygon","properties":{"id":"14000US05119980400"}},{"arcs":[[-296,351,352,353,354]],"type":"Polygon","properties":{"id":"14000US05119980100"}},{"arcs":[[355,-297,-355,356,357,358,359,360]],"type":"Polygon","properties":{"id":"14000US05119004307"}},{"arcs":[[361,362,-284,363,364]],"type":"Polygon","properties":{"id":"14000US05119004801"}},{"arcs":[[365,366,367]],"type":"Polygon","properties":{"id":"14000US05119003714"}},{"arcs":[[368,369,370,-361,371]],"type":"Polygon","properties":{"id":"14000US05119004309"}},{"arcs":[[372,373,374,375,376,377,378,379]],"type":"Polygon","properties":{"id":"14000US05119004225"}},{"arcs":[[-378,380,381,382,-182,-84,383]],"type":"Polygon","properties":{"id":"14000US05119004226"}},{"arcs":[[384,385,-365,386,387,388]],"type":"Polygon","properties":{"id":"14000US05119980200"}},{"arcs":[[389,390,391]],"type":"Polygon","properties":{"id":"14000US05119004229"}},{"arcs":[[392,393,394,395,-375,396]],"type":"Polygon","properties":{"id":"14000US05119004223"}},{"arcs":[[397,398,399,-381,-377]],"type":"Polygon","properties":{"id":"14000US05119004224"}},{"arcs":[[400,401,402]],"type":"Polygon","properties":{"id":"14000US05119004901"}},{"arcs":[[403,404,405,406,407]],"type":"Polygon","properties":{"id":"14000US05119004311"}},{"arcs":[[408,409,410,411,412]],"type":"Polygon","properties":{"id":"14000US05119002409"}},{"arcs":[[413,-372,-360,414,-406]],"type":"Polygon","properties":{"id":"14000US05119004308"}},{"arcs":[[-379,-384,-83,-56]],"type":"Polygon","properties":{"id":"14000US05119004227"}},{"arcs":[[415,416,417]],"type":"Polygon","properties":{"id":"14000US05043490300"}},{"arcs":[[418,419,-416,420]],"type":"Polygon","properties":{"id":"14000US05043490200"}},{"arcs":[[-420,421,422,-417]],"type":"Polygon","properties":{"id":"14000US05043490400"}},{"arcs":[[423,424,425,426,427,428,-421,-418,-423,429,430,431]],"type":"Polygon","properties":{"id":"14000US05043490500"}},{"arcs":[[432,433,434,435,436,437,438,439,-430,-422,-419,-429]],"type":"Polygon","properties":{"id":"14000US05043490100"}},{"arcs":[[440,441,442,443]],"type":"Polygon","properties":{"id":"14000US05137950204"}},{"arcs":[[-443,444,445,446]],"type":"Polygon","properties":{"id":"14000US05137950203"}},{"arcs":[[447,448,-392,449,-397,-374,450]],"type":"Polygon","properties":{"id":"14000US05119004213"}},{"arcs":[[451,452,453,454,455,456]],"type":"Polygon","properties":{"id":"14000US05007021101"}},{"arcs":[[457,458,459,460,461,-315,462]],"type":"Polygon","properties":{"id":"14000US05007021304"}},{"arcs":[[463,464,465]],"type":"Polygon","properties":{"id":"14000US05063490702"}},{"arcs":[[466,467,468,469,470,471,472]],"type":"Polygon","properties":{"id":"14000US05063490102"}},{"arcs":[[473,474,-466,475,476,477]],"type":"Polygon","properties":{"id":"14000US05063490701"}},{"arcs":[[478,479,-473,480,481,-474,482]],"type":"Polygon","properties":{"id":"14000US05063490101"}},{"arcs":[[483,484,485,486,487,488,489]],"type":"Polygon","properties":{"id":"14000US05033020402"}},{"arcs":[[-227,-158,490,-489,491,492,-230]],"type":"Polygon","properties":{"id":"14000US05033020401"}},{"arcs":[[-98,493,494,495,496]],"type":"Polygon","properties":{"id":"14000US05097953000"}},{"arcs":[[497,498,499,-496,500,501,502,503,504,505]],"type":"Polygon","properties":{"id":"14000US05097953200"}},{"arcs":[[506,-99,-497,-500,507]],"type":"Polygon","properties":{"id":"14000US05097953100"}},{"arcs":[[-262,508,509,510]],"type":"Polygon","properties":{"id":"14000US05051012002"}},{"arcs":[[-97,511,512,-258,-511,513,514,515,-494]],"type":"Polygon","properties":{"id":"14000US05051012001"}},{"arcs":[[516,517,518,519,520]],"type":"Polygon","properties":{"id":"14000US05009790502"}},{"arcs":[[521,-521,522,523]],"type":"Polygon","properties":{"id":"14000US05009790501"}},{"arcs":[[524,525,526,527,528,529]],"type":"Polygon","properties":{"id":"14000US05149952302"}},{"arcs":[[-529,530,531,532,-90,533,534]],"type":"Polygon","properties":{"id":"14000US05149952402"}},{"arcs":[[535,536,-534,-89,537]],"type":"Polygon","properties":{"id":"14000US05149952401"}},{"arcs":[[-528,538,539,540,541,-531]],"type":"Polygon","properties":{"id":"14000US05149952301"}},{"arcs":[[542,543,544,545,546,547]],"type":"Polygon","properties":{"id":"14000US05139950402"}},{"arcs":[[548,549,550,551,552,553,-543,554]],"type":"Polygon","properties":{"id":"14000US05139950401"}},{"arcs":[[555,556,557,558,559,560]],"type":"Polygon","properties":{"id":"14000US05139950502"}},{"arcs":[[561,-560,562,-546]],"type":"Polygon","properties":{"id":"14000US05139950501"}},{"arcs":[[-487,563,564,565,566,567,568,569]],"type":"Polygon","properties":{"id":"14000US05047950301"}},{"arcs":[[570,571,572,573,-566,574]],"type":"Polygon","properties":{"id":"14000US05047950201"}},{"arcs":[[-575,-565,575]],"type":"Polygon","properties":{"id":"14000US05047950202"}},{"arcs":[[576,-569,577,578]],"type":"Polygon","properties":{"id":"14000US05047950302"}},{"arcs":[[579,-519,580,581,582,583,584]],"type":"Polygon","properties":{"id":"14000US05009790300"}},{"arcs":[[585,586,587,-581,-518,588]],"type":"Polygon","properties":{"id":"14000US05009790200"}},{"arcs":[[589,590,-524,591,-585,592,593]],"type":"Polygon","properties":{"id":"14000US05009790400"}},{"arcs":[[594,-589,-517,-522,-591,595]],"type":"Polygon","properties":{"id":"14000US05009790100"}},{"arcs":[[-523,-520,-580,-592]],"type":"Polygon","properties":{"id":"14000US05009790600"}},{"arcs":[[596,597,598,599,600,601,602]],"type":"Polygon","properties":{"id":"14000US05085020107"}},{"arcs":[[603,-597,604,605]],"type":"Polygon","properties":{"id":"14000US05085020108"}},{"arcs":[[606,607,608]],"type":"Polygon","properties":{"id":"14000US05085020105"}},{"arcs":[[609,610,611,612,-609,613,614,615]],"type":"Polygon","properties":{"id":"14000US05085020106"}},{"arcs":[[616,-596,617,618,619,620]],"type":"Polygon","properties":{"id":"14000US05015950400"}},{"arcs":[[621,622]],"type":"Polygon","properties":{"id":"14000US05015950100"}},{"arcs":[[623,-46,624,625,626,-125,627,-118,628,629]],"type":"Polygon","properties":{"id":"14000US05053470100"}},{"arcs":[[630,631,-272,-270,-279,-53,632,633]],"type":"Polygon","properties":{"id":"14000US05053470300"}},{"arcs":[[-52,-47,-624,634,-633],[635,636]],"type":"Polygon","properties":{"id":"14000US05053470200"}},{"arcs":[[637,638,639,-626,640,641]],"type":"Polygon","properties":{"id":"14000US05119004005"}},{"arcs":[[642,643,644,645]],"type":"Polygon","properties":{"id":"14000US05119004106"}},{"arcs":[[-333,-343,646,647,648,-337]],"type":"Polygon","properties":{"id":"14000US05119003604"}},{"arcs":[[649,650,-344,651,652]],"type":"Polygon","properties":{"id":"14000US05119002600"}},{"arcs":[[-400,653,654,655,656,657,-382]],"type":"Polygon","properties":{"id":"14000US05119002405"}},{"arcs":[[658,-330,-336,659]],"type":"Polygon","properties":{"id":"14000US05119003403"}},{"arcs":[[660,-184,661,662,663,664]],"type":"Polygon","properties":{"id":"14000US05119004104"}},{"arcs":[[-659,665,-615,666,667,668,669,-341,-331]],"type":"Polygon","properties":{"id":"14000US05119003404"}},{"arcs":[[670,671,672,673,-348,674,675]],"type":"Polygon","properties":{"id":"14000US05119004001"}},{"arcs":[[-645,676,-676,677,678,679,680]],"type":"Polygon","properties":{"id":"14000US05119004006"}},{"arcs":[[-646,-681,681,-663,682]],"type":"Polygon","properties":{"id":"14000US05119004105"}},{"arcs":[[683,684,-448,685,686]],"type":"Polygon","properties":{"id":"14000US05119004201"}},{"arcs":[[687,688,689,690,-639,691,-346,692]],"type":"Polygon","properties":{"id":"14000US05119003900"}},{"arcs":[[-649,693,694,695,696,-338]],"type":"Polygon","properties":{"id":"14000US05119003605"}},{"arcs":[[-686,-451,-373,697,698]],"type":"Polygon","properties":{"id":"14000US05119004202"}},{"arcs":[[699,700,701,702,703,704,705,706]],"type":"Polygon","properties":{"id":"14000US05019953602"}},{"arcs":[[-705,707]],"type":"Polygon","properties":{"id":"14000US05019953601"}},{"arcs":[[708,709,710,711,712,713]],"type":"Polygon","properties":{"id":"14000US05093010602"}},{"arcs":[[714,-712,715,-236,716,717]],"type":"Polygon","properties":{"id":"14000US05093010601"}},{"arcs":[[718,719,720,721],[722]],"type":"Polygon","properties":{"id":"14000US05093010801"}},{"arcs":[[-723]],"type":"Polygon","properties":{"id":"14000US05093010802"}},{"arcs":[[723,724,-260]],"type":"Polygon","properties":{"id":"14000US05125010515"}},{"arcs":[[725,726,-76,727,-724,-259,-513,728]],"type":"Polygon","properties":{"id":"14000US05125010517"}},{"arcs":[[-86,-185,729,730]],"type":"Polygon","properties":{"id":"14000US05125010520"}},{"arcs":[[731,732,-665,733,-50,-266]],"type":"Polygon","properties":{"id":"14000US05125010410"}},{"arcs":[[734,-730,-661,-733,735]],"type":"Polygon","properties":{"id":"14000US05125010411"}},{"arcs":[[-281,-60,736,-736,-732,-265,-275]],"type":"Polygon","properties":{"id":"14000US05125010107"}},{"arcs":[[-88,737,-58]],"type":"Polygon","properties":{"id":"14000US05125010518"}},{"arcs":[[738,739,740,741,742]],"type":"Polygon","properties":{"id":"14000US05123960201"}},{"arcs":[[743,744,745,746,-740,747,748,749,750,751,-742]],"type":"Polygon","properties":{"id":"14000US05123960202"}},{"arcs":[[752,753,754,755,756]],"type":"Polygon","properties":{"id":"14000US05143010113"}},{"arcs":[[757,758,759,760,761]],"type":"Polygon","properties":{"id":"14000US05143011005"}},{"arcs":[[762,763,764,765,-758,766,767]],"type":"Polygon","properties":{"id":"14000US05143010514"}},{"arcs":[[768,769,770,771,772,773,774]],"type":"Polygon","properties":{"id":"14000US05143010511"}},{"arcs":[[775,776,777,778,779]],"type":"Polygon","properties":{"id":"14000US05143010109"}},{"arcs":[[780,781,782,-756,783,784,785]],"type":"Polygon","properties":{"id":"14000US05143011107"}},{"arcs":[[786,-768,787,788]],"type":"Polygon","properties":{"id":"14000US05143010513"}},{"arcs":[[789,790,791,792,793,794]],"type":"Polygon","properties":{"id":"14000US05143011302"}},{"arcs":[[795,796,797,-759,-766]],"type":"Polygon","properties":{"id":"14000US05143010515"}},{"arcs":[[798,799,800,-770]],"type":"Polygon","properties":{"id":"14000US05143010405"}},{"arcs":[[-798,801,802,803,804,-760]],"type":"Polygon","properties":{"id":"14000US05143011006"}},{"arcs":[[805,806,807,808,-790,809]],"type":"Polygon","properties":{"id":"14000US05143010704"}},{"arcs":[[-779,810,811,812,-754]],"type":"Polygon","properties":{"id":"14000US05143010112"}},{"arcs":[[813,814,815]],"type":"Polygon","properties":{"id":"14000US05143010518"}},{"arcs":[[816,-774,817,818,819]],"type":"Polygon","properties":{"id":"14000US05143010517"}},{"arcs":[[820,-818,821,-807,822]],"type":"Polygon","properties":{"id":"14000US05143010602"}},{"arcs":[[-755,-813,823,-784]],"type":"Polygon","properties":{"id":"14000US05143011106"}},{"arcs":[[-772,824,825,826,827,828]],"type":"Polygon","properties":{"id":"14000US05143010705"}},{"arcs":[[829,830,-781,831,-804,832]],"type":"Polygon","properties":{"id":"14000US05143011105"}},{"arcs":[[833,-794,834,-782,-831]],"type":"Polygon","properties":{"id":"14000US05143011104"}},{"arcs":[[-773,-829,835,-808,-822]],"type":"Polygon","properties":{"id":"14000US05143010703"}},{"arcs":[[-826,836,837,838]],"type":"Polygon","properties":{"id":"14000US05143010115"}},{"arcs":[[839,840,-757,-783,-835,-793]],"type":"Polygon","properties":{"id":"14000US05143010110"}},{"arcs":[[841,842,-837,-825,-771]],"type":"Polygon","properties":{"id":"14000US05143010114"}},{"arcs":[[-815,843,844,845,-769,846]],"type":"Polygon","properties":{"id":"14000US05143010512"}},{"arcs":[[847,848,849,850,851,852,853]],"type":"Polygon","properties":{"id":"14000US05143010307"}},{"arcs":[[-823,-806,854,-833,855]],"type":"Polygon","properties":{"id":"14000US05143010601"}},{"arcs":[[856,857,858,859,-799,-846]],"type":"Polygon","properties":{"id":"14000US05143010404"}},{"arcs":[[-860,860,-854,861,-800]],"type":"Polygon","properties":{"id":"14000US05143010304"}},{"arcs":[[-30,862,863,864]],"type":"Polygon","properties":{"id":"14000US05143010201"}},{"arcs":[[-863,-29,865,-849,866]],"type":"Polygon","properties":{"id":"14000US05143010202"}},{"arcs":[[-810,-795,-834,-830,-855]],"type":"Polygon","properties":{"id":"14000US05143011301"}},{"arcs":[[867,-856,-803,868]],"type":"Polygon","properties":{"id":"14000US05143010521"}},{"arcs":[[869,870,-844,-814,871]],"type":"Polygon","properties":{"id":"14000US05143010519"}},{"arcs":[[-862,-853,872,873,-842,-801]],"type":"Polygon","properties":{"id":"14000US05143010303"}},{"arcs":[[-838,-843,-874,874,-780,-753,875]],"type":"Polygon","properties":{"id":"14000US05143010108"}},{"arcs":[[876,877,-851]],"type":"Polygon","properties":{"id":"14000US05143010306"}},{"arcs":[[-852,-878,-776,-875,-873]],"type":"Polygon","properties":{"id":"14000US05143010305"}},{"arcs":[[-819,-821,-868,878]],"type":"Polygon","properties":{"id":"14000US05143010516"}},{"arcs":[[879,-869,-802,-797]],"type":"Polygon","properties":{"id":"14000US05143010520"}},{"arcs":[[880,-840,-792,881]],"type":"Polygon","properties":{"id":"14000US05143010111"}},{"arcs":[[-836,-828,882,-882,-791,-809]],"type":"Polygon","properties":{"id":"14000US05143010706"}},{"arcs":[[883,884,885,886,887,888,889,890,891]],"type":"Polygon","properties":{"id":"14000US05121960100"}},{"arcs":[[892,893,894,895,896,897]],"type":"Polygon","properties":{"id":"14000US05131001101"}},{"arcs":[[898,899,900,901,902,903]],"type":"Polygon","properties":{"id":"14000US05131001201"}},{"arcs":[[904,-903,905,906,907]],"type":"Polygon","properties":{"id":"14000US05131001202"}},{"arcs":[[908,909,910,-171,911]],"type":"Polygon","properties":{"id":"14000US05141460303"}},{"arcs":[[-180,912,-912,-170,-165]],"type":"Polygon","properties":{"id":"14000US05141460304"}},{"arcs":[[913,-233,914,915]],"type":"Polygon","properties":{"id":"14000US05131001301"}},{"arcs":[[916,917,918,919]],"type":"Polygon","properties":{"id":"14000US05005950802"}},{"arcs":[[920,-920,921,922,923,924]],"type":"Polygon","properties":{"id":"14000US05005950801"}},{"arcs":[[925,926,927,-42,928,929,930,931]],"type":"Polygon","properties":{"id":"14000US05007020604"}},{"arcs":[[932,-35,933,934,935,936,937,938]],"type":"Polygon","properties":{"id":"14000US05007020806"}},{"arcs":[[-41,-195,939,940,-929]],"type":"Polygon","properties":{"id":"14000US05007020503"}},{"arcs":[[941,942,943,944,945,-748,-739,946]],"type":"Polygon","properties":{"id":"14000US05037950400"}},{"arcs":[[947,-20,948,-947,949,950]],"type":"Polygon","properties":{"id":"14000US05037950300"}},{"arcs":[[951,-16,952,953,954,955,-749,-946]],"type":"Polygon","properties":{"id":"14000US05037950100"}},{"arcs":[[956,957,-943]],"type":"Polygon","properties":{"id":"14000US05037950500"}},{"arcs":[[958,-944,-958]],"type":"Polygon","properties":{"id":"14000US05037950600"}},{"arcs":[[959,-9,-952,-945,-959,-957,-942,-949]],"type":"Polygon","properties":{"id":"14000US05037950200"}},{"arcs":[[960,961,962,963,964,-631,965,966,-702]],"type":"Polygon","properties":{"id":"14000US05059020500"}},{"arcs":[[967,968,-963]],"type":"Polygon","properties":{"id":"14000US05059020300"}},{"arcs":[[969,970,971,972,-961,-701,973]],"type":"Polygon","properties":{"id":"14000US05059020600"}},{"arcs":[[974,975,-964,-969]],"type":"Polygon","properties":{"id":"14000US05059020400"}},{"arcs":[[-973,976,977,-975,-968,-962]],"type":"Polygon","properties":{"id":"14000US05059020200"}},{"arcs":[[978,979,980,981,982,-571,-576,-564,-486]],"type":"Polygon","properties":{"id":"14000US05047950100"}},{"arcs":[[983,-886,984,985,-892,986,987]],"type":"Polygon","properties":{"id":"14000US05121960202"}},{"arcs":[[988,-988,989,990]],"type":"Polygon","properties":{"id":"14000US05121960201"}},{"arcs":[[-738,-87,-731,-735,-737,-59]],"type":"Polygon","properties":{"id":"14000US05125010519"}},{"arcs":[[-721,991,992,993,994,995,996,-13,997]],"type":"Polygon","properties":{"id":"14000US05093010900"}},{"arcs":[[-997,998,999,1000,1001,-14]],"type":"Polygon","properties":{"id":"14000US05093011300"}},{"arcs":[[-717,-238,1002,1003]],"type":"Polygon","properties":{"id":"14000US05093010300"}},{"arcs":[[1004,-714,1005,-718,-1004,1006,-710,1007,-992,-720]],"type":"Polygon","properties":{"id":"14000US05093010700"}},{"arcs":[[1008,1009,1010,-999,-996]],"type":"Polygon","properties":{"id":"14000US05093011200"}},{"arcs":[[-237,-716,-711,-1007,-1003]],"type":"Polygon","properties":{"id":"14000US05093010200"}},{"arcs":[[-994,1011,-1010,1012]],"type":"Polygon","properties":{"id":"14000US05093011000"}},{"arcs":[[-995,-1013,-1009]],"type":"Polygon","properties":{"id":"14000US05093011100"}},{"arcs":[[1013,1014,1015,1016,1017,1018]],"type":"Polygon","properties":{"id":"14000US05131010301"}},{"arcs":[[-915,-232,1019,1020,1021]],"type":"Polygon","properties":{"id":"14000US05131001305"}},{"arcs":[[1022,-229,-235,1023,1024,1025,1026,1027]],"type":"Polygon","properties":{"id":"14000US05131000100"}},{"arcs":[[1028,-1028,1029,1030,1031,-899,1032]],"type":"Polygon","properties":{"id":"14000US05131000300"}},{"arcs":[[1033,1034,-1024,-234,-914,1035,-895]],"type":"Polygon","properties":{"id":"14000US05131000600"}},{"arcs":[[1036,1037,1038,-579,1039,1040,1041,1042,1043]],"type":"Polygon","properties":{"id":"14000US05131010102"}},{"arcs":[[1044,-492,-488,-570,-577,-1039,1045]],"type":"Polygon","properties":{"id":"14000US05131010101"}},{"arcs":[[-225,-1023,-1029,1046]],"type":"Polygon","properties":{"id":"14000US05131000200"}},{"arcs":[[-902,-896,-1036,-916,-1022,1047,1048,-906]],"type":"Polygon","properties":{"id":"14000US05131001102"}},{"arcs":[[1049,1050,1051,1052,1053,1054,1055,1056]],"type":"Polygon","properties":{"id":"14000US05001480800"}},{"arcs":[[1057,1058,-1051,1059]],"type":"Polygon","properties":{"id":"14000US05001480600"}},{"arcs":[[1060,1061,1062]],"type":"Polygon","properties":{"id":"14000US05001480500"}},{"arcs":[[1063,1064,1065,-1063,1066,1067,1068,-1060,-1050,1069]],"type":"Polygon","properties":{"id":"14000US05001480200"}},{"arcs":[[1070,-1052,-1059]],"type":"Polygon","properties":{"id":"14000US05001480700"}},{"arcs":[[1071,1072,1073,1074,1075,-1053,-1071,-1058,-1069]],"type":"Polygon","properties":{"id":"14000US05001480100"}},{"arcs":[[1076,1077,1078,1079,1080,-530,-535,-537,1081,1082]],"type":"Polygon","properties":{"id":"14000US05083950100"}},{"arcs":[[1083]],"type":"Polygon","properties":{"id":"14000US05083950300"}},{"arcs":[[-1041,1084,1085,1086,-538,-94,1087]],"type":"Polygon","properties":{"id":"14000US05083950600"}},{"arcs":[[-574,1088,-1083,1089,-567],[-1084]],"type":"Polygon","properties":{"id":"14000US05083950200"}},{"arcs":[[1090,-1086]],"type":"Polygon","properties":{"id":"14000US05083950500"}},{"arcs":[[-578,-568,-1090,-1082,-536,-1087,-1091,-1085,-1040]],"type":"Polygon","properties":{"id":"14000US05083950400"}},{"arcs":[[-713,-715,-1006]],"type":"Polygon","properties":{"id":"14000US05093011400"}},{"arcs":[[-67,-72,-282,-276,-263,-278,-283]],"type":"Polygon","properties":{"id":"14000US05125010101"}},{"arcs":[[-62,-280,-70]],"type":"Polygon","properties":{"id":"14000US05125010301"}},{"arcs":[[1091,-641,-625,-45]],"type":"Polygon","properties":{"id":"14000US05125010405"}},{"arcs":[[1092,1093,1094,1095,1096,1097,1098,1099]],"type":"Polygon","properties":{"id":"14000US05133080200"}},{"arcs":[[1100,1101,1102,1103,-1097]],"type":"Polygon","properties":{"id":"14000US05133080400"}},{"arcs":[[1104,-1095]],"type":"Polygon","properties":{"id":"14000US05133080300"}},{"arcs":[[1105,1106,-1101,-1096,-1105,-1094]],"type":"Polygon","properties":{"id":"14000US05133080100"}},{"arcs":[[1107,1108,1109,1110,1111]],"type":"Polygon","properties":{"id":"14000US05129970200"}},{"arcs":[[-1111,1112,-177,1113]],"type":"Polygon","properties":{"id":"14000US05129970300"}},{"arcs":[[1114,-583,1115,-1112,-1114,-176,1116,1117]],"type":"Polygon","properties":{"id":"14000US05129970100"}},{"arcs":[[1118,-991,1119,1120,1121,1122]],"type":"Polygon","properties":{"id":"14000US05135470100"}},{"arcs":[[1123,1124,1125,-1121,1126,1127,1128,1129]],"type":"Polygon","properties":{"id":"14000US05135470300"}},{"arcs":[[1130,1131,1132,1133,1134,1135,1136,-192]],"type":"Polygon","properties":{"id":"14000US05007020201"}},{"arcs":[[1137,1138,1139,-37,-928]],"type":"Polygon","properties":{"id":"14000US05007020501"}},{"arcs":[[1140,-1136,1141,1142,1143]],"type":"Polygon","properties":{"id":"14000US05007020402"}},{"arcs":[[1144,1145,1146,1147,1148,1149,1150]],"type":"Polygon","properties":{"id":"14000US05027950200"}},{"arcs":[[1151,1152,1153,1154]],"type":"Polygon","properties":{"id":"14000US05027950500"}},{"arcs":[[1155,-1154,-1147,1156,-555,-548,1157,1158]],"type":"Polygon","properties":{"id":"14000US05027950100"}},{"arcs":[[1159,1160,1161,1162]],"type":"Polygon","properties":{"id":"14000US05085020205"}},{"arcs":[[-339,1163,1164,-368,1165,1166,1167,1168]],"type":"Polygon","properties":{"id":"14000US05119003713"}},{"arcs":[[-193,-1137,-1141,1169,-196]],"type":"Polygon","properties":{"id":"14000US05007020301"}},{"arcs":[[1170,1171,-1073,1172]],"type":"Polygon","properties":{"id":"14000US05095950200"}},{"arcs":[[1173,1174,1175,1176,1177,1178,1179,-1074,-1172]],"type":"Polygon","properties":{"id":"14000US05095950300"}},{"arcs":[[1180,1181,-1174,-1171,1182,1183]],"type":"Polygon","properties":{"id":"14000US05095950100"}},{"arcs":[[-197,-1170,1184]],"type":"Polygon","properties":{"id":"14000US05007020302"}},{"arcs":[[-682,-680,1185,-43,1186]],"type":"Polygon","properties":{"id":"14000US05125010409"}},{"arcs":[[1187,1188,1189,1190,1191,1192]],"type":"Polygon","properties":{"id":"14000US05115951000"}},{"arcs":[[1193,-1190,1194,1195,1196,-541,1197]],"type":"Polygon","properties":{"id":"14000US05115951100"}},{"arcs":[[1198,1199,1200,1201,1202,1203,1204,1205]],"type":"Polygon","properties":{"id":"14000US05115951400"}},{"arcs":[[-1205,1206,1207,1208,1209,-526,1210]],"type":"Polygon","properties":{"id":"14000US05115951501"}},{"arcs":[[1211,1212,-1117,-181,-169,1213,-1188,1214,1215,1216]],"type":"Polygon","properties":{"id":"14000US05115950700"}},{"arcs":[[-1216,1217,1218,-1206,-1211,-525,-1081,1219]],"type":"Polygon","properties":{"id":"14000US05115950800"}},{"arcs":[[-312,-307,-325,1220,1221,1222,1223,1224]],"type":"Polygon","properties":{"id":"14000US05091020802"}},{"arcs":[[1225,-256,1226,1227,-1221,-324,-310,-322]],"type":"Polygon","properties":{"id":"14000US05091020702"}},{"arcs":[[1228,1229,1230,-1227,-255,1231,1232]],"type":"Polygon","properties":{"id":"14000US05091020801"}},{"arcs":[[1233,1234,1235,1236,-215,1237]],"type":"Polygon","properties":{"id":"14000US05099090100"}},{"arcs":[[1238,1239,1240,1241,-1236,1242]],"type":"Polygon","properties":{"id":"14000US05099090200"}},{"arcs":[[1243,-1238,1244,-1145,1245]],"type":"Polygon","properties":{"id":"14000US05099090300"}},{"arcs":[[1246,1247,1248,1249]],"type":"Polygon","properties":{"id":"14000US05035030202"}},{"arcs":[[-396,1250,1251,-398,-376]],"type":"Polygon","properties":{"id":"14000US05119004218"}},{"arcs":[[1252,1253,1254,1255]],"type":"Polygon","properties":{"id":"14000US05007020205"}},{"arcs":[[1256,1257,1258,1259,1260]],"type":"Polygon","properties":{"id":"14000US05065960200"}},{"arcs":[[1261,-1261,1262,1263,1264]],"type":"Polygon","properties":{"id":"14000US05065960300"}},{"arcs":[[1265,-1263,-1260,1266,1267,-479,1268,-441]],"type":"Polygon","properties":{"id":"14000US05065960400"}},{"arcs":[[1269,1270,-1130,1271,-1267,-1259]],"type":"Polygon","properties":{"id":"14000US05065960100"}},{"arcs":[[1272,1273,1274,1275]],"type":"Polygon","properties":{"id":"14000US05081030200"}},{"arcs":[[1276,1277,1278,1279,1280,-1275]],"type":"Polygon","properties":{"id":"14000US05081030101"}},{"arcs":[[1281,1282,1283,1284,1285,1286]],"type":"Polygon","properties":{"id":"14000US05089960202"}},{"arcs":[[1287,-1286,1288,-588]],"type":"Polygon","properties":{"id":"14000US05089960201"}},{"arcs":[[-1252,1289,1290,1291,-413,1292,-654,-399]],"type":"Polygon","properties":{"id":"14000US05119002407"}},{"arcs":[[1293,1294,1295,-436]],"type":"Polygon","properties":{"id":"14000US05041950500"}},{"arcs":[[-1055,1296,-1294,-435,1297,1298]],"type":"Polygon","properties":{"id":"14000US05041950200"}},{"arcs":[[1299,1300,-292,1301,-362,-386,1302]],"type":"Polygon","properties":{"id":"14000US05119001502"}},{"arcs":[[1303,1304,1305,1306,-1131,-191,-38,-1140]],"type":"Polygon","properties":{"id":"14000US05007020102"}},{"arcs":[[1307,1308,1309,-1304,-1139,1310,1311]],"type":"Polygon","properties":{"id":"14000US05007020704"}},{"arcs":[[1312,-1309,1313,1314,-33,1315]],"type":"Polygon","properties":{"id":"14000US05007020701"}},{"arcs":[[-34,-1315,1316,-1312,1317,1318,-934]],"type":"Polygon","properties":{"id":"14000US05007020805"}},{"arcs":[[-1314,-1308,-1317]],"type":"Polygon","properties":{"id":"14000US05007020703"}},{"arcs":[[1319,1320,1321,1322]],"type":"Polygon","properties":{"id":"14000US05007021405"}},{"arcs":[[-1322,1323,1324,1325,-27,1326]],"type":"Polygon","properties":{"id":"14000US05007021409"}},{"arcs":[[1327,-1142,-1135,1328,-1256,1329]],"type":"Polygon","properties":{"id":"14000US05007020206"}},{"arcs":[[-1254,1330,-1133,1331,-1327,-26,1332]],"type":"Polygon","properties":{"id":"14000US05007021407"}},{"arcs":[[-1134,-1331,-1253,-1329]],"type":"Polygon","properties":{"id":"14000US05007020203"}},{"arcs":[[1333,-463,-314,1334,1335,1336,1337,1338]],"type":"Polygon","properties":{"id":"14000US05007021305"}},{"arcs":[[-1319,1339,-926,-935]],"type":"Polygon","properties":{"id":"14000US05007020606"}},{"arcs":[[-504,1340,1341,-707,1342,1343,1344,-1241,1345,1346]],"type":"Polygon","properties":{"id":"14000US05019953700"}},{"arcs":[[-706,-708,-704,1347,-1343]],"type":"Polygon","properties":{"id":"14000US05019953800"}},{"arcs":[[-1311,-1138,-927,-1340,-1318]],"type":"Polygon","properties":{"id":"14000US05007020605"}},{"arcs":[[1348,-36,-933,1349]],"type":"Polygon","properties":{"id":"14000US05007020801"}},{"arcs":[[-455,1350,1351,1352]],"type":"Polygon","properties":{"id":"14000US05007021102"}},{"arcs":[[1353,1354,1355,1356,1357,-394]],"type":"Polygon","properties":{"id":"14000US05119004219"}},{"arcs":[[-1307,1358,-1323,-1332,-1132]],"type":"Polygon","properties":{"id":"14000US05007021404"}},{"arcs":[[-253,1359,-17,1360,-240]],"type":"Polygon","properties":{"id":"14000US05067480402"}},{"arcs":[[-244,-241,-1361,-21,-948,1361,1362,-249]],"type":"Polygon","properties":{"id":"14000US05067480401"}},{"arcs":[[1363,-81,1364,-971,1365,1366,1367]],"type":"Polygon","properties":{"id":"14000US05051010501"}},{"arcs":[[1368,1369,1370,-1366,-970,1371,1372]],"type":"Polygon","properties":{"id":"14000US05051011902"}},{"arcs":[[1373,1374,1375,-1373,1376,-502]],"type":"Polygon","properties":{"id":"14000US05051011101"}},{"arcs":[[-501,1377,1378,1379,-1374]],"type":"Polygon","properties":{"id":"14000US05051011102"}},{"arcs":[[-514,-510,1380,1381,1382,1383,1384,1385,1386]],"type":"Polygon","properties":{"id":"14000US05051010402"}},{"arcs":[[-1387,1387,1388,1389,-515]],"type":"Polygon","properties":{"id":"14000US05051010301"}},{"arcs":[[-1386,1390,1391,-1388]],"type":"Polygon","properties":{"id":"14000US05051011002"}},{"arcs":[[-516,-1390,-1378,-495]],"type":"Polygon","properties":{"id":"14000US05051010302"}},{"arcs":[[1392,1393,1394,-1369,-1376]],"type":"Polygon","properties":{"id":"14000US05051011901"}},{"arcs":[[1395,1396,1397,1398,-1370,-1395,1399]],"type":"Polygon","properties":{"id":"14000US05051011701"}},{"arcs":[[-1389,-1392,1400,1401,-1379]],"type":"Polygon","properties":{"id":"14000US05051011001"}},{"arcs":[[1402,1403,-1398,1404]],"type":"Polygon","properties":{"id":"14000US05051011702"}},{"arcs":[[1405,1406,1407]],"type":"Polygon","properties":{"id":"14000US05051010602"}},{"arcs":[[1408,1409,-1393,-1375]],"type":"Polygon","properties":{"id":"14000US05051011201"}},{"arcs":[[-1402,1410,1411,1412,-1409,-1380]],"type":"Polygon","properties":{"id":"14000US05051011202"}},{"arcs":[[-509,-261,-725,-728,-75,1413,-1381]],"type":"Polygon","properties":{"id":"14000US05051010401"}},{"arcs":[[1414,-1396,1415]],"type":"Polygon","properties":{"id":"14000US05051011801"}},{"arcs":[[1416,-1416,-1400,-1394,-1410,-1413]],"type":"Polygon","properties":{"id":"14000US05051011802"}},{"arcs":[[-1383,1417,1418,1419,-1407,1420]],"type":"Polygon","properties":{"id":"14000US05051010601"}},{"arcs":[[-1382,-1414,-82,-1364,1421,-1418]],"type":"Polygon","properties":{"id":"14000US05051010502"}},{"arcs":[[-1143,-1328,1422,1423]],"type":"Polygon","properties":{"id":"14000US05007020404"}},{"arcs":[[-1330,-1255,-1333,-25,1424]],"type":"Polygon","properties":{"id":"14000US05007021406"}},{"arcs":[[-319,1425,1426,1427]],"type":"Polygon","properties":{"id":"14000US05007021308"}},{"arcs":[[1428,1429,1430,1431,1432,1433,1434]],"type":"Polygon","properties":{"id":"14000US05031001101"}},{"arcs":[[-1431,1435,1436,1437,1438,1439]],"type":"Polygon","properties":{"id":"14000US05031001102"}},{"arcs":[[1440,1441,1442,1443]],"type":"Polygon","properties":{"id":"14000US05031000404"}},{"arcs":[[1444,1445,1446,-1441,1447]],"type":"Polygon","properties":{"id":"14000US05031000403"}},{"arcs":[[1448,1449,1450,1451,-1443,1452,1453,1454]],"type":"Polygon","properties":{"id":"14000US05031000806"}},{"arcs":[[1455,-1444,-1452]],"type":"Polygon","properties":{"id":"14000US05031000805"}},{"arcs":[[1456,1457,1458,1459,1460,1461,1462,1463]],"type":"Polygon","properties":{"id":"14000US05031000702"}},{"arcs":[[-1434,1464,-1457,1465]],"type":"Polygon","properties":{"id":"14000US05031000701"}},{"arcs":[[-1463,1466,-1449,1467]],"type":"Polygon","properties":{"id":"14000US05031000803"}},{"arcs":[[1468,1469,-1450,-1467,-1462]],"type":"Polygon","properties":{"id":"14000US05031000804"}},{"arcs":[[1470,1471,1472,-544,-554]],"type":"Polygon","properties":{"id":"14000US05139950800"}},{"arcs":[[1473,1474,1475,1476,1477,1478,-982,1479]],"type":"Polygon","properties":{"id":"14000US05087960400"}},{"arcs":[[-811,1480,1481,-1480,-981,1482,1483]],"type":"Polygon","properties":{"id":"14000US05087960300"}},{"arcs":[[1484,-1474,-1482]],"type":"Polygon","properties":{"id":"14000US05087960200"}},{"arcs":[[1485,-1325,1486,1487,-1475,-1485,-1481,-778]],"type":"Polygon","properties":{"id":"14000US05087960100"}},{"arcs":[[1488,1489,-1291,1490,1491]],"type":"Polygon","properties":{"id":"14000US05119002209"}},{"arcs":[[1492,1493,1494,-1356,1495]],"type":"Polygon","properties":{"id":"14000US05119004215"}},{"arcs":[[1496,-1037,1497,-1017]],"type":"Polygon","properties":{"id":"14000US05131010202"}},{"arcs":[[1498,-1046,-1038,-1497,-1016,1499]],"type":"Polygon","properties":{"id":"14000US05131010201"}},{"arcs":[[1500,1501,-1056,-1299,1502,1503]],"type":"Polygon","properties":{"id":"14000US05079960600"}},{"arcs":[[1504,-1496,-1355,1505]],"type":"Polygon","properties":{"id":"14000US05119004214"}},{"arcs":[[-911,1506,1507,1508,1509,1510,1511,-172]],"type":"Polygon","properties":{"id":"14000US05023480502"}},{"arcs":[[-910,1512,1513,1514,1515,-1507]],"type":"Polygon","properties":{"id":"14000US05023480201"}},{"arcs":[[1516,-148,-138,1517,-1510]],"type":"Polygon","properties":{"id":"14000US05023480501"}},{"arcs":[[1518,-1163,1519,-606,1520]],"type":"Polygon","properties":{"id":"14000US05085020206"}},{"arcs":[[1521,-143,1522,1523,-611,1524]],"type":"Polygon","properties":{"id":"14000US05145071002"}},{"arcs":[[-152,-130,-145,1525,-132,1526]],"type":"Polygon","properties":{"id":"14000US05145070501"}},{"arcs":[[-142,1527,1528,1529,1530,-1523]],"type":"Polygon","properties":{"id":"14000US05145071001"}},{"arcs":[[-1529,1531,1532,1533,1534,1535]],"type":"Polygon","properties":{"id":"14000US05145071102"}},{"arcs":[[-133,1536,-147,1537,1538,-1534,1539]],"type":"Polygon","properties":{"id":"14000US05145071101"}},{"arcs":[[1540,-134,-1540,-1533,1541,1542]],"type":"Polygon","properties":{"id":"14000US05145070802"}},{"arcs":[[-144,-1537,-1526]],"type":"Polygon","properties":{"id":"14000US05145070502"}},{"arcs":[[1543,1544,-1543,1545]],"type":"Polygon","properties":{"id":"14000US05145070901"}},{"arcs":[[-135,-1541,1546]],"type":"Polygon","properties":{"id":"14000US05145070801"}},{"arcs":[[1547,-1546,-1542,-1532,-1528,-141]],"type":"Polygon","properties":{"id":"14000US05145070902"}},{"arcs":[[-1530,-1536,1548,-600,1549,1550]],"type":"Polygon","properties":{"id":"14000US05145071202"}},{"arcs":[[-1531,-1551,1551,-612,-1524]],"type":"Polygon","properties":{"id":"14000US05145071201"}},{"arcs":[[1552,1553,1554,1555,1556,1557,-251,1558]],"type":"Polygon","properties":{"id":"14000US05075470400"}},{"arcs":[[-1127,-1120,-990,-987,-891,1559,-1553,1560,1561]],"type":"Polygon","properties":{"id":"14000US05075470200"}},{"arcs":[[-1560,-890,1562,1563,-1556,1564,1565,1566,-1554]],"type":"Polygon","properties":{"id":"14000US05075470100"}},{"arcs":[[-1561,-1559,1567,-469,1568]],"type":"Polygon","properties":{"id":"14000US05075470300"}},{"arcs":[[1569,-1125,1570]],"type":"Polygon","properties":{"id":"14000US05135470202"}},{"arcs":[[-1128,-1562,-1569,-468,1571]],"type":"Polygon","properties":{"id":"14000US05135470401"}},{"arcs":[[-1272,-1129,-1572,-467,-480,-1268]],"type":"Polygon","properties":{"id":"14000US05135470402"}},{"arcs":[[1572,-1122,-1126,-1570,1573]],"type":"Polygon","properties":{"id":"14000US05135470201"}},{"arcs":[[-1027,1574,1575,1576,-1030]],"type":"Polygon","properties":{"id":"14000US05131000400"}},{"arcs":[[-1026,1577,1578,-1575]],"type":"Polygon","properties":{"id":"14000US05131000501"}},{"arcs":[[-1025,-1035,1579,-1578]],"type":"Polygon","properties":{"id":"14000US05131000502"}},{"arcs":[[-1576,-1579,-1580,-1034,-894,1580]],"type":"Polygon","properties":{"id":"14000US05131000700"}},{"arcs":[[-1577,-1581,-893,1581,-1031]],"type":"Polygon","properties":{"id":"14000US05131000800"}},{"arcs":[[-1582,-898,1582,-900,-1032]],"type":"Polygon","properties":{"id":"14000US05131001001"}},{"arcs":[[-1583,-897,-901]],"type":"Polygon","properties":{"id":"14000US05131001002"}},{"arcs":[[1583,1584,-299,1585,1586,1587]],"type":"Polygon","properties":{"id":"14000US05035030702"}},{"arcs":[[1588,1589,1590,1591,-300,-1585]],"type":"Polygon","properties":{"id":"14000US05035030806"}},{"arcs":[[-1586,-303,-305,1592,1593,-1250,1594,1595]],"type":"Polygon","properties":{"id":"14000US05035030703"}},{"arcs":[[-1001,1596,-1589,-1584,1597]],"type":"Polygon","properties":{"id":"14000US05035030807"}},{"arcs":[[1598,1599,1600,1601,1602]],"type":"Polygon","properties":{"id":"14000US05035030102"}},{"arcs":[[1603,1604,-1587,-1596,1605,1606,-955]],"type":"Polygon","properties":{"id":"14000US05035031000"}},{"arcs":[[1607,1608,1609,-1600]],"type":"Polygon","properties":{"id":"14000US05035030101"}},{"arcs":[[1610,1611,-556,1612]],"type":"Polygon","properties":{"id":"14000US05139951000"}},{"arcs":[[1613,1614,1615,1616,1617,-558,1618]],"type":"Polygon","properties":{"id":"14000US05139950100"}},{"arcs":[[1619,1620,1621,-1619,-557,-1612,1622,-552,1623]],"type":"Polygon","properties":{"id":"14000US05139950200"}},{"arcs":[[1624,-1471,-553]],"type":"Polygon","properties":{"id":"14000US05139950700"}},{"arcs":[[-1623,-1611,1625,-1472,-1625]],"type":"Polygon","properties":{"id":"14000US05139950600"}},{"arcs":[[1626,-1624,-551]],"type":"Polygon","properties":{"id":"14000US05139950300"}},{"arcs":[[-1473,-1626,-1613,-561,-562,-545]],"type":"Polygon","properties":{"id":"14000US05139950900"}},{"arcs":[[-15,-1002,-1598,-1588,-1605,1627,-953]],"type":"Polygon","properties":{"id":"14000US05035030701"}},{"arcs":[[-1592,1628,-1608,-1599,1629,-1593,-304,-301]],"type":"Polygon","properties":{"id":"14000US05035030803"}},{"arcs":[[-1602,1630,1631,1632]],"type":"Polygon","properties":{"id":"14000US05035031200"}},{"arcs":[[-1054,-1076,1633,1634,1635,1636,-1295,-1297]],"type":"Polygon","properties":{"id":"14000US05041950100"}},{"arcs":[[-1503,-1298,-434,1637]],"type":"Polygon","properties":{"id":"14000US05041950300"}},{"arcs":[[-1296,-1637,1638,1639,-437]],"type":"Polygon","properties":{"id":"14000US05041950400"}},{"arcs":[[-1594,-1630,-1603,1640,1641,-1247]],"type":"Polygon","properties":{"id":"14000US05035030201"}},{"arcs":[[-1248,-1642,1642,1643]],"type":"Polygon","properties":{"id":"14000US05035030301"}},{"arcs":[[-1643,-1641,-1633,1644]],"type":"Polygon","properties":{"id":"14000US05035030302"}},{"arcs":[[1645,1646,1647,1648,-687,1649]],"type":"Polygon","properties":{"id":"14000US05105952700"}},{"arcs":[[-91,-533,1650,1651,-729,-512,-96]],"type":"Polygon","properties":{"id":"14000US05105952900"}},{"arcs":[[1652,-1650,-699,1653,-726,-1652]],"type":"Polygon","properties":{"id":"14000US05105952800"}},{"arcs":[[1654,1655,1656,1657,-432,1658,1659,-1615,1660]],"type":"Polygon","properties":{"id":"14000US05011950500"}},{"arcs":[[1661,-424,-1658,1662]],"type":"Polygon","properties":{"id":"14000US05011950400"}},{"arcs":[[1663,-425,-1662,1664,1665]],"type":"Polygon","properties":{"id":"14000US05011950100"}},{"arcs":[[1666,-1666,1667,-1656]],"type":"Polygon","properties":{"id":"14000US05011950200"}},{"arcs":[[-1668,-1665,-1663,-1657]],"type":"Polygon","properties":{"id":"14000US05011950300"}},{"arcs":[[1668,1669,1670,1671,1672]],"type":"Polygon","properties":{"id":"14000US05107480100"}},{"arcs":[[-1672,1673,1674,1675,1676]],"type":"Polygon","properties":{"id":"14000US05107480300"}},{"arcs":[[-1674,-1671,1677,1678,1679]],"type":"Polygon","properties":{"id":"14000US05107480400"}},{"arcs":[[-1675,-1680,1680,1681]],"type":"Polygon","properties":{"id":"14000US05107480500"}},{"arcs":[[-1180,1682,-1681,-1679,1683,-1634,-1075]],"type":"Polygon","properties":{"id":"14000US05107480600"}},{"arcs":[[-954,-1628,-1604]],"type":"Polygon","properties":{"id":"14000US05035031100"}},{"arcs":[[-889,1684,1685,1686,1687,1688,1689,-1563]],"type":"Polygon","properties":{"id":"14000US05055480300"}},{"arcs":[[1690,1691,1692,1693,1694,1695,1696,1697]],"type":"Polygon","properties":{"id":"14000US05055480100"}},{"arcs":[[1698,-1691,1699,1700,-1686]],"type":"Polygon","properties":{"id":"14000US05055480200"}},{"arcs":[[1701,1702,1703,1704]],"type":"Polygon","properties":{"id":"14000US05055480700"}},{"arcs":[[1705,1706,-326,1707,1708]],"type":"Polygon","properties":{"id":"14000US05119003303"}},{"arcs":[[1709,-864,-867,-848,-861,-859,1710]],"type":"Polygon","properties":{"id":"14000US05143011200"}},{"arcs":[[1711,-820,-879,-880,-796,-765]],"type":"Polygon","properties":{"id":"14000US05143010508"}},{"arcs":[[1712,1713,1714,1715,1716,1717,1718,1719]],"type":"Polygon","properties":{"id":"14000US05073470200"}},{"arcs":[[-1437,1720,1721,-722,-998,-12,-5,1722]],"type":"Polygon","properties":{"id":"14000US05031001000"}},{"arcs":[[-252,-1558,1723,-1435,-1466,-1464,-1468,-1455,1724,1725,-18,-1360]],"type":"Polygon","properties":{"id":"14000US05031001200"}},{"arcs":[[-1725,-1454,1726,1727,-1438,-1723,-4,-22,-24,-1,1728]],"type":"Polygon","properties":{"id":"14000US05031000900"}},{"arcs":[[-1433,1729,1730,1731,-1458,-1465]],"type":"Polygon","properties":{"id":"14000US05031000601"}},{"arcs":[[1732,1733,1734,1735,1736,1737]],"type":"Polygon","properties":{"id":"14000US05119003607"}},{"arcs":[[-648,1738,-1733,1739,-694]],"type":"Polygon","properties":{"id":"14000US05119003608"}},{"arcs":[[-675,-347,-692,-638,-678]],"type":"Polygon","properties":{"id":"14000US05119004007"}},{"arcs":[[1740,-407,-415,-359,1741,1742,1743,-1493,-1505,1744,-390,-449,-685]],"type":"Polygon","properties":{"id":"14000US05119004205"}},{"arcs":[[-647,-342,-670,1745,-1734,-1739]],"type":"Polygon","properties":{"id":"14000US05119003609"}},{"arcs":[[1746,-1167,1747,1748,-1706]],"type":"Polygon","properties":{"id":"14000US05119003703"}},{"arcs":[[-367,1749,1750,1751,-1748,-1166]],"type":"Polygon","properties":{"id":"14000US05119003704"}},{"arcs":[[-1164,-697,1752,-1751,1753]],"type":"Polygon","properties":{"id":"14000US05119003707"}},{"arcs":[[-1186,-679,-642,-1092,-44]],"type":"Polygon","properties":{"id":"14000US05119004004"}},{"arcs":[[1754,-672,1755,1756]],"type":"Polygon","properties":{"id":"14000US05119004107"}},{"arcs":[[1757,-402,1758,1759,1760,1761]],"type":"Polygon","properties":{"id":"14000US05119002203"}},{"arcs":[[1762,-1504,-1638,-433,-428,1763,1764,1765]],"type":"Polygon","properties":{"id":"14000US05079960300"}},{"arcs":[[-1765,1766]],"type":"Polygon","properties":{"id":"14000US05079960500"}},{"arcs":[[-111,-1766,-1767,-1764,-427,1767,1768]],"type":"Polygon","properties":{"id":"14000US05079960400"}},{"arcs":[[1769,1770,1771,-1692,-1699,1772]],"type":"Polygon","properties":{"id":"14000US05021950200"}},{"arcs":[[1773,-1771,1774,-1694],[1775]],"type":"Polygon","properties":{"id":"14000US05021950100"}},{"arcs":[[-1776]],"type":"Polygon","properties":{"id":"14000US05021950600"}},{"arcs":[[-1774,-1693,-1772]],"type":"Polygon","properties":{"id":"14000US05021950500"}},{"arcs":[[1776,-1773,-1685,-888],[1777]],"type":"Polygon","properties":{"id":"14000US05021950300"}},{"arcs":[[-1778]],"type":"Polygon","properties":{"id":"14000US05021950400"}},{"arcs":[[1778,1779,1780,1781,-149,-1517,-1509]],"type":"Polygon","properties":{"id":"14000US05023480400"}},{"arcs":[[1782,1783,1784,-477,1785,-150,-1782,1786]],"type":"Polygon","properties":{"id":"14000US05023480100"}},{"arcs":[[-582,-1289,-1285,1787,-1108,-1116]],"type":"Polygon","properties":{"id":"14000US05089960100"}},{"arcs":[[1788,-1246,-1151,-1716,1789,-1714,1790]],"type":"Polygon","properties":{"id":"14000US05073470102"}},{"arcs":[[-1790,-1715]],"type":"Polygon","properties":{"id":"14000US05073470101"}},{"arcs":[[-358,1791,-403,-1758,1792,-1742]],"type":"Polygon","properties":{"id":"14000US05119004902"}},{"arcs":[[-391,-1745,-1506,-1354,-393,-450]],"type":"Polygon","properties":{"id":"14000US05119004228"}},{"arcs":[[-1358,1793,-1491,-1290,-1251,-395]],"type":"Polygon","properties":{"id":"14000US05119004222"}},{"arcs":[[-1744,1794,1795,-1489,-1494]],"type":"Polygon","properties":{"id":"14000US05119002210"}},{"arcs":[[-1743,-1793,-1762,1796,-1795]],"type":"Polygon","properties":{"id":"14000US05119002211"}},{"arcs":[[-1293,-412,1797,-655]],"type":"Polygon","properties":{"id":"14000US05119002410"}},{"arcs":[[1798,1799,-370,1800,-404]],"type":"Polygon","properties":{"id":"14000US05119004310"}},{"arcs":[[-1708,-329,1801,1802,-202]],"type":"Polygon","properties":{"id":"14000US05119003308"}},{"arcs":[[1803,1804]],"type":"Polygon","properties":{"id":"14000US05017080400"}},{"arcs":[[-439,1805,-1639,-1636,1806,-1805,1807,1808,1809],[1810]],"type":"Polygon","properties":{"id":"14000US05017080100"}},{"arcs":[[-1811]],"type":"Polygon","properties":{"id":"14000US05017080300"}},{"arcs":[[-1640,-1806,-438]],"type":"Polygon","properties":{"id":"14000US05017080200"}},{"arcs":[[-1538,-146,-128,-250,-1363,1811,1812]],"type":"Polygon","properties":{"id":"14000US05147490200"}},{"arcs":[[-1812,-1362,-951,1813,-1181,1814]],"type":"Polygon","properties":{"id":"14000US05147490100"}},{"arcs":[[1815,-1783,1816,-1779,-1508,-1516]],"type":"Polygon","properties":{"id":"14000US05023480203"}},{"arcs":[[-1817,1817,-1780]],"type":"Polygon","properties":{"id":"14000US05023480302"}},{"arcs":[[-1787,-1781,-1818]],"type":"Polygon","properties":{"id":"14000US05023480301"}},{"arcs":[[1818,-446,-1784,-1816,-1515]],"type":"Polygon","properties":{"id":"14000US05023480204"}},{"arcs":[[1819,1820,-1791,-1713,1821,1822,-1229,1823,1824]],"type":"Polygon","properties":{"id":"14000US05091020901"}},{"arcs":[[-1823,1825,1826,-1223,1827,-1230]],"type":"Polygon","properties":{"id":"14000US05091020902"}},{"arcs":[[-1224,-1827,1828,-1719,1829]],"type":"Polygon","properties":{"id":"14000US05091021001"}},{"arcs":[[-1826,-1822,-1720,-1829]],"type":"Polygon","properties":{"id":"14000US05091021002"}},{"arcs":[[-1726,-1729,-10,-960,-19],[1830]],"type":"Polygon","properties":{"id":"14000US05111490502"}},{"arcs":[[1831,1832,1833,1834,1835,1836]],"type":"Polygon","properties":{"id":"14000US05113950202"}},{"arcs":[[-1831]],"type":"Polygon","properties":{"id":"14000US05111490501"}},{"arcs":[[-1836,1837,1838]],"type":"Polygon","properties":{"id":"14000US05113950201"}},{"arcs":[[1839,1840,1841,-1574,-1571,-1124,-1271,1842]],"type":"Polygon","properties":{"id":"14000US05049550101"}},{"arcs":[[1843,1844,1845,-1840,1846,-1257,-1262,1847]],"type":"Polygon","properties":{"id":"14000US05049550202"}},{"arcs":[[-1843,-1270,-1258,-1847]],"type":"Polygon","properties":{"id":"14000US05049550201"}},{"arcs":[[1848,-1123,-1573,-1842]],"type":"Polygon","properties":{"id":"14000US05049550102"}},{"arcs":[[-1018,-1498,-1044,1849,1850]],"type":"Polygon","properties":{"id":"14000US05131010304"}},{"arcs":[[-1850,-1043,1851,1852]],"type":"Polygon","properties":{"id":"14000US05131010303"}},{"arcs":[[-908,1853,1854,1855]],"type":"Polygon","properties":{"id":"14000US05131001310"}},{"arcs":[[-1048,-1021,1856,-1499,1857]],"type":"Polygon","properties":{"id":"14000US05131001307"}},{"arcs":[[-231,-493,-1045,-1857,-1020]],"type":"Polygon","properties":{"id":"14000US05131001308"}},{"arcs":[[-907,1858,1859,-1854]],"type":"Polygon","properties":{"id":"14000US05131001309"}},{"arcs":[[1860,-1855,1861,1862,-1014]],"type":"Polygon","properties":{"id":"14000US05131001311"}},{"arcs":[[-1860,1863,-1862]],"type":"Polygon","properties":{"id":"14000US05131001312"}},{"arcs":[[-1049,-1858,-1500,-1015,-1863,-1864,-1859]],"type":"Polygon","properties":{"id":"14000US05131001306"}},{"arcs":[[-1348,-703,-967,1864,1865,1866,-211,1867,-1344]],"type":"Polygon","properties":{"id":"14000US05019953901"}},{"arcs":[[-1345,-1868,-210,-1237,-1242]],"type":"Polygon","properties":{"id":"14000US05019953902"}},{"arcs":[[1868,1869,1870,1871,-1621,1872,-219]],"type":"Polygon","properties":{"id":"14000US05013480200"}},{"arcs":[[-1372,-974,-700,-1342,1873]],"type":"Polygon","properties":{"id":"14000US05059020702"}},{"arcs":[[-80,1874,-977,-972,-1365]],"type":"Polygon","properties":{"id":"14000US05059020101"}},{"arcs":[[-273,-632,-965,-976,-978,-1875]],"type":"Polygon","properties":{"id":"14000US05059020102"}},{"arcs":[[-1377,-1874,-1341,-503]],"type":"Polygon","properties":{"id":"14000US05059020701"}},{"arcs":[[1875,-1595,-1249,-1644,-1645,-1632,1876,-1609,-1629,-1591,1877,1878]],"type":"Polygon","properties":{"id":"14000US05035030602"}},{"arcs":[[-1606,-1876,1879,1880]],"type":"Polygon","properties":{"id":"14000US05035030601"}},{"arcs":[[-1601,-1610,-1877,-1631]],"type":"Polygon","properties":{"id":"14000US05035030503"}},{"arcs":[[1881,1882,-1217,-1220,-1080]],"type":"Polygon","properties":{"id":"14000US05071952200"}},{"arcs":[[1883,1884,-1882,-1079,1885]],"type":"Polygon","properties":{"id":"14000US05071952100"}},{"arcs":[[1886,-1886,-1078,1887]],"type":"Polygon","properties":{"id":"14000US05071952000"}},{"arcs":[[1888,-1884,-1887,1889]],"type":"Polygon","properties":{"id":"14000US05071951900"}},{"arcs":[[-573,1890,-1890,-1888,-1077,-1089]],"type":"Polygon","properties":{"id":"14000US05071951800"}},{"arcs":[[-983,-1479,1891,-1212,-1883,-1885,-1889,-1891,-572]],"type":"Polygon","properties":{"id":"14000US05071951700"}},{"arcs":[[1892,1893,1894,1895,1896,1897,-1103]],"type":"Polygon","properties":{"id":"14000US05061950200"}},{"arcs":[[1898,1899,1900,1901,-1893,-1102,-1107,1902]],"type":"Polygon","properties":{"id":"14000US05061950100"}},{"arcs":[[1903,-1895]],"type":"Polygon","properties":{"id":"14000US05061950300"}},{"arcs":[[-1243,-1235,1904,1905,1906]],"type":"Polygon","properties":{"id":"14000US05057480101"}},{"arcs":[[-1904,-1894,-1902,1907,-1239,-1907,1908,1909,1910,-1896]],"type":"Polygon","properties":{"id":"14000US05057480102"}},{"arcs":[[-1905,-1234,1911,1912,1913]],"type":"Polygon","properties":{"id":"14000US05057480302"}},{"arcs":[[1914,-1424,1915,-1426,-318]],"type":"Polygon","properties":{"id":"14000US05007020405"}},{"arcs":[[-1909,-1906,-1914,1916]],"type":"Polygon","properties":{"id":"14000US05057480301"}},{"arcs":[[1917,-1098,-1104,-1898,1918,1919,-1277,-1274]],"type":"Polygon","properties":{"id":"14000US05081030302"}},{"arcs":[[1920,-1099,-1918,-1273]],"type":"Polygon","properties":{"id":"14000US05081030301"}},{"arcs":[[1921,-1825,1922,-1280,1923,-1278,-1920]],"type":"Polygon","properties":{"id":"14000US05081030103"}},{"arcs":[[-1279,-1924]],"type":"Polygon","properties":{"id":"14000US05081030104"}},{"arcs":[[-1796,-1797,-1761,1924,1925,-409,-1292,-1490]],"type":"Polygon","properties":{"id":"14000US05119002208"}},{"arcs":[[1926,-389,1927,1928,1929,-410,-1926]],"type":"Polygon","properties":{"id":"14000US05119002103"}},{"arcs":[[-1564,-1690,1930,-1429,-1724,-1557]],"type":"Polygon","properties":{"id":"14000US05055480601"}},{"arcs":[[-1689,1931,1932,-1705,1933,-1696,1934,-1721,-1436,-1430,-1931]],"type":"Polygon","properties":{"id":"14000US05055480602"}},{"arcs":[[1935,-637]],"type":"Polygon","properties":{"id":"14000US05053470401"}},{"arcs":[[-1701,1936,1937,1938,-1687]],"type":"Polygon","properties":{"id":"14000US05055480401"}},{"arcs":[[1939,-1697,-1934,-1704,1940]],"type":"Polygon","properties":{"id":"14000US05055480502"}},{"arcs":[[-636,-1936]],"type":"Polygon","properties":{"id":"14000US05053470402"}},{"arcs":[[1941,-1941,-1703,1942,1943,-1938]],"type":"Polygon","properties":{"id":"14000US05055480402"}},{"arcs":[[-1698,-1940,-1942,-1937,-1700]],"type":"Polygon","properties":{"id":"14000US05055480501"}},{"arcs":[[1944,1945,-1061,-1066,1946]],"type":"Polygon","properties":{"id":"14000US05001480400"}},{"arcs":[[-295,1947,-186,-352]],"type":"Polygon","properties":{"id":"14000US05119003208"}},{"arcs":[[1948,-1168,-1747,1949]],"type":"Polygon","properties":{"id":"14000US05119003712"}},{"arcs":[[1950,-1303,-385,1951]],"type":"Polygon","properties":{"id":"14000US05119001501"}},{"arcs":[[1952,1953,-1320,-1359,-1306,1954]],"type":"Polygon","properties":{"id":"14000US05007020104"}},{"arcs":[[1955,-1350,-939,1956,1957]],"type":"Polygon","properties":{"id":"14000US05007020905"}},{"arcs":[[-937,1958,-459,1959]],"type":"Polygon","properties":{"id":"14000US05007020904"}},{"arcs":[[-1957,-938,-1960,-458,-1334,1960]],"type":"Polygon","properties":{"id":"14000US05007020906"}},{"arcs":[[1961,1962,-1338,1963,1964,-453]],"type":"Polygon","properties":{"id":"14000US05007021312"}},{"arcs":[[-1955,-1305,-1310,-1313,1965]],"type":"Polygon","properties":{"id":"14000US05007020103"}},{"arcs":[[1966,-1961,-1339,-1963,1967,1968]],"type":"Polygon","properties":{"id":"14000US05007021003"}},{"arcs":[[1969,1970,1971,-870,1972,-1336]],"type":"Polygon","properties":{"id":"14000US05007021317"}},{"arcs":[[-320,-1428,1973,-1970,-1335]],"type":"Polygon","properties":{"id":"14000US05007021316"}},{"arcs":[[-1351,-454,-1965,1974,-763,-787,1975]],"type":"Polygon","properties":{"id":"14000US05007021313"}},{"arcs":[[-1968,-1962,-452,1976,1977]],"type":"Polygon","properties":{"id":"14000US05007021004"}},{"arcs":[[-936,-932,1978,-460,-1959]],"type":"Polygon","properties":{"id":"14000US05007020903"}},{"arcs":[[-930,-941,1979,-316,-462,1980]],"type":"Polygon","properties":{"id":"14000US05007020607"}},{"arcs":[[-1974,-1427,-1916,-1423,-1425,1981,-1971]],"type":"Polygon","properties":{"id":"14000US05007021315"}},{"arcs":[[-1979,-931,-1981,-461]],"type":"Polygon","properties":{"id":"14000US05007020608"}},{"arcs":[[-1982,-31,1982,1983,-1972]],"type":"Polygon","properties":{"id":"14000US05007021314"}},{"arcs":[[-1946,1984,-1067,-1062]],"type":"Polygon","properties":{"id":"14000US05001480300"}},{"arcs":[[1985,1986,1987,1988,-1198,-540]],"type":"Polygon","properties":{"id":"14000US05115951202"}},{"arcs":[[1989,-1191,-1194,-1989,1990,1991]],"type":"Polygon","properties":{"id":"14000US05115951201"}},{"arcs":[[1992,-1192,-1990,1993,-1199,-1219]],"type":"Polygon","properties":{"id":"14000US05115950901"}},{"arcs":[[-1215,-1193,-1993,-1218]],"type":"Polygon","properties":{"id":"14000US05115950902"}},{"arcs":[[-1203,1994,-1208,1995]],"type":"Polygon","properties":{"id":"14000US05115951504"}},{"arcs":[[1996,-1986,-539,-527,-1210]],"type":"Polygon","properties":{"id":"14000US05115951602"}},{"arcs":[[-1204,-1996,-1207]],"type":"Polygon","properties":{"id":"14000US05115951503"}},{"arcs":[[-1994,-1992,1997,1998,-1200]],"type":"Polygon","properties":{"id":"14000US05115951303"}},{"arcs":[[-1998,-1991,-1988,1999,2000]],"type":"Polygon","properties":{"id":"14000US05115951301"}},{"arcs":[[-1999,-2001,2001,-1201]],"type":"Polygon","properties":{"id":"14000US05115951302"}},{"arcs":[[-1995,-1202,-2002,-2000,-1987,-1997,-1209]],"type":"Polygon","properties":{"id":"14000US05115951601"}},{"arcs":[[2002,-618,-590,2003]],"type":"Polygon","properties":{"id":"14000US05015950502"}},{"arcs":[[2004,-621,2005,2006,-622,2007]],"type":"Polygon","properties":{"id":"14000US05015950202"}},{"arcs":[[2008,2009,-2004,-594,2010,-1476,-1488,2011]],"type":"Polygon","properties":{"id":"14000US05015950501"}},{"arcs":[[-2006,-620,2012,-2009,2013]],"type":"Polygon","properties":{"id":"14000US05015950301"}},{"arcs":[[-1954,2014,-2008,-623,-2007,-2014,-2012,-1487,-1324,-1321]],"type":"Polygon","properties":{"id":"14000US05015950201"}},{"arcs":[[-619,-2003,-2010,-2013]],"type":"Polygon","properties":{"id":"14000US05015950302"}},{"arcs":[[-1688,-1939,-1944,2015,-1932]],"type":"Polygon","properties":{"id":"14000US05055480801"}},{"arcs":[[-1760,-1952,-1927,-1925]],"type":"Polygon","properties":{"id":"14000US05119002104"}},{"arcs":[[2016,2017,-1661,-1614,-1622,-1872]],"type":"Polygon","properties":{"id":"14000US05013480100"}},{"arcs":[[2018,-162,2019,-222,2020]],"type":"Polygon","properties":{"id":"14000US05033020207"}},{"arcs":[[2021,2022,2023,-1483,-980,2024,2025,2026]],"type":"Polygon","properties":{"id":"14000US05033020101"}},{"arcs":[[2027,-2022,2028,-163,-2019,2029]],"type":"Polygon","properties":{"id":"14000US05033020205"}},{"arcs":[[-490,-491,-157,2030]],"type":"Polygon","properties":{"id":"14000US05033020602"}},{"arcs":[[-2025,-979,-485,2031]],"type":"Polygon","properties":{"id":"14000US05033020102"}},{"arcs":[[-2026,-2032,-484,-2031,-156,2032]],"type":"Polygon","properties":{"id":"14000US05033020601"}},{"arcs":[[-161,-223,-2020]],"type":"Polygon","properties":{"id":"14000US05033020208"}},{"arcs":[[-2027,-2033,-155,-2029]],"type":"Polygon","properties":{"id":"14000US05033020206"}},{"arcs":[[-1867,2033,-1870,2034,-216,-212]],"type":"Polygon","properties":{"id":"14000US05103950102"}},{"arcs":[[-220,-1873,-1620,-1627,-550,2035]],"type":"Polygon","properties":{"id":"14000US05103950301"}},{"arcs":[[-1245,-214,-208,-221,-2036,-549,-1157,-1146]],"type":"Polygon","properties":{"id":"14000US05103950302"}},{"arcs":[[-217,-2035,-1869,-218,-206]],"type":"Polygon","properties":{"id":"14000US05103950101"}},{"arcs":[[2036,2037,2038,2039,2040]],"type":"Polygon","properties":{"id":"14000US05045030502"}},{"arcs":[[2041,2042,2043,2044,2045,2046]],"type":"Polygon","properties":{"id":"14000US05045031006"}},{"arcs":[[-640,2047,-100,2048,2049,-119,-627]],"type":"Polygon","properties":{"id":"14000US05069002400"}},{"arcs":[[2050,-1501,-1763,-110,2051,2052,-102]],"type":"Polygon","properties":{"id":"14000US05069002500"}},{"arcs":[[2053,2054,-1947,-1065,2055,2056]],"type":"Polygon","properties":{"id":"14000US05117460200"}},{"arcs":[[2057,-1183,-1173,-1072,-1068,-1985,-1945,-2055]],"type":"Polygon","properties":{"id":"14000US05117460300"}},{"arcs":[[-1549,-1535,-1539,-1813,-1815,-1184,-2058,-2054,-601]],"type":"Polygon","properties":{"id":"14000US05117460100"}},{"arcs":[[2058,2059,2060,-1161,2061]],"type":"Polygon","properties":{"id":"14000US05085020202"}},{"arcs":[[2062,-598,-604,-1520,-1162,-2061]],"type":"Polygon","properties":{"id":"14000US05085020103"}},{"arcs":[[2063,2064,-2056,-1064,2065,2066,2067]],"type":"Polygon","properties":{"id":"14000US05085020800"}},{"arcs":[[2068,-2068,2069,-690]],"type":"Polygon","properties":{"id":"14000US05085020700"}},{"arcs":[[-614,-608,-2059,2070,-667]],"type":"Polygon","properties":{"id":"14000US05085020201"}},{"arcs":[[2071,2072,2073,-1735]],"type":"Polygon","properties":{"id":"14000US05085020301"}},{"arcs":[[-669,2074,-1521,-605,-603,2075,2076,-2072,-1746]],"type":"Polygon","properties":{"id":"14000US05085020302"}},{"arcs":[[2077,-2076,-602,-2057,-2065,2078]],"type":"Polygon","properties":{"id":"14000US05085020400"}},{"arcs":[[2079,-1736,-2074,2080,-2079,-2064,-2069,-689]],"type":"Polygon","properties":{"id":"14000US05085020600"}},{"arcs":[[-2071,-2062,-1160,-1519,-2075,-668]],"type":"Polygon","properties":{"id":"14000US05085020204"}},{"arcs":[[-607,-613,-1552,-1550,-599,-2063,-2060]],"type":"Polygon","properties":{"id":"14000US05085020102"}},{"arcs":[[-2077,-2078,-2081,-2073]],"type":"Polygon","properties":{"id":"14000US05085020500"}},{"arcs":[[-2016,-1943,-1702,-1933]],"type":"Polygon","properties":{"id":"14000US05055480802"}},{"arcs":[[2081,2082,2083,2084]],"type":"Polygon","properties":{"id":"14000US05045030702"}},{"arcs":[[2085,2086,2087,2088,2089]],"type":"Polygon","properties":{"id":"14000US05045031003"}},{"arcs":[[-2039,2090,-2082,2091]],"type":"Polygon","properties":{"id":"14000US05045030701"}},{"arcs":[[2092,2093,-1511,-1518,-137,-1522,2094,2095]],"type":"Polygon","properties":{"id":"14000US05045030202"}},{"arcs":[[-173,-1512,-2094,2096,2097,2098]],"type":"Polygon","properties":{"id":"14000US05045030201"}},{"arcs":[[-923,2099,2100,2101,2102]],"type":"Polygon","properties":{"id":"14000US05005950400"}},{"arcs":[[2103,-924,-2103,2104,2105,2106,-1283]],"type":"Polygon","properties":{"id":"14000US05005950900"}},{"arcs":[[-1284,-2107,2107,-1848,-1265,2108,-1109,-1788]],"type":"Polygon","properties":{"id":"14000US05005950500"}},{"arcs":[[-2102,2109,2110,-2105]],"type":"Polygon","properties":{"id":"14000US05005950100"}},{"arcs":[[-2111,2111,2112,-1844,-2108,-2106]],"type":"Polygon","properties":{"id":"14000US05005950600"}},{"arcs":[[2113,2114,-2112,-2110,-2101]],"type":"Polygon","properties":{"id":"14000US05005950200"}},{"arcs":[[2115,-1845,-2113,-2115,2116,-918]],"type":"Polygon","properties":{"id":"14000US05005950700"}},{"arcs":[[-922,-919,-2117,-2114,-2100]],"type":"Polygon","properties":{"id":"14000US05005950300"}},{"arcs":[[2117,-1676,-1682,-1683,-1179]],"type":"Polygon","properties":{"id":"14000US05107480202"}},{"arcs":[[2118,2119,-1673,-1677,-2118,-1178]],"type":"Polygon","properties":{"id":"14000US05107480201"}},{"arcs":[[-401,-1792,-357,-354,2120,-1300,-1951,-1759]],"type":"Polygon","properties":{"id":"14000US05119001600"}},{"arcs":[[-1928,-388,2121,2122,2123]],"type":"Polygon","properties":{"id":"14000US05119001800"}},{"arcs":[[-2123,2124,2125,2126]],"type":"Polygon","properties":{"id":"14000US05119001900"}},{"arcs":[[2127,2128,-2126,2129,2130,2131,-657]],"type":"Polygon","properties":{"id":"14000US05119002001"}},{"arcs":[[-2131,2132,2133,-673,-1755,2134]],"type":"Polygon","properties":{"id":"14000US05119002002"}},{"arcs":[[-411,-1930,2135,2136,-1798]],"type":"Polygon","properties":{"id":"14000US05119002403"}},{"arcs":[[2137,-693,-345,-651,2138]],"type":"Polygon","properties":{"id":"14000US05119002700"}},{"arcs":[[2139,-1802,-328,2140,-2139,-650,2141]],"type":"Polygon","properties":{"id":"14000US05119002800"}},{"arcs":[[-203,-1803,-2140,2142,-289,-188]],"type":"Polygon","properties":{"id":"14000US05119002900"}},{"arcs":[[2143,-1768,-426,-1664,-1667,-1655,-2018,2144,2145]],"type":"Polygon","properties":{"id":"14000US05025970200"}},{"arcs":[[-629,-117,2146,-112,-1769,-2144,2147]],"type":"Polygon","properties":{"id":"14000US05025970100"}},{"arcs":[[-353,-190,-293,-1301,-2121]],"type":"Polygon","properties":{"id":"14000US05119003100"}},{"arcs":[[-294,2148,2149,-204,-187,-1948]],"type":"Polygon","properties":{"id":"14000US05119003202"}},{"arcs":[[2150,-440,-1810,2151,2152]],"type":"Polygon","properties":{"id":"14000US05003960100"}},{"arcs":[[2153,-2153,2154,2155]],"type":"Polygon","properties":{"id":"14000US05003960300"}},{"arcs":[[-1660,2156,2157,2158,-1616]],"type":"Polygon","properties":{"id":"14000US05003960700"}},{"arcs":[[-431,-2151,-2154,2159,2160,-2157,-1659]],"type":"Polygon","properties":{"id":"14000US05003960200"}},{"arcs":[[-2160,-2156,2161,2162]],"type":"Polygon","properties":{"id":"14000US05003960500"}},{"arcs":[[-2158,-2161,-2163,2163]],"type":"Polygon","properties":{"id":"14000US05003960600"}},{"arcs":[[-2159,-2164,-2162,-2155,-2152,-1809,2164,-1617]],"type":"Polygon","properties":{"id":"14000US05003960400"}},{"arcs":[[-2137,2165,-2128,-656]],"type":"Polygon","properties":{"id":"14000US05119002406"}},{"arcs":[[-290,-2143,-2142,-653,2166]],"type":"Polygon","properties":{"id":"14000US05119002500"}},{"arcs":[[-1740,-1738,2167,-695]],"type":"Polygon","properties":{"id":"14000US05119003606"}},{"arcs":[[-644,-1756,-671,-677]],"type":"Polygon","properties":{"id":"14000US05119004108"}},{"arcs":[[-327,-1707,-1749,-1752,-1753,-696,-2168,-1737,-2080,-688,-2138,-2141]],"type":"Polygon","properties":{"id":"14000US05119003800"}},{"arcs":[[-1929,-2124,-2127,-2129,-2166,-2136]],"type":"Polygon","properties":{"id":"14000US05119002102"}},{"arcs":[[-383,-658,-2132,-2135,-1757,-643,-683,-662,-183]],"type":"Polygon","properties":{"id":"14000US05119004103"}},{"arcs":[[2168,2169,-349,-674,-2134,2170]],"type":"Polygon","properties":{"id":"14000US05119000500"}},{"arcs":[[2171,2172,-287,2173,-2171,-2133]],"type":"Polygon","properties":{"id":"14000US05119001100"}},{"arcs":[[2174,-2172,-2130,-2125]],"type":"Polygon","properties":{"id":"14000US05119001200"}},{"arcs":[[-2011,-593,-584,-1115,2175,-1477]],"type":"Polygon","properties":{"id":"14000US05101180100"}},{"arcs":[[-2176,-1118,-1213,-1892,-1478]],"type":"Polygon","properties":{"id":"14000US05101180200"}},{"arcs":[[-387,-364,-288,-2173,-2175,-2122]],"type":"Polygon","properties":{"id":"14000US05119001300"}},{"arcs":[[2176,2177,-340,-1169,-1949,2178,-2149,-298,-356,-371,-1800]],"type":"Polygon","properties":{"id":"14000US05119004302"}},{"arcs":[[2179,2180,-475,-482]],"type":"Polygon","properties":{"id":"14000US05063490600"}},{"arcs":[[-471,2181,2182,2183]],"type":"Polygon","properties":{"id":"14000US05063490300"}},{"arcs":[[-2182,-470,-1568,-254,-246,-248,2184,2185]],"type":"Polygon","properties":{"id":"14000US05063490400"}},{"arcs":[[-2183,-2186,2186,-464,-2181]],"type":"Polygon","properties":{"id":"14000US05063490500"}},{"arcs":[[-472,-2184,-2180,-481]],"type":"Polygon","properties":{"id":"14000US05063490200"}},{"arcs":[[-476,-465,-2187,-2185,-247,-126,-151,-1786]],"type":"Polygon","properties":{"id":"14000US05063490800"}},{"arcs":[[-506,2187,2188,-1900]],"type":"Polygon","properties":{"id":"14000US05109953400"}},{"arcs":[[-2188,-505,-1347,2189]],"type":"Polygon","properties":{"id":"14000US05109953300"}},{"arcs":[[-2189,-2190,-1346,-1240,-1908,-1901]],"type":"Polygon","properties":{"id":"14000US05109953500"}},{"arcs":[[2190,2191,2192,-2119,-1177]],"type":"Polygon","properties":{"id":"14000US05077470400"}},{"arcs":[[2193,-2192,2194]],"type":"Polygon","properties":{"id":"14000US05077470300"}},{"arcs":[[2195,2196,-2195,-2191,-1176]],"type":"Polygon","properties":{"id":"14000US05077470200"}},{"arcs":[[-751,2197,-1880,-1879,2198,-1669,-2120,-2193,-2194,-2197]],"type":"Polygon","properties":{"id":"14000US05077470100"}},{"arcs":[[-1865,-966,-634,-635,-630,-2148,-2146,2199,2200]],"type":"Polygon","properties":{"id":"14000US05039970100"}},{"arcs":[[-2200,-2145,-2017,2201]],"type":"Polygon","properties":{"id":"14000US05039970300"}},{"arcs":[[-2201,-2202,-1871,-2034,-1866]],"type":"Polygon","properties":{"id":"14000US05039970200"}},{"arcs":[[-1113,-1110,-2109,-1264,-1266,-444,-447,-1819,-1514,2202,-178]],"type":"Polygon","properties":{"id":"14000US05137950100"}},{"arcs":[[-1269,-483,-478,-1785,-445,-442]],"type":"Polygon","properties":{"id":"14000US05137950201"}},{"arcs":[[-746,2203,2204]],"type":"Polygon","properties":{"id":"14000US05123960500"}},{"arcs":[[-1814,-950,-743,-752,-2196,-1175,-1182]],"type":"Polygon","properties":{"id":"14000US05123960300"}},{"arcs":[[-956,-1607,-1881,-2198,-750]],"type":"Polygon","properties":{"id":"14000US05123960100"}},{"arcs":[[2205,-2204,-745]],"type":"Polygon","properties":{"id":"14000US05123960600"}},{"arcs":[[-747,-2205,-2206,-744,-741]],"type":"Polygon","properties":{"id":"14000US05123960400"}},{"arcs":[[-1159,2206,2207]],"type":"Polygon","properties":{"id":"14000US05027950301"}},{"arcs":[[-1150,2208,-1155,-1156,-2208,2209,-1717]],"type":"Polygon","properties":{"id":"14000US05027950302"}},{"arcs":[[-1149,2210,-1152,-2209]],"type":"Polygon","properties":{"id":"14000US05027950402"}},{"arcs":[[-1148,-1153,-2211]],"type":"Polygon","properties":{"id":"14000US05027950401"}},{"arcs":[[2211,2212,2213,-1445,2214]],"type":"Polygon","properties":{"id":"14000US05031000102"}},{"arcs":[[-1442,-1447,2215,-1727,-1453]],"type":"Polygon","properties":{"id":"14000US05031000401"}},{"arcs":[[-1432,-1440,2216,-1730]],"type":"Polygon","properties":{"id":"14000US05031000501"}},{"arcs":[[-167,-175,2217,2218,2219,2220,2221]],"type":"Polygon","properties":{"id":"14000US05029950100"}},{"arcs":[[-1214,-168,-2222,2222,-1189]],"type":"Polygon","properties":{"id":"14000US05029950200"}},{"arcs":[[-1195,-2223,-2221,2223,2224]],"type":"Polygon","properties":{"id":"14000US05029950300"}},{"arcs":[[-2225,2225,2226,-1196]],"type":"Polygon","properties":{"id":"14000US05029950400"}},{"arcs":[[-542,-1197,-2227,2227,-1646,-1653,-1651,-532]],"type":"Polygon","properties":{"id":"14000US05029950600"}},{"arcs":[[-2226,-2224,-2220,2228,2229,2230,2231,-1647,-2228]],"type":"Polygon","properties":{"id":"14000US05029950500"}},{"arcs":[[-1983,-865,-1710,2232,2233]],"type":"Polygon","properties":{"id":"14000US05143010401"}},{"arcs":[[-1984,-2234,2234,-857,-845,-871]],"type":"Polygon","properties":{"id":"14000US05143010510"}},{"arcs":[[-2089,2235,-2047,2236]],"type":"Polygon","properties":{"id":"14000US05045031008"}},{"arcs":[[2237,-2041,2238,2239,-2231]],"type":"Polygon","properties":{"id":"14000US05045030503"}},{"arcs":[[-2240,2240,2241,2242,-1648,-2232]],"type":"Polygon","properties":{"id":"14000US05045030504"}},{"arcs":[[-2088,2243,-2042,-2236]],"type":"Polygon","properties":{"id":"14000US05045031007"}},{"arcs":[[2244,-1731,-2217,-1439,-1728,-2216,-1446,-2214]],"type":"Polygon","properties":{"id":"14000US05031000502"}},{"arcs":[[-1460,2245,-2212,2246,2247]],"type":"Polygon","properties":{"id":"14000US05031000101"}},{"arcs":[[-2150,-2179,-1950,-1709,-201]],"type":"Polygon","properties":{"id":"14000US05119003306"}},{"arcs":[[-1958,-1967,2248]],"type":"Polygon","properties":{"id":"14000US05007021001"}},{"arcs":[[-1897,-1911,2249,2250,-1820,-1922,-1919]],"type":"Polygon","properties":{"id":"14000US05057480200"}},{"arcs":[[-1977,-457,2251,2252]],"type":"Polygon","properties":{"id":"14000US05007021201"}},{"arcs":[[-2250,-1910,-1917,-1913,2253]],"type":"Polygon","properties":{"id":"14000US05057480500"}},{"arcs":[[-2251,-2254,-1912,-1244,-1789,-1821]],"type":"Polygon","properties":{"id":"14000US05057480400"}},{"arcs":[[-1357,-1495,-1492,-1794]],"type":"Polygon","properties":{"id":"14000US05119002206"}},{"arcs":[[-1801,-369,-414,-405]],"type":"Polygon","properties":{"id":"14000US05119004306"}},{"arcs":[[-291,-2167,-652,-351,2254,2255,-285,-363,-1302]],"type":"Polygon","properties":{"id":"14000US05119004400"}},{"arcs":[[-286,-2256,2256,-2169,-2174]],"type":"Polygon","properties":{"id":"14000US05119004700"}},{"arcs":[[-2255,-350,-2170,-2257]],"type":"Polygon","properties":{"id":"14000US05119004600"}},{"arcs":[[-456,-1353,2257,-2252]],"type":"Polygon","properties":{"id":"14000US05007021202"}},{"arcs":[[-1165,-1754,-1750,-366]],"type":"Polygon","properties":{"id":"14000US05119003711"}},{"arcs":[[-1654,-698,-380,-55,-74,-77,-727]],"type":"Polygon","properties":{"id":"14000US05125010507"}},{"arcs":[[-940,-198,-1185,-1144,-1915,-317,-1980]],"type":"Polygon","properties":{"id":"14000US05007020401"}},{"arcs":[[-1852,-1042,-1088,-93,2258,2259,2260,2261]],"type":"Polygon","properties":{"id":"14000US05127950100"}},{"arcs":[[2262,-2260]],"type":"Polygon","properties":{"id":"14000US05127950200"}},{"arcs":[[-2261,-2263,-2259,-95,-507,2263,-1833,2264]],"type":"Polygon","properties":{"id":"14000US05127950300"}},{"arcs":[[-1964,-1337,-1973,-872,-816,-847,-775,-817,-1712,-764,-1975]],"type":"Polygon","properties":{"id":"14000US05143010501"}},{"arcs":[[-1527,-136,-1547,-1545,2265,-153]],"type":"Polygon","properties":{"id":"14000US05145070402"}},{"arcs":[[-154,-2266,-1544,-1548,-140]],"type":"Polygon","properties":{"id":"14000US05145070401"}},{"arcs":[[-2045,2266,2267,2268,-2177,2269]],"type":"Polygon","properties":{"id":"14000US05045031101"}},{"arcs":[[2270,2271,-616,-666,-660,-335,-2178,-2269]],"type":"Polygon","properties":{"id":"14000US05045030303"}},{"arcs":[[-2095,-1525,-610,-2272,2272]],"type":"Polygon","properties":{"id":"14000US05045030302"}},{"arcs":[[2273,2274,2275,-2229]],"type":"Polygon","properties":{"id":"14000US05045030103"}},{"arcs":[[2276,2277,-2267,-2044,2278,-2083]],"type":"Polygon","properties":{"id":"14000US05045030404"}},{"arcs":[[2279,2280,-2274,-2219]],"type":"Polygon","properties":{"id":"14000US05045030104"}},{"arcs":[[-174,-2099,2281,-2280,-2218]],"type":"Polygon","properties":{"id":"14000US05045030101"}},{"arcs":[[-2243,2282,-2090,-2237,-2046,-2270,-1799,-408,-1741,-684,-1649]],"type":"Polygon","properties":{"id":"14000US05045031102"}},{"arcs":[[-2281,-2282,-2098,2283,-2275]],"type":"Polygon","properties":{"id":"14000US05045030102"}},{"arcs":[[-2230,-2276,2284,2285,-2037,-2238]],"type":"Polygon","properties":{"id":"14000US05045030401"}},{"arcs":[[-2285,-2284,-2097,-2093,2286,2287]],"type":"Polygon","properties":{"id":"14000US05045030402"}},{"arcs":[[2288,-2085,2289,-2244,-2087,2290]],"type":"Polygon","properties":{"id":"14000US05045030800"}},{"arcs":[[-2239,-2040,-2092,-2289,2291,-2241]],"type":"Polygon","properties":{"id":"14000US05045030600"}},{"arcs":[[-2084,-2279,-2043,-2290]],"type":"Polygon","properties":{"id":"14000US05045030900"}},{"arcs":[[-2242,-2292,-2291,-2086,-2283]],"type":"Polygon","properties":{"id":"14000US05045031001"}},{"arcs":[[-2288,2292,-2277,-2091,-2038,-2286]],"type":"Polygon","properties":{"id":"14000US05045030403"}},{"arcs":[[-2293,-2287,-2096,-2273,-2271,-2268,-2278]],"type":"Polygon","properties":{"id":"14000US05045030301"}},{"arcs":[[-1384,-1421,-1406,2293,2294]],"type":"Polygon","properties":{"id":"14000US05051010700"}},{"arcs":[[2295,-1367,-1371,-1399]],"type":"Polygon","properties":{"id":"14000US05051011602"}},{"arcs":[[2296,-1419,-1422,-1368,-2296,-1404]],"type":"Polygon","properties":{"id":"14000US05051011601"}},{"arcs":[[2297,2298,-1405,-1397,-1415,-1417,-1412]],"type":"Polygon","properties":{"id":"14000US05051011300"}},{"arcs":[[-1401,-1391,2299,2300,-2298,-1411]],"type":"Polygon","properties":{"id":"14000US05051010900"}},{"arcs":[[-2294,-1408,-1420,-2297,-1403,2301,2302]],"type":"Polygon","properties":{"id":"14000US05051011500"}},{"arcs":[[-2295,-2303,2303,-2300,-1385]],"type":"Polygon","properties":{"id":"14000US05051010800"}},{"arcs":[[-2304,-2302,-2299,-2301]],"type":"Polygon","properties":{"id":"14000US05051011400"}},{"arcs":[[-664,-1187,-51,-734]],"type":"Polygon","properties":{"id":"14000US05125010408"}},{"arcs":[[-1232,-257,-1226,-321,2304]],"type":"Polygon","properties":{"id":"14000US05091020100"}},{"arcs":[[-2233,-1711,-858,-2235]],"type":"Polygon","properties":{"id":"14000US05143010402"}},{"arcs":[[-827,-839,-876,-841,-881,-883]],"type":"Polygon","properties":{"id":"14000US05143010107"}},{"arcs":[[-788,-767,-762,2305,2306,2307]],"type":"Polygon","properties":{"id":"14000US05143011002"}},{"arcs":[[-28,-1326,-1486,-777,-877,-850,-866]],"type":"Polygon","properties":{"id":"14000US05143010101"}},{"arcs":[[-785,-824,-812,-1484,-2024,2308,2309]],"type":"Polygon","properties":{"id":"14000US05143011103"}},{"arcs":[[-2306,-761,-805,-832,-786,-2310,2310]],"type":"Polygon","properties":{"id":"14000US05143011003"}},{"arcs":[[-2307,-2311,-2309,-2023,-2028,2311]],"type":"Polygon","properties":{"id":"14000US05143011004"}},{"arcs":[[-1231,-1828,-1222,-1228]],"type":"Polygon","properties":{"id":"14000US05091980000"}},{"arcs":[[2312,-925,-2104,-1282,2313]],"type":"Polygon","properties":{"id":"14000US05089960302"}},{"arcs":[[2314,-2314,-1287,-1288,-587]],"type":"Polygon","properties":{"id":"14000US05089960301"}},{"arcs":[[-1732,-2245,-2213,-2246,-1459]],"type":"Polygon","properties":{"id":"14000US05031000602"}},{"arcs":[[2315,-1566]],"type":"Polygon","properties":{"id":"14000US05075470502"}},{"arcs":[[-1567,-2316,-1565,-1555]],"type":"Polygon","properties":{"id":"14000US05075470501"}},{"arcs":[[-123,2316,2317,2318,2319]],"type":"Polygon","properties":{"id":"14000US05069001402"}},{"arcs":[[2320,2321,2322,-113,-2147,-116]],"type":"Polygon","properties":{"id":"14000US05069002000"}},{"arcs":[[-2050,2323,-120]],"type":"Polygon","properties":{"id":"14000US05069000302"}},{"arcs":[[-2052,-109,2324,2325]],"type":"Polygon","properties":{"id":"14000US05069000900"}},{"arcs":[[2326,-106,-2317,-122]],"type":"Polygon","properties":{"id":"14000US05069001401"}},{"arcs":[[-2067,2327]],"type":"Polygon","properties":{"id":"14000US05069000102"}},{"arcs":[[-691,-2070,-2328,-2066,-1070,-1057,-1502,-2051,-101,-2048]],"type":"Polygon","properties":{"id":"14000US05069002300"}},{"arcs":[[-2324,-2049,-107,-2327,-121]],"type":"Polygon","properties":{"id":"14000US05069000303"}},{"arcs":[[-1461,-2248,2328,-1469]],"type":"Polygon","properties":{"id":"14000US05031000200"}},{"arcs":[[-103,-2053,-2326,2329,2330]],"type":"Polygon","properties":{"id":"14000US05069001000"}},{"arcs":[[2331,-104,-2331,2332,2333]],"type":"Polygon","properties":{"id":"14000US05069001200"}},{"arcs":[[-105,-2332,2334,-2318]],"type":"Polygon","properties":{"id":"14000US05069001300"}},{"arcs":[[-2319,-2335,2335,-2321,-115,2336]],"type":"Polygon","properties":{"id":"14000US05069001501"}},{"arcs":[[-2334,2337,2338,-2322,-2336]],"type":"Polygon","properties":{"id":"14000US05069001502"}},{"arcs":[[-2247,-2215,-1448,-1456,-1451,-1470,-2329]],"type":"Polygon","properties":{"id":"14000US05031000300"}},{"arcs":[[-2333,2339,2340,-2338]],"type":"Polygon","properties":{"id":"14000US05069001600"}},{"arcs":[[-2330,2341,2342,-2340]],"type":"Polygon","properties":{"id":"14000US05069001700"}},{"arcs":[[-2341,-2343,2343,-2323,-2339]],"type":"Polygon","properties":{"id":"14000US05069001800"}},{"arcs":[[-2203,-1513,-909,-913,-179]],"type":"Polygon","properties":{"id":"14000US05141460301"}},{"arcs":[[-2342,-2325,-108,-2344]],"type":"Polygon","properties":{"id":"14000US05069001903"}},{"arcs":[[-124,-2320,-2337,-114,-628]],"type":"Polygon","properties":{"id":"14000US05069002103"}},{"arcs":[[2344,-884,-986]],"type":"Polygon","properties":{"id":"14000US05121960302"}},{"arcs":[[-885,-2345,-985]],"type":"Polygon","properties":{"id":"14000US05121960301"}},{"arcs":[[-1837,-1839,2345,2346,2347,2348]],"type":"Polygon","properties":{"id":"14000US05113950300"}},{"arcs":[[2349,-1834,-2264,-508,-499,2350,-2347]],"type":"Polygon","properties":{"id":"14000US05113950100"}},{"arcs":[[2351,-1903,-1106,-1093,2352]],"type":"Polygon","properties":{"id":"14000US05113950600"}},{"arcs":[[-2348,-2351,-498,-1899,-2352,2353]],"type":"Polygon","properties":{"id":"14000US05113950500"}},{"arcs":[[-1838,-1835,-2350,-2346]],"type":"Polygon","properties":{"id":"14000US05113950400"}}]}}}