{"type":"Topology","arcs":[[[31250,52227],[19,0]],[[31269,52227],[133,3],[22,3]],[[31424,52233],[7,-13]],[[31431,52220],[2,-160]],[[31433,52060],[-172,-3]],[[31261,52057],[10,47],[-3,96],[-11,16]],[[31257,52216],[-7,11]],[[31633,52286],[22,11]],[[31655,52297],[100,60]],[[31755,52357],[-2,-199],[1,-95],[-2,-62]],[[31752,52001],[-48,61],[-39,-1]],[[31665,52061],[1,145],[-10,17],[-51,-1]],[[31605,52222],[6,39],[22,25]],[[29147,58599],[-4,-60]],[[29143,58539],[-32,0]],[[29111,58539],[2,54],[34,6]],[[28950,58660],[7,0],[2,80],[84,-2],[10,-38],[18,0],[1,38],[39,-1]],[[29111,58737],[37,-5]],[[29148,58732],[-1,-133]],[[29111,58539],[-27,-11],[6,-46],[-91,-40],[-49,218]],[[28407,57910],[106,2],[48,-4],[3,371],[0,66]],[[28564,58345],[297,-1],[15,-1]],[[28876,58343],[-4,-438]],[[28872,57905],[-2,-206],[-3,-40],[4,-100],[-4,-53]],[[28867,57506],[0,-38]],[[28867,57468],[-254,3]],[[28613,57471],[-41,3],[-22,-8],[-41,-26]],[[28509,57440],[-10,33],[-1,71],[-12,60]],[[28486,57604],[-6,31],[-51,143],[-16,84],[-6,48]],[[30590,53405],[104,1]],[[30694,53406],[0,-53],[11,-27]],[[30705,53326],[-76,-2]],[[30629,53324],[-38,1]],[[30591,53325],[-1,80]],[[30819,53569],[2,-80]],[[30821,53489],[-39,-1]],[[30782,53488],[-1,80],[38,1]],[[26144,34570],[170,0]],[[26314,34570],[42,-1]],[[26356,34569],[-1,-31],[-21,-11],[1,-35],[-32,-1]],[[26303,34491],[0,36],[-40,-2],[-30,6]],[[26233,34531],[-89,-1]],[[26144,34530],[0,40]],[[22952,42938],[19,-8],[58,-2],[18,-16],[22,-3],[33,-22]],[[23102,42887],[34,-52],[-25,-7],[-5,-16],[-105,0],[1,-151],[2,-88],[-152,-2],[-2,160],[-191,-2],[0,40]],[[22659,42769],[2,130],[-4,16],[-1,135],[32,1],[37,-22],[21,-22],[12,-31],[46,7],[20,-30],[45,-12],[39,-2],[17,-9],[27,8]],[[24538,45487],[198,7]],[[24736,45494],[-118,-129],[22,-11],[0,-39],[48,1],[9,-40],[-64,-1],[1,-30],[-12,-15],[2,-75],[-196,-5],[25,64],[4,34],[0,102],[15,37],[18,21],[50,26],[-2,53]],[[29129,51207],[210,6]],[[29339,51213],[1,-35],[-35,-1],[0,-19],[-51,-10],[6,-27],[24,-17],[1,-53],[-152,-3]],[[29133,51048],[-4,159]],[[29609,50738],[148,2]],[[29757,50740],[1,-59],[-19,-21],[-48,-1],[19,-19],[1,-22],[-28,-17]],[[29683,50601],[-71,-42]],[[29612,50559],[-2,99]],[[29610,50658],[-1,80]],[[30098,49683],[67,0],[29,7],[57,23]],[[30251,49713],[0,-150],[-5,-27],[-37,-95]],[[30209,49441],[-111,0]],[[30098,49441],[0,242]],[[29963,53633],[39,1],[-1,40],[10,0],[-1,40]],[[30010,53714],[28,1]],[[30038,53715],[2,-81]],[[30040,53634],[2,-59]],[[30042,53575],[-42,-13],[-36,2]],[[29964,53564],[-1,69]],[[30512,55325],[40,1]],[[30552,55326],[36,1]],[[30588,55327],[1,-20],[19,0],[1,-60]],[[30609,55247],[-21,0]],[[30588,55247],[-35,-1]],[[30553,55246],[-14,-1]],[[30539,55245],[-27,80]],[[30520,54924],[40,1]],[[30560,54925],[1,-40]],[[30561,54885],[0,-40]],[[30561,54845],[-39,-1]],[[30522,54844],[-1,40]],[[30521,54884],[-1,40]],[[30625,54846],[51,1],[-1,80]],[[30675,54927],[39,1]],[[30714,54928],[0,-40]],[[30714,54888],[1,-40]],[[30715,54848],[-13,-1],[1,-80]],[[30703,54767],[-5,0]],[[30698,54767],[-43,-1]],[[30655,54766],[-18,40],[-12,40]],[[30412,54522],[39,0],[-1,43]],[[30450,54565],[19,-24]],[[30469,54541],[23,-18]],[[30492,54523],[25,-43],[36,-17],[5,-19]],[[30558,54444],[-28,0]],[[30530,54444],[-45,-1]],[[30485,54443],[-32,-1]],[[30453,54442],[-39,0]],[[30414,54442],[-2,80]],[[29934,53072],[78,2]],[[30012,53074],[40,0]],[[30052,53074],[1,-56]],[[30053,53018],[-1,-24]],[[30052,52994],[-116,-2]],[[29936,52992],[-2,80]],[[30694,53406],[109,2]],[[30803,53408],[19,1]],[[30822,53409],[10,0],[1,-80]],[[30833,53329],[-128,-3]],[[30666,53486],[11,-30],[67,2],[39,-5]],[[30783,53453],[19,-5],[1,-40]],[[30694,53406],[-35,53]],[[30659,53459],[7,27]],[[30821,53489],[10,-20],[-10,-20],[1,-40]],[[30783,53453],[-1,35]],[[30754,52927],[77,1]],[[30831,52928],[1,-70]],[[30832,52858],[-29,0],[-9,-10]],[[30794,52848],[-39,-1]],[[30755,52847],[-1,80]],[[30752,53007],[39,0]],[[30791,53007],[38,1]],[[30829,53008],[2,-80]],[[30754,52927],[-2,80]],[[25681,56346],[-11,40],[30,18]],[[25700,56404],[48,-37],[20,-21],[37,7],[31,-15],[130,-72],[103,-63]],[[26069,56203],[1,-199]],[[26070,56004],[-123,0],[-80,-2]],[[25867,56002],[-56,0]],[[25811,56002],[-122,-1],[-44,2]],[[25645,56003],[20,139],[-5,104],[21,57],[0,43]],[[25143,56403],[155,1],[146,-4],[28,-16],[43,-6],[89,-21],[77,-11]],[[25645,56003],[-194,0]],[[25451,56003],[-156,1],[-156,-2]],[[25139,56002],[4,314],[0,87]],[[23174,55998],[109,0]],[[23283,55998],[348,1],[283,2],[153,3],[203,-1]],[[24270,56003],[1,-289]],[[24271,55714],[0,-200],[4,-166],[1,-158],[-12,-33],[-25,-17],[-44,-10],[-28,-22],[-5,-30]],[[24162,55078],[-87,-3],[-811,-11],[-84,0]],[[23180,55064],[-2,319],[-2,340]],[[23176,55723],[-2,275]],[[25655,56539],[5,16],[102,157],[7,13],[-2,55],[-8,20]],[[25759,56800],[155,1],[1,-79]],[[25915,56722],[-2,-124]],[[25913,56598],[-8,2],[-110,1],[-68,-4],[-49,-58],[-23,0]],[[24912,57437],[0,79]],[[24912,57516],[154,-1]],[[25066,57515],[76,0]],[[25142,57515],[1,-122]],[[25143,57393],[-50,4],[-16,-5],[-49,0],[0,-35],[-28,1]],[[25000,57358],[-30,0],[-4,-32],[-19,-14],[-35,-2]],[[24912,57310],[0,127]],[[25142,57515],[39,0]],[[25181,57515],[23,-5],[15,-37],[22,-17],[37,-55],[17,2],[0,-44]],[[25295,57359],[-152,-3]],[[25143,57356],[0,37]],[[30679,54687],[39,1]],[[30718,54688],[38,1]],[[30756,54689],[1,-21]],[[30757,54668],[-39,0],[1,-11]],[[30719,54657],[-13,10],[-26,0]],[[30680,54667],[-1,20]],[[30608,54445],[38,1]],[[30646,54446],[39,1]],[[30685,54447],[2,-80]],[[30687,54367],[-2,-10],[-46,-2]],[[30639,54355],[-39,59],[-18,1],[-24,29]],[[30558,54444],[50,1]],[[30639,54355],[5,-15]],[[30644,54340],[-33,-14]],[[30611,54326],[-39,-1]],[[30572,54325],[-1,40],[-39,-1]],[[30532,54364],[-2,80]],[[30806,54210],[39,1]],[[30845,54211],[31,0]],[[30876,54211],[1,-53]],[[30877,54158],[-45,-1]],[[30832,54157],[0,17],[-25,-1]],[[30807,54173],[-1,37]],[[30128,55079],[78,1]],[[30206,55080],[93,2]],[[30299,55082],[23,-104]],[[30322,54978],[-37,10]],[[30285,54988],[-28,-24],[-30,-5],[-19,13]],[[30208,54972],[-37,16],[-9,11],[-32,0]],[[30130,54999],[-2,80]],[[29977,54855],[23,-19]],[[30000,54836],[-16,0],[30,-80]],[[30014,54756],[3,-80]],[[30017,54676],[-37,0]],[[29980,54676],[-2,80]],[[29978,54756],[-1,99]],[[30404,53001],[77,2]],[[30481,53003],[42,0]],[[30523,53003],[1,-81]],[[30524,52922],[-119,-1]],[[30405,52921],[-1,80]],[[30524,52922],[2,-80]],[[30526,52842],[-41,0]],[[30485,52842],[-78,-1]],[[30407,52841],[-1,20]],[[30406,52861],[-1,60]],[[30399,54762],[47,1]],[[30446,54763],[2,-81]],[[30448,54682],[1,-40]],[[30449,54642],[-1,-40],[40,1]],[[30488,54603],[1,-50],[-20,-12]],[[30450,54565],[-16,7],[-20,30]],[[30414,54602],[-21,32],[-9,48]],[[30384,54682],[-4,41],[19,39]],[[16360,2984],[53,45],[22,23],[33,-21],[7,-39],[18,-17],[40,-7],[4,-28],[13,-3],[38,8],[13,-19],[-2,-29],[-12,-20],[12,-50],[-3,-16],[-83,-34],[18,-20],[33,-3],[51,-26],[56,-19],[38,-5],[37,27],[54,30],[37,10],[25,-7],[50,-1],[35,18],[22,26],[30,1],[29,-37],[14,7],[10,34],[23,19],[29,9],[11,22],[46,44],[39,9],[35,-13],[34,-6],[8,28],[19,-4],[40,-21],[54,-38],[43,-20],[-2,-33],[16,-48],[30,-27],[70,-11],[10,-14],[34,4],[22,-22],[44,-3],[19,-51],[23,27],[27,10],[24,-14],[9,9],[33,-20],[25,1],[21,12],[12,-13],[16,23],[-5,20],[39,17],[16,-6]],[[17916,2702],[0,-31],[-14,-15],[37,-33],[-3,-32],[-17,-22],[21,-17],[-3,-44],[28,-5],[5,-12],[28,-14],[-9,-24],[11,-29],[-8,-27],[-22,-2],[-21,-35],[-20,-22],[-38,11],[-13,-39],[21,-23],[-10,-17],[9,-32],[-14,-35],[37,-10],[4,-35],[-12,-33],[-30,-2],[-4,-19],[-18,-10],[12,-22],[67,3],[10,-14],[-11,-31],[-4,-39],[18,-54],[-2,-23],[-18,-19],[-47,-26],[-13,-22],[-1,-42],[-13,-31],[-19,-22],[-13,-30],[7,-31],[29,-19],[8,-28],[-9,-16],[31,-12],[-13,-18],[35,-13],[-1,-21],[-24,5],[1,-26],[17,-22],[13,-2],[5,-38],[26,-26],[11,13],[20,-5],[13,-42]],[[17996,1421],[-13,-54],[-18,-19],[-32,-45],[-31,-57],[71,-135]],[[17973,1111],[-37,-81],[-36,9],[-126,4],[-27,17],[-82,6],[-49,15],[-60,11],[-5,-14],[-20,-115],[12,-46],[15,-36],[22,-32],[26,-28],[82,-51],[107,-47],[91,-81],[50,-60],[19,-85],[-47,-170],[-22,-41],[-26,-32],[-37,-32],[-35,-20],[-108,39],[-164,184],[-35,42],[-47,36],[-65,42],[-118,62],[-130,51],[-114,91],[-23,24],[-17,26],[-24,58],[-6,75],[2,29],[34,87],[16,53],[18,71],[9,54],[-1,45],[-24,95],[-44,95],[-38,55],[-35,32],[-61,46],[-59,50],[-48,56],[-88,145],[-77,153],[-24,101],[-72,144],[-70,150],[-46,126],[-7,42],[-39,163],[1,40],[14,44],[46,118],[16,58]],[[17996,1421],[25,-7],[11,13],[28,7],[12,-53],[24,8],[17,-21],[-10,-27],[27,8],[9,-27],[22,-8],[28,20],[20,2],[26,-12],[74,-15],[11,-12],[29,-9],[22,-15],[29,2],[5,25],[35,5],[9,-5],[6,-35],[49,-48]],[[18504,1217],[33,-24],[31,-75],[8,-32],[23,-3],[25,14],[12,-20]],[[18636,1077],[-14,-22],[-32,-94],[-12,-50],[-15,-76],[-10,-78],[13,-149],[12,-42],[21,-54],[34,-69]],[[18633,443],[-60,-34],[-27,-23],[-15,36],[-52,-27],[-11,3],[-27,-17]],[[18441,381],[-16,74],[-18,49],[-21,30],[-97,80],[-78,54],[-54,50],[-39,59],[-18,42],[-50,142],[-35,78],[-42,72]],[[16131,4003],[135,-1],[139,1],[149,0],[183,2],[241,-4],[135,0],[296,8],[149,-8],[151,5],[145,8],[173,-3]],[[18027,4011],[39,-40],[25,4],[21,-7],[73,8],[42,-4],[10,-25],[18,-20],[23,-8],[8,-23],[34,-23],[14,7],[27,-22],[-18,-27],[24,-21],[20,-113],[5,-191],[-37,-51],[-24,-47],[-19,6],[-27,-14],[-39,-7],[-6,-17],[-33,-11],[-14,-34],[-83,-30],[-34,-48],[7,-12],[-35,-14],[-4,-20],[-17,-27],[1,-22],[-18,-14],[18,-16],[-13,-79],[-3,-49],[-13,-18],[-7,-42],[-15,-34],[-2,-29],[-31,-43],[-12,30],[-29,-49],[-18,2],[-8,-16],[17,-16],[17,-34],[13,-3],[-8,-46]],[[16360,2984],[-2,57],[-20,39],[-49,24],[-29,6],[-69,-3],[-39,-12],[-46,-7],[-52,79],[-47,57],[-55,84],[-49,83],[-18,47],[-7,34],[6,63],[16,37],[9,44],[4,48],[10,52],[25,64],[12,15],[87,79],[17,21],[31,72],[36,36]],[[18633,443],[18,-39],[78,-87],[105,-100],[84,-69],[29,-19],[-25,-18],[-43,-17],[-24,0],[-43,-13],[-94,-54],[-66,-27],[-57,6],[-66,29],[-53,72],[-15,62],[-8,45],[-2,40],[2,73],[-12,54]],[[14236,52931],[51,-31],[42,-10],[54,-6]],[[14383,52884],[90,11]],[[14473,52895],[-32,-36],[0,-91],[77,0],[0,-78]],[[14518,52690],[-76,35],[0,-22],[-52,0],[1,45],[-50,15],[-85,4],[23,17],[7,34],[-11,10],[-10,32],[-29,19],[0,52]],[[14109,52537],[371,1],[346,0],[32,5],[30,18],[44,49]],[[14932,52610],[47,0]],[[14979,52610],[-3,-155],[-3,-637]],[[14973,51818],[-15,-1],[-292,-2],[-615,-2],[2,452],[1,139],[26,85],[13,32],[16,16]],[[10115,52883],[161,112],[42,24],[106,41],[59,17],[66,28],[47,43],[11,54],[-10,138],[0,35],[-17,58],[6,53]],[[10586,53486],[84,0],[44,13],[79,47],[27,147],[16,40],[34,20],[4,45],[7,23],[71,125],[-45,-4],[-63,1],[-32,24],[-22,9],[-28,-1],[-17,-9],[-24,3]],[[10721,53969],[74,178],[27,95],[2,98],[11,147]],[[10835,54487],[208,0],[9,5],[77,3],[219,0],[266,6],[145,1]],[[11759,54502],[-4,-114],[0,-202],[2,-148],[0,-452],[2,-33],[-147,1],[19,-25],[85,-52],[43,-19]],[[11759,53458],[-1,-273],[0,-424],[76,-1]],[[11834,52760],[0,-117],[78,-2],[1,-123],[-18,-37],[-34,-35],[-139,0],[-19,36],[-17,46],[-48,70],[-43,56],[-57,60],[-23,48],[-222,-2],[-134,2],[0,-153],[-4,-73],[-38,-6],[0,-33],[-110,37],[-130,42],[-52,30],[-119,53],[-94,30],[-251,-1],[-28,83],[-96,-2],[-3,-6],[-64,0],[-9,48],[-27,-45],[-38,-31]],[[10096,52735],[-1,24],[23,57],[-3,67]],[[14091,53007],[5,13],[0,64],[296,3]],[[14392,53087],[-1,-80]],[[14391,53007],[-8,-123]],[[14236,52931],[-20,7],[-44,4],[-23,-9],[-20,-46],[-26,2],[-38,34],[-24,3],[-24,-25],[11,-27],[31,-21],[10,-15],[9,-37],[-6,-35]],[[14072,52766],[-119,-1],[-9,103],[3,16],[35,68],[19,12],[52,6],[41,23],[-3,14]],[[30140,54518],[77,1]],[[30217,54519],[1,-45]],[[30218,54474],[-73,-1],[6,-35]],[[30151,54438],[-10,0]],[[30141,54438],[-7,0]],[[30134,54438],[-30,80]],[[30104,54518],[36,0]],[[30024,54196],[121,2]],[[30145,54198],[2,-80]],[[30147,54118],[1,-81]],[[30148,54037],[-39,-1]],[[30109,54036],[-39,0]],[[30070,54036],[-39,-1]],[[30031,54035],[-5,80]],[[30026,54115],[-2,81]],[[30386,53831],[38,0]],[[30424,53831],[6,-30]],[[30430,53801],[18,-42],[0,-37]],[[30448,53722],[-59,-1]],[[30389,53721],[-2,80]],[[30387,53801],[-1,30]],[[14473,52895],[71,28]],[[14544,52923],[41,15],[46,29]],[[14631,52967],[-7,-32],[-22,-64],[-2,-101],[-7,-22],[-41,-74]],[[14552,52674],[-34,16]],[[26063,50534],[76,1],[-1,30],[53,1]],[[26191,50566],[1,-30],[22,0],[-3,-49],[-70,-2],[5,-159]],[[26146,50326],[-77,-1]],[[26069,50325],[-5,159]],[[26064,50484],[-1,50]],[[26904,51136],[77,3]],[[26981,51139],[4,-160],[-76,-2]],[[26909,50977],[-5,159]],[[25937,50215],[57,1],[0,27],[76,2],[155,2]],[[26225,50247],[134,2],[0,23],[18,0],[1,-22]],[[26378,50250],[2,-80]],[[26380,50170],[-153,-2],[4,-160]],[[26231,50008],[-216,-4],[-18,-12],[-53,-64]],[[25944,49928],[-7,287]],[[25886,52242],[204,3]],[[26090,52245],[3,-103]],[[26093,52142],[-44,-11],[-99,2],[-10,2]],[[25940,52135],[-53,25]],[[25887,52160],[-1,82]],[[26191,50566],[32,0],[-1,49],[21,-1],[15,-15],[4,-23],[24,8],[38,-5],[22,-11],[22,0]],[[26368,50568],[3,-79]],[[26371,50489],[-106,-2],[-15,-42],[14,-22],[-1,-16],[-20,-31],[-35,-16],[-8,-33]],[[26200,50327],[-54,-1]],[[26090,52245],[234,4]],[[26324,52249],[3,-170]],[[26327,52079],[2,-81]],[[26329,51998],[-233,-5]],[[26096,51993],[0,17]],[[26096,52010],[-3,132]],[[26222,50327],[154,2]],[[26376,50329],[77,1]],[[26453,50330],[1,-39],[-34,-1],[1,-40],[-43,0]],[[26225,50247],[-3,80]],[[26329,51998],[7,-239]],[[26336,51759],[-234,-5]],[[26102,51754],[-6,239]],[[26659,50747],[112,-93],[57,1]],[[26828,50655],[5,-159]],[[26833,50496],[-104,102],[-19,-18],[-33,-4],[1,-43]],[[26678,50533],[-78,-1],[-7,39],[-64,-1]],[[26529,50570],[15,33],[17,23],[81,90],[17,31]],[[27030,51860],[169,6]],[[27199,51866],[72,4]],[[27271,51870],[5,-171]],[[27276,51699],[-255,-182],[-49,-34]],[[26972,51483],[-6,296]],[[26966,51779],[-2,80],[66,1]],[[25940,52135],[2,-55],[44,-5],[0,-53],[5,-40],[10,-23]],[[26001,51959],[-111,-33]],[[25890,51926],[0,2]],[[25890,51928],[-3,232]],[[26137,51435],[209,5]],[[26346,51440],[4,-160]],[[26350,51280],[-135,-3]],[[26215,51277],[-78,158]],[[26336,51759],[6,-160]],[[26342,51599],[-235,-5]],[[26107,51594],[-5,160]],[[26342,51599],[4,-159]],[[26137,51435],[-28,63],[-2,96]],[[26336,51759],[153,2]],[[26489,51761],[50,-3],[39,7],[63,2]],[[26641,51767],[-49,-87],[-30,-76],[-26,-160],[-190,-4]],[[26794,51995],[23,12],[6,38],[21,1],[33,22],[16,-8],[54,13],[0,21]],[[26947,52094],[47,11],[22,-9],[6,20],[30,16],[24,-5],[4,-18],[67,-10],[6,8],[71,1],[16,4],[25,-9]],[[27265,52103],[-6,-37],[8,-12]],[[27267,52054],[-72,-11]],[[27195,52043],[-227,-39]],[[26968,52004],[-46,-10],[-126,-63]],[[26796,51931],[-2,64]],[[26195,51277],[7,-240],[4,-77]],[[26206,50960],[-156,-6],[2,-70],[31,-41],[9,-42]],[[26092,50801],[-43,-6],[-111,-4],[-20,10]],[[25918,50801],[-15,469]],[[25903,51270],[292,7]],[[26195,51277],[20,0]],[[26350,51280],[4,-220]],[[26354,51060],[-12,-10],[-16,-40],[-30,-45],[-90,-5]],[[26641,51767],[158,5]],[[26799,51772],[9,-276],[1,-124]],[[26809,51372],[2,-77]],[[26811,51295],[-105,-4]],[[26706,51291],[-224,-8],[-132,-3]],[[26799,51772],[167,7]],[[26972,51483],[0,-1]],[[26972,51482],[-70,-39],[-93,-71]],[[25933,50324],[136,1]],[[26200,50327],[22,0]],[[25937,50215],[-4,109]],[[26659,50747],[8,65]],[[26667,50812],[8,0]],[[26675,50812],[72,2]],[[26747,50814],[77,1]],[[26824,50815],[4,-160]],[[26738,51133],[77,1]],[[26815,51134],[5,-160]],[[26820,50974],[4,-159]],[[26747,50814],[2,77],[-6,3],[0,75],[-5,164]],[[26968,52004],[14,-52],[13,-30],[-2,-23],[19,-9],[18,-30]],[[26799,51772],[-3,159]],[[26815,51134],[89,2]],[[26909,50977],[-89,-3]],[[26663,51132],[75,1]],[[26675,50812],[-4,11],[-5,69],[-3,240]],[[25928,50483],[136,1]],[[25933,50324],[-5,159]],[[25924,50639],[136,5],[3,-110]],[[25928,50483],[-4,156]],[[26975,51301],[197,6]],[[27172,51307],[1,-41],[9,-42],[82,3],[8,-12],[2,-66]],[[27274,51149],[-103,-4],[-23,-11],[-21,10],[-146,-5]],[[26981,51139],[-6,162]],[[27172,51307],[35,1]],[[27207,51308],[119,5]],[[27326,51313],[2,-162],[-54,-2]],[[26794,51996],[0,-1]],[[26641,51767],[3,25],[-2,74],[23,20],[28,63],[37,42],[25,6],[23,-14],[16,13]],[[26354,51060],[8,-254]],[[26362,50806],[-126,-1],[-144,-4]],[[26096,52010],[-62,-40],[-33,-11]],[[26486,51901],[155,7],[-5,178]],[[26636,52086],[143,5],[12,8]],[[26791,52099],[3,-103]],[[26489,51761],[-3,140]],[[29449,50894],[156,3]],[[29605,50897],[4,-159]],[[29610,50658],[-154,-4]],[[29456,50654],[-7,240]],[[25869,55670],[17,10],[149,6],[100,2]],[[26135,55688],[-4,-64],[6,-24]],[[26137,55600],[-56,2]],[[26081,55602],[-26,-1],[-79,24],[-107,44]],[[25869,55669],[0,1]],[[25143,57356],[1,-158]],[[25144,57198],[1,-238]],[[25145,56960],[-120,0]],[[25025,56960],[3,44],[0,195],[40,0],[-2,111],[-49,1],[-27,-9],[-1,38],[11,18]],[[23194,60707],[3,-273],[-33,-150],[-9,-80],[-11,-44],[-21,-45],[-4,-57],[-31,-31],[-6,-13],[0,-108],[-188,0],[2,-80]],[[22896,59826],[-329,2],[-221,0]],[[22346,59828],[-2,316],[-1,160],[-4,162],[-4,225]],[[22335,60691],[409,14],[215,2],[235,0]],[[18629,58338],[180,-15]],[[18809,58323],[0,-195]],[[18809,58128],[-4,-1]],[[18805,58127],[-41,37],[-31,16],[-44,10],[-65,5]],[[18624,58195],[0,60],[5,83]],[[18809,58323],[195,-16]],[[19004,58307],[0,-66],[-29,0],[0,-50]],[[18975,58191],[-57,-17],[-109,-46]],[[19004,58307],[0,48]],[[19004,58355],[130,2]],[[19134,58357],[2,-61],[-5,-66],[4,-11]],[[19135,58219],[-33,-4]],[[19102,58215],[-127,-24]],[[19314,57881],[117,1]],[[19431,57882],[1,-201]],[[19432,57681],[-80,0]],[[19352,57681],[-38,-1]],[[19314,57680],[0,201]],[[20344,31696],[42,0],[-2,81],[19,0]],[[20403,31777],[36,1]],[[20439,31778],[3,-138],[-2,-23],[19,0]],[[20459,31617],[-3,-42],[-23,0],[1,-37]],[[20434,31538],[-28,0],[-44,-89]],[[20362,31449],[-4,78],[-12,9]],[[20346,31536],[-2,73]],[[20344,31609],[0,87]],[[30136,54678],[79,2]],[[30215,54680],[77,1]],[[30292,54681],[1,-80]],[[30293,54601],[0,-5]],[[30293,54596],[-6,5],[-71,-1]],[[30216,54600],[-78,-2]],[[30138,54598],[-2,80]],[[29632,54589],[37,1]],[[29669,54590],[3,-80]],[[29672,54510],[2,-81]],[[29674,54429],[2,-79]],[[29676,54350],[-33,11]],[[29643,54361],[-7,16],[-3,132]],[[29633,54509],[-1,80]],[[29507,54507],[126,2]],[[29643,54361],[-120,59],[-14,6]],[[29509,54426],[-2,48]],[[29507,54474],[0,33]],[[30025,54355],[60,1]],[[30085,54356],[77,2]],[[30162,54358],[16,-39]],[[30178,54319],[-34,0]],[[30144,54319],[-78,-2],[-40,5]],[[30026,54322],[-1,33]],[[30513,54330],[20,1],[-1,33]],[[30572,54325],[-39,0],[1,-41]],[[30534,54284],[-40,34]],[[30494,54318],[19,12]],[[30036,53828],[58,22],[1,-22],[58,1]],[[30153,53829],[41,-5],[-1,14]],[[30193,53838],[38,1]],[[30231,53839],[38,0]],[[30269,53839],[39,1],[0,-10]],[[30308,53830],[1,-30]],[[30309,53800],[-39,-1]],[[30270,53799],[-38,-1]],[[30232,53798],[-78,-1]],[[30154,53797],[-118,-2]],[[30036,53795],[0,33]],[[30309,53800],[78,1]],[[30389,53721],[1,-41]],[[30390,53680],[-29,0]],[[30361,53680],[-30,-1],[0,-18],[-19,-2]],[[30312,53659],[-1,48]],[[30311,53707],[-2,93]],[[30430,53801],[35,1]],[[30465,53802],[20,0]],[[30485,53802],[137,3]],[[30622,53805],[38,0]],[[30660,53805],[39,1]],[[30699,53806],[2,-79]],[[30701,53727],[-59,-2]],[[30642,53725],[-19,0]],[[30623,53725],[-39,-1]],[[30584,53724],[-58,-6]],[[30526,53718],[-30,-2],[-48,6]],[[30314,53559],[39,1]],[[30353,53560],[44,1]],[[30397,53561],[56,1]],[[30453,53562],[1,-111]],[[30454,53451],[-60,-26]],[[30394,53425],[-77,-34]],[[30317,53391],[-1,88]],[[30316,53479],[-2,80]],[[30913,53491],[24,0]],[[30937,53491],[68,1]],[[31005,53492],[0,-20],[-29,-1],[1,-60]],[[30977,53411],[-39,0]],[[30938,53411],[-18,-1]],[[30920,53410],[-5,0]],[[30915,53410],[-2,81]],[[26633,52255],[153,3]],[[26786,52258],[5,-159]],[[26636,52086],[-3,169]],[[26478,52251],[155,4]],[[26636,52086],[-154,-5]],[[26482,52081],[-4,170]],[[27304,50192],[4,44]],[[27308,50236],[33,118]],[[27341,50354],[28,1]],[[27369,50355],[18,-18]],[[27387,50337],[2,-118],[-2,-56],[42,-4]],[[27429,50159],[1,-27],[-42,-1]],[[27388,50131],[-73,-1],[-25,-7]],[[27290,50123],[14,69]],[[26972,50102],[75,3]],[[27047,50105],[3,-98]],[[27050,50007],[3,-105]],[[27053,49902],[-77,-3]],[[26976,49899],[-4,203]],[[27032,52266],[116,4]],[[27148,52270],[314,10]],[[27462,52280],[-22,-73],[-21,-43]],[[27419,52164],[-16,6],[-34,-51],[-52,-11],[-52,-5]],[[26947,52094],[-10,63],[7,22],[33,19],[28,1],[20,13],[8,17],[-1,37]],[[26506,55416],[59,-15]],[[26565,55401],[-5,-27],[22,-42],[-13,-46]],[[26569,55286],[-66,21]],[[26503,55307],[-26,10],[25,72],[4,27]],[[29345,54973],[0,9],[59,2],[3,-39],[16,0],[1,40],[78,3]],[[29502,54988],[-1,-69]],[[29501,54919],[0,-11]],[[29501,54908],[-73,-2]],[[29428,54906],[-83,-3]],[[29345,54903],[0,70]],[[30377,54361],[68,1]],[[30445,54362],[10,0]],[[30455,54362],[0,-39]],[[30455,54323],[-39,-1]],[[30416,54322],[-39,0]],[[30377,54322],[0,39]],[[30619,53909],[78,2]],[[30697,53911],[1,-47]],[[30698,53864],[-39,-6]],[[30659,53858],[-39,-1]],[[30620,53857],[-1,29]],[[30619,53886],[0,23]],[[30454,53451],[54,23],[22,4]],[[30530,53478],[20,0]],[[30550,53478],[1,-74]],[[30551,53404],[-73,-1],[2,-80]],[[30480,53323],[-15,-1]],[[30465,53322],[-9,52],[-2,77]],[[20476,58012],[16,18],[43,6],[31,25],[25,13],[32,-1],[18,28],[99,-16],[18,-13],[19,10],[9,22],[44,28],[9,16],[22,-6],[17,6],[-3,20],[-17,8],[-5,23],[29,15],[19,33],[13,-13]],[[20914,58234],[4,-24],[25,10],[14,-4],[21,-54],[28,-19],[6,-20],[16,-18],[35,-4],[39,-22],[8,-13]],[[21110,58066],[0,-14]],[[21110,58052],[0,-218],[155,1]],[[21265,57835],[186,3],[-20,52],[-10,36],[0,133],[1,70]],[[21422,58129],[57,-1],[16,8],[34,-1],[30,-16],[42,-39],[11,4],[38,-19],[128,-1],[53,36],[81,0],[22,-11],[47,11],[10,26],[40,9],[12,-14],[47,4],[26,19],[16,-9],[23,12],[50,-14],[17,-22],[20,-3],[24,-17],[37,-5],[7,-20],[40,19]],[[22350,58085],[1,-43]],[[22351,58042],[-1,-347],[-1,-404],[0,-336]],[[22349,56955],[-156,0],[-299,-1],[-250,1],[-271,-2],[-654,-9],[-234,-3]],[[20485,56941],[0,160],[-3,325],[-4,320],[-3,141]],[[20475,57887],[1,125]],[[7222,49527],[53,-54],[40,-14],[18,-22],[17,-38],[33,-48],[32,-24],[48,37]],[[7463,49364],[59,8],[82,-11]],[[7604,49361],[31,2],[29,16],[100,-37]],[[7764,49342],[75,-16],[33,-12],[122,26],[110,10]],[[8104,49350],[118,-53],[15,-3]],[[8237,49294],[-16,-8],[-7,-31],[-29,1],[-1,-35],[-11,-51],[5,-27],[-23,-12],[-88,-27]],[[8067,49104],[-85,-18],[-159,0],[-44,10],[-44,21]],[[7735,49117],[-56,21],[-94,5],[-169,4],[-42,-1],[-156,5],[-114,1]],[[7104,49152],[1,97],[7,40],[11,29],[99,209]],[[29423,51903],[4,-133]],[[29427,51770],[-103,21],[-79,11]],[[29245,51802],[12,16],[44,13],[49,52],[26,15],[47,5]],[[21110,58066],[46,6],[38,-9],[32,14],[15,24],[30,26]],[[21271,58127],[51,33],[26,37],[13,-8],[12,-30],[20,-18],[29,-12]],[[21265,57835],[1,79],[20,1],[1,140],[-21,0],[-15,12],[-75,-17],[-66,2]],[[30308,53830],[39,0]],[[30347,53830],[39,1]],[[30977,53411],[38,1]],[[31015,53412],[2,-80]],[[31017,53332],[-39,-1]],[[30978,53331],[-1,80]],[[30678,52845],[38,1]],[[30716,52846],[2,-80]],[[30718,52766],[2,-80]],[[30720,52686],[-39,-1]],[[30681,52685],[-2,100]],[[30679,52785],[-1,60]],[[30671,55128],[28,0]],[[30699,55128],[1,-40]],[[30700,55088],[-28,0]],[[30672,55088],[-1,40]],[[30513,54330],[0,33],[-20,0]],[[30493,54363],[-1,75],[-7,5]],[[30263,54119],[74,1]],[[30337,54120],[44,1]],[[30381,54121],[0,-14],[40,-22],[1,-44]],[[30422,54041],[-118,-2]],[[30304,54039],[-39,-1]],[[30265,54038],[-2,81]],[[30187,54037],[78,1]],[[30304,54039],[1,-59]],[[30305,53980],[-39,-1]],[[30266,53979],[-22,-16],[-55,7]],[[30189,53970],[-2,67]],[[30261,54199],[39,1]],[[30300,54200],[1,-40],[38,0]],[[30339,54160],[-2,-40]],[[30263,54119],[-19,0]],[[30244,54119],[-2,60],[-4,20]],[[30238,54199],[23,0]],[[30616,54046],[39,2]],[[30655,54048],[39,-1]],[[30694,54047],[77,2]],[[30771,54049],[2,-80]],[[30773,53969],[-155,-4]],[[30618,53965],[-1,20]],[[30617,53985],[-1,61]],[[19135,58219],[32,5],[30,-6]],[[19197,58218],[-23,-44],[-6,-55],[-41,-1],[1,-80]],[[19128,58038],[-46,0],[0,152],[20,25]],[[19197,58218],[50,-27]],[[19247,58191],[0,-27],[10,-46],[-15,-15],[-3,-24],[-41,-39],[-9,-15]],[[19189,58025],[-61,13]],[[19280,58335],[17,-16],[12,14]],[[19309,58333],[18,-12]],[[19327,58321],[-16,-32],[-27,-33]],[[19284,58256],[-22,-35]],[[19262,58221],[-15,-30]],[[19197,58218],[42,79],[11,-6],[30,44]],[[30910,52850],[10,4],[6,31]],[[30926,52885],[22,1]],[[30948,52886],[0,-35],[78,2]],[[31026,52853],[1,-80]],[[31027,52773],[-77,-2]],[[30950,52771],[-38,-1]],[[30912,52770],[-2,80]],[[31104,52775],[39,0]],[[31143,52775],[64,1]],[[31207,52776],[5,0]],[[31212,52776],[-5,-29],[3,-50]],[[31210,52697],[-18,-41],[-6,-40]],[[31186,52616],[-1,0]],[[31185,52616],[-78,-1]],[[31107,52615],[-1,80]],[[31106,52695],[-2,80]],[[29858,52990],[78,2]],[[30052,52994],[2,-80]],[[30054,52914],[-29,-1],[-9,-30],[2,-50]],[[30018,52833],[-155,-4]],[[29863,52829],[-2,76]],[[29861,52905],[-3,85]],[[30244,53158],[79,1],[-1,40]],[[30322,53199],[78,2]],[[30400,53201],[38,1]],[[30438,53202],[1,-40],[39,1]],[[30478,53163],[1,-42]],[[30479,53121],[-155,-4]],[[30324,53117],[-78,-1]],[[30246,53116],[-1,18]],[[30245,53134],[-1,24]],[[30788,53167],[39,1]],[[30827,53168],[38,1]],[[30865,53169],[4,-160]],[[30869,53009],[-40,-1]],[[30791,53007],[-2,80]],[[30789,53087],[-1,80]],[[30585,49297],[114,1],[10,14],[19,60],[-1,43],[37,0],[0,26]],[[30764,49441],[28,0]],[[30792,49441],[1,-68],[-12,-17],[71,-15],[28,1]],[[30880,49342],[18,-128],[3,-49]],[[30901,49165],[-108,-11],[-20,0],[-187,21]],[[30586,49175],[-1,122]],[[19134,58357],[49,0]],[[19183,58357],[29,-8],[47,0],[21,-14]],[[27269,51949],[154,6]],[[27423,51955],[0,-80]],[[27423,51875],[-152,-5]],[[27271,51870],[-2,79]],[[27419,52091],[144,77]],[[27563,52168],[1,-16],[-16,-18],[1,-33],[37,-35],[-5,-27]],[[27581,52039],[-161,-4]],[[27420,52035],[-1,56]],[[30917,53652],[18,0]],[[30935,53652],[64,0]],[[30999,53652],[0,-31],[10,-22],[18,1],[50,21],[46,0]],[[31123,53621],[14,-54]],[[31137,53567],[-114,-1],[-10,6]],[[31013,53572],[-77,-1]],[[30936,53571],[-18,0]],[[30918,53571],[-1,81]],[[31209,53416],[20,-43]],[[31229,53373],[-91,-28],[-40,-18]],[[31098,53327],[-3,7]],[[31095,53334],[-15,41],[10,4],[-16,34]],[[31074,53413],[135,3]],[[31218,52856],[54,1],[42,-9],[22,9],[57,7],[52,0]],[[31445,52864],[10,-55],[24,-27]],[[31479,52782],[-64,-3],[2,-40],[-40,0]],[[31377,52739],[-1,40],[-38,-1]],[[31338,52778],[-79,-1]],[[31259,52777],[-47,-1]],[[31207,52776],[11,53],[0,27]],[[31186,52616],[75,1]],[[31261,52617],[79,1]],[[31340,52618],[2,-80]],[[31342,52538],[-77,-1]],[[31265,52537],[-2,0]],[[31263,52537],[-58,59]],[[31205,52596],[-20,20]],[[30698,54287],[68,2]],[[30766,54289],[39,1]],[[30805,54290],[1,-80]],[[30807,54173],[2,-43]],[[30809,54130],[-10,0]],[[30799,54130],[-9,14],[-26,4],[-22,18],[-30,10],[-23,38],[0,34],[9,39]],[[30464,53906],[19,0],[-1,56]],[[30482,53962],[58,2]],[[30540,53964],[2,-80]],[[30542,53884],[-59,-2]],[[30483,53882],[-19,0]],[[30464,53882],[0,24]],[[30548,55406],[44,1]],[[30592,55407],[2,-80],[-6,0]],[[30552,55326],[-4,80]],[[30628,55294],[38,2]],[[30666,55296],[2,-48]],[[30668,55248],[-39,-1]],[[30629,55247],[-1,47]],[[30627,55341],[35,1]],[[30662,55342],[4,-46]],[[30628,55294],[-1,47]],[[30489,55403],[59,3]],[[30512,55325],[-23,78]],[[30493,55244],[46,1]],[[30553,55246],[3,-80]],[[30556,55166],[-71,-2]],[[30485,55164],[15,14],[-7,66]],[[30357,55400],[75,3]],[[30432,55403],[1,-80]],[[30433,55323],[-58,-2]],[[30375,55321],[-19,0]],[[30356,55321],[1,79]],[[30289,55259],[19,1],[0,40],[10,20],[38,1]],[[30375,55321],[2,-80]],[[30377,55241],[-20,0]],[[30357,55241],[-68,-2],[0,20]],[[25680,55668],[11,6],[27,-54],[29,12],[20,-26]],[[25767,55606],[8,-16]],[[25775,55590],[14,-50],[-3,-51],[43,1],[-3,-53]],[[25826,55437],[-89,-31]],[[25737,55406],[7,34],[26,51]],[[25770,55491],[-30,67],[-18,13],[-42,97]],[[25451,55254],[26,0],[45,-11],[90,1],[10,-5],[21,65],[94,102]],[[25826,55437],[44,1]],[[25870,55438],[3,-240]],[[25873,55198],[0,-80]],[[25873,55118],[-253,-7]],[[25620,55111],[-23,3]],[[25597,55114],[-15,-3],[-142,-3]],[[25440,55108],[11,146]],[[30282,55398],[75,2]],[[30289,55259],[-9,0]],[[30280,55259],[2,139]],[[29189,55049],[-1,-30],[79,1]],[[29267,55020],[0,-25]],[[29267,54995],[-11,-15],[0,-26],[-29,-14],[0,22],[-39,1]],[[29188,54963],[0,16],[-27,0],[0,18],[-17,35],[13,19],[32,-2]],[[30817,51727],[153,3]],[[30970,51730],[2,-80]],[[30972,51650],[-58,-1]],[[30914,51649],[-95,-2]],[[30819,51647],[-2,80]],[[30914,51649],[3,-80],[-20,-1],[1,-53],[6,-11]],[[30904,51504],[-82,-1],[-46,-5]],[[30776,51498],[-1,68],[46,1],[-2,80]],[[30057,52834],[116,2]],[[30173,52836],[2,-81]],[[30175,52755],[-117,-1]],[[30058,52754],[-1,80]],[[30173,52836],[79,1]],[[30252,52837],[1,-80]],[[30253,52757],[-78,-2]],[[30972,51650],[5,-99]],[[30977,51551],[-23,-5],[-50,-42]],[[24611,48207],[66,2],[46,42],[12,17],[26,58],[-2,206]],[[24759,48532],[145,5],[9,11],[-3,193],[74,79],[50,28],[28,9]],[[25062,48857],[30,3],[112,2],[302,7],[156,5],[-4,139],[81,-2],[84,6],[12,-14],[22,-8],[15,9],[37,0],[20,-12],[39,-5]],[[25968,48987],[2,-102]],[[25970,48885],[7,-245],[2,-102]],[[25979,48538],[-82,61],[-19,33],[-23,23],[-34,15],[-96,5],[-46,-5],[-54,-35],[-167,-61],[-29,-30],[-95,-63],[-68,-33],[-77,-48],[-78,-51],[-123,-55],[-33,-5],[-40,-14],[-108,-27],[-43,-17],[-97,-56],[-47,-8]],[[24620,48167],[-10,-1]],[[24610,48166],[1,41]],[[29170,46551],[85,1],[5,-163],[152,0],[-3,164]],[[29409,46553],[308,4]],[[29717,46557],[5,-322],[80,-1],[2,-160]],[[29804,46074],[-118,0],[-233,-4],[-302,-3]],[[29151,46067],[-1,103],[-3,150],[16,86],[-3,64],[10,81]],[[27777,56957],[54,-1]],[[27831,56956],[62,-83],[15,-26]],[[27908,56847],[-16,-5],[-15,13],[-34,-1],[-13,-17],[-22,4],[-43,-10]],[[27765,56831],[10,20],[2,106]],[[25058,49339],[130,2],[231,5],[170,6],[358,13],[11,3]],[[25958,49368],[0,-4]],[[25958,49364],[10,-377]],[[25062,48857],[-2,103],[-2,379]],[[29987,54275],[1,53]],[[29988,54328],[38,-6]],[[30026,54322],[-1,-47]],[[30025,54275],[-1,-79]],[[30024,54196],[-55,-2]],[[29969,54194],[-1,40],[20,1],[-1,40]],[[29763,53849],[48,-3],[30,4],[-1,20]],[[29840,53870],[78,2]],[[29918,53872],[45,0]],[[29963,53872],[72,3]],[[30035,53875],[0,-15]],[[30035,53860],[1,-32]],[[30036,53795],[-77,-2]],[[29959,53793],[-78,-1]],[[29881,53792],[-107,-2]],[[29774,53790],[-10,-1]],[[29764,53789],[-1,60]],[[30344,53980],[39,1]],[[30383,53981],[2,-100]],[[30385,53881],[-39,-1]],[[30346,53880],[-1,80]],[[30345,53960],[-1,20]],[[27563,52168],[77,44],[25,22],[60,31]],[[27725,52265],[5,-220]],[[27730,52045],[-149,-6]],[[27483,50679],[87,3]],[[27570,50682],[191,7]],[[27761,50689],[3,-160]],[[27764,50529],[-152,-6],[-1,40],[-85,-2],[-17,-13],[-29,10],[-52,-1],[40,81],[15,41]],[[26371,50489],[5,-160]],[[25946,49842],[139,5],[184,3],[33,11],[9,-11],[79,0]],[[26390,49850],[-2,-30],[6,-212],[1,-113],[6,-120]],[[26401,49375],[-69,-2]],[[26332,49373],[-374,-9]],[[25958,49368],[-12,474]],[[27800,49019],[198,4],[38,-59],[32,-18],[332,7],[42,-7],[296,5]],[[28738,48951],[6,-479]],[[28744,48472],[-256,-4],[-511,-10],[-9,7],[-96,-3]],[[27872,48462],[77,161],[-139,-4]],[[27810,48619],[-10,400]],[[14309,31106],[73,1]],[[14382,31107],[-3,-155]],[[14379,30952],[-15,-4],[-54,0]],[[14310,30948],[-1,158]],[[27127,53387],[59,2],[140,13],[24,1]],[[27350,53403],[81,-1]],[[27431,53402],[-5,-24],[-20,-46],[-12,-41],[8,-26],[-18,-28]],[[27384,53237],[-30,-2],[-137,-1]],[[27217,53234],[-157,-2]],[[27060,53232],[25,47],[42,108]],[[30837,52528],[118,3]],[[30955,52531],[3,-161]],[[30958,52370],[2,-80]],[[30960,52290],[-14,0],[-56,76],[-11,0]],[[30879,52366],[0,83],[-39,0],[-3,79]],[[30703,54767],[52,1]],[[30755,54768],[0,-37]],[[30755,54731],[-38,0]],[[30717,54731],[-19,-1]],[[30698,54730],[0,37]],[[27328,55166],[83,3],[149,10],[38,0]],[[27598,55179],[-11,-23],[-28,-30],[-3,-111]],[[27556,55015],[-145,51],[-13,21],[-37,2],[-34,13]],[[27327,55102],[1,64]],[[19369,58439],[124,0]],[[19493,58439],[-25,-32],[-39,-31],[-84,-38],[-18,-17]],[[19309,58333],[28,33],[14,26],[18,47]],[[26315,55128],[148,3]],[[26463,55131],[42,1]],[[26505,55132],[-1,-157]],[[26504,54975],[-1,-66]],[[26503,54909],[-38,-10],[-38,0],[-41,5],[-26,20],[-5,34],[-37,1]],[[26318,54959],[-3,169]],[[19165,58437],[71,1]],[[19236,58438],[133,1]],[[19183,58357],[2,26],[-20,54]],[[19005,58435],[77,1]],[[19082,58436],[83,1]],[[19004,58355],[1,80]],[[19080,58611],[69,-59],[11,24],[75,1]],[[19235,58577],[1,-139]],[[19082,58436],[-2,175]],[[19235,58577],[78,1],[0,20]],[[19313,58598],[48,1],[30,33]],[[19391,58632],[1,-113],[-23,-80]],[[30377,55241],[58,2]],[[30435,55243],[2,-80]],[[30437,55163],[-78,0]],[[30359,55163],[-2,78]],[[30359,55163],[-78,-1]],[[30281,55162],[-12,77]],[[30269,55239],[11,20]],[[30437,55163],[1,-80]],[[30438,55083],[-77,-1]],[[30361,55082],[-2,81]],[[30438,55083],[3,-75]],[[30441,55008],[-26,5],[-52,-1]],[[30363,55012],[-2,70]],[[30441,55008],[0,-5]],[[30441,55003],[2,-80]],[[30443,54923],[-78,-1]],[[30365,54922],[-2,90]],[[30484,55004],[74,1]],[[30558,55005],[2,-80]],[[30520,54924],[-29,0]],[[30491,54924],[3,40],[-14,0],[4,40]],[[30714,54928],[37,1]],[[30751,54929],[1,-41]],[[30752,54888],[-38,0]],[[30925,54186],[32,1],[1,-18]],[[30958,54169],[-1,-36]],[[30957,54133],[-31,-1]],[[30926,54132],[-1,54]],[[30798,54570],[19,1]],[[30817,54571],[4,-41]],[[30821,54530],[-28,-1]],[[30793,54529],[5,41]],[[30965,51970],[24,-6],[88,3],[2,-35]],[[31079,51932],[-7,-40]],[[31072,51892],[-106,-2]],[[30966,51890],[-1,80]],[[25417,54355],[39,-1]],[[25456,54354],[24,0]],[[25480,54354],[71,-8]],[[25551,54346],[17,-36],[-44,-20],[8,-45],[-4,-9],[22,-57],[5,-29]],[[25555,54150],[-14,0]],[[25541,54150],[-17,47],[-28,45],[-28,26],[-31,-13],[-3,16]],[[25434,54271],[-17,84]],[[30963,52050],[135,3]],[[31098,52053],[-19,-121]],[[30965,51970],[-2,80]],[[30042,53570],[65,20]],[[30107,53590],[-1,-55]],[[30106,53535],[-4,-61]],[[30102,53474],[-59,-1]],[[30043,53473],[-1,97]],[[30025,52511],[145,4],[11,-32]],[[30181,52483],[1,-48]],[[30182,52435],[-155,-3]],[[30027,52432],[-2,79]],[[30160,53516],[77,1]],[[30237,53517],[1,-40]],[[30238,53477],[-78,-2]],[[30160,53475],[0,41]],[[30258,52517],[77,1]],[[30335,52518],[2,-85]],[[30337,52433],[0,-5]],[[30337,52428],[-155,-3]],[[30182,52425],[0,10]],[[30181,52483],[-1,32],[78,2]],[[27831,56956],[100,0]],[[27931,56956],[0,-61]],[[27931,56895],[-1,-34]],[[27930,56861],[-22,-14]],[[27464,56580],[154,-94]],[[27618,56486],[0,-166]],[[27618,56320],[-154,2]],[[27464,56322],[0,159]],[[27464,56481],[0,99]],[[25547,53968],[8,61],[8,36],[-8,85]],[[25555,54150],[84,2],[41,4],[25,-8],[28,8],[144,4]],[[25877,54160],[0,-188]],[[25877,53972],[-1,-211]],[[25876,53761],[-193,-6],[-118,-3]],[[25565,53752],[-68,-1]],[[25497,53751],[-1,37],[23,112],[28,68]],[[27176,55909],[25,8],[32,-4],[14,-13],[86,6]],[[27333,55906],[-1,-95]],[[27332,55811],[-128,-8]],[[27204,55803],[-29,-2]],[[27175,55801],[1,108]],[[26660,55463],[8,-6],[79,-4],[20,-8],[47,0]],[[26814,55445],[0,-56]],[[26814,55389],[-1,-62]],[[26813,55327],[-33,18],[-39,13]],[[26741,55358],[-80,17],[-96,26]],[[26565,55401],[11,20],[32,14],[15,22],[16,-6],[21,12]],[[26639,55222],[24,6],[0,28],[74,1],[0,87],[4,14]],[[26813,55327],[0,-110]],[[26813,55217],[-120,0],[-22,-22]],[[26671,55195],[-32,27]],[[30422,54041],[35,1]],[[30457,54042],[-26,-9],[-10,-19],[-5,-33]],[[30416,53981],[-33,0]],[[30344,53980],[-39,0]],[[30416,53981],[6,-20]],[[30422,53961],[1,-55]],[[30423,53906],[1,-75]],[[30386,53831],[-1,50]],[[30457,54042],[4,1]],[[30461,54043],[39,1]],[[30500,54044],[39,1]],[[30539,54045],[1,-61]],[[30540,53984],[0,-20]],[[30482,53962],[-20,0]],[[30462,53962],[-40,-1]],[[30268,53879],[39,1]],[[30307,53880],[39,0]],[[30346,53880],[1,-50]],[[30269,53839],[-1,40]],[[30311,53707],[-38,-19]],[[30273,53688],[-1,31]],[[30272,53719],[-2,80]],[[30232,53798],[1,-80]],[[30233,53718],[-38,-1]],[[30195,53717],[-39,0]],[[30156,53717],[-2,80]],[[27418,50682],[21,94]],[[27439,50776],[11,64]],[[27450,50840],[52,0],[191,6],[3,-3]],[[27696,50843],[-14,-9],[-91,-94],[-22,-6],[1,-52]],[[27483,50679],[-65,3]],[[27757,50848],[151,5]],[[27908,50853],[12,-479]],[[27920,50374],[-152,-5]],[[27768,50369],[-4,160]],[[27761,50689],[-4,159]],[[26401,49375],[7,-166],[5,-154],[-175,-3],[-10,6],[-59,-40],[-41,-39]],[[26128,48979],[-9,28],[7,45],[23,45],[-1,45],[14,83],[78,88],[13,11],[53,26],[26,23]],[[28744,48472],[463,9],[461,8]],[[29668,48489],[3,-320],[7,-413],[2,-226]],[[29680,47530],[-367,-6]],[[29313,47524],[-390,-7],[-164,-4]],[[28759,47513],[-11,640],[-4,319]],[[29668,48489],[924,10]],[[30592,48499],[6,-959]],[[30598,47540],[-614,-7],[-280,-3]],[[29704,47530],[-24,0]],[[26540,47467],[185,202],[25,20],[51,27],[23,27],[13,53],[73,2]],[[26910,47798],[8,-319]],[[26918,47479],[-177,-5]],[[26741,47474],[-201,-7]],[[27384,53237],[-22,-80]],[[27362,53157],[-12,-26],[-3,-26],[6,-85],[20,-62],[3,-36]],[[27376,52922],[-80,-13],[-36,-24],[-31,-11]],[[27229,52874],[0,27],[16,49],[-2,72],[-15,0],[-3,39]],[[27225,53061],[-8,173]],[[28404,52637],[73,39],[79,47]],[[28556,52723],[76,34]],[[28632,52757],[4,-161]],[[28636,52596],[3,-122]],[[28639,52474],[3,-80]],[[28642,52394],[-155,-5],[4,-160],[-78,-2]],[[28413,52227],[-5,201]],[[28408,52428],[-4,209]],[[28389,52945],[84,4]],[[28473,52949],[4,-160],[77,3],[2,-69]],[[28404,52637],[-2,83],[-11,68]],[[28391,52788],[-2,157]],[[28473,52949],[36,1]],[[28509,52950],[118,4]],[[28627,52954],[5,-197]],[[28176,52481],[34,-14],[107,3],[14,-4],[-3,132]],[[28328,52598],[76,39]],[[28408,52428],[-52,-28],[-81,-38],[-3,43],[-23,14],[1,21],[-38,-1],[-36,10]],[[28176,52449],[0,32]],[[27425,59191],[199,0],[26,8],[51,25]],[[27701,59224],[1,-167]],[[27702,59057],[-29,-6],[-55,0],[0,24],[-111,1],[0,-29],[11,-20]],[[27518,59027],[-35,21],[-56,10]],[[27427,59058],[7,95],[-9,38]],[[29664,54921],[68,1]],[[29732,54922],[7,-10],[2,-75]],[[29741,54837],[-78,-1]],[[29663,54836],[1,85]],[[29732,54922],[85,2]],[[29817,54924],[0,-10]],[[29817,54914],[2,-81]],[[29819,54833],[-68,-1],[-10,5]],[[29741,54837],[2,-85]],[[29743,54752],[-78,-2]],[[29665,54750],[-2,81]],[[29663,54831],[0,5]],[[29843,54975],[17,-5],[55,1]],[[29915,54971],[18,-5],[2,-50]],[[29935,54916],[-40,-1]],[[29895,54915],[-29,-3],[-49,2]],[[29817,54924],[-1,18],[28,14],[-1,19]],[[29819,54833],[2,-80]],[[29821,54753],[-78,-1]],[[30208,54972],[1,-32]],[[30209,54940],[-78,-1]],[[30131,54939],[-1,20]],[[30130,54959],[0,40]],[[30209,54940],[0,-20]],[[30209,54920],[-49,-1]],[[30160,54919],[-29,0]],[[30131,54919],[0,20]],[[30182,52425],[2,-71]],[[30184,52354],[-157,-3]],[[30027,52351],[0,81]],[[30319,53318],[78,2]],[[30397,53320],[1,-59]],[[30398,53261],[-78,-2]],[[30320,53259],[-1,59]],[[30398,53261],[2,-60]],[[30322,53199],[-2,60]],[[30649,52325],[78,2]],[[30727,52327],[2,-121]],[[30729,52206],[-78,-1]],[[30651,52205],[-2,120]],[[30107,53590],[51,16]],[[30158,53606],[1,-50]],[[30159,53556],[0,-20]],[[30159,53536],[-53,-1]],[[31109,52535],[63,1]],[[31172,52536],[-8,-61]],[[31164,52475],[-54,-1]],[[31110,52474],[-1,61]],[[30159,53556],[39,1]],[[30198,53557],[39,1]],[[30237,53558],[0,-41]],[[30160,53516],[-1,20]],[[19391,58632],[33,36],[11,20],[9,50]],[[19444,58738],[7,1]],[[19451,58739],[0,-60],[9,-64],[56,-96],[0,-40],[-23,-40]],[[19079,58833],[154,2]],[[19233,58835],[1,-99]],[[19234,58736],[1,-159]],[[19080,58611],[1,11],[-2,211]],[[19233,58835],[254,3]],[[19487,58838],[-30,-28],[-8,-39],[2,-32]],[[19444,58738],[-132,-1]],[[19312,58737],[-78,-1]],[[26639,55222],[-33,44],[-37,20]],[[26813,55217],[-2,-79]],[[26811,55138],[-34,0]],[[26777,55138],[-26,3],[-80,54]],[[27487,55719],[192,-34],[40,-11]],[[27719,55674],[-2,-169]],[[27717,55505],[-35,-5],[-61,-3],[-19,-4]],[[27602,55493],[1,90],[-117,-6]],[[27486,55577],[1,142]],[[27331,55763],[114,-35],[42,-9]],[[27486,55577],[-156,-9]],[[27330,55568],[1,195]],[[28780,55786],[15,-21],[99,-61]],[[28894,55704],[17,-53],[25,-35]],[[28936,55616],[-22,10],[-95,-5]],[[28819,55621],[-9,45],[-26,103]],[[28784,55769],[-4,17]],[[30846,53970],[4,50]],[[30850,54020],[30,12]],[[30880,54032],[35,0]],[[30915,54032],[12,0]],[[30927,54032],[2,-60]],[[30929,53972],[2,-83]],[[30931,53889],[-68,-1]],[[30863,53888],[-10,26]],[[30853,53914],[-7,56]],[[30773,53969],[2,-56]],[[30775,53913],[-38,-1]],[[30737,53912],[-40,-1]],[[30619,53909],[-1,56]],[[30540,53984],[77,1]],[[30619,53886],[-77,-2]],[[30737,53912],[7,-105]],[[30744,53807],[-45,-1]],[[30699,53806],[-1,58]],[[30620,53857],[2,-52]],[[30485,53802],[-2,80]],[[25913,56598],[41,-2],[33,-15],[44,0],[13,-20],[-1,-31],[-9,-16],[35,0]],[[26069,56514],[0,-75]],[[26069,56439],[-40,-11],[-116,-11]],[[25913,56417],[0,181]],[[25915,56722],[154,-1]],[[26069,56721],[0,-207]],[[25185,53183],[203,7]],[[25388,53190],[-1,-70],[6,-30],[19,-61]],[[25412,53029],[-77,-7]],[[25335,53022],[-153,-3]],[[25182,53019],[-5,100],[8,64]],[[24975,52459],[8,2],[290,5],[19,14]],[[25292,52480],[47,-28],[20,7]],[[25359,52459],[-32,-71],[39,2],[-5,-18],[37,2],[0,-44],[19,0]],[[25417,52330],[5,-52],[1,-47]],[[25423,52231],[-189,-5]],[[25234,52226],[-224,-5]],[[25010,52221],[-32,-1]],[[24978,52220],[-1,218],[-2,21]],[[25260,54210],[54,2],[6,47],[60,1],[54,11]],[[25541,54150],[-122,0],[-94,-4]],[[25325,54146],[-69,-2]],[[25256,54144],[4,66]],[[25719,52731],[159,32]],[[25878,52763],[1,-81]],[[25879,52682],[0,-47]],[[25879,52635],[-37,-2],[-59,-24],[-58,-19]],[[25725,52590],[-1,109],[-5,32]],[[23176,53876],[3,350],[0,516]],[[23179,54742],[-1,80],[2,242]],[[24162,55078],[0,-374]],[[24162,54704],[-13,-42],[-1,-55]],[[24148,54607],[6,-134],[9,-35],[37,-82],[6,-34],[0,-198]],[[24206,54124],[-127,-3],[-2,-156],[-3,-233],[2,-90],[-2,-122]],[[24074,53520],[-3,-208],[-1,-149]],[[24070,53163],[0,-39],[3,-453]],[[24073,52671],[1,-323],[-2,-145]],[[24072,52203],[-4,0]],[[24068,52203],[-302,-6],[-161,-4]],[[23605,52193],[-106,-2],[-219,-3],[-106,-2]],[[23174,52186],[-2,729],[-3,230],[2,78],[5,653]],[[27696,50843],[61,5]],[[26678,50533],[5,-199]],[[26683,50334],[-153,-3]],[[26530,50331],[-5,160]],[[26525,50491],[-1,42],[5,37]],[[26683,50334],[5,-160]],[[26688,50174],[-156,-2]],[[26532,50172],[2,22],[-4,137]],[[25594,55593],[35,34],[46,27],[-10,17]],[[25665,55671],[15,-3]],[[25770,55491],[-78,22],[-125,2],[0,61],[27,17]],[[27908,50853],[230,7]],[[28138,50860],[8,-299],[16,-20],[233,7],[20,6],[4,-165]],[[28419,50389],[-192,-6]],[[28227,50383],[-307,-9]],[[28138,50860],[232,8]],[[28370,50868],[309,8]],[[28679,50876],[3,-211],[5,-197],[1,-69]],[[28688,50399],[-77,-4],[-192,-6]],[[29635,50163],[0,-81]],[[29635,50082],[0,-160]],[[29635,49922],[-115,2],[0,79],[-52,0]],[[29468,50003],[0,90]],[[29468,50093],[-1,53],[58,-3],[29,27],[51,0],[30,-7]],[[30901,49165],[12,-264],[10,-201],[13,-21],[20,-8]],[[30956,48671],[-14,-51],[-3,-49],[8,-68]],[[30947,48503],[-355,-4]],[[30592,48499],[-3,399]],[[30589,48898],[-3,277]],[[30989,49442],[342,2]],[[31331,49444],[2,0]],[[31333,49444],[1,-137]],[[31334,49307],[-213,-4],[-24,35],[-10,3],[-32,-16],[-87,11]],[[30968,49336],[-1,45],[37,0],[-15,61]],[[26486,51901],[-4,180]],[[27869,52373],[47,1],[-3,59],[50,1],[1,-40],[30,13],[105,65]],[[28099,52472],[76,43],[1,-34]],[[28176,52449],[4,-132]],[[28180,52317],[-106,-51],[-46,-26],[-117,-84]],[[27911,52156],[-6,66],[-33,70]],[[27872,52292],[-3,81]],[[25585,53535],[88,0],[54,-19],[50,-6],[64,3],[34,7]],[[25875,53520],[-1,-315]],[[25874,53205],[0,-2]],[[25874,53203],[-133,-3]],[[25741,53200],[-113,-2],[-63,-3]],[[25565,53195],[-1,30],[24,60],[-3,120],[0,130]],[[27711,54515],[57,-20],[51,-5],[63,5]],[[27882,54495],[57,16]],[[27939,54511],[0,-50],[44,1],[-2,-31],[30,-9],[2,-35]],[[28013,54387],[-304,-10]],[[27709,54377],[2,138]],[[27425,59270],[0,38],[11,43]],[[27436,59351],[123,-1]],[[27559,59350],[95,-85],[40,-26],[7,-15]],[[27425,59191],[0,79]],[[29195,58697],[28,79],[15,33],[16,2],[19,48]],[[29273,58859],[33,1],[0,18]],[[29306,58878],[90,3]],[[29396,58881],[6,-56],[4,-144],[-9,-68]],[[29397,58613],[-81,4],[-124,1]],[[29192,58618],[3,79]],[[29148,58732],[25,0],[3,-34],[19,-1]],[[29192,58618],[-1,-118],[-5,-1]],[[29186,58499],[-38,0],[-5,40]],[[27960,59230],[22,10],[8,15],[24,13],[243,-1]],[[28257,59267],[-1,-120]],[[28256,59147],[-201,2]],[[28055,59149],[-14,2],[-26,28],[-28,11],[-39,0]],[[27948,59190],[12,40]],[[29038,59416],[78,0],[2,159]],[[29118,59575],[43,-1],[36,-24]],[[29197,59550],[-1,-55]],[[29196,59495],[-1,-79],[-9,-20]],[[29186,59396],[-31,0],[-6,-13],[-34,0],[-42,-12],[0,34],[-35,-17]],[[29038,59388],[0,28]],[[30209,54900],[39,0],[1,-16],[39,6]],[[30288,54890],[1,-49]],[[30289,54841],[-78,-1]],[[30211,54840],[-2,60]],[[30209,54920],[0,-20]],[[30211,54840],[-49,-1]],[[30162,54839],[4,40],[-6,40]],[[30209,54920],[78,1]],[[30287,54921],[1,-31]],[[30212,54800],[78,1]],[[30290,54801],[0,-40]],[[30290,54761],[-78,-1]],[[30212,54760],[0,40]],[[30290,54801],[77,1],[-1,40]],[[30366,54842],[30,0]],[[30396,54842],[3,-80]],[[30399,54762],[-109,-1]],[[29940,54675],[40,1]],[[30017,54676],[2,-80]],[[30019,54596],[-38,-1]],[[29981,54595],[-39,0]],[[29942,54595],[-2,80]],[[29901,54674],[39,1]],[[29942,54595],[-39,-1]],[[29903,54594],[-2,80]],[[29748,54591],[77,2]],[[29825,54593],[2,-80]],[[29827,54513],[-77,-2]],[[29750,54511],[-2,80]],[[31419,52580],[81,1]],[[31500,52581],[30,-39]],[[31530,52542],[-14,-1]],[[31516,52541],[-58,-1]],[[31458,52540],[-39,0]],[[31419,52540],[0,40]],[[31417,52659],[26,1]],[[31443,52660],[57,-79]],[[31419,52580],[-1,39]],[[31418,52619],[-1,40]],[[31516,52541],[1,-79],[8,0]],[[31525,52462],[11,-29]],[[31536,52433],[-8,9],[-69,-2]],[[31459,52440],[-1,100]],[[31536,52433],[1,-51]],[[31537,52382],[-77,-1]],[[31460,52381],[-1,59]],[[30335,52518],[193,4]],[[30528,52522],[1,-59]],[[30529,52463],[1,-21]],[[30530,52442],[-78,-1],[0,-5],[-115,-3]],[[30530,52442],[13,-36],[26,-43]],[[30569,52363],[-76,-1]],[[30493,52362],[-156,-4]],[[30337,52358],[0,70]],[[30293,54596],[1,-35]],[[30294,54561],[-36,0],[-19,19],[-22,-22]],[[30217,54558],[-1,42]],[[29514,54186],[61,1]],[[29575,54187],[2,-107]],[[29577,54080],[-60,-1]],[[29517,54079],[0,26]],[[29517,54105],[-3,81]],[[29557,54024],[45,1]],[[29602,54025],[2,-79]],[[29604,53946],[-45,-1]],[[29559,53945],[-2,79]],[[12157,18547],[22,0]],[[12179,18547],[286,-2],[146,-3]],[[12611,18542],[4,0]],[[12615,18542],[0,-81],[-3,-12],[0,-182],[4,-31],[1,-159],[-4,-34],[-2,-184]],[[12611,17859],[0,-31]],[[12611,17828],[-26,5],[-190,57],[-81,19]],[[12314,17909],[-88,20],[-62,9]],[[12164,17938],[0,89]],[[12164,18027],[-4,390],[-22,91],[19,39]],[[12611,17828],[-1,-244]],[[12610,17584],[-145,1]],[[12465,17585],[-150,2]],[[12315,17587],[-1,27],[0,295]],[[11713,18426],[131,-43],[55,-4],[-34,-40],[13,-13],[-1,-30],[18,-56],[31,-51],[39,-27],[17,-19],[23,-6],[-8,-33],[-33,-16],[-32,2],[-14,-14],[-11,-27],[-36,-18],[-13,23],[-27,13],[0,65],[-40,0],[-16,-23],[-27,13]],[[11748,18122],[0,64],[-73,1],[-1,45],[21,32],[10,32],[-32,14],[-4,124],[44,-8]],[[11756,16631],[93,2],[43,-4],[208,-3],[338,3],[49,-54],[40,-15]],[[12527,16560],[-31,-118],[34,-82]],[[12530,16360],[-9,18],[-112,-7],[-21,-11],[-18,-44],[0,-48],[-5,-48],[75,0],[0,-62],[17,-35],[-1,-142],[167,0],[34,-7],[59,1],[47,-6],[41,4],[51,-1],[-10,41],[8,22],[-15,22]],[[12838,16057],[7,23],[-2,51],[36,1],[0,43],[52,-11],[19,-10],[57,-4],[15,-17],[25,-3],[225,-1],[51,15],[59,-7],[119,-1]],[[13501,16136],[2,-189],[-2,-139],[-1,-160]],[[13500,15648],[-135,2],[-98,-1],[-392,7],[-105,3],[-144,-2],[-268,5],[-245,2],[-355,5]],[[11758,15669],[-3,160],[0,158],[2,23],[0,119],[2,134],[0,279],[-3,89]],[[19547,57883],[46,-1]],[[19593,57882],[49,-29],[100,-35],[107,-6],[75,-16]],[[19924,57796],[91,-19],[0,-89]],[[20015,57688],[-115,0],[-123,-2]],[[19777,57686],[-229,-4]],[[19548,57682],[-1,201]],[[19633,57883],[141,3]],[[19774,57886],[166,2]],[[19940,57888],[-7,-27],[0,-44],[-9,-21]],[[19593,57882],[40,1]],[[19313,58598],[-1,139]],[[29519,54023],[38,1]],[[29559,53945],[-38,0]],[[29521,53945],[-2,78]],[[29577,54080],[39,-4],[0,-33],[25,-1]],[[29641,54042],[0,-17]],[[29641,54025],[-39,0]],[[29519,54023],[0,3]],[[29519,54026],[-2,53]],[[29885,53632],[78,1]],[[29964,53564],[-39,-2]],[[29925,53562],[-39,-1],[-1,71]],[[29883,53713],[78,1]],[[29961,53714],[2,-81]],[[29885,53632],[-2,81]],[[29194,52652],[61,-1],[102,3]],[[29357,52654],[-98,-129],[-47,-45]],[[29212,52480],[-18,3],[-67,-2]],[[29127,52481],[-25,5],[-28,15],[65,70],[55,81]],[[30800,53614],[12,6],[27,47],[28,26],[4,12]],[[30871,53705],[39,0],[7,-53]],[[30918,53571],[-6,-1]],[[30912,53570],[-35,0]],[[30877,53570],[-32,5]],[[30845,53575],[-26,4]],[[30819,53579],[-19,35]],[[30688,53594],[67,7],[45,13]],[[30819,53579],[0,-10]],[[30782,53488],[-25,0]],[[30757,53488],[-69,106]],[[12754,17834],[67,-2],[0,-11],[80,-2]],[[12901,17819],[-1,-9],[147,-9]],[[13047,17801],[-1,-141],[-13,-48]],[[13033,17612],[-9,-38]],[[13024,17574],[-94,3],[-119,1]],[[12811,17578],[-33,38],[-12,21],[-12,42],[0,155]],[[30450,53642],[77,1]],[[30527,53643],[3,-165]],[[30453,53562],[-3,80]],[[30390,53680],[58,15]],[[30448,53695],[2,-53]],[[30450,53642],[-59,-2],[0,-44]],[[30391,53596],[-29,3],[0,41]],[[30362,53640],[-1,40]],[[30362,53640],[-11,0]],[[30351,53640],[-39,-1]],[[30312,53639],[-38,-1]],[[30274,53638],[-8,3]],[[30266,53641],[-1,17],[47,1]],[[11758,17089],[87,-85]],[[11845,17004],[57,-56],[135,-79]],[[12037,16869],[54,-32],[101,-1]],[[12192,16836],[40,1],[34,30],[30,1]],[[12296,16868],[20,-5],[209,-1],[90,1]],[[12615,16863],[-50,-164],[-38,-139]],[[11756,16631],[2,458]],[[11736,19509],[281,-6]],[[12017,19503],[6,-21],[52,19],[89,0]],[[12164,19501],[6,-74],[0,-44],[-5,-42],[1,-306]],[[12166,19035],[-31,-16],[-35,-29],[-94,-125]],[[12006,18865],[-73,-91],[-49,-35],[-144,-56]],[[11740,18683],[-1,113],[-2,226],[-2,247],[2,98],[-1,142]],[[14700,19538],[-27,-47],[-13,-51],[42,-11],[107,-23]],[[14809,19406],[0,-77],[3,-133],[-258,-2]],[[14554,19194],[-4,256],[9,22],[21,0],[6,18],[114,48]],[[28227,50383],[4,-159],[3,-42]],[[28234,50182],[-97,-31],[-43,-22],[-35,-41],[-14,-35],[-16,-59]],[[28029,49994],[-17,-27],[-30,-26],[-52,-13]],[[27930,49928],[-152,-4]],[[27778,49924],[-4,177]],[[27774,50101],[-5,192]],[[27769,50293],[-1,76]],[[27002,50343],[134,5]],[[27136,50348],[20,0]],[[27156,50348],[2,-100]],[[27158,50248],[1,-60]],[[27159,50188],[-157,155]],[[26996,50581],[58,2],[3,-65],[30,1],[0,-14],[63,2]],[[27150,50507],[4,-79]],[[27154,50428],[-39,-2],[1,-24],[15,-12],[5,-42]],[[27002,50343],[-38,-2]],[[26964,50341],[0,31],[37,52],[-5,157]],[[12029,17591],[32,4],[77,-1],[28,-5]],[[12166,17589],[0,-119],[9,-228]],[[12175,17242],[-30,-4],[0,25],[-73,3]],[[12072,17266],[-35,39],[-32,29],[-77,53],[-58,43],[-42,5]],[[11828,17435],[-39,135],[-15,24]],[[11774,17594],[102,-5],[49,4],[104,-2]],[[26683,50334],[154,2]],[[26837,50336],[3,-119]],[[26840,50217],[1,-39]],[[26841,50178],[-153,-4]],[[28365,51028],[154,5]],[[28519,51033],[156,3]],[[28675,51036],[4,-160]],[[28370,50868],[-5,160]],[[26324,52249],[154,2]],[[26482,52081],[-155,-2]],[[27204,51468],[123,6],[-2,-13],[1,-148]],[[27207,51308],[-3,160]],[[27423,51875],[2,-66]],[[27425,51809],[-149,-110]],[[30432,49191],[101,-13]],[[30533,49178],[1,-78],[-5,-19],[-37,8],[-21,-2],[-25,-28],[-13,-3],[-1,135]],[[26833,50496],[4,-160]],[[9384,15653],[34,29],[33,39],[43,61],[74,100],[55,47],[59,54],[25,29],[30,62],[34,138],[24,130],[2,33],[25,125],[6,64],[13,52],[17,46],[28,120],[5,44],[14,62],[20,60],[17,89]],[[9942,17037],[58,-65],[129,-137],[114,-125],[10,-16],[39,-37]],[[10292,16657],[-29,-79],[-19,-44],[-1,-45],[47,-170]],[[10290,16319],[11,-60],[25,-63],[29,-33],[27,-14],[65,-22],[73,-19],[52,-35],[43,-40],[21,43],[63,43],[47,43]],[[10746,16162],[142,-159]],[[10888,16003],[-2,-161],[93,-114],[41,-47],[17,-5],[68,-80]],[[11105,15596],[-72,2],[-22,-17],[-36,-14],[-36,-5],[-8,19],[-51,-20],[-146,3]],[[10734,15564],[-11,30],[-21,-4],[-50,2],[-23,14],[-113,23],[-26,16],[-101,8],[-18,-9],[-13,-25],[-31,-8],[-63,-5],[-25,15],[-29,30],[-80,1],[-49,9],[-13,-24],[-18,-7],[-22,-20],[-10,-29],[-39,-26],[-10,2],[-30,47],[-57,96],[-36,18],[-72,16],[-63,9],[-21,-5],[-69,-48],[-147,1],[-90,-38]],[[29827,54513],[1,-36]],[[29828,54477],[1,-45]],[[29829,54432],[-77,-1]],[[29752,54431],[4,5],[-1,70],[-5,5]],[[29669,54590],[79,1]],[[29750,54511],[-78,-1]],[[29828,54477],[59,2],[19,5]],[[29906,54484],[1,-50]],[[29907,54434],[-78,-2]],[[29829,54432],[2,-80]],[[29831,54352],[-77,-1]],[[29754,54351],[4,15],[-1,60],[-5,5]],[[29752,54431],[-78,-2]],[[29754,54351],[-78,-1]],[[30088,54417],[51,1]],[[30139,54418],[3,-20]],[[30142,54398],[22,-40]],[[30164,54358],[-2,0]],[[30085,54356],[3,61]],[[30023,54416],[65,1]],[[30025,54355],[-2,61]],[[30151,54438],[68,1]],[[30219,54439],[1,-40]],[[30220,54399],[-78,-1]],[[30139,54418],[2,20]],[[30217,54558],[0,-4]],[[30217,54554],[-28,18],[-11,-13],[-39,-1]],[[30139,54558],[-1,40]],[[30289,54841],[77,1]],[[30290,54801],[-1,40]],[[30783,54669],[14,6]],[[30797,54675],[5,3]],[[30802,54678],[16,-18],[3,-51]],[[30821,54609],[-24,0]],[[30797,54609],[-1,29],[-13,31]],[[30275,53558],[39,1]],[[30316,53479],[-39,-1]],[[30277,53478],[-2,80]],[[30673,55068],[21,0]],[[30694,55068],[18,-20]],[[30712,55048],[0,-2]],[[30712,55046],[-5,-38]],[[30707,55008],[-33,0]],[[30674,55008],[-1,60]],[[30958,54096],[51,1]],[[31009,54097],[1,-32],[65,5],[68,1],[19,12],[-90,-1],[0,11],[60,2],[-1,34],[-62,-2],[-14,-30],[-17,3]],[[31038,54100],[-18,33]],[[31020,54133],[-16,36]],[[31004,54169],[11,1]],[[31015,54170],[137,-26],[31,-106],[-105,2],[-1,-65]],[[31077,53975],[-55,-1]],[[31022,53974],[27,14],[0,48],[-11,5],[-51,2]],[[30987,54043],[-31,4]],[[30956,54047],[2,49]],[[30712,55048],[0,-2]],[[31164,52475],[-3,-20],[9,-36],[18,-44]],[[31188,52375],[-42,0]],[[31146,52375],[-34,-1]],[[31112,52374],[-2,100]],[[31032,52473],[78,1]],[[31112,52374],[-77,-2]],[[31035,52372],[-3,101]],[[28667,51355],[154,4]],[[28821,51359],[2,-160]],[[28823,51199],[7,-319]],[[28830,50880],[-151,-4]],[[28675,51036],[-5,160]],[[28670,51196],[-3,159]],[[29612,50559],[-153,-91]],[[29459,50468],[-3,186]],[[29635,49683],[308,0]],[[29943,49683],[155,0]],[[30098,49441],[-128,0]],[[29970,49441],[-311,1]],[[29659,49442],[-24,0]],[[29635,49442],[0,241]],[[27931,56895],[106,-6],[17,-13],[28,0]],[[28082,56876],[2,-80]],[[28084,56796],[-154,0]],[[27930,56796],[0,65]],[[28469,56474],[77,0]],[[28546,56474],[0,-241]],[[28546,56233],[-77,2]],[[28469,56235],[0,239]],[[30102,53474],[58,1]],[[30238,53477],[39,1]],[[30317,53391],[-77,-33]],[[30240,53358],[-77,-34]],[[30163,53324],[-115,-50]],[[30048,53274],[-1,39]],[[30047,53313],[-2,119],[-2,41]],[[30845,53575],[15,-25],[1,-61]],[[30861,53489],[-40,0]],[[30550,53478],[63,6],[26,17]],[[30639,53501],[20,-42]],[[30590,53405],[-39,-1]],[[31013,53572],[1,-80]],[[31014,53492],[-9,0]],[[30937,53491],[-1,80]],[[19940,57888],[70,1]],[[20010,57889],[121,2],[36,14]],[[20167,57905],[34,13],[75,-20]],[[20276,57898],[-11,-18],[-106,-132],[-45,-38],[-30,-13],[-69,-9]],[[30917,53330],[1,-79]],[[30918,53251],[2,-80]],[[30920,53171],[-55,-2]],[[30865,53169],[-1,81]],[[30864,53250],[-3,79]],[[30861,53329],[56,1]],[[10716,18925],[134,174]],[[10850,19099],[14,-15],[18,19],[64,-69],[11,-5],[114,1]],[[11071,19030],[1,-40]],[[11072,18990],[-80,-39],[-61,-43],[-67,-64]],[[10864,18844],[-1,77],[-32,-8],[-41,4],[-74,0],[0,8]],[[28515,51192],[155,4]],[[28519,51033],[-4,159]],[[28468,49963],[33,1],[144,18],[52,30]],[[28697,50012],[1,-78]],[[28698,49934],[5,-179]],[[28703,49755],[2,-79]],[[28705,49676],[-154,-4],[-2,80]],[[28549,49752],[-2,82],[-76,-2],[-3,131]],[[28688,50399],[60,-1],[92,3]],[[28840,50401],[155,3]],[[28995,50404],[4,-161]],[[28999,50243],[-77,-2],[1,-57],[-50,-30],[-27,6]],[[28846,50160],[-153,-4]],[[28693,50156],[-5,243]],[[28703,49755],[160,2],[71,-1],[-2,48],[33,12],[31,18],[26,7],[143,4]],[[29165,49845],[-12,-24],[-63,-42],[-67,-83],[-105,-202],[-19,-50]],[[28899,49444],[-188,-5]],[[28711,49439],[-6,237]],[[26969,50182],[3,-80]],[[26972,50102],[-128,-4]],[[26844,50098],[-3,80]],[[26841,50178],[128,4]],[[26976,49899],[-82,-5],[-44,-10]],[[26850,49884],[-2,54]],[[26848,49938],[-2,80]],[[26846,50018],[-2,80]],[[26380,50170],[5,-160]],[[26385,50010],[-154,-2]],[[27154,50428],[107,3],[4,-79]],[[27265,50352],[-109,-4]],[[27265,50352],[76,2]],[[27308,50236],[-92,-6],[0,20],[-58,-2]],[[27047,50105],[114,4]],[[27161,50109],[3,-97]],[[27164,50012],[-114,-5]],[[25869,55761],[0,17]],[[25869,55778],[250,3],[30,-3],[53,-14]],[[26202,55764],[-9,-29],[-38,-44],[-20,-3]],[[25869,55670],[0,91]],[[28846,50160],[2,-94]],[[28848,50066],[2,-92]],[[28850,49974],[-31,-7],[-43,-57],[-15,1],[-33,17],[-30,6]],[[28697,50012],[-4,144]],[[25877,52882],[92,-18],[81,3],[-7,53],[12,162],[79,6]],[[26134,53088],[-10,-162],[-2,-60]],[[26122,52866],[-3,-52]],[[26119,52814],[-241,-50]],[[25878,52764],[-1,118]],[[25483,55808],[118,-40]],[[25601,55768],[37,-45],[27,-52]],[[25665,55671],[-48,6],[-134,28]],[[25483,55705],[0,103]],[[24975,53572],[0,27]],[[24975,53599],[204,3],[80,4]],[[25259,53606],[0,-22]],[[25259,53584],[0,-125],[-24,-56],[-12,-77],[-38,-143]],[[25185,53183],[-18,1],[-195,-5]],[[24972,53179],[1,242],[2,151]],[[24974,54910],[1,188]],[[24975,55098],[118,5],[161,2]],[[25254,55105],[1,-268],[-4,-54],[5,-80],[1,-86],[-8,-49],[0,-43],[9,-29],[2,-138]],[[25260,54358],[-32,-1],[-31,9],[-77,43]],[[25120,54409],[-44,26],[-99,73]],[[24977,54508],[-1,253],[-2,149]],[[25523,53584],[44,-1]],[[25567,53583],[0,-37],[18,-11]],[[25565,53195],[-177,-5]],[[25388,53190],[-6,49],[5,32],[31,82],[58,85],[22,47],[14,71],[11,28]],[[25290,55345],[84,1],[28,-4],[56,2]],[[25458,55344],[-7,-90]],[[25440,55108],[-53,4],[-61,-6],[-72,-1]],[[25254,55105],[-1,77],[11,28],[22,24],[5,31],[-1,80]],[[25455,55846],[12,-32],[16,-6]],[[25483,55705],[-124,24],[-82,39],[-27,24]],[[25250,55792],[0,25],[10,30],[28,-14],[43,10],[62,-5],[62,8]],[[25759,56960],[96,-4],[59,5]],[[25914,56961],[79,-5],[75,7]],[[26068,56963],[1,-242]],[[25759,56800],[0,160]],[[25144,56817],[52,-18],[19,-24],[3,-41],[46,-63],[26,-25],[74,-34],[52,-66],[37,-23]],[[25453,56523],[85,-67],[106,-6],[26,14]],[[25670,56464],[13,-29],[23,-25]],[[25706,56410],[-6,-6]],[[25143,56403],[1,414]],[[20149,38501],[32,-1]],[[20181,38500],[203,-5]],[[20384,38495],[-3,-34],[-16,-45]],[[20365,38416],[-36,-43],[-44,-24],[-32,-6],[-101,-4]],[[20152,38339],[-3,162]],[[12610,17584],[1,-258]],[[12611,17326],[-15,-3],[-70,-36],[-59,-25]],[[12467,17262],[-2,37],[1,277],[-1,9]],[[27232,54760],[89,4]],[[27321,54764],[3,-92]],[[27324,54672],[4,-96]],[[27328,54576],[-89,12]],[[27239,54588],[8,21],[23,4],[-6,20],[-32,0],[-17,17],[0,29],[17,25],[0,56]],[[27176,54877],[91,-62],[53,-11]],[[27320,54804],[55,-1],[100,-9]],[[27475,54794],[0,-45]],[[27475,54749],[-44,-2],[1,22],[-63,-7],[-48,2]],[[27232,54760],[-147,-5]],[[27085,54755],[8,34],[34,18],[28,5],[9,11],[2,40],[10,14]],[[26806,54181],[200,6]],[[27006,54187],[84,4],[25,5],[41,-5]],[[27156,54191],[-2,-50]],[[27154,54141],[-7,-34],[-28,-42],[-3,-27]],[[27116,54038],[-60,-1]],[[27056,54037],[-147,-4],[-102,3]],[[26807,54036],[-1,145]],[[25669,6909],[343,2],[145,2],[301,-3],[78,1],[58,-38],[37,-34],[39,-57],[39,-110],[42,-40],[47,-7],[33,20],[42,3],[24,-7]],[[26897,6641],[41,-31],[48,-26],[61,-65],[20,-25],[57,-52],[36,-54],[54,-106],[23,-39],[32,-38],[52,-27],[27,-6],[44,-35],[25,-37],[16,-46],[33,-70],[2,-81],[11,-32],[-5,-60],[-10,-46],[-16,-44],[-3,-24],[-19,-32],[-44,-5],[-7,-42],[-23,-26],[-30,-58],[-36,-26],[-28,2],[-21,18],[-70,2],[-57,-12],[-56,-5],[-73,-2],[-34,-14],[-48,14],[-95,-24],[-41,-17],[-73,-17],[-94,-9],[-32,-23],[-34,6],[-30,-14],[-98,-24],[-100,-6],[-23,-11],[-37,-3],[-87,-19],[-57,0],[-45,-7],[-117,2],[-97,-17],[-115,-27],[-48,-20],[-60,-34],[-36,-17],[-33,-22],[-67,-38],[-10,-9]],[[25470,5161],[-9,24],[-36,4],[15,25],[-52,-7],[-77,0],[-20,8],[-21,55],[-12,17],[-31,19],[6,88],[-6,30],[-1,58],[15,46],[3,41],[-24,32],[-7,24],[35,62],[-1,50],[22,29],[56,19],[30,17],[52,-18],[30,8],[14,19],[36,3],[6,8],[37,-1],[22,33],[40,10],[38,16],[17,33],[20,17],[44,20],[-3,90],[-9,19],[17,57],[-1,138],[-10,81],[0,22],[12,21],[-1,87],[4,65],[15,47],[-2,54],[-32,0],[-2,49],[-13,20],[-5,32],[2,77],[-7,14],[-12,69],[5,17]],[[19773,59284],[118,3]],[[19891,59287],[-3,-152],[-8,-66],[-16,-63]],[[19864,59006],[-36,-143],[-9,-17],[-40,-1]],[[19779,58845],[-3,158]],[[19776,59003],[-3,281]],[[19864,59006],[74,2]],[[19938,59008],[8,-41],[30,-28],[36,-4],[1,-66],[-4,-36],[1,-65]],[[20010,58768],[-237,-3]],[[19773,58765],[6,80]],[[26970,54988],[86,-55]],[[27056,54933],[64,-39],[56,-17]],[[27085,54755],[-103,-4]],[[26982,54751],[0,81],[-14,-1],[2,157]],[[26637,54737],[18,-7],[-1,-73],[-21,-1],[1,-27]],[[26634,54629],[15,-8],[-8,-38],[-21,-4],[-37,12]],[[26583,54591],[6,48],[-34,10]],[[26555,54649],[13,86],[69,2]],[[19637,59000],[139,3]],[[19779,58845],[-140,-4]],[[19639,58841],[-2,159]],[[17763,59400],[462,9],[311,8],[81,3]],[[18617,59420],[4,-587]],[[18621,58833],[2,-346]],[[18623,58487],[1,-138],[5,-11]],[[18624,58195],[2,-140],[2,-543]],[[18628,57512],[-473,-8]],[[18155,57504],[-140,-1],[-26,3],[-210,-7]],[[17779,57499],[-5,319],[1,11],[-9,621],[-1,306],[-1,291],[1,48],[-2,305]],[[12296,16868],[25,10],[45,44],[16,9],[-17,21],[-46,39]],[[12319,16991],[38,38],[-23,28],[51,49],[-36,45],[13,13]],[[12362,17164],[84,-102],[37,-48],[42,9],[88,0]],[[12613,17023],[2,-160]],[[25667,55867],[16,-8],[0,-63]],[[25683,55796],[0,-28],[11,-20],[53,-9]],[[25747,55739],[-11,-23],[35,0],[-1,-86],[-3,-24]],[[25601,55768],[4,57],[22,45],[40,-3]],[[26304,54561],[41,1],[52,12],[25,25],[76,41],[0,11],[57,-2]],[[26583,54591],[-7,-21],[-1,-76]],[[26575,54494],[-2,-209],[232,-39]],[[26805,54246],[1,-65]],[[26806,54181],[-39,-3],[-233,-6]],[[26534,54172],[-126,-2]],[[26408,54170],[-41,-1]],[[26367,54169],[-19,64],[-17,28],[-24,55],[-4,21]],[[26303,54337],[1,224]],[[26505,55132],[118,1]],[[26623,55133],[31,-38],[10,-23],[9,-44],[48,-17],[23,-15],[5,-17],[21,0]],[[26770,54979],[-8,-22]],[[26762,54957],[-105,7],[-85,-2],[-33,14],[-35,-1]],[[26807,54036],[-2,-96]],[[26805,53940],[-86,-3]],[[26719,53937],[-5,99],[-35,-18],[-106,-4],[-1,110],[-38,48]],[[25876,54413],[2,14],[23,28],[63,40],[70,19],[17,10],[5,40],[56,1],[111,-6],[81,2]],[[26303,54337],[-291,64],[-40,4],[-96,-2]],[[25876,54403],[0,10]],[[26634,54629],[175,-17]],[[26809,54612],[-2,-113]],[[26807,54499],[-77,-1]],[[26730,54498],[-155,-4]],[[7240,23595],[27,44],[20,45],[6,33],[-16,42],[-1,22],[20,37],[29,1],[15,8],[13,27],[38,11],[15,24],[-4,53],[-26,43],[-6,20],[15,73],[23,33],[39,-1],[13,8],[6,29],[-1,41],[-11,26],[-33,18],[-7,29],[23,13],[-14,61],[29,0],[29,-9],[-10,-39],[9,-34],[24,3],[32,25],[-10,79],[0,54],[16,18],[15,-4],[14,-23],[-3,-19],[-22,-19],[8,-39],[32,34],[37,18],[77,13],[4,-29],[-6,-40],[29,0],[4,40],[8,21],[23,25],[15,6],[10,-34],[17,-19],[34,10],[-6,36],[19,9],[13,-16],[18,-44],[21,11],[49,-19],[26,3],[27,-15],[34,-38],[-19,-69],[-2,-28],[15,-22],[6,-59],[10,-25],[25,-24],[24,-9],[37,13],[26,29],[10,47],[1,31],[-9,42],[396,-4],[534,-4]],[[9093,24218],[2,-400],[5,-159],[-1,-817]],[[9099,22842],[0,-544],[-124,1]],[[8975,22299],[-463,-1],[-20,9],[-63,-9],[-69,2],[-6,16],[-32,-19],[-92,0],[-1,28],[-21,1],[-12,933],[-520,-2],[-329,-2],[-16,1]],[[7331,23256],[-35,116],[-25,60],[-26,80]],[[7245,23512],[-5,83]],[[9093,24218],[60,0]],[[9153,24218],[297,-629],[30,-42],[48,-80],[205,-349],[181,-221],[24,-43],[41,-118]],[[9979,22736],[-86,0],[-142,5],[-31,-5],[-227,2],[-3,40],[-130,1],[0,31],[-9,9],[-135,0],[-64,2],[-53,21]],[[16837,59390],[153,2],[464,1],[309,7]],[[17779,57499],[-305,-5],[-467,-8],[-155,0]],[[16852,57486],[-6,477],[-5,596],[-3,149],[2,26],[0,182]],[[16840,58916],[-3,474]],[[19189,58025],[-12,-44],[-23,-48],[6,-33],[26,-36],[12,-42],[-8,-33],[18,-42],[38,-67]],[[19246,57680],[-141,0],[-48,11],[-31,23],[-60,67],[-21,35],[-120,279],[-20,32]],[[19693,60115],[30,-20],[18,17],[30,10],[300,7]],[[20071,60129],[44,-169],[4,-28],[1,-119]],[[20120,59813],[-5,-3],[-112,-2],[-2,-83],[-87,-3]],[[19914,59722],[-30,1]],[[19884,59723],[-4,53],[-8,22]],[[19872,59798],[-49,17],[-23,27],[8,15],[42,9],[12,24],[-11,21],[-33,4],[-25,-16],[-21,-52],[-17,-12],[-22,4],[-17,31],[20,55],[-20,30],[-25,14]],[[19691,59969],[2,146]],[[18621,58833],[228,-2],[142,3],[88,-1]],[[19005,58435],[-184,-2],[-100,29],[-98,25]],[[19451,58739],[200,4],[31,19],[62,2]],[[19744,58764],[-14,-23],[-120,-139],[-65,-82],[-21,-50],[-7,-30]],[[19517,58440],[-24,-1]],[[19433,57294],[97,-2],[44,-15],[36,-3],[27,-9],[63,7],[14,12],[54,12],[27,-3],[22,-11]],[[19817,57282],[16,-14],[38,-19],[63,0],[43,10],[-16,57],[15,40],[13,8],[20,41],[7,31],[-1,252]],[[20276,57898],[40,-3],[116,-2],[43,-6]],[[20485,56941],[-196,-3],[-116,0],[-155,-4],[-439,-7],[-186,-2]],[[19393,56925],[2,55],[9,82],[6,28],[19,47],[5,38],[-1,119]],[[16810,60768],[172,-4],[209,-3],[495,-11],[229,-8],[306,-2],[534,-8]],[[18755,60732],[-3,-330],[-2,-362],[-38,-16],[-23,13],[24,31],[-19,7],[-18,35],[-20,2],[-11,-34],[-31,-2],[1,-290]],[[18615,59786],[2,-366]],[[16837,59390],[-10,633],[-4,195],[-2,122],[-11,428]],[[19817,57282],[0,128],[-76,-2],[-3,244],[39,-1],[0,35]],[[20061,60718],[419,-11]],[[20480,60707],[-3,-733],[0,-159]],[[20477,59815],[-99,-2],[-211,-1],[-47,1]],[[20071,60129],[-23,90],[-4,31],[0,198]],[[20044,60448],[0,169],[5,46],[12,55]],[[19315,58129],[63,0]],[[19378,58129],[-1,-12],[56,-32]],[[19433,58085],[-2,-58],[-116,-1]],[[19315,58026],[0,103]],[[19914,59722],[2,-24],[61,-17],[103,-108],[-33,-4],[2,-275]],[[20049,59294],[-27,-5],[-131,-2]],[[19773,59284],[-49,8]],[[19724,59292],[-32,20],[-34,9],[-108,-3]],[[19550,59318],[-4,48],[7,36],[23,76],[15,10],[31,-6],[23,16],[-3,82],[26,1],[24,-15],[38,-13],[46,24],[13,29],[-6,36],[8,29],[20,12],[35,-2],[23,12],[15,30]],[[19774,58045],[234,3]],[[20008,58048],[2,-159]],[[19774,57886],[0,159]],[[19775,58170],[33,-6],[103,15],[81,21],[17,1]],[[20009,58201],[-1,-153]],[[19774,58045],[1,125]],[[26418,54051],[0,-102],[-2,-37]],[[26416,53912],[-78,-2]],[[26338,53910],[1,60],[-18,0],[4,25],[-35,55],[128,1]],[[26365,53419],[42,-15],[47,-24],[-8,-16],[-5,-66],[83,43],[61,-36],[3,-12]],[[26588,53293],[6,-28],[-15,-52]],[[26579,53213],[-113,0],[-126,-2]],[[26340,53211],[-5,47],[29,135],[1,26]],[[26329,52979],[34,7],[24,-7],[2,-41],[19,-26],[25,35],[6,39],[33,-26],[16,5]],[[26488,52965],[20,-53],[29,-54]],[[26537,52858],[10,-19]],[[26547,52839],[-52,-2]],[[26495,52837],[-167,-7]],[[26328,52830],[1,149]],[[26122,52866],[168,0],[-2,20],[-14,24],[-34,17],[-10,19],[7,48],[23,16],[43,5],[-3,44],[37,1]],[[26337,53060],[-6,-30],[-2,-51]],[[26328,52830],[-159,-7],[-50,-9]],[[26134,53088],[4,49],[14,35],[28,36]],[[26180,53208],[160,3]],[[26340,53211],[5,-33],[-2,-84],[-6,-34]],[[19637,59000],[-54,-2]],[[19583,58998],[18,71],[28,69],[95,154]],[[19487,58838],[152,3]],[[19773,58765],[-29,-1]],[[19547,58440],[8,1]],[[19555,58441],[17,-25],[38,-13],[71,0],[0,-91]],[[19681,58312],[-61,1],[-22,8],[-51,0]],[[19547,58321],[0,119]],[[19555,58441],[43,20],[56,15],[102,33],[18,9]],[[19774,58518],[0,-166]],[[19774,58352],[0,-45]],[[19774,58307],[-42,0],[-51,5]],[[25458,55344],[9,128],[15,54]],[[25482,55526],[2,65]],[[25484,55591],[110,2]],[[24979,53992],[2,144]],[[24981,54136],[200,7],[75,1]],[[25256,54144],[0,-161]],[[25256,53983],[0,-20]],[[25256,53963],[0,-235]],[[25256,53728],[0,-88],[3,-34]],[[24975,53599],[4,393]],[[13346,17369],[0,-22],[16,-18],[57,-3],[0,-26],[13,-29],[19,-9],[4,-19],[-19,-10],[3,-16],[23,-25],[-14,-23]],[[13448,17169],[-102,1],[1,-40],[-92,3],[-24,11],[0,30],[-163,4],[-1,37],[-15,41],[-13,6],[-37,-3],[-1,71],[11,10],[64,-1],[12,12],[-5,71],[21,21],[51,-16],[17,9],[27,-11],[33,-1],[0,-12],[113,-2],[1,-41]],[[19432,57681],[116,1]],[[19433,57294],[-3,67],[2,320]],[[18615,59786],[469,3],[134,3],[312,4],[252,7],[57,-13],[33,8]],[[19550,59318],[13,-98],[-11,-54],[-11,-18],[-80,-38],[-41,-25],[3,-39],[56,-60]],[[19479,58986],[44,-49],[11,-39],[-19,-41],[-28,-19]],[[18755,60732],[246,-2],[217,-6]],[[19218,60724],[0,-377],[33,-25]],[[19251,60322],[-18,-24],[16,-34],[29,-10],[56,-36],[50,1],[24,-10],[33,-3],[53,6],[25,-3],[23,-14],[8,-28],[17,-32],[6,-60],[23,-51],[33,-31],[62,-24]],[[19251,60322],[55,3],[5,24],[15,23],[13,-2],[20,-45],[27,-4],[16,14],[3,23],[-15,31],[3,38],[20,21],[47,8],[49,27]],[[19509,60483],[38,-35],[27,-11],[117,2]],[[19691,60439],[2,-324]],[[19583,58998],[-76,-4],[-28,-8]],[[27142,53877],[92,3]],[[27234,53880],[70,1],[22,19]],[[27326,53900],[1,-18]],[[27327,53882],[6,-11],[-11,-27],[-23,-13]],[[27299,53831],[-35,3],[-37,-23],[-81,-23]],[[27146,53788],[-4,89]],[[27700,53656],[50,-9],[82,3]],[[27832,53650],[3,-80],[-41,-2],[-37,-8],[5,-121]],[[27762,53439],[-64,-10]],[[27698,53429],[2,227]],[[19218,60724],[221,-4],[232,0]],[[19671,60720],[-6,-21],[-49,-57],[-6,-43],[-25,-18],[-22,-54],[-54,-44]],[[19189,58025],[126,1]],[[19315,58026],[-1,-145]],[[19314,57680],[-63,0]],[[19251,57680],[-5,0]],[[20477,59815],[0,-170],[3,-309]],[[20480,59336],[-354,-4],[-32,-8],[-45,-30]],[[26798,53220],[129,8],[133,4]],[[27060,53232],[-46,-106],[-6,-62],[-15,-39]],[[26993,53025],[-48,-23],[-30,-8],[-46,0],[-69,9]],[[26800,53003],[-6,0]],[[26794,53003],[4,86],[0,131]],[[27696,53245],[189,5]],[[27885,53250],[-9,-18],[4,-141]],[[27880,53091],[-178,-6]],[[27702,53085],[-6,160]],[[27880,53091],[6,-116]],[[27886,52975],[-71,-43]],[[27815,52932],[-21,-9],[-86,-14]],[[27708,52909],[1,28],[-7,148]],[[27362,53157],[27,7],[106,-5],[1,-55],[-14,-2],[-9,-25],[-2,-43],[23,-5],[8,-30],[-1,-78]],[[27501,52921],[-57,6],[-68,-5]],[[11151,30416],[134,3],[67,-2],[171,-15],[245,1],[397,0]],[[12165,30403],[1,-210],[21,-77],[86,-310],[111,-403],[80,-285],[12,-42],[129,-474],[45,-160],[-16,-363],[0,-39]],[[12634,28040],[-390,-4],[-451,-4],[-135,0],[-310,-5],[-96,-2]],[[11252,28025],[2,3],[-4,344],[-12,4],[-4,30],[-17,28],[-16,-13],[-23,3],[-4,19],[-1,133],[-38,5],[0,81],[109,4],[3,5],[-1,220],[37,30],[-1,57],[-6,3],[-1,79],[37,0],[-2,327],[-8,30],[-14,16],[-129,110],[-1,73],[17,5],[108,1],[-1,100],[-12,2],[0,58],[-33,0],[-5,43],[0,107],[-3,9],[-2,158],[-112,-2],[-1,162],[10,-1],[-1,80],[28,3],[0,75]],[[10221,30285],[37,0],[1,166],[-38,0],[0,140]],[[10221,30591],[19,-5],[82,-50],[52,-24],[33,-26],[0,-72],[15,-28],[60,-4],[0,-20]],[[10482,30362],[0,-110],[-60,-2],[-201,0],[0,35]],[[9863,30247],[207,3]],[[10070,30250],[76,0],[0,41],[27,0],[0,48]],[[10173,30339],[29,0],[19,13],[0,-67]],[[10482,30362],[226,-45],[39,-13]],[[10747,30304],[-292,-403],[-20,-21],[-44,-26],[-36,-6],[-54,0]],[[10301,29848],[-2,242],[33,0],[0,80],[-262,0],[-2,-29],[-35,-10],[-76,0],[1,66],[-86,3],[1,28],[-10,19]],[[7496,31522],[-64,104],[-24,67],[-20,100],[-9,85],[10,40],[11,19]],[[7400,31937],[14,-3],[193,1],[414,-2],[164,-2],[293,-5],[152,-1],[150,-3]],[[8780,31922],[150,-3],[459,-5],[305,-5]],[[9694,31909],[-2,-149],[18,-31],[-1,-53],[-19,-14],[-1,-74],[-141,5],[-11,-14],[-1,-66],[54,-1],[2,-37],[19,-7],[-1,-115],[-38,-6],[-3,-101],[-29,-25],[-9,-25],[-1,-82],[-37,1],[-1,-78],[-38,-2],[-2,-79],[-69,1],[-1,-32],[-15,-57],[-1,-93],[33,-1],[9,-33],[13,-8],[56,5],[-4,-241],[-50,-1],[-275,2],[-17,5],[-17,-18],[-26,-12]],[[9088,30473],[2,105],[-209,1],[-243,2],[-81,-2],[-360,1],[3,395],[-273,3],[-327,4],[-324,2]],[[7276,30984],[15,53],[89,119],[37,67],[37,78],[31,32],[47,56],[9,35],[-6,34],[-39,64]],[[10070,30584],[0,58],[76,-24],[64,-31],[11,4]],[[10173,30339],[0,72],[-18,0],[0,40],[-10,10],[-75,-3]],[[10070,30458],[0,126]],[[9077,29699],[1,81]],[[9078,29780],[371,0],[252,1]],[[9701,29781],[196,1],[56,8],[133,47],[62,12],[153,-1]],[[10747,30304],[54,71],[32,22],[43,13],[275,6]],[[11252,28025],[-431,-5]],[[10821,28020],[-428,-2],[-92,-2],[-213,0],[-446,5]],[[9642,28021],[0,240],[1,360],[-1,201],[3,158],[4,0],[3,317],[-299,1],[3,318],[-280,3],[1,80]],[[9694,31909],[191,-4],[176,-6],[79,-1],[372,0]],[[10512,31898],[224,0],[380,-4],[506,-3],[166,3],[151,-1],[151,1]],[[12090,31894],[0,-162],[2,-399],[4,-400],[64,0],[5,-530]],[[10070,30584],[-32,-11],[-44,0],[-1,-81],[-53,0],[-15,16],[1,44],[-13,15],[-65,1],[-16,-7],[-23,8],[-53,1],[-20,-5],[-24,-20],[-12,-25],[0,-304]],[[9700,30216],[0,-43],[1,-392]],[[9078,29780],[10,693]],[[7735,49117],[-76,-116],[-15,-14],[-27,-9],[-94,3]],[[7523,48981],[-56,0],[-53,-7],[-216,4],[-34,5],[-41,14],[-20,31],[1,124]],[[11105,15596],[64,-74],[141,-154],[158,-176],[144,-162],[146,-160]],[[11758,14870],[0,-161],[100,-1]],[[11858,14708],[3,-40],[-29,1]],[[11832,14669],[-87,2],[-46,6],[-43,-3],[-81,4],[-51,19],[-42,1],[-74,-25],[-25,-4],[-38,5],[-51,29],[-31,28],[-32,42],[-33,28],[-64,27],[-123,31],[-87,67],[-64,6],[-6,40],[-69,-6]],[[10785,14966],[-36,90],[-2,41],[9,19],[48,64],[9,17],[13,50],[-8,43],[-1,38],[-19,41],[-8,43],[-23,76],[-33,76]],[[23169,51597],[2,-202]],[[23171,51395],[-155,-23],[-133,-33],[13,35],[-92,72]],[[22804,51446],[-38,14],[-24,24],[-52,11],[35,88],[11,53],[84,-35],[270,-6],[79,2]],[[23171,51395],[1,-178]],[[23172,51217],[-414,-4]],[[22758,51213],[7,29],[18,41],[-11,20],[-26,70],[9,20],[37,21],[12,32]],[[22101,54902],[22,-7],[117,-1]],[[22240,54894],[242,1]],[[22482,54895],[1,-362],[-81,-1],[-4,-101],[3,-12]],[[22401,54419],[-198,39],[-15,71],[-56,0],[-27,-51],[-73,12]],[[22032,54490],[13,32],[-1,77]],[[22044,54599],[-16,15],[10,19],[5,33],[36,34],[21,43],[24,18],[-4,36],[-22,15],[-22,1],[-5,70],[30,19]],[[21916,54494],[3,23],[-12,20],[12,18],[-6,14]],[[21913,54569],[49,-13],[24,2],[58,41]],[[22032,54490],[-26,-66],[1,-16],[-39,1]],[[21968,54409],[-101,0],[-20,8],[-5,22],[-23,18],[16,29],[29,-9],[15,11],[32,-6],[5,12]],[[20471,52639],[1,310],[1,649]],[[20473,53598],[31,4],[430,4],[129,-3],[281,2],[76,2]],[[21420,53607],[80,-1],[156,3],[71,0]],[[21727,53609],[237,1]],[[21964,53610],[0,-119],[0,-267],[-2,-301],[-1,-245],[6,-17],[28,-25],[5,-12],[1,-428],[-18,-32],[-8,-32],[2,-123]],[[21977,52009],[7,-427],[4,-371]],[[21988,51211],[-535,6]],[[21453,51217],[-271,-8],[-193,-8],[-201,-6],[-294,-11]],[[20494,51184],[-11,829],[-2,142],[-11,9],[1,475]],[[22047,4626],[-32,-4],[-53,-16],[-49,4],[-68,23],[-18,13],[-77,88],[-69,64]],[[21681,4798],[15,10],[1,39],[41,2],[-1,-38],[139,-1],[-1,-158],[70,-1],[0,37],[78,0],[2,-19],[17,-21],[5,-22]],[[12615,18542],[119,-3]],[[12734,18539],[23,-111],[-9,-25],[8,-8],[5,-52],[-1,-26],[-12,-39],[10,-14],[-3,-120],[-1,-156]],[[12754,17988],[0,-111]],[[12754,17877],[-32,1],[-14,-7],[-9,53],[-65,-11],[-23,-54]],[[10839,18186],[61,61],[-55,63],[56,57]],[[10901,18367],[25,-35],[8,8],[27,-26],[30,6]],[[10991,18320],[1,-13],[43,-52],[-28,-68]],[[11007,18187],[-32,-73]],[[10975,18114],[-92,45],[-7,-16],[-37,43]],[[12166,17589],[149,-2]],[[12467,17262],[-63,-20],[-54,-29],[-19,-32]],[[12331,17181],[-37,9],[-19,-3],[-14,-18]],[[12261,17169],[-59,10],[-5,62],[-22,1]],[[12611,17326],[0,-143]],[[12611,17183],[2,-160]],[[12362,17164],[-14,16],[-17,1]],[[12166,17589],[-2,349]],[[11746,17354],[66,-89]],[[11812,17265],[-60,2]],[[11752,17267],[-68,2],[-19,6],[-53,50]],[[11612,17325],[1,81],[71,-10],[25,-10],[37,-32]],[[26906,47957],[46,2],[-4,112],[12,11],[64,2],[32,-3],[0,23],[83,47],[18,28],[48,-28],[3,-69],[103,2],[51,-31],[2,-83],[157,6],[3,-8],[77,2],[106,156],[44,53],[54,116],[67,167]],[[28759,47513],[-460,-11],[-444,-9]],[[27855,47493],[-176,-3],[-442,-5],[-117,-1],[-202,-5]],[[26910,47798],[-4,159]],[[19774,58518],[20,7],[216,4]],[[20010,58529],[-1,-160]],[[20009,58369],[-147,-2],[-21,-12],[-67,-3]],[[20009,58369],[0,-168]],[[19775,58170],[-1,0]],[[19774,58170],[0,137]],[[20010,58707],[0,61]],[[20010,58768],[137,3]],[[20147,58771],[21,-102],[2,-72],[-6,-65]],[[20164,58532],[-154,-3]],[[20010,58529],[0,178]],[[12754,17877],[0,-43]],[[12811,17578],[-124,2],[-77,4]],[[11746,17354],[11,11]],[[11757,17365],[17,-25],[39,22],[-5,40],[20,33]],[[12072,17266],[-42,-1]],[[12030,17265],[-218,0]],[[12754,17988],[52,24],[14,-3],[20,24],[50,14],[11,-3],[0,-225]],[[20164,58532],[-3,-86],[5,-112],[-2,-109]],[[20164,58225],[-124,-23],[-31,-1]],[[24611,48207],[-5,176]],[[24606,48383],[-1,108],[18,8],[7,24],[79,75],[48,36],[2,-102]],[[25248,46791],[72,2],[558,17],[58,1],[77,85]],[[26013,46896],[10,-402]],[[26023,46494],[7,-286],[19,-672],[-85,-2]],[[25964,45534],[-268,-7],[-411,-14]],[[25285,45513],[-10,320],[-14,516],[-5,112],[-8,330]],[[25979,48538],[3,-130]],[[25982,48408],[6,-324],[4,-165],[8,-469]],[[26000,47450],[-426,-12],[-338,-10]],[[25236,47428],[-4,232],[-45,6],[-104,-4],[13,20],[45,-14],[13,22],[34,-5],[36,-23],[37,7],[13,14],[-13,44],[5,42],[-8,19],[-38,1],[-21,51],[-62,-18],[-18,22],[-32,14],[-27,30],[-8,30],[2,22],[-31,21],[-14,-13],[-22,16],[-16,35],[-40,2],[-19,25],[-2,57],[24,-28],[19,-1],[8,16],[-4,26],[-13,13],[-98,-1],[-11,31],[-30,19],[15,35],[-44,12],[-41,-36],[-46,-25],[-40,0],[-24,-8],[-5,31]],[[23222,49302],[316,5],[362,3],[225,1],[457,16],[342,10],[134,2]],[[24606,48383],[-54,-17],[-402,-14],[3,-177],[177,41],[18,-54],[36,12],[72,29],[3,-86]],[[24459,48117],[-94,-9],[-88,-29],[-50,-27],[-47,-4],[-50,-12],[-68,-35],[-32,-12],[-33,-43],[-30,-14],[-98,-14],[-183,-51],[-55,-11],[-78,-24],[-142,-95],[-128,-116],[-14,-7]],[[23269,47614],[-3,88]],[[23266,47702],[-22,544],[-4,132],[-7,284]],[[23233,48662],[-7,353],[-4,287]],[[24610,48166],[-53,-2],[-38,-14],[-37,-26],[-23,-7]],[[26000,47450],[7,-319]],[[26007,47131],[6,-235]],[[25248,46791],[-8,407],[-4,230]],[[25236,47428],[-452,-13],[-238,-8],[-4,-81],[-74,-4],[2,-78],[-77,-3],[-4,156],[4,7],[-2,77],[-255,-8],[-1,-80],[-265,-4],[7,-162],[-345,-1],[-250,-2]],[[23282,47224],[-2,80],[-11,310]],[[25285,45513],[-549,-19]],[[24538,45487],[-227,-8],[-205,-6],[-187,-3],[-607,0]],[[23312,45470],[-13,-1]],[[23299,45469],[-2,624],[-5,520],[-4,307],[-6,304]],[[20164,58225],[1,-269],[2,-51]],[[19774,58170],[-66,18],[-48,4],[-46,10],[-62,0]],[[19552,58202],[0,79],[-5,40]],[[19327,58321],[30,-18],[15,-23],[93,1],[0,-80]],[[19465,58201],[-3,0]],[[19462,58201],[-70,0]],[[19392,58201],[-20,25],[-31,-10],[-57,40]],[[11305,18121],[74,-3],[20,9],[10,17],[1,54],[-1,198],[-30,-5]],[[11379,18391],[0,87],[8,0],[0,81]],[[11387,18559],[191,-8],[164,-1]],[[11742,18550],[54,-1]],[[11796,18549],[-8,-36],[-20,-37],[-55,-50]],[[11748,18122],[6,-230]],[[11754,17892],[1,-188],[-29,20],[18,-44],[15,-76]],[[11759,17604],[-39,13]],[[11720,17617],[-18,29],[-4,21],[10,37],[0,26],[-19,59],[-35,71],[-33,32]],[[11621,17892],[-57,38],[-33,15]],[[11531,17945],[-105,41],[-74,44],[-46,21]],[[11306,18051],[-1,70]],[[12737,14700],[163,-1],[93,-4],[94,2],[166,-2],[258,-7],[1,81],[-3,599],[-9,280]],[[13501,16136],[-3,163],[-1,309]],[[13497,16608],[125,-3]],[[13622,16605],[412,-6],[21,-1],[342,-6]],[[14397,16592],[2,-709]],[[14399,15883],[1,-394],[2,-289],[2,-529]],[[14404,14671],[1,-241],[-1,-63],[2,-402],[1,-239]],[[14407,13726],[-385,3],[-348,0],[-309,4],[-516,7]],[[12849,13740],[-36,50],[-1,34],[46,2],[9,19],[-6,20],[-28,32],[-38,12],[-26,28],[15,18],[-3,31],[-24,29],[-5,26],[-41,28],[-4,19],[20,9],[8,19],[-10,42],[-45,60],[-28,53],[23,22],[-11,16],[-22,11],[22,25],[5,29],[17,37],[-6,30],[11,15],[22,-6],[30,3],[9,-27],[-8,-10],[-44,-19],[4,-30],[51,-18],[37,12],[21,24],[8,22],[1,32],[9,27],[-5,18],[-34,39],[-5,18],[21,33],[-45,67],[-15,44],[-11,15]],[[11796,18549],[102,-1]],[[11898,18548],[259,-1]],[[12164,18027],[-42,0],[-10,28],[-17,10],[-32,-18],[-30,3],[-19,-25],[-21,-8],[-16,9],[-37,-38],[-41,-4]],[[11899,17984],[-43,-44],[-45,-12],[-57,-36]],[[12737,14700],[-1,2],[-328,0],[-331,2],[-219,4]],[[11758,14870],[1,33],[-3,297],[1,99],[0,211],[1,159]],[[11621,17892],[-25,-65],[-27,-38],[-42,-34]],[[11527,17755],[-6,-6]],[[11521,17749],[-47,80],[-9,28]],[[11465,17857],[-4,15],[39,66],[32,-22],[-1,29]],[[11257,17439],[26,51],[36,60]],[[11319,17550],[100,-123],[109,-110],[40,15],[44,-7]],[[11752,17267],[-1,-37],[7,-38],[0,-103]],[[11756,16631],[-40,-2],[-108,2],[-23,3],[-163,3],[-34,-2],[-342,5],[-159,0]],[[10887,16640],[1,245],[-2,44],[0,84],[24,10],[3,35],[22,10],[8,25],[-22,-1],[-36,21],[25,16],[15,22],[2,18],[42,2],[10,-12],[41,49],[24,23],[59,29],[66,57],[13,6],[76,91],[-1,25]],[[20164,58225],[312,56]],[[20476,58281],[0,-269]],[[26865,49386],[358,14],[262,9],[305,9]],[[27790,49418],[10,-399]],[[27810,48619],[-153,-5],[-153,-3],[-327,-9],[-137,-4],[-88,-160],[-60,-2]],[[26892,48436],[-19,616],[-8,334]],[[26811,51295],[4,-161]],[[26663,51132],[0,66],[11,47],[32,46]],[[10924,21203],[41,-2],[-4,51],[53,8],[32,16]],[[11046,21276],[31,-19],[-3,-22],[34,-81],[23,-13],[-3,-39]],[[11128,21102],[-27,-18],[-30,-52]],[[11071,21032],[-54,57],[-27,22],[-3,18],[-48,-1],[-10,20],[1,40],[-6,15]],[[12622,21148],[1,305],[3,481]],[[12626,21934],[0,355]],[[12626,22289],[36,0]],[[12662,22289],[149,0],[723,-4]],[[13534,22285],[-1,-243],[-6,-643],[-13,-627],[-5,-192],[-2,-141]],[[13507,20439],[-333,7],[-150,4],[-406,8]],[[12618,20458],[4,188],[-1,210],[-2,116],[3,176]],[[10792,18733],[66,0],[13,4],[-6,38],[-1,69]],[[11072,18990],[57,39],[25,8]],[[11154,19037],[41,8],[61,32],[41,27]],[[11297,19104],[51,29],[69,63],[27,14],[38,28],[-4,279]],[[11478,19517],[258,-8]],[[11740,18683],[2,-133]],[[11387,18559],[-219,6],[-288,4]],[[10880,18569],[-101,1]],[[10779,18570],[8,27],[0,53],[7,10],[-2,73]],[[12208,19967],[66,-2],[29,-20],[30,-5],[-1,-36],[100,-3]],[[12432,19901],[-31,-48],[-10,-24],[0,-328]],[[12391,19501],[-227,0]],[[12017,19503],[-15,52],[-30,134],[13,23],[61,38],[27,25],[33,55],[17,11],[65,31],[14,10],[10,36],[-4,49]],[[10200,22293],[12,-28],[24,-26],[63,-27],[35,-22],[22,-24],[37,-52],[90,-71],[14,-42],[28,-151],[0,-171],[-10,-64],[0,-27],[10,-81],[-7,-53]],[[10518,21454],[-34,-8]],[[10484,21446],[-79,42],[-40,26],[-65,55],[-67,26],[-25,4],[-83,-3],[-75,33],[-47,41],[-26,59],[-1,32],[-10,20],[-56,44],[-52,27]],[[9858,21852],[3,227],[2,55],[1,158],[148,2],[188,-1]],[[11254,21114],[16,6],[30,-5],[30,20],[-21,48],[-1,18],[25,31],[4,16],[36,32]],[[11373,21280],[59,-30],[40,-10],[57,-6],[43,-19]],[[11572,21215],[2,-129],[4,-164],[-18,-42],[-52,-49],[-39,-5]],[[11469,20826],[-77,0],[-4,118],[-38,1],[1,-49],[-38,0],[-2,77],[-5,1]],[[11306,20974],[0,19],[-19,19],[18,16],[0,15],[-54,9],[3,62]],[[10575,18768],[91,1],[2,20],[24,-8],[10,52],[-23,8],[20,53],[13,24]],[[10712,18918],[20,-13],[-10,-39],[21,-9],[-8,-36],[13,-4],[-9,-42],[23,-7],[26,3],[4,-38]],[[10779,18570],[-147,-2]],[[10632,18568],[-12,36],[-14,80],[-31,84]],[[10995,20742],[23,28],[-1,25],[17,53],[-13,47],[10,22]],[[11031,20917],[15,-9],[147,-109],[9,-9]],[[11202,20790],[17,-29],[19,3],[77,2]],[[11315,20766],[103,-1],[20,4]],[[11438,20769],[4,-45],[-9,0],[1,-43],[-76,1],[3,-22],[33,-42],[9,-21],[-160,1],[-35,41],[-24,6],[-33,38],[-52,34],[-17,-30]],[[11082,20687],[-87,55]],[[27031,36721],[-355,-2],[-1,38],[-36,1],[-106,35],[-18,4]],[[26515,36797],[11,23],[126,220],[235,2],[144,3],[0,-324]],[[27898,54050],[40,16],[39,-8]],[[27977,54058],[0,-41],[-18,-1],[2,-120]],[[27961,53896],[-60,-3]],[[27901,53893],[-33,-1]],[[27868,53892],[-3,145],[33,13]],[[27977,54058],[39,-1]],[[28016,54057],[39,-1],[1,-79]],[[28056,53977],[1,-82]],[[28057,53895],[-40,1]],[[28017,53896],[-56,0]],[[28057,53895],[1,-40],[79,-1],[2,-40],[39,2]],[[28178,53816],[3,-80]],[[28181,53736],[-39,-2],[1,-24],[-60,1],[2,-37],[-59,3]],[[28026,53677],[-2,59]],[[28024,53736],[-7,160]],[[28181,53736],[4,-104]],[[28185,53632],[-145,-88]],[[28040,53544],[-10,31]],[[28030,53575],[-4,102]],[[28187,53559],[115,2]],[[28302,53561],[1,-66],[6,-39],[19,-49],[7,-39],[3,-76],[4,-27]],[[28342,53265],[-35,1],[-151,-5]],[[28156,53261],[1,61],[29,17],[6,17],[-5,203]],[[30276,49441],[53,1]],[[30329,49442],[231,-1]],[[30560,49441],[23,0]],[[30583,49441],[2,-144]],[[30586,49175],[-53,3]],[[30432,49191],[-44,1],[-47,-10],[-60,22],[-3,6],[-3,228],[1,3]],[[30792,49441],[196,1]],[[30988,49442],[1,0]],[[30968,49336],[-61,8],[-27,-2]],[[31333,49444],[409,3]],[[31742,49447],[0,-150],[-2,-62],[1,-197],[-3,-275],[0,-250]],[[31738,48513],[-150,-1]],[[31588,48512],[1,79],[-5,482],[-37,-2],[-210,-4]],[[31337,49067],[-3,240]],[[26813,55327],[108,-22]],[[26921,55305],[169,9]],[[27090,55314],[5,-14],[-1,-137],[-2,-10]],[[27092,55153],[-279,-14]],[[26813,55139],[-2,-1]],[[28014,52777],[77,2]],[[28091,52779],[78,2]],[[28169,52781],[77,2]],[[28246,52783],[1,-40],[-77,-2],[0,-40]],[[28170,52701],[-154,-5]],[[28016,52696],[-2,81]],[[28097,52539],[78,2]],[[28175,52541],[55,2],[98,55]],[[28099,52472],[-2,67]],[[27719,52529],[146,4]],[[27865,52533],[4,-160]],[[27872,52292],[-95,-2],[-52,-25]],[[27725,52265],[0,24]],[[27725,52289],[-6,240]],[[28358,51346],[154,5]],[[28512,51351],[3,-159]],[[28365,51028],[-8,294],[1,24]],[[19958,38321],[40,13],[154,5]],[[20152,38339],[1,-14],[46,-30],[22,-22],[21,-32],[77,-154],[12,-16],[115,-108]],[[20446,37963],[-72,20],[-20,26],[-40,32],[-51,18],[-117,18],[-35,3],[-176,6],[-37,8],[-28,18],[-18,20]],[[19852,38132],[22,35],[5,49],[12,22],[47,65],[20,18]],[[19699,37977],[59,81],[94,74]],[[20446,37963],[64,-45],[113,-63]],[[20623,37855],[2,-167],[-193,2],[-356,3],[-371,-1]],[[19705,37692],[-6,285]],[[30818,54474],[9,16],[-6,40]],[[30821,54530],[27,1]],[[30848,54531],[40,0],[19,6],[-13,37]],[[30894,54574],[49,3]],[[30943,54577],[7,-113]],[[30950,54464],[-70,-13],[-52,-1]],[[30828,54450],[-10,24]],[[29810,55060],[57,0],[47,-40]],[[29914,55020],[1,-49]],[[29843,54975],[-17,26],[-17,-1]],[[29809,55000],[1,60]],[[30668,55248],[78,3]],[[30746,55251],[4,-20]],[[30750,55231],[-81,-3]],[[30669,55228],[-1,20]],[[30957,54133],[63,0]],[[31038,54100],[-29,-3]],[[30958,54096],[-1,37]],[[31479,52782],[71,-79]],[[31550,52703],[-133,-3]],[[31417,52700],[-39,-1]],[[31378,52699],[-1,40]],[[29267,54995],[24,2],[15,-25],[39,1]],[[29345,54903],[-79,-2]],[[29266,54901],[-78,-2],[0,64]],[[29294,50891],[26,1]],[[29320,50892],[52,1]],[[29372,50893],[5,-241]],[[29377,50652],[-51,-1]],[[29326,50651],[-5,89],[-23,-1],[-2,71]],[[29296,50810],[-2,81]],[[21812,54603],[39,0]],[[21851,54603],[0,-35],[62,1]],[[21916,54494],[-104,1]],[[21812,54495],[0,54],[-20,-16],[-43,0],[0,52],[63,0],[0,18]],[[31378,52699],[-39,0]],[[31339,52699],[-1,79]],[[27617,56174],[0,47],[89,-38]],[[27706,56183],[20,-39],[13,-50],[0,-93]],[[27739,56001],[-14,0]],[[27725,56001],[-75,0]],[[27650,56001],[-33,18]],[[27617,56019],[0,155]],[[27486,55577],[-1,-109]],[[27485,55468],[0,-112],[-29,-6],[0,-19]],[[27456,55331],[-50,-1],[-1,65]],[[27405,55395],[9,52],[-8,48],[-66,-7],[-11,4],[1,76]],[[27931,51814],[177,4],[15,13],[49,-6],[23,6],[36,-5],[66,47],[25,23],[64,26],[39,37],[1,38],[9,12]],[[28435,52009],[28,15],[32,45],[24,11],[26,30],[17,2],[28,37],[59,5]],[[28649,52154],[-1,-55],[5,-166],[3,-180],[5,-158]],[[28661,51595],[-389,-11]],[[28272,51584],[-55,-2],[-22,4],[-86,52],[-21,9],[-45,8],[-60,22],[-25,-12]],[[27958,51665],[-9,29],[23,11],[-20,30],[-1,28],[-20,51]],[[27968,51494],[200,6],[11,-4],[36,30],[57,58]],[[28661,51595],[6,-240]],[[28667,51355],[-155,-4]],[[28358,51346],[-231,-6]],[[28127,51340],[-155,-6]],[[27972,51334],[-4,160]],[[29760,53951],[78,1]],[[29838,53952],[2,-82]],[[29763,53849],[-1,21]],[[29762,53870],[-2,81]],[[30626,55408],[19,1]],[[30645,55409],[17,-67]],[[30627,55341],[-1,67]],[[30361,55082],[-62,0]],[[30299,55082],[-18,80]],[[27704,53886],[1,22],[28,2],[1,-23],[56,5],[78,0]],[[27901,53893],[5,-115],[19,1],[3,-45]],[[27928,53734],[-60,-2]],[[27868,53732],[-167,-6]],[[27701,53726],[3,160]],[[14825,43991],[96,0]],[[14921,43991],[357,-5],[98,1],[144,-2],[159,1],[345,-1],[418,0]],[[16442,43985],[-7,-17],[-6,-50],[10,-45],[-1,-42],[-38,-92],[-17,-48],[-1,-36],[9,-40],[-10,-44],[-28,-28],[-30,-52]],[[16323,43491],[-14,27],[-38,26],[-50,4],[-8,8],[-60,15],[-26,32],[-29,4],[-18,-16],[-43,33],[-49,6],[-24,-32],[-30,3],[-28,-14],[-1,-19],[-27,-4],[-45,-23],[-37,-11],[-49,-29],[7,-24],[0,-209]],[[15754,43268],[0,-322],[76,-1],[0,-199],[-4,-123]],[[15826,42623],[-73,-1],[-28,5],[-202,-2],[-164,1],[-20,5],[-80,2],[-75,-24],[-43,-17],[-15,-12],[-63,-30],[-13,-1]],[[15050,42549],[-123,1],[-17,-4]],[[14910,42546],[2,239],[3,6],[72,-1],[4,240],[-78,1]],[[14913,43031],[4,301],[1,179],[-131,1],[32,159],[3,25],[3,295]],[[16323,43491],[-14,-24],[-63,-53]],[[16246,43414],[-16,-76],[-14,-27],[-29,-28],[-30,-67],[-40,-43]],[[16117,43173],[-13,11],[-32,1],[25,79],[-256,-1],[-87,5]],[[14897,41156],[8,-54],[122,-2]],[[15027,41100],[-1,-88],[22,-4],[-1,-65]],[[15047,40943],[0,-94]],[[15047,40849],[-35,-18],[-4,27],[-38,1],[1,40]],[[14971,40899],[0,40],[-76,1],[1,98]],[[14896,41038],[1,118]],[[15316,41574],[14,2],[20,-21],[14,-2],[31,-22],[41,0],[1,39],[-66,2],[-11,6],[1,72],[55,-1],[33,-30],[0,30],[27,-1],[12,-26],[19,4]],[[15507,41626],[9,-11],[64,32]],[[15580,41647],[-1,-121],[8,-20]],[[15587,41506],[36,-97]],[[15623,41409],[-188,4]],[[15435,41413],[0,29],[-17,8],[-36,43],[-60,2]],[[15322,41495],[-21,0],[1,49],[27,1],[-13,29]],[[30476,55482],[63,-1]],[[30539,55481],[9,-75]],[[30489,55403],[-9,35],[-4,44]],[[29114,55147],[153,-29]],[[29267,55118],[0,-73]],[[29267,55045],[0,-25]],[[29189,55049],[-1,40],[-78,-1]],[[29110,55088],[4,59]],[[30931,53889],[0,-2]],[[30931,53887],[2,-76]],[[30933,53811],[-60,-1]],[[30873,53810],[-10,78]],[[31031,52533],[78,2]],[[31032,52473],[-1,60]],[[31000,51492],[52,-4],[2,-46],[36,0],[0,60],[67,0],[19,-17],[37,-5],[55,4]],[[31268,51484],[35,-55],[11,-25],[7,-40]],[[31321,51364],[-285,-2]],[[31036,51362],[-23,0]],[[31013,51362],[0,60],[-32,4],[19,66]],[[29040,55992],[63,90]],[[29103,56082],[21,-11],[42,0],[25,-9],[14,9]],[[29205,56071],[-1,-41],[-16,-11],[-2,-28]],[[29186,55991],[-105,1]],[[29081,55992],[-41,0]],[[29103,56082],[102,148]],[[29205,56230],[23,33]],[[29228,56263],[25,0]],[[29253,56263],[-9,-33],[-1,-159],[-38,0]],[[28082,56876],[33,15],[105,-12],[16,6],[60,-1]],[[28296,56884],[0,-50]],[[28296,56834],[0,-40]],[[28296,56794],[-20,0]],[[28276,56794],[-153,2]],[[28123,56796],[-39,0]],[[28238,56476],[231,-2]],[[28469,56235],[-67,0]],[[28402,56235],[-57,63],[-106,98],[-1,80]],[[28315,56635],[77,-1]],[[28392,56634],[77,-1]],[[28469,56633],[0,-159]],[[28238,56476],[0,85],[37,-1],[11,11],[29,1],[0,63]],[[28469,56633],[78,0]],[[28547,56633],[-1,-159]],[[30960,52290],[1,-80]],[[30961,52210],[-77,-1]],[[30884,52209],[-1,80]],[[30883,52289],[-4,77]],[[31604,52343],[34,-3],[5,-27],[12,-16]],[[31633,52286],[-17,17],[-113,-3]],[[31503,52300],[-36,36]],[[31467,52336],[5,5],[132,2]],[[15084,31223],[102,135]],[[15186,31358],[99,37]],[[15285,31395],[2,-51],[-4,-131],[-17,-100]],[[15266,31113],[-33,-171]],[[15233,30942],[-27,13],[-23,1]],[[15183,30956],[-1,30],[-39,32],[-36,17],[0,81],[-20,0],[-3,107]],[[14953,31274],[102,36]],[[15055,31310],[131,48]],[[15084,31223],[-55,-72],[-37,-31]],[[14992,31120],[0,82],[-39,71]],[[14953,31273],[0,1]],[[14992,31120],[-1,-1]],[[14991,31119],[-43,11],[-54,6]],[[14894,31136],[2,85],[20,35],[37,17]],[[14873,31302],[79,-3],[1,-25]],[[14894,31136],[-76,1]],[[14818,31137],[-1,93]],[[14817,31230],[19,15],[37,57]],[[14309,31106],[20,39],[7,27],[15,123]],[[14351,31295],[61,-20],[27,-15],[-9,-36],[30,-18],[30,-48],[13,-10],[25,-39]],[[14528,31109],[-146,-2]],[[14536,31109],[112,1]],[[14648,31110],[2,-161]],[[14650,30949],[-113,0]],[[14537,30949],[0,18]],[[14537,30967],[-1,142]],[[14809,30785],[4,120]],[[14813,30905],[3,133]],[[14816,31038],[8,13],[69,-1]],[[14893,31050],[-3,-98]],[[14890,30952],[-7,-46],[-14,-40],[-27,-49]],[[14842,30817],[-35,-44]],[[14807,30773],[2,12]],[[14725,31052],[79,0],[11,-14]],[[14815,31038],[1,0]],[[14813,30905],[-84,-1]],[[14729,30904],[-3,46],[-1,102]],[[14650,30949],[22,1],[1,-49],[23,2]],[[14696,30903],[2,-121]],[[14698,30782],[-11,-6],[-150,-3]],[[14537,30773],[0,176]],[[14696,30903],[33,1]],[[14809,30785],[-111,-3]],[[14890,30952],[12,13],[58,0]],[[14960,30965],[1,-165]],[[14961,30800],[-15,23],[-42,-7],[-62,1]],[[27933,59509],[184,0],[141,-8]],[[28258,59501],[0,-65]],[[28258,59436],[-34,-8],[-39,3],[-8,-10],[-45,-2],[-11,-15],[-61,-6],[-44,10],[-41,-4],[-24,-15],[-18,20]],[[27933,59409],[0,100]],[[14528,31109],[8,0]],[[14537,30967],[-40,-18],[-71,-1],[-21,23],[-23,-18]],[[14382,30953],[-3,-1]],[[14961,30800],[23,-35],[25,-16]],[[15009,30749],[-3,-28]],[[15006,30721],[-16,-13],[-22,2],[-22,13],[-40,1],[-94,-2],[-20,-5]],[[14792,30717],[15,56]],[[14807,30773],[-28,-21],[-47,-26],[-98,-26],[-96,-1]],[[14538,30699],[-1,58]],[[14537,30757],[0,16]],[[14792,30717],[-18,-62],[-84,-210]],[[14690,30445],[-33,1],[-51,11],[-72,-1]],[[14534,30456],[6,51],[-2,192]],[[8533,43430],[373,219],[86,36]],[[8992,43685],[39,18],[22,0]],[[9053,43703],[-1,-82],[27,0],[-1,-24],[22,-16]],[[9100,43581],[-12,-33],[-42,-92],[-30,-81]],[[9016,43375],[-44,7],[-136,1],[-154,-3],[-150,1]],[[8532,43381],[1,49]],[[9053,43703],[0,39],[90,0]],[[9143,43742],[62,0]],[[9205,43742],[-29,-40]],[[9176,43702],[-62,-86],[-14,-35]],[[8538,44021],[151,1],[-2,-158],[155,3],[153,-2]],[[8995,43865],[-3,-180]],[[8533,43430],[4,425],[1,166]],[[9016,43375],[59,-9],[25,14],[38,2],[153,-3]],[[9291,43379],[228,1]],[[9519,43380],[54,-1],[19,-23],[-2,-140],[-36,0],[-29,-35],[-31,3],[-52,-26],[-3,-7],[-2,-252],[15,2],[289,-3],[0,62],[8,30],[14,18],[26,-18],[44,-7],[12,-46],[-4,-35],[21,-2],[28,15],[-12,41],[22,31],[10,27],[-2,23],[33,50],[28,-8],[3,144],[75,-28],[1,73],[19,36]],[[10067,43304],[75,-59],[35,-18],[63,-15],[113,-1]],[[10353,43211],[-5,-429],[12,-24],[48,-118],[12,-23],[53,-55],[16,-23],[23,-48],[-167,3],[-4,-320],[32,-3],[-1,-73],[-33,-42],[-3,-282],[-56,2],[-10,-45],[-22,-25],[14,-15],[10,-62],[-21,8],[-23,-41],[12,-11],[-33,-35],[-11,-32],[-11,-7],[-15,-54],[88,-1],[-3,-163],[1,-160]],[[10256,41133],[-257,1],[-123,2],[-301,0],[-290,1],[-92,1]],[[9193,41138],[2,239],[3,242],[74,1],[77,-2],[1,160],[70,-1],[12,6],[65,0],[0,162],[2,151],[78,0],[2,161],[-104,0],[-20,-3],[-177,1],[-305,5],[1,241],[-151,3],[-82,-1],[-1,-54],[6,-27],[-147,-2],[-43,-15],[-34,0]],[[8522,42405],[2,306],[8,670]],[[8995,43865],[149,-2]],[[9144,43863],[-1,-121]],[[8542,44500],[154,1],[-1,-159],[151,3],[154,-4],[155,2],[5,-5]],[[9160,44338],[-9,-18],[-2,-269],[-5,-188]],[[8538,44021],[4,479]],[[10353,43211],[63,0]],[[10416,43211],[310,-4],[68,-21],[0,106],[151,-3],[1,172],[-17,38],[18,24],[1,86],[186,-3],[8,7],[1,64],[-28,19],[1,71],[62,-1],[4,34],[27,6],[30,19],[19,-13],[77,0]],[[11335,43812],[97,-1],[26,9],[38,23],[47,7],[14,-4],[44,8],[17,12],[33,-2],[23,-26],[-1,-25],[145,0],[2,-36],[120,-20],[27,0],[3,15],[75,-2],[0,53],[67,34],[48,-5]],[[12160,43852],[1,-647],[0,-160]],[[12161,43045],[1,-755],[-1,-289]],[[12161,42001],[-1,-249],[-3,-428],[1,-125],[-2,-80]],[[12156,41119],[-381,5]],[[11775,41124],[-77,2],[-303,1],[-25,-2],[-127,4],[-151,-1],[-152,3],[-76,-1],[-271,1],[-262,2]],[[10331,41133],[-75,0]],[[9227,43702],[140,-1],[21,-4]],[[9388,43697],[4,-51],[23,-40],[103,-89]],[[9518,43517],[-2,-77],[3,-60]],[[9291,43379],[3,253],[-63,59],[-4,11]],[[9160,44338],[13,5],[284,-2],[-3,-210],[-4,-12],[-26,-16]],[[9424,44103],[-59,-1],[5,-69],[12,-49]],[[9382,43984],[-177,-242]],[[8519,42099],[3,306]],[[9193,41138],[-304,3],[-381,5]],[[8508,41146],[5,403],[0,78],[4,120],[0,118],[2,234]],[[8552,45305],[2,115],[7,524]],[[8561,45944],[209,-1],[163,-2],[304,-1],[235,1],[477,6],[434,4],[742,-21],[153,-4]],[[11278,45926],[203,-2],[261,-1],[119,-1],[307,-1]],[[12168,45921],[-1,-371],[-2,-346]],[[12165,45204],[-3,-886],[-1,-319]],[[12161,43999],[-1,-147]],[[11335,43812],[-6,4],[0,103],[-70,19],[2,227],[-554,5],[-45,-10],[-61,1],[-25,5],[-1,107],[4,380],[-174,2],[-186,-5],[-154,1],[2,241],[-22,0],[22,30],[0,52],[-5,13],[1,155],[-582,1],[-29,-2],[-213,2],[-230,0],[3,140],[-45,18],[-70,3],[-192,1],[-141,2],[-12,-2]],[[9424,44103],[19,-42],[28,39],[281,-3],[0,-80],[79,-1],[225,0],[1,-35],[64,-20],[13,-17],[109,-4],[42,-45],[-2,-157],[36,1],[4,-40],[36,-1],[-1,-82],[31,-5],[-1,-79],[18,-14],[1,-49],[-9,-42],[6,-42],[14,-37],[-2,-137]],[[10067,43304],[-63,50],[-53,27],[-202,32],[-99,8],[-47,24],[-85,72]],[[9388,43697],[18,172],[-2,42],[-22,73]],[[11821,39773],[75,1],[-2,-243],[153,4],[0,-61],[-41,0],[-12,-19],[50,0],[5,-26],[22,4],[3,-24]],[[12074,39409],[-31,1]],[[12043,39410],[-57,2],[-1,-41],[-84,0],[-38,-25],[-37,-1]],[[11826,39345],[2,81],[-38,0],[0,13]],[[11790,39439],[0,51],[27,1],[6,40],[-2,242]],[[17133,34983],[88,104],[-68,11],[-2,163]],[[17151,35261],[227,1],[3,-321],[-132,1],[-32,-12],[35,-60],[31,-88]],[[17283,34782],[-49,0]],[[17234,34782],[-114,106],[51,60],[-38,35]],[[17077,34975],[28,-26],[28,34]],[[17234,34782],[-11,-57],[-35,-17],[-14,-27],[-20,-9],[0,-82],[-175,-5],[-6,4],[6,57],[-44,12],[-21,17],[5,41],[-10,13]],[[16909,34729],[17,40],[2,47],[28,43],[2,46],[119,1],[0,69]],[[16683,35048],[33,-19],[360,-6],[1,-48]],[[16909,34729],[-36,9],[-34,-7],[-30,-24],[-31,-3],[-89,-2],[-4,204]],[[16685,34906],[-2,142]],[[9227,43702],[-51,0]],[[14532,31431],[75,-1],[1,-15]],[[14608,31415],[1,-15],[27,-62],[11,-16],[0,-52],[38,0],[1,-119]],[[14686,31151],[-39,11],[1,-52]],[[14536,31109],[-4,322]],[[16157,32637],[0,-80],[171,0],[304,-4],[150,-1],[0,-160],[175,-3],[122,-4],[92,1],[208,-4],[150,-1]],[[17529,32381],[594,-3],[148,1]],[[18271,32379],[1,-474],[2,-16],[0,-645]],[[18274,31244],[-21,-9],[-41,23],[-19,-12],[-46,-8],[-16,63],[-22,24],[-37,23],[-27,31],[-19,-3],[-26,-35],[-16,-64],[-22,-39],[-4,-37],[-22,-20],[-8,-32],[-29,-8],[-17,10],[-29,-15],[-13,-30],[-35,-22],[-17,10],[-21,-11],[-5,-27],[-14,-8],[2,-22],[-47,-21],[-27,4],[9,-24],[-39,-3],[-26,-58],[-3,-37],[-11,-16],[8,-15],[-21,-28],[-38,-16],[-38,-34],[-23,7],[-18,-12],[-36,11],[-55,-33],[15,-29],[-11,-29],[-77,29],[-49,8],[-44,30],[-19,-1],[-12,28],[-14,-16],[-19,0],[-16,-34],[10,-59],[-12,-18],[-18,-52],[-36,17],[-37,-19],[-6,27],[-50,-28],[-8,-19],[-35,2],[-15,-19],[2,-25],[-56,-67],[-35,-20],[-97,16],[-42,50],[-35,37],[-5,40],[15,45],[-19,24],[-39,7]],[[16621,30676],[-30,14],[-22,-31],[-18,-12],[-25,5],[-23,30],[-19,0],[-10,27],[-8,43],[23,23],[3,13],[-27,14],[-22,3],[-62,-16],[-32,21],[-32,-14],[-11,-19],[-15,9],[-25,-16],[-22,6],[-15,15],[3,19],[-19,17],[-22,3],[-29,19],[-7,13],[22,12],[4,27],[0,63],[97,0],[0,160]],[[16278,31124],[0,143],[33,20],[5,12],[1,598],[6,21],[-238,-1],[-2,239]],[[16083,32156],[-2,479],[76,2]],[[14505,30217],[93,2]],[[14598,30219],[-60,-151],[45,1],[1,-82],[-5,-23],[1,-63],[166,1],[2,-76],[-35,-6],[0,-60],[-25,-22]],[[14688,29738],[-7,2],[-211,-1],[-73,-5]],[[14397,29734],[-3,242]],[[14394,29976],[-2,128],[2,111],[111,2]],[[14608,31415],[87,40],[36,19],[40,32],[16,-14]],[[14787,31492],[-20,-15],[4,-31],[-20,-20],[7,-24],[-9,-18],[-28,3],[1,-96],[38,0],[0,20],[38,0],[-3,-82],[22,1]],[[14818,31137],[-60,2],[-72,12]],[[14787,31492],[9,-20],[1,-41],[164,4]],[[14961,31435],[-88,-133]],[[27151,15639],[87,-1],[211,0],[8,-14],[45,-43],[31,-9],[14,21],[0,31],[50,4],[17,13],[11,23],[29,32],[1,22],[107,0],[-4,-397],[-144,-3],[-26,26],[-20,36],[-50,13],[-5,-44],[9,-17],[-14,-17],[-29,-3],[-45,-33],[-71,1],[2,179],[-128,15],[-1,31],[-50,51],[-23,44],[-12,39]],[[26790,17567],[134,2],[149,1],[292,5],[148,2],[262,7],[198,-2],[109,-4],[245,2]],[[28327,17580],[2,-19],[-21,-9],[-12,-17],[9,-30],[-10,-27],[25,-26],[25,-41],[-18,-17],[34,-66],[-16,-25],[4,-30],[39,-18],[26,4],[11,-50],[10,-10],[5,-27],[12,-16],[10,-34],[-6,-13],[-27,10],[-41,-71],[-22,2],[-29,-33],[-4,-51],[45,1],[-14,-24],[-25,-14],[8,-44],[24,-2],[5,-25],[-37,-11],[-29,-70],[6,-31],[16,-23],[-14,-7],[4,-25],[27,-5],[9,-15],[-23,-53],[17,-20],[-11,-12],[39,-11],[-5,-43],[8,-68],[18,-20],[-5,-14],[14,-42],[18,-8],[-40,-37],[26,-19],[-38,-21],[19,-9],[25,-43],[-31,-6],[18,-32],[-31,1],[-1,-18],[31,-6],[-4,-19],[-15,-9],[-3,-28],[-22,-16],[-18,-73],[37,-18],[-25,-32],[-25,6],[-11,-19],[13,-14],[26,-10],[-11,-46],[-20,-3],[-4,18],[-21,11],[-21,-16],[-5,-23],[-17,-20]],[[28260,15879],[-25,9],[-160,2],[0,-83],[-41,39],[-6,22],[-42,11],[-53,6],[-8,8],[1,79],[-157,2],[-4,-75],[-109,1],[2,136],[-145,-3],[-1,-158],[-291,1],[0,80],[-140,-1],[-103,-1],[15,-49],[22,-29],[-230,-1]],[[26785,15875],[3,435],[2,78],[-7,65],[5,161],[-1,159],[2,238],[1,244],[-2,153],[2,159]],[[15294,29912],[101,0],[26,-9],[13,18],[-12,21],[-20,1],[4,66],[14,21],[30,2],[-12,28],[-32,39],[13,21],[-6,35],[25,22],[-14,16],[-6,28],[-17,7],[-9,19],[30,16],[-1,39],[-38,-9],[-3,26],[23,40],[-3,40],[-23,28],[-6,20],[-32,20],[-13,23],[-1,103],[75,1],[-3,198],[-8,22]],[[15389,30814],[45,-41],[320,-251],[284,-226],[55,-39],[58,-48],[99,-74],[114,-95],[27,-17],[231,-181]],[[16622,29842],[0,-26],[-148,2]],[[16474,29818],[-281,0],[0,-157],[3,-107],[1,-209],[-451,3]],[[15746,29348],[-1,81],[-244,2],[-1,74],[-7,16],[-19,10],[-30,2],[-2,-22],[-144,-2]],[[15298,29509],[-4,403]],[[12089,32213],[222,-1],[226,1],[68,-2],[164,1],[211,-3],[226,1],[142,3],[83,5],[115,0]],[[13546,32218],[1,-49],[5,-23],[16,-23],[-32,-25],[-104,-1],[11,-917],[1,-159],[14,-23],[0,-24],[38,0],[10,-32],[1,-54]],[[13507,30888],[2,-122],[1,-184],[5,-610]],[[13515,29972],[3,-279],[5,-521]],[[13523,29172],[3,-242],[4,-481],[2,-401]],[[13532,28048],[-74,0],[-301,-3]],[[13157,28045],[-147,-1],[-376,-4]],[[12090,31894],[-1,319]],[[16278,31124],[-189,-2],[-77,2],[-255,-2],[-70,-6],[-20,4]],[[15667,31120],[35,4],[23,11],[9,18],[-7,53],[-26,33],[11,34],[-12,39],[-24,28],[1,44],[14,25],[-27,39],[-1,43],[-11,23],[-1,38],[-25,68],[-17,8],[-18,-11],[-21,6],[-8,25],[22,24],[4,26],[-6,45],[-19,22],[-37,9],[28,47],[-10,34],[-19,3],[-7,15],[15,17],[-9,16],[-40,18]],[[15484,31924],[44,26],[31,7],[21,30],[-54,2],[-6,7],[-1,153],[186,0],[378,7]],[[15009,30749],[0,57],[23,11],[12,-10],[40,-16]],[[15084,30791],[1,0]],[[15085,30791],[28,10],[12,-12],[43,-1],[30,-35]],[[15198,30753],[-17,-118],[-6,-22],[-27,-34],[-94,-68],[-18,-10],[-49,-13]],[[14987,30488],[-1,91],[20,142]],[[13546,32218],[297,1],[40,-1],[-1,130]],[[13882,32348],[1,30],[68,-2]],[[13951,32376],[6,-5],[59,-5],[33,-22],[47,-71],[-6,-13],[-52,-9],[-39,-28],[-28,-36],[-1,-41],[25,-3],[0,-27],[26,7],[44,-18],[20,3],[24,-11],[52,-91],[-1,-12],[-33,-31],[-24,-38],[-10,-32],[10,-41],[22,-7],[19,9],[16,-19],[-25,-12],[-15,-18],[1,-53],[17,-46],[32,-45],[58,1],[10,13],[21,-12],[6,28],[25,20],[-9,32],[27,-1],[20,22],[-11,33],[19,-5],[4,-26]],[[14340,31766],[-10,-70],[11,-121]],[[14341,31575],[18,-190],[-8,-90]],[[14351,31295],[-143,30],[-130,39],[-111,45],[1,-176],[4,-36],[-1,-171],[30,0],[0,-80]],[[14001,30946],[-120,-1],[-32,-13],[-52,-37],[-11,-3],[-228,-1],[-51,-3]],[[14340,31766],[40,-25],[29,-9],[32,29],[28,3],[40,-8],[12,18],[-3,47],[37,7],[8,16],[5,42],[17,4],[45,-30],[66,2],[25,27],[19,-27],[38,0],[36,20],[25,-28],[30,-14],[23,20],[14,-18],[-11,-26],[1,-31],[21,-39],[20,10],[5,22],[52,-26],[24,26],[4,29],[12,14],[48,20],[36,31]],[[15118,31872],[20,5],[2,-30],[14,-25],[14,1],[-1,40],[47,-3],[19,17],[25,3]],[[15258,31880],[16,-284]],[[15274,31596],[-20,-4],[-151,4],[-33,4],[-109,-165]],[[14532,31431],[-37,17],[-1,60],[-75,-1],[-1,62],[-33,-1],[-9,9],[-35,-2]],[[14598,30219],[95,1],[2,-120],[37,-19],[22,3],[7,-24],[195,7],[-1,80],[42,1],[23,20],[25,-18],[58,5],[25,19],[40,5],[14,13],[2,19],[31,24],[-2,30],[-42,-8],[-9,21],[49,34],[3,23],[-34,50],[-25,15],[-15,18],[-40,-3],[0,58],[-112,-4],[-1,19]],[[15198,30753],[10,64],[25,125]],[[15233,30942],[156,-128]],[[15294,29912],[0,7],[-150,-9],[-104,4],[-10,-8],[1,-118],[-74,-1],[-25,-121],[-91,-2],[-29,19],[-4,20],[-100,-2],[-13,14],[-7,23]],[[14123,29094],[49,79],[6,35],[-1,72],[15,41],[41,25],[16,23],[112,277],[33,43],[3,45]],[[15298,29509],[4,-314],[-178,-6],[-52,-8],[-40,6],[-292,-8],[-191,-1],[0,-80],[-126,-2],[-1,-39],[-55,-1]],[[14367,29056],[0,40],[-244,-2]],[[14894,31136],[-1,-86]],[[14815,31038],[3,99]],[[13523,29172],[243,-1],[112,1],[1,-80],[244,2]],[[14367,29056],[-36,-4],[4,-336],[-36,-5],[2,-179],[74,2],[3,-240],[37,-2],[5,-239]],[[14420,28053],[-150,-2],[-311,-2]],[[13959,28049],[-285,0]],[[13674,28049],[-142,-1]],[[13515,29972],[182,3],[22,-3],[180,1],[193,0],[302,3]],[[14690,30445],[62,18],[139,4],[33,4],[63,17]],[[14505,30217],[-1,95],[3,64],[5,25],[22,55]],[[14310,30948],[-147,-1]],[[14163,30947],[-162,-1]],[[28260,15879],[-23,-46],[-34,-6],[-5,-52],[8,-17],[-4,-24],[-43,-12],[-2,-13],[30,-53],[21,-6],[32,6],[5,-44],[-28,-19],[-36,0],[-26,-44],[-5,-27],[-2,-62],[10,-43],[18,-28],[-2,-33],[7,-31],[24,-29],[15,-38],[6,-58],[12,-16],[53,-33],[13,-19],[2,-46],[23,-38],[4,-30],[-23,-44],[-3,-19],[13,-64],[-20,-49],[14,-40],[12,-3],[38,15],[24,0],[6,-33],[-6,-25],[3,-50],[-23,-18],[-39,16],[-20,-23],[3,-19],[29,-23],[-16,-22],[-18,-7],[26,-35],[1,-26],[22,-37],[-27,-4],[-14,14],[-17,-17],[-17,8],[-6,-25],[-42,-27],[-1,-21],[-23,-8],[-36,10],[-8,-30],[-12,-13],[7,-35],[-17,-11],[38,-19],[-29,-18],[-18,7],[-21,-8],[-49,11],[-13,-9],[-14,-51],[1,-39],[-10,-25],[13,-34]],[[28041,14168],[-295,2],[-1,-46],[-511,2],[-469,3]],[[26765,14129],[3,131],[2,187],[5,159],[1,173],[4,342],[4,478],[1,276]],[[14960,30965],[49,1]],[[15009,30966],[45,1],[0,20],[54,-32],[72,-46],[3,47]],[[15085,30791],[-1,0]],[[15746,29348],[4,-293],[-4,-49],[10,-580],[1,-359]],[[15757,28067],[-444,0],[-149,-1],[-449,-7],[-295,-6]],[[14163,30947],[1,-50],[-7,-17],[2,-266],[-68,-1],[-27,-12],[-34,-34],[94,1],[35,-6],[116,-50]],[[14275,30512],[112,-49],[31,-7],[116,0]],[[17741,8808],[53,-12],[67,-62],[15,-23],[18,2],[13,28],[-1,69],[-10,22],[-40,32],[-33,53],[-4,18]],[[17819,8935],[4,15],[-45,27],[4,24],[20,26],[11,45],[29,10],[21,-16],[28,-45],[34,-44],[4,-32],[32,-27],[33,13],[18,52],[-5,58],[22,49],[34,30],[35,5],[-3,44],[25,24],[28,-12],[41,-67],[-3,-37],[-8,-14],[-29,-5],[-4,-25],[22,-5],[14,-14],[-15,-35],[1,-20],[14,-7],[16,10],[30,1]],[[18227,8963],[27,-316],[30,-329]],[[18284,8318],[-92,-11]],[[18192,8307],[-32,3],[-82,36],[-35,24]],[[18043,8370],[-31,32],[-19,27],[-47,87],[-31,53],[-54,63],[-39,32],[-63,39],[-56,21]],[[17703,8724],[17,21],[-9,26],[34,27],[-4,10]],[[16517,9095],[25,5],[52,-19],[29,-4],[25,5],[31,29],[-4,76],[15,66],[-9,58],[21,14],[0,15],[81,-3],[-6,28],[-2,69],[65,113],[16,62],[2,97],[19,7],[20,-6],[19,-22],[41,-13],[37,17],[40,-11],[28,12],[23,-1],[36,-14],[1,-14],[24,-7],[-3,24],[2,131],[180,-4],[48,-9],[35,9],[262,4],[79,0]],[[17749,9809],[-3,-73],[0,-171],[-5,-70],[12,-44],[-3,-54],[-8,-11],[-1,-137],[-36,-2],[-13,-65],[-27,-10],[22,-53],[0,-29],[27,-32],[-32,-9],[-11,-63],[11,-12],[30,19],[23,-15],[6,-24],[47,4],[31,-23]],[[17741,8808],[-48,20],[-17,16],[-62,40],[-28,22],[-34,18],[-30,5],[-23,-7],[-19,-41],[-4,-54],[-14,-36],[-11,-8],[-16,22],[-27,6],[1,62],[-18,-22],[-57,0],[-20,-19],[-20,1],[-10,-30]],[[17284,8803],[-6,14],[-45,150],[-19,-25],[-2,-170],[-7,-30],[-37,-52],[-35,-11],[-74,39],[-20,16],[-48,59],[-39,5]],[[16952,8798],[-33,-12],[-17,-15],[-18,-40],[-59,-19],[-51,-36],[-27,-6],[-32,15],[-25,19],[-31,46],[-36,9],[-22,-5],[-35,-19],[-29,-23],[-19,-55],[-7,-68],[7,-20],[44,-55],[32,-25],[6,-41]],[[16600,8448],[-24,19],[-37,3],[-37,12],[-21,18],[-19,39],[-26,75],[-7,31],[16,7],[-14,68],[19,45],[-13,22],[-19,-6],[-11,19],[18,8],[-6,26],[6,33],[-13,34],[-13,17],[0,27],[38,23],[14,49],[12,13],[42,7],[15,25],[-3,33]],[[15034,10310],[94,201],[140,313]],[[15268,10824],[296,-6],[220,-4],[375,-8],[423,-7],[156,-4],[215,-3],[126,-5],[83,-1],[143,-5],[309,-7],[146,-2]],[[17760,10772],[-1,-230],[-3,-152],[0,-125],[-6,-182],[-28,-48],[-3,-14],[29,-141],[1,-71]],[[16517,9095],[-10,57],[-22,-11],[-26,0],[-51,31],[-40,-14],[-34,9],[-20,17],[-33,7],[-29,-4],[-69,48],[-6,22],[-27,27],[-6,24],[9,54],[-28,9],[-20,-5],[-9,14],[16,39],[-9,12],[-31,7],[-24,31],[-16,6],[-14,66],[-24,12],[-20,-1],[-23,25],[-33,-1],[-10,51],[-17,13],[-32,80],[-17,12],[2,62],[-12,22],[-5,43],[-28,-12],[-59,35],[-11,25],[-23,7],[-28,19],[-6,25],[-34,-9],[-14,-17],[-71,1],[-8,7],[0,50],[-5,9],[-71,17],[-35,14],[-37,7],[-34,19],[34,46],[7,21],[1,60],[4,16],[-77,-1],[-34,-10],[-18,7],[-33,-13],[-201,10],[6,30],[-16,24],[-2,64]],[[18796,8510],[-2,-290]],[[18794,8220],[-22,-10],[4,-16],[-10,-31],[-36,15],[-4,-21],[-23,16],[-3,21],[-18,-6],[14,41],[-36,-3],[-35,-62],[27,-35],[-11,-17],[-52,12]],[[18589,8124],[-3,65],[-55,1],[0,26],[-35,-5],[-153,-1]],[[18343,8210],[-48,-2]],[[18295,8208],[-11,110]],[[18284,8318],[135,15],[24,8],[27,18],[68,63],[36,21],[171,57],[51,10]],[[17703,8724],[-30,-23],[8,-27],[-3,-18],[31,-34],[-1,-22],[-26,0],[-8,-46],[13,-27],[2,-29],[-17,-15],[-10,-50]],[[17662,8433],[-29,28],[-73,28],[-28,47],[-30,24],[-45,21],[-22,20],[-17,35],[-18,19]],[[17400,8655],[-46,35],[-15,4],[-12,18],[-43,2],[0,89]],[[17797,8033],[6,3],[70,-4],[165,-2]],[[18038,8030],[-3,-152],[15,12],[43,-9],[27,23],[12,-51],[-17,-57],[4,-16],[22,-15],[17,-36],[-2,-31],[23,6],[3,14]],[[18182,7718],[92,-1],[23,-13],[19,8],[16,21],[22,-13],[170,4],[117,-3],[-3,39],[-53,182],[-23,51]],[[18562,7993],[4,46],[16,37],[-2,24],[9,24]],[[18794,8220],[-3,-173],[0,-163],[-3,-124],[-1,-358],[-2,-164],[0,-157],[-2,-159]],[[18783,6922],[-149,-6],[-302,-4],[-75,-8],[-174,1]],[[18083,6905],[-77,0],[-285,7],[-67,-1]],[[17654,6911],[-12,33],[26,16],[8,25],[-5,16],[13,27],[19,-1],[10,47],[-19,7],[-11,18],[28,30],[-35,47],[14,45],[19,-4],[60,35],[17,-2],[-18,-84],[-2,-41],[30,10],[16,-36],[28,29],[-2,29],[-46,21],[11,28],[26,21],[-6,54],[-25,31],[9,54],[19,35],[-32,0],[-25,25],[22,32],[13,46],[-8,25],[-43,-7],[-22,20],[6,17],[-27,41],[-23,7],[-35,-12],[0,28],[-22,9],[-6,17],[15,37],[2,37],[16,85],[71,-1],[34,-4],[0,71],[34,3],[1,156]],[[11589,39450],[59,-24],[43,0],[1,13],[98,0]],[[11826,39345],[0,-15],[-61,0],[-26,9],[7,47],[-55,-1],[-1,-14],[-102,3],[1,76]],[[12156,41119],[-9,-318]],[[12147,40801],[-156,3],[-146,0],[5,238],[-76,1],[1,81]],[[11019,37853],[38,1],[-1,-320],[-150,-1],[-2,-102],[24,-42],[9,-23],[0,-61],[7,-14],[26,-17],[9,-18],[0,-97],[9,-18],[65,-42],[-3,-43],[-38,0],[-3,11],[-121,18],[-14,38],[-21,0],[-19,32],[-41,59],[-40,35],[-30,42],[-9,29],[-75,0],[7,42],[14,53],[13,19],[-24,16]],[[10649,37450],[-94,2],[0,36],[-28,3],[4,398],[25,4],[2,38],[200,0],[53,-80],[208,2]],[[10461,39530],[107,-1],[196,0],[-1,-80],[232,0],[69,-2],[166,3],[133,-1]],[[11363,39449],[-1,-55],[17,-24],[43,-6],[11,-25],[-3,-285],[0,-242]],[[11430,38812],[-2,-190],[-4,-368],[-328,-2],[0,-79],[-35,-1],[-4,-29],[-13,-34],[-24,-20],[-1,-236]],[[10649,37450],[-30,-43],[-30,-31],[-41,-20],[-96,27],[-34,-18],[-40,-34],[-24,-42]],[[10354,37289],[-30,0],[-56,78],[16,33],[16,9],[1,23],[15,37],[-1,19],[18,21],[-9,16],[10,21],[-4,46],[8,10],[-15,26],[-16,6],[16,24],[-27,28],[-15,6],[-41,1],[2,157],[21,3],[18,14],[1,131],[34,14],[26,27],[40,18],[0,30],[-25,5],[-73,39],[1,117],[37,4],[4,479],[-38,0],[1,74],[-35,21],[-3,64],[-69,0],[-3,40],[-58,1],[-17,6],[0,161],[-4,0]],[[10100,39098],[10,33],[73,-2],[154,1],[120,-1],[0,165],[4,236]],[[8488,39223],[512,-2],[28,16],[9,-38],[-3,-60],[142,-4],[11,-15],[-1,-81],[5,-19],[17,-9],[78,-1],[20,10],[3,29],[38,-1],[0,26],[9,41],[34,26],[27,-8],[175,2],[32,-4],[82,9],[23,-2],[-1,-60],[20,19],[20,-6],[25,32],[20,7],[47,-6],[10,-17],[15,3],[18,-47],[15,4],[38,26],[30,-2],[114,7]],[[10354,37289],[-63,-68],[-1,-7],[56,-26],[17,-43],[-1,-22],[56,-75],[51,-9],[65,-39],[-6,-80],[-2,-268],[-2,-13]],[[10524,36639],[-18,-21],[-315,-301],[-10,0],[1,79],[-16,11],[-21,70],[-1,84],[-141,-6],[-46,1],[-40,-32],[0,-42],[-37,-4],[-6,-35],[-36,-4],[-5,-41],[-72,-2],[-1,34],[-90,-1],[-22,22],[-23,36],[-16,10],[-4,21],[-78,5],[5,272],[4,95],[-166,-13],[-32,7],[-243,5],[-130,0],[-187,3],[-152,-3],[-156,2]],[[8470,36891],[6,444],[4,522],[1,309],[2,92],[-1,145],[3,444],[3,318],[0,58]],[[11363,39449],[56,1],[-1,81],[-14,21],[-39,1],[0,20],[75,-1],[1,56],[23,-1],[-1,-55],[37,-1],[0,-20],[-36,0],[-1,-99],[49,0],[30,13],[11,-15],[17,8]],[[11570,39458],[19,-8]],[[12043,39410],[-2,-119],[-2,-319],[-70,1],[-72,14],[-28,17],[-57,1],[0,47],[-138,-1],[-29,-5],[-55,-28],[-82,-75],[-3,-131],[-75,0]],[[12147,40801],[-12,-471],[-3,-162],[159,-3],[348,-3],[244,-1],[168,-2]],[[13051,40159],[0,-5]],[[13051,40154],[-3,-161],[-3,-318],[18,-4],[-1,-149]],[[13062,39522],[-118,-21],[-51,-5],[-3,-48],[-76,1],[-28,-18],[-39,5],[-33,14],[8,-41],[-21,-12],[-52,-3],[-32,-17],[-17,9],[-21,37],[-25,10],[-38,-4],[-28,24],[-43,-1],[-206,3],[-16,-4],[-41,-36],[-18,-7],[-90,1]],[[11821,39773],[0,98],[-48,9],[-1,-47],[-11,-37],[-31,17],[-7,39],[-353,-2],[-3,-161],[63,-3],[61,-26],[13,-10],[85,-102],[0,-95],[-19,5]],[[10461,39530],[2,108],[5,452],[-118,-1],[-13,14],[-1,105],[-75,-14],[-1,37],[-17,23],[1,50],[16,37],[1,70],[-13,31],[-54,44],[-8,17],[-4,144],[151,3],[2,143],[-1,157],[-3,183]],[[8498,40188],[4,320],[6,638]],[[8488,39223],[2,321],[8,644]],[[13062,39522],[1,-178],[-3,-414]],[[13060,38930],[-41,-36],[-28,-36],[-12,-23],[-13,-49],[-6,-78],[-11,-57],[-9,-77],[1,-50],[-13,-35],[-42,-38],[-35,-49],[-43,-81],[-9,-37],[-6,-61],[-20,-39],[-46,-54],[-32,-27],[-50,-22]],[[12645,38081],[-73,-36],[-44,-27],[-71,-58],[-55,-52],[-80,-83],[-81,-89],[-18,-28],[-20,-59],[-29,-43],[-37,-14],[-52,-8],[-41,-31],[-50,-29],[-41,-16],[-81,-41],[-45,-10],[-45,-14],[-39,-31],[-41,-55],[-14,-28],[-25,-87],[-13,-29],[-16,-52],[-9,-52],[21,-80],[2,-30],[-5,-35],[-21,-70],[-19,-29],[-76,-66],[-17,-27],[-13,-47]],[[11497,36725],[7,-92],[-2,-61],[-13,-46]],[[11489,36526],[-660,139],[-61,2],[-24,4],[-28,-4],[-44,-28],[-18,-3],[-114,1],[-16,2]],[[8461,36328],[9,563]],[[11489,36526],[-25,-37],[-20,-19],[-51,-85]],[[11393,36385],[-35,-55],[-32,-38],[-30,-46],[-21,-24],[-47,-25],[-37,-39],[-29,-62],[-18,-57],[-46,-163],[-34,-52],[-34,-39],[-83,-48],[-116,-17],[-43,-15],[-85,-68],[-20,-27],[-30,-102],[-11,-20],[-36,-43],[-37,-24],[-65,-19],[-20,-25],[-28,-66]],[[10456,35311],[-162,5],[-231,9],[-197,5],[-234,10],[-174,8],[-85,6],[-167,1],[-529,8]],[[8677,35363],[-230,3],[2,90],[12,872]],[[17771,47728],[44,51],[32,26]],[[17847,47805],[18,11],[78,7],[30,-6],[47,-29],[76,-17],[50,-18],[45,-25],[25,-8],[86,-10],[107,-1],[58,-17],[62,-4],[38,-11],[114,-1],[21,12]],[[18702,47688],[3,-206],[3,-361]],[[18708,47121],[3,-728]],[[18711,46393],[-154,-2],[-460,-6],[0,80],[-39,1],[-1,160],[-191,-3],[-2,234],[-4,248],[-88,0],[-37,4],[1,15],[36,25],[-2,108],[-57,40],[-13,18],[2,33],[-12,14],[-31,64],[3,32],[15,29],[97,109],[22,30],[10,25],[-5,43],[-30,34]],[[16824,46846],[164,-2],[178,-4],[38,162],[9,25],[19,98],[31,67],[24,74],[13,28],[22,80],[-5,33],[-35,81],[-3,17],[14,40],[22,28],[25,13],[94,23],[31,13],[114,30],[97,44],[44,7],[29,9],[22,16]],[[18711,46393],[-3,-60],[0,-105],[3,-2],[3,-804]],[[18714,45422],[-1089,-1],[-159,-1],[-314,1]],[[17152,45421],[22,29],[46,29],[61,24],[18,15],[33,50],[19,70],[3,89],[0,84],[30,94],[-166,0]],[[17218,45905],[-3,1],[-524,2],[-396,3]],[[16295,45911],[-3,295],[0,307],[1,336],[466,-1],[65,-2]],[[23118,28585],[76,0],[-2,204],[15,52],[2,23],[-24,20],[2,21],[115,0],[0,79]],[[23302,28984],[-3,481],[-150,0],[0,40]],[[23149,29505],[-1,120],[75,0],[-2,160],[77,0],[-5,321],[-2,242],[1,240],[-3,419]],[[23289,31007],[310,-1],[600,-2]],[[24199,31004],[1,-244],[4,-359],[2,-496],[2,-442]],[[24208,29463],[1,-120],[1,-361],[4,-482],[4,-805],[1,-161],[2,-319]],[[24221,27215],[-158,1],[-24,2],[-415,2],[-2,2],[-189,0],[-118,-1],[-2,323],[-149,1],[0,160],[-39,1]],[[23125,27706],[-4,480],[-2,158],[-1,241]],[[23118,28585],[0,80],[-38,0],[-1,81],[-20,0],[0,61],[-18,19],[0,79],[-32,1],[-1,39],[32,1],[-1,38],[39,-7],[75,82],[-1,-74],[150,-1]],[[21513,29476],[138,0],[-1,81],[38,0],[0,39],[186,-4],[69,0],[35,-48],[9,6],[298,-3],[113,-3],[86,2],[18,-6],[28,6],[281,0],[0,-40],[188,-1],[150,0]],[[23125,27706],[-112,2],[-1,160],[-150,3],[-2,156],[-154,0],[-182,-1],[-189,2]],[[22335,28028],[-76,2],[0,228],[-4,411],[-729,10],[-8,557],[-5,240]],[[21927,31006],[103,1]],[[22030,31007],[164,2],[489,-1],[475,0]],[[23158,31008],[131,-1]],[[21513,29476],[0,5]],[[21513,29481],[-6,413],[-7,390],[-4,156],[213,2],[152,-4],[72,-5],[0,121],[-6,452]],[[18945,11888],[39,-5],[15,8],[297,-1],[248,0],[132,-1],[22,6],[138,1],[0,-122],[107,11],[17,-5],[18,-22],[13,-36],[14,-18],[45,-31],[60,-31],[52,-11],[76,-22],[75,-17]],[[20313,11592],[-2,-36],[-25,-16],[-15,-37],[2,-44],[-19,10],[-9,-11],[23,-76],[-5,-30],[-17,6],[-20,-13],[-29,-3],[-12,-16],[8,-44],[-4,-26],[8,-29],[23,-25]],[[20220,11202],[12,-15],[10,-34],[19,-38],[-2,-9],[-46,-14],[-12,-11],[-29,9],[-37,-26],[2,-24],[-38,-26],[7,-30],[-2,-42],[7,-17],[-31,-8],[-45,-36],[-17,14],[-12,-21],[5,-21],[26,0],[5,-13],[-17,-24],[8,-20],[-35,-34]],[[19998,10762],[-10,4],[-206,0]],[[19782,10766],[0,38],[19,6],[0,37],[-37,2],[1,79],[26,0],[-18,25],[16,50],[-27,12],[-4,24],[15,24],[6,29],[-52,-3],[1,121],[-148,0],[0,-39],[-112,0],[1,-40],[-111,0],[0,-203],[111,0],[-3,-51],[-32,-8],[-6,-22],[-33,-2],[0,-79]],[[19395,10766],[-351,0],[-22,3],[-25,15],[-24,30],[-25,14],[-18,-5],[-20,15],[-53,-1],[-10,-8],[-10,-99],[-32,-18]],[[18805,10712],[0,55],[-213,2]],[[18592,10769],[0,27],[52,20],[50,5],[25,28],[7,47],[45,65],[10,107],[11,17],[22,5],[-1,25],[32,43],[-7,28],[23,17],[5,44],[24,21],[-11,12],[9,20],[-3,19],[-18,14],[5,21],[-23,57],[2,21],[17,3],[24,26],[-3,31],[33,21],[-8,41],[-27,53],[-20,-7],[-8,30],[-22,31],[30,17],[22,0],[10,14],[-12,18],[26,28],[5,19],[-14,14],[-10,26],[4,27],[11,10],[27,-25],[10,37],[-1,42]],[[19395,10766],[387,0]],[[19998,10762],[-1,-19],[-31,-2],[-17,-14],[-23,7],[3,-49],[23,-25],[41,1],[-4,-31],[24,-41],[-8,-27],[7,-33],[-13,-8],[-21,15],[-13,-21],[1,-21],[-16,-10],[-25,-58],[-5,-23],[-29,-20],[-3,-27],[-20,-4],[-23,-36],[44,-18],[-17,-23],[32,-22],[-39,-73],[-17,-7],[5,-39],[-8,-18],[-27,-15],[-4,-63],[-17,5],[-4,-32],[-13,-2],[3,-25],[-20,-22],[-34,27],[-17,-16],[-47,15],[-22,-2],[-27,41],[9,19],[-2,25],[-12,16],[-23,8],[-53,-35],[-13,-32],[12,-41],[31,-27],[-2,-47],[15,7],[6,-31],[9,-9],[-9,-28],[-20,-14],[16,-19],[-20,-20]],[[19560,9799],[-19,0]],[[19541,9799],[-374,1],[-130,-2],[-235,0]],[[18802,9798],[2,144],[1,346],[1,84],[-1,340]],[[19998,10762],[27,-9],[28,14],[312,0],[244,3],[3,39],[148,1],[24,-6],[9,-12],[8,-35],[35,2],[10,14],[48,22],[9,23],[-7,18],[34,46],[27,4]],[[20957,10886],[29,-12],[30,-22],[76,0],[0,-159],[9,-3],[-1,-156],[168,3],[194,-1],[-1,-75],[21,-5],[122,-3],[0,-40],[74,1],[1,-180],[62,-43],[14,-20],[105,2],[2,40],[37,1],[1,-385],[-2,-16]],[[21898,9813],[-511,-4],[-66,1],[-76,-3],[-197,-2]],[[21048,9805],[-19,32],[-33,12],[-18,28],[-45,13],[-9,17],[-33,15],[-13,24],[-40,1],[-34,19],[-24,46],[4,37],[121,2],[2,161],[-63,0],[-35,4],[-4,76],[4,17],[21,25],[-45,13],[-16,-8],[-39,6]],[[20730,10345],[-42,46],[-30,-4],[-17,7],[-3,39],[-19,8],[-28,-23],[-53,-25]],[[20538,10393],[-19,34],[-54,20],[-15,20],[4,14],[-18,13],[18,17],[-25,11],[1,-217],[-35,-7],[-7,32],[-70,0],[-24,-38],[-13,-3],[1,-119],[49,13],[24,-12],[0,-48],[86,1],[18,-94]],[[20459,10030],[8,-32],[3,-48],[-8,-150]],[[20462,9800],[-128,-1]],[[20334,9799],[-164,1],[-183,-2],[-28,2],[-215,-2],[-184,1]],[[20538,10393],[0,-39],[11,-77],[14,-2],[1,-58],[36,-1],[0,-13],[30,0],[0,-19],[-51,0],[-3,-10],[0,-134]],[[20576,10040],[-19,14],[-51,-2],[-47,-22]],[[27431,53402],[37,159],[8,162]],[[27476,53723],[70,0]],[[27546,53723],[-2,-147],[-8,-89],[-2,-74],[52,5]],[[27586,53418],[112,11]],[[27698,53429],[-2,-184]],[[27696,53245],[-110,-4],[-161,-1],[-41,-3]],[[27762,53439],[99,15],[18,5]],[[27879,53459],[43,17],[118,68]],[[28040,53544],[-1,-44],[-5,-34],[1,-51],[-155,-4],[5,-161]],[[15047,40849],[109,69]],[[15156,40918],[11,-26],[-1,-80],[12,-18]],[[15178,40794],[-18,-16],[-114,0]],[[15046,40778],[1,71]],[[14648,31110],[64,0],[0,-58],[13,0]],[[20629,18214],[28,2],[523,1],[82,-16],[35,-3],[72,5],[90,0],[189,14],[249,27],[25,-1],[55,-12],[22,4],[48,24],[34,7],[20,-3],[37,-29],[23,-10],[45,-7],[173,10],[28,8]],[[22407,18235],[1,-52],[-2,-209]],[[22406,17974],[0,-132],[-2,-352],[-1,-337],[-2,-51],[1,-569]],[[22402,16533],[-112,1],[-186,6],[-74,-1],[-373,2],[-292,3],[-146,2]],[[21219,16546],[-297,4],[-299,6],[-298,-11]],[[20325,16545],[0,137],[3,189],[-3,62],[-27,141],[-11,76],[-1,50],[0,291]],[[20286,17491],[0,263],[-7,81],[-40,213]],[[20239,18048],[-9,93],[31,2],[0,-15],[33,1],[44,-23],[11,-24],[15,-3],[0,-29],[20,-59],[19,-20],[42,0],[1,-39],[27,-1],[0,-43],[9,1],[0,43],[18,0],[0,40],[19,0],[-1,40],[74,1],[0,40],[-37,0],[0,128],[13,24],[61,3],[0,6]],[[18904,19406],[2,657],[0,308],[478,-9],[37,0],[331,-6],[141,3]],[[19893,20359],[376,7],[354,7],[602,0],[357,2]],[[21582,20375],[-114,-91],[-35,-35],[-41,-54],[-95,-140],[-35,-34],[-28,-18],[-154,-85],[-39,-25],[-36,-32],[-72,-79],[-39,-55],[-96,-174],[-34,-50],[-290,-365],[-61,-69],[-69,-71],[-81,-90],[-30,-53],[-11,-62],[0,-345]],[[20222,18448],[1,-137]],[[20223,18311],[-106,48],[-184,86],[-202,-3],[-121,1],[-2,-156],[-155,1],[-136,-2]],[[19317,18286],[-166,2],[-127,-2],[-133,1]],[[18891,18287],[5,258],[3,243],[4,431],[1,187]],[[18866,17169],[143,-1],[-2,-72]],[[19007,17096],[-2,-74]],[[19005,17022],[-95,25],[-1,29],[-44,11]],[[18865,17087],[1,82]],[[18870,17323],[3,112]],[[18873,17435],[46,-8],[-2,28],[21,-6],[23,9],[22,-12],[7,-18],[32,-13],[9,-27],[24,-2],[20,9],[-1,-35],[17,-1],[27,-26],[39,11]],[[19157,17344],[-1,-80],[77,-1],[0,-22],[45,-1],[-11,-25],[-3,-29],[-34,1]],[[19230,17187],[-35,9],[-3,9],[-68,2],[-1,-39],[-14,-17],[-5,-37],[-22,-18],[-75,0]],[[18866,17169],[4,154]],[[19006,16926],[51,-1],[33,-9],[135,-86],[1,15],[74,0],[1,115],[63,-1],[1,39],[-63,0],[-12,9],[1,79],[-33,0],[0,19],[-29,0],[1,82]],[[19157,17344],[17,4],[51,-22],[30,6],[49,20]],[[19304,17352],[50,6],[43,0],[71,24],[34,20],[23,3],[40,-11],[41,10],[55,20],[39,-1],[40,-14],[179,6],[21,13],[21,59],[325,4]],[[20325,16545],[-453,-16],[-130,-6],[-295,3],[-293,-1],[-262,-3]],[[18892,16522],[4,31],[32,10],[38,1],[0,40],[35,-1],[0,40],[-19,0],[0,40],[6,23],[-22,0],[0,19],[-34,0],[22,30],[13,30],[1,39],[37,5],[1,97]],[[19317,18286],[-3,-306],[-3,-496],[-6,-4],[-1,-128]],[[18873,17435],[11,530],[7,322]],[[21582,20375],[255,5],[159,5],[139,2],[297,7]],[[22432,20394],[-2,-52],[-4,-295],[1,-39],[-8,-472],[-2,-274],[-3,-138],[-1,-190]],[[22413,18934],[-5,-651],[-1,-48]],[[20629,18214],[-12,-1]],[[20617,18213],[-25,4],[0,126],[-3,16],[68,93],[-192,-1],[16,49],[1,110],[-148,-1],[0,-155],[-26,-5],[0,80],[-35,0],[0,-80],[-51,-1]],[[20223,18311],[1,-104]],[[20224,18207],[-45,0],[-1,-40],[-58,-11],[-55,-2],[-22,8],[0,44],[-37,-1],[0,-40],[-56,0],[0,-14],[-53,-4],[0,-6],[108,8],[3,-8],[35,3],[0,-16],[38,4],[2,-58],[33,0],[0,-27],[48,0],[0,17],[25,1],[0,-18],[50,1]],[[20224,18207],[3,-32],[19,3],[-2,27],[71,-1],[1,46],[122,-1],[16,-11],[0,-33],[71,6],[92,2]],[[8547,44983],[5,322]],[[8542,44500],[1,187],[4,296]],[[15009,30966],[-1,24],[-16,44],[-1,85]],[[30219,54439],[26,1]],[[30245,54440],[2,-81]],[[30247,54359],[-26,0]],[[30221,54359],[-1,40]],[[30245,54440],[49,0]],[[30294,54440],[3,0]],[[30297,54440],[2,-80]],[[30299,54360],[-52,-1]],[[30381,54121],[39,1]],[[30420,54122],[39,0]],[[30459,54122],[2,-79]],[[30459,54122],[39,1]],[[30498,54123],[2,-79]],[[30498,54123],[39,1]],[[30537,54124],[2,-79]],[[30537,54124],[39,1]],[[30576,54125],[1,-79]],[[30577,54046],[-38,-1]],[[30576,54125],[39,1]],[[30615,54126],[1,-80]],[[30616,54046],[-39,0]],[[30615,54126],[39,1]],[[30654,54127],[1,-79]],[[30654,54127],[39,0]],[[30693,54127],[1,-80]],[[30950,54464],[73,-88]],[[31023,54376],[-139,-3],[-43,-3]],[[30841,54370],[-1,49],[-12,31]],[[28694,19845],[3,706],[1,105]],[[28698,20656],[297,-2],[36,-1],[295,1],[81,-1],[193,2],[65,0],[-3,-13],[256,8],[435,18],[125,6],[3,5],[416,-3],[446,-3],[0,8],[355,1]],[[31698,20682],[24,-9],[18,-32],[0,-51],[-6,-17],[0,-44],[17,-54],[19,-35],[4,-43],[-16,-43],[-18,-16],[-12,-27],[5,-15],[41,-48],[19,-28],[21,-47],[67,-115],[56,-47],[42,-66],[6,-38],[-11,-37],[-28,-32],[-27,-18],[-67,-5],[-21,-19],[1,-30],[19,-17],[30,-3],[26,17],[35,4],[29,-26],[-2,-25],[-14,-75],[-23,-39],[-17,-49],[5,-29],[54,-48],[4,-30],[-32,-33],[-32,-13],[-17,-23],[-12,-70],[-6,-17],[-66,-104],[-22,-65],[5,-58],[-1,-62],[-5,-25],[-19,-43],[-49,-71],[-24,-31],[-32,-29]],[[31666,18802],[-25,37],[-58,59],[-22,-25],[-476,2],[-54,1],[-113,-4],[-11,-48],[-12,8],[1,131],[-21,4]],[[30875,18967],[2,66],[19,8],[0,216],[-187,38],[-49,20]],[[30660,19315],[-109,92],[-32,20],[-35,10],[-52,-5],[-57,-30],[-40,-28]],[[30335,19374],[-53,-14],[-102,-6]],[[30180,19354],[-356,-21],[-141,-3],[-175,6]],[[29508,19336],[-455,22],[-54,2],[-308,1]],[[28691,19361],[0,194],[3,290]],[[29733,55046],[76,-60],[0,14]],[[29732,54922],[1,124]],[[29821,54753],[2,-80]],[[29823,54673],[-78,-1]],[[29745,54672],[-2,80]],[[29821,54753],[78,2]],[[29899,54755],[2,-81]],[[29901,54674],[-78,-1]],[[29899,54755],[79,1]],[[30180,19354],[-1,-387],[8,-19]],[[30187,18948],[-223,-4],[-82,0],[-1,-81],[-302,-4],[0,-11],[-73,-2],[1,179],[4,3],[1,77],[-5,4],[1,227]],[[30187,18948],[-10,-51],[1,-30],[259,3],[4,-35],[69,-3],[1,81],[44,-1],[19,25],[25,-33],[41,-21],[42,5],[17,-28],[-12,-24],[35,-4],[37,-41],[47,4],[33,-4],[-104,124],[-29,31],[41,-3],[91,-1],[7,24],[30,1]],[[31666,18802],[-38,-25],[-44,-17],[-103,-22],[-89,-13],[-78,-21],[-66,-27],[-47,-29],[-29,-23],[-23,-31],[-21,-67],[-1,-56],[-23,-52],[-32,-26],[-59,-22],[-15,-16],[-15,-34],[10,-54],[30,-52],[4,-23],[-12,-41],[-43,-36],[-3,-20],[19,-47],[-7,-14],[-34,-23],[-14,-24],[0,-20],[12,-37],[3,-31],[22,-39],[26,-9],[47,2],[17,-16],[4,-24],[-9,-24],[-20,-19],[-55,-15],[-29,6],[-25,16],[-47,47],[-22,5],[-27,-34],[4,-85],[13,-52],[-6,-26],[-27,-27],[-45,-12],[-14,-9],[-15,-26]],[[30740,17558],[-131,0],[-584,3],[-298,7],[-81,0],[-193,2],[-36,4],[-299,4],[-74,-1],[-378,3],[-2,-1]],[[28664,17579],[17,56],[2,183],[2,323],[1,358],[3,422],[0,131],[2,309]],[[30660,19315],[-27,-44],[-60,53],[-7,-13],[-44,0],[0,-58],[-39,0],[5,50],[-74,1],[-42,11],[17,23],[-54,36]],[[29903,54594],[-78,-1]],[[29825,54593],[-2,80]],[[29748,54591],[-3,81]],[[30573,54285],[38,1]],[[30611,54286],[2,-73]],[[30613,54213],[-79,71]],[[30534,54284],[39,1]],[[30417,54282],[39,0]],[[30456,54282],[2,-80]],[[30458,54202],[-40,-1]],[[30418,54201],[0,31]],[[30418,54232],[-1,50]],[[30611,54286],[20,0],[19,-29],[2,-51]],[[30652,54206],[-39,0]],[[30613,54206],[0,7]],[[30495,54283],[19,1]],[[30514,54284],[2,-81]],[[30516,54203],[-20,0]],[[30496,54203],[-1,80]],[[30514,54284],[20,0]],[[30613,54206],[-39,-1]],[[30574,54205],[-39,-1]],[[30535,54204],[-19,-1]],[[7424,49942],[36,-9],[83,-27],[-9,-20],[2,-25],[-82,-2],[-3,-28]],[[7451,49831],[-1,-45]],[[7450,49786],[-42,3]],[[7408,49789],[-63,4],[-29,7],[-23,-8],[-10,-23],[6,-59]],[[7289,49710],[-41,-1],[-25,5]],[[7223,49714],[12,27],[17,99],[55,55],[33,20],[38,15],[46,12]],[[30693,54127],[77,2],[1,-80]],[[29909,54341],[79,-13]],[[29987,54275],[-77,-2]],[[29910,54273],[-1,68]],[[29831,54352],[78,-11]],[[29910,54273],[-79,-1]],[[29831,54272],[0,80]],[[29831,54272],[-79,-1]],[[29752,54271],[-61,-1]],[[29691,54270],[-13,-1]],[[29678,54269],[-2,81]],[[29678,54269],[-166,-2]],[[29512,54267],[-3,156]],[[29509,54423],[0,3]],[[31023,54376],[18,-80]],[[31041,54296],[-87,-3]],[[30954,54293],[-34,-1]],[[30920,54292],[-34,0]],[[30886,54292],[-43,-1]],[[30843,54291],[-1,39]],[[30842,54330],[-1,40]],[[30764,54369],[39,0]],[[30803,54369],[1,-39]],[[30804,54330],[1,-40]],[[30766,54289],[-2,80]],[[199,33561],[7,4],[353,-8],[383,-7],[218,-3]],[[1160,33547],[3,-123],[-10,-46],[-20,-30],[-49,-33],[-3,-407]],[[1081,32908],[-151,-1]],[[930,32907],[-151,1],[-2,-122],[-36,-35],[7,-51],[14,-59],[3,-66]],[[765,32575],[-39,-19]],[[726,32556],[-45,71],[-76,75],[-51,80],[-30,64],[-20,64],[-39,66],[-39,94],[-33,22],[-24,59],[-5,37],[-15,52],[-38,76],[-19,60],[-61,128],[-32,57]],[[2929,35440],[109,-1],[524,-6],[423,-7],[567,-10],[233,-3]],[[4785,35413],[-3,-197],[-4,-326],[-1,-138],[-4,-313]],[[4773,34439],[-1,-237],[-3,-152],[1,-159],[-2,-182],[-4,-220]],[[4764,33489],[-518,6],[-321,3],[-86,0],[-226,3],[-220,4],[-484,11]],[[2909,33516],[1,163],[-2,326],[8,613],[3,177],[3,227],[7,418]],[[928,32747],[22,-1],[0,-40]],[[950,32706],[1,-108]],[[951,32598],[-23,0]],[[928,32598],[-54,1]],[[874,32599],[-1,148],[55,0]],[[64,35488],[96,1],[371,-3],[163,0],[61,-2],[165,-1],[392,-9],[301,-5],[271,-6]],[[1884,35463],[137,-4],[410,-5],[165,-6],[333,-8]],[[2909,33516],[-543,12],[-224,2],[-208,5],[-385,5],[-81,2],[-308,5]],[[199,33561],[-54,131],[16,98],[26,132],[-46,149],[-18,80],[-25,140],[-5,53],[-28,92],[-9,43],[-17,119],[-21,79],[4,21],[-3,73],[-8,50],[3,45],[-2,65],[27,93],[-30,140],[-9,89],[6,68],[10,45],[12,28],[32,47],[8,29],[-4,18]],[[2909,33516],[-2,-85],[1,-156],[-1,-355],[2,-103],[9,-262]],[[2918,32555],[-451,4],[-156,6],[-112,2],[-47,5],[-146,3],[-21,-4]],[[1985,32571],[-117,-40],[-63,1],[-24,6],[-68,31],[-26,6],[-229,3]],[[1458,32578],[2,152],[-32,8],[18,58],[3,84],[12,59],[1,50],[-61,-19],[-104,-45],[-46,-23],[-142,0],[-28,6]],[[950,32706],[129,-1]],[[1079,32705],[-1,-110]],[[1078,32595],[-127,3]],[[679,32289],[107,-1],[24,4],[41,21],[24,-4]],[[875,32309],[0,-86],[52,-1],[22,-9]],[[949,32213],[6,-30],[122,-2]],[[1077,32181],[0,-18],[157,-1],[145,1],[4,415]],[[1383,32578],[75,0]],[[1985,32571],[1,-166],[-6,-322],[-2,-166],[0,-319],[-4,-296],[-3,-515],[-2,-161]],[[1969,30626],[-126,3],[-317,4],[-170,6],[-21,-3],[-157,4]],[[1178,30640],[-6,68],[1,110],[7,49],[25,63],[1,27],[-15,57],[-36,84],[-33,56],[-35,50],[-57,50],[-77,58],[-53,29],[-62,56],[-164,110],[-43,47],[-22,57],[-9,54],[-29,110],[-42,106],[-10,69],[8,56],[27,116],[19,28],[106,139]],[[30954,54293],[-4,-14],[8,-60],[-36,-7]],[[30922,54212],[-1,43]],[[30921,54255],[-1,37]],[[30886,54292],[1,-39]],[[30887,54253],[1,-42]],[[30888,54211],[-12,0]],[[30845,54211],[-2,80]],[[30805,54290],[38,1]],[[29974,54916],[79,2]],[[30053,54918],[3,-21]],[[30056,54897],[-9,0],[1,-60],[-48,-1]],[[29977,54855],[-3,61]],[[30056,54897],[62,-59]],[[30118,54838],[-36,0],[2,-80]],[[30084,54758],[-70,-2]],[[30118,54838],[15,1]],[[30133,54839],[1,-80]],[[30134,54759],[-50,-1]],[[30133,54839],[29,0]],[[30211,54840],[1,-40]],[[30212,54760],[-78,-1]],[[30384,54682],[-92,-1]],[[30292,54681],[-2,80]],[[30336,54441],[39,0]],[[30375,54441],[2,-80]],[[30377,54361],[-39,0]],[[30338,54361],[-2,80]],[[30411,54442],[3,0]],[[30453,54442],[2,-80]],[[30445,54362],[-33,27],[-1,53]],[[30375,54441],[36,1]],[[29831,54272],[1,-80]],[[29832,54192],[-78,-1]],[[29754,54191],[-2,80]],[[29910,54273],[0,-79]],[[29910,54194],[-78,-2]],[[29969,54194],[-59,0]],[[30026,54115],[-56,-1]],[[29970,54114],[-1,80]],[[29970,54114],[-58,-1]],[[29912,54113],[-2,81]],[[30488,54603],[39,1]],[[30527,54604],[1,-80]],[[30528,54524],[-36,-1]],[[30599,54846],[26,0]],[[30655,54766],[-16,0]],[[30639,54766],[-38,-1]],[[30601,54765],[-2,81]],[[30563,54765],[38,0]],[[30601,54765],[1,-80]],[[30602,54685],[-38,0]],[[30564,54685],[-1,80]],[[30755,54768],[68,4],[56,15]],[[30879,54787],[3,-10]],[[30882,54777],[-56,-16],[-71,-30]],[[19458,9087],[6,-65],[37,-80],[16,-16],[11,-60],[12,-36],[1,-41],[26,0],[8,-33],[1,-72],[73,1],[1,-121],[33,0],[7,-39],[32,-11],[40,0]],[[19762,8514],[-3,-88]],[[19759,8426],[-8,6],[-59,1],[-27,9],[-166,-8],[-108,0],[0,80],[-148,0]],[[19243,8514],[1,182],[-1,136]],[[19243,8832],[-3,194],[218,61]],[[30215,54680],[-3,80]],[[13537,24056],[188,3],[3,-202],[1,-202],[19,-4],[2,-79],[-34,3],[-7,18],[-81,0],[-3,25],[-21,2],[0,-18],[-40,-1],[0,-32],[-58,-2]],[[13506,23567],[0,19],[-24,-1],[-12,9],[-1,54],[-11,23],[-61,-51],[-3,105],[-4,320],[147,11]],[[22413,18934],[77,-1],[29,8],[60,0],[296,6],[0,-56],[9,-19],[15,-8],[13,-22],[-1,-56],[234,2],[42,13],[6,-11],[127,0],[159,-3],[161,-4],[75,15],[60,-2]],[[23775,18796],[1,-341],[176,-6],[281,-12],[245,-4]],[[24478,18433],[446,-9],[4,335],[73,2],[3,209],[17,-8],[43,-7],[36,13],[12,14],[193,-13],[91,1],[-7,-30],[26,10],[3,-27],[-23,-16],[36,-14],[2,-13],[272,-16]],[[25705,18864],[19,-35],[-22,-27],[22,-19],[21,-31],[7,-25],[-13,-24]],[[25739,18703],[3,-30],[24,-3],[32,-64],[-23,-15],[5,-20],[-16,-12],[28,-15],[-19,-38],[-34,-14],[-35,-49],[-22,-18],[-8,-19],[-24,-15],[-4,-23],[-36,-38],[5,-19],[-17,-26],[25,-14],[40,-33],[-1,-21],[-23,-7],[15,-23],[32,-4],[16,16],[11,-46],[-22,-14],[-1,-19],[22,-11],[6,-15],[29,7],[6,31],[23,-39],[13,29],[33,-12],[-13,-16],[-9,-36],[8,-19],[32,8],[15,-18],[47,-23],[15,-20],[37,-15],[5,-18],[21,-18],[-11,-28],[-25,-5]],[[25944,17902],[-27,-4],[-580,23],[-141,4],[-129,7]],[[25067,17932],[-36,2],[-113,0],[-147,4],[-149,1],[-399,13],[0,3],[-150,7],[-151,3],[-297,15],[-312,8],[-477,-6],[-430,-8]],[[23775,18796],[148,-5],[0,63],[149,-5],[-1,81],[150,-3],[0,41],[254,-7],[6,-43],[71,-1],[0,-177],[-73,-15],[-2,-64],[-1,-215],[2,-13]],[[22445,21365],[309,3],[158,1],[145,3],[145,2],[149,-1],[315,-10]],[[23666,21363],[153,-5],[257,-8],[475,-13],[88,-2],[447,-12]],[[25086,21323],[1,-189],[-2,-132],[1,-324],[82,-6],[517,-32],[71,-6],[152,-6]],[[25908,20628],[1,-608],[3,-275]],[[25912,19745],[-352,19],[-49,1],[-192,14],[-245,14],[-220,6],[-57,-5],[-100,-1],[-74,12],[-173,5],[-113,-2],[-147,7],[-44,6],[-88,18],[13,26],[-13,7],[-18,-12],[-26,5],[5,18],[-30,37],[-21,-10],[-79,27],[-11,33],[8,21],[-26,18],[-19,29],[-25,1],[-54,-22],[-22,-3],[-3,26],[-24,5],[-11,-25],[-36,31],[-23,6],[-104,68],[-96,58],[-8,1],[-95,58],[-28,2],[-18,18],[-34,20],[-74,-1],[-2,-40],[-257,-5],[-26,13],[-14,15],[-5,31],[-19,29],[-3,41],[4,17],[-57,15],[-35,-2],[-31,26],[2,23],[-24,35],[-139,-1],[-147,-2]],[[22433,20476],[12,889]],[[22432,20394],[1,82]],[[25912,19745],[2,-396],[-5,-3],[-129,7],[-62,0],[-15,-40],[13,-21],[-16,-17],[0,-23],[-11,-19],[16,-15],[-19,-12],[1,-23],[32,2],[-16,-56],[-3,-39],[-9,-12],[-4,-49],[34,-79],[-23,0],[1,-22],[20,-31],[-23,-14],[9,-19]],[[10070,30250],[-25,8],[0,70],[-50,0],[-2,75],[51,-31],[26,0],[0,86]],[[19006,16926],[-1,96]],[[18860,16843],[5,244]],[[18892,16522],[-36,0]],[[18856,16522],[1,112],[3,209]],[[9863,30247],[-68,-4],[-52,-11],[-43,-16]],[[6514,38511],[33,-11],[-1,-43],[6,-31],[20,-1],[-1,-49],[75,-3],[1,28],[-14,13]],[[6633,38414],[28,11],[14,-25],[24,0]],[[6699,38400],[-1,-28],[36,-15]],[[6734,38357],[-1,-51],[-60,1]],[[6673,38307],[0,26],[-156,2],[-53,-1]],[[6464,38334],[0,43],[-31,1],[2,58],[-8,28],[39,1],[-2,34],[33,14],[17,-2]],[[6514,38525],[13,0],[27,27],[54,-8],[37,-19],[13,-19],[-5,-13],[17,-37],[-65,0],[28,-42]],[[6514,38511],[0,14]],[[6671,38614],[29,-123],[-1,-91]],[[6514,38525],[0,55],[20,6],[0,39],[59,-2],[78,-9]],[[26916,38330],[1,79],[113,0],[70,2],[36,84],[114,1],[237,1],[2,-163],[-150,1],[-1,-161],[-189,1],[-28,-94],[-18,-68],[-59,-2],[17,57],[10,53],[3,50],[0,81],[-43,0],[0,-78],[-95,-4],[2,120],[-21,-1],[-1,41]],[[25997,44220],[152,12],[156,-1],[230,8],[76,4],[284,10],[21,2]],[[26916,44255],[2,-162],[5,-161],[1,-160],[1,-160],[11,-486]],[[26936,43126],[14,-646],[11,-479]],[[26961,42001],[5,-321],[5,-159]],[[26971,41521],[20,-794],[7,0],[11,-471]],[[27009,40256],[-152,-7],[-152,1],[-151,-1],[-154,-7],[-150,4],[-157,-6]],[[26093,40240],[-8,468],[-6,0],[-19,891]],[[26060,41599],[-7,389],[-10,407]],[[26043,42395],[-14,550],[-8,359],[-16,598],[-8,318]],[[26096,40084],[-3,156]],[[27009,40256],[10,-417],[5,-228],[0,-318],[1,-321],[3,-318],[0,-2],[459,3],[456,6]],[[27943,38661],[82,-34],[456,4]],[[28481,38631],[12,-316],[17,-635],[-6,0]],[[28504,37680],[-352,-4],[-108,2],[-101,14],[-605,-2],[-300,3],[-630,-9],[-302,-3]],[[26106,37681],[-153,-2]],[[25953,37679],[0,480],[-303,-3],[0,321],[150,1],[0,150],[3,22],[-1,467],[152,1],[152,4],[-1,482],[-9,480]],[[24310,38634],[0,338],[-1,622]],[[24309,39594],[-1,481]],[[24308,40075],[8,1],[620,-2],[266,-3],[0,4],[293,1],[601,8]],[[25953,37679],[-454,-6],[-295,-4],[-227,2],[-255,-1],[-417,4]],[[24305,37674],[4,671],[1,289]],[[24742,38152],[386,-2],[76,1],[0,161],[-31,-2],[-120,1],[1,265],[-39,1],[0,-25],[-263,1],[-1,-385],[-9,-16]],[[26310,54683],[18,61],[4,25],[-8,92],[-6,98]],[[26503,54909],[-3,-33],[-11,-34],[9,-51],[139,-54]],[[26304,54561],[6,122]],[[26623,55133],[154,5]],[[26813,55139],[0,-3]],[[26813,55136],[-1,-155]],[[26812,54981],[-42,-2]],[[25875,53520],[0,6]],[[25875,53526],[32,-16],[38,11],[36,-2],[30,12],[26,24],[22,11],[22,-1],[135,-57],[90,-63],[59,-26]],[[26180,53208],[-157,-7],[-129,2],[-20,2]],[[4490,45051],[115,0],[276,-5],[173,-2],[11,-2],[176,2],[89,-3],[310,-3],[154,-3]],[[5794,45035],[-8,-477],[-1,-174],[1,-154],[-2,-436],[-4,-438]],[[5780,43356],[-283,5],[-20,2],[-135,29],[-329,90],[-57,36],[-84,26],[-27,0],[-38,-16],[-175,0],[0,-40],[-77,9],[0,-48],[-76,5],[-2,-303],[-1,-22],[-164,1],[-229,3],[-109,-1]],[[3974,43132],[14,28],[56,66],[52,44],[104,44],[50,37],[81,40],[29,27],[20,37],[23,140],[51,141],[11,38],[2,47],[-6,42],[-19,85],[-24,75],[0,34],[23,77],[27,51],[17,42],[10,53],[20,71],[7,59],[-2,81],[24,170],[0,41],[-12,51],[1,61],[-19,84],[4,60],[-28,93]],[[5780,43356],[-2,-199],[-4,-251],[1,-112],[-3,-240],[-3,-401]],[[5769,42153],[0,-80]],[[5769,42073],[-143,3],[-224,0],[-148,2],[-172,3],[-239,0],[-263,3],[-174,0],[-210,2],[1,-72],[-22,-10],[-4,-76],[-236,-2],[-58,2],[-22,-63],[-35,-65],[-32,-42],[-2,-69],[-153,1],[0,-160],[3,-132],[-12,-48],[-42,-61],[-152,0],[2,20],[15,19],[-21,15],[-21,-16],[-28,-40],[-31,-25],[-16,-32],[-1,-21],[-65,1],[-8,58],[-17,24],[-18,11],[-6,19],[-40,0]],[[3175,41322],[30,161],[14,50],[50,77],[34,68],[16,43],[29,106],[10,69],[0,40],[-8,68],[-38,105],[-5,34],[6,64],[12,50],[19,56],[23,39],[100,97],[49,58],[34,36],[67,48],[18,22],[49,112],[24,67],[21,41],[44,57],[19,16],[68,42],[53,57],[12,21],[49,106]],[[2609,40300],[247,173],[74,44],[55,36],[103,86],[10,5],[25,40],[9,34],[14,83],[20,92],[27,57],[8,69],[-1,55],[-22,124],[-10,26],[-5,35],[12,63]],[[5769,42073],[-1,-335],[-2,-84],[1,-121],[-2,-339],[-4,0],[-2,-241],[1,-242],[0,-350],[-1,-84]],[[5759,40277],[-290,13],[-90,2],[-454,17],[-78,6]],[[4847,40315],[-77,-16],[-139,-3],[-129,1],[-120,-4],[-69,-5],[-272,-12],[-137,-8],[-566,16],[-199,6]],[[3139,40290],[-193,7],[-61,-1],[-276,4]],[[29803,16216],[48,0],[80,50],[5,16],[-41,42],[-6,37],[4,27],[20,47],[12,-1]],[[29925,16434],[-18,-37],[-5,-44],[7,-29],[25,-16],[22,-3],[49,9],[27,-3],[58,-32],[19,-28],[5,-30],[-4,-40],[-17,-16],[-48,-27],[-17,-37],[-15,-91],[-7,-156],[-12,-45],[-38,-66],[-22,-29]],[[29934,15714],[-40,41],[-54,128],[-25,-13]],[[29815,15870],[-22,54],[69,34],[22,83],[-4,75],[-73,2],[-4,98]],[[14871,58510],[45,7]],[[14916,58517],[20,-13],[39,1]],[[14975,58505],[4,-252]],[[14979,58253],[-33,16],[-16,-11],[-24,5],[-41,31],[-9,19],[16,10],[10,22],[0,36],[-48,0],[-1,40],[40,1],[-2,88]],[[29815,15870],[-49,-24],[-95,-39],[-39,-7],[-113,4],[-177,1]],[[29342,15805],[6,327],[-1,68],[191,1],[172,-3],[20,18],[73,0]],[[18158,56678],[-2,-22],[-16,-27],[-42,-17],[-30,7],[7,-31],[94,-37],[4,-15],[-21,-77],[-18,-15],[-32,-14],[4,-156],[-52,-1],[0,-44],[-26,-27],[-128,-4],[-30,-11],[-36,1],[-22,-37],[-16,-8],[-50,0],[-9,-10],[-2,-59],[-92,-3],[0,-20],[-34,-7],[-25,4],[-31,-18],[-50,-6],[-19,-15],[-45,14],[-2,44],[-30,-2]],[[17407,56065],[-20,75],[-2,46],[15,49],[5,36],[8,15],[30,14],[22,21],[56,29],[74,83],[58,74],[37,32],[-24,4],[44,47],[36,47],[15,11],[-35,30],[-51,25],[-40,1],[-1,72],[10,10],[150,-3],[-7,64],[18,6],[0,22],[21,0],[1,-78],[10,-13],[54,0],[22,6],[39,0],[0,71],[29,2],[1,-48],[39,0],[-3,-23],[-22,-23],[0,-47],[50,-5],[112,-39]],[[14552,55542],[477,10],[106,0],[293,2],[354,5],[128,2]],[[15910,55561],[37,1],[-9,-420],[152,1],[488,3],[129,0],[75,-4],[3,80],[10,-1],[18,-38],[38,-2],[28,-16],[25,0],[28,-38],[53,-21],[19,-22],[29,-19],[4,-26],[39,-4],[21,-37]],[[17097,54998],[-53,-22],[-49,-38],[-54,-68],[-4,-54],[-20,-111],[-24,-89],[-38,-169],[-12,-36],[-15,-80],[-38,-92],[-50,-68],[-54,-89],[-32,-29]],[[16654,54053],[-47,24],[-39,26],[15,32],[40,14],[22,19],[2,55],[-10,13],[-40,19],[-51,-6],[-43,10],[-52,18],[-66,1],[-78,19],[-49,-2],[-43,-24],[-23,-41],[-7,-34],[-22,0]],[[16163,54196],[-136,-2],[-105,2],[-13,-3],[-160,5],[-25,-2]],[[15724,54196],[-154,-3],[-306,-4],[-268,-2]],[[14996,54187],[3,312],[-99,2],[-350,1]],[[14550,54502],[-9,73],[1,205],[3,88],[0,97],[3,234],[-1,21],[2,310],[3,12]],[[19487,55102],[515,8],[-2,-80],[364,5],[104,-6]],[[20468,55029],[4,-791],[1,-160]],[[20473,54078],[-80,0],[-493,-8],[-211,-5]],[[19689,54065],[-23,82],[0,10],[-59,176],[-10,20],[-28,32],[-110,-2]],[[19459,54383],[-2,103],[4,10],[3,120],[9,70],[19,40],[-2,191],[-3,185]],[[14525,57456],[78,2],[389,13]],[[14992,57471],[469,4],[155,0],[348,-2],[269,0],[309,6]],[[16542,57479],[5,-219],[4,-281],[8,-443],[1,-273],[3,-213]],[[16563,56050],[-503,-9],[1,-80],[-38,-1],[2,-158],[-116,-2],[1,-239]],[[14552,55542],[3,11],[-6,306],[-4,317],[0,84]],[[14545,56260],[0,215],[-2,100],[-8,313],[-6,409],[-4,159]],[[18660,54292],[223,3],[34,8],[27,21],[37,42],[32,10],[446,7]],[[19689,54065],[-109,0],[-315,-4],[-24,-2],[-148,0],[-430,-6]],[[18663,54053],[-3,239]],[[18672,55170],[271,4],[1,-80],[543,8]],[[18660,54292],[-4,259],[89,25],[56,8],[-2,108],[-117,-2],[-5,279],[-4,68],[-1,133]],[[16563,56050],[147,2],[178,6],[138,3],[3,-237],[45,14],[41,20],[45,11],[30,-15],[50,6],[7,-9]],[[17247,55851],[2,-24],[13,-30],[41,-49]],[[17303,55748],[25,-37],[13,-115],[12,-28],[-30,0],[-14,-21],[-58,-3],[-1,-57],[23,-1],[0,-22],[-74,18],[-2,-96],[50,0],[-2,-75],[32,4],[0,-13],[38,-16],[5,-23],[53,-1],[26,13]],[[17399,55275],[5,-31],[-11,-155],[1,-56],[-6,-11],[-32,-14],[-58,-3],[-66,-13],[-77,0],[-52,-11],[-6,17]],[[16542,57479],[310,7]],[[18155,57504],[-29,-312],[-35,-119],[-4,-86],[11,-23],[-23,-85],[7,-87],[12,-31],[49,-58],[15,-25]],[[17407,56065],[1,-29],[-12,-35],[-35,-36],[-32,-20],[-48,-40],[-34,-54]],[[17303,55748],[115,0],[1,-81],[77,1],[-3,-76],[175,1],[122,3],[-4,-90]],[[17786,55506],[-9,-334],[-51,14],[-144,6],[-42,12],[-52,48],[-30,16],[-59,7]],[[12084,34488],[23,33],[51,0],[26,27],[-8,19],[-32,5],[-9,20],[6,35],[25,18],[2,12],[-18,49],[15,6],[25,-12],[25,-35],[21,19],[19,7],[-24,33],[40,28],[-2,15],[-22,15],[16,21],[23,6],[-10,27],[4,16],[34,11],[25,0],[0,-31],[23,-16],[10,-48],[16,27],[22,-3],[11,-26],[31,12],[6,-46],[26,1],[0,27]],[[12484,34760],[17,-19],[35,-3],[12,8],[-8,25],[-32,16],[57,18],[29,-2],[19,25],[21,1],[9,-19],[33,3],[7,-25],[17,-7],[11,-23],[53,-19],[24,2],[2,16],[-21,21],[19,14],[26,-29],[27,-56],[15,-12],[15,15],[36,16],[15,-4],[21,-19],[25,8],[0,27],[-11,35],[28,16],[5,-25],[30,-2],[19,29],[21,10],[15,-8],[25,-43],[-6,-33],[31,-21],[31,23],[19,-10],[26,12],[21,-1],[38,-27],[33,-13],[9,7],[5,30],[16,11],[15,-8],[3,-26],[16,-8],[10,-28],[17,-9],[17,23],[20,0],[17,-30]],[[13438,34642],[-25,-43],[-6,-19],[10,-64],[-21,-23],[-8,-22],[21,-20],[-23,-13],[-10,-19],[-22,-12],[1,-16],[26,-3],[19,-16],[-10,-19],[-26,11],[-7,-18],[24,-12],[8,-20],[-17,-28],[13,-18],[0,-27],[13,-4],[46,31],[10,-6],[-15,-46]],[[13439,34216],[-31,0],[-272,-5],[-101,-1],[1,-37],[13,-22],[56,-58],[6,-15],[1,-92],[38,-31],[4,-304],[-73,0],[-12,8],[-27,-6],[2,-241],[-75,0],[1,-399],[244,2],[7,28],[-1,50],[51,3],[21,11],[19,24],[18,-28],[12,-1]],[[13341,33102],[-4,-20],[18,-12],[-5,-49],[9,-28],[18,-18],[88,-46],[29,14],[66,5],[62,10],[13,-6],[22,-45],[48,-48],[28,0],[1,-27],[9,-25],[53,7],[25,-4],[43,-17],[-2,-21],[13,-26],[18,-8],[13,-36],[21,-23],[24,-53],[-26,-23],[-45,2],[-17,-4],[-30,-26],[-19,-27],[-12,-37],[-5,-43],[5,-37],[32,-40],[22,-2],[26,-41]],[[12089,32213],[-3,693],[1,134],[-1,256],[-1,508],[2,0],[-1,448],[-2,236]],[[24383,58763],[20,-17],[35,-1],[0,-29],[58,1],[0,-12],[59,0]],[[24555,58705],[0,-80],[-26,0],[-12,-56],[0,-61]],[[24517,58508],[-39,5],[-34,-11],[-32,30],[-49,10]],[[24363,58542],[-1,98],[22,38],[-1,85]],[[29235,53295],[71,1]],[[29306,53296],[11,2]],[[29317,53298],[-14,-26],[30,-20],[15,3],[6,-27],[39,1],[0,-13],[35,1],[2,-80]],[[29430,53137],[-190,-5]],[[29240,53132],[-2,100]],[[29238,53232],[-3,63]],[[25913,34775],[39,-3],[167,3]],[[26119,34775],[-18,-45]],[[26101,34730],[-32,-102]],[[26069,34628],[-55,20]],[[26014,34648],[-30,0],[-31,-9],[-40,0]],[[25913,34639],[0,136]],[[26154,34849],[-26,-47],[-9,-27]],[[25913,34775],[-38,8],[-56,20],[-60,38]],[[25759,34841],[2,63],[-1,120],[18,0],[51,-11],[106,2],[126,-1],[-2,155],[174,1],[-36,-119],[-7,-36],[-48,-166],[12,0]],[[25913,34639],[-40,0],[-111,-18]],[[25762,34621],[-3,220]],[[25762,34621],[-45,-8],[-34,-21],[-31,-40],[-29,-19]],[[25623,34533],[-83,1]],[[25540,34534],[-250,2],[-115,-1]],[[25175,34535],[-2,81],[0,238],[168,-1],[290,0],[33,25],[15,-17],[29,36],[51,-56]],[[19667,40587],[71,0],[389,11],[-4,161],[-1,90],[-8,369],[-4,340],[458,11]],[[20568,41569],[222,7],[388,7],[304,5]],[[21482,41588],[1,-140],[6,-527],[4,-294],[39,1],[4,-704],[3,-321]],[[21539,39603],[4,-642]],[[21543,38961],[2,-320]],[[21545,38641],[-457,8]],[[21088,38649],[-2,161]],[[21086,38810],[-1,160],[-310,6],[-145,-2],[-24,6]],[[20606,38980],[-3,323]],[[20603,39303],[-4,324],[-935,-5]],[[19664,39622],[-12,563]],[[19652,40185],[-6,316],[-1,86],[22,0]],[[20493,38815],[116,0]],[[20609,38815],[2,-157]],[[20611,38658],[-153,0]],[[20458,38658],[0,57],[8,41],[24,11],[3,48]],[[19954,38493],[56,2]],[[20010,38495],[88,3]],[[20098,38498],[51,3]],[[19958,38321],[-4,172]],[[17884,38627],[620,11],[249,5],[252,2]],[[19005,38645],[582,5],[61,-4]],[[19648,38646],[34,-6]],[[19682,38640],[6,-138],[2,-171],[-17,-19],[-33,-21],[-22,-5],[1,-72],[-14,-23],[0,-29],[11,-33],[79,2],[4,-154]],[[19705,37692],[-11,-160],[14,-407]],[[19708,37125],[5,-155],[7,-130],[9,-441]],[[19729,36399],[-138,4],[-170,-8],[-340,-1],[-260,-4]],[[18821,36390],[0,6],[-144,-6],[-345,-5],[-317,-3],[-100,-4],[-3,147],[-2,11],[-4,330]],[[17906,36866],[-10,781],[-4,413],[-4,327],[-4,240]],[[25616,34373],[149,-2]],[[25765,34371],[1,-160]],[[25766,34211],[-150,3]],[[25616,34214],[0,159]],[[25543,34215],[73,-1]],[[25766,34211],[3,-319]],[[25769,33892],[-219,2]],[[25550,33894],[-2,249],[-5,72]],[[25913,34639],[0,-70]],[[25913,34569],[1,-40]],[[25914,34529],[-151,2]],[[25763,34531],[-140,2]],[[25763,34531],[2,-160]],[[25616,34373],[-75,1]],[[25541,34374],[-1,160]],[[14378,18512],[374,3],[516,7]],[[15268,18522],[9,-482],[1,-91],[-17,-29],[-9,-29],[11,-16],[-1,-32],[25,-34],[-20,-13],[-8,-19],[-58,-51],[-24,-5]],[[15177,17721],[-246,-3],[48,-77],[-1,-14],[-46,-38],[-29,11],[1,19],[-16,23],[12,20],[-13,29],[-19,8],[-8,21],[-69,-2],[-405,-4]],[[14386,17714],[-3,248]],[[14383,17962],[-4,391],[-1,159]],[[15251,19482],[184,-8],[438,-16],[295,-6],[67,1],[214,1],[314,3],[281,2]],[[17044,19459],[1,-160],[-3,-720],[-222,-1]],[[16820,18578],[-111,0],[0,80],[-65,0],[-157,-4],[-1,-157],[-1,-2],[-279,-4],[-6,-27],[-12,-10],[0,-58],[-30,24],[-86,24],[-33,1],[-26,-6],[-31,-17],[-31,-3],[-57,-21],[-2,50],[-73,8],[-74,13],[-148,5],[0,37],[-329,11]],[[15268,18522],[-13,719],[-4,241]],[[16109,16556],[31,21],[6,32],[52,54],[13,48],[11,23],[51,46],[-3,108],[0,197],[18,8],[1,117],[19,-1],[-2,306],[12,13]],[[16318,17528],[238,-1],[177,2]],[[16733,17529],[11,-2],[3,-118],[108,3],[26,13],[8,-17],[6,-48],[2,-148],[201,3],[73,-10],[26,3],[1,206],[112,2],[3,81],[66,0],[12,7],[49,2],[22,6],[4,28],[219,1]],[[17685,17541],[298,2],[588,-40],[2,-39],[113,-8],[3,11],[46,-19],[26,-17],[-2,-95],[40,-7],[71,-6]],[[18860,16843],[-221,16],[-224,14],[-146,7],[-292,23],[-25,-1],[-21,-12],[-25,32],[-15,-14],[-1,-18],[-33,-5],[-17,-23],[-47,4],[10,24],[-30,8],[-29,-21],[1,23],[-30,11],[-19,-11],[8,-32],[-25,7],[3,22],[-56,-24],[-6,23],[-16,4],[-19,24],[-27,-21],[-23,8],[-4,34],[-17,-13],[-20,4],[-4,-30],[-60,31],[5,15],[-31,5],[-21,-36],[-24,20],[-22,0],[-34,14],[-35,-28],[-15,46],[-13,16],[-18,2],[-13,24],[-28,-10],[-33,-3],[-18,-34],[8,-38],[-7,-55],[-39,-4],[9,-51],[-16,-2],[-20,-23],[-18,-2],[-12,20],[-18,-13],[-3,-14],[-19,-12],[-33,7],[-11,-28],[-15,-7],[-11,28],[-16,-5],[-5,-17],[-34,3],[-17,-14],[-20,5],[0,-25],[20,-10],[-33,-20],[-14,6],[6,43],[-7,12],[-31,9],[-11,-27],[-6,-46],[-23,-18],[-10,10],[-39,64],[-31,8],[-41,17],[-18,30],[-49,-56],[1,-38],[-29,-11],[-57,6],[-26,-10],[-35,-49],[-23,-24],[5,-31],[-43,-27],[-56,-11],[-12,-10],[-5,-25],[-30,-14],[-40,-6],[-10,-17]],[[16186,16476],[-16,-12],[-13,16],[0,26],[-8,14],[-36,6],[-4,30]],[[16820,18578],[-3,-82],[-2,-303]],[[16815,18193],[0,-122],[-75,32],[-1,-414],[1,-77],[-9,-15],[2,-68]],[[16318,17528],[-30,0],[-13,-34],[-86,-9],[-1,27],[-46,-2],[9,45],[26,5],[1,25],[10,30],[1,74],[-173,7],[-182,10],[-236,8]],[[15598,17714],[-318,8],[-103,-1]],[[10454,33884],[41,-2],[-2,27],[20,12],[3,29],[20,1],[26,18],[-2,15],[-22,19],[12,11],[25,-13],[4,22],[20,-5],[-12,-32],[28,7],[14,-7],[11,-34],[25,3],[8,14],[37,-10],[59,5],[2,20],[34,-16],[10,43],[37,23],[40,-10],[14,-25],[41,6],[-8,-20],[37,-7],[4,27],[14,17],[-9,16],[24,10],[-2,22],[13,33],[19,33],[30,7],[8,-11],[44,24],[-2,16],[27,9],[16,-19],[21,1],[27,-10],[18,20],[9,-25],[43,4],[13,-14],[26,38],[29,9],[2,28],[43,-41],[15,8],[-9,44],[14,26],[41,33],[32,-3],[-11,30],[14,15],[33,-8],[3,65],[19,17],[54,-5],[25,-14],[15,6],[1,36],[17,25],[39,37],[29,0],[12,-27],[-7,-32],[11,-6],[26,61],[32,26],[-7,-56],[43,0],[23,-8],[27,10],[20,-39],[32,6],[16,-18],[9,32],[20,-6],[17,12],[-1,34],[22,19],[10,-62],[17,-3],[1,52],[24,51],[13,-21],[0,-21]],[[10512,31898],[1,316],[0,218],[2,199],[66,-45],[21,-8],[139,-22],[0,99],[113,0],[1,10],[45,4],[1,26],[252,-3],[0,79],[113,0],[-1,80],[73,0],[17,16],[34,64],[24,13],[2,185],[33,4],[11,60],[30,40],[2,17],[-151,-1],[0,41],[22,41],[15,125],[2,92],[-25,17],[-49,3],[-130,-1],[-24,6],[-35,-5],[-67,71],[-90,32],[-22,32],[-39,0],[-46,14],[-19,18],[-53,28],[-40,-59],[-14,-13],[-65,-30]],[[10661,33661],[-85,-8],[-70,4],[-53,-8],[3,158],[-2,77]],[[7955,33158],[3,33],[20,32],[52,36],[74,33],[29,9],[75,33],[58,8],[39,21],[75,24],[53,23],[57,46]],[[8490,33456],[29,-58],[23,-36],[25,-22],[1,-112],[-10,-37],[46,1],[1,21],[17,27],[17,2],[1,114],[18,14]],[[8658,33370],[52,31],[-45,84],[51,30],[77,0],[0,72],[5,12],[70,60],[-46,3],[-13,25],[-17,-12],[-61,-8],[-101,-109],[-36,1]],[[8594,33559],[10,87],[21,70],[8,81],[-2,49],[-7,62],[9,46],[30,33],[60,32],[102,72],[48,25],[40,41],[15,41],[1,28],[-17,49],[1,26],[47,72],[28,54],[21,79],[20,49],[36,67],[29,23],[47,20],[38,2],[44,-11]],[[9223,34656],[7,-19],[24,7],[7,-53],[34,1],[17,-14],[32,22],[15,36],[17,-5],[14,-18],[28,3],[58,-39],[27,1],[36,-15],[7,-31],[-12,-13],[10,-18],[8,-64],[33,-66],[16,-15],[2,-44],[27,-1],[8,-46],[-5,-44],[14,-19],[-26,-12],[-4,-43],[19,-19],[28,1],[20,-31],[22,-18],[25,-38],[-13,-53],[17,8],[19,-5],[7,-19],[-16,-37],[27,-9],[3,-27],[28,13],[44,1],[14,-17],[16,-2],[17,28],[5,41],[30,10],[9,-11],[33,1],[1,-22],[30,-3],[21,-20],[54,17],[12,11],[17,-20],[35,3],[27,31],[0,-29],[31,-15],[16,0],[12,-56],[12,24],[33,11],[26,-11],[11,-31],[14,3],[3,57],[21,28],[13,-4],[-4,-31],[19,5],[5,27],[25,6],[-7,-45],[19,-23],[37,7]],[[10661,33661],[-19,-80],[-5,-124],[-6,-17],[-41,-28],[-24,-48],[-19,-24],[-17,-7],[-53,-1],[-22,-5],[-34,-23],[-11,-36],[-3,-252],[-74,0],[-15,20],[-28,0],[-23,-15],[-19,-1],[-1,-40],[9,-24],[-1,-94],[-7,-2],[-131,3],[-29,6],[-59,25],[-30,17],[-27,23],[-3,-72],[-187,2],[0,80],[-199,2],[-288,5],[0,-62],[32,-17],[-1,-115],[6,-5],[68,0],[0,-76],[-3,-244],[-146,0],[-2,-2],[-1,-166],[-6,-17],[-1,-55],[-34,3],[-111,2],[-1,-28],[-10,-12],[-140,2],[-21,20],[-23,2],[-43,17],[-2,-158],[-35,1],[-2,-38],[-37,-4],[-2,-77]],[[7400,31937],[23,48],[27,92],[43,52],[53,20],[69,43],[18,15],[101,139],[27,47],[11,52],[-1,77],[6,52],[24,65],[8,59],[57,71],[27,67],[25,32],[46,42],[12,25],[6,48],[-11,57],[-3,74],[-13,44]],[[8542,33491],[42,-76],[30,18],[17,-13],[27,-50]],[[8490,33456],[52,35]],[[5664,47905],[329,-11],[260,-3],[420,-1],[451,-4],[312,-8]],[[7436,47878],[169,-4],[141,-1],[516,-3],[107,3],[223,-1]],[[8592,47872],[-3,-174],[0,-78],[-9,-398]],[[8580,47222],[-123,3],[-92,4],[-77,-31],[-46,-8],[-58,-23],[-26,-6],[-83,-2],[-113,-9],[-32,-29],[-35,-18],[-6,-11],[-36,4],[-30,19],[-61,1],[-75,-6],[-54,-61],[-43,-23],[-22,2],[-31,39],[-36,-31],[-73,2],[-35,-20],[-30,-36],[-31,-2],[-30,27],[-53,-25],[-18,-31],[-49,-14],[-22,14],[-49,-16],[-6,-17],[-24,15],[-20,0],[-30,-11],[-11,13],[-41,-12],[-43,-48],[-18,-11],[-47,1],[-17,33],[-27,1],[-56,-16],[-20,-10],[-3,-164],[-63,1],[-87,-4],[-152,3]],[[6446,46709],[-65,0],[-166,4],[0,-80],[-381,12]],[[5834,46645],[4,153],[2,138],[-195,4],[3,129],[7,448],[9,388]],[[6446,46709],[-1,-98],[-9,-463],[-21,-8],[-33,7],[-332,10],[-3,-137],[4,-21]],[[6051,45999],[-13,-3],[-220,7],[-80,-1],[5,210],[7,273],[79,0],[5,160]],[[3511,47942],[134,-3],[594,-6],[683,-4],[718,-23],[24,-1]],[[6051,45999],[67,-201],[4,-33],[-2,-81],[-8,-654]],[[6112,45030],[-155,3],[-163,2]],[[4490,45051],[-2,47],[7,72],[3,70],[14,80],[-3,21],[-25,51],[-59,108],[-69,93],[-40,116],[-44,77],[-39,61],[-38,87],[-28,56],[-42,54],[-24,22],[-60,33],[-33,7],[-66,-12],[-49,-17],[-48,0],[-94,32],[-105,212],[-86,151],[-57,84],[-67,80],[-92,90],[-36,53],[-26,34],[-43,44],[-21,15],[-28,34],[-10,26],[-5,95],[31,66],[47,66],[26,56],[18,48],[38,122],[27,71],[31,58],[74,82],[22,41],[10,54],[10,176],[2,75]],[[8580,47222],[-6,-342],[-3,-279],[-7,-416],[-3,-241]],[[8547,44983],[-218,-3],[-231,-1],[-433,4],[-311,17],[-291,12]],[[7063,45012],[-293,9],[-462,6],[-196,3]],[[28943,45613],[33,0],[59,-9],[6,42]],[[29041,45646],[59,-9],[-6,-42],[68,-9]],[[29162,45586],[7,-26]],[[29169,45560],[-10,-61],[-88,13],[2,14],[-62,10],[-1,-11]],[[29010,45525],[-39,8],[-14,22],[0,39],[-14,19]],[[29740,45793],[68,0]],[[29808,45793],[1,-200],[53,1],[41,6],[48,1]],[[29951,45601],[0,-36],[-52,-56],[-16,-33],[-58,-31],[-31,-10],[-36,-44],[-13,-29],[-41,-68],[-37,-31],[-23,-60],[-1,-43],[-24,-30],[-29,6],[-27,-3],[-36,-29],[-32,-11],[-31,8],[-30,-9]],[[29434,45092],[-18,23],[-4,29],[-69,65],[-8,13],[-14,49],[1,59],[-12,25],[-18,15]],[[29292,45370],[8,12],[29,1],[26,23],[113,55],[13,30],[17,17],[82,61],[47,18],[85,142],[28,64]],[[29169,45560],[29,-3],[80,-89]],[[29278,45468],[2,-91]],[[29280,45377],[-16,7],[-93,4],[-29,6],[-54,50]],[[29088,45444],[-24,50],[-12,18],[-42,13]],[[26723,53219],[75,1]],[[26794,53003],[-79,9],[-6,-13],[-35,-25],[-44,-42],[6,-35],[-99,-39]],[[26488,52965],[-27,85],[4,73],[141,16],[110,0],[0,57],[7,23]],[[29218,53616],[79,2],[0,11]],[[29297,53629],[27,-11],[204,5]],[[29528,53623],[3,-80]],[[29531,53543],[-152,-2],[0,-81]],[[29379,53460],[-77,-2]],[[29302,53458],[-4,80],[-77,-1]],[[29221,53537],[-3,79]],[[29016,53851],[39,1]],[[29055,53852],[2,-39],[39,1]],[[29096,53814],[2,-82],[39,2],[4,-121],[77,3]],[[29221,53537],[-32,-3],[-33,18],[-14,21]],[[29142,53573],[-50,-33],[-55,30]],[[29037,53570],[-1,39],[-12,0],[-3,80]],[[29021,53689],[-5,162]],[[29295,54034],[27,26],[-4,16],[-27,24]],[[29291,54100],[226,5]],[[29519,54026],[-78,-1],[2,-82]],[[29443,53943],[-102,-3]],[[29341,53940],[0,15],[-44,43],[-2,36]],[[30559,49718],[232,-1]],[[30791,49717],[0,-36]],[[30791,49681],[-79,-1],[5,-56],[-2,-104],[78,1]],[[30793,49521],[-1,-80]],[[30764,49441],[-181,0]],[[30560,49441],[0,47]],[[30560,49488],[-1,230]],[[26547,52839],[248,9]],[[26795,52848],[-1,-90]],[[26794,52758],[-3,-17],[11,-26],[-8,-27],[-2,-67]],[[26792,52621],[-74,-27],[-10,14],[0,53],[-7,50]],[[26701,52711],[-21,8],[-92,-12]],[[26588,52707],[19,10],[-4,44],[-50,-4],[-49,-21],[-21,-2],[1,82],[11,21]],[[23171,51395],[90,13],[47,11],[363,132],[65,21],[27,12],[-3,48],[-12,9],[14,75],[10,20],[47,38],[11,21],[0,65],[-211,0],[-4,52],[-17,36],[12,7],[1,77],[-6,161]],[[24068,52203],[5,-226],[11,-595],[0,-69]],[[24084,51313],[-67,-17],[-32,0],[-67,-28],[-40,-5],[-31,-15],[-66,-9],[-50,7],[-42,-7],[-14,-18],[-376,-1],[-127,-3]],[[24084,51313],[7,-90],[1,-63],[-89,-43],[3,-58],[12,-78],[3,-92],[45,27],[41,15],[55,34],[65,65],[45,28],[61,18],[83,13],[23,7],[142,53],[49,24],[57,37],[32,41]],[[24719,51251],[116,4],[191,2]],[[25026,51257],[3,-108],[8,-352],[1,-98],[5,-78],[7,-320]],[[25050,50301],[-324,-11],[-318,-11],[-262,-10],[-211,-2],[-359,-5],[-125,2],[-253,-4]],[[23198,50260],[-8,248]],[[23190,50508],[-5,35],[3,41],[-3,155]],[[23185,50739],[-13,478]],[[24433,52211],[158,2]],[[24591,52213],[379,6]],[[24970,52219],[-21,-31],[-31,-5],[-16,-24],[-7,-25],[-29,-27],[-14,-3],[-45,-27],[-42,8],[-60,-1],[-38,31],[-42,-1],[4,-152]],[[24629,51962],[-96,37],[-120,31]],[[24413,52030],[10,31],[0,85],[10,65]],[[24084,51313],[113,39],[71,13],[50,-4],[48,-14],[46,3]],[[24412,51350],[112,-17],[42,16],[60,-1],[13,4]],[[24639,51352],[2,-105],[78,4]],[[24072,52203],[361,8]],[[24413,52030],[-17,-47],[4,-122],[23,-105],[11,-73],[13,-36],[2,-24],[-8,-145],[-5,-22],[-15,-22],[-9,-84]],[[25288,51870],[24,15],[65,26],[-21,43],[0,22],[13,16],[59,42],[10,34]],[[25438,52068],[10,-33],[-11,-48],[28,-43],[1,-79],[34,4]],[[25500,51869],[3,-122],[4,-19],[8,-367]],[[25515,51361],[-39,22],[-56,66],[-132,161]],[[25288,51610],[-93,113],[19,22],[74,125]],[[18906,21805],[107,56],[71,12],[99,11],[0,24],[24,0],[0,24],[23,0],[-1,-24],[57,-1],[-1,-25],[16,0]],[[19301,21882],[6,-79],[-31,-55],[-21,-27],[7,-19],[-23,-25],[-9,-23],[-33,-12],[-25,-57],[6,-24],[-19,-9],[13,-29],[-8,-33],[-37,16],[-27,-14],[2,156],[-15,-1],[-38,-36],[-21,2],[2,206],[-63,-3],[-27,-29],[-34,-21],[0,39]],[[19224,22497],[1,115],[3,23],[25,88],[41,68],[9,47],[-2,79],[5,527],[32,-4],[5,-25],[13,-10],[138,-6],[146,-3],[7,801],[-34,0],[-2,41],[19,2],[1,152],[12,10],[4,34],[39,7],[4,48],[25,28],[8,25],[2,128]],[[19725,24672],[67,-2],[45,5],[50,-3],[302,6],[474,4],[148,0]],[[20811,24682],[0,-318],[37,-4],[0,-156],[35,-2],[0,-12],[-49,-38],[-10,-22],[4,-42],[-28,-2],[-15,-42],[24,-19],[0,-36],[-21,0],[-40,-13],[-7,-12],[17,-51],[14,-24],[-111,-1],[-1,-318],[-32,-3],[19,-29],[12,-52],[-1,-70],[17,-7],[16,-32],[14,-55],[20,-25],[-48,-54],[-3,-24],[-18,-32],[0,-106],[-5,-465],[-4,-381]],[[20647,22235],[-42,-17],[-410,-179],[-35,-12],[-52,-10],[-31,-2],[-97,4]],[[19980,22019],[-601,27],[-54,0]],[[19325,22046],[8,58],[-30,-3],[-76,4],[-7,66],[15,0],[0,39],[97,-4],[1,42],[38,-2],[0,38],[-34,1],[0,74],[-24,60],[-9,64],[22,-15],[14,4],[0,33],[-43,0],[1,-14],[-74,6]],[[18947,21968],[42,-60],[6,-25],[-6,-23],[-49,0],[-5,-20],[-29,3],[0,-38]],[[19301,21882],[28,23],[-14,25],[15,12],[-24,39],[19,65]],[[19980,22019],[-14,-22],[-27,-13],[-23,7],[-3,-110],[-5,-15],[-1,-73],[4,-3],[-5,-314],[43,-18],[-2,-139],[-42,-1],[-4,-366],[-4,-440],[-4,-153]],[[18904,19406],[-201,13],[-95,8],[-149,9],[-167,13]],[[18292,19449],[-235,17],[-75,2]],[[17982,19468],[-7,845],[-2,85],[-5,532],[-4,260],[-2,193]],[[17962,21383],[50,20],[30,40],[19,57],[12,20],[38,37],[43,26],[500,242],[293,143]],[[18947,21968],[31,18],[56,59],[48,25],[-12,45],[0,34],[46,0],[7,-27],[-1,-40],[31,-1],[1,211],[5,0],[-10,78],[74,0],[1,127]],[[20811,24682],[209,-2],[87,1],[149,-1],[288,1],[11,-2]],[[21555,24679],[-1,-479],[-2,-51],[1,-417],[-1,-480]],[[21552,23252],[-1,-304],[-1,-355]],[[21550,22593],[-115,-51],[-200,-79],[14,-14],[0,-42],[-34,0],[-1,48],[-73,-29],[0,-113],[-18,-23],[-168,0],[0,62],[-102,-40],[-206,-77]],[[18013,22613],[-1,453],[-2,205],[1,222],[-1,169],[0,630]],[[18010,24292],[1,401]],[[18011,24693],[192,0],[416,2],[266,2],[10,-1]],[[18895,24696],[3,-7],[128,2],[325,-8],[321,-10],[53,-1]],[[17962,21383],[-4,447],[0,171],[-2,176],[1,117],[56,0],[0,319]],[[21550,22593],[-2,-376],[0,-166],[-1,-302],[-3,-418],[304,11],[270,12],[327,11]],[[4822,38374],[413,-39],[207,-19],[155,-12],[2,163],[148,2],[14,-10],[30,34],[0,18],[20,15],[1,23]],[[5812,38549],[76,1],[-1,-243],[13,-4],[-1,-70],[-25,-23],[23,-46],[0,-67],[76,1],[-3,-248],[5,-30],[-5,-22],[0,-181],[75,1],[-2,-121],[26,-21],[13,-20],[-1,-92],[74,37],[3,15],[66,0],[15,9],[52,62],[10,6],[48,-1],[-1,-161],[305,-5]],[[6653,37326],[-1,-460],[-4,-514]],[[6648,36352],[-151,6],[-181,13],[-274,8],[-228,1],[-79,0],[-261,13],[-581,19],[-90,4]],[[4803,36416],[7,484],[4,476],[1,235],[1,232],[5,328],[1,203]],[[7584,39336],[1,81],[2,487],[0,315]],[[7587,40219],[148,-5],[673,-22],[90,-4]],[[8488,39223],[-293,11],[-311,10],[-301,12],[1,80]],[[6682,39340],[-2,-63],[-6,-452],[1,-50]],[[6675,38775],[-5,-86],[1,-75]],[[6464,38334],[-44,-59],[-42,-26],[-21,-3],[-4,-272],[144,-3],[61,0],[62,52],[11,28],[32,13]],[[6663,38064],[-1,-13]],[[6662,38051],[-5,-323],[-4,-402]],[[5812,38549],[1,98],[-63,-1],[2,309],[-76,0],[3,119],[2,211],[-2,86],[166,-12],[174,-1],[486,-14],[177,-4]],[[6662,38051],[157,1],[162,-3],[141,-1],[2,239],[3,13],[-36,26],[-15,4],[-110,0]],[[6966,38330],[0,118],[2,146],[0,181],[-293,0]],[[6682,39340],[50,4],[36,11],[56,-14],[32,-1],[728,-4]],[[8461,36328],[-151,5],[-609,14],[-145,2],[-153,-1],[-261,3],[-331,2],[-163,-1]],[[28248,28876],[190,3],[112,0],[271,6],[439,17],[272,11],[278,4],[75,2],[-2,81],[148,4]],[[30031,29004],[6,-238],[74,49],[3,-130],[70,1],[158,6],[143,7],[115,2],[-4,-44],[218,-2],[99,7],[-1,282],[-47,36],[-160,133],[-46,11]],[[30659,29124],[2,1]],[[30661,29125],[227,176],[20,49],[33,20],[248,2],[209,3],[34,14],[67,63],[28,22],[151,130],[8,5]],[[31686,29609],[2,-43],[2,-431],[1,-587],[2,-48],[0,-319],[-1,-114],[3,-522]],[[31695,27545],[-320,-2],[-232,-2],[-703,1],[15,116],[-13,0],[-194,-7],[-520,-8],[-440,-21],[-119,-5]],[[29169,27617],[-438,-19],[-262,-3],[-186,-3]],[[28283,27592],[-13,480],[-4,0],[-10,482]],[[28256,28554],[-8,322]],[[28463,31970],[438,3],[561,7],[281,2],[344,1]],[[30087,31983],[2,-166],[74,0],[1,-113],[2,-313],[0,-301],[-37,-1],[2,-112],[14,-637],[6,-287],[8,1],[7,-325]],[[30166,29729],[-149,-4],[4,-279],[7,-359],[3,-83]],[[28248,28876],[-4,320],[-8,483],[-2,162]],[[28234,29841],[-4,208],[-5,435],[-10,525],[252,1],[0,255],[-4,603],[0,102]],[[6966,38330],[-86,0],[2,-26],[-77,1],[1,51],[-72,1]],[[6663,38064],[4,203],[6,40]],[[5759,40277],[309,-15],[80,-7],[429,-19],[109,-6],[289,-2],[463,-6],[149,-3]],[[4822,38374],[3,322],[5,412],[3,396],[8,520],[6,291]],[[17786,55506],[36,6],[277,25],[259,-8],[39,-31],[104,-17],[48,1],[30,-17],[61,-18]],[[18640,55447],[5,-279],[27,2]],[[18663,54053],[-229,-4],[-303,-5],[-162,-1],[-197,-5]],[[17772,54038],[-22,-2],[-155,0],[-307,1],[-153,0],[2,161],[-151,0],[-154,2],[-27,-6],[-1,-16],[-26,-38],[-23,-23],[-22,-6],[-8,-15],[7,-64],[-10,-20],[-19,-1],[-49,42]],[[18939,55666],[6,6],[148,41],[-1,23],[143,2],[10,9],[-1,220],[7,0],[-7,419],[-7,537]],[[19237,56923],[156,2]],[[20485,56941],[1,-123],[6,-835]],[[20492,55983],[-26,-1],[3,-547],[-1,-239],[0,-167]],[[18640,55447],[-4,202],[60,0],[139,-13],[17,2],[87,28]],[[18628,57512],[1,-237],[4,-54],[-4,-193],[1,-108]],[[18630,56920],[1,-218],[-1,-21],[-52,-168],[-22,-41],[-28,-68],[-37,-6],[3,-198],[137,1],[0,-239],[17,1],[290,2],[-1,-85],[2,-214]],[[18630,56920],[223,-1],[384,4]],[[21812,54968],[71,0],[41,-11],[180,-1]],[[22104,54956],[-8,-20],[-41,-62],[-10,-42],[7,-69],[-11,-21],[-170,2]],[[21871,54744],[-59,1],[0,-17]],[[21812,54728],[-156,0],[-1,-103],[2,-128]],[[21657,54497],[-155,2]],[[21502,54499],[-1,390],[-1,77],[189,2],[123,0]],[[21871,54744],[-1,-90],[-19,0],[0,-51]],[[21812,54603],[0,125]],[[31132,34793],[200,21],[-1,5],[364,41]],[[31695,34860],[-1,-274]],[[31694,34586],[-45,-4],[-47,-14],[-31,-4],[-437,-15]],[[31134,34549],[-2,244]],[[15854,6613],[21,4],[40,38],[18,24],[16,8],[57,-9],[13,-28],[-19,-33],[4,-17],[20,-10],[54,-3],[26,-20],[25,-9],[29,4],[23,-15],[15,-23],[34,-21],[30,1],[43,24],[32,46],[22,61],[36,44],[6,22],[-14,69],[6,18],[37,38],[6,80],[-36,14],[301,-4],[144,1],[128,-2],[154,0],[314,1],[134,-6],[81,1]],[[18083,6905],[-32,-37],[-21,-54],[-8,-35],[-48,-9],[-35,-45],[-24,-56],[3,-32],[-14,-33],[-1,-22],[-19,-26],[1,-30],[27,-64],[-7,-24],[-3,-59],[-20,-51],[21,-52],[-2,-167],[81,0],[-8,-63],[-38,-61],[-9,-46],[11,-20],[-1,-62],[-18,-55],[16,-59],[31,-38],[5,-18]],[[17971,5687],[-4,-40],[4,-93],[-10,-68]],[[17961,5486],[-10,34],[-15,13],[-52,29],[-39,-20],[-36,-1],[-54,-65],[-43,-17],[-1,-25],[31,-67],[-82,-57],[-35,-63],[-12,-8],[-34,-44]],[[17579,5195],[-13,-10],[-25,1],[-20,22],[-35,-2],[-25,-8],[-13,7],[-18,34],[-21,23],[-8,21],[23,34],[-8,38],[-78,-47],[-25,-6],[-63,5],[-53,-8],[-35,-13],[-37,-25],[-28,-6],[-138,19],[-26,1],[-85,-31],[11,-39],[49,-318],[1,-56],[-78,-26],[-42,-10],[-66,-4],[-17,-14],[-79,-17]],[[16627,4760],[-17,61],[-60,196],[-45,113],[-30,55],[-73,104],[-80,91],[-67,72],[-28,42],[-31,59],[-89,162],[-36,81],[-27,79],[-20,86],[-22,56],[-43,87],[-23,26],[-42,81],[-19,116],[-13,58],[-9,65],[-3,67],[4,96]],[[17579,5195],[5,-24],[14,-19],[19,-6],[19,-22],[11,-27],[18,-26],[34,-34],[11,-26],[33,-13],[2,-21],[19,-38],[14,-11],[9,45],[-8,48],[8,17],[81,105]],[[17868,5143],[8,-37],[-2,-21],[13,-20],[22,-8],[61,-2],[12,-18],[13,-52],[-2,-43],[15,-40],[22,-18],[18,-31],[13,21],[40,7],[25,-4],[19,54],[13,13],[7,30],[53,2],[29,9],[27,-3],[38,7],[3,-13],[74,3],[-6,48],[-29,21],[-10,24],[-38,13],[-40,55],[91,4],[-12,37],[-10,2],[-3,59],[-8,20],[-3,40],[-48,31],[-24,8],[-5,47],[34,0],[1,25],[19,-8],[1,24],[55,-2],[0,42]],[[18354,5469],[107,1],[50,-20],[84,-4],[24,23],[60,1],[120,-5],[11,-36],[14,-13],[42,-9],[31,-18],[20,-3],[-56,-131],[118,-33],[233,-28],[110,13],[99,-8],[177,-12],[55,-7]],[[19653,5180],[-2,-79],[1,-161],[-1,-103],[0,-340],[1,-61],[-2,-144],[1,-90],[-2,-253]],[[19649,3949],[-292,27],[-69,9]],[[19288,3985],[-74,7],[-144,2],[-144,1],[-320,7],[-145,1],[-142,6],[-150,2],[-142,0]],[[16131,4003],[45,23],[52,16],[185,16],[48,19],[27,18],[46,16],[34,43],[17,40],[12,46],[14,88],[35,180],[12,82],[-3,65],[-28,105]],[[17868,5143],[64,0],[7,7],[2,36],[9,0],[24,86],[4,34],[-36,-3],[1,76],[-2,43],[-16,52],[39,-1],[-3,13]],[[17971,5687],[61,1],[15,32],[34,41],[16,-16],[18,55],[40,0],[-2,-34],[0,-188],[14,-79],[29,-82],[36,13],[8,17],[26,24],[88,-2]],[[18783,6922],[36,0],[124,-5],[259,-16],[22,-3],[156,-7],[145,-4],[151,-5]],[[19676,6882],[-2,-299],[-4,-167],[-1,-194],[-6,-317],[-8,-320],[1,-162],[-3,-243]],[[7063,45012],[-11,-12],[-7,-144],[-2,-167],[-10,-398],[-3,-13],[-30,-61],[-45,-78],[-5,-16],[-5,-289],[-5,-25],[-42,-140],[-7,-37],[-2,-58]],[[6889,43574],[-183,5],[-76,1],[-4,-242]],[[6626,43338],[-4,-160],[78,-3],[0,-132],[30,22],[46,16]],[[6776,43081],[8,-173],[-1,-145],[5,-34],[20,-54],[6,-32],[-2,-158],[-2,-51],[-4,-297]],[[6806,42137],[-142,1],[-274,8],[-162,3],[1,54],[-154,-81],[0,28],[-306,3]],[[6806,42137],[349,-3],[222,-5],[0,-50],[68,-4],[235,-2],[60,-5],[119,1],[34,-10],[48,8],[112,-4],[30,-10],[69,-2],[53,-17],[66,-1],[52,14],[74,2],[22,5],[76,45],[24,0]],[[6889,43574],[240,-8],[-2,-165],[48,-1],[-2,-105]],[[7173,43295],[-192,15],[-223,7],[-53,18],[-79,3]],[[6776,43081],[49,13],[268,-13],[78,-2],[2,216]],[[31057,34787],[12,1]],[[31069,34788],[63,5]],[[31134,34549],[-66,-7]],[[31068,34542],[-9,15],[-3,147],[1,83]],[[30824,34891],[86,2]],[[30910,34893],[78,3],[-4,-39],[-18,-41],[-33,-35]],[[30933,34781],[-44,-9],[-22,-12]],[[30867,34760],[-42,-30]],[[30825,34730],[-1,161]],[[31022,53974],[3,-15],[-40,0]],[[30985,53959],[2,84]],[[29616,50417],[188,4],[51,-21],[82,0]],[[29937,50400],[154,1]],[[30091,50401],[2,-92],[14,0],[2,-68]],[[30109,50241],[-177,0],[-144,1],[0,-159]],[[29788,50083],[-153,-1]],[[29635,50163],[-14,31],[-5,223]],[[26068,56963],[309,0]],[[26377,56963],[389,-1]],[[26766,56962],[117,0]],[[26883,56962],[-1,-267],[-5,-34],[-14,-52],[-15,-33],[-5,-26],[0,-69]],[[26843,56481],[-232,-1],[-59,41],[-15,-47],[-5,-42],[1,-202],[0,-175],[2,-48]],[[26535,56007],[-37,-3],[-65,4],[-87,1],[-81,-4]],[[26265,56005],[-80,-2],[-115,1]],[[26069,56203],[0,236]],[[26534,55616],[-4,-40],[-10,-45]],[[26520,55531],[-30,26],[-46,-2],[9,-25],[-2,-23],[-34,-17],[-30,4],[0,-21]],[[26387,55473],[-38,6]],[[26349,55479],[-56,17],[-31,16],[-76,64]],[[26186,55576],[25,3],[32,17],[71,4],[50,14],[170,2]],[[25873,55198],[122,3],[6,159]],[[26001,55360],[121,-64],[28,-10],[112,-20],[33,-9],[37,-18]],[[26332,55239],[-16,-35],[-1,-76]],[[26315,55128],[-167,-3],[-275,-7]],[[30934,53737],[12,-5],[38,0]],[[30984,53732],[1,-26],[13,-13],[1,-41]],[[30935,53652],[-1,85]],[[30917,53330],[3,0]],[[30920,53330],[20,1]],[[30940,53331],[38,0]],[[31017,53332],[2,-79]],[[31019,53253],[-2,0]],[[31017,53253],[-37,-1]],[[30980,53252],[-62,-1]],[[30933,53811],[37,1]],[[30970,53812],[1,-37],[22,0],[4,-35],[-13,-8]],[[30934,53737],[-1,74]],[[30970,53812],[36,9],[28,0],[75,16]],[[31109,53837],[3,-171],[11,-45]],[[31537,52382],[49,1]],[[31586,52383],[18,0],[0,-40]],[[31467,52336],[-44,44]],[[31423,52380],[37,1]],[[29119,55782],[78,4]],[[29197,55786],[0,-40],[-14,-1],[-3,-40]],[[29180,55705],[-61,-3]],[[29119,55702],[0,80]],[[29120,55862],[77,4]],[[29197,55866],[0,-80]],[[29119,55782],[1,80]],[[26843,56481],[0,-395],[-1,-66],[8,-15]],[[26850,56005],[-82,2],[-81,-3],[-22,2],[-130,1]],[[27930,56796],[-1,-106]],[[27929,56690],[-6,14],[1,36],[-30,-17],[-41,17]],[[27853,56740],[-60,57]],[[27793,56797],[137,-1]],[[27400,56767],[61,8],[65,22],[54,1]],[[27580,56798],[0,-185]],[[27580,56613],[-67,24],[-49,3],[0,-56]],[[27464,56584],[-100,62]],[[27364,56646],[13,29],[44,6],[-2,64],[-19,22]],[[30449,55841],[33,-1]],[[30482,55840],[15,-15],[45,-19]],[[30542,55806],[-12,-35],[-49,13]],[[30481,55784],[-32,57]],[[31535,50243],[37,-23],[1,-56],[-43,0],[0,-74],[82,1],[0,-7],[100,1],[1,-238],[-19,-30]],[[31694,49817],[-15,28],[-196,0],[-1,160]],[[31482,50005],[-2,239],[55,-1]],[[31535,50243],[176,2],[0,53],[33,1]],[[31744,50299],[-1,-214],[0,-324]],[[31743,49761],[-29,0],[-5,30],[-15,26]],[[29300,50651],[26,0]],[[29377,50652],[5,-212],[-8,-19],[-19,-9]],[[29355,50412],[-131,-3]],[[29224,50409],[-3,15],[4,47],[6,18],[-7,80],[78,2],[-2,80]],[[29508,51057],[93,3],[-1,42],[-10,58],[7,60]],[[29597,51220],[80,1],[2,-81]],[[29679,51140],[-10,-10],[2,-70],[38,1],[14,-34],[-16,-18],[3,-29]],[[29710,50980],[-37,2],[2,-83]],[[29675,50899],[-70,-2]],[[29605,50897],[-2,77],[-56,-1],[-1,26],[-32,-2],[-6,16],[0,44]],[[13439,34216],[-1,-55],[-21,-58],[-13,-15],[16,-28],[-7,-14],[-26,-13],[-7,-31],[13,-34],[-29,-58],[-1,-58],[16,-64],[18,14],[47,-2],[9,-9],[9,-83],[21,-18],[24,-30],[42,-6],[-7,-75],[-24,-42],[-19,-93],[85,1],[3,-69],[92,0],[4,-279],[-19,-2],[-36,-19],[-178,-3],[-46,22],[-63,7]],[[13438,34642],[22,6],[17,-7],[9,28],[34,-11],[12,-25],[25,-10],[4,37],[42,2],[24,-8],[32,15],[23,-17],[24,28],[-7,24],[22,1],[11,15],[42,-9],[5,-23],[59,25],[1,26],[18,0],[19,-36],[13,8],[29,-2],[15,-10],[13,18],[25,-25],[31,-9],[27,10],[13,-8],[25,29],[14,-12],[22,15],[46,53],[13,34],[22,-3],[27,15],[-9,26],[13,17],[44,-4],[8,-24],[18,6],[24,31],[30,-5],[0,31],[30,8],[4,-42],[22,2],[4,-26],[44,19],[35,-15],[18,18],[4,26],[25,7],[14,13],[-2,28],[20,28],[-12,19],[20,14],[13,-15],[14,22],[58,-20],[15,5],[13,69],[32,-5],[29,-21],[7,-22],[19,-2],[14,12],[42,-23],[8,25],[15,-1],[16,-38],[37,6],[24,11],[4,-24],[13,-8],[19,13],[16,-52],[24,7],[19,-38],[-6,-21],[29,-9],[27,-47],[2,-29],[52,-18],[8,-23],[28,-36],[-13,-21],[41,-12],[-2,-38],[21,-15],[13,11]],[[15216,34636],[4,-331],[175,2],[2,-160],[1,-320],[-5,0],[5,-473],[4,-325]],[[15402,33029],[-776,-7],[-179,-2],[5,-403],[-37,0],[3,-240],[-86,1],[-295,-4],[-86,2]],[[10855,26108],[192,3],[256,2],[236,1],[520,5],[291,0],[365,3]],[[12715,26122],[0,-255],[75,0],[0,-238]],[[12790,25629],[0,-243],[50,-10],[18,-36],[56,20],[-12,-40],[-108,-220],[0,-29]],[[12794,25071],[1,-111],[-5,-14],[-30,-34],[-2,-72],[3,-11],[35,-61],[2,-331],[106,3],[5,-7],[0,-189]],[[12909,24244],[-15,31],[-30,10],[-36,-37],[-47,-9],[-22,-25],[-51,-10],[-28,5],[-69,-41],[-9,-14],[-7,-42],[-14,-20],[0,-48]],[[12581,24044],[-73,4],[-153,3],[-147,-3],[-146,8]],[[12062,24056],[-78,2],[1,158],[-67,4],[-193,5],[-3,-13],[-37,-7],[-73,0],[0,-40],[-36,0],[-3,-20],[-109,0],[-4,-80],[-249,2],[-36,-3],[-294,-7]],[[10881,24057],[-1,161],[-8,482],[-6,481]],[[10866,25181],[-11,927]],[[28433,35169],[449,8],[6,5],[177,2],[258,10],[125,1],[29,4],[184,7],[140,6],[87,0],[121,-5],[58,0],[10,-24],[-42,-7],[-19,-24],[-10,-49],[31,-57],[-3,-20],[21,-18],[11,-62],[-33,-11],[-11,-17],[13,-29],[-44,-92],[3,-45],[18,-22],[34,-6],[33,-21],[2,-9],[71,0],[36,-6],[38,-17]],[[30226,34671],[-2,-46],[5,-46],[1,-88],[-21,-5],[-162,4],[-3,-79],[-48,6],[-65,-5],[-5,-78],[4,-18],[0,-64],[-103,-2],[-15,-6],[-101,-1],[-159,-9],[-45,1]],[[29507,34235],[-247,-5],[-207,-7],[-157,-1],[0,-6],[-449,-6]],[[28447,34210],[-2,122],[-4,479],[-5,39],[-3,319]],[[30687,34443],[178,3]],[[30865,34446],[5,-154],[3,-204],[-16,-81]],[[30857,34007],[-167,-1]],[[30690,34006],[-341,1]],[[30349,34007],[0,43],[8,15],[37,36],[156,163],[98,112],[36,28],[3,39]],[[30376,35049],[191,-1],[-2,135],[49,-21],[56,-2],[70,-37],[30,16],[7,-28],[58,-44],[9,-21],[64,3]],[[30908,35049],[1,-33]],[[30909,35016],[1,-123]],[[30824,34891],[-82,-3],[-98,1],[-177,-2],[-87,1]],[[30380,34888],[-4,161]],[[28427,35769],[106,1],[-1,133],[-7,533],[-2,299]],[[28523,36735],[304,2],[1,-131],[101,-1],[156,20],[124,3],[0,36],[45,3],[148,0],[-5,195],[93,4],[23,-4],[84,-3],[5,-13],[24,-22],[63,1],[1,-75],[15,-4],[3,-138],[66,-26],[24,-3],[100,2],[-4,266],[-9,311],[-10,384],[81,0],[64,-3],[223,1],[262,3],[-7,-27],[44,3],[-8,-25],[4,-27],[17,-21],[-3,-28],[-19,-50],[-27,-38],[10,-10],[-9,-48],[-17,-26],[-12,-2],[-8,-23],[26,-3],[6,-23],[132,0],[-10,104],[78,1],[0,75],[48,-61],[52,-81],[18,-13],[116,4],[-7,218],[-78,21],[-3,81],[103,0],[167,6],[326,7],[162,3],[117,0]],[[31723,37560],[0,-195],[-8,-655],[-4,-320],[-1,-107]],[[31710,36283],[-203,-4],[-237,-4],[-307,-7],[-11,-4],[-142,-1],[3,-40],[3,-118],[74,0],[7,-78],[2,-227],[-1,-10],[-155,-2],[0,-18],[38,0],[5,-201]],[[30786,35569],[-90,17],[-17,10],[-84,9],[-8,-25],[13,-54],[3,-158],[-82,4],[-146,1],[1,-324]],[[30380,34888],[1,-179]],[[30381,34709],[1,-97],[-9,-31]],[[30373,34581],[-50,33],[-97,57]],[[28433,35169],[-6,600]],[[30909,35016],[87,0],[2,19],[51,183],[241,10]],[[31290,35228],[-12,-163]],[[31278,35065],[-26,-26],[-209,-196],[-12,-13],[16,-32],[22,-10]],[[31057,34787],[-124,-6]],[[30786,35569],[32,-5],[4,-30],[76,0]],[[30898,35534],[16,-52],[2,-102],[-5,-147],[-5,-57],[2,-127]],[[30933,34781],[10,-26],[0,-96],[57,0],[3,-83],[42,-45]],[[31045,34531],[-20,-15]],[[31025,34516],[-14,10],[-20,47],[-20,7],[-34,-10],[-25,20],[-13,44],[-31,18],[-1,108]],[[30381,34709],[39,-3],[290,-27],[47,5],[32,18],[36,28]],[[31025,34516],[-53,-45],[-30,-17],[-28,-7],[-49,-1]],[[30687,34443],[-99,-2],[-50,16],[-165,124]],[[26371,50489],[154,2]],[[26530,50331],[-77,-1]],[[30407,32792],[151,-6],[180,6],[274,4],[-2,213],[-5,174],[2,256],[144,3],[-2,159]],[[31149,33601],[-8,329]],[[31141,33930],[417,7],[132,0]],[[31690,33937],[-2,-479],[2,-170],[-2,-236],[-2,-95],[0,-358],[-2,-193],[-2,-400]],[[31682,32006],[-386,-8],[192,-149],[-169,-3],[-307,1],[18,143],[-109,-2],[-191,-5],[-315,0]],[[30415,31983],[-4,280],[-3,306],[1,66],[-2,157]],[[31710,36283],[-6,-562],[-5,-562]],[[31699,35159],[-154,-4],[1,-76],[-7,-3],[-100,0],[-161,-11]],[[31290,35228],[3,66],[-2,93],[-167,-5],[-2,160],[-202,-6],[-22,-2]],[[31045,34531],[23,11]],[[31694,34586],[-4,-649]],[[31141,33930],[-195,-3],[-11,7],[1,34],[10,9],[-14,31],[-75,-1]],[[31149,33601],[-39,-2],[2,-76],[-4,-3],[-174,-1],[-93,-2],[-143,2]],[[30698,33519],[-2,80],[-3,326],[-3,81]],[[28481,38631],[448,5],[322,8],[167,3],[431,9]],[[29849,38656],[231,-3],[282,-1],[77,1]],[[30439,38653],[8,-53],[14,-427],[284,6],[157,9],[-9,241],[-8,231]],[[30885,38660],[749,23],[103,6]],[[31737,38689],[-5,-426],[-3,-217],[-2,-263],[-4,-223]],[[28523,36735],[-4,238],[-12,564],[-3,143]],[[29507,34235],[-1,-30],[1,-209],[244,7],[108,9],[70,-3],[306,-2],[0,-80],[41,15],[44,32],[-1,-36],[30,-12],[0,81]],[[30698,33519],[0,-78],[-74,-2],[-224,-3],[1,-161],[-1,-180],[1,-142],[3,-1],[3,-160]],[[30415,31983],[-328,0]],[[28463,31970],[-5,579],[-6,832],[-1,268],[1,45],[-2,196],[-2,3],[-1,237]],[[28447,34130],[0,80]],[[10284,57417],[368,11],[398,4],[137,2]],[[11187,57434],[159,0],[104,-2],[224,4],[136,-2],[217,-1],[368,-3],[289,1]],[[12684,57431],[111,0]],[[12795,57431],[-2,-31],[-27,-38],[0,-64],[-17,-30],[-60,-21],[39,-76],[20,-4],[13,-26],[6,-44],[30,-61],[60,-78],[-13,-39],[1,-218],[46,0],[29,6],[2,-23],[-1,-217]],[[12921,56467],[-506,-1],[1,123],[-1,105],[-19,-5],[-37,4],[-39,-4],[-21,-16],[-40,4],[-73,-3],[-61,-16],[-1,-30],[-136,0],[21,-44],[9,-52],[-1,-63],[-188,0],[2,-47],[-23,-4],[26,-44],[0,-194],[11,-26],[45,-3],[184,-2],[46,9],[31,15],[-2,-209],[1,-73],[-2,-190],[-36,-15],[-4,-60],[-17,-33],[-33,2],[-19,-10],[-28,1],[-15,-62]],[[11996,55524],[-46,-114],[-45,-90],[-19,22],[-27,46],[-59,0],[-20,-17],[-14,-25],[-24,8],[-48,32],[-107,-2],[-8,10],[-42,-27],[-38,-48],[7,-15],[-225,-3],[-229,-6],[0,15],[-42,-3],[-80,0]],[[10930,55307],[-9,59],[-21,65],[-27,40],[-15,46],[-5,43],[-15,44],[-57,79],[-37,29],[-8,18],[-7,98],[-12,54],[10,62],[-3,29]],[[10724,55973],[36,7],[7,17],[-32,54],[-1,28],[8,49],[23,34],[11,44],[38,24],[25,-15],[11,-23],[-10,-18],[9,-24],[49,-4],[48,37],[33,-10],[16,-39],[-10,-27],[26,6],[44,1],[19,-9],[-8,-46],[9,-4],[45,24],[12,17],[31,12],[-17,46],[15,16],[-1,22],[-31,18],[-21,30],[13,33],[-19,27],[-29,-12],[-32,34],[-3,26],[-27,-18],[0,56],[11,26],[-6,17],[10,17],[41,10],[40,27],[-4,39],[-29,8],[-19,-5],[-18,-30],[-66,-1],[-46,8],[-19,11],[-28,4],[-29,-16],[-5,17],[-23,11],[8,34],[-26,37],[-15,59],[-47,110],[-37,76],[-45,51],[-29,39],[-21,66],[-12,14],[-36,18],[-39,48],[-50,41],[-22,65],[-33,61],[-30,39],[-37,41],[-31,46],[-35,43]],[[12921,56467],[209,2],[26,9],[62,-2],[1,-159]],[[13219,56317],[-43,-1],[-48,-7],[-50,3],[3,-402],[-93,1],[-152,-2],[10,-10],[4,-378],[3,-132]],[[12853,55389],[-185,3],[-354,-1],[-7,25],[-63,11],[-91,27],[-121,63],[-36,7]],[[10724,55973],[-17,98],[-2,29],[37,120],[8,48],[9,87],[3,60],[-1,63],[-13,72],[-37,63],[-27,30],[-109,0],[-46,7],[-55,26],[-32,30],[-32,90],[-8,70],[-8,40],[-17,39],[-52,45],[-65,36],[-85,59],[-121,67],[-43,4],[-54,18],[-54,11],[-104,48],[-130,96],[-64,31],[-63,23],[-24,12]],[[9518,57395],[194,6],[572,16]],[[12795,57431],[210,-2],[150,0],[0,15],[284,-2],[282,0],[340,1]],[[14061,57443],[288,7],[176,6]],[[14545,56260],[-35,20],[-39,16],[-10,33],[-17,8],[-195,-6],[-184,-4],[-123,3],[-246,-5],[-38,-7],[-59,6],[-158,-5],[-222,-2]],[[14550,54502],[-406,4],[-511,-6],[-204,0],[-122,2]],[[13307,54502],[3,210],[-6,29],[7,38],[0,40],[-152,5],[2,157],[-116,3],[2,181],[-4,19],[-70,2],[-3,40],[-117,3],[0,160]],[[13307,54502],[-154,1],[-306,8],[-238,2],[-376,-1],[-321,-9],[-153,-1]],[[10835,54487],[3,23],[-42,78],[-30,30],[-25,45],[-9,43],[6,80],[16,56],[28,64],[19,22],[19,55],[42,46],[19,34],[1,74],[44,87],[4,83]],[[29679,51140],[223,6]],[[29902,51146],[3,-80]],[[29905,51066],[-57,-2],[4,-53],[-52,0],[-23,-9],[-8,-20],[-59,-2]],[[29141,50727],[40,1]],[[29181,50728],[2,-80],[117,3]],[[29224,50409],[-92,-2]],[[29132,50407],[-3,0]],[[29129,50407],[15,68],[4,30],[-7,222]],[[29181,50728],[28,0],[-1,33],[23,22],[-1,26],[66,1]],[[29137,50887],[157,4]],[[29141,50727],[-4,160]],[[28830,50880],[119,3]],[[28949,50883],[188,4]],[[29141,50727],[-231,-5],[6,-241],[-78,-1]],[[28838,50480],[-8,400]],[[29129,50407],[-134,-3]],[[28840,50401],[-2,79]],[[30091,50401],[155,0]],[[30246,50401],[2,-160],[-139,0]],[[26265,56005],[0,-21],[-16,-48],[-26,10],[-28,-7],[-29,-35]],[[26166,55904],[-54,1],[-59,-16],[-107,2],[1,30],[-70,-4],[-9,-5]],[[25868,55912],[-1,90]],[[26535,56007],[6,-44],[0,-186]],[[26541,55777],[-32,-1],[-136,-12],[-147,-3],[-24,3]],[[26202,55764],[13,79],[-19,37],[-30,24]],[[28639,52474],[232,7]],[[28871,52481],[3,-81],[47,-51]],[[28921,52349],[-30,-30]],[[28891,52319],[-22,0],[-57,-52],[-49,-32],[-114,-81]],[[28649,52154],[-7,240]],[[28636,52596],[46,27],[80,53],[43,34],[58,30]],[[28863,52740],[153,94]],[[29016,52834],[5,-183],[-43,-8],[-112,-3],[5,-159]],[[30479,53121],[37,0],[0,-38]],[[30516,53083],[7,-80]],[[30481,53003],[-1,80],[-78,-2]],[[30402,53081],[-78,-2]],[[30324,53079],[0,38]],[[30960,52290],[52,0],[25,-13]],[[31037,52277],[0,-10],[29,-15],[25,-22],[24,-11]],[[31115,52219],[0,-6]],[[31115,52213],[-154,-3]],[[30672,53165],[39,1],[0,-20],[39,1],[-1,20],[39,0]],[[30789,53087],[-38,0]],[[30751,53087],[-39,-1]],[[30712,53086],[-39,-1]],[[30673,53085],[-1,80]],[[30196,53651],[77,37]],[[30266,53641],[-31,-3]],[[30235,53638],[-39,-1]],[[30196,53637],[0,14]],[[30980,53252],[1,-60]],[[30981,53192],[-39,-1],[1,-19]],[[30943,53172],[-23,-1]],[[27793,56797],[-28,34]],[[27364,56646],[-113,69],[-28,21]],[[27223,56736],[177,31]],[[26541,55777],[0,-81]],[[26541,55696],[-7,-80]],[[26186,55576],[-30,22],[-19,2]],[[26349,55479],[0,-121]],[[26349,55358],[-80,39],[-33,12],[-27,23],[-39,2],[-44,22],[-40,12]],[[26086,55468],[-14,31],[9,103]],[[26520,55531],[-10,-59],[-4,-56]],[[26506,55416],[-17,5],[-102,52]],[[26349,55358],[-5,-94],[-12,-25]],[[26001,55360],[1,122],[21,-1],[55,-21],[8,8]],[[30927,54032],[29,15]],[[30985,53959],[-29,-1],[-1,14],[-26,0]],[[30542,55806],[35,20],[84,7]],[[30661,55833],[13,-192]],[[30674,55641],[-75,-2]],[[30599,55639],[-6,34],[5,46],[-99,1]],[[30499,55720],[-18,64]],[[30439,38653],[296,3],[150,4]],[[14922,45832],[0,80]],[[14922,45912],[448,1],[292,0],[167,0],[293,-2],[173,0]],[[17218,45905],[0,-159],[-154,0],[0,-242],[-39,0],[0,-38],[14,-17],[-203,-220],[49,-11],[24,3],[45,-26],[20,15],[-5,-50]],[[16969,45160],[-40,-36],[-50,-109],[-78,-124]],[[16801,44891],[-53,-90],[-47,-92],[-21,-95],[3,-67],[-16,-48],[-37,-56],[-27,-64],[-24,-71],[-3,-28],[-23,-61],[-29,-47],[-12,-30],[-31,-36],[-14,-62],[-25,-59]],[[14921,43991],[0,320],[1,161],[0,321],[1,161],[0,442],[-1,436]],[[16969,45160],[17,19],[56,48],[23,38],[5,26],[50,63],[10,28],[22,39]],[[18714,45422],[390,3],[524,6],[-2,-11],[2,-227],[1,-607]],[[19629,44586],[-612,16],[-123,3],[-149,2],[-49,4],[-209,-10],[-693,-25]],[[17794,44576],[-309,-12],[-157,-9],[-103,-5],[0,122],[-72,-6],[-4,40],[-118,-8],[-110,-1],[-2,158],[-79,0],[-39,36]],[[19629,44586],[0,-217],[-3,-905]],[[19626,43464],[-382,7],[-516,7]],[[18728,43478],[-679,-20],[-314,-11],[-169,-7],[-315,-8]],[[17251,43432],[-12,43],[-11,7],[-2,29],[32,13],[0,25],[204,8],[10,4],[66,4],[4,34],[-38,-1],[-1,39],[-23,40],[-16,8],[-38,5],[-2,19],[35,38],[34,20],[230,106],[49,8],[56,-4],[13,27],[1,82],[17,29],[58,4],[-1,76],[-117,-2],[-5,342],[0,141]],[[17251,43432],[-279,-7],[-78,-5],[-155,-3],[-145,1],[-348,-4]],[[19262,58221],[54,-31],[-1,-61]],[[20402,15663],[92,1],[8,40],[72,1],[28,-17],[8,-15],[39,-48],[39,-24],[22,-48],[1,-26],[25,-26]],[[20736,15501],[0,-20],[18,-65],[-8,-17],[10,-15],[35,0],[14,-45],[-13,-9],[20,-20],[1,-48],[-11,-9],[4,-88],[-17,-20],[7,-18],[-21,-18],[-11,-28],[19,-29],[-7,-55],[13,-19],[24,-17],[16,-40],[17,-19],[24,-4],[24,-35],[11,-32],[22,-19],[-6,-14]],[[20921,14798],[-26,8]],[[20895,14806],[-40,7],[0,14],[-68,-7],[-1,14],[-34,-4],[-6,-8]],[[20746,14822],[-15,29],[-41,52],[-29,75],[-23,41],[-26,32],[-32,68],[0,28],[-30,33],[-94,146],[-14,42],[-21,39],[-19,11]],[[20402,15418],[0,245]],[[20607,14609],[111,0],[-1,51],[-20,0],[10,30]],[[20707,14690],[124,0],[-7,41],[-14,11],[-1,30],[32,0],[0,20],[21,12],[33,2]],[[20921,14798],[-23,-56],[16,-21],[48,-15],[14,-11],[2,-34],[25,-21],[-13,-14],[19,-40],[18,-3],[2,-79],[8,-10],[-13,-29],[32,-49],[46,-83],[29,-28]],[[21131,14305],[-24,-11],[-61,-9],[-3,-192],[-24,-1],[-14,-11],[-39,1],[-69,-23],[-28,-25],[-54,-4],[-66,-1],[-9,29],[-34,43]],[[20706,14101],[-85,52]],[[20621,14153],[-35,26],[-31,41],[-10,23],[-60,190],[82,38],[0,67],[39,1],[1,70]],[[20746,14822],[-46,-5],[-20,13],[0,-42]],[[20680,14788],[-73,-8],[4,-130],[-18,-1],[2,-40]],[[20595,14609],[-56,0],[-3,160],[1,65],[-5,19],[-65,-3],[0,134],[-39,47],[-57,43],[14,45],[15,66],[3,85],[-7,79],[6,69]],[[21219,16546],[-6,-324],[0,-160],[-2,-160],[-4,-485]],[[21207,15417],[-209,3],[1,24],[-6,94],[-84,2],[1,39],[-43,0],[-23,-11],[-10,-39],[-29,-28],[-69,0]],[[20402,15663],[-123,-3],[16,-26],[-22,-20],[-32,-16],[-39,-41],[-10,-19],[3,-22],[-19,-28],[-78,-64],[-34,-34],[-24,-2],[-23,-19],[-17,-30],[-8,-34],[-18,-20],[1,-30]],[[19975,15255],[-103,34],[-28,3],[-439,4],[-36,6],[-55,30],[-138,121],[-36,25],[-105,57],[-40,17],[-42,11],[-105,9]],[[18848,15572],[1,393],[7,557]],[[21207,15417],[149,-2],[141,1],[-28,-82],[183,-5],[-2,-492],[-37,0],[-3,-196],[-36,0],[-38,14],[-36,3],[0,-57],[-10,0],[-2,-131],[-35,3],[-146,-1],[-1,-73],[37,-15],[-1,-56]],[[21342,14328],[-136,0],[-35,-6],[-40,-17]],[[18831,13654],[5,408],[3,321],[1,158],[6,474]],[[18846,15015],[1,238],[1,319]],[[19975,15255],[2,-22],[-10,-29],[7,-14],[-9,-21],[38,-11],[17,-58],[17,4],[-1,-27],[-47,-4],[-26,-36],[9,-23],[-15,-42],[25,-18],[0,-59],[32,-26],[-5,-36],[17,-18],[-12,-20],[61,-36],[-9,-26],[32,-13],[-10,-20],[-22,-5],[-18,-40],[-11,-51],[12,-48],[-16,-13],[2,-28],[-17,-19],[33,-14],[-6,-15],[-21,3],[-23,-16],[27,-31],[-5,-28],[-12,-4],[34,-46],[13,-4],[-28,-33],[-55,-14],[-9,-22],[2,-30],[-9,-16],[160,2],[0,-80],[152,-3],[145,-1],[3,-40],[146,-4],[0,49],[56,4]],[[20706,14101],[10,-38],[-20,-42],[13,-28],[0,-24],[-10,-30],[9,-22],[-9,-21],[-3,-47],[-27,-14],[-17,-31],[0,-36],[-16,-28],[8,-19],[-12,-23],[18,-28],[0,-20],[23,-20],[-8,-21],[-33,-36],[-67,-33],[-19,-38],[5,-32],[-11,-47],[0,-26],[32,-45],[4,-69],[-15,-59],[14,-27],[-7,-22],[-1,-38],[-15,-34],[-8,-96],[-29,-41],[-53,-31],[-10,-32],[-44,-54],[-8,-50],[-8,-24],[-26,-41],[-30,-42]],[[20336,12692],[-290,-1]],[[20046,12691],[-363,-2],[-218,-5],[-366,-1],[-125,3]],[[18974,12686],[-161,3],[2,158],[5,249],[3,190],[8,368]],[[22402,16533],[-1,-322],[-2,-121],[1,-128],[-2,-234]],[[22398,15728],[-5,-327],[0,-325],[-7,-477],[-5,-4],[-5,-292]],[[22376,14303],[-128,2],[-49,6],[-120,27],[-93,7],[-81,15],[-54,-1],[-79,-16],[-157,-1],[-79,9],[-58,12],[-49,-8],[-45,-21],[-42,-6]],[[20595,14609],[12,0]],[[22376,14303],[-1,-168]],[[22375,14135],[-4,-166],[-5,-316],[-3,-402],[-2,-100],[-4,-461]],[[22357,12690],[-369,6],[-165,3],[-629,7],[-200,-5]],[[20994,12701],[-437,-8],[-221,-1]],[[20439,31778],[150,6]],[[20589,31784],[0,-69]],[[20589,31715],[2,-34],[-77,-3],[0,-11],[-36,-2],[1,-48]],[[20479,31617],[-20,0]],[[20589,31784],[76,5],[144,1],[160,6]],[[20969,31796],[2,-11]],[[20971,31785],[-54,-10],[-99,-35],[-25,-6],[-79,-28],[-4,17],[-35,-16],[-43,-9],[-4,19],[-39,-2]],[[25109,28023],[-111,-324],[3,-93]],[[25001,27606],[-30,0]],[[24971,27606],[-13,0],[0,36],[-18,4],[-119,1],[0,-93],[-46,0],[-119,-34]],[[24656,27520],[1,177],[2,155],[150,-2],[148,0],[0,175],[152,-2]],[[25109,28023],[140,5],[3,-24],[-4,-137],[263,1],[459,4],[38,3],[40,-12],[63,0]],[[26111,27863],[10,-47],[-7,-52],[-9,-10],[-1,-31],[-25,-10],[-9,-17],[-26,7],[-99,-70],[-5,-9]],[[25940,27624],[-95,1]],[[25845,27625],[-223,1],[-171,0],[-45,-2]],[[25406,27624],[-101,1],[-28,-4],[-72,-26],[-26,11],[-113,0]],[[25066,27606],[-65,0]],[[26111,27863],[-2,168],[186,-4],[334,-1],[3,-81],[0,-154],[56,8],[163,56],[0,-46],[33,1],[0,-32]],[[26884,27778],[-103,-79],[-17,7],[-160,0]],[[26604,27706],[-108,-2],[-15,-15],[1,-64]],[[26482,27625],[-224,-2],[-148,0]],[[26110,27623],[-170,1]],[[26482,27589],[21,8],[54,1],[0,27],[47,0]],[[26604,27625],[0,-42],[20,0],[1,-37],[44,0]],[[26669,27546],[-11,-44],[-101,1],[-17,-25],[-23,7],[-35,0],[0,104]],[[25406,27624],[4,-163],[-134,-31],[-62,-21],[-148,-56]],[[25066,27353],[0,253]],[[26482,27625],[0,-36]],[[26669,27546],[37,0],[28,-21],[46,-14],[0,35],[17,0],[-1,-30],[18,-11],[37,0],[0,-37],[21,-6]],[[26872,27462],[-21,-52],[4,-50],[-9,-23],[-35,-11],[-112,55],[-16,12],[-16,-6],[-1,-53],[-11,-27],[-31,-8],[-23,10],[-41,34],[-5,10],[-56,34],[-25,-2],[-42,6],[-14,-4],[-161,2],[-1,25],[-23,-3],[-12,17],[-19,0],[-39,-42],[-25,-4],[-5,35],[13,18],[1,151],[-37,0],[0,37]],[[20051,38733],[60,2]],[[20111,38735],[2,-79],[-6,-39]],[[20107,38617],[-11,-1]],[[20096,38616],[-42,-1]],[[20054,38615],[-3,118]],[[21543,38961],[184,0],[153,-2],[242,-1],[841,-7],[278,-5],[-1,-321],[144,-2],[387,5],[306,3],[233,3]],[[24305,37674],[-462,-5],[-446,-4],[-458,4],[-697,5]],[[22242,37674],[-358,3],[-64,-1],[-266,2]],[[21554,37678],[-4,361],[-5,602]],[[17861,39822],[66,3],[341,6],[125,5],[168,2],[209,7],[132,1],[39,2],[-4,162],[152,3],[111,7],[-3,139],[154,20],[222,7],[79,-1]],[[19664,39622],[8,-404]],[[19672,39218],[2,-86]],[[19674,39132],[-16,4],[-205,-1],[-230,-5],[2,-81],[-152,2],[3,-126],[-11,-1],[-65,20],[5,-299]],[[17884,38627],[-5,314],[-3,148],[-2,192],[-6,213],[-2,152],[-5,176]],[[20603,39303],[-151,-135]],[[20452,39168],[-61,-55]],[[20391,39113],[3,53],[20,32],[-66,15],[-211,-5]],[[20137,39208],[-41,6],[-223,5],[-23,-2],[-55,-14],[-56,12],[-67,3]],[[20189,31442],[15,69]],[[20204,31511],[92,1]],[[20296,31512],[16,0],[0,-47],[-14,-5],[4,-21],[38,-34]],[[20340,31405],[-1,-3]],[[20339,31402],[-27,7],[-34,37],[-35,-21],[-22,18],[-32,-1]],[[20222,31694],[73,1]],[[20295,31695],[49,1]],[[20344,31609],[-25,-13],[-55,-1]],[[20264,31595],[-6,20],[-36,-1]],[[20222,31614],[0,80]],[[21556,37299],[94,-52],[79,-28],[24,-16],[44,-40],[47,-8],[0,38],[20,2],[1,-120],[55,-2],[0,-91],[53,-35],[85,-87],[21,-26],[67,1],[1,101],[-7,18],[73,0],[13,79],[-6,25],[4,136],[27,0],[9,81],[1,168],[-1,147],[-19,4],[1,80]],[[24305,37674],[-2,-170],[-2,-282],[0,-340],[1,-175],[-1,-318]],[[24301,36389],[-152,-1],[-11,-7],[-454,2],[-101,-1],[-193,2]],[[23390,36384],[-235,4],[-104,0],[-279,2],[-295,1],[-449,3]],[[22028,36394],[-262,1],[-204,3]],[[21562,36398],[-3,241],[2,77],[-4,500]],[[21557,37216],[-1,83]],[[21482,41588],[457,6]],[[21939,41594],[351,7],[261,4],[449,6],[315,5],[4,-318]],[[23319,41298],[4,-229],[7,-407],[57,-2],[5,-353],[1,-241],[157,0],[142,4],[312,2],[153,3],[151,0]],[[24309,39594],[-477,-4],[-203,-4],[-234,-2],[-84,3],[-300,4],[-66,2],[-44,-5],[-36,4],[-383,5],[-443,2],[-310,3],[-190,1]],[[20016,38732],[15,36]],[[20031,38768],[18,38]],[[20049,38806],[27,33],[32,24]],[[20108,38863],[24,17]],[[20132,38880],[-1,-21],[7,-123]],[[20138,38736],[-27,-1]],[[20051,38733],[-35,-1]],[[20138,38736],[56,0]],[[20194,38736],[-1,-79],[-11,0],[1,-38]],[[20183,38619],[-37,-1]],[[20146,38618],[-39,-1]],[[21556,37299],[-2,379]],[[19992,38973],[14,-11],[39,0]],[[20045,38962],[0,-25],[61,2]],[[20106,38939],[2,-76]],[[20049,38806],[-4,98],[-22,-10],[-29,-1]],[[19994,38893],[-2,80]],[[4764,33489],[2,-325],[-1,-160],[2,-165],[-1,-157],[-3,-159],[-14,-148],[-4,-155],[-1,-324],[4,-309]],[[4748,31587],[3,-443],[-1,-115],[2,-11],[1,-395],[-128,1],[-237,-3],[-38,-1],[-202,-1],[-128,1],[-21,2]],[[3999,30622],[-3,11],[-1,417],[-36,73],[-10,61],[-33,28],[-34,49],[-37,7],[0,27],[-15,15],[-38,3],[-17,12],[-86,11],[-81,5],[-26,14],[-5,37],[-13,6],[-33,59],[-57,82],[-16,7],[-36,1],[-32,15],[-5,39],[0,112],[-25,11],[-19,-27],[-22,-9],[8,-15],[-6,-58],[-17,-20],[-26,1],[-6,15],[-39,8],[-22,19],[-15,37],[-134,0],[-147,-7],[2,162],[1,575],[0,150]],[[3999,30622],[-151,-2],[-160,3],[-141,-2],[-69,2],[-254,0],[-134,2],[-211,-4],[-186,-1],[-226,0],[-326,3],[-172,3]],[[30049,26601],[32,23],[35,15],[57,5],[49,15],[85,55],[35,28],[67,72],[110,122],[83,180],[19,26],[66,-120],[83,-200],[12,-51],[20,-2],[-119,-43],[-59,-8],[-19,-13],[18,-58],[3,-220],[-130,1],[29,-237],[-91,-3],[-5,32],[-26,64],[0,105],[-120,0],[-41,-4],[-1,137],[-74,-22],[-12,6],[-78,-29],[-6,18],[12,18],[6,28],[-22,53],[-18,7]],[[27873,26147],[142,1],[408,8],[6,43],[72,-50],[43,0],[17,-9],[12,-30],[330,136],[-1,81],[132,4],[17,12],[34,-15],[15,6],[176,7],[5,-222],[-75,-31],[-39,-7],[2,-14],[5,-194],[37,2],[7,-321],[8,-323],[-149,-7],[-223,1],[-72,-26],[-273,-5],[-326,-7],[-294,-8]],[[27889,25179],[-2,162],[-14,806]],[[29169,27617],[9,-398],[5,-86],[3,-154],[8,-320],[0,-50],[76,-46],[1,-62],[7,-31],[44,37],[15,-2],[47,-44],[37,-42],[3,-73],[77,4],[54,-28],[23,-6],[56,2],[48,-32],[-54,-27],[-276,-111],[2,-5],[7,-265],[3,-160],[5,-161],[6,-306],[1,-79],[7,-315],[-7,-16],[3,-220],[9,-14],[9,-350]],[[29397,24257],[-150,-6],[-309,-11],[-137,-3],[-248,-8],[-192,-4]],[[28361,24225],[-457,-11]],[[27904,24214],[-6,321],[-8,485],[-1,159]],[[27873,26147],[-3,320]],[[27870,26467],[-6,319],[-3,241],[-2,80],[-4,479],[131,1],[149,3],[148,2]],[[31695,27545],[2,-638],[-1,-483],[-2,-44],[0,-254],[-14,9],[-30,37],[-40,11],[-29,-11],[-28,-48],[-7,-48],[-15,-21],[-44,-23],[-38,-5],[-65,26],[-27,2],[-34,-12],[-52,-33],[-34,-39],[-21,-38],[-40,-92],[-31,-38],[-42,-82],[-53,-28],[-60,-12],[-8,-23],[5,-27],[12,-13],[40,-8],[44,19],[25,6],[44,-25],[15,-16],[5,-28],[-21,-37],[-70,-76],[-11,-49],[5,-40],[24,-29],[36,-9],[3,-32],[-30,-97],[3,-35],[54,-67],[28,-59],[18,-17],[39,23],[18,42],[36,24],[47,-2],[26,-31],[-4,-49],[-18,-22],[-31,-11],[-9,-14],[14,-48],[23,-167],[1,-61],[-8,-50],[-12,-30],[-63,-64],[-6,-16],[0,-38],[-23,-28],[-44,-32],[-47,-17],[-24,-23],[-17,-59],[-21,-16],[-42,-3],[-25,18],[-27,2],[-12,-23],[-2,-56],[5,-44],[9,-42],[-32,-17],[-47,-6],[-42,1],[-25,-6],[-26,-35],[-6,-43],[9,-16],[20,-8],[53,-6],[23,-12]],[[30921,24034],[-115,5],[-110,-1],[1,157],[-189,0],[-325,1],[-204,1],[8,75],[-335,-7],[-255,-8]],[[15130,41418],[191,-3]],[[15321,41415],[37,0],[-1,-80]],[[15357,41335],[-77,0],[0,-79]],[[15280,41256],[-153,3]],[[15127,41259],[3,159]],[[15357,41335],[0,-35],[38,-1],[0,14],[39,-1]],[[15434,41312],[-1,-50],[-13,-48],[15,-20]],[[15435,41194],[-156,3]],[[15279,41197],[1,59]],[[15279,41177],[0,20]],[[15435,41194],[-2,-18],[36,1]],[[15469,41177],[0,-32],[7,-18],[-19,-36]],[[15457,41091],[-27,28],[-152,0]],[[15278,41119],[1,58]],[[15434,41312],[1,101]],[[15623,41409],[7,-37],[0,-62],[16,-50],[9,-55]],[[15655,41205],[-116,50],[-17,-56],[-16,-25],[-37,3]],[[14829,41501],[159,1],[142,-3]],[[15130,41499],[0,-81]],[[15127,41259],[-56,1]],[[15071,41260],[1,43],[-8,28],[-19,29],[-23,21],[-41,15],[-85,12]],[[14896,41408],[-103,16]],[[14793,41424],[21,59],[15,18]],[[14829,41501],[21,43],[-3,44]],[[14847,41588],[15,12],[23,-9],[20,9],[26,46],[33,0],[11,16]],[[14975,41662],[158,-3]],[[15133,41659],[0,-86],[-3,-74]],[[14677,41807],[159,-65]],[[14836,41742],[23,-72],[0,-32],[-12,-50]],[[14793,41424],[-102,15]],[[14691,41439],[3,28],[-8,34],[-23,57],[0,24],[14,225]],[[29337,57264],[28,0],[14,-27],[53,25]],[[29432,57262],[10,-35],[23,-26],[16,-57],[92,-118],[34,-82]],[[29607,56944],[-122,0]],[[29485,56944],[-47,124],[-26,32],[-8,45],[-22,28],[6,11],[-50,1]],[[29338,57185],[-1,79]],[[28380,59824],[80,-1]],[[28460,59823],[0,-65],[7,-26],[104,-184],[-1,-40]],[[28570,59508],[-199,1]],[[28371,59509],[0,83],[9,232]],[[29197,59550],[5,104]],[[29202,59654],[130,0],[-12,-41],[-20,-42],[-6,-25],[7,-51],[65,0]],[[29366,59495],[-9,-78],[-84,-2]],[[29273,59415],[1,80],[-78,0]],[[9992,22698],[2,881],[117,0],[441,-3],[225,-1],[105,1]],[[10882,23576],[2,-320],[-1,-608],[-1,-286],[1,-67]],[[10883,22295],[-81,1]],[[10802,22296],[-100,0],[-2,-4],[-208,1],[-164,-1],[-128,1]],[[10200,22293],[-48,115],[-113,170],[-20,40],[-27,80]],[[8975,22299],[-1,-269],[1,-154],[-1,-52]],[[8974,21824],[-55,29],[-54,22],[-55,16],[-54,9],[-49,4],[-83,1],[-54,31],[-27,8],[-33,-6],[-54,11]],[[8456,21949],[-46,11],[-89,5],[-107,-7],[-48,-10],[-36,-12],[-66,-39],[-80,-69],[-40,-24],[-36,-7],[-32,6],[-49,20],[-38,24],[-68,68],[-81,123],[-26,37],[-64,80],[-44,74],[-28,88],[-19,89],[1,90],[18,64],[-5,70],[-20,68],[-33,52],[-57,56],[-9,19],[-6,35],[6,40],[14,23],[27,25],[22,48],[0,29],[-21,44],[-20,24],[-22,45],[-23,118]],[[9153,24218],[398,0],[-5,559],[223,-3],[75,-2],[146,6],[227,5],[222,-2],[-7,359],[71,0],[-1,41],[364,0]],[[10881,24057],[1,-481]],[[9992,22698],[-13,38]],[[9858,21852],[-8,-389]],[[9850,21463],[-64,5],[-85,-6],[-93,1],[-26,6],[-81,52],[-25,6],[-39,18],[-84,53],[-66,54],[-228,126],[-17,7],[-68,39]],[[19505,26584],[-74,7],[1,27],[-50,0],[0,-20],[-37,1],[-10,-16],[-28,-146]],[[19307,26437],[-99,5],[4,320],[147,-7],[148,-4],[-2,-167]],[[26884,27778],[187,132]],[[27071,27910],[20,-19],[31,-46],[0,-48],[-29,-15],[-16,-41],[-13,-63],[0,-31],[-14,-15],[-47,-8],[-6,-12],[3,-41],[-4,-32],[-18,-37],[-17,-22],[-11,-32],[-27,-25],[-20,0],[-14,29],[-17,10]],[[26604,27625],[0,81]],[[7159,26648],[1,36],[-14,91],[1,74],[-12,112],[6,73],[26,80],[8,53],[10,162],[23,71],[30,53],[69,146],[25,55],[11,74],[18,30],[6,40],[12,40],[31,73],[14,84],[-5,41]],[[7419,28036],[229,1],[114,-4],[209,-3],[698,-3]],[[8669,28027],[10,-18],[40,-42],[10,-25],[-1,-215],[13,-167],[0,-139],[17,-60],[14,-25],[56,-70]],[[8828,27266],[-60,1],[-26,-35],[-25,-11],[-27,-50],[-4,-32],[10,-32],[47,-51],[-1,-31],[-15,-7],[0,-19],[37,-26],[5,-22],[23,-16],[22,19]],[[8814,26954],[-22,-62],[-2,-304],[-3,-123]],[[8787,26465],[-21,-19],[-43,-17],[12,-28],[2,-34],[-13,-4],[-15,22],[-18,-25],[-20,3],[10,-56],[-24,-16],[-11,-22],[-38,-10],[-23,-14],[-38,-12],[-45,4],[-59,0],[-28,25],[-41,-18],[-15,12],[-27,-10],[-38,-25],[-9,-14],[-32,-10],[-38,17],[-33,-3],[-37,29],[-31,-7],[6,-26],[0,-143],[28,-1],[1,-127],[28,-26],[8,-23],[0,-272],[-18,-14],[-20,-1],[0,-73],[-9,-28],[12,-20],[35,-2],[0,-279],[387,-10],[275,-7],[-1,-78],[17,-79]],[[8863,25024],[23,-106],[28,-69],[24,-146],[7,-17],[40,-65],[27,-52],[65,-186],[16,-38],[60,-127]],[[7240,23595],[-13,59],[-48,113],[-26,99],[-4,65],[3,62],[11,98],[9,49],[31,69],[70,77],[11,37],[5,41],[31,62],[18,59],[1,28],[-13,69],[-2,28],[7,49],[-1,42],[-25,114],[-14,72],[-1,52],[-5,38],[-25,39],[-29,34],[-22,44],[-18,64],[3,45],[16,63],[8,111],[32,85],[-1,57],[-9,34],[-38,88],[-23,82],[-7,62],[-6,84],[-9,64],[-22,79],[-23,127],[-6,67],[-15,109],[1,35],[16,81],[-7,47],[6,23],[24,40],[10,30],[18,77]],[[8828,27266],[74,-1],[19,40],[20,0],[25,-38],[-2,-20],[-33,-118],[-8,-44],[5,-30],[-9,-55],[-11,-16],[-1,-76],[-60,-4],[-21,15],[-12,35]],[[8669,28027],[338,-2],[327,-2],[257,-3],[51,1]],[[10821,28020],[1,-189],[2,-221],[4,-223],[4,-277],[4,-206],[10,-796],[9,0]],[[8863,25024],[110,-2],[6,14],[25,11],[31,30],[54,17],[37,-8],[15,12],[182,0],[104,-2],[4,-4],[71,-1],[40,15],[-3,216],[-7,462],[-1,181],[11,13],[88,-1],[10,13],[-1,58],[11,8],[51,0],[11,11],[0,22],[20,10],[191,0],[288,4],[-1,15],[-3,272],[-66,9],[-44,-13],[-70,21],[-30,32],[1,46],[-13,7],[-30,-4],[-24,6],[-41,-2],[-12,-16],[-41,-11],[-27,4],[-19,24],[-1,63],[32,47],[-18,33],[-53,18],[-20,-24],[-24,-3],[-49,7],[-40,37],[-21,12],[-48,15],[-33,26],[-15,3],[-43,43],[-10,-21],[-24,-4],[-14,28],[0,24],[-17,0],[-16,-45],[-16,-13],[21,-18],[-9,-12],[-20,4],[-15,-17],[23,-8],[7,-15],[-29,-8],[1,-15],[-21,-27],[-10,2],[-14,-34],[-23,-12],[-5,-18],[-25,-5],[-28,-37],[-27,15],[-13,-19],[-22,-4],[-16,-18],[-12,14],[26,13],[17,19],[8,40],[-16,6],[-42,-32],[-38,8],[11,18],[-39,15],[-18,-28],[-12,9],[-31,-6],[5,-35],[-21,2],[-16,-22],[-25,29],[-13,-21],[-4,-26],[-28,-6],[-58,-25],[-5,20],[-38,-20]],[[8989,27526],[38,-1],[-29,-60],[71,-4],[83,-1],[3,32],[35,2],[3,127],[111,-1],[1,243],[-235,1],[-80,3],[-1,-341]],[[20031,38768],[-16,3],[-23,-40],[-73,0],[-1,67]],[[19918,38798],[-2,95],[78,0]],[[19648,38646],[3,4],[-2,84],[33,1],[-5,232]],[[19677,38967],[42,4],[85,2],[188,0]],[[19918,38798],[-58,0],[0,-26],[-17,-12],[-2,-21],[36,-77],[-27,-57],[-73,14]],[[19777,38619],[-95,21]],[[26007,30741],[111,0],[0,40],[246,-1],[14,-2],[12,-37],[56,-6],[40,-14],[2,-21],[75,-1],[2,119],[149,1],[0,-39],[37,-3],[-1,-87],[19,2],[57,-7],[33,0],[2,34],[36,1],[3,32],[110,0],[1,252],[-18,1],[-1,275],[37,6],[1,41],[-38,2],[-1,320],[150,0],[0,162],[-151,2],[-1,162]],[[26989,31975],[202,-1],[700,-8],[293,2],[279,2]],[[28234,29841],[-411,-8],[-66,-4],[0,-36],[-181,-3],[-111,-1],[-1,-159],[-4,-156],[-147,-4],[-149,-2],[-75,1],[-234,-1],[-444,2],[-147,-1],[-264,2]],[[26000,29471],[2,403],[4,528],[1,339]],[[24199,31004],[87,0],[0,425],[1,534]],[[24287,31963],[465,1],[133,0],[305,3],[221,-2],[225,-1]],[[25636,31964],[1,-169],[-151,1],[3,-330],[0,-306]],[[25489,31160],[-151,1],[0,39],[-186,3],[-12,14],[3,-118],[-12,-41],[-2,-56],[-29,0],[0,-52],[-17,-33],[-25,-127],[-18,-64],[-10,-59],[92,2],[145,-2],[-1,-160],[-145,1],[-3,-403],[-74,0],[-2,-160],[38,0],[-1,-161],[38,1],[0,-160],[46,0],[1,-124],[-2,-36]],[[25162,29465],[-47,-1],[-526,1],[-225,0],[-156,-2]],[[25640,31162],[0,156],[150,1],[-1,-66],[-11,-13],[-69,0],[14,-32],[18,-17],[48,-30],[71,0],[1,-116],[41,-3],[0,-41],[-40,-2],[1,-151],[-7,-45]],[[25856,30803],[2,34],[-45,0],[-27,11],[-75,0],[-12,3],[-28,34],[-45,16],[13,115],[1,146]],[[25489,31160],[151,2]],[[25856,30803],[-15,-30],[-26,-33],[192,1]],[[26000,29471],[-223,-2],[-222,-4],[-89,0]],[[25466,29465],[-304,0]],[[25636,31964],[111,0]],[[25747,31964],[338,-1]],[[26085,31963],[604,9],[300,3]],[[30218,54474],[1,-35]],[[30817,54571],[25,0]],[[30842,54571],[6,-40]],[[29916,53953],[45,1]],[[29961,53954],[2,-82]],[[29918,53872],[-2,81]],[[30328,52919],[77,2]],[[30406,52861],[-77,-2]],[[30329,52859],[-1,60]],[[30407,52841],[-78,-2]],[[30329,52839],[0,20]],[[30727,52327],[53,2],[-11,-42],[27,14],[9,-14]],[[30805,52287],[1,-80]],[[30806,52207],[-77,-1]],[[30036,53795],[2,-80]],[[30010,53714],[-49,0]],[[29961,53714],[-2,79]],[[29883,53713],[-2,79]],[[28296,56834],[19,31],[24,1],[42,-11]],[[28381,56855],[-6,-47],[17,-15]],[[28392,56793],[-96,1]],[[27985,56633],[12,9],[85,0],[40,-6]],[[28122,56636],[0,-131]],[[28122,56505],[-137,128]],[[27580,56613],[38,-14]],[[27618,56599],[0,-113]],[[27464,56580],[0,4]],[[27470,56116],[84,0],[23,15],[9,29],[31,14]],[[27617,56019],[-105,47],[-50,20]],[[27462,56086],[8,30]],[[27137,55797],[38,4]],[[27204,55803],[50,-14],[0,-29],[-25,-2],[-2,-35],[-72,-3]],[[27155,55720],[-18,3],[0,74]],[[30920,53171],[1,-80]],[[30921,53091],[2,-80]],[[30923,53011],[-54,-2]],[[30861,53489],[2,1]],[[30863,53490],[-1,-81]],[[30862,53409],[-1,-80]],[[30861,53329],[-28,0]],[[20132,38880],[29,24]],[[20161,38904],[60,-5]],[[20221,38899],[-5,-52],[1,-70],[10,0]],[[20227,38777],[0,-40],[-33,-1]],[[20221,38899],[97,1],[1,-19],[20,-37],[5,-29]],[[20344,38815],[-16,-36],[-101,-2]],[[31229,53373],[54,-115]],[[31283,53258],[-124,-2]],[[31159,53256],[-23,-1]],[[31136,53255],[-39,0]],[[31097,53255],[1,72]],[[30921,53091],[23,0]],[[30944,53091],[75,2]],[[31019,53093],[42,1]],[[31061,53094],[38,1]],[[31099,53095],[1,-20]],[[31100,53075],[0,-20]],[[31100,53055],[-116,-3],[-39,-3],[1,-38]],[[30946,53011],[-23,0]],[[30923,53011],[3,-126]],[[30910,52850],[-78,-2],[0,10]],[[31059,53194],[39,1]],[[31098,53195],[0,-20]],[[31098,53175],[1,-80]],[[31061,53094],[-1,40]],[[31060,53134],[-1,60]],[[20161,38904],[22,20]],[[20183,38924],[207,185],[1,4]],[[20452,39168],[2,-188]],[[20454,38980],[13,-45],[1,-73],[24,-33],[1,-14]],[[20493,38815],[-114,0]],[[20379,38815],[-35,0]],[[20382,38657],[76,1]],[[20611,38658],[3,-167]],[[20614,38491],[-18,6],[-137,-6],[-75,4]],[[20384,38495],[-2,162]],[[27161,50129],[76,3]],[[27237,50132],[4,-118]],[[27241,50014],[-77,-2]],[[27161,50109],[0,20]],[[27241,50014],[31,1]],[[27272,50015],[-6,-31]],[[27266,49984],[-9,-48],[-18,-34]],[[27239,49902],[-51,14],[-59,-11]],[[27129,49905],[37,44],[-2,63]],[[26461,50011],[57,113],[14,48]],[[26688,50174],[5,-159],[153,3]],[[26848,49938],[-189,-4],[-41,-8],[-2,88],[-155,-3]],[[26461,50011],[-76,-1]],[[26461,50011],[-57,-114],[-14,-47]],[[25946,49842],[-2,86]],[[27387,50337],[91,-93],[51,-37]],[[27529,50207],[-5,-8],[-40,4],[-15,-12],[-2,-30],[-38,-2]],[[28029,49994],[73,-16],[102,-47],[29,-4]],[[28233,49927],[52,-19],[-10,-21],[-11,-60]],[[28264,49827],[-180,-4],[1,81],[-154,-5],[-1,29]],[[28264,49827],[20,1],[142,-67],[33,-8],[90,-1]],[[28711,49439],[-447,-10]],[[28264,49429],[20,80],[2,21],[-5,180],[-16,91],[-1,26]],[[28234,49933],[21,2],[131,28],[82,0]],[[28233,49927],[1,6]],[[25484,55591],[-1,114]],[[25145,56960],[264,-2]],[[25409,56958],[2,-178],[3,-84],[15,-15],[22,-56],[2,-102]],[[25144,56817],[1,143]],[[30802,54678],[24,14],[76,24]],[[30902,54716],[31,-80]],[[30933,54636],[-53,0],[-45,-26],[-14,-1]],[[30669,55208],[39,-4],[47,1]],[[30755,55205],[4,-20]],[[30759,55185],[-89,-2]],[[30670,55183],[-1,25]],[[30750,55231],[5,-26]],[[30669,55208],[0,20]],[[30694,55068],[11,20]],[[30705,55088],[56,6]],[[30761,55094],[26,-67]],[[30787,55027],[-45,-18],[-29,-1]],[[30713,55008],[-6,0]],[[30671,55158],[90,2]],[[30761,55160],[0,-24]],[[30761,55136],[-51,1],[-11,-9]],[[30671,55128],[0,30]],[[31041,54296],[-65,-81],[39,-45]],[[31004,54169],[-46,0]],[[30925,54186],[-3,26]],[[30842,54571],[52,3]],[[20379,38815],[3,-158]],[[20382,38657],[-136,1],[-20,-37],[-43,-2]],[[19965,38613],[23,37],[28,82]],[[20054,38615],[-50,-1]],[[20004,38614],[-39,-1]],[[19777,38619],[-2,-62],[-17,-97],[-1,-45]],[[19757,38415],[8,-27],[44,-113],[12,-35],[12,-63],[19,-45]],[[19913,38492],[52,121]],[[20004,38614],[4,-36],[2,-83]],[[19954,38493],[-41,-1]],[[20096,38616],[2,-118]],[[20146,38618],[2,-55],[52,2],[1,-19],[-21,-1],[1,-45]],[[30221,54359],[-57,-1]],[[30294,54561],[1,-40]],[[30295,54521],[-78,-2]],[[30217,54519],[0,35]],[[30295,54521],[-1,-61]],[[30294,54460],[-56,-1],[-20,15]],[[30294,54460],[0,-20]],[[30441,55003],[43,1]],[[30491,54924],[-48,-1]],[[29961,53954],[72,1]],[[30033,53955],[2,-80]],[[29838,53952],[78,1]],[[28595,55680],[58,3]],[[28653,55683],[37,2],[0,-80],[131,7]],[[28821,55612],[16,-80]],[[28837,55532],[-30,-1]],[[28807,55531],[-211,-12]],[[28596,55519],[0,83]],[[28596,55602],[-1,78]],[[28592,55995],[6,0]],[[28598,55995],[158,-1]],[[28756,55994],[1,-117],[3,-16]],[[28760,55861],[-80,-3],[-16,-35],[-70,-19]],[[28594,55804],[-1,28]],[[28593,55832],[-1,163]],[[28701,56393],[152,-3],[4,7]],[[28857,56397],[1,-170]],[[28858,56227],[-32,3]],[[28826,56230],[9,82],[-51,0],[0,33],[-83,-5],[0,53]],[[28701,56471],[82,-5],[-3,-21],[37,-8],[-1,-18],[42,4]],[[28858,56423],[-1,-26]],[[28701,56393],[0,78]],[[27602,55493],[0,-48],[-21,-15],[-40,-4],[-8,24],[-17,13],[-31,5]],[[27716,55304],[221,4],[4,-121]],[[27941,55187],[-96,-2],[-128,1]],[[27717,55186],[-1,0]],[[27716,55186],[0,118]],[[27312,53700],[0,20],[25,1]],[[27337,53721],[21,0]],[[27358,53721],[0,-69],[-8,-18],[0,-192]],[[27350,53442],[-60,-3],[-2,50],[-11,29],[15,40],[-68,-2]],[[27224,53556],[10,22],[0,76],[58,2],[0,22],[20,0],[0,22]],[[28056,53977],[52,6]],[[28108,53983],[77,25],[8,-31],[1,-81]],[[28194,53896],[-19,-6],[3,-74]],[[28132,54056],[79,3]],[[28211,54059],[43,2]],[[28254,54061],[18,-10],[17,-38]],[[28289,54013],[-9,-21],[19,-41],[-8,-11],[0,-39]],[[28291,53901],[-97,-5]],[[28108,53983],[-1,49],[26,-3],[-1,27]],[[28254,54061],[84,1]],[[28338,54062],[96,-84]],[[28434,53978],[0,-33]],[[28434,53945],[-37,1],[1,-20],[-78,-4],[-1,40],[-18,-1],[-12,52]],[[19649,3949],[3,-147],[-2,-246],[34,11],[43,20],[34,26],[63,73],[35,37],[21,6],[25,-2],[16,11],[56,8],[34,-19],[60,4],[55,-25],[43,-25],[46,-18],[39,-4],[35,-30],[6,-35],[35,14],[28,-13],[42,21],[12,20],[33,12],[18,18],[17,-8],[27,8],[17,-14],[15,8],[34,-6]],[[20573,3654],[-1,-137],[4,-453],[-2,-28],[6,-222]],[[20580,2814],[-29,11],[-43,7],[28,-33],[-68,-8],[-100,7],[-35,10],[-55,5],[-57,39],[-56,-8],[-49,-11],[-118,-41],[-97,-87],[-35,-13],[-73,-44],[-25,-2],[-29,-32],[-26,-39],[-32,-17],[-93,-106],[-32,-41],[-117,-119],[-71,-81],[-56,-72],[-18,-41],[-27,-49],[-23,-69],[-8,-47],[-19,-64],[-24,-47],[-10,-38],[-49,-105],[-26,-25],[-22,-31],[-29,-34],[-26,-42],[-27,-29],[-136,-104],[-36,-1],[-12,-15],[-13,-42],[19,-27],[-26,-8],[-34,-31],[-93,-139],[-37,-74]],[[18504,1217],[5,257],[5,52],[8,37],[87,303],[23,70],[62,156],[14,55],[36,261],[4,75],[4,430],[20,-8],[51,-2],[26,7],[33,30],[2,41],[169,-6],[18,92],[25,52],[14,51],[29,51],[2,34],[-20,102],[-9,28],[-34,44],[-14,40],[4,153],[220,-7],[3,162],[-3,208]],[[26660,55463],[28,50]],[[26688,55513],[6,21],[-6,23],[7,18],[-1,42],[121,2]],[[26815,55619],[-1,-79]],[[26814,55540],[0,-95]],[[29410,52365],[1,-30]],[[29411,52335],[-77,-2]],[[29334,52333],[-79,-2]],[[29255,52331],[-3,130]],[[29252,52461],[29,11],[0,-20],[78,2],[10,-40],[1,-27],[20,-20],[20,-2]],[[31099,53095],[39,0]],[[31138,53095],[39,1]],[[31177,53096],[0,-16]],[[31177,53080],[-37,0]],[[31140,53080],[-40,-5]],[[30946,53011],[1,-80],[39,1]],[[30986,52932],[39,1]],[[31025,52933],[0,-20]],[[31025,52913],[-77,-2],[0,-25]],[[31019,53253],[19,0]],[[31038,53253],[59,2]],[[31097,53255],[1,-60]],[[31059,53194],[-41,-1]],[[31018,53193],[-1,60]],[[31101,53015],[39,0]],[[31140,53015],[38,1]],[[31178,53016],[2,-100]],[[31180,52916],[-39,-1]],[[31141,52915],[-39,0]],[[31102,52915],[-1,100]],[[28434,53945],[4,-98],[12,-25]],[[28450,53822],[-63,-21],[-29,-19]],[[28358,53782],[-17,23],[-11,30],[-4,41],[-16,18]],[[28310,53894],[-19,7]],[[31147,52855],[34,1]],[[31181,52856],[37,0]],[[31143,52775],[4,80]],[[31172,52536],[14,0],[5,40],[14,20]],[[31263,52537],[2,-160]],[[31265,52377],[-77,-2]],[[28999,50243],[3,-93],[33,-49],[-12,-19],[-31,-14],[-75,-9],[-69,7]],[[26993,50661],[321,11],[-17,-44],[-26,-117],[-121,-4]],[[26996,50581],[-3,80]],[[26051,34569],[93,1]],[[26144,34530],[-102,-1]],[[26042,34529],[9,40]],[[26144,34530],[0,-40]],[[26144,34490],[-52,-1]],[[26092,34489],[-55,0]],[[26037,34489],[5,40]],[[26032,34449],[2,16]],[[26034,34465],[3,24]],[[26092,34489],[-1,-54]],[[26091,34435],[-45,0],[-14,14]],[[26144,34490],[0,-40]],[[26144,34450],[-36,-1],[-17,-14]],[[26299,34211],[151,1]],[[26450,34212],[225,2],[3,-160],[74,0],[3,-80],[224,1]],[[26979,33975],[1,-80]],[[26980,33895],[-369,-2],[-92,-1],[-218,-1]],[[26301,33891],[-2,320]],[[26297,34371],[38,1]],[[26335,34372],[113,0]],[[26448,34372],[2,-160]],[[26299,34211],[-2,160]],[[28018,54137],[1,88]],[[28019,54225],[91,3]],[[28110,54228],[-2,-104],[24,4],[0,-72]],[[28016,54057],[2,80]],[[27704,54033],[39,-18],[-1,28],[23,10],[56,-3],[1,23]],[[27822,54073],[77,-9],[-1,-14]],[[27704,53886],[-6,11],[7,29],[-1,107]],[[29155,50247],[155,3],[4,-161],[154,4]],[[29468,50003],[-35,0],[-40,9]],[[29393,50012],[-152,-5],[-47,21],[-33,3]],[[29161,50031],[-6,216]],[[28445,54238],[127,3]],[[28572,54241],[28,3]],[[28600,54244],[-2,-261]],[[28598,53983],[-77,8],[0,96]],[[28521,54087],[1,68],[19,-3],[0,31],[-68,-1],[0,15],[-29,-4],[1,45]],[[28214,54230],[0,2]],[[28214,54232],[136,3]],[[28350,54235],[1,-72],[6,-18],[0,-39],[48,2],[0,-45]],[[28405,54063],[-67,-1]],[[28211,54059],[3,171]],[[27812,59988],[-32,-65],[-2,-173],[-49,-2]],[[27729,59748],[-33,30]],[[27696,59778],[-48,48],[-17,6],[-71,0]],[[27560,59832],[-12,36],[8,70],[7,14],[69,1],[31,30],[25,12],[39,-3],[37,11],[20,0],[28,-15]],[[27812,59988],[42,-33],[16,-5],[66,-1]],[[27936,59949],[-1,-119]],[[27935,59830],[-2,-321]],[[27933,59509],[-42,44],[-58,49],[-9,13],[-39,79],[-56,54]],[[27233,59830],[20,3],[131,0]],[[27384,59833],[35,-54],[24,-135]],[[27443,59644],[22,-133]],[[27465,59511],[-116,0]],[[27349,59511],[-116,2]],[[27233,59513],[0,317]],[[26970,60111],[35,0],[-1,40],[236,1]],[[27240,60152],[228,1]],[[27468,60153],[-1,-155],[24,-46],[15,-41],[0,-78]],[[27506,59833],[-122,0]],[[27233,59830],[-15,3],[-237,0],[21,61],[-41,-4],[-110,2]],[[26851,59892],[-1,84],[12,15],[76,-1],[59,67],[-27,54]],[[27506,59833],[54,-1]],[[27696,59778],[-25,-39],[-1,-69],[-56,0],[-11,-26],[-160,0]],[[18695,48285],[274,7]],[[18969,48292],[2,-259],[19,0],[-2,-64],[10,-10],[0,-50]],[[18998,47909],[0,-29],[-140,-2],[-31,8],[-127,-2]],[[18700,47884],[-5,401]],[[12167,18907],[99,0],[-18,-41],[103,2],[0,-50],[-24,0],[3,-73],[-71,-41],[-26,-39]],[[12233,18665],[-25,22],[-18,-7],[-11,29],[-1,27],[-11,4],[0,43]],[[12167,18783],[-1,45],[6,35],[-5,44]],[[10757,21158],[33,14],[7,37]],[[10797,21209],[38,10],[53,-3],[0,-12]],[[10888,21204],[-6,-55],[0,-82],[-21,2]],[[10861,21069],[-62,3],[-82,-2]],[[10717,21070],[26,11],[15,37],[-1,40]],[[12074,18640],[0,55]],[[12074,18695],[42,-2],[0,59],[8,32],[43,-1]],[[12233,18665],[-48,-87]],[[12185,18578],[-24,26],[-29,-17],[-56,-3],[4,44],[-6,12]],[[14904,39830],[3,0]],[[14907,39830],[-5,-30],[0,-75],[41,1],[-3,-37],[1,-79]],[[14941,39610],[-75,0],[-2,69],[-5,2],[20,80],[25,69]],[[14834,39528],[145,2]],[[14979,39530],[1,-51]],[[14980,39479],[0,-112]],[[14980,39367],[-141,0]],[[14839,39367],[-2,131],[-3,30]],[[14630,39379],[137,147]],[[14767,39526],[67,2]],[[14839,39367],[-107,1],[-7,3],[-62,-83]],[[14663,39288],[-33,91]],[[11572,21215],[18,-4],[133,6]],[[11723,21217],[4,-327],[6,-302]],[[11733,20588],[-40,32],[-220,145],[-22,10]],[[11451,20775],[-19,19],[0,13],[37,-2],[0,21]],[[10612,21439],[8,8],[98,-36]],[[10718,21411],[9,-31],[0,-39],[-14,-3],[7,-41],[51,27],[29,1],[1,-82],[-4,-34]],[[10757,21158],[-19,2],[-29,50],[-79,0]],[[10630,21210],[0,19],[-41,-14]],[[10589,21215],[-1,136],[12,38],[0,34],[12,16]],[[10518,21454],[-2,-9],[89,2],[7,-8]],[[10589,21215],[-5,-54],[-27,3]],[[10557,21164],[-26,32],[-23,42],[-23,55],[-2,32],[-47,-1]],[[10436,21324],[-9,0],[-4,42],[4,77],[57,3]],[[10379,21170],[46,58],[-20,41],[0,16],[31,9],[0,30]],[[10557,21164],[-5,-47],[7,-20],[-2,-57]],[[10557,21040],[-27,13],[-39,5],[-19,10],[-93,102]],[[10717,21070],[-35,-1],[15,57],[-45,15],[-28,-4],[6,73]],[[22308,4030],[1,52],[1,426],[-1,111]],[[22309,4619],[84,-37],[101,-26],[85,-7],[48,-16],[27,-23],[20,-6],[71,-3],[51,2],[134,-1],[116,1],[399,-5],[31,-9],[34,-29],[55,-36],[94,-81],[18,-6],[290,10],[60,22],[21,4],[30,-6],[3,39],[25,-5],[31,-32]],[[24137,4369],[-12,-46],[-1,-108],[-16,-73],[0,-22],[-21,-67],[-26,-48],[-15,-52],[-10,-16],[-38,-81],[-21,-52],[-10,-39],[-22,-58],[-29,-53],[-29,-68],[-17,-58],[-11,-80],[13,-19],[10,-43],[16,-15],[10,-22],[6,-47],[14,-35],[3,-25],[18,-18],[-41,-16],[-12,-10],[34,-18],[37,-51],[51,-53],[37,-27],[28,-34],[24,-44],[29,-94],[24,-56],[35,-56],[19,-25],[110,-77],[22,-31],[37,-39],[16,-29],[32,-96],[2,-27],[36,-120],[10,-13],[28,-129],[9,-21],[3,-45],[24,-40],[15,-14],[22,-39],[5,-37],[-13,-30],[-18,-79],[-32,-94],[-16,-62],[-30,-68],[-36,-94],[-4,-31],[22,-5],[-9,-40],[-20,-45],[-12,-13],[10,-26],[-1,-23],[-13,-35],[-24,-49],[-51,-74],[-22,-52],[-34,-32],[-52,-20],[-43,-24],[-38,-8],[-21,-12],[-66,8]],[[24062,1075],[3,28],[-2,388],[0,137],[1,175],[-1,276],[-153,159],[-154,163],[-293,323],[-294,328],[-142,161],[-144,171],[-36,41]],[[22847,3425],[-109,124],[-140,167],[-219,238],[-71,76]],[[22326,6909],[138,-1],[151,3],[289,0],[295,2],[332,-1],[340,4],[181,1],[268,4],[86,0],[275,-6]],[[24681,6915],[0,-102],[-7,-349],[-3,-365],[1,-209],[-2,-216],[-4,-226],[-1,-146],[-6,-319]],[[24659,4983],[-49,-27],[-29,-11],[-76,-21],[-61,-32],[-57,-34],[-39,-28],[-100,-110],[-19,-27],[-41,-73],[-15,-40],[-6,-77],[-30,-134]],[[22309,4619],[1,209],[-1,209],[4,288],[4,457],[0,169],[5,481],[0,161],[4,316]],[[25914,34529],[1,-159]],[[25915,34370],[-150,1]],[[17657,28371],[1,-93],[-56,-53]],[[17602,28225],[-28,-7],[-71,1],[-28,10],[-17,21],[-7,47],[-36,2]],[[17415,28299],[-1,39],[6,25],[27,15],[154,-1],[56,-6]],[[19505,26584],[-1,-154],[-197,7]],[[28427,35769],[-406,-6],[-283,0],[-581,-4],[-189,0]],[[26968,35759],[-235,-2],[-611,-5]],[[26122,35752],[-3,423],[-3,215],[-2,50],[-2,177],[-1,419],[-2,198],[-3,447]],[[26609,36398],[29,3],[164,1],[3,-3],[147,2],[81,2],[0,70]],[[27033,36473],[-2,248]],[[26515,36797],[-13,-65],[3,-336],[104,2]],[[26154,34849],[105,1]],[[26259,34850],[14,-16],[7,-40],[12,-17]],[[26292,34777],[4,-27],[-5,-58],[21,0],[2,-122]],[[26144,34570],[-1,120],[28,1],[1,14],[-29,7],[0,18],[-42,0]],[[26122,35752],[-371,-3],[-485,-3]],[[25266,35746],[-159,-1],[-109,1]],[[24998,35746],[-130,0],[-343,-1],[-226,0]],[[24299,35745],[1,232],[1,412]],[[24998,35746],[-6,-19],[13,-14],[-4,-19],[-55,11],[-11,-10],[8,-49],[12,-9],[-6,-43],[-60,-42],[12,-34],[-22,-29],[-19,-5],[-10,19],[-16,-21],[20,-11],[2,-30],[-8,-19],[-39,-30],[-22,10],[-18,-17],[-8,-32],[25,-36],[-6,-29],[-22,-14],[-26,5],[-27,-6],[-21,4],[-17,24],[10,32],[-11,9],[-26,-9],[-14,8],[-15,29],[-24,-17],[-17,-40],[-51,23],[-4,-37],[-26,-26],[-18,0],[2,-29],[-15,2],[-23,-21],[-12,-21],[-7,-37],[3,-22],[36,-60],[-29,-38],[-40,-23],[-15,24],[-50,1],[-29,-16],[6,-46],[12,-15],[-6,-59],[-26,8]],[[24278,34921],[-2,824],[23,0]],[[26980,33895],[343,-3],[8,2],[357,-5],[201,-2],[1,302],[118,-58],[35,-5],[404,4]],[[26085,31963],[-4,480],[-5,481],[756,10],[153,1],[-1,368],[-4,592]],[[8203,49889],[79,4],[33,9],[62,7]],[[8377,49909],[0,-130]],[[8377,49779],[-2,-119]],[[8375,49660],[-128,3],[-22,3]],[[8225,49666],[0,156],[-22,67]],[[30133,50736],[101,107],[-12,26],[-1,23]],[[30221,50892],[48,-14],[61,3],[221,1]],[[30551,50882],[1,-42]],[[30552,50840],[0,-119]],[[30552,50721],[-77,1],[0,-39],[-28,-1],[-1,40],[-48,-1]],[[30398,50721],[-223,-1],[-42,16]],[[8064,49864],[16,-65],[-7,-26],[-1,-83]],[[8072,49690],[-48,-19]],[[8024,49671],[-10,24],[5,24],[-2,58],[-31,66]],[[7986,49843],[39,20],[39,1]],[[7908,49815],[15,-3],[63,31]],[[8024,49671],[-36,-12],[-31,0]],[[7957,49659],[0,40],[-52,0]],[[7905,49699],[3,116]],[[8072,49690],[85,-8],[68,-16]],[[8225,49666],[0,-77],[30,-90],[2,-33]],[[8257,49466],[-69,8],[-49,12],[-27,12]],[[8112,49498],[-40,21],[-63,12]],[[8009,49531],[-36,44],[-17,35],[1,49]],[[7803,49448],[65,22]],[[7868,49470],[72,15],[69,46]],[[8112,49498],[-7,-86],[-1,-62]],[[7764,49342],[0,97],[39,9]],[[8414,49660],[44,-1],[148,2]],[[8606,49661],[-1,-124]],[[8605,49537],[-137,-4],[-61,1]],[[8407,49534],[6,74],[1,52]],[[8257,49466],[61,-9],[47,2],[45,14],[-3,61]],[[8605,49537],[2,-238]],[[8607,49299],[-68,0],[-54,-13],[-38,-4],[-71,17],[-80,-9],[-59,4]],[[8375,49660],[39,0]],[[27933,59509],[-128,-3],[-52,1]],[[27753,59507],[-119,0],[-23,2],[-146,2]],[[27933,59409],[-2,-108],[2,-71],[27,0]],[[27948,59190],[-12,-54],[-6,-64],[-1,-202]],[[27929,58870],[-194,0]],[[27735,58870],[0,58],[-29,52],[-4,77]],[[27559,59350],[39,1],[99,48],[0,97],[56,11]],[[27349,59511],[-1,-81],[16,-27],[0,-48],[18,-5],[54,1]],[[27425,59270],[-24,-3],[-92,0],[-58,5]],[[27251,59272],[0,80]],[[27251,59352],[1,79]],[[27252,59431],[-19,46],[0,36]],[[27129,49905],[-76,-3]],[[26850,49884],[10,-329]],[[26860,49555],[5,-169]],[[26865,49386],[-464,-11]],[[25982,48408],[196,6],[301,8]],[[26479,48422],[4,-63],[-19,-2],[10,-247],[11,-16],[42,-78],[26,-25],[29,-7],[124,5],[0,3],[155,6],[14,116],[-35,0],[-1,31],[40,2],[15,127],[3,0],[9,-317]],[[26540,47467],[-84,-3]],[[26456,47464],[-152,-5]],[[26304,47459],[-304,-9]],[[27855,47493],[7,-396],[4,-234],[5,-245]],[[27871,46618],[0,-51]],[[27871,46567],[-33,-1],[-56,9],[-30,17],[-43,43],[-12,23],[-35,31],[-37,57],[-44,24],[-41,8],[-61,-3],[-19,5],[-138,55],[-34,23],[-75,25],[-37,37],[-39,18],[-20,2],[-47,-16],[-41,19],[-46,14],[-31,21],[-55,84],[-17,19],[-10,46],[-65,72],[-16,58],[4,69],[-33,117],[-19,31]],[[26479,48422],[3,70],[25,-1],[-1,25],[20,1],[-2,66],[50,2],[-2,129],[101,3],[5,-23],[-32,-115],[3,-84],[15,-67],[228,8]],[[25970,48885],[46,1],[28,6],[38,26],[46,61]],[[27790,49418],[307,7]],[[28097,49425],[167,4]],[[28711,49439],[4,-160],[19,-8],[4,-320]],[[28899,49444],[428,-1]],[[29327,49443],[308,-1]],[[29659,49442],[3,-293],[6,-660]],[[27871,46567],[1,-29]],[[27872,46538],[-462,-9],[-470,-9],[-459,-14]],[[26481,46506],[-25,958]],[[26007,47131],[47,3],[153,5],[21,-9],[92,101],[-9,13],[-7,215]],[[26481,46506],[-99,-3],[-359,-9]],[[30209,49441],[67,0]],[[30589,48898],[-384,-4],[-77,0],[-2,228],[-7,11],[-28,0],[8,21],[-1,139],[-126,-2],[-2,150]],[[16474,29818],[1,-119],[187,-2],[1,-199],[112,1],[2,-187],[-3,-13],[152,1],[3,-278],[330,-1],[373,2]],[[17632,29023],[2,-327]],[[17634,28696],[2,-160],[-75,-1],[-186,2],[1,-79],[-75,0],[2,-159]],[[17303,28299],[2,-156],[-36,-3],[-181,4],[-300,0],[1,-80],[-186,2],[-4,-20],[-220,0],[-3,20],[-169,0],[-150,1],[-300,0]],[[17657,28371],[98,0],[8,11],[-1,35],[31,7],[66,90]],[[17859,28514],[1,-92],[17,-7],[-4,-38],[92,1],[22,-3]],[[17987,28375],[7,-15],[-22,-12],[2,-38],[-8,-17],[-22,0],[-38,-14],[-20,11],[-48,49],[-18,13],[-17,-52],[-33,-41],[-28,-19],[-70,-37],[-52,-43],[-18,65]],[[17632,29023],[222,-1],[151,1],[-2,482],[0,482],[362,-3],[225,0],[302,1]],[[18892,29985],[3,-243],[3,-240],[144,1],[306,-6],[191,0],[145,-1],[117,0]],[[19801,29496],[0,-5]],[[19801,29491],[8,-479],[0,-160],[6,-801]],[[19815,28051],[-151,2],[-301,0],[-301,6],[-153,1],[-451,-1],[-1,80],[-147,-2],[-3,-10],[-152,2]],[[18155,28129],[-1,186],[-12,18],[-105,33],[-50,9]],[[17859,28514],[-3,185],[-222,-3]],[[17303,28299],[112,0]],[[18155,28129],[1,-72],[-185,-1],[-13,-6],[-8,-25],[1,-143],[14,-50],[0,-24],[39,-21],[23,3],[15,-29],[-17,-54],[-29,-36],[-27,-14],[-19,-21],[6,-42],[-13,-16],[72,0],[1,-80],[-2,-561],[-7,-643],[-3,-159]],[[18004,26135],[-152,-1],[-441,4],[-300,-2]],[[17111,26136],[-395,0],[-486,-1]],[[16230,26135],[-76,0],[-374,1],[-1,106],[-7,500],[-4,197],[0,158],[2,67],[-12,898],[-1,5]],[[19815,28051],[-7,-355],[-5,-277],[-8,-334],[12,0],[-5,-180],[0,-232],[-1,-44],[2,-236],[-1,-229],[1,-60]],[[19803,26104],[-149,4],[-137,2],[-162,5],[-214,11],[-248,11]],[[18893,26137],[-111,-1],[-343,1],[-435,-2]],[[16622,29842],[0,138],[-4,479],[2,86],[1,131]],[[18274,31244],[38,0],[0,20],[187,-1],[0,23],[20,-5],[17,-18],[38,0],[0,-39],[76,1],[11,-27],[30,-16],[35,-37],[74,1],[0,-39],[75,0]],[[18875,31107],[2,-51],[4,-321],[8,-564],[3,-186]],[[7843,49700],[62,-1]],[[7868,49470],[-29,6],[4,224]],[[7765,49646],[2,55]],[[7767,49701],[76,-1]],[[7803,49448],[-13,33],[10,7],[-3,51],[-21,2],[3,78],[-14,27]],[[26774,57919],[234,-3]],[[27008,57916],[1,0]],[[27009,57916],[-2,-316]],[[27007,57600],[-155,-3],[-101,6],[-140,4]],[[26611,57607],[6,22],[23,6],[54,58],[74,63],[46,31],[-25,56],[-15,76]],[[28048,57275],[194,0]],[[28242,57275],[20,0],[34,-40],[70,-66],[2,-17]],[[28368,57152],[-48,3],[-138,0],[-12,-5]],[[28170,57150],[-83,28]],[[28087,57178],[-27,10],[-12,24],[0,63]],[[29137,60687],[289,-5]],[[29426,60682],[3,-114],[-27,0],[0,-39],[-272,1]],[[29130,60530],[5,33],[2,124]],[[29612,60209],[-2,-36],[-18,-48]],[[29592,60125],[-159,0],[-41,6],[1,-26]],[[29393,60105],[-61,63],[-45,2]],[[29287,60170],[0,27],[16,24],[-16,8],[0,101]],[[29287,60330],[10,11],[33,9],[6,20],[88,-1],[-9,-160],[197,0]],[[27156,53472],[18,5],[50,79]],[[27350,53442],[0,-39]],[[27127,53387],[23,52],[6,33]],[[27152,53697],[160,3]],[[27156,53472],[1,36]],[[27157,53508],[-1,128],[-3,40]],[[27153,53676],[-1,21]],[[28452,54812],[14,-20],[21,-9],[57,-12],[57,-17]],[[28601,54754],[0,-76]],[[28601,54678],[-154,-4]],[[28447,54674],[-12,-1]],[[28435,54673],[0,24],[-23,-1],[0,23],[23,0],[0,59],[12,-4],[5,38]],[[28291,54838],[159,0],[2,-26]],[[28435,54673],[-148,-4]],[[28287,54669],[3,23],[1,146]],[[27555,54950],[1,65]],[[27598,55179],[118,7]],[[27717,55186],[-3,-374]],[[27714,54812],[-2,-89]],[[27712,54723],[-39,21],[-39,10]],[[27634,54754],[-62,12]],[[27572,54766],[-4,46],[-12,35],[-1,103]],[[26800,53003],[-4,-9],[-1,-132]],[[26795,52862],[0,-14]],[[27328,54920],[-1,55]],[[27327,54975],[81,-12],[39,2],[9,-24],[82,2],[17,7]],[[27572,54766],[-97,28]],[[27320,54804],[-7,64],[15,52]],[[27092,55153],[-5,-73],[82,-67],[14,-15]],[[27183,54998],[-30,-19],[-58,-11],[-39,-35]],[[26970,54988],[-88,57],[-51,44],[-18,47]],[[27183,54998],[80,-89],[20,13],[45,-2]],[[27092,55153],[236,13]],[[27327,55102],[0,-127]],[[26805,54365],[2,134]],[[26807,54499],[44,4]],[[26851,54503],[-1,-192],[34,-5],[0,39],[44,1]],[[26928,54346],[5,-15],[28,-7],[45,-2]],[[27006,54322],[0,-135]],[[26805,54246],[3,67],[-3,52]],[[26730,54498],[-1,-149],[39,11],[12,-18],[25,23]],[[27939,54511],[15,4],[94,6],[8,-2]],[[28056,54519],[0,-131]],[[28056,54388],[-43,-1]],[[25877,54160],[154,2],[336,7]],[[26408,54170],[11,-23],[-1,-96]],[[26338,53910],[-1,-122]],[[26337,53788],[-45,18],[-61,15],[-45,38],[-58,31],[-44,31],[-160,49],[-47,2]],[[27116,54038],[117,3]],[[27233,54041],[1,-161]],[[27142,53877],[-91,-2]],[[27051,53875],[-47,64],[-2,38],[59,2],[-5,58]],[[31337,49067],[-2,-79],[-8,-32],[-26,-44],[-20,-20],[-31,-19],[-170,-71],[-58,-37],[-41,-46],[-25,-48]],[[31588,48512],[-229,-4],[-412,-5]],[[26811,51295],[164,6]],[[27344,53961],[113,1],[0,-28],[8,-20],[58,22]],[[27523,53936],[0,-99],[8,-24],[-95,-1]],[[27436,53812],[-1,72],[-108,-2]],[[27326,53900],[-1,60],[19,1]],[[27051,53875],[-14,0]],[[27037,53875],[-44,-1],[-47,34],[-1,-35],[-134,-13],[-8,20]],[[26803,53880],[2,60]],[[27436,53812],[1,-46],[-6,-44]],[[27431,53722],[-73,-1]],[[27337,53721],[1,80],[-35,-1],[-4,31]],[[27152,53697],[-6,91]],[[27153,53676],[-42,-11],[-47,-4]],[[27064,53661],[15,54],[0,39]],[[27079,53754],[0,24],[-38,8],[-5,9],[1,80]],[[26799,53447],[17,43]],[[26816,53490],[21,11],[30,-7],[26,-38],[6,-55],[64,-12],[0,72],[22,-4],[15,8],[68,3],[12,11],[0,28],[77,1]],[[26798,53220],[1,84],[-1,111]],[[26798,53415],[1,32]],[[26840,50217],[12,40],[115,4]],[[26967,50261],[2,-79]],[[26956,53580],[5,-4],[51,38],[36,12],[16,35]],[[26816,53490],[8,14],[43,37],[36,10],[53,29]],[[27079,53754],[-108,-1],[0,27],[-30,-1],[0,-27],[-37,-2]],[[26904,53750],[-20,-2],[0,42],[-54,-17],[-28,-2]],[[26802,53771],[1,109]],[[26801,53700],[1,71]],[[26904,53750],[-1,-40],[35,2],[-6,-71],[26,-5],[3,-26],[-13,-12],[8,-18]],[[26799,53447],[2,117],[0,136]],[[26325,52329],[1,161]],[[26326,52490],[309,4]],[[26635,52494],[7,1]],[[26642,52495],[148,4]],[[26790,52499],[-4,-241]],[[26324,52249],[1,80]],[[12918,13189],[-17,71],[10,46],[-47,52],[4,50],[13,23],[-28,13],[-2,14],[14,25],[0,24],[-10,38],[-38,51],[-5,37],[-14,34],[18,32],[46,14],[-16,27]],[[12846,13740],[3,0]],[[14407,13726],[296,-1]],[[14703,13725],[3,-18],[0,-297],[-36,0],[-2,-81],[-36,-4],[-1,-38],[-1,-200],[-224,1]],[[14406,13088],[-79,-2],[0,77],[41,6],[38,34],[1,203],[-206,-1],[0,-249],[-48,-71],[-43,-14],[0,-51],[-38,0],[2,-61],[36,-37],[0,-76],[36,0],[0,-83],[39,0],[71,-19],[2,19],[38,-1],[0,-42],[29,-2],[8,-51],[-4,-25],[-30,-2],[-39,20],[-40,-29],[-30,-4],[-6,-13]],[[14184,12614],[-37,-1],[-1,-38],[-7,-11],[-45,-29],[-61,0],[-2,-88],[-73,-55],[-1,-98]],[[13957,12294],[-152,2]],[[13805,12296],[-294,3],[-41,-9],[-388,9],[-74,4],[-258,4],[2,80],[-69,2],[-4,29],[-27,55],[-15,-1],[-16,23],[40,19],[53,3],[36,10],[18,31],[2,62],[-6,68],[-1,61],[27,55],[21,74],[25,66],[44,69],[29,52],[22,54],[-3,40],[-10,30]],[[14434,11804],[223,-3],[-2,-37],[-10,-36],[17,-20],[10,-26],[28,12],[30,-58],[34,-43],[37,6],[3,154],[3,3],[99,1],[-13,15],[-8,26],[397,-4]],[[15282,11794],[-7,-524],[-1,-168],[-3,-117]],[[15271,10985],[-163,0],[-56,-1],[-1,-78],[-147,3],[1,70],[-7,9],[-29,8],[-2,78],[3,67],[-8,7],[-174,3],[0,65],[5,34],[-10,9],[-27,0],[-15,23],[-38,-3],[2,16],[-10,28],[-40,-9],[-84,0],[-3,20],[-71,1],[-4,24],[-107,3],[69,96],[28,14],[49,-6],[2,168],[0,170]],[[14184,12614],[55,0],[-4,-26],[-19,-2],[1,-29],[21,16],[17,0],[-1,-43],[71,1],[-33,-80],[78,-4],[3,19],[38,1],[6,24],[20,-20],[33,3],[38,-12],[0,192],[17,-19],[18,0],[-2,69],[15,41],[24,8],[17,33],[31,7],[1,91],[-185,2],[0,38],[53,-1],[-1,25],[-53,0],[0,17],[47,0],[-1,110],[-76,1],[-7,12]],[[14703,13725],[440,-1],[144,0]],[[15287,13724],[1,-317],[2,-641],[-2,-164]],[[15288,12602],[-3,-482],[-3,-326]],[[14434,11804],[-1,149],[-6,38],[-28,91],[1,44],[-91,-1],[-56,6],[-63,-3],[-64,1],[16,48],[55,115],[-240,2]],[[12918,13189],[-22,2],[-183,3],[-68,-2],[0,-243],[-141,7],[-68,-1],[-8,19],[-19,0],[-4,19],[-86,13],[-6,18],[-24,18],[-35,-30],[-40,19],[-11,18],[-35,23],[-8,-13],[-26,-5],[-43,-35],[-14,20],[-85,2],[-13,-19],[-62,1],[-33,-12],[-35,-49],[-9,-28],[-42,4],[-40,-2]],[[11758,12936],[0,192],[-2,314],[0,326],[158,-6],[650,-20],[79,-1],[203,-1]],[[10411,12270],[217,93],[119,49],[146,57],[72,26],[105,35],[103,50],[143,52],[113,45],[176,71],[154,58],[-1,130]],[[13805,12296],[-1,-164],[-37,1],[0,-325],[-142,-1],[-3,-68],[-38,-9],[-76,-5],[-267,7],[-40,-5],[7,-72],[13,-8],[-2,-116],[-37,0],[-11,-17],[-38,-24],[-97,1],[-20,-15],[-58,51],[-33,56],[1,46],[-46,5],[-17,12],[-14,-43],[-36,-46],[-35,-3],[0,-50],[-139,8],[-78,22],[-32,3],[-99,-32],[-41,-5],[-15,-44],[-2,-49],[8,-26],[40,-64],[1,-51],[13,-46],[25,-41],[15,-40],[49,-76],[19,-22],[-25,-46]],[[12517,10995],[-80,-32],[-114,-40],[-58,-5],[-79,-20],[-46,-4],[-70,16],[-52,36],[-36,40],[-67,105],[-63,93],[-60,77],[-31,29],[-38,27],[-92,57],[-14,42],[-28,56],[-17,13],[-45,15],[-57,1],[-70,-17],[-46,1],[-48,19],[-50,33],[-91,69],[-29,28],[-39,46],[-48,66],[-11,26],[4,98],[-3,48],[-14,52],[-21,30],[-25,17],[-22,8],[-40,33],[-61,34],[-71,46],[-26,0],[-22,-11],[-63,-47],[-53,25],[-74,54],[-116,91],[-20,20]],[[15271,10985],[-3,-161]],[[15034,10310],[-117,-256],[-136,-292],[-14,-35],[-2,-34],[9,-12],[-2,-45],[-13,-29],[-3,-43],[-18,-57],[-21,-29],[2,-26],[-10,-24],[-25,12],[-30,-44],[-50,-17],[-19,-15],[16,-48],[23,-107]],[[14624,9209],[-44,38],[-59,29],[-47,38],[-53,64],[-16,7],[-34,53],[-17,63],[-57,71],[-27,23],[-43,10],[-18,-6],[-33,13],[-26,62],[-19,29],[-12,31],[-27,31],[-58,47],[-109,79],[-39,37],[-31,39],[-59,27],[-27,16],[-18,1],[-7,21],[17,40],[6,57],[12,15],[59,18],[34,0],[17,9],[32,33],[14,60],[15,27],[39,31],[17,6],[59,-10],[47,11],[24,25],[-1,70]],[[14135,10424],[-18,108],[7,43],[-10,58],[10,28],[45,41],[1,63],[-39,32],[-32,-36],[-4,-16],[-56,1],[-15,-8],[-37,10],[-1,12],[-54,20],[-25,-3],[-6,-24],[-32,5],[-17,28],[-8,49],[4,18],[-12,13],[1,42],[-14,19],[-27,13],[-22,19],[-20,0],[-33,10],[-13,-8],[-33,-48],[-25,-73],[-183,1],[-7,33],[-90,12],[-9,12],[-15,65],[-23,53],[4,65],[-8,64],[-24,-9],[-195,-47],[-118,-40],[-29,-39],[-79,-38],[-19,-12],[-30,-31],[-21,-46],[39,-43],[-29,-29],[-8,36],[-15,16],[-46,-36],[-13,21],[-61,35],[-26,-10]],[[12645,10873],[-73,-7],[-17,4],[-14,60],[-13,16],[-11,49]],[[13408,10427],[14,-5],[22,21],[0,32],[18,0],[-2,-60],[30,17],[13,-3],[10,-21],[27,16],[15,20],[118,-1],[21,14],[60,21],[15,-2],[27,-31],[44,-12]],[[13840,10433],[24,-9],[119,-26],[97,-3],[34,9],[21,20]],[[14624,9209],[14,-57]],[[14638,9152],[-68,51],[-34,17],[-75,55],[-50,27],[-117,98],[-43,49],[-35,33],[-52,69],[-20,43],[-28,39],[-39,-9],[-24,9],[-51,-7],[-25,14],[-37,33],[-26,13],[-72,4],[-44,19],[-18,13],[-34,-37],[-59,59],[-19,27],[-11,29],[-15,59],[-8,12],[5,30],[16,33],[-5,31],[3,27],[-11,21],[-36,16],[-77,52],[-188,160]],[[13341,10241],[31,43],[22,56],[14,87]],[[20220,11202],[168,0],[131,18],[0,-130],[17,3],[7,25],[85,-10],[36,39],[18,57],[2,28],[9,22],[47,0],[0,23],[-31,23],[-50,0],[-6,41],[-15,3]],[[20638,11344],[0,71],[155,2],[54,46],[64,28],[0,-74],[111,-2],[6,11],[35,-11],[70,-2],[4,41],[143,-1],[2,118],[6,3]],[[21288,11574],[31,-31],[-1,-107],[-17,-15],[-31,-10],[-18,-34],[-18,-9],[6,-23],[17,-5],[-14,-50],[-17,-13],[4,-42],[-28,-8],[-19,-26],[7,-14],[-47,-32],[-8,30],[-15,2],[-26,-28],[-16,0],[-20,-38],[-23,-13],[9,-19],[0,-39],[-26,-16],[20,-30],[-13,-9],[-8,-24],[-19,-2],[-28,-37],[-13,-46]],[[22357,12690],[-2,-110],[-5,-487]],[[22350,12093],[-3,-338],[0,-106],[-2,-334],[-1,-218],[-2,-163],[-1,-644]],[[22341,10290],[-1,-476]],[[22340,9814],[-225,0],[-101,-2],[-116,1]],[[21288,11574],[-15,34],[-40,16],[-59,101],[-37,-21],[-44,22],[-35,-6],[-32,52],[-31,23],[0,172],[-110,2],[0,238],[0,86],[37,-1],[0,162],[74,-3],[0,163],[-2,87]],[[20638,11344],[-11,1],[1,-39],[-58,-2],[-1,71],[5,35],[16,50],[4,32],[-25,-2],[0,29],[-19,1],[-11,26],[-20,21],[-21,-4],[-12,13],[-79,4],[-37,25],[-12,23],[-18,10],[-14,-19]],[[20326,11619],[-36,5],[22,78],[-2,28],[-63,-2],[-2,273],[6,301],[5,387],[-164,0],[-46,2]],[[18972,12544],[-6,45],[-12,17],[22,56],[-2,24]],[[20326,11619],[-13,-27]],[[18945,11888],[50,9],[11,20],[23,18],[-7,12],[22,50],[14,-7],[16,27],[-13,12],[-20,-23],[-19,8],[35,32],[-33,39],[36,22],[-10,39],[2,27],[-20,22],[17,17],[-2,35],[21,-3],[18,12],[-17,17],[5,13],[-17,22],[31,37],[-21,28],[-29,3],[-7,13],[-36,6],[-12,27],[-51,11],[-19,26],[4,16],[26,0],[34,44],[-5,25]],[[20576,10040],[11,-8],[48,-1],[-3,17],[0,80],[19,0],[-1,47],[75,0],[-1,41],[-74,-1],[-2,74],[74,3],[2,48],[6,5]],[[21048,9805],[-267,-2]],[[20781,9803],[-180,-3],[-139,0]],[[19626,43464],[390,11],[306,7],[230,3]],[[20552,43485],[-1,-155],[1,-318],[5,-485]],[[20557,42527],[-292,-7],[-327,-8],[-304,-10]],[[19634,42502],[-150,-1],[-285,2],[-461,4]],[[18738,42507],[-3,204],[-7,767]],[[16316,42645],[31,-15],[84,-106],[30,-57],[215,1],[1,-49],[33,-1],[6,-56],[50,9],[28,-7],[33,20],[21,19],[40,-6],[16,-20],[11,14],[24,2],[155,0],[4,-3],[1,-68],[6,-7],[113,1],[151,-3],[271,2],[184,6]],[[17824,42321],[5,-541],[1,-185]],[[17830,41595],[-229,-1],[1,-65],[-18,-33],[-12,-10],[-63,28],[-131,-1]],[[17378,41513],[-340,-1],[-193,-2]],[[16845,41510],[-239,-2]],[[16606,41508],[-3,29],[2,121],[11,27],[-3,17],[-44,25],[-5,13],[-1,55],[-78,-24],[0,215],[-37,0],[-2,60],[-18,23],[-18,35],[-6,45],[-32,55],[-41,18],[-26,2],[-16,16],[1,65]],[[16290,42305],[2,106],[-1,117],[-7,18],[-61,52],[-27,11],[88,24],[32,12]],[[17389,40552],[429,4],[-16,36],[-2,232],[19,52],[284,3],[6,14],[36,-2],[2,-11],[136,0],[169,3],[154,10]],[[18606,40893],[153,-3],[0,-31],[8,-25],[-7,-43],[0,-52],[10,-12],[139,1],[326,8],[86,0],[84,-4],[165,-3],[36,16],[61,3],[3,-159],[-3,-2]],[[17861,39822],[-3,239],[-299,-5],[-159,-1],[-6,205],[-5,292]],[[15826,42623],[149,216],[51,65]],[[16026,42904],[85,-78],[15,-34],[28,-3],[61,-53],[64,-62],[37,-29]],[[16290,42305],[-36,2],[-10,28],[-29,3],[-41,-9],[-30,3],[-53,-5],[-22,-26],[-23,-51],[-3,-26],[-19,-1],[-23,-29],[-1,-192],[-3,-20],[-15,-12],[-14,-31],[-30,-31],[-13,-74],[0,-22],[11,-71],[-12,-75],[0,-160]],[[15924,41506],[-337,0]],[[15580,41647],[2,47],[-65,212],[12,106],[48,136],[28,49],[17,17],[45,32],[22,32],[44,83],[43,68],[24,44],[20,51],[6,47],[0,52]],[[17830,41595],[138,5],[264,5],[366,8]],[[18598,41613],[1,-85],[7,-635]],[[17389,40552],[-7,0]],[[17382,40552],[-2,480],[-2,481]],[[18738,42507],[-607,-15],[-307,-7],[0,-164]],[[16026,42904],[17,37],[35,106],[12,54],[27,72]],[[19634,42502],[17,-957],[-434,-5],[-249,-1],[-2,146],[7,13],[-155,-2],[-10,-6],[-59,-1],[1,-72],[-152,-4]],[[16606,41508],[-192,-2],[-490,0]],[[20557,42527],[7,-638],[4,-320]],[[28234,50182],[0,-86],[40,8],[2,-132],[-39,-1],[-3,-38]],[[20186,36403],[237,-2],[86,1],[137,-3],[0,-6],[161,4],[159,-1],[300,1],[237,-1],[59,2]],[[22028,36394],[-4,-642],[15,0],[0,-158],[-3,-158],[-1,-578],[454,-4]],[[22489,34854],[-1,-478],[-257,1],[-198,0],[0,-299],[1,-180]],[[22034,33898],[-360,0],[-100,1],[-292,-8],[-165,-3],[-461,-12],[-88,-5],[-257,-10],[-37,0]],[[20274,33861],[3,75],[0,181],[1,261],[2,64],[0,208],[-9,45],[10,28]],[[20281,34723],[47,-2],[71,-16],[23,13],[11,25],[1,102],[23,-13],[53,2],[1,152],[72,2],[5,5],[0,86],[-233,-7],[11,41],[-46,6]],[[20320,35119],[0,33]],[[20320,35152],[-1,31],[-17,31],[17,53],[0,244],[-8,89],[-14,38],[-18,139],[-14,35],[-48,47],[-22,44],[-3,22],[-2,134],[-3,90],[1,108],[-2,146]],[[20281,34827],[0,30],[16,0],[24,46],[-2,126],[1,90]],[[20281,34723],[0,104]],[[19729,36399],[275,-3],[182,7]],[[20320,35152],[-77,-2],[0,-122],[-48,-2],[2,-38],[40,-23],[-26,-28],[-33,18],[-5,-18],[-52,-16],[-30,-21],[-1,-80],[191,7]],[[20274,33861],[-500,-22]],[[19774,33839],[-552,-7],[-369,-4]],[[18853,33828],[-3,356],[-4,293],[1,77],[-3,235]],[[18844,34789],[-5,321],[-9,519],[-4,374],[-5,387]],[[23390,36384],[-12,-24],[-81,-134],[-232,-396],[-82,-137],[-423,-715],[-71,-124]],[[25667,55867],[25,33],[51,20],[54,40],[14,42]],[[25868,55912],[1,-134]],[[25869,55761],[-9,-23],[-24,0]],[[25836,55738],[-1,62],[-53,-3],[-99,-1]],[[25455,55846],[1,55],[-5,102]],[[25775,55590],[45,16],[4,32],[-2,100]],[[25822,55738],[14,0]],[[25869,55669],[1,-231]],[[15205,36809],[147,3],[304,6],[239,6],[214,6]],[[16109,36830],[45,2],[227,5],[355,10],[284,6],[241,3]],[[17261,36856],[-36,-32],[2,-49],[-114,-1],[1,-80],[-34,0],[11,-647],[31,-7],[8,-20],[4,-270],[-25,-34],[3,-278],[8,-20],[22,-19],[9,-23],[0,-90]],[[17151,35286],[-354,-4],[-23,-2],[-39,-17],[-22,-20],[-16,-27],[-14,-54],[0,-114]],[[16685,34906],[-178,1],[-32,-19],[-45,-1],[-33,-18],[-393,0],[-508,-3],[-284,-3]],[[15212,34863],[-5,346],[-4,372],[-2,110],[20,0],[-3,160],[-1,160],[-12,798]],[[17151,35286],[0,-25]],[[17261,36856],[572,8],[73,2]],[[18844,34789],[-851,-12],[-710,5]],[[18853,33828],[5,-548],[1,-222],[5,-672],[-365,-5],[-228,-2]],[[17529,32381],[2,156],[2,324],[-4,4],[3,463],[0,458],[36,-3],[8,31],[-18,178],[-5,29],[122,-1],[31,10],[-46,72],[-212,325],[-101,162],[-64,193]],[[16157,32637],[-3,398],[-353,-2]],[[15801,33033],[-172,-1],[-227,-3]],[[15216,34636],[-4,227]],[[22479,55260],[32,-20],[19,-25]],[[22530,55215],[54,-1],[26,-22],[1,-58],[43,-14],[-8,-78],[-8,-20],[2,-111],[-36,10],[-18,-23]],[[22586,54898],[-104,-3]],[[22482,54895],[-1,106],[7,64],[-58,8],[2,37],[-26,-14]],[[22406,55096],[4,65],[30,-6],[4,45],[-12,66],[33,1],[14,-7]],[[22240,54894],[11,66],[15,37],[28,35],[21,15],[91,49]],[[22104,54956],[18,5],[53,39],[27,-27],[-16,-31],[-20,-3],[-20,19],[-16,0],[-29,-56]],[[22586,54898],[25,-3],[56,-20],[59,1],[124,-11],[-3,-45],[-21,-23],[-6,-80],[62,-3],[58,21],[22,4],[217,3]],[[23176,53876],[-82,22],[-25,17],[-28,29],[-17,-6],[-154,-2],[-155,0],[-147,-1],[-84,-3],[-154,1]],[[22330,53933],[-1,158],[-52,-1],[0,292],[76,-18],[51,-17],[0,57],[-3,15]],[[21734,55285],[198,2],[242,-43],[73,-22],[31,108],[108,1],[92,16],[1,-87]],[[21812,54968],[0,117],[-4,16],[-74,184]],[[21420,53607],[6,40],[37,1],[22,53],[34,27],[1,27],[-8,32],[-2,55],[-8,9],[-1,32],[47,52],[17,9],[-5,93],[-18,8],[-19,-12],[-44,37],[6,41],[19,19],[0,14],[-18,20],[-5,31],[6,36],[16,15],[-1,253]],[[21657,54497],[155,-2]],[[21968,54409],[0,-245],[-241,-555]],[[21977,52009],[91,-1],[16,3],[35,22],[68,21],[51,32],[239,3],[73,-13],[44,9],[108,0],[65,13],[95,-3],[140,1],[72,7],[88,17]],[[23162,52120],[4,-264],[3,-259]],[[22758,51213],[-125,-1],[-243,-3],[-18,2],[-77,-4],[-154,2]],[[22141,51209],[-153,2]],[[22428,56955],[233,-1],[338,0],[244,1]],[[23243,56955],[37,0]],[[23280,56955],[2,-313],[1,-165]],[[23283,56477],[0,-479]],[[23174,55998],[-652,0],[-402,-1]],[[22120,55997],[-4,438],[10,-37],[25,-10],[24,29],[7,43],[30,17],[13,20],[26,-29],[42,5],[15,-22],[-2,-28],[24,-23],[22,2],[45,27],[-6,27],[38,31],[-1,68],[0,400]],[[22330,53933],[-4,-200],[0,-119],[-69,-2],[-293,-2]],[[23174,52186],[-13,0],[1,-66]],[[20492,55983],[661,8],[421,5],[157,0]],[[21731,55996],[-2,-22],[1,-295],[3,-165],[0,-172],[1,-57]],[[20473,53598],[0,480]],[[22349,56955],[79,0]],[[22120,55997],[-389,-1]],[[24969,55906],[87,-33],[72,-6],[42,-8],[20,-9],[60,-58]],[[25482,55526],[-67,29],[-141,67]],[[25274,55622],[-100,41],[-76,25],[-104,50],[-23,6]],[[24971,55744],[-2,162]],[[25873,55118],[2,-392]],[[25875,54726],[-59,3],[-44,-102],[-23,-33]],[[25749,54594],[-30,3],[-79,-10],[-122,-7],[-6,-57],[-13,-36],[-16,-18],[3,-38],[-15,-5],[9,-72]],[[25456,54354],[-18,36],[-17,51],[16,28],[10,74],[34,79],[2,16],[-11,132],[-8,62],[-38,87],[-5,40],[21,14],[19,-3],[60,-38],[43,-2],[49,11],[17,43],[-1,71],[-11,35],[2,21]],[[25551,54346],[14,7],[61,14],[66,29]],[[25692,54396],[14,5],[170,2]],[[25876,54403],[1,-243]],[[25256,53728],[70,0],[171,2],[0,21]],[[25565,53752],[2,-169]],[[25523,53584],[-17,6],[-30,-4],[-217,-2]],[[9077,29699],[-34,1],[-10,-39],[7,-9],[-1,-48],[-36,0],[-4,-14],[-45,-16],[-31,-29],[-225,1],[-6,-27],[-37,-12],[0,-31],[-28,-11],[-68,-2],[-7,-44],[-35,-37],[-102,1],[-12,-28],[-73,-102],[-29,-24],[-22,-4],[-119,-3],[-33,3],[-53,16],[-122,9],[-25,-2],[-80,-19],[-85,0],[-227,3],[-48,3],[-103,-2],[-28,5],[-41,15],[-40,5],[-66,-3]],[[7209,29255],[-1,53],[-10,31],[-60,110],[-21,60],[-37,58],[-40,91],[-15,12]],[[7025,29670],[-23,28],[-47,127],[-27,54],[-14,40],[-12,57],[1,56],[5,30],[34,124],[85,106],[15,27],[38,85],[33,66],[28,75],[38,93],[29,59],[11,50],[-10,49],[4,38],[63,150]],[[7419,28036],[-6,27],[8,35],[52,86],[16,43],[-1,42],[-15,36],[-6,62],[-12,84],[-32,83],[-18,82],[-26,76],[-47,167],[-48,89],[-24,63],[-15,59],[-15,43],[-14,58],[-7,84]],[[24681,6915],[296,-6],[0,6]],[[24977,6915],[302,-6],[390,0]],[[25470,5161],[-25,-33],[-21,-18],[-34,-15],[-27,-28],[-25,-17],[-27,-30],[-14,-25],[-67,-90],[-23,-44],[-32,-37],[-15,-5],[-66,-60],[-29,-18],[-41,4],[-30,22],[-30,61],[-46,45],[-87,66],[-59,37],[-46,20],[-41,1],[-26,-14]],[[12168,45921],[391,-1],[77,1],[384,1],[75,0],[0,160],[2,399],[0,160]],[[13097,46641],[0,214],[81,1]],[[13178,46856],[216,-2],[428,0],[283,-5],[768,0]],[[14873,46849],[48,0],[1,-458],[0,-479]],[[14922,45832],[-158,0],[-447,4],[-163,-4],[-1,-190],[0,-129],[-121,1],[3,-80],[-5,-151],[-54,-15],[-27,13],[-42,1],[-11,-10],[-83,4],[-267,5],[0,-145],[-16,-16],[-169,1],[-196,2],[-2,-48],[-11,-6],[-91,6],[-6,36],[-19,2],[-13,22],[-40,-13],[-46,-5],[0,87],[-313,4],[-144,-4],[-204,0],[-95,2],[-16,-2]],[[14825,43991],[-608,1],[-237,1],[-137,4],[-289,4],[-149,2],[-320,2],[-203,0],[-287,-2],[-69,-1],[-234,-1],[-24,2],[-107,-4]],[[13307,54502],[4,-41],[-1,-46],[-69,8],[-20,10],[-70,3],[1,-32],[-5,-308],[-24,-9],[-1,-40],[6,-37],[16,-18],[1,-27],[-3,-367],[-77,-1],[0,-139],[-2,-493]],[[13063,52965],[-158,45],[-55,14],[-95,29],[-189,52],[-222,58],[-97,44],[-25,16],[-33,52],[-12,12],[-140,90],[-60,31],[-63,22],[-100,14],[-55,14]],[[14631,52967],[30,13]],[[14661,52980],[58,-5],[60,-35],[12,-22],[17,-64],[28,-32],[21,-12],[22,2],[23,15],[79,16]],[[14981,52843],[-3,-74],[1,-159]],[[14932,52610],[-197,-1],[-32,3],[-42,12],[-109,50]],[[10731,50905],[24,17],[71,30],[45,35],[26,7],[42,-6],[21,-48],[34,-4],[35,-25],[19,-6],[41,5],[56,26],[52,8],[27,24],[23,75],[16,28],[29,15],[61,82],[32,15],[50,6],[17,9],[17,25],[19,59],[27,31],[70,29],[27,26],[6,19],[-3,51],[11,39],[-1,32],[7,36],[17,21],[19,-5],[-1,-30],[10,-19],[17,-5],[28,19],[9,31],[24,8],[41,2],[18,53],[22,21],[37,3],[27,-11],[35,-22],[19,-30],[26,-13],[23,11],[10,21],[-2,19],[-33,32],[-8,49],[12,36],[31,19],[48,0],[41,-26],[41,-39],[26,-12],[40,39],[28,-34],[24,13],[2,36],[21,33],[65,26],[74,26],[56,16],[39,-2],[25,-21],[-5,-63],[8,-35],[20,-25],[46,-8],[33,28],[3,47],[13,44],[-7,45],[-10,29],[-53,44],[-11,19],[-5,35],[19,54],[37,49],[12,25],[30,34],[15,4],[86,-15],[31,5],[16,19],[7,27],[24,36],[26,26],[45,1],[43,-16],[44,-65],[31,-33],[26,-9]],[[13067,52112],[-6,-16],[-147,0],[-4,-4],[-1,-77],[27,-1],[11,-11],[0,-231],[-60,-20],[-126,-50],[21,-79],[28,-11],[19,-22],[0,-70],[-14,6],[-139,1],[1,-339],[3,-381],[-6,-5],[0,-66],[7,-41]],[[12681,50695],[-238,-2],[-584,1],[-259,3],[-266,3],[-134,4],[-157,-1],[-313,1],[-162,-1]],[[10568,50703],[-6,19],[7,29],[32,22],[55,2],[32,7],[30,19],[15,42],[-6,41],[4,21]],[[13856,52593],[27,44],[39,32],[24,9],[28,-11],[34,3],[26,17],[38,79]],[[14109,52537],[-90,0],[-52,10],[-111,46]],[[14520,53028],[2,198]],[[14522,53226],[77,0],[-1,-60]],[[14598,53166],[-1,-103],[50,-61]],[[14647,53002],[14,-22]],[[14544,52923],[-26,77],[2,28]],[[13063,52965],[-2,-198]],[[13061,52767],[-216,-1],[-375,-4],[-381,-3],[-255,1]],[[10586,53486],[15,75],[50,98],[17,42],[-3,69],[19,71],[7,69],[30,59]],[[14996,54187],[-4,-398],[-4,-240]],[[14988,53549],[-504,3],[-46,36],[-62,5],[16,-40],[-333,3],[-2,-233],[-16,-3],[-27,-32],[-15,-7],[-57,1],[-10,-128],[-22,-24],[22,-21],[12,-42],[76,-26],[71,-34]],[[13856,52593],[-17,-41],[-28,-19],[-32,15],[-20,44],[-35,21],[-15,-13],[-13,-79],[5,-10],[-12,-31],[-21,-6],[-17,16],[-15,31],[-23,23],[-32,-2],[-55,-39],[-15,-26],[0,-72],[24,-51],[19,-78],[17,-25],[0,-17],[-15,-41],[-24,-21],[-23,-1],[-33,24],[-30,38],[-36,29],[-14,17],[-28,68],[-20,24],[-30,16],[-56,-5],[-32,-16],[-16,-20],[-21,-46],[-22,-16]],[[13171,52284],[-22,18],[-12,20],[-13,44],[10,55],[-17,34],[-37,45],[59,41],[0,212],[-9,13],[-69,1]],[[14598,53166],[39,12],[109,1],[45,-13],[-1,-79],[-11,-29],[20,-33],[-25,-8],[-33,11],[-58,-7],[-36,-19]],[[14988,53549],[-1,-145],[-6,-476],[0,-85]],[[14522,53226],[1,20],[-78,0],[-2,-159],[-51,0]],[[13171,52284],[-28,-32],[-20,-48],[-19,-60],[-37,-32]],[[10731,50905],[-8,75],[34,59],[9,30],[-11,40],[13,51],[4,47],[-20,56],[-87,23]],[[10665,51286],[-4,27],[80,-10],[20,52],[-28,41],[-44,11],[-11,48],[-16,21],[-63,32],[-63,61],[-153,67],[-78,27]],[[10305,51663],[-89,38],[-30,21],[-19,36],[72,32],[6,38],[-10,15],[5,46],[-11,5],[-31,-12],[7,43],[-24,11],[-24,2],[0,28],[-28,10],[-34,21],[6,29],[16,-2],[19,21],[-6,35],[19,14],[-9,31],[37,71],[5,50],[-37,25],[0,21],[21,29],[11,47],[-15,51],[-23,19],[-21,-22],[-18,-1],[-1,24],[10,19],[-7,14],[-21,0],[-10,14],[10,87],[32,57],[37,12],[10,17],[-27,26],[-15,-2],[-8,-25],[-33,1],[0,26],[20,27],[-1,23]],[[14973,51818],[-2,-159],[4,-315],[0,-160],[3,-398],[0,-79]],[[14978,50707],[-323,-1],[-250,-3],[-54,0],[-275,-1],[-326,-3],[-309,-2],[-300,0]],[[13141,50697],[-158,0],[-71,-3],[-231,1]],[[25913,56417],[-78,-10],[0,35],[31,3],[9,36],[19,2],[-1,35],[-56,1],[0,-41],[-40,1],[-1,-39],[-11,-22],[-21,6],[-44,-2],[-14,-12]],[[25670,56464],[-13,27],[-2,48]],[[11154,19037],[74,77],[-8,4],[-1,139]],[[11219,19257],[-1,28],[-39,0],[4,69]],[[11183,19354],[34,0],[0,169]],[[11217,19523],[112,-2]],[[11329,19521],[2,-247],[-3,-42],[-35,-2],[1,-110],[3,-16]],[[11329,19521],[42,-4],[107,0]],[[10888,21204],[36,-1]],[[11071,21032],[-22,-47],[-17,-67]],[[11032,20918],[-48,23],[-10,14],[-21,-3],[-96,40],[-4,65],[8,12]],[[11806,21359],[-1,-164]],[[11805,21195],[-82,22]],[[11572,21215],[-1,29],[151,70],[25,7],[9,12],[50,26]],[[26233,34472],[1,-102]],[[26234,34370],[-12,27],[-21,0]],[[26201,34397],[-1,39],[-16,0],[0,31],[49,5]],[[25913,34569],[101,0],[0,79]],[[26069,34628],[-18,-59]],[[26034,34465],[-19,0],[0,63],[-101,1]],[[11312,20474],[73,-2],[350,-2]],[[11735,20470],[0,-138],[2,-353],[-1,-470]],[[11217,19523],[8,36],[-7,27],[0,33],[25,19],[32,13],[22,29],[9,69],[2,39],[43,96],[18,7],[8,119],[-53,402],[-12,62]],[[11457,22286],[22,1],[232,1],[166,3],[338,-3],[411,1]],[[12626,21934],[-150,-43],[-27,-13],[-41,-32],[-34,-11],[-61,-2],[-122,-10],[-33,-9],[-37,-22],[-22,-20],[-64,0],[-153,10],[-37,0],[-3,-130],[12,-30],[24,-20],[-2,-113],[-8,-30],[-62,3]],[[11806,21462],[-85,4],[-227,-1]],[[11494,21465],[-62,2],[-30,-4],[-204,-3]],[[11198,21460],[31,56],[117,143],[31,50],[31,93],[13,44],[15,84],[15,63],[2,272],[4,21]],[[11806,21359],[0,103]],[[12622,21148],[-80,17],[-51,20],[-177,-1],[-210,-26],[-62,9],[-32,15],[-28,7],[-177,6]],[[12006,18865],[20,-51],[28,-11],[15,-22],[6,-29],[-1,-57]],[[12074,18640],[-51,1],[-19,17],[-27,-7],[-45,21],[-15,-37],[-19,-87]],[[11268,20932],[1,-22],[44,-32],[2,-112]],[[11202,20790],[1,38],[-19,43],[22,38],[-6,18],[68,5]],[[11268,20932],[8,23],[29,4],[1,15]],[[11451,20775],[-13,-6]],[[12185,18578],[-6,-31]],[[14399,15883],[30,0],[46,10],[15,41],[-15,6],[-16,45],[36,17],[15,-5],[21,14],[9,29],[24,-10],[-17,-23],[3,-20],[30,5],[32,-10],[-6,25],[9,25],[-7,31],[19,-1],[19,-29],[12,5],[-18,35],[21,13],[13,-19],[20,-3],[11,32],[-23,5],[8,28],[0,51],[30,28],[35,-7],[37,-21],[58,-5],[26,-6],[5,31],[-26,16],[20,23],[32,-31],[53,20],[-8,49],[21,7],[14,-26],[22,10],[8,32],[-2,42],[-18,57],[8,17],[20,0],[-1,-42],[20,4],[21,19],[-4,34],[10,13],[25,1],[10,54],[22,18],[45,17],[33,-9],[24,21],[40,-14],[26,20],[25,-10],[17,21],[41,17],[15,11],[11,33],[18,-22],[2,-33],[23,10],[-14,17],[15,24],[21,-14],[40,-3],[-23,-27],[-3,-34],[29,11],[15,-5],[34,13],[58,1],[33,-35],[27,8],[26,-10],[7,15],[-20,20],[-1,15],[26,25]],[[15718,16600],[39,-4],[22,-21],[13,23],[25,-18],[25,-9],[26,-42],[47,-22],[23,1],[20,22],[25,-13],[33,11],[27,-14],[33,-4],[3,25],[14,25],[16,-4]],[[16186,16476],[-2,-29],[12,-41],[-7,-12],[0,-36],[10,-58],[15,-5],[7,-29],[22,-27],[8,-38],[13,-18],[-5,-15],[53,-2],[1,-163],[42,-20],[151,-105],[35,-21],[54,-22],[85,-22],[61,-21],[76,-61],[64,-36],[47,-40],[45,-23],[50,-9]],[[17023,15623],[11,-18],[-231,-1],[-1,-21],[10,-59],[16,-51],[57,-43],[14,-17],[43,-20],[14,-42],[-18,-68],[0,-61],[3,-14],[-41,1],[1,-70],[-34,12],[-35,22],[5,-29],[-18,-22],[4,-23]],[[16823,15099],[-64,13],[-69,5],[-22,5],[-165,3],[-47,34],[-48,12],[-46,30],[-58,61],[-61,26],[-35,2],[-2,-439],[-2,-120],[-1,-144],[-2,-96],[-147,7],[-152,46],[-145,7],[-54,-37],[-174,6],[-68,11],[-58,22],[-156,65],[-61,37],[-50,27],[-45,0],[-37,-6],[-27,-39],[-13,-6],[-75,-12],[-55,-13],[-182,3],[-119,-1],[-29,20],[-9,30],[-25,16],[-116,-3]],[[16823,15099],[11,-38],[-10,-32],[2,-64],[-3,-82],[-71,-1],[-3,-40],[-34,0],[-1,-152],[7,-9],[92,0],[12,35],[0,44],[30,1],[44,13],[0,148],[36,6],[2,36],[36,-1],[1,-162],[120,-1],[1,137],[4,17],[-19,55],[1,29],[-11,30],[5,16]],[[17075,15084],[51,0],[87,5],[42,-8],[51,-2],[63,-17],[14,3],[33,28],[48,4],[66,-2],[40,15],[50,-1],[30,14],[45,5],[49,0],[38,-15],[55,-7],[38,0],[55,-27],[69,-2],[2,43],[113,-1],[329,-9],[2,160],[145,-3],[-1,-80],[111,-1],[0,-159],[146,-12]],[[18831,13654],[-120,1],[-174,4],[-148,6],[-313,4],[-131,-4],[-297,3],[-145,-4],[-151,-1],[-301,9],[-300,1],[-138,6],[-105,2],[-219,6],[-168,8],[-333,15],[-332,12],[-169,2]],[[17023,15623],[90,-10],[102,3],[71,-4],[45,-8],[-34,-24],[-44,-113],[-30,-30],[-2,-151],[67,-4],[-7,-29],[-12,0],[-28,-43],[-34,-11],[1,-14],[-23,-20],[-36,-9],[-26,-20],[-24,-38],[-24,-14]],[[8607,49299],[-3,-317],[-2,-151]],[[8602,48831],[-223,-4],[-82,1],[-133,-2],[-37,77],[-60,2],[0,199]],[[7121,49609],[79,80]],[[7200,49689],[18,-26],[20,-55],[42,-51],[17,-8],[117,0]],[[7414,49549],[-7,-150],[42,-4],[14,-31]],[[7222,49527],[-44,40],[-49,27],[-8,15]],[[12166,19035],[1,-128]],[[12769,19498],[555,-13],[172,-5]],[[13496,19480],[-2,-297]],[[13494,19183],[-72,2],[-129,14],[-250,3],[-304,-5],[-39,15]],[[12700,19212],[20,39],[49,247]],[[11009,21375],[104,-1],[31,20],[54,66]],[[11494,21465],[-57,-101],[-33,-54],[-31,-30]],[[11254,21114],[-57,-30],[-21,14],[-35,12],[-13,-8]],[[11046,21276],[6,23],[-33,24],[-22,2],[12,50]],[[25996,60150],[74,0],[89,-30],[6,32],[21,20],[25,8],[8,36],[46,-6],[24,161],[29,100],[-93,0],[-1,236]],[[26224,60707],[155,1]],[[26379,60708],[1,-156]],[[26380,60552],[3,-240],[0,-157],[2,-321]],[[26385,59834],[-2,0]],[[26383,59834],[-177,-1]],[[26206,59833],[-128,0],[-315,-6]],[[25763,59827],[1,283],[18,5],[15,18],[65,30],[95,-14],[39,1]],[[23431,57510],[159,1],[236,-77],[91,-43],[22,-5],[69,-2],[47,-10],[67,-27],[19,-18],[35,-52],[33,-31],[-1,-130],[-5,-18],[62,-10],[67,1],[0,27],[226,1]],[[24558,57117],[-8,-94],[-27,-65]],[[24523,56958],[-62,0],[-330,-1]],[[24131,56957],[-426,-1],[-122,0],[-303,-1]],[[23243,56955],[-2,2],[-2,315],[-38,1],[0,125],[45,3],[122,73],[60,13],[3,23]],[[24558,57117],[72,0],[14,-5],[191,-129]],[[24835,56983],[35,-24]],[[24870,56959],[-183,0],[-164,-1]],[[24206,59275],[85,-22],[52,-19],[30,-7],[140,1],[42,-3],[0,74],[37,27],[3,16],[76,0],[0,79],[155,1],[0,-267],[50,-3],[62,-9],[82,4],[-1,288],[117,0]],[[25136,59435],[2,-95],[-1,-154]],[[25137,59186],[1,-317]],[[25138,58869],[-95,1],[-30,3],[-131,1],[0,-6],[-210,-1]],[[24672,58867],[-1,79],[-116,0],[0,79],[-117,-1],[0,-44],[-37,-1],[-9,-23],[-27,16],[1,-73],[-14,-15],[0,-20]],[[24352,58864],[-146,0]],[[24206,58864],[0,411]],[[24602,57912],[190,0]],[[24792,57912],[3,-187],[-7,-25],[6,-34],[1,-148],[117,-2]],[[24912,57437],[-80,0],[-13,31],[-24,3],[1,-34],[-24,0],[-15,-25]],[[24757,57412],[-14,5],[-10,31],[5,30],[-58,-23],[0,59],[-77,0]],[[24603,57514],[1,51],[-2,347]],[[24792,57912],[194,1]],[[24986,57913],[1,-79],[79,-2],[-2,-162],[2,-155]],[[25300,60703],[253,0],[188,2],[75,-2],[94,2],[162,1]],[[26072,60706],[0,-157],[-77,-1],[1,-398]],[[25763,59827],[-192,-2],[-315,-2],[0,-4]],[[25256,59819],[-21,4]],[[25235,59823],[-22,41],[10,34],[35,8],[1,96],[37,95],[1,45],[1,229],[-1,325],[3,7]],[[24209,59820],[577,2],[352,0]],[[25138,59822],[-2,-387]],[[24206,59275],[1,185],[2,360]],[[23280,58869],[926,-5]],[[24206,58864],[1,-318]],[[24207,58546],[3,-400],[-1,-235],[393,1]],[[24603,57514],[-2,-52],[4,-173],[-8,-22],[-22,-29],[-10,-42]],[[24565,57196],[-7,-79]],[[23431,57510],[0,125],[63,35],[14,35],[-1,182]],[[23507,57887],[3,30],[0,154],[-232,0],[1,484],[1,314]],[[24835,57277],[77,1],[0,32]],[[25025,56960],[-155,-1]],[[24835,56983],[0,294]],[[25363,57754],[284,-2],[32,-5]],[[25679,57747],[43,-5],[44,6],[30,-22],[97,-51]],[[25893,57675],[-131,-1],[1,-98],[-38,0],[0,-21],[-40,0],[0,-181]],[[25685,57374],[-39,36],[-198,239]],[[25448,57649],[-81,98],[-4,7]],[[24555,58705],[124,0],[1,71],[-9,12],[1,79]],[[25138,58869],[1,-361]],[[25139,58508],[-61,-1],[-75,-10],[-11,-67],[3,-17],[-128,44],[1,-77],[3,-30],[17,-43],[-2,-16],[-118,27],[-23,18],[-45,54],[-29,43],[-45,39],[-45,21],[-64,15]],[[26072,60706],[152,1]],[[25138,58869],[96,-1],[214,3]],[[25448,58871],[165,1]],[[25613,58872],[-52,-80],[-96,-127],[-12,-22],[-4,-28],[1,-84],[-6,-22],[-22,-26],[-11,-27],[1,-270],[-31,-6],[-16,20],[-1,26],[-52,-1],[1,-72]],[[25313,58153],[-17,0],[-69,61],[-89,-1]],[[25138,58213],[1,133],[0,162]],[[25137,59186],[79,0],[2,318],[38,0],[0,52],[20,0],[0,79],[-20,0],[0,44],[35,1],[12,36]],[[25303,59716],[71,-49],[128,-63],[98,-28]],[[25600,59576],[-48,-130],[-23,-43],[-2,-269]],[[25527,59134],[-1,-21],[-41,-26],[-25,-2],[-11,-12],[-1,-202]],[[24212,60703],[78,2],[306,-3],[266,0],[438,1]],[[25235,59823],[-97,-1]],[[24209,59820],[-1,20],[2,456],[2,407]],[[25893,57675],[72,-50]],[[25965,57625],[-32,-47],[-27,-73],[-13,-23],[-46,-62],[-28,-48],[-4,-14]],[[25815,57358],[-129,-1],[-1,17]],[[25256,59819],[24,-31],[6,-52],[17,-20]],[[24207,58546],[142,1],[14,-5]],[[25138,58213],[1,-16],[1,-284]],[[25140,57913],[-154,0]],[[24565,57196],[192,1],[0,80]],[[24757,57277],[78,0]],[[25613,58872],[87,2]],[[25700,58874],[82,1]],[[25782,58875],[1,-61],[-3,-31],[-23,-68],[-69,-144],[-7,-32],[2,-280]],[[25683,58259],[-43,3],[-35,-8],[2,-56],[-50,-7],[-33,-31],[-111,-5]],[[25413,58155],[-100,-2]],[[24757,57412],[0,-135]],[[25182,52742],[157,4]],[[25339,52746],[0,-38],[-8,-61]],[[25331,52647],[-148,18]],[[25183,52665],[-1,77]],[[25339,52746],[161,3]],[[25500,52749],[-2,-52],[-20,-69]],[[25478,52628],[-32,17],[-6,-9]],[[25440,52636],[-23,1],[-86,10]],[[24992,11903],[117,3],[171,1],[-6,-161],[151,2],[253,-1],[218,0],[255,2],[153,0],[6,-2],[-2,-216],[-3,-19],[40,-16],[20,30],[15,54],[44,55],[35,61],[9,54],[245,1]],[[26713,11751],[105,-2],[372,-16],[306,2],[137,-1]],[[27633,11734],[13,-28],[48,-39],[51,-4],[81,33],[44,-9],[25,-21],[10,-31],[-24,-31],[-35,-13],[-15,-12],[-32,-52],[-27,-69],[-12,-64],[24,-102],[61,-165],[21,-64],[2,-79],[-5,-37],[-27,-55],[-36,-24],[-59,-10],[-30,2],[-22,-7],[-18,-19],[8,-148],[24,-80],[22,-49],[-6,-24],[-24,-30],[-29,-17],[-38,-1],[-49,25],[-37,48],[-12,26],[-19,7],[-49,-15],[-34,-28],[-16,-37],[11,-46],[24,-33],[24,-20],[70,-20],[90,-12],[45,0],[28,-14],[45,11],[38,1],[21,-26],[-1,-29],[17,-78],[36,-86],[-8,-32],[-22,-30],[-25,-12],[-36,8],[-14,24],[-21,18],[-54,1],[-72,-17],[-83,1],[-22,16],[-32,13],[-74,21],[-60,51],[-57,58],[-51,5],[-24,-4],[-17,-20],[-1,-28],[23,-86],[15,-22]],[[27225,10124],[-22,-22],[-24,7],[16,20],[-7,14],[-22,7],[-13,21],[-2,23],[-29,21],[-36,47],[-36,28],[-57,21],[-26,16],[-64,54],[-19,12],[0,-92],[-270,-2],[-94,5],[-120,0],[-218,7],[-305,0],[-144,2],[-191,-1],[-39,-5],[-75,7],[-262,0],[-43,-5],[-138,-1]],[[24985,10308],[-1,150],[2,345],[-2,219],[1,233],[4,404],[0,82],[3,162]],[[24997,12220],[6,403],[4,314],[1,230],[4,192],[0,97],[3,303],[1,281],[2,80]],[[25018,14120],[252,5],[182,1],[146,9],[290,2],[0,1],[191,1],[43,-1]],[[26122,14138],[5,-36],[34,-18],[-32,-23],[-23,-2],[0,-15],[45,-5],[27,-19],[-3,-89],[0,-123],[-4,-178],[-1,-470],[0,-458],[431,-1],[153,3],[-1,-195],[-41,3],[-44,-12],[-9,-13],[-4,-45],[9,-11]],[[26664,12431],[-32,13],[-27,-7],[-36,0],[-50,-23],[-57,13],[-2,-79],[-146,0],[-2,-238],[46,32],[27,6]],[[26385,12148],[0,-57],[73,-44],[2,-40],[47,-5],[36,-14],[42,-8],[27,-16],[19,4],[23,27],[39,-7],[22,-21]],[[26715,11967],[-2,-216]],[[24992,11903],[3,153],[2,164]],[[26122,14138],[228,-4],[123,0],[145,0],[147,-5]],[[28041,14168],[2,-18],[19,-12]],[[28062,14138],[-2,-12],[41,-64],[26,-92],[-3,-61],[-37,-82],[-6,-68],[0,-49],[11,-88],[11,-36],[56,-98],[47,-66],[83,-81],[15,-13],[79,-47],[57,-44],[32,-39],[21,-77],[-11,-56],[4,-28],[28,-4],[38,27],[14,28],[0,25],[-10,31],[5,41],[8,22],[28,20],[28,1],[33,-29],[18,-42],[-1,-56],[-22,-37],[-32,-36],[-51,-33],[-14,0],[-19,-28],[19,-28],[1,-46],[-29,-32],[-46,-14],[-27,-38],[-35,-59],[-15,-37],[-19,-4],[-15,24],[-36,33],[-18,9],[-36,-9],[-31,6],[-24,-5],[-17,-16],[-16,-31],[-21,-64],[-3,-27],[6,-57],[-8,-43],[-30,-23],[-36,-14],[-65,3],[-49,13],[-47,-15],[-53,-24],[-25,-17],[-16,-23],[-14,-63],[21,-75],[17,-39],[15,-10],[44,-5],[61,30],[55,23],[118,59],[51,20],[47,44],[18,3],[3,-41],[9,-44],[18,-46],[2,-23],[-19,-52],[-39,-79],[-26,-79],[-92,-80],[-79,-47],[-128,-49],[-99,7],[-102,5],[-42,-11],[-41,-30],[-16,-43],[5,-70]],[[26715,11967],[13,-8],[21,12],[30,30],[18,49],[11,61],[21,28],[-3,35],[-24,36],[-11,47],[-48,59]],[[26743,12316],[-23,15],[-38,62],[-3,33],[-15,5]],[[24975,53572],[-195,15],[-13,-1],[-102,-25]],[[24665,53561],[2,412],[39,1],[1,47],[272,-29]],[[24073,52671],[16,-2],[191,19],[279,4],[46,10],[29,15],[38,44],[12,30],[38,152],[25,42],[18,14],[52,25],[34,-10],[127,1]],[[24978,53015],[-1,-155]],[[24977,52860],[-2,-42],[0,-129]],[[24975,52689],[-123,13],[-10,-85],[7,-19],[5,-61],[-7,-16],[22,-40],[30,-68],[-90,-28],[-141,-47],[-77,-31],[0,-94]],[[24975,52689],[1,-82],[-5,-35],[4,-20],[0,-93]],[[24978,52220],[-8,-1]],[[25597,55114],[6,-45],[-4,-38],[-10,-28],[-14,-12],[-41,-10],[-47,16],[-32,6],[-13,68],[-2,37]],[[24162,55078],[316,8],[195,3],[302,9]],[[24974,54910],[-93,10],[-57,24],[-81,11],[6,-67],[-38,-132]],[[24711,54756],[-35,32],[-61,-20],[-131,-2],[-13,-2],[-37,-25],[-77,-29],[-89,4],[-106,-10]],[[25879,52635],[2,-153]],[[25881,52482],[0,-98]],[[25881,52384],[-82,-27],[-11,38],[-1,23],[-61,-1],[0,114]],[[25726,52531],[-1,59]],[[25508,52608],[33,-23],[27,-7]],[[25568,52578],[-6,-63]],[[25562,52515],[-71,7]],[[25491,52522],[5,27],[-19,13]],[[25477,52562],[31,46]],[[25614,52709],[-10,-35],[1,-61],[11,-1],[-5,-42]],[[25611,52570],[-43,8]],[[25508,52608],[22,45],[31,38],[53,18]],[[25611,52570],[12,-14],[25,9]],[[25648,52565],[77,25]],[[25726,52531],[-54,-3]],[[25672,52528],[-23,3],[0,-22],[-87,6]],[[25126,56002],[-154,1]],[[24972,56003],[13,25],[0,92],[-40,17],[2,108],[42,0],[13,16],[56,-16],[45,-98],[8,-28],[15,-117]],[[24330,56241],[225,1],[3,-11],[41,-29],[40,-55],[8,-44],[17,-64],[13,-23]],[[24677,56016],[5,-22],[-106,-32],[-15,3],[-36,27],[-113,126],[-73,49]],[[24339,56167],[-9,74]],[[25875,54726],[1,-313]],[[25692,54396],[13,77],[22,55],[22,66]],[[24131,56957],[0,-65],[38,1],[7,9],[41,18],[28,-1],[3,-35],[-6,-28],[8,-25],[-1,-76],[-12,-26]],[[24237,56729],[-105,36],[1,-404],[-49,64],[-28,13],[-106,-3],[-41,2],[-354,0],[-33,33],[-15,7],[-224,0]],[[24522,56609],[0,276],[1,73]],[[25139,56002],[-13,0]],[[24972,56003],[-4,-10],[1,-64]],[[24969,55929],[-27,10],[-169,41],[-96,36]],[[24330,56241],[-2,16],[20,64],[-2,74],[3,20],[17,23],[137,114],[11,14],[8,43]],[[24270,56003],[8,34],[43,102],[18,28]],[[24969,55929],[0,-23]],[[24971,55744],[-3,-120],[3,-121]],[[24971,55503],[2,-165]],[[24973,55338],[-52,-1],[-66,22],[-60,37],[-114,50],[-51,34],[-96,84],[-19,13],[-244,137]],[[24973,55338],[2,-240]],[[24711,54756],[5,-33],[10,-15],[-38,-21],[22,-59],[31,-18],[4,-23]],[[24745,54587],[-77,-13],[-40,-10],[-44,-23],[-33,-11],[-45,1],[-106,32],[-98,36],[-22,4],[-109,-3],[-23,7]],[[24745,54587],[1,-130],[-4,-30],[4,-46],[-2,-52],[-30,-69],[-3,-18],[154,-19]],[[24865,54223],[41,-6],[-9,-82]],[[24897,54135],[-122,-2],[-334,-6],[-235,-3]],[[24897,54135],[84,1]],[[24665,53561],[-31,-6],[-222,-2],[-17,51],[14,72],[-5,24],[-47,-15],[-71,-35],[-16,1],[-29,-92],[0,-34],[-138,-1],[-29,-4]],[[24971,55503],[100,-1],[26,-4],[95,5],[19,16],[24,6],[32,19]],[[25267,55544],[-2,-35],[24,-63],[1,-101]],[[25290,55345],[-317,-7]],[[25274,55622],[-7,-78]],[[25120,54409],[-2,-25],[-19,-37],[0,-29],[161,-10],[0,-98]],[[24865,54223],[0,66],[10,6],[66,2],[0,30],[29,-2],[13,40],[-6,143]],[[25417,52330],[78,3]],[[25495,52333],[97,3],[0,-19],[102,10]],[[25694,52327],[21,3],[33,-91]],[[25748,52239],[-325,-8]],[[28958,46147],[1,-81],[72,0]],[[29031,46066],[4,-18],[-5,-79],[3,-63]],[[29033,45906],[-75,0]],[[28958,45906],[-3,28],[-18,44],[-83,64],[-51,31]],[[28803,46073],[0,73],[155,1]],[[25881,52384],[0,-59]],[[25881,52325],[0,-83]],[[25881,52242],[-133,-3]],[[25694,52327],[-19,60],[-3,90]],[[25672,52477],[0,51]],[[25614,52709],[33,8]],[[25647,52717],[1,-152]],[[24522,56609],[-77,48],[-208,72]],[[24977,54508],[-47,25],[-32,10],[-111,43],[-42,1]],[[25417,54355],[-157,3]],[[24972,53179],[-97,-1],[-56,24],[-53,-6],[-47,-20],[2,-17],[-138,9],[-25,-68],[-59,29],[-97,2],[-148,-1],[-59,-62],[-58,95],[-19,22],[-48,-22]],[[25325,54146],[37,-57],[46,7],[0,12],[41,3],[-3,-62],[4,-13],[-46,-2],[-91,-34],[-32,-15],[-25,-2]],[[25547,53968],[-25,-1],[-22,-17],[-8,-18],[-41,-1],[-1,24],[-21,-8],[-17,16],[-93,-4],[-63,4]],[[26470,50808],[197,4]],[[26368,50568],[0,19],[72,1],[29,22],[29,72],[30,63],[-58,63]],[[25466,29465],[-37,-340],[-13,-62],[-24,-83],[-7,-55],[-2,-59],[-9,-65],[-11,-37],[-254,-741]],[[24656,27520],[-37,-11],[0,-134],[186,-2],[-1,-125],[51,20]],[[24855,27268],[211,85]],[[25845,27625],[0,-76],[36,-2],[0,-159],[-37,0],[-2,-568],[16,1],[2,-160],[-19,-2],[-1,-241]],[[25840,26418],[-149,-2],[-74,1],[-223,-1]],[[25394,26416],[-269,-1],[-170,-1],[-186,2],[-259,1],[-151,-8],[-141,9]],[[24218,26418],[4,639],[-1,158]],[[27071,27910],[-5,12],[1,58],[30,59],[-7,42],[-18,22],[-43,36],[-5,33],[-27,19],[14,24],[13,3],[32,-13],[10,8],[6,31],[20,20],[12,25],[-9,76],[16,11],[45,-6],[33,6],[15,-8],[24,6],[39,38],[8,15],[6,64],[-48,41],[-7,29],[8,39],[21,8],[61,-16],[19,4],[25,23],[27,-12],[22,-27],[24,-7],[14,17],[-16,47],[26,28],[25,-7],[-5,24],[40,-11],[114,4],[126,0],[0,-51],[194,8],[151,1],[2,-80],[152,1]],[[27870,26467],[-115,-4],[0,-12],[-150,0],[-150,-7],[-304,-4]],[[27151,26440],[-148,-4],[-153,1],[0,-5],[-150,-3],[-150,-5],[-59,0],[-240,-3],[-263,0],[-148,-3]],[[13408,10427],[-40,21],[-18,23],[-33,14],[-17,15],[-17,39],[-4,34],[-27,78],[-6,30],[10,53],[31,-12],[-3,-30],[27,6],[6,-17],[61,-17],[27,37],[56,6],[7,-23],[34,-1],[11,-26],[31,-1],[31,18],[20,-6],[17,14],[23,2],[47,20],[16,-57],[0,-37],[77,-20],[24,3],[42,22],[-1,-182]],[[13341,10241],[-43,32],[-17,4],[-46,-15],[-45,-42],[-9,-14],[-36,-16],[-27,-27],[-42,-57],[-45,-70],[-28,-32],[-79,-61],[-70,-47],[-58,-17],[-95,6],[-61,14],[-114,51],[-65,44],[-27,25],[-18,28],[-21,57],[-36,83],[-38,54],[-8,49],[-36,86],[-17,26],[-10,28],[1,35],[-6,36],[11,26],[61,52],[27,8],[23,70],[40,3],[57,-2],[83,72],[22,1],[23,15],[25,31],[27,45],[1,51]],[[10292,16657],[203,-222]],[[10495,16435],[-5,-53],[18,-33],[-40,-39],[-24,1],[-7,-55],[-22,-13],[-39,32],[-39,4],[-22,10],[-25,30]],[[10495,16435],[120,-129],[131,-144]],[[30164,45146],[383,12],[2,-161],[153,6]],[[30702,45003],[2,-160],[-3,-2],[-150,-3],[4,-476]],[[30555,44362],[-180,-6],[-430,-12]],[[29945,44344],[-159,-2]],[[29786,44342],[-4,316],[161,3],[-4,314],[-7,11],[-1,74],[-31,0],[-3,80],[38,0],[229,6]],[[29161,45746],[86,1],[22,-3]],[[29269,45744],[9,-276]],[[29162,45586],[-1,160]],[[24855,27268],[116,338]],[[25722,52945],[-2,148],[4,50],[17,57]],[[25874,53203],[3,-321]],[[25878,52764],[0,-1]],[[25719,52731],[5,39],[-2,175]],[[27369,50355],[294,10],[105,4]],[[27769,50293],[-35,-6],[-68,-42],[-38,-14]],[[27628,50231],[0,43],[-8,28],[-17,-13],[-3,-39],[-65,-10],[-6,-33]],[[27774,50101],[-39,13],[-27,-1],[-31,-11]],[[27677,50102],[-24,-1],[0,27],[32,1],[6,49],[-52,-2],[-20,15],[0,34],[9,6]],[[8036,49974],[24,-2],[88,2]],[[8148,49974],[1,-77]],[[8149,49897],[-21,-8],[-45,-2],[-19,-23]],[[7908,49815],[-62,5],[-10,6],[-68,-1]],[[7768,49825],[0,54],[-17,0],[4,46],[21,8],[41,-45],[57,-19],[33,1],[22,16],[33,35],[74,53]],[[14830,42102],[177,-1],[116,41],[4,5],[-3,144]],[[15124,42291],[74,-2],[29,9],[33,20],[32,25],[30,-14],[20,-31],[21,-4],[99,-44],[19,-20],[-55,-154],[-16,-64],[-2,-104]],[[15408,41908],[-44,1],[-1,-18],[-113,-3],[-1,50],[-11,13],[-29,2],[0,-55]],[[15209,41898],[-151,1]],[[15058,41899],[-76,5],[-1,-83]],[[14981,41821],[-154,0],[1,91],[-36,0]],[[14792,41912],[-18,159],[37,27],[19,4]],[[15050,42549],[13,-21],[48,-143],[13,-45],[0,-49]],[[14830,42102],[3,123],[0,77],[34,-1],[25,12],[42,0],[49,-6],[1,80],[-62,1],[-13,15],[1,143]],[[14981,41821],[-1,-139],[-5,-20]],[[14836,41742],[-28,78],[-10,41],[-6,51]],[[14892,40619],[75,-1]],[[14967,40618],[72,-2],[5,14],[1,108]],[[15045,40738],[1,40]],[[15178,40794],[48,-58]],[[15226,40736],[-119,-144],[-6,-40]],[[15101,40552],[1,-35],[35,-38],[8,-20]],[[15145,40459],[-253,-1],[0,23]],[[14892,40481],[0,138]],[[15058,41899],[2,-78],[11,-19],[31,-32],[30,-75],[1,-36]],[[25412,53029],[35,-119],[18,-37]],[[25465,52873],[35,-70],[0,-54]],[[25339,52746],[-2,120]],[[25337,52866],[-2,156]],[[25182,53019],[0,-157]],[[25182,52862],[-77,-1]],[[25105,52861],[-128,-1]],[[24978,53015],[-6,164]],[[10602,18568],[30,0]],[[10880,18569],[-3,-162],[24,-40]],[[10839,18186],[-46,-45],[-7,8],[-34,-35]],[[10752,18114],[-32,-33],[5,-15],[9,-96],[31,-79]],[[10765,17891],[-55,63],[-68,20],[-83,20]],[[10559,17994],[17,41],[46,193],[6,51],[2,99],[-28,190]],[[13346,17369],[9,18],[-9,19],[32,6],[17,24],[11,-14],[20,44]],[[13426,17466],[53,-41],[30,-18],[51,-22],[71,-16],[138,-3],[57,-6],[266,-63],[41,-17],[28,-20],[29,-35],[34,-60],[25,-38],[45,-49],[37,-29],[62,-33]],[[14393,17016],[4,-424]],[[13622,16605],[0,33],[14,33],[22,0],[0,31],[-74,5],[-3,383],[-98,1],[-41,-2]],[[13442,17089],[10,9],[21,55],[-25,16]],[[13497,16608],[-30,11],[21,31],[-59,66],[5,34],[-17,23]],[[13417,16773],[-8,41],[9,29],[39,77],[-16,38],[0,49],[13,7],[-26,33],[14,42]],[[11899,17984],[38,-63],[7,-25],[0,-66],[74,0],[-1,-68],[-16,-36],[16,-48],[0,-32],[12,-55]],[[11774,17594],[-15,10]],[[10497,17337],[4,-1]],[[10501,17336],[57,-7],[210,3]],[[10768,17332],[15,-10],[44,-55],[206,54],[88,19],[92,85]],[[11213,17425],[27,38],[17,-24]],[[10887,16640],[1,-105],[-1,-374],[1,-158]],[[10292,16657],[24,66],[119,227],[13,40],[14,109],[19,119],[16,119]],[[13047,17801],[1,201]],[[13048,18002],[14,-3],[30,-25],[27,-1],[5,-15],[69,2],[2,8],[74,-2],[0,-150],[85,27],[61,2],[0,32],[20,27],[43,15],[46,32],[406,-4],[29,2],[279,10],[145,3]],[[14386,17714],[4,-320],[3,-378]],[[13426,17466],[-38,19],[-355,127]],[[10131,17414],[64,27],[50,10],[51,26],[18,21],[37,8],[16,-11],[61,-103],[34,-38],[35,-17]],[[9942,17037],[54,122],[-3,2],[71,140],[67,113]],[[12611,17183],[68,4],[294,-5],[0,176],[3,25],[48,191]],[[13417,16773],[-148,75],[-27,7],[-299,5],[-184,1],[-144,2]],[[20429,32099],[233,10]],[[20662,32109],[1,-160]],[[20663,31949],[-75,-5],[-155,-5]],[[20433,31939],[-4,160]],[[20423,32285],[237,10]],[[20660,32295],[2,-186]],[[20429,32099],[-6,186]],[[20221,31931],[108,3],[71,3]],[[20400,31937],[2,-102]],[[20402,31835],[-37,-1],[0,22],[-70,-1]],[[20295,31855],[-61,0],[-13,8]],[[20221,31863],[0,68]],[[20402,31835],[1,-58]],[[20295,31695],[0,160]],[[20346,31536],[-50,0],[0,-24]],[[20204,31511],[15,35],[45,49]],[[20362,31449],[-22,-44]],[[19392,58201],[-14,-24],[0,-48]],[[19462,58201],[3,-44],[0,-90]],[[19465,58067],[-32,18]],[[19465,58201],[83,1]],[[19548,58202],[-1,-160]],[[19547,58042],[0,-96]],[[19547,57946],[-26,62],[-34,42],[-22,17]],[[20714,31476],[47,38],[53,34],[52,62],[15,7],[30,34],[38,13]],[[20949,31664],[25,-7],[8,-53],[-11,-22],[4,-255]],[[20975,31327],[-128,43],[-48,29],[-76,69],[-15,0]],[[20708,31468],[6,8]],[[20707,14690],[0,73],[-26,10],[-1,15]],[[25234,52226],[-11,-19]],[[25223,52207],[-22,-25],[-10,-27]],[[25191,52155],[-11,-23],[-10,-50],[3,-80],[16,-42],[0,-26],[-23,-93],[-19,-17]],[[25147,51824],[-58,-38],[-70,-6]],[[25019,51780],[-9,441]],[[25191,52155],[22,-22],[17,-49],[46,-5],[9,-17],[90,1]],[[25375,52063],[30,1],[28,18]],[[25433,52082],[5,-14]],[[25288,51870],[-20,-22],[-30,3],[-20,-22],[-50,-17],[-21,12]],[[14434,23927],[2,-169],[0,-373],[3,-27],[3,-423],[1,-306],[2,-337]],[[14445,22292],[-407,-2]],[[14038,22290],[2,151],[-1,107],[-4,34],[-32,91],[-11,53],[-1,267],[2,68],[35,1],[0,33],[-35,0],[1,85],[10,30],[27,37],[54,51],[41,49],[31,51],[277,529]],[[19548,58202],[4,0]],[[19774,58045],[-105,-2]],[[19669,58043],[-122,-1]],[[19633,57883],[2,89],[6,18],[24,27],[4,26]],[[19593,57882],[-37,45],[-9,19]],[[18798,8831],[287,1],[158,0]],[[19243,8514],[-398,0],[-49,-4]],[[18796,8510],[2,321]],[[19547,57883],[-116,-1]],[[20070,31927],[151,4]],[[20221,31863],[1,-169]],[[20222,31694],[-117,-4],[0,20]],[[20105,31710],[5,20],[-1,80],[-10,0],[-4,60],[-24,32],[-1,25]],[[25050,50301],[189,5],[232,5],[308,9]],[[25779,50320],[154,4]],[[23222,49302],[-4,204],[-13,454],[-7,300]],[[25881,52242],[5,0]],[[25890,51928],[-69,119],[-86,140],[-58,-50]],[[25677,52137],[-58,29],[-56,16],[-32,2],[-108,-2]],[[25423,52182],[0,49]],[[25026,51257],[36,1],[12,24],[39,5],[64,0],[0,-28],[339,5]],[[25516,51264],[238,3],[149,3]],[[25918,50801],[6,-162]],[[25928,50483],[-153,-5],[4,-158]],[[20366,31379],[1,-3],[149,-103],[28,-17]],[[20544,31256],[-9,-30],[-27,-34],[6,-33],[-10,-16],[-90,-5],[-31,24]],[[20383,31162],[2,50],[-14,83],[-11,43],[-16,16],[22,25]],[[20286,31294],[53,108]],[[20339,31402],[27,-23]],[[20383,31162],[-4,-24],[-157,-3],[9,49],[55,110]],[[25019,51780],[-144,-13],[-28,-14],[3,107],[13,0],[-2,114],[7,0],[-7,80],[-62,-30],[-80,-72],[-29,-10],[-61,20]],[[25019,51780],[2,-66],[-20,-8],[-42,-5]],[[24959,51701],[-44,-4],[-53,4],[-49,-24],[-65,-65],[-12,-53],[-11,-22],[-39,-27],[-34,-9],[-14,-19],[-7,-36],[35,-50],[-6,-32],[-21,-12]],[[25500,51869],[131,16],[-1,33],[-10,21],[-45,60],[-18,47],[120,91]],[[25890,51926],[2,-177],[11,-479]],[[25516,51264],[-1,97]],[[24959,51701],[9,-36],[86,30],[52,3],[4,-77],[16,0],[3,-80],[26,6],[34,-17],[16,1],[-2,71],[32,-7],[50,0],[3,15]],[[25433,52082],[-10,38],[0,62]],[[20167,31614],[55,0]],[[20189,31442],[-2,34],[-57,-1],[-3,98],[57,1],[-17,18],[0,22]],[[19776,31766],[103,0],[17,-10],[64,-14],[28,-19],[47,-14],[70,1]],[[20167,31614],[-148,-2],[-39,6],[-172,57],[-32,5]],[[19776,31680],[0,86]],[[14978,50707],[282,1],[513,0]],[[15773,50708],[2,-195],[4,-448],[-1,-345]],[[15778,49720],[-152,4],[2,-4],[0,-157],[38,0],[2,-159],[0,-159],[-113,1],[1,-267],[-12,-23],[0,-29],[32,0],[-26,-75],[4,-19],[33,2],[12,-30],[34,-3],[2,-260]],[[15635,48542],[-25,13],[-47,35],[-37,17],[-46,8],[-155,0],[-307,-6]],[[15018,48609],[-1,86],[-334,-4],[-320,1],[-198,-2],[0,-17],[-33,19],[-34,39],[-32,23],[-49,14],[-35,1],[-195,-1],[-34,-13],[-117,-72],[-5,6],[-68,-1],[-4,4],[-1,78],[-186,-4],[-6,-8],[1,-126],[-183,59]],[[13184,48691],[0,483],[-1,400],[-3,401],[-14,14],[-13,384],[-12,324]],[[18105,48761],[154,1],[297,6],[134,-1]],[[18690,48767],[1,-131],[4,-351]],[[18700,47884],[-121,-1],[-38,-10],[-20,8],[-28,-5],[-38,4],[-113,0],[-17,9],[-46,50],[-11,21]],[[18268,47960],[-4,248],[-2,235],[-157,0],[-2,161],[2,157]],[[15778,49720],[139,-3],[103,-1],[156,1],[320,0],[209,1],[-4,18],[20,12],[17,-12],[41,-6],[25,36],[41,1],[27,-49],[161,4]],[[17033,49722],[-1,-79],[37,-1],[1,-79],[38,0],[-2,-157],[-1,-155],[-2,-179],[0,-311],[-231,-3],[3,-176],[2,-224]],[[16877,48358],[-457,4]],[[16420,48362],[-1,173],[58,66],[16,23],[73,91],[0,44],[-153,1],[-1,149],[34,60],[25,30],[-45,0],[-4,-11],[-59,-32],[-6,-41],[-32,-7],[-33,18],[-22,0],[6,-44],[-4,-25],[-15,-39],[4,-96],[13,-76],[28,-93],[1,-110],[-38,0],[1,20],[18,20],[-169,-4],[-4,-37],[12,-4],[39,-46],[13,-29]],[[16175,48363],[-46,-2],[-45,-17],[-36,-23]],[[16048,48321],[-30,-19],[-29,37],[0,31],[-15,15],[-31,5],[-3,54],[-75,3],[0,99],[-51,-13],[-53,-4],[-96,4],[-30,9]],[[16175,48363],[170,1],[75,-2]],[[16877,48358],[0,-113],[-16,-38],[-89,34],[-47,3],[1,-182]],[[16726,48062],[-136,5],[-55,-12],[-24,23],[-5,-43],[-53,-71],[-53,-7],[-56,3],[0,-75],[-105,1],[12,13],[-1,106],[-92,0],[-8,-20],[-39,-10],[-50,0],[-24,15],[0,45],[18,12],[20,37],[-1,82],[19,28],[-18,43],[-1,62],[-26,22]],[[15773,50708],[152,0],[361,-2],[528,1]],[[16814,50707],[515,1],[133,-1],[243,1],[96,1]],[[17801,50709],[387,2],[492,0]],[[18680,50711],[0,-279],[-1,-385],[1,-297]],[[18680,49750],[0,-26],[4,-495],[3,-299],[3,-163]],[[18105,48761],[0,199],[-2,67],[-4,344],[-21,33],[106,1],[23,57],[-19,61],[-42,25],[0,17],[-47,0],[1,157],[-195,-2],[-642,4],[-230,-2]],[[13182,47278],[1,59]],[[13183,47337],[3,391],[-2,722],[0,153]],[[13184,48603],[0,88]],[[15018,48609],[1,-211],[4,-301],[2,-280],[1,-324],[-155,-2],[2,-642]],[[13178,46856],[1,2],[0,246],[3,174]],[[16726,48062],[34,-10],[5,-47],[-2,-104],[2,-46],[14,-12],[3,-26],[92,-65],[-54,-137],[-7,-34],[8,-376],[1,-15],[5,-245],[-8,-52],[5,-47]],[[18700,47884],[2,-196]],[[17847,47805],[-28,30],[-8,26],[84,-4],[-2,18],[21,33],[0,52],[119,1],[235,-1]],[[23966,12219],[0,-79],[-209,-1],[-53,1],[-2,-41],[-26,4],[-2,34],[-18,2],[-17,31],[-28,62],[-36,3],[-46,40],[-32,-47],[-23,-13],[-144,-1],[-55,-8],[-39,1]],[[23236,12207],[2,215],[35,-17],[4,-11],[29,1],[7,-19],[41,-2],[-16,27],[17,18],[8,44],[-6,16],[-3,66],[3,26],[-12,8],[35,72],[4,30],[-1,49],[139,0],[-5,-35],[46,-8],[23,-47],[20,-90],[8,-14],[71,3],[103,0],[-2,-160],[73,1],[2,-28],[19,-53],[14,-10],[1,-45],[29,-21],[42,-4]],[[22350,12093],[42,7],[165,99],[20,9],[106,0],[387,5],[166,-6]],[[23966,12219],[72,0],[65,-4],[29,9],[133,-2],[152,-8],[108,5],[108,2],[98,-4],[158,0],[108,3]],[[24985,10308],[0,-8]],[[24985,10300],[-480,-4],[-255,-4],[-139,0],[-18,2],[-125,0],[-251,-7],[-152,0],[-53,2],[-153,2],[-137,-2]],[[23222,10289],[-2,7],[-48,-1],[-209,-1],[-399,-4],[-59,1],[-164,-1]],[[14391,53007],[35,0],[0,11],[42,0],[1,11],[51,-1]],[[14976,24259],[-262,3],[-25,-5]],[[14689,24257],[3,37],[12,62],[24,66],[55,131],[105,-3],[-17,-46],[-20,-34],[163,-6],[1,-123],[-39,-14],[0,-68]],[[15917,23859],[58,28],[113,2],[0,-55],[20,0],[0,-25],[22,0],[121,-81],[116,2],[117,0],[-2,169],[0,232],[-38,4],[-3,67],[3,3]],[[16444,24205],[41,4],[164,-2],[466,-2],[157,3],[296,3],[218,1],[-1,79],[225,1]],[[18013,22613],[-149,2],[-254,-2],[-469,-5],[-305,1],[-155,-2],[-157,1],[-287,0]],[[16237,22608],[-598,7],[-253,0]],[[15386,22615],[-8,9],[-1,223],[3,246],[87,0],[35,52],[269,218],[95,76],[1,57],[27,16],[10,41],[-10,18],[16,72],[2,52],[28,36],[29,14],[3,14],[-42,51],[7,14],[-20,35]],[[16084,25172],[149,0],[-1,252],[0,234],[-2,477]],[[17111,26136],[1,-454],[-1,-350],[150,1],[0,-160],[238,0],[224,4],[286,-1],[2,-483]],[[16444,24205],[-23,3],[-34,-29],[-25,2],[-2,267],[15,5],[0,77],[-33,-1],[-58,23],[-20,0],[-13,-22],[-39,-3],[-126,3]],[[16086,24530],[0,261],[-2,381]],[[14412,25381],[39,0],[265,-15],[121,-4],[206,-11],[2,-2],[1,-159],[72,-2],[5,7],[-2,50],[69,5],[8,13],[112,-5],[38,0],[-1,197],[199,0],[20,-66],[64,-117],[8,-30],[1,-68],[445,-2]],[[16086,24530],[-1,-269],[2,-102],[-6,-37],[-37,9],[-34,-19],[-14,-54],[-33,-19],[-9,-36],[1,-33],[-10,-20],[-26,-15],[-17,-28],[2,-25],[13,-23]],[[15386,22615],[-48,-1],[2,-159],[0,-158],[-423,-4]],[[14917,22293],[-114,1],[-85,-2],[-94,1],[-179,-1]],[[14434,23927],[-2,68],[0,177],[-2,59]],[[14430,24231],[-4,342],[-4,316],[-9,414],[-1,78]],[[14689,24257],[-3,-180],[51,0],[1,75],[49,-2],[0,-89],[29,-1],[4,-24],[74,-6],[0,118],[127,-2],[52,-28],[17,-1],[20,19],[36,53],[-55,11],[-55,26],[-27,2],[-17,30],[-16,1]],[[14431,26931],[-8,882],[-3,240]],[[14412,25381],[-3,355],[-5,391],[35,0],[-1,122],[-4,402],[-3,280]],[[18893,26137],[0,-225],[0,-334],[1,-162],[1,-720]],[[25375,52063],[-2,40],[-53,3],[-6,37],[-11,26],[-35,10],[-45,28]],[[27784,49679],[230,5],[77,1],[6,-260]],[[27790,49418],[-6,261]],[[14893,40739],[76,0]],[[14969,40739],[-2,-121]],[[14892,40619],[1,120]],[[14896,41408],[4,-55],[-18,0],[0,-51],[-28,-1],[-1,-35],[-18,-41]],[[14835,41225],[22,-42],[40,-2],[0,-25]],[[14896,41038],[-31,12],[-21,49],[-17,18],[-4,22],[-29,19],[-23,5],[-24,20],[-23,-12],[-37,12],[-65,0]],[[14622,41183],[0,54],[5,25],[64,177]],[[12161,43045],[184,-1],[539,-5],[198,-3],[0,-76],[279,-3],[190,-4],[292,-1],[134,-2],[15,-16],[0,-47],[16,-17],[290,0],[1,164],[228,0],[386,-3]],[[14677,41807],[-2,8],[1,211],[-48,-2],[-64,-18],[-20,7],[-19,-12],[-55,26],[-30,-1],[-68,-10],[-35,2],[-44,-7],[-26,24],[-12,-18],[-14,22],[-36,11],[6,34],[-3,19],[-40,-3],[-25,22],[-39,-15],[-8,16],[-36,14],[-16,-11],[-27,1],[-17,16],[-12,-36],[-3,-293]],[[13985,41814],[-77,43],[-33,24],[-58,56],[-29,18],[-124,39],[-37,20],[-82,66],[-39,20],[-49,16],[-33,20],[-64,55],[-25,16],[-135,77],[-30,23],[-46,48],[-47,32],[-2,-311],[-128,1],[-14,39],[-49,1],[-44,-19],[-14,-11],[-9,-43],[-20,-37],[-13,-4],[-36,13],[-29,32],[-6,20],[-22,-3],[-21,-28],[-22,-42],[-338,9],[-16,-3],[-133,0]],[[13858,41403],[25,3],[-4,72],[25,-2],[79,4],[2,334]],[[14622,41183],[-20,3],[-42,34],[-44,5],[-3,39],[-226,0],[-27,-12],[-18,-33],[-7,-36],[-106,2],[-73,-1],[4,-267]],[[14060,40917],[-73,-4],[-43,-6],[-1,195],[-152,3],[-3,38],[3,61],[34,55],[1,48],[22,52],[10,44]],[[14765,40775],[72,10],[57,-6]],[[14894,40779],[-1,-40]],[[14892,40481],[-51,-10],[-39,12],[-15,-6],[-51,1],[-74,21],[-72,-1]],[[14590,40498],[1,88],[11,27],[163,162]],[[15507,41626],[-84,184],[-13,51],[-2,47]],[[15145,40459],[2,-21],[-16,-43],[-38,-71],[-42,-54]],[[15051,40270],[-32,-33],[-17,-36],[-69,-74],[-34,-48],[-128,-167]],[[14771,39912],[-41,12],[-26,3],[-13,19],[-8,30],[-13,6],[-79,1]],[[14591,39983],[-2,26],[0,213],[1,276]],[[15316,41574],[-33,40],[-5,22],[-24,24]],[[15254,41660],[-19,22],[-18,41],[-9,43],[1,132]],[[14152,40921],[28,-21],[19,-6],[77,-1],[71,-8],[91,-25],[21,-2],[159,1],[42,-17],[39,-32],[43,-30],[23,-5]],[[14591,39983],[-76,0],[-228,2],[1,162],[-120,2],[-29,-3]],[[14139,40146],[35,32],[-4,29],[-15,50],[-27,30],[1,51],[14,157],[-12,-1],[-13,26],[3,32],[12,18],[-5,15],[32,57],[-13,26],[-5,31],[17,24],[-1,24],[12,7],[-8,45],[-24,77],[14,45]],[[13051,40154],[11,-1],[0,-40],[54,-1],[24,-8],[6,-14],[31,-16],[94,-2],[149,-1],[38,-17],[70,1],[63,-13],[18,7],[25,21],[44,-1],[-1,81],[429,-2],[33,-2]],[[14771,39912],[-8,-11],[-11,-54]],[[14752,39847],[9,-82],[36,-103],[-2,-74],[-8,-29],[-20,-33]],[[14630,39379],[-33,-16],[-24,0],[-28,21],[-14,32],[-33,34],[-29,9],[-42,1],[-56,-46],[-20,-6],[-64,-7],[-45,-24],[-65,-10],[-55,-20],[-38,-5],[-50,4],[-161,23],[-49,-8],[-75,-41],[-148,-62],[-63,-21],[-49,-30],[-113,-83],[-117,-66],[-89,-53],[-110,-75]],[[15133,41659],[111,-4],[10,5]],[[15322,41495],[-1,-20],[38,-8],[0,-13],[-30,-4],[-8,-35]],[[13858,41403],[-29,-8],[-33,-20],[-33,-27],[-91,0],[-218,2],[-82,3],[3,394],[-71,19],[-9,-5],[-70,-2],[-77,1],[-3,-145],[-16,-15],[-45,-1],[-12,-15],[-6,-565],[-3,-62],[-11,-431],[1,-55],[-2,-157],[-37,2],[-1,-100],[12,-18],[26,-13],[0,-26]],[[14060,40917],[68,7],[24,-3]],[[14971,40899],[-77,0],[0,-120]],[[14969,40739],[76,-1]],[[15279,41177],[-192,3],[-28,29]],[[15059,41209],[12,51]],[[10957,19356],[24,-4],[70,1]],[[11051,19353],[-156,-198]],[[10895,19155],[-45,-56]],[[10716,18925],[-4,-7]],[[10575,18768],[-47,97],[8,15],[11,55],[17,35],[45,77],[145,275],[52,-25],[49,122],[61,-29],[20,-25],[21,-9]],[[11058,19353],[125,1]],[[11219,19257],[-40,4],[-112,-2]],[[11067,19259],[-9,94]],[[11071,19030],[0,87]],[[11071,19117],[-4,142]],[[15238,40979],[11,-3],[22,-29]],[[15271,40947],[-6,-6],[-1,-69],[28,-54]],[[15292,40818],[-66,-82]],[[15156,40918],[27,16],[55,45]],[[15271,40947],[8,-11],[26,22],[-4,14],[37,32]],[[15338,41004],[81,-104]],[[15419,40900],[-104,-64],[-23,-18]],[[9417,49120],[86,-2]],[[9503,49118],[489,1],[139,1],[168,4],[138,1]],[[10437,49125],[1,-219],[-1,-103],[317,-3]],[[10754,48800],[-21,-113],[-2,-504],[-2,-236],[0,-395],[32,-17],[38,-8],[87,-3],[-3,-196]],[[10883,47328],[-21,-2],[-61,-31],[-40,-15],[-89,3],[-63,-1],[-34,-15],[-32,-1],[-63,-8],[-12,-6],[-58,-10],[-75,-23],[-54,-24],[-94,2],[-133,-1],[-149,2],[-15,3],[-86,1],[-155,-1],[-153,3],[-85,-1]],[[9411,47203],[-24,145],[-4,55],[3,263],[-7,174],[4,118],[40,406],[3,70],[0,206],[3,0],[0,162],[-3,46],[0,192],[-9,80]],[[12643,46996],[76,39],[463,243]],[[13097,46641],[-155,3],[-8,1],[-1,79],[-118,0],[-103,-3],[0,135]],[[12712,46856],[7,40],[-31,0],[1,46],[-46,0],[0,54]],[[9544,49879],[17,11],[45,68],[13,11],[58,4],[66,24],[78,0],[88,20],[62,-7],[32,9],[51,5],[35,17],[32,5],[81,47],[45,9],[13,17],[6,34],[16,19],[38,18],[50,12],[49,2],[61,10],[33,34],[61,141]],[[10574,50389],[52,-5],[163,-3],[6,-286],[-7,-57],[5,-230],[-8,-227]],[[10785,49581],[-86,6],[-22,-1],[-78,-15],[-64,-17],[-83,-11],[-16,-5],[0,-260],[1,-153]],[[9503,49118],[-2,388],[-10,1],[-13,84],[-1,52],[32,50],[32,16],[2,38],[-6,25],[2,85],[5,22]],[[12643,46996],[-131,-69],[-43,-33],[-29,-37]],[[12440,46857],[-114,-156]],[[12326,46701],[-1,155],[-67,1],[0,320],[2,117],[75,3],[77,-2],[0,164],[155,1],[3,-61],[38,-3],[4,-58],[111,1],[168,-2],[138,5],[154,-5]],[[8580,47222],[107,-3],[18,-2],[88,37],[27,8],[44,-2],[86,2],[149,14],[92,-21],[29,11],[61,6],[20,-14],[69,-31],[20,-21],[21,-3]],[[10883,47328],[19,-7],[33,-1],[63,19],[74,0],[41,3],[111,54],[63,15],[58,-4],[-4,-294],[-5,-248],[-48,0],[-5,-384]],[[11283,46481],[-3,-234],[-2,-321]],[[12172,46491],[154,210]],[[12440,46857],[272,-1]],[[12168,45921],[4,570]],[[8888,49437],[74,78],[55,2],[31,23],[27,65],[12,58],[14,42],[3,33],[42,67],[43,36],[52,30],[87,28]],[[9328,49899],[30,20],[39,8],[56,-28],[43,-16],[21,-14],[27,10]],[[9417,49120],[-173,4],[-35,5],[-41,18],[-47,42],[-101,139],[-44,33],[-39,8],[2,58],[-9,11],[-25,-9],[-17,8]],[[10754,48800],[450,-5],[153,-2]],[[11357,48793],[145,-4],[1,41],[222,-7],[83,-13],[179,-61],[61,-16],[61,-3],[112,6],[56,18],[37,28],[37,38],[56,32],[47,8],[97,-4],[46,-17],[150,-90],[36,-18],[247,-77],[0,-3],[154,-48]],[[12172,46491],[-34,-47],[-27,-43],[-67,-77],[-54,-38],[-46,-27],[-77,76],[-28,14],[-21,-2],[-63,21],[-20,28],[-133,2],[-46,-10],[-59,8],[-37,16],[-27,22],[-31,4],[-35,-5],[-84,48]],[[8592,47872],[1,81],[1,397],[6,275],[2,206]],[[8607,49299],[86,9],[109,60],[86,69]],[[15465,41080],[28,-29],[-3,-11],[-33,-40],[-23,-18],[39,-49]],[[15473,40933],[-54,-33]],[[15338,41004],[77,67],[25,-13],[25,22]],[[15465,41080],[-8,11]],[[15655,41205],[-70,-192],[-15,-18],[-97,-62]],[[19777,31251],[31,-38],[227,-199],[64,-44],[79,-37],[-16,-79],[143,-11],[151,3],[151,-10]],[[20607,30836],[7,-255],[12,-641],[8,-465]],[[20634,29475],[-111,4],[-347,6],[-145,7],[-230,-1]],[[19801,29496],[-5,310],[-9,495],[-3,86],[-7,371],[-1,206],[4,0],[-1,202],[-2,85]],[[20479,31617],[59,0],[43,-19],[50,-47]],[[20631,31551],[-1,-14],[-113,-8]],[[20517,31529],[-73,-1],[-10,10]],[[20672,31428],[-1,40],[37,0]],[[20975,31327],[3,-174],[6,-26],[24,-52],[19,-50],[5,-29]],[[21032,30996],[-352,-6]],[[20680,30990],[-5,279],[-3,41],[0,118]],[[22034,33898],[1,-79],[-2,-379],[-1,-505]],[[22032,32935],[-250,2],[-212,0],[-423,-13],[-123,-5],[-369,-11]],[[20655,32908],[-225,-8],[-148,-4],[-75,-5],[-76,0],[-356,-11]],[[19775,32880],[1,291],[-2,235],[0,433]],[[21032,30996],[508,7],[387,3]],[[21513,29481],[-178,-1],[-421,-4],[-141,2],[-139,-3]],[[20607,30836],[-6,151],[79,3]],[[22032,32935],[3,0],[-2,-155],[0,-243],[-1,-281],[1,-17],[-1,-263],[-2,-11],[-2,-233]],[[22028,31732],[-360,-2],[-94,-3],[-151,-9],[-154,4],[-113,-6],[-76,-2],[-75,3],[-28,-4]],[[20977,31713],[-6,72]],[[20969,31796],[1,38],[-5,124],[-219,-8],[-83,-1]],[[20660,32295],[-5,459],[0,154]],[[22028,31732],[1,-240],[1,-485]],[[20949,31664],[19,-2],[9,51]],[[19775,32880],[1,-479],[0,-479]],[[19776,31922],[0,-156]],[[19776,31680],[0,-394]],[[19776,31286],[-299,-2],[0,-167],[-315,-5],[-153,-2],[-132,0],[-2,-3]],[[19776,31922],[92,119],[84,88]],[[19952,32129],[69,-59],[21,16],[307,10],[80,3]],[[20433,31939],[-33,-2]],[[20070,31927],[-41,-5],[-33,3],[-220,-3]],[[19776,31286],[1,-35]],[[20714,31476],[-83,75]],[[15239,41043],[23,-10],[15,7],[1,79]],[[15238,40979],[1,64]],[[21086,38810],[-302,5],[-161,-2],[-14,2]],[[20609,38815],[-3,165]],[[10430,60848],[5,1],[357,4],[112,0],[383,-5],[16,5],[68,-2],[88,2],[333,-6],[188,-9],[177,-3],[244,-11],[229,1]],[[12630,60825],[0,-187],[6,-324],[4,-161],[1,-146],[3,-97],[4,-240]],[[12648,59670],[-241,-1],[-227,0],[0,2],[-161,3],[-305,-3],[-9,-23],[-42,0],[-32,-9],[-26,-70],[-2,-17],[-60,17],[-25,11],[-5,-66],[-61,-1],[-25,-38]],[[11427,59475],[-101,2],[-95,0],[-2,40],[-76,0],[-31,-38],[-52,-2],[-1,109],[-46,56],[-28,3],[-10,17],[7,32]],[[10992,59694],[32,12],[52,2],[20,19],[-6,33],[42,34],[23,39],[70,38],[4,25],[25,31],[21,12],[39,42],[1,19],[-6,167],[-10,147],[-166,4],[-150,0],[1,81],[-42,1],[-27,-14],[-28,14],[-177,-2],[-2,80],[-83,-2],[-114,0],[-2,235],[-6,33],[-77,2],[4,102]],[[8565,60841],[249,-3],[280,2],[136,0],[435,4],[209,1],[156,-3],[77,4],[323,2]],[[10992,59694],[-36,38],[-26,-16],[-56,-3],[-64,-54],[-23,-8],[-28,11],[-58,4],[-29,9],[-29,0],[-58,-14],[-9,34],[-18,17],[-3,165],[-19,6],[-18,-10],[-28,-2],[-30,-19],[-12,-18],[-26,-14],[-13,26],[-15,13],[-25,48],[-55,43],[-27,30],[-12,1]],[[10275,59981],[-13,7],[-14,25],[-21,13],[-30,40],[-18,43],[-26,29],[-10,37],[-23,31],[-51,30],[-32,3],[1,-56],[-5,-12],[-34,-27],[-12,-47],[-22,-38],[-2,-22],[29,-60],[-27,-16],[-24,-4],[-32,-23],[-26,15],[-37,36],[-30,24],[-58,26],[-34,28],[-61,74],[-32,14],[-34,-13],[-26,2],[-36,-29],[-136,-14],[-41,-15],[-25,-15],[-25,-33],[-79,-52],[-71,-24],[-27,-16]],[[9131,59942],[-21,-5],[-22,11],[-4,41],[5,34],[-4,27],[-2,85],[18,20],[21,4],[-3,65],[-17,32],[-46,30],[-31,-53],[-29,0],[-39,-11],[-7,13],[-51,18],[-36,44],[8,15],[93,42],[12,23],[1,36],[9,26],[-13,27],[-28,5],[-25,-62],[-15,-20],[-29,-2],[-22,69],[-15,1],[-33,50],[-32,-20],[-18,-69],[-42,-32],[-4,-32],[-20,2],[-35,18],[-44,5],[-59,29],[-75,2]],[[8477,60410],[15,27],[24,19],[28,49],[0,32],[-13,69],[-11,120],[6,33],[39,82]],[[21088,38649],[-477,9]],[[20137,39208],[2,-75]],[[20139,39133],[-80,-1],[-19,4],[5,-174]],[[19677,38967],[-3,165]],[[20623,37855],[-7,470],[17,2],[-2,91]],[[20631,38418],[0,44],[-17,29]],[[21557,37216],[-438,283],[-173,102],[2,-237],[-152,0],[-101,-1],[-13,-5],[-2,-36],[-48,-2],[-1,24],[-35,-1],[-40,-13],[-2,-35],[-68,-2],[-127,-8],[7,-134],[-9,-28],[-67,-1],[-3,-25],[-72,7],[-28,-6],[-7,-13],[-43,-8],[1,-31],[-132,7],[-22,4],[-2,75],[-79,0],[-195,-7]],[[20631,38418],[-171,-6],[-95,4]],[[20454,38980],[152,0]],[[20139,39133],[2,-81]],[[20141,39052],[3,-82],[-38,-1],[0,-30]],[[20183,38924],[-2,130],[-40,-2]],[[20517,31529],[3,-147],[-89,-6],[-53,21],[-12,-18]],[[20423,32285],[-274,-12],[-25,-5],[-36,-16],[-89,-77],[-47,-46]],[[19776,31286],[153,2],[259,6],[98,0]],[[20544,31256],[12,23],[19,-3],[34,70],[3,28],[60,54]],[[11153,18349],[79,15]],[[11232,18364],[0,-81],[18,0],[0,-40]],[[11250,18243],[-24,0],[5,-79],[-72,2]],[[11159,18166],[-5,65],[-1,118]],[[18038,8030],[75,-2],[1,163],[77,-2],[0,41]],[[18191,8230],[95,7],[9,-29]],[[18343,8210],[-4,-191]],[[18339,8019],[-75,3],[-2,-108],[-19,-47],[-47,-45],[-24,-12],[-8,-16],[13,-41],[5,-35]],[[18043,8370],[-21,-16],[-153,3],[-68,6],[-33,6],[-71,29],[-35,35]],[[17400,8655],[-16,-20],[-67,0],[-27,-30],[-27,-51],[-11,-6],[-39,54],[-47,14],[-39,28],[-58,24],[-74,104],[-18,16],[-25,10]],[[18339,8019],[204,12],[19,-38]],[[17662,8433],[1,-35],[-7,-28],[14,-15],[8,-30],[33,-11],[2,-31],[-9,-23],[-23,-18],[-6,-90],[-12,-20],[-18,-10],[-14,-21],[3,-30],[18,-43]],[[17652,8028],[-37,-1],[2,22],[-40,6],[-1,62],[-73,1],[-4,16],[-95,3],[-5,-16],[-30,0],[-8,-66],[-50,-16],[1,-72],[-38,-1],[-4,-7],[-58,1],[-13,-20],[-21,16],[-21,31],[-50,34],[-51,3],[0,18],[-17,13],[2,49],[-28,76],[13,8],[5,67],[-6,50],[-41,13],[-50,-3],[-25,-33],[-4,-60],[-15,-17],[-13,-32],[-33,-9],[-39,-25],[-62,8],[0,29],[-12,46],[-27,75],[-19,40],[-63,19],[-26,27],[-35,22],[-13,26],[12,11],[40,6]],[[18192,8307],[-1,-77]],[[17797,8033],[-25,-1],[-51,8],[-56,-6],[-13,-6]],[[10975,18114],[-25,-58],[14,-16]],[[10964,18040],[-83,-84]],[[10881,17956],[-119,138],[-10,20]],[[29141,47031],[76,1],[0,21],[34,1],[0,-22],[44,-25],[10,27],[97,1],[4,-321],[3,-161]],[[29170,46551],[-146,-1]],[[29024,46550],[-3,116],[9,45],[111,320]],[[29141,47031],[115,331],[57,162]],[[29704,47530],[8,-653],[5,-320]],[[22375,14135],[132,-3],[101,0],[203,-2],[260,1],[106,-1],[88,1],[249,-1],[339,-6],[269,-2],[156,-1],[73,4],[446,-1],[221,-2]],[[25018,14122],[0,-2]],[[20480,60707],[634,-17],[82,-5],[291,-9],[297,-3],[90,1],[153,5],[308,12]],[[22346,59828],[2,-206],[1,-453],[0,-298]],[[22349,58871],[-467,0],[-156,-1],[-387,1],[-112,-3]],[[21227,58868],[-34,105],[-5,55]],[[21188,59028],[0,159]],[[21188,59187],[159,4],[35,-45],[-1,-19],[40,-31],[0,-67],[111,0],[1,33],[14,13],[24,41],[0,49],[47,22],[29,70],[1,129],[-20,5],[-18,39],[0,78],[-188,1],[-234,-3],[2,264],[-156,49],[-23,4],[-456,-7],[-78,-1]],[[9087,14385],[104,-9],[67,-9],[9,92],[17,45],[25,24],[110,42],[37,0],[50,-18],[58,-1],[37,25],[39,-3],[42,11],[34,26],[37,19],[40,10],[60,38],[47,11],[31,12],[62,15]],[[9993,14715],[-8,-217],[0,-30],[-6,-211],[18,-195],[2,-283],[4,5],[158,-3],[-2,-19],[22,-6],[17,9],[65,-40],[3,26],[25,14],[11,15],[309,-5],[12,-5],[75,4],[179,-3],[169,-2],[5,2],[149,-1],[404,-2],[-54,159],[59,7],[0,69],[4,6],[145,-1],[79,-3],[-2,69],[2,84],[-40,9],[-1,110],[31,5],[33,39],[-2,13],[-26,19],[-35,-17],[-15,2],[-24,17],[-1,31],[31,23],[-21,33],[-9,2],[0,134],[10,12],[40,-3],[9,44],[15,38]],[[10411,12270],[-11,11],[-83,61],[-89,85],[-17,24],[-60,53],[-37,43],[-25,41],[-24,55],[-11,46],[-19,27],[-178,330],[-65,75],[-61,66],[-77,52],[-82,38],[-50,10],[-56,32],[-26,21],[-55,61],[-46,71],[-27,55],[-72,115],[-27,56],[-23,56],[-29,101],[-23,105],[-14,84],[-2,78],[-22,134],[-13,129]],[[10785,14966],[-40,-1],[-56,-16],[-31,-20],[-45,-17],[-45,14],[-40,-19],[-24,-2],[-41,-14],[-51,-59],[-47,-17],[-27,-35],[-49,-27],[-59,-16],[-44,0],[-24,-6],[-48,-27],[-54,5],[-22,-6],[-45,12]],[[9087,14385],[-7,47],[-2,64],[1,120],[8,63],[-8,63],[0,47],[9,75],[0,87],[5,29],[51,153],[53,107],[14,35],[16,76],[15,49],[23,61],[62,120],[28,29],[29,43]],[[11007,18187],[129,-64]],[[11136,18123],[4,-53],[-23,-67],[8,-7]],[[11125,17996],[-44,13],[0,-18],[42,1],[25,-7],[11,-25],[1,-29],[-21,-4],[-8,-25],[-2,-59]],[[11129,17843],[-16,26],[-15,-4],[-32,36],[-11,27]],[[11055,17928],[-33,45],[6,24],[-24,-4],[-40,47]],[[11136,18123],[24,-10]],[[11160,18113],[146,-62]],[[11465,17857],[-47,47],[-23,-18],[20,-26],[-16,-17],[-40,27],[22,48],[-64,18],[-9,7],[-70,23],[-113,30]],[[26669,60513],[71,-10],[19,-12],[8,-19],[20,-18],[29,8],[62,68]],[[26878,60530],[52,-56],[-1,-41],[-13,-20],[-29,-24],[-3,-105],[19,-35],[75,-24],[-23,-87],[15,-27]],[[26851,59892],[-1,-57]],[[26850,59835],[-225,-1]],[[26625,59834],[19,60],[-2,29],[16,38],[0,108],[8,70],[19,35],[5,30],[-1,52],[19,32],[-39,225]],[[26972,51482],[1,-35],[29,3],[36,17],[7,-5],[159,6]],[[28110,54228],[104,2]],[[27161,54597],[78,-9]],[[27328,54576],[2,-75],[-7,-20]],[[27323,54481],[-4,-15],[-1,-56]],[[27318,54410],[-125,-5],[-32,4]],[[27161,54409],[1,76]],[[27162,54485],[-1,112]],[[11720,17617],[14,-41],[-27,-3],[-29,-27],[-19,2],[10,47],[-19,0],[-26,-17]],[[11624,17578],[-27,81],[-11,0],[-16,30],[-33,36],[-10,30]],[[11757,17365],[-56,69],[-20,6],[-79,131],[22,7]],[[11379,18391],[-147,-27]],[[11153,18349],[-162,-29]],[[10765,17891],[35,-32]],[[10800,17859],[-15,-51],[-20,-40],[-97,-158]],[[10668,17610],[-167,-274]],[[10131,17414],[129,220],[17,15],[43,25],[52,58],[61,51],[52,64],[33,49],[41,98]],[[11250,18243],[54,-2],[1,-120]],[[11160,18113],[-1,53]],[[8628,58957],[30,32],[-42,57],[33,73],[21,7],[12,-28],[35,6],[30,13]],[[8747,59117],[13,-38],[65,-60],[36,-72],[0,-37],[34,9],[25,-8],[20,11],[41,1],[31,-24],[23,-49],[7,-31],[40,-22],[64,-9],[64,5],[42,-2],[46,-23],[15,-24],[-14,-63],[15,-83],[12,-24],[-2,-23],[-12,-32],[6,-24],[71,0],[18,-12],[0,-24],[25,-33],[27,1],[69,20],[4,19],[155,1],[102,-1],[122,359],[20,0],[189,-114],[27,-1],[107,52],[-28,28],[-19,1],[-12,16],[41,22],[-8,21],[41,-12],[4,34],[28,18],[-8,221],[-8,241],[-1,161],[-7,257],[-2,211]],[[11427,59475],[-27,-121],[-38,1],[0,-77],[-11,-80],[-26,-18],[4,-253],[40,-21],[-1,-30],[-16,-29],[4,-49],[-59,0],[-1,-31],[15,-38],[-40,-36],[23,-14],[79,-60],[37,-10],[-20,-15],[-17,-33],[-30,-38],[-31,-12],[-10,-33],[-25,-10],[-13,-17],[-9,-30],[0,-35],[-26,-42],[-19,-9],[-29,-44],[-19,-7],[-22,-34],[-15,-76],[14,-85],[12,-15],[19,0],[12,-14],[53,-41],[3,-49],[38,-48],[0,-43],[-10,-8],[-10,-42],[-19,-14],[-5,-49],[-13,-10],[-14,-48],[12,-31],[-22,-48],[-28,-44],[0,-21],[15,-31],[-1,-50],[6,-49]],[[9518,57395],[-86,82],[-31,13],[-48,12],[-88,10],[-62,13],[-65,56],[-79,47],[-93,90],[-34,27],[-29,40],[-9,44],[-38,68],[-79,93],[-46,43],[-24,31],[-27,75],[-4,34],[-13,39],[-48,113],[-1,46],[33,91],[20,29],[1,14],[20,87],[22,64],[-18,76],[9,26],[23,25],[10,31],[-5,26],[-20,37],[-18,22],[-32,24],[-31,34]],[[8747,59117],[32,-15],[26,-35],[19,14],[-5,14],[6,36],[-19,25],[33,34],[-8,28],[15,23],[19,10],[-2,30],[20,1],[28,17],[-10,18],[13,28],[73,21],[46,88],[30,-2],[13,16],[15,43],[22,14],[32,9],[-9,31],[7,29],[51,8],[54,57],[0,25],[29,-9],[52,47],[-4,119],[16,14],[-23,56],[-81,-7],[-27,23],[-29,-9],[-23,1],[-27,23]],[[9223,34656],[32,9],[25,16],[29,46],[49,60],[51,25],[65,15],[57,-6],[43,1],[48,19],[84,56],[28,13],[76,20],[64,43],[36,17],[38,4],[49,-2],[95,-19],[38,-17],[43,-10],[75,-6],[76,4],[53,30],[27,29],[28,54],[4,48],[-5,56],[0,41],[10,74],[15,35]],[[11393,36385],[90,-75],[152,2],[-1,77],[20,44]],[[11654,36433],[60,-80],[122,-195],[32,-53],[96,-166],[11,-46],[-2,-189],[-3,-29],[140,2],[395,0]],[[12505,35677],[26,0],[-1,-142],[2,-17],[-1,-271],[48,-3],[-1,-275],[-43,0],[-4,-41],[8,-7],[1,-78],[-21,-5],[-29,-30],[-6,-48]],[[13110,38079],[43,-4],[257,-11],[13,2],[139,-1],[203,7],[269,-1],[117,5],[146,2]],[[14297,38078],[9,-735],[2,-74],[6,-470]],[[14314,36799],[2,-160],[-194,-4],[-555,-13],[-157,3],[-21,-2],[-34,-21],[-30,-41],[-44,-15],[-170,3]],[[13111,36549],[-9,73],[5,367],[-37,1],[-2,12],[-28,29],[0,55],[-16,30],[10,72],[11,38],[66,105],[0,96],[2,160],[-3,0],[2,349],[-2,143]],[[12505,35677],[-1,244],[1,397],[172,-1],[133,-3],[-3,88],[-2,151],[152,-1],[154,-3]],[[14314,36799],[223,1],[228,4],[265,2],[175,3]],[[14223,35391],[1,-137],[382,3],[-4,319],[-186,-2],[-50,2],[-106,-100],[-21,-26],[-16,-59]],[[12645,38081],[85,-4],[100,0],[49,4],[80,1],[151,-3]],[[11654,36433],[13,29],[3,21],[3,220],[-15,22],[-161,0]],[[11129,17843],[11,-9],[113,-143],[70,-85],[-26,-27]],[[11297,17579],[-64,80],[-32,-30],[-32,63],[-21,-18],[-10,-22],[-18,5]],[[11120,17657],[-30,36],[-10,23],[-51,67],[-6,-6]],[[11023,17777],[-39,44]],[[10984,17821],[33,33],[-19,23],[57,51]],[[11318,17552],[40,52],[87,81],[21,25],[55,39]],[[11319,17550],[-1,2]],[[12261,17169],[-17,-32],[-46,-36]],[[12198,17101],[-23,-25],[-43,2]],[[12132,17078],[-29,1],[-6,-16],[-25,-10],[-32,1],[-10,11]],[[12030,17065],[0,200]],[[13032,18532],[0,-34],[13,-59],[5,-70],[-2,-149],[0,-218]],[[12734,18539],[131,-3],[144,-5],[23,1]],[[10668,17610],[50,-56],[50,-24],[19,-3],[91,-103],[-12,-36],[-30,-32],[-44,-12],[-22,5],[-2,-17]],[[12648,59670],[4,-260]],[[12652,59410],[-2,-61],[7,-322],[6,-198],[6,-234],[9,-208],[-5,-54],[4,-151],[3,-194],[3,-409],[1,-148]],[[8628,58957],[-77,131],[-28,64],[-22,32],[-60,32],[-28,35],[-51,52],[-17,24],[-25,61],[-19,37],[-36,43],[-25,21],[-53,4],[-20,7],[-25,21],[-47,62],[-31,31],[-52,35]],[[8012,59649],[1,113],[49,65],[-13,26],[14,34],[34,10],[7,49],[29,33],[26,22],[-10,71],[-20,25],[-25,3],[-3,25],[-15,22],[-3,39],[13,59],[21,45],[44,-5],[140,-27],[90,-3],[19,5],[0,66],[5,16],[62,68]],[[8012,59649],[-87,47],[-194,92],[-49,19],[-55,33],[-25,54],[-7,93],[-23,61],[-27,41],[-43,32],[-91,30],[-66,34],[-56,22],[-71,22],[-143,81],[-133,104],[-27,19],[-53,56],[-27,44],[-15,50],[-1,79],[28,54],[15,21],[12,35],[14,17],[40,66],[199,-4],[384,-5],[115,2],[86,0],[23,4],[50,-5],[106,-2],[87,1],[186,-1],[401,-4]],[[12030,17065],[0,-43],[-59,49],[-18,20]],[[11953,17091],[-49,52],[-92,122]],[[10984,17821],[-3,-3],[-65,75],[-4,13],[-37,43],[6,7]],[[10800,17859],[154,-180]],[[10954,17679],[81,-96]],[[11035,17583],[98,-114],[20,-18],[60,-26]],[[11120,17657],[-23,-11],[-62,-63]],[[10954,17679],[-2,24],[71,74]],[[11297,17579],[21,-27]],[[7451,49831],[160,-2]],[[7611,49829],[-2,-128]],[[7609,49701],[-1,0]],[[7608,49701],[-95,3]],[[7513,49704],[1,79],[-64,3]],[[8377,49909],[0,6]],[[8377,49915],[42,4],[55,-5],[30,14],[40,4],[52,21],[0,10]],[[8596,49963],[62,-15]],[[8658,49948],[-7,-68],[11,-28],[2,-74]],[[8664,49778],[-58,2],[-145,-1],[-18,-4],[-66,4]],[[8372,50032],[129,139],[54,87],[45,60],[44,22],[40,29],[17,36]],[[8701,50405],[42,-6],[-7,-46],[-19,-39],[-27,-72],[-9,-35],[-17,-16],[-5,-24],[-1,-169]],[[8658,49998],[0,-50]],[[8596,49963],[-219,-20]],[[8377,49943],[-5,89]],[[27033,36473],[-14,-21],[-15,3],[-1,24],[-47,0],[-2,118],[22,0],[0,44],[-237,-1],[1,-12],[-49,-4],[-24,-31],[-58,-195]],[[12198,17101],[-12,-37],[15,-14],[-19,-22],[0,-70],[10,0]],[[12192,16958],[0,-122]],[[12037,16869],[27,18],[5,19],[27,54],[-1,62],[20,0],[0,50],[17,6]],[[12192,16958],[45,2],[44,-5],[38,36]],[[25766,34211],[240,-2]],[[26006,34209],[-8,-54],[-30,-265]],[[25968,33890],[-199,2]],[[26006,34209],[17,160]],[[26023,34369],[9,80]],[[26144,34450],[2,-54]],[[26146,34396],[-19,0],[0,-27],[19,0],[1,-77],[-45,-3],[-5,-49],[9,-31],[-37,-2],[-1,-10],[1,-308]],[[26069,33889],[-101,1]],[[28977,54412],[64,2],[-2,81]],[[29039,54495],[65,-5]],[[29104,54490],[20,-77],[17,-33],[117,-119]],[[29258,54261],[-107,-3]],[[29151,54258],[-106,-2]],[[29045,54256],[-47,-1]],[[28998,54255],[-16,-1]],[[28982,54254],[-5,158]],[[28314,56077],[77,-1],[1,80],[83,-1]],[[28475,56155],[40,-42],[49,-88],[34,-30]],[[28592,55995],[-190,1]],[[28402,55996],[-121,1]],[[28281,55997],[-45,1]],[[28236,55998],[0,65],[26,-6],[41,0],[11,20]],[[16347,40025],[79,2]],[[16426,40027],[1,-144],[-6,-9],[-35,38],[-13,-11],[-90,-5],[-11,4]],[[16272,39900],[75,125]],[[14495,38560],[683,11]],[[15178,38571],[112,2],[257,1],[94,-20],[74,0],[-1,-12],[66,-4],[59,0],[24,9],[15,17],[22,9],[35,-3],[36,8],[113,1]],[[16084,38579],[4,-395],[-38,-7],[2,-95],[-19,-16],[3,-39],[54,0],[6,-388],[6,-386],[7,-423]],[[14297,38078],[-2,192],[-24,67],[3,18],[-12,20],[6,31],[-25,96],[-19,53],[271,5]],[[16371,41017],[45,19],[104,2],[64,-15],[56,-8],[41,3],[85,2]],[[16766,41020],[5,-441],[8,-32]],[[16779,40547],[-318,-3],[-149,0],[0,42]],[[16312,40586],[0,39],[31,2],[-1,119],[-19,7],[-1,30],[-50,6],[-6,28],[-33,20],[-1,90],[92,54],[47,36]],[[15800,40739],[51,26],[48,19],[51,31],[49,50],[24,13],[133,28],[-2,128]],[[16154,41034],[152,1],[30,20]],[[16336,41055],[35,-38]],[[16312,40586],[-190,-2],[-22,5],[-62,28],[-32,7],[-1,-72]],[[16005,40552],[-24,10],[-18,21]],[[15963,40583],[-7,18],[-36,24],[-34,0],[-30,21]],[[15856,40646],[-16,38],[-27,12],[-1,15],[-19,25]],[[15793,40736],[7,3]],[[15059,58490],[0,-84],[21,1],[0,-37],[18,0],[1,-42],[-36,-2],[-2,-99],[1,-117],[6,0]],[[15068,58110],[-4,-44],[-13,1],[-1,-37],[-39,0],[-29,-27]],[[14982,58003],[0,65]],[[14982,58068],[0,104],[-3,81]],[[14975,58505],[-1,53],[45,0],[21,-39],[19,-12],[0,-17]],[[12652,59410],[98,0],[59,-5],[80,2],[164,-16],[34,-8],[34,1],[1,-31],[132,0],[447,1]],[[13701,59354],[335,0]],[[14036,59354],[1,-159],[9,-633],[37,1],[1,-170],[6,-74],[-31,-9],[-10,-22],[2,-207],[10,-638]],[[14036,59354],[222,5],[54,-10],[90,13],[33,2],[236,8],[296,8]],[[14967,59380],[2,-317],[0,-161],[3,-165]],[[14972,58737],[1,-91]],[[14973,58646],[-21,7],[-34,46],[-15,28],[3,14],[23,1],[8,13],[-18,33],[-15,11],[-57,21],[-13,-10],[19,-18],[-21,-12],[-22,8],[-22,-30],[-27,-1],[-13,-24]],[[14748,58733],[-37,11],[-15,-21],[-42,-5],[-29,10],[-13,-16],[4,-21],[-19,-38],[-127,-3],[2,-159]],[[14472,58491],[4,-159],[178,7],[14,6],[24,26],[15,-26],[2,-73],[33,-23],[17,-26],[52,-3],[15,-33],[2,-162],[63,3],[13,8],[16,31],[62,1]],[[14982,58003],[3,-212],[7,-320]],[[14472,58491],[238,6],[0,34],[17,3],[22,18],[36,7],[4,-59],[31,1],[51,9]],[[15375,60797],[152,-7],[260,-6],[142,-2],[150,-4],[72,1],[350,-6],[309,-5]],[[16840,58916],[-155,1],[-77,-1],[0,39],[-33,-1],[-10,18],[-35,-3],[-3,-55],[-153,-3],[-156,0],[-154,-3],[-145,-1],[-7,-2],[-5,323],[-1,153],[-175,0],[-9,-13],[-27,13],[-255,-1]],[[15440,59380],[-5,240],[-7,439],[-4,276],[1,22],[4,219],[-51,0],[-3,221]],[[14972,58737],[9,-21],[35,-35],[19,-7],[23,22],[76,2],[-1,40],[194,2],[19,15],[46,-42],[32,-9],[66,1],[30,-8],[33,-28],[10,-20],[5,-57],[-15,-1],[-12,21],[-22,7],[-52,-10],[3,-30],[-5,-34],[-48,10],[12,-32],[39,-12],[14,-13],[-13,-19],[1,-23],[21,-23],[-24,-5],[-7,-38],[5,-23],[-24,-35]],[[15441,58332],[-20,14],[-30,5],[-89,-1],[-50,52],[-55,44],[-1,28],[-32,-2],[-27,22]],[[15137,58494],[-1,46],[-33,25],[-7,26],[-41,18],[-32,-3],[-16,31],[20,21],[-32,11],[-22,-23]],[[14967,59380],[157,-1],[316,1]],[[15068,58110],[38,24],[12,17],[42,0],[28,30],[-4,20],[59,51],[21,-7],[19,10],[-4,23],[28,2],[15,26],[34,-11],[16,22],[36,12],[17,-11],[16,14]],[[14161,60820],[512,-3],[207,-4],[243,-7],[56,-4],[49,1],[147,-6]],[[13701,59354],[-16,28],[0,21],[-24,34],[-18,-3],[-115,0],[-1,80],[102,114],[14,61],[26,25],[12,39],[0,411],[7,19],[23,29],[9,27],[0,153],[141,-2],[18,14],[14,-21],[25,-2],[-8,39],[-32,31],[27,33],[-9,20],[3,23],[32,-1],[23,-17],[1,-119],[78,-3],[-2,228],[11,14],[135,1],[130,3],[11,40],[16,79],[-107,15],[-46,33],[-19,-1],[-1,21]],[[14748,58733],[8,-7],[66,-22],[32,-21],[61,-55],[-39,-6],[1,-40],[38,1],[1,-66]],[[12630,60825],[194,1],[272,-2],[261,1],[539,-4],[200,1],[65,-2]],[[15059,58490],[29,-14],[51,-41],[-2,59]],[[7424,49942],[74,11],[39,18],[80,69],[85,16],[37,5],[63,-13],[158,-60],[76,-14]],[[7768,49825],[-157,4]],[[26023,34369],[-108,1]],[[15101,40552],[214,-2]],[[15315,40550],[5,-29],[30,-25],[44,2],[0,-91],[39,0],[0,-72],[-18,0],[-2,-88]],[[15413,40247],[-18,8],[-192,-3],[0,-39],[-79,2],[-37,17],[-36,38]],[[30985,49522],[38,0],[-1,160]],[[31022,49682],[0,120]],[[31022,49802],[-2,200]],[[31020,50002],[289,0]],[[31309,50002],[16,-51],[2,-23],[2,-296]],[[31329,49632],[2,-188]],[[30988,49442],[-8,14],[-1,45],[6,21]],[[29788,50083],[154,-2]],[[29942,50081],[3,-34],[20,-34],[-3,-75],[-16,-29],[-3,-68]],[[29943,49841],[0,-78]],[[29943,49763],[-125,0],[-22,15],[-7,-15],[-154,0]],[[29635,49763],[0,159]],[[29411,52335],[77,3]],[[29488,52338],[77,1]],[[29565,52339],[3,-117]],[[29568,52222],[3,-120]],[[29571,52102],[3,-82]],[[29574,52020],[-154,-5]],[[29420,52015],[-4,160]],[[29416,52175],[-5,160]],[[30400,50402],[155,0]],[[30555,50402],[1,-83]],[[30556,50319],[1,-239]],[[30557,50080],[-154,1]],[[30403,50081],[-3,321]],[[27469,55253],[183,9],[22,8],[1,61],[5,17],[37,1]],[[27717,55349],[-1,-45]],[[27328,55166],[0,80],[141,7]],[[29189,51810],[56,-8]],[[29427,51770],[59,-15]],[[29486,51755],[-100,-137],[-176,-249]],[[29210,51369],[-81,-2]],[[29129,51367],[-5,159],[-3,168],[-14,49],[10,52],[-1,25],[73,-10]],[[27332,55811],[-1,-48]],[[27330,55568],[-88,-5]],[[27242,55563],[-14,-1]],[[27228,55562],[4,56],[-14,0],[0,29],[-18,7],[-30,-1],[-15,22]],[[27155,55675],[0,45]],[[30515,51402],[81,0]],[[30596,51402],[179,5],[-42,-46],[164,1]],[[30897,51362],[0,-82],[-77,0],[0,-80]],[[30820,51200],[-118,1],[2,-40]],[[30704,51161],[-76,0],[-1,-40],[-76,0]],[[30551,51121],[0,56],[-29,-31],[-5,175]],[[30517,51321],[-2,81]],[[30644,52605],[38,1]],[[30682,52606],[2,-61]],[[30684,52545],[0,-20]],[[30684,52525],[-39,0]],[[30645,52525],[-1,80]],[[16426,40027],[370,10]],[[16796,40037],[4,-199],[3,-278]],[[16803,39560],[-599,-20]],[[16204,39540],[-1,115],[30,173],[8,21],[31,51]],[[14907,39830],[29,99],[134,1],[40,3],[57,-3]],[[15167,39930],[2,-229]],[[15169,39701],[-25,-10],[-140,-1],[1,-87]],[[15005,39603],[-64,0],[0,7]],[[14663,39288],[53,-144],[1,-100],[-159,-1],[-68,-2],[5,-481]],[[16779,40547],[6,-19],[5,-63],[2,-246],[4,-182]],[[16347,40025],[-36,34],[-45,29],[-66,72]],[[16200,40160],[9,29],[-15,23],[0,107],[-26,27],[-26,2],[-43,36],[-13,1],[-10,42],[-18,10],[-1,34],[-11,33],[-16,11],[-25,37]],[[16779,40547],[301,2],[302,3]],[[17884,38627],[-606,-14],[-233,-4],[-18,-6],[-32,-31],[-24,-5]],[[16971,38567],[-8,488],[-223,-59],[-3,102],[-4,276],[21,26],[16,1],[-1,74],[6,20],[23,39],[5,26]],[[15413,40247],[30,-21],[28,-1],[0,-48]],[[15471,40177],[-1,-158],[-37,-5],[-1,-80],[-190,-2],[-75,-2]],[[14904,39830],[-152,17]],[[16606,41508],[0,-169],[-20,-5],[-15,-49],[-1,-41],[12,-49],[-24,-1],[-29,-14],[-54,-19],[-17,-1],[-2,40],[-52,-3],[-99,-27],[0,-82],[31,-33]],[[16154,41034],[-139,-2],[-21,-6],[-125,-1],[-15,5]],[[15854,41030],[-29,9],[-26,-11],[-16,2],[-32,24]],[[15751,41054],[43,95],[-40,12],[-99,44]],[[16766,41020],[-5,318],[37,52],[47,120]],[[15169,39531],[227,0],[149,2],[455,0],[113,3]],[[16113,39536],[91,4]],[[16971,38567],[-125,-5],[-179,-4],[-22,10],[-26,25],[-139,-2],[-396,-12]],[[15178,38571],[2,22],[-2,134],[-2,30],[-3,298],[3,28],[-1,127]],[[15175,39210],[-3,109]],[[15172,39319],[-3,212]],[[15463,40609],[65,-123],[37,-46],[31,-21],[223,-129],[117,-65],[27,-18]],[[15963,40207],[0,-31],[-150,2],[-342,-1]],[[15315,40550],[62,48],[33,37],[29,-20],[24,-6]],[[15800,40739],[0,47],[5,18],[-7,27],[13,23],[45,-2],[9,13],[-3,40],[-9,2],[-2,116],[3,7]],[[15793,40736],[-115,-43],[0,106],[-14,8],[-25,-36],[-25,2],[-16,21],[74,87],[19,28],[60,145]],[[15856,40646],[-49,20],[-51,4],[-188,-45],[-73,-14],[-32,-2]],[[15963,40583],[-15,-39],[-22,-19],[0,-49],[36,-22],[7,-57],[-6,-41],[0,-149]],[[14980,39367],[3,-241],[169,4],[3,77],[20,3]],[[16200,40160],[-76,82],[-5,-6],[0,-54],[-9,-60],[1,-346],[2,-240]],[[15169,39531],[0,170]],[[26380,60552],[53,0],[62,-14],[174,-25]],[[26625,59834],[-240,0]],[[7420,49708],[93,-4]],[[7608,49701],[0,-86]],[[7608,49615],[-1,-73]],[[7607,49542],[-193,7]],[[7414,49549],[6,159]],[[7420,49708],[-12,0]],[[7408,49708],[0,81]],[[7408,49708],[-119,2]],[[7200,49689],[23,25]],[[28185,53632],[2,-73]],[[28156,53261],[-117,-5]],[[28039,53256],[-154,-6]],[[8542,33491],[22,15],[21,26],[9,27]],[[27708,54217],[118,3]],[[27826,54220],[-3,-89]],[[27823,54131],[-1,-58]],[[27704,54033],[-4,24],[5,26],[3,134]],[[27731,52027],[180,129]],[[28180,52317],[6,-56],[15,-40],[212,6]],[[28413,52227],[1,-38],[-11,-53],[0,-58],[6,-22],[26,-47]],[[27931,51814],[-196,-5]],[[27735,51809],[-4,218]],[[27979,54890],[0,10]],[[27979,54900],[113,-26]],[[28092,54874],[-1,-20],[12,-21],[-3,-29],[-43,-25],[5,-10]],[[28062,54769],[-83,-2],[0,-19],[-39,-1]],[[27940,54747],[0,120],[39,1],[0,22]],[[28092,54874],[120,-23],[53,-13],[26,0]],[[28287,54669],[-9,-26],[-28,-42],[-15,-30],[-5,-60]],[[28230,54511],[2,-76]],[[28232,54435],[-89,52]],[[28143,54487],[-34,30],[9,17],[-38,62],[11,28],[21,-8],[7,36],[-14,24],[-1,30],[-15,8],[-16,29],[6,21],[-17,5]],[[27714,54812],[67,52],[34,34],[19,-6],[77,2],[0,-5],[68,1]],[[27940,54747],[-1,-156]],[[27939,54591],[-89,52]],[[27850,54643],[-138,80]],[[12278,20151],[23,25],[30,18],[22,-2],[-5,27],[8,8],[2,52],[26,-32],[30,10]],[[12414,20257],[22,-117],[-3,-86],[1,-144],[-2,-9]],[[12208,19967],[2,44],[8,43],[19,59],[41,38]],[[12616,20237],[3,-66],[-3,-40],[-1,-231]],[[12615,19900],[-183,1]],[[12414,20257],[47,12],[30,0],[12,-20],[36,3],[21,-6],[6,-18],[50,9]],[[12615,19900],[-3,-399]],[[12612,19501],[-221,0]],[[30136,54678],[-2,81]],[[30136,54678],[-50,0]],[[30086,54678],[-2,80]],[[30086,54678],[-15,-1]],[[30071,54677],[-54,-1]],[[30071,54677],[7,-5],[1,-75]],[[30079,54597],[-5,0]],[[30074,54597],[-55,-1]],[[30138,54598],[-59,-1]],[[29548,54792],[56,37],[59,2]],[[29665,54750],[-165,-1]],[[29500,54749],[0,12],[48,31]],[[30493,54363],[-38,-1]],[[30613,54206],[2,-80]],[[30576,54125],[-2,80]],[[30652,54206],[2,-79]],[[29912,54113],[-78,-1]],[[29834,54112],[-2,80]],[[29834,54112],[-78,-1]],[[29756,54111],[0,20]],[[29756,54131],[-2,60]],[[30527,54604],[39,0]],[[30566,54604],[0,-80]],[[30566,54524],[-38,0]],[[21741,27079],[12,-18],[29,1],[16,-22],[-20,-49],[39,-12],[-45,-75],[18,-5],[4,-47],[-19,19],[-25,-31],[2,-31],[-27,-45],[-20,-14],[-18,-44],[6,-34],[-22,-27],[-14,0],[-26,17],[-27,2],[-32,-6],[2,-40],[13,-14],[45,-7],[15,-18],[23,-54],[-11,-28],[15,-4],[-17,-38],[1,-58],[-12,-16],[-29,-5],[-47,32],[-25,0]],[[21545,26408],[-1,195],[-98,0],[0,-13],[-42,-8],[-9,18],[-85,8],[17,32],[18,21],[4,40],[-115,-4],[0,62],[15,-13],[0,-26],[29,-11],[108,2],[6,47],[-71,1],[-1,77],[182,5],[38,-2],[2,38],[-2,162],[69,1],[4,40],[128,-1]],[[21741,27079],[30,-1],[5,19],[31,2],[7,26],[-13,25],[33,-6],[38,20],[-13,34],[-21,9],[-31,52],[36,-24],[12,16],[-5,45],[-18,31],[-7,35],[13,7],[13,-45],[18,-16],[-9,-28],[10,-30],[-6,-22],[30,-32],[30,22],[17,45],[21,10],[25,-11],[34,-33],[46,-21],[15,59],[35,18],[22,37],[29,7],[24,-33],[55,24],[6,12],[-14,23],[2,40],[16,39],[-20,42],[4,23],[39,51],[-1,29],[-14,15],[15,26],[3,32],[-10,55]],[[22273,27707],[-13,45],[9,2],[19,-61],[5,-33],[10,-13],[-4,-28],[4,-38],[27,-8],[44,27],[50,55],[0,14],[20,39],[-7,25],[6,31],[-18,9],[-28,-7],[-35,37],[-18,10],[-4,19],[-60,71],[0,81],[44,15],[11,29]],[[24218,26418],[-3,-201]],[[24215,26217],[-111,2],[0,-80],[-112,1],[0,-41],[-309,2],[-285,1],[-319,3],[0,-40],[-9,0],[-1,40],[-31,-6],[3,-18],[-46,6],[-6,18],[-663,4],[-186,5],[-1,40],[-75,1],[0,38],[-38,73],[-1,48],[-110,2],[-1,-40],[-228,5],[-140,-1]],[[21546,26280],[-1,128]],[[21547,26164],[-1,116]],[[24215,26217],[0,-209],[2,-387],[-2,-224],[2,-291],[0,-281],[-1,-82],[1,-77]],[[24217,24666],[-111,-2],[-186,3],[-111,-1],[-259,2]],[[23550,24668],[-152,0],[-359,5],[-280,2],[-167,1],[-227,-1],[-516,0],[-284,3],[-10,1]],[[21555,24679],[-2,397],[-17,8],[-2,35],[-21,9],[-41,4],[-15,15],[16,13],[-2,30],[11,20],[-28,23],[-3,12],[57,73],[16,16],[34,67],[-16,29],[24,24],[-2,24],[-15,8],[13,20],[0,54],[-25,17],[12,20],[-20,9],[1,20],[-13,14],[70,-3],[-1,169],[-37,2],[-2,356]],[[19815,28051],[244,-8],[293,0],[390,-8],[362,1],[210,-1],[52,2],[167,2],[2,-242],[139,1],[296,-5],[0,-81],[225,-5],[78,0]],[[21547,26164],[-146,-1],[-9,-19],[-28,0],[-3,-21],[-34,0],[0,-20],[-39,-1],[0,-19],[-88,-1],[20,25],[-3,18],[-194,-1],[-65,1],[-290,0],[-99,-4],[-54,1],[-218,-6],[-2,29],[1,130],[-219,-5],[-2,-158],[-272,-8]],[[1078,32595],[0,-13],[79,-2]],[[1157,32580],[-1,-102],[-77,2]],[[1079,32480],[-151,3]],[[928,32483],[0,31]],[[928,32514],[0,84]],[[765,32575],[29,11],[0,14],[80,-1]],[[928,32514],[-54,1]],[[874,32515],[-133,-1]],[[741,32514],[-15,42]],[[30666,53575],[4,-12],[48,-76]],[[30718,53487],[-52,-1]],[[30639,53501],[-6,29],[4,30],[29,15]],[[30718,53487],[39,1]],[[10957,19356],[88,187],[37,-6],[-5,-11],[140,-3]],[[11058,19353],[-7,0]],[[30508,51721],[154,3]],[[30662,51724],[2,-79],[12,0]],[[30676,51645],[-68,-82]],[[30608,51563],[-94,-111]],[[30514,51452],[-1,30]],[[30513,51482],[-5,239]],[[30525,52683],[117,1]],[[30642,52684],[2,-79]],[[30644,52605],[-118,-3]],[[30526,52602],[-1,81]],[[874,32515],[1,-206]],[[679,32289],[55,67],[8,18],[8,61],[-9,79]],[[4000,29925],[37,-36],[39,-47],[29,-44],[45,-13],[-1,-132],[246,-3],[215,1],[117,-3],[194,-31],[152,-23],[266,-2],[160,1],[173,3],[221,0],[-23,-48],[-56,-56],[-9,-15],[-3,-38]],[[5802,29439],[-3,-44]],[[5799,29395],[-40,-151],[-12,-22],[-47,-45],[-18,11],[-21,-3],[-7,-29],[-11,-3],[-41,27],[-21,-2],[-43,11],[-15,14],[-31,15],[-28,0],[-23,24],[-30,1],[-2,24],[-31,1],[1,-160],[-77,1],[-2,-323],[268,-2],[-32,-80]],[[5536,28704],[-13,-87],[1,-90],[-2,-28],[-27,-23],[-41,-47],[-8,-18],[1,-75],[-2,-229],[-9,-23],[-41,-42],[-38,-11],[-20,-30],[-8,-33],[-3,-65],[-30,-48],[-17,-58],[-2,-85],[-18,-51],[37,-5],[-1,-234],[4,-3],[73,-4],[-1,-84],[36,-68],[-6,-45],[-20,-23],[-14,-32],[-18,-12],[5,-37],[25,-1],[-1,-60],[-35,-9],[-14,-18],[-46,-8],[-46,-31],[18,-38],[1,-37],[95,-215]],[[5351,26697],[-284,1],[-253,3],[-23,-7],[-96,0],[-21,-3],[-86,2]],[[4588,26693],[-11,25],[-21,24],[-60,39],[-73,16],[-80,32],[-39,25],[-36,40],[-48,29],[-56,15],[-30,12],[-51,40],[-19,6],[-75,61],[-93,66],[-48,42],[-68,65],[-68,84],[-82,110],[-33,59],[-9,30],[-6,108],[-10,117],[-18,15],[-69,75],[-36,54],[-52,103],[-52,134],[-29,55],[-35,52],[-107,23],[-98,12],[-80,22],[-92,17],[-43,27],[-20,26],[-59,88],[-38,69],[-11,51],[-8,88],[-7,48],[-24,125],[-27,54]],[[2667,28876],[45,-1],[44,6],[36,47],[32,14],[54,11],[12,18],[39,38],[106,77],[134,0],[4,159],[1,103],[2,87],[-17,22],[-36,68],[-27,30],[-86,146],[38,37],[61,-1],[49,31],[10,34],[34,14],[267,0],[3,-74],[5,-7],[190,-3],[33,17],[43,1],[30,6],[0,58],[113,-2],[0,4],[114,-1],[0,110]],[[5536,28704],[139,0],[-1,163],[123,2],[187,0],[1,123],[-24,9],[-27,-13],[-26,-4],[1,292],[-3,63],[-74,14],[-1,42],[-32,0]],[[5802,29439],[403,-3],[212,-3],[89,2],[32,13],[135,24],[2,28],[13,20],[29,1],[5,15],[35,-6],[24,-36],[53,-10],[54,3],[9,29],[25,15],[-16,29],[-1,37],[19,5],[13,-23],[33,1],[0,-28],[23,-24],[11,-1],[30,75],[-19,56],[10,12]],[[7159,26648],[-208,4],[-147,1],[-231,5],[-505,24],[-95,6],[-220,4],[-402,5]],[[3999,30622],[2,-10],[-1,-264],[0,-378],[21,-15],[23,4],[13,-11],[-57,-18],[0,-5]],[[2667,28876],[-31,49],[-32,27],[-105,44],[-139,66],[-53,27],[-48,36],[-83,86],[-30,48],[-12,33],[-30,53],[-93,90],[-31,58],[-49,70],[-45,55],[-57,49],[-83,50],[-63,48],[-17,21],[-7,26],[-105,101],[-109,86],[-95,88],[-30,23],[-24,36],[-33,27],[-31,48],[-75,93],[-19,47],[6,43],[-4,32],[0,61],[20,90],[18,53]],[[4748,31587],[178,-42],[283,0],[177,-1],[295,0],[582,-10],[121,1],[222,-1],[338,-6],[552,-6]],[[30800,52528],[34,0]],[[30834,52528],[3,0]],[[30879,52366],[-76,2]],[[30803,52368],[-2,80]],[[30801,52448],[-1,80]],[[30724,52446],[77,2]],[[30803,52368],[-77,-2]],[[30726,52366],[-2,80]],[[928,32483],[1,-60]],[[929,32423],[0,-156],[8,-4],[12,-50]],[[1079,32480],[-1,-139]],[[1078,32341],[-75,1],[1,80],[-75,1]],[[30647,52445],[77,1]],[[30726,52366],[-78,-2]],[[30648,52364],[-1,81]],[[30529,52463],[117,2]],[[30646,52465],[1,-20]],[[30648,52364],[-79,-1]],[[30883,52289],[-78,-2]],[[30805,52287],[-2,81]],[[30648,52364],[1,-39]],[[30649,52325],[-19,-1],[0,-21],[-23,0]],[[30607,52303],[-38,60]],[[30188,53958],[1,12]],[[30266,53979],[1,-20]],[[30267,53959],[-39,-1],[2,-80]],[[30230,53878],[1,-39]],[[30193,53838],[-1,40]],[[30192,53878],[-4,80]],[[30306,53960],[39,0]],[[30307,53880],[-1,80]],[[30267,53959],[39,1]],[[30268,53879],[-1,80]],[[30268,53879],[-38,-1]],[[31137,53567],[33,-71]],[[31170,53496],[-57,-4],[-99,0]],[[30913,53491],[-1,79]],[[31170,53496],[39,-80]],[[31074,53413],[-8,0]],[[31066,53413],[-51,-1]],[[31015,53412],[-1,80]],[[30940,53331],[-2,80]],[[31095,53334],[-45,-1]],[[31050,53333],[16,80]],[[14382,30953],[-2,-67],[3,-122],[18,9],[72,0],[17,-11],[47,-5]],[[14538,30699],[-113,0],[-46,-3],[-42,-18],[-26,-24]],[[14311,30654],[-3,285],[2,9]],[[15801,33033],[-55,-70],[-135,-98],[-35,-36],[-9,-33],[1,-85],[-18,-49],[-261,-406],[-18,-30],[-59,-77],[-67,-108],[-22,-50],[-5,-42],[0,-77]],[[15484,31924],[-36,-28],[16,-9],[3,-30],[-14,-6],[-19,15],[-10,-28],[-28,-5],[-25,11],[-12,-5],[-53,19],[-31,20],[-17,2]],[[31210,52697],[49,1]],[[31259,52698],[1,-41]],[[31260,52657],[1,-40]],[[31417,52700],[0,-41]],[[31417,52659],[-77,-1]],[[31340,52658],[-1,41]],[[31418,52619],[-78,-1]],[[31340,52618],[0,40]],[[31259,52698],[80,1]],[[31340,52658],[-80,-1]],[[1079,32705],[2,203]],[[1383,32578],[-226,2]],[[928,32747],[2,160]],[[30480,53323],[73,1]],[[30553,53324],[38,1]],[[30629,53324],[3,-120]],[[30632,53204],[-38,0],[0,-40]],[[30594,53164],[-38,0]],[[30556,53164],[-73,-1]],[[30483,53163],[-1,40]],[[30482,53203],[-2,120]],[[30716,52846],[39,1]],[[30794,52848],[1,-80]],[[30795,52768],[-77,-2]],[[30795,52768],[2,-80]],[[30797,52688],[-77,-2]],[[30714,53006],[38,1]],[[30754,52927],[-39,-1]],[[30715,52926],[-1,80]],[[28102,56158],[19,0],[1,21],[38,-21]],[[28160,56158],[155,-2],[-1,-79]],[[28236,55998],[-134,1]],[[28102,55999],[0,159]],[[27927,56093],[1,81]],[[27928,56174],[24,-15],[150,-1]],[[28102,55999],[-55,0]],[[28047,55999],[-120,1]],[[27927,56000],[0,93]],[[27580,56798],[117,0]],[[27697,56798],[-1,-216],[-1,-8]],[[27695,56574],[-77,25]],[[1078,32341],[-1,-160]],[[30912,52770],[-9,0]],[[30903,52770],[-108,-2]],[[27774,56548],[0,76],[9,9],[63,4],[13,-9],[25,10]],[[27884,56638],[47,2],[0,-162]],[[27931,56478],[-157,1]],[[27774,56479],[0,69]],[[30444,55842],[5,-1]],[[30499,55720],[-67,1]],[[30432,55721],[1,80],[-28,1]],[[30405,55802],[1,39],[38,1]],[[30278,55797],[127,5]],[[30432,55721],[-155,-3]],[[30277,55718],[1,79]],[[30432,55721],[2,-79]],[[30434,55642],[-74,-2]],[[30360,55640],[-75,-2]],[[30285,55638],[-10,0]],[[30275,55638],[2,80]],[[30499,55720],[13,-79]],[[30512,55641],[-78,1]],[[30599,55639],[-87,2]],[[30674,55641],[8,-116],[28,-110]],[[30710,55415],[-47,-6]],[[30663,55409],[-21,71]],[[30642,55480],[-16,42],[-90,-2]],[[30536,55520],[-10,40]],[[30526,55560],[-14,81]],[[29968,50560],[25,27]],[[29993,50587],[40,37],[22,29],[78,83]],[[30398,50721],[1,-159]],[[30399,50562],[-154,-1]],[[30245,50561],[-277,-1]],[[30607,52303],[38,-98]],[[30645,52205],[-71,-2]],[[30574,52203],[-77,-2]],[[30497,52201],[-4,161]],[[30051,51391],[194,4]],[[30245,51395],[0,-20],[-19,-3],[2,-76],[20,-1],[2,-55]],[[30250,51240],[-9,-6],[-108,-2]],[[30133,51232],[-78,-2],[-1,64]],[[30054,51294],[-3,97]],[[30645,52205],[4,-32],[26,-48]],[[30675,52125],[28,-79]],[[30703,52046],[-126,-3]],[[30577,52043],[-12,16],[12,24],[-3,120]],[[30577,52043],[-8,0]],[[30569,52043],[-68,-2]],[[30501,52041],[-2,80]],[[30499,52121],[-2,80]],[[30501,52041],[-79,0],[0,10]],[[30422,52051],[-2,69],[79,1]],[[30383,52050],[39,1]],[[30501,52041],[1,-80]],[[30502,51961],[-78,-1]],[[30424,51960],[-39,0]],[[30385,51960],[-2,90]],[[30569,52043],[2,-81]],[[30571,51962],[-69,-1]],[[30703,52046],[1,0]],[[30704,52046],[-21,-81]],[[30683,51965],[-14,0]],[[30669,51965],[-98,-3]],[[30521,54884],[-77,-2]],[[30444,54882],[-1,41]],[[30444,54882],[-67,-1]],[[30377,54881],[-31,41]],[[30346,54922],[19,0]],[[30444,54882],[0,-39]],[[30444,54843],[-48,-1]],[[30396,54842],[-19,39]],[[28798,54088],[95,-3]],[[28893,54085],[2,-108]],[[28895,53977],[-67,-24],[-49,6],[-1,44]],[[28778,54003],[19,16],[-1,30],[-22,1],[0,37],[24,1]],[[28893,54085],[40,4],[116,2]],[[29049,54091],[0,-19],[33,-5]],[[29082,54067],[2,-55]],[[29084,54012],[-33,-1],[1,-40],[-78,-2]],[[28974,53969],[-78,-3]],[[28896,53966],[-1,11]],[[28974,53969],[3,-116],[5,-4]],[[28982,53849],[-83,0]],[[28899,53849],[-3,117]],[[29084,54012],[2,-89]],[[29086,53923],[3,-70],[-34,-1]],[[29016,53851],[-34,-2]],[[31322,51250],[0,114]],[[31322,51364],[114,-1]],[[31436,51363],[3,-74],[-2,-87]],[[31437,51202],[-58,0],[1,-80]],[[31380,51122],[-63,0]],[[31317,51122],[-24,0]],[[31293,51122],[-9,7],[0,32],[33,4],[5,85]],[[31437,51202],[124,0]],[[31561,51202],[-5,-31],[0,-49]],[[31556,51122],[-176,0]],[[31556,51122],[-1,-80]],[[31555,51042],[-193,1]],[[31362,51043],[-1,59],[-42,0],[-2,20]],[[31561,51202],[3,-1]],[[31564,51201],[13,-4],[92,-49],[1,-105]],[[31670,51043],[-115,-1]],[[31564,51201],[28,4],[1,36],[16,1],[25,-24],[53,-14],[60,0]],[[31747,51204],[-1,-180]],[[31746,51024],[-76,0],[0,19]],[[31038,53253],[12,80]],[[31017,53332],[33,1]],[[31419,52540],[-77,-2]],[[31443,52660],[30,22],[92,4]],[[31565,52686],[33,-37],[160,5],[0,-25]],[[31758,52629],[-6,2],[-130,-29],[-41,-38],[-14,9],[-37,-31]],[[27928,56238],[0,-64]],[[27927,56093],[-33,15],[-77,18],[-36,13],[-46,26]],[[27735,56165],[18,37],[0,38],[175,-2]],[[27706,56183],[29,-18]],[[27927,56000],[-17,0]],[[27910,56000],[-171,1]],[[26998,56483],[218,-1]],[[27216,56482],[13,-50],[1,-29]],[[27230,56403],[-29,0],[-31,-29],[-33,0],[-73,-30],[-19,-19],[-49,-2]],[[26996,56323],[2,59],[0,101]],[[30526,55560],[-93,1]],[[30433,55561],[1,81]],[[30433,55542],[0,19]],[[30536,55520],[31,-39]],[[30567,55481],[-28,0]],[[30476,55482],[-43,0]],[[30433,55482],[0,60]],[[30360,55640],[-2,-100],[75,2]],[[30433,55482],[-148,-4]],[[30285,55478],[-3,0],[3,160]],[[30561,54845],[2,-80]],[[30563,54765],[-40,-1]],[[30523,54764],[-1,80]],[[30827,53168],[-5,81],[42,1]],[[30594,53164],[39,1]],[[30633,53165],[2,-80]],[[30635,53085],[-39,-1]],[[30596,53084],[-2,80]],[[30596,53084],[-39,0]],[[30557,53084],[-1,80]],[[30478,53163],[5,0]],[[30557,53084],[-41,-1]],[[30635,53085],[38,0]],[[30712,53086],[2,-80]],[[30714,53006],[-39,-1]],[[30675,53005],[-39,-1]],[[30636,53004],[-1,81]],[[30903,52770],[-2,-40],[-18,0],[-9,-41]],[[30874,52689],[-77,-1]],[[29267,55118],[1,111]],[[29268,55229],[120,4]],[[29388,55233],[-15,-136]],[[29373,55097],[-9,-93],[-44,15],[11,13],[-2,21],[-35,-1],[-27,-7]],[[29428,54546],[78,2]],[[29506,54548],[1,-41]],[[29507,54474],[-77,-8]],[[29430,54466],[-2,80]],[[29351,54479],[61,-25],[18,12]],[[29509,54423],[-18,4],[-60,-2]],[[29431,54425],[-78,-2]],[[29353,54423],[-2,56]],[[29501,54919],[37,5],[116,2]],[[29654,54926],[10,-5]],[[29548,54792],[-10,28],[0,59],[-37,0],[0,29]],[[29082,54067],[26,-4]],[[29108,54063],[39,-6]],[[29147,54057],[3,-122],[59,2]],[[29209,53937],[1,-21]],[[29210,53916],[-37,-3],[-87,10]],[[29286,54154],[-3,-37],[8,-17]],[[29295,54034],[-89,13]],[[29206,54047],[-2,90]],[[29204,54137],[-1,14],[83,3]],[[29211,53900],[39,-2],[0,12],[38,-1],[2,-50]],[[29290,53859],[2,-81]],[[29292,53778],[-78,-1]],[[29214,53777],[-3,123]],[[30833,52588],[5,20],[28,1]],[[30866,52609],[87,2]],[[30953,52611],[2,-80]],[[30834,52528],[-1,60]],[[30874,52689],[78,2]],[[30952,52691],[1,-80]],[[30866,52609],[9,20],[-1,60]],[[30884,52209],[-78,-2]],[[30651,52205],[-6,0]],[[30806,52207],[2,-80]],[[30808,52127],[-133,-2]],[[29210,53916],[1,-16]],[[29214,53777],[-39,-2],[-2,80],[-39,-1],[1,-38],[-39,-2]],[[28905,53683],[116,6]],[[29037,53570],[-34,3],[-20,8],[-22,-10],[-27,28],[-18,-6]],[[28916,53593],[-8,11]],[[28908,53604],[-3,79]],[[31746,51024],[0,-214]],[[31746,50810],[-58,32],[-88,38],[-47,4]],[[31553,50884],[2,158]],[[31014,51121],[115,-1]],[[31129,51120],[39,0]],[[31168,51120],[1,-168]],[[31169,50952],[-44,3],[-60,-5],[-23,10],[-5,13],[12,40],[-6,18],[-29,25]],[[31014,51056],[0,65]],[[31168,51120],[28,0]],[[31196,51120],[110,-144]],[[31306,50976],[-12,-28]],[[31294,50948],[-16,12],[-34,2],[-34,-13],[-41,3]],[[31196,51120],[97,2]],[[31362,51043],[-45,-1],[-1,-26],[-10,-40]],[[30884,52209],[1,-81]],[[30885,52128],[2,-79]],[[30887,52049],[-78,-2]],[[30809,52047],[-1,80]],[[30809,52047],[-105,-1]],[[28160,56237],[242,-2]],[[28402,56235],[73,-80]],[[28160,56158],[0,79]],[[31060,53134],[-41,-1]],[[31019,53133],[0,20]],[[31019,53153],[-1,40]],[[30943,53172],[51,1],[0,20]],[[30994,53193],[11,0],[1,-40],[13,0]],[[31019,53133],[-75,-1]],[[30944,53132],[-1,40]],[[30944,53132],[0,-41]],[[30955,52531],[76,2]],[[31035,52372],[-77,-2]],[[27110,55959],[67,1],[-1,-51]],[[27137,55797],[-91,-5]],[[27046,55792],[17,98],[55,19],[-8,50]],[[27018,55636],[24,0],[9,24],[23,-10],[7,16],[74,9]],[[27228,55562],[-137,-6]],[[27091,55556],[-73,-4]],[[27018,55552],[0,84]],[[29349,54584],[68,1]],[[29417,54585],[10,1]],[[29427,54586],[1,-40]],[[29351,54479],[-2,105]],[[29512,54267],[-58,-2]],[[29454,54265],[-3,121],[-19,-1],[-1,40]],[[29454,54265],[-91,-2]],[[29363,54263],[-7,0]],[[29356,54263],[0,27]],[[29356,54290],[-3,133]],[[30751,53087],[1,-80]],[[30168,53076],[58,32],[19,26]],[[30246,53116],[2,-119]],[[30248,52997],[-78,-2]],[[30170,52995],[-2,79]],[[30168,53074],[0,2]],[[30053,53018],[19,16],[58,1],[0,16],[38,23]],[[30170,52995],[-118,-1]],[[30170,52995],[2,-80]],[[30172,52915],[-118,-1]],[[30248,52997],[2,-80]],[[30250,52917],[-78,-2]],[[29428,54906],[-1,-80],[-14,-1],[0,-79]],[[29413,54746],[-108,-4],[0,39],[-7,41],[-32,-1]],[[29266,54821],[0,80]],[[29500,54749],[-87,-3]],[[29691,54270],[0,-34],[-12,-47]],[[29679,54189],[-104,-2]],[[29514,54186],[-2,81]],[[28905,53683],[-6,155]],[[28899,53838],[0,11]],[[28908,53604],[-157,-5]],[[28751,53599],[-2,80],[56,2],[16,-5],[74,3],[10,4]],[[29068,53450],[78,3]],[[29146,53453],[19,1],[3,-81],[19,1],[0,-80]],[[29187,53294],[-107,-4]],[[29080,53290],[-7,0]],[[29073,53290],[-5,160]],[[28967,53447],[101,3]],[[29073,53290],[-73,-2]],[[29000,53288],[-3,29],[-11,22],[-19,108]],[[31129,51209],[27,-35],[30,26],[-19,40],[126,1],[0,18],[29,-9]],[[31129,51120],[0,89]],[[30893,51200],[63,162]],[[30956,51362],[57,0]],[[31013,51362],[0,-161],[-120,-1]],[[30897,51362],[59,0]],[[30893,51200],[-73,0]],[[30704,51161],[1,-40]],[[30705,51121],[0,-60]],[[30705,51061],[-155,0]],[[30550,51061],[1,60]],[[30705,51061],[0,-40]],[[30705,51021],[0,-20]],[[30705,51001],[-77,0],[0,40],[-55,0],[4,-20],[-26,0]],[[30551,51021],[-1,40]],[[30809,52047],[2,-80]],[[30811,51967],[-128,-2]],[[30385,51960],[3,-120],[-30,-1],[-9,-20]],[[30349,51819],[-1,60]],[[30348,51879],[-2,80]],[[30346,51959],[-2,80]],[[30344,52039],[-1,10],[40,1]],[[30186,52116],[68,1],[10,-20]],[[30264,52097],[2,-59],[78,1]],[[30346,51959],[-156,-4]],[[30190,51955],[-1,41]],[[30189,51996],[-2,80]],[[30187,52076],[-1,40]],[[30348,51879],[-155,-4]],[[30193,51875],[-3,80]],[[30038,51871],[77,3]],[[30115,51874],[78,1]],[[30349,51819],[1,-21],[-39,-1],[1,-39],[-48,-2],[-1,40],[-68,-1]],[[30195,51795],[-155,-4]],[[30040,51791],[-2,80]],[[28123,56796],[-1,-160]],[[27985,56633],[-56,57]],[[28276,56794],[0,-159]],[[28276,56635],[-154,1]],[[2064,37389],[214,-2]],[[2278,37387],[222,-3],[6,21],[3,142],[153,-4],[-3,-161],[301,-4],[3,163]],[[2963,37541],[1,162],[156,-2],[1,119],[77,-1],[1,121],[77,1],[1,81],[-228,4],[0,68],[-25,1],[-21,-54],[-34,-18]],[[2969,38023],[4,332]],[[2973,38355],[318,-14],[324,-7],[72,-3],[206,-4],[553,27],[19,-6],[28,9],[329,17]],[[4803,36416],[-2,-76],[-6,-320],[-1,-203],[-9,-404]],[[1884,35463],[0,13],[45,84],[-3,23],[-14,26],[25,5],[16,22],[-7,37],[18,31],[4,41],[-15,7],[6,66],[28,16],[-19,22],[-35,7],[-57,3],[1,160],[157,-7],[3,159],[140,-2],[0,147],[-74,3],[-1,92],[-62,2],[5,241],[-5,3],[11,149],[7,177],[6,399]],[[2111,40306],[-2,-244],[22,-24],[5,-28],[-5,-70],[-62,-7],[-1,-105],[-39,2],[-2,-161],[77,-3],[-6,-326],[-3,-358],[-3,-123],[-3,-245],[-5,-250],[281,-2],[-3,-237],[-8,-465],[-77,-24],[1,-249]],[[2064,37389],[-36,6],[-17,-3],[-113,5],[-251,8],[-50,-20]],[[1597,37385],[-1,35],[12,140],[6,160],[1,247],[-538,12]],[[1077,37979],[-19,69],[-10,48],[-3,58],[6,65],[23,87],[31,84],[37,81],[25,82],[12,58],[8,66],[2,45],[-4,64],[-29,114],[-10,23],[-101,173],[-22,29],[-28,24],[-51,16],[-50,25],[-27,25],[-16,39],[-5,54],[3,47],[9,31],[30,53],[173,164],[44,90],[115,211],[46,52],[42,35],[72,41],[236,127],[52,21],[134,33],[84,25],[89,19],[65,35],[30,9],[41,5]],[[979,37516],[47,21],[46,36],[22,25],[22,79],[4,69],[-1,67],[-6,55],[-15,56],[-21,55]],[[1597,37385],[-236,-102],[-9,9],[-25,-14],[-285,-43],[-35,-15],[2,42],[-17,9],[-9,19],[-25,11],[10,15],[-19,35],[5,22],[-10,49],[-16,15],[62,32],[-11,47]],[[64,35488],[-13,53],[-5,50],[3,69],[21,96],[0,81],[-18,51],[6,28],[20,51],[35,35],[45,87],[22,54],[4,31],[-4,27],[-19,56],[1,91],[23,86],[45,115],[14,45],[43,84],[41,100],[18,56],[20,115],[11,40],[29,65],[26,45],[52,78],[59,104],[44,38],[79,42],[22,18],[30,33],[46,59],[33,21],[127,9],[55,15]],[[2973,38355],[5,327],[11,629],[-2,183],[2,316],[-8,56],[10,31],[0,106],[97,-5],[15,-24],[33,0],[81,-7],[0,163],[-23,2],[-21,42],[-32,24],[-2,92]],[[2111,40306],[123,-3],[62,4],[50,-1],[56,-6],[107,-19],[43,4],[57,15]],[[2969,38023],[-15,-13],[-24,14],[-16,-18],[-19,7],[-14,-14],[-12,-30],[10,-32],[-15,-11],[-12,-28],[10,-29],[-48,-86],[-2,-239],[151,-3]],[[31019,53133],[0,-40]],[[31283,53258],[10,-22],[-11,-29]],[[31282,53207],[-71,-31]],[[31211,53176],[-35,0]],[[31176,53176],[-1,49],[-16,31]],[[31176,53176],[-39,-1]],[[31137,53175],[-1,80]],[[31137,53175],[-39,0]],[[31137,53175],[1,-80]],[[31176,53176],[1,-80]],[[31211,53176],[3,-10],[1,-69]],[[31215,53097],[-38,-1]],[[31282,53207],[130,-106]],[[31412,53101],[-197,-4]],[[26869,55782],[9,-78],[26,2],[0,-40],[24,-5],[-4,-38],[-24,-16],[-4,-31],[44,-29]],[[26940,55547],[-126,-7]],[[26815,55619],[0,80]],[[26815,55699],[-1,79],[55,4]],[[26814,55389],[39,12],[51,9],[24,16],[17,1]],[[26945,55427],[-6,-57],[-18,-42],[0,-23]],[[27242,55563],[-4,-19],[7,-45],[-9,-13],[5,-43]],[[27241,55443],[-48,19],[-81,-1],[-19,13]],[[27093,55474],[2,41],[-4,41]],[[27089,55462],[4,12]],[[27241,55443],[-8,-25],[12,-39],[-8,-29],[0,-29]],[[27237,55321],[-147,-7]],[[27090,55314],[0,47],[-14,28],[9,21],[4,52]],[[29679,54189],[-1,-60]],[[29678,54129],[1,-51],[-13,-1],[1,-36],[-26,1]],[[29678,54129],[78,2]],[[29756,54111],[2,-84]],[[29758,54027],[-78,-2]],[[29680,54025],[-39,0]],[[31035,52372],[0,-40]],[[31035,52332],[2,-55]],[[31035,52332],[78,2]],[[31113,52334],[1,-104]],[[31114,52230],[1,-11]],[[31112,52374],[1,-40]],[[31146,52375],[-12,-41],[-10,-60],[2,-20],[-12,-24]],[[29187,53294],[41,1]],[[29228,53295],[7,0]],[[29238,53232],[-156,-4]],[[29082,53228],[-2,62]],[[29240,53132],[-155,-4]],[[29085,53128],[-3,100]],[[28981,53287],[19,1]],[[29085,53128],[-36,-1],[-2,61],[-6,19],[-76,-2]],[[28965,53205],[-39,-1],[-2,49],[58,2],[-1,32]],[[30324,53079],[2,-80]],[[30326,52999],[-78,-2]],[[30404,53001],[-2,80]],[[30326,52999],[78,2]],[[30328,52919],[-2,80]],[[30328,52919],[-76,-2]],[[30252,52917],[-2,0]],[[30054,52914],[3,-80]],[[30057,52834],[-39,-1]],[[29705,52905],[126,4],[30,-4]],[[29863,52829],[-156,-4]],[[29707,52825],[-2,80]],[[29085,53128],[1,-40]],[[29086,53088],[-39,-1],[1,-40],[-19,-1],[-1,20],[-19,0],[0,-20],[-39,-2]],[[28970,53044],[-5,161]],[[30893,51200],[-31,-79]],[[30862,51121],[-157,0]],[[30862,51121],[-3,-39],[2,-60]],[[30861,51022],[-156,-1]],[[30862,51121],[152,0]],[[31014,51056],[1,-174]],[[31015,50882],[-155,0],[0,40]],[[30860,50922],[1,100]],[[30860,50922],[-155,-1]],[[30705,50921],[0,80]],[[25096,23290],[200,-20],[297,-26],[1,-335],[141,-12],[147,-5],[9,-15],[1,-28],[188,-3],[0,-120],[188,1],[37,-1],[1,-261],[3,-9],[33,-15],[11,-34],[23,-2],[43,-36],[2,-30],[14,-14],[24,0],[1,-68],[7,-55]],[[26467,22202],[-35,3],[0,-26],[99,-1],[-7,-30],[18,0],[0,-23],[39,1],[0,-37],[36,1],[0,-45],[71,-1],[0,-15],[27,0],[35,-26],[12,0],[-2,137],[15,-1],[7,36],[23,1],[12,43],[1,41],[-10,0]],[[26808,22260],[40,157],[20,-1],[103,7],[108,-3],[146,0],[297,-3],[73,-4],[195,4],[306,-2],[158,-6],[42,4],[98,2]],[[28394,22415],[-1,-57],[5,-143],[2,-345]],[[28400,21870],[3,-412],[-4,-619],[-2,-183]],[[28397,20656],[-133,0],[-167,-6],[-150,3],[-286,0],[-299,-9],[-224,-10],[-368,-13],[-278,-1],[-169,4],[-415,4]],[[25086,21323],[-4,508],[-4,485],[5,271],[6,271],[6,326],[1,106]],[[25095,24183],[161,2],[298,-1]],[[25554,24184],[432,2]],[[25986,24186],[82,0],[377,1],[359,3],[500,10],[340,7],[260,7]],[[28361,24225],[0,-98],[2,-79],[5,-321],[4,-161],[7,-342],[11,0],[0,-170]],[[28390,23054],[4,-639]],[[26808,22260],[-74,-16],[-50,5],[-13,6],[1,26],[-30,1],[0,-26],[-33,0],[-13,-13],[-60,1],[-28,-13],[-2,-29],[-39,0]],[[25096,23290],[0,235],[-1,658]],[[30811,51967],[2,-80]],[[30813,51887],[-155,-2]],[[30658,51885],[-1,50],[12,30]],[[30658,51885],[-17,-10],[-39,22],[-14,-14],[-84,-2]],[[30504,51881],[-2,80]],[[30504,51881],[-78,-1]],[[30426,51880],[-2,80]],[[30504,51881],[4,-160]],[[30508,51721],[-39,0]],[[30469,51721],[-6,0]],[[30463,51721],[5,25],[-1,55],[-40,-1],[-1,80]],[[30658,51885],[-12,-27],[20,-4],[-6,-50]],[[30660,51804],[2,-80]],[[28593,55832],[-13,5],[-143,2]],[[28437,55839],[-1,81],[-33,-1],[-1,77]],[[28594,55804],[1,-124]],[[28595,55680],[-54,-2],[-103,1]],[[28438,55679],[0,112]],[[28438,55791],[-1,48]],[[28438,55791],[-87,-3],[-69,10]],[[28282,55798],[-1,118]],[[28281,55916],[0,81]],[[28438,55679],[-158,-5]],[[28280,55674],[-2,61],[4,63]],[[6328,24680],[42,42],[41,5],[76,1],[33,-5],[26,-12],[27,-2],[42,-19],[34,0],[37,-41],[31,-16],[51,-16],[17,-45],[24,-3],[-3,-44],[24,-21],[-8,-63],[-17,-16],[7,-31],[11,-22],[24,-13],[29,-54],[-40,-20],[2,-18],[39,-23],[9,-15],[-23,-46],[-18,-14],[4,-34],[28,2],[18,-20],[12,-32],[-8,-20],[4,-54],[-16,-28],[9,-25],[-1,-35],[10,-46],[11,-27],[-10,-22],[-55,5],[-30,-12],[-10,-15],[-35,-24],[-14,-20],[1,-54],[-34,-19],[13,-37],[1,-30],[10,-36],[100,-34],[29,3],[31,-11],[43,3],[36,-9],[56,1],[50,23],[22,-4],[36,25],[28,-39],[37,-36],[24,4]],[[8456,21949],[-92,-38],[-43,-28],[-34,-32],[-30,-67],[-48,-81],[-13,-55],[6,-63],[-28,-68],[-6,-29],[-101,-167],[-62,-87],[-25,-18],[-50,-25],[-13,-20],[-77,-83],[-36,-44],[-46,-63],[-66,-63],[-35,-21],[-78,-28],[-58,-8],[-74,-4],[-37,4],[-25,11],[-10,18],[-104,61],[-92,58],[-65,34],[-31,20],[-41,49],[-10,18],[-49,117],[-9,13],[-57,58],[-25,19],[-34,41],[-61,83],[-30,32],[-5,27],[6,48],[-4,27],[-37,82],[-9,56],[-21,46],[-20,59],[-16,74],[1,152],[2,48],[-24,124],[-25,53],[-13,14],[-40,81],[-10,53],[-19,49],[-65,136],[-58,145],[-30,50],[-16,79],[9,34],[76,82],[7,11],[7,53],[23,47],[60,77],[36,37],[28,37],[6,19],[7,115],[-27,143],[-23,69],[-39,57],[-29,67],[-36,47],[-20,37],[-18,48],[-31,131],[-7,196],[-9,60],[-26,76],[-24,133],[0,59],[6,43],[-4,79],[-8,27]],[[6328,24680],[-26,75],[-4,22],[6,55],[-3,28],[-17,71],[-26,132],[-24,52],[-48,49],[-50,27],[-53,14],[-21,15],[-49,64],[-71,85],[-18,27],[-40,99],[-23,34],[-55,39],[-55,63],[-8,45],[-14,28],[-47,39],[-65,40],[-75,42],[-35,34],[-107,130],[-43,55],[-59,53],[-92,67],[-59,36],[-76,53],[-115,66],[-47,40],[-29,35],[-21,34],[-2,23],[-31,32],[-31,12],[-31,5],[-51,19],[-28,16],[-33,26],[-42,51],[-22,81]],[[28704,53274],[142,7]],[[28846,53281],[5,-160]],[[28851,53121],[-102,-3]],[[28749,53118],[-2,50],[-35,-11],[2,48],[-8,0],[-2,69]],[[28851,53121],[5,-160]],[[28856,52961],[-102,-4]],[[28754,52957],[-5,161]],[[28647,53273],[57,1]],[[28754,52957],[-57,-1]],[[28697,52956],[-5,95],[-38,136],[-7,86]],[[28617,53266],[30,7]],[[28697,52956],[-70,-2]],[[28627,52954],[-6,205]],[[28621,53159],[-4,107]],[[30705,50921],[0,-79]],[[30705,50842],[-30,-4],[-56,1],[-4,15],[-26,0],[-9,-12],[-28,-2]],[[30551,50882],[0,4]],[[30551,50886],[0,135]],[[30705,50842],[46,-3],[-46,-117]],[[30705,50722],[-153,-1]],[[30423,53906],[41,0]],[[30464,53882],[1,-80]],[[31100,53055],[1,-40]],[[31102,52915],[-39,-1]],[[31063,52914],[-38,-1]],[[31025,52933],[-2,80],[-39,-1]],[[30984,53012],[-38,-1]],[[30984,53012],[2,-80]],[[31025,52913],[1,-60]],[[31412,53101],[2,-22]],[[31414,53079],[-117,-2],[-3,-11],[-43,-1]],[[31251,53065],[-1,16],[-35,0]],[[31215,53081],[0,16]],[[31140,53080],[0,-65]],[[31177,53080],[1,-64]],[[31758,52629],[-3,-272]],[[31586,52383],[-1,20],[29,0],[-1,60],[-88,-1]],[[27910,56000],[0,-96],[53,-22],[52,-49]],[[28015,55833],[-105,-2]],[[27910,55831],[-15,9]],[[27895,55840],[-57,32],[-68,21],[-46,8]],[[27724,55901],[1,100]],[[30705,50722],[0,-80]],[[30705,50642],[-76,0],[0,-11],[-37,-1],[-39,13]],[[30553,50643],[-1,78]],[[31294,50948],[-13,-39],[-1,-27]],[[31280,50882],[0,-79]],[[31280,50803],[-111,-2]],[[31169,50801],[0,151]],[[31280,50803],[0,-79]],[[31280,50724],[-151,-2],[-37,34]],[[31092,50756],[0,46],[77,-1]],[[31265,52537],[156,-154]],[[31421,52383],[2,-3]],[[31423,52380],[-2,0]],[[31421,52380],[-156,-3]],[[28047,55999],[1,-66]],[[28048,55933],[-26,-1],[0,-66],[15,-33]],[[28037,55833],[-22,0]],[[28037,55833],[129,0]],[[28166,55833],[1,-114],[116,-60]],[[28283,55659],[2,-115]],[[28285,55544],[-110,113],[-24,19],[-56,37]],[[28095,55713],[-185,118]],[[28166,55833],[21,-2],[48,-24],[47,-9]],[[28280,55674],[3,-15]],[[29549,52902],[156,3]],[[29707,52825],[-156,-4]],[[29551,52821],[-2,80]],[[29549,52901],[0,1]],[[29550,52809],[1,12]],[[29707,52825],[2,-41]],[[29709,52784],[-157,-3]],[[29552,52781],[-2,28]],[[29863,52829],[1,-40]],[[29864,52789],[-155,-5]],[[30018,52833],[1,-40]],[[30019,52793],[-155,-4]],[[30058,52754],[-38,-1]],[[30020,52753],[-1,40]],[[30252,52917],[1,-80]],[[30253,52837],[-1,0]],[[30173,52836],[-1,79]],[[27447,52639],[40,23],[30,25]],[[27517,52687],[6,-6],[31,32],[38,2],[0,-14],[40,0],[14,-16],[-5,-32],[6,-32],[-15,-20],[8,-15],[1,-31]],[[27641,52555],[-21,5],[-46,-2],[-13,-35],[21,-47],[0,-18]],[[27582,52458],[-35,-10],[9,-29],[-41,-11],[-49,-5]],[[27466,52403],[0,90],[-13,46],[-6,100]],[[26851,54503],[151,7]],[[27002,54510],[-25,-13],[-8,-63],[-14,-37],[-27,-2],[0,-49]],[[27523,53936],[118,43],[35,11]],[[27676,53990],[14,-38],[-2,-48],[-51,-39],[-2,-89],[-31,-27],[3,-26]],[[27607,53723],[-61,0]],[[27476,53723],[-45,-1]],[[28156,53261],[3,-108],[77,2]],[[28236,53155],[2,-53]],[[28238,53102],[-66,-1],[-126,-48]],[[28046,53053],[-2,43]],[[28044,53096],[-5,160]],[[27324,54048],[128,10],[111,3]],[[27563,54061],[-2,-16],[30,-10],[46,-29],[9,17],[19,-7],[11,-26]],[[27344,53961],[0,45],[-19,3],[-1,39]],[[26415,53753],[19,-9]],[[26434,53744],[40,-19],[66,-24],[39,-6],[104,1],[118,4]],[[26798,53415],[-7,-9],[-3,-106],[-4,-17],[-108,-4],[1,28],[-52,-3],[-37,-11]],[[26365,53419],[-19,188],[0,25],[11,19],[56,54],[2,48]],[[28143,54487],[-87,32]],[[28056,54519],[-61,40],[-56,32]],[[28358,53782],[-25,-41],[47,0],[136,6],[9,-43],[9,-273],[77,3]],[[28611,53434],[6,-158]],[[28617,53276],[-13,-3],[-262,-8]],[[28302,53561],[-1,124],[-3,41],[-21,92],[-3,75],[36,1]],[[27914,52989],[132,64]],[[28046,53053],[0,-29],[39,0],[2,-86]],[[28087,52938],[3,-100]],[[28090,52838],[-40,-1],[0,20],[-96,-2],[-1,80],[-20,0],[-19,54]],[[28350,54235],[95,3]],[[28521,54087],[-78,-3],[0,-22],[-38,1]],[[27941,55187],[62,1]],[[28003,55188],[21,-60],[24,-12],[-9,-25],[-61,-2],[3,-22],[-2,-167]],[[26719,53937],[-1,-34],[-11,-24],[-1,-26],[-25,1],[-5,-47],[-54,-10],[-27,9],[-50,1],[-18,45],[-41,-37],[-30,-19],[-4,-25],[-18,-27]],[[26415,53753],[1,159]],[[28003,55188],[288,5]],[[28291,55193],[0,-276],[0,-79]],[[28882,54569],[201,5]],[[29083,54574],[21,-84]],[[29039,54495],[-1,18],[-154,-4]],[[28884,54509],[-2,60]],[[28809,54408],[20,1],[-1,49],[57,1]],[[28885,54459],[2,-49],[90,2]],[[28982,54254],[-106,-2]],[[28876,54252],[-30,-1]],[[28846,54251],[-1,39],[-32,4],[5,36],[-7,17],[-2,61]],[[30813,51887],[2,-80]],[[30815,51807],[-155,-3]],[[29758,54027],[2,-76]],[[29760,53951],[-78,-2]],[[29682,53949],[-2,76]],[[28276,56635],[39,0]],[[28238,56476],[-116,-1]],[[28122,56475],[0,30]],[[28281,55916],[-115,-2],[0,-10],[-44,4],[4,25],[-78,0]],[[28596,55602],[-157,-5],[1,-80],[-126,-2]],[[28314,55515],[-29,29]],[[28596,55519],[1,-106]],[[28597,55413],[-92,34],[-154,44],[-37,24]],[[29240,55991],[185,-2]],[[29425,55989],[11,-36],[-21,-6],[-60,-1],[0,-75]],[[29355,55871],[-118,-4]],[[29237,55867],[0,94],[3,30]],[[29424,52994],[65,59],[55,26]],[[29544,53079],[-2,-33]],[[29542,53046],[4,-65]],[[29546,52981],[3,-79]],[[29549,52901],[-83,-3],[15,63],[-1,14],[-29,-4],[-27,23]],[[29349,52886],[75,108]],[[29550,52809],[-26,-42],[-12,22],[-50,-1]],[[29462,52788],[-26,8],[-8,21],[-31,-1],[0,29],[-48,41]],[[30022,52632],[2,-75]],[[30024,52557],[1,-46]],[[30025,52511],[-155,-4]],[[29870,52507],[-67,-1]],[[29803,52506],[-1,40],[68,2],[-2,81],[154,3]],[[29560,52500],[156,4]],[[29716,52504],[2,-81],[-78,-2],[3,-80]],[[29643,52341],[-37,-1]],[[29606,52340],[-41,-1]],[[29565,52339],[-5,161]],[[31015,50824],[77,-68]],[[31280,50724],[3,-49],[11,-46]],[[31294,50629],[-54,-1],[-50,3],[-84,14],[-52,1],[0,22],[-23,0],[-1,25],[-15,30]],[[31015,50723],[0,101]],[[31478,50626],[84,3],[133,0],[50,-8]],[[31745,50621],[0,-75]],[[31745,50546],[-112,-2],[-19,17],[0,-76],[-58,0]],[[31556,50485],[0,79],[-78,0],[0,62]],[[31745,50546],[-1,-140]],[[31744,50406],[-164,-1]],[[31580,50405],[-14,9],[0,51],[-10,20]],[[31280,50485],[276,0]],[[31580,50405],[-300,0]],[[31280,50405],[0,80]],[[30659,53858],[1,-53]],[[30744,53807],[2,-79]],[[30746,53728],[-1,0]],[[30745,53728],[-20,-1]],[[30725,53727],[-24,0]],[[31177,53080],[38,1]],[[31215,53081],[1,-60],[-13,-5]],[[31203,53016],[-25,0]],[[31251,53065],[-1,-48]],[[31250,53017],[-33,-4]],[[31217,53013],[-14,3]],[[30871,49801],[10,37],[78,163]],[[30959,50001],[61,1]],[[31022,49802],[-151,-1]],[[31414,53079],[2,-58]],[[31416,53021],[-166,-4]],[[31416,53021],[18,-98]],[[31434,52923],[-152,-8],[-25,3]],[[31257,52918],[0,19],[-20,0],[13,80]],[[31257,52918],[-30,-1]],[[31227,52917],[-9,0]],[[31218,52917],[-1,96]],[[31218,52917],[-38,-1]],[[31421,52383],[-2,157]],[[31605,52222],[-22,0]],[[31583,52222],[-80,78]],[[30712,49999],[87,1]],[[30799,50000],[12,-60],[11,-82],[9,-95]],[[30831,49763],[-40,-1]],[[30791,49762],[-78,1]],[[30713,49763],[0,77]],[[30713,49840],[-1,159]],[[30557,50080],[142,-1],[13,-10],[0,-70]],[[30713,49840],[-77,0],[0,79],[-78,1]],[[30558,49920],[-1,160]],[[30713,49763],[-154,0]],[[30559,49763],[0,55]],[[30559,49818],[-1,102]],[[30791,49762],[0,-45]],[[30559,49718],[0,45]],[[29425,55989],[86,-1]],[[29511,55988],[-1,-114]],[[29510,55874],[-155,-3]],[[29354,55836],[78,-23],[-5,-80],[82,3]],[[29509,55736],[-1,-20]],[[29508,55716],[-78,-2]],[[29430,55714],[-78,-3]],[[29352,55711],[2,125]],[[29510,55874],[-1,-138]],[[29354,55836],[1,35]],[[29274,55708],[78,3]],[[29430,55714],[-1,-161]],[[29429,55553],[-106,-3]],[[29323,55550],[-50,-1]],[[29273,55549],[1,159]],[[28285,55544],[2,-151]],[[28287,55393],[-50,-1],[-64,30],[-41,14],[-99,26],[20,31],[10,74],[14,45],[18,101]],[[29954,56946],[15,1]],[[29969,56947],[179,-306]],[[30148,56641],[-106,0],[-20,-9],[2,-53],[-24,0]],[[30000,56579],[-74,120],[-147,243]],[[29779,56942],[107,-1],[68,5]],[[29794,56583],[79,0],[127,-4]],[[30000,56579],[74,-121]],[[30074,56458],[-129,1],[0,-40],[-39,1]],[[29906,56420],[-38,2],[-5,38],[-72,1]],[[29791,56461],[3,122]],[[29604,53946],[58,2]],[[29662,53948],[2,-80]],[[29664,53868],[-19,-3]],[[29645,53865],[-48,4],[-75,12]],[[29522,53881],[-1,64]],[[29662,53948],[20,1]],[[29762,53870],[-98,-2]],[[29764,53789],[-39,0]],[[29725,53789],[-78,-2]],[[29647,53787],[-2,78]],[[30074,56458],[110,-181]],[[30184,56277],[8,-20],[-21,-6],[-2,25],[-22,1]],[[30147,56277],[-5,20],[-120,1]],[[30022,56298],[-78,2],[-11,38],[-27,1],[0,81]],[[29871,52485],[1,-58],[78,2],[2,-80]],[[29952,52349],[-12,-1]],[[29940,52348],[-68,-1]],[[29872,52347],[-113,-3]],[[29759,52344],[-1,36],[113,105]],[[30027,52351],[-75,-2]],[[29871,52485],[-1,22]],[[30514,51449],[0,3]],[[30608,51563],[19,0]],[[30627,51563],[1,-39],[39,-8],[1,-38],[80,7]],[[30748,51485],[-30,-26],[-45,-15],[-27,-16],[-42,-14],[-8,-12]],[[30515,51402],[-1,47]],[[19188,47902],[-3,24]],[[19185,47926],[66,8],[-10,68]],[[19241,48002],[47,3],[13,-16],[5,-48],[10,1]],[[19316,47942],[0,-58],[12,-2],[14,-49]],[[19342,47833],[-31,-42],[-42,-49],[14,-14]],[[19283,47728],[-20,-19],[-36,-6],[-37,3],[-42,13],[-18,15],[-35,68],[-11,13],[-34,14],[0,13],[32,-2],[17,-10],[44,7],[50,24],[-5,41]],[[29716,52504],[87,2]],[[29759,52344],[-40,-1]],[[29719,52343],[-76,-2]],[[30705,50642],[20,1]],[[30725,50643],[-19,-23],[1,-217]],[[30707,50403],[-152,-1]],[[30555,50402],[1,15],[-3,226]],[[30725,50643],[109,0],[14,7],[13,28]],[[30861,50678],[2,-274]],[[30863,50404],[-39,0]],[[30824,50404],[-105,-1]],[[30719,50403],[-12,0]],[[31329,49632],[79,14],[90,38],[24,-2],[49,9],[33,31],[25,7],[114,-14]],[[31743,49715],[0,-213],[-1,-55]],[[31434,52923],[11,-59]],[[31218,52856],[1,30],[8,31]],[[31181,52856],[-1,60]],[[31141,52915],[1,-60]],[[31142,52855],[-39,0]],[[31103,52855],[-1,60]],[[31026,52853],[38,1]],[[31064,52854],[39,1]],[[31103,52855],[1,-80]],[[31104,52775],[-77,-2]],[[29508,55716],[-2,-240]],[[29506,55476],[-78,-2]],[[29428,55474],[1,79]],[[29164,55544],[109,5]],[[29323,55550],[0,-163],[-10,-14]],[[29313,55373],[-20,16]],[[29293,55389],[-135,105],[6,50]],[[30793,49521],[192,1]],[[31142,52855],[5,0]],[[31188,52375],[20,-39]],[[31208,52336],[26,-60],[16,-49]],[[31257,52216],[-132,-3]],[[31125,52213],[-10,0]],[[31421,52380],[1,-40]],[[31422,52340],[-157,-3]],[[31265,52337],[0,40]],[[31265,52337],[-57,-1]],[[31265,52337],[4,-110]],[[31422,52340],[2,-107]],[[29428,55474],[-39,-2],[9,-33],[3,-46]],[[29401,55393],[-12,-1],[-1,-78]],[[29388,55314],[-75,59]],[[29247,55348],[26,1],[0,40],[20,0]],[[29388,55314],[0,-81]],[[29268,55229],[-25,-1]],[[29243,55228],[3,33],[1,87]],[[29943,49763],[0,-48],[24,0],[0,-19],[-24,-13]],[[29635,49683],[0,80]],[[29943,49841],[414,0]],[[30357,49841],[12,0]],[[30369,49841],[-29,-76]],[[30340,49765],[-12,0]],[[30328,49765],[-78,-2],[1,-50]],[[30253,52757],[1,-80]],[[30254,52677],[2,-77]],[[30256,52600],[-79,48]],[[30177,52648],[-2,107]],[[30177,52648],[2,-90],[-96,-4],[-59,3]],[[30022,52632],[-2,121]],[[30329,52839],[-76,-2]],[[30184,56277],[31,-2],[0,20],[36,0],[17,21]],[[30268,56316],[64,-63],[0,-41],[-79,2],[-24,-13]],[[30229,56201],[-15,0],[0,-26],[-40,2]],[[30174,56177],[-27,100]],[[30020,56139],[155,-3]],[[30175,56136],[-1,-93],[-8,-16]],[[30166,56027],[-69,-2],[-1,-47]],[[30096,55978],[-113,1]],[[29983,55979],[-1,36],[-19,46],[56,-2],[1,80]],[[30175,56136],[-1,41]],[[30229,56201],[23,-37]],[[30252,56164],[84,-139]],[[30336,56025],[-3,1]],[[30333,56026],[-167,1]],[[30268,56316],[58,69]],[[30326,56385],[50,-58],[74,-71],[55,-41],[69,-40],[10,-18],[-6,-52],[4,-30],[13,-20]],[[30595,56055],[-103,0]],[[30492,56055],[-2,29],[-28,22],[-131,3],[0,54],[-79,1]],[[28885,54459],[-1,43]],[[28884,54502],[0,7]],[[29883,53713],[-39,-2],[0,-20],[-39,-1],[1,-20],[-30,-1]],[[29776,53669],[-2,121]],[[29647,53787],[-20,-1]],[[29627,53786],[-102,-2]],[[29525,53784],[-3,97]],[[30676,51645],[65,1]],[[30741,51646],[2,-80],[-116,-3]],[[29085,55222],[158,6]],[[29114,55147],[-30,31],[9,29],[-8,15]],[[29119,55542],[29,2]],[[29148,55544],[16,0]],[[29247,55348],[-52,-2],[0,40],[-77,-3]],[[29118,55383],[1,159]],[[21347,45609],[1,-121],[-4,-40]],[[21344,45448],[-163,-1]],[[21181,45447],[2,160],[164,2]],[[30741,51646],[78,1]],[[30776,51498],[-28,-13]],[[30184,52354],[153,4]],[[30497,52201],[-39,0]],[[30458,52201],[-1,40],[-133,-2]],[[30324,52239],[-28,39],[-114,-1]],[[30182,52277],[2,77]],[[30324,52239],[-63,-1],[3,-121]],[[30264,52117],[0,-20]],[[30186,52116],[-1,40]],[[30185,52156],[-3,121]],[[30156,53717],[-118,-2]],[[30272,53719],[-39,-1]],[[31106,52695],[-79,78]],[[29186,55991],[54,0]],[[29237,55867],[-40,-1]],[[29120,55862],[-11,0]],[[29109,55862],[0,20],[11,18],[-7,42],[-32,-2],[0,52]],[[21347,45609],[-1,52]],[[21346,45661],[122,3],[0,-55]],[[21468,45609],[1,-159]],[[21469,45450],[-125,-2]],[[30492,56055],[-1,-24],[-51,2],[1,-10],[-105,2]],[[29787,56143],[52,-1]],[[29839,56142],[19,-81],[25,1],[0,-35],[29,-33],[-1,-13]],[[29911,55981],[-81,1]],[[29830,55982],[-45,1]],[[29785,55983],[2,160]],[[28838,56471],[21,-1]],[[28859,56470],[95,-2],[21,-6],[41,-22]],[[29016,56440],[-1,-153],[15,-89],[1,-29],[-10,-177]],[[29021,55992],[-165,1]],[[28856,55993],[2,234]],[[28858,56423],[-20,48]],[[29170,56628],[3,160]],[[29173,56788],[77,-1]],[[29250,56787],[-3,-199],[50,0],[3,-40]],[[29300,56548],[-131,1]],[[29169,56549],[1,79]],[[29274,55708],[-94,-3]],[[28653,55683],[13,34],[37,34],[63,29],[18,-11]],[[28819,55621],[2,-9]],[[28936,55616],[27,-37],[-1,-36]],[[28962,55543],[-28,-7],[-97,-4]],[[28837,55532],[40,-158]],[[28877,55374],[-2,-1]],[[28875,55373],[-67,-2],[-1,160]],[[30196,53651],[-1,66]],[[30196,53637],[-19,-1]],[[30177,53636],[-20,2]],[[30157,53638],[-1,79]],[[30157,53638],[-117,-4]],[[30111,55954],[25,0]],[[30136,55954],[0,-79],[95,0],[34,-21]],[[30265,55854],[19,-10]],[[30284,55844],[-6,-47]],[[30278,55797],[-182,-2]],[[30096,55795],[2,144],[13,15]],[[30096,55978],[15,-24]],[[30096,55795],[-115,0]],[[29981,55795],[2,184]],[[30096,55795],[-1,-79]],[[30095,55716],[-116,-1]],[[29979,55715],[2,80]],[[29911,55981],[72,-2]],[[29981,55795],[-136,2]],[[29845,55797],[0,79]],[[29845,55876],[3,80],[-50,-1],[-6,15],[37,0],[1,12]],[[29979,55715],[-136,2]],[[29843,55717],[2,80]],[[29407,56427],[159,-1]],[[29566,56426],[7,-113],[3,-7],[58,-1]],[[29634,56305],[-1,-67],[-59,0],[-3,-91]],[[29571,56147],[-80,1]],[[29491,56148],[-84,279]],[[29634,56305],[158,-3]],[[29792,56302],[-6,-72]],[[29786,56230],[1,-87]],[[29787,56143],[-216,4]],[[29390,56122],[29,3],[34,23],[38,0]],[[29491,56148],[60,-160]],[[29551,55988],[-40,0]],[[29425,55989],[-35,133]],[[29785,55983],[-75,3],[-159,2]],[[30771,54049],[66,0]],[[30837,54049],[13,-29]],[[30846,53970],[-73,-1]],[[30235,53638],[2,-80]],[[30198,53557],[-2,80]],[[30274,53638],[1,-80]],[[30275,53558],[-38,0]],[[30391,53596],[6,-35]],[[30353,53560],[-2,80]],[[31583,52222],[-87,-1]],[[31496,52221],[-65,-1]],[[31125,52213],[-16,-96]],[[31109,52117],[-70,-1],[-53,18],[-17,23]],[[30969,52157],[-8,53]],[[19316,47942],[50,0],[27,8],[91,56],[108,52],[21,18],[9,24],[-4,704],[13,-2],[292,0],[152,-4],[-1,149],[-4,329],[-3,1],[-7,476]],[[20060,49753],[153,-2],[306,-2],[6,-238],[4,-238],[154,1],[191,6],[326,7],[227,6],[43,-2],[-1,160]],[[21469,49451],[241,1],[0,-24],[10,-19],[-9,-36],[115,-2],[2,-160],[4,-84],[12,-13],[-28,-60],[2,-22],[-13,-41],[-3,-36],[-13,-84],[-1,-68],[-22,-52],[-39,-59],[-10,-27],[-29,-119],[-26,-78],[-23,-43]],[[21639,48425],[-99,-4],[-56,-7],[-180,-3],[-35,-6],[-46,-21],[-49,-36],[-31,-13],[-55,-7],[-84,-1],[-1,-34],[17,-70],[41,-25],[1,-32],[18,-11]],[[21080,48155],[0,-24],[-66,-26],[-21,-25],[-12,-29],[-10,-49],[3,-56],[107,61],[0,-43],[24,22],[39,25],[55,23],[22,3]],[[21221,48037],[0,-12],[-28,-14],[-22,-23],[-47,-21],[-34,-39],[-32,-50]],[[21058,47878],[-11,-25],[-34,-43],[-37,-38],[-35,-13],[-14,10],[-46,10],[-29,17],[-19,1],[-78,-13],[-57,-2],[-7,-5]],[[20691,47777],[-24,-4],[4,-18],[-25,-16],[-85,-34],[-58,-12],[-20,5],[-36,-17],[-34,-4],[-114,40],[-6,6],[-133,38],[-30,16],[-19,26],[-53,17],[-32,16],[-38,11],[-25,24],[-43,9],[-117,-42],[-94,-37],[-21,-4],[-81,-1],[-59,8],[-46,-10],[-34,5],[-2,-31]],[[19466,47768],[-17,33],[-19,20],[-28,14],[-27,2],[-26,-29],[-7,25]],[[21639,48425],[-8,-32],[-16,-32],[-48,-65],[-11,-31],[2,-39],[-11,-49],[-15,-19],[-23,-14],[-19,8],[-29,45],[-52,31],[-31,-12],[-7,-50]],[[21371,48166],[-35,6],[-115,-4]],[[21221,48168],[-105,-1],[-36,-12]],[[19466,47768],[5,-33],[30,-68],[19,-29],[48,-55],[27,-11],[24,1],[30,-9],[22,15],[6,31],[19,-5],[27,-23],[34,-79],[4,-20],[-15,-11],[-88,-19],[-46,-3],[-29,-12],[-29,-32],[2,-39],[37,-14],[37,4],[20,-10],[21,-42],[21,-12],[-8,-29],[-38,-18],[-19,2],[-18,-20],[-7,-22],[-38,-12],[-33,-1]],[[19531,47193],[-44,-2],[-173,0]],[[19314,47191],[0,166],[-5,29],[-1,137],[1,120],[-78,0],[10,24],[64,38],[-22,23]],[[21313,45928],[154,1]],[[21467,45929],[0,-43],[151,2],[2,-278],[-152,-1]],[[21346,45661],[4,41],[-4,107],[-33,3],[0,116]],[[19138,50696],[154,-1],[153,-4],[5,-320],[27,0],[12,-39],[5,-385]],[[19494,49947],[-31,24],[-37,16],[-79,15],[-52,6],[14,-85],[29,-75],[3,-86],[-194,-3],[-155,-4]],[[18992,49755],[0,177],[-4,255],[3,37],[-1,79],[73,-2],[18,-4],[0,46],[12,18],[25,17],[24,0],[-5,260],[1,58]],[[21371,48166],[-5,-24],[-15,-18],[-36,-5],[-37,-22],[-10,-42],[5,-18]],[[21273,48037],[-49,0]],[[21224,48037],[-1,53],[-60,-1],[0,59],[58,1],[0,19]],[[18680,49750],[312,5]],[[19494,49947],[30,-25],[9,-20],[0,-41],[13,-15],[78,-33],[63,-18],[77,-36],[296,-6]],[[19241,48002],[-2,80],[-77,-2]],[[19162,48080],[-1,203],[-31,29],[-22,-12],[-32,-6],[-107,-2]],[[18708,47121],[37,-10],[104,-1],[0,-78],[155,1],[310,-2],[0,160]],[[19531,47193],[-2,-160],[12,-20],[9,-57],[3,-65],[8,-17],[10,-72],[12,-52],[21,3],[35,43],[132,1],[2,-242],[3,-80],[539,1],[-2,-80],[1,-159],[220,0],[13,5],[-3,295],[8,25],[22,27],[21,48],[100,0],[3,3],[-1,108],[110,-109],[82,1],[1,-80],[153,4],[421,4]],[[21464,46568],[3,-320],[0,-319]],[[21313,45928],[-307,-1],[-1,116],[-17,38],[-16,-10],[-45,5],[-76,-4],[4,-309],[3,-318]],[[20858,45445],[-302,-2],[2,-625],[0,-203]],[[20558,44615],[-1,-329],[-3,-478],[-2,-323]],[[18998,47909],[52,2],[0,-33],[31,0],[34,18],[73,6]],[[22346,48330],[-6,319],[585,7],[308,6]],[[23266,47702],[-154,-4],[-2,44],[-30,-10],[-102,-45],[-75,14],[-60,33],[-78,23],[-9,33],[-26,9],[-69,11],[-42,15],[-71,36],[-38,12],[-16,-4],[-165,42]],[[22329,47911],[17,14],[9,26],[-4,25],[-5,354]],[[21221,48037],[3,0]],[[21273,48037],[17,-12],[26,-2],[55,-20],[36,-7]],[[21407,47996],[-20,-19],[6,-49]],[[21393,47928],[-91,-4],[-22,7],[0,-29],[-27,-3],[0,24],[-27,-2],[0,-39],[-168,-4]],[[22329,47911],[-17,-78]],[[22312,47833],[-31,19],[-175,60],[-3,19],[9,26],[-15,51],[-55,20],[2,26],[-6,275],[146,0],[46,9],[45,-9],[71,1]],[[21181,45447],[-323,-2]],[[19185,47926],[-30,13],[-2,33],[8,29],[1,79]],[[21393,47928],[63,2],[22,-25],[24,-7],[83,-6],[5,-362],[-129,-3],[1,-78],[-154,-5],[-228,-3],[-184,-1],[-14,24],[-49,26],[-39,-77],[-25,-30],[-40,-25],[-191,-1],[-1,199],[38,0],[2,39],[69,1],[10,22],[38,22],[-3,137]],[[18977,51179],[154,-4],[462,-9],[596,11],[305,7]],[[21453,51217],[5,-480],[5,-478],[1,-122],[8,-206]],[[21472,49931],[3,-157],[-4,0],[-3,-158],[1,-165]],[[19138,50696],[-154,4],[-6,462],[-1,17]],[[18680,50711],[-1,160],[-4,316],[302,-8]],[[21472,49931],[50,0],[73,-21],[24,4],[50,-25],[44,2],[17,33],[65,-5],[14,11],[278,-1],[161,0],[-29,-71],[32,24],[40,6],[13,-7],[10,-42],[34,-29],[12,-35],[18,-7],[27,14],[-18,24],[-15,51],[6,31],[17,10],[19,33],[3,38],[31,37],[-2,30],[-18,72],[-1,25],[14,26],[65,39],[36,37],[20,8],[70,7],[37,8],[47,18],[121,61],[21,3],[38,-7],[36,17],[25,-1],[74,14],[65,31],[22,20],[33,61],[39,33]],[[22312,47833],[-3,-22]],[[22309,47811],[-130,42],[-6,-3],[-56,22],[-55,6],[-45,-13],[-29,2],[-1,18],[-70,6],[-27,8],[-49,24],[-22,7],[-66,8],[-52,44],[-77,17],[-10,8],[-64,16],[-88,-21],[-55,-6]],[[23299,45469],[-367,-4],[-84,-1],[-311,-4],[-134,-2],[-344,-5],[-339,-2],[-251,-1]],[[21464,46568],[-1,319],[315,0],[129,1],[-5,320],[154,1],[-5,302],[23,21],[51,0],[21,18],[20,-49],[37,-29],[2,-24],[78,-26],[6,24],[-9,48],[1,116],[14,22],[-2,16],[-22,42],[20,3],[18,118]],[[31581,52002],[4,50],[25,41],[-4,71],[-6,24],[5,34]],[[31665,52061],[-48,0],[0,-60],[-19,1]],[[31598,52002],[-17,0]],[[31665,52061],[1,-100]],[[31666,51961],[0,-40]],[[31666,51921],[-79,0]],[[31587,51921],[0,60],[11,21]],[[31752,52001],[-1,-40]],[[31751,51961],[-85,0]],[[31751,51961],[-1,-80]],[[31750,51881],[-45,0],[-1,-78],[-38,-3]],[[31666,51800],[0,121]],[[31666,51800],[-39,0],[0,-18],[-40,-1]],[[31587,51781],[0,140]],[[30329,52839],[1,-40]],[[30330,52799],[1,-40]],[[30331,52759],[-78,-2]],[[30485,52842],[0,-40]],[[30485,52802],[-155,-3]],[[30526,52842],[-3,-31],[1,-88]],[[30524,52723],[-37,-1]],[[30487,52722],[-1,40]],[[30486,52762],[-1,40]],[[30486,52762],[-155,-3]],[[30487,52722],[1,-40],[-78,-2]],[[30410,52680],[-156,-3]],[[30524,52723],[1,-40]],[[30526,52602],[-115,-1]],[[30411,52601],[-1,79]],[[29390,56122],[-69,0],[0,27],[-38,1],[-9,20],[0,59],[7,30],[-28,4]],[[29228,56263],[113,165],[66,-1]],[[28488,56950],[156,1]],[[28644,56951],[220,-3]],[[28864,56948],[-4,-158]],[[28860,56790],[-95,13],[-144,-2]],[[28621,56801],[-85,-3]],[[28536,56798],[-48,152]],[[28392,56793],[0,-159]],[[28381,56855],[32,1],[14,-15],[44,-11],[-1,-33],[66,1]],[[28536,56798],[53,-165],[-42,0]],[[30464,53906],[-2,56]],[[30969,52157],[-6,-28]],[[30963,52129],[-78,-1]],[[30963,52129],[0,-79]],[[30963,52050],[-71,-1]],[[30892,52049],[-5,0]],[[31109,52117],[-11,-64]],[[30966,51890],[-76,-2]],[[30890,51888],[-2,141],[4,20]],[[30890,51888],[-77,-1]],[[30815,51807],[77,2]],[[30892,51809],[76,1]],[[30968,51810],[2,-80]],[[30817,51727],[-2,80]],[[30817,51727],[-155,-3]],[[30970,51730],[70,1]],[[31040,51731],[-35,-209]],[[31005,51522],[-13,22],[-15,7]],[[30008,53314],[39,-1]],[[30048,53274],[2,-120]],[[30050,53154],[-40,0]],[[30010,53154],[-2,100],[-12,-6]],[[29996,53248],[0,64],[12,2]],[[30675,53005],[1,-80]],[[30676,52925],[-38,-1]],[[30638,52924],[-2,80]],[[30598,53004],[38,0]],[[30638,52924],[-39,0]],[[30599,52924],[-1,80]],[[30559,53003],[39,1]],[[30599,52924],[-39,-1]],[[30560,52923],[-1,80]],[[30411,52601],[-155,-1]],[[30715,52926],[-39,-1]],[[30599,52924],[1,-81]],[[30600,52843],[-38,0]],[[30562,52843],[-2,80]],[[30638,52924],[1,-80]],[[30639,52844],[-39,-1]],[[30676,52925],[2,-80]],[[30678,52845],[-39,-1]],[[30715,52926],[1,-80]],[[28546,56233],[135,1],[130,-2],[15,-2]],[[28826,56230],[-6,-78],[-122,2],[-223,1]],[[28856,55993],[-100,1]],[[29327,49443],[0,401],[36,1],[41,9],[0,69],[-9,3],[-2,86]],[[30152,53877],[40,1]],[[30153,53829],[-1,48]],[[30035,53860],[39,18]],[[30074,53878],[39,-2]],[[30113,53876],[39,1]],[[30853,53914],[-78,-1]],[[30779,53728],[37,1]],[[30816,53729],[2,-79],[-38,-1]],[[30780,53649],[-1,79]],[[30746,53728],[33,0]],[[30780,53649],[-39,-1]],[[30741,53648],[-1,60],[5,20]],[[30741,53648],[-13,-1]],[[30728,53647],[-3,60]],[[30725,53707],[0,20]],[[30728,53647],[-26,0]],[[30702,53647],[-1,60],[24,0]],[[30890,51888],[2,-79]],[[30966,51890],[2,-80]],[[31072,51892],[-12,-81]],[[31060,51811],[-8,0]],[[31052,51811],[-84,-1]],[[31261,52057],[-10,-1]],[[31251,52056],[-153,-3]],[[31251,52056],[2,-13],[-38,-37],[-24,-48],[-27,-71]],[[31164,51887],[-22,6],[-70,-1]],[[31164,51887],[-26,-68]],[[31138,51819],[-24,-7],[-54,-1]],[[29965,53232],[31,16]],[[30010,53154],[-77,-2]],[[29933,53152],[-2,66],[34,14]],[[30010,53154],[2,-80]],[[29934,53072],[-1,80]],[[29856,53071],[78,1]],[[29858,52990],[-2,81]],[[29701,53066],[155,5]],[[29858,52990],[-155,-4]],[[29703,52986],[-2,80]],[[29542,53046],[41,19],[118,1]],[[29703,52986],[-157,-5]],[[29703,52986],[2,-81]],[[7767,49701],[1,124]],[[29250,56787],[31,0]],[[29281,56787],[27,-36],[7,-43],[12,-15],[28,-3],[14,-23],[62,-1],[23,-45]],[[29454,56621],[14,-34],[34,-40]],[[29502,56547],[-202,1]],[[30702,45003],[-3,159],[-3,320],[41,4],[-3,198]],[[30734,45684],[77,0],[1,-80],[458,4],[465,6]],[[31735,45614],[0,-659],[2,-176],[-1,-232],[2,-154]],[[31738,44393],[-128,-2],[-309,-9],[-188,-6],[-291,-7],[-114,0],[-153,-7]],[[29951,45601],[73,0],[50,-12],[46,11],[31,34],[8,-37],[5,-451]],[[29786,44342],[0,-3],[-326,-4],[-7,-2]],[[29453,44333],[-66,28],[-50,38],[-18,33],[-29,25],[-54,79],[-24,31],[-11,45],[2,60],[-27,54],[-16,60],[7,18],[26,-1],[34,22],[11,33],[31,50],[34,19],[16,38],[21,9],[34,-24],[22,0],[7,17],[39,32],[13,35],[1,25],[-22,33]],[[28875,45743],[28,-33],[16,-47],[24,-50]],[[29010,45525],[0,-14],[-50,4],[-6,14],[-166,-1],[-1,55],[-94,-1]],[[28693,45582],[0,41],[39,0],[-2,121],[77,0],[0,40],[47,-41],[21,0]],[[29088,45444],[-8,-2],[-146,-1],[-99,5],[-130,-6]],[[28705,45440],[-156,-6],[0,146],[144,2]],[[29280,45377],[4,-78],[-9,-55],[-30,-58],[-31,-29],[-30,-16],[-59,-14],[-84,0],[-30,-4],[-45,-21],[-33,-26],[-20,-24],[-21,-45],[-57,-206],[-121,-5],[-5,322]],[[28709,45118],[-4,322]],[[27820,45575],[64,1],[-3,320],[-6,441],[-3,201]],[[27871,46567],[37,5],[75,-6],[38,-16],[33,-31],[61,-21],[85,-88],[38,-75],[45,-59],[20,-42],[74,-140],[103,-85],[72,-3],[38,-17],[24,2],[17,-10],[33,-44],[32,-17],[31,-5],[22,9],[28,-5],[25,-24],[7,-35]],[[28809,45860],[9,-18],[29,-27],[14,-38]],[[28861,45777],[14,-34]],[[28709,45118],[-154,-6],[-156,-5],[-115,-6],[-305,-9],[-155,-6],[-4,489]],[[29280,45377],[12,-7]],[[29453,44333],[-7,-2],[-270,-4],[-279,-8],[-134,-6],[-347,-12],[-158,-10],[-308,-10],[-124,-2],[-304,-9],[-148,-6],[-329,-5],[-129,-4]],[[26916,44255],[-13,682],[-7,597],[-17,24],[199,6],[273,5],[469,6]],[[25997,44220],[-8,353],[-14,520],[-11,441]],[[30598,47540],[363,5]],[[30961,47545],[-13,-22],[-9,-32],[2,-179],[-9,-42],[-3,-40],[7,-141],[-2,-83],[-13,-138],[6,-26],[-10,-12],[-15,-113],[-27,-150],[-12,-80],[-217,-2]],[[30646,46485],[-1,80],[-309,-3],[-619,-5]],[[27871,46618],[48,0],[22,-6],[41,-23],[56,-13],[143,-81]],[[28181,46495],[141,-78],[58,-44],[37,-37],[77,-67],[172,-116],[103,-65],[34,-15]],[[28958,45906],[-4,-34]],[[28954,45872],[-19,0],[1,-40],[-35,0],[-17,31],[-75,-3]],[[30646,46485],[6,-482],[51,1],[-11,-38],[2,-200],[20,-5],[0,-78],[20,1]],[[29808,45793],[-1,121],[-3,160]],[[29033,45906],[44,0],[-9,-66]],[[29068,45840],[-116,17],[2,15]],[[30961,47545],[635,7],[138,2]],[[31734,47554],[0,-169],[1,-485],[0,-484],[-1,-497],[1,-305]],[[29269,45744],[44,3],[263,3],[116,3],[7,33],[41,7]],[[14980,39479],[60,-31],[35,-4],[65,-42],[11,-13],[21,-70]],[[14979,39530],[12,22],[0,26],[14,25]],[[15124,41059],[47,-1],[68,-15]],[[15156,40918],[-11,25],[-21,0]],[[15124,40943],[0,116]],[[15047,40943],[77,0]],[[15027,41100],[37,-3]],[[15064,41097],[21,-25],[39,-13]],[[15064,41097],[-8,30],[3,82]],[[26743,12316],[-10,-11],[-20,-48],[-39,50],[-141,0],[0,-77],[-40,-2],[-7,-35],[-2,-41],[-7,-5],[-92,1]],[[25986,24186],[11,15],[0,143],[141,1],[6,17],[-1,64],[37,3],[-2,78],[37,0],[-1,194],[-11,9],[-2,33],[11,19],[1,56],[98,55],[55,37],[50,45],[96,95],[27,21],[31,15],[30,7],[142,19],[3,18],[111,350],[5,35],[-6,310],[4,15],[21,30],[9,26],[0,61],[172,4],[94,5],[-4,228],[0,246]],[[25554,24184],[1,40],[35,2],[0,128],[-38,14],[0,87],[74,34],[-2,293],[-108,1],[-6,39],[-132,2],[-50,13],[-4,145],[35,0],[0,79],[36,0],[3,84],[0,170],[17,25],[5,30],[-15,16],[-9,42],[1,190],[-37,0],[-2,120],[38,0],[-6,359],[3,0],[1,319]],[[25095,24183],[-843,4],[-34,0],[-1,479]],[[27208,60649],[12,-32],[15,-80],[38,4],[6,9],[192,1],[1,161]],[[27472,60712],[468,-6],[1,0]],[[27941,60706],[0,-158],[-2,-159]],[[27939,60389],[-272,2],[-330,1],[-28,9],[-35,26],[-51,14],[-19,71]],[[27204,60512],[-5,50],[9,87]],[[27216,60714],[256,-2]],[[27208,60649],[8,65]],[[26383,59826],[46,-74],[69,-70],[5,-20],[-1,-59],[10,-29],[28,-36],[20,-35],[36,-47],[17,-35],[7,-40]],[[26620,59381],[0,-62]],[[26620,59319],[-94,0],[5,40],[13,19],[7,34],[-9,26],[-28,21],[-20,36],[-16,10],[-51,-6],[-42,-1]],[[26385,59498],[-1,128]],[[26384,59626],[-1,200]],[[26620,59319],[-1,-362],[4,-26],[25,-49]],[[26648,58882],[-2,0]],[[26646,58882],[-261,-1]],[[26385,58881],[1,317],[-1,300]],[[27005,58752],[208,-46],[26,-12],[57,-36],[68,-59],[29,-52],[-4,-43],[0,-259],[1,-5]],[[27390,58240],[-11,-11],[32,-36]],[[27411,58193],[59,-110],[62,-122],[12,-47]],[[27544,57914],[-421,2],[-114,0]],[[27008,57916],[1,102],[-3,59],[6,78]],[[27012,58155],[-4,58],[-1,132]],[[27007,58345],[0,236],[-2,171]],[[27005,58877],[2,0]],[[27007,58877],[341,-6],[192,-1]],[[27540,58870],[195,0]],[[27929,58870],[3,-239]],[[27932,58631],[-117,0]],[[27815,58631],[-80,0],[-64,-159],[-38,-128],[-16,-31],[-71,-2],[-66,-31],[-47,-7],[-19,-9],[-24,-24]],[[27005,58752],[0,125]],[[26648,58882],[203,-5],[154,0]],[[27007,58345],[-78,38],[0,31],[-11,6],[-29,-7],[1,-117],[-12,-19],[-28,-12],[1,-67],[36,0],[1,-63],[-39,2],[-21,12],[6,32],[-21,17],[-44,0],[-1,-66]],[[26768,58132],[-30,-10]],[[26738,58122],[-3,31],[-1,165]],[[26734,58318],[-6,44],[-26,98],[-8,20],[-35,62],[-6,38],[0,216],[5,60],[-12,26]],[[28898,60692],[162,-4]],[[29060,60688],[-5,-197],[-11,-70],[-14,-49],[-137,2]],[[28893,60374],[0,158],[-8,1],[-6,100],[18,5],[1,54]],[[29060,60688],[77,-1]],[[29130,60530],[-5,-31],[-1,-128]],[[29124,60371],[-1,-200]],[[29123,60171],[-1,-38],[-233,2]],[[28889,60135],[4,239]],[[27012,58155],[-56,0],[-38,-22],[-44,-9],[-18,-12],[-23,21],[-65,-1]],[[28612,57283],[31,-8],[68,-5],[10,-23],[66,-67],[41,-12],[37,-26]],[[28865,57142],[-2,-92],[1,-102]],[[28644,56951],[-44,109],[-57,15],[-41,-3],[-23,-12],[-19,0],[2,-29]],[[28462,57031],[-61,194],[-19,50]],[[28382,57275],[54,-1],[107,-20],[55,14],[14,15]],[[28488,56950],[-26,81]],[[25500,52749],[34,3],[-10,31],[42,2],[0,62],[34,0],[-5,-54],[25,0],[27,15],[0,-91]],[[25508,52608],[-30,20]],[[25647,52717],[72,14]],[[25107,52673],[76,-8]],[[25440,52636],[-25,-27],[-49,6],[-1,-11],[-48,6],[-25,-64]],[[25292,52546],[-184,-4],[-1,131]],[[24975,52689],[132,-16]],[[25292,52546],[-9,-26],[24,-23],[-15,-17]],[[25359,52459],[8,60],[19,27],[42,37],[33,-24],[16,3]],[[25477,52562],[-82,-126],[17,-45],[63,-7]],[[25475,52384],[20,-2],[0,-49]],[[25491,52522],[-10,-82]],[[25481,52440],[-6,-56]],[[10785,49581],[43,-9],[34,-16],[24,-20],[32,-41],[52,-105],[31,-22],[223,-49],[138,-26],[-1,-104]],[[11361,49189],[-117,4],[-345,2],[0,-55],[-32,0],[0,18],[-34,0],[0,43],[-42,1],[3,29],[1,100],[-11,5],[1,245]],[[11361,49189],[-4,-396]],[[15059,41209],[-24,52],[-119,1],[-36,-9],[-22,-24],[-23,-4]],[[27156,54191],[0,3],[158,7]],[[27314,54201],[-2,-91]],[[27312,54110],[-158,31]],[[27312,54110],[0,-63]],[[27312,54047],[-79,-6]],[[22351,58042],[160,-9],[549,-32],[62,-5],[0,31],[315,-114],[70,-26]],[[25958,58877],[183,3],[241,0],[2,-1]],[[26384,58879],[-2,-120],[4,-389],[0,-110]],[[26386,58260],[-22,17],[-47,78],[-29,15],[-88,-6],[-39,-23]],[[26161,58341],[-15,57],[-22,57],[-29,39],[-14,9],[-30,42],[-24,25],[1,36],[-36,15],[-26,29],[-8,46]],[[25958,58696],[-12,22],[-1,39],[17,64],[-4,56]],[[25683,58259],[1,-339]],[[25684,57920],[-273,-3]],[[25411,57917],[2,238]],[[25782,58875],[176,2]],[[25958,58696],[-5,-29],[-23,-28],[-93,0],[-4,-38],[10,-35],[45,-130],[-2,-105],[-10,-35],[38,-15],[3,-118],[1,-121],[55,0],[-1,-71],[-18,-28],[0,-20]],[[25954,57923],[-270,-3]],[[22349,58871],[502,-2],[429,0]],[[22350,58085],[-1,470],[0,316]],[[26206,59833],[-10,-97],[-21,-133],[-25,-47],[35,1],[12,-52]],[[26197,59505],[-5,-10],[-68,-43],[-33,-26],[-13,-20]],[[26078,59406],[-39,40],[-88,-12],[-131,-4],[-8,11],[-71,69],[-29,18],[-91,39]],[[25621,59567],[-21,9]],[[26197,59505],[26,23],[42,49],[50,40],[33,15],[36,-6]],[[26385,58881],[-1,-2]],[[25958,58877],[-1,58],[5,33],[-7,11],[-48,41],[-17,29]],[[25890,59049],[-1,16],[20,45],[20,20],[29,43],[24,26],[18,46],[24,24],[15,53],[-13,26],[29,27],[23,31]],[[25890,59049],[-52,21],[-48,-16],[-26,4]],[[25764,59058],[-56,256],[-87,253]],[[25253,57915],[158,2]],[[25684,57920],[0,-59],[-9,-46],[4,-68]],[[25363,57754],[-52,60]],[[25311,57814],[-45,53],[-13,48]],[[26161,58341],[30,-54],[3,-45],[17,-33],[29,-88],[10,-22],[14,-59],[25,-20],[7,-21],[-7,-22],[-22,-17],[-2,-18],[13,-19]],[[26278,57923],[-265,0]],[[26013,57923],[-59,0]],[[22896,59826],[187,-1],[194,1],[-3,797],[-4,84]],[[23270,60707],[511,-1],[204,-2],[18,-1],[209,0]],[[26278,57923],[108,-1]],[[26386,57922],[-4,-61],[-1,-178]],[[26381,57683],[-125,-2],[-186,3],[0,-88],[-34,-3],[-26,19],[-21,-5]],[[25989,57607],[-24,18]],[[25965,57625],[10,17],[19,82],[1,136],[18,-8],[0,71]],[[24672,58867],[-311,-3]],[[24361,58864],[-9,0]],[[25527,59134],[21,-8],[171,-47],[21,-11]],[[25740,59068],[-39,-27],[16,-27],[24,6],[17,-17],[-11,-44],[-47,-85]],[[25337,57329],[52,0],[0,23],[60,-1],[-1,-23],[38,4],[32,33]],[[25518,57365],[12,-40],[-1,-67],[-11,-57],[-70,8]],[[25448,57209],[-40,-11],[-72,0]],[[25336,57198],[1,131]],[[26381,57683],[-2,-185]],[[26379,57498],[-16,2],[-20,22],[-62,11],[-86,-25],[-19,-33]],[[26176,57475],[-30,22],[-31,52],[-14,12],[-45,0],[-67,46]],[[25740,59068],[24,-10]],[[26379,57498],[-1,-97]],[[26378,57401],[-2,-279],[2,-68],[-1,-91]],[[25914,56961],[2,159]],[[25916,57120],[1,157],[-5,10],[49,32],[83,3],[2,65],[41,22],[34,27],[48,22],[7,17]],[[26386,58260],[2,-338]],[[26388,57922],[-2,0]],[[26383,59834],[0,-8]],[[25253,57915],[-113,-2]],[[24383,58763],[-21,20],[-1,81]],[[25311,57814],[-21,-30],[-28,-127],[10,-62]],[[25272,57595],[6,-39],[15,-16],[-6,-25],[-106,0]],[[25142,57515],[-2,398]],[[25448,57649],[5,-45]],[[25453,57604],[-58,3],[-27,-9],[-77,0],[-19,-3]],[[25144,57198],[192,0]],[[25448,57209],[3,-53]],[[25451,57156],[-3,-198]],[[25448,56958],[-39,0]],[[25665,57085],[15,-10],[66,45],[170,0]],[[25759,56960],[-5,57],[-33,-2],[1,25],[-34,1],[-35,23],[12,21]],[[30759,55185],[2,-25]],[[30671,55158],[-1,25]],[[30700,55088],[5,0]],[[30673,55068],[-1,20]],[[30814,54482],[4,-8]],[[30828,54450],[-27,-1]],[[30801,54449],[-3,28],[16,5]],[[30277,55718],[-182,-2]],[[30275,55638],[-105,-2]],[[30170,55636],[-77,0]],[[30093,55636],[-115,0]],[[29978,55636],[1,79]],[[29978,55636],[-1,-59],[4,-21]],[[29981,55556],[-121,2]],[[29860,55558],[1,90],[-18,69]],[[30093,55636],[-2,-122]],[[30091,55514],[-60,0],[-41,18]],[[29990,55532],[-9,24]],[[30170,55636],[-2,-122],[-77,0]],[[29821,55519],[38,-1],[1,40]],[[29990,55532],[-10,-23],[17,-73]],[[29997,55436],[-43,1],[0,-48]],[[29954,55389],[-14,23],[-26,23],[-77,60],[-16,24]],[[29862,55319],[90,-1],[2,71]],[[29997,55436],[47,-199]],[[30044,55237],[-75,1]],[[29969,55238],[-36,0],[-74,48],[3,33]],[[11953,17091],[22,-37],[-43,-33],[10,-18],[-30,-27],[-37,17],[-18,25],[-12,-14]],[[13032,18532],[47,-2],[409,-9]],[[13488,18521],[742,-9],[148,0]],[[30128,55437],[-4,-200]],[[30124,55237],[-80,0]],[[29997,55436],[131,1]],[[30128,55437],[38,0],[-1,-40],[117,1]],[[30269,55239],[-125,-2]],[[30144,55237],[-20,0]],[[29058,45769],[33,-5],[67,0],[3,-18]],[[29041,45646],[17,123]],[[12261,17169],[32,-24],[-58,-55],[30,-28],[-14,-14],[68,-57]],[[29553,55716],[103,1]],[[29656,55717],[129,0]],[[29785,55717],[-3,-159]],[[29782,55558],[-72,0],[12,-31]],[[29722,55527],[-81,1],[-17,30],[-33,0],[-1,79],[-38,0],[1,79]],[[29785,55717],[58,0]],[[29821,55519],[-1,39],[-38,0]],[[29845,55876],[-89,-1]],[[29756,55875],[-246,-1]],[[30482,55840],[18,0],[0,39]],[[30500,55879],[36,6],[1,60],[31,-1],[54,21]],[[30622,55965],[39,-132]],[[27717,55349],[7,62],[-7,34],[0,60]],[[27719,55674],[5,128],[0,99]],[[27895,55840],[-61,-142],[21,-48],[23,-18],[-12,-37],[4,-28],[-9,-21],[27,-10],[11,-16],[66,-40],[-7,-78],[0,-40],[38,-25],[11,-50],[-15,-33],[12,-29],[-1,-37]],[[28875,55373],[9,-44],[1,-73]],[[28885,55256],[-33,15],[-21,18],[-57,-2],[-32,18],[-47,3],[-58,18],[-38,4]],[[28599,55330],[-2,83]],[[29021,55992],[19,0]],[[29109,55862],[-142,-8],[-57,14],[-49,-2]],[[28861,55866],[-101,-5]],[[28860,56790],[1,-31],[-2,-289]],[[28838,56471],[-30,69],[-19,84],[-38,87],[-75,1],[-20,22],[-14,-3],[-14,28],[-7,42]],[[28701,56471],[-155,3]],[[28269,56955],[53,-1]],[[28322,56954],[47,-3],[119,-1]],[[28296,56884],[-4,35],[-23,36]],[[28122,56475],[-96,2]],[[28026,56477],[-95,1]],[[27884,56638],[3,35],[-35,2],[1,65]],[[27079,56005],[261,-1]],[[27340,56004],[-6,-18],[-1,-80]],[[27110,55959],[-65,-4],[-33,4]],[[27012,55959],[27,36],[19,-3],[21,13]],[[26962,55787],[84,5]],[[27018,55636],[0,63],[-18,12],[-55,-2],[1,18],[17,42],[-1,18]],[[28780,55786],[62,29],[33,-25]],[[28875,55790],[19,-86]],[[28921,52349],[12,-13],[22,27],[33,17],[9,-14],[80,56],[39,23],[25,7],[-14,29]],[[29212,52480],[40,-19]],[[29255,52331],[-75,-2]],[[29180,52329],[-289,-10]],[[29357,52654],[44,2],[9,-291]],[[28821,51359],[167,6],[141,2]],[[29129,51367],[0,-160]],[[29133,51048],[4,-161]],[[28949,50883],[19,65],[11,76],[7,19],[71,3],[-4,159],[-230,-6]],[[29423,51903],[27,0],[27,11],[98,56]],[[29575,51970],[1,-17]],[[29576,51953],[5,-193]],[[29581,51760],[1,-31]],[[29582,51729],[-96,26]],[[27968,51494],[-4,155],[-6,16]],[[27972,51334],[-226,-6]],[[27746,51328],[-11,481]],[[29372,50893],[77,1]],[[29459,50468],[2,-54]],[[29461,50414],[-106,-2]],[[26503,55307],[-2,-18],[-21,-44],[-1,-34],[-16,0],[0,-80]],[[30602,54685],[39,1]],[[30641,54686],[1,-40]],[[30642,54646],[-39,-1]],[[30603,54645],[-38,-1]],[[30565,54644],[-1,41]],[[30687,54367],[39,1]],[[30726,54368],[38,1]],[[30698,54287],[-7,31],[-25,26],[-22,-4]],[[30526,53718],[1,-75]],[[30448,53695],[0,27]],[[30994,53193],[-13,-1]],[[31433,52060],[38,1],[1,-59],[11,0]],[[31483,52002],[98,0]],[[31587,51781],[0,-97],[-10,-64],[0,-71],[-25,4]],[[31552,51553],[-27,29],[-28,61],[-22,-13],[3,-84],[-4,-23],[-175,0],[-63,13]],[[31236,51536],[-87,140],[-12,41],[-2,90],[3,12]],[[30799,54130],[2,-27],[15,-16],[21,-38]],[[30611,54286],[0,40]],[[30873,53810],[3,-91],[-5,-14]],[[30871,53705],[-31,-1],[0,26],[-24,-1]],[[30527,53643],[59,1]],[[30586,53644],[39,1]],[[30625,53645],[19,1]],[[30644,53646],[58,1]],[[30688,53594],[-22,-19]],[[30177,53636],[0,-24],[-19,-6]],[[30042,53570],[0,5]],[[30672,53165],[-39,0]],[[30633,53165],[-1,39]],[[28026,56477],[0,-49],[18,-25],[0,-165]],[[28044,56238],[-116,0]],[[27928,56238],[1,206],[2,34]],[[28044,56238],[58,0],[0,20]],[[28102,56258],[58,-1],[0,-20]],[[30333,56026],[31,-52]],[[30364,55974],[-95,2]],[[30269,55976],[-132,2],[-1,-24]],[[30269,55976],[-1,-118],[-3,-4]],[[30364,55974],[35,-57]],[[30399,55917],[-115,-73]],[[30399,55917],[45,-75]],[[30399,55917],[33,21],[24,35],[45,-1],[-1,-93]],[[31682,32006],[0,-88],[1,-466],[-1,-314],[0,-237],[1,-90],[2,-800],[1,-402]],[[30661,29125],[-2,5],[42,296],[37,284],[-128,-5],[-172,-4],[4,41],[-114,-5],[-162,-8]],[[24062,1075],[-36,-13],[-64,-14],[-109,-3],[-53,5],[-45,11],[-132,40],[-56,23],[-65,43],[-33,8],[-15,-19],[-48,46],[-13,57],[-19,10],[-55,68],[-43,70],[-6,16],[-36,25],[-33,40],[-88,73],[-58,40],[-91,48],[-28,9],[-59,3],[-40,12],[-15,16],[-91,39],[-148,82]],[[22583,1810],[-5,10],[-2,279],[-25,1],[-21,52]],[[22530,2152],[2,162],[-3,43],[-18,60],[-280,656],[184,0],[124,-4],[18,40],[51,70],[29,25],[14,34],[26,12],[23,24],[32,11],[22,60],[16,22],[14,2],[45,35],[18,21]],[[20573,3654],[17,4],[28,25],[29,18],[43,40],[33,18],[7,13],[52,31],[39,12],[0,17],[-13,26],[29,50],[-21,11],[14,34],[-45,32],[-24,31],[238,-1],[150,1],[143,-1],[147,-3],[290,2],[140,-3],[148,1],[148,-1],[143,19]],[[22530,2152],[0,-51],[-145,4],[-17,-8],[-39,-46]],[[22329,2051],[-12,1],[-26,22],[6,21],[-18,19],[-18,3],[-28,19],[0,108],[-36,23],[-17,27],[-18,-8],[-1,-53],[-35,1],[-1,-25],[32,-1],[4,-27],[-20,0],[-62,30],[-8,15],[-54,10],[-3,-40],[33,-50],[56,-58],[-2,-45],[-45,-75]],[[22056,1968],[-26,23],[-59,39],[-24,21],[-43,29],[-56,56],[-39,31],[-33,32],[-23,33],[-35,24],[-14,28],[-34,31],[-16,9],[-55,51],[-40,23],[-68,17],[-33,17],[-140,53],[-70,42],[-59,27],[-122,67],[-84,38],[-116,43],[-65,28],[-73,34],[-56,24],[-63,12],[-30,14]],[[22329,2051],[-22,-24],[-80,0],[3,-22],[-63,48],[-56,-90],[-24,19],[-13,-31]],[[22074,1951],[-18,17]],[[30659,29124],[-183,-49],[2,-44],[-27,-13],[-56,1],[-1,31],[-261,-89],[-52,45],[-50,-2]],[[27928,53734],[96,2]],[[28030,53575],[-156,-3]],[[27874,53572],[-3,86]],[[27871,53658],[28,1],[-2,44],[-28,3],[-1,26]],[[27879,53459],[-5,113]],[[27832,53650],[-1,13],[40,-5]],[[20147,58771],[116,3],[188,3],[27,3]],[[20478,58780],[2,-11],[-3,-310]],[[20477,58459],[-1,-178]],[[30583,55481],[59,-1]],[[30663,55409],[-18,0]],[[30626,55408],[-34,-1]],[[30592,55407],[-2,60],[-7,14]],[[30710,55415],[36,-164]],[[30629,55247],[-20,0]],[[30489,55403],[-57,0]],[[30432,55403],[1,79]],[[28877,55374],[193,7]],[[29070,55381],[8,-37],[-32,-22],[5,-23],[33,-36],[-15,-20],[16,-21]],[[29085,55222],[-111,-6],[-89,32]],[[28885,55248],[0,8]],[[28962,55543],[4,-29],[17,-18],[-14,-34],[17,-18],[39,19],[15,-50],[30,-32]],[[29081,55700],[38,2]],[[29148,55544],[-68,60],[1,96]],[[29505,55284],[55,0],[21,-6],[55,-2]],[[29636,55276],[19,-12],[40,8],[21,13],[2,-46]],[[29718,55239],[-23,0]],[[29695,55239],[-37,0],[-2,-133]],[[29656,55106],[-152,118]],[[29504,55224],[1,60]],[[26940,55547],[78,5]],[[27089,55462],[-34,3],[-44,-12],[-36,11],[-32,-19],[2,-18]],[[4773,34439],[171,2],[227,2],[383,5],[152,7],[165,-7],[447,-11],[184,-4],[-9,-39],[-17,-32],[-3,-33],[-45,-18],[-20,5],[-9,-14],[5,-24],[27,-14],[7,-21],[-5,-27],[42,-34],[41,-19],[68,-6],[49,8],[52,15],[11,-8],[3,-31],[-20,-48],[-3,-31],[-16,-32],[-2,-25],[14,-15],[0,-20],[-21,-21],[16,-35],[-19,-43],[3,-25],[20,-50],[19,-15],[32,-6],[5,23],[23,8],[25,-1],[19,-17],[2,-44],[49,-7],[9,-15],[-17,-46],[7,-21],[61,-31],[85,-9],[16,-11],[5,-23]],[[7011,33581],[18,-30],[32,22],[39,13],[40,5],[31,57],[18,-1],[22,-32],[12,-48],[-12,-47],[-23,-30],[-16,0],[-10,20],[-28,7],[-17,-59],[3,-19],[18,-8],[54,-43],[11,-21],[39,-22],[10,-30],[-8,-62],[-23,-59],[1,-42],[-15,-49],[5,-13],[27,-6],[46,0],[16,-12],[83,-13],[52,27],[42,10],[44,17],[59,-13],[15,6],[68,3],[28,-23],[26,-11],[17,4],[17,33],[20,3],[21,-17],[29,28],[28,-31],[25,13],[-5,21],[-24,15],[7,11],[54,1],[-2,-19],[35,-18],[4,29],[11,10]],[[5767,32832],[109,-1],[12,47],[53,7],[29,-16],[30,-1],[15,-81],[70,-2],[55,-42],[8,-1],[1,324],[116,-1],[1,49],[-71,-9],[-31,0],[85,74],[-1,41],[-14,20],[-70,-10],[-40,9],[-19,13],[-64,18],[-40,-32],[-25,15],[-34,-11],[-31,4],[-24,-24],[-1,-146],[-48,-2],[-6,-39],[-23,-5],[-2,-112],[-38,-6],[-2,-80]],[[30282,55398],[3,80]],[[26883,56962],[116,0]],[[26999,56962],[-2,-81],[1,-183]],[[26998,56698],[0,-215]],[[26996,56323],[1,-5],[1,-313]],[[26998,56005],[-148,0]],[[26998,56005],[81,0]],[[27012,55959],[-22,2],[-34,-9],[4,-69],[15,-18],[4,-30],[-16,-26],[-1,-22]],[[26962,55787],[-93,-5]],[[26815,55699],[-274,-3]],[[27697,56798],[96,-1]],[[27774,56548],[-79,26]],[[29970,55087],[9,-10],[70,1],[0,39],[32,21],[20,21],[23,44]],[[30124,55203],[4,-124]],[[30130,54959],[-29,-1],[-11,40],[-118,-1]],[[29972,54997],[-2,90]],[[26534,55616],[96,1],[3,-32],[-16,2],[-15,-18],[12,-20],[74,-36]],[[30512,55325],[-79,-2]],[[30887,54253],[34,2]],[[30922,54212],[-10,0]],[[30912,54212],[-24,-1]],[[30573,54285],[-1,40]],[[29210,51369],[145,4]],[[29355,51373],[0,-35],[44,-3],[3,-121]],[[29402,51214],[-63,-1]],[[30598,53004],[-2,80]],[[7413,34576],[6,-12],[0,-65],[17,-7],[52,0],[-8,20],[5,64],[49,-2],[0,-43],[33,0],[9,10],[64,1],[0,39],[8,35],[43,0],[35,-10],[41,-37],[30,-21],[49,-27],[63,-29],[2,74],[1,164],[-36,8],[1,119],[-9,9],[0,30]],[[7868,34896],[120,-1],[0,82],[214,-5],[23,10],[65,2],[37,-3],[22,17],[40,-5],[31,22],[49,11],[14,19],[16,-1],[20,-39],[25,-3],[13,-27],[21,-6],[7,-21],[18,4],[27,-9],[59,10],[13,84],[5,55],[-4,32],[-25,113],[-1,126]],[[7011,33581],[100,103],[18,21],[14,30],[4,29],[2,355],[13,52],[24,43],[21,61],[29,55],[35,42],[52,78],[58,98],[32,28]],[[7413,34576],[53,8],[-148,301],[-5,16],[189,-2],[48,-2],[318,-1]],[[18800,9238],[1,281],[1,279]],[[19541,9799],[3,-30],[-17,3],[-26,-14],[-4,-28],[1,-57],[19,0],[5,-17],[-20,-20],[12,-15],[22,-51],[-7,-46],[-12,-21],[-24,15],[-106,-75],[1,-120],[32,-10],[27,-23],[-1,-22],[-13,-32],[-12,-54],[-11,-27],[7,-29],[24,-14],[17,-25]],[[18798,8831],[0,161],[2,246]],[[19458,9087],[153,38]],[[19611,9125],[11,-11],[43,1],[1,-21],[40,0],[0,-19],[20,-1],[0,-32],[19,-5],[30,16],[0,-49],[28,-11]],[[19803,8993],[184,-4],[0,262]],[[19987,9251],[99,54],[48,3],[163,0]],[[20297,9308],[18,-22],[42,-35],[19,-28],[13,-43],[23,-28],[0,-21],[23,-18]],[[20435,9113],[1,-243],[-3,-48],[-10,-55],[-16,-55]],[[20407,8712],[-27,-1],[1,26],[-19,16],[-58,5],[-40,38],[-25,34],[-127,2],[-279,-2],[1,-152],[-2,-106],[2,-58],[-72,0]],[[20334,9799],[-5,-35],[-64,-101],[-28,-12],[-102,35],[-64,-27],[-72,-38],[-15,-55],[17,-15],[6,-47],[27,-31],[14,-7],[75,-19],[127,-67],[43,-49],[4,-23]],[[19987,9251],[-41,-17],[-142,3]],[[19804,9237],[-119,2],[0,-93],[-74,-21]],[[20435,9113],[0,146],[34,-13],[19,-14],[71,-40],[21,8],[0,-44],[11,-25],[33,-49],[73,-8],[17,13],[0,26],[10,18],[0,29],[217,4],[37,3]],[[20978,9167],[2,-2],[0,-216],[-33,-4],[-3,-40],[-72,-24],[-9,-121],[18,-18],[19,2],[17,-26],[0,-28],[16,-17],[5,-24],[28,-41],[14,-5],[1,-21],[24,-24],[0,-23],[18,-36],[-7,-32]],[[21016,8467],[-19,-16],[-29,-8],[-17,-28],[-50,-35],[-16,-24],[-3,-46],[-15,-69],[-25,8],[-41,-7],[-27,-49],[-24,34],[0,79],[-37,21]],[[20713,8327],[32,48],[-6,81],[-52,7],[-77,2]],[[20610,8465],[0,19],[-24,0],[-7,62],[1,84],[-113,0]],[[20467,8630],[-37,3],[-1,79],[-22,0]],[[20333,8346],[26,0],[44,9],[1,-18],[64,0]],[[20468,8337],[74,0]],[[20542,8337],[0,-156]],[[20542,8181],[-27,-31],[-21,-4],[-15,-36],[-58,18],[-19,-9],[-20,-27],[-47,-40],[-23,2],[-28,-24]],[[20284,8030],[20,66],[-26,57],[-14,36],[-40,159],[-97,3],[-141,-1]],[[19986,8350],[-1,41],[81,-2],[216,-2],[0,-40],[51,-1]],[[30561,54845],[38,1]],[[30297,54440],[39,1]],[[30338,54361],[-39,-1]],[[31036,51362],[35,-43],[58,-53],[0,-57]],[[29757,50740],[156,4]],[[29913,50744],[155,4]],[[30068,50748],[33,0],[32,-12]],[[29993,50587],[-75,-3],[-235,-6],[0,23]],[[29320,50892],[8,8],[0,55],[14,18],[10,32],[-12,22],[7,26],[161,4]],[[30340,49765],[27,-2],[192,0]],[[30559,49718],[-66,0],[0,-42],[-12,-28],[0,-43],[-74,-2],[-2,-42]],[[30405,49561],[-49,36],[-27,5]],[[30329,49602],[-1,163]],[[30640,54729],[39,1]],[[30679,54730],[0,-43]],[[30679,54687],[-38,-1]],[[30641,54686],[-1,43]],[[29508,55716],[45,0]],[[29722,55527],[18,-48]],[[29740,55479],[-79,0],[-155,-3]],[[19804,9237],[1,-52],[-2,-192]],[[30671,55158],[-11,10],[-67,-1]],[[30593,55167],[-5,80]],[[30593,55167],[-37,-1]],[[30593,55167],[10,-81]],[[30603,55086],[-47,-1]],[[30556,55085],[0,81]],[[30603,55086],[3,-80]],[[30606,55006],[-48,-1]],[[30558,55005],[-2,80]],[[30606,55006],[7,-80]],[[30613,54926],[-53,-1]],[[30049,51485],[42,-22],[62,-21],[52,-6],[116,2],[0,5]],[[30321,51443],[119,6],[74,0]],[[30515,51402],[-270,-7]],[[30051,51391],[-2,91]],[[30049,51482],[0,3]],[[28885,55248],[0,-49],[9,-21],[23,-20],[11,-21],[3,-28],[-3,-64],[10,-74]],[[28938,54971],[11,-62],[-5,-32],[-20,-35],[-37,-41]],[[28887,54801],[-51,6]],[[28836,54807],[-19,0],[-1,-37],[5,-44],[-36,-1],[-89,14],[-49,18],[0,36],[-45,15]],[[28602,54808],[0,73],[-3,319],[-155,-4]],[[28444,55196],[-2,150],[45,-15],[104,-21],[8,20]],[[29568,52222],[72,3],[-3,91],[-30,-1],[-1,25]],[[29719,52343],[-5,-9],[3,-108]],[[29717,52226],[1,-39]],[[29718,52187],[-39,-7],[1,-55],[-9,-13],[-29,-2],[-1,34],[-35,-1],[1,-40],[-36,-1]],[[29379,53460],[60,-10],[23,2],[35,-19],[12,-18],[10,-41],[-13,-42],[15,-30]],[[29521,53302],[-204,-4]],[[29306,53296],[-4,112],[0,50]],[[29292,53778],[5,-149]],[[29286,54154],[11,48],[14,18],[44,26],[8,17]],[[31063,52914],[1,-60]],[[29718,55239],[67,-11],[-1,-21],[-17,-15],[26,-45],[21,-3],[12,15],[16,-8],[17,10],[13,-26]],[[29872,55135],[42,-115]],[[29810,55060],[0,20],[-77,0]],[[29733,55080],[2,120],[-40,27],[0,12]],[[30751,54929],[47,7],[80,0]],[[30878,54936],[51,-57],[-50,-92]],[[30755,54768],[-2,80]],[[30753,54848],[-1,40]],[[30522,54844],[-78,-1]],[[30523,54764],[-77,-1]],[[30446,54763],[-2,80]],[[23160,33725],[16,-3],[130,2],[-2,-17],[89,112],[17,98],[17,115],[27,107],[68,18],[16,-39],[8,-39],[-2,-32],[48,31],[50,19],[25,-36],[-31,-28],[-88,-91],[-49,-71],[-16,-93],[74,11],[6,24],[48,19],[100,-4]],[[23711,33828],[2,-260],[38,0],[0,-321],[-76,-1],[1,-161],[-286,-2],[0,-158],[-1,-2],[-299,3]],[[23090,32926],[1,164],[0,248],[-62,-47],[-88,-56],[-59,127],[-37,20],[24,35],[13,41],[21,27],[73,-1],[1,117],[-38,-5],[0,127],[217,-1],[4,3]],[[24278,34921],[1,-67]],[[24279,34854],[-2,-158],[2,-322],[1,-478]],[[24280,33896],[-152,-3],[-361,-4],[0,-22],[-56,-9],[0,-30]],[[23160,33725],[-20,14],[-13,33],[0,79],[3,37],[-792,7],[-303,1],[-1,2]],[[24280,33896],[1,-406],[1,-240],[2,-586],[3,-701]],[[23158,31008],[1,239],[3,239],[0,159],[2,317],[-74,0],[-1,239],[75,2],[1,241],[75,-1],[0,321],[-150,0],[0,162]],[[20542,8337],[0,10],[63,0],[0,25],[-11,22],[-39,-3],[-1,48],[40,0],[16,6],[0,20]],[[20713,8327],[-31,18],[-67,2],[0,-85],[-10,-31],[4,-41],[-11,-20],[-16,14],[-40,-3]],[[19759,8426],[0,-75],[65,-1],[162,0]],[[20284,8030],[-9,-81],[-1,-138],[-3,-39],[-10,-50],[-36,-125],[-32,-152],[205,-3],[28,67],[6,56],[145,2],[0,49],[142,-1],[0,-66],[24,-36]],[[20743,7513],[-38,-41],[-2,-19],[-26,-23],[7,-22],[25,-50],[6,-21],[29,-57],[-12,-13],[6,-32],[0,-42],[-17,-45],[3,-19],[132,2],[150,-2],[3,-119],[-2,-124]],[[21007,6886],[-186,2],[-112,-2],[-134,2],[-74,-5]],[[20501,6883],[-91,-5],[-255,0],[-114,2],[-57,-1],[-308,3]],[[29142,53573],[4,-120]],[[28967,53447],[-51,146]],[[20781,9803],[12,-68],[1,-138],[-5,-27],[22,1],[22,-86],[5,-31],[7,-87],[67,1],[23,-7],[15,-20],[25,-9],[40,3],[0,-87],[3,-47],[-4,-29],[-36,-5]],[[21016,8467],[62,0],[47,-16],[31,2],[0,-29],[142,19],[60,-33],[22,-1]],[[21380,8409],[-2,-66],[-73,-1],[-1,-160],[150,23],[-2,-241],[-49,-8],[13,-16],[0,-62],[-25,-5],[0,-23],[-14,-22],[0,-36],[-15,-6],[-75,-7],[-49,0],[-14,-7],[-14,-23],[-11,3],[-5,27],[-28,7],[-10,-28],[-15,20],[-47,-1],[-17,-26],[2,-26],[-22,-2],[-34,-26],[-35,1],[-2,-43],[-15,-4],[8,-26],[-51,2],[-15,-19],[-32,-14],[-9,10],[-29,-7],[-2,-27],[-27,14],[-28,-17],[12,-28],[-21,-42],[-26,-9],[-8,25]],[[29454,56621],[17,5],[137,-2],[24,12],[-22,36],[-29,5],[-13,34],[-30,43],[-18,1],[-16,30],[136,-2]],[[29640,56783],[79,0],[-4,-158],[80,-2],[-1,-40]],[[29791,56461],[1,-159]],[[29566,56426],[-1,16],[-38,68],[-25,37]],[[23185,50739],[-384,-4],[1,-29],[-97,-2],[-52,28],[-57,-5],[-58,31],[-122,1],[-111,-2],[0,12],[-156,2],[-8,438]],[[30148,56641],[178,-256]],[[30804,54330],[38,0]],[[30613,54926],[6,-40]],[[30619,54886],[-58,-1]],[[28611,53434],[356,13]],[[28981,53287],[-135,-6]],[[28617,53266],[0,10]],[[29582,51729],[1,-29]],[[29583,51700],[-77,-2],[7,-240],[-128,-4],[-6,-40],[1,-40]],[[29380,51374],[-25,-1]],[[29531,53543],[1,-23]],[[29532,53520],[0,-16]],[[29532,53504],[5,-173]],[[29537,53331],[0,-29]],[[29537,53302],[-16,0]],[[28887,54801],[13,-5],[203,-38],[18,-6],[58,-4]],[[29179,54748],[-1,-11],[-51,-4],[-9,-34],[9,-25]],[[29127,54674],[-37,-1],[0,22],[-37,-4],[5,-16],[-141,-6],[-39,0]],[[28878,54669],[-2,85],[-39,2],[-1,51]],[[28102,56258],[1,139],[19,0],[0,78]],[[30613,54926],[62,1]],[[30625,54846],[-6,40]],[[30564,54685],[-39,-1]],[[30525,54684],[-2,80]],[[30525,54684],[-39,-1]],[[30486,54683],[-38,-1]],[[29583,51700],[9,-320]],[[29592,51380],[-212,-6]],[[28851,53121],[33,1],[6,-19],[39,0],[3,-100],[48,2],[-10,39]],[[29086,53088],[5,-180]],[[29091,52908],[-78,-3],[-1,60],[-156,-4]],[[28962,55543],[73,-5],[84,4]],[[29118,55383],[-48,-2]],[[30803,54369],[38,1]],[[31744,50406],[0,-107]],[[31482,50005],[-173,-3]],[[31309,50002],[-14,39],[-5,31],[-2,212],[-7,59],[-1,62]],[[29942,50081],[159,0],[148,0]],[[30249,50081],[0,-195],[19,-6],[19,41],[101,0],[-31,-80]],[[31743,49761],[0,-46]],[[31746,50810],[-1,-142]],[[31745,50668],[-20,12],[3,29],[-22,2],[-7,29],[-31,-8],[-14,17],[-23,-21],[-22,27],[14,32],[-30,17],[-23,-5],[-16,8]],[[31554,50807],[-1,77]],[[30526,52842],[36,1]],[[30562,52843],[2,-120]],[[30564,52723],[-40,0]],[[28865,56790],[148,-2],[160,0]],[[29170,56628],[-78,1],[-38,5],[-38,-6],[-2,11],[-85,0],[-3,30],[-61,-1],[-2,32],[2,90]],[[29786,56230],[40,-12],[2,-16],[114,-2],[50,6],[29,-2],[1,94]],[[30020,56139],[-181,3]],[[30642,54646],[38,1]],[[30680,54647],[1,-40]],[[30681,54607],[-39,-1]],[[30642,54606],[0,40]],[[29581,51760],[71,3],[-5,171],[8,10]],[[29655,51944],[70,2]],[[29725,51946],[2,-80],[156,1]],[[29883,51867],[2,-80],[-156,-3],[3,-98]],[[29732,51686],[-150,43]],[[28599,53811],[27,23]],[[28626,53834],[16,16],[44,23],[48,9],[33,-6],[59,-33],[25,-5],[48,0]],[[28751,53599],[-142,-5]],[[28609,53594],[-1,70],[-7,83],[-2,64]],[[30035,51992],[154,4]],[[30115,51874],[-2,80],[-77,-2],[-1,40]],[[31479,50811],[43,9],[13,-23],[19,10]],[[31745,50668],[0,-47]],[[31478,50626],[0,3]],[[31478,50629],[1,182]],[[30246,50401],[154,1]],[[30403,50081],[-154,0]],[[30583,55481],[-16,0]],[[19773,58765],[0,-128]],[[19773,58637],[1,-119]],[[19547,58440],[-30,0]],[[13534,22285],[84,1]],[[13618,22286],[228,0]],[[13846,22286],[192,4]],[[14917,22293],[5,-256],[-1,-139],[6,-329],[7,-163],[-7,0],[9,-485],[63,2],[233,1],[4,-483]],[[15236,20441],[-342,-5],[-398,-4],[-127,-1]],[[14369,20431],[-546,3],[-316,5]],[[11733,20588],[2,-118]],[[11312,20474],[-143,0]],[[11169,20474],[7,43],[-2,67],[-31,63],[-61,40]],[[12615,19163],[63,30],[22,19]],[[13494,19183],[-3,-245],[-3,-251],[0,-166]],[[12611,18542],[2,39],[0,575],[2,7]],[[12166,19035],[69,25],[94,27],[195,41],[32,9],[59,26]],[[14371,19949],[114,4],[43,13],[28,0],[38,-8],[159,-3],[22,-2],[-8,-26],[-4,-60],[5,-178]],[[14768,19689],[-43,-101],[-25,-50]],[[14554,19194],[0,-40],[-182,-2],[0,41],[0,280]],[[14372,19473],[-1,476]],[[11032,20918],[-1,-1]],[[10995,20742],[-65,53],[-38,16],[-53,32],[-94,84],[-57,37],[-131,76]],[[11735,20470],[439,-4],[133,-2]],[[12307,20464],[-46,-96],[-2,-18],[-19,-13],[-66,-25],[3,-26],[21,-72],[40,-38],[40,-25]],[[10379,21170],[-34,39],[-76,76],[-58,38],[-45,20],[-45,24],[-68,50],[-54,15],[-46,-4],[-56,24],[-47,11]],[[10718,21411],[1,33],[24,-3],[11,37],[-20,48],[39,-20],[14,-1],[51,-40],[12,6]],[[10850,21471],[17,-27],[18,-13],[15,-24],[44,2],[12,9],[53,-43]],[[10802,22296],[-5,-497],[-32,-27],[32,-26],[2,-47],[-39,-27],[16,-38],[44,-57],[10,-20],[20,-86]],[[10883,22295],[22,-2],[282,-1],[270,-6]],[[12618,20458],[-58,2],[-253,4]],[[12618,20458],[-2,-221]],[[27931,56956],[155,0]],[[28086,56956],[182,-1]],[[28268,56955],[1,0]],[[27469,55253],[-12,33],[-1,45]],[[29862,55319],[1,41],[-46,0],[-3,-46]],[[29814,55314],[2,46],[2,7],[2,111],[-80,1]],[[29756,55875],[-2,-26],[-41,-7],[-8,-53],[-19,-2],[-19,-17],[2,-30],[-13,-23]],[[29281,54582],[68,2]],[[29356,54290],[-20,10],[-17,-15],[-28,10],[3,56],[-4,16],[-30,25],[-29,34],[-53,101],[2,21],[-17,31]],[[29163,54579],[118,3]],[[30672,55088],[-69,-2]],[[26786,52258],[132,5]],[[26918,52263],[114,3]],[[27341,50354],[6,27],[-4,131],[3,43],[17,46],[21,36],[34,45]],[[26470,50808],[-108,-2]],[[26989,50820],[282,10],[24,-4],[30,-16],[40,-2],[74,-32]],[[26993,50661],[-4,159]],[[27326,51313],[161,6]],[[27487,51319],[-5,-74],[-30,-357],[-2,-48]],[[26989,50820],[-165,-5]],[[26964,50341],[-127,-5]],[[26964,50341],[3,-80]],[[27784,49679],[-1,57]],[[27783,49736],[-5,188]],[[28850,49974],[22,-30],[23,-13],[37,5],[28,22],[8,15],[25,-6],[16,12],[42,-13],[16,4],[22,22],[34,19],[38,-8]],[[29161,50003],[4,-158]],[[29132,50407],[5,-78],[18,-82]],[[29161,50031],[0,-28]],[[29461,50414],[155,3]],[[14961,31435],[109,1]],[[15070,31436],[-16,-51],[1,-75]],[[15274,31596],[9,-156]],[[15283,31440],[-111,-6],[-102,2]],[[29194,52652],[155,234]],[[29462,52788],[15,-53],[11,-397]],[[29627,53786],[2,-80]],[[29629,53706],[-40,0]],[[29589,53706],[-62,-2]],[[29527,53704],[-2,80]],[[29537,53302],[4,-119]],[[29541,53183],[1,-20]],[[29542,53163],[-57,-25],[-55,-1]],[[30556,50319],[3,3],[73,-2],[2,-78],[18,-42],[82,-1]],[[30734,50199],[10,-60],[31,4],[24,-143]],[[35042,56909],[-111,-574],[0,-22],[-75,-400],[-123,-645],[12,0],[-106,-590],[-140,-783],[-90,-496],[-136,-758],[-337,-4],[-995,-4],[-551,1],[-444,1],[0,-3],[-188,-3]],[[31565,52686],[-15,17]],[[31109,53837],[-1,51]],[[31108,53888],[-31,87]],[[30943,54577],[-10,59]],[[30902,54716],[-20,61]],[[30878,54936],[-91,91]],[[30761,55094],[0,42]],[[30622,55965],[-27,90]],[[29969,56947],[54,4],[158,3],[770,-15],[995,-1],[995,-5],[927,-8],[356,-4],[707,-6],[111,-6]],[[15598,17714],[1,-49],[-4,-112],[6,-329],[16,-1],[-13,-32],[1,-24],[-10,-17],[-8,-53],[18,-42],[-8,-26],[0,-32],[21,-27],[-10,-30],[-23,25],[-6,-25],[21,-22],[-19,-15],[-25,13],[-2,-22],[15,-6],[-12,-40],[-27,5],[-14,-28],[1,-22],[22,11],[36,0],[13,-15],[33,-6],[51,32],[40,15],[10,-21],[32,-3],[0,-78],[-36,-6],[-5,-113],[5,-19]],[[17685,17541],[4,386],[-38,1],[1,61],[37,4],[1,36]],[[17690,18029],[0,98],[-7,11],[-33,7],[0,32],[40,3],[4,16],[18,1],[3,26],[26,48],[-3,19],[34,18],[41,70],[43,14],[28,42],[3,27],[-29,87],[-2,27],[9,19],[37,18],[23,26],[8,20],[23,23],[17,7],[63,2],[28,22],[9,38],[16,41],[16,87],[10,21],[38,10],[54,-30],[11,19],[-47,18],[-21,13],[-32,-3],[-17,10],[69,43],[29,29],[-3,22],[30,9],[0,25],[-16,10],[-11,23],[-2,30],[19,84],[-10,22],[23,24],[5,52],[11,59],[23,26],[5,32],[19,23]],[[30493,55244],[-58,-1]],[[30435,55243],[-2,80]],[[27140,52581],[66,13],[118,9],[21,4],[102,32]],[[27466,52403],[1,-96],[-5,-27]],[[27148,52270],[-6,67],[29,36],[-18,20]],[[27153,52393],[-10,54],[-3,134]],[[28258,59436],[-1,-169]],[[27517,52687],[69,79],[75,77],[49,4]],[[27710,52847],[5,-150]],[[27715,52697],[4,-168]],[[27719,52529],[-77,-4]],[[27642,52525],[-1,30]],[[26810,54739],[119,10],[53,2]],[[27161,54597],[-270,8],[-82,7]],[[26809,54612],[1,127]],[[26637,54737],[41,1]],[[26678,54738],[54,0]],[[26732,54738],[78,1]],[[30912,54212],[1,-80]],[[30913,54132],[-35,-1]],[[30878,54131],[-1,27]],[[30124,55203],[20,34]],[[30281,55162],[-77,-1],[2,-81]],[[26810,54739],[2,242]],[[28391,53151],[2,-64],[-4,-142]],[[28389,52945],[-108,-1]],[[28281,52944],[-39,-1]],[[28242,52943],[-2,74],[6,7],[-2,78],[-6,0]],[[28236,53155],[-1,28],[154,5],[2,-37]],[[28291,55193],[153,3]],[[28602,54808],[-1,-54]],[[28236,54311],[184,6],[26,9]],[[28446,54326],[46,-39],[59,-29],[21,-17]],[[28214,54232],[17,17],[-4,23],[-25,11],[34,28]],[[29423,58227],[20,-94],[67,-223]],[[29510,57910],[-71,-8],[-46,-2],[-121,2]],[[29272,57902],[-69,318]],[[29203,58220],[132,-1],[88,8]],[[29745,54672],[-78,-1]],[[29667,54671],[-2,79]],[[28876,58343],[57,-2],[20,-37],[30,-82],[220,-2]],[[29272,57902],[-33,0]],[[29239,57902],[-184,2]],[[29055,57904],[-183,1]],[[27932,58631],[56,-2],[27,-9],[36,8],[40,-2],[80,5],[113,-2]],[[28284,58629],[16,-36],[18,-88]],[[28318,58505],[-94,0],[-54,6],[-74,0]],[[28096,58511],[-47,1],[-32,6],[0,-87],[-83,-1]],[[27934,58430],[-2,201]],[[29667,54671],[-165,-5]],[[29502,54666],[-2,83]],[[29502,54666],[-87,0]],[[29415,54666],[-2,80]],[[29415,54666],[-69,-2]],[[29346,54664],[-68,-3]],[[29278,54661],[-10,0],[-2,55],[0,105]],[[29346,54664],[3,-80]],[[29281,54582],[-3,79]],[[29415,54666],[2,-81]],[[29502,54666],[3,-80]],[[29505,54586],[-78,0]],[[28596,58630],[-3,-27],[-23,-75],[-6,-40],[0,-143]],[[28564,58345],[-38,5],[-95,17],[-93,10]],[[28338,58377],[-20,128]],[[28284,58629],[287,-4],[25,5]],[[29834,54112],[2,-84]],[[29836,54028],[-78,-1]],[[30109,54036],[2,-80]],[[30111,53956],[-39,0]],[[30072,53956],[-2,80]],[[30033,53955],[39,1]],[[30072,53956],[2,-78]],[[30111,53956],[2,-80]],[[30111,53956],[39,1]],[[30150,53957],[2,-80]],[[30150,53957],[38,1]],[[30565,54644],[-39,0]],[[30526,54644],[-1,40]],[[30486,54683],[1,-40]],[[30487,54643],[-38,-1]],[[30487,54643],[1,-40]],[[30487,54643],[39,1]],[[30526,54644],[1,-40]],[[30565,54644],[1,-40]],[[25541,34374],[-77,2],[2,-160],[77,-1]],[[25550,33894],[-371,5]],[[25179,33899],[-4,636]],[[8148,49974],[121,16],[103,42]],[[8377,49943],[0,-28]],[[8203,49889],[-54,8]],[[17044,19459],[47,-1],[543,8],[348,2]],[[17690,18029],[-60,-7],[-131,-2],[-108,0],[-14,23],[-73,-7],[-175,128],[-4,38],[-16,21],[-22,4],[-32,-12],[-20,0],[-9,-23],[-22,-10],[-65,-6],[-115,-2],[-9,19]],[[27929,58870],[209,0]],[[28138,58870],[-1,-79],[142,-2],[37,78],[95,-3],[97,0],[59,3],[133,-3]],[[28700,58864],[180,-3]],[[28880,58861],[-1,-199]],[[28879,58662],[-41,1],[-66,21],[-57,8],[-39,-6],[-20,-10],[-60,-46]],[[28879,58662],[-3,-201],[0,-118]],[[28407,57910],[-9,85],[-10,64]],[[28388,58059],[-29,179]],[[28359,58238],[-21,139]],[[29505,54586],[1,-38]],[[29667,54671],[2,-81]],[[29632,54589],[-127,-3]],[[30019,54596],[2,-80]],[[30021,54516],[-38,-1]],[[29983,54515],[-2,80]],[[30494,54318],[-39,5]],[[30377,54322],[0,-1]],[[30377,54321],[-38,0]],[[30339,54321],[-1,40]],[[30339,54321],[-39,0]],[[30300,54321],[-1,39]],[[29912,54113],[2,-78]],[[29914,54035],[0,-7]],[[29914,54028],[-78,0]],[[29970,54114],[2,-78]],[[29972,54036],[-58,-1]],[[30031,54035],[-59,1]],[[30031,54035],[2,-80]],[[29916,53953],[-2,75]],[[29838,53952],[-2,76]],[[8606,49661],[28,1]],[[8634,49662],[23,-4],[108,-57],[49,-7],[-1,273]],[[8813,49867],[2,16],[37,-19],[42,38],[38,76],[18,23]],[[8950,50001],[136,145],[20,15],[36,8],[157,-3],[25,4]],[[9324,50170],[1,-248],[3,-23]],[[8664,49778],[-2,-82],[-14,-28],[-14,-6]],[[6073,49220],[1,-84],[-12,-49],[-36,-42],[-8,-18],[8,-40],[-13,-43],[-30,-18],[-8,-15],[-1,-36],[-7,-33],[-1,-149],[76,-2],[112,0],[0,-82],[191,1],[3,80],[272,-2],[125,1],[-40,-71],[-9,-25],[-3,-64],[49,1],[280,-5],[19,2],[19,20],[21,49],[19,6],[117,-2],[227,-8]],[[7444,48592],[1,-83],[-6,-510],[-3,-121]],[[3511,47942],[4,70],[14,117],[17,99],[11,77],[10,30],[43,75],[32,45],[29,49],[7,24],[6,147],[16,107],[19,47],[15,20],[55,46],[74,39],[126,16],[49,12],[20,13],[74,32],[65,38],[48,7],[37,-4],[37,-28],[31,-15],[36,-8],[59,-41],[45,-17],[75,-10],[71,-19],[51,16],[39,30],[80,35],[53,17],[95,56],[87,62],[84,67],[93,61],[32,13],[49,12],[53,7],[55,-1],[73,-12],[63,-1],[38,3],[135,-9],[72,-11],[67,-17],[47,-6],[65,-2],[106,-10]],[[6073,49220],[101,6],[32,8],[79,15],[125,16],[53,11],[82,21],[115,46],[81,-2],[83,16],[45,32],[79,92],[76,70],[97,58]],[[7523,48981],[-1,-113],[-4,-27],[-18,-47],[-38,-59],[-12,-35],[-5,-39],[-1,-69]],[[8701,50405],[34,60],[24,26],[56,33],[62,43],[132,49],[133,32]],[[9142,50648],[43,-94],[33,-40],[62,-43],[33,-48],[11,-48],[0,-205]],[[8950,50001],[-63,10],[-74,4],[-155,-17]],[[29983,54515],[-78,-1]],[[29905,54514],[-2,80]],[[29905,54514],[-78,-1]],[[29983,54515],[3,-80]],[[29986,54435],[-79,-1]],[[29906,54484],[-1,30]],[[30148,54037],[39,0]],[[30150,53957],[-2,80]],[[28946,46550],[78,0]],[[29151,46067],[-120,-1]],[[28958,46147],[-3,161],[-9,242]],[[29058,45769],[10,71]],[[28946,46550],[-148,-1],[-478,-7],[-1,91],[-15,5],[3,57],[-36,8],[-94,-2],[4,-206]],[[31052,51811],[-12,-80]],[[30756,54689],[32,7],[9,-21]],[[30783,54669],[-26,-1]],[[31294,50629],[184,0]],[[31280,50485],[0,69],[14,75]],[[29907,50985],[188,4],[11,-1],[109,124]],[[30215,51112],[3,-119]],[[30218,50993],[2,-81]],[[30220,50912],[-156,-4],[4,-160]],[[29913,50744],[-4,160]],[[29909,50904],[-2,81]],[[30517,51321],[-77,-1],[2,-68],[-63,1],[-13,-26]],[[30366,51227],[-46,5]],[[30320,51232],[-70,8]],[[30133,51232],[2,-81]],[[30135,51151],[-155,-3],[2,-81],[-77,-1]],[[29902,51146],[-2,107],[84,25],[70,16]],[[28611,53434],[-6,82],[4,78]],[[30469,51721],[4,-160],[-19,-1],[1,-61],[20,1],[0,-19],[38,1]],[[30321,51443],[-3,96],[-40,17],[-1,80]],[[30277,51636],[-2,81],[188,4]],[[31005,51522],[-5,-30]],[[30221,54359],[1,-40]],[[30222,54319],[-44,0]],[[30378,54281],[39,1]],[[30418,54232],[-39,-1]],[[30379,54231],[-1,50]],[[29968,50560],[-18,-16],[-27,-1],[13,-26],[1,-117]],[[30559,49818],[-39,-1],[0,24],[-151,0]],[[29905,51066],[2,-81]],[[29909,50904],[-234,-5]],[[30551,50886],[-37,2],[1,80],[-3,74],[-39,3],[-49,-2],[-16,-17],[0,90],[-39,1]],[[30369,51117],[-3,110]],[[26999,56962],[233,-2]],[[27232,56960],[234,-2]],[[27466,56958],[311,-1]],[[27223,56736],[-49,-14],[-114,0],[-27,-4],[-35,-20]],[[30021,54516],[2,-80]],[[30023,54436],[-37,-1]],[[29907,54434],[2,-93]],[[30074,54597],[30,-79]],[[30104,54518],[-83,-2]],[[30134,54438],[-111,-2]],[[30023,54416],[0,20]],[[30300,54321],[0,-1]],[[30300,54320],[-53,-2]],[[30247,54318],[0,41]],[[30339,54321],[0,-40]],[[30339,54281],[-39,-1]],[[30300,54280],[0,40]],[[30300,54280],[-52,-1]],[[30248,54279],[-1,39]],[[30222,54318],[25,0]],[[30248,54279],[-8,0]],[[30240,54279],[-19,0]],[[30221,54279],[1,39]],[[30222,54319],[0,-1]],[[30221,54279],[-76,-2]],[[30145,54277],[-1,42]],[[30145,54277],[-120,-2]],[[31015,50882],[0,-58]],[[31015,50723],[-154,0],[0,-45]],[[31479,50811],[-2,-20],[-21,2],[-15,19],[-27,-1],[-8,21],[-38,-24],[-25,-2],[-11,12],[-2,65],[-50,-1]],[[29718,52187],[3,-121],[45,2],[52,38]],[[29818,52106],[2,-79]],[[29820,52027],[-20,0],[2,-39]],[[29802,51988],[0,-29],[-77,58],[0,-71]],[[29655,51944],[-8,-1],[-5,63],[-66,-53]],[[29575,51970],[-1,50]],[[28291,55193],[-4,200]],[[29016,52834],[76,48],[-1,26]],[[29542,53163],[2,-84]],[[30559,53003],[-2,81]],[[29290,53859],[66,4]],[[29356,53863],[45,2],[69,20],[52,-4]],[[29527,53704],[1,-81]],[[29221,53537],[7,-242]],[[29147,54057],[59,-10]],[[29206,54047],[3,-110]],[[29127,54674],[18,-71],[18,-24]],[[29163,54579],[-80,-5]],[[28882,54569],[-4,100]],[[30927,54032],[-1,100]],[[30913,54132],[13,0]],[[30915,54032],[-2,100]],[[30880,54032],[-2,99]],[[30809,54130],[23,-10],[0,37]],[[30414,54602],[-42,0]],[[30372,54602],[-20,0]],[[30352,54602],[-59,-1]],[[30139,54558],[1,-40]],[[30221,54279],[1,-80]],[[30222,54199],[-77,-1]],[[30145,54198],[0,79]],[[30240,54279],[1,-60],[20,1],[0,-21]],[[30238,54199],[-16,0]],[[30300,54280],[0,-80]],[[12612,19501],[157,-3]],[[13496,19480],[368,-6],[207,-2],[29,-8],[17,8],[151,-1],[104,2]],[[14809,19406],[42,-10],[63,-22],[75,-42],[6,20],[-19,24],[-20,63],[-17,9],[-12,23],[9,29],[-19,48],[11,13],[-15,19],[19,18],[-6,26],[-22,0],[-16,22],[-8,31],[0,35],[-22,34],[3,19],[-11,22],[-54,-59],[-28,-39]],[[14371,19949],[-2,482]],[[15236,20441],[5,-315]],[[15241,20126],[10,-644]],[[10602,18568],[-11,58],[-30,103],[-70,141],[-56,65],[-55,102],[-23,99],[1,68],[4,37],[12,52],[38,67],[110,119],[61,41],[59,85],[9,64],[30,69],[40,67],[47,38],[109,76],[188,165],[43,84],[24,103],[37,203]],[[29552,52781],[8,-281]],[[31552,51553],[0,-117],[72,-77]],[[31624,51359],[-188,4]],[[31322,51364],[-1,0]],[[31268,51484],[-32,52]],[[29883,51867],[47,5],[69,-2]],[[29999,51870],[39,1]],[[30040,51791],[5,-51]],[[30045,51740],[-2,-42],[6,-213]],[[30049,51482],[-91,67]],[[29958,51549],[-101,79],[-32,22],[-93,36]],[[30277,51636],[-77,-1]],[[30200,51635],[-5,160]],[[29820,52027],[214,5]],[[30034,52032],[1,-40]],[[30035,51992],[-39,-1],[3,-121]],[[29883,51867],[-4,121],[-77,0]],[[30523,53003],[36,0]],[[28863,52740],[-7,221]],[[29537,53302],[198,5]],[[29735,53307],[59,1]],[[29794,53308],[135,2],[-1,81]],[[29928,53391],[79,1],[1,-78]],[[29965,53232],[-39,2],[-228,-6],[1,-39],[-158,-6]],[[30438,53202],[44,1]],[[28600,54406],[8,-4],[201,6]],[[28846,54251],[-149,-5]],[[28697,54246],[-97,-2]],[[28600,54244],[0,162]],[[27340,56004],[199,0],[111,-3]],[[30535,54204],[2,-80]],[[30498,54123],[-2,80]],[[30715,54848],[38,0]],[[31280,50405],[-191,1],[-36,-1]],[[31053,50405],[-190,-1]],[[30218,50993],[77,2],[-3,120],[77,2]],[[30221,50892],[-1,20]],[[29175,56947],[51,0]],[[29226,56947],[106,-1]],[[29332,56946],[153,-2]],[[29607,56944],[35,-1]],[[29642,56943],[-5,-145],[3,-15]],[[29281,56787],[1,29],[-34,77],[-35,15],[-3,10],[-35,29]],[[29081,55700],[0,43],[-63,-2],[-22,10],[-40,0],[-23,7]],[[28933,55758],[12,23],[31,26],[-7,10],[-25,-15],[-29,14],[-16,48],[-26,-8],[-12,10]],[[28884,54502],[-283,11]],[[28601,54513],[0,165]],[[29190,52009],[230,6]],[[29189,51810],[7,39],[-6,160]],[[30312,53639],[2,-80]],[[30756,54689],[-1,42]],[[30718,54688],[-1,43]],[[30352,54602],[2,-81]],[[30354,54521],[-20,0]],[[30334,54521],[-39,0]],[[29341,53940],[-10,-37],[29,-14],[-4,-26]],[[28626,53834],[2,22],[-11,23],[42,15],[0,78],[18,3],[0,34],[59,-1],[42,-5]],[[28775,54178],[0,10],[38,1],[1,10],[38,1],[11,-29]],[[28863,54171],[-1,-20],[19,-11],[41,-3],[0,32],[9,38],[24,0],[43,48]],[[29045,54256],[2,-83]],[[29047,54173],[2,-82]],[[28798,54088],[-61,9],[-2,70],[40,11]],[[27237,55321],[92,5],[0,76],[60,4],[16,-11]],[[29986,54435],[2,-107]],[[27230,56403],[1,-206],[57,-23],[79,-51],[95,-37]],[[29802,55322],[70,-187]],[[29636,55276],[60,38],[-4,15],[-44,71],[77,-1],[-1,39],[18,0],[0,-39],[28,0],[32,-77]],[[27464,56481],[-248,1]],[[14981,52843],[35,9],[27,29],[12,36],[1,31],[-21,68],[-1,24],[24,52],[78,54],[42,54],[37,34],[41,12],[44,-17],[42,-6],[83,29],[36,19],[50,6],[42,24],[12,26],[24,8],[37,-10],[45,0],[20,-14],[28,-46],[31,0],[28,29],[22,38],[18,43],[33,40],[41,31],[19,29],[15,6]],[[15926,53481],[-7,-23],[21,-16],[13,-27],[-39,-24],[-11,-19],[0,-48]],[[15903,53324],[2,-238],[1,-475],[813,0],[100,-3]],[[16819,52608],[-2,-394],[70,2],[93,-1],[-13,-43],[-3,-115],[-4,-239],[1,-159],[-152,0],[-1,-79],[4,-477],[2,-396]],[[16153,53580],[48,38],[76,36],[22,44],[34,34]],[[16333,53732],[34,-29],[51,14],[96,44],[-4,-199],[1,-78],[38,2],[-1,-163],[-44,4],[-58,16],[-41,-3],[-167,-63],[-8,49]],[[16230,53326],[-19,77],[-53,24],[-23,5],[-24,77],[48,16],[4,24],[-10,31]],[[28130,57976],[119,68],[23,7],[116,8]],[[28407,57910],[-258,1]],[[28149,57911],[-19,65]],[[28095,58304],[102,63],[63,14],[78,-4]],[[28359,58238],[-1,-9],[-95,14],[-18,8],[-38,1],[-34,-21]],[[28173,58231],[-79,0],[1,73]],[[28133,58071],[4,29],[33,92],[3,39]],[[28130,57976],[-9,43],[12,52]],[[28096,58511],[-1,-207]],[[28133,58071],[-80,0],[-86,159],[-33,0]],[[27934,58230],[2,129],[-2,71]],[[28149,57911],[-9,0]],[[28140,57911],[-194,1]],[[27946,57912],[-14,1]],[[27932,57913],[0,23]],[[27932,57936],[2,37],[0,257]],[[30679,54730],[19,0]],[[30680,54667],[0,-20]],[[30797,54609],[-39,-1]],[[30758,54608],[-1,60]],[[30758,54608],[-38,-1]],[[30720,54607],[-1,50]],[[30720,54607],[-39,0]],[[30791,49681],[231,1]],[[29401,55393],[104,3]],[[29505,55396],[0,-112]],[[29504,55224],[-116,90]],[[29506,55476],[-1,-80]],[[30831,49763],[38,-1],[2,39]],[[29592,51380],[149,4]],[[29741,51384],[310,7]],[[29597,51220],[-195,-6]],[[29180,52329],[5,-160]],[[29185,52169],[5,-160]],[[29168,56429],[1,120]],[[29205,56230],[-39,1],[2,198]],[[28875,55790],[58,-32]],[[15926,53481],[24,13],[46,34],[28,12],[14,14],[31,11],[30,0],[54,15]],[[16230,53326],[-181,1],[-146,-3]],[[16333,53732],[29,18],[31,51],[2,34],[-15,37],[-25,41],[-29,25],[-26,13],[-45,35],[-59,24],[-28,25],[-12,52],[1,51],[-5,27],[11,31]],[[17772,54038],[3,-3],[5,-278],[9,-155],[7,-66],[21,-85],[-47,-30],[-112,-84],[-16,-9],[24,-94],[-1,-288],[76,-101],[-2,-236]],[[17739,52609],[-384,-2],[-536,1]],[[16153,53580],[-27,85],[-32,40],[-47,34],[-33,32],[-65,49],[-35,59],[-106,197],[-40,81],[-13,18],[-31,21]],[[20471,52639],[-156,1],[-313,-1],[-366,-8],[-64,-3],[-234,-3],[-604,-4],[-114,-10],[-34,-1],[-771,-1]],[[17815,52609],[-76,0]],[[17801,50709],[24,62],[-1,25],[-10,25],[-7,47],[64,3],[3,118],[8,0],[0,157],[8,42],[50,145],[16,13],[-2,176],[-4,14],[23,75],[1,58],[-20,203],[-20,40],[-21,28],[-14,29],[-21,7],[-1,208],[12,45],[-28,57],[-11,88],[1,101],[-39,5],[3,129]],[[30920,53330],[0,80]],[[29356,54263],[-98,-2]],[[28938,54971],[128,4]],[[29066,54975],[18,-20],[33,11],[10,-12],[-8,-37],[-4,-55],[-26,-67],[8,-18],[84,5],[-2,-34]],[[27464,56322],[-1,-88],[8,-26],[-1,-92]],[[27774,56479],[-1,-85],[-71,43],[-7,0],[0,-118]],[[27695,56319],[-77,1]],[[30372,54602],[1,-80]],[[30373,54522],[-19,-1]],[[30412,54522],[-39,0]],[[27706,56183],[-12,67],[1,69]],[[28864,56948],[158,0]],[[29022,56948],[153,-1]],[[28865,56790],[-5,0]],[[30456,54282],[39,1]],[[30496,54203],[-38,-1]],[[30713,55008],[1,-80]],[[30675,54927],[-1,81]],[[30603,54645],[1,-40]],[[30604,54605],[-38,-1]],[[30604,54605],[2,-80]],[[30606,54525],[-40,-1]],[[30604,54605],[38,1]],[[30642,54606],[2,-80]],[[30644,54526],[-38,-1]],[[30681,54607],[2,-80]],[[30683,54527],[-39,-1]],[[30720,54607],[2,-80]],[[30722,54527],[-39,0]],[[30758,54608],[1,-39]],[[30759,54569],[1,-41]],[[30760,54528],[-38,-1]],[[30797,54609],[1,-39]],[[30798,54570],[-39,-1]],[[30793,54529],[-33,-1]],[[29504,55224],[-28,-7],[-1,19],[-50,-2]],[[29425,55234],[-37,-1]],[[29733,55080],[-44,0]],[[29689,55080],[-33,0]],[[29656,55080],[0,26]],[[29656,55080],[-153,-2]],[[29503,55078],[-39,-1]],[[29464,55077],[0,60],[-39,28],[0,69]],[[27815,58631],[1,-399]],[[27816,58232],[-95,1],[-24,-9],[-39,-23],[-47,-7],[-200,-1]],[[27934,58230],[-118,2]],[[30322,54978],[8,-30],[16,-26]],[[30346,54922],[-59,-1]],[[30287,54921],[-2,67]],[[30131,54919],[-78,-1]],[[29974,54916],[-2,81]],[[30131,54919],[2,-80]],[[30339,54160],[41,1]],[[30380,54161],[1,-40]],[[28486,57604],[-28,-10],[0,-30],[-23,-39],[-119,76],[-19,15],[-73,79]],[[28224,57695],[-74,197],[-10,19]],[[28509,57440],[-58,-4],[-69,-14],[-53,-4]],[[28329,57418],[-105,277]],[[28368,57152],[-15,-92],[-31,-106]],[[28268,56955],[-17,30],[-13,82],[-68,83]],[[26872,52856],[22,0],[21,14],[83,84],[1,30],[-6,41]],[[26993,53025],[126,9],[106,27]],[[27229,52874],[-48,-6],[-45,-13]],[[27136,52855],[17,34],[2,31],[-10,25],[-2,41],[-20,-12],[-116,-82],[-41,-24],[-56,-15],[-38,3]],[[28450,53822],[149,51]],[[28599,53873],[0,-62]],[[28621,53159],[-130,-5]],[[28491,53154],[-100,-3]],[[30793,54529],[21,-47]],[[30801,54449],[-39,0]],[[30762,54449],[-2,79]],[[30762,54449],[-38,-1]],[[30724,54448],[-2,79]],[[30724,54448],[-39,-1]],[[30685,54447],[-2,80]],[[30646,54446],[-2,80]],[[30608,54445],[-2,80]],[[25266,35746],[2,-170],[6,-6],[1,-54],[31,-6],[1,-56],[68,0],[6,-45],[3,-253],[-29,-22],[-47,-1],[1,-120],[-137,-1],[-17,2],[-434,-1],[-253,1],[-29,3],[-20,-11],[-41,-47],[-30,-26],[-7,-19],[2,-60],[-64,0]],[[26968,35759],[2,-585],[1,-240]],[[26971,34934],[-151,0],[0,-80],[-131,0],[-430,-4]],[[25179,33899],[-150,-2],[-749,-1]],[[26971,34934],[3,-317]],[[26974,34617],[-334,-3],[-55,12]],[[26585,34626],[-34,20],[-70,80],[-35,23],[-68,22],[-46,6],[-40,0]],[[19251,57680],[-4,-27],[8,-41],[19,-23],[1,-30],[-17,-34],[-38,-15],[-68,-2],[2,-12],[-52,-19],[-16,-16],[-15,-31],[-11,-43],[-40,-27],[-12,-16],[47,-20],[115,-2],[29,-14],[61,-51],[25,-3],[27,41],[6,28],[4,67],[28,60],[3,43],[-1,188]],[[26585,34626],[-38,-39],[-30,-16],[-25,-7],[-136,5]],[[29464,55077],[-91,20]],[[29656,55080],[-1,-80]],[[29655,55000],[-153,-2]],[[29502,54998],[1,80]],[[29502,54988],[0,10]],[[29655,55000],[-1,-74]],[[29733,55046],[-44,34]],[[29935,54916],[39,0]],[[29899,54755],[-4,160]],[[27816,58232],[1,-141],[-13,-24],[28,-55],[36,-44],[49,-35]],[[27917,57933],[-99,-20],[-49,0],[-12,20],[-27,-4],[-43,9],[-5,16],[-75,-40],[-63,-2]],[[27544,57912],[0,2]],[[27932,57936],[-15,-3]],[[26734,58318],[-61,-5],[-56,-24],[-76,-10],[0,-110],[-35,28],[-76,48],[-44,15]],[[26738,58122],[22,-51],[22,-25],[26,-19],[-26,-42],[-8,-66]],[[26774,57919],[-386,3]],[[27860,52738],[19,1],[1,-23],[-19,0],[0,-23],[39,1],[-1,35],[55,-43],[-10,-11],[1,-54],[13,-22],[37,-6],[24,-11]],[[28019,52582],[1,-45]],[[28020,52537],[-155,-4]],[[27865,52533],[-3,80],[-15,14],[-22,-1],[-1,70]],[[27824,52696],[-1,41],[37,1]],[[28020,52537],[77,2]],[[23194,60707],[76,0]],[[25453,57604],[0,-76],[8,-29],[57,-134]],[[25337,57329],[-1,29],[-41,1]],[[25451,57156],[42,-5],[17,-31],[27,-4],[46,-67],[16,1],[42,55],[17,-14]],[[25658,57091],[7,-6]],[[25759,56960],[-74,-3],[-83,2],[-154,-1]],[[25658,57091],[31,36],[58,33],[11,27],[34,22],[7,28],[-24,36],[36,41],[4,44]],[[30222,54199],[2,-80]],[[30224,54119],[-77,-1]],[[30244,54119],[-20,0]],[[30459,54122],[-1,80]],[[30420,54122],[-2,79]],[[27826,54220],[193,5]],[[28018,54137],[-40,1],[-155,-7]],[[27318,54410],[0,-48]],[[27318,54362],[-156,-7]],[[27162,54355],[-1,54]],[[27002,54510],[63,1],[53,-25],[44,-1]],[[27162,54355],[-156,-6],[0,-27]],[[27582,54213],[126,4]],[[27701,53726],[-94,-3]],[[27563,54061],[15,62],[4,90]],[[27701,53726],[-1,-70]],[[27586,53418],[16,60],[33,49],[-11,42],[0,41],[22,50],[-39,63]],[[26759,54903],[0,-85],[-26,0],[-1,-80]],[[26678,54738],[-13,30],[-25,16],[-37,13],[-3,26],[-30,1],[-13,-11],[-46,19],[-6,23],[22,26],[86,-3],[37,11],[12,11],[31,-15],[66,18]],[[26762,54957],[-3,-54]],[[26415,53753],[-78,35]],[[25875,53526],[1,235]],[[26579,53213],[144,6]],[[28322,57418],[7,0]],[[28329,57418],[53,-143]],[[28242,57275],[2,80],[56,0],[21,5],[1,58]],[[28613,57471],[1,-19],[-27,-40],[4,-30],[18,-8],[23,-42],[23,-23],[-31,-7],[-12,-19]],[[29055,57904],[17,-44],[16,-71],[50,-85],[25,-54],[1,-66],[20,0]],[[29184,57584],[0,-79],[-39,0]],[[29145,57505],[-171,2],[-107,-1]],[[29239,57902],[22,-45],[0,-35],[71,-1],[5,-54]],[[29337,57767],[0,-11],[49,-92]],[[29386,57664],[-1,0]],[[29385,57664],[-163,-1],[0,-62]],[[29222,57601],[-17,-15],[-21,-2]],[[29222,57601],[9,7],[68,-145],[39,1]],[[29338,57464],[-1,-200]],[[29338,57185],[-4,-72]],[[29334,57113],[-7,-5]],[[29327,57108],[-7,47],[-9,15],[-32,15],[-8,35],[-58,40],[-8,15],[-23,0],[1,70],[-39,1]],[[29144,57346],[1,159]],[[29969,55238],[1,-151]],[[29970,55087],[-44,0],[-12,-13],[-16,25],[-9,30],[-17,6]],[[29802,55322],[12,-8]],[[28246,52783],[39,1]],[[28285,52784],[106,4]],[[28328,52598],[-3,107],[-155,-4]],[[28242,52943],[-77,-3]],[[28165,52940],[-78,-2]],[[28491,53154],[3,-122],[13,-2],[2,-80]],[[26090,52245],[9,80]],[[26099,52325],[226,4]],[[26109,52544],[1,24]],[[26110,52568],[71,1],[82,5],[63,12]],[[26326,52586],[0,-30]],[[26326,52556],[0,-66]],[[26326,52490],[-136,-4],[-13,7],[-68,-30]],[[26109,52463],[0,81]],[[27314,54201],[150,7]],[[27464,54208],[118,5]],[[27324,54048],[-12,-1]],[[28598,53983],[1,-73]],[[28599,53910],[-150,60],[-15,8]],[[28165,52940],[4,-159]],[[28091,52779],[-1,59]],[[26611,57607],[-15,-15],[-52,-4],[-22,-8],[-14,-19],[-15,-48],[-11,-113]],[[26482,57400],[-104,1]],[[27007,57600],[-3,-239]],[[27004,57361],[-1,0]],[[27003,57361],[-127,-2],[-106,3]],[[26770,57362],[-105,3],[-61,22],[-122,13]],[[28285,52784],[-2,78],[-20,1],[-1,60],[19,1],[0,20]],[[30762,54449],[2,-80]],[[30726,54368],[-2,80]],[[26770,57362],[-2,-160],[-39,1],[-2,-124],[23,-18],[16,-32],[0,-67]],[[30801,54449],[2,-80]],[[30375,54441],[-2,81]],[[30336,54441],[-2,80]],[[30456,54282],[-1,41]],[[28865,57142],[2,205]],[[28867,57347],[160,-1],[-3,-239]],[[29024,57107],[-2,-159]],[[29327,57108],[-17,-3],[-146,1]],[[29164,57106],[-40,157],[-28,83],[48,0]],[[29024,57107],[140,-1]],[[29164,57106],[20,-64],[42,-95]],[[29334,57113],[-2,-167]],[[28867,57347],[0,121]],[[29510,57910],[51,-170],[5,-10]],[[29566,57730],[-84,20],[-40,-6],[-13,-9],[-75,15],[-17,17]],[[30639,54766],[1,-37]],[[30377,54321],[1,-40]],[[30378,54281],[-39,0]],[[30417,54282],[-1,40]],[[30379,54231],[1,-70]],[[27708,52909],[-78,-11],[-38,2],[-78,19]],[[27514,52919],[-13,2]],[[26939,52327],[9,89]],[[26948,52416],[79,-2],[3,-53],[72,6],[-1,41],[52,-15]],[[26918,52263],[21,64]],[[27092,52840],[44,15]],[[27229,52874],[-19,-84],[-11,-24]],[[27199,52766],[-11,-26],[-3,-26],[-44,-84],[-1,-49]],[[27140,52581],[-93,-22]],[[27047,52559],[2,25],[18,35],[-2,59],[7,39],[11,21],[13,66],[-4,36]],[[27886,52975],[28,14]],[[28014,52777],[-116,-3],[-4,160],[-8,41]],[[27815,52932],[2,-1],[5,-159],[37,1],[1,-35]],[[27824,52696],[-34,0],[-10,19],[-20,-17],[-45,-1]],[[27710,52847],[-2,62]],[[25337,52866],[-155,-4]],[[25722,52945],[-57,-13],[-45,-23],[-44,-32],[-11,-3],[-100,-1]],[[27003,57361],[0,-79],[-4,-320]],[[30644,53646],[-2,79]],[[30625,53645],[-2,80]],[[30586,53644],[-2,80]],[[28016,52696],[3,-114]],[[28599,53910],[0,-37]],[[26114,52713],[213,30]],[[26327,52743],[-1,-157]],[[26110,52568],[4,145]],[[27725,52289],[-77,-3]],[[27648,52286],[-2,80]],[[27646,52366],[-4,159]],[[31483,52002],[-4,39],[30,0],[-1,77],[-10,0],[-2,103]],[[30485,55164],[-48,-1]],[[28224,57695],[-20,22]],[[28204,57717],[-40,41],[-218,154]],[[29386,57664],[27,0],[22,-33],[41,17],[13,-11],[49,-135],[-55,1],[-3,-16],[15,-31]],[[29495,57456],[-3,-34],[-77,1],[0,40]],[[29415,57463],[1,119],[13,0],[-44,82]],[[29415,57463],[-77,1]],[[29495,57456],[34,-75]],[[29529,57381],[51,-106]],[[29580,57275],[-23,-13],[-125,0]],[[29566,57730],[129,-283]],[[29695,57447],[-69,-32],[-2,-12],[-45,-22],[-50,0]],[[29695,57447],[35,-78],[36,-54],[24,-44]],[[29790,57271],[-63,-45],[-31,-31],[-51,27],[-36,-1]],[[29609,57221],[-29,54]],[[29790,57271],[156,-287],[8,-38]],[[29779,56942],[-170,279]],[[26922,52522],[48,19]],[[26970,52541],[77,18]],[[26948,52416],[-2,42],[-9,33],[-15,31]],[[27015,52815],[77,25]],[[26970,52541],[32,126],[13,148]],[[26795,52617],[43,-31]],[[26838,52586],[64,-39],[20,-25]],[[26939,52327],[-57,9],[-1,53],[8,46],[-13,11],[0,29],[15,27],[-101,-3]],[[26790,52499],[2,84],[3,34]],[[30240,53358],[0,-41]],[[30240,53317],[4,-159]],[[30244,53158],[-68,-1],[-9,-21]],[[30167,53136],[0,21]],[[30167,53157],[-4,167]],[[30167,53157],[-117,-3]],[[30167,53136],[1,-60]],[[30168,53076],[-116,-2]],[[30052,53074],[-2,80]],[[31027,52773],[2,-80]],[[31029,52693],[-77,-2]],[[30952,52691],[-2,80]],[[30953,52611],[77,2]],[[31030,52613],[1,-80]],[[31030,52613],[77,2]],[[31107,52615],[2,-80]],[[23319,41298],[290,7],[136,2],[-1,55],[84,1],[7,25],[22,12],[0,44],[32,-12],[1,-23],[34,3],[9,-25],[44,3],[32,-13],[-1,53],[-33,0],[-5,-13],[-24,-15],[-9,38],[37,15],[21,24],[-22,30],[-1,39],[40,-6],[-8,33],[-16,0],[1,-25],[-26,-1],[0,19],[-32,-1],[-1,61],[76,1],[2,40],[50,1],[1,38],[23,10],[0,73],[150,4]],[[24232,41795],[3,-292],[6,-347],[479,8],[286,5],[-1,80],[127,3],[5,-18],[22,-5],[-6,312],[148,6],[152,9],[37,5],[0,16],[114,2],[0,79],[67,1],[1,-37],[6,-24],[39,4],[0,-25],[14,-2],[230,17],[99,7]],[[23149,43375],[78,1],[2,-321]],[[23229,43055],[0,-64],[-14,-16],[-115,-1],[2,-87]],[[22952,42938],[0,133],[5,31],[32,34],[11,30],[31,33],[118,176]],[[20558,44615],[121,-1],[146,3],[436,13],[218,9],[142,0],[32,15],[15,-16],[-2,-110],[53,46],[4,-14],[-7,-36],[-14,-44],[332,6],[16,-8],[37,7],[32,-7],[13,9],[107,1],[-1,-166],[34,6],[112,2],[12,-3],[139,0],[2,-158],[-2,-321]],[[22535,43848],[-148,-1],[-2,-320]],[[22385,43527],[-458,-7],[3,-314],[1,-204],[4,-446],[2,0],[2,-316],[0,-646]],[[22385,43527],[154,1],[2,-266],[26,-56],[21,-26],[2,-16],[-48,4],[2,-360],[74,1],[0,-40],[41,0]],[[23229,43055],[266,5],[85,0],[311,9],[345,5]],[[24236,43074],[-18,-26],[-25,-5],[0,-22],[-32,-42],[-15,-68],[-22,0],[-10,-32],[-5,-41],[3,-19],[41,-42],[13,-25],[-5,-36],[-18,-25],[-36,-15],[-11,-21],[0,-25],[-39,-39],[4,-34],[25,-30],[35,-18],[25,3],[41,-8],[35,-24],[13,-31],[5,-43],[-11,-28],[-23,-18],[-56,3],[-27,-12],[8,-42],[-3,-27],[30,-8],[69,0],[5,-479]],[[22535,43848],[409,4],[204,1]],[[23148,43853],[154,3],[0,-168],[-6,-11],[-35,-22],[-4,-18],[65,-5],[-37,-56],[-124,-1],[-12,-57],[0,-143]],[[23312,45470],[-3,-173],[-3,-323],[-2,-293],[0,-145],[-2,-209],[0,-312],[-153,-2],[-1,-160]],[[24236,43074],[-6,54],[-16,41],[-2,65],[1,158],[-2,160],[146,4],[152,1],[433,6],[177,3],[14,-701],[6,-418],[146,3],[1,-33],[68,30],[24,25],[26,43],[16,13],[20,3],[96,-55],[27,-9],[48,10],[51,6],[37,-2],[43,18],[85,14],[30,-7],[46,-31],[44,-8],[20,-22],[34,6],[12,-14],[4,-28],[26,-14]],[[18025,12389],[96,-1]],[[18121,12388],[-35,-246],[-6,-81],[6,-171],[3,-147]],[[18089,11743],[1,-72],[5,-49],[8,-2],[3,-135],[17,0],[2,-59],[-29,-1],[5,-169]],[[18101,11256],[12,-487]],[[18113,10769],[-306,2]],[[17807,10771],[0,129],[7,434],[-72,1],[1,118],[-18,2],[-7,40],[-85,2],[3,215],[-210,111]],[[17426,11823],[-9,30],[21,54],[33,17],[21,4],[203,52],[17,-1],[2,80],[83,4],[3,32],[21,0],[11,21],[36,11],[-7,21],[21,28],[-3,17],[38,72],[24,12],[31,5],[5,34],[-11,8],[11,25],[43,27],[5,13]],[[17426,11823],[-171,91],[-17,-19],[-34,5],[-13,-18],[2,-43],[-36,-42],[-18,-1],[-25,-28],[-15,-3],[-18,36],[-15,11],[-15,-16],[-24,-4],[-14,17],[-24,-14],[22,-47],[-36,5],[-71,-12],[-21,10],[-291,7],[3,44],[-8,21],[0,37],[-10,50],[-8,106],[9,54],[-17,63],[-11,27],[0,24],[-8,48],[-41,48],[-10,25],[2,45],[-15,56]],[[16478,12406],[-32,22],[-13,33],[-36,8],[3,216],[34,3],[-22,38],[56,-2],[3,81],[73,1],[1,79],[142,-3],[3,81],[75,0],[18,-16],[17,-28],[106,-3],[3,29],[27,56],[26,-12],[25,-30],[10,-36],[21,-20],[5,-35],[28,-4],[-11,-31],[30,8],[28,20],[22,-4],[19,-56],[6,-1],[5,-67],[27,6],[21,36],[31,9],[12,-32],[34,-1],[0,-40],[222,-1],[-1,-117],[17,11],[28,3],[34,42],[45,25],[14,2],[31,34],[50,18],[11,-6],[35,38],[18,3],[21,37],[38,47],[6,24],[48,-19],[46,10],[0,-302],[-2,-170],[89,-1]],[[18972,12544],[-30,5],[-131,2],[-33,-19],[-110,12],[-68,2],[-38,-9],[-54,10],[-104,3],[3,-39],[-17,-37],[0,-19],[-17,-8],[-10,-48],[-17,-12],[-225,1]],[[16478,12406],[-304,6],[-101,6],[-12,40],[-30,3],[1,103],[-12,17],[-291,10],[-112,2],[-183,7],[-146,2]],[[18089,11743],[124,-3],[0,-51],[19,-60],[23,-18],[-1,-18],[38,-32],[0,-102],[-13,0],[1,-83],[-98,2],[1,-41],[-37,0],[-1,-76],[-44,-5]],[[17807,10771],[-47,1]],[[18592,10769],[-116,-2],[-274,1],[-89,1]],[[16237,22608],[-2,-221],[0,-99],[18,-90],[5,-46],[-1,-313],[10,-32],[15,-16],[24,-9],[32,-3],[14,-16],[50,-118],[65,-134],[47,-89],[2,-39],[7,-10],[46,-22],[20,-20],[5,-36],[17,-25],[22,-16],[35,-74]],[[16668,21180],[9,-31],[-37,-10],[-8,7],[0,-85],[13,0],[1,-40],[36,-1],[-3,-39],[28,-12],[3,-197]],[[16710,20772],[-222,-75],[-67,-2],[-35,-10],[-103,-49],[-42,-14],[-73,-13],[-32,-13],[-196,-120],[-33,-11],[-45,2],[-91,18],[-40,-5],[-78,-33],[-27,-24],[-93,-111],[-44,-39],[-109,-68],[-95,-49],[-44,-30]],[[17962,21383],[-119,-21],[-38,-12],[-40,-23],[-103,-75],[-102,-69],[-150,-106],[-141,-85],[-44,-18],[-76,-20]],[[17149,20954],[-2,110],[-6,34],[78,41],[0,6],[51,27],[-27,57],[-10,-29],[-20,0],[-1,29],[-61,0],[0,-29],[-73,-3],[1,-49],[-37,-1],[1,-44],[-97,1],[0,-29],[-52,0],[-7,-18],[-43,7],[-11,39],[22,23],[4,20],[33,0],[28,-8],[-1,44],[15,19],[0,25],[-44,-1],[-1,80],[-37,-2],[0,-39],[10,-23],[-9,-16],[-32,8],[-24,-10],[0,25],[-44,9],[-34,0],[-3,-28],[21,-7],[5,-35],[-30,-5],[-23,17],[-21,-19]],[[17149,20954],[-132,-33],[-55,-22],[-25,-14],[-29,36],[-11,-17],[-39,3],[0,44],[-75,-39],[1,-81],[37,0],[0,-13],[-56,-27],[-55,-19]],[[31108,53888],[-86,0],[-1,-13],[-63,-1],[-1,14],[-26,-1]],[[30465,53322],[-29,-1]],[[30436,53321],[-39,-1]],[[30397,53320],[-3,105]],[[30319,53318],[-2,73]],[[30319,53318],[-79,-1]],[[30436,53321],[2,-119]],[[26795,52862],[77,-6]],[[27015,52815],[-77,-25]],[[26938,52790],[-111,-27],[-33,-5]],[[30833,52588],[-34,0]],[[30799,52588],[-1,20]],[[30798,52608],[-1,80]],[[30798,52608],[-77,-1]],[[30721,52607],[-1,79]],[[31106,52695],[-77,-2]],[[31030,52613],[-1,80]],[[30526,52602],[2,-80]],[[30258,52517],[-2,83]],[[24985,10300],[1,-586],[3,-649],[0,-209],[2,-167]],[[24991,8689],[-98,125],[-23,40],[-135,-1],[0,-202],[36,-3],[0,-119],[-19,-1],[-85,29],[-112,27],[-8,26],[-153,0],[-58,11],[-5,25],[-225,-1],[1,322],[-11,16],[11,24],[-36,0],[-1,-40],[-70,2],[-148,0],[-2,-238],[-32,-33]],[[23818,8698],[-54,22],[-46,47],[-52,-1]],[[23666,8766],[-58,-37],[-19,-2],[-60,5],[-51,-7],[-14,-12],[-32,-42]],[[23432,8671],[-10,24],[-18,13],[-67,-2],[-5,20],[-34,1],[0,124],[-39,0],[0,117],[-2,86],[-40,2],[2,250],[-2,116],[3,66],[-2,138],[1,186],[74,-1],[4,160],[-39,3],[1,155],[-39,3],[2,157]],[[24528,9154],[132,-50],[0,21],[-15,23],[-38,72],[-9,35],[-30,0],[-1,102],[7,28],[53,104],[-23,5],[-129,1]],[[24475,9495],[-112,-1],[1,-81],[-108,-1],[2,-294],[16,-17],[-15,-13],[-1,-33],[73,3],[0,33],[213,2],[-16,61]],[[24475,9495],[0,-81],[-13,0],[7,-45],[23,-84],[-54,-1],[-17,-7],[50,-95],[12,-12],[45,-16]],[[22337,9162],[3,652]],[[23432,8671],[13,-25],[-2,-201]],[[23443,8445],[-151,-1],[-11,-49],[-24,-46],[-60,-5],[-38,7],[-63,21],[-81,11],[-96,2],[1,-163],[-35,-38],[-40,-25],[-80,-42],[-104,-2],[-80,-14],[-64,-4],[-8,-19],[6,-52],[-1,-148]],[[22514,7878],[-180,-1]],[[22334,7877],[1,27],[1,476],[4,84],[-4,119],[1,65],[0,514]],[[30551,53404],[2,-80]],[[30639,52844],[1,-60]],[[30640,52784],[-38,0]],[[30602,52784],[-2,59]],[[30679,52785],[-39,-1]],[[30602,52784],[1,-60],[-39,-1]],[[30640,52784],[2,-100]],[[30681,52685],[-39,-1]],[[23443,8445],[0,-43],[-6,-16],[1,-64]],[[23438,8322],[-26,-3],[-1,-50],[6,-49],[0,-106],[3,-22]],[[23420,8092],[-3,-93],[-13,-2],[-2,-116],[7,-22],[-3,-136],[-291,-5],[-57,1],[-24,21],[-9,22],[1,79],[-58,-2],[-32,-7],[-136,-59],[-25,-22],[-130,-213],[-20,1],[-3,20],[1,120],[-73,1],[2,198],[-38,0]],[[23666,8766],[-1,-246],[-26,0],[0,-138]],[[23639,8382],[0,-61],[-75,2],[-126,-1]],[[23420,8092],[70,51],[115,63],[34,15],[22,17]],[[23661,8238],[30,3],[83,-2],[1,99],[36,0],[3,-40],[69,1],[1,137],[90,1],[-4,17],[-38,46],[-73,101],[-18,61],[-23,36]],[[24991,8689],[0,-156]],[[24991,8533],[2,-157],[-1,-166],[1,-162],[-4,-162],[-4,-515],[-4,-203],[1,-94],[-5,-159]],[[22326,6909],[0,2]],[[22326,6911],[-1,148],[3,103],[1,221],[2,127],[1,211],[2,156]],[[30721,52607],[-39,-1]],[[30682,52606],[-1,79]],[[30800,52528],[-1,20]],[[30799,52548],[0,40]],[[30799,52548],[-77,-2]],[[30722,52546],[-38,-1]],[[30645,52525],[-117,-3]],[[30645,52525],[1,-60]],[[23661,8238],[12,22],[18,57],[-26,1],[0,64],[-26,0]],[[30684,52525],[1,-60],[-39,0]],[[30724,52446],[-2,100]],[[27936,59949],[3,86],[-1,114]],[[27938,60149],[0,175],[1,65]],[[27941,60706],[174,0],[155,-2],[470,-8],[158,-4]],[[28889,60135],[-2,-45],[-1,-274]],[[28886,59816],[-156,2]],[[28730,59818],[-270,5]],[[28380,59824],[-61,4],[-47,-3],[-162,3],[-175,2]],[[30877,53570],[2,-80]],[[30879,53490],[-16,0]],[[30879,53490],[34,1]],[[30915,53410],[-53,-1]],[[31259,52698],[0,79]],[[12838,16057],[-5,16],[-27,24],[-4,19],[-22,16],[-1,40],[-16,18],[-7,25],[-62,6],[1,-23],[-34,8],[-73,55],[-32,48],[-26,51]],[[31738,48513],[-4,-641],[0,-318]],[[28138,50860],[-4,160],[38,2],[-4,159],[-38,0],[-3,159]],[[27239,49902],[-18,-30],[-33,-32],[-16,-40],[-16,-23],[-55,-33],[-42,-9],[-31,-16],[-23,-29],[-39,-38],[-32,-40],[-74,-57]],[[27582,52458],[6,-14],[5,-80],[53,2]],[[27648,52286],[-186,-6]],[[27376,52922],[13,-70],[17,-67]],[[27406,52785],[-14,2],[-131,-14],[-9,-34],[-35,7],[-18,20]],[[27514,52919],[5,-141],[-6,-36],[4,-55]],[[27447,52639],[-26,86],[-15,60]],[[26938,52790],[6,-129],[-33,-23],[-46,-1],[0,-10],[-27,-41]],[[26795,52617],[-3,4]],[[26099,52325],[8,79],[2,59]],[[26326,52556],[131,58],[15,12]],[[26472,52626],[10,-28],[-1,-53],[24,-22],[69,-1],[50,-8],[11,-20]],[[25881,52482],[30,14],[42,73],[16,17],[31,3],[20,-7],[40,2],[50,-16]],[[26109,52544],[-40,-2],[-26,-22],[-19,0],[-25,-14],[1,-36],[-33,-64],[-1,-10]],[[25966,52396],[-37,-25],[-48,-46]],[[26099,52325],[-50,0],[-8,35],[-21,-7],[-12,15],[-42,10],[0,18]],[[29066,54975],[-1,20],[49,66],[-4,27]],[[29934,15714],[-36,-61],[-67,-98],[-32,-57],[-45,-62],[-42,-52],[-34,-26],[-42,-14],[-41,-6],[-65,-22],[-20,-11],[-39,-57],[-23,-46],[-49,-50],[-27,-36]],[[29372,15116],[-3,23],[9,37],[-2,51],[42,40],[0,47],[-8,3],[-20,45],[-9,39],[-29,-21],[-59,-1],[3,85],[8,14],[2,62],[12,74],[2,110],[21,0],[1,81]],[[28327,17580],[337,-3],[0,2]],[[30740,17558],[-9,-35],[1,-19],[19,-61],[-15,-28],[-82,-42],[-25,-15],[-24,-25],[-12,-27],[10,-46],[60,-94],[14,-64],[26,-55],[63,-56],[23,-30],[-3,-52],[-21,-34],[-32,-31],[-27,-14],[-30,-2],[-39,18],[-42,42],[-21,2],[-15,-18],[-33,-80],[-31,-42],[-29,-31],[-57,-42],[-36,-21],[-131,-68],[-46,-5],[-118,7],[-42,-10],[-37,-21],[-43,-64],[-31,-61]],[[29372,15116],[-6,-16],[-15,-77],[-53,-139],[-6,-58],[1,-43],[12,-82],[8,-28],[-1,-69],[-5,-29],[-19,-67],[-20,-56],[-36,-59],[-39,-38],[-42,-17],[-43,4],[-25,13],[-27,38],[-19,65],[-6,43],[11,59],[24,51],[11,34],[-5,52],[-25,32],[-24,14],[-26,2],[-41,-25],[-21,-23],[-20,-45],[-16,-78],[-19,-46],[-10,-60],[-14,-23],[-51,-34],[-25,-25],[-47,-74],[-25,-35],[-34,-17],[-24,3],[-28,19],[-13,30],[0,34],[12,38],[45,84],[28,44],[4,31],[-27,41],[-40,20],[-39,0],[-29,-8],[-55,-23],[-23,-15],[-20,-30],[-12,-54],[0,-33],[-9,-33],[-19,-23],[-55,-23],[-15,-16],[-8,-23],[0,-36],[26,-70],[54,-42],[-7,-28],[-25,-27],[-63,-25],[-28,-33],[-11,-37],[8,-59],[-3,-25],[-15,-21],[-24,-9],[-35,5],[-21,21],[2,52],[-18,40],[-77,104],[-22,16],[-26,-11]],[[27712,54723],[-1,-208]],[[27711,54515],[-80,14]],[[27631,54529],[3,225]],[[27318,54362],[81,7],[76,-1]],[[27475,54368],[-11,-160]],[[27314,54201],[4,18],[0,143]],[[27882,54495],[-17,47],[-19,8],[4,17],[0,76]],[[28232,54435],[2,-50]],[[28234,54385],[-22,7],[-44,-1],[13,-32],[-124,-3],[-1,32]],[[11071,19117],[-64,-2],[-63,70],[-38,-42],[-11,12]],[[10305,51663],[0,-33],[-53,18],[-69,5],[-186,-2],[-140,-3],[-12,14],[-4,51],[-26,16],[-201,-3],[-85,2],[-35,-34],[-18,-26],[-29,-54],[-25,-33],[-57,2]],[[9365,51583],[17,164],[34,48],[82,63],[21,22],[21,34],[13,53],[3,55],[-5,54],[-33,97],[-2,48],[12,66],[5,62],[23,61],[21,38],[58,73],[104,104],[34,31],[15,23],[39,32],[71,32],[40,14],[48,42],[80,49],[49,35]],[[10665,51286],[-129,-104],[-35,-49],[-10,-36],[-1,-32],[15,-100],[-121,-126],[-15,-62],[-26,-58],[-39,-62],[-39,-41],[-28,-13],[-49,-6],[-91,-17],[-64,-20],[-78,-3],[-30,-12],[-58,-71],[-14,-52],[-12,-6],[-123,-7],[-24,-13],[-54,-40],[-69,-28],[-6,26],[-1,43],[-8,24],[-34,44],[-7,17],[0,148],[-5,18],[-41,69],[-41,38],[-10,16],[-3,42],[-40,6],[-20,-11],[7,-49],[-10,-33],[-22,-27],[-87,2]],[[9243,50701],[70,38],[13,30],[16,88],[-12,173],[1,23],[-8,77],[0,44],[-7,117],[-4,30],[-1,67],[5,25],[41,134],[8,36]],[[9142,50648],[101,53]],[[10568,50703],[44,-65],[7,-57],[-12,-72],[-33,-120]],[[8664,49778],[19,-5],[35,-32],[19,-5],[-1,122],[-4,31],[81,-22]],[[24736,15535],[143,1],[12,-3],[143,-1],[-1,-46],[100,0],[17,-6],[0,30],[24,26],[39,2],[2,24],[142,0]],[[25357,15562],[24,-57],[20,-32],[17,-57],[-1,-14],[-26,0],[-1,-157],[-162,-2],[7,-40],[-207,1]],[[25028,15204],[0,53],[-93,0],[-55,-4],[3,126],[-144,-3],[-7,9],[-37,0],[40,88],[1,62]],[[25067,17932],[-5,-315],[-147,-1],[-3,-154],[1,-20],[-7,-624],[144,-4],[4,-5],[-4,-315],[-5,-323],[-9,-450]],[[25036,15721],[0,-29],[-112,1],[2,81],[-184,3],[-6,-242]],[[24736,15535],[-526,10],[-359,14],[-235,6],[-183,7],[-145,7],[-453,-6],[-18,3],[-13,21],[2,137],[-408,-6]],[[25028,15204],[-2,-191],[-2,-122],[-2,-401],[-4,-368]],[[25944,17902],[107,0],[144,-10],[147,-2],[110,0],[53,-2],[97,0],[184,-3],[4,-318]],[[25357,15562],[37,0],[0,158],[-72,1],[1,79],[-145,1],[2,80],[-73,0],[-4,-159],[-67,-1]],[[25739,18703],[178,-7],[269,0],[2,161],[148,-2],[0,-161],[140,-1],[85,-3],[218,-1],[9,24],[-22,12],[13,33],[0,18],[16,25],[-32,23],[-10,65],[2,18],[22,20],[-4,13],[29,42],[9,27],[1,93],[127,43],[33,9],[52,6]],[[27024,19160],[9,-10],[37,1],[0,23],[110,2],[12,-12],[0,-27],[26,0],[-1,27],[39,-46],[-39,0],[0,-21],[37,1],[1,-79],[13,10],[23,0],[-4,49],[4,59],[-10,0],[0,39]],[[27281,19176],[19,-10],[36,6],[10,8],[90,3],[1,40],[36,1],[0,49],[49,44],[0,41],[-14,-1]],[[27508,19357],[2,119]],[[27510,19476],[0,41],[42,0],[113,7],[113,0],[0,324],[417,-2],[198,0],[201,-1],[100,0]],[[28397,20656],[301,0]],[[27510,19476],[-37,10],[0,55],[37,1],[0,15],[-37,-1],[0,80],[-14,-58],[-23,-6],[-74,-2],[0,-18],[-75,-3],[1,-26],[-19,-9]],[[27269,19514],[-43,3],[-36,-5],[0,33],[24,1],[0,19],[-38,-1],[1,-53],[-60,-1],[-32,-8],[6,-30],[2,-48],[-22,-18],[-1,-18],[22,-6],[48,0],[2,-38],[-24,-1],[6,-43],[-1,-50],[21,5],[0,-69],[-112,-2],[-8,-24]],[[27508,19357],[-221,-9]],[[27287,19348],[0,161],[-18,5]],[[27287,19348],[-6,0],[0,-172]],[[26328,52830],[-1,-87]],[[26114,52713],[-235,-31]],[[26588,52707],[-106,-24],[0,-32],[-10,-25]],[[21188,59187],[-1,139],[-74,7],[-122,-35],[-13,-35],[-21,0],[0,-80],[-72,1],[78,-160],[225,4]],[[21227,58868],[-336,-5]],[[20891,58863],[-410,-6]],[[20481,58857],[0,426],[-1,53]],[[20477,58459],[166,2],[-1,-159],[316,3],[-1,33],[1,394],[-9,24],[-20,21],[-16,47],[-22,39]],[[21422,58129],[2,76],[-2,106],[-35,1],[-40,9],[-2,-12],[-185,-4],[-49,2]],[[21111,58307],[-32,-2],[-11,-17],[-40,18],[-56,0],[-19,-13],[0,-47],[-24,-13],[-15,1]],[[21111,58307],[12,-29],[-23,-44],[0,-87],[66,1],[67,51],[36,-51],[2,-21]],[[20478,58780],[3,77]],[[28447,54674],[0,-160]],[[28447,54514],[-208,-15],[-9,12]],[[28447,54514],[61,2]],[[28508,54516],[0,-32],[-13,-35],[-1,-29],[-48,-2],[0,-92]],[[28236,54311],[-2,74]],[[28508,54516],[93,-3]],[[28601,54513],[-1,-107]],[[26701,52711],[-32,-8],[3,-32],[-4,-53],[-28,-1],[2,-122]],[[27731,52027],[-1,18]],[[28170,52701],[5,-160]],[[26310,54683],[-88,3],[-188,39],[-70,-2],[-89,3]],[[27475,54749],[-2,-113],[-13,-13]],[[27460,54623],[-21,12],[-22,1],[-23,33],[-70,3]],[[27631,54529],[-106,23],[-69,3]],[[27456,54555],[-2,54],[6,14]],[[27328,54576],[128,-21]],[[27709,54377],[0,-20]],[[27709,54357],[-94,35],[-145,25]],[[27470,54417],[-18,4],[-129,60]],[[28044,53096],[-164,-5]],[[23651,23714],[1,477]],[[23652,24191],[46,0],[325,-3],[0,-260],[-74,2],[-1,-318],[-4,-319]],[[23944,23293],[-97,0],[-2,3],[-163,4]],[[23682,23300],[-77,3],[7,139],[0,61],[38,-1],[0,94],[37,10],[1,93],[-8,13],[-29,2]],[[21552,23252],[151,6],[759,41],[60,1]],[[22522,23300],[3,-163],[15,-53],[7,-10],[0,-312],[31,-14],[5,-15],[-3,-316],[12,-43],[25,-2],[-1,-39],[-161,-2],[-2,-161],[-147,-6],[-3,-160],[149,4],[-7,-643]],[[25096,23290],[-301,-3],[-152,0],[5,159],[-403,-1],[-75,2],[-2,-162],[-224,8]],[[23652,24191],[-177,1]],[[23475,24192],[1,278],[73,0],[1,198]],[[23075,23361],[0,138],[19,30],[24,-3],[52,12],[20,32],[23,20],[78,1],[-1,81],[25,56],[23,21],[-3,20],[23,36],[3,41],[23,52],[10,10]],[[23394,23908],[45,-47],[38,-58],[56,-138],[100,-3],[18,52]],[[23682,23300],[-1,-163],[-76,3],[-1,-131],[7,-30]],[[23611,22979],[-240,5],[0,4],[-238,-5],[-12,-19],[-22,-14],[3,-29],[14,-21],[8,-39],[-15,-21],[-3,-29],[-35,-46],[-15,-7],[-8,-30],[-24,18],[-11,78],[2,117],[29,51],[2,65],[9,55],[18,32],[2,217]],[[23666,21363],[8,640],[-3,15],[-29,42],[-11,30],[-3,42],[5,51],[-1,73],[-4,34],[7,45],[2,159],[0,161],[3,122],[1,133],[-10,35],[-20,34]],[[23475,24192],[-95,0],[-1,-240],[4,-35],[11,-9]],[[23075,23361],[-150,-65],[0,91],[-145,-3],[-3,40],[-65,2],[-27,8],[-20,-22],[-1,-29],[-112,-2],[-3,-79],[-27,-2]],[[25822,55738],[-75,1]],[[25481,52440],[84,-11],[5,46],[102,2]],[[19653,5180],[88,-11],[17,-4],[138,-72],[23,-15],[34,-38],[25,-10],[275,-6],[143,-41],[12,13],[27,4],[-1,21],[25,18],[10,19],[6,36],[-16,17],[12,18],[-10,23],[7,12],[-5,39],[10,10],[45,12],[25,15],[61,8]],[[20604,5248],[3,-14],[26,-21],[3,-19],[55,-20],[3,-26],[81,0],[8,-6],[-1,-66],[6,-40],[32,0],[0,38],[39,-9],[-1,-39],[101,-1],[15,20],[30,-65],[28,-92],[82,-16],[40,-15],[132,-28],[131,-6],[102,6],[82,17],[38,-9],[42,-39]],[[22047,4626],[91,-21],[59,5],[55,-2],[34,12],[23,-1]],[[19757,38415],[49,40],[51,34],[56,3]],[[27225,10124],[30,-33],[39,-34],[47,-71],[30,-91],[19,-44],[31,-97],[27,-53],[45,-49],[47,-26],[32,-12],[107,-28],[37,-16],[25,-29],[18,-54],[-3,-28],[-18,-44],[-35,-30],[-86,-31],[-113,10],[-45,15],[-32,20],[-50,38],[-32,18],[-23,2],[-38,-17],[-35,-41],[-12,-27],[-1,-25],[13,-46],[39,-39],[16,-25],[47,-62]],[[27351,9175],[-149,0],[-9,-16],[-19,-63],[-3,-31],[6,-98],[-25,-28],[-29,-11],[-33,38],[-10,5],[-143,3],[-161,4],[13,-120],[-361,5],[1,39],[-72,1],[-2,-79],[10,-21],[-31,-31],[-88,0],[-3,-38],[-55,-9],[-44,-24],[-4,-15],[-137,0],[-8,-2],[-3,-79],[-114,1],[-1,-213],[-46,40],[-16,9],[-148,38],[-42,6],[-194,9],[-79,6],[-104,-1],[-30,4],[-57,29],[-40,7],[-43,-5],[-87,-2]],[[20501,6883],[0,-36],[-37,-63],[-18,-20],[-18,-37],[-4,-23],[-72,-3],[4,-22],[-13,-12],[6,-29],[14,-27],[-10,-12],[236,-374],[15,-26],[188,-336],[23,-53],[9,-32],[11,-61],[-23,0],[4,-31],[-1,-113],[4,-121],[-33,0],[-6,21],[-108,-2],[0,-77],[-6,-4],[-89,-1],[-3,-48],[15,-13],[8,-58],[7,-22]],[[21007,6886],[123,2],[175,4],[142,35],[204,-1],[216,-2],[53,-2],[277,-6],[129,-5]],[[27708,54217],[1,140]],[[27475,54368],[-5,49]],[[27351,9175],[53,-39],[30,-13],[37,0],[20,7],[42,26],[29,25],[40,25],[47,18],[35,-2],[37,-24],[18,-32],[4,-58],[-33,-30],[-33,-58],[-16,-62],[-23,-167],[-27,-79],[-36,-89],[-27,-45],[-34,-40],[-9,-28],[-42,-62],[-51,-59],[-41,-15],[-26,-22],[-42,-11],[-58,-37],[-53,-43],[-28,-38],[-20,-12],[-107,-51],[-28,-18],[-38,-44],[-29,-59],[-27,-49],[-16,-60],[-25,-32],[-63,-67],[-43,-68],[-19,-39],[-12,-38],[-28,-51],[-16,-60],[-2,-59],[11,-58],[2,-75],[4,-58],[8,-40],[28,-94],[57,-148],[34,-84],[11,-43],[-7,-23],[-6,-51],[12,-85],[35,-87],[17,-29]],[[25105,52861],[2,-188]],[[25182,52862],[0,-120]],[[27932,57913],[1,-130],[-2,-348]],[[27931,57435],[-110,-1],[-316,2]],[[27505,57436],[-3,132],[3,105],[-40,3]],[[27465,57676],[-31,7],[23,31],[69,132],[35,39],[-17,27]],[[27466,57096],[2,18],[24,40],[14,41],[-1,33],[0,208]],[[27931,57435],[-1,-158],[1,-321]],[[27466,56958],[0,138]],[[27465,57676],[-20,-36],[-48,-53],[-13,8],[-35,1],[-47,-6],[-1,58],[-37,-12],[-34,-19],[-32,0],[-4,-20],[-117,1],[-70,2]],[[27505,57436],[-118,1]],[[27387,57437],[-146,1],[-37,-23],[-4,-38],[-34,-18],[-51,0]],[[27115,57359],[-111,2]],[[28204,57717],[-11,-35],[-90,-4],[-60,9],[-30,-7],[1,-71],[30,-66],[7,-38],[0,-70]],[[28051,57435],[-2,0]],[[28049,57435],[-118,0]],[[28322,57418],[-74,3],[-31,13],[-166,1]],[[29187,59324],[44,17],[41,1]],[[29272,59342],[5,-61],[-1,-62]],[[29276,59219],[-35,0],[0,29],[-39,3],[-9,23]],[[29193,59274],[-19,0],[13,50]],[[29779,56942],[-137,1]],[[30329,49602],[2,-73],[-2,-87]],[[30560,49488],[-23,0],[-54,30],[-31,11],[-47,32]],[[30674,55008],[-68,-2]],[[30458,52201],[0,-40],[-82,-1],[5,-40],[-117,-3]],[[30182,52277],[-135,-5],[-1,20],[-19,0]],[[30027,52292],[0,59]],[[30027,52292],[4,-158]],[[30031,52134],[1,-22]],[[30032,52112],[-68,-2]],[[29964,52110],[-3,120]],[[29961,52230],[-1,40],[-18,0],[-2,78]],[[30719,50403],[39,-204]],[[30758,50199],[-24,0]],[[30824,50404],[0,-85],[39,0],[1,-119]],[[30864,50200],[-106,-1]],[[31053,50405],[2,-180],[-14,-52],[-82,-172]],[[30959,50001],[-14,0],[0,81],[-80,-2]],[[30865,50080],[-1,120]],[[27387,57437],[12,-39],[-10,-42],[0,-43],[-6,-31],[-59,7],[23,-53]],[[27347,57236],[-26,24],[-49,26]],[[27272,57286],[-113,40],[-44,33]],[[27466,57096],[-39,22],[-14,14],[-47,79],[-19,25]],[[27272,57286],[0,-88],[-20,1],[-11,-28],[2,-33],[12,-12],[2,-26],[-34,-4],[-2,-17],[15,-77],[-4,-42]],[[29776,53669],[1,-39]],[[29777,53630],[-49,-1]],[[29728,53629],[-1,79]],[[29727,53708],[-2,81]],[[29885,53632],[-39,-1]],[[29846,53631],[-69,-1]],[[30185,52156],[-39,-1],[1,-20],[-116,-1]],[[29794,52267],[78,1],[0,79]],[[29961,52230],[-116,-3],[-19,-13],[-17,-27]],[[29809,52187],[-13,0],[-2,80]],[[29794,52267],[-39,0],[1,-40],[-39,-1]],[[29809,52187],[6,0],[3,-79]],[[29818,52108],[0,-2]],[[29964,52110],[-146,-2]],[[30799,50000],[29,0],[-1,80],[38,0]],[[29846,53631],[1,-81],[-39,-1],[-9,-39],[-20,-1]],[[29779,53509],[-2,121]],[[30032,52112],[1,-38]],[[30033,52074],[1,-42]],[[30187,52076],[-87,-2],[-41,-4],[-26,4]],[[29779,53509],[-9,-1]],[[29770,53508],[-39,0]],[[29731,53508],[-2,80]],[[29729,53588],[-1,41]],[[29925,53562],[1,-43]],[[29926,53519],[-78,-38]],[[29848,53481],[-24,-12],[-34,0]],[[29790,53469],[-20,-1],[0,40]],[[29928,53391],[-2,128]],[[29928,53391],[-78,-1],[-2,91]],[[29794,53308],[-4,161]],[[30045,51740],[60,-68],[59,-38],[36,1]],[[29735,53307],[-2,118]],[[29733,53425],[-2,83]],[[29727,53708],[-98,-2]],[[29589,53706],[0,-21]],[[29589,53685],[3,-60],[39,1]],[[29631,53626],[1,-80]],[[29632,53546],[-78,-2],[-22,-24]],[[29589,53685],[99,2],[1,-59]],[[29689,53628],[-58,-2]],[[29728,53629],[-39,-1]],[[29729,53588],[-39,-1],[1,-40],[-39,-1]],[[29652,53546],[-20,0]],[[29736,51543],[222,6]],[[29741,51384],[-5,159]],[[29583,51700],[63,-6],[3,-106],[4,-47],[83,2]],[[22583,1810],[-40,25],[-90,42],[-68,15],[-41,-11],[-11,12],[-79,-19],[-41,3],[-32,10],[-69,35],[-38,29]],[[28880,58861],[232,-1]],[[29112,58860],[-1,-123]],[[28950,58660],[-71,2]],[[29186,58499],[0,-190],[17,-89]],[[29397,58613],[-15,-106],[27,-215],[14,-65]],[[29185,52169],[77,2]],[[29262,52171],[154,4]],[[29733,53425],[-58,-28]],[[29675,53397],[-2,59],[-58,-18]],[[29615,53438],[-1,67],[39,1],[-1,40]],[[29615,53438],[-38,-12],[-3,78],[-42,0]],[[29675,53397],[-138,-66]],[[29334,52333],[2,-80],[-76,-2],[2,-80]],[[29521,53945],[-78,-2]],[[29204,54137],[-49,-2],[-2,41]],[[29153,54176],[-2,82]],[[30135,51151],[1,-40],[79,1]],[[30320,51232],[-105,-120]],[[13537,24056],[-1,163]],[[13536,24219],[517,10],[11,-38],[28,22],[35,16],[26,4],[277,-2]],[[13846,22286],[4,3],[-2,274],[-35,-7],[0,32],[-31,0],[1,-60],[-72,3],[-1,47],[-35,37]],[[13675,22615],[-28,27],[-23,48],[-16,87],[-10,21],[-23,27],[-8,34],[5,66],[-6,75],[-2,51],[-17,58],[-4,380],[-36,0],[-1,78]],[[13959,28049],[-26,-163],[-5,-37],[31,2],[-14,-85],[29,-7],[3,-29],[72,2],[3,-161],[-225,-3],[-1,67],[-115,301],[-23,32],[-20,0],[1,66],[5,15]],[[12790,25629],[177,8],[96,6],[-14,-30],[-1,-169],[45,2],[4,-19],[19,-27],[30,19],[7,-22],[0,-37],[15,0],[0,-27],[-47,5],[-18,15],[-19,-32],[1,-73],[-54,-1],[-18,-30],[-27,-17],[-43,-1],[-21,-52],[-16,-13],[-2,-60],[-110,-3]],[[13618,22286],[-6,133],[-7,188],[52,-2],[18,10]],[[12581,24044],[-2,-81],[-34,0],[-8,-71],[-29,-54],[-1,-109],[149,-8],[1,-165],[2,-782],[2,-238],[1,-247]],[[11457,22286],[17,29],[1,177],[5,18],[25,29],[7,19],[-1,287],[90,0],[93,4],[-1,243],[74,8],[-1,167],[0,319],[51,-5],[25,67],[-1,29],[10,44],[14,10],[9,32],[-6,15],[20,38],[-2,34],[-19,35],[2,13],[29,29],[146,77],[18,11],[0,41]],[[12909,24244],[0,-41],[168,4],[160,3],[299,9]],[[13088,27084],[0,-160],[152,2],[298,0],[1,4],[155,0],[137,-2],[159,0],[148,1],[147,-1],[146,3]],[[12715,26122],[4,78],[37,2],[-3,435],[-4,18],[-30,72],[-4,83],[-20,29],[-38,7],[-16,33],[-2,201],[206,3],[243,1]],[[13088,27084],[20,0],[0,73],[19,13],[-1,234],[36,0],[-3,325],[-2,316]],[[29153,54176],[-47,-2]],[[29106,54174],[-59,-1]],[[29106,54174],[2,-111]],[[28863,54171],[9,34],[9,0],[-5,47]],[[27010,59514],[223,-1]],[[27252,59431],[-170,3],[8,-76]],[[27090,59358],[0,-43],[-11,-41]],[[27079,59274],[-2,-13]],[[27077,59261],[-67,25]],[[27010,59286],[0,228]],[[26303,34491],[2,-40],[29,0]],[[26334,34451],[1,-79]],[[26297,34371],[-63,-1]],[[26233,34472],[0,59]],[[26146,34396],[55,1]],[[26301,33891],[-232,-2]],[[28579,59062],[68,8]],[[28647,59070],[99,12],[-2,28],[2,110],[135,-1]],[[28881,59219],[0,-122]],[[28881,59097],[-1,-77]],[[28880,59020],[0,-159]],[[28700,58864],[-23,48],[-98,150]],[[28730,59818],[-4,-313]],[[28726,59505],[-156,3]],[[28775,54178],[-76,24],[-2,44]],[[30400,50402],[-1,160]],[[30246,50401],[-1,160]],[[31624,51359],[16,3],[107,1]],[[31747,51363],[0,-159]],[[29112,58860],[108,-1]],[[29220,58859],[53,0]],[[29201,60367],[27,3],[7,-39],[36,7],[16,-8]],[[29287,60170],[-87,0]],[[29200,60170],[1,197]],[[29123,60171],[77,-1]],[[29200,60170],[-1,-117],[11,-1]],[[29210,60052],[-12,-23],[-4,-34],[-1,-91],[5,-15],[0,-75]],[[29198,59814],[-4,1]],[[29194,59815],[-154,0]],[[29040,59815],[-16,2],[-138,-1]],[[29210,60052],[144,0],[0,21],[26,-5],[0,24],[13,13]],[[29592,60125],[-17,-92],[1,-200],[3,-20]],[[29579,59813],[-57,2],[-168,1],[-156,-2]],[[27195,52043],[4,-177]],[[27419,52164],[0,-73]],[[27420,52035],[3,-80]],[[27269,51949],[-2,105]],[[29186,59396],[1,-72]],[[29193,59274],[0,-54]],[[29193,59220],[-79,0]],[[29114,59220],[1,117],[-77,0]],[[29038,59337],[0,51]],[[29273,59415],[-1,-73]],[[29366,59495],[98,-2],[102,1]],[[29566,59494],[-2,-18],[-51,-129],[-35,-123],[-45,-36]],[[29433,59188],[-90,5],[-22,11],[-33,0]],[[29288,59204],[-12,15]],[[28881,59219],[73,-1],[39,-4],[121,6]],[[29114,59220],[0,-98]],[[29114,59122],[-146,-17],[-87,-8]],[[29114,59122],[0,-62]],[[29114,59060],[-1,-121]],[[29113,58939],[-77,1],[0,79],[-156,1]],[[29113,58939],[-1,-79]],[[29191,59018],[78,0]],[[29269,59018],[75,-1],[-1,-38],[-12,-36],[-23,-43],[-2,-22]],[[29220,58859],[2,80],[-31,0]],[[29191,58939],[0,79]],[[29113,58939],[78,0]],[[27581,52039],[5,-16],[0,-63]],[[27586,51960],[-163,-5]],[[27731,52027],[-146,-104]],[[27585,51923],[1,37]],[[27585,51923],[-160,-114]],[[27159,50188],[-190,-6]],[[19938,59008],[101,-10],[72,13],[99,2],[79,30],[-2,-189],[194,3]],[[19671,60720],[390,-2]],[[20044,60448],[-194,-4],[-159,-5]],[[19773,58637],[34,15],[26,1],[32,14],[13,24],[25,1],[16,11],[25,-8],[31,-2],[35,14]],[[27159,50188],[2,-59]],[[26379,60708],[459,5],[142,0]],[[26980,60713],[-4,-40],[8,-18],[-10,-20],[-79,-28],[-23,-67],[6,-10]],[[26980,60713],[236,1]],[[27204,60512],[-59,-1],[-10,-11]],[[27135,60500],[-25,3],[-32,17],[-21,4],[-38,-14],[-34,7],[-56,2],[-26,14],[-25,-3]],[[29945,41861],[-5,-14],[-27,-5],[-3,-25],[17,-17],[30,12],[48,1],[28,-28],[163,3],[2,-48],[11,-8],[180,4],[-1,73]],[[30388,41809],[274,-12],[83,7],[122,4],[-2,56],[8,25],[182,4],[95,5],[-3,160],[154,5],[3,-80],[152,4],[224,8],[7,10],[53,-1]],[[31740,42004],[-1,-188],[0,-380],[-1,-241],[0,-321]],[[31738,40874],[-64,-2],[-305,-12],[-488,-14],[-333,-9],[-618,-18],[-9,-4]],[[29921,40815],[-8,3],[-66,-2],[-5,191],[-20,611],[-152,-5]],[[29670,41613],[-2,81],[73,1],[1,41],[73,2],[-1,38],[102,78],[29,7]],[[26936,43126],[145,6],[301,7],[167,7],[143,3],[155,4],[44,-2],[70,4],[306,13],[30,5],[79,2],[8,-3],[129,7],[294,12],[82,5],[141,3],[364,11],[103,2],[301,10]],[[29798,43222],[3,-269],[3,-211],[23,0],[7,-64],[7,-100],[7,0],[0,-183],[3,-141],[0,-130],[39,-3],[3,-100],[108,2],[-4,-14]],[[29997,42009],[-34,-10],[-24,-16],[-1,-52],[19,-37],[-24,-13],[12,-20]],[[29670,41613],[-99,-3],[-209,-9],[-143,-4],[-160,-7],[-153,-2]],[[28906,41588],[-5,157],[-3,165],[-228,-10],[3,53],[10,19],[23,12],[35,29],[13,22],[7,30],[-203,-11],[-118,-4],[-409,-13],[-43,1],[-22,-5],[-84,-9],[-154,-7],[-307,-6],[-195,-5],[-265,-5]],[[28568,40776],[366,11],[-15,411],[-4,69],[0,75],[-9,246]],[[29921,40815],[-4,-12],[20,-685],[-36,0],[4,-153],[-19,-14],[-5,-68],[26,-4],[4,-28],[35,-4],[6,-238],[7,-4],[9,-476],[-128,-2],[9,-471]],[[27943,38661],[1,135],[-4,300],[68,0],[-8,315],[-6,159],[357,6],[256,2],[-11,362],[-3,139],[-25,697]],[[29997,42009],[16,-7],[-14,-56],[28,-24],[29,-10],[23,5],[3,27],[-36,13],[29,32],[67,24],[-6,39],[23,22],[41,-10],[19,-43],[24,50],[21,-15],[18,-45],[28,-7],[0,-50],[38,1],[39,-24],[1,-122]],[[28568,40776],[-90,-4],[-11,320],[-242,-10],[-92,33],[-22,3],[-62,-2],[3,-120],[-117,-5],[-188,-7],[-5,174],[2,29],[24,50],[111,131],[20,31],[13,37],[5,33],[-1,79],[-73,-5],[-134,-1],[-434,-13],[-152,-3],[-152,-5]],[[31738,44393],[-1,-97],[2,-291],[0,-259],[-1,-152],[2,-475],[-4,-3],[4,-149],[0,-171],[2,-317],[0,-208],[-2,-267]],[[29798,43222],[2,4],[154,1],[-2,375],[-3,219],[-2,44],[-2,479]],[[31738,40874],[-1,-125],[1,-290],[1,-499],[-2,-396],[-1,-543],[2,-172],[-1,-160]],[[14275,30512],[-2,103],[38,0],[0,39]],[[15667,31120],[-243,-1],[-14,6],[-16,41],[-61,-36],[-37,-15],[-30,-2]],[[15285,31395],[-2,45]],[[26974,34617],[1,-161]],[[26975,34456],[-304,-2]],[[26671,34454],[-337,-3]],[[27304,50192],[-68,-1],[1,-59]],[[27290,50123],[-11,-37],[-1,-50],[-6,-21]],[[29114,59060],[38,24],[34,29],[14,5]],[[29200,59118],[1,-63],[-10,-37]],[[28882,59339],[156,-2]],[[28881,59219],[1,120]],[[27388,50131],[-1,-79],[-5,-10]],[[27382,50042],[3,-61]],[[27385,49981],[-47,-1],[-19,5],[-53,-1]],[[27382,50042],[70,6]],[[27452,50048],[135,14]],[[27587,50062],[-2,-27],[-12,-5],[2,-110],[3,-2]],[[27578,49918],[-62,-2],[-47,5],[-84,-4]],[[27385,49917],[-2,20],[30,23],[2,22],[-30,-1]],[[27385,49917],[-72,-13]],[[27313,49904],[-42,-8],[-32,6]],[[27746,51328],[-259,-9]],[[27313,49904],[7,-25],[2,-79],[46,2],[24,-16],[64,-31],[42,-28],[285,9]],[[27677,50102],[-62,-31],[-28,-9]],[[27452,50048],[4,7],[-1,67],[39,4],[16,11],[30,45],[-11,25]],[[27746,51328],[3,-160],[2,-50],[2,-145],[4,-125]],[[27778,49924],[-200,-6]],[[26620,59319],[69,0],[38,22],[13,-27],[34,6],[112,0],[63,-13],[61,-21]],[[27010,59286],[0,-59],[-3,-350]],[[27468,60153],[314,-3],[156,-1]],[[28086,56956],[1,222]],[[28885,59576],[155,-1]],[[29040,59575],[-2,-159]],[[28882,59339],[1,189],[2,48]],[[29426,60682],[107,-2],[47,-7]],[[29580,60673],[25,-107],[7,-59],[4,-136],[-4,-162]],[[29201,60367],[-6,3],[-71,1]],[[29200,59118],[1,14]],[[29201,59132],[15,2],[53,24]],[[29269,59158],[0,-140]],[[28371,59509],[15,-55]],[[28386,59454],[-94,38],[-34,9]],[[27240,60152],[5,29],[-10,133],[-121,-2],[1,67],[12,53],[8,68]],[[26850,59835],[0,-162],[78,0]],[[26928,59673],[-1,-20],[-14,-30],[-40,-25],[-91,0],[-39,10],[-24,-29],[-16,-53],[-10,-16],[-44,-33],[-29,-72],[0,-24]],[[31699,35159],[-4,-299]],[[28055,59149],[0,-50],[-7,-20],[10,-14],[36,-13],[-4,-45],[48,1]],[[28138,59008],[0,-138]],[[29579,59813],[2,-20],[-3,-190],[-12,-109]],[[29202,59654],[-8,0],[0,161]],[[29040,59575],[78,0]],[[29040,59815],[3,-38],[-3,-202]],[[28885,59576],[-1,76],[2,164]],[[29269,59158],[19,16],[0,30]],[[29433,59188],[-28,-28],[-15,-48],[-2,-148],[8,-83]],[[29201,59132],[1,87],[-9,1]],[[26928,59673],[80,1],[2,-160]],[[22530,55215],[12,72],[33,83],[6,67],[77,1],[23,15],[31,64],[63,103],[19,5],[85,-28],[27,-3],[24,10],[51,33],[39,38],[23,14],[133,34]],[[27251,59352],[-50,1],[-13,5],[-98,0]],[[27251,59272],[-57,1],[0,30],[-38,-20],[0,-10],[-77,1]],[[27077,59261],[55,-32],[48,-43],[51,-34],[8,-12],[69,-29]],[[27308,59111],[35,-13],[67,-36],[17,-4]],[[27518,59027],[23,-15],[-1,-142]],[[27251,59272],[-6,-54],[35,2],[31,-10],[-3,-99]],[[31750,51881],[-1,-266],[0,-192],[-2,-60]],[[18227,8963],[30,15],[14,22],[7,34],[2,46],[25,65],[32,23],[16,53],[-3,20],[-16,24],[-1,32],[22,43],[20,14],[52,-26],[19,13],[13,-5],[16,-25],[21,0],[22,15],[53,13],[15,-4],[13,-22],[2,-47],[-21,-23],[28,-17],[3,-13],[-18,-19],[4,-26],[41,-40],[31,5],[6,20],[54,32],[22,32],[12,-23],[15,12],[9,25],[13,7]],[[15854,6613],[2,75],[12,42],[26,19],[20,3],[35,-7],[39,-16],[85,-28],[39,2],[38,12],[26,17],[28,32],[12,48],[-4,58],[-15,37],[-19,32],[-56,81],[-74,77],[-23,38],[-52,60],[-32,73],[-40,52],[-17,52],[15,48],[0,58],[-8,58],[6,130],[17,95],[15,48],[1,50],[-18,48],[-20,32],[-41,40],[-31,22],[-45,21],[-57,8],[-79,22],[-65,23],[-80,22],[-54,21],[-78,46],[-21,28],[-23,51],[-18,29],[-5,26],[-16,24],[-12,39],[-27,35],[-81,58],[-29,4],[-26,30],[-2,60],[-17,18],[-65,-9],[-56,-36],[-23,4],[-83,-1],[-23,-6],[-25,6],[-59,24],[-26,20],[-18,23],[-18,89],[11,44],[19,47],[23,79],[8,59],[-1,57],[-8,21],[-21,29],[-26,62],[-19,38],[-37,36]],[[28256,59147],[0,-132],[-51,-7],[-67,0]],[[28048,57275],[1,160]],[[28882,59339],[-157,4]],[[28725,59343],[1,162]],[[28725,59343],[-46,1]],[[28679,59344],[-78,4],[-77,49],[-138,57]],[[28679,59344],[17,-117],[-49,0],[0,-157]],[[28579,59062],[-106,157],[-16,33],[-71,202]],[[28390,23054],[71,15],[1,-40],[70,16],[0,40],[146,3],[1,-82],[160,0],[87,68],[27,28],[32,-1],[5,-14],[72,1],[267,-4],[105,0],[2,-242],[-38,-1],[1,-242],[184,2],[0,6],[153,2]],[[29736,22609],[4,-247],[93,2]],[[29833,22364],[1,-42],[20,1],[2,-40],[110,1],[14,-9],[-10,-30],[1,-47],[74,1],[1,-57]],[[30046,22142],[-1,-25],[-149,-1],[1,-195]],[[29897,21921],[1,-129],[-77,-2],[-175,-1],[-59,1],[-283,-1],[-158,-2],[0,81],[-152,-2],[-457,2],[-137,2]],[[29833,22364],[317,5]],[[30150,22369],[5,-29],[-38,-1],[7,-44],[53,-96],[-10,-11],[-38,1],[-8,-10],[1,-38],[-76,1]],[[29736,22609],[219,-79],[35,-3],[9,24],[68,0],[0,-20],[26,0],[-17,24],[-45,23],[30,6],[8,17],[18,4],[14,-38],[30,7],[0,16],[26,0],[-1,-57],[36,16]],[[30192,22549],[-14,-29],[-53,-85],[24,0],[1,-66]],[[30921,24034],[10,-24],[-17,-22],[-37,1],[-25,37],[-37,3],[-17,-24],[-59,-47],[-13,-29],[1,-44],[-40,-61],[-4,-27],[28,-41],[29,-16],[36,-7],[31,-17],[6,-19],[2,-40],[31,3],[25,-13],[1,-25],[-20,-34],[-27,-18],[1,-10],[-82,22],[-30,-44],[1,-36],[15,-25],[29,-23],[36,-4],[48,16],[47,-10],[61,-8],[53,1],[21,-11],[14,-25],[-3,-36],[-9,-22],[-39,-46],[-6,-29],[7,-26],[34,-44],[33,-14],[86,1],[37,-19],[14,-18],[18,-41],[20,-22]],[[31231,23097],[-169,5],[-163,2],[-138,5],[-283,8],[-1,-47],[-9,-44],[-6,-51],[-270,-426]],[[29897,21921],[13,-8],[186,2],[4,20],[188,1],[-1,41],[189,1],[0,-155],[364,-1],[209,-2],[299,0],[0,21],[86,0],[9,-32],[68,-1],[3,-78],[24,-15],[67,1],[1,-39],[93,-1],[0,-142],[104,-3]],[[31803,21531],[-6,-21],[2,-33],[-5,-25],[-27,-13],[-18,3],[-23,-27],[13,-67],[-15,-43],[10,-31],[19,-13],[43,7],[17,-19],[-10,-15],[-51,-4],[-36,-9],[-32,0],[-29,-66],[17,-35],[1,-22],[-13,-37],[-13,28],[-12,72],[-20,3],[-20,-14],[-8,-40],[7,-27],[48,-35],[26,-57],[0,-19],[-15,-16],[-66,-8],[-15,-8],[-5,-38],[14,-28],[21,-22],[5,-29],[-13,-21],[-29,0],[-24,13],[-20,-14],[11,-33],[94,-62],[24,-12],[48,-12]],[[31231,23097],[50,-47],[53,-86],[35,-32],[5,-50],[-3,-23],[-19,-40],[-44,-55],[0,-28],[41,-59],[35,-100],[9,-34],[-1,-27],[-18,-75],[-15,-43],[-38,-62],[-4,-15],[11,-41],[18,-16],[47,-26],[19,-6],[41,7],[12,-19],[-12,-33],[-26,-7],[-58,27],[-35,0],[-11,-27],[14,-23],[25,-14],[72,-27],[51,-25],[79,-24],[44,-32],[80,-28],[24,-13],[19,-34],[22,-64],[51,-53],[36,-24],[9,-17],[-1,-27],[-16,-45],[-16,-25],[-37,-38],[-2,-36],[31,-43],[6,-21],[-11,-36]],[[29580,60673],[31,-2],[345,10],[995,3],[995,7],[995,3],[995,-3],[670,1],[325,0],[837,-2],[-160,-840],[-73,-357],[-21,-104],[-129,-667],[-132,-707],[-30,-161],[-111,-584],[-70,-361]],[[29016,56440],[33,-10],[119,-1]],[[7767,49701],[-82,2],[-7,-4],[-69,2]],[[7765,49646],[-14,-24],[-66,1],[-58,-2],[-19,-6]],[[7604,49361],[3,181]],[[25968,33890],[-55,-486],[-66,-569],[-96,-854],[-4,-17]],[[26448,34372],[40,-1],[16,6],[42,0],[18,-6],[109,3],[-2,80]],[[26975,34456],[4,-481]],[[27549,34596],[6,-23],[0,-94],[-3,-25],[83,1],[194,-4],[59,161],[-339,4],[0,-20]],[[21380,8409],[0,187],[-73,-9],[0,164],[29,41],[30,1],[28,-6],[17,33],[34,31],[50,0],[0,94],[50,0],[45,10],[82,5],[10,12],[106,0],[0,41],[67,-2],[40,3],[5,9],[54,13],[40,28],[13,3],[3,24],[94,22],[23,18],[131,2],[7,-25],[36,-2],[0,53],[36,3]],[[20407,8712],[-62,-215],[-13,-75],[1,-76]],[[20468,8337],[0,212],[-1,81]],[[28861,45777],[82,2],[-1,-10],[101,2],[15,-2]]],"transform":{"scale":[0.0001256191008722881,0.00009100621148632001],"translate":[-91.513079,36.970298]},"objects":{"Tract_17_2020":{"type":"GeometryCollection","geometries":[{"arcs":[[0,1,2,3,4,5,6]],"type":"Polygon","properties":{"id":"14000US17031510300"}},{"arcs":[[7,8,9,10,11,12]],"type":"Polygon","properties":{"id":"14000US17031520100"}},{"arcs":[[13,14,15]],"type":"Polygon","properties":{"id":"14000US17097863006"}},{"arcs":[[16,17,18,-16,19]],"type":"Polygon","properties":{"id":"14000US17097863004"}},{"arcs":[[20,21,22,23,24,25,26,27,28]],"type":"Polygon","properties":{"id":"14000US17097866200"}},{"arcs":[[29,30,31,32,33]],"type":"Polygon","properties":{"id":"14000US17031590700"}},{"arcs":[[34,35,36]],"type":"Polygon","properties":{"id":"14000US17031600400"}},{"arcs":[[37,38,39,40,41,42]],"type":"Polygon","properties":{"id":"14000US17019011100"}},{"arcs":[[43,44,45]],"type":"Polygon","properties":{"id":"14000US17105960700"}},{"arcs":[[46,47]],"type":"Polygon","properties":{"id":"14000US17105960100"}},{"arcs":[[48,49,50]],"type":"Polygon","properties":{"id":"14000US17031824115"}},{"arcs":[[51,52,53,54,55]],"type":"Polygon","properties":{"id":"14000US17031825303"}},{"arcs":[[56,57,58,59]],"type":"Polygon","properties":{"id":"14000US17031830007"}},{"arcs":[[60,61,62,63,64,65]],"type":"Polygon","properties":{"id":"14000US17031813801"}},{"arcs":[[66,67,68,69,70,71,72]],"type":"Polygon","properties":{"id":"14000US17031830600"}},{"arcs":[[73,74,75,76,77,78]],"type":"Polygon","properties":{"id":"14000US17031830800"}},{"arcs":[[79,80,81,82,83,84,85,86]],"type":"Polygon","properties":{"id":"14000US17031830700"}},{"arcs":[[87,88,89,90,91,92,93,94,95]],"type":"Polygon","properties":{"id":"14000US17031830900"}},{"arcs":[[96,97,98,99,100,101]],"type":"Polygon","properties":{"id":"14000US17031835200"}},{"arcs":[[102,103,104,105,-31]],"type":"Polygon","properties":{"id":"14000US17031839900"}},{"arcs":[[106,107,-103,108,109]],"type":"Polygon","properties":{"id":"14000US17031839700"}},{"arcs":[[-36,110,-104,-108,111]],"type":"Polygon","properties":{"id":"14000US17031839800"}},{"arcs":[[112,113,114,115,116]],"type":"Polygon","properties":{"id":"14000US17031834800"}},{"arcs":[[117,118,119,-113,120]],"type":"Polygon","properties":{"id":"14000US17031834700"}},{"arcs":[[121,122,123,124,125,126,127]],"type":"Polygon","properties":{"id":"14000US17089850500"}},{"arcs":[[128,-128,129,130,131]],"type":"Polygon","properties":{"id":"14000US17089850600"}},{"arcs":[[132,133,134,135,136,137,138]],"type":"Polygon","properties":{"id":"14000US17089850703"}},{"arcs":[[139,140,141,142]],"type":"Polygon","properties":{"id":"14000US17089850301"}},{"arcs":[[143,144,145,146,147,148,149]],"type":"Polygon","properties":{"id":"14000US17111871108"}},{"arcs":[[150,151,152,153,-147]],"type":"Polygon","properties":{"id":"14000US17111871208"}},{"arcs":[[154,155,156,157,158,159]],"type":"Polygon","properties":{"id":"14000US17031832000"}},{"arcs":[[160,161,162,163,164,165]],"type":"Polygon","properties":{"id":"14000US17031832500"}},{"arcs":[[-92,-165,166,167,168,169,170]],"type":"Polygon","properties":{"id":"14000US17031832300"}},{"arcs":[[171,172,173,174,175,176]],"type":"Polygon","properties":{"id":"14000US17031838300"}},{"arcs":[[177,178,179,180,181,182,183]],"type":"Polygon","properties":{"id":"14000US17031831800"}},{"arcs":[[184,185,186,187,188,189]],"type":"Polygon","properties":{"id":"14000US17031831700"}},{"arcs":[[190,191,192,193,194]],"type":"Polygon","properties":{"id":"14000US17031835100"}},{"arcs":[[-194,195,196,197,198,199]],"type":"Polygon","properties":{"id":"14000US17031835000"}},{"arcs":[[200,201,202,203,204,-89,205,206,207]],"type":"Polygon","properties":{"id":"14000US17031843700"}},{"arcs":[[208,209,210,211]],"type":"Polygon","properties":{"id":"14000US17003957700"}},{"arcs":[[212,213,214,215,216,-211]],"type":"Polygon","properties":{"id":"14000US17003957800"}},{"arcs":[[217,218,-209,219]],"type":"Polygon","properties":{"id":"14000US17003957600"}},{"arcs":[[220,-216]],"type":"Polygon","properties":{"id":"14000US17003957900"}},{"arcs":[[221,222,223,224]],"type":"Polygon","properties":{"id":"14000US17195001600"}},{"arcs":[[225,226,227,228]],"type":"Polygon","properties":{"id":"14000US17195001800"}},{"arcs":[[229,230,231,232,233,234,235,236]],"type":"Polygon","properties":{"id":"14000US17195000400"}},{"arcs":[[237,238,239,-222,240,241]],"type":"Polygon","properties":{"id":"14000US17195001000"}},{"arcs":[[242,243,244,245,246,247,248]],"type":"Polygon","properties":{"id":"14000US17031220702"}},{"arcs":[[249,250,251,252,253,254,255,256]],"type":"Polygon","properties":{"id":"14000US17031842100"}},{"arcs":[[257,258,259,260,261,262]],"type":"Polygon","properties":{"id":"14000US17031843300"}},{"arcs":[[263,264,265,266,-224]],"type":"Polygon","properties":{"id":"14000US17195001500"}},{"arcs":[[267,268,269,270,271]],"type":"Polygon","properties":{"id":"14000US17197880430"}},{"arcs":[[272,273,274]],"type":"Polygon","properties":{"id":"14000US17197880510"}},{"arcs":[[275,276,277,278,279,280]],"type":"Polygon","properties":{"id":"14000US17197883219"}},{"arcs":[[281,282,283,284,285]],"type":"Polygon","properties":{"id":"14000US17197880324"}},{"arcs":[[286,287,288,289,-269]],"type":"Polygon","properties":{"id":"14000US17197880429"}},{"arcs":[[290,291,292,293,294,295,-283]],"type":"Polygon","properties":{"id":"14000US17197880323"}},{"arcs":[[296,297,298,-277,299]],"type":"Polygon","properties":{"id":"14000US17197883217"}},{"arcs":[[-294,300,301,302]],"type":"Polygon","properties":{"id":"14000US17197880322"}},{"arcs":[[303,304,305,306,307]],"type":"Polygon","properties":{"id":"14000US17197880427"}},{"arcs":[[308,309,310,311,312,313]],"type":"Polygon","properties":{"id":"14000US17197880124"}},{"arcs":[[-285,314,315,316,317]],"type":"Polygon","properties":{"id":"14000US17197880325"}},{"arcs":[[318,319,320,321]],"type":"Polygon","properties":{"id":"14000US17197880320"}},{"arcs":[[-302,322,323,324]],"type":"Polygon","properties":{"id":"14000US17197880319"}},{"arcs":[[325,-319,326,-324]],"type":"Polygon","properties":{"id":"14000US17197880321"}},{"arcs":[[327,328,329,-326,-323]],"type":"Polygon","properties":{"id":"14000US17197880318"}},{"arcs":[[330,331,332,333,334,335,336]],"type":"Polygon","properties":{"id":"14000US17197880123"}},{"arcs":[[337,338,339,340,341]],"type":"Polygon","properties":{"id":"14000US17197880424"}},{"arcs":[[342,-321,343,344,-338]],"type":"Polygon","properties":{"id":"14000US17197880423"}},{"arcs":[[-330,345,346,347,348,349,-320]],"type":"Polygon","properties":{"id":"14000US17197880317"}},{"arcs":[[350,-313,351,352,-347]],"type":"Polygon","properties":{"id":"14000US17197880125"}},{"arcs":[[353,-270,-290,354,-300,-276,355]],"type":"Polygon","properties":{"id":"14000US17197883218"}},{"arcs":[[356,357,358,359,360,-304]],"type":"Polygon","properties":{"id":"14000US17197880428"}},{"arcs":[[361,362,363,-360,364]],"type":"Polygon","properties":{"id":"14000US17197880426"}},{"arcs":[[-336,365,-314,-351,366]],"type":"Polygon","properties":{"id":"14000US17197880122"}},{"arcs":[[367,-275,368,-363]],"type":"Polygon","properties":{"id":"14000US17197880511"}},{"arcs":[[369,-365,-359,370]],"type":"Polygon","properties":{"id":"14000US17197880425"}},{"arcs":[[371,-271,-354,372]],"type":"Polygon","properties":{"id":"14000US17197880432"}},{"arcs":[[373,-272,-372,374]],"type":"Polygon","properties":{"id":"14000US17197880431"}},{"arcs":[[375,376,377,378]],"type":"Polygon","properties":{"id":"14000US17197880508"}},{"arcs":[[379,380,381,-377]],"type":"Polygon","properties":{"id":"14000US17197880509"}},{"arcs":[[382,-337,-367,-346,383]],"type":"Polygon","properties":{"id":"14000US17197880315"}},{"arcs":[[-345,384,385,-339]],"type":"Polygon","properties":{"id":"14000US17197880422"}},{"arcs":[[-284,-296,386,-315]],"type":"Polygon","properties":{"id":"14000US17197880326"}},{"arcs":[[387,388,389,-384,-329,390]],"type":"Polygon","properties":{"id":"14000US17197880316"}},{"arcs":[[391,392,-56,393,394]],"type":"Polygon","properties":{"id":"14000US17031824123"}},{"arcs":[[395,396,397,398,399]],"type":"Polygon","properties":{"id":"14000US17031804405"}},{"arcs":[[-148,-154,400,401,402,403]],"type":"Polygon","properties":{"id":"14000US17111871107"}},{"arcs":[[404,405,406,407]],"type":"Polygon","properties":{"id":"14000US17111870301"}},{"arcs":[[408,409,410,411,412]],"type":"Polygon","properties":{"id":"14000US17201002302"}},{"arcs":[[413,414,415,-410]],"type":"Polygon","properties":{"id":"14000US17201002400"}},{"arcs":[[416,417,418,419,420,-415]],"type":"Polygon","properties":{"id":"14000US17201002500"}},{"arcs":[[421,422,423,424,425]],"type":"Polygon","properties":{"id":"14000US17201002000"}},{"arcs":[[426,427,428,429,430,431,432,433]],"type":"Polygon","properties":{"id":"14000US17115003100"}},{"arcs":[[434,435,436,437,438,439,440]],"type":"Polygon","properties":{"id":"14000US17031831100"}},{"arcs":[[441,442,443,444,445,446,447]],"type":"Polygon","properties":{"id":"14000US17031831500"}},{"arcs":[[448,-447,449,450,451]],"type":"Polygon","properties":{"id":"14000US17031831600"}},{"arcs":[[452,453,454,455,456,457]],"type":"Polygon","properties":{"id":"14000US17031831200"}},{"arcs":[[458,-170,459,460,461]],"type":"Polygon","properties":{"id":"14000US17031831000"}},{"arcs":[[462,463,464,465,466,467,468,469,470,471,472]],"type":"Polygon","properties":{"id":"14000US17031843000"}},{"arcs":[[473,-262,474,475,476,477,478]],"type":"Polygon","properties":{"id":"14000US17031843100"}},{"arcs":[[479,480,481,482,483,484,485,486,487,488,489,-260]],"type":"Polygon","properties":{"id":"14000US17031842900"}},{"arcs":[[490,491,492,493,494,495,496,497]],"type":"Polygon","properties":{"id":"14000US17031843500"}},{"arcs":[[498,499,500,501,502,503,504]],"type":"Polygon","properties":{"id":"14000US17031842000"}},{"arcs":[[505,506,-389,507]],"type":"Polygon","properties":{"id":"14000US17197880304"}},{"arcs":[[508,-508,509,510]],"type":"Polygon","properties":{"id":"14000US17197880303"}},{"arcs":[[511,512,513,514,515,516,517,518]],"type":"Polygon","properties":{"id":"14000US17197881302"}},{"arcs":[[519,520,521,522,523]],"type":"Polygon","properties":{"id":"14000US17197882801"}},{"arcs":[[524,525,526,527,-332,528]],"type":"Polygon","properties":{"id":"14000US17197880118"}},{"arcs":[[529,530,531,532]],"type":"Polygon","properties":{"id":"14000US17031804508"}},{"arcs":[[533,534,535,536,537,538]],"type":"Polygon","properties":{"id":"14000US17031770901"}},{"arcs":[[539,540,541,542,543,544]],"type":"Polygon","properties":{"id":"14000US17031832400"}},{"arcs":[[545,546,547,548,549,550]],"type":"Polygon","properties":{"id":"14000US17031832900"}},{"arcs":[[551,552,553,554,555,556]],"type":"Polygon","properties":{"id":"14000US17031840300"}},{"arcs":[[557,558,559,560,561,562,563,564,565,566,567]],"type":"Polygon","properties":{"id":"14000US17007010400"}},{"arcs":[[568,569,570,571,572,573,574,575,576]],"type":"Polygon","properties":{"id":"14000US17161024300"}},{"arcs":[[577,578,579]],"type":"Polygon","properties":{"id":"14000US17031823805"}},{"arcs":[[580,581,-562,582,-560]],"type":"Polygon","properties":{"id":"14000US17007010200"}},{"arcs":[[583,584,-263,-474,-468]],"type":"Polygon","properties":{"id":"14000US17031838600"}},{"arcs":[[585,586,587,588]],"type":"Polygon","properties":{"id":"14000US17031839600"}},{"arcs":[[589,590,591,592,593,594]],"type":"Polygon","properties":{"id":"14000US17031834900"}},{"arcs":[[595,596,597,598]],"type":"Polygon","properties":{"id":"14000US17031030603"}},{"arcs":[[-171,-459,599,600,-93]],"type":"Polygon","properties":{"id":"14000US17031832200"}},{"arcs":[[601,602,603,604,605,606]],"type":"Polygon","properties":{"id":"14000US17031836700"}},{"arcs":[[607,-606,608,609,610,611]],"type":"Polygon","properties":{"id":"14000US17031836800"}},{"arcs":[[612,613,614,-602,615,616,617]],"type":"Polygon","properties":{"id":"14000US17031836600"}},{"arcs":[[618,619,620,621,622,623,624]],"type":"Polygon","properties":{"id":"14000US17031833000"}},{"arcs":[[-420,625,626,627]],"type":"Polygon","properties":{"id":"14000US17201002700"}},{"arcs":[[628,629,630,-627]],"type":"Polygon","properties":{"id":"14000US17201002800"}},{"arcs":[[631,632,633,634,635,-629,636]],"type":"Polygon","properties":{"id":"14000US17201002900"}},{"arcs":[[637,638,639,640,641,642,643]],"type":"Polygon","properties":{"id":"14000US17031842500"}},{"arcs":[[644,645,646,647,648,649,650,651,652]],"type":"Polygon","properties":{"id":"14000US17031841800"}},{"arcs":[[653,-101,654,655,656,657,658]],"type":"Polygon","properties":{"id":"14000US17031980100"}},{"arcs":[[659,660,661,662,663,664,665,666,667]],"type":"Polygon","properties":{"id":"14000US17031842800"}},{"arcs":[[668,669,670,671,-119,672,673]],"type":"Polygon","properties":{"id":"14000US17031843800"}},{"arcs":[[674,675,676,677,678,679]],"type":"Polygon","properties":{"id":"14000US17197883804"}},{"arcs":[[680,681,-637,-626,-419]],"type":"Polygon","properties":{"id":"14000US17201002600"}},{"arcs":[[682,683,684,685]],"type":"Polygon","properties":{"id":"14000US17197880115"}},{"arcs":[[686,687,688,689]],"type":"Polygon","properties":{"id":"14000US17197880116"}},{"arcs":[[690,691,692,693,694,695,696,697]],"type":"Polygon","properties":{"id":"14000US17031841000"}},{"arcs":[[698,699,700,701,702]],"type":"Polygon","properties":{"id":"14000US17031836500"}},{"arcs":[[703,704,705,706,707,708,-647,709]],"type":"Polygon","properties":{"id":"14000US17031843900"}},{"arcs":[[-650,710,711,712,713,714,715,716]],"type":"Polygon","properties":{"id":"14000US17031834200"}},{"arcs":[[717,718,719,-177,720,721,722]],"type":"Polygon","properties":{"id":"14000US17031842200"}},{"arcs":[[723,724,725,726,727,728]],"type":"Polygon","properties":{"id":"14000US17031838000"}},{"arcs":[[729,730,-68,731]],"type":"Polygon","properties":{"id":"14000US17031010702"}},{"arcs":[[732,733,734,735]],"type":"Polygon","properties":{"id":"14000US17031010503"}},{"arcs":[[736,737,-733,738]],"type":"Polygon","properties":{"id":"14000US17031010502"}},{"arcs":[[739,-732,-67,740]],"type":"Polygon","properties":{"id":"14000US17031010701"}},{"arcs":[[741,-72,742,743,744]],"type":"Polygon","properties":{"id":"14000US17031020902"}},{"arcs":[[745,746,747,748,749]],"type":"Polygon","properties":{"id":"14000US17031020302"}},{"arcs":[[750,-749,751,752,753]],"type":"Polygon","properties":{"id":"14000US17031020601"}},{"arcs":[[754,755,756,757,758,759]],"type":"Polygon","properties":{"id":"14000US17089851500"}},{"arcs":[[760,-758,761,762,763,764,765,766,767]],"type":"Polygon","properties":{"id":"14000US17089851801"}},{"arcs":[[768,-750,-751,769,770]],"type":"Polygon","properties":{"id":"14000US17031020301"}},{"arcs":[[771,772,773,774]],"type":"Polygon","properties":{"id":"14000US17031760803"}},{"arcs":[[775,776,777,778,779]],"type":"Polygon","properties":{"id":"14000US17031530501"}},{"arcs":[[-779,780,781,782]],"type":"Polygon","properties":{"id":"14000US17031530503"}},{"arcs":[[783,784,785,786]],"type":"Polygon","properties":{"id":"14000US17031650301"}},{"arcs":[[787,788,789,-785]],"type":"Polygon","properties":{"id":"14000US17031650302"}},{"arcs":[[-778,790,791,-781]],"type":"Polygon","properties":{"id":"14000US17031530502"}},{"arcs":[[792,793,794,795,796,797,798,799]],"type":"Polygon","properties":{"id":"14000US17063000103"}},{"arcs":[[-583,-561]],"type":"Polygon","properties":{"id":"14000US17007010300"}},{"arcs":[[800,801,802,803,804]],"type":"Polygon","properties":{"id":"14000US17091010701"}},{"arcs":[[805,806,807,808]],"type":"Polygon","properties":{"id":"14000US17031803611"}},{"arcs":[[809,810,811,-795,812]],"type":"Polygon","properties":{"id":"14000US17063000102"}},{"arcs":[[813,814,815,816,817,818]],"type":"Polygon","properties":{"id":"14000US17031831300"}},{"arcs":[[819,820,821,822,823,824,-473,825,826,827,828,829]],"type":"Polygon","properties":{"id":"14000US17031831400"}},{"arcs":[[830,831,832,833,834]],"type":"Polygon","properties":{"id":"14000US17031837000"}},{"arcs":[[835,836,837,-688]],"type":"Polygon","properties":{"id":"14000US17197880117"}},{"arcs":[[838,839,840,841]],"type":"Polygon","properties":{"id":"14000US17197880701"}},{"arcs":[[842,-297,-355,-289]],"type":"Polygon","properties":{"id":"14000US17197880418"}},{"arcs":[[843,844,845,846,-811,847]],"type":"Polygon","properties":{"id":"14000US17197883212"}},{"arcs":[[848,849,850,851,852]],"type":"Polygon","properties":{"id":"14000US17197883509"}},{"arcs":[[853,854,855,856]],"type":"Polygon","properties":{"id":"14000US17167001003"}},{"arcs":[[857,858,859,860,861,862]],"type":"Polygon","properties":{"id":"14000US17043842711"}},{"arcs":[[863,864,865,866,867]],"type":"Polygon","properties":{"id":"14000US17031842400"}},{"arcs":[[-85,868,869,870,871,872]],"type":"Polygon","properties":{"id":"14000US17031832100"}},{"arcs":[[873,874,875,876]],"type":"Polygon","properties":{"id":"14000US17043841003"}},{"arcs":[[877,878,-633,879]],"type":"Polygon","properties":{"id":"14000US17201003000"}},{"arcs":[[880,881,882,883,884,885]],"type":"Polygon","properties":{"id":"14000US17043841316"}},{"arcs":[[886,887,-880,-632,-682,888]],"type":"Polygon","properties":{"id":"14000US17201003100"}},{"arcs":[[889,890,-889,-681,-418,891]],"type":"Polygon","properties":{"id":"14000US17201003200"}},{"arcs":[[892,893,-887,-891,894]],"type":"Polygon","properties":{"id":"14000US17201003300"}},{"arcs":[[895,896,897,-888,-894]],"type":"Polygon","properties":{"id":"14000US17201003400"}},{"arcs":[[-753,898,899,900,901]],"type":"Polygon","properties":{"id":"14000US17031020802"}},{"arcs":[[-770,-754,-902,902,903,904]],"type":"Polygon","properties":{"id":"14000US17031020702"}},{"arcs":[[-901,905,906,907]],"type":"Polygon","properties":{"id":"14000US17031020801"}},{"arcs":[[-907,908,909,910]],"type":"Polygon","properties":{"id":"14000US17031040202"}},{"arcs":[[-910,911,912,913,914]],"type":"Polygon","properties":{"id":"14000US17031040201"}},{"arcs":[[915,916,-74,917,918]],"type":"Polygon","properties":{"id":"14000US17031040402"}},{"arcs":[[919,920,921,-82]],"type":"Polygon","properties":{"id":"14000US17031031501"}},{"arcs":[[922,923,924,925]],"type":"Polygon","properties":{"id":"14000US17031081201"}},{"arcs":[[926,927,928,929]],"type":"Polygon","properties":{"id":"14000US17031063301"}},{"arcs":[[930,931,932,933]],"type":"Polygon","properties":{"id":"14000US17031490901"}},{"arcs":[[934,935,936,937,938,939,940]],"type":"Polygon","properties":{"id":"14000US17089852300"}},{"arcs":[[941,942,-931,943]],"type":"Polygon","properties":{"id":"14000US17031490902"}},{"arcs":[[944,945,946,947,948]],"type":"Polygon","properties":{"id":"14000US17031301801"}},{"arcs":[[949,950,951,952]],"type":"Polygon","properties":{"id":"14000US17031700301"}},{"arcs":[[953,954,955,956]],"type":"Polygon","properties":{"id":"14000US17031301702"}},{"arcs":[[957,958,959,960,961,-951,962]],"type":"Polygon","properties":{"id":"14000US17031700401"}},{"arcs":[[963,964,965,966,-807]],"type":"Polygon","properties":{"id":"14000US17031803612"}},{"arcs":[[967,968,969,970,971]],"type":"Polygon","properties":{"id":"14000US17031803702"}},{"arcs":[[972,973,974,975,976,977,978]],"type":"Polygon","properties":{"id":"14000US17089852500"}},{"arcs":[[979,980,981,982,983]],"type":"Polygon","properties":{"id":"14000US17031804713"}},{"arcs":[[984,985,986,987,988,989]],"type":"Polygon","properties":{"id":"14000US17031804309"}},{"arcs":[[990,-988,991,992,993]],"type":"Polygon","properties":{"id":"14000US17031804510"}},{"arcs":[[-605,994,995,996,-831,997,-609]],"type":"Polygon","properties":{"id":"14000US17031837100"}},{"arcs":[[-997,998,999,1000,-258,1001,-832]],"type":"Polygon","properties":{"id":"14000US17031837400"}},{"arcs":[[1002,1003,1004,1005,1006,-725,1007,1008,-999,-996]],"type":"Polygon","properties":{"id":"14000US17031837800"}},{"arcs":[[1009,1010,1011,-584,-467,1012]],"type":"Polygon","properties":{"id":"14000US17031837300"}},{"arcs":[[-469,-479,1013,1014,1015]],"type":"Polygon","properties":{"id":"14000US17031841500"}},{"arcs":[[-471,1016,1017,1018,1019]],"type":"Polygon","properties":{"id":"14000US17031838700"}},{"arcs":[[1020,1021,1022,1023,-839,1024]],"type":"Polygon","properties":{"id":"14000US17197880602"}},{"arcs":[[1025,1026,1027,1028,-841,1029]],"type":"Polygon","properties":{"id":"14000US17197881009"}},{"arcs":[[-846,1030,1031]],"type":"Polygon","properties":{"id":"14000US17197883305"}},{"arcs":[[1032,1033,1034,1035,1036]],"type":"Polygon","properties":{"id":"14000US17197883904"}},{"arcs":[[1037,1038,1039,1040,-1034]],"type":"Polygon","properties":{"id":"14000US17197883903"}},{"arcs":[[1041,1042,1043,1044]],"type":"Polygon","properties":{"id":"14000US17197883401"}},{"arcs":[[-861,1045,1046,1047,1048,1049]],"type":"Polygon","properties":{"id":"14000US17043846004"}},{"arcs":[[1050,1051,1052,1053,1054,1055,1056,1057]],"type":"Polygon","properties":{"id":"14000US17043845902"}},{"arcs":[[1058,1059,-1051,1060,1061]],"type":"Polygon","properties":{"id":"14000US17043845402"}},{"arcs":[[1062,1063,1064,-1052,-1060]],"type":"Polygon","properties":{"id":"14000US17043845401"}},{"arcs":[[1065,1066,-1058,1067,1068]],"type":"Polygon","properties":{"id":"14000US17043845811"}},{"arcs":[[1069,1070,1071,1072,1073]],"type":"Polygon","properties":{"id":"14000US17097861108"}},{"arcs":[[1074,1075,1076,1077]],"type":"Polygon","properties":{"id":"14000US17031150501"}},{"arcs":[[1078,1079,1080,1081,-1076]],"type":"Polygon","properties":{"id":"14000US17031150401"}},{"arcs":[[-1077,1082,1083,1084,1085]],"type":"Polygon","properties":{"id":"14000US17031150502"}},{"arcs":[[1086,1087,1088,1089,-1080,1090]],"type":"Polygon","properties":{"id":"14000US17031110502"}},{"arcs":[[-1082,1091,1092,-1083]],"type":"Polygon","properties":{"id":"14000US17031150402"}},{"arcs":[[-183,1093,1094,1095,1096]],"type":"Polygon","properties":{"id":"14000US17031140302"}},{"arcs":[[-1095,1097,1098,1099,1100]],"type":"Polygon","properties":{"id":"14000US17031140301"}},{"arcs":[[-952,-962,1101,1102,1103]],"type":"Polygon","properties":{"id":"14000US17031700302"}},{"arcs":[[1104,1105,1106,1107]],"type":"Polygon","properties":{"id":"14000US17031580501"}},{"arcs":[[-1107,1108,-661,1109]],"type":"Polygon","properties":{"id":"14000US17031580502"}},{"arcs":[[1110,1111,1112,1113]],"type":"Polygon","properties":{"id":"14000US17031730201"}},{"arcs":[[1114,1115,1116,1117,-946]],"type":"Polygon","properties":{"id":"14000US17031301802"}},{"arcs":[[1118,1119,1120,1121]],"type":"Polygon","properties":{"id":"14000US17031440101"}},{"arcs":[[1122,1123,1124,-954,1125,-1117]],"type":"Polygon","properties":{"id":"14000US17031301701"}},{"arcs":[[1126,1127,1128,-878,-898]],"type":"Polygon","properties":{"id":"14000US17201003500"}},{"arcs":[[1129,1130,1131,-893,1132]],"type":"Polygon","properties":{"id":"14000US17201003602"}},{"arcs":[[1133,1134,-1128,1135,1136,-1131]],"type":"Polygon","properties":{"id":"14000US17201003605"}},{"arcs":[[-989,-991,1137,-531]],"type":"Polygon","properties":{"id":"14000US17031804509"}},{"arcs":[[1138,1139,1140,-993]],"type":"Polygon","properties":{"id":"14000US17031804511"}},{"arcs":[[1141,1142,1143,1144,1145]],"type":"Polygon","properties":{"id":"14000US17031804609"}},{"arcs":[[1146,-1146,1147,1148]],"type":"Polygon","properties":{"id":"14000US17031804608"}},{"arcs":[[1149,1150,1151,1152,1153]],"type":"Polygon","properties":{"id":"14000US17031806202"}},{"arcs":[[1154,1155,1156,1157,1158,1159,1160,1161,1162]],"type":"Polygon","properties":{"id":"14000US17031839100"}},{"arcs":[[-623,1163,1164,1165,-546,1166]],"type":"Polygon","properties":{"id":"14000US17031833100"}},{"arcs":[[1167,-624,-1167,-551,1168,-726,-1007]],"type":"Polygon","properties":{"id":"14000US17031838100"}},{"arcs":[[-1166,1169,1170,1171,-547]],"type":"Polygon","properties":{"id":"14000US17031833300"}},{"arcs":[[-727,-1169,-550,1172,-482,1173]],"type":"Polygon","properties":{"id":"14000US17031838200"}},{"arcs":[[1174,1175,1176,1177]],"type":"Polygon","properties":{"id":"14000US17089850202"}},{"arcs":[[1178,1179,-1175,-142]],"type":"Polygon","properties":{"id":"14000US17089850201"}},{"arcs":[[1180,1181,1182,1183,1184]],"type":"Polygon","properties":{"id":"14000US17089853004"}},{"arcs":[[1185,1186,1187,1188,1189,1190,1191,1192]],"type":"Polygon","properties":{"id":"14000US17089854002"}},{"arcs":[[1193,-940,1194,1195,1196]],"type":"Polygon","properties":{"id":"14000US17089852201"}},{"arcs":[[1197,1198,1199,1200,1201]],"type":"Polygon","properties":{"id":"14000US17089852904"}},{"arcs":[[1202,1203,-137,1204,1205,1206,1207,1208,1209,1210,1211,1212,1213,1214]],"type":"Polygon","properties":{"id":"14000US17089852403"}},{"arcs":[[1215,-1030,-840,-1024]],"type":"Polygon","properties":{"id":"14000US17197880601"}},{"arcs":[[-307,1216,1217,1218,1219]],"type":"Polygon","properties":{"id":"14000US17197880414"}},{"arcs":[[-1218,1220,1221,1222]],"type":"Polygon","properties":{"id":"14000US17197883209"}},{"arcs":[[1223,1224,-760,1225]],"type":"Polygon","properties":{"id":"14000US17089851600"}},{"arcs":[[1226,1227,1228,1229,-1027]],"type":"Polygon","properties":{"id":"14000US17197881010"}},{"arcs":[[1230,1231,1232,1233,-1228]],"type":"Polygon","properties":{"id":"14000US17197881007"}},{"arcs":[[1234,1235,1236,1237,1238]],"type":"Polygon","properties":{"id":"14000US17197883511"}},{"arcs":[[-679,1239,1240,1241,1242,1243]],"type":"Polygon","properties":{"id":"14000US17197883809"}},{"arcs":[[1244,1245,1246,1247,1248]],"type":"Polygon","properties":{"id":"14000US17197883810"}},{"arcs":[[-510,-388,1249]],"type":"Polygon","properties":{"id":"14000US17197880305"}},{"arcs":[[1250,1251,-1069,1252,1253,1254,1255]],"type":"Polygon","properties":{"id":"14000US17043845807"}},{"arcs":[[1256,1257,1258,1259,1260,1261]],"type":"Polygon","properties":{"id":"14000US17089852806"}},{"arcs":[[1262,1263,1264,1265,1266]],"type":"Polygon","properties":{"id":"14000US17043846604"}},{"arcs":[[1267,1268,1269,-1070,1270]],"type":"Polygon","properties":{"id":"14000US17097861107"}},{"arcs":[[1271,1272,1273,1274,1275,1276]],"type":"Polygon","properties":{"id":"14000US17097863003"}},{"arcs":[[-19,1277,-1277,1278,1279,-14]],"type":"Polygon","properties":{"id":"14000US17097863005"}},{"arcs":[[1280,1281,1282,1283,1284]],"type":"Polygon","properties":{"id":"14000US17097861610"}},{"arcs":[[1285,1286,1287,1288,1289,1290]],"type":"Polygon","properties":{"id":"14000US17097866100"}},{"arcs":[[1291,1292,1293,1294]],"type":"Polygon","properties":{"id":"14000US17031140702"}},{"arcs":[[-1099,1295,-1295,1296,1297]],"type":"Polygon","properties":{"id":"14000US17031140602"}},{"arcs":[[1298,1299,-1292,-1296]],"type":"Polygon","properties":{"id":"14000US17031140701"}},{"arcs":[[1300,1301,1302,1303]],"type":"Polygon","properties":{"id":"14000US17031160502"}},{"arcs":[[1304,1305,1306,1307,-1302]],"type":"Polygon","properties":{"id":"14000US17031160602"}},{"arcs":[[1308,-188,1309,1310,1311,1312]],"type":"Polygon","properties":{"id":"14000US17031151002"}},{"arcs":[[1313,-1313,1314,1315]],"type":"Polygon","properties":{"id":"14000US17031151001"}},{"arcs":[[1316,1317,1318,1319]],"type":"Polygon","properties":{"id":"14000US17031190402"}},{"arcs":[[1320,1321,1322,1323,1324,1325]],"type":"Polygon","properties":{"id":"14000US17031431301"}},{"arcs":[[1326,1327,-1321,1328,1329]],"type":"Polygon","properties":{"id":"14000US17031431302"}},{"arcs":[[-1324,1330,1331,1332,1333]],"type":"Polygon","properties":{"id":"14000US17031460302"}},{"arcs":[[-1333,1334,1335,1336]],"type":"Polygon","properties":{"id":"14000US17031460301"}},{"arcs":[[1337,1338,1339,1340,-959]],"type":"Polygon","properties":{"id":"14000US17031700501"}},{"arcs":[[-1341,1341,1342,1343,1344,-960]],"type":"Polygon","properties":{"id":"14000US17031700502"}},{"arcs":[[-439,1345,1346,1347]],"type":"Polygon","properties":{"id":"14000US17031210601"}},{"arcs":[[1348,1349,1350,1351,1352]],"type":"Polygon","properties":{"id":"14000US17031812302"}},{"arcs":[[1353,1354,1355,1356]],"type":"Polygon","properties":{"id":"14000US17031812802"}},{"arcs":[[1357,1358,1359,1360,1361,1362,1363,1364,1365]],"type":"Polygon","properties":{"id":"14000US17163503404"}},{"arcs":[[-1363,1366,1367,1368,1369]],"type":"Polygon","properties":{"id":"14000US17163503414"}},{"arcs":[[1370,1371]],"type":"Polygon","properties":{"id":"14000US17163503411"}},{"arcs":[[1372,1373,1374,1375,1376,1377,1378]],"type":"Polygon","properties":{"id":"14000US17163503906"}},{"arcs":[[1379,1380,1381,1382,1383,1384]],"type":"Polygon","properties":{"id":"14000US17201003708"}},{"arcs":[[1385,1386,1387,-1381,1388]],"type":"Polygon","properties":{"id":"14000US17201003709"}},{"arcs":[[-1136,-1127,-897,1389]],"type":"Polygon","properties":{"id":"14000US17201003606"}},{"arcs":[[1390,-1357,1391,1392]],"type":"Polygon","properties":{"id":"14000US17031812801"}},{"arcs":[[-1351,1393,1394,1395,-1354,-1391,1396,1397]],"type":"Polygon","properties":{"id":"14000US17031812301"}},{"arcs":[[1398,-66,1399,1400]],"type":"Polygon","properties":{"id":"14000US17031813802"}},{"arcs":[[1401,1402,-1399,1403]],"type":"Polygon","properties":{"id":"14000US17031813701"}},{"arcs":[[1404,1405,1406,1407]],"type":"Polygon","properties":{"id":"14000US17031820603"}},{"arcs":[[1408,1409,-698,1410,1411,1412,1413,1414]],"type":"Polygon","properties":{"id":"14000US17031841100"}},{"arcs":[[1415,-1415,1416,-37,1417,1418]],"type":"Polygon","properties":{"id":"14000US17031840200"}},{"arcs":[[1419,1420,1421,1422,1423,1424]],"type":"Polygon","properties":{"id":"14000US17163504352"}},{"arcs":[[1425,1426,-552,-494,1427]],"type":"Polygon","properties":{"id":"14000US17031841300"}},{"arcs":[[-476,1428,1429,1430,1431,1432]],"type":"Polygon","properties":{"id":"14000US17031840700"}},{"arcs":[[-477,-1433,1433,1434,1435,1436,1437]],"type":"Polygon","properties":{"id":"14000US17031841700"}},{"arcs":[[1438,1439,1440,1441,1442,1443,-1373,1444]],"type":"Polygon","properties":{"id":"14000US17163503304"}},{"arcs":[[1445,1446,1447,1448,1449,1450]],"type":"Polygon","properties":{"id":"14000US17119403534"}},{"arcs":[[1451,1452,1453]],"type":"Polygon","properties":{"id":"14000US17119403604"}},{"arcs":[[-1028,-1230,1454,1455,1456,1457,1458,1459,1460]],"type":"Polygon","properties":{"id":"14000US17197881108"}},{"arcs":[[1461,1462,1463,1464,1465]],"type":"Polygon","properties":{"id":"14000US17197881402"}},{"arcs":[[1466,1467,1468,-1462,1469,1470]],"type":"Polygon","properties":{"id":"14000US17197880903"}},{"arcs":[[1471,1472,1473,1474,1475,1476]],"type":"Polygon","properties":{"id":"14000US17163503322"}},{"arcs":[[1477,1478,1479,1480,-1221]],"type":"Polygon","properties":{"id":"14000US17197883208"}},{"arcs":[[1481,1482,1483,-1232,1484]],"type":"Polygon","properties":{"id":"14000US17197881012"}},{"arcs":[[1485,-511,1486,-292]],"type":"Polygon","properties":{"id":"14000US17197880307"}},{"arcs":[[-1487,-1250,-391,-328,-301,-293]],"type":"Polygon","properties":{"id":"14000US17197880309"}},{"arcs":[[1487,-381,1488]],"type":"Polygon","properties":{"id":"14000US17197880203"}},{"arcs":[[-685,1489,1490,-311]],"type":"Polygon","properties":{"id":"14000US17197880114"}},{"arcs":[[1491,1492]],"type":"Polygon","properties":{"id":"14000US17197883605"}},{"arcs":[[1493,-1478,-1217,-306]],"type":"Polygon","properties":{"id":"14000US17197880412"}},{"arcs":[[1494,1495,1496,1497,1498,1499,1500,1501]],"type":"Polygon","properties":{"id":"14000US17133600102"}},{"arcs":[[-1319,1502,1503,1504,1505]],"type":"Polygon","properties":{"id":"14000US17031190602"}},{"arcs":[[1506,-1320,1507,-443]],"type":"Polygon","properties":{"id":"14000US17031190401"}},{"arcs":[[1508,1509,1510,-1504]],"type":"Polygon","properties":{"id":"14000US17031190702"}},{"arcs":[[-1505,1511,1512,1513]],"type":"Polygon","properties":{"id":"14000US17031191302"}},{"arcs":[[-1508,-1506,1514,-444]],"type":"Polygon","properties":{"id":"14000US17031190601"}},{"arcs":[[-1515,-1514,1515,-445]],"type":"Polygon","properties":{"id":"14000US17031191301"}},{"arcs":[[1516,1517,1518,1519,-454,1520]],"type":"Polygon","properties":{"id":"14000US17031200402"}},{"arcs":[[1521,-1521,-453,1522]],"type":"Polygon","properties":{"id":"14000US17031200401"}},{"arcs":[[-246,1523,1524,1525,-1518,1526]],"type":"Polygon","properties":{"id":"14000US17031220902"}},{"arcs":[[-440,-1348,1527,1528,1529]],"type":"Polygon","properties":{"id":"14000US17031210501"}},{"arcs":[[1530,-1305,1531]],"type":"Polygon","properties":{"id":"14000US17031160601"}},{"arcs":[[1532,1533,1534,1535,1536]],"type":"Polygon","properties":{"id":"14000US17031061901"}},{"arcs":[[1537,-498,1538,1539]],"type":"Polygon","properties":{"id":"14000US17031840800"}},{"arcs":[[1540,1541,1542,1543,1544,1545]],"type":"Polygon","properties":{"id":"14000US17031030703"}},{"arcs":[[1546,1547,1548,1549,1550,1551,1552,1553,1554,1555]],"type":"Polygon","properties":{"id":"14000US17031081403"}},{"arcs":[[-1543,1556]],"type":"Polygon","properties":{"id":"14000US17031030702"}},{"arcs":[[-1121,1557,1558,1559,1560]],"type":"Polygon","properties":{"id":"14000US17031440102"}},{"arcs":[[1561,-1561,1562,1563]],"type":"Polygon","properties":{"id":"14000US17031440202"}},{"arcs":[[1564,1565,1566,1567,-1484,1568,1569]],"type":"Polygon","properties":{"id":"14000US17031824113"}},{"arcs":[[-394,-55,1570,1571]],"type":"Polygon","properties":{"id":"14000US17031825304"}},{"arcs":[[1572,1573,-60,1574,1575,1576,1577]],"type":"Polygon","properties":{"id":"14000US17031830008"}},{"arcs":[[-966,1578,1579,1580,1581]],"type":"Polygon","properties":{"id":"14000US17031803012"}},{"arcs":[[1582,1583,1584,1585]],"type":"Polygon","properties":{"id":"14000US17031802607"}},{"arcs":[[-948,1586,-956,1587,-1539,-497,1588,1589,1590,1591,1592]],"type":"Polygon","properties":{"id":"14000US17031830500"}},{"arcs":[[-1414,1593,1594,-35,-1417]],"type":"Polygon","properties":{"id":"14000US17031840100"}},{"arcs":[[1595,1596,-109,-30,1597,-554]],"type":"Polygon","properties":{"id":"14000US17031840400"}},{"arcs":[[-696,1598,1599,-500,1600]],"type":"Polygon","properties":{"id":"14000US17031839200"}},{"arcs":[[1601,1602,1603,1604,-1382,-1388]],"type":"Polygon","properties":{"id":"14000US17201003710"}},{"arcs":[[1605,1606,1607,1608,1609,1610]],"type":"Polygon","properties":{"id":"14000US17031835500"}},{"arcs":[[1611,1612,1613,1614,1615]],"type":"Polygon","properties":{"id":"14000US17119404000"}},{"arcs":[[1616,-1569,-1483,1617]],"type":"Polygon","properties":{"id":"14000US17197881011"}},{"arcs":[[1618,1619,1620,1621,1622,1623]],"type":"Polygon","properties":{"id":"14000US17197881116"}},{"arcs":[[1624,1625,1626,1627,1628,1629]],"type":"Polygon","properties":{"id":"14000US17197883519"}},{"arcs":[[1630,1631,1632,1633,-1622]],"type":"Polygon","properties":{"id":"14000US17197883516"}},{"arcs":[[1634,1635,1636,1637]],"type":"Polygon","properties":{"id":"14000US17197881601"}},{"arcs":[[-524,1638,1639,1640,1641,-1636]],"type":"Polygon","properties":{"id":"14000US17197882802"}},{"arcs":[[1642,1643,-279]],"type":"Polygon","properties":{"id":"14000US17197883216"}},{"arcs":[[1644,1645,-1463,-1469]],"type":"Polygon","properties":{"id":"14000US17197880905"}},{"arcs":[[-1646,1646,-513,1647,-1464]],"type":"Polygon","properties":{"id":"14000US17197881401"}},{"arcs":[[1648,1649,1650,-521]],"type":"Polygon","properties":{"id":"14000US17197882701"}},{"arcs":[[1651,1652,1653,-396,1654]],"type":"Polygon","properties":{"id":"14000US17031804404"}},{"arcs":[[-1629,1655,1656,1657,-1620,1658]],"type":"Polygon","properties":{"id":"14000US17197883517"}},{"arcs":[[1659,1660,1661,1662,1663]],"type":"Polygon","properties":{"id":"14000US17043846408"}},{"arcs":[[1664,1665,1666,1667]],"type":"Polygon","properties":{"id":"14000US17089851102"}},{"arcs":[[1668,1669,1670,1671,1672,1673]],"type":"Polygon","properties":{"id":"14000US17089852807"}},{"arcs":[[1674,1675,1676,1677,1678,1679]],"type":"Polygon","properties":{"id":"14000US17089852101"}},{"arcs":[[1680,1681,-1262,1682,1683]],"type":"Polygon","properties":{"id":"14000US17089852805"}},{"arcs":[[1684,1685,-768,1686,1687]],"type":"Polygon","properties":{"id":"14000US17089851907"}},{"arcs":[[1688,-1668,1689,1690]],"type":"Polygon","properties":{"id":"14000US17089851909"}},{"arcs":[[1691,1692,1693,-1179,-141,1694]],"type":"Polygon","properties":{"id":"14000US17089850101"}},{"arcs":[[1695,1696,1697,1698,-122,-129,1699]],"type":"Polygon","properties":{"id":"14000US17089850103"}},{"arcs":[[1700,1701,1702,1703,1704]],"type":"Polygon","properties":{"id":"14000US17113005800"}},{"arcs":[[-1368,1705,1706,1707]],"type":"Polygon","properties":{"id":"14000US17163503324"}},{"arcs":[[1708,1709,1710,1711,1712]],"type":"Polygon","properties":{"id":"14000US17043841113"}},{"arcs":[[1713,1714,1715,1716,-1709,1717,1718]],"type":"Polygon","properties":{"id":"14000US17043841111"}},{"arcs":[[1719,1720,1721,1722,1723,1724,1725]],"type":"Polygon","properties":{"id":"14000US17043841704"}},{"arcs":[[1726,1727,1728]],"type":"Polygon","properties":{"id":"14000US17069971000"}},{"arcs":[[1729,1730,1731,1732,1733]],"type":"Polygon","properties":{"id":"14000US17201003808"}},{"arcs":[[-1732,1734,1735,1736,1737]],"type":"Polygon","properties":{"id":"14000US17201003809"}},{"arcs":[[1738,1739,-1719,1740,1741]],"type":"Polygon","properties":{"id":"14000US17043841112"}},{"arcs":[[1742,1743,1744,1745]],"type":"Polygon","properties":{"id":"14000US17043841323"}},{"arcs":[[1746,-1733,1747,1748]],"type":"Polygon","properties":{"id":"14000US17201000104"}},{"arcs":[[1749,1750,1751,1752,-413,1753,1754,1755,1756]],"type":"Polygon","properties":{"id":"14000US17201004200"}},{"arcs":[[1757,1758,1759,1760,-1443]],"type":"Polygon","properties":{"id":"14000US17163503332"}},{"arcs":[[1761,1762,1763,-755,-1225,-1666,1764]],"type":"Polygon","properties":{"id":"14000US17089854600"}},{"arcs":[[1765,-1745,1766,1767,1768,1769,1770,1771,1772,1773]],"type":"Polygon","properties":{"id":"14000US17043841326"}},{"arcs":[[1774,1775,1776,1777,-883]],"type":"Polygon","properties":{"id":"14000US17043841314"}},{"arcs":[[-1770,-1726,1778,1779,1780]],"type":"Polygon","properties":{"id":"14000US17043841404"}},{"arcs":[[1781,-1774,1782,1783]],"type":"Polygon","properties":{"id":"14000US17043841313"}},{"arcs":[[-1744,1784,1785,1786,1787,-1767]],"type":"Polygon","properties":{"id":"14000US17043841325"}},{"arcs":[[1788,1789,1790,1791,1792,1793]],"type":"Polygon","properties":{"id":"14000US17083010402"}},{"arcs":[[1794,1795,1796,-1790]],"type":"Polygon","properties":{"id":"14000US17083010401"}},{"arcs":[[-1137,-1390,-896,-1132]],"type":"Polygon","properties":{"id":"14000US17201003604"}},{"arcs":[[1797,-1757,1798,1799,1800]],"type":"Polygon","properties":{"id":"14000US17201004300"}},{"arcs":[[-416,-421,-628,-631,1801,1802,-411]],"type":"Polygon","properties":{"id":"14000US17201002200"}},{"arcs":[[1803,1804,1805,1806,1807,1808,1809]],"type":"Polygon","properties":{"id":"14000US17201003904"}},{"arcs":[[1810,-1133,-895,-890,1811,-1752]],"type":"Polygon","properties":{"id":"14000US17201003601"}},{"arcs":[[1812,1813,1814,-1129]],"type":"Polygon","properties":{"id":"14000US17201000300"}},{"arcs":[[1815,1816,-1605,1817,-567,1818,1819]],"type":"Polygon","properties":{"id":"14000US17201003705"}},{"arcs":[[1820,1821,1822,-1750,-1798,1823]],"type":"Polygon","properties":{"id":"14000US17201004100"}},{"arcs":[[-1383,-1817,1824]],"type":"Polygon","properties":{"id":"14000US17201003707"}},{"arcs":[[1825,1826,1827,-1805,1828,1829]],"type":"Polygon","properties":{"id":"14000US17201003903"}},{"arcs":[[1830,1831,1832,1833]],"type":"Polygon","properties":{"id":"14000US17201001200"}},{"arcs":[[-1807,1834,1835,-1730,1836,1837,1838]],"type":"Polygon","properties":{"id":"14000US17201003805"}},{"arcs":[[1839,1840,-1602,-1387,1841]],"type":"Polygon","properties":{"id":"14000US17201000501"}},{"arcs":[[1842,1843,-1840,1844]],"type":"Polygon","properties":{"id":"14000US17201000502"}},{"arcs":[[1845,1846,1847]],"type":"Polygon","properties":{"id":"14000US17043841504"}},{"arcs":[[1848,1849,1850,1851]],"type":"Polygon","properties":{"id":"14000US17043841607"}},{"arcs":[[1852,1853,1854,1855,1856,1857]],"type":"Polygon","properties":{"id":"14000US17043846412"}},{"arcs":[[1858,1859,-1858,1860,-1662]],"type":"Polygon","properties":{"id":"14000US17043846410"}},{"arcs":[[1861,1862,1863,-1859,-1661]],"type":"Polygon","properties":{"id":"14000US17043846411"}},{"arcs":[[-1837,-1734,-1747,1864,1865]],"type":"Polygon","properties":{"id":"14000US17201000105"}},{"arcs":[[1866,-1748,-1738,1867,-1813,-1135]],"type":"Polygon","properties":{"id":"14000US17201000200"}},{"arcs":[[1868,1869,1870,1871]],"type":"Polygon","properties":{"id":"14000US17201000401"}},{"arcs":[[1872,1873,1874,1875,-1870]],"type":"Polygon","properties":{"id":"14000US17201000402"}},{"arcs":[[1876,1877,1878,-1226,-759,-761,-1686]],"type":"Polygon","properties":{"id":"14000US17089854900"}},{"arcs":[[1879,1880,1881,1882,1883,1884,-1670,1885]],"type":"Polygon","properties":{"id":"14000US17089854800"}},{"arcs":[[1886,1887]],"type":"Polygon","properties":{"id":"14000US17163503800"}},{"arcs":[[1888,-1384,-1825,-1816,1889]],"type":"Polygon","properties":{"id":"14000US17201003706"}},{"arcs":[[1890,-1808,-1839,1891,1892,-1134,-1130,-1811,-1751,-1823]],"type":"Polygon","properties":{"id":"14000US17201003801"}},{"arcs":[[1893,1894,1895,-1809,-1891,-1822]],"type":"Polygon","properties":{"id":"14000US17201003901"}},{"arcs":[[1896,1897,1898,-1810,-1896]],"type":"Polygon","properties":{"id":"14000US17201004002"}},{"arcs":[[-1838,-1866,1899,-1892]],"type":"Polygon","properties":{"id":"14000US17201000101"}},{"arcs":[[1900,1901,1902,1903,1904,1905]],"type":"Polygon","properties":{"id":"14000US17043841902"}},{"arcs":[[1906,1907,1908,1909]],"type":"Polygon","properties":{"id":"14000US17043844305"}},{"arcs":[[-1900,-1865,-1749,-1867,-1893]],"type":"Polygon","properties":{"id":"14000US17201000103"}},{"arcs":[[1910,1911,-1897,-1895]],"type":"Polygon","properties":{"id":"14000US17201004003"}},{"arcs":[[1912,1913,-426,1914,1915,-1802]],"type":"Polygon","properties":{"id":"14000US17201002100"}},{"arcs":[[-1806,-1828,1916,1917,-1835]],"type":"Polygon","properties":{"id":"14000US17201003806"}},{"arcs":[[1918,1919,1920,1921,1922]],"type":"Polygon","properties":{"id":"14000US17043846106"}},{"arcs":[[1923,1924,1925,1926]],"type":"Polygon","properties":{"id":"14000US17043844802"}},{"arcs":[[-1926,1927,1928,1929,1930]],"type":"Polygon","properties":{"id":"14000US17043844902"}},{"arcs":[[1931,1932,-1047]],"type":"Polygon","properties":{"id":"14000US17043846003"}},{"arcs":[[1933,1934,1935,1936]],"type":"Polygon","properties":{"id":"14000US17137952300"}},{"arcs":[[1937,1938,1939]],"type":"Polygon","properties":{"id":"14000US17137951600"}},{"arcs":[[1940,1941,1942,-1940,1943,1944,1945]],"type":"Polygon","properties":{"id":"14000US17137952000"}},{"arcs":[[1946,1947,1948,1949,1950,1951]],"type":"Polygon","properties":{"id":"14000US17137951400"}},{"arcs":[[1952,-1938,-1943,1953,1954]],"type":"Polygon","properties":{"id":"14000US17137951700"}},{"arcs":[[1955,1956,1957,-1945,1958,-1937,1959,1960,1961]],"type":"Polygon","properties":{"id":"14000US17137952200"}},{"arcs":[[-1950,1962,1963,1964,-1934,-1959,-1944,-1939,-1953,1965,1966,-1957,1967]],"type":"Polygon","properties":{"id":"14000US17137951500"}},{"arcs":[[-576,1968,1969]],"type":"Polygon","properties":{"id":"14000US17161024200"}},{"arcs":[[1970,1971,1972,1973,1974,-1501]],"type":"Polygon","properties":{"id":"14000US17133600401"}},{"arcs":[[1975,1976,1977]],"type":"Polygon","properties":{"id":"14000US17037002000"}},{"arcs":[[-1977,1978,1979,1980]],"type":"Polygon","properties":{"id":"14000US17037002100"}},{"arcs":[[1981,1982,1983,1984,1985,1986]],"type":"Polygon","properties":{"id":"14000US17037000800"}},{"arcs":[[1987,1988,-1986,1989,1990]],"type":"Polygon","properties":{"id":"14000US17037001300"}},{"arcs":[[1991,1992,1993,1994,1995,1996,1997,1998,1999]],"type":"Polygon","properties":{"id":"14000US17037001800"}},{"arcs":[[2000,2001]],"type":"Polygon","properties":{"id":"14000US17087980000"}},{"arcs":[[-1361,2002,2003,2004,2005]],"type":"Polygon","properties":{"id":"14000US17163504355"}},{"arcs":[[2006,2007,2008,2009,2010]],"type":"Polygon","properties":{"id":"14000US17163504600"}},{"arcs":[[2011,-1369,-1708,2012,2013,2014,-1473]],"type":"Polygon","properties":{"id":"14000US17163503323"}},{"arcs":[[-1707,2015,2016,-1760,2017,-2013]],"type":"Polygon","properties":{"id":"14000US17163503334"}},{"arcs":[[-1364,-1370,-2012,2018]],"type":"Polygon","properties":{"id":"14000US17163503413"}},{"arcs":[[2019,2020,2021,2022]],"type":"Polygon","properties":{"id":"14000US17163501605"}},{"arcs":[[2023,-851,-1037,2024,2025,-1043,2026]],"type":"Polygon","properties":{"id":"14000US17197883304"}},{"arcs":[[2027,2028,2029,-1874]],"type":"Polygon","properties":{"id":"14000US17201000506"}},{"arcs":[[-1875,-2030,2030,-1843,2031,2032]],"type":"Polygon","properties":{"id":"14000US17201000507"}},{"arcs":[[2033,2034,2035,2036,2037]],"type":"Polygon","properties":{"id":"14000US17201000510"}},{"arcs":[[-1362,-2006,2038,-1425,2039,-1367]],"type":"Polygon","properties":{"id":"14000US17163504354"}},{"arcs":[[2040,2041,-1475,2042,2043,-2020]],"type":"Polygon","properties":{"id":"14000US17163501604"}},{"arcs":[[-2005,2044,-1420,-2039]],"type":"Polygon","properties":{"id":"14000US17163504351"}},{"arcs":[[-2029,-2037,2045,2046,-2031]],"type":"Polygon","properties":{"id":"14000US17201000511"}},{"arcs":[[-793,2047,2048]],"type":"Polygon","properties":{"id":"14000US17063000300"}},{"arcs":[[2049,2050,2051,2052,2053]],"type":"Polygon","properties":{"id":"14000US17063000900"}},{"arcs":[[-798,2054,2055,2056,2057]],"type":"Polygon","properties":{"id":"14000US17063000700"}},{"arcs":[[2058,-813,-794,-2049,2059,2060,2061,2062,2063]],"type":"Polygon","properties":{"id":"14000US17063000200"}},{"arcs":[[-2048,-800,2064,-2060]],"type":"Polygon","properties":{"id":"14000US17063000400"}},{"arcs":[[-2057,2065,2066,-2050,2067]],"type":"Polygon","properties":{"id":"14000US17063000800"}},{"arcs":[[-2061,-2065,-799,-2058,2068,2069]],"type":"Polygon","properties":{"id":"14000US17063000500"}},{"arcs":[[-2069,-2068,-2054,2070,-47,2071,2072,2073]],"type":"Polygon","properties":{"id":"14000US17063000600"}},{"arcs":[[-1844,-2047,2074,-1603,-1841]],"type":"Polygon","properties":{"id":"14000US17201000513"}},{"arcs":[[-1871,-1876,-2033,2075,2076]],"type":"Polygon","properties":{"id":"14000US17201000600"}},{"arcs":[[2077,2078,2079,2080,-634]],"type":"Polygon","properties":{"id":"14000US17201000800"}},{"arcs":[[2081,2082,2083,2084,2085,-1372,2086,2087,2088,2089,2090,2091,2092]],"type":"Polygon","properties":{"id":"14000US17163502404"}},{"arcs":[[2093,-1377,2094,2095,2096,2097,2098,2099,2100,2101]],"type":"Polygon","properties":{"id":"14000US17163504002"}},{"arcs":[[2102,2103,-1366,2104,2105,-2087,-1371,-2086]],"type":"Polygon","properties":{"id":"14000US17163503412"}},{"arcs":[[-1378,-2094,2106,-1972,2107]],"type":"Polygon","properties":{"id":"14000US17163504001"}},{"arcs":[[-2091,2108,2109,2110,2111]],"type":"Polygon","properties":{"id":"14000US17163501400"}},{"arcs":[[2112,2113,-2022,2114,-1445,2115,2116]],"type":"Polygon","properties":{"id":"14000US17163503202"}},{"arcs":[[2117,2118,-568,-1818,-1604,-2075]],"type":"Polygon","properties":{"id":"14000US17201000514"}},{"arcs":[[2119,2120,-853,2121,2122]],"type":"Polygon","properties":{"id":"14000US17197883307"}},{"arcs":[[-349,2123,-362,-370,2124]],"type":"Polygon","properties":{"id":"14000US17197880408"}},{"arcs":[[2125,2126,2127,2128]],"type":"Polygon","properties":{"id":"14000US17119401400"}},{"arcs":[[2129,2130,2131,2132,2133,2134,2135]],"type":"Polygon","properties":{"id":"14000US17119403801"}},{"arcs":[[2136,-1615,2137,2138,2139,2140,-1451,2141,-2084,2142,2143,2144]],"type":"Polygon","properties":{"id":"14000US17119400903"}},{"arcs":[[2145,2146,2147,-1447,2148]],"type":"Polygon","properties":{"id":"14000US17119403121"}},{"arcs":[[2149,2150,2151,2152]],"type":"Polygon","properties":{"id":"14000US17119402721"}},{"arcs":[[2153,2154,2155,2156,2157]],"type":"Polygon","properties":{"id":"14000US17119401800"}},{"arcs":[[2158,2159,-2145,2160,2161]],"type":"Polygon","properties":{"id":"14000US17119400700"}},{"arcs":[[2162,2163,2164,2165,2166,2167]],"type":"Polygon","properties":{"id":"14000US17119401200"}},{"arcs":[[2168,2169]],"type":"Polygon","properties":{"id":"14000US17019010100"}},{"arcs":[[2170,2171,2172,2173,2174]],"type":"Polygon","properties":{"id":"14000US17043843602"}},{"arcs":[[2175,2176,2177,2178,2179,-2172]],"type":"Polygon","properties":{"id":"14000US17043843601"}},{"arcs":[[2180,2181,2182,2183,2184,-2179]],"type":"Polygon","properties":{"id":"14000US17043844307"}},{"arcs":[[-2183,2185,2186,2187,2188]],"type":"Polygon","properties":{"id":"14000US17043844306"}},{"arcs":[[2189,2190,2191,2192]],"type":"Polygon","properties":{"id":"14000US17043844502"}},{"arcs":[[2193,2194,2195,2196,-680,2197,-1492,2198]],"type":"Polygon","properties":{"id":"14000US17197883603"}},{"arcs":[[2199,2200,-1249,2201,-677]],"type":"Polygon","properties":{"id":"14000US17197883700"}},{"arcs":[[2202,2203,2204,2205,2206,-1247]],"type":"Polygon","properties":{"id":"14000US17197883806"}},{"arcs":[[-992,2207,2208,2209,2210,2211,-1139]],"type":"Polygon","properties":{"id":"14000US17031804804"}},{"arcs":[[2212,2213,2214,2215,2216,2217]],"type":"Polygon","properties":{"id":"14000US17043845506"}},{"arcs":[[2218,2219,-1066,-1252,2220]],"type":"Polygon","properties":{"id":"14000US17043845810"}},{"arcs":[[2221,2222,-1256,2223,2224,2225]],"type":"Polygon","properties":{"id":"14000US17043845809"}},{"arcs":[[2226,2227,-1618,-1482,2228]],"type":"Polygon","properties":{"id":"14000US17197881005"}},{"arcs":[[2229,2230,2231,2232]],"type":"Polygon","properties":{"id":"14000US17113002101"}},{"arcs":[[2233,-2232,2234,2235,2236]],"type":"Polygon","properties":{"id":"14000US17113002102"}},{"arcs":[[2237,2238,2239,2240,2241,2242,2243]],"type":"Polygon","properties":{"id":"14000US17031070101"}},{"arcs":[[2244,2245,-1087,2246,2247]],"type":"Polygon","properties":{"id":"14000US17031110501"}},{"arcs":[[2248,2249,2250,2251]],"type":"Polygon","properties":{"id":"14000US17031030104"}},{"arcs":[[2252,-1549,2253,-1547,2254]],"type":"Polygon","properties":{"id":"14000US17031081401"}},{"arcs":[[-706,2255,2256,2257,2258]],"type":"Polygon","properties":{"id":"14000US17031430102"}},{"arcs":[[-774,2259,-539,2260,2261]],"type":"Polygon","properties":{"id":"14000US17031770902"}},{"arcs":[[2262,2263,2264,2265,2266,2267]],"type":"Polygon","properties":{"id":"14000US17031824121"}},{"arcs":[[2268,2269,-1988,2270,2271]],"type":"Polygon","properties":{"id":"14000US17037002200"}},{"arcs":[[-707,-2259,2272,2273]],"type":"Polygon","properties":{"id":"14000US17031430101"}},{"arcs":[[2274,2275,2276,2277,2278,2279]],"type":"Polygon","properties":{"id":"14000US17031804109"}},{"arcs":[[-1148,2280,2281,2282,2283]],"type":"Polygon","properties":{"id":"14000US17031804611"}},{"arcs":[[2284,2285,2286,2287,2288,2289]],"type":"Polygon","properties":{"id":"14000US17031824004"}},{"arcs":[[2290,-2288,2291,2292,-2227,2293,2294,2295]],"type":"Polygon","properties":{"id":"14000US17031824006"}},{"arcs":[[2296,2297,-820,2298,2299]],"type":"Polygon","properties":{"id":"14000US17031252101"}},{"arcs":[[2300,2301,-737,2302]],"type":"Polygon","properties":{"id":"14000US17031010501"}},{"arcs":[[-908,2303,2304,-903]],"type":"Polygon","properties":{"id":"14000US17031020701"}},{"arcs":[[2305,-2174,2306,2307,2308,2309]],"type":"Polygon","properties":{"id":"14000US17043844201"}},{"arcs":[[2310,2311,2312,2313,2314,2315,2316,2317,2318]],"type":"Polygon","properties":{"id":"14000US17143003700"}},{"arcs":[[2319,2320,2321,-2314]],"type":"Polygon","properties":{"id":"14000US17143003602"}},{"arcs":[[2322,2323,2324,2325,2326,2327]],"type":"Polygon","properties":{"id":"14000US17143004400"}},{"arcs":[[2328,2329,2330,2331,2332,2333,2334]],"type":"Polygon","properties":{"id":"14000US17143004200"}},{"arcs":[[2335,2336,-740,2337]],"type":"Polygon","properties":{"id":"14000US17031010201"}},{"arcs":[[2338,2339,2340,-772,2341,2342]],"type":"Polygon","properties":{"id":"14000US17031760801"}},{"arcs":[[-1161,2343,2344,2345,2346]],"type":"Polygon","properties":{"id":"14000US17031839000"}},{"arcs":[[2347,-1122,-1562,2348]],"type":"Polygon","properties":{"id":"14000US17031440201"}},{"arcs":[[2349,2350,2351,2352,2353]],"type":"Polygon","properties":{"id":"14000US17031540101"}},{"arcs":[[2354,2355,2356,2357,2358]],"type":"Polygon","properties":{"id":"14000US17031802004"}},{"arcs":[[2359,2360,2361,2362,-2356]],"type":"Polygon","properties":{"id":"14000US17031802003"}},{"arcs":[[2363,2364,2365,2366,2367,2368,-1580]],"type":"Polygon","properties":{"id":"14000US17031803013"}},{"arcs":[[2369,-1586,2370,2371]],"type":"Polygon","properties":{"id":"14000US17031802608"}},{"arcs":[[2372,2373,2374,-2370,2375]],"type":"Polygon","properties":{"id":"14000US17031803015"}},{"arcs":[[2376,2377,-1583,-2375]],"type":"Polygon","properties":{"id":"14000US17031803014"}},{"arcs":[[-867,2378,2379,2380,2381]],"type":"Polygon","properties":{"id":"14000US17031834000"}},{"arcs":[[2382,-8,2383,2384,2385]],"type":"Polygon","properties":{"id":"14000US17031833900"}},{"arcs":[[2386,2387,2388,2389,2390,2391]],"type":"Polygon","properties":{"id":"14000US17167000600"}},{"arcs":[[2392,2393,-2387,2394,2395,2396]],"type":"Polygon","properties":{"id":"14000US17167000700"}},{"arcs":[[-2396,2397,2398,2399]],"type":"Polygon","properties":{"id":"14000US17167000800"}},{"arcs":[[2400,-2397,-2400,2401,2402,2403]],"type":"Polygon","properties":{"id":"14000US17167000900"}},{"arcs":[[2404,2405,2406,-854]],"type":"Polygon","properties":{"id":"14000US17167001001"}},{"arcs":[[2407,2408,2409,2410,2411]],"type":"Polygon","properties":{"id":"14000US17167001100"}},{"arcs":[[2412,2413,2414,2415,2416,2417,2418]],"type":"Polygon","properties":{"id":"14000US17167001800"}},{"arcs":[[2419,2420,-2414,2421,2422]],"type":"Polygon","properties":{"id":"14000US17167001900"}},{"arcs":[[-2410,2423,2424,2425,2426]],"type":"Polygon","properties":{"id":"14000US17167002100"}},{"arcs":[[2427,-2422,-2413,2428,-2425]],"type":"Polygon","properties":{"id":"14000US17167002200"}},{"arcs":[[-2417,2429,2430,2431]],"type":"Polygon","properties":{"id":"14000US17167002300"}},{"arcs":[[2432,2433,2434,2435]],"type":"Polygon","properties":{"id":"14000US17097861609"}},{"arcs":[[-2407,2436,-2412,2437,2438,-855]],"type":"Polygon","properties":{"id":"14000US17167001004"}},{"arcs":[[-2418,-2432,2439,2440,2441,2442]],"type":"Polygon","properties":{"id":"14000US17167002600"}},{"arcs":[[-2426,-2429,-2419,2443,2444,2445]],"type":"Polygon","properties":{"id":"14000US17167002801"}},{"arcs":[[-2444,-2443,2446,2447,2448]],"type":"Polygon","properties":{"id":"14000US17167002802"}},{"arcs":[[2449,2450,2451,2452,2453,2454]],"type":"Polygon","properties":{"id":"14000US17095000900"}},{"arcs":[[2455,2456,2457,2458,-2452]],"type":"Polygon","properties":{"id":"14000US17095000800"}},{"arcs":[[2459,2460,-2450,2461]],"type":"Polygon","properties":{"id":"14000US17095000500"}},{"arcs":[[-2454,2462,2463,2464,2465,2466,2467,2468,2469]],"type":"Polygon","properties":{"id":"14000US17095001400"}},{"arcs":[[2470,2471,-2456,-2451,-2461]],"type":"Polygon","properties":{"id":"14000US17095000600"}},{"arcs":[[2472,2473,-2471,-2460,2474]],"type":"Polygon","properties":{"id":"14000US17095000400"}},{"arcs":[[2475,2476,2477,2478,2479,2480,2481,2482,2483,-2467]],"type":"Polygon","properties":{"id":"14000US17095001600"}},{"arcs":[[2484,2485,2486,-2464,2487]],"type":"Polygon","properties":{"id":"14000US17095001100"}},{"arcs":[[-2474,2488,2489,2490,-2457,-2472]],"type":"Polygon","properties":{"id":"14000US17095000300"}},{"arcs":[[2491,-2469,2492,2493]],"type":"Polygon","properties":{"id":"14000US17095001500"}},{"arcs":[[2494,2495,2496,2497,2498,2499,-2478,2500]],"type":"Polygon","properties":{"id":"14000US17095000100"}},{"arcs":[[2501,-2476,-2466,2502,-2486,2503,-2490]],"type":"Polygon","properties":{"id":"14000US17095001200"}},{"arcs":[[2504,2505,2506,2507,2508]],"type":"Polygon","properties":{"id":"14000US17057953600"}},{"arcs":[[2509,2510,2511,2512]],"type":"Polygon","properties":{"id":"14000US17107953200"}},{"arcs":[[2513,-2513,2514,2515]],"type":"Polygon","properties":{"id":"14000US17107953300"}},{"arcs":[[2516,-2516,2517,2518]],"type":"Polygon","properties":{"id":"14000US17107953400"}},{"arcs":[[-2491,-2504,-2485,2519,-2458]],"type":"Polygon","properties":{"id":"14000US17095000700"}},{"arcs":[[2520,2521,2522,-2408,2523]],"type":"Polygon","properties":{"id":"14000US17167000202"}},{"arcs":[[2524,2525,2526,2527,2528,2529,2530]],"type":"Polygon","properties":{"id":"14000US17167004000"}},{"arcs":[[2531,2532,2533,2534,2535]],"type":"Polygon","properties":{"id":"14000US17167003201"}},{"arcs":[[2536,2537,-2403,2538,-2522]],"type":"Polygon","properties":{"id":"14000US17167000300"}},{"arcs":[[2539,2540,-2404,-2538]],"type":"Polygon","properties":{"id":"14000US17167000400"}},{"arcs":[[2541]],"type":"Polygon","properties":{"id":"14000US17047957100"}},{"arcs":[[2542,2543,2544,2545]],"type":"Polygon","properties":{"id":"14000US17047956900"}},{"arcs":[[2546,2547,2548,2549,2550,2551]],"type":"Polygon","properties":{"id":"14000US17167003901"}},{"arcs":[[2552,2553,2554,2555,2556,2557,2558,-1935,-1965,2559]],"type":"Polygon","properties":{"id":"14000US17167003500"}},{"arcs":[[-2530,2560,2561,2562]],"type":"Polygon","properties":{"id":"14000US17167003802"}},{"arcs":[[-2441,2563,2564,2565,2566,2567]],"type":"Polygon","properties":{"id":"14000US17167002500"}},{"arcs":[[2568,2569,2570,2571,2572,2573,2574,-2554]],"type":"Polygon","properties":{"id":"14000US17167003601"}},{"arcs":[[2575,2576,2577,2578,-2540,-2537,-2521,2579,-2572]],"type":"Polygon","properties":{"id":"14000US17167000100"}},{"arcs":[[2580,-2567,2581,2582,-2547,2583,-2533]],"type":"Polygon","properties":{"id":"14000US17167003100"}},{"arcs":[[2584,-2534,-2584,-2552,2585,2586]],"type":"Polygon","properties":{"id":"14000US17167003203"}},{"arcs":[[-2580,-2524,-2437,-2406,-2573]],"type":"Polygon","properties":{"id":"14000US17167000201"}},{"arcs":[[-2402,2587,-2415,-2421,2588]],"type":"Polygon","properties":{"id":"14000US17167001400"}},{"arcs":[[2589,-2587,2590,2591,2592,2593,-2557]],"type":"Polygon","properties":{"id":"14000US17167003400"}},{"arcs":[[2594,-2535,-2585,-2590,-2556]],"type":"Polygon","properties":{"id":"14000US17167003202"}},{"arcs":[[-2448,2595,-2581,-2532,2596]],"type":"Polygon","properties":{"id":"14000US17167003000"}},{"arcs":[[-2405,-857,2597,2598,-2574]],"type":"Polygon","properties":{"id":"14000US17167003602"}},{"arcs":[[-2545,2599,2600,2601],[-2542]],"type":"Polygon","properties":{"id":"14000US17047957000"}},{"arcs":[[2602,2603,-2391,-2582,-2566,2604,-2564,-2440,-2431]],"type":"Polygon","properties":{"id":"14000US17167002400"}},{"arcs":[[-2586,-2551,2605,2606,-2591]],"type":"Polygon","properties":{"id":"14000US17167003300"}},{"arcs":[[-2575,-2599,2607,2608,-2597,-2536,-2595,-2555]],"type":"Polygon","properties":{"id":"14000US17167003603"}},{"arcs":[[2609,2610,2611,2612,2613,2614,2615]],"type":"Polygon","properties":{"id":"14000US17077010800"}},{"arcs":[[2616,2617,-2610,2618,2619,2620,2621]],"type":"Polygon","properties":{"id":"14000US17077010400"}},{"arcs":[[2622,2623,2624,-2617,2625]],"type":"Polygon","properties":{"id":"14000US17077010100"}},{"arcs":[[2626,2627,2628,2629,2630,2631]],"type":"Polygon","properties":{"id":"14000US17077011200"}},{"arcs":[[-2619,-2616,2632,2633,2634]],"type":"Polygon","properties":{"id":"14000US17077010700"}},{"arcs":[[2635,2636,2637,2638,-2628,2639,2640,2641,2642]],"type":"Polygon","properties":{"id":"14000US17077011600"}},{"arcs":[[2643,-2508,2644]],"type":"Polygon","properties":{"id":"14000US17057953400"}},{"arcs":[[-2482,2645,2646]],"type":"Polygon","properties":{"id":"14000US17057952800"}},{"arcs":[[2647,2648]],"type":"Polygon","properties":{"id":"14000US17057953800"}},{"arcs":[[2649,2650,2651,-2649,2652,2653,2654]],"type":"Polygon","properties":{"id":"14000US17057953200"}},{"arcs":[[2655,-2654,2656,2657,2658]],"type":"Polygon","properties":{"id":"14000US17057953100"}},{"arcs":[[2659,2660,-2645,-2507,2661,-2651]],"type":"Polygon","properties":{"id":"14000US17057953500"}},{"arcs":[[-2483,-2647,2662,2663,2664,2665,-2505,2666,-2660,-2650,2667]],"type":"Polygon","properties":{"id":"14000US17057952900"}},{"arcs":[[2668,-2493,-2468,-2484,-2668,-2655,-2656,2669]],"type":"Polygon","properties":{"id":"14000US17057953000"}},{"arcs":[[-2653,-2648,-2652,-2662,-2506,-2666,2670,2671,2672,2673,2674,-2657]],"type":"Polygon","properties":{"id":"14000US17057953700"}},{"arcs":[[2675,-2658,-2675,2676,2677,2678,2679]],"type":"Polygon","properties":{"id":"14000US17057953900"}},{"arcs":[[-2509,-2644,-2661,-2667]],"type":"Polygon","properties":{"id":"14000US17057953300"}},{"arcs":[[2680,2681,2682,2683,2684]],"type":"Polygon","properties":{"id":"14000US17155954500"}},{"arcs":[[2685,-2685,2686,2687,2688,2689,2690]],"type":"Polygon","properties":{"id":"14000US17155954600"}},{"arcs":[[2691,2692,2693,2694,2695,2696,2697,2698]],"type":"Polygon","properties":{"id":"14000US17139976900"}},{"arcs":[[-2692,2699]],"type":"Polygon","properties":{"id":"14000US17139977200"}},{"arcs":[[2700,-2693,-2700,-2699,2701,2702]],"type":"Polygon","properties":{"id":"14000US17139977100"}},{"arcs":[[2703,2704,2705,-2694,-2701,2706,2707]],"type":"Polygon","properties":{"id":"14000US17139977000"}},{"arcs":[[2708,2709,2710,2711,2712,2713,2714,2715]],"type":"Polygon","properties":{"id":"14000US17055040200"}},{"arcs":[[-2714,2716,-2712,2717,2718,2719,2720]],"type":"Polygon","properties":{"id":"14000US17055040400"}},{"arcs":[[2721,2722,2723,2724,2725,2726,2727,2728,2729,-2718]],"type":"Polygon","properties":{"id":"14000US17055040800"}},{"arcs":[[-2717,-2713]],"type":"Polygon","properties":{"id":"14000US17055040300"}},{"arcs":[[2730,2731,-2727]],"type":"Polygon","properties":{"id":"14000US17055040900"}},{"arcs":[[2732,2733,2734,2735,2736,2737,-860]],"type":"Polygon","properties":{"id":"14000US17043842706"}},{"arcs":[[-1909,2738,2739,2740,-1924,-2737]],"type":"Polygon","properties":{"id":"14000US17043844401"}},{"arcs":[[2741,2742,2743,2744]],"type":"Polygon","properties":{"id":"14000US17143005000"}},{"arcs":[[2745,-2423,-2428,-2424,-2409]],"type":"Polygon","properties":{"id":"14000US17167001200"}},{"arcs":[[-2539,-2589,-2420,-2746,-2523]],"type":"Polygon","properties":{"id":"14000US17167001300"}},{"arcs":[[2746,2747,2748,2749,2750,2751,2752,2753]],"type":"Polygon","properties":{"id":"14000US17121952200"}},{"arcs":[[2754,2755,2756,2757,2758,2759,2760]],"type":"Polygon","properties":{"id":"14000US17121951700"}},{"arcs":[[2761,2762,2763,2764]],"type":"Polygon","properties":{"id":"14000US17121952600"}},{"arcs":[[2765,2766,2767,2768,-2762,2769]],"type":"Polygon","properties":{"id":"14000US17121952700"}},{"arcs":[[2770,-2768,2771,2772,-2752,2773,2774]],"type":"Polygon","properties":{"id":"14000US17121952300"}},{"arcs":[[-2760,2775,-2772,-2767,2776]],"type":"Polygon","properties":{"id":"14000US17121951800"}},{"arcs":[[2777,2778,2779,-2747,2780,2781,-2757]],"type":"Polygon","properties":{"id":"14000US17121951600"}},{"arcs":[[-2759,2782,2783,-2753,-2773,-2776]],"type":"Polygon","properties":{"id":"14000US17121951900"}},{"arcs":[[2784,-2781,-2754,-2784]],"type":"Polygon","properties":{"id":"14000US17121952100"}},{"arcs":[[-2782,-2785,-2783,-2758]],"type":"Polygon","properties":{"id":"14000US17121952000"}},{"arcs":[[-2459,-2520,-2488,-2463,-2453]],"type":"Polygon","properties":{"id":"14000US17095001000"}},{"arcs":[[2785,-2501,-2477,-2502,-2489,-2473,2786]],"type":"Polygon","properties":{"id":"14000US17095000200"}},{"arcs":[[-2487,-2503,-2465]],"type":"Polygon","properties":{"id":"14000US17095001300"}},{"arcs":[[-2398,-2395,-2392,-2604,2787]],"type":"Polygon","properties":{"id":"14000US17167001600"}},{"arcs":[[-2447,-2442,-2568,-2596]],"type":"Polygon","properties":{"id":"14000US17167002700"}},{"arcs":[[2788,2789,2790,2791,-1525]],"type":"Polygon","properties":{"id":"14000US17031221000"}},{"arcs":[[2792,2793,2794,2795,-2790]],"type":"Polygon","properties":{"id":"14000US17031221100"}},{"arcs":[[2796,2797,2798,-1003,-995,-604]],"type":"Polygon","properties":{"id":"14000US17031242800"}},{"arcs":[[2799,2800,-1004,-2799]],"type":"Polygon","properties":{"id":"14000US17031242900"}},{"arcs":[[2801,2802,-1005,-2801]],"type":"Polygon","properties":{"id":"14000US17031243000"}},{"arcs":[[2803,2804,2805,-2803]],"type":"Polygon","properties":{"id":"14000US17031243100"}},{"arcs":[[2806,2807,2808,-2805]],"type":"Polygon","properties":{"id":"14000US17031243200"}},{"arcs":[[2809,2810,-619,-2808]],"type":"Polygon","properties":{"id":"14000US17031243300"}},{"arcs":[[2811,2812,-620,-2811]],"type":"Polygon","properties":{"id":"14000US17031243400"}},{"arcs":[[-2243,2813,2814,2815]],"type":"Polygon","properties":{"id":"14000US17031071400"}},{"arcs":[[2816,2817,2818,2819,2820,2821,2822,2823,2824,2825]],"type":"Polygon","properties":{"id":"14000US17101880700"}},{"arcs":[[2826,-2247,-1091,-1079,2827]],"type":"Polygon","properties":{"id":"14000US17031110400"}},{"arcs":[[-1093,2828,2829,2830]],"type":"Polygon","properties":{"id":"14000US17031150600"}},{"arcs":[[2831,2832,2833,-2829]],"type":"Polygon","properties":{"id":"14000US17031150700"}},{"arcs":[[2834,-189,-1309,-1314,-2833]],"type":"Polygon","properties":{"id":"14000US17031150800"}},{"arcs":[[-2824,2835,2836]],"type":"Polygon","properties":{"id":"14000US17101880900"}},{"arcs":[[-2825,-2837,2837,-2820,2838,2839,2840]],"type":"Polygon","properties":{"id":"14000US17101880800"}},{"arcs":[[-2822,2841]],"type":"Polygon","properties":{"id":"14000US17101881000"}},{"arcs":[[-2836,-2823,-2842,-2821,-2838]],"type":"Polygon","properties":{"id":"14000US17101881100"}},{"arcs":[[-2834,-1316,2842,2843]],"type":"Polygon","properties":{"id":"14000US17031151100"}},{"arcs":[[-2830,-2844,-1317,2844]],"type":"Polygon","properties":{"id":"14000US17031151200"}},{"arcs":[[2845,2846,2847,2848]],"type":"Polygon","properties":{"id":"14000US17031241500"}},{"arcs":[[2849,2850,2851,2852,2853]],"type":"Polygon","properties":{"id":"14000US17031241100"}},{"arcs":[[2854,2855,2856,-2847]],"type":"Polygon","properties":{"id":"14000US17031241600"}},{"arcs":[[2857,2858,2859,2860]],"type":"Polygon","properties":{"id":"14000US17031241300"}},{"arcs":[[2861,-2848,-2857,2862,2863,2864,-2859]],"type":"Polygon","properties":{"id":"14000US17031241400"}},{"arcs":[[2865,2866,2867,2868,2869,2870]],"type":"Polygon","properties":{"id":"14000US17161022600"}},{"arcs":[[2871,-621,-2813]],"type":"Polygon","properties":{"id":"14000US17031243500"}},{"arcs":[[2872,-814,2873,2874]],"type":"Polygon","properties":{"id":"14000US17031250200"}},{"arcs":[[2875,-2875,2876,2877]],"type":"Polygon","properties":{"id":"14000US17031250300"}},{"arcs":[[-1516,-1513,-2878,2878,2879,2880,2881]],"type":"Polygon","properties":{"id":"14000US17031250400"}},{"arcs":[[-450,-446,-2882,2882,2883,2884]],"type":"Polygon","properties":{"id":"14000US17031250500"}},{"arcs":[[-2815,2885,2886,2887,2888,2889,2890,2891]],"type":"Polygon","properties":{"id":"14000US17031071500"}},{"arcs":[[2892,2893,2894,-719,2895]],"type":"Polygon","properties":{"id":"14000US17031071800"}},{"arcs":[[2896,2897,2898,2899,2900,2901]],"type":"Polygon","properties":{"id":"14000US17001010500"}},{"arcs":[[2902,2903,2904,2905,2906]],"type":"Polygon","properties":{"id":"14000US17001010200"}},{"arcs":[[2907,2908,2909,2910,2911]],"type":"Polygon","properties":{"id":"14000US17001000500"}},{"arcs":[[2912,2913,-2907,2914,-2897,2915]],"type":"Polygon","properties":{"id":"14000US17001010100"}},{"arcs":[[-2915,2916,2917,2918,2919,-2898]],"type":"Polygon","properties":{"id":"14000US17001010400"}},{"arcs":[[2920,2921,2922,-2909]],"type":"Polygon","properties":{"id":"14000US17001000202"}},{"arcs":[[2923,2924,2925,2926,2927,-2919,2928,2929,2930]],"type":"Polygon","properties":{"id":"14000US17001010600"}},{"arcs":[[-2888,2931,2932,2933]],"type":"Polygon","properties":{"id":"14000US17031080100"}},{"arcs":[[-2890,2934,2935,2936,-173,2937]],"type":"Polygon","properties":{"id":"14000US17031080300"}},{"arcs":[[2938,-2938,-172,-720]],"type":"Polygon","properties":{"id":"14000US17031080400"}},{"arcs":[[2939,2940,2941,-185,2942]],"type":"Polygon","properties":{"id":"14000US17031160100"}},{"arcs":[[-2942,2943,2944,2945,-186]],"type":"Polygon","properties":{"id":"14000US17031160200"}},{"arcs":[[2946,2947,2948,-2945]],"type":"Polygon","properties":{"id":"14000US17031160300"}},{"arcs":[[2949,-1297,2950,-1304,2951,-2948]],"type":"Polygon","properties":{"id":"14000US17031160400"}},{"arcs":[[-1308,-208,2952,2953]],"type":"Polygon","properties":{"id":"14000US17031160700"}},{"arcs":[[2954,2955,2956,2957]],"type":"Polygon","properties":{"id":"14000US17031221300"}},{"arcs":[[2958,-95,2959,-541,2960]],"type":"Polygon","properties":{"id":"14000US17031221500"}},{"arcs":[[2961,-2961,-540,-2956]],"type":"Polygon","properties":{"id":"14000US17031221400"}},{"arcs":[[-2879,2962,2963,2964]],"type":"Polygon","properties":{"id":"14000US17031250600"}},{"arcs":[[-2877,2965,2966,-2963]],"type":"Polygon","properties":{"id":"14000US17031250700"}},{"arcs":[[-2874,-819,2967,-2966]],"type":"Polygon","properties":{"id":"14000US17031250800"}},{"arcs":[[-818,-257,2968,2969]],"type":"Polygon","properties":{"id":"14000US17031251000"}},{"arcs":[[-2968,-2970,2970,2971]],"type":"Polygon","properties":{"id":"14000US17031251100"}},{"arcs":[[2972,2973,2974,-90,-205]],"type":"Polygon","properties":{"id":"14000US17031051400"}},{"arcs":[[2975,-87,2976,2977,2978]],"type":"Polygon","properties":{"id":"14000US17031060100"}},{"arcs":[[2979,2980,2981,2982]],"type":"Polygon","properties":{"id":"14000US17031060300"}},{"arcs":[[2983,2984,2985,-870]],"type":"Polygon","properties":{"id":"14000US17031060800"}},{"arcs":[[2986,2987,2988,2989,2990]],"type":"Polygon","properties":{"id":"14000US17199020201"}},{"arcs":[[-1303,-2954,-436,2991]],"type":"Polygon","properties":{"id":"14000US17031160800"}},{"arcs":[[2992,2993]],"type":"Polygon","properties":{"id":"14000US17117956900"}},{"arcs":[[-2780,2994,2995,2996,2997,2998,2999,3000,-2748]],"type":"Polygon","properties":{"id":"14000US17025972200"}},{"arcs":[[3001,-2996]],"type":"Polygon","properties":{"id":"14000US17025972100"}},{"arcs":[[3002,3003,3004,3005,3006,3007]],"type":"Polygon","properties":{"id":"14000US17025971900"}},{"arcs":[[3008,-3007,3009,-2997,-3002,-2995,-2779]],"type":"Polygon","properties":{"id":"14000US17025972000"}},{"arcs":[[-1954,-1942,3010]],"type":"Polygon","properties":{"id":"14000US17137951800"}},{"arcs":[[-2763,-2769,-2771,3011]],"type":"Polygon","properties":{"id":"14000US17121952400"}},{"arcs":[[3012,-2764,-3012,-2775,3013,3014]],"type":"Polygon","properties":{"id":"14000US17121952500"}},{"arcs":[[-1955,-3011,-1941,3015,-1966]],"type":"Polygon","properties":{"id":"14000US17137951900"}},{"arcs":[[-3016,-1946,-1958,-1967]],"type":"Polygon","properties":{"id":"14000US17137952100"}},{"arcs":[[3016,3017,3018,3019,3020,3021]],"type":"Polygon","properties":{"id":"14000US17109010402"}},{"arcs":[[3022,-3017,3023]],"type":"Polygon","properties":{"id":"14000US17109980000"}},{"arcs":[[3024,-3018,-3023,3025]],"type":"Polygon","properties":{"id":"14000US17109010401"}},{"arcs":[[3026]],"type":"Polygon","properties":{"id":"14000US17053961800"}},{"arcs":[[3027,3028,3029,3030,3031,3032,3033,3034,3035]],"type":"Polygon","properties":{"id":"14000US17053961600"}},{"arcs":[[3036,-3033,3037,3038,3039,3040,3041,3042],[-3027]],"type":"Polygon","properties":{"id":"14000US17053961700"}},{"arcs":[[3043,3044,3045,-3043,3046,3047],[3048]],"type":"Polygon","properties":{"id":"14000US17053961900"}},{"arcs":[[3049,-885,3050,-1746,-1766,3051]],"type":"Polygon","properties":{"id":"14000US17043841327"}},{"arcs":[[3052,-1140,-2212,3053,3054,3055,-1776]],"type":"Polygon","properties":{"id":"14000US17043841315"}},{"arcs":[[3056,3057,-1852,-1863,3058,-1258]],"type":"Polygon","properties":{"id":"14000US17043841604"}},{"arcs":[[-3049]],"type":"Polygon","properties":{"id":"14000US17053962000"}},{"arcs":[[3059,3060,3061,3062]],"type":"Polygon","properties":{"id":"14000US17071973300"}},{"arcs":[[-3062,3063,3064,3065,3066]],"type":"Polygon","properties":{"id":"14000US17071973400"}},{"arcs":[[3067,-3066,3068,3069,3070,3071]],"type":"Polygon","properties":{"id":"14000US17071973500"}},{"arcs":[[3072,3073,3074,3075]],"type":"Polygon","properties":{"id":"14000US17185957400"}},{"arcs":[[3076,3077,3078,3079]],"type":"Polygon","properties":{"id":"14000US17177001100"}},{"arcs":[[-3076,3080,3081]],"type":"Polygon","properties":{"id":"14000US17185957300"}},{"arcs":[[3082,3083]],"type":"Polygon","properties":{"id":"14000US17141961700"}},{"arcs":[[3084,3085,3086,3087,3088,3089,3090,3091]],"type":"Polygon","properties":{"id":"14000US17141961500"}},{"arcs":[[3092,3093,3094,3095,3096]],"type":"Polygon","properties":{"id":"14000US17141961100"}},{"arcs":[[3097,3098,3099,3100,-3085,3101,3102]],"type":"Polygon","properties":{"id":"14000US17141960800"}},{"arcs":[[3103,-3096,3104,3105]],"type":"Polygon","properties":{"id":"14000US17141961600"}},{"arcs":[[3106,-3097,-3104,3107]],"type":"Polygon","properties":{"id":"14000US17141961200"}},{"arcs":[[3108,3109,3110,3111,-3086,-3101]],"type":"Polygon","properties":{"id":"14000US17141960900"}},{"arcs":[[3112,-1799,-1756,3113,-3084,3114,-3109,-3100]],"type":"Polygon","properties":{"id":"14000US17141960700"}},{"arcs":[[3115,3116,-3111]],"type":"Polygon","properties":{"id":"14000US17141961400"}},{"arcs":[[3117,3118,3119,3120,3121,-2569,-2553,3122]],"type":"Polygon","properties":{"id":"14000US17129010300"}},{"arcs":[[3123,3124,3125,3126]],"type":"Polygon","properties":{"id":"14000US17111870905"}},{"arcs":[[3127,3128,3129,3130,3131,3132]],"type":"Polygon","properties":{"id":"14000US17031819200"}},{"arcs":[[3133,3134,3135,3136,3137,3138]],"type":"Polygon","properties":{"id":"14000US17019000700"}},{"arcs":[[3139,-3134,3140,3141]],"type":"Polygon","properties":{"id":"14000US17019000800"}},{"arcs":[[-3141,-3139,3142,3143]],"type":"Polygon","properties":{"id":"14000US17019000901"}},{"arcs":[[-3144,3144,3145,3146,3147]],"type":"Polygon","properties":{"id":"14000US17019000902"}},{"arcs":[[3148,3149,3150,3151,3152,3153,3154,3155,3156,3157,3158,3159]],"type":"Polygon","properties":{"id":"14000US17113005102"}},{"arcs":[[3160,3161,3162,3163]],"type":"Polygon","properties":{"id":"14000US17113001105"}},{"arcs":[[3164,3165,3166,-1705,-2230,3167]],"type":"Polygon","properties":{"id":"14000US17113005900"}},{"arcs":[[3168,3169,3170,3171,-2237,3172,3173,3174,3175,3176]],"type":"Polygon","properties":{"id":"14000US17113006000"}},{"arcs":[[3177,3178,3179,3180]],"type":"Polygon","properties":{"id":"14000US17019001203"}},{"arcs":[[3181,-3180,3182,3183,3184]],"type":"Polygon","properties":{"id":"14000US17019001204"}},{"arcs":[[-3145,-3143,3185,3186,3187,3188]],"type":"Polygon","properties":{"id":"14000US17019001000"}},{"arcs":[[-3146,-3189,3189,-3178,3190,3191]],"type":"Polygon","properties":{"id":"14000US17019001201"}},{"arcs":[[3192,3193,3194,3195,3196]],"type":"Polygon","properties":{"id":"14000US17027900100"}},{"arcs":[[3197,3198,3199,3200]],"type":"Polygon","properties":{"id":"14000US17027900200"}},{"arcs":[[3201,3202,3203,3204,-2770,-2765,-3013,3205,3206]],"type":"Polygon","properties":{"id":"14000US17027900500"}},{"arcs":[[-3200,3207,3208,-3203,3209,3210,-3194]],"type":"Polygon","properties":{"id":"14000US17027900300"}},{"arcs":[[3211,-3123,-2560,-1964,3212,3213]],"type":"Polygon","properties":{"id":"14000US17017960100"}},{"arcs":[[3214,3215,3216,3217,3218,-3214,3219,-1948,3220]],"type":"Polygon","properties":{"id":"14000US17017960300"}},{"arcs":[[3221,-3216,3222]],"type":"Polygon","properties":{"id":"14000US17017960400"}},{"arcs":[[-3213,-1963,-1949,-3220]],"type":"Polygon","properties":{"id":"14000US17017960200"}},{"arcs":[[3223,3224,3225,3226,3227,3228]],"type":"Polygon","properties":{"id":"14000US17131040100"}},{"arcs":[[-3228,3229,3230]],"type":"Polygon","properties":{"id":"14000US17131040300"}},{"arcs":[[3231,-3229,-3231,3232,3233,-3060,3234]],"type":"Polygon","properties":{"id":"14000US17131040200"}},{"arcs":[[-3227,3235,-2495,-2786,3236,3237,-3233,-3230]],"type":"Polygon","properties":{"id":"14000US17131040400"}},{"arcs":[[3238,3239,3240,3241,3242]],"type":"Polygon","properties":{"id":"14000US17091012300"}},{"arcs":[[3243,3244,3245,3246,3247]],"type":"Polygon","properties":{"id":"14000US17091011300"}},{"arcs":[[3248,3249,3250,3251,-3242]],"type":"Polygon","properties":{"id":"14000US17091012400"}},{"arcs":[[3252,-1923,3253,-1854,3254]],"type":"Polygon","properties":{"id":"14000US17043846405"}},{"arcs":[[3255,3256,3257,3258,3259,3260,3261]],"type":"Polygon","properties":{"id":"14000US17031815600"}},{"arcs":[[3262,3263,3264,-3262,3265,3266,3267,3268]],"type":"Polygon","properties":{"id":"14000US17031818000"}},{"arcs":[[3269,3270,-1352,-1398,3271,3272,3273]],"type":"Polygon","properties":{"id":"14000US17031812000"}},{"arcs":[[3274,3275,3276,3277,-676,3278,-2196,3279,3280]],"type":"Polygon","properties":{"id":"14000US17031829402"}},{"arcs":[[-1856,3281,3282,3283,3284,3285,3286]],"type":"Polygon","properties":{"id":"14000US17043846504"}},{"arcs":[[3287,-1213,3288,3289,-1979]],"type":"Polygon","properties":{"id":"14000US17093890501"}},{"arcs":[[-3290,3290,3291,3292,3293,3294,3295,3296]],"type":"Polygon","properties":{"id":"14000US17093890602"}},{"arcs":[[3297,3298,3299,3300,3301]],"type":"Polygon","properties":{"id":"14000US17093890404"}},{"arcs":[[3302,3303,3304,-3291]],"type":"Polygon","properties":{"id":"14000US17093890601"}},{"arcs":[[-1212,3305,-3302,3306,-3303,-3289]],"type":"Polygon","properties":{"id":"14000US17093890401"}},{"arcs":[[3307,3308,3309,3310,3311]],"type":"Polygon","properties":{"id":"14000US17093890107"}},{"arcs":[[3312,3313]],"type":"Polygon","properties":{"id":"14000US17051950900"}},{"arcs":[[3314,3315,3316,3317,3318,3319]],"type":"Polygon","properties":{"id":"14000US17051950600"}},{"arcs":[[3320,-3314,3321,-3319,3322,-2755,3323,3324,3325,3326]],"type":"Polygon","properties":{"id":"14000US17051951000"}},{"arcs":[[3327,-3320,-3322,-3313,-3321]],"type":"Polygon","properties":{"id":"14000US17051950800"}},{"arcs":[[3328,3329,3330,3331,-3317]],"type":"Polygon","properties":{"id":"14000US17051950500"}},{"arcs":[[3332,3333,3334,3335,-3315,-3328,-3327,3336]],"type":"Polygon","properties":{"id":"14000US17051950700"}},{"arcs":[[-3318,-3332,3337,-3008,-3009,-2778,-2756,-3323]],"type":"Polygon","properties":{"id":"14000US17051951100"}},{"arcs":[[3338,3339,3340,3341,3342]],"type":"Polygon","properties":{"id":"14000US17109011100"}},{"arcs":[[3343,3344,-2670,3345]],"type":"Polygon","properties":{"id":"14000US17109010100"}},{"arcs":[[3346,3347,-3026,-3024,-3022,3348,3349,3350,-3340,3351]],"type":"Polygon","properties":{"id":"14000US17109010300"}},{"arcs":[[-3351,3352,3353,-3347,3354,-3346,-2659,-2676,3355,-3341]],"type":"Polygon","properties":{"id":"14000US17109011000"}},{"arcs":[[3356,3357,3358,3359,3360,3361,3362,3363,3364]],"type":"Polygon","properties":{"id":"14000US17045070500"}},{"arcs":[[3365,3366,3367,-3357,3368,3369]],"type":"Polygon","properties":{"id":"14000US17045070200"}},{"arcs":[[-3354,3370,-3019,-3025,-3348]],"type":"Polygon","properties":{"id":"14000US17109010600"}},{"arcs":[[3371,-3020,-3371,-3353,-3350]],"type":"Polygon","properties":{"id":"14000US17109010700"}},{"arcs":[[-3021,-3372,-3349]],"type":"Polygon","properties":{"id":"14000US17109010900"}},{"arcs":[[-3070,3372,-3344,-3355,-3352,-3339,3373]],"type":"Polygon","properties":{"id":"14000US17109010200"}},{"arcs":[[-3112,-3117,3374,3375,-3108,-3106,3376,3377,-3087]],"type":"Polygon","properties":{"id":"14000US17141961301"}},{"arcs":[[3378,3379,-1819,3380,3381,-3093,-3107,-3376,3382]],"type":"Polygon","properties":{"id":"14000US17141961001"}},{"arcs":[[-3115,-3083,-3114,-1755,3383,3384,-3383,-3375,-3116,-3110]],"type":"Polygon","properties":{"id":"14000US17141961302"}},{"arcs":[[3385,-3379,-3385]],"type":"Polygon","properties":{"id":"14000US17141961002"}},{"arcs":[[3386,3387,3388,3389,3390,3391]],"type":"Polygon","properties":{"id":"14000US17037001004"}},{"arcs":[[-3389,3392,-2269,3393]],"type":"Polygon","properties":{"id":"14000US17037001003"}},{"arcs":[[3394,3395,3396,3397]],"type":"Polygon","properties":{"id":"14000US17183011200"}},{"arcs":[[3398,-2642,3399,3400,3401,3402,3403]],"type":"Polygon","properties":{"id":"14000US17181950200"}},{"arcs":[[-3403,3404,3405,3406,3407,3408,3409,-218,3410]],"type":"Polygon","properties":{"id":"14000US17181950500"}},{"arcs":[[3411,-3401,3412,-3406]],"type":"Polygon","properties":{"id":"14000US17181950400"}},{"arcs":[[-3402,-3412,-3405]],"type":"Polygon","properties":{"id":"14000US17181950300"}},{"arcs":[[-2641,3413,3414,-3407,-3413,-3400]],"type":"Polygon","properties":{"id":"14000US17181950100"}},{"arcs":[[-3061,-3234,-3238,3415,3416,3417,3418,3419,-3064]],"type":"Polygon","properties":{"id":"14000US17187870100"}},{"arcs":[[-3065,-3420,3420,-2494,-2669,-3345,-3373,-3069]],"type":"Polygon","properties":{"id":"14000US17187870200"}},{"arcs":[[3421,3422,-3417]],"type":"Polygon","properties":{"id":"14000US17187870400"}},{"arcs":[[3423,-3422,-3416,-3237,-2787,-2475,-2462,-2455,-2470,-2492,-3421,-3419]],"type":"Polygon","properties":{"id":"14000US17187870300"}},{"arcs":[[3424,3425,-3398,3426,3427]],"type":"Polygon","properties":{"id":"14000US17183000300"}},{"arcs":[[3428,3429,3430,3431,3432]],"type":"Polygon","properties":{"id":"14000US17183000600"}},{"arcs":[[-1554,3433,3434]],"type":"Polygon","properties":{"id":"14000US17031320101"}},{"arcs":[[3435,3436,3437,3438,3439,-1235,3440]],"type":"Polygon","properties":{"id":"14000US17031829904"}},{"arcs":[[3441,3442,3443,3444,3445,3446,3447,-124,3448,-1176,-1180,-1694]],"type":"Polygon","properties":{"id":"14000US17031804204"}},{"arcs":[[3449,3450,3451,3452,3453]],"type":"Polygon","properties":{"id":"14000US17031804316"}},{"arcs":[[3454,3455,3456,3457,-764]],"type":"Polygon","properties":{"id":"14000US17031804514"}},{"arcs":[[3458,3459,-692,3460]],"type":"Polygon","properties":{"id":"14000US17031330103"}},{"arcs":[[3461,3462,3463,-588,3464,3465,3466,3467,-1606]],"type":"Polygon","properties":{"id":"14000US17031380600"}},{"arcs":[[3468,3469,-3459,3470]],"type":"Polygon","properties":{"id":"14000US17031330102"}},{"arcs":[[3471,3472,-693,-3460,-3470]],"type":"Polygon","properties":{"id":"14000US17031330101"}},{"arcs":[[-1336,3473,3474,-2386,3475,3476]],"type":"Polygon","properties":{"id":"14000US17031460800"}},{"arcs":[[3477,3478,3479,3480]],"type":"Polygon","properties":{"id":"14000US17031806005"}},{"arcs":[[3481,3482,-3478,3483]],"type":"Polygon","properties":{"id":"14000US17031806006"}},{"arcs":[[3484,3485,-3446]],"type":"Polygon","properties":{"id":"14000US17031804203"}},{"arcs":[[3486,3487,3488,3489]],"type":"Polygon","properties":{"id":"14000US17031803614"}},{"arcs":[[3490,3491,3492,3493,3494]],"type":"Polygon","properties":{"id":"14000US17031803616"}},{"arcs":[[3495,3496,3497,3498]],"type":"Polygon","properties":{"id":"14000US17031809402"}},{"arcs":[[3499,3500,3501]],"type":"Polygon","properties":{"id":"14000US17031828508"}},{"arcs":[[3502,3503,3504,-3500]],"type":"Polygon","properties":{"id":"14000US17031828507"}},{"arcs":[[3505,-2266,3506,3507,3508]],"type":"Polygon","properties":{"id":"14000US17031824126"}},{"arcs":[[3509,3510,3511,3512,3513,3514]],"type":"Polygon","properties":{"id":"14000US17031824508"}},{"arcs":[[-3423,-3424,-3418]],"type":"Polygon","properties":{"id":"14000US17187870500"}},{"arcs":[[3515,-3121]],"type":"Polygon","properties":{"id":"14000US17129010200"}},{"arcs":[[-3516,-3120,3516,3517,3518,-2570,-3122]],"type":"Polygon","properties":{"id":"14000US17129010100"}},{"arcs":[[3519,3520,3521,3522,3523,3524,3525,3526,3527]],"type":"Polygon","properties":{"id":"14000US17117956500"}},{"arcs":[[3528,3529,3530,3531]],"type":"Polygon","properties":{"id":"14000US17183010800"}},{"arcs":[[3532,3533,3534,3535,3536]],"type":"Polygon","properties":{"id":"14000US17183010701"}},{"arcs":[[3537,3538,3539,-3429,3540,3541]],"type":"Polygon","properties":{"id":"14000US17183000700"}},{"arcs":[[3542,3543,3544,3545,3546,-3542,3547,3548,3549,-3529,3550]],"type":"Polygon","properties":{"id":"14000US17183010300"}},{"arcs":[[3551,3552,3553,-3425,3554,-3430,-3540]],"type":"Polygon","properties":{"id":"14000US17183000500"}},{"arcs":[[3555,3556,-3538,-3547]],"type":"Polygon","properties":{"id":"14000US17183001300"}},{"arcs":[[-3431,3557,3558,3559]],"type":"Polygon","properties":{"id":"14000US17183000100"}},{"arcs":[[3560,-3432,-3560,3561,-3533,3562,-3549]],"type":"Polygon","properties":{"id":"14000US17183000900"}},{"arcs":[[3563,-1219,3564,-298,-843]],"type":"Polygon","properties":{"id":"14000US17197880416"}},{"arcs":[[-3541,-3433,-3561,-3548]],"type":"Polygon","properties":{"id":"14000US17183000800"}},{"arcs":[[3565,3566,3567,3568,3569,3570]],"type":"Polygon","properties":{"id":"14000US17183011100"}},{"arcs":[[3571,3572,-3553,3573,-3556,-3546]],"type":"Polygon","properties":{"id":"14000US17183010400"}},{"arcs":[[-3562,-3559,3574,-3427,-3397,3575,-3568,3576,-3534]],"type":"Polygon","properties":{"id":"14000US17183010500"}},{"arcs":[[-3535,-3577,-3567,3577,3578]],"type":"Polygon","properties":{"id":"14000US17183010600"}},{"arcs":[[3579,3580,3581,3582,3583,-3544,3584,-3040]],"type":"Polygon","properties":{"id":"14000US17183010100"}},{"arcs":[[-3531,3585,-3536,-3579,3586,-3571,3587,-3366,3588,3589]],"type":"Polygon","properties":{"id":"14000US17183010900"}},{"arcs":[[-3552,-3539,-3557,-3574]],"type":"Polygon","properties":{"id":"14000US17183001200"}},{"arcs":[[3590,3591,3592,3593,3594,3595,3596,3597]],"type":"Polygon","properties":{"id":"14000US17015960200"}},{"arcs":[[3598,3599,3600,-3595]],"type":"Polygon","properties":{"id":"14000US17015960400"}},{"arcs":[[-3598,3601,3602]],"type":"Polygon","properties":{"id":"14000US17015960300"}},{"arcs":[[3603,3604,-3103,3605,-3599,-3594]],"type":"Polygon","properties":{"id":"14000US17015960100"}},{"arcs":[[-3606,-3102,-3092,3606,3607,-3600]],"type":"Polygon","properties":{"id":"14000US17015960500"}},{"arcs":[[-3596,-3601,-3608,3608,-233,3609]],"type":"Polygon","properties":{"id":"14000US17015960600"}},{"arcs":[[3610,3611,3612,-3512]],"type":"Polygon","properties":{"id":"14000US17031824509"}},{"arcs":[[3613,3614,-3509,3615,3616,3617]],"type":"Polygon","properties":{"id":"14000US17031824127"}},{"arcs":[[3618,-2267,-3506,-3615]],"type":"Polygon","properties":{"id":"14000US17031824125"}},{"arcs":[[3619,-2268,-3619,-3614,3620]],"type":"Polygon","properties":{"id":"14000US17031824124"}},{"arcs":[[3621,3622,-3621,3623,3624]],"type":"Polygon","properties":{"id":"14000US17031824129"}},{"arcs":[[-3624,-3618,3625,-1626,3626]],"type":"Polygon","properties":{"id":"14000US17031824128"}},{"arcs":[[3627,3628,-3438]],"type":"Polygon","properties":{"id":"14000US17031829903"}},{"arcs":[[-125,-3448,3629,3630,3631]],"type":"Polygon","properties":{"id":"14000US17031804313"}},{"arcs":[[-3447,3632,3633,3634,-3630]],"type":"Polygon","properties":{"id":"14000US17031804312"}},{"arcs":[[3635,3636,3637,3638,3639,-1055]],"type":"Polygon","properties":{"id":"14000US17031820203"}},{"arcs":[[3640,3641,3642,-3636,-1054]],"type":"Polygon","properties":{"id":"14000US17031820204"}},{"arcs":[[-665,3643,3644,-192,3645,3646,3647]],"type":"Polygon","properties":{"id":"14000US17031630600"}},{"arcs":[[3648,3649,3650,3651,-2379]],"type":"Polygon","properties":{"id":"14000US17031490200"}},{"arcs":[[3652,-674,3653,3654,3655,3656]],"type":"Polygon","properties":{"id":"14000US17031612200"}},{"arcs":[[3657,-1014,-478,-1438,3658,3659,3660]],"type":"Polygon","properties":{"id":"14000US17031844700"}},{"arcs":[[-3468,3661,3662,3663,-1607]],"type":"Polygon","properties":{"id":"14000US17031844600"}},{"arcs":[[-808,-967,-1582,-3490,3664]],"type":"Polygon","properties":{"id":"14000US17031803613"}},{"arcs":[[-3495,3665,3666]],"type":"Polygon","properties":{"id":"14000US17031803615"}},{"arcs":[[-1654,-3634,3667,3668,-3454,3669,-397]],"type":"Polygon","properties":{"id":"14000US17031804314"}},{"arcs":[[-398,-3670,-3453,3670,3671,3672]],"type":"Polygon","properties":{"id":"14000US17031804512"}},{"arcs":[[3673,3674,-3451]],"type":"Polygon","properties":{"id":"14000US17031804315"}},{"arcs":[[-3672,3675,-3456,3676]],"type":"Polygon","properties":{"id":"14000US17031804513"}},{"arcs":[[3677,-1555,-3435,3678,-1159]],"type":"Polygon","properties":{"id":"14000US17031320102"}},{"arcs":[[3679,3680,3681,3682,3683,-3498]],"type":"Polygon","properties":{"id":"14000US17031809401"}},{"arcs":[[3684,-3582]],"type":"Polygon","properties":{"id":"14000US17183010200"}},{"arcs":[[3685,3686,-2690,3687,3688,3689,-2312,3690]],"type":"Polygon","properties":{"id":"14000US17123961300"}},{"arcs":[[-3689,3691,-2688,3692,3693,3694]],"type":"Polygon","properties":{"id":"14000US17123961100"}},{"arcs":[[-2689,-3692,-3688]],"type":"Polygon","properties":{"id":"14000US17123961200"}},{"arcs":[[-3694,3695,3696,3697,3698]],"type":"Polygon","properties":{"id":"14000US17123961500"}},{"arcs":[[-2313,-3690,-3695,-3699,3699,-2320]],"type":"Polygon","properties":{"id":"14000US17123961400"}},{"arcs":[[-636,3700,-1834,-1913,-630]],"type":"Polygon","properties":{"id":"14000US17201001000"}},{"arcs":[[3701,3702,3703,3704,3705,3706]],"type":"Polygon","properties":{"id":"14000US17081050700"}},{"arcs":[[3707,3708,-3704,3709,3710,3711,3712]],"type":"Polygon","properties":{"id":"14000US17081051100"}},{"arcs":[[-3706,3713,3714,3715]],"type":"Polygon","properties":{"id":"14000US17081050600"}},{"arcs":[[-3014,-2774,-2751,3716,3717,-3702,3718,3719,3720]],"type":"Polygon","properties":{"id":"14000US17081050100"}},{"arcs":[[-3718,3721,3722,-3710,-3703]],"type":"Polygon","properties":{"id":"14000US17081050800"}},{"arcs":[[3723,3724,-3720,3725,-3712,3726,3727,3728,3729]],"type":"Polygon","properties":{"id":"14000US17081050300"}},{"arcs":[[-2750,3730,3731,3732,-3722,-3717]],"type":"Polygon","properties":{"id":"14000US17081050200"}},{"arcs":[[-3719,-3707,-3716,3733,-3713,-3726]],"type":"Polygon","properties":{"id":"14000US17081050500"}},{"arcs":[[-3711,-3723,-3733,3734,3735,3736,3737,-3727]],"type":"Polygon","properties":{"id":"14000US17081050400"}},{"arcs":[[3738,3739,3740,3741,-429]],"type":"Polygon","properties":{"id":"14000US17115000900"}},{"arcs":[[3742,3743,3744,-3740]],"type":"Polygon","properties":{"id":"14000US17115001000"}},{"arcs":[[3745,3746,3747,3748]],"type":"Polygon","properties":{"id":"14000US17029000300"}},{"arcs":[[3749,3750,3751,3752,3753,3754,-3746]],"type":"Polygon","properties":{"id":"14000US17029000400"}},{"arcs":[[-3751,3755,3756,3757,3758,3759]],"type":"Polygon","properties":{"id":"14000US17029000500"}},{"arcs":[[3760,3761,3762]],"type":"Polygon","properties":{"id":"14000US17029000800"}},{"arcs":[[-3754,3763,3764]],"type":"Polygon","properties":{"id":"14000US17029001000"}},{"arcs":[[-3759,3765,-3763,3766,3767]],"type":"Polygon","properties":{"id":"14000US17029000900"}},{"arcs":[[3768,3769,3770,3771,3772]],"type":"Polygon","properties":{"id":"14000US17113001302"}},{"arcs":[[3773,-3048,3774,3775,3776,-3153]],"type":"Polygon","properties":{"id":"14000US17113005602"}},{"arcs":[[3777,-3159,3778,3779,3780,-3169,3781]],"type":"Polygon","properties":{"id":"14000US17113005202"}},{"arcs":[[-3158,3782,3783,3784,3785,-3779]],"type":"Polygon","properties":{"id":"14000US17113000105"}},{"arcs":[[3786,3787,3788,3789,3790]],"type":"Polygon","properties":{"id":"14000US17115000400"}},{"arcs":[[3791,3792,-434,3793,3794,3795]],"type":"Polygon","properties":{"id":"14000US17115000600"}},{"arcs":[[3796,-3775,3797,3798,3799,3800,3801,3802]],"type":"Polygon","properties":{"id":"14000US17113005502"}},{"arcs":[[3803,3804,3805,-3045,3806,-3151]],"type":"Polygon","properties":{"id":"14000US17113005700"}},{"arcs":[[-3807,-3044,-3774,-3152]],"type":"Polygon","properties":{"id":"14000US17113005601"}},{"arcs":[[3807,3808,3809,3810,3811,3812,-3769,3813]],"type":"Polygon","properties":{"id":"14000US17113000400"}},{"arcs":[[-3813,3814,3815,3816,3817,-3770]],"type":"Polygon","properties":{"id":"14000US17113001301"}},{"arcs":[[-3776,-3797,3818]],"type":"Polygon","properties":{"id":"14000US17113005501"}},{"arcs":[[3819,3820,3821,-3810,3822,3823]],"type":"Polygon","properties":{"id":"14000US17113000200"}},{"arcs":[[-2906,3824,3825,3826,-2917]],"type":"Polygon","properties":{"id":"14000US17001010301"}},{"arcs":[[-2918,-3827,3827,-2929]],"type":"Polygon","properties":{"id":"14000US17001010302"}},{"arcs":[[3828]],"type":"Polygon","properties":{"id":"14000US17023060200"}},{"arcs":[[3829,3830]],"type":"Polygon","properties":{"id":"14000US17023060300"}},{"arcs":[[-3363,3831,3832,3833,3834,-3830,3835,3836]],"type":"Polygon","properties":{"id":"14000US17023060400"}},{"arcs":[[-3362,3837,3838,-3832],[-3829]],"type":"Polygon","properties":{"id":"14000US17023060100"}},{"arcs":[[3839,3840,3841,3842,3843]],"type":"Polygon","properties":{"id":"14000US17143002300"}},{"arcs":[[-3842,3844,3845,3846,3847]],"type":"Polygon","properties":{"id":"14000US17143002400"}},{"arcs":[[3848,-3847,3849,3850,3851,3852]],"type":"Polygon","properties":{"id":"14000US17143002500"}},{"arcs":[[3853,-2333,3854,3855,-3850,-3846]],"type":"Polygon","properties":{"id":"14000US17143002600"}},{"arcs":[[3856,3857,-3844,3858,3859,3860,3861]],"type":"Polygon","properties":{"id":"14000US17143002800"}},{"arcs":[[3862,3863,3864,3865,-3857]],"type":"Polygon","properties":{"id":"14000US17143003000"}},{"arcs":[[3866,3867,-3863,-3862,3868,3869]],"type":"Polygon","properties":{"id":"14000US17143003101"}},{"arcs":[[3870,3871,3872,3873,3874]],"type":"Polygon","properties":{"id":"14000US17097865801"}},{"arcs":[[3875,3876,3877,3878]],"type":"Polygon","properties":{"id":"14000US17097861505"}},{"arcs":[[3879,3880,3881,3882,-1288]],"type":"Polygon","properties":{"id":"14000US17097861702"}},{"arcs":[[3883,3884,3885,3886,3887]],"type":"Polygon","properties":{"id":"14000US17083010200"}},{"arcs":[[3888,3889,3890,-1792]],"type":"Polygon","properties":{"id":"14000US17083010500"}},{"arcs":[[3891,-3527,3892,-3884,3893,-1796]],"type":"Polygon","properties":{"id":"14000US17083010100"}},{"arcs":[[-1791,-1797,-3894,-3888,-2153,3894,3895,-3889]],"type":"Polygon","properties":{"id":"14000US17083010300"}},{"arcs":[[3896,3897]],"type":"Polygon","properties":{"id":"14000US17021958900"}},{"arcs":[[-3757,3898,3899,-3767,-3762,3900]],"type":"Polygon","properties":{"id":"14000US17029000701"}},{"arcs":[[-3901,-3761,-3766,-3758]],"type":"Polygon","properties":{"id":"14000US17029000702"}},{"arcs":[[3901,3902,3903,3904,3905,3906,3907,-1795,-1789,3908]],"type":"Polygon","properties":{"id":"14000US17061973800"}},{"arcs":[[3909,-3905]],"type":"Polygon","properties":{"id":"14000US17061973900"}},{"arcs":[[3910,-1961,3911,-3528,-3892,-3908,3912,-3906,-3910,-3904],[3913]],"type":"Polygon","properties":{"id":"14000US17061973600"}},{"arcs":[[-3914]],"type":"Polygon","properties":{"id":"14000US17061973700"}},{"arcs":[[-3913,-3907]],"type":"Polygon","properties":{"id":"14000US17061974000"}},{"arcs":[[-3823,-3809,3914,3915]],"type":"Polygon","properties":{"id":"14000US17113000301"}},{"arcs":[[3916,3917,-3824,-3916,3918,3919,-3171]],"type":"Polygon","properties":{"id":"14000US17113000302"}},{"arcs":[[3920,3921,-3370,3922,3923]],"type":"Polygon","properties":{"id":"14000US17041952000"}},{"arcs":[[3924,3925,3926,3927,3928,-2696]],"type":"Polygon","properties":{"id":"14000US17041952300"}},{"arcs":[[3929,3930]],"type":"Polygon","properties":{"id":"14000US17041952200"}},{"arcs":[[3931,-3931,3932,-3924,3933,3934,-3928]],"type":"Polygon","properties":{"id":"14000US17041952400"}},{"arcs":[[3935,3936,3937,-3921,-3933,-3930,-3932,-3927]],"type":"Polygon","properties":{"id":"14000US17041952100"}},{"arcs":[[3938,-1524,-245]],"type":"Polygon","properties":{"id":"14000US17031220701"}},{"arcs":[[3939,3940,-2239,-928]],"type":"Polygon","properties":{"id":"14000US17031063302"}},{"arcs":[[3941,3942,-822,3943]],"type":"Polygon","properties":{"id":"14000US17031252201"}},{"arcs":[[3944,-200,3945,3946]],"type":"Polygon","properties":{"id":"14000US17031660302"}},{"arcs":[[-3946,-199,3947,3948]],"type":"Polygon","properties":{"id":"14000US17031660301"}},{"arcs":[[3949,3950,3951,-1112]],"type":"Polygon","properties":{"id":"14000US17031730202"}},{"arcs":[[-826,3952,-62,3953,3954]],"type":"Polygon","properties":{"id":"14000US17031813302"}},{"arcs":[[-3954,-61,-1403]],"type":"Polygon","properties":{"id":"14000US17031813702"}},{"arcs":[[-827,-3955,-1402,3955]],"type":"Polygon","properties":{"id":"14000US17031813301"}},{"arcs":[[3956,3957,3958,-2366]],"type":"Polygon","properties":{"id":"14000US17031802403"}},{"arcs":[[3959,3960,3961]],"type":"Polygon","properties":{"id":"14000US17031803016"}},{"arcs":[[3962,3963,-968,3964,-3493]],"type":"Polygon","properties":{"id":"14000US17031803701"}},{"arcs":[[3965,-2280,3966,3967]],"type":"Polygon","properties":{"id":"14000US17031804108"}},{"arcs":[[3968,-983,3969,3970]],"type":"Polygon","properties":{"id":"14000US17031804715"}},{"arcs":[[3971,3972,3973,-671,-1608]],"type":"Polygon","properties":{"id":"14000US17031835600"}},{"arcs":[[-1595,3974,3975,3976,3977,-105,-111]],"type":"Polygon","properties":{"id":"14000US17031840000"}},{"arcs":[[3978,3979,3980,3981,-3815,-3812]],"type":"Polygon","properties":{"id":"14000US17113000501"}},{"arcs":[[3982,3983,-3981]],"type":"Polygon","properties":{"id":"14000US17113000502"}},{"arcs":[[-700,3984,3985,3986,3987,3988]],"type":"Polygon","properties":{"id":"14000US17031836400"}},{"arcs":[[3989,3990,3991,3992,3993,3994,3995,3996,-3973]],"type":"Polygon","properties":{"id":"14000US17031836100"}},{"arcs":[[-672,-3974,3997,-638,3998,-114,-120]],"type":"Polygon","properties":{"id":"14000US17031834600"}},{"arcs":[[3999,4000,4001,-3993,4002,4003]],"type":"Polygon","properties":{"id":"14000US17031843600"}},{"arcs":[[4004,4005,-3784,4006,4007,4008,4009,-3983,-3980]],"type":"Polygon","properties":{"id":"14000US17113000504"}},{"arcs":[[4010,-3163,4011,4012,4013]],"type":"Polygon","properties":{"id":"14000US17113001103"}},{"arcs":[[4014,4015,4016,-1650,4017]],"type":"Polygon","properties":{"id":"14000US17197882702"}},{"arcs":[[-4017,4018,4019,4020,4021,4022]],"type":"Polygon","properties":{"id":"14000US17197882602"}},{"arcs":[[4023,-1222,4024,-1641,4025]],"type":"Polygon","properties":{"id":"14000US17197883210"}},{"arcs":[[-299,-3565,-1223,-4024,4026,-1643,-278]],"type":"Polygon","properties":{"id":"14000US17197883214"}},{"arcs":[[-280,-1644,-4027,4027,-844,4028]],"type":"Polygon","properties":{"id":"14000US17197883213"}},{"arcs":[[4029,4030,-516]],"type":"Polygon","properties":{"id":"14000US17197881301"}},{"arcs":[[-1457,4031,4032,4033]],"type":"Polygon","properties":{"id":"14000US17197881111"}},{"arcs":[[4034,-1623,-1634,4035,4036]],"type":"Polygon","properties":{"id":"14000US17197881113"}},{"arcs":[[4037,-1624,-4035,-4033,4038]],"type":"Polygon","properties":{"id":"14000US17197881115"}},{"arcs":[[-1667,-1224,-1879,4039]],"type":"Polygon","properties":{"id":"14000US17089851101"}},{"arcs":[[4040,4041,-1696,4042]],"type":"Polygon","properties":{"id":"14000US17089850105"}},{"arcs":[[4043,4044,4045,-1535]],"type":"Polygon","properties":{"id":"14000US17031061902"}},{"arcs":[[4046,4047,4048,4049]],"type":"Polygon","properties":{"id":"14000US17031030102"}},{"arcs":[[-2251,4050,-4047,4051]],"type":"Polygon","properties":{"id":"14000US17031030103"}},{"arcs":[[4052,4053,4054,4055,4056,-1544,-1557,-1542]],"type":"Polygon","properties":{"id":"14000US17031030706"}},{"arcs":[[4057,4058,4059,-596,4060]],"type":"Polygon","properties":{"id":"14000US17031030601"}},{"arcs":[[-2932,-2887,4061,-1551,4062,-923,4063]],"type":"Polygon","properties":{"id":"14000US17031081202"}},{"arcs":[[4064,-2240,-3941]],"type":"Polygon","properties":{"id":"14000US17031063303"}},{"arcs":[[-3982,-3984,-4010,4065,4066,-3816]],"type":"Polygon","properties":{"id":"14000US17113001200"}},{"arcs":[[4067,-3814,-3773,4068,4069]],"type":"Polygon","properties":{"id":"14000US17113001303"}},{"arcs":[[-3920,4070,4071,-2234,-3172]],"type":"Polygon","properties":{"id":"14000US17113001402"}},{"arcs":[[4072,-4070,4073,-3165,4074]],"type":"Polygon","properties":{"id":"14000US17113001500"}},{"arcs":[[-4069,-3772,4075,-3166,-4074]],"type":"Polygon","properties":{"id":"14000US17113001600"}},{"arcs":[[-3771,-3818,4076,-1701,-3167,-4076]],"type":"Polygon","properties":{"id":"14000US17113001700"}},{"arcs":[[-1526,-2792,4077,-1519]],"type":"Polygon","properties":{"id":"14000US17031220901"}},{"arcs":[[-1347,4078,4079,4080,-1528]],"type":"Polygon","properties":{"id":"14000US17031210602"}},{"arcs":[[-4080,4081,4082,-244]],"type":"Polygon","properties":{"id":"14000US17031220602"}},{"arcs":[[-4083,4083,-2793,-2789,-3939]],"type":"Polygon","properties":{"id":"14000US17031220601"}},{"arcs":[[4084,-919,4085,-913]],"type":"Polygon","properties":{"id":"14000US17031040401"}},{"arcs":[[4086,4087,-823,-3943]],"type":"Polygon","properties":{"id":"14000US17031252202"}},{"arcs":[[4088,-3944,-821,-2298]],"type":"Polygon","properties":{"id":"14000US17031252102"}},{"arcs":[[4089,4090,4091,4092,4093,4094,4095]],"type":"Polygon","properties":{"id":"14000US17031770601"}},{"arcs":[[4096,4097,4098,4099,4100,4101]],"type":"Polygon","properties":{"id":"14000US17031806103"}},{"arcs":[[4102,4103,4104,4105]],"type":"Polygon","properties":{"id":"14000US17031802610"}},{"arcs":[[4106,4107,-4103,4108]],"type":"Polygon","properties":{"id":"14000US17031802609"}},{"arcs":[[-1145,4109,-2281]],"type":"Polygon","properties":{"id":"14000US17031804610"}},{"arcs":[[4110,4111,4112,4113]],"type":"Polygon","properties":{"id":"14000US17031770201"}},{"arcs":[[4114,4115,4116,4117,4118]],"type":"Polygon","properties":{"id":"14000US17043842704"}},{"arcs":[[4119,4120,4121,-2181,-2178]],"type":"Polygon","properties":{"id":"14000US17043843700"}},{"arcs":[[4122,4123,4124,4125,4126,-4121,4127]],"type":"Polygon","properties":{"id":"14000US17043843800"}},{"arcs":[[4128,4129,4130,4131,-4125]],"type":"Polygon","properties":{"id":"14000US17043843900"}},{"arcs":[[-3409,4132,4133,4134,-214,4135]],"type":"Polygon","properties":{"id":"14000US17153971000"}},{"arcs":[[-219,-3410,-4136,-213,-210]],"type":"Polygon","properties":{"id":"14000US17153971100"}},{"arcs":[[4136,4137,4138,4139,-985]],"type":"Polygon","properties":{"id":"14000US17031804308"}},{"arcs":[[4140,4141,4142,4143,4144]],"type":"Polygon","properties":{"id":"14000US17031820605"}},{"arcs":[[4145,4146,4147,4148,4149,-3994]],"type":"Polygon","properties":{"id":"14000US17031836300"}},{"arcs":[[-3997,4150,4151,4152,4153,-639,-3998]],"type":"Polygon","properties":{"id":"14000US17031834500"}},{"arcs":[[-3466,4154,4155,4156,-4000,4157,4158]],"type":"Polygon","properties":{"id":"14000US17031836000"}},{"arcs":[[4159,4160,4161,4162,4163,4164]],"type":"Polygon","properties":{"id":"14000US17031836200"}},{"arcs":[[-4132,4165,4166,4167,4168,-4126]],"type":"Polygon","properties":{"id":"14000US17043844100"}},{"arcs":[[4169,4170,-710,-646,4171]],"type":"Polygon","properties":{"id":"14000US17031834400"}},{"arcs":[[-1120,4172,-716,4173,4174,-1558]],"type":"Polygon","properties":{"id":"14000US17031834300"}},{"arcs":[[-1628,4175,-1656]],"type":"Polygon","properties":{"id":"14000US17197883521"}},{"arcs":[[4176,-1467,4177]],"type":"Polygon","properties":{"id":"14000US17197980100"}},{"arcs":[[4178,-43,4179,4180]],"type":"Polygon","properties":{"id":"14000US17019000302"}},{"arcs":[[-4180,4181,4182,4183,4184]],"type":"Polygon","properties":{"id":"14000US17019000301"}},{"arcs":[[4185,4186,-4184,4187,4188]],"type":"Polygon","properties":{"id":"14000US17019000402"}},{"arcs":[[-4183,4189,4190,-4188]],"type":"Polygon","properties":{"id":"14000US17019000401"}},{"arcs":[[4191,4192,4193,4194,4195]],"type":"Polygon","properties":{"id":"14000US17019005702"}},{"arcs":[[4196,4197,4198,-4192,4199]],"type":"Polygon","properties":{"id":"14000US17019005701"}},{"arcs":[[4200,4201,4202,-4128,-4120,-2177,4203]],"type":"Polygon","properties":{"id":"14000US17043843200"}},{"arcs":[[4204,4205,-2175,-2306,4206]],"type":"Polygon","properties":{"id":"14000US17043843500"}},{"arcs":[[4207,-1238,4208,4209,4210]],"type":"Polygon","properties":{"id":"14000US17197883513"}},{"arcs":[[4211,4212,4213,4214,4215]],"type":"Polygon","properties":{"id":"14000US17043842800"}},{"arcs":[[4216,4217,4218,4219,-4129,-4124,4220]],"type":"Polygon","properties":{"id":"14000US17043843000"}},{"arcs":[[-3817,-4067,-4014,-1702,-4077]],"type":"Polygon","properties":{"id":"14000US17113001800"}},{"arcs":[[4221,4222,4223,4224]],"type":"Polygon","properties":{"id":"14000US17097861008"}},{"arcs":[[4225,4226,4227,4228,-4222]],"type":"Polygon","properties":{"id":"14000US17097861009"}},{"arcs":[[4229,4230,4231,4232,4233,4234]],"type":"Polygon","properties":{"id":"14000US17097861011"}},{"arcs":[[4235,4236,4237,4238,-4230,4239,4240]],"type":"Polygon","properties":{"id":"14000US17097861012"}},{"arcs":[[4241,-4224,4242,-4231,-4239]],"type":"Polygon","properties":{"id":"14000US17097861013"}},{"arcs":[[4243,4244,4245,4246]],"type":"Polygon","properties":{"id":"14000US17099963100"}},{"arcs":[[4247,4248,4249]],"type":"Polygon","properties":{"id":"14000US17119403200"}},{"arcs":[[4250,4251,4252,4253,4254]],"type":"Polygon","properties":{"id":"14000US17119402600"}},{"arcs":[[4255,4256,-4249,4257,4258]],"type":"Polygon","properties":{"id":"14000US17119403300"}},{"arcs":[[4259,4260,4261]],"type":"Polygon","properties":{"id":"14000US17179020600"}},{"arcs":[[4262,4263,4264,4265,4266]],"type":"Polygon","properties":{"id":"14000US17179021000"}},{"arcs":[[4267,4268,-4267,4269,4270]],"type":"Polygon","properties":{"id":"14000US17179020900"}},{"arcs":[[-2156,4271,4272,4273,4274]],"type":"Polygon","properties":{"id":"14000US17119401901"}},{"arcs":[[4275,4276,-4251,4277,4278,4279]],"type":"Polygon","properties":{"id":"14000US17119402100"}},{"arcs":[[-2151,4280,-4280,4281,4282,4283]],"type":"Polygon","properties":{"id":"14000US17119402200"}},{"arcs":[[4284,-4283,4285,4286]],"type":"Polygon","properties":{"id":"14000US17119402300"}},{"arcs":[[-4278,-4255,4287]],"type":"Polygon","properties":{"id":"14000US17119402500"}},{"arcs":[[4288,4289,4290,4291,4292]],"type":"Polygon","properties":{"id":"14000US17151971300"}},{"arcs":[[4293,4294,4295,-4290,4296]],"type":"Polygon","properties":{"id":"14000US17151971200"}},{"arcs":[[-3188,4297,4298,-3190]],"type":"Polygon","properties":{"id":"14000US17019001100"}},{"arcs":[[4299,4300,4301]],"type":"Polygon","properties":{"id":"14000US17021958400"}},{"arcs":[[4302,-3897]],"type":"Polygon","properties":{"id":"14000US17021958800"}},{"arcs":[[-3041,-3585,-3543,4303,4304,4305],[4306,4307,-2170,4308]],"type":"Polygon","properties":{"id":"14000US17019010400"}},{"arcs":[[-3135,-3140,4309,4310,4311,-38,4312]],"type":"Polygon","properties":{"id":"14000US17019005300"}},{"arcs":[[-3798,-3047,-3042,-4306,4313,4314,4315,4316]],"type":"Polygon","properties":{"id":"14000US17019010500"}},{"arcs":[[-4316,4317,4318]],"type":"Polygon","properties":{"id":"14000US17019010601"}},{"arcs":[[4319,-3589,-3922,-3938,4320]],"type":"Polygon","properties":{"id":"14000US17019010800"}},{"arcs":[[4321,4322,4323,4324,4325]],"type":"Polygon","properties":{"id":"14000US17161021300"}},{"arcs":[[4326,4327,4328,4329,4330,4331]],"type":"Polygon","properties":{"id":"14000US17031825600"}},{"arcs":[[4332,4333,4334,4335]],"type":"Polygon","properties":{"id":"14000US17161021600"}},{"arcs":[[4336,-4335,4337,4338,4339]],"type":"Polygon","properties":{"id":"14000US17161021700"}},{"arcs":[[-4338,-4334,4340,4341,4342,4343,4344]],"type":"Polygon","properties":{"id":"14000US17161021800"}},{"arcs":[[4345,4346,-4344,4347,-572,4348]],"type":"Polygon","properties":{"id":"14000US17161021900"}},{"arcs":[[4349,4350,4351,4352]],"type":"Polygon","properties":{"id":"14000US17161021000"}},{"arcs":[[-4343,4353,-4352,4354,4355,-573,-4348]],"type":"Polygon","properties":{"id":"14000US17161021100"}},{"arcs":[[-4325,4356,-4353,-4354,-4342]],"type":"Polygon","properties":{"id":"14000US17161021200"}},{"arcs":[[-4223,-4229,4357,4358,-4232,-4243]],"type":"Polygon","properties":{"id":"14000US17097861014"}},{"arcs":[[-4358,-2436,4359,-1285,4360,4361,4362,-1071,-1270,4363]],"type":"Polygon","properties":{"id":"14000US17097861106"}},{"arcs":[[-4234,4364,-1268,4365,4366,4367,4368]],"type":"Polygon","properties":{"id":"14000US17097861201"}},{"arcs":[[-4233,-4359,-4364,-1269,-4365]],"type":"Polygon","properties":{"id":"14000US17097861202"}},{"arcs":[[-1651,-4023,4369,-522]],"type":"Polygon","properties":{"id":"14000US17197882601"}},{"arcs":[[-4028,-4026,-1640,4370,4371,4372,-845]],"type":"Polygon","properties":{"id":"14000US17197883211"}},{"arcs":[[4373,4374,-2027,-1042,4375,4376,4377,-2056]],"type":"Polygon","properties":{"id":"14000US17197883402"}},{"arcs":[[-1044,-2026,4378,4379,4380]],"type":"Polygon","properties":{"id":"14000US17197884006"}},{"arcs":[[4381,-2122,-852,-2024,-4375]],"type":"Polygon","properties":{"id":"14000US17197980000"}},{"arcs":[[4382,-1031,-4373,-2123,-4382,-4374,-2055,-797]],"type":"Polygon","properties":{"id":"14000US17197883306"}},{"arcs":[[4383,4384,-4036,4385,-849,-2121]],"type":"Polygon","properties":{"id":"14000US17197883510"}},{"arcs":[[-1633,4386,4387,-1577,4388,-1033,-850,-4386]],"type":"Polygon","properties":{"id":"14000US17197883507"}},{"arcs":[[-4376,-1045,-4381,4389,4390,4391]],"type":"Polygon","properties":{"id":"14000US17197884005"}},{"arcs":[[4392,-4377,-4392,4393,-2051,-2067]],"type":"Polygon","properties":{"id":"14000US17197884004"}},{"arcs":[[-1575,-59,4394,-2199,-1493,-2198,-1244,4395]],"type":"Polygon","properties":{"id":"14000US17197883606"}},{"arcs":[[-2550,4396,4397,4398,4399,-2606]],"type":"Polygon","properties":{"id":"14000US17021958200"}},{"arcs":[[-4300,4400,4401,4402]],"type":"Polygon","properties":{"id":"14000US17021958500"}},{"arcs":[[4403,4404,4405,4406,4407,4408,-4402,4409,-4398]],"type":"Polygon","properties":{"id":"14000US17021958600"}},{"arcs":[[-4400,4410,-4301,-4403,-4409,4411,4412,4413,4414]],"type":"Polygon","properties":{"id":"14000US17021959000"}},{"arcs":[[-4408,4415,4416,4417,-4412],[-4303,-3898]],"type":"Polygon","properties":{"id":"14000US17021958700"}},{"arcs":[[-2549,4418,-2528,4419,4420,-4404,-4397]],"type":"Polygon","properties":{"id":"14000US17021958100"}},{"arcs":[[4421,-4339,-4345,-4347,4422]],"type":"Polygon","properties":{"id":"14000US17161022000"}},{"arcs":[[4423,4424,-4423,-4346,4425]],"type":"Polygon","properties":{"id":"14000US17161022100"}},{"arcs":[[4426,4427,4428,4429,4430]],"type":"Polygon","properties":{"id":"14000US17097864305"}},{"arcs":[[4431,4432,4433,4434,4435]],"type":"Polygon","properties":{"id":"14000US17097864518"}},{"arcs":[[4436,4437,4438]],"type":"Polygon","properties":{"id":"14000US17097860103"}},{"arcs":[[4439,4440,4441,4442,4443]],"type":"Polygon","properties":{"id":"14000US17097860200"}},{"arcs":[[4444,-4118,4445,-858,4446]],"type":"Polygon","properties":{"id":"14000US17043842702"}},{"arcs":[[4447,-4119,-4445,4448,4449,4450]],"type":"Polygon","properties":{"id":"14000US17043842703"}},{"arcs":[[4451,4452,4453,4454,4455]],"type":"Polygon","properties":{"id":"14000US17043840801"}},{"arcs":[[4456,-4456,4457,4458]],"type":"Polygon","properties":{"id":"14000US17043840802"}},{"arcs":[[4459,-875,4460,-4113,4461,4462,4463,4464,4465]],"type":"Polygon","properties":{"id":"14000US17043840901"}},{"arcs":[[-3254,-1922,4466,4467,-3282,-1855]],"type":"Polygon","properties":{"id":"14000US17043846404"}},{"arcs":[[4468,4469,-4466,4470,-1715,4471]],"type":"Polygon","properties":{"id":"14000US17043841002"}},{"arcs":[[-2211,4472,4473,-1739,4474,-3054]],"type":"Polygon","properties":{"id":"14000US17043841102"}},{"arcs":[[4475,-4472,-1714,-1740,-4474]],"type":"Polygon","properties":{"id":"14000US17043841103"}},{"arcs":[[4476,-877,4477,-4469,-4476,-4473]],"type":"Polygon","properties":{"id":"14000US17043841104"}},{"arcs":[[4478,4479,4480,4481,4482,-1720,-1769,4483]],"type":"Polygon","properties":{"id":"14000US17043841206"}},{"arcs":[[-1788,4484,-4484,-1768]],"type":"Polygon","properties":{"id":"14000US17043841307"}},{"arcs":[[4485,4486,4487,-1265]],"type":"Polygon","properties":{"id":"14000US17043846603"}},{"arcs":[[4488,-1772,4489,-1848,4490,4491,-975]],"type":"Polygon","properties":{"id":"14000US17043841501"}},{"arcs":[[-1724,4492,4493,-1901,4494,4495]],"type":"Polygon","properties":{"id":"14000US17043841801"}},{"arcs":[[-2202,-1248,-2207,4496,-1240,-678]],"type":"Polygon","properties":{"id":"14000US17197883811"}},{"arcs":[[-4497,-2206,4497,-1241]],"type":"Polygon","properties":{"id":"14000US17197883808"}},{"arcs":[[-847,-1032,-4383,-796,-812]],"type":"Polygon","properties":{"id":"14000US17197883303"}},{"arcs":[[4498,-379,-273,-368,-2124]],"type":"Polygon","properties":{"id":"14000US17197880503"}},{"arcs":[[4499,4500,4501,-1903,4502]],"type":"Polygon","properties":{"id":"14000US17043842200"}},{"arcs":[[-1779,-1725,-4496,4503,4504,4505]],"type":"Polygon","properties":{"id":"14000US17043841802"}},{"arcs":[[-1904,-4502,4506,4507,-4116,4508]],"type":"Polygon","properties":{"id":"14000US17043842300"}},{"arcs":[[-1905,-4509,-4115,-4448,4509]],"type":"Polygon","properties":{"id":"14000US17043842400"}},{"arcs":[[-4504,-4495,-1906,-4510,-4451,4510,4511,4512]],"type":"Polygon","properties":{"id":"14000US17043842500"}},{"arcs":[[4513,4514,-4449,-4447,-863,-1919,4515,4516]],"type":"Polygon","properties":{"id":"14000US17043842601"}},{"arcs":[[4517,4518,-1638,-1480]],"type":"Polygon","properties":{"id":"14000US17197881603"}},{"arcs":[[4519,-4511,-4450,-4515,4520]],"type":"Polygon","properties":{"id":"14000US17043842602"}},{"arcs":[[-4505,-4513,4521,4522,4523]],"type":"Polygon","properties":{"id":"14000US17043842603"}},{"arcs":[[4524,-4523,4525,-4521,-4514,4526]],"type":"Polygon","properties":{"id":"14000US17043842604"}},{"arcs":[[-4522,-4512,-4520,-4526]],"type":"Polygon","properties":{"id":"14000US17043842605"}},{"arcs":[[4527,4528,4529,4530,4531,-506,-509,-1486,4532]],"type":"Polygon","properties":{"id":"14000US17043846524"}},{"arcs":[[4533,4534,-2101,4535,4536,4537,4538,4539,4540]],"type":"Polygon","properties":{"id":"14000US17157950700"}},{"arcs":[[4541,4542,4543]],"type":"Polygon","properties":{"id":"14000US17157951100"}},{"arcs":[[4544,-4537,4545,4546,4547,-4542,4548,-4539]],"type":"Polygon","properties":{"id":"14000US17157950500"}},{"arcs":[[-4534,4549,4550]],"type":"Polygon","properties":{"id":"14000US17157950800"}},{"arcs":[[4551,-4550,-4541,4552,4553]],"type":"Polygon","properties":{"id":"14000US17157950900"}},{"arcs":[[-4540,-4549,-4544,4554,-2623,4555,4556,4557,4558,-4553]],"type":"Polygon","properties":{"id":"14000US17157951000"}},{"arcs":[[-4545,-4538]],"type":"Polygon","properties":{"id":"14000US17157950600"}},{"arcs":[[4559,4560,-4557,4561,4562,4563]],"type":"Polygon","properties":{"id":"14000US17157951300"}},{"arcs":[[4564,4565,4566,-2722,-2711]],"type":"Polygon","properties":{"id":"14000US17055040700"}},{"arcs":[[-3737,4567,4568,4569,4570,-2723,-4567,4571]],"type":"Polygon","properties":{"id":"14000US17055041200"}},{"arcs":[[-3728,-3738,-4572,-4566,4572,4573]],"type":"Polygon","properties":{"id":"14000US17055040500"}},{"arcs":[[4574,-3729,-4574,4575,-2709,4576]],"type":"Polygon","properties":{"id":"14000US17055040100"}},{"arcs":[[4577,-2725,4578,4579,-2728,-2732]],"type":"Polygon","properties":{"id":"14000US17055041100"}},{"arcs":[[-4576,-4573,-4565,-2710]],"type":"Polygon","properties":{"id":"14000US17055040600"}},{"arcs":[[-2726,-4578,-2731]],"type":"Polygon","properties":{"id":"14000US17055041000"}},{"arcs":[[-3697,4580,4581,4582,4583,4584]],"type":"Polygon","properties":{"id":"14000US17203030200"}},{"arcs":[[4585,4586,4587,4588,4589,4590,4591]],"type":"Polygon","properties":{"id":"14000US17203030400"}},{"arcs":[[4592,4593,-3160,-3778,4594]],"type":"Polygon","properties":{"id":"14000US17203030602"}},{"arcs":[[4595,4596,-4592,4597,4598,-2331,4599]],"type":"Polygon","properties":{"id":"14000US17203030502"}},{"arcs":[[-4588,4600,4601,-4593,4602,4603]],"type":"Polygon","properties":{"id":"14000US17203030601"}},{"arcs":[[-2321,-3700,-3698,-4585,4604,-4586,-4597,4605]],"type":"Polygon","properties":{"id":"14000US17203030100"}},{"arcs":[[-4584,4606,-4601,-4587,-4605]],"type":"Polygon","properties":{"id":"14000US17203030300"}},{"arcs":[[-4591,4607,-4598]],"type":"Polygon","properties":{"id":"14000US17203030501"}},{"arcs":[[-4607,-4583,4608,-3149,-4594,-4602]],"type":"Polygon","properties":{"id":"14000US17203030700"}},{"arcs":[[4609,-4039,-4032,-1456]],"type":"Polygon","properties":{"id":"14000US17197881107"}},{"arcs":[[4610,-3801,4611,4612,4613,4614,4615,4616,4617]],"type":"Polygon","properties":{"id":"14000US17039971500"}},{"arcs":[[4618,-4616,4619]],"type":"Polygon","properties":{"id":"14000US17039971800"}},{"arcs":[[-3175,4620,-4618,4621,-4620,-4615,4622,4623,4624,4625]],"type":"Polygon","properties":{"id":"14000US17039971600"}},{"arcs":[[-4617,-4619,-4622]],"type":"Polygon","properties":{"id":"14000US17039971700"}},{"arcs":[[-3800,4626,-4612]],"type":"Polygon","properties":{"id":"14000US17039971400"}},{"arcs":[[4627,-126,-3632,4628,-1652,4629,4630,-1762]],"type":"Polygon","properties":{"id":"14000US17089850800"}},{"arcs":[[-130,-127,-4628,-1765,-1665,-1689,4631]],"type":"Polygon","properties":{"id":"14000US17089851000"}},{"arcs":[[4632,4633,-4630,-1655,-400,4634,-762,-757]],"type":"Polygon","properties":{"id":"14000US17089851400"}},{"arcs":[[4635,4636,4637,4638,-2519,4639,4640]],"type":"Polygon","properties":{"id":"14000US17107953000"}},{"arcs":[[4641,-2510,-2514,-2517,-4639]],"type":"Polygon","properties":{"id":"14000US17107953100"}},{"arcs":[[4642,-3176,-4626,4643,-2511,-4642,-4638]],"type":"Polygon","properties":{"id":"14000US17107952900"}},{"arcs":[[-4625,4644,-2526,4645,-4644]],"type":"Polygon","properties":{"id":"14000US17107953600"}},{"arcs":[[-4640,-2518,-2515,-2512,-4646,-2525,4646,4647,-3518,4648]],"type":"Polygon","properties":{"id":"14000US17107953500"}},{"arcs":[[4649,4650,4651,4652,4653]],"type":"Polygon","properties":{"id":"14000US17037000600"}},{"arcs":[[-4653,-1983,4654]],"type":"Polygon","properties":{"id":"14000US17037000700"}},{"arcs":[[-3388,4655,-1987,-1989,-2270,-3393]],"type":"Polygon","properties":{"id":"14000US17037000900"}},{"arcs":[[-1984,-4652,4656,-1203,4657,4658]],"type":"Polygon","properties":{"id":"14000US17037001600"}},{"arcs":[[4659,-4654,-4655,-1982,-4656,-3387,4660]],"type":"Polygon","properties":{"id":"14000US17037000500"}},{"arcs":[[4661,-3391,4662,-2271,-1991,4663,-1994]],"type":"Polygon","properties":{"id":"14000US17037001400"}},{"arcs":[[4664,4665,-1978,-1981,4666,4667,-1997]],"type":"Polygon","properties":{"id":"14000US17037001900"}},{"arcs":[[4668,4669,4670,4671,-133,4672,4673]],"type":"Polygon","properties":{"id":"14000US17037000100"}},{"arcs":[[-4664,-1990,-1985,-4659,4674,-1995]],"type":"Polygon","properties":{"id":"14000US17037001500"}},{"arcs":[[-4675,-4658,-1215,4675,-4665,-1996]],"type":"Polygon","properties":{"id":"14000US17037001700"}},{"arcs":[[4676,4677,-4661,-3392,-4662,-1993,4678,-3094,-3382]],"type":"Polygon","properties":{"id":"14000US17037000300"}},{"arcs":[[-566,4679,-4674,4680,-4677,-3381]],"type":"Polygon","properties":{"id":"14000US17037000200"}},{"arcs":[[4681,-1690,-4040,-1878,4682,4683,4684]],"type":"Polygon","properties":{"id":"14000US17089851904"}},{"arcs":[[-765,4685,4686,4687,-936,4688]],"type":"Polygon","properties":{"id":"14000US17089852001"}},{"arcs":[[4689,4690,4691,-974,-938]],"type":"Polygon","properties":{"id":"14000US17089852002"}},{"arcs":[[4692,-978,4693,-1681,4694,-1671,-1885]],"type":"Polygon","properties":{"id":"14000US17089852700"}},{"arcs":[[-1951,-1968,-1956,4695,4696,4697]],"type":"Polygon","properties":{"id":"14000US17171970600"}},{"arcs":[[-4696,-1962,-3911,-3903,4698]],"type":"Polygon","properties":{"id":"14000US17171970700"}},{"arcs":[[4699,4700,-1729,4701,-4295]],"type":"Polygon","properties":{"id":"14000US17069970900"}},{"arcs":[[4702,4703,4704,4705,-3686,4706,-2498]],"type":"Polygon","properties":{"id":"14000US17175951400"}},{"arcs":[[-4707,-3691,-2311,4707,-2499]],"type":"Polygon","properties":{"id":"14000US17175951500"}},{"arcs":[[-3609,4708,4709,-234]],"type":"Polygon","properties":{"id":"14000US17195000200"}},{"arcs":[[4710,4711,4712,-227,4713,-266]],"type":"Polygon","properties":{"id":"14000US17195001400"}},{"arcs":[[4714,4715,4716,4717]],"type":"Polygon","properties":{"id":"14000US17195000700"}},{"arcs":[[4718,-241,-225,-267,-4714,-226,4719]],"type":"Polygon","properties":{"id":"14000US17195001700"}},{"arcs":[[4720,4721,4722,4723,-4711,-265,4724]],"type":"Polygon","properties":{"id":"14000US17195001200"}},{"arcs":[[-4710,4725,4726,-235]],"type":"Polygon","properties":{"id":"14000US17195000300"}},{"arcs":[[-231,4727]],"type":"Polygon","properties":{"id":"14000US17195000500"}},{"arcs":[[-4709,-3607,-3091,4728,4729,-242,-4719,4730,4731,-4726]],"type":"Polygon","properties":{"id":"14000US17195000100"}},{"arcs":[[4732,-4723]],"type":"Polygon","properties":{"id":"14000US17195001300"}},{"arcs":[[4733,-4712,-4724,-4733,-4722,4734,-238,-4730]],"type":"Polygon","properties":{"id":"14000US17195000900"}},{"arcs":[[-236,-4727,-4732,4735,-4715,4736,4737,4738]],"type":"Polygon","properties":{"id":"14000US17195000600"}},{"arcs":[[-4736,-4731,-4720,-229,4739,4740,4741,-4716]],"type":"Polygon","properties":{"id":"14000US17195000800"}},{"arcs":[[-143,-1178,4742,-1698,4743]],"type":"Polygon","properties":{"id":"14000US17089850302"}},{"arcs":[[-4743,-1177,-3449,-123,-1699]],"type":"Polygon","properties":{"id":"14000US17089850400"}},{"arcs":[[4744,4745,4746,4747,4748,-2139]],"type":"Polygon","properties":{"id":"14000US17119400951"}},{"arcs":[[4749,-2140,-4749]],"type":"Polygon","properties":{"id":"14000US17119400952"}},{"arcs":[[-4253,4750,-2129,4751,4752]],"type":"Polygon","properties":{"id":"14000US17119401500"}},{"arcs":[[4753,4754,-4272,4755]],"type":"Polygon","properties":{"id":"14000US17119401722"}},{"arcs":[[4756,4757,4758]],"type":"Polygon","properties":{"id":"14000US17019005901"}},{"arcs":[[4759,-3137,4760,-4181,-4185,-4187,4761,-3187]],"type":"Polygon","properties":{"id":"14000US17019011002"}},{"arcs":[[4762,4763,-2141,-4750,-4748,4764]],"type":"Polygon","properties":{"id":"14000US17119401905"}},{"arcs":[[4765,-2131,4766,4767,4768,4769]],"type":"Polygon","properties":{"id":"14000US17119402804"}},{"arcs":[[4770,-4767,-2130,4771,-4754]],"type":"Polygon","properties":{"id":"14000US17119402805"}},{"arcs":[[-1450,4772,-4256,4773,-2103,-2085,-2142]],"type":"Polygon","properties":{"id":"14000US17119403403"}},{"arcs":[[4774,-2165,4775]],"type":"Polygon","properties":{"id":"14000US17119401101"}},{"arcs":[[4776,-2157,-4275,4777,-2166,-4775]],"type":"Polygon","properties":{"id":"14000US17119401102"}},{"arcs":[[-4259,4778,-1358,-2104,-4774]],"type":"Polygon","properties":{"id":"14000US17119403404"}},{"arcs":[[4779,4780,-3207,4781,4782,4783,-2099]],"type":"Polygon","properties":{"id":"14000US17189950200"}},{"arcs":[[-4784,4784,4785,-3724,4786,-4546,-4536,-2100]],"type":"Polygon","properties":{"id":"14000US17189950400"}},{"arcs":[[-4783,4787,-4785]],"type":"Polygon","properties":{"id":"14000US17189950300"}},{"arcs":[[-3206,-3015,-3721,-3725,-4786,-4788,-4782]],"type":"Polygon","properties":{"id":"14000US17189950100"}},{"arcs":[[-574,-4356,4788,4789]],"type":"Polygon","properties":{"id":"14000US17161024000"}},{"arcs":[[4790,4791,4792,-569,4793]],"type":"Polygon","properties":{"id":"14000US17161024400"}},{"arcs":[[4794,-4250,-4257,-4773,-1449]],"type":"Polygon","properties":{"id":"14000US17119403401"}},{"arcs":[[4795,4796,4797,4798]],"type":"Polygon","properties":{"id":"14000US17119403531"}},{"arcs":[[4799,-4769,4800,-2154,4801,-2127,4802]],"type":"Polygon","properties":{"id":"14000US17119401701"}},{"arcs":[[4803,4804,4805,4806,4807,4808,4809,4810]],"type":"Polygon","properties":{"id":"14000US17111870105"}},{"arcs":[[4811,4812,4813,4814,-4670,4815]],"type":"Polygon","properties":{"id":"14000US17111871501"}},{"arcs":[[4816,4817,4818,-4813]],"type":"Polygon","properties":{"id":"14000US17111871115"}},{"arcs":[[4819,4820,4821,4822,4823,4824,4825]],"type":"Polygon","properties":{"id":"14000US17111870404"}},{"arcs":[[4826,4827,-144,4828,4829,4830]],"type":"Polygon","properties":{"id":"14000US17111871113"}},{"arcs":[[4831,4832,-145,-4828]],"type":"Polygon","properties":{"id":"14000US17111871112"}},{"arcs":[[4833,4834,-4811,4835,4836,4837]],"type":"Polygon","properties":{"id":"14000US17111870104"}},{"arcs":[[4838,4839,-4820,4840]],"type":"Polygon","properties":{"id":"14000US17111870403"}},{"arcs":[[4841,4842,4843,-4831,4844,4845,-4812,4846,4847]],"type":"Polygon","properties":{"id":"14000US17111871502"}},{"arcs":[[4848,-149,-404,4849,-4818,4850]],"type":"Polygon","properties":{"id":"14000US17111871111"}},{"arcs":[[4851,4852,4853,4854,4855]],"type":"Polygon","properties":{"id":"14000US17111871313"}},{"arcs":[[4856,-4823,4857,4858,-3125]],"type":"Polygon","properties":{"id":"14000US17111870907"}},{"arcs":[[4859,-4804,-4835]],"type":"Polygon","properties":{"id":"14000US17111870106"}},{"arcs":[[4860,4861,4862,4863,4864,-4858]],"type":"Polygon","properties":{"id":"14000US17111870814"}},{"arcs":[[4865,4866,4867,4868,-4861,-4822]],"type":"Polygon","properties":{"id":"14000US17111870501"}},{"arcs":[[4869,-4838,4870,-4839,4871]],"type":"Polygon","properties":{"id":"14000US17111870103"}},{"arcs":[[4872,4873,4874,-4854]],"type":"Polygon","properties":{"id":"14000US17111871312"}},{"arcs":[[-4840,-4871,-4837,4875,-4866,-4821]],"type":"Polygon","properties":{"id":"14000US17111870502"}},{"arcs":[[4876,-3126,-4859,-4865,4877,4878,-4832,-4827,-4844]],"type":"Polygon","properties":{"id":"14000US17111870906"}},{"arcs":[[4879,4880,-4851,-4817,-4846]],"type":"Polygon","properties":{"id":"14000US17111871114"}},{"arcs":[[4881,4882,4883,4884,4885,-4863]],"type":"Polygon","properties":{"id":"14000US17111870813"}},{"arcs":[[-4830,4886,-4880,-4845]],"type":"Polygon","properties":{"id":"14000US17111871110"}},{"arcs":[[4887,4888,4889,4890]],"type":"Polygon","properties":{"id":"14000US17089853100"}},{"arcs":[[4891,4892,4893,4894,-4889]],"type":"Polygon","properties":{"id":"14000US17089853200"}},{"arcs":[[4895,4896,4897,4898,4899]],"type":"Polygon","properties":{"id":"14000US17193958400"}},{"arcs":[[4900,4901,4902,4903,4904,4905,-4896,4906]],"type":"Polygon","properties":{"id":"14000US17193958300"}},{"arcs":[[4907,-2601,4908,4909,-4897,-4906,4910,4911,-4903]],"type":"Polygon","properties":{"id":"14000US17193958200"}},{"arcs":[[-1886,-1669,4912,4913]],"type":"Polygon","properties":{"id":"14000US17089854505"}},{"arcs":[[4914,4915,4916,4917,-3298,-3306,-1211]],"type":"Polygon","properties":{"id":"14000US17089854509"}},{"arcs":[[4918,-1193,4919,-3299,-4918]],"type":"Polygon","properties":{"id":"14000US17089854508"}},{"arcs":[[-767,4920]],"type":"Polygon","properties":{"id":"14000US17089852104"}},{"arcs":[[4921,-1675,4922,4923,-1205]],"type":"Polygon","properties":{"id":"14000US17089852406"}},{"arcs":[[-1201,4924,4925,4926,4927]],"type":"Polygon","properties":{"id":"14000US17089854402"}},{"arcs":[[4928,4929,4930,4931,4932]],"type":"Polygon","properties":{"id":"14000US17089853601"}},{"arcs":[[4933,4934,-4929,4935]],"type":"Polygon","properties":{"id":"14000US17089853402"}},{"arcs":[[-4935,4936,4937,-4928,4938,4939,-4930]],"type":"Polygon","properties":{"id":"14000US17089853602"}},{"arcs":[[4940,4941]],"type":"Polygon","properties":{"id":"14000US17089850708"}},{"arcs":[[4942,4943,4944]],"type":"Polygon","properties":{"id":"14000US17089850710"}},{"arcs":[[-4687,4945,-1784,-4691,4946]],"type":"Polygon","properties":{"id":"14000US17089852004"}},{"arcs":[[-4815,4947,4948,-4671]],"type":"Polygon","properties":{"id":"14000US17089850706"}},{"arcs":[[4949,-4819,-4850,-403,-4043,-1700,-132,4950,-4942,4951,4952,-4943,4953]],"type":"Polygon","properties":{"id":"14000US17089850707"}},{"arcs":[[4954,-4944,-4953,4955,-4685,4956,4957,4958,-135]],"type":"Polygon","properties":{"id":"14000US17089850711"}},{"arcs":[[-4959,4959,-4922,-136]],"type":"Polygon","properties":{"id":"14000US17089850709"}},{"arcs":[[-4924,4960,4961,-1206]],"type":"Polygon","properties":{"id":"14000US17089852405"}},{"arcs":[[-4962,4962,4963,4964,-1207]],"type":"Polygon","properties":{"id":"14000US17089852408"}},{"arcs":[[-4965,4965,-1880,-4914,4966,-1208]],"type":"Polygon","properties":{"id":"14000US17089854507"}},{"arcs":[[4967,4968,4969,-4958]],"type":"Polygon","properties":{"id":"14000US17089851913"}},{"arcs":[[-4970,-1688,-1676,-4960]],"type":"Polygon","properties":{"id":"14000US17089851912"}},{"arcs":[[-4684,4970,-4968,-4957]],"type":"Polygon","properties":{"id":"14000US17089851911"}},{"arcs":[[-1679,4971,-1197,-1881,-4966,-4964,4972]],"type":"Polygon","properties":{"id":"14000US17089852204"}},{"arcs":[[4973,4974,4975,4976,-1189]],"type":"Polygon","properties":{"id":"14000US17089854401"}},{"arcs":[[4977,4978,4979,4980,4981]],"type":"Polygon","properties":{"id":"14000US17091012000"}},{"arcs":[[-4927,4982,4983,4984,-4976,4985,4986,-4939]],"type":"Polygon","properties":{"id":"14000US17089854403"}},{"arcs":[[4987,4988,-4937,-4934]],"type":"Polygon","properties":{"id":"14000US17089853401"}},{"arcs":[[-4814,-4950,4989,-4948]],"type":"Polygon","properties":{"id":"14000US17089850704"}},{"arcs":[[-4923,-1680,4990,-4961]],"type":"Polygon","properties":{"id":"14000US17089852404"}},{"arcs":[[-4991,-4973,-4963]],"type":"Polygon","properties":{"id":"14000US17089852407"}},{"arcs":[[-1687,-4921,-766,-4689,-935,4991,-1677]],"type":"Polygon","properties":{"id":"14000US17089852103"}},{"arcs":[[-4967,-4913,-1674,4992,-1209]],"type":"Polygon","properties":{"id":"14000US17089854506"}},{"arcs":[[-1196,4993,-1882]],"type":"Polygon","properties":{"id":"14000US17089852607"}},{"arcs":[[-1678,-4992,-941,-1194,-4972]],"type":"Polygon","properties":{"id":"14000US17089852203"}},{"arcs":[[-4994,-1195,-939,-973,4994,-1883]],"type":"Polygon","properties":{"id":"14000US17089852608"}},{"arcs":[[-4947,-4690,-937,-4688]],"type":"Polygon","properties":{"id":"14000US17089852005"}},{"arcs":[[-4949,-4990,-4954,-4945,-4955,-134,-4672]],"type":"Polygon","properties":{"id":"14000US17089850705"}},{"arcs":[[-4378,-4393,-2066]],"type":"Polygon","properties":{"id":"14000US17197884003"}},{"arcs":[[4995,-357,-308,-1220,-3564,-288,4996]],"type":"Polygon","properties":{"id":"14000US17197880417"}},{"arcs":[[-3929,-3935,4997,-3749,4998,4999,-3764,-3753,5000,5001,5002,5003,-2697]],"type":"Polygon","properties":{"id":"14000US17029000200"}},{"arcs":[[-3752,-3760,-3768,-3900,5004,-3364,-3837,5005,5006,-5001]],"type":"Polygon","properties":{"id":"14000US17029000600"}},{"arcs":[[-4560,5007]],"type":"Polygon","properties":{"id":"14000US17157951201"}},{"arcs":[[-4558,-4561,-5008,-4564,5008]],"type":"Polygon","properties":{"id":"14000US17157951202"}},{"arcs":[[5009,5010,-1497]],"type":"Polygon","properties":{"id":"14000US17133600104"}},{"arcs":[[5011,-1498,-5011]],"type":"Polygon","properties":{"id":"14000US17133600103"}},{"arcs":[[5012,5013,5014,5015,5016]],"type":"Polygon","properties":{"id":"14000US17091011100"}},{"arcs":[[5017,5018,-3249,-3241,5019]],"type":"Polygon","properties":{"id":"14000US17091011500"}},{"arcs":[[-3747,-3755,-3765,-5000,5020]],"type":"Polygon","properties":{"id":"14000US17029001100"}},{"arcs":[[5021,-1260,5022,-1664,5023,-1198,5024]],"type":"Polygon","properties":{"id":"14000US17089852903"}},{"arcs":[[5025,-1461,5026,5027,-4030,-515]],"type":"Polygon","properties":{"id":"14000US17197881201"}},{"arcs":[[-5027,-1460,5028,5029]],"type":"Polygon","properties":{"id":"14000US17197881202"}},{"arcs":[[5030,5031,5032,-4336,-4337,5033,5034]],"type":"Polygon","properties":{"id":"14000US17161022300"}},{"arcs":[[5035,5036,5037,5038,5039,5040,5041]],"type":"Polygon","properties":{"id":"14000US17143003403"}},{"arcs":[[-2317,5042,-5036,5043]],"type":"Polygon","properties":{"id":"14000US17143003404"}},{"arcs":[[-5041,5044,-3864,-3868,5045]],"type":"Polygon","properties":{"id":"14000US17143003104"}},{"arcs":[[5046,5047,5048,-2744,5049,5050,5051,5052,5053]],"type":"Polygon","properties":{"id":"14000US17143005100"}},{"arcs":[[-5040,5054,-3865,-5045]],"type":"Polygon","properties":{"id":"14000US17143003103"}},{"arcs":[[5055,5056,-4892,5057,5058,-1183]],"type":"Polygon","properties":{"id":"14000US17089852905"}},{"arcs":[[-1673,-1185,5059,5060,5061,-4916,5062]],"type":"Polygon","properties":{"id":"14000US17089853001"}},{"arcs":[[5063,-2161,-2144,5064,-2007,5065,5066,5067,5068]],"type":"Polygon","properties":{"id":"14000US17163504502"}},{"arcs":[[5069,5070,5071,-2097,5072,5073,-1887]],"type":"Polygon","properties":{"id":"14000US17163504357"}},{"arcs":[[-5073,-2096,5074,5075]],"type":"Polygon","properties":{"id":"14000US17163504356"}},{"arcs":[[-2106,5076,-1477,5077,-2088]],"type":"Polygon","properties":{"id":"14000US17163503415"}},{"arcs":[[5078,5079,5080,5081,-2117,5082,-1499,-5012,-5010,5083]],"type":"Polygon","properties":{"id":"14000US17163503101"}},{"arcs":[[-1422,5084,5085,-3196,5086,-5071,5087]],"type":"Polygon","properties":{"id":"14000US17163504358"}},{"arcs":[[5088,-5084,-1496,5089]],"type":"Polygon","properties":{"id":"14000US17163503102"}},{"arcs":[[5090,-1423,-5088,-5070,-1888,-5074,-5076,5091,-1761,-2017]],"type":"Polygon","properties":{"id":"14000US17163503908"}},{"arcs":[[5092,5093,5094,5095]],"type":"Polygon","properties":{"id":"14000US17115002906"}},{"arcs":[[5096,5097,-5093,5098]],"type":"Polygon","properties":{"id":"14000US17115002905"}},{"arcs":[[5099,5100,5101,5102,5103]],"type":"Polygon","properties":{"id":"14000US17115002001"}},{"arcs":[[-5102,5104,-427,-3793,5105]],"type":"Polygon","properties":{"id":"14000US17115002002"}},{"arcs":[[-3794,-433,5106,-3788,5107]],"type":"Polygon","properties":{"id":"14000US17115000502"}},{"arcs":[[-432,5108,-3789,-5107]],"type":"Polygon","properties":{"id":"14000US17115000501"}},{"arcs":[[-635,-2081,5109,-1831,-3701]],"type":"Polygon","properties":{"id":"14000US17201001100"}},{"arcs":[[-5110,-2080,5110,5111,-1832]],"type":"Polygon","properties":{"id":"14000US17201001300"}},{"arcs":[[-2079,5112,5113,5114,5115,-5111]],"type":"Polygon","properties":{"id":"14000US17201001400"}},{"arcs":[[5116,5117,5118,5119]],"type":"Polygon","properties":{"id":"14000US17115002401"}},{"arcs":[[-3705,-3709,5120,-3714]],"type":"Polygon","properties":{"id":"14000US17081051000"}},{"arcs":[[-5121,-3708,-3734,-3715]],"type":"Polygon","properties":{"id":"14000US17081050900"}},{"arcs":[[-1191,5121,5122,5123,5124,5125]],"type":"Polygon","properties":{"id":"14000US17093890301"}},{"arcs":[[-5124,5126,5127,5128,-3308,5129]],"type":"Polygon","properties":{"id":"14000US17093890302"}},{"arcs":[[5130,5131,5132]],"type":"Polygon","properties":{"id":"14000US17117957100"}},{"arcs":[[5133,-2076,-2032,-1845,5134,5135,-5114]],"type":"Polygon","properties":{"id":"14000US17201001500"}},{"arcs":[[-5135,-1842,-1386,5136]],"type":"Polygon","properties":{"id":"14000US17201001600"}},{"arcs":[[-5136,-5137,-1389,5137,-5115]],"type":"Polygon","properties":{"id":"14000US17201001700"}},{"arcs":[[5138,-2990,5139,5140]],"type":"Polygon","properties":{"id":"14000US17199020202"}},{"arcs":[[-1833,-5112,-5116,-5138,-1380,5141,-422,-1914]],"type":"Polygon","properties":{"id":"14000US17201001800"}},{"arcs":[[-5142,-1385,-1889,-423]],"type":"Polygon","properties":{"id":"14000US17201001900"}},{"arcs":[[5142,-5104,5143,5144,5145]],"type":"Polygon","properties":{"id":"14000US17115001802"}},{"arcs":[[-3294,5146,5147,-356,-281,-4029,-848,-810,-2059,5148]],"type":"Polygon","properties":{"id":"14000US17093890703"}},{"arcs":[[-4977,-4985,5149,-286,-318,5150,5151,5152]],"type":"Polygon","properties":{"id":"14000US17093890104"}},{"arcs":[[5153,5154,-341,5155,-375,5156,-5147,-3293]],"type":"Polygon","properties":{"id":"14000US17093890702"}},{"arcs":[[-5103,-5106,-3792,-5144]],"type":"Polygon","properties":{"id":"14000US17115001900"}},{"arcs":[[5157,5158,5159]],"type":"Polygon","properties":{"id":"14000US17115001300"}},{"arcs":[[5160,5161,-5160,5162]],"type":"Polygon","properties":{"id":"14000US17115001400"}},{"arcs":[[-4920,-1192,-5126,5163,-3300]],"type":"Polygon","properties":{"id":"14000US17093890403"}},{"arcs":[[-3301,-5164,5164,5165,-3304,-3307]],"type":"Polygon","properties":{"id":"14000US17093890402"}},{"arcs":[[5166,-5151,-317,5167,-5155,5168,-3310]],"type":"Polygon","properties":{"id":"14000US17093890105"}},{"arcs":[[5169,-3311,-5169,-5154,-3292,-3305,-5166]],"type":"Polygon","properties":{"id":"14000US17093890108"}},{"arcs":[[-1214,-3288,-1976,-4666,-4676]],"type":"Polygon","properties":{"id":"14000US17093890502"}},{"arcs":[[-373,-5148,-5157]],"type":"Polygon","properties":{"id":"14000US17093890701"}},{"arcs":[[-5152,-5167,-3309,-5129,5170]],"type":"Polygon","properties":{"id":"14000US17093890103"}},{"arcs":[[-5165,-5125,-5130,-3312,-5170]],"type":"Polygon","properties":{"id":"14000US17093890106"}},{"arcs":[[5171,-3795,-5108,-3787,5172]],"type":"Polygon","properties":{"id":"14000US17115001600"}},{"arcs":[[5173,-5145,-3796,-5172,5174,5175]],"type":"Polygon","properties":{"id":"14000US17115001700"}},{"arcs":[[5176,5177,5178,5179,5180,5181,-4741]],"type":"Polygon","properties":{"id":"14000US17011964800"}},{"arcs":[[5182,5183,-4247,5184,5185]],"type":"Polygon","properties":{"id":"14000US17011965100"}},{"arcs":[[5186,5187,5188,5189,5190,5191,-5179]],"type":"Polygon","properties":{"id":"14000US17011964900"}},{"arcs":[[-5191,5192,-5189,5193,5194]],"type":"Polygon","properties":{"id":"14000US17011965400"}},{"arcs":[[-5193,-5190]],"type":"Polygon","properties":{"id":"14000US17011965300"}},{"arcs":[[5195,5196,5197,5198,5199,-5183,5200,-5187,-5178]],"type":"Polygon","properties":{"id":"14000US17011964700"}},{"arcs":[[5201,5202,5203,-5181,5204,-4705,5205]],"type":"Polygon","properties":{"id":"14000US17011965600"}},{"arcs":[[-5180,-5192,-5195,5206,-2691,-3687,-4706,-5205]],"type":"Polygon","properties":{"id":"14000US17011965500"}},{"arcs":[[-5185,5207,-2682,5208]],"type":"Polygon","properties":{"id":"14000US17011965200"}},{"arcs":[[-5188,-5201,-5186,-5209,-2681,-2686,-5207,-5194]],"type":"Polygon","properties":{"id":"14000US17011965000"}},{"arcs":[[5209,5210]],"type":"Polygon","properties":{"id":"14000US17065973100"}},{"arcs":[[5211,-5210,5212,-4907,-4900,5213,5214,5215,-4569]],"type":"Polygon","properties":{"id":"14000US17065973200"}},{"arcs":[[5216,-4725,-264,-223,-240]],"type":"Polygon","properties":{"id":"14000US17195001102"}},{"arcs":[[-4735,-4721,-5217,-239]],"type":"Polygon","properties":{"id":"14000US17195001101"}},{"arcs":[[5217,5218]],"type":"Polygon","properties":{"id":"14000US17135957700"}},{"arcs":[[5219,5220,-3333,5221,5222,5223]],"type":"Polygon","properties":{"id":"14000US17135958000"}},{"arcs":[[5224,-4414,5225,-3334,-5221,5226,5227]],"type":"Polygon","properties":{"id":"14000US17135957400"}},{"arcs":[[5228,-5228,5229,-5224,5230,5231,-5131,5232,5233],[-5219,5234]],"type":"Polygon","properties":{"id":"14000US17135957600"}},{"arcs":[[-5218,-5235]],"type":"Polygon","properties":{"id":"14000US17135957800"}},{"arcs":[[5235,-2607,-4415,-5225,-5229,5236]],"type":"Polygon","properties":{"id":"14000US17135957500"}},{"arcs":[[-4413,-4418,5237,-3335,-5226]],"type":"Polygon","properties":{"id":"14000US17135957300"}},{"arcs":[[-5227,-5220,-5230]],"type":"Polygon","properties":{"id":"14000US17135957900"}},{"arcs":[[-1190,-5153,-5171,-5128,5238,-5122]],"type":"Polygon","properties":{"id":"14000US17093890201"}},{"arcs":[[-5239,-5127,-5123]],"type":"Polygon","properties":{"id":"14000US17093890202"}},{"arcs":[[5239,-4384,5240]],"type":"Polygon","properties":{"id":"14000US17197881109"}},{"arcs":[[5241,5242,-5047,5243]],"type":"Polygon","properties":{"id":"14000US17143000200"}},{"arcs":[[-3869,-3861,5244,5245,-2328,5246,5247]],"type":"Polygon","properties":{"id":"14000US17143004102"}},{"arcs":[[5248,-2318,-5044,-5042,-5046,-3867,5249,5250,-2480]],"type":"Polygon","properties":{"id":"14000US17143003900"}},{"arcs":[[5251,-5250,-3870,-5248,5252,5253]],"type":"Polygon","properties":{"id":"14000US17143004101"}},{"arcs":[[5254,5255,-5244,-5054,5256,5257]],"type":"Polygon","properties":{"id":"14000US17143004802"}},{"arcs":[[-4600,-2330,5258,-5037,-5043,-2316]],"type":"Polygon","properties":{"id":"14000US17143003402"}},{"arcs":[[-5257,-5053,5259,5260,5261,5262]],"type":"Polygon","properties":{"id":"14000US17143004600"}},{"arcs":[[-2322,-4606,-4596,-2315]],"type":"Polygon","properties":{"id":"14000US17143003601"}},{"arcs":[[-5038,-5259,-2329,5263,5264]],"type":"Polygon","properties":{"id":"14000US17143003300"}},{"arcs":[[5265,-5258,-5263,5266,5267]],"type":"Polygon","properties":{"id":"14000US17143004801"}},{"arcs":[[5268,-5267,-5262,5269,5270,-4268,5271,-2671,-2665]],"type":"Polygon","properties":{"id":"14000US17143004901"}},{"arcs":[[-3866,5272,-5264,-2335,5273,-3840,-3858]],"type":"Polygon","properties":{"id":"14000US17143002900"}},{"arcs":[[-2646,-2481,-5251,-5252,5274,-2663]],"type":"Polygon","properties":{"id":"14000US17143004000"}},{"arcs":[[-5254,5275,-5268,-5269,-2664,-5275]],"type":"Polygon","properties":{"id":"14000US17143004902"}},{"arcs":[[-5247,-2327,5276,-5255,-5266,-5276,-5253]],"type":"Polygon","properties":{"id":"14000US17143004500"}},{"arcs":[[-2500,-4708,-2319,-5249,-2479]],"type":"Polygon","properties":{"id":"14000US17143003800"}},{"arcs":[[5277,-5048,-5243]],"type":"Polygon","properties":{"id":"14000US17143000300"}},{"arcs":[[-3859,-3843,-3848,-3849,5278,5279]],"type":"Polygon","properties":{"id":"14000US17143002200"}},{"arcs":[[-5039,-5265,-5273,-5055]],"type":"Polygon","properties":{"id":"14000US17143003200"}},{"arcs":[[-2334,-3854,-3845,-3841,-5274]],"type":"Polygon","properties":{"id":"14000US17143004300"}},{"arcs":[[5280,5281,5282,-1612,5283,-2159,5284]],"type":"Polygon","properties":{"id":"14000US17119400200"}},{"arcs":[[-1616,-2137,-2160,-5284]],"type":"Polygon","properties":{"id":"14000US17119400600"}},{"arcs":[[5285,-4746,5286,5287]],"type":"Polygon","properties":{"id":"14000US17119400801"}},{"arcs":[[-5287,-4745,-2138,-1614,5288,5289]],"type":"Polygon","properties":{"id":"14000US17119400802"}},{"arcs":[[-5277,-2326,-2745,-5049,-5278,-5242,-5256]],"type":"Polygon","properties":{"id":"14000US17143000600"}},{"arcs":[[5290,5291,5292,-5050,-2743,5293]],"type":"Polygon","properties":{"id":"14000US17143000900"}},{"arcs":[[5294,5295,5296,-5292]],"type":"Polygon","properties":{"id":"14000US17143001200"}},{"arcs":[[5297,5298,5299,5300,5301,5302]],"type":"Polygon","properties":{"id":"14000US17073030202"}},{"arcs":[[5303,-5206,-4704,5304,5305]],"type":"Polygon","properties":{"id":"14000US17073030800"}},{"arcs":[[5306,5307,5308,-5299,5309]],"type":"Polygon","properties":{"id":"14000US17073030203"}},{"arcs":[[-5202,-5304,5310,5311,5312]],"type":"Polygon","properties":{"id":"14000US17073030600"}},{"arcs":[[5313,-5302,5314,5315,-2496,-3236]],"type":"Polygon","properties":{"id":"14000US17073031200"}},{"arcs":[[5316,-5312,5317,-5305,-4703,5318]],"type":"Polygon","properties":{"id":"14000US17073031000"}},{"arcs":[[5319,5320,-5310,-5298,5321]],"type":"Polygon","properties":{"id":"14000US17073030100"}},{"arcs":[[5322,5323,-5203,-5313,-5317,5324,-5315,-5301]],"type":"Polygon","properties":{"id":"14000US17073030500"}},{"arcs":[[5325,-4789,5326,-5322,-5303,-5314,-3226]],"type":"Polygon","properties":{"id":"14000US17073030201"}},{"arcs":[[5327,5328,-5296,5329]],"type":"Polygon","properties":{"id":"14000US17143001300"}},{"arcs":[[5330,-3851,-3856,5331,-5328]],"type":"Polygon","properties":{"id":"14000US17143001500"}},{"arcs":[[5332,5333,5334,-4406,5335]],"type":"Polygon","properties":{"id":"14000US17115002602"}},{"arcs":[[-3742,5336,5337,5338,-430]],"type":"Polygon","properties":{"id":"14000US17115000200"}},{"arcs":[[5339,-5119,5340,5341,5342]],"type":"Polygon","properties":{"id":"14000US17115002402"}},{"arcs":[[-4623,-4614,5343,5344,5345,5346]],"type":"Polygon","properties":{"id":"14000US17115003000"}},{"arcs":[[-5342,5347,-2708,5348,-5334,5349]],"type":"Polygon","properties":{"id":"14000US17115002500"}},{"arcs":[[-5345,5350,5351,5352,-3744,5353,-5094,-5098,5354]],"type":"Polygon","properties":{"id":"14000US17115002200"}},{"arcs":[[-5352,5355,-2704,-5348,-5341,-5118,5356]],"type":"Polygon","properties":{"id":"14000US17115002300"}},{"arcs":[[-4645,-4624,-5347,5357,5358,-5176,5359,5360,-4420,-2527]],"type":"Polygon","properties":{"id":"14000US17115002800"}},{"arcs":[[5361,5362,-5096,5363,-5100,-5143,5364]],"type":"Polygon","properties":{"id":"14000US17115002904"}},{"arcs":[[-5361,5365,-5336,-4405,-4421]],"type":"Polygon","properties":{"id":"14000US17115002700"}},{"arcs":[[-3745,-5353,-5357,-5117,5366,-5337,-3741]],"type":"Polygon","properties":{"id":"14000US17115001100"}},{"arcs":[[-5364,-5095,-5354,-3743,-3739,-428,-5105,-5101]],"type":"Polygon","properties":{"id":"14000US17115002100"}},{"arcs":[[5367,-3852,-5331,-5330,-5295,-5291,5368]],"type":"Polygon","properties":{"id":"14000US17143001600"}},{"arcs":[[-3156,5369,5370]],"type":"Polygon","properties":{"id":"14000US17113005103"}},{"arcs":[[5371,5372,5373,5374,5375]],"type":"Polygon","properties":{"id":"14000US17085020102"}},{"arcs":[[5376,-5376,5377,5378,5379,5380]],"type":"Polygon","properties":{"id":"14000US17085020101"}},{"arcs":[[-5370,-3155,5381,-3162]],"type":"Polygon","properties":{"id":"14000US17113005104"}},{"arcs":[[-3786,5382,5383,-3820,-3918,5384,-3780]],"type":"Polygon","properties":{"id":"14000US17113000108"}},{"arcs":[[-2236,5385,5386,-4012,-5382,-3154,-3777,-3819,-3803,5387,-3173]],"type":"Polygon","properties":{"id":"14000US17113005401"}},{"arcs":[[-1703,-4013,-5387,5388]],"type":"Polygon","properties":{"id":"14000US17113001107"}},{"arcs":[[-1704,-5389,-5386,-2235,-2231]],"type":"Polygon","properties":{"id":"14000US17113001108"}},{"arcs":[[-5388,-3802,-4611,-4621,-3174]],"type":"Polygon","properties":{"id":"14000US17113005402"}},{"arcs":[[5389,-5371,-3161,-4008]],"type":"Polygon","properties":{"id":"14000US17113000506"}},{"arcs":[[5390,5391,-3821,-5384]],"type":"Polygon","properties":{"id":"14000US17113000107"}},{"arcs":[[-3785,-4006,5392,-5391,-5383]],"type":"Polygon","properties":{"id":"14000US17113000109"}},{"arcs":[[-3783,-3157,-5390,-4007]],"type":"Polygon","properties":{"id":"14000US17113000507"}},{"arcs":[[-5393,-4005,-3979,-3811,-3822,-5392]],"type":"Polygon","properties":{"id":"14000US17113000106"}},{"arcs":[[-5365,-5146,-5174,-5359]],"type":"Polygon","properties":{"id":"14000US17115001801"}},{"arcs":[[-5109,-431,-5339,5393,-5162,-3790]],"type":"Polygon","properties":{"id":"14000US17115000300"}},{"arcs":[[-5346,-5355,-5097,5394,-5362,-5358]],"type":"Polygon","properties":{"id":"14000US17115002901"}},{"arcs":[[5395,-5163,-5159,5396,-5343,-5350,-5333,-5366]],"type":"Polygon","properties":{"id":"14000US17115002601"}},{"arcs":[[-5175,-5173,-3791,-5161,-5396,-5360]],"type":"Polygon","properties":{"id":"14000US17115001500"}},{"arcs":[[-5099,-5363,-5395]],"type":"Polygon","properties":{"id":"14000US17115002902"}},{"arcs":[[5397,5398,5399,5400]],"type":"Polygon","properties":{"id":"14000US17163500500"}},{"arcs":[[5401,5402,-2630,5403,5404,-2637]],"type":"Polygon","properties":{"id":"14000US17077011702"}},{"arcs":[[-2615,5405,-2633]],"type":"Polygon","properties":{"id":"14000US17077011001"}},{"arcs":[[-2635,5406,-2620]],"type":"Polygon","properties":{"id":"14000US17077010602"}},{"arcs":[[5407,-2638,-5405]],"type":"Polygon","properties":{"id":"14000US17077011701"}},{"arcs":[[-5407,-2634,5408,5409,-2621]],"type":"Polygon","properties":{"id":"14000US17077010601"}},{"arcs":[[-5406,-2614,5410,-5402,-2636,5411,-5409]],"type":"Polygon","properties":{"id":"14000US17077011002"}},{"arcs":[[-2011,5412,5413,5414,-5066]],"type":"Polygon","properties":{"id":"14000US17163500900"}},{"arcs":[[5415,-801,5416,5417]],"type":"Polygon","properties":{"id":"14000US17091010203"}},{"arcs":[[5418,-1035,-1041,5419,-802,-5416]],"type":"Polygon","properties":{"id":"14000US17091010204"}},{"arcs":[[-3736,5420,5421,-4901,-5213,-5211,-5212,-4568]],"type":"Polygon","properties":{"id":"14000US17065973300"}},{"arcs":[[5422,-407,5423,5424,5425,5426,5427,-1827]],"type":"Polygon","properties":{"id":"14000US17007010601"}},{"arcs":[[5428,5429,-1973,-2107,-2102,-4535,-4551,-4552,5430]],"type":"Polygon","properties":{"id":"14000US17133600502"}},{"arcs":[[-1502,-1975,5431,-5429,5432]],"type":"Polygon","properties":{"id":"14000US17133600402"}},{"arcs":[[-5432,-1974,-5430]],"type":"Polygon","properties":{"id":"14000US17133600501"}},{"arcs":[[-2010,5433,5434,5435,5436,5437,-5413]],"type":"Polygon","properties":{"id":"14000US17163501200"}},{"arcs":[[5438,5439,-2092,-2112,5440,-5435]],"type":"Polygon","properties":{"id":"14000US17163501300"}},{"arcs":[[5441,5442,-4241,5443,5444,5445]],"type":"Polygon","properties":{"id":"14000US17097860808"}},{"arcs":[[-353,5446,-1489,-380,-376,-4499,-348]],"type":"Polygon","properties":{"id":"14000US17197880204"}},{"arcs":[[5447,-4221,-4123,-4203]],"type":"Polygon","properties":{"id":"14000US17043843100"}},{"arcs":[[5448,-1712,5449,5450,5451,5452,5453]],"type":"Polygon","properties":{"id":"14000US17043841204"}},{"arcs":[[-2109,-2090,5454,5455]],"type":"Polygon","properties":{"id":"14000US17163501501"}},{"arcs":[[-5455,-2089,-5078,-1476,-2042,5456]],"type":"Polygon","properties":{"id":"14000US17163501502"}},{"arcs":[[-2143,-2083,5457,-5398,5458,-2008,-5065]],"type":"Polygon","properties":{"id":"14000US17163502100"}},{"arcs":[[-5068,5459,5460,5461,-5079,-5089,5462]],"type":"Polygon","properties":{"id":"14000US17163502300"}},{"arcs":[[-5400,5463,-2093,-5440,5464]],"type":"Polygon","properties":{"id":"14000US17163502401"}},{"arcs":[[5465,5466,-5378,-5375,5467,-3591,-3603,5468]],"type":"Polygon","properties":{"id":"14000US17085020402"}},{"arcs":[[5469,-5379,-5467]],"type":"Polygon","properties":{"id":"14000US17085020401"}},{"arcs":[[5470,-2678,5471,5472,5473,-3118,-3212,-3219]],"type":"Polygon","properties":{"id":"14000US17125956600"}},{"arcs":[[5474,5475,5476,5477]],"type":"Polygon","properties":{"id":"14000US17125956300"}},{"arcs":[[5478,-5477,5479,-4641,-4649,-3517,-3119,-5474],[5480]],"type":"Polygon","properties":{"id":"14000US17125956700"}},{"arcs":[[5481,-5478,-5479,-5473,5482,-2673]],"type":"Polygon","properties":{"id":"14000US17125956400"}},{"arcs":[[-5437,5483,5484,5485,5486,5487]],"type":"Polygon","properties":{"id":"14000US17163502500"}},{"arcs":[[5488,-2110,-5456,-5457,-2041,-2023,-2114,5489]],"type":"Polygon","properties":{"id":"14000US17163503211"}},{"arcs":[[-2043,-1474,-2015,5490,5491,5492,5493]],"type":"Polygon","properties":{"id":"14000US17163503301"}},{"arcs":[[-5083,-2116,-1379,-2108,-1971,-1500]],"type":"Polygon","properties":{"id":"14000US17163503203"}},{"arcs":[[5494,-5085,-1421,-2045,-2004,5495]],"type":"Polygon","properties":{"id":"14000US17163504353"}},{"arcs":[[-5458,-2082,-5464,-5399]],"type":"Polygon","properties":{"id":"14000US17163502200"}},{"arcs":[[5496,-5080,-5462]],"type":"Polygon","properties":{"id":"14000US17163502602"}},{"arcs":[[-5374,5497,5498,-3592,-5468]],"type":"Polygon","properties":{"id":"14000US17085020500"}},{"arcs":[[-5380,-5470,-5466,5499,5500]],"type":"Polygon","properties":{"id":"14000US17085020300"}},{"arcs":[[-5381,-5501,5501]],"type":"Polygon","properties":{"id":"14000US17085020200"}},{"arcs":[[-5494,5502,5503,-2044]],"type":"Polygon","properties":{"id":"14000US17163501602"}},{"arcs":[[-5414,-5438,-5488,5504]],"type":"Polygon","properties":{"id":"14000US17163501100"}},{"arcs":[[-5459,-5401,-5465,-5439,-5434,-2009]],"type":"Polygon","properties":{"id":"14000US17163500400"}},{"arcs":[[-5461,5505,5506,5507,-5081,-5497]],"type":"Polygon","properties":{"id":"14000US17163502603"}},{"arcs":[[-5486,5508,-5507,5509]],"type":"Polygon","properties":{"id":"14000US17163502700"}},{"arcs":[[-5509,-5485,5510,-5490,-2113,-5082,-5508]],"type":"Polygon","properties":{"id":"14000US17163502800"}},{"arcs":[[-5441,-2111,-5489,-5511,-5484,-5436]],"type":"Polygon","properties":{"id":"14000US17163502900"}},{"arcs":[[5511,5512,5513,5514,5515,-2867]],"type":"Polygon","properties":{"id":"14000US17161023300"}},{"arcs":[[5516,5517,5518,5519,5520,-4323]],"type":"Polygon","properties":{"id":"14000US17161020800"}},{"arcs":[[5521,5522,5523,-5519,5524,5525]],"type":"Polygon","properties":{"id":"14000US17161020600"}},{"arcs":[[-2169,-4308,5526,-4309]],"type":"Polygon","properties":{"id":"14000US17019010204"}},{"arcs":[[-5492,5527,5528,-1441,5529]],"type":"Polygon","properties":{"id":"14000US17163501700"}},{"arcs":[[5530,-1758,-1442,-5529]],"type":"Polygon","properties":{"id":"14000US17163501900"}},{"arcs":[[5531,5532,5533,-3183]],"type":"Polygon","properties":{"id":"14000US17019001302"}},{"arcs":[[5534,5535,-4189,-4191,5536,5537,5538,-5533]],"type":"Polygon","properties":{"id":"14000US17019001400"}},{"arcs":[[-2674,-5483,-5472,-2677]],"type":"Polygon","properties":{"id":"14000US17125956500"}},{"arcs":[[-5481]],"type":"Polygon","properties":{"id":"14000US17125956800"}},{"arcs":[[5539,5540,5541,5542,5543,5544,5545,5546]],"type":"Polygon","properties":{"id":"14000US17031811302"}},{"arcs":[[5547,5548,-4097,5549,5550,5551,5552]],"type":"Polygon","properties":{"id":"14000US17031802802"}},{"arcs":[[5553,5554,5555]],"type":"Polygon","properties":{"id":"14000US17179021605"}},{"arcs":[[5556,5557,5558,-4636,-5480,-5476,5559]],"type":"Polygon","properties":{"id":"14000US17179021900"}},{"arcs":[[5560,5561,5562,5563]],"type":"Polygon","properties":{"id":"14000US17179022200"}},{"arcs":[[5564,5565,5566,-5564,5567,5568,5569,5570,5571]],"type":"Polygon","properties":{"id":"14000US17179022400"}},{"arcs":[[5572,5573,5574,5575,-3079,5576]],"type":"Polygon","properties":{"id":"14000US17177001200"}},{"arcs":[[5577,5578,5579,-3604,-3593,-5499]],"type":"Polygon","properties":{"id":"14000US17177000400"}},{"arcs":[[5580,5581,5582,5583,5584,5585,-5575,5586,-3098,-3605,-5580]],"type":"Polygon","properties":{"id":"14000US17177000500"}},{"arcs":[[5587,-3080,-5576,-5586]],"type":"Polygon","properties":{"id":"14000US17177001000"}},{"arcs":[[5588,-1824,-1801,5589,5590]],"type":"Polygon","properties":{"id":"14000US17177000100"}},{"arcs":[[5591,5592,5593,-5583]],"type":"Polygon","properties":{"id":"14000US17177000700"}},{"arcs":[[5594,-5590,-1800,-3113,-3099,-5587,-5574,5595,-5592,-5582]],"type":"Polygon","properties":{"id":"14000US17177000600"}},{"arcs":[[5596,-5591,-5595,-5581,-5579,5597]],"type":"Polygon","properties":{"id":"14000US17177000200"}},{"arcs":[[5598,-3077,-5588,-5585]],"type":"Polygon","properties":{"id":"14000US17177000900"}},{"arcs":[[5599,-5598,-5578,-5498,-5373]],"type":"Polygon","properties":{"id":"14000US17177000300"}},{"arcs":[[5600,-5593,-5596,-5573]],"type":"Polygon","properties":{"id":"14000US17177001300"}},{"arcs":[[-5594,-5601,-5577,-3078,-5599,-5584]],"type":"Polygon","properties":{"id":"14000US17177000800"}},{"arcs":[[5601,-5035,5602,-5512,-2866]],"type":"Polygon","properties":{"id":"14000US17161024500"}},{"arcs":[[-3136,-4313,-4179,-4761]],"type":"Polygon","properties":{"id":"14000US17019000200"}},{"arcs":[[-4762,-4186,-5536,5603,-4298]],"type":"Polygon","properties":{"id":"14000US17019000500"}},{"arcs":[[-5260,-5052,5604,5605,5606]],"type":"Polygon","properties":{"id":"14000US17179020400"}},{"arcs":[[5607,5608,5609,5610,5611,5612,-1245,-2201,5613]],"type":"Polygon","properties":{"id":"14000US17031829700"}},{"arcs":[[-1236,-3440,5614,5615,5616,5617,5618]],"type":"Polygon","properties":{"id":"14000US17031830003"}},{"arcs":[[5619,5620,5621,5622,5623,5624,5625,5626]],"type":"Polygon","properties":{"id":"14000US17031823703"}},{"arcs":[[5627,5628,5629,5630,5631]],"type":"Polygon","properties":{"id":"14000US17031829800"}},{"arcs":[[5632,5633,-4114,-4461,-874,5634]],"type":"Polygon","properties":{"id":"14000US17031804607"}},{"arcs":[[5635,-579,5636,5637,5638,5639]],"type":"Polygon","properties":{"id":"14000US17031823901"}},{"arcs":[[-3970,-982,5640,-1149,5641,5642,5643,5644]],"type":"Polygon","properties":{"id":"14000US17031804709"}},{"arcs":[[5645,5646,5647,5648,5649,5650,5651]],"type":"Polygon","properties":{"id":"14000US17031826800"}},{"arcs":[[5652,5653,5654,5655,5656]],"type":"Polygon","properties":{"id":"14000US17031710300"}},{"arcs":[[-5555,5657,5658,5659,5660]],"type":"Polygon","properties":{"id":"14000US17179021606"}},{"arcs":[[5661,5662,5663,5664,-4261]],"type":"Polygon","properties":{"id":"14000US17179020700"}},{"arcs":[[-2672,-5272,-4271,5665,-5560,-5475,-5482]],"type":"Polygon","properties":{"id":"14000US17179021802"}},{"arcs":[[-5563,5666,-5658,-5554,5667,5668,-5568]],"type":"Polygon","properties":{"id":"14000US17179021603"}},{"arcs":[[-5659,-5667,5669,-4603,-4595,-3782,5670,5671]],"type":"Polygon","properties":{"id":"14000US17179021701"}},{"arcs":[[-5270,-5261,-5607,5672,5673,-5662,-4260,5674]],"type":"Polygon","properties":{"id":"14000US17179020500"}},{"arcs":[[-4599,-4608,5675,-5566,5676,5677,5678,-3855,-2332]],"type":"Polygon","properties":{"id":"14000US17179021201"}},{"arcs":[[-4589,-4604,-5670,-5562,5679]],"type":"Polygon","properties":{"id":"14000US17179022100"}},{"arcs":[[5680,5681,-5660,-5672,5682,-5558,5683,5684,5685]],"type":"Polygon","properties":{"id":"14000US17179021702"}},{"arcs":[[-4590,-5680,-5561,-5567,-5676]],"type":"Polygon","properties":{"id":"14000US17179022300"}},{"arcs":[[5686,5687,-5673,-5606,5688]],"type":"Polygon","properties":{"id":"14000US17179020302"}},{"arcs":[[-5677,-5565,5689]],"type":"Polygon","properties":{"id":"14000US17179021203"}},{"arcs":[[-5683,-5671,-3177,-4643,-4637,-5559]],"type":"Polygon","properties":{"id":"14000US17179022000"}},{"arcs":[[-5678,-5690,-5572,5690]],"type":"Polygon","properties":{"id":"14000US17179021202"}},{"arcs":[[-5293,-5297,-5329,-5332,-5679,-5691,-5571,5691,-5689,-5605,-5051]],"type":"Polygon","properties":{"id":"14000US17179020100"}},{"arcs":[[-5692,-5570,5692,-5687]],"type":"Polygon","properties":{"id":"14000US17179020301"}},{"arcs":[[-4270,-4266,5693,-5684,-5557,-5666]],"type":"Polygon","properties":{"id":"14000US17179021801"}},{"arcs":[[-5674,-5688,-5693,-5569,-5669,5694,-5681,5695,-5663]],"type":"Polygon","properties":{"id":"14000US17179021500"}},{"arcs":[[5696,-5446,5697,-4807]],"type":"Polygon","properties":{"id":"14000US17097860807"}},{"arcs":[[-316,-387,-295,-303,-325,-327,-322,-343,-342,-5168]],"type":"Polygon","properties":{"id":"14000US17197880314"}},{"arcs":[[5698,-5515,5699,5700,5701,5702]],"type":"Polygon","properties":{"id":"14000US17161023200"}},{"arcs":[[-2868,-5516,-5699,5703,5704]],"type":"Polygon","properties":{"id":"14000US17161023500"}},{"arcs":[[-5705,5705,-2869]],"type":"Polygon","properties":{"id":"14000US17161023600"}},{"arcs":[[5706,-2870,-5706,-5704,-5703,-4792]],"type":"Polygon","properties":{"id":"14000US17161023700"}},{"arcs":[[-2187,5707,-2193,5708,5709,-2741]],"type":"Polygon","properties":{"id":"14000US17043844402"}},{"arcs":[[-3217,-3222,5710]],"type":"Polygon","properties":{"id":"14000US17017960500"}},{"arcs":[[5711,5712,5713,-4205,5714]],"type":"Polygon","properties":{"id":"14000US17043843400"}},{"arcs":[[5715,-1254,5716,5717,-2285,5718,5719]],"type":"Polygon","properties":{"id":"14000US17043845803"}},{"arcs":[[5720,5721,5722,5723,5724]],"type":"Polygon","properties":{"id":"14000US17043840102"}},{"arcs":[[5725,-4459,5726,5727,5728,5729,-5723]],"type":"Polygon","properties":{"id":"14000US17043840103"}},{"arcs":[[5730,-5725,5731,5732,5733,-4463]],"type":"Polygon","properties":{"id":"14000US17043840202"}},{"arcs":[[5734,5735,-2146,5736]],"type":"Polygon","properties":{"id":"14000US17119403001"}},{"arcs":[[5737,5738,-5736,5739]],"type":"Polygon","properties":{"id":"14000US17119403002"}},{"arcs":[[-5739,5740,5741,-2147]],"type":"Polygon","properties":{"id":"14000US17119403122"}},{"arcs":[[-2952,-2992,-435,5742]],"type":"Polygon","properties":{"id":"14000US17031160900"}},{"arcs":[[-2949,-5743,5743,5744]],"type":"Polygon","properties":{"id":"14000US17031161000"}},{"arcs":[[-5745,5745,5746,-187,-2946]],"type":"Polygon","properties":{"id":"14000US17031161100"}},{"arcs":[[-5747,5747,5748,5749,-1310]],"type":"Polygon","properties":{"id":"14000US17031161200"}},{"arcs":[[-5746,-5744,-441,5750,-5748]],"type":"Polygon","properties":{"id":"14000US17031161300"}},{"arcs":[[5751,-1085,5752,5753]],"type":"Polygon","properties":{"id":"14000US17031170100"}},{"arcs":[[-94,-601,5754,-2960]],"type":"Polygon","properties":{"id":"14000US17031221600"}},{"arcs":[[-2863,5755,-2807,5756]],"type":"Polygon","properties":{"id":"14000US17031242100"}},{"arcs":[[-2856,5757,-2810,-5756]],"type":"Polygon","properties":{"id":"14000US17031242000"}},{"arcs":[[-2967,-2972,5758,5759]],"type":"Polygon","properties":{"id":"14000US17031251200"}},{"arcs":[[-2964,-5760,5760,5761,5762]],"type":"Polygon","properties":{"id":"14000US17031251300"}},{"arcs":[[5763,5764,5765,-2974]],"type":"Polygon","properties":{"id":"14000US17031051300"}},{"arcs":[[5766,5767]],"type":"Polygon","properties":{"id":"14000US17173959300"}},{"arcs":[[-5767,5768,5769,-2702,-2698,-5004,5770,5771,5772]],"type":"Polygon","properties":{"id":"14000US17173959400"}},{"arcs":[[5773,-5772,5774,5775,5776,5777]],"type":"Polygon","properties":{"id":"14000US17173959500"}},{"arcs":[[5778,-5769,-5768,-5773,-5774,5779,-4416]],"type":"Polygon","properties":{"id":"14000US17173959200"}},{"arcs":[[-4417,-5780,-5778,-3329,-3316,-3336,-5238]],"type":"Polygon","properties":{"id":"14000US17173959600"}},{"arcs":[[-5335,-5349,-2707,-2703,-5770,-5779,-4407]],"type":"Polygon","properties":{"id":"14000US17173959100"}},{"arcs":[[-2910,-2923,5780,5781,5782,5783,5784]],"type":"Polygon","properties":{"id":"14000US17001000600"}},{"arcs":[[-2901,5785,-2911,-5785,5786,5787,5788]],"type":"Polygon","properties":{"id":"14000US17001000700"}},{"arcs":[[5789,5790,-110,-1597,5791]],"type":"Polygon","properties":{"id":"14000US17031600700"}},{"arcs":[[-5791,5792,-1418,-112,-107]],"type":"Polygon","properties":{"id":"14000US17031600900"}},{"arcs":[[5793,-4747,-5286,5794,-5281]],"type":"Polygon","properties":{"id":"14000US17119400904"}},{"arcs":[[5795,5796,5797,5798,5799,5800]],"type":"Polygon","properties":{"id":"14000US17031821200"}},{"arcs":[[5801,5802,5803,5804]],"type":"Polygon","properties":{"id":"14000US17031672000"}},{"arcs":[[-5788,5805,-2924,5806]],"type":"Polygon","properties":{"id":"14000US17001000800"}},{"arcs":[[5807,5808,5809,5810,5811,5812,5813]],"type":"Polygon","properties":{"id":"14000US17149952600"}},{"arcs":[[5814,-5809,5815,-4697,-4699,-3902,5816,-5811]],"type":"Polygon","properties":{"id":"14000US17149952800"}},{"arcs":[[-2930,-3828,5817,-5814,5818]],"type":"Polygon","properties":{"id":"14000US17149952500"}},{"arcs":[[-3826,5819,-1952,-4698,-5816,-5808,-5818]],"type":"Polygon","properties":{"id":"14000US17149952400"}},{"arcs":[[5820,5821,-868,5822,5823,5824]],"type":"Polygon","properties":{"id":"14000US17031710900"}},{"arcs":[[5825,-5824,5826,5827]],"type":"Polygon","properties":{"id":"14000US17031711000"}},{"arcs":[[-5787,-5784,5828,5829,-2925,-5806]],"type":"Polygon","properties":{"id":"14000US17001000900"}},{"arcs":[[-5783,5830,5831,-5829]],"type":"Polygon","properties":{"id":"14000US17001001001"}},{"arcs":[[-5815,-5810]],"type":"Polygon","properties":{"id":"14000US17149952700"}},{"arcs":[[5832,-5828,5833,5834]],"type":"Polygon","properties":{"id":"14000US17031711100"}},{"arcs":[[5835,5836,-5835,5837,-1342,-1340]],"type":"Polygon","properties":{"id":"14000US17031711200"}},{"arcs":[[-5823,-2382,5838,5839]],"type":"Polygon","properties":{"id":"14000US17031711500"}},{"arcs":[[5840,5841,5842,-5838]],"type":"Polygon","properties":{"id":"14000US17031711300"}},{"arcs":[[-5834,-5827,-5840,-3950,-1111,-5841]],"type":"Polygon","properties":{"id":"14000US17031711400"}},{"arcs":[[5843,-611,5844,5845,5846,-465,5847,5848]],"type":"Polygon","properties":{"id":"14000US17031270500"}},{"arcs":[[5849,-834,-1011,5850]],"type":"Polygon","properties":{"id":"14000US17031271200"}},{"arcs":[[5851,-5851,-1010,5852]],"type":"Polygon","properties":{"id":"14000US17031271300"}},{"arcs":[[-5853,5853,-5846]],"type":"Polygon","properties":{"id":"14000US17031271400"}},{"arcs":[[-695,5854,5855,-1599]],"type":"Polygon","properties":{"id":"14000US17031350100"}},{"arcs":[[-1411,-697,-1601,-499,5856]],"type":"Polygon","properties":{"id":"14000US17031350400"}},{"arcs":[[-5856,5857,-703,5858,5859,5860]],"type":"Polygon","properties":{"id":"14000US17031351000"}},{"arcs":[[-502,-589,-3464,5861]],"type":"Polygon","properties":{"id":"14000US17031351400"}},{"arcs":[[-5859,-702,5862,5863]],"type":"Polygon","properties":{"id":"14000US17031360200"}},{"arcs":[[-856,-2439,5864,-2445,5865,5866]],"type":"Polygon","properties":{"id":"14000US17167002002"}},{"arcs":[[-2438,-2411,-2427,-2446,-5865]],"type":"Polygon","properties":{"id":"14000US17167002001"}},{"arcs":[[-3519,-4648,5867,-2576,-2571]],"type":"Polygon","properties":{"id":"14000US17167003702"}},{"arcs":[[-4647,-2531,-2563,5868,-2577,-5868]],"type":"Polygon","properties":{"id":"14000US17167003701"}},{"arcs":[[-2588,-2399,-2788,-2603,-2430,-2416]],"type":"Polygon","properties":{"id":"14000US17167004200"}},{"arcs":[[5869,5870,5871,-711,-649]],"type":"Polygon","properties":{"id":"14000US17031430400"}},{"arcs":[[-2273,-2258,5872,5873,5874]],"type":"Polygon","properties":{"id":"14000US17031430600"}},{"arcs":[[-5874,-1330,5875,5876]],"type":"Polygon","properties":{"id":"14000US17031430800"}},{"arcs":[[5877,-5875,5878,-5871]],"type":"Polygon","properties":{"id":"14000US17031430500"}},{"arcs":[[-5879,-5877,-712,-5872]],"type":"Polygon","properties":{"id":"14000US17031430900"}},{"arcs":[[5879,-2920,-2928,5880,-5781,-2922]],"type":"Polygon","properties":{"id":"14000US17001000100"}},{"arcs":[[-2899,-5880,-2921,-2908,5881]],"type":"Polygon","properties":{"id":"14000US17001000201"}},{"arcs":[[5882,5883,-33,5884,5885,5886,5887,5888,5889]],"type":"Polygon","properties":{"id":"14000US17031610300"}},{"arcs":[[5890,-116,5891,5892,-591]],"type":"Polygon","properties":{"id":"14000US17031681000"}},{"arcs":[[-5893,5893,5894,-592]],"type":"Polygon","properties":{"id":"14000US17031681100"}},{"arcs":[[5895,-121,5896,5897]],"type":"Polygon","properties":{"id":"14000US17031680500"}},{"arcs":[[5898,5899,-5553,5900,5901]],"type":"Polygon","properties":{"id":"14000US17031803400"}},{"arcs":[[5902,5903,-5902,5904,5905,5906]],"type":"Polygon","properties":{"id":"14000US17031803500"}},{"arcs":[[5907,5908,5909,-3963,-3492]],"type":"Polygon","properties":{"id":"14000US17031803604"}},{"arcs":[[-5832,5910,-2926,-5830]],"type":"Polygon","properties":{"id":"14000US17001001002"}},{"arcs":[[-3999,-644,5911,5912,-5892,-115]],"type":"Polygon","properties":{"id":"14000US17031680900"}},{"arcs":[[5913,5914,5915,5916]],"type":"Polygon","properties":{"id":"14000US17031803607"}},{"arcs":[[5917,-3499,-3684,5918,5919,5920]],"type":"Polygon","properties":{"id":"14000US17031809500"}},{"arcs":[[5921,-5920,5922,5923]],"type":"Polygon","properties":{"id":"14000US17031809600"}},{"arcs":[[-5923,5924,5925,5926,5927,5928]],"type":"Polygon","properties":{"id":"14000US17031809700"}},{"arcs":[[-5919,5929,5930,-5925]],"type":"Polygon","properties":{"id":"14000US17031809800"}},{"arcs":[[5931,-5930,-3683]],"type":"Polygon","properties":{"id":"14000US17031809900"}},{"arcs":[[-3682,5932,5933,5934,5935,5936,5937,-5932]],"type":"Polygon","properties":{"id":"14000US17031810000"}},{"arcs":[[5938,5939,-4332,5940,5941,5942]],"type":"Polygon","properties":{"id":"14000US17031825501"}},{"arcs":[[-1343,-5843,5943,5944,5945,5946]],"type":"Polygon","properties":{"id":"14000US17031720100"}},{"arcs":[[-5911,-5831,-5782,-5881,-2927]],"type":"Polygon","properties":{"id":"14000US17001001100"}},{"arcs":[[5947,5948,5949,5950,5951]],"type":"Polygon","properties":{"id":"14000US17031824400"}},{"arcs":[[-5945,5952,5953,5954,5955]],"type":"Polygon","properties":{"id":"14000US17031720200"}},{"arcs":[[-5946,-5956,5956,5957,5958,5959]],"type":"Polygon","properties":{"id":"14000US17031720300"}},{"arcs":[[-5959,5960,5961]],"type":"Polygon","properties":{"id":"14000US17031720400"}},{"arcs":[[5962,-5961,5963,5964,5965,5966]],"type":"Polygon","properties":{"id":"14000US17031720500"}},{"arcs":[[-5958,5967,5968,-5964]],"type":"Polygon","properties":{"id":"14000US17031720600"}},{"arcs":[[-5957,-5955,5969,5970,5971,5972,-5968]],"type":"Polygon","properties":{"id":"14000US17031720700"}},{"arcs":[[-4086,-918,-79,5973,5974]],"type":"Polygon","properties":{"id":"14000US17031040600"}},{"arcs":[[-914,-5975,5975,5976,5977]],"type":"Polygon","properties":{"id":"14000US17031040700"}},{"arcs":[[5978,5979,5980,-5976]],"type":"Polygon","properties":{"id":"14000US17031040800"}},{"arcs":[[5981,5982,5983,5984]],"type":"Polygon","properties":{"id":"14000US17031816900"}},{"arcs":[[-5882,-2912,-5786,-2900]],"type":"Polygon","properties":{"id":"14000US17001000400"}},{"arcs":[[5985,5986,5987,5988,5989,5990,-5983]],"type":"Polygon","properties":{"id":"14000US17031817000"}},{"arcs":[[-5990,5991,5992,5993]],"type":"Polygon","properties":{"id":"14000US17031817101"}},{"arcs":[[-5989,5994,5995,-3263,5996,-5992]],"type":"Polygon","properties":{"id":"14000US17031817102"}},{"arcs":[[5997,5998,5999,6000,6001,6002,6003]],"type":"Polygon","properties":{"id":"14000US17031825801"}},{"arcs":[[6004,6005,6006,-6001]],"type":"Polygon","properties":{"id":"14000US17031825802"}},{"arcs":[[-6002,-6007,6007,6008,6009]],"type":"Polygon","properties":{"id":"14000US17031825803"}},{"arcs":[[-6006,6010,6011,6012,-6008]],"type":"Polygon","properties":{"id":"14000US17031825900"}},{"arcs":[[6013,6014,6015,-6012]],"type":"Polygon","properties":{"id":"14000US17031826000"}},{"arcs":[[-5863,-701,-3989,-4156,6016]],"type":"Polygon","properties":{"id":"14000US17031380100"}},{"arcs":[[6017,-6017,-4155,-3465]],"type":"Polygon","properties":{"id":"14000US17031380200"}},{"arcs":[[-5876,-1329,-1326,6018,-713]],"type":"Polygon","properties":{"id":"14000US17031431200"}},{"arcs":[[6019,6020,6021,-1322,-1328]],"type":"Polygon","properties":{"id":"14000US17031431400"}},{"arcs":[[6022,-5903,6023,6024]],"type":"Polygon","properties":{"id":"14000US17031803902"}},{"arcs":[[6025,-6024,-5907,6026,6027,-2276]],"type":"Polygon","properties":{"id":"14000US17031804000"}},{"arcs":[[6028,6029,6030,6031]],"type":"Polygon","properties":{"id":"14000US17031804104"}},{"arcs":[[-5931,-5938,6032,6033]],"type":"Polygon","properties":{"id":"14000US17031810100"}},{"arcs":[[6034,-6033,-5937,6035,6036,-2336,6037,6038]],"type":"Polygon","properties":{"id":"14000US17031810200"}},{"arcs":[[-5927,6039,-6039,6040,6041]],"type":"Polygon","properties":{"id":"14000US17031810301"}},{"arcs":[[-77,6042,6043,6044]],"type":"Polygon","properties":{"id":"14000US17031050100"}},{"arcs":[[-1609,-670,6045]],"type":"Polygon","properties":{"id":"14000US17031610800"}},{"arcs":[[6046,6047,6048,6049]],"type":"Polygon","properties":{"id":"14000US17031611300"}},{"arcs":[[-5887,-6050,6050,6051]],"type":"Polygon","properties":{"id":"14000US17031611400"}},{"arcs":[[6052,-5888,-6052,6053,-3644,-664]],"type":"Polygon","properties":{"id":"14000US17031611500"}},{"arcs":[[6054,-3656,6055,6056,6057,6058]],"type":"Polygon","properties":{"id":"14000US17031611900"}},{"arcs":[[-5913,6059,6060,-5894]],"type":"Polygon","properties":{"id":"14000US17031681200"}},{"arcs":[[-5926,-6034,-6035,-6040]],"type":"Polygon","properties":{"id":"14000US17031810302"}},{"arcs":[[6061,6062,6063,6064,-2340]],"type":"Polygon","properties":{"id":"14000US17031810400"}},{"arcs":[[6065,6066,-452,6067,6068]],"type":"Polygon","properties":{"id":"14000US17031810701"}},{"arcs":[[6069,-6068,-451,-2885,6070,6071,6072]],"type":"Polygon","properties":{"id":"14000US17031810702"}},{"arcs":[[-536,6073,6074,-1078,-1086,-5752,6075]],"type":"Polygon","properties":{"id":"14000US17031810600"}},{"arcs":[[6076,6077,6078,6079,6080,-5995,-5988]],"type":"Polygon","properties":{"id":"14000US17031817200"}},{"arcs":[[6081,-3270,6082,6083,6084]],"type":"Polygon","properties":{"id":"14000US17031817400"}},{"arcs":[[6085,6086,6087,6088]],"type":"Polygon","properties":{"id":"14000US17031817600"}},{"arcs":[[6089,6090,6091,-864,-5822,6092]],"type":"Polygon","properties":{"id":"14000US17031691200"}},{"arcs":[[6093,6094,-6091,6095]],"type":"Polygon","properties":{"id":"14000US17031691100"}},{"arcs":[[-5839,-2381,6096,-3951]],"type":"Polygon","properties":{"id":"14000US17031730100"}},{"arcs":[[-1114,6097,-5944,-5842]],"type":"Polygon","properties":{"id":"14000US17031730300"}},{"arcs":[[-6098,-1113,-3952,6098,6099,-5953]],"type":"Polygon","properties":{"id":"14000US17031730400"}},{"arcs":[[-5996,-6081,6100,-6089,6101,-3264]],"type":"Polygon","properties":{"id":"14000US17031817700"}},{"arcs":[[6102,-3268,6103,6104,6105]],"type":"Polygon","properties":{"id":"14000US17031818100"}},{"arcs":[[-6013,-6016,6106,6107,6108]],"type":"Polygon","properties":{"id":"14000US17031826100"}},{"arcs":[[6109,6110,6111,6112,6113]],"type":"Polygon","properties":{"id":"14000US17031826301"}},{"arcs":[[6114,6115,6116,6117,-6112]],"type":"Polygon","properties":{"id":"14000US17031826303"}},{"arcs":[[6118,-6003,-6010,6119,-6116]],"type":"Polygon","properties":{"id":"14000US17031826304"}},{"arcs":[[-6097,6120,6121,6122,6123,-6099]],"type":"Polygon","properties":{"id":"14000US17031730500"}},{"arcs":[[-6124,6124,-5970,-5954,-6100]],"type":"Polygon","properties":{"id":"14000US17031730600"}},{"arcs":[[6125,6126,-5548,-5900,6127]],"type":"Polygon","properties":{"id":"14000US17031802801"}},{"arcs":[[-4158,-4004,6128,6129,6130]],"type":"Polygon","properties":{"id":"14000US17031381200"}},{"arcs":[[6131,6132,-6130,6133,6134]],"type":"Polygon","properties":{"id":"14000US17031381400"}},{"arcs":[[-3664,-6135,6135,-3990,-3972]],"type":"Polygon","properties":{"id":"14000US17031381700"}},{"arcs":[[6136,-2349,-1564,6137,-865]],"type":"Polygon","properties":{"id":"14000US17031440300"}},{"arcs":[[6138,-984,-3969,6139,6140]],"type":"Polygon","properties":{"id":"14000US17031804706"}},{"arcs":[[6141,-5644,6142,6143,6144]],"type":"Polygon","properties":{"id":"14000US17031804710"}},{"arcs":[[6145,6146,6147,-6069,-6070,6148]],"type":"Polygon","properties":{"id":"14000US17031810800"}},{"arcs":[[-6071,-2884,6149,6150]],"type":"Polygon","properties":{"id":"14000US17031810900"}},{"arcs":[[-6072,-6151,6151,6152,6153,6154]],"type":"Polygon","properties":{"id":"14000US17031811000"}},{"arcs":[[-3655,6155,-5896,-6056]],"type":"Polygon","properties":{"id":"14000US17031612000"}},{"arcs":[[-3654,-673,-118,-6156]],"type":"Polygon","properties":{"id":"14000US17031612100"}},{"arcs":[[6156,-667,6157,6158,6159,6160]],"type":"Polygon","properties":{"id":"14000US17031620100"}},{"arcs":[[6161,-6160,6162,-100]],"type":"Polygon","properties":{"id":"14000US17031620200"}},{"arcs":[[-6163,6163,6164,-655]],"type":"Polygon","properties":{"id":"14000US17031620300"}},{"arcs":[[-6159,6165,6166,-6164]],"type":"Polygon","properties":{"id":"14000US17031620400"}},{"arcs":[[-2261,-538,6167,6168,6169]],"type":"Polygon","properties":{"id":"14000US17031810501"}},{"arcs":[[-537,-6076,-5754,6170,-6168]],"type":"Polygon","properties":{"id":"14000US17031810502"}},{"arcs":[[-2883,-2881,6171,6172,-1349,6173]],"type":"Polygon","properties":{"id":"14000US17031812200"}},{"arcs":[[-5993,-5997,-3269,-6103,6174,6175]],"type":"Polygon","properties":{"id":"14000US17031818200"}},{"arcs":[[-6106,6176,6177]],"type":"Polygon","properties":{"id":"14000US17031818402"}},{"arcs":[[6178,6179,6180,6181,6182]],"type":"Polygon","properties":{"id":"14000US17031818800"}},{"arcs":[[6183,-6183,6184,6185]],"type":"Polygon","properties":{"id":"14000US17031818900"}},{"arcs":[[6186,-6004,-6119,-6115,-6111,6187]],"type":"Polygon","properties":{"id":"14000US17031826402"}},{"arcs":[[6188,6189,6190]],"type":"Polygon","properties":{"id":"14000US17031826600"}},{"arcs":[[6191,-6189,6192,-5648]],"type":"Polygon","properties":{"id":"14000US17031826700"}},{"arcs":[[-5650,6193,6194,6195,6196]],"type":"Polygon","properties":{"id":"14000US17031826901"}},{"arcs":[[-6196,6197,6198,6199,6200]],"type":"Polygon","properties":{"id":"14000US17031826902"}},{"arcs":[[-5971,-6125,6201,6202]],"type":"Polygon","properties":{"id":"14000US17031730700"}},{"arcs":[[-5967,6203,6204,6205,6206,6207]],"type":"Polygon","properties":{"id":"14000US17031740100"}},{"arcs":[[6208,6209,-6207,6210,6211,6212,6213]],"type":"Polygon","properties":{"id":"14000US17031740200"}},{"arcs":[[-6211,-6206,6214,6215]],"type":"Polygon","properties":{"id":"14000US17031740300"}},{"arcs":[[6216,6217,-6215,-6205,6218,6219,6220]],"type":"Polygon","properties":{"id":"14000US17031740400"}},{"arcs":[[-1581,-2369,6221,-3960,6222,-3487]],"type":"Polygon","properties":{"id":"14000US17031803005"}},{"arcs":[[-2368,6223,6224,-6222]],"type":"Polygon","properties":{"id":"14000US17031803007"}},{"arcs":[[6225,6226,6227,6228,6229,-3343,6230,-2903,-2914,6231]],"type":"Polygon","properties":{"id":"14000US17067954300"}},{"arcs":[[6232,-6226,6233,6234,6235]],"type":"Polygon","properties":{"id":"14000US17067954000"}},{"arcs":[[6236,-6235,6237]],"type":"Polygon","properties":{"id":"14000US17067954100"}},{"arcs":[[-6238,-6234,-6232,-2913,6238]],"type":"Polygon","properties":{"id":"14000US17067954200"}},{"arcs":[[-3071,-3374,-6230,6239]],"type":"Polygon","properties":{"id":"14000US17067953700"}},{"arcs":[[6240,-3072,-6240,-6229,6241,-6227,-6233]],"type":"Polygon","properties":{"id":"14000US17067953900"}},{"arcs":[[-6228,-6242]],"type":"Polygon","properties":{"id":"14000US17067953800"}},{"arcs":[[-6134,6242,-3991,-6136]],"type":"Polygon","properties":{"id":"14000US17031381800"}},{"arcs":[[-6129,-4003,-3992,-6243]],"type":"Polygon","properties":{"id":"14000US17031381900"}},{"arcs":[[-3986,6243,6244,6245,6246]],"type":"Polygon","properties":{"id":"14000US17031390100"}},{"arcs":[[-3987,-6247,6247,6248]],"type":"Polygon","properties":{"id":"14000US17031390200"}},{"arcs":[[-3988,-6249,6249,-4001,-4157]],"type":"Polygon","properties":{"id":"14000US17031390300"}},{"arcs":[[-6250,6250,-4146,-4002]],"type":"Polygon","properties":{"id":"14000US17031390400"}},{"arcs":[[-6248,6251,-4147,-6251]],"type":"Polygon","properties":{"id":"14000US17031390500"}},{"arcs":[[-6246,6252,6253,-6252]],"type":"Polygon","properties":{"id":"14000US17031390600"}},{"arcs":[[-6245,6254,6255,-6253]],"type":"Polygon","properties":{"id":"14000US17031390700"}},{"arcs":[[6256,6257,-4139,6258,6259]],"type":"Polygon","properties":{"id":"14000US17031804711"}},{"arcs":[[6260,6261,-2208,-987]],"type":"Polygon","properties":{"id":"14000US17031804806"}},{"arcs":[[-6143,-5643,6262,6263,6264]],"type":"Polygon","properties":{"id":"14000US17031804808"}},{"arcs":[[6265,-6264,6266,6267,6268]],"type":"Polygon","properties":{"id":"14000US17031804809"}},{"arcs":[[-6173,6269,6270,-1394,-1350]],"type":"Polygon","properties":{"id":"14000US17031812400"}},{"arcs":[[-6271,6271,-5762,6272,6273,6274,-1395]],"type":"Polygon","properties":{"id":"14000US17031812500"}},{"arcs":[[-6138,6275,6276,-3649,-866]],"type":"Polygon","properties":{"id":"14000US17031440600"}},{"arcs":[[6277,6278,6279,-3650,-6277]],"type":"Polygon","properties":{"id":"14000US17031440900"}},{"arcs":[[-1563,6280,-6278,-6276]],"type":"Polygon","properties":{"id":"14000US17031440700"}},{"arcs":[[-1560,6281,-6279,-6281]],"type":"Polygon","properties":{"id":"14000US17031440800"}},{"arcs":[[-6181,6282,6283,-3133,6284,6285]],"type":"Polygon","properties":{"id":"14000US17031819300"}},{"arcs":[[-6285,-3132,6286,6287]],"type":"Polygon","properties":{"id":"14000US17031819400"}},{"arcs":[[6288,-6185,-6182,-6286,-6288,6289,6290]],"type":"Polygon","properties":{"id":"14000US17031819500"}},{"arcs":[[-666,-3648,6291,6292,-6158]],"type":"Polygon","properties":{"id":"14000US17031630300"}},{"arcs":[[-3646,-191,6293]],"type":"Polygon","properties":{"id":"14000US17031630500"}},{"arcs":[[6294,-195,-3945,6295]],"type":"Polygon","properties":{"id":"14000US17031630800"}},{"arcs":[[-6293,-6296,6296,6297,-6166]],"type":"Polygon","properties":{"id":"14000US17031630900"}},{"arcs":[[6298,6299,-656]],"type":"Polygon","properties":{"id":"14000US17031640100"}},{"arcs":[[6300,-658,6301,6302]],"type":"Polygon","properties":{"id":"14000US17031640300"}},{"arcs":[[-6290,6303,6304,6305]],"type":"Polygon","properties":{"id":"14000US17031819600"}},{"arcs":[[-6193,6306,6307,-6194,-5649]],"type":"Polygon","properties":{"id":"14000US17031827000"}},{"arcs":[[-6308,6308,6309,-6198,-6195]],"type":"Polygon","properties":{"id":"14000US17031827100"}},{"arcs":[[6310,-6114,6311,6312,6313,-6309]],"type":"Polygon","properties":{"id":"14000US17031827200"}},{"arcs":[[-6199,-6310,-6314,6314,6315]],"type":"Polygon","properties":{"id":"14000US17031827300"}},{"arcs":[[6316,6317,6318,6319,6320,6321,-3005,6322]],"type":"Polygon","properties":{"id":"14000US17079977500"}},{"arcs":[[6323,6324,6325,-3834,6326,6327,-6319,6328,-6317,6329]],"type":"Polygon","properties":{"id":"14000US17079977300"}},{"arcs":[[-6329,-6318]],"type":"Polygon","properties":{"id":"14000US17079977400"}},{"arcs":[[-5972,-6203,6330,6331,6332]],"type":"Polygon","properties":{"id":"14000US17031750100"}},{"arcs":[[-5969,-5973,-6333,6333,6334]],"type":"Polygon","properties":{"id":"14000US17031750200"}},{"arcs":[[-5965,-6335,6335,6336]],"type":"Polygon","properties":{"id":"14000US17031750300"}},{"arcs":[[-6336,6337,6338,6339,6340]],"type":"Polygon","properties":{"id":"14000US17031750400"}},{"arcs":[[-6334,6341,6342,-5796,-6338]],"type":"Polygon","properties":{"id":"14000US17031750500"}},{"arcs":[[-5550,-4102,6343,6344]],"type":"Polygon","properties":{"id":"14000US17031804901"}},{"arcs":[[-6344,-4101,6345,6346,6347,6348]],"type":"Polygon","properties":{"id":"14000US17031804902"}},{"arcs":[[-5551,-6345,-6349,6349,6350,6351]],"type":"Polygon","properties":{"id":"14000US17031805001"}},{"arcs":[[-6350,-6348,6352,6353]],"type":"Polygon","properties":{"id":"14000US17031805002"}},{"arcs":[[6354,-1793,-3891,6355]],"type":"Polygon","properties":{"id":"14000US17013951300"}},{"arcs":[[-5812,-5817,-3909,-1794,-6355,6356]],"type":"Polygon","properties":{"id":"14000US17013951200"}},{"arcs":[[6357,6358,6359,6360]],"type":"Polygon","properties":{"id":"14000US17031819801"}},{"arcs":[[-6360,6361,6362,6363]],"type":"Polygon","properties":{"id":"14000US17031819802"}},{"arcs":[[6364,-6361,-6364,6365,6366]],"type":"Polygon","properties":{"id":"14000US17031819900"}},{"arcs":[[6367,-6367,6368,6369,6370]],"type":"Polygon","properties":{"id":"14000US17031820000"}},{"arcs":[[-6200,-6316,6371,6372,-4329,6373,6374]],"type":"Polygon","properties":{"id":"14000US17031827400"}},{"arcs":[[-6373,6375,6376,-4330]],"type":"Polygon","properties":{"id":"14000US17031827600"}},{"arcs":[[6377,-729,6378,-480,-259,-1001]],"type":"Polygon","properties":{"id":"14000US17031282700"}},{"arcs":[[-728,-1174,-481,-6379]],"type":"Polygon","properties":{"id":"14000US17031282800"}},{"arcs":[[6379,-4165,6380,6381,-4153,6382,6383,-3996]],"type":"Polygon","properties":{"id":"14000US17031400300"}},{"arcs":[[-6384,6384,-4151]],"type":"Polygon","properties":{"id":"14000US17031400500"}},{"arcs":[[6385,-640,-4154]],"type":"Polygon","properties":{"id":"14000US17031400800"}},{"arcs":[[-6256,6386,6387,6388,6389]],"type":"Polygon","properties":{"id":"14000US17031410100"}},{"arcs":[[-4150,6390,-4160,-6380,-3995]],"type":"Polygon","properties":{"id":"14000US17031410500"}},{"arcs":[[-4149,6391,-4161,-6391]],"type":"Polygon","properties":{"id":"14000US17031410600"}},{"arcs":[[-1323,-6022,6392,-9,-2383,-3475,6393,-1331]],"type":"Polygon","properties":{"id":"14000US17031460100"}},{"arcs":[[-2277,-6028,6394,6395,6396,6397,6398]],"type":"Polygon","properties":{"id":"14000US17031805105"}},{"arcs":[[-6377,6399,6400,6401]],"type":"Polygon","properties":{"id":"14000US17031827700"}},{"arcs":[[-6118,6402,6403,6404,6405]],"type":"Polygon","properties":{"id":"14000US17031827802"}},{"arcs":[[-6405,6406,6407,6408]],"type":"Polygon","properties":{"id":"14000US17031827804"}},{"arcs":[[-715,6409,6410,6411,6412,-4174]],"type":"Polygon","properties":{"id":"14000US17031450300"}},{"arcs":[[-3474,-1335,-1332,-6394]],"type":"Polygon","properties":{"id":"14000US17031460200"}},{"arcs":[[-6027,-5906,6413,6414,6415,-6395]],"type":"Polygon","properties":{"id":"14000US17031805106"}},{"arcs":[[-6416,6416,6417,6418,6419,6420,-6396]],"type":"Polygon","properties":{"id":"14000US17031805107"}},{"arcs":[[6421,-6354,6422,-6418]],"type":"Polygon","properties":{"id":"14000US17031805108"}},{"arcs":[[6423,-6303,6424,6425,6426]],"type":"Polygon","properties":{"id":"14000US17031640400"}},{"arcs":[[6427,-6425,6428,6429,6430]],"type":"Polygon","properties":{"id":"14000US17031640500"}},{"arcs":[[-6302,6431,6432,-6429]],"type":"Polygon","properties":{"id":"14000US17031640600"}},{"arcs":[[-657,6433,6434,-6432]],"type":"Polygon","properties":{"id":"14000US17031640700"}},{"arcs":[[-6300,-787,6435,6436,-6434]],"type":"Polygon","properties":{"id":"14000US17031640800"}},{"arcs":[[-6167,-6298,6437,6438,-788,6439]],"type":"Polygon","properties":{"id":"14000US17031650100"}},{"arcs":[[-6165,-6440,-784,-6299]],"type":"Polygon","properties":{"id":"14000US17031650200"}},{"arcs":[[6440,6441,6442,6443,6444]],"type":"Polygon","properties":{"id":"14000US17043846305"}},{"arcs":[[6445,6446,-4481]],"type":"Polygon","properties":{"id":"14000US17043841205"}},{"arcs":[[-4501,6447,6448,6449,-2734,6450,-4507]],"type":"Polygon","properties":{"id":"14000US17043842100"}},{"arcs":[[-5709,6451,6452,6453,6454,6455]],"type":"Polygon","properties":{"id":"14000US17043844701"}},{"arcs":[[6456,6457,-6448,-4500,6458]],"type":"Polygon","properties":{"id":"14000US17043842000"}},{"arcs":[[6459,6460,-4527,-4517,6461,-1849,6462]],"type":"Polygon","properties":{"id":"14000US17043841603"}},{"arcs":[[-5724,-5730,6463,6464,-5732]],"type":"Polygon","properties":{"id":"14000US17043840104"}},{"arcs":[[-4168,6465,6466,6467,-2191,6468]],"type":"Polygon","properties":{"id":"14000US17043844601"}},{"arcs":[[6469,6470,6471,6472]],"type":"Polygon","properties":{"id":"14000US17043845602"}},{"arcs":[[-3748,-5021,-4999]],"type":"Polygon","properties":{"id":"14000US17029001200"}},{"arcs":[[6473,-4216,6474,-4219]],"type":"Polygon","properties":{"id":"14000US17043842900"}},{"arcs":[[-4112,6475,6476,-5721,-5731,-4462]],"type":"Polygon","properties":{"id":"14000US17043840201"}},{"arcs":[[-1781,6477,-6460,6478,-1846,-4490,-1771]],"type":"Polygon","properties":{"id":"14000US17043841401"}},{"arcs":[[6479,6480,-5726,-5722,-6477]],"type":"Polygon","properties":{"id":"14000US17043840101"}},{"arcs":[[-3934,-3923,-3369,-3365,-5005,-3899,-3756,-3750,-4998]],"type":"Polygon","properties":{"id":"14000US17029000100"}},{"arcs":[[6481,6482,-5541,6483,6484]],"type":"Polygon","properties":{"id":"14000US17031811401"}},{"arcs":[[6485,6486,-5547,6487,6488,6489]],"type":"Polygon","properties":{"id":"14000US17031811301"}},{"arcs":[[-6332,6490,6491,-6342]],"type":"Polygon","properties":{"id":"14000US17031750600"}},{"arcs":[[-6274,6492,6493,6494]],"type":"Polygon","properties":{"id":"14000US17031812600"}},{"arcs":[[-3961,-6225,6495,-2376,6496,6497]],"type":"Polygon","properties":{"id":"14000US17031803008"}},{"arcs":[[-5905,-5901,-5552,-6352,6498,-6414]],"type":"Polygon","properties":{"id":"14000US17031805110"}},{"arcs":[[-6353,-6347,-4096,6499,6500,-6419,-6423]],"type":"Polygon","properties":{"id":"14000US17031805111"}},{"arcs":[[-4095,6501,6502,-6500]],"type":"Polygon","properties":{"id":"14000US17031805112"}},{"arcs":[[6503,6504,6505,6506]],"type":"Polygon","properties":{"id":"14000US17031805201"}},{"arcs":[[6507,6508,6509,6510,-6427,6511]],"type":"Polygon","properties":{"id":"14000US17031820300"}},{"arcs":[[6512,-6512,-6426,-6428,6513,6514]],"type":"Polygon","properties":{"id":"14000US17031820400"}},{"arcs":[[6515,6516,6517,6518,6519]],"type":"Polygon","properties":{"id":"14000US17031820902"}},{"arcs":[[6520,6521,6522,6523,6524]],"type":"Polygon","properties":{"id":"14000US17031821001"}},{"arcs":[[6525,-6408,6526,6527,6528]],"type":"Polygon","properties":{"id":"14000US17031827805"}},{"arcs":[[6529,6530,6531,6532]],"type":"Polygon","properties":{"id":"14000US17031828000"}},{"arcs":[[-6532,6533,6534,6535]],"type":"Polygon","properties":{"id":"14000US17031828100"}},{"arcs":[[6536,-6536,6537,6538]],"type":"Polygon","properties":{"id":"14000US17031828202"}},{"arcs":[[-549,6539,-483,-1173]],"type":"Polygon","properties":{"id":"14000US17031283100"}},{"arcs":[[-1171,6540,6541,6542,6543,-485]],"type":"Polygon","properties":{"id":"14000US17031283800"}},{"arcs":[[6544,6545,6546,-6392]],"type":"Polygon","properties":{"id":"14000US17031410700"}},{"arcs":[[-6546,-6389,6547,6548,6549]],"type":"Polygon","properties":{"id":"14000US17031410800"}},{"arcs":[[6550,6551,-5610,6552]],"type":"Polygon","properties":{"id":"14000US17031829000"}},{"arcs":[[-6548,-6388,6553,6554]],"type":"Polygon","properties":{"id":"14000US17031410900"}},{"arcs":[[-6555,6555,6556,6557]],"type":"Polygon","properties":{"id":"14000US17031411000"}},{"arcs":[[-6549,-6558,6558,6559,6560]],"type":"Polygon","properties":{"id":"14000US17031411100"}},{"arcs":[[-6547,-6550,-6561,6561,-4162]],"type":"Polygon","properties":{"id":"14000US17031411200"}},{"arcs":[[-1325,-1334,-1337,-3477,-6411,6562]],"type":"Polygon","properties":{"id":"14000US17031460400"}},{"arcs":[[-714,-6019,-6563,-6410]],"type":"Polygon","properties":{"id":"14000US17031460500"}},{"arcs":[[-13,6563,6564,-2384]],"type":"Polygon","properties":{"id":"14000US17031461000"}},{"arcs":[[6565,6566,6567,6568,6569,6570]],"type":"Polygon","properties":{"id":"14000US17031829200"}},{"arcs":[[6571,-6571,6572,6573]],"type":"Polygon","properties":{"id":"14000US17031829301"}},{"arcs":[[-6573,-6570,6574,6575,6576]],"type":"Polygon","properties":{"id":"14000US17031829302"}},{"arcs":[[-6575,-6569,6577,-3275,6578]],"type":"Polygon","properties":{"id":"14000US17031829401"}},{"arcs":[[6579,6580,6581,-6505]],"type":"Polygon","properties":{"id":"14000US17031805202"}},{"arcs":[[6582,6583,6584,6585,6586]],"type":"Polygon","properties":{"id":"14000US17031805301"}},{"arcs":[[-6582,6587,-6583,6588]],"type":"Polygon","properties":{"id":"14000US17031805302"}},{"arcs":[[6589,-6586,6590,6591,6592,6593]],"type":"Polygon","properties":{"id":"14000US17031805401"}},{"arcs":[[-6420,6594,6595]],"type":"Polygon","properties":{"id":"14000US17031770400"}},{"arcs":[[6596,6597,6598,6599,6600]],"type":"Polygon","properties":{"id":"14000US17031800100"}},{"arcs":[[6601,6602,6603,6604,6605]],"type":"Polygon","properties":{"id":"14000US17031800300"}},{"arcs":[[-1392,-1356,6606,6607,6608,6609,6610]],"type":"Polygon","properties":{"id":"14000US17031812900"}},{"arcs":[[6611,-6494,-2300,6612,-6608]],"type":"Polygon","properties":{"id":"14000US17031813000"}},{"arcs":[[-6613,-2299,-830,6613,6614,6615,-6609]],"type":"Polygon","properties":{"id":"14000US17031813100"}},{"arcs":[[-6604,6616,6617,6618,6619]],"type":"Polygon","properties":{"id":"14000US17031800500"}},{"arcs":[[6620,6621,6622,6623,6624]],"type":"Polygon","properties":{"id":"14000US17031821101"}},{"arcs":[[-6518,-953,-1104,6625,-6621,6626]],"type":"Polygon","properties":{"id":"14000US17031821102"}},{"arcs":[[6627,-5799,6628,6629,6630,-5646,6631]],"type":"Polygon","properties":{"id":"14000US17031821300"}},{"arcs":[[6632,6633,6634,6635,6636,6637]],"type":"Polygon","properties":{"id":"14000US17099963300"}},{"arcs":[[6638,-6519,-6627,-6625,6639,6640,-6522]],"type":"Polygon","properties":{"id":"14000US17031821002"}},{"arcs":[[-6401,6641,6642,6643,6644]],"type":"Polygon","properties":{"id":"14000US17031828401"}},{"arcs":[[6645,6646,6647,6648,6649,-6643]],"type":"Polygon","properties":{"id":"14000US17031828402"}},{"arcs":[[6650,6651,-2203,-1246,-5613]],"type":"Polygon","properties":{"id":"14000US17031828504"}},{"arcs":[[-6559,-6557,6652,-704,6653]],"type":"Polygon","properties":{"id":"14000US17031420100"}},{"arcs":[[-6562,-6560,-6654,-4171,6654]],"type":"Polygon","properties":{"id":"14000US17031420200"}},{"arcs":[[-4164,6655,6656,6657]],"type":"Polygon","properties":{"id":"14000US17031420400"}},{"arcs":[[6658,6659,6660,6661,-641]],"type":"Polygon","properties":{"id":"14000US17031420700"}},{"arcs":[[-6585,6662,6663,6664,-6591]],"type":"Polygon","properties":{"id":"14000US17031805402"}},{"arcs":[[6665,-6593,6666,6667,6668]],"type":"Polygon","properties":{"id":"14000US17031805501"}},{"arcs":[[6669,-5614,-2200,-3278]],"type":"Polygon","properties":{"id":"14000US17031829600"}},{"arcs":[[-6657,6670,-4172,-645,-6661]],"type":"Polygon","properties":{"id":"14000US17031420800"}},{"arcs":[[-6282,-1559,6671,6672,-7,6673,6674,-3651,-6280]],"type":"Polygon","properties":{"id":"14000US17031470100"}},{"arcs":[[-6413,6675,6676,6677]],"type":"Polygon","properties":{"id":"14000US17031480100"}},{"arcs":[[-6678,6678,-6672,-4175]],"type":"Polygon","properties":{"id":"14000US17031480200"}},{"arcs":[[6679,-1,-6673,-6679]],"type":"Polygon","properties":{"id":"14000US17031480300"}},{"arcs":[[-6677,6680,-2,-6680]],"type":"Polygon","properties":{"id":"14000US17031480400"}},{"arcs":[[-6592,-6665,6681,6682,6683,-6667]],"type":"Polygon","properties":{"id":"14000US17031805502"}},{"arcs":[[6684,-6668,-6684,6685,-6063,6686,6687]],"type":"Polygon","properties":{"id":"14000US17031805600"}},{"arcs":[[-5618,6688,-1573,6689]],"type":"Polygon","properties":{"id":"14000US17031830001"}},{"arcs":[[6690,6691,6692,6693,6694,-57,-1574,-6689,-5617]],"type":"Polygon","properties":{"id":"14000US17031830006"}},{"arcs":[[-790,6695,6696,6697,6698]],"type":"Polygon","properties":{"id":"14000US17031650400"}},{"arcs":[[-6436,-786,-6699,6699,-6516,6700]],"type":"Polygon","properties":{"id":"14000US17031650500"}},{"arcs":[[-6297,-3947,-3949,6701,-6438]],"type":"Polygon","properties":{"id":"14000US17031660400"}},{"arcs":[[-6618,6702,6703,6704,6705]],"type":"Polygon","properties":{"id":"14000US17031800600"}},{"arcs":[[6706,6707,6708,6709,6710]],"type":"Polygon","properties":{"id":"14000US17031801000"}},{"arcs":[[6711,-6705,6712,6713,6714,6715,-6708]],"type":"Polygon","properties":{"id":"14000US17031801100"}},{"arcs":[[6716,6717,6718,6719,-6713,-6704]],"type":"Polygon","properties":{"id":"14000US17031801200"}},{"arcs":[[-6484,-5540,-6487,6720,6721]],"type":"Polygon","properties":{"id":"14000US17031811402"}},{"arcs":[[-828,-3956,6722,6723]],"type":"Polygon","properties":{"id":"14000US17031813400"}},{"arcs":[[-6610,-6616,6724,6725,6726]],"type":"Polygon","properties":{"id":"14000US17031813200"}},{"arcs":[[6727,6728,-6629,-5798]],"type":"Polygon","properties":{"id":"14000US17031821401"}},{"arcs":[[6729,-6687,-6062,-2339,6730]],"type":"Polygon","properties":{"id":"14000US17031805702"}},{"arcs":[[6731,6732,-6669,-6685,6733,6734]],"type":"Polygon","properties":{"id":"14000US17031805802"}},{"arcs":[[6735,6736,6737]],"type":"Polygon","properties":{"id":"14000US17099964200"}},{"arcs":[[-6729,6738,-783,6739,-6630]],"type":"Polygon","properties":{"id":"14000US17031821402"}},{"arcs":[[6740,-1344,-5947,6741,6742,6743,6744]],"type":"Polygon","properties":{"id":"14000US17031821600"}},{"arcs":[[-6744,6745,6746,-6209,6747,6748]],"type":"Polygon","properties":{"id":"14000US17031821700"}},{"arcs":[[-472,-1020,6749,-3953]],"type":"Polygon","properties":{"id":"14000US17031290900"}},{"arcs":[[-470,-1016,6750,-1017]],"type":"Polygon","properties":{"id":"14000US17031291200"}},{"arcs":[[-653,6751,-6662]],"type":"Polygon","properties":{"id":"14000US17031421200"}},{"arcs":[[-2358,6752,-6507,6753,-3482,6754,6755]],"type":"Polygon","properties":{"id":"14000US17031806001"}},{"arcs":[[6756,6757,6758,6759,-6736]],"type":"Polygon","properties":{"id":"14000US17099964300"}},{"arcs":[[-6720,6760,-6714]],"type":"Polygon","properties":{"id":"14000US17031801300"}},{"arcs":[[6761,6762,6763,6764,6765]],"type":"Polygon","properties":{"id":"14000US17031801400"}},{"arcs":[[6766,6767,6768,6769,6770,-4104,-4108,6771]],"type":"Polygon","properties":{"id":"14000US17031801603"}},{"arcs":[[6772,6773,6774,6775,6776]],"type":"Polygon","properties":{"id":"14000US17031801701"}},{"arcs":[[-3483,-6754,-6506,-6589,-6587,-6590,6777,-3479]],"type":"Polygon","properties":{"id":"14000US17031806004"}},{"arcs":[[6778,-1153,6779,-4091]],"type":"Polygon","properties":{"id":"14000US17031806300"}},{"arcs":[[6780,6781,-4092,-6780,-1152]],"type":"Polygon","properties":{"id":"14000US17031806400"}},{"arcs":[[-4093,6782,6783,6784]],"type":"Polygon","properties":{"id":"14000US17031806501"}},{"arcs":[[-5854,-1013,-466,-5847]],"type":"Polygon","properties":{"id":"14000US17031271500"}},{"arcs":[[-1018,-6751,-1015,-3658,6785]],"type":"Polygon","properties":{"id":"14000US17031292200"}},{"arcs":[[-1019,-6786,-3661,6786,6787,6788]],"type":"Polygon","properties":{"id":"14000US17031292400"}},{"arcs":[[-6750,-6789,6789,-63]],"type":"Polygon","properties":{"id":"14000US17031292500"}},{"arcs":[[6790,6791,6792,6793,6794,6795]],"type":"Polygon","properties":{"id":"14000US17031806700"}},{"arcs":[[-6710,6796,-6796,6797,6798]],"type":"Polygon","properties":{"id":"14000US17031806801"}},{"arcs":[[-6798,6799,6800,6801]],"type":"Polygon","properties":{"id":"14000US17031806802"}},{"arcs":[[-6764,6802,-6799,6803,6804,6805]],"type":"Polygon","properties":{"id":"14000US17031806900"}},{"arcs":[[-6804,-6802,6806,6807]],"type":"Polygon","properties":{"id":"14000US17031807000"}},{"arcs":[[6808,6809,6810,6811,6812]],"type":"Polygon","properties":{"id":"14000US17031801901"}},{"arcs":[[6813,6814,6815,6816,-6811]],"type":"Polygon","properties":{"id":"14000US17031801902"}},{"arcs":[[6817,6818,6819,-6580,6820]],"type":"Polygon","properties":{"id":"14000US17031802100"}},{"arcs":[[-6817,-6766,6821,-6819,-6812]],"type":"Polygon","properties":{"id":"14000US17031802200"}},{"arcs":[[-833,-1002,-585,-1012]],"type":"Polygon","properties":{"id":"14000US17031271800"}},{"arcs":[[6822,6823,-1155,6824,-622]],"type":"Polygon","properties":{"id":"14000US17031280100"}},{"arcs":[[-2806,-2809,-625,-1168,-1006]],"type":"Polygon","properties":{"id":"14000US17031280400"}},{"arcs":[[-3660,6825,-1124,6826]],"type":"Polygon","properties":{"id":"14000US17031300600"}},{"arcs":[[-3659,-1437,6827,6828,-6826]],"type":"Polygon","properties":{"id":"14000US17031300700"}},{"arcs":[[-1434,-1432,6829,-492,6830]],"type":"Polygon","properties":{"id":"14000US17031301100"}},{"arcs":[[-1428,-493,-6830,-1431]],"type":"Polygon","properties":{"id":"14000US17031301200"}},{"arcs":[[-3476,-2385,-6565,6831,6832,-3,-6681,-6676,-6412]],"type":"Polygon","properties":{"id":"14000US17031480500"}},{"arcs":[[-3652,-6675,6833,6834,6835]],"type":"Polygon","properties":{"id":"14000US17031490500"}},{"arcs":[[6836,6837,6838,6839,6840,6841,6842,6843,6844,-6636]],"type":"Polygon","properties":{"id":"14000US17099962200"}},{"arcs":[[6845,6846,6847,-6840]],"type":"Polygon","properties":{"id":"14000US17099962600"}},{"arcs":[[-6637,-6845,6848,6849,6850]],"type":"Polygon","properties":{"id":"14000US17099963400"}},{"arcs":[[6851,6852,-6758,6853]],"type":"Polygon","properties":{"id":"14000US17099963800"}},{"arcs":[[6854,6855,6856]],"type":"Polygon","properties":{"id":"14000US17099962000"}},{"arcs":[[-6847,6857,6858,6859]],"type":"Polygon","properties":{"id":"14000US17099962700"}},{"arcs":[[6860,-6856,6861,-6837,-6635,6862,6863,-4244,-5184,-5200]],"type":"Polygon","properties":{"id":"14000US17099962100"}},{"arcs":[[6864,-6850,6865,6866,-6852,6867,6868,6869,-4581,-3696,-3693,-2687,-2684]],"type":"Polygon","properties":{"id":"14000US17099964100"}},{"arcs":[[-4246,6870,-6638,-6851,-6865,-2683,-5208]],"type":"Polygon","properties":{"id":"14000US17099963200"}},{"arcs":[[6871,-2063,6872,6873]],"type":"Polygon","properties":{"id":"14000US17099962400"}},{"arcs":[[6874,-6859,6875,6876,6877,-6842]],"type":"Polygon","properties":{"id":"14000US17099963600"}},{"arcs":[[-6874,6878,6879]],"type":"Polygon","properties":{"id":"14000US17099962500"}},{"arcs":[[-6854,-6757,-6738,6880,-6868]],"type":"Polygon","properties":{"id":"14000US17099963900"}},{"arcs":[[-6863,-6634,6881]],"type":"Polygon","properties":{"id":"14000US17099962900"}},{"arcs":[[-6843,-6878,6882]],"type":"Polygon","properties":{"id":"14000US17099963500"}},{"arcs":[[6883,-1999,6884,6885,-6838,-6862,-6855,6886]],"type":"Polygon","properties":{"id":"14000US17099961800"}},{"arcs":[[-6887,-6857,-6861,-5199,6887]],"type":"Polygon","properties":{"id":"14000US17099961900"}},{"arcs":[[-6846,-6839,-6886,6888,-3295,-5149,-2064,-6872,-6880,6889,6890,-6876,-6858]],"type":"Polygon","properties":{"id":"14000US17099962300"}},{"arcs":[[-6890,-6879,-6873,-2062,-2070,-2074,6891,-6759,-6853,-6867,6892]],"type":"Polygon","properties":{"id":"14000US17099963700"}},{"arcs":[[-6864,-6882,-6633,-6871,-4245]],"type":"Polygon","properties":{"id":"14000US17099963000"}},{"arcs":[[6893,-12,6894,6895]],"type":"Polygon","properties":{"id":"14000US17031520200"}},{"arcs":[[-6895,6896,6897,6898,6899]],"type":"Polygon","properties":{"id":"14000US17031520300"}},{"arcs":[[-11,6900,6901,-6897]],"type":"Polygon","properties":{"id":"14000US17031520400"}},{"arcs":[[-6902,6902,6903,6904,-6898]],"type":"Polygon","properties":{"id":"14000US17031520500"}},{"arcs":[[-6899,-6905,6905,6906]],"type":"Polygon","properties":{"id":"14000US17031520600"}},{"arcs":[[-6439,-6702,6907,6908,6909,-789]],"type":"Polygon","properties":{"id":"14000US17031660500"}},{"arcs":[[-3948,-198,6910,6911,-6908]],"type":"Polygon","properties":{"id":"14000US17031660600"}},{"arcs":[[-197,6912,6913,6914,6915,-6911]],"type":"Polygon","properties":{"id":"14000US17031660700"}},{"arcs":[[-6848,-6860,-6875,-6841]],"type":"Polygon","properties":{"id":"14000US17099962800"}},{"arcs":[[-6883,-6877,-6891,-6893,-6866,-6849,-6844]],"type":"Polygon","properties":{"id":"14000US17099964000"}},{"arcs":[[-6912,-6916,6916,-6909]],"type":"Polygon","properties":{"id":"14000US17031660800"}},{"arcs":[[-6910,-6917,-6915,6917,6918,-6696]],"type":"Polygon","properties":{"id":"14000US17031660900"}},{"arcs":[[-6918,-6914,6919,-5805,6920,6921]],"type":"Polygon","properties":{"id":"14000US17031661000"}},{"arcs":[[-6813,-6818,6922,-2362,6923]],"type":"Polygon","properties":{"id":"14000US17031802300"}},{"arcs":[[6924,6925,6926,6927,6928,6929]],"type":"Polygon","properties":{"id":"14000US17031802402"}},{"arcs":[[-2367,-3959,6930,-2373,-6496,-6224]],"type":"Polygon","properties":{"id":"14000US17031802503"}},{"arcs":[[6931,6932,-2377,-2374,-6931,-3958]],"type":"Polygon","properties":{"id":"14000US17031802504"}},{"arcs":[[-1008,-724,6933]],"type":"Polygon","properties":{"id":"14000US17031280900"}},{"arcs":[[-6829,-1540,-1588,-955,-1125]],"type":"Polygon","properties":{"id":"14000US17031301600"}},{"arcs":[[-2380,-6836,6934,6935,-6121]],"type":"Polygon","properties":{"id":"14000US17031490600"}},{"arcs":[[-6936,6936,6937,6938,-6122]],"type":"Polygon","properties":{"id":"14000US17031490700"}},{"arcs":[[-6935,-6835,6939,-942,-6937]],"type":"Polygon","properties":{"id":"14000US17031490800"}},{"arcs":[[-6938,-944,-934,6940,6941]],"type":"Polygon","properties":{"id":"14000US17031491000"}},{"arcs":[[-6123,-6939,-6942,6942,-6331,-6202]],"type":"Polygon","properties":{"id":"14000US17031491100"}},{"arcs":[[6943,6944,6945,-776,6946]],"type":"Polygon","properties":{"id":"14000US17031530200"}},{"arcs":[[-6492,-6947,6947,-6343]],"type":"Polygon","properties":{"id":"14000US17031530300"}},{"arcs":[[-6948,-780,-6739,-6728,-5797]],"type":"Polygon","properties":{"id":"14000US17031530400"}},{"arcs":[[6948,6949,6950,-791,-777]],"type":"Polygon","properties":{"id":"14000US17031530600"}},{"arcs":[[6951,-1592,6952,6953,6954,6955]],"type":"Polygon","properties":{"id":"14000US17031560100"}},{"arcs":[[-6058,6956,6957,6958]],"type":"Polygon","properties":{"id":"14000US17031670200"}},{"arcs":[[6959,-6959,6960,6961]],"type":"Polygon","properties":{"id":"14000US17031670300"}},{"arcs":[[6962,-6962,6963,6964]],"type":"Polygon","properties":{"id":"14000US17031670400"}},{"arcs":[[-6919,-6922,6965,-6697]],"type":"Polygon","properties":{"id":"14000US17031661100"}},{"arcs":[[-6057,-5898,6966,-6957]],"type":"Polygon","properties":{"id":"14000US17031670100"}},{"arcs":[[-6964,6967,6968,6969]],"type":"Polygon","properties":{"id":"14000US17031670600"}},{"arcs":[[-6961,6970,6971,-6968]],"type":"Polygon","properties":{"id":"14000US17031670700"}},{"arcs":[[-6958,6972,6973,-6971]],"type":"Polygon","properties":{"id":"14000US17031670800"}},{"arcs":[[-6967,6974,-590,-6973]],"type":"Polygon","properties":{"id":"14000US17031670900"}},{"arcs":[[-2371,-1585,6975,6976,-6127]],"type":"Polygon","properties":{"id":"14000US17031802701"}},{"arcs":[[-4105,-6771,6977,-4098,-5549,-6977]],"type":"Polygon","properties":{"id":"14000US17031802702"}},{"arcs":[[-4209,-1237,-5619,-6690,-1578,-4388,6978]],"type":"Polygon","properties":{"id":"14000US17197883505"}},{"arcs":[[6979,-5848,-464,6980]],"type":"Polygon","properties":{"id":"14000US17031260900"}},{"arcs":[[6981,6982,6983,-6981,-463,-825]],"type":"Polygon","properties":{"id":"14000US17031261000"}},{"arcs":[[-6825,-1163,6984,-1164]],"type":"Polygon","properties":{"id":"14000US17031281900"}},{"arcs":[[6985,6986,6987]],"type":"Polygon","properties":{"id":"14000US17031310200"}},{"arcs":[[-6542,6988,-6988,6989,6990]],"type":"Polygon","properties":{"id":"14000US17031310300"}},{"arcs":[[-6543,-6991,6991,6992,6993]],"type":"Polygon","properties":{"id":"14000US17031310400"}},{"arcs":[[-6993,6994,6995]],"type":"Polygon","properties":{"id":"14000US17031310500"}},{"arcs":[[-6943,6996,-6944,-6491]],"type":"Polygon","properties":{"id":"14000US17031491200"}},{"arcs":[[-6941,6997,-6945,-6997]],"type":"Polygon","properties":{"id":"14000US17031491300"}},{"arcs":[[-933,6998,6999,7000,-6998]],"type":"Polygon","properties":{"id":"14000US17031491400"}},{"arcs":[[-6834,-6674,-6,7001,7002,-6940]],"type":"Polygon","properties":{"id":"14000US17031500100"}},{"arcs":[[-932,-943,-7003,7003,7004]],"type":"Polygon","properties":{"id":"14000US17031500200"}},{"arcs":[[-7005,7005,7006,-6999]],"type":"Polygon","properties":{"id":"14000US17031500300"}},{"arcs":[[7007,-6955,7008,7009]],"type":"Polygon","properties":{"id":"14000US17031560200"}},{"arcs":[[-7009,7010,-97,7011]],"type":"Polygon","properties":{"id":"14000US17031560300"}},{"arcs":[[7012,-102,-654,7013]],"type":"Polygon","properties":{"id":"14000US17031560700"}},{"arcs":[[7014,-7014,7015,7016]],"type":"Polygon","properties":{"id":"14000US17031560800"}},{"arcs":[[7017,-7017,7018,-6510]],"type":"Polygon","properties":{"id":"14000US17031560900"}},{"arcs":[[-7019,7019,-6424,-6511]],"type":"Polygon","properties":{"id":"14000US17031561000"}},{"arcs":[[-5034,-4340,-4422,-4425,7020]],"type":"Polygon","properties":{"id":"14000US17161022200"}},{"arcs":[[7021,7022,7023,7024,-6775]],"type":"Polygon","properties":{"id":"14000US17031801702"}},{"arcs":[[-5668,-5556,-5661,-5682,-5695]],"type":"Polygon","properties":{"id":"14000US17179021604"}},{"arcs":[[7025,7026,7027,7028,-5014]],"type":"Polygon","properties":{"id":"14000US17091011000"}},{"arcs":[[-3246,7029,-5017,7030,7031]],"type":"Polygon","properties":{"id":"14000US17091011200"}},{"arcs":[[7032,-3243,7033,7034]],"type":"Polygon","properties":{"id":"14000US17091012100"}},{"arcs":[[-7034,-3252,7035,7036]],"type":"Polygon","properties":{"id":"14000US17091012200"}},{"arcs":[[-7036,-3251,7037,7038]],"type":"Polygon","properties":{"id":"14000US17091012500"}},{"arcs":[[7039,-4390,7040,7041,7042,-7035,-7037,-7039,7043]],"type":"Polygon","properties":{"id":"14000US17091010400"}},{"arcs":[[-7044,-7038,7044,-3247,-7032,7045,7046]],"type":"Polygon","properties":{"id":"14000US17091012600"}},{"arcs":[[-2052,-4394,-4391,-7040,-7047,-3028,7047]],"type":"Polygon","properties":{"id":"14000US17091010300"}},{"arcs":[[-1040,7048,7049,7050,-5420]],"type":"Polygon","properties":{"id":"14000US17091010100"}},{"arcs":[[7051,7052,-4981,7053,7054,-7041,-4380]],"type":"Polygon","properties":{"id":"14000US17091010500"}},{"arcs":[[-7051,7055,-7026,-5013,-7030,-3245,7056,-803]],"type":"Polygon","properties":{"id":"14000US17091010800"}},{"arcs":[[-7054,-4980,7057,7058]],"type":"Polygon","properties":{"id":"14000US17091011900"}},{"arcs":[[-7050,7059,7060,-7027,-7056]],"type":"Polygon","properties":{"id":"14000US17091010900"}},{"arcs":[[7061,-3248,-7045,-3250,-5019]],"type":"Polygon","properties":{"id":"14000US17091011400"}},{"arcs":[[-5385,-3917,-3170,-3781]],"type":"Polygon","properties":{"id":"14000US17113005201"}},{"arcs":[[7062,-5685,-5694,-4265]],"type":"Polygon","properties":{"id":"14000US17179021102"}},{"arcs":[[-5664,-5696,-5686,-7063,-4264,7063]],"type":"Polygon","properties":{"id":"14000US17179021101"}},{"arcs":[[7064,-5369,-5294,7065,7066]],"type":"Polygon","properties":{"id":"14000US17143001800"}},{"arcs":[[7067,-7066,-2742,-2325]],"type":"Polygon","properties":{"id":"14000US17143001900"}},{"arcs":[[7068,7069,-7067,-7068,-2324]],"type":"Polygon","properties":{"id":"14000US17143002000"}},{"arcs":[[-5279,-3853,-5368,-7065,-7070,7070]],"type":"Polygon","properties":{"id":"14000US17143002100"}},{"arcs":[[-4912,7071,-4904]],"type":"Polygon","properties":{"id":"14000US17193958000"}},{"arcs":[[-7072,-4911,-4905]],"type":"Polygon","properties":{"id":"14000US17193958100"}},{"arcs":[[-5006,-3836,-3831,-3835,-6326,7072]],"type":"Polygon","properties":{"id":"14000US17035972400"}},{"arcs":[[-5002,-5007,-7073,-6325,7073]],"type":"Polygon","properties":{"id":"14000US17035972500"}},{"arcs":[[-5771,-5003,-7074,-6324,7074,-5775]],"type":"Polygon","properties":{"id":"14000US17035972600"}},{"arcs":[[7075,7076,7077,7078,7079]],"type":"Polygon","properties":{"id":"14000US17097860812"}},{"arcs":[[7080,-7076,7081]],"type":"Polygon","properties":{"id":"14000US17097860813"}},{"arcs":[[7082,7083,7084,7085,7086]],"type":"Polygon","properties":{"id":"14000US17097860908"}},{"arcs":[[-7085,7087,7088,7089,7090]],"type":"Polygon","properties":{"id":"14000US17097860907"}},{"arcs":[[7091,7092,7093,7094,-4428,7095,7096,7097]],"type":"Polygon","properties":{"id":"14000US17097864109"}},{"arcs":[[7098,7099,7100,-4362,7101,7102,7103,-7092,7104]],"type":"Polygon","properties":{"id":"14000US17097864110"}},{"arcs":[[-7089,7105,-7105,-7098,7106,7107,7108,7109]],"type":"Polygon","properties":{"id":"14000US17097864207"}},{"arcs":[[7110,7111,7112]],"type":"Polygon","properties":{"id":"14000US17097860106"}},{"arcs":[[-7112,7113,-4439,7114,7115,7116,7117]],"type":"Polygon","properties":{"id":"14000US17097860105"}},{"arcs":[[-7097,7118,-7107]],"type":"Polygon","properties":{"id":"14000US17097864208"}},{"arcs":[[7119,7120,-6926,7121,7122,7123]],"type":"Polygon","properties":{"id":"14000US17097864524"}},{"arcs":[[-6925,7124,-7122]],"type":"Polygon","properties":{"id":"14000US17097864523"}},{"arcs":[[-4893,7125,-4988,-4936,7126]],"type":"Polygon","properties":{"id":"14000US17089853300"}},{"arcs":[[7127,-1202,-4938,-4989]],"type":"Polygon","properties":{"id":"14000US17089853500"}},{"arcs":[[7128,-4890,-4895,7129,7130]],"type":"Polygon","properties":{"id":"14000US17089853900"}},{"arcs":[[7131,-7131,7132,-1186,-4919]],"type":"Polygon","properties":{"id":"14000US17089854001"}},{"arcs":[[7133,7134,7135,-4974,-1188]],"type":"Polygon","properties":{"id":"14000US17089854100"}},{"arcs":[[-4932,7136,7137,-7135]],"type":"Polygon","properties":{"id":"14000US17089854200"}},{"arcs":[[7138,7139]],"type":"Polygon","properties":{"id":"14000US17073030302"}},{"arcs":[[-7140,7140,-5323,-5300,-5309]],"type":"Polygon","properties":{"id":"14000US17073030301"}},{"arcs":[[-3860,-5280,7141,-5245]],"type":"Polygon","properties":{"id":"14000US17143002702"}},{"arcs":[[-7142,-7071,-7069,-2323,-5246]],"type":"Polygon","properties":{"id":"14000US17143002701"}},{"arcs":[[7142,7143,7144,-1722]],"type":"Polygon","properties":{"id":"14000US17043841707"}},{"arcs":[[-7145,7145,7146,-4493,-1723]],"type":"Polygon","properties":{"id":"14000US17043841708"}},{"arcs":[[7147,-4847,-4816,-4669,-4680,-565]],"type":"Polygon","properties":{"id":"14000US17111871004"}},{"arcs":[[7148,7149,7150,7151,7152]],"type":"Polygon","properties":{"id":"14000US17111870811"}},{"arcs":[[-4885,7153,7154,7155]],"type":"Polygon","properties":{"id":"14000US17111870808"}},{"arcs":[[7156,-7153,7157,7158,-7154,-4884]],"type":"Polygon","properties":{"id":"14000US17111870809"}},{"arcs":[[7159,-4848,-7148,-564,7160]],"type":"Polygon","properties":{"id":"14000US17111871003"}},{"arcs":[[-4810,7161,7162,7163,7164,-4867,-4876,-4836]],"type":"Polygon","properties":{"id":"14000US17111870703"}},{"arcs":[[-7163,7165,-7086,-7091,7166,-7149,7167,7168]],"type":"Polygon","properties":{"id":"14000US17111870702"}},{"arcs":[[-7164,-7169,7169,7170]],"type":"Polygon","properties":{"id":"14000US17111870604"}},{"arcs":[[7171,-7155,7172,-4852,7173,7174]],"type":"Polygon","properties":{"id":"14000US17111871301"}},{"arcs":[[-7152,7175,7176,7177,-7158]],"type":"Polygon","properties":{"id":"14000US17111870810"}},{"arcs":[[-406,7178,7179,-4872,-4841,-4826,-4842,-7160,-5424]],"type":"Polygon","properties":{"id":"14000US17111870200"}},{"arcs":[[-7177,7180,7181,7182,7183,7184]],"type":"Polygon","properties":{"id":"14000US17111871305"}},{"arcs":[[7185,7186,-4824]],"type":"Polygon","properties":{"id":"14000US17111870402"}},{"arcs":[[7187,7188,-4882,-4862,-4869]],"type":"Polygon","properties":{"id":"14000US17111870605"}},{"arcs":[[7189,7190,7191,7192]],"type":"Polygon","properties":{"id":"14000US17111871205"}},{"arcs":[[7193,7194,7195,-7183]],"type":"Polygon","properties":{"id":"14000US17111871307"}},{"arcs":[[-7159,-7178,-7185,-4873,-4853,-7173]],"type":"Polygon","properties":{"id":"14000US17111871304"}},{"arcs":[[7196,-7170,-7168,-7157,-4883,-7189]],"type":"Polygon","properties":{"id":"14000US17111870606"}},{"arcs":[[-7195,7197,7198,-3442,-1693,7199,7200]],"type":"Polygon","properties":{"id":"14000US17111871402"}},{"arcs":[[7201,7202,-7181,-7176,-7151]],"type":"Polygon","properties":{"id":"14000US17111870812"}},{"arcs":[[-7165,-7171,-7197,-7188,-4868]],"type":"Polygon","properties":{"id":"14000US17111870603"}},{"arcs":[[-4809,7203,-7087,-7166,-7162]],"type":"Polygon","properties":{"id":"14000US17111870704"}},{"arcs":[[-4886,-7156,-7172,7204,-4878,-4864]],"type":"Polygon","properties":{"id":"14000US17111870807"}},{"arcs":[[-7186,-4857,-3124,7205]],"type":"Polygon","properties":{"id":"14000US17111870903"}},{"arcs":[[-4825,-7187,-7206,-3127,-4877,-4843]],"type":"Polygon","properties":{"id":"14000US17111870904"}},{"arcs":[[-7205,-7175,7206,7207,-151,7208]],"type":"Polygon","properties":{"id":"14000US17111871201"}},{"arcs":[[-7174,-4856,7209,7210,-7207]],"type":"Polygon","properties":{"id":"14000US17111871202"}},{"arcs":[[7211,-7192,7212,7213,7214,-4041,-402]],"type":"Polygon","properties":{"id":"14000US17111871206"}},{"arcs":[[7215,-7200,-1692,7216]],"type":"Polygon","properties":{"id":"14000US17111871404"}},{"arcs":[[-4049,7217,-4058,7218]],"type":"Polygon","properties":{"id":"14000US17031030101"}},{"arcs":[[-598,7219,-4053,-1541,7220]],"type":"Polygon","properties":{"id":"14000US17031030701"}},{"arcs":[[7221,-2244,7222,7223]],"type":"Polygon","properties":{"id":"14000US17031070103"}},{"arcs":[[-6795,-5924,7224,-6800]],"type":"Polygon","properties":{"id":"14000US17031807100"}},{"arcs":[[-6801,-7225,-5929,7225,7226,7227,7228]],"type":"Polygon","properties":{"id":"14000US17031807200"}},{"arcs":[[-6807,-7229,7229,7230,7231]],"type":"Polygon","properties":{"id":"14000US17031807300"}},{"arcs":[[-7228,7232,7233,7234,-7230]],"type":"Polygon","properties":{"id":"14000US17031807400"}},{"arcs":[[-7227,7235,-7233]],"type":"Polygon","properties":{"id":"14000US17031807500"}},{"arcs":[[7236,-7231,-7235,7237,7238,7239]],"type":"Polygon","properties":{"id":"14000US17031807700"}},{"arcs":[[7240,-7239,7241,7242,7243]],"type":"Polygon","properties":{"id":"14000US17031807900"}},{"arcs":[[-1365,-2019,-1472,-5077,-2105]],"type":"Polygon","properties":{"id":"14000US17163503416"}},{"arcs":[[-2021,-5504,7244,-1439,-2115]],"type":"Polygon","properties":{"id":"14000US17163501607"}},{"arcs":[[7245,7246,-3197,-5086,-5495]],"type":"Polygon","properties":{"id":"14000US17163504359"}},{"arcs":[[-5415,-5505,-5487,-5510,-5506,-5460,-5067]],"type":"Polygon","properties":{"id":"14000US17163504501"}},{"arcs":[[-5503,-5493,-5530,-1440,-7245]],"type":"Polygon","properties":{"id":"14000US17163501606"}},{"arcs":[[7247,7248,-7242,7249]],"type":"Polygon","properties":{"id":"14000US17031808001"}},{"arcs":[[7250,-771,-905,7251,7252,-7248]],"type":"Polygon","properties":{"id":"14000US17031808002"}},{"arcs":[[7253,-5020,-3240,7254]],"type":"Polygon","properties":{"id":"14000US17091011600"}},{"arcs":[[-2040,-1424,-5091,-2016,-1706]],"type":"Polygon","properties":{"id":"14000US17163503907"}},{"arcs":[[-5491,7255,-5531,-5528]],"type":"Polygon","properties":{"id":"14000US17163501802"}},{"arcs":[[-2014,-2018,-1759,-7256]],"type":"Polygon","properties":{"id":"14000US17163501801"}},{"arcs":[[7256,7257,7258,7259,7260]],"type":"Polygon","properties":{"id":"14000US17031808301"}},{"arcs":[[7261,-7232,-7237,7262,-7259]],"type":"Polygon","properties":{"id":"14000US17031808302"}},{"arcs":[[-6820,-6822,-6765,-6806,7263,7264,-6581]],"type":"Polygon","properties":{"id":"14000US17031808600"}},{"arcs":[[7265,7266,7267,-3680,-3497]],"type":"Polygon","properties":{"id":"14000US17031808702"}},{"arcs":[[7268,-1143,7269,-6398,7270,-6476,-4111,-5634]],"type":"Polygon","properties":{"id":"14000US17031770202"}},{"arcs":[[-4094,-6785,7271,7272,7273,-6502]],"type":"Polygon","properties":{"id":"14000US17031770602"}},{"arcs":[[-6770,7274,-2359,-6756,7275,7276,-4099,-6978]],"type":"Polygon","properties":{"id":"14000US17031806104"}},{"arcs":[[-6928,7277,-6767,7278]],"type":"Polygon","properties":{"id":"14000US17031802506"}},{"arcs":[[-7279,-6772,-4107,7279,-2378,-6933,-6929]],"type":"Polygon","properties":{"id":"14000US17031802505"}},{"arcs":[[7280,7281,-6930,-6932,-3957,-2365,7282]],"type":"Polygon","properties":{"id":"14000US17031802404"}},{"arcs":[[-3488,-6223,-3962,-6498,7283,7284,-5915,7285]],"type":"Polygon","properties":{"id":"14000US17031803017"}},{"arcs":[[7286,7287,-980,-6139,7288,7289]],"type":"Polygon","properties":{"id":"14000US17031804714"}},{"arcs":[[-3631,-3635,-1653,-4629]],"type":"Polygon","properties":{"id":"14000US17031804403"}},{"arcs":[[-399,-3673,-3677,-3455,-763,-4635]],"type":"Polygon","properties":{"id":"14000US17031804406"}},{"arcs":[[7290,-6140,-3971,-5645,-6142,7291]],"type":"Polygon","properties":{"id":"14000US17031804716"}},{"arcs":[[7292,7293,-1150]],"type":"Polygon","properties":{"id":"14000US17031806201"}},{"arcs":[[-3638,7294,-1407,7295,-4144,7296,7297]],"type":"Polygon","properties":{"id":"14000US17031820606"}},{"arcs":[[7298,-4145,-7296,-1406]],"type":"Polygon","properties":{"id":"14000US17031820604"}},{"arcs":[[7299,7300,-51,7301,-3623,7302,-1566]],"type":"Polygon","properties":{"id":"14000US17031824116"}},{"arcs":[[-7303,-3622,-1567]],"type":"Polygon","properties":{"id":"14000US17031824114"}},{"arcs":[[7303,7304,7305,7306,7307,-5637,-578]],"type":"Polygon","properties":{"id":"14000US17031823806"}},{"arcs":[[-2289,-2291,7308]],"type":"Polygon","properties":{"id":"14000US17031824003"}},{"arcs":[[-5719,-2290,-7309,-2296,7309,7310]],"type":"Polygon","properties":{"id":"14000US17031824005"}},{"arcs":[[-2265,7311,-395,-1572,7312,7313,-3507]],"type":"Polygon","properties":{"id":"14000US17031824122"}},{"arcs":[[-3676,-3671,-3452,-3675,-533,7314,-881,-3457]],"type":"Polygon","properties":{"id":"14000US17031804506"}},{"arcs":[[-1568,-3625,-3627,-1625,-1233]],"type":"Polygon","properties":{"id":"14000US17031824119"}},{"arcs":[[-2982,7315,7316,7317,7318,7319]],"type":"Polygon","properties":{"id":"14000US17031831900"}},{"arcs":[[-164,7320,7321,-2896,-718,7322,-167]],"type":"Polygon","properties":{"id":"14000US17031832600"}},{"arcs":[[-610,-998,-835,-5850,-5852,-5845]],"type":"Polygon","properties":{"id":"14000US17031836900"}},{"arcs":[[-490,7323,-1426,-1430,7324]],"type":"Polygon","properties":{"id":"14000US17031841200"}},{"arcs":[[-1600,-5861,-586,-501]],"type":"Polygon","properties":{"id":"14000US17031839500"}},{"arcs":[[-3467,-4159,-6131,-6133,7325,-3662]],"type":"Polygon","properties":{"id":"14000US17031835800"}},{"arcs":[[-7006,-7004,-7002,-5,7326,7327,-6896,-6900,-6907,7328,7329,7330]],"type":"Polygon","properties":{"id":"14000US17031838800"}},{"arcs":[[-168,-7323,-723,7331,-6823,-2872,-2812,-5758,-2855,7332]],"type":"Polygon","properties":{"id":"14000US17031842300"}},{"arcs":[[-1165,-6985,-1162,-2347,7333,7334,-6986,-6989,-6541,-1170]],"type":"Polygon","properties":{"id":"14000US17031841900"}},{"arcs":[[7335,7336,7337,7338,-6995,-6992,-6990,-6987,-7335,-1409,-1416,7339,-5792,-1596,-553,-1427]],"type":"Polygon","properties":{"id":"14000US17031843200"}},{"arcs":[[-6790,-6788,7340,-1115,-945,7341,-64]],"type":"Polygon","properties":{"id":"14000US17031843400"}},{"arcs":[[-32,-106,-3978,-1610,-6046,-669,-3653,7342,7343,-5885]],"type":"Polygon","properties":{"id":"14000US17031842600"}},{"arcs":[[-7285,7344,7345,7346]],"type":"Polygon","properties":{"id":"14000US17031803200"}},{"arcs":[[-7346,7347,7348,-6128,-5899,-5904,-6023]],"type":"Polygon","properties":{"id":"14000US17031803300"}},{"arcs":[[-6709,-6716,7349,7350,7351,-6791,-6797]],"type":"Polygon","properties":{"id":"14000US17031808900"}},{"arcs":[[-7352,7352,-6792]],"type":"Polygon","properties":{"id":"14000US17031809000"}},{"arcs":[[-1118,-1126,-957,-1587,-947]],"type":"Polygon","properties":{"id":"14000US17031301803"}},{"arcs":[[-7351,7353,7354,-6793,-7353]],"type":"Polygon","properties":{"id":"14000US17031809100"}},{"arcs":[[-6794,-7355,7355,-5921,-5922]],"type":"Polygon","properties":{"id":"14000US17031809200"}},{"arcs":[[7356,-7266,-3496,-5918,-7356]],"type":"Polygon","properties":{"id":"14000US17031809300"}},{"arcs":[[-3588,-3570,7357,-3360,7358,-3367]],"type":"Polygon","properties":{"id":"14000US17045070100"}},{"arcs":[[-4292,7359,7360,7361]],"type":"Polygon","properties":{"id":"14000US17127970300"}},{"arcs":[[7362,-4293,-7362,7363,7364,7365,-4134]],"type":"Polygon","properties":{"id":"14000US17127970100"}},{"arcs":[[7366,7367,-7365]],"type":"Polygon","properties":{"id":"14000US17127970200"}},{"arcs":[[-7359,-3359,7368,-3368]],"type":"Polygon","properties":{"id":"14000US17045070300"}},{"arcs":[[-7369,-3358]],"type":"Polygon","properties":{"id":"14000US17045070400"}},{"arcs":[[-2308,7369,-2184,-2189,7370,7371,7372]],"type":"Polygon","properties":{"id":"14000US17043844309"}},{"arcs":[[-7371,-2188,-2740,7373]],"type":"Polygon","properties":{"id":"14000US17043844308"}},{"arcs":[[7374,-7372,-7374,-2739,-1908]],"type":"Polygon","properties":{"id":"14000US17043844310"}},{"arcs":[[7375,7376,7377,-2118,-2046,-2036]],"type":"Polygon","properties":{"id":"14000US17201000512"}},{"arcs":[[7378,-5935,7379,-2301,7380,7381]],"type":"Polygon","properties":{"id":"14000US17031010300"}},{"arcs":[[-7380,-5934,7382,-2249,-734,-738,-2302]],"type":"Polygon","properties":{"id":"14000US17031010400"}},{"arcs":[[-731,-7381,-2303,-739,-736,7383,-69]],"type":"Polygon","properties":{"id":"14000US17031010600"}},{"arcs":[[-6038,-2338,7384,7385]],"type":"Polygon","properties":{"id":"14000US17031020100"}},{"arcs":[[-1009,-6934,-6378,-1000]],"type":"Polygon","properties":{"id":"14000US17031280800"}},{"arcs":[[-4163,-6655,-4170,-6671,-6656]],"type":"Polygon","properties":{"id":"14000US17031420300"}},{"arcs":[[7386,7387,7388,7389,-7272,-6784]],"type":"Polygon","properties":{"id":"14000US17031806600"}},{"arcs":[[7390,-7387,-6783,-6782]],"type":"Polygon","properties":{"id":"14000US17031806502"}},{"arcs":[[7391,-3480,-6778,-6594,-6666,-6733,7392]],"type":"Polygon","properties":{"id":"14000US17031805902"}},{"arcs":[[7393,7394,7395,7396,7397,7398]],"type":"Polygon","properties":{"id":"14000US17031100200"}},{"arcs":[[-4140,-6258,7399,-6144,-6265,-6266,7400,-6261,-986]],"type":"Polygon","properties":{"id":"14000US17031804805"}},{"arcs":[[-2905,7401,7402,-3221,-1947,-5820,-3825],[7403]],"type":"Polygon","properties":{"id":"14000US17009970400"}},{"arcs":[[-7404]],"type":"Polygon","properties":{"id":"14000US17009970500"}},{"arcs":[[-6041,-7386,-746,-769,7404]],"type":"Polygon","properties":{"id":"14000US17031020200"}},{"arcs":[[-3445,7405,7406,7407,-6032,7408,7409,-3485]],"type":"Polygon","properties":{"id":"14000US17031804202"}},{"arcs":[[-3486,-7410,7410,-7290,7411,7412,-6260,7413,-3668,-3633]],"type":"Polygon","properties":{"id":"14000US17031804701"}},{"arcs":[[7414,-3489,-7286,-5914,7415,-5909]],"type":"Polygon","properties":{"id":"14000US17031803605"}},{"arcs":[[7416,7417,-184,-1097,7418,7419]],"type":"Polygon","properties":{"id":"14000US17031130200"}},{"arcs":[[-3450,7420,-4137,-990,-530,-3674]],"type":"Polygon","properties":{"id":"14000US17031804306"}},{"arcs":[[-7385,-741,7421,-747]],"type":"Polygon","properties":{"id":"14000US17031020400"}},{"arcs":[[7422,-2933,7423,7424,-2936]],"type":"Polygon","properties":{"id":"14000US17031080202"}},{"arcs":[[-169,-7333,-2846,7425]],"type":"Polygon","properties":{"id":"14000US17031240200"}},{"arcs":[[-5639,7426,7427,7428,-49,-7301]],"type":"Polygon","properties":{"id":"14000US17031824105"}},{"arcs":[[-6049,-6059,-6960,7429]],"type":"Polygon","properties":{"id":"14000US17031611800"}},{"arcs":[[7430,7431,-2679,-5471,-3218,-5711,-3223,-3215,-7403,7432]],"type":"Polygon","properties":{"id":"14000US17169970300"}},{"arcs":[[-7431,7433]],"type":"Polygon","properties":{"id":"14000US17169970200"}},{"arcs":[[-6231,-3342,-3356,-2680,-7432,-7434,-7433,-7402,-2904]],"type":"Polygon","properties":{"id":"14000US17169970100"}},{"arcs":[[7434,-2720,7435,-2991,-5139,7436]],"type":"Polygon","properties":{"id":"14000US17199020100"}},{"arcs":[[7437,7438,7439,7440,7441,7442,7443,-2987]],"type":"Polygon","properties":{"id":"14000US17199020300"}},{"arcs":[[-2719,-2730,7444,-7441,7445,7446,-7438,-7436]],"type":"Polygon","properties":{"id":"14000US17199020600"}},{"arcs":[[7447,7448,7449,7450,7451,7452,-7443]],"type":"Polygon","properties":{"id":"14000US17199020900"}},{"arcs":[[7453,7454,7455,7456,7457,7458]],"type":"Polygon","properties":{"id":"14000US17199021200"}},{"arcs":[[7459,-2979,-2980,-6043]],"type":"Polygon","properties":{"id":"14000US17031060200"}},{"arcs":[[7460,-2958,7461,-2795]],"type":"Polygon","properties":{"id":"14000US17031221200"}},{"arcs":[[-6307,-6191,-2353,7462,-6188,-6110,-6311]],"type":"Polygon","properties":{"id":"14000US17031826500"}},{"arcs":[[-53,7463,7464,7465,-5940,7466]],"type":"Polygon","properties":{"id":"14000US17031825302"}},{"arcs":[[-3515,-392,-7312,-2264,7467]],"type":"Polygon","properties":{"id":"14000US17031824107"}},{"arcs":[[-6694,7468,-6579,7469,7470,7471]],"type":"Polygon","properties":{"id":"14000US17031830202"}},{"arcs":[[7472,7473,7474,7475]],"type":"Polygon","properties":{"id":"14000US17031061200"}},{"arcs":[[-1812,-892,-417,-414,-409,-1753]],"type":"Polygon","properties":{"id":"14000US17201002301"}},{"arcs":[[7476,-7261,7477,7478,-6663]],"type":"Polygon","properties":{"id":"14000US17031808200"}},{"arcs":[[-7447,7479,-7439]],"type":"Polygon","properties":{"id":"14000US17199020400"}},{"arcs":[[-70,-7384,-735,-2252,-4052,-4050,-7219,7480,7481]],"type":"Polygon","properties":{"id":"14000US17031030200"}},{"arcs":[[-71,-7482,7482,-743]],"type":"Polygon","properties":{"id":"14000US17031030300"}},{"arcs":[[-7483,7483,7484,7485]],"type":"Polygon","properties":{"id":"14000US17031030400"}},{"arcs":[[-7485,7486,7487,7488]],"type":"Polygon","properties":{"id":"14000US17031030900"}},{"arcs":[[-7488,7489,7490,-917]],"type":"Polygon","properties":{"id":"14000US17031031000"}},{"arcs":[[7491,7492,-6632,7493,-5948,7494,7495]],"type":"Polygon","properties":{"id":"14000US17031823603"}},{"arcs":[[-7273,-7390,7496,7497,7498,7499,7500,7501]],"type":"Polygon","properties":{"id":"14000US17031980000"}},{"arcs":[[7502,-6523,-6641,7503,7504,7505,-5623]],"type":"Polygon","properties":{"id":"14000US17031822400"}},{"arcs":[[-3260,7506,7507,-3129,7508]],"type":"Polygon","properties":{"id":"14000US17031815702"}},{"arcs":[[-7340,-1419,-5793,-5790]],"type":"Polygon","properties":{"id":"14000US17031600600"}},{"arcs":[[-6102,-6088,7509,-3256,-3265]],"type":"Polygon","properties":{"id":"14000US17031817900"}},{"arcs":[[7510,-6152,-6150,-6174,-1353,-3271,-6082]],"type":"Polygon","properties":{"id":"14000US17031811900"}},{"arcs":[[-6382,7511,-6659,-6386]],"type":"Polygon","properties":{"id":"14000US17031420600"}},{"arcs":[[-7396,7512,7513,-2245,7514,7515]],"type":"Polygon","properties":{"id":"14000US17031110100"}},{"arcs":[[7516,7517,-2984,7518,7519,-921]],"type":"Polygon","properties":{"id":"14000US17031031400"}},{"arcs":[[-5974,-78,7520,-5979]],"type":"Polygon","properties":{"id":"14000US17031040900"}},{"arcs":[[-7521,-6045,7521,7522]],"type":"Polygon","properties":{"id":"14000US17031050200"}},{"arcs":[[-7523,-201,-1307,-5980]],"type":"Polygon","properties":{"id":"14000US17031050300"}},{"arcs":[[7523,7524,7525]],"type":"Polygon","properties":{"id":"14000US17147954600"}},{"arcs":[[-4627,-3799,-4317,-4319,7526,7527,7528,-7524,7529,-4613]],"type":"Polygon","properties":{"id":"14000US17147954500"}},{"arcs":[[-7525,-7529,7530,-3925,-2695,-2706,7531]],"type":"Polygon","properties":{"id":"14000US17147954700"}},{"arcs":[[-5351,-5344,-7530,-7526,-7532,-2705,-5356]],"type":"Polygon","properties":{"id":"14000US17147954800"}},{"arcs":[[-7446,-7440,-7480]],"type":"Polygon","properties":{"id":"14000US17199020500"}},{"arcs":[[7532,-7451,7533,-7456]],"type":"Polygon","properties":{"id":"14000US17199021100"}},{"arcs":[[-2627,-5140,-2989,7534,-7458,7535,7536,7537,7538,-3414,-2640]],"type":"Polygon","properties":{"id":"14000US17199021400"}},{"arcs":[[-3267,7539,-6179,-6184,7540,-6104]],"type":"Polygon","properties":{"id":"14000US17031818600"}},{"arcs":[[-7401,-6269,-2209,-6262]],"type":"Polygon","properties":{"id":"14000US17031804807"}},{"arcs":[[-2729,-4580,7541,-7448,-7442,-7445]],"type":"Polygon","properties":{"id":"14000US17199020700"}},{"arcs":[[-7457,-7534,-7450,7542,7543,-7536]],"type":"Polygon","properties":{"id":"14000US17199021300"}},{"arcs":[[7544,7545,-6606,7546,-6814,-6810,7547,-7024]],"type":"Polygon","properties":{"id":"14000US17031801800"}},{"arcs":[[-4667,-1980,-3297,7548]],"type":"Polygon","properties":{"id":"14000US17099961701"}},{"arcs":[[7549,-6717,-6703,-6617,-6603,-6599]],"type":"Polygon","properties":{"id":"14000US17031800400"}},{"arcs":[[7550,-2891,-2939,-2895]],"type":"Polygon","properties":{"id":"14000US17031071700"}},{"arcs":[[-7491,7551,7552,-75]],"type":"Polygon","properties":{"id":"14000US17031031800"}},{"arcs":[[7553,-6186,-6289,7554,-6358,-6365,-6368,7555,-6467]],"type":"Polygon","properties":{"id":"14000US17031819000"}},{"arcs":[[-5638,-7308,7556,7557,7558,-7427]],"type":"Polygon","properties":{"id":"14000US17031823903"}},{"arcs":[[7559,7560,7561,7562,7563,-7507,-3259]],"type":"Polygon","properties":{"id":"14000US17031815701"}},{"arcs":[[-7499,7564,7565,7566,7567]],"type":"Polygon","properties":{"id":"14000US17031811600"}},{"arcs":[[-6497,-2372,-6126,-7349,7568]],"type":"Polygon","properties":{"id":"14000US17031802900"}},{"arcs":[[7569,-80,7570,-7552]],"type":"Polygon","properties":{"id":"14000US17031031700"}},{"arcs":[[-7344,-6047,-5886]],"type":"Polygon","properties":{"id":"14000US17031610400"}},{"arcs":[[-6044,-2983,7571,7572]],"type":"Polygon","properties":{"id":"14000US17031050600"}},{"arcs":[[-7522,-7573,7573,7574,-202]],"type":"Polygon","properties":{"id":"14000US17031050500"}},{"arcs":[[7575,7576,-7558]],"type":"Polygon","properties":{"id":"14000US17031823904"}},{"arcs":[[7577,-6305,7578,7579,-6362]],"type":"Polygon","properties":{"id":"14000US17031820103"}},{"arcs":[[7580,-6735,7581,-7391]],"type":"Polygon","properties":{"id":"14000US17031805801"}},{"arcs":[[7582,-2892,-7551,-2894]],"type":"Polygon","properties":{"id":"14000US17031071600"}},{"arcs":[[-6538,-6535,7583,-3503,-3502,7584,7585]],"type":"Polygon","properties":{"id":"14000US17031828505"}},{"arcs":[[7586,7587,-6691,-5616]],"type":"Polygon","properties":{"id":"14000US17031830004"}},{"arcs":[[-7585,-3501,-3505,7588,-6651,-5612]],"type":"Polygon","properties":{"id":"14000US17031828503"}},{"arcs":[[-2363,-6923,-6821,-6504,-6753,-2357]],"type":"Polygon","properties":{"id":"14000US17031802002"}},{"arcs":[[-6108,7589,7590,7591]],"type":"Polygon","properties":{"id":"14000US17031826202"}},{"arcs":[[7592,7593,7594,-6913]],"type":"Polygon","properties":{"id":"14000US17031671400"}},{"arcs":[[7595,-6773,7596]],"type":"Polygon","properties":{"id":"14000US17031801605"}},{"arcs":[[7597,-6619,-6706,-6712,-6707,7598,-6762,-6816]],"type":"Polygon","properties":{"id":"14000US17031800700"}},{"arcs":[[7599,7600,7601,7602]],"type":"Polygon","properties":{"id":"14000US17031062300"}},{"arcs":[[7603,7604,7605,7606,7607,-7307]],"type":"Polygon","properties":{"id":"14000US17031823102"}},{"arcs":[[-3647,-6294,-6295,-6292]],"type":"Polygon","properties":{"id":"14000US17031630400"}},{"arcs":[[7608,7609,-6175,-6178,7610,7611]],"type":"Polygon","properties":{"id":"14000US17031818401"}},{"arcs":[[7612,-6212,-6216,-6218,7613]],"type":"Polygon","properties":{"id":"14000US17031822802"}},{"arcs":[[7614,-7591,7615,-6530,7616,7617]],"type":"Polygon","properties":{"id":"14000US17031827902"}},{"arcs":[[-3629,7618,-5632,7619,-7587,-5615,-3439]],"type":"Polygon","properties":{"id":"14000US17031829902"}},{"arcs":[[-5936,-7379,7620,-6036]],"type":"Polygon","properties":{"id":"14000US17031010100"}},{"arcs":[[-1868,7621,7622,-1873,-1869,7623,-1814]],"type":"Polygon","properties":{"id":"14000US17201000403"}},{"arcs":[[7624,7625,7626,-5132,-5232,7627,7628,7629,-2134]],"type":"Polygon","properties":{"id":"14000US17119403802"}},{"arcs":[[-2167,-4778,-4274,7630,-4763,7631,7632]],"type":"Polygon","properties":{"id":"14000US17119401000"}},{"arcs":[[7633,-4798,7634,-7246,-5496,-2003,-1360,7635]],"type":"Polygon","properties":{"id":"14000US17119403532"}},{"arcs":[[7636,-7636,-1359,-4779,-4258,-4248,-4795]],"type":"Polygon","properties":{"id":"14000US17119403502"}},{"arcs":[[7637,7638,-1454,7639,7640]],"type":"Polygon","properties":{"id":"14000US17119403601"}},{"arcs":[[-4282,-4279,-4288,-4254,-4753,7641,-2163,7642,-4286]],"type":"Polygon","properties":{"id":"14000US17119402400"}},{"arcs":[[7643,7644,-5737,-2149,-1446,-4764]],"type":"Polygon","properties":{"id":"14000US17119403101"}},{"arcs":[[-4752,-2128,-4802,-2158,-4777,-4776,-2164,-7642]],"type":"Polygon","properties":{"id":"14000US17119401300"}},{"arcs":[[-2152,-4284,-4285,7645,-3895]],"type":"Polygon","properties":{"id":"14000US17119402722"}},{"arcs":[[-4801,-4768,-4771,-4756,-2155]],"type":"Polygon","properties":{"id":"14000US17119401721"}},{"arcs":[[7646,7647,-4803,-2126,-4751,-4252,-4277]],"type":"Polygon","properties":{"id":"14000US17119402000"}},{"arcs":[[-3887,7648,-7647,-4276,-4281,-2150]],"type":"Polygon","properties":{"id":"14000US17119402701"}},{"arcs":[[-3886,7649,-4770,-4800,-7648,-7649]],"type":"Polygon","properties":{"id":"14000US17119402801"}},{"arcs":[[-4755,-4772,-2136,7650,-7644,-7631,-4273]],"type":"Polygon","properties":{"id":"14000US17119402803"}},{"arcs":[[-7651,7651,-5740,-5735,-7645]],"type":"Polygon","properties":{"id":"14000US17119402900"}},{"arcs":[[-5897,-117,-5891,-6975]],"type":"Polygon","properties":{"id":"14000US17031680600"}},{"arcs":[[7652,7653,7654,-7283,-2364,-1579,-965]],"type":"Polygon","properties":{"id":"14000US17031803010"}},{"arcs":[[-532,-1138,-994,-1141,-3053,-1775,-882,-7315]],"type":"Polygon","properties":{"id":"14000US17031804505"}},{"arcs":[[-4110,-1144,-7269,-5633,7655,-2282]],"type":"Polygon","properties":{"id":"14000US17031804606"}},{"arcs":[[-7413,-7292,-6145,-7400,-6257]],"type":"Polygon","properties":{"id":"14000US17031804712"}},{"arcs":[[-7263,-7240,-7241,7656,7657,-7478,-7260]],"type":"Polygon","properties":{"id":"14000US17031807800"}},{"arcs":[[-6588,-7265,7658,-7257,-7477,-6584]],"type":"Polygon","properties":{"id":"14000US17031808400"}},{"arcs":[[7659,-6149,-6073,-6155,7660,7661]],"type":"Polygon","properties":{"id":"14000US17031811100"}},{"arcs":[[-7481,-4061,-599,7662,-7484]],"type":"Polygon","properties":{"id":"14000US17031030500"}},{"arcs":[[7663,7664,-529,-331,-383,-390,-507]],"type":"Polygon","properties":{"id":"14000US17197880119"}},{"arcs":[[-1025,-842,-1029,-5026,-514,7665]],"type":"Polygon","properties":{"id":"14000US17197880702"}},{"arcs":[[-350,-2125,-371,-358,-4996,7666,-385,-344]],"type":"Polygon","properties":{"id":"14000US17197880411"}},{"arcs":[[-340,-386,-7667,-4997,-287,-268,-374,-5156]],"type":"Polygon","properties":{"id":"14000US17197880421"}},{"arcs":[[7667,-1021,-7666,-1647,-1645,-1468,-4177,7668]],"type":"Polygon","properties":{"id":"14000US17197884103"}},{"arcs":[[-369,-274,-378,-382,7669,7670,-1022,-7668,7671,-364]],"type":"Polygon","properties":{"id":"14000US17197884101"}},{"arcs":[[-7672,-7669,-4178,-1471,7672,-1494,-305,-361]],"type":"Polygon","properties":{"id":"14000US17197880901"}},{"arcs":[[-7673,7673,-4518,-1479]],"type":"Polygon","properties":{"id":"14000US17197881604"}},{"arcs":[[-1458,-4034,-4037,-4385,-5240,7674,7675]],"type":"Polygon","properties":{"id":"14000US17197881112"}},{"arcs":[[-1658,7676,7677,-1631,-1621]],"type":"Polygon","properties":{"id":"14000US17197883515"}},{"arcs":[[-4176,-1627,-3626,-3617,7678,-4211,7679,-7677,-1657]],"type":"Polygon","properties":{"id":"14000US17197883522"}},{"arcs":[[-3616,-3508,-7314,7680,-3441,-1239,-4208,-7679]],"type":"Polygon","properties":{"id":"14000US17197883514"}},{"arcs":[[-2541,7681,7682,-2393,-2401]],"type":"Polygon","properties":{"id":"14000US17167000503"}},{"arcs":[[7683,7684,-7682,-2579]],"type":"Polygon","properties":{"id":"14000US17167000501"}},{"arcs":[[7685,-6515,7686,-5620,-4141,-7299,-1405]],"type":"Polygon","properties":{"id":"14000US17031820501"}},{"arcs":[[-6726,7687,7688,7689,7690]],"type":"Polygon","properties":{"id":"14000US17031814700"}},{"arcs":[[-7508,-7564,7691,7692,7693,-3130]],"type":"Polygon","properties":{"id":"14000US17031819100"}},{"arcs":[[7694,7695,-6566,-6572,-5630]],"type":"Polygon","properties":{"id":"14000US17031828801"}},{"arcs":[[7696,-6021,7697,-2256,-705,-6653,-6556,-6554,-6387,-6255,-6244,-3985,-699,-5858,-5855,-694,-3473,7698,7699,-1552,-4062,-2886,-2814,-2242,7700,-4045,7701,-2985,-7518,7702,-4055,7703,-4059,-7218,-4048,-4051,-2250,-7383,-5933,-3681,-7268,7704,-6718,-7550,-6598,7705]],"type":"Polygon","properties":{"id":"14000US17031990000"}},{"arcs":[[-3195,-3211,7706,-4780,-2098,-5072,-5087]],"type":"Polygon","properties":{"id":"14000US17027900602"}},{"arcs":[[-3210,-3202,-4781,-7707]],"type":"Polygon","properties":{"id":"14000US17027900601"}},{"arcs":[[-3324,-2761,-2777,-2766,-3205,7707,7708]],"type":"Polygon","properties":{"id":"14000US17027900401"}},{"arcs":[[-7422,-73,-742,7709,7710]],"type":"Polygon","properties":{"id":"14000US17031020500"}},{"arcs":[[7711,-6445,7712,-526,7713,7714]],"type":"Polygon","properties":{"id":"14000US17043846304"}},{"arcs":[[-2435,7715,-1281,-4360]],"type":"Polygon","properties":{"id":"14000US17097861611"}},{"arcs":[[7716,7717,7718,7719,7720,-6442]],"type":"Polygon","properties":{"id":"14000US17043846307"}},{"arcs":[[7721,-1741,-1718,-1713,-5449,7722,7723]],"type":"Polygon","properties":{"id":"14000US17043841114"}},{"arcs":[[7724,7725,7726,-7724,-1785,-1743]],"type":"Polygon","properties":{"id":"14000US17043841322"}},{"arcs":[[-4063,-1550,-2253,-924]],"type":"Polygon","properties":{"id":"14000US17031081300"}},{"arcs":[[-2937,-7425,7727,7728,7729,-174]],"type":"Polygon","properties":{"id":"14000US17031081000"}},{"arcs":[[7730,-7252,-904,7731,-178,-7418]],"type":"Polygon","properties":{"id":"14000US17031130100"}},{"arcs":[[-3055,-4475,-1742,-7722,7732]],"type":"Polygon","properties":{"id":"14000US17043841108"}},{"arcs":[[-2173,-2180,-2185,-7370,-2307]],"type":"Polygon","properties":{"id":"14000US17043844202"}},{"arcs":[[7733,7734,7735,7736,-6453,7737]],"type":"Polygon","properties":{"id":"14000US17043845100"}},{"arcs":[[7738,-7501,7739,-4452,-4457,-6481]],"type":"Polygon","properties":{"id":"14000US17043840000"}},{"arcs":[[7740,7741,-4212,-6474,-4218,7742]],"type":"Polygon","properties":{"id":"14000US17043840600"}},{"arcs":[[7743,7744,7745,7746]],"type":"Polygon","properties":{"id":"14000US17097863400"}},{"arcs":[[-1084,-2831,7747,7748]],"type":"Polygon","properties":{"id":"14000US17031170200"}},{"arcs":[[7749,-7746,7750,7751,7752,-23]],"type":"Polygon","properties":{"id":"14000US17097863500"}},{"arcs":[[7753,7754,7755,7756,7757]],"type":"Polygon","properties":{"id":"14000US17097863603"}},{"arcs":[[-5753,-7749,7758,7759]],"type":"Polygon","properties":{"id":"14000US17031170300"}},{"arcs":[[-6171,-7760,7760,7761]],"type":"Polygon","properties":{"id":"14000US17031170400"}},{"arcs":[[-6169,-7762,7762,7763,7764]],"type":"Polygon","properties":{"id":"14000US17031170500"}},{"arcs":[[-7764,7765,-7660,7766]],"type":"Polygon","properties":{"id":"14000US17031170600"}},{"arcs":[[-7763,7767,-6146,-7766]],"type":"Polygon","properties":{"id":"14000US17031170700"}},{"arcs":[[-7761,7768,7769,-6147,-7768]],"type":"Polygon","properties":{"id":"14000US17031170800"}},{"arcs":[[7770,7771,7772,-7755,7773]],"type":"Polygon","properties":{"id":"14000US17097863701"}},{"arcs":[[-5761,7774,7775,-6273]],"type":"Polygon","properties":{"id":"14000US17031251400"}},{"arcs":[[-254,7776,7777,7778]],"type":"Polygon","properties":{"id":"14000US17031260300"}},{"arcs":[[7779,7780,-6982,-824,-4088]],"type":"Polygon","properties":{"id":"14000US17031260500"}},{"arcs":[[-7778,7781,-6983,-7781]],"type":"Polygon","properties":{"id":"14000US17031260600"}},{"arcs":[[7782,7783,-6984,-7782]],"type":"Polygon","properties":{"id":"14000US17031260700"}},{"arcs":[[7784,-5849,-6980,-7784]],"type":"Polygon","properties":{"id":"14000US17031260800"}},{"arcs":[[-7572,-7320,7785,7786]],"type":"Polygon","properties":{"id":"14000US17031050700"}},{"arcs":[[-7575,7787,7788,-203]],"type":"Polygon","properties":{"id":"14000US17031050900"}},{"arcs":[[-7789,7789,-204]],"type":"Polygon","properties":{"id":"14000US17031051000"}},{"arcs":[[7790,7791,-2973,-7790]],"type":"Polygon","properties":{"id":"14000US17031051100"}},{"arcs":[[-7786,7792,-5764,-7792]],"type":"Polygon","properties":{"id":"14000US17031051200"}},{"arcs":[[-4299,-5604,-5535,-5532,-3179]],"type":"Polygon","properties":{"id":"14000US17019001301"}},{"arcs":[[-3147,-3192,7793,-3185,7794,7795]],"type":"Polygon","properties":{"id":"14000US17019001205"}},{"arcs":[[7796,-5526,7797,-5517,-4322,7798,-5032]],"type":"Polygon","properties":{"id":"14000US17161021400"}},{"arcs":[[-7799,-4326,-4341,-4333,-5033]],"type":"Polygon","properties":{"id":"14000US17161021500"}},{"arcs":[[-3199,7799,-3325,-7709,7800,-3208]],"type":"Polygon","properties":{"id":"14000US17027900404"}},{"arcs":[[-7801,-7708,-3204,-3209]],"type":"Polygon","properties":{"id":"14000US17027900403"}},{"arcs":[[7801,7802,7803,7804,7805,-7774,-7754,-7102]],"type":"Polygon","properties":{"id":"14000US17097863601"}},{"arcs":[[-7806,7806,-22,-7771]],"type":"Polygon","properties":{"id":"14000US17097863702"}},{"arcs":[[-7772,-21,7807,7808,7809]],"type":"Polygon","properties":{"id":"14000US17097863801"}},{"arcs":[[-7770,7810,-6066,-6148]],"type":"Polygon","properties":{"id":"14000US17031170900"}},{"arcs":[[-7759,7811,-442,7812,-7769]],"type":"Polygon","properties":{"id":"14000US17031171000"}},{"arcs":[[-7748,-2845,-1507,-7812]],"type":"Polygon","properties":{"id":"14000US17031171100"}},{"arcs":[[-7813,-448,-449,-6067,-7811]],"type":"Polygon","properties":{"id":"14000US17031180100"}},{"arcs":[[-1311,7813,7814,7815]],"type":"Polygon","properties":{"id":"14000US17031190100"}},{"arcs":[[-5755,-600,-462,7816,-542]],"type":"Polygon","properties":{"id":"14000US17031222200"}},{"arcs":[[-2957,-545,7817,7818,7819]],"type":"Polygon","properties":{"id":"14000US17031222500"}},{"arcs":[[-7462,-7820,7820,7821]],"type":"Polygon","properties":{"id":"14000US17031222600"}},{"arcs":[[-5759,7822,7823,7824,-7775]],"type":"Polygon","properties":{"id":"14000US17031251500"}},{"arcs":[[-2971,7825,7826,-7823]],"type":"Polygon","properties":{"id":"14000US17031251600"}},{"arcs":[[-2969,-256,7827,-7826]],"type":"Polygon","properties":{"id":"14000US17031251700"}},{"arcs":[[-7827,-7828,7828,-4087,-3942,7829,-7824]],"type":"Polygon","properties":{"id":"14000US17031251800"}},{"arcs":[[-7825,-7830,-4089,7830]],"type":"Polygon","properties":{"id":"14000US17031251900"}},{"arcs":[[-7776,-7831,-2297,-6493]],"type":"Polygon","properties":{"id":"14000US17031252000"}},{"arcs":[[-2305,-179,-7732]],"type":"Polygon","properties":{"id":"14000US17031130300"}},{"arcs":[[-5525,-5518,-7798]],"type":"Polygon","properties":{"id":"14000US17161020700"}},{"arcs":[[-4351,7831,7832,7833,7834,7835,-5320,-5327,-4355]],"type":"Polygon","properties":{"id":"14000US17161020200"}},{"arcs":[[-4324,-5521,7836,-7832,-4350,-4357]],"type":"Polygon","properties":{"id":"14000US17161020900"}},{"arcs":[[7837,7838,-3224,-3232,7839]],"type":"Polygon","properties":{"id":"14000US17161024103"}},{"arcs":[[7840,-4794,-577,-1970,7841,-7838]],"type":"Polygon","properties":{"id":"14000US17161024102"}},{"arcs":[[7842,7843,-7835,7844,-5523]],"type":"Polygon","properties":{"id":"14000US17161020400"}},{"arcs":[[-7842,-1969,-575,-4790,-5326,-3225,-7839]],"type":"Polygon","properties":{"id":"14000US17161024101"}},{"arcs":[[-1315,-1312,-7816,7845,7846]],"type":"Polygon","properties":{"id":"14000US17031190200"}},{"arcs":[[-2843,-7847,7847,-1318]],"type":"Polygon","properties":{"id":"14000US17031190300"}},{"arcs":[[-7846,7848,7849,-1510,7850]],"type":"Polygon","properties":{"id":"14000US17031190800"}},{"arcs":[[7851,-612,-5844,-7785,7852]],"type":"Polygon","properties":{"id":"14000US17031260100"}},{"arcs":[[-253,-7853,-7783,-7777]],"type":"Polygon","properties":{"id":"14000US17031260200"}},{"arcs":[[7853,-5417,-805,7854,-4978,7855]],"type":"Polygon","properties":{"id":"14000US17091010602"}},{"arcs":[[-7855,-804,-7057,-3244,-7062,-5018,-7254,7856,-7058,-4979]],"type":"Polygon","properties":{"id":"14000US17091010702"}},{"arcs":[[-2025,-1036,-5419,-5418,-7854,7857,-7052,-4379]],"type":"Polygon","properties":{"id":"14000US17091010201"}},{"arcs":[[-7856,-4982,-7053,-7858]],"type":"Polygon","properties":{"id":"14000US17091010601"}},{"arcs":[[-7001,7858,-6949,-6946]],"type":"Polygon","properties":{"id":"14000US17031530100"}},{"arcs":[[7859,-1533,7860,-157]],"type":"Polygon","properties":{"id":"14000US17031061800"}},{"arcs":[[7861,-7617,-6533,-6537,7862]],"type":"Polygon","properties":{"id":"14000US17031828201"}},{"arcs":[[7863,7864,7865,7866,-7465,7867,7868]],"type":"Polygon","properties":{"id":"14000US17031825000"}},{"arcs":[[-7494,-5652,7869,7870,7871,-5949]],"type":"Polygon","properties":{"id":"14000US17031824300"}},{"arcs":[[-5951,7872,7873,-3612,7874]],"type":"Polygon","properties":{"id":"14000US17031824601"}},{"arcs":[[-7611,-6177,-6105,-7541,-7554,7875]],"type":"Polygon","properties":{"id":"14000US17031818500"}},{"arcs":[[-6340,7876,-5800,-6628,-7493,7877,7878]],"type":"Polygon","properties":{"id":"14000US17031823400"}},{"arcs":[[-6740,-782,-792,-6951,7879,-2354,-6190,-6192,-5647,-6631]],"type":"Polygon","properties":{"id":"14000US17031821500"}},{"arcs":[[-6254,-6390,-6545,-4148]],"type":"Polygon","properties":{"id":"14000US17031410200"}},{"arcs":[[-1520,-4078,7880,7881,-455]],"type":"Polygon","properties":{"id":"14000US17031222900"}},{"arcs":[[7882,-2854,7883,7884]],"type":"Polygon","properties":{"id":"14000US17031241000"}},{"arcs":[[-1571,-54,-7467,-5939,7885,-3436,-7681,-7313]],"type":"Polygon","properties":{"id":"14000US17031825400"}},{"arcs":[[-7620,-5631,-6574,-6577,7886,-6692,-7588]],"type":"Polygon","properties":{"id":"14000US17031830005"}},{"arcs":[[-3613,7887,-7869,7888,-3513]],"type":"Polygon","properties":{"id":"14000US17031824505"}},{"arcs":[[-5651,-6197,-6201,-6375,7889,7890,-7870]],"type":"Polygon","properties":{"id":"14000US17031824800"}},{"arcs":[[7891,7892,7893,-809,-3665,-7415,-5908,-3491,-3667,7894,-7407]],"type":"Polygon","properties":{"id":"14000US17031803608"}},{"arcs":[[-7815,7895,7896,-7849]],"type":"Polygon","properties":{"id":"14000US17031190900"}},{"arcs":[[-1511,7897,-2876,-1512]],"type":"Polygon","properties":{"id":"14000US17031191200"}},{"arcs":[[-5750,7898,7899,-7814]],"type":"Polygon","properties":{"id":"14000US17031200100"}},{"arcs":[[-7900,-248,7900,-7896]],"type":"Polygon","properties":{"id":"14000US17031200200"}},{"arcs":[[-7901,-247,-1527,-1517,-1522,7901]],"type":"Polygon","properties":{"id":"14000US17031200300"}},{"arcs":[[-2796,-7822,7902,7903,7904]],"type":"Polygon","properties":{"id":"14000US17031222700"}},{"arcs":[[-7903,-7821,7905,7906,7907]],"type":"Polygon","properties":{"id":"14000US17031230100"}},{"arcs":[[-7904,-7908,7908,7909]],"type":"Polygon","properties":{"id":"14000US17031230200"}},{"arcs":[[7910,-7910,7911,7912,7913]],"type":"Polygon","properties":{"id":"14000US17031230300"}},{"arcs":[[-7882,7914,-7914,7915,7916,-456]],"type":"Polygon","properties":{"id":"14000US17031230400"}},{"arcs":[[-457,-7917,7917,-816]],"type":"Polygon","properties":{"id":"14000US17031230500"}},{"arcs":[[-5860,-5864,-6018,-587]],"type":"Polygon","properties":{"id":"14000US17031351100"}},{"arcs":[[-6315,-6313,7918,-6529,7919,-6646,-6642,-6400,-6376,-6372]],"type":"Polygon","properties":{"id":"14000US17031827500"}},{"arcs":[[-7234,-7236,-7226,-5928,-6042,-7405,-7251,-7250,-7238]],"type":"Polygon","properties":{"id":"14000US17031807600"}},{"arcs":[[-6117,-6120,-6009,-6109,-7592,-7615,7920,-6403]],"type":"Polygon","properties":{"id":"14000US17031826201"}},{"arcs":[[-7506,7921,7922,7923,7924,-7605,7925,-7305,7926,-5624]],"type":"Polygon","properties":{"id":"14000US17031823001"}},{"arcs":[[-6501,-6503,-7274,-7502,-7739,7927,-6595]],"type":"Polygon","properties":{"id":"14000US17031770500"}},{"arcs":[[7928,-7579,-6304,-6287,-3131,-7694,7929,-6508,-6513,-7686,-1408,-7295,-3637,-3643]],"type":"Polygon","properties":{"id":"14000US17031820202"}},{"arcs":[[-6051,-7430,-6963,7930]],"type":"Polygon","properties":{"id":"14000US17031611700"}},{"arcs":[[-7555,-6291,-6306,-7578,-6359]],"type":"Polygon","properties":{"id":"14000US17031819700"}},{"arcs":[[-7341,-6787,-6827,-1123,-1116]],"type":"Polygon","properties":{"id":"14000US17031300500"}},{"arcs":[[7931,7932,-6727,-7691,7933,-3257,-7510,-6087]],"type":"Polygon","properties":{"id":"14000US17031816100"}},{"arcs":[[-3266,7934,-6283,-6180,-7540]],"type":"Polygon","properties":{"id":"14000US17031818700"}},{"arcs":[[7935,7936,-6079]],"type":"Polygon","properties":{"id":"14000US17031817300"}},{"arcs":[[-7326,-6132,-3663]],"type":"Polygon","properties":{"id":"14000US17031381500"}},{"arcs":[[-6381,-6658,-6660,-7512]],"type":"Polygon","properties":{"id":"14000US17031420500"}},{"arcs":[[-7567,7937,7938,-6482,7939]],"type":"Polygon","properties":{"id":"14000US17031811500"}},{"arcs":[[-925,-2255,-1556,-3678,7940]],"type":"Polygon","properties":{"id":"14000US17031081500"}},{"arcs":[[7941,-7941,-1158,7942]],"type":"Polygon","properties":{"id":"14000US17031081600"}},{"arcs":[[-7729,-7943,-1157,7943]],"type":"Polygon","properties":{"id":"14000US17031081700"}},{"arcs":[[-722,7944,-175,-7730,-7944,-1156,-6824,-7332]],"type":"Polygon","properties":{"id":"14000US17031081800"}},{"arcs":[[-176,-7945,-721]],"type":"Polygon","properties":{"id":"14000US17031081900"}},{"arcs":[[-2791,-7905,-7911,-7915,-7881]],"type":"Polygon","properties":{"id":"14000US17031222800"}},{"arcs":[[-7574,-7787,-7791,-7788]],"type":"Polygon","properties":{"id":"14000US17031050800"}},{"arcs":[[-2953,-207,7945,7946,7947,-437]],"type":"Polygon","properties":{"id":"14000US17031210100"}},{"arcs":[[-5751,-1530,7948,-249,-7899,-5749]],"type":"Polygon","properties":{"id":"14000US17031210400"}},{"arcs":[[-7916,7949,7950,7951]],"type":"Polygon","properties":{"id":"14000US17031230700"}},{"arcs":[[-7913,7952,-618,7953,-7950]],"type":"Polygon","properties":{"id":"14000US17031230800"}},{"arcs":[[-7912,-7909,7954,-613,-7953]],"type":"Polygon","properties":{"id":"14000US17031230900"}},{"arcs":[[-2148,-5742,7955,-4799,-7634,-7637,-1448]],"type":"Polygon","properties":{"id":"14000US17119403533"}},{"arcs":[[-4797,7956,-7640,-1453,7957,-7638,7958,-7629,7959,7960,-3201,-3193,-7247,-7635]],"type":"Polygon","properties":{"id":"14000US17119403702"}},{"arcs":[[-5738,-7652,-2135,-7630,-7959,-7641,-7957,-4796,-7956,-5741]],"type":"Polygon","properties":{"id":"14000US17119403701"}},{"arcs":[[-7639,-7958,-1452]],"type":"Polygon","properties":{"id":"14000US17119403603"}},{"arcs":[[-7632,-4765,-5794,-5285,-2162,-5064,7961]],"type":"Polygon","properties":{"id":"14000US17119404100"}},{"arcs":[[-6431,7962,-6525,-5621,-7687,-6514]],"type":"Polygon","properties":{"id":"14000US17031820502"}},{"arcs":[[-6430,-6433,-6435,-6437,-6701,-6520,-6639,-6521,-7963]],"type":"Polygon","properties":{"id":"14000US17031820901"}},{"arcs":[[-7330,7963,7964,-5999,7965,-2351,7966]],"type":"Polygon","properties":{"id":"14000US17031550200"}},{"arcs":[[7967,7968,-6221,7969,7970,-7496,7971,7972,-7607]],"type":"Polygon","properties":{"id":"14000US17031823200"}},{"arcs":[[-6219,-6204,-5966,-6337,-6341,-7879,7973,7974]],"type":"Polygon","properties":{"id":"14000US17031823304"}},{"arcs":[[7975,7976,7977,-7968,7978,-7924]],"type":"Polygon","properties":{"id":"14000US17031822602"}},{"arcs":[[7979,-6965,-6970,-7593,-196,-193]],"type":"Polygon","properties":{"id":"14000US17031670500"}},{"arcs":[[-7580,-7929,-3642,7980]],"type":"Polygon","properties":{"id":"14000US17031820104"}},{"arcs":[[7981,7982,7983,7984,-6956,-7008,7985,-7692]],"type":"Polygon","properties":{"id":"14000US17031820700"}},{"arcs":[[7986,-5889,-6053,-663]],"type":"Polygon","properties":{"id":"14000US17031580800"}},{"arcs":[[7987,-6490,7988,7989,7990]],"type":"Polygon","properties":{"id":"14000US17031811800"}},{"arcs":[[-6397,-6421,-6596,-7928,-6480,-7271]],"type":"Polygon","properties":{"id":"14000US17031770300"}},{"arcs":[[-6499,-6351,-6422,-6417,-6415]],"type":"Polygon","properties":{"id":"14000US17031805109"}},{"arcs":[[-981,-7288,7991,-2278,-6399,-7270,-1142,-1147,-5641]],"type":"Polygon","properties":{"id":"14000US17031804603"}},{"arcs":[[-7918,-7952,-250,-817]],"type":"Polygon","properties":{"id":"14000US17031230600"}},{"arcs":[[-2860,-2865,7992,-2802,7993]],"type":"Polygon","properties":{"id":"14000US17031242300"}},{"arcs":[[-2864,-5757,-2804,-7993]],"type":"Polygon","properties":{"id":"14000US17031242200"}},{"arcs":[[7994,-7519,-869,-84]],"type":"Polygon","properties":{"id":"14000US17031032100"}},{"arcs":[[-6528,-7863,-6539,7995,7996,-6647,-7920]],"type":"Polygon","properties":{"id":"14000US17031828300"}},{"arcs":[[7997,-7890,-6374,-4328,7998,-7866]],"type":"Polygon","properties":{"id":"14000US17031824900"}},{"arcs":[[-6113,-6406,-6409,-6526,-7919,-6312]],"type":"Polygon","properties":{"id":"14000US17031827801"}},{"arcs":[[7999,8000,8001,-3873,8002,8003,-7545,-7023,8004]],"type":"Polygon","properties":{"id":"14000US17031801500"}},{"arcs":[[-6755,-3484,-3481,-7392,8005,8006,-7276]],"type":"Polygon","properties":{"id":"14000US17031806002"}},{"arcs":[[-4453,-7740,-7500,-7568,-7940,-6485,-6722,8007,8008]],"type":"Polygon","properties":{"id":"14000US17031811701"}},{"arcs":[[8009,-5625,-7927,-7304,-580,-5636,8010]],"type":"Polygon","properties":{"id":"14000US17031823803"}},{"arcs":[[-7986,-7010,-7012,-7013,-7015,-7018,-6509,-7930,-7693]],"type":"Polygon","properties":{"id":"14000US17031820800"}},{"arcs":[[-1436,8011,-1538,-6828]],"type":"Polygon","properties":{"id":"14000US17031300800"}},{"arcs":[[-2986,-7702,-4044,-1534,-7860,8012]],"type":"Polygon","properties":{"id":"14000US17031060900"}},{"arcs":[[-871,-8013,-156,8013]],"type":"Polygon","properties":{"id":"14000US17031061000"}},{"arcs":[[-7948,8014,8015,8016,-4079,-1346,-438]],"type":"Polygon","properties":{"id":"14000US17031210700"}},{"arcs":[[-6083,-3274,8017,-7932,-6086,-6101,-6080,-7937]],"type":"Polygon","properties":{"id":"14000US17031817500"}},{"arcs":[[-5984,-5991,-5994,-6176,-7610,8018]],"type":"Polygon","properties":{"id":"14000US17031818300"}},{"arcs":[[-261,-7325,-1429,-475]],"type":"Polygon","properties":{"id":"14000US17031291600"}},{"arcs":[[-6383,-4152,-6385]],"type":"Polygon","properties":{"id":"14000US17031400400"}},{"arcs":[[8019,8020,-5545,8021,8022,-5986,-5982,8023]],"type":"Polygon","properties":{"id":"14000US17031816500"}},{"arcs":[[-7582,-6734,-6688,-6730,-7388]],"type":"Polygon","properties":{"id":"14000US17031805701"}},{"arcs":[[-6268,8024,-2283,-7656,-5635,-4477,-2210]],"type":"Polygon","properties":{"id":"14000US17031804803"}},{"arcs":[[-7850,8025,-2873,-7898]],"type":"Polygon","properties":{"id":"14000US17031191100"}},{"arcs":[[-6031,8026,-3967,-2279,-7992,-7287,-7411,-7409]],"type":"Polygon","properties":{"id":"14000US17031804105"}},{"arcs":[[8027,-7513,-7395,8028]],"type":"Polygon","properties":{"id":"14000US17031120100"}},{"arcs":[[-7289,-6141,-7291,-7412]],"type":"Polygon","properties":{"id":"14000US17031804705"}},{"arcs":[[-7895,-3666,-3494,-3965,-972,8029,-6029,-7408]],"type":"Polygon","properties":{"id":"14000US17031803603"}},{"arcs":[[-6369,-6366,-6363,-7981,-3641,-1053,-1065]],"type":"Polygon","properties":{"id":"14000US17031820101"}},{"arcs":[[-228,-4713,8030,8031,8032,8033,-5196,-5177,-4740]],"type":"Polygon","properties":{"id":"14000US17103000700"}},{"arcs":[[8034,8035,8036]],"type":"Polygon","properties":{"id":"14000US17103000300"}},{"arcs":[[8037,-7808,8038,8039]],"type":"Polygon","properties":{"id":"14000US17097863902"}},{"arcs":[[8040,-7810,8041,8042]],"type":"Polygon","properties":{"id":"14000US17097863903"}},{"arcs":[[8043,-8042,-7809,-8038,8044]],"type":"Polygon","properties":{"id":"14000US17097863904"}},{"arcs":[[-7757,8045,-8043,-8044,8046,8047]],"type":"Polygon","properties":{"id":"14000US17097864001"}},{"arcs":[[-8047,-8045,-8040,8048,8049,8050,8051,8052]],"type":"Polygon","properties":{"id":"14000US17097864002"}},{"arcs":[[-7343,-3657,-6055,-6048]],"type":"Polygon","properties":{"id":"14000US17031611200"}},{"arcs":[[-1435,-6831,-491,-8012]],"type":"Polygon","properties":{"id":"14000US17031300900"}},{"arcs":[[8053,-872,-8014,-155,-7474]],"type":"Polygon","properties":{"id":"14000US17031061100"}},{"arcs":[[-7475,-160,8054,-7600,-7317]],"type":"Polygon","properties":{"id":"14000US17031061500"}},{"arcs":[[-7861,-1537,8055,8056]],"type":"Polygon","properties":{"id":"14000US17031062000"}},{"arcs":[[-8057,8057,8058,-158]],"type":"Polygon","properties":{"id":"14000US17031062100"}},{"arcs":[[-159,-8059,8059,-7601,-8055]],"type":"Polygon","properties":{"id":"14000US17031062200"}},{"arcs":[[-6407,-6404,-7921,-7618,-7862,-6527]],"type":"Polygon","properties":{"id":"14000US17031827901"}},{"arcs":[[8060,-5608,-6670,-3277]],"type":"Polygon","properties":{"id":"14000US17031829500"}},{"arcs":[[8061,8062,-7399,8063,-6683]],"type":"Polygon","properties":{"id":"14000US17031090200"}},{"arcs":[[-6664,8064,-8062,-6682]],"type":"Polygon","properties":{"id":"14000US17031090100"}},{"arcs":[[-6568,8065,-6553,-5609,-8061,-3276,-6578]],"type":"Polygon","properties":{"id":"14000US17031829100"}},{"arcs":[[-7559,-7577,8066,8067,-5952,-7875,-3611,-3511,8068,-7428]],"type":"Polygon","properties":{"id":"14000US17031824503"}},{"arcs":[[-50,-7429,-8069,-3510,-7468,-2263,-3620,-7302]],"type":"Polygon","properties":{"id":"14000US17031824106"}},{"arcs":[[-3639,-7298,8069,8070,-8011,-5640,-7300,-1565,-2292,-2287]],"type":"Polygon","properties":{"id":"14000US17031823801"}},{"arcs":[[8071,-6776,-7025,-7548,-6809,-6924,-2361,8072]],"type":"Polygon","properties":{"id":"14000US17031801608"}},{"arcs":[[8073,-8006,-7393,-6732,-7581,-6781,-1151,-7294]],"type":"Polygon","properties":{"id":"14000US17031805901"}},{"arcs":[[-7966,-5998,-6187,-7463,-2352]],"type":"Polygon","properties":{"id":"14000US17031826401"}},{"arcs":[[-255,-7779,-7780,-7829]],"type":"Polygon","properties":{"id":"14000US17031260400"}},{"arcs":[[8074,-8037,8075,-8032]],"type":"Polygon","properties":{"id":"14000US17103000600"}},{"arcs":[[-8076,-8036,8076,-3088,-3378,8077,8078,-8033]],"type":"Polygon","properties":{"id":"14000US17103000200"}},{"arcs":[[-3089,-8077,-8035,8079]],"type":"Polygon","properties":{"id":"14000US17103000400"}},{"arcs":[[-3377,-3105,-3095,-4679,-1992,8080,8081,-8078]],"type":"Polygon","properties":{"id":"14000US17103000100"}},{"arcs":[[-8081,-2000,-6884,-6888,-5198,8082]],"type":"Polygon","properties":{"id":"14000US17103000900"}},{"arcs":[[-4729,-3090,-8080,-8075,-8031,-4734]],"type":"Polygon","properties":{"id":"14000US17103000500"}},{"arcs":[[-8079,-8082,-8083,-5197,-8034]],"type":"Polygon","properties":{"id":"14000US17103000800"}},{"arcs":[[-503,-5862,-3463,8083]],"type":"Polygon","properties":{"id":"14000US17031351500"}},{"arcs":[[-7939,-7661,-6154,8084,-5542,-6483]],"type":"Polygon","properties":{"id":"14000US17031811200"}},{"arcs":[[-7498,8085,8086,-7565]],"type":"Polygon","properties":{"id":"14000US17031770800"}},{"arcs":[[-8030,-971,8087,-3968,-8027,-6030]],"type":"Polygon","properties":{"id":"14000US17031804102"}},{"arcs":[[-7280,-4109,-4106,-6976,-1584]],"type":"Polygon","properties":{"id":"14000US17031802605"}},{"arcs":[[-3964,-5910,-7416,-5917,8088,8089,-969]],"type":"Polygon","properties":{"id":"14000US17031803800"}},{"arcs":[[-7947,8090,8091,-8015]],"type":"Polygon","properties":{"id":"14000US17031210800"}},{"arcs":[[-7946,-206,-88,8092,-8091]],"type":"Polygon","properties":{"id":"14000US17031210900"}},{"arcs":[[-8089,-5916,-7347,-6025,-6026,8093]],"type":"Polygon","properties":{"id":"14000US17031803901"}},{"arcs":[[8094,8095,-8005,-7022,-6774,-7596,8096,-6927]],"type":"Polygon","properties":{"id":"14000US17031801601"}},{"arcs":[[-6711,-6803,-6763,-7599]],"type":"Polygon","properties":{"id":"14000US17031800900"}},{"arcs":[[-7414,-6259,-4138,-7421,-3669]],"type":"Polygon","properties":{"id":"14000US17031804305"}},{"arcs":[[-7424,-4064,-926,-7942,-7728]],"type":"Polygon","properties":{"id":"14000US17031081100"}},{"arcs":[[8097,-2861,8098,-2851]],"type":"Polygon","properties":{"id":"14000US17031241200"}},{"arcs":[[-1545,-4057,8099,-81,8100]],"type":"Polygon","properties":{"id":"14000US17031031200"}},{"arcs":[[-7319,8101,8102,-7793]],"type":"Polygon","properties":{"id":"14000US17031062500"}},{"arcs":[[-8103,8103,8104,-5765]],"type":"Polygon","properties":{"id":"14000US17031062600"}},{"arcs":[[8105,8106,8107,-8104]],"type":"Polygon","properties":{"id":"14000US17031062700"}},{"arcs":[[-7602,8108,8109,-8107]],"type":"Polygon","properties":{"id":"14000US17031062800"}},{"arcs":[[-8060,8110,8111,-8109]],"type":"Polygon","properties":{"id":"14000US17031062900"}},{"arcs":[[-8058,8112,8113,8114,-8111]],"type":"Polygon","properties":{"id":"14000US17031063000"}},{"arcs":[[-7318,-7603,-8106,-8102]],"type":"Polygon","properties":{"id":"14000US17031062400"}},{"arcs":[[-8056,8115,8116,-8113]],"type":"Polygon","properties":{"id":"14000US17031063100"}},{"arcs":[[-1536,-4046,-7701,-2241,-4065,-3940,-927,-8116]],"type":"Polygon","properties":{"id":"14000US17031063200"}},{"arcs":[[-8117,-930,8117,-8114]],"type":"Polygon","properties":{"id":"14000US17031063400"}},{"arcs":[[-8064,8118,8119,-6686]],"type":"Polygon","properties":{"id":"14000US17031090300"}},{"arcs":[[-7397,-7516,8120,8121,8122]],"type":"Polygon","properties":{"id":"14000US17031100100"}},{"arcs":[[-8119,-7398,-8123,8123,8124,8125]],"type":"Polygon","properties":{"id":"14000US17031100300"}},{"arcs":[[-7104,8126,8127,-7093]],"type":"Polygon","properties":{"id":"14000US17097864105"}},{"arcs":[[-7103,-7758,-8048,8128,-8127]],"type":"Polygon","properties":{"id":"14000US17097864106"}},{"arcs":[[-181,8129,8130,8131]],"type":"Polygon","properties":{"id":"14000US17031140100"}},{"arcs":[[-182,-8132,-1299,-1098,-1094]],"type":"Polygon","properties":{"id":"14000US17031140200"}},{"arcs":[[-7419,-1096,-1101,8132,-2940,8133]],"type":"Polygon","properties":{"id":"14000US17031140400"}},{"arcs":[[-8133,8134,-2947,-2944,-2941]],"type":"Polygon","properties":{"id":"14000US17031140500"}},{"arcs":[[-7547,-6605,-6620,-7598,-6815]],"type":"Polygon","properties":{"id":"14000US17031800800"}},{"arcs":[[8135,8136,-603,-615]],"type":"Polygon","properties":{"id":"14000US17031242700"}},{"arcs":[[-8049,-8039,-29,8137,8138]],"type":"Polygon","properties":{"id":"14000US17097864513"}},{"arcs":[[-28,8139,8140,-8138]],"type":"Polygon","properties":{"id":"14000US17097864514"}},{"arcs":[[8141,-7281,-7655,8142,-4434]],"type":"Polygon","properties":{"id":"14000US17097864519"}},{"arcs":[[8143,8144,-1049,8145,8146]],"type":"Polygon","properties":{"id":"14000US17043846104"}},{"arcs":[[-4167,8147,8148,-7612,-7876,-6466]],"type":"Polygon","properties":{"id":"14000US17043844602"}},{"arcs":[[-2192,-6468,-7556,-6371,8149,8150,-7738,-6452]],"type":"Polygon","properties":{"id":"14000US17043844702"}},{"arcs":[[-8118,8151,-7224,8152,8153]],"type":"Polygon","properties":{"id":"14000US17031070200"}},{"arcs":[[-8115,-8154,8154,8155]],"type":"Polygon","properties":{"id":"14000US17031070300"}},{"arcs":[[-8112,-8156,8156,8157]],"type":"Polygon","properties":{"id":"14000US17031070400"}},{"arcs":[[-8110,-8158,-162,8158]],"type":"Polygon","properties":{"id":"14000US17031070500"}},{"arcs":[[-8108,-8159,-161,8159]],"type":"Polygon","properties":{"id":"14000US17031070600"}},{"arcs":[[-4318,-4315,8160,-7527]],"type":"Polygon","properties":{"id":"14000US17019010603"}},{"arcs":[[-8161,-4314,-4305,8161,8162,-4310,-3142,-3148,-7796,8163,-7528]],"type":"Polygon","properties":{"id":"14000US17019010604"}},{"arcs":[[-8163,8164,8165,8166,-4311]],"type":"Polygon","properties":{"id":"14000US17019005402"}},{"arcs":[[-412,-1803,-1916,8167,-424,-1890,-1820,-3380,-3386,-3384,-1754]],"type":"Polygon","properties":{"id":"14000US17201003711"}},{"arcs":[[-8167,8168,-39,-4312]],"type":"Polygon","properties":{"id":"14000US17019005401"}},{"arcs":[[-1915,-425,-8168]],"type":"Polygon","properties":{"id":"14000US17201980000"}},{"arcs":[[-5766,-8105,-8160,-166,-91,-2975]],"type":"Polygon","properties":{"id":"14000US17031070700"}},{"arcs":[[-8120,-8126,8169,-6064]],"type":"Polygon","properties":{"id":"14000US17031100400"}},{"arcs":[[-8124,8170,8171,8172]],"type":"Polygon","properties":{"id":"14000US17031100600"}},{"arcs":[[8173,-8172,8174,-6074,-535]],"type":"Polygon","properties":{"id":"14000US17031100700"}},{"arcs":[[-7515,-2248,-2827,8175,-8121]],"type":"Polygon","properties":{"id":"14000US17031110200"}},{"arcs":[[-1089,8176,-2943,-190,-2835,8177]],"type":"Polygon","properties":{"id":"14000US17031150200"}},{"arcs":[[-1090,-8178,-2832,-1092,-1081]],"type":"Polygon","properties":{"id":"14000US17031150300"}},{"arcs":[[-8128,8178,8179,8180,-7094]],"type":"Polygon","properties":{"id":"14000US17097864107"}},{"arcs":[[-8129,-8053,8181,-8179]],"type":"Polygon","properties":{"id":"14000US17097864108"}},{"arcs":[[-7167,-7090,-7110,8182,-7150]],"type":"Polygon","properties":{"id":"14000US17097864203"}},{"arcs":[[-8183,-7109,8183,8184,-7202]],"type":"Polygon","properties":{"id":"14000US17097864204"}},{"arcs":[[8185,8186,8187,8188,8189]],"type":"Polygon","properties":{"id":"14000US17043845704"}},{"arcs":[[-8188,8190,-2221,-1251,-2223]],"type":"Polygon","properties":{"id":"14000US17043845802"}},{"arcs":[[8191,-7179,-405]],"type":"Polygon","properties":{"id":"14000US17111870302"}},{"arcs":[[-4829,-150,-4849,-4881,-4887]],"type":"Polygon","properties":{"id":"14000US17111871109"}},{"arcs":[[-7208,-7211,8192,-7190,8193,-152]],"type":"Polygon","properties":{"id":"14000US17111871209"}},{"arcs":[[8194,8195,-7217,8196,-7214]],"type":"Polygon","properties":{"id":"14000US17111871310"}},{"arcs":[[-4874,-7184,-7196,-7201,-7216,-8196,8197]],"type":"Polygon","properties":{"id":"14000US17111871600"}},{"arcs":[[-8131,-5977,-5981,-1306,-1531,-1293,-1300]],"type":"Polygon","properties":{"id":"14000US17031140800"}},{"arcs":[[-7951,8198,8199,-251]],"type":"Polygon","properties":{"id":"14000US17031231200"}},{"arcs":[[-7954,-617,8200,-8199]],"type":"Polygon","properties":{"id":"14000US17031231100"}},{"arcs":[[-8099,-7994,-2800,8201]],"type":"Polygon","properties":{"id":"14000US17031242400"}},{"arcs":[[-2852,-8202,-2798,8202]],"type":"Polygon","properties":{"id":"14000US17031242500"}},{"arcs":[[8203,-4201,8204,-5713]],"type":"Polygon","properties":{"id":"14000US17043843301"}},{"arcs":[[-5452,8205,8206,8207]],"type":"Polygon","properties":{"id":"14000US17043841207"}},{"arcs":[[8208,-5453,-8208,8209,-4482,-6447]],"type":"Polygon","properties":{"id":"14000US17043841210"}},{"arcs":[[8210,-5715,-4207,-2310,8211,-6449,-6458,8212]],"type":"Polygon","properties":{"id":"14000US17043841706"}},{"arcs":[[-8212,8213,-1910,-2736,8214]],"type":"Polygon","properties":{"id":"14000US17043842709"}},{"arcs":[[8215,-7726,8216]],"type":"Polygon","properties":{"id":"14000US17043841321"}},{"arcs":[[-884,-1778,8217,-8217,-7725,-3051]],"type":"Polygon","properties":{"id":"14000US17043841318"}},{"arcs":[[-1847,-6479,8218,-4491]],"type":"Polygon","properties":{"id":"14000US17043841503"}},{"arcs":[[-976,-4492,-8219,-6463,-3058,8219]],"type":"Polygon","properties":{"id":"14000US17043841605"}},{"arcs":[[-1864,-1851,8220,-3255,-1853,-1860]],"type":"Polygon","properties":{"id":"14000US17043846413"}},{"arcs":[[8221,8222,-7123,-7125,-7282,-8142,-4433,8223]],"type":"Polygon","properties":{"id":"14000US17097864520"}},{"arcs":[[-8140,-27,8224,-7124,-8223]],"type":"Polygon","properties":{"id":"14000US17097864521"}},{"arcs":[[-7753,8225,8226,8227,-24]],"type":"Polygon","properties":{"id":"14000US17097864601"}},{"arcs":[[-7752,8228,8229,8230,8231,8232,-8226]],"type":"Polygon","properties":{"id":"14000US17097864602"}},{"arcs":[[-8227,-8233,8233,8234,-3875,8235,8236,8237,8238]],"type":"Polygon","properties":{"id":"14000US17097864700"}},{"arcs":[[-7657,-7244,8239,8240,-8028,8241]],"type":"Polygon","properties":{"id":"14000US17031120200"}},{"arcs":[[-7243,-7249,-7253,-7731,-7417,-8240]],"type":"Polygon","properties":{"id":"14000US17031120300"}},{"arcs":[[-8241,-7420,-8134,-8177,-1088,-2246,-7514]],"type":"Polygon","properties":{"id":"14000US17031120400"}},{"arcs":[[8242,8243,-1061,-1067,8244,-2216]],"type":"Polygon","properties":{"id":"14000US17043845508"}},{"arcs":[[-6454,-7737,8245,8246,-6471]],"type":"Polygon","properties":{"id":"14000US17043845000"}},{"arcs":[[-8151,8247,-1063,-1059,-7734]],"type":"Polygon","properties":{"id":"14000US17043845200"}},{"arcs":[[-8150,-6370,-1064,-8248]],"type":"Polygon","properties":{"id":"14000US17043845300"}},{"arcs":[[-8200,-8201,-616,-607,-608,-7852,-252]],"type":"Polygon","properties":{"id":"14000US17031231500"}},{"arcs":[[8248,8249,-4533,-291]],"type":"Polygon","properties":{"id":"14000US17043846513"}},{"arcs":[[8250,8251,8252,8253,8254,8255]],"type":"Polygon","properties":{"id":"14000US17043846510"}},{"arcs":[[-7144,8256,8257,-8213,-6457,8258,-7146]],"type":"Polygon","properties":{"id":"14000US17043841705"}},{"arcs":[[-6475,-4215,8259,8260,-4130,-4220]],"type":"Polygon","properties":{"id":"14000US17043844002"}},{"arcs":[[-8247,8261,-2214,8262,-6472]],"type":"Polygon","properties":{"id":"14000US17043845510"}},{"arcs":[[-1056,-3640,-2286,-5718]],"type":"Polygon","properties":{"id":"14000US17043845901"}},{"arcs":[[-7119,-7096,-4427,-8184,-7108]],"type":"Polygon","properties":{"id":"14000US17097864206"}},{"arcs":[[-7194,-7182,-7203,-8185,-4431,8263,8264,-7198]],"type":"Polygon","properties":{"id":"14000US17097864303"}},{"arcs":[[-4430,8265,8266,8267,8268,-8264]],"type":"Polygon","properties":{"id":"14000US17097864306"}},{"arcs":[[-7735,-1062,-8244,8269]],"type":"Polygon","properties":{"id":"14000US17043845502"}},{"arcs":[[-8155,8270,-7322,8271]],"type":"Polygon","properties":{"id":"14000US17031071100"}},{"arcs":[[-8265,-8269,8272,-3443,-7199]],"type":"Polygon","properties":{"id":"14000US17097864307"}},{"arcs":[[-8157,-8272,-7321,-163]],"type":"Polygon","properties":{"id":"14000US17031071000"}},{"arcs":[[-8153,8273,-2893,-8271]],"type":"Polygon","properties":{"id":"14000US17031071200"}},{"arcs":[[-7223,-2816,-7583,-8274]],"type":"Polygon","properties":{"id":"14000US17031071300"}},{"arcs":[[-8175,-8171,-8122,-8176,-2828,-1075,-6075]],"type":"Polygon","properties":{"id":"14000US17031110300"}},{"arcs":[[-1068,-1057,-5717,-1253]],"type":"Polygon","properties":{"id":"14000US17043845805"}},{"arcs":[[-8093,-96,-2959,-2962,8274]],"type":"Polygon","properties":{"id":"14000US17031220300"}},{"arcs":[[-8016,-8092,-8275,-2955,8275]],"type":"Polygon","properties":{"id":"14000US17031220400"}},{"arcs":[[-8017,-8276,-7461,-2794,-4084,-4082]],"type":"Polygon","properties":{"id":"14000US17031220500"}},{"arcs":[[-7426,-2849,-460]],"type":"Polygon","properties":{"id":"14000US17031240300"}},{"arcs":[[-7817,-461,-2862,-2858,-8098,8276]],"type":"Polygon","properties":{"id":"14000US17031240500"}},{"arcs":[[8277,8278,8279,-8095,-7121]],"type":"Polygon","properties":{"id":"14000US17097864802"}},{"arcs":[[-8238,8280,8281]],"type":"Polygon","properties":{"id":"14000US17097864901"}},{"arcs":[[8282,8283,-8000,-8096,-8280]],"type":"Polygon","properties":{"id":"14000US17097864903"}},{"arcs":[[-8281,-8237,8284,-8001,-8284]],"type":"Polygon","properties":{"id":"14000US17097864904"}},{"arcs":[[-25,-8228,-8239,-8282,-8283,-8279,8285]],"type":"Polygon","properties":{"id":"14000US17097864801"}},{"arcs":[[-7751,-7745,8286,8287,-8229]],"type":"Polygon","properties":{"id":"14000US17097865000"}},{"arcs":[[-2978,8288,-7476,-7316,-2981]],"type":"Polygon","properties":{"id":"14000US17031060400"}},{"arcs":[[-2977,-86,-873,-8054,-7473,-8289]],"type":"Polygon","properties":{"id":"14000US17031060500"}},{"arcs":[[-7819,8289,8290,-7906]],"type":"Polygon","properties":{"id":"14000US17031240800"}},{"arcs":[[-543,-8277,-2850,8291]],"type":"Polygon","properties":{"id":"14000US17031240600"}},{"arcs":[[-544,-8292,-7883,-8290,-7818]],"type":"Polygon","properties":{"id":"14000US17031240700"}},{"arcs":[[-7907,-8291,-7885,8292,-8136,-614,-7955]],"type":"Polygon","properties":{"id":"14000US17031240900"}},{"arcs":[[-1046,-2738,-1927,-1931,8293,8294,-1932]],"type":"Polygon","properties":{"id":"14000US17043846002"}},{"arcs":[[8295,8296,-7714,-525,-7665,8297]],"type":"Polygon","properties":{"id":"14000US17043846201"}},{"arcs":[[8298,-8146,8299,8300,8301,8302]],"type":"Polygon","properties":{"id":"14000US17043846202"}},{"arcs":[[-7884,-2853,-8203,-2797,-8137,-8293]],"type":"Polygon","properties":{"id":"14000US17031242600"}},{"arcs":[[8303,-6473,-8263,-2213,8304]],"type":"Polygon","properties":{"id":"14000US17043845601"}},{"arcs":[[-1930,8305,-8190,8306,-7718,8307]],"type":"Polygon","properties":{"id":"14000US17043845701"}},{"arcs":[[-1184,-5059,8308,-5060]],"type":"Polygon","properties":{"id":"14000US17089853008"}},{"arcs":[[-1683,-1261,-5022,8309,-5056,-1182]],"type":"Polygon","properties":{"id":"14000US17089852906"}},{"arcs":[[-7284,-7569,-7348,-7345]],"type":"Polygon","properties":{"id":"14000US17031803100"}},{"arcs":[[-8268,8310,-7406,-3444,-8273]],"type":"Polygon","properties":{"id":"14000US17097864308"}},{"arcs":[[-7130,-4894,-7127,-4933,-7134,-1187,-7133]],"type":"Polygon","properties":{"id":"14000US17089854700"}},{"arcs":[[-4855,-4875,-8198,-8195,-7213,-7191,-8193,-7210]],"type":"Polygon","properties":{"id":"14000US17111871311"}},{"arcs":[[-8307,-8189,-2222,-7719]],"type":"Polygon","properties":{"id":"14000US17043845703"}},{"arcs":[[-486,-6544,-6994,-6996,-7339,8311]],"type":"Polygon","properties":{"id":"14000US17031310600"}},{"arcs":[[-487,-8312,-7338,8312]],"type":"Polygon","properties":{"id":"14000US17031310700"}},{"arcs":[[-488,-8313,-7337,8313]],"type":"Polygon","properties":{"id":"14000US17031310800"}},{"arcs":[[-748,-7711,-899,-752]],"type":"Polygon","properties":{"id":"14000US17031020602"}},{"arcs":[[-1929,-8305,-2218,8314,-8186,-8306]],"type":"Polygon","properties":{"id":"14000US17043845702"}},{"arcs":[[-6450,-8215,-2735]],"type":"Polygon","properties":{"id":"14000US17043842708"}},{"arcs":[[-8261,8315,-8148,-4166,-4131]],"type":"Polygon","properties":{"id":"14000US17043844001"}},{"arcs":[[8316,8317,-8252,8318]],"type":"Polygon","properties":{"id":"14000US17043846509"}},{"arcs":[[-7720,-2226,8319,8320,8321]],"type":"Polygon","properties":{"id":"14000US17043846308"}},{"arcs":[[-489,-8314,-7336,-7324]],"type":"Polygon","properties":{"id":"14000US17031310900"}},{"arcs":[[-6832,-6564,-6894,-7328,8322]],"type":"Polygon","properties":{"id":"14000US17031510100"}},{"arcs":[[-6833,-8323,-7327,-4]],"type":"Polygon","properties":{"id":"14000US17031510200"}},{"arcs":[[-7016,-659,-6301,-7020]],"type":"Polygon","properties":{"id":"14000US17031561100"}},{"arcs":[[-7848,-7851,-1509,-1503]],"type":"Polygon","properties":{"id":"14000US17031190701"}},{"arcs":[[-7710,-745,8323,-900]],"type":"Polygon","properties":{"id":"14000US17031020901"}},{"arcs":[[-7621,-7382,-730,-2337,-6037]],"type":"Polygon","properties":{"id":"14000US17031010202"}},{"arcs":[[-8050,-8139,8324,8325]],"type":"Polygon","properties":{"id":"14000US17097864510"}},{"arcs":[[-8231,8326,8327,8328]],"type":"Polygon","properties":{"id":"14000US17097865200"}},{"arcs":[[-8329,8329,-8234,-8232]],"type":"Polygon","properties":{"id":"14000US17097865300"}},{"arcs":[[-8330,-8328,8330,8331,8332,-3871,-8235]],"type":"Polygon","properties":{"id":"14000US17097865400"}},{"arcs":[[-8288,8333,8334,-8331,-8327,-8230]],"type":"Polygon","properties":{"id":"14000US17097865501"}},{"arcs":[[-8335,8335,8336,8337,-8332]],"type":"Polygon","properties":{"id":"14000US17097865502"}},{"arcs":[[8338,-6601,8339,-8337]],"type":"Polygon","properties":{"id":"14000US17097865600"}},{"arcs":[[8340,8341,-8302,-7715,-8297,8342]],"type":"Polygon","properties":{"id":"14000US17043846203"}},{"arcs":[[8343,-8303,-8342,8344]],"type":"Polygon","properties":{"id":"14000US17043846205"}},{"arcs":[[8345,8346,-8343,-8296,8347,8348]],"type":"Polygon","properties":{"id":"14000US17043846206"}},{"arcs":[[-1590,8349,8350,8351,8352,8353]],"type":"Polygon","properties":{"id":"14000US17031570100"}},{"arcs":[[-1591,-8354,8354,-6953]],"type":"Polygon","properties":{"id":"14000US17031570200"}},{"arcs":[[-8355,-8353,8355,8356,8357]],"type":"Polygon","properties":{"id":"14000US17031570300"}},{"arcs":[[-8352,-668,-6157,-8356]],"type":"Polygon","properties":{"id":"14000US17031570400"}},{"arcs":[[-8357,-6161,-6162,-99]],"type":"Polygon","properties":{"id":"14000US17031570500"}},{"arcs":[[-642,8358,8359,8360]],"type":"Polygon","properties":{"id":"14000US17031690400"}},{"arcs":[[8361,8362,-6137,-6092]],"type":"Polygon","properties":{"id":"14000US17031691300"}},{"arcs":[[8363,8364,-2348,-8363]],"type":"Polygon","properties":{"id":"14000US17031691400"}},{"arcs":[[-651,-717,-4173,-1119,-8365]],"type":"Polygon","properties":{"id":"14000US17031691500"}},{"arcs":[[8365,8366,-3034,-3037,-3046,-3806]],"type":"Polygon","properties":{"id":"14000US17105961000"}},{"arcs":[[8367,8368,-44,8369]],"type":"Polygon","properties":{"id":"14000US17105960600"}},{"arcs":[[-6870,8370,8371,8372,-3804,-3150,-4609,-4582]],"type":"Polygon","properties":{"id":"14000US17105960400"}},{"arcs":[[8373,-45,-8369,8374,8375,-8366,-3805,-8373]],"type":"Polygon","properties":{"id":"14000US17105960800"}},{"arcs":[[8376,8377,-8370,-46,-8374,-8372]],"type":"Polygon","properties":{"id":"14000US17105960500"}},{"arcs":[[-6881,-6737,-6760,-6892,-2073,8378,-8377,-8371,-6869]],"type":"Polygon","properties":{"id":"14000US17105960300"}},{"arcs":[[8379,-3035,-8367,-8376]],"type":"Polygon","properties":{"id":"14000US17105960900"}},{"arcs":[[-8379,-2072,-48,-2071,-2053,-7048,-3036,-8380,-8375,-8368,-8378]],"type":"Polygon","properties":{"id":"14000US17105960200"}},{"arcs":[[8380,8381,8382,8383,8384,8385,8386]],"type":"Polygon","properties":{"id":"14000US17145030400"}},{"arcs":[[-8387,8387,8388]],"type":"Polygon","properties":{"id":"14000US17145030200"}},{"arcs":[[-4787,-3730,-4575,8389,-8381,-8389,8390,-4547]],"type":"Polygon","properties":{"id":"14000US17145030100"}},{"arcs":[[8391,-8383]],"type":"Polygon","properties":{"id":"14000US17145030600"}},{"arcs":[[-4543,-4548,-8391,-8388,-8386,8392,-2624,-4555]],"type":"Polygon","properties":{"id":"14000US17145030300"}},{"arcs":[[-8390,-4577,-2716,8393,-8384,-8392,-8382]],"type":"Polygon","properties":{"id":"14000US17145030500"}},{"arcs":[[-879,-1815,-7624,-1872,-2077,-5134,-5113,-2078]],"type":"Polygon","properties":{"id":"14000US17201000700"}},{"arcs":[[-8348,-8298,-7664,-4532]],"type":"Polygon","properties":{"id":"14000US17043846207"}},{"arcs":[[-5231,-5223,8394,8395,8396,-7960,-7628]],"type":"Polygon","properties":{"id":"14000US17005951400"}},{"arcs":[[-5222,-3337,8397,8398,-8395]],"type":"Polygon","properties":{"id":"14000US17005951200"}},{"arcs":[[-8399,8399,-8396]],"type":"Polygon","properties":{"id":"14000US17005951300"}},{"arcs":[[-8397,-8400,-8398,-3326,-7800,-3198,-7961]],"type":"Polygon","properties":{"id":"14000US17005951500"}},{"arcs":[[-3679,-3434,-1553,-7700,8400,-2344,-1160]],"type":"Polygon","properties":{"id":"14000US17031320400"}},{"arcs":[[-495,-557,8401,8402,8403]],"type":"Polygon","properties":{"id":"14000US17031580100"}},{"arcs":[[-496,-8404,-1105,8404]],"type":"Polygon","properties":{"id":"14000US17031580200"}},{"arcs":[[-862,-1050,-8145,-1920]],"type":"Polygon","properties":{"id":"14000US17043846102"}},{"arcs":[[-1589,-8405,8405,-8350]],"type":"Polygon","properties":{"id":"14000US17031580300"}},{"arcs":[[-8406,-1108,-1110,-660,-8351]],"type":"Polygon","properties":{"id":"14000US17031580400"}},{"arcs":[[-8403,8406,-662,-1109,-1106]],"type":"Polygon","properties":{"id":"14000US17031580600"}},{"arcs":[[-8402,-556,-5890,-7987,-8407]],"type":"Polygon","properties":{"id":"14000US17031580700"}},{"arcs":[[-4468,8407,-8147,-8299,-8344,8408,8409,-3283]],"type":"Polygon","properties":{"id":"14000US17043846103"}},{"arcs":[[-6061,-6096,-6090,8410,8411,8412]],"type":"Polygon","properties":{"id":"14000US17031681300"}},{"arcs":[[-5895,-8413,8413,8414]],"type":"Polygon","properties":{"id":"14000US17031681400"}},{"arcs":[[-5912,-643,-8361,-6094,-6060]],"type":"Polygon","properties":{"id":"14000US17031690300"}},{"arcs":[[-6752,8415,-8359]],"type":"Polygon","properties":{"id":"14000US17031690500"}},{"arcs":[[-8416,-652,-8364,8416]],"type":"Polygon","properties":{"id":"14000US17031690900"}},{"arcs":[[-8360,-8417,-8362,-6095]],"type":"Polygon","properties":{"id":"14000US17031691000"}},{"arcs":[[-6966,-6921,8417,-1338,-958,8418]],"type":"Polygon","properties":{"id":"14000US17031700100"}},{"arcs":[[-6700,-6698,-8419,-963,-950,-6517]],"type":"Polygon","properties":{"id":"14000US17031700200"}},{"arcs":[[-8401,-7699,-3472,-3469,-2345]],"type":"Polygon","properties":{"id":"14000US17031320600"}},{"arcs":[[-7334,-2346,-3471,-3461,-691,-1410]],"type":"Polygon","properties":{"id":"14000US17031330200"}},{"arcs":[[-5215,8419,8420,8421,8422,8423],[8424,8425]],"type":"Polygon","properties":{"id":"14000US17165955600"}},{"arcs":[[8426,-8426]],"type":"Polygon","properties":{"id":"14000US17165955100"}},{"arcs":[[8427,-4570,-5216,-8424,8428,8429,8430,8431]],"type":"Polygon","properties":{"id":"14000US17165955700"}},{"arcs":[[8432,-5883,-555]],"type":"Polygon","properties":{"id":"14000US17031590500"}},{"arcs":[[-1598,-34,-5884,-8433]],"type":"Polygon","properties":{"id":"14000US17031590600"}},{"arcs":[[-6972,8433,8434,8435]],"type":"Polygon","properties":{"id":"14000US17031671200"}},{"arcs":[[-6974,-595,8436,-8434]],"type":"Polygon","properties":{"id":"14000US17031671100"}},{"arcs":[[-6969,-8436,8437,-7594]],"type":"Polygon","properties":{"id":"14000US17031671300"}},{"arcs":[[-7595,-8438,-8435,8438,-5802,-6920]],"type":"Polygon","properties":{"id":"14000US17031671500"}},{"arcs":[[-8437,-594,8439,-8439]],"type":"Polygon","properties":{"id":"14000US17031671600"}},{"arcs":[[-8425,-8427]],"type":"Polygon","properties":{"id":"14000US17165955500"}},{"arcs":[[8440,8441,8442,-8430]],"type":"Polygon","properties":{"id":"14000US17165956100"}},{"arcs":[[-8423,8443,8444,-8441,-8429]],"type":"Polygon","properties":{"id":"14000US17165955800"}},{"arcs":[[-8431,-8443,8445,8446,-8421,8447,8448,-4700,-4294,8449,8450]],"type":"Polygon","properties":{"id":"14000US17165956200"}},{"arcs":[[-593,-8415,8451,8452]],"type":"Polygon","properties":{"id":"14000US17031671800"}},{"arcs":[[-8440,-8453,-5653,-5803]],"type":"Polygon","properties":{"id":"14000US17031671900"}},{"arcs":[[-8411,-6093,-5821,8453,8454]],"type":"Polygon","properties":{"id":"14000US17031710100"}},{"arcs":[[-8452,-8414,-8412,-8455,8455,8456,-5654]],"type":"Polygon","properties":{"id":"14000US17031710200"}},{"arcs":[[-5804,-5657,8457,-8418]],"type":"Polygon","properties":{"id":"14000US17031710400"}},{"arcs":[[-8458,8458,-5836,-1339]],"type":"Polygon","properties":{"id":"14000US17031710500"}},{"arcs":[[-8422,-8447,8459,-8444]],"type":"Polygon","properties":{"id":"14000US17165955900"}},{"arcs":[[-8445,-8460,-8446,-8442]],"type":"Polygon","properties":{"id":"14000US17165956000"}},{"arcs":[[-5656,8460,-8459]],"type":"Polygon","properties":{"id":"14000US17031710600"}},{"arcs":[[-8456,-8454,-5825,-5826,8461]],"type":"Polygon","properties":{"id":"14000US17031710800"}},{"arcs":[[8462,8463,-7078,8464,-7113,-7118,8465,8466,8467,-3876,8468,-4227]],"type":"Polygon","properties":{"id":"14000US17097866000"}},{"arcs":[[-1413,8469,8470,-3975,-1594]],"type":"Polygon","properties":{"id":"14000US17031340300"}},{"arcs":[[-8471,8471,-505,8472,-3976]],"type":"Polygon","properties":{"id":"14000US17031340500"}},{"arcs":[[-8473,-504,-8084,-3462,-1611,-3977]],"type":"Polygon","properties":{"id":"14000US17031340600"}},{"arcs":[[-708,-2274,-5878,8473]],"type":"Polygon","properties":{"id":"14000US17031430200"}},{"arcs":[[-709,-8474,-5870,-648]],"type":"Polygon","properties":{"id":"14000US17031430300"}},{"arcs":[[-1444,-5092,-5075,-2095,-1376,8474,-1374]],"type":"Polygon","properties":{"id":"14000US17163503903"}},{"arcs":[[-8475,-1375]],"type":"Polygon","properties":{"id":"14000US17163503905"}},{"arcs":[[-1242,-4498,-2205,8475,-7060,-7049,-1039]],"type":"Polygon","properties":{"id":"14000US17197883902"}},{"arcs":[[-2294,-2229,-1485,-1231,8476]],"type":"Polygon","properties":{"id":"14000US17197881002"}},{"arcs":[[-1639,-523,-4370,-4022,8477,-4371]],"type":"Polygon","properties":{"id":"14000US17197882900"}},{"arcs":[[-6444,8478,-8321,8479,-7713]],"type":"Polygon","properties":{"id":"14000US17043846311"}},{"arcs":[[-1921,-8144,-8408,-4467]],"type":"Polygon","properties":{"id":"14000US17043846105"}},{"arcs":[[-7678,-7680,-4210,-6979,-4387,-1632]],"type":"Polygon","properties":{"id":"14000US17197883504"}},{"arcs":[[-3279,-675,-2197]],"type":"Polygon","properties":{"id":"14000US17197883803"}},{"arcs":[[-1048,8480,8481,-8300]],"type":"Polygon","properties":{"id":"14000US17043846312"}},{"arcs":[[-1933,-8295,8482,-6441,8483,-8481]],"type":"Polygon","properties":{"id":"14000US17043846315"}},{"arcs":[[-8482,-8484,-7712,-8301]],"type":"Polygon","properties":{"id":"14000US17043846313"}},{"arcs":[[-8410,8484,-8346,8485,-3284]],"type":"Polygon","properties":{"id":"14000US17043846209"}},{"arcs":[[-8485,-8409,-8345,-8341,-8347]],"type":"Polygon","properties":{"id":"14000US17043846208"}},{"arcs":[[8486,-8255,-4528,-8250]],"type":"Polygon","properties":{"id":"14000US17043846514"}},{"arcs":[[-3059,-1862,-1660,-5023,-1259]],"type":"Polygon","properties":{"id":"14000US17043846409"}},{"arcs":[[8487,8488,-4529,-8254]],"type":"Polygon","properties":{"id":"14000US17043846522"}},{"arcs":[[8489,-8251,8490,8491,-4983,-4926]],"type":"Polygon","properties":{"id":"14000US17043846518"}},{"arcs":[[-8491,-8256,-8487,8492]],"type":"Polygon","properties":{"id":"14000US17043846515"}},{"arcs":[[-4060,-7704,-4054,-7220,-597]],"type":"Polygon","properties":{"id":"14000US17031030604"}},{"arcs":[[-922,-7520,-7995,-83]],"type":"Polygon","properties":{"id":"14000US17031031502"}},{"arcs":[[-2254,-1548]],"type":"Polygon","properties":{"id":"14000US17031081402"}},{"arcs":[[-2889,-2934,-7423,-2935]],"type":"Polygon","properties":{"id":"14000US17031080201"}},{"arcs":[[-2342,-775,-2262,-6170,-7765,-7767,-7662,-7938,-7566,-8087,8493]],"type":"Polygon","properties":{"id":"14000US17031760802"}},{"arcs":[[-1100,-1298,-2950,-8135]],"type":"Polygon","properties":{"id":"14000US17031140601"}},{"arcs":[[-929,-2238,-7222,-8152]],"type":"Polygon","properties":{"id":"14000US17031070102"}},{"arcs":[[-1783,-1773,-4489,-4692]],"type":"Polygon","properties":{"id":"14000US17043841312"}},{"arcs":[[-8218,-1777,-3056,-7733,-7727,-8216]],"type":"Polygon","properties":{"id":"14000US17043841320"}},{"arcs":[[-1787,-4479,-4485]],"type":"Polygon","properties":{"id":"14000US17043841324"}},{"arcs":[[-3081,-3075,8494,8495]],"type":"Polygon","properties":{"id":"14000US17185957500"}},{"arcs":[[-2544,8496,-2840,8497,-3073,-3082,-8496,8498,-4909,-2600]],"type":"Polygon","properties":{"id":"14000US17185957200"}},{"arcs":[[-1529,-4081,-243,-7949]],"type":"Polygon","properties":{"id":"14000US17031210502"}},{"arcs":[[-4464,8499,8500,8501]],"type":"Polygon","properties":{"id":"14000US17043840906"}},{"arcs":[[8502,8503,-8257,8504]],"type":"Polygon","properties":{"id":"14000US17043840910"}},{"arcs":[[-7723,-5454,-8209,-6446,-4480,-1786]],"type":"Polygon","properties":{"id":"14000US17043841209"}},{"arcs":[[-5733,-6465,-4486,-1264,8505]],"type":"Polygon","properties":{"id":"14000US17043840303"}},{"arcs":[[-6464,-5729,8506,8507,-4487]],"type":"Polygon","properties":{"id":"14000US17043846701"}},{"arcs":[[-5282,-5795,-5288,-5290,8508]],"type":"Polygon","properties":{"id":"14000US17119400101"}},{"arcs":[[-5283,-8509,-5289,-1613]],"type":"Polygon","properties":{"id":"14000US17119400102"}},{"arcs":[[-237,-4739,8509,8510]],"type":"Polygon","properties":{"id":"14000US17161020103"}},{"arcs":[[-8510,-4738,8511,8512]],"type":"Polygon","properties":{"id":"14000US17161020102"}},{"arcs":[[8513,-8512,-4737,-4718,8514,-5307,-5321,-7836,-7844]],"type":"Polygon","properties":{"id":"14000US17161020101"}},{"arcs":[[-7837,8515,-7833]],"type":"Polygon","properties":{"id":"14000US17161020301"}},{"arcs":[[-5524,-7845,-7834,-8516,-5520]],"type":"Polygon","properties":{"id":"14000US17161020302"}},{"arcs":[[8516,8517,8518]],"type":"Polygon","properties":{"id":"14000US17191955200"}},{"arcs":[[-2749,-3001,8519,8520,8521,-3731]],"type":"Polygon","properties":{"id":"14000US17191955000"}},{"arcs":[[-3732,-8522,-8519,8522,-5421,-3735]],"type":"Polygon","properties":{"id":"14000US17191955300"}},{"arcs":[[-3000,8523,-2546,-2602,-4908,-4902,-5422,-8523,-8518,8524,-8520]],"type":"Polygon","properties":{"id":"14000US17191954900"}},{"arcs":[[-8525,-8517,-8521]],"type":"Polygon","properties":{"id":"14000US17191955100"}},{"arcs":[[-1850,-6462,-4516,-3253,-8221]],"type":"Polygon","properties":{"id":"14000US17043841606"}},{"arcs":[[8525,8526,8527,8528,8529,-2826,-2841,-8497,-2543,-8524,-2999]],"type":"Polygon","properties":{"id":"14000US17159978300"}},{"arcs":[[-3006,-6322,8530,-2817,-8530,8531,8532,-8526,-2998,-3010]],"type":"Polygon","properties":{"id":"14000US17159977900"}},{"arcs":[[-8532,-8529,8533,8534]],"type":"Polygon","properties":{"id":"14000US17159978100"}},{"arcs":[[-8533,-8535,8535,-8527]],"type":"Polygon","properties":{"id":"14000US17159978000"}},{"arcs":[[-8534,-8528,-8536]],"type":"Polygon","properties":{"id":"14000US17159978200"}},{"arcs":[[-1663,-1861,8536,-8317,8537,-1199,-5024]],"type":"Polygon","properties":{"id":"14000US17043846507"}},{"arcs":[[-8318,-8537,-1857,-3287,8538,-8488,-8253]],"type":"Polygon","properties":{"id":"14000US17043846519"}},{"arcs":[[-8492,-8493,-8249,-282,-5150,-4984]],"type":"Polygon","properties":{"id":"14000US17043846511"}},{"arcs":[[-8538,-8319,-8490,-4925,-1200]],"type":"Polygon","properties":{"id":"14000US17043846517"}},{"arcs":[[-5428,8539,-5426,8540,8541,8542,-1917]],"type":"Polygon","properties":{"id":"14000US17007010603"}},{"arcs":[[-7378,8543,-8541,-5425,-7161,-563,8544,8545,-558,-2119]],"type":"Polygon","properties":{"id":"14000US17007010502"}},{"arcs":[[-8546,8546,-581,-559]],"type":"Polygon","properties":{"id":"14000US17007010102"}},{"arcs":[[-8545,-582,-8547]],"type":"Polygon","properties":{"id":"14000US17007010101"}},{"arcs":[[8547,-8542,-8544,-7377]],"type":"Polygon","properties":{"id":"14000US17007010501"}},{"arcs":[[-5427,-8540]],"type":"Polygon","properties":{"id":"14000US17007010604"}},{"arcs":[[-8210,-8207,-8505,-7143,-1721,-4483]],"type":"Polygon","properties":{"id":"14000US17043841208"}},{"arcs":[[-1780,-4506,-4524,-4525,-6461,-6478]],"type":"Polygon","properties":{"id":"14000US17043841403"}},{"arcs":[[-8214,-2309,-7373,-7375,-1907]],"type":"Polygon","properties":{"id":"14000US17043844304"}},{"arcs":[[-4458,-4455,8548,8549,-5727]],"type":"Polygon","properties":{"id":"14000US17043840704"}},{"arcs":[[-8550,8550,8551,-7741,8552,-8507,-5728]],"type":"Polygon","properties":{"id":"14000US17043840705"}},{"arcs":[[8553,8554,-7991,-4213,-7742,-8552]],"type":"Polygon","properties":{"id":"14000US17043840706"}},{"arcs":[[-4454,-8009,-8554,-8551,-8549]],"type":"Polygon","properties":{"id":"14000US17043840703"}},{"arcs":[[-8539,-3286,8555,-4530,-8489]],"type":"Polygon","properties":{"id":"14000US17043846521"}},{"arcs":[[-3285,-8486,-8349,-4531,-8556]],"type":"Polygon","properties":{"id":"14000US17043846523"}},{"arcs":[[-7721,-8322,-8479,-6443]],"type":"Polygon","properties":{"id":"14000US17043846310"}},{"arcs":[[-2224,-1255,-5716,8556,-837]],"type":"Polygon","properties":{"id":"14000US17043845808"}},{"arcs":[[-2217,8557,-2219,-8191,-8187,-8315]],"type":"Polygon","properties":{"id":"14000US17043845505"}},{"arcs":[[-8245,-2220,-8558]],"type":"Polygon","properties":{"id":"14000US17043845507"}},{"arcs":[[-8246,-7736,-8270,-8243,-2215,-8262]],"type":"Polygon","properties":{"id":"14000US17043845509"}},{"arcs":[[-4879,-7209,-146,-4833]],"type":"Polygon","properties":{"id":"14000US17111871105"}},{"arcs":[[-153,-8194,-7193,-7212,-401]],"type":"Polygon","properties":{"id":"14000US17111871207"}},{"arcs":[[-5734,-8506,-1263,-8500]],"type":"Polygon","properties":{"id":"14000US17043840304"}},{"arcs":[[-3458,-886,-3050,8558,-4686]],"type":"Polygon","properties":{"id":"14000US17043841308"}},{"arcs":[[-8559,-3052,-1782,-4946]],"type":"Polygon","properties":{"id":"14000US17043841310"}},{"arcs":[[-1717,8559,8560,-1710]],"type":"Polygon","properties":{"id":"14000US17043841110"}},{"arcs":[[-8560,-1716,-4471,-4465,-8502,8561,8562]],"type":"Polygon","properties":{"id":"14000US17043840907"}},{"arcs":[[8563,-8562,-8501,-1267,8564,8565,8566,-5450]],"type":"Polygon","properties":{"id":"14000US17043840904"}},{"arcs":[[-5710,-6456,8567,-1925]],"type":"Polygon","properties":{"id":"14000US17043844801"}},{"arcs":[[-8568,-6455,-6470,-8304,-1928]],"type":"Polygon","properties":{"id":"14000US17043844901"}},{"arcs":[[-4117,-4508,-6451,-2733,-859,-4446]],"type":"Polygon","properties":{"id":"14000US17043842710"}},{"arcs":[[-4127,-4169,-6469,-2190,-5708,-2186,-2182,-4122]],"type":"Polygon","properties":{"id":"14000US17043844501"}},{"arcs":[[8568,8569,8570,8571]],"type":"Polygon","properties":{"id":"14000US17049950600"}},{"arcs":[[-3331,8572,8573,-3338]],"type":"Polygon","properties":{"id":"14000US17049950300"}},{"arcs":[[-5776,-7075,-6330,8574,-8570,8575,8576]],"type":"Polygon","properties":{"id":"14000US17049950100"}},{"arcs":[[8577,8578,-8572,8579,8580]],"type":"Polygon","properties":{"id":"14000US17049950800"}},{"arcs":[[-8571,-8575,-6323,-3004,8581,-8580]],"type":"Polygon","properties":{"id":"14000US17049950500"}},{"arcs":[[-5777,-8577,8582,-8578,8583,-8573,-3330]],"type":"Polygon","properties":{"id":"14000US17049950200"}},{"arcs":[[-8584,-8581,-8582,-3003,-8574]],"type":"Polygon","properties":{"id":"14000US17049950400"}},{"arcs":[[-8576,-8569,-8579,-8583]],"type":"Polygon","properties":{"id":"14000US17049950700"}},{"arcs":[[-8294,-8308,-7717,-8483]],"type":"Polygon","properties":{"id":"14000US17043846314"}},{"arcs":[[-7147,-8259,-6459,-4503,-1902,-4494]],"type":"Polygon","properties":{"id":"14000US17043841901"}},{"arcs":[[-1998,-4668,-7549,-3296,-6889,-6885]],"type":"Polygon","properties":{"id":"14000US17099961702"}},{"arcs":[[-4631,-4634,8584,-1763]],"type":"Polygon","properties":{"id":"14000US17089851302"}},{"arcs":[[8585,-4986,-4975,-7136,-7138]],"type":"Polygon","properties":{"id":"14000US17089854302"}},{"arcs":[[-8585,-4633,-756,-1764]],"type":"Polygon","properties":{"id":"14000US17089851301"}},{"arcs":[[-7215,-8197,-1695,-140,-4744,-1697,-4042]],"type":"Polygon","properties":{"id":"14000US17089850106"}},{"arcs":[[-4941,-4951,-131,-4632,-1691,-4682,-4956,-4952]],"type":"Polygon","properties":{"id":"14000US17089851910"}},{"arcs":[[-4971,-4683,-1877,-1685,-4969]],"type":"Polygon","properties":{"id":"14000US17089851908"}},{"arcs":[[8586,8587,-2001,8588,-4289,-7363,-4133,-3408]],"type":"Polygon","properties":{"id":"14000US17087977800"}},{"arcs":[[8589,-4075,-3168,-2233,-4072]],"type":"Polygon","properties":{"id":"14000US17113001404"}},{"arcs":[[-4009,-3164,-4011,-4066]],"type":"Polygon","properties":{"id":"14000US17113001106"}},{"arcs":[[-3919,-3915,-3808,-4068,-4073,-8590,-4071]],"type":"Polygon","properties":{"id":"14000US17113001403"}},{"arcs":[[-5214,-4899,8590,8591,-8448,-8420]],"type":"Polygon","properties":{"id":"14000US17059972700"}},{"arcs":[[-7539,8592,-8587,-3415]],"type":"Polygon","properties":{"id":"14000US17087977700"}},{"arcs":[[-7538,8593,-8450,-4297,-8589,-2002,-8588,-8593]],"type":"Polygon","properties":{"id":"14000US17087977600"}},{"arcs":[[-8561,-8563,-8564,-1711]],"type":"Polygon","properties":{"id":"14000US17043841109"}},{"arcs":[[-8565,-1266,-4488,-8508,-8553,-7743,-4217,-5448,-4202,-8204,-5712,8594]],"type":"Polygon","properties":{"id":"14000US17043846702"}},{"arcs":[[8595,-8566,-8595,-8211,-8258,-8504]],"type":"Polygon","properties":{"id":"14000US17043840908"}},{"arcs":[[-5451,-8567,-8596,-8503,-8206]],"type":"Polygon","properties":{"id":"14000US17043840911"}},{"arcs":[[-8205,-4204,-2176,-2171,-4206,-5714]],"type":"Polygon","properties":{"id":"14000US17043843302"}},{"arcs":[[-876,-4460,-4470,-4478]],"type":"Polygon","properties":{"id":"14000US17043841004"}},{"arcs":[[-8592,8596,-1727,-4701,-8449]],"type":"Polygon","properties":{"id":"14000US17059972800"}},{"arcs":[[-5062,8597,-7132,-4917]],"type":"Polygon","properties":{"id":"14000US17089853005"}},{"arcs":[[-4993,-5063,-4915,-1210]],"type":"Polygon","properties":{"id":"14000US17089854504"}},{"arcs":[[-4995,-979,-4693,-1884]],"type":"Polygon","properties":{"id":"14000US17089852606"}},{"arcs":[[-4695,-1684,-1181,-1672]],"type":"Polygon","properties":{"id":"14000US17089852808"}},{"arcs":[[-8310,-5025,-7128,-7126,-5057]],"type":"Polygon","properties":{"id":"14000US17089852907"}},{"arcs":[[-5061,8598,-4891,-7129,-8598]],"type":"Polygon","properties":{"id":"14000US17089853006"}},{"arcs":[[-4931,-4940,-4987,-8586,-7137]],"type":"Polygon","properties":{"id":"14000US17089854301"}},{"arcs":[[-8309,-5058,-4888,-8599]],"type":"Polygon","properties":{"id":"14000US17089853007"}},{"arcs":[[-977,-8220,-3057,-1257,-1682,-4694]],"type":"Polygon","properties":{"id":"14000US17089852803"}},{"arcs":[[-5338,-5367,-5120,-5340,-5397,-5158,-5394]],"type":"Polygon","properties":{"id":"14000US17115001200"}},{"arcs":[[-4410,-4401,-4302,-4411,-4399]],"type":"Polygon","properties":{"id":"14000US17021958300"}},{"arcs":[[-7880,-6950,-7859,-7000,-7007,-7331,-7967,-2350]],"type":"Polygon","properties":{"id":"14000US17031540102"}},{"arcs":[[-961,-1345,-6741,-1102]],"type":"Polygon","properties":{"id":"14000US17031700402"}},{"arcs":[[-3578,-3566,-3587]],"type":"Polygon","properties":{"id":"14000US17183011000"}},{"arcs":[[-3530,-3550,-3563,-3537,-3586]],"type":"Polygon","properties":{"id":"14000US17183010702"}},{"arcs":[[-8180,-8182,-8052,8599,8600,8601,8602]],"type":"Polygon","properties":{"id":"14000US17097864402"}},{"arcs":[[8603,-8601,8604,-964,-806,-7894,8605]],"type":"Polygon","properties":{"id":"14000US17097864403"}},{"arcs":[[-7095,-8181,-8603,8606,-4429]],"type":"Polygon","properties":{"id":"14000US17097864407"}},{"arcs":[[-8607,-8602,8607,8608,8609,-8266]],"type":"Polygon","properties":{"id":"14000US17097864408"}},{"arcs":[[-8051,-8326,8610,8611,8612,-8600]],"type":"Polygon","properties":{"id":"14000US17097864511"}},{"arcs":[[-8325,-8141,-8222,8613,-8611]],"type":"Polygon","properties":{"id":"14000US17097864512"}},{"arcs":[[-6693,-7887,-6576,-7469]],"type":"Polygon","properties":{"id":"14000US17031830100"}},{"arcs":[[-8236,-3874,-8002,-8285]],"type":"Polygon","properties":{"id":"14000US17097865802"}},{"arcs":[[8614,8615,8616,8617]],"type":"Polygon","properties":{"id":"14000US17097862401"}},{"arcs":[[-8333,-8338,-8340,8618,-8003,-3872]],"type":"Polygon","properties":{"id":"14000US17097865700"}},{"arcs":[[-6695,-7472,8619,-2194,-4395,-58]],"type":"Polygon","properties":{"id":"14000US17031830201"}},{"arcs":[[-7470,-3281,8620]],"type":"Polygon","properties":{"id":"14000US17031830300"}},{"arcs":[[-7471,-8621,-3280,-2195,-8620]],"type":"Polygon","properties":{"id":"14000US17031830400"}},{"arcs":[[-1396,-6275,-6495,-6612,-6607,-1355]],"type":"Polygon","properties":{"id":"14000US17031812700"}},{"arcs":[[-7663,-7221,-1546,8621,-7487]],"type":"Polygon","properties":{"id":"14000US17031030800"}},{"arcs":[[-8622,-8101,-7570,-7490]],"type":"Polygon","properties":{"id":"14000US17031031100"}},{"arcs":[[-8008,-6721,-6486,-7988,-8555]],"type":"Polygon","properties":{"id":"14000US17031811702"}},{"arcs":[[-6172,-2880,-2965,-5763,-6272,-6270]],"type":"Polygon","properties":{"id":"14000US17031812100"}},{"arcs":[[-6743,8622,-6746]],"type":"Polygon","properties":{"id":"14000US17031821800"}},{"arcs":[[-8623,-6742,-5960,-5962,-5963,-6208,-6210,-6747]],"type":"Polygon","properties":{"id":"14000US17031821900"}},{"arcs":[[-1103,-6745,8623,8624]],"type":"Polygon","properties":{"id":"14000US17031822000"}},{"arcs":[[-6622,-6626,-8625,8625,8626,8627,8628,8629]],"type":"Polygon","properties":{"id":"14000US17031822101"}},{"arcs":[[-6644,-6650,8630,8631,-7695,-5629]],"type":"Polygon","properties":{"id":"14000US17031828601"}},{"arcs":[[-6649,8632,8633,-8631]],"type":"Polygon","properties":{"id":"14000US17031828602"}},{"arcs":[[-6648,-7997,8634,8635,8636,-8633]],"type":"Polygon","properties":{"id":"14000US17031828701"}},{"arcs":[[-8635,-7996,-7586,-5611,-6552]],"type":"Polygon","properties":{"id":"14000US17031828702"}},{"arcs":[[-6524,-7503,-5622]],"type":"Polygon","properties":{"id":"14000US17031822900"}},{"arcs":[[-3394,-2272,-4663,-3390]],"type":"Polygon","properties":{"id":"14000US17037001002"}},{"arcs":[[-8609,8637,8638,8639]],"type":"Polygon","properties":{"id":"14000US17097864409"}},{"arcs":[[-4056,-7703,-7517,-920,-8100]],"type":"Polygon","properties":{"id":"14000US17031031300"}},{"arcs":[[-8608,-8604,8640,-8638]],"type":"Polygon","properties":{"id":"14000US17097864410"}},{"arcs":[[-8267,-8610,-8640,8641,-7892,-8311]],"type":"Polygon","properties":{"id":"14000US17097864411"}},{"arcs":[[-8639,-8641,-8606,-7893,-8642]],"type":"Polygon","properties":{"id":"14000US17097864412"}},{"arcs":[[-7553,-7571,-2976,-7460,-76]],"type":"Polygon","properties":{"id":"14000US17031031900"}},{"arcs":[[-6614,-829,-6724,8642,8643,8644,8645]],"type":"Polygon","properties":{"id":"14000US17031813500"}},{"arcs":[[-6723,-1404,8646,8647,-8643]],"type":"Polygon","properties":{"id":"14000US17031813600"}},{"arcs":[[-8624,-6749,8648,-8626]],"type":"Polygon","properties":{"id":"14000US17031822102"}},{"arcs":[[8649,-6623,-8630,8650,8651]],"type":"Polygon","properties":{"id":"14000US17031822200"}},{"arcs":[[-6640,-6624,-8650,8652,-7504]],"type":"Polygon","properties":{"id":"14000US17031822301"}},{"arcs":[[-8653,-8652,8653,8654,-7922,-7505]],"type":"Polygon","properties":{"id":"14000US17031822302"}},{"arcs":[[-8651,-8629,8655,-8654]],"type":"Polygon","properties":{"id":"14000US17031822500"}},{"arcs":[[8656,-8636,-6551,-8066,-6567]],"type":"Polygon","properties":{"id":"14000US17031828900"}},{"arcs":[[-8632,-8634,-8637,-8657,-7696]],"type":"Polygon","properties":{"id":"14000US17031828802"}},{"arcs":[[-8648,8657,8658]],"type":"Polygon","properties":{"id":"14000US17031813900"}},{"arcs":[[-8655,-8656,-8628,8659,8660,-7976,-7923]],"type":"Polygon","properties":{"id":"14000US17031822601"}},{"arcs":[[-8649,-6748,-6214,8661,-8660,-8627]],"type":"Polygon","properties":{"id":"14000US17031822701"}},{"arcs":[[-8662,-6213,-7613,-7977,-8661]],"type":"Polygon","properties":{"id":"14000US17031822702"}},{"arcs":[[-7614,-6217,-7969,-7978]],"type":"Polygon","properties":{"id":"14000US17031822801"}},{"arcs":[[-7979,-7606,-7925]],"type":"Polygon","properties":{"id":"14000US17031823002"}},{"arcs":[[-8644,-8659,8662,8663,8664,8665]],"type":"Polygon","properties":{"id":"14000US17031814000"}},{"arcs":[[-8663,-8658,-8647,-1401,8666,8667,8668,8669]],"type":"Polygon","properties":{"id":"14000US17031814100"}},{"arcs":[[-1400,-65,-7342,-949,-1593,-6952,-7985,8670,-8667]],"type":"Polygon","properties":{"id":"14000US17031814200"}},{"arcs":[[-8668,-8671,8671]],"type":"Polygon","properties":{"id":"14000US17031814300"}},{"arcs":[[-8669,-8672,-7984,8672]],"type":"Polygon","properties":{"id":"14000US17031814400"}},{"arcs":[[-7926,-7604,-7306]],"type":"Polygon","properties":{"id":"14000US17031823101"}},{"arcs":[[8673,-7974,-7878,-7492,-7971]],"type":"Polygon","properties":{"id":"14000US17031823302"}},{"arcs":[[-6220,-7975,-8674,-7970]],"type":"Polygon","properties":{"id":"14000US17031823303"}},{"arcs":[[-6339,-5801,-7877]],"type":"Polygon","properties":{"id":"14000US17031823500"}},{"arcs":[[-8664,-8670,-8673,-7983,8674,8675]],"type":"Polygon","properties":{"id":"14000US17031814500"}},{"arcs":[[-6725,-6615,-8646,8676,-7688]],"type":"Polygon","properties":{"id":"14000US17031814600"}},{"arcs":[[-7690,8677,8678,8679,8680,-7560,-3258,-7934]],"type":"Polygon","properties":{"id":"14000US17031814800"}},{"arcs":[[8681,8682,-8679]],"type":"Polygon","properties":{"id":"14000US17031814900"}},{"arcs":[[-7689,-8677,-8645,8683,-8682,-8678]],"type":"Polygon","properties":{"id":"14000US17031815000"}},{"arcs":[[-8683,-8684,-8666,8684,8685,-8680]],"type":"Polygon","properties":{"id":"14000US17031815100"}},{"arcs":[[8686,-7972,-7495,-8068,8687]],"type":"Polygon","properties":{"id":"14000US17031823602"}},{"arcs":[[8688,-8688,-8067,-7576]],"type":"Polygon","properties":{"id":"14000US17031823604"}},{"arcs":[[-7364,-7361,8689,-7367]],"type":"Polygon","properties":{"id":"14000US17127970400"}},{"arcs":[[8690,8691,-17,8692,-7805]],"type":"Polygon","properties":{"id":"14000US17097863201"}},{"arcs":[[-8693,-20,-15,-1280,8693,-7750,-7807]],"type":"Polygon","properties":{"id":"14000US17097863202"}},{"arcs":[[-1279,-1276,8694,-7747,-8694]],"type":"Polygon","properties":{"id":"14000US17097863300"}},{"arcs":[[-7608,-7973,-8687,-8689,-7557]],"type":"Polygon","properties":{"id":"14000US17031823605"}},{"arcs":[[8695,8696,-5626,-8010,-8071]],"type":"Polygon","properties":{"id":"14000US17031823702"}},{"arcs":[[-1294,-1532,-1301,-2951]],"type":"Polygon","properties":{"id":"14000US17031160501"}},{"arcs":[[-8685,-8665,-8676,8697,8698,8699]],"type":"Polygon","properties":{"id":"14000US17031815200"}},{"arcs":[[-8681,-8686,-8700,8700,-7561]],"type":"Polygon","properties":{"id":"14000US17031815300"}},{"arcs":[[-8701,-8699,8701,-7562]],"type":"Polygon","properties":{"id":"14000US17031815400"}},{"arcs":[[-8702,-8698,-8675,-7982,-7563]],"type":"Polygon","properties":{"id":"14000US17031815500"}},{"arcs":[[-7297,-4143,8702,-8696,-8070]],"type":"Polygon","properties":{"id":"14000US17031823704"}},{"arcs":[[-4142,-5627,-8697,-8703]],"type":"Polygon","properties":{"id":"14000US17031823705"}},{"arcs":[[-3261,-7509,-3128,-6284,-7935]],"type":"Polygon","properties":{"id":"14000US17031815800"}},{"arcs":[[-1397,-1393,8703,-3272]],"type":"Polygon","properties":{"id":"14000US17031815900"}},{"arcs":[[-3273,-8704,-6611,-7933,-8018]],"type":"Polygon","properties":{"id":"14000US17031816000"}},{"arcs":[[-5543,-8085,-6153,-7511,-6085,8704,8705]],"type":"Polygon","properties":{"id":"14000US17031816200"}},{"arcs":[[-3514,-7889,-7868,-7464,-52,-393]],"type":"Polygon","properties":{"id":"14000US17031824507"}},{"arcs":[[-7874,8706,-7864,-7888]],"type":"Polygon","properties":{"id":"14000US17031824602"}},{"arcs":[[-5950,-7872,8707,-8707,-7873]],"type":"Polygon","properties":{"id":"14000US17031824701"}},{"arcs":[[-8708,-7871,-7891,-7998,-7865]],"type":"Polygon","properties":{"id":"14000US17031824702"}},{"arcs":[[-7999,-4327,-7466,-7867]],"type":"Polygon","properties":{"id":"14000US17031825200"}},{"arcs":[[-8324,-744,-7486,-7489,-916,-4085,-912,-909,-906]],"type":"Polygon","properties":{"id":"14000US17031040100"}},{"arcs":[[-2993,8708,8709,-5233,-5133,-7627,8710,8711]],"type":"Polygon","properties":{"id":"14000US17117957000"}},{"arcs":[[-2593,8712]],"type":"Polygon","properties":{"id":"14000US17117956000"}},{"arcs":[[8713,-3522]],"type":"Polygon","properties":{"id":"14000US17117956400"}},{"arcs":[[-911,-915,-5978,-8130,-180,-2304]],"type":"Polygon","properties":{"id":"14000US17031040300"}},{"arcs":[[-8711,-7626,8714]],"type":"Polygon","properties":{"id":"14000US17117957200"}},{"arcs":[[-3525,8715,-2132,-4766,8716]],"type":"Polygon","properties":{"id":"14000US17117956700"}},{"arcs":[[-3524,8717,-8709,-2994,-8712,-8715,-7625,-2133,-8716]],"type":"Polygon","properties":{"id":"14000US17117956800"}},{"arcs":[[8718,-5237,-5234,-8710,-8718,-3523,-8714,-3521,8719]],"type":"Polygon","properties":{"id":"14000US17117956300"}},{"arcs":[[8720,-2558,-2594,-8713,-2592,-5236,-8719]],"type":"Polygon","properties":{"id":"14000US17117956100"}},{"arcs":[[-3526,-8717,-7650,-3885,-3893]],"type":"Polygon","properties":{"id":"14000US17117956600"}},{"arcs":[[-1936,-2559,-8721,-8720,-3520,-3912,-1960]],"type":"Polygon","properties":{"id":"14000US17117956200"}},{"arcs":[[-5544,-8706,8721,8722,-8022]],"type":"Polygon","properties":{"id":"14000US17031816300"}},{"arcs":[[-8723,8723,-6077,-5987,-8023]],"type":"Polygon","properties":{"id":"14000US17031816401"}},{"arcs":[[-8722,-8705,-6084,-7936,-6078,-8724]],"type":"Polygon","properties":{"id":"14000US17031816402"}},{"arcs":[[8724,-6488,-5546,-8021]],"type":"Polygon","properties":{"id":"14000US17031816600"}},{"arcs":[[8725,-4369,8726,8727,8728,8729,8730]],"type":"Polygon","properties":{"id":"14000US17097861301"}},{"arcs":[[-41,8731,8732,-4197,8733,-4757,8734]],"type":"Polygon","properties":{"id":"14000US17019005800"}},{"arcs":[[8735,-4758,-8734,-4200,-4196,8736,-5538]],"type":"Polygon","properties":{"id":"14000US17019006000"}},{"arcs":[[8737,8738,8739,8740,8741,-7804,8742]],"type":"Polygon","properties":{"id":"14000US17097861504"}},{"arcs":[[-8468,8743,8744,-3877]],"type":"Polygon","properties":{"id":"14000US17097861506"}},{"arcs":[[-7989,-6489,-8725,-8020,8745]],"type":"Polygon","properties":{"id":"14000US17031816700"}},{"arcs":[[-4331,-6402,-6645,-5628,8746,-5941]],"type":"Polygon","properties":{"id":"14000US17031825503"}},{"arcs":[[-5942,-8747,-7619,8747]],"type":"Polygon","properties":{"id":"14000US17031825504"}},{"arcs":[[-5943,-8748,-3628,-3437,-7886]],"type":"Polygon","properties":{"id":"14000US17031825505"}},{"arcs":[[-7965,8748,8749,-6014,-6011,-6005,-6000]],"type":"Polygon","properties":{"id":"14000US17031825700"}},{"arcs":[[8750,8751,-1272,-1278,-18,-8692]],"type":"Polygon","properties":{"id":"14000US17097863100"}},{"arcs":[[-1481,-1637,-1642,-4025]],"type":"Polygon","properties":{"id":"14000US17197883206"}},{"arcs":[[8752,-4443,8753,8754]],"type":"Polygon","properties":{"id":"14000US17097860302"}},{"arcs":[[-7117,8755,8756,8757,8758,8759,8760,-8466]],"type":"Polygon","properties":{"id":"14000US17097860400"}},{"arcs":[[8761,-4441,8762,8763,-8758]],"type":"Polygon","properties":{"id":"14000US17097860600"}},{"arcs":[[-335,8764,-309,-366]],"type":"Polygon","properties":{"id":"14000US17197880105"}},{"arcs":[[-528,8765,-690,8766,-683,8767,-333]],"type":"Polygon","properties":{"id":"14000US17197880107"}},{"arcs":[[-527,-8480,-8320,-2225,-836,-687,-8766]],"type":"Polygon","properties":{"id":"14000US17197880109"}},{"arcs":[[-334,-8768,-686,-310,-8765]],"type":"Polygon","properties":{"id":"14000US17197880106"}},{"arcs":[[-1290,8768,-8618,8769,8770,8771,8772]],"type":"Polygon","properties":{"id":"14000US17097862000"}},{"arcs":[[-1289,-3883,8773,-8615,-8769]],"type":"Polygon","properties":{"id":"14000US17097862100"}},{"arcs":[[-8774,-3882,8774,8775,8776,8777,-8616]],"type":"Polygon","properties":{"id":"14000US17097862200"}},{"arcs":[[8778,8779,8780,-8740]],"type":"Polygon","properties":{"id":"14000US17097862604"}},{"arcs":[[-8781,8781,8782,8783,-8741]],"type":"Polygon","properties":{"id":"14000US17097862605"}},{"arcs":[[-8784,8784,-8691,-8742]],"type":"Polygon","properties":{"id":"14000US17097862800"}},{"arcs":[[8785,8786,-1273,-8752,8787,8788]],"type":"Polygon","properties":{"id":"14000US17097862901"}},{"arcs":[[8789,-8788,-8751,-8785]],"type":"Polygon","properties":{"id":"14000US17097862902"}},{"arcs":[[-689,8790,8791,-8767]],"type":"Polygon","properties":{"id":"14000US17197880111"}},{"arcs":[[-8791,-838,-8557,8792,8793]],"type":"Polygon","properties":{"id":"14000US17197880112"}},{"arcs":[[-8792,-8794,8794,-1490,-684]],"type":"Polygon","properties":{"id":"14000US17197880113"}},{"arcs":[[-2293,-1570,-1617,-2228]],"type":"Polygon","properties":{"id":"14000US17197881006"}},{"arcs":[[-1470,-1466,8795,-4519,-7674]],"type":"Polygon","properties":{"id":"14000US17197881500"}},{"arcs":[[8796,-8548,-7376,-2035,-1736]],"type":"Polygon","properties":{"id":"14000US17201003810"}},{"arcs":[[-1836,-1918,-8543,-8797,-1735,-1731]],"type":"Polygon","properties":{"id":"14000US17201003811"}},{"arcs":[[-1912,8797,-1830,8798,-1898]],"type":"Polygon","properties":{"id":"14000US17201004004"}},{"arcs":[[8799,-2038,-2028,-7623]],"type":"Polygon","properties":{"id":"14000US17201000516"}},{"arcs":[[-1829,-1804,-1899,-8799]],"type":"Polygon","properties":{"id":"14000US17201004005"}},{"arcs":[[-1737,-2034,-8800,-7622]],"type":"Polygon","properties":{"id":"14000US17201000515"}},{"arcs":[[-8796,8800,-4018,-1649,-520,-1635]],"type":"Polygon","properties":{"id":"14000US17197881700"}},{"arcs":[[8801,8802,-5442,-5697,-4806]],"type":"Polygon","properties":{"id":"14000US17097860805"}},{"arcs":[[8803,-7082,-7080,8804,8805,-8803]],"type":"Polygon","properties":{"id":"14000US17097860806"}},{"arcs":[[8806,8807,8808,8809,8810,8811]],"type":"Polygon","properties":{"id":"14000US17075950500"}},{"arcs":[[8812,8813,8814,-8812,8815,8816,-3030]],"type":"Polygon","properties":{"id":"14000US17075950300"}},{"arcs":[[8817,-8816,-8811,8818,-3580,-3039,8819]],"type":"Polygon","properties":{"id":"14000US17075950800"}},{"arcs":[[-8815,8820,-8807]],"type":"Polygon","properties":{"id":"14000US17075950400"}},{"arcs":[[-8817,-8818,8821,-3031]],"type":"Polygon","properties":{"id":"14000US17075950600"}},{"arcs":[[-5015,-7029,8822,-8808,-8821,-8814,8823]],"type":"Polygon","properties":{"id":"14000US17075950100"}},{"arcs":[[-8810,8824,-3583,-3685,-3581,-8819]],"type":"Polygon","properties":{"id":"14000US17075950900"}},{"arcs":[[-7046,-7031,-5016,-8824,-8813,-3029]],"type":"Polygon","properties":{"id":"14000US17075950200"}},{"arcs":[[-8822,-8820,-3038,-3032]],"type":"Polygon","properties":{"id":"14000US17075950700"}},{"arcs":[[-5866,-2449,-2609,8825]],"type":"Polygon","properties":{"id":"14000US17167002900"}},{"arcs":[[-2598,-5867,-8826,-2608]],"type":"Polygon","properties":{"id":"14000US17167003604"}},{"arcs":[[-5869,-2562,8826,-2389,8827,-7684,-2578]],"type":"Polygon","properties":{"id":"14000US17167003801"}},{"arcs":[[-8827,-2561,-2529,-4419,-2548,-2583,-2390]],"type":"Polygon","properties":{"id":"14000US17167003902"}},{"arcs":[[-7685,-8828,-2388,-2394,-7683]],"type":"Polygon","properties":{"id":"14000US17167000504"}},{"arcs":[[-40,-8169,-8166,8828,8829,8830,-8732]],"type":"Polygon","properties":{"id":"14000US17019005500"}},{"arcs":[[-1648,-512,8831,-4015,-8801,-1465]],"type":"Polygon","properties":{"id":"14000US17197881800"}},{"arcs":[[-8832,-519,8832,-4019,-4016]],"type":"Polygon","properties":{"id":"14000US17197881900"}},{"arcs":[[8833,8834,-8789,-8790,-8783]],"type":"Polygon","properties":{"id":"14000US17097862502"}},{"arcs":[[8835,-8772,-8779,8836]],"type":"Polygon","properties":{"id":"14000US17097862603"}},{"arcs":[[-8833,-518,8837,8838,8839,-4020]],"type":"Polygon","properties":{"id":"14000US17197882000"}},{"arcs":[[8840,8841,8842,8843,8844,-8839]],"type":"Polygon","properties":{"id":"14000US17197882400"}},{"arcs":[[-8840,-8845,8845,8846,-4021]],"type":"Polygon","properties":{"id":"14000US17197882500"}},{"arcs":[[-352,-312,-1491,-8795,-8793,-5720,-7311,8847,-7670,-1488,-5447]],"type":"Polygon","properties":{"id":"14000US17197880202"}},{"arcs":[[-8478,-8847,8848,-7675,-5241,-2120,-4372]],"type":"Polygon","properties":{"id":"14000US17197883100"}},{"arcs":[[-1576,-4396,-1243,-1038,-4389]],"type":"Polygon","properties":{"id":"14000US17197883602"}},{"arcs":[[-5028,-5030,8849,-8842,8850]],"type":"Polygon","properties":{"id":"14000US17197882200"}},{"arcs":[[-1229,-1234,-1630,-1659,-1619,-4038,-4610,-1455]],"type":"Polygon","properties":{"id":"14000US17197881105"}},{"arcs":[[-8848,8851,-1216,-1023,-7671]],"type":"Polygon","properties":{"id":"14000US17197880502"}},{"arcs":[[-8850,-5029,-1459,8852,-8843]],"type":"Polygon","properties":{"id":"14000US17197882300"}},{"arcs":[[-8846,-8844,-8853,-7676,-8849]],"type":"Polygon","properties":{"id":"14000US17197883000"}},{"arcs":[[-7310,-2295,-8477,-1227,-1026,-8852]],"type":"Polygon","properties":{"id":"14000US17197881001"}},{"arcs":[[-517,-4031,-8851,-8841,-8838]],"type":"Polygon","properties":{"id":"14000US17197882100"}},{"arcs":[[-6715,-6761,-6719,-7705,-7267,-7357,-7354,-7350]],"type":"Polygon","properties":{"id":"14000US17031808800"}},{"arcs":[[-3555,-3428,-3575,-3558]],"type":"Polygon","properties":{"id":"14000US17183000200"}},{"arcs":[[8853,8854,-7099,-7106,-7088]],"type":"Polygon","properties":{"id":"14000US17097860906"}},{"arcs":[[8855,-8463,-4226,-4225,-4242,-4238]],"type":"Polygon","properties":{"id":"14000US17097861007"}},{"arcs":[[-26,-8286,-8278,-7120,-8225]],"type":"Polygon","properties":{"id":"14000US17097864522"}},{"arcs":[[-4435,-8143,-7654,8856]],"type":"Polygon","properties":{"id":"14000US17097864516"}},{"arcs":[[8857,8858,-1291,-8773,-8836,8859]],"type":"Polygon","properties":{"id":"14000US17097861902"}},{"arcs":[[-4438,8860,8861,-4444,-8753,8862,-7115]],"type":"Polygon","properties":{"id":"14000US17097860104"}},{"arcs":[[8863,8864,8865,-8786,-8835]],"type":"Polygon","properties":{"id":"14000US17097862700"}},{"arcs":[[-2629,-2639,-5408,-5404]],"type":"Polygon","properties":{"id":"14000US17077011400"}},{"arcs":[[-6054,-7931,-7980,-3645]],"type":"Polygon","properties":{"id":"14000US17031611600"}},{"arcs":[[-1412,-5857,-8472,-8470]],"type":"Polygon","properties":{"id":"14000US17031340400"}},{"arcs":[[-7990,-8746,-8024,-5985,-8019,-7609,-8149,-8316,-8260,-4214]],"type":"Polygon","properties":{"id":"14000US17031816800"}},{"arcs":[[-7389,-6731,-2343,-8494,-8086,-7497]],"type":"Polygon","properties":{"id":"14000US17031770700"}},{"arcs":[[-4100,-7277,-8007,-8074,-7293,-1154,-6779,-4090,-6346]],"type":"Polygon","properties":{"id":"14000US17031806102"}},{"arcs":[[-2257,-7698,-6020,-1327,-5873]],"type":"Polygon","properties":{"id":"14000US17031430700"}},{"arcs":[[-8065,-7479,-7658,-8242,-8029,-7394,-8063]],"type":"Polygon","properties":{"id":"14000US17031808100"}},{"arcs":[[-6263,-5642,-2284,-8025,-6267]],"type":"Polygon","properties":{"id":"14000US17031804810"}},{"arcs":[[-8469,-3879,8866,8867,-2433,-4228]],"type":"Polygon","properties":{"id":"14000US17097861604"}},{"arcs":[[-7264,-6805,-6808,-7262,-7258,-7659]],"type":"Polygon","properties":{"id":"14000US17031808500"}},{"arcs":[[-8619,-6600,-6602,-7546,-8004]],"type":"Polygon","properties":{"id":"14000US17031800200"}},{"arcs":[[-7897,-7902,-1523,-458,-815,-8026]],"type":"Polygon","properties":{"id":"14000US17031191000"}},{"arcs":[[-8805,-7079,-8464,-8856,-4237,8868]],"type":"Polygon","properties":{"id":"14000US17097860811"}},{"arcs":[[-5675,-4262,-5665,-7064,-4263,-4269,-5271]],"type":"Polygon","properties":{"id":"14000US17179020800"}},{"arcs":[[-4808,-5698,-5445,8869,8870,-7083,-7204]],"type":"Polygon","properties":{"id":"14000US17097860903"}},{"arcs":[[-3573,8871,-3395,-3426,-3554]],"type":"Polygon","properties":{"id":"14000US17183000400"}},{"arcs":[[-1284,8872,8873,-7802,-4361]],"type":"Polygon","properties":{"id":"14000US17097861607"}},{"arcs":[[-8759,-8764,8874,-8775,-3881,8875]],"type":"Polygon","properties":{"id":"14000US17097861701"}},{"arcs":[[8876,-1286,-8859]],"type":"Polygon","properties":{"id":"14000US17097861804"}},{"arcs":[[-8761,8877,-8858,8878]],"type":"Polygon","properties":{"id":"14000US17097861901"}},{"arcs":[[8879,-8777,8880,-1274,-8787,-8866]],"type":"Polygon","properties":{"id":"14000US17097862300"}},{"arcs":[[-8617,-8778,-8880,-8865,8881,-8770]],"type":"Polygon","properties":{"id":"14000US17097862402"}},{"arcs":[[-8780,-8771,-8882,-8864,-8834,-8782]],"type":"Polygon","properties":{"id":"14000US17097862501"}},{"arcs":[[8882,-8731,-8854,-7084,-8871]],"type":"Polygon","properties":{"id":"14000US17097860905"}},{"arcs":[[-138,-1204,-4657,-4651,8883]],"type":"Polygon","properties":{"id":"14000US17037000401"}},{"arcs":[[-4681,-4673,-139,-8884,-4650,-4660,-4678]],"type":"Polygon","properties":{"id":"14000US17037000402"}},{"arcs":[[-4368,8884,-8727]],"type":"Polygon","properties":{"id":"14000US17097861303"}},{"arcs":[[-8885,-4367,8885,-8728]],"type":"Polygon","properties":{"id":"14000US17097861304"}},{"arcs":[[-8730,8886,8887,-1073,8888,-7100,-8855]],"type":"Polygon","properties":{"id":"14000US17097861402"}},{"arcs":[[-8886,8889,-8887,-8729]],"type":"Polygon","properties":{"id":"14000US17097861403"}},{"arcs":[[-4366,-1271,-1074,-8888,-8890]],"type":"Polygon","properties":{"id":"14000US17097861404"}},{"arcs":[[-6954,-8358,-98,-7011]],"type":"Polygon","properties":{"id":"14000US17031560400"}},{"arcs":[[-8461,-5655,-8457,-8462,-5833,-5837]],"type":"Polygon","properties":{"id":"14000US17031710700"}},{"arcs":[[-4307,-5527]],"type":"Polygon","properties":{"id":"14000US17019010300"}},{"arcs":[[-3191,-3181,-3182,-7794]],"type":"Polygon","properties":{"id":"14000US17019001206"}},{"arcs":[[-7329,-6906,-6904,8890,-8749,-7964]],"type":"Polygon","properties":{"id":"14000US17031550100"}},{"arcs":[[8891,-7437,-5141,-2632,-2612]],"type":"Polygon","properties":{"id":"14000US17077010900"}},{"arcs":[[-2626,-2622,-5410,-5412,-2643,-3399,8892,-4562,-4556]],"type":"Polygon","properties":{"id":"14000US17077010300"}},{"arcs":[[-2613,-2631,-5403,-5411]],"type":"Polygon","properties":{"id":"14000US17077011100"}},{"arcs":[[-7756,-7773,-8041,-8046]],"type":"Polygon","properties":{"id":"14000US17097863604"}},{"arcs":[[-2625,-8393,-8385,-8394,-2715,-2721,-7435,-8892,-2611,-2618]],"type":"Polygon","properties":{"id":"14000US17077010200"}},{"arcs":[[-5444,-4240,-4235,-8726,-8883,-8870]],"type":"Polygon","properties":{"id":"14000US17097861010"}},{"arcs":[[-1283,8893,-8873]],"type":"Polygon","properties":{"id":"14000US17097861608"}},{"arcs":[[-8863,-8755,-8756,-7116]],"type":"Polygon","properties":{"id":"14000US17097860301"}},{"arcs":[[-8612,-8614,-8224,-4432,8894]],"type":"Polygon","properties":{"id":"14000US17097864517"}},{"arcs":[[-8744,-8467,-8879,-8860,8895,8896]],"type":"Polygon","properties":{"id":"14000US17097861507"}},{"arcs":[[-3878,-8745,-8897,8897,8898,-8867]],"type":"Polygon","properties":{"id":"14000US17097861508"}},{"arcs":[[-8899,8899,-8738,8900]],"type":"Polygon","properties":{"id":"14000US17097861509"}},{"arcs":[[-8898,-8896,-8837,-8739,-8900]],"type":"Polygon","properties":{"id":"14000US17097861510"}},{"arcs":[[-8874,-8894,-1282,-7716,-2434,-8868,-8901,-8743,-7803]],"type":"Polygon","properties":{"id":"14000US17097861603"}},{"arcs":[[-5306,-5318,-5311]],"type":"Polygon","properties":{"id":"14000US17073030900"}},{"arcs":[[-4717,-4742,-5182,-5204,-5324,-7141,-7139,-5308,-8515]],"type":"Polygon","properties":{"id":"14000US17073030400"}},{"arcs":[[-5325,-5319,-2497,-5316]],"type":"Polygon","properties":{"id":"14000US17073031100"}},{"arcs":[[8901,8902,8903,8904,8905,-6320,-6328]],"type":"Polygon","properties":{"id":"14000US17033880200"}},{"arcs":[[8906,8907,-8904]],"type":"Polygon","properties":{"id":"14000US17033880400"}},{"arcs":[[8908,8909,-8907,-8903]],"type":"Polygon","properties":{"id":"14000US17033880300"}},{"arcs":[[-3833,-3839,8910,8911,-8909,-8902,-6327]],"type":"Polygon","properties":{"id":"14000US17033880100"}},{"arcs":[[-8906,8912,8913,-2818,-8531,-6321]],"type":"Polygon","properties":{"id":"14000US17033880600"}},{"arcs":[[-8908,-8910,-8912,8914,-8913,-8905]],"type":"Polygon","properties":{"id":"14000US17033880500"}},{"arcs":[[-1275,-8881,-8776,-8875,-8763,-4440,-8862,8915,-7706,-6597,-8339,-8336,-8334,-8287,-7744,-8695]],"type":"Polygon","properties":{"id":"14000US17097990000"}},{"arcs":[[-1172,-484,-6540,-548]],"type":"Polygon","properties":{"id":"14000US17031283200"}},{"arcs":[[-2341,-6065,-8170,-8125,-8173,-8174,-534,-2260,-773]],"type":"Polygon","properties":{"id":"14000US17031100500"}},{"arcs":[[8916,-8073,-2360,-2355,-7275,-6769]],"type":"Polygon","properties":{"id":"14000US17031801607"}},{"arcs":[[-970,-8090,-8094,-2275,-3966,-8088]],"type":"Polygon","properties":{"id":"14000US17031804106"}},{"arcs":[[-8097,-7597,-6777,-8072,-8917,-6768,-7278]],"type":"Polygon","properties":{"id":"14000US17031801606"}},{"arcs":[[-8760,-8876,-3880,-1287,-8877,-8878]],"type":"Polygon","properties":{"id":"14000US17097861803"}},{"arcs":[[-8869,-4236,-5443,-8806]],"type":"Polygon","properties":{"id":"14000US17097860809"}},{"arcs":[[-4363,-7101,-8889,-1072]],"type":"Polygon","properties":{"id":"14000US17097861105"}},{"arcs":[[-8613,-8895,-4436,-8857,-7653,-8605]],"type":"Polygon","properties":{"id":"14000US17097864515"}},{"arcs":[[-8754,-4442,-8762,-8757]],"type":"Polygon","properties":{"id":"14000US17097860500"}},{"arcs":[[-5603,-7021,8917,-5513]],"type":"Polygon","properties":{"id":"14000US17161022800"}},{"arcs":[[-8918,-4424,8918,-5700,-5514]],"type":"Polygon","properties":{"id":"14000US17161022900"}},{"arcs":[[-5701,-8919,-4426,-4349,-571,8919]],"type":"Polygon","properties":{"id":"14000US17161023000"}},{"arcs":[[-5702,-8920,-570,-4793]],"type":"Polygon","properties":{"id":"14000US17161023100"}},{"arcs":[[-8164,-7795,-3184,-5534,8920,-3936,-3926,-7531]],"type":"Polygon","properties":{"id":"14000US17019010902"}},{"arcs":[[8921,-8830,8922,-4193,-4199]],"type":"Polygon","properties":{"id":"14000US17019005602"}},{"arcs":[[-4304,-3551,-3532,-3590,-4320,-4194,-8923,-8829,-8165,-8162],[8923]],"type":"Polygon","properties":{"id":"14000US17019010702"}},{"arcs":[[-5539,-8737,-4195,-4321,-3937,-8921]],"type":"Polygon","properties":{"id":"14000US17019010901"}},{"arcs":[[-8924]],"type":"Polygon","properties":{"id":"14000US17019010701"}},{"arcs":[[-42,-8735,-4759,-8736,-5537,-4190,-4182]],"type":"Polygon","properties":{"id":"14000US17019005902"}},{"arcs":[[-3138,-4760,-3186]],"type":"Polygon","properties":{"id":"14000US17019011001"}},{"arcs":[[-8831,-8922,-4198,-8733]],"type":"Polygon","properties":{"id":"14000US17019005601"}},{"arcs":[[-7544,8924,-8432,-8451,-8594,-7537]],"type":"Polygon","properties":{"id":"14000US17199020802"}},{"arcs":[[-2988,-7444,8925,-7459,-7535]],"type":"Polygon","properties":{"id":"14000US17199021002"}},{"arcs":[[-4579,-2724,-4571,-8428,-8925,-7543,-7449,-7542]],"type":"Polygon","properties":{"id":"14000US17199020801"}},{"arcs":[[-7452,-7533,-7455,8926]],"type":"Polygon","properties":{"id":"14000US17199021001"}},{"arcs":[[-7453,-8927,-7454,-8926]],"type":"Polygon","properties":{"id":"14000US17199021003"}},{"arcs":[[8927,-7255,-3239,-7033,-7043]],"type":"Polygon","properties":{"id":"14000US17091011700"}},{"arcs":[[-7055,-7059,-7857,-8928,-7042]],"type":"Polygon","properties":{"id":"14000US17091011800"}}]}}}