{"type":"Topology","arcs":[[[991,35810],[65,10],[318,-1],[132,-43],[37,-3],[45,8],[124,-11],[63,-42],[32,11],[44,-3],[28,22],[83,36],[65,16],[36,-6],[59,7],[33,-19],[41,-56],[22,-14],[10,-46],[14,-3],[354,68],[244,53],[23,-2],[261,-76],[49,-6],[373,-1],[4,2]],[[3550,35711],[11,-20],[110,7],[39,10],[50,28],[90,20],[21,-6],[-11,-48],[11,-20],[59,26],[74,7],[17,26],[101,-18],[9,-17],[34,-20],[46,-53],[59,24],[17,19],[43,13],[101,12],[32,-4],[27,-14],[57,-8],[34,20],[16,-40],[-13,-50],[11,-46],[15,-30],[-12,-50],[15,-44],[66,-33],[46,23],[57,15],[37,-8],[45,-30],[49,-3],[14,44],[21,24],[34,65],[41,10],[11,30],[38,44],[39,17],[107,9],[24,-10],[166,179],[33,52]],[[5441,35863],[184,-312]],[[5625,35551],[55,-101],[10,-87],[-4,-80],[-25,-41],[-31,-21],[-19,-40],[0,-123],[11,-41],[11,-82],[3,-159],[-28,-40],[-15,-58],[-90,-136],[-52,-93],[-4,-59],[8,-30],[-18,-48],[-70,-136],[8,-21]],[[5375,34155],[-42,6],[-60,-32],[-32,7],[-41,51],[-24,-2],[-28,23],[-34,0],[-11,12],[-63,-42],[-9,-18],[-43,-5],[-18,26],[-55,-31],[-15,-25],[-22,-8],[-51,8],[-20,-17],[-62,-28],[-54,-38],[20,-64],[-80,-62],[-263,431],[-167,-2],[-200,1],[0,-128],[-24,-54],[-16,-11],[-152,-1],[-1,-62],[-167,0],[-15,-9],[-33,9],[-41,0],[-64,42],[-27,6],[-31,-11],[-36,-94],[-44,-34],[-51,-12],[-18,5],[-78,78],[-17,1],[-26,81],[-26,47],[-33,21],[-9,20],[-48,18],[-34,-38],[-42,-16],[-43,1],[35,-106],[2,-96],[13,-75],[26,-62],[7,-55],[42,-58],[19,-37],[-4,-22],[-36,-32],[-16,9],[-27,-14],[-8,-41],[49,11],[6,-11],[1,-76],[16,-43],[42,-9],[1,-69],[8,-9],[-61,-54],[-51,-55],[-18,-110],[-19,-19],[24,-76],[-40,-28],[-17,-22]],[[2919,33046],[-218,35],[-4,7]],[[2697,33088],[-8,11],[-86,-3],[-237,-2],[-66,-5]],[[2300,33089],[-141,52],[-65,-1],[-101,-11],[-81,-25]],[[1912,33104],[-6,32],[-16,27],[-40,33],[-85,19]],[[1765,33215],[-23,62],[-33,19],[-5,96],[-23,82],[7,30],[-3,47],[-15,35],[-8,53],[2,76],[-12,66],[-17,43],[-25,120],[-22,65],[-7,65],[15,192],[-3,40],[-30,125],[-46,159],[-37,90],[-47,86],[-9,80],[-20,86],[-40,92],[-169,161],[-23,34],[-3,34],[-28,43],[-26,25],[-13,26],[-3,59],[-24,49],[11,31],[-2,35],[-46,49],[-9,18],[12,54],[-36,71],[5,23],[-17,39],[-2,35]],[[5551,33869],[31,-50],[24,-57]],[[5606,33762],[12,-27],[7,-52]],[[5625,33683],[-4,-63]],[[5621,33620],[22,-252]],[[5643,33368],[-76,-18],[-58,-27],[-44,-38]],[[5465,33285],[-40,88],[-3,16]],[[5422,33389],[-12,30],[-21,16],[4,21],[-32,39],[-24,4],[-12,56],[5,40],[-21,32],[-6,41],[27,14],[-72,80],[-13,35],[-56,1],[-46,16],[28,31],[27,8],[58,1],[71,-65],[67,-23],[38,-6],[47,20],[72,89]],[[1340,32371],[41,-31],[26,25],[168,0]],[[1575,32365],[0,-16]],[[1575,32349],[0,-46]],[[1575,32303],[-107,0],[-2,-88]],[[1466,32215],[-67,48],[-95,42]],[[1304,32305],[1,16],[-35,26],[70,24]],[[2373,29072],[85,10],[85,4],[493,69],[71,5]],[[3107,29160],[428,18],[26,-21],[9,-82],[45,-199],[-9,-26],[0,-43],[-22,-121],[-29,-128],[-11,-17],[0,-45],[-19,-25],[-30,-91],[9,-33],[-20,-25],[51,-9],[30,-15],[56,7],[40,-23],[49,-3],[27,-26],[64,-6],[35,-35],[12,-48],[25,-19],[36,-2],[11,-14],[63,-30],[23,-27],[-3,-53],[33,-40],[73,-19],[43,-20],[33,-35],[39,-28],[18,-40],[28,-14],[47,-50],[98,2],[19,-4],[33,-61],[19,-24],[5,-26],[48,-25]],[[4539,27635],[2,-57],[-9,-33],[-17,-23],[-64,-36],[-37,-114],[-8,-4]],[[4406,27368],[-65,29],[-17,-5],[-88,-1]],[[4236,27391],[-33,-18],[-38,13],[-43,2],[-51,28],[-19,52]],[[4052,27468],[-33,2],[-64,44],[-59,27],[-61,5],[-27,23],[-41,-6],[-41,9],[-21,19],[-62,6],[-43,13],[-50,-1],[-47,-17],[-61,13],[-110,0],[33,-114]],[[3365,27491],[-46,-42],[-22,4],[-148,-13]],[[3149,27440],[-3,22],[-64,114],[-67,139],[-46,90],[-124,95],[-96,113],[-5,25],[64,21],[23,27],[1,69],[-32,36],[-73,59],[-19,75],[6,85],[-13,35],[-52,62],[-54,42],[-8,21],[37,35],[15,43],[-24,29],[-9,53],[-48,73],[-23,46],[-20,91],[-4,50],[-22,46],[-41,13],[-39,0],[-36,23]],[[2478,14563],[733,1],[0,17],[745,0],[0,863],[0,578],[-1,785],[6,0],[-5,757],[-1,748],[130,0]],[[4085,18312],[710,1],[594,-1]],[[5389,18312],[817,0],[0,-748],[591,0],[949,0]],[[7746,17564],[770,0],[746,1],[721,0],[723,0]],[[10706,17565],[8,0],[-1,-523],[1,-193],[-2,-89],[0,-289],[4,-21],[3,-175],[-2,-420],[-4,-327],[1,-199],[1,-777],[0,-587]],[[10715,13965],[0,-715],[0,-546],[0,-375]],[[10715,12329],[-194,1],[-455,-1],[-187,-2],[-221,1],[-150,-2],[-534,-2],[0,-32],[-30,-1],[0,33],[-31,0],[1,-32],[-63,0],[-1,31],[-182,-1],[-748,-338],[-48,-8],[-50,-15],[-44,15]],[[7778,11976],[27,14],[-14,32],[0,204],[-64,97],[-2,124],[-273,0],[-30,10],[-17,21],[-52,8],[-11,23],[8,45],[0,62],[-16,53],[19,25],[0,47],[-22,19],[20,57],[22,13],[19,45],[20,79],[7,56],[1,61],[-14,47],[-11,121],[-3,146],[-7,68],[-29,0],[3,-127],[-247,-2],[-6,2],[4,-255],[2,-250],[-266,-1],[-361,-5],[2,-250],[-373,0],[1,-124],[-222,-3],[-903,-3],[-258,-1]],[[4732,12434],[-602,-4],[-1,-124],[-552,1],[0,126],[-62,0],[0,61],[-202,1],[0,59],[-171,1]],[[3142,12555],[-77,0],[-1,-189],[-372,1],[-1,492],[8,51],[25,20],[0,40],[-20,24],[-10,70],[-34,96],[1,42],[26,-1],[0,39],[130,-2],[0,577],[-95,0],[4,492],[-1,8],[-122,-1],[-4,125],[-121,-1],[0,125]],[[1384,11979],[-1,-152]],[[1383,11827],[-63,1]],[[1320,11828],[-1,135]],[[1319,11963],[17,19],[48,-3]],[[1088,12039],[81,-4],[64,-12],[87,-10],[64,-14]],[[1384,11999],[0,-20]],[[1319,11963],[-60,-13]],[[1259,11950],[-62,-4]],[[1197,11946],[-62,-2],[-62,-7]],[[1073,11937],[15,26],[0,76]],[[950,11607],[123,1]],[[1073,11608],[1,0]],[[1074,11608],[0,-125],[192,1]],[[1266,11484],[-16,-34],[5,-61],[19,-17],[17,-40],[-8,-63],[-16,-27],[-2,-49],[23,-30]],[[1288,11163],[6,-23],[31,-12],[0,-18]],[[1325,11110],[-124,-1]],[[1201,11109],[-249,-2]],[[952,11107],[0,182],[-3,183],[1,135]],[[377,11261],[-5,55],[32,36],[63,47],[23,36],[3,34],[18,39],[6,54],[50,90],[17,14],[25,42],[15,42],[-2,32],[54,79],[34,71],[15,57],[18,33],[26,24],[28,58],[25,33],[31,-10],[60,-52],[80,-14],[95,-22]],[[1073,11937],[-155,-13],[0,-66],[31,0],[0,-63]],[[949,11795],[1,-62]],[[950,11733],[0,-126]],[[952,11107],[-268,1],[-250,-1],[-103,2],[2,62],[44,90]],[[10714,9330],[-1,-259],[1,-270],[-1,-365],[1,-554],[-2,-544],[2,-162],[0,-158],[2,-662],[-1,-287]],[[10715,6069],[-414,154],[-247,93],[-182,67],[-462,173],[-727,271],[-698,258],[-902,334],[-166,61],[-740,272]],[[6177,7752],[1,405],[1,912],[0,261],[635,-1],[718,-1],[751,0],[422,1],[107,-2],[101,3],[724,-1],[701,2],[376,-1]],[[1134,11733],[63,0]],[[1197,11733],[0,-124]],[[1197,11609],[-62,-1]],[[1135,11608],[-1,125]],[[2191,11740],[-249,-2],[1,-178]],[[1943,11560],[-123,56],[-72,24],[-54,12]],[[1694,11652],[-125,27]],[[1569,11679],[-45,25],[-22,31]],[[1502,11735],[-14,35],[-19,146],[-19,48]],[[1450,11964],[21,-11],[24,-55],[18,-6],[350,3],[18,-14],[15,-35],[25,-13],[130,2],[29,16],[49,56],[61,23],[1,-190]],[[2936,11368],[0,121]],[[2936,11489],[76,-20]],[[3012,11469],[-4,-44],[-22,-49],[39,-44],[20,-38],[22,-22],[10,-29]],[[3077,11243],[-76,0]],[[3001,11243],[0,31],[-65,0]],[[2936,11274],[0,94]],[[1943,11560],[2,-134],[123,0]],[[2068,11426],[1,-150],[-123,-88],[1,-74]],[[1947,11114],[-247,-3]],[[1700,11111],[-3,129],[1,245],[-4,14]],[[1694,11499],[0,153]],[[2162,14563],[184,0]],[[2346,14563],[132,0]],[[3142,12555],[0,-57],[-8,-50],[-47,-87],[-20,-15],[-31,-5]],[[3036,12341],[-99,-8],[-40,14],[-33,-10],[-21,-40],[17,-85],[-35,-107],[0,-38],[25,-74],[1,-58],[-11,-26],[-46,-71],[-42,-44]],[[2752,11794],[-37,-38],[-39,-11]],[[2676,11745],[-237,-4]],[[2439,11741],[-248,-1]],[[1450,11964],[-2,27]],[[1448,11991],[4,52],[241,4],[0,63],[125,0],[0,62],[183,3],[1,61],[88,1],[-17,106],[-19,42],[1,145],[21,44],[61,62],[36,68],[37,43],[116,58],[132,133],[50,55],[22,219],[6,126],[13,119],[3,76],[-11,44],[-79,78],[-18,30],[-21,69],[-1,22],[26,49],[48,64],[22,62],[2,75],[-9,54],[-10,15],[-39,15],[-43,-27],[-63,-18],[-21,16],[-20,71],[-10,87],[-19,118],[-23,62],[-25,54],[-36,52],[-40,38]],[[7778,11976],[-52,-9],[1,-269],[-27,-4],[-141,0],[-326,1],[0,-127],[-436,-1],[-63,0],[3,-121],[-250,-5],[-155,2],[-218,-2],[1,-125],[-376,-2],[1,-62],[-123,-1],[1,-64],[-250,-1]],[[5368,11186],[4,198],[-5,25],[0,116]],[[5367,11525],[-1,162],[-372,-2]],[[4994,11685],[-1,297],[69,56],[-20,16],[-30,46],[-30,16],[-52,52],[-5,26],[-22,18],[-46,20],[-38,0],[-1,33],[-21,26],[-7,47],[-20,14],[-9,29],[-26,21],[-3,32]],[[1828,9849],[-5,-515]],[[1823,9334],[-619,223]],[[1204,9557],[3,212],[-126,1],[0,24],[-247,0],[0,190],[247,-3],[168,3],[-2,-7],[90,-126],[491,-2]],[[1828,9849],[4,380],[-5,444],[1,58],[63,1],[-1,130],[59,2],[-1,188],[31,0],[0,62]],[[1979,11114],[217,2]],[[2196,11116],[242,-1],[150,3],[349,1]],[[2937,11119],[61,-1]],[[2998,11118],[75,1]],[[3073,11119],[236,0],[2,-61],[215,1]],[[3526,11059],[455,2],[324,-3],[445,0],[185,3],[124,-3],[0,60],[185,5],[0,63],[124,0]],[[10715,12329],[0,-3]],[[10715,12326],[1,-248],[-1,-459],[0,-723],[-1,-516],[0,-307]],[[10714,10073],[0,-743]],[[6177,7752],[-741,271],[-571,209],[-554,202],[-359,129],[-59,23],[-434,158],[-887,321],[-749,269]],[[1320,11828],[-52,-1]],[[1268,11827],[-36,1],[0,61],[27,61]],[[1073,11937],[1,-78]],[[1074,11859],[0,-63]],[[1074,11796],[-125,-1]],[[1260,11794],[8,33]],[[1383,11827],[0,-93]],[[1383,11734],[-122,0]],[[1261,11734],[-10,28],[9,32]],[[1383,11734],[119,1]],[[1569,11679],[0,-39],[-60,0],[-1,-31]],[[1508,11609],[-94,0]],[[1414,11609],[-31,-1]],[[1383,11608],[0,126]],[[26959,4624],[26,-28],[30,-82],[36,-38],[38,-62],[58,-76],[9,-23],[43,-69],[34,-42],[60,-20],[83,-80],[14,-38],[34,4]],[[27424,4070],[-8,-65],[37,-14],[-39,-86],[-60,-110],[-19,-16],[-2,-31],[-37,-88]],[[27296,3660],[-19,17],[-51,71],[-45,29],[-20,28],[-38,25],[-49,16],[-52,33],[-24,7],[-22,-12],[-106,49],[-60,19],[-86,20],[-47,1],[-102,37],[-18,15],[-28,-21],[-53,45],[-48,7],[-34,43],[-7,50],[43,5],[36,-17],[12,17],[41,12],[8,46],[24,40],[13,36],[-10,15],[15,55],[22,45],[-36,40],[-20,7],[-23,41],[20,52],[4,31],[21,15],[29,39],[-17,37],[20,10],[35,-36],[29,8],[64,34],[50,8],[31,-39],[61,-21],[28,7],[72,-2]],[[1383,11608],[-101,1]],[[1282,11609],[-7,18],[-2,64],[-12,43]],[[1197,11733],[64,1]],[[1282,11609],[-85,0]],[[1074,11796],[60,0]],[[1134,11796],[0,-63]],[[1134,11733],[-61,0]],[[1073,11733],[-123,0]],[[1508,11609],[1,-58],[15,-7],[0,-61]],[[1524,11483],[-105,1]],[[1419,11484],[-19,62]],[[1400,11546],[0,32],[14,31]],[[1694,11499],[-18,18],[-43,-1],[0,-32],[-44,0]],[[1589,11484],[-65,-1]],[[1201,11109],[1,-220],[-31,0],[1,-30],[-34,0],[1,33],[-31,0],[-1,-33],[-30,-1],[16,-187],[-12,-5],[3,-183]],[[1084,10483],[-91,0],[-68,-19],[-53,18],[-18,-33],[-25,-11]],[[829,10438],[1,44],[-63,0]],[[767,10482],[0,250]],[[767,10732],[63,1],[-1,127]],[[829,10860],[14,46],[-4,19],[20,27],[60,0],[2,31],[-217,-1],[1,-123]],[[705,10859],[-62,1],[0,-254],[15,-19],[2,-41],[-12,-51],[4,-13]],[[652,10482],[-318,-1],[0,-58],[-124,-6]],[[210,10417],[-35,3],[11,34],[-37,15]],[[149,10469],[29,45],[-9,50],[6,56],[-70,-51],[-36,-31],[-22,-5],[-23,12],[-10,24],[10,54],[61,34],[19,28],[2,22],[-19,24],[25,52],[8,41],[-17,58],[-34,15],[-10,18],[-12,110],[20,52],[50,28],[46,-25],[77,17],[16,67],[21,20],[66,45],[34,32]],[[1384,11999],[64,-8]],[[36500,13415],[20,-23],[76,-61],[75,-46],[35,-39],[-8,-12],[64,-54],[31,-79],[14,-6],[-25,-50],[-36,24],[-1,-153]],[[36745,12916],[0,-41]],[[36745,12875],[-62,0],[-16,6],[-231,161],[-128,144]],[[36308,13186],[-53,62],[244,-2],[11,34],[-13,35],[3,100]],[[21629,16452],[125,2]],[[21754,16454],[1,-124]],[[21755,16330],[-126,-3]],[[21629,16327],[0,125]],[[24658,14594],[187,-2]],[[24845,14592],[0,-109]],[[24845,14483],[14,-71]],[[24859,14412],[-48,46],[-16,-25],[-35,-11],[-42,-43],[-35,-71],[-28,40],[-25,21],[-90,12],[-5,29],[-57,-17]],[[24478,14393],[-2,55],[64,29],[56,32],[63,14],[-1,71]],[[23670,17951],[218,184]],[[23888,18135],[-13,-59],[13,0],[0,-249]],[[23888,17827],[-125,0],[0,-45],[-125,86]],[[23638,17868],[-30,16]],[[23608,17884],[33,42],[29,25]],[[23388,17888],[125,0]],[[23513,17888],[95,-4]],[[23638,17868],[0,-42]],[[23638,17826],[-125,0]],[[23513,17826],[-125,0]],[[23388,17826],[0,62]],[[35360,7376],[272,192],[44,43],[287,440],[41,53],[34,36],[570,543],[59,40]],[[36667,8723],[-11,-44],[-49,-46],[-38,-135],[-56,-73]],[[36513,8425],[-23,-26],[-3,-38],[5,-168],[3,-13],[80,-212],[2,-556]],[[36577,7412],[0,-253],[-28,-18],[-31,15],[-55,3],[-14,22],[11,17],[-28,15],[-5,35],[-19,1],[-23,41],[-30,15],[-30,39],[-34,12],[-25,40],[-44,2],[-52,39],[-79,-18],[-48,-16],[-25,-19],[-33,-3],[-10,-16],[-41,19],[-68,-35],[1,-23],[-54,1],[-8,-31],[-28,-15],[-50,0],[-36,-29],[-36,3],[-59,-18],[-50,3],[-27,23],[-36,0],[-17,-20],[-34,2],[-30,25],[7,54],[-49,52]],[[34441,6436],[50,30],[27,24],[39,50],[107,179],[154,240],[28,40],[53,49],[461,328]],[[36577,7412],[287,-1],[1,-4],[199,-411],[1,-372],[-61,-17],[-308,-75],[0,-114],[196,0],[0,-124],[245,0],[3,-13],[149,1],[123,-36],[66,-13],[72,0],[37,-39],[25,-16],[22,-41],[45,-20],[101,-67],[35,-45],[2,-43],[26,-26],[27,-5],[36,-32],[19,-33],[-8,-69],[-38,2],[-22,-12],[-77,-79],[-52,-16],[-71,-56],[-85,-47],[-59,-41],[-95,-24],[-89,-80],[3,-23],[-190,0],[-2,187],[-123,0],[0,63],[-486,-1],[-1,-747]],[[36530,4923],[-137,-1],[-112,-14],[-101,13],[-72,0]],[[36108,4921],[-372,-1],[0,-150],[-45,-29],[-12,-19],[-64,-27],[-48,-1],[-41,-32],[-38,-17],[-13,-21],[-61,-23],[-26,11],[-53,7],[-71,25],[-22,0],[-50,-20],[-3,40],[-30,46],[-18,76],[-2,40],[11,105],[-3,32],[-26,64],[-50,70],[-11,8],[43,70],[11,38],[27,44],[6,40],[61,1],[-2,23],[1,351],[-124,-2],[-1,248],[-362,0]],[[34720,5918],[-5,48],[11,35],[-5,40],[12,22],[29,12],[-34,48],[-26,47],[-2,32],[-14,24],[-85,6],[-39,24],[-20,36],[-23,26],[-18,1],[-72,69],[12,48]],[[33884,9400],[600,5],[737,1],[736,-3],[737,0],[0,-2],[498,-2]],[[37192,9399],[-1,-79],[-62,-102],[-89,-95],[-96,-113],[-115,-117],[-12,-9],[-150,-155],[0,-6]],[[34441,6436],[-28,29],[-2,93],[-5,28],[-30,32],[-43,21],[-26,23],[7,23],[-10,25],[13,56],[-29,31],[-24,76],[-23,20],[2,22],[-18,60],[49,61],[46,29],[2,13],[-33,51],[-72,72],[-85,35],[-113,27],[-96,-15],[-49,7],[-41,-6],[-100,-42],[-9,44],[13,72],[-6,37],[11,17],[35,5],[36,24],[55,85],[49,43],[48,60],[24,10],[73,-9],[35,16],[38,41],[43,28],[20,33],[45,10],[-30,56],[-35,48],[-39,36],[-64,93],[-96,99],[-74,91],[84,65],[67,26],[56,49],[51,52],[61,-10],[60,10],[31,15],[0,29],[12,39],[1,56],[-8,66],[-23,74],[-55,100],[-78,110],[-45,140],[-42,74],[-24,35],[-75,83],[-80,146],[-12,36],[-2,59]],[[33139,1534],[-1,91],[54,41],[56,51],[62,-2],[50,17],[12,16],[70,26],[1,110]],[[33443,1884],[222,-46],[44,6],[128,52]],[[33837,1896],[36,-82],[36,-193],[19,-76],[5,-53],[73,-199],[38,-51],[5,-39],[56,-222],[-4,-57]],[[34101,924],[-55,-7],[-15,-10],[-50,11],[-105,3],[-68,-12],[-612,1]],[[33196,910],[3,499],[-61,0],[1,125]],[[38104,273],[-3,-116],[22,0],[0,-53]],[[38123,104],[-106,0]],[[38017,104],[15,47],[-19,23],[0,37],[26,0],[0,60],[65,2]],[[38123,104],[9,-45],[0,-45]],[[38132,14],[-141,0]],[[37991,14],[26,90]],[[32832,2036],[88,0],[25,-12],[10,-26],[-1,-89]],[[32954,1909],[0,-63]],[[32954,1846],[-30,0],[-28,16],[-68,-15],[-58,0]],[[32770,1847],[6,62],[55,0],[1,127]],[[32709,2037],[123,-1]],[[32770,1847],[-62,0]],[[32708,1847],[1,62]],[[32709,1909],[0,128]],[[32954,1808],[0,38]],[[32954,1909],[121,0]],[[33075,1909],[-1,-125],[-83,-15],[-37,16]],[[32954,1785],[0,23]],[[32709,1909],[-62,0],[-48,-6]],[[32599,1903],[-15,34],[2,96],[123,4]],[[32708,1847],[0,-133],[-10,-16]],[[32698,1698],[-34,38],[-65,167]],[[23150,33432],[105,12],[10,-4]],[[23265,33440],[18,-33],[-1,-56]],[[23282,33351],[-83,-53],[-37,-35]],[[23162,33263],[-11,48]],[[23151,33311],[-1,121]],[[22804,33027],[-1,97],[23,33]],[[22826,33157],[23,21]],[[22849,33178],[16,-32],[34,-13],[1,-149]],[[22900,32984],[-63,-15],[-40,6]],[[22797,32975],[7,52]],[[16016,47235],[44,2],[13,75],[27,13],[-4,22],[33,22],[-16,77],[20,37],[24,8],[18,26],[1,34],[33,33],[0,36],[10,56],[-16,21],[20,35],[12,50],[63,40],[21,45],[26,0],[16,70],[30,1],[16,50],[0,31],[-23,23],[9,43],[17,32],[7,36],[33,39],[19,7],[61,71],[-18,26],[13,55],[-7,46],[-31,40],[0,34],[-27,23],[-8,32],[-25,10],[9,30],[-9,45],[36,75]],[[16463,48686],[351,1],[530,0],[829,1],[28,2],[456,-1],[993,-1],[495,0],[206,-1],[979,2],[824,1],[427,1],[722,0],[324,1],[854,0],[129,0]],[[24610,48692],[5,-30],[31,-55],[66,-78],[45,-60],[21,-62],[-15,-42],[-33,-34],[-59,-37],[-39,-11],[-35,3],[-55,62]],[[24542,48348],[-30,22],[-80,46],[-26,2],[-34,-13],[-22,-44],[28,-92],[-12,-56],[-31,-16],[-59,10],[-130,72],[-39,12],[-46,-8],[-15,-24],[0,-38],[35,-52],[9,-35]],[[24090,48134],[22,-53],[0,-43],[-47,-53],[-29,-16],[-57,-5],[-13,-10],[8,-73],[-16,-39],[-33,-11],[-104,0],[-20,-10],[-9,-66],[-26,-19],[-9,-35],[31,-13],[63,-8],[16,-14],[-5,-29],[-43,-16],[-57,21],[-46,4],[-44,-8],[-57,-33]],[[23615,47605],[-30,-14],[-79,12],[-19,-18],[5,-26],[54,-70],[112,-101],[-11,-44],[-46,-19],[-44,17]],[[23557,47342],[-42,-10],[-45,-2],[-23,22],[-1,18],[-30,60],[-6,59],[-12,21],[-38,12],[-44,-13],[-17,-23],[-51,-19],[-57,-70],[-60,-16],[-10,-51],[5,-38],[-7,-33],[-60,-54],[-40,-95]],[[23019,47110],[-30,-9],[0,-30],[-32,6],[1,-40],[-31,-20],[-36,-56],[17,-7],[6,-54],[-16,-27],[-21,-69],[-47,-40],[-68,19],[-68,27],[0,-50],[36,-1],[30,-23],[43,-17],[-22,-38],[-36,-5],[15,-22],[-4,-52],[-18,-16],[-31,-5],[-69,-34],[-70,-68],[-65,0],[-6,-16],[-37,-27],[-82,-5],[-21,6],[-46,38],[-22,-10],[49,-47],[-12,-30],[64,14],[69,2],[47,22],[0,-70],[-31,-9],[-25,-25],[-38,-19],[15,-27],[5,-63],[-18,-44],[-20,-76],[-80,-32],[-37,-21],[-71,-61],[-9,-60],[-37,-12],[-48,-1],[-43,-10],[-54,-44],[-33,-52],[-82,-73],[18,-33],[22,27],[60,32],[43,33],[7,21],[55,41],[75,-7],[-2,-76],[-70,-35],[-43,9],[-22,-27],[-32,-82],[17,-20],[11,-50],[-63,-37],[-16,-38],[-27,-36],[-25,-72],[-34,-28],[-34,1],[-42,-34],[68,7],[9,13],[56,17],[38,4],[39,66],[23,-32],[-24,-30],[7,-20],[-17,-18],[-22,-49],[1,-22],[-29,-25],[0,-18],[-77,-51],[-22,-35],[-37,-34],[-32,12],[-22,-5],[-17,-33],[-23,-13],[-50,-48],[-12,-22],[-37,-4],[-21,-17],[14,-52],[-59,-62],[-22,-78],[11,-25],[-34,-7],[-25,-47],[-43,-30],[-7,-23],[-38,-62],[-45,-34],[-23,-63],[-38,-2],[-28,-19],[-44,23],[-66,13],[-63,0],[-11,14],[-45,8],[5,-41],[26,-7],[17,-25],[54,-32],[-53,-61],[-11,-59],[-95,-52],[-30,-8],[-35,-32],[-24,-56],[33,-46],[28,-6],[-8,46],[50,33],[25,-6],[21,21],[72,14],[59,54],[33,44],[9,-43],[23,-16],[25,24],[37,-11],[17,49],[27,-10],[26,-35],[21,-12],[6,-108],[8,-14],[49,-13],[9,-20],[-25,-56],[-20,4],[-51,-21],[-27,9],[-33,-8],[-43,-27],[83,-75],[29,5],[2,-23],[-49,-8],[-21,7],[-55,-23],[-26,-40],[-37,-15],[-34,-37],[1,-27],[43,-32],[16,-68],[-58,31],[-53,19],[-43,-10],[-54,-40],[-30,-35],[-22,-51],[1,-43],[29,-27],[28,21],[22,-30],[39,-17],[-3,-45],[48,-16],[-66,-35],[-12,-30],[-31,-37],[8,-59],[-57,-16],[-38,-35],[-4,-24],[-36,-11],[-79,-69],[-9,-43],[57,30],[45,4],[13,-28],[20,-2],[50,48],[25,3],[4,-24],[45,-20],[26,24],[50,29],[21,-31],[-4,-27],[35,-18],[2,-47],[-12,-33],[18,-41],[31,7],[-3,-38],[-20,-19],[-70,-23],[-61,4],[-19,-17],[-29,-4],[-18,19],[-54,22],[-56,-12],[-26,-75],[-77,-10],[-33,-28],[-36,23],[-60,-1],[-37,-9],[-18,10],[-52,-35],[-26,-35],[-30,2],[-24,19],[-73,-24],[-36,-17],[-62,15],[-44,26],[-42,37],[-76,-10],[-18,35],[11,72],[-22,26],[-20,5],[-28,34],[2,29],[-22,14],[-19,30],[-259,4],[-267,-3],[-185,1],[-1,123],[-140,5],[-135,-3],[-417,-1],[-210,6],[-64,-2],[-59,-8],[-6,7],[-189,4],[-203,-3],[3,91],[111,-4],[27,17],[28,-5],[8,25],[-74,45],[-54,-1],[-20,18],[17,20],[-4,28],[-20,4],[-60,-24],[-23,4],[-47,38],[22,23],[-19,44],[49,13],[47,4],[-1,17],[-73,17],[-14,20],[4,26],[-27,13],[-45,-3],[-27,36],[33,25],[66,19],[-30,30],[-43,14],[-14,49],[-18,38],[-31,13],[-13,21],[-58,28],[-27,21],[-79,-24],[-137,-1],[-70,-7],[-27,17],[-35,-11],[-28,-25],[-43,57],[17,41],[37,25],[-46,22],[-52,-2],[-69,10],[-41,-5],[-69,18],[-18,31],[-96,-15],[-50,31],[-86,13],[-13,-13],[-61,-26],[-89,-18],[-5,28],[-38,7],[-49,41],[-4,13],[-45,30],[-11,17],[-48,8],[-15,31],[-61,34],[-34,34],[-7,57],[-11,34],[4,23],[-20,22],[-2,24],[-51,33],[-31,7],[-29,-17],[-41,-3],[-67,10],[-26,-22],[4,-24],[-22,-27],[-18,5],[-34,-18],[-22,-38]],[[15816,44268],[-58,-16],[-3,23],[-21,28],[28,5],[-12,33],[-62,17],[19,16],[8,30],[-26,20],[6,22],[-20,29],[-33,3],[-29,36],[27,32],[-20,13],[3,74],[-22,-6],[-12,28],[6,29],[-10,71],[56,8],[-10,22],[26,39],[-45,24],[20,34],[45,32],[5,23],[35,11],[4,23],[28,16],[33,2],[4,35],[31,32],[-14,22],[27,10],[-23,66],[47,15],[-26,16],[40,24],[-19,37],[24,14],[-16,46],[26,29],[0,30],[-31,6],[-8,59],[11,43],[-29,19],[11,55],[-26,15],[9,17],[-23,109],[23,29],[-44,32],[6,26],[-25,53],[11,21],[-28,34],[15,29],[22,6],[-8,35],[2,39],[19,7],[21,31],[-12,43],[24,43],[-29,24],[32,22],[18,44],[-25,20],[37,52],[34,19],[-37,14],[20,36],[20,9],[4,38],[-41,8],[14,31],[46,-27],[15,13],[-17,32],[-26,2],[7,28],[36,-5],[-10,46],[-25,16],[5,41],[38,-28],[9,26],[-13,21],[-28,1],[-5,45],[-28,4],[27,96],[-24,69],[43,41],[-4,34],[17,30],[-10,29],[60,7],[9,48],[-16,28],[45,2],[4,63],[-16,10],[26,63],[8,43],[-27,24]],[[22749,33550],[15,10],[94,1],[13,6],[128,-1]],[[22999,33566],[10,-45],[37,-69],[17,-42],[17,-16],[-47,-25],[-11,-20],[29,-10],[4,-28]],[[23055,33311],[12,-27],[-7,-35],[-29,-17],[16,-34],[-1,-24]],[[23046,33174],[-45,-14]],[[23001,33160],[-25,75],[-18,19],[-60,27]],[[22898,33281],[-12,42],[-6,60],[-46,48],[-35,69],[-50,50]],[[32474,28639],[-5,-15],[-1,-188],[176,1],[51,18],[36,2],[33,29],[53,73],[21,18],[8,29],[7,86],[98,19],[22,-8],[60,-51],[36,75],[14,82],[-3,121],[147,14],[58,-6],[17,-14],[56,14],[31,-9],[125,-17],[60,-4],[37,-14],[28,19],[3,41],[44,32],[31,-9],[69,0],[113,-13],[126,-19]],[[34025,28945],[30,-137],[159,-962],[27,-265],[0,-26],[-16,-70],[19,-126],[-1,-157],[2,-37],[-27,-65],[-12,-58]],[[34206,27042],[-87,1],[-1,-98],[-207,1],[-248,-3],[-121,0],[0,-61],[-44,-16],[-95,-2],[-401,2],[-68,8],[-50,-1],[-1,65],[-221,-7]],[[32662,26931],[-183,1],[-2,245],[-126,-2],[-1,133],[-24,-4],[-57,9],[-336,3],[3,237],[-239,-2],[-168,1],[-298,6],[-132,1],[3,231],[-81,-1]],[[31021,27789],[-15,31],[-1,64],[19,20],[-11,41],[47,45],[-4,19],[17,59],[3,36],[-20,65],[19,0],[-1,123],[-39,-1],[16,56],[20,48],[38,-31],[28,-48],[32,-71],[25,1],[67,27],[51,37],[60,16],[26,21],[71,27],[64,3],[27,-9],[44,-38],[54,27],[28,0],[98,-28],[11,-14],[30,4],[14,-21],[21,-5],[6,-36],[72,-5],[36,27],[34,-4],[20,21],[26,-9],[5,-26],[54,9],[35,-13],[51,76],[30,77],[22,27],[59,40],[143,135],[21,27]],[[34206,27042],[103,-1],[2,-20],[126,-15],[10,-18],[47,12],[60,-5],[19,14],[79,12],[-4,77],[34,42],[45,0],[7,-31],[161,3],[50,9],[13,-8],[162,4],[9,4],[61,-32],[112,2],[22,16],[26,-17],[28,16],[37,-23],[53,6],[17,-69],[-4,-49],[19,-1],[48,31],[77,2],[-11,63],[64,1],[7,-33],[57,-28],[25,3],[33,-27],[45,2],[32,-40],[35,-79]],[[35912,26865],[-1,-379],[1,-111],[-2,-128]],[[35910,26247],[-209,-1],[-138,5],[-113,7],[-209,-3],[-213,-11],[-717,1],[-1,-51],[-765,2],[0,43],[-133,-1],[-96,4]],[[33316,26242],[-758,603],[56,10],[1,37],[47,39]],[[29388,35966],[28,0],[66,42],[122,96],[68,71],[3,39],[13,21],[64,15],[60,60],[32,48],[39,39],[68,82],[70,66],[47,30],[33,52],[76,52],[61,79],[25,54],[26,7],[49,40],[36,40],[40,33],[31,45],[11,35],[34,58],[135,147],[37,66],[30,39],[47,92],[3,20],[40,65],[21,20],[62,99],[52,53],[36,26],[70,33],[44,48],[-1,91],[9,39],[141,373],[4,30],[-50,2],[-35,11],[-24,17],[-27,78],[-39,13],[-8,19],[-35,6],[-30,90],[-4,72],[36,72],[16,96],[9,39],[153,418],[28,35],[65,68],[47,41],[27,47],[152,564],[-3,67],[-84,233],[-112,352],[-9,44]],[[31293,40695],[122,-2],[21,26],[18,53],[-13,63],[18,51],[-6,58],[144,1],[131,-3]],[[31728,40942],[14,0],[-3,-251],[162,5],[2,-141],[-5,-15],[4,-80],[791,2]],[[32693,40462],[52,-72],[-27,-72],[-63,-106],[-39,2],[-30,-25],[-15,-54],[-52,-45],[424,0],[59,-3],[135,-59],[117,-57],[400,-180],[21,24],[54,43],[31,16],[38,140],[36,17],[83,5],[9,-95],[-3,-69],[-7,-63],[-2,-345],[34,-27],[10,-67],[-4,-38],[65,-2],[28,29],[15,0],[19,-45],[36,1],[60,48],[36,-18],[55,0],[-3,43],[-16,25],[-21,-4],[-25,69],[59,12],[88,10],[20,-12],[-2,-31],[26,-11],[-4,-31],[46,17],[1,-36],[20,-23],[21,-47],[26,34],[-4,43],[10,31],[54,1],[34,32],[34,-20],[38,0],[-2,-27],[-44,-61],[9,-52],[-38,-49],[-31,-69],[-47,-47],[-2,-77],[-65,-75],[-14,-41],[-15,-8],[-3,-193],[347,5],[45,0]],[[34810,38753],[0,-545],[0,-1015]],[[34810,37193],[0,-123],[-84,-4],[-138,9],[-655,-1],[-27,-3],[-150,5],[-4,-375],[165,0],[4,-73],[-9,-165],[-160,9],[-125,4],[-132,-1],[-3,99],[-116,3],[-354,1],[-216,-7],[1,-436],[195,-54],[1,-125]],[[33003,35956],[-886,2],[-18,-3],[-851,6],[-53,7],[-727,-5],[-175,6],[-705,-3],[0,-170],[-200,0]],[[29388,35796],[0,170]],[[34810,21503],[14,23],[16,59],[31,67],[13,83],[13,17],[-1,150],[10,21],[5,50],[27,71],[60,18],[-1,-76],[15,-45],[47,-56],[9,-31],[25,-35]],[[35093,21819],[-9,-16],[-13,-87],[5,-146],[-8,-81],[-10,-19],[-75,-61],[-48,-57],[-125,-233]],[[34810,21119],[0,384]],[[30847,26603],[76,0],[14,-44],[24,-4],[14,-35],[92,-28],[-21,-39],[-37,-32],[24,-12],[-5,-92],[-29,-27]],[[30999,26290],[1,-5],[-120,-32],[-52,10],[-45,37],[-124,197],[67,48],[121,58]],[[23513,17826],[0,-62]],[[23513,17764],[0,-63]],[[23513,17701],[-125,1]],[[23388,17702],[0,124]],[[22618,13290],[1,125]],[[22619,13415],[241,0]],[[22860,13415],[-3,-376],[126,0],[0,-25]],[[22983,13014],[-29,-22],[-36,15],[-40,-20],[-16,-22],[-28,-12],[-50,-8],[-22,-38],[-23,-14],[-66,8],[-47,-7]],[[22626,12894],[-10,157],[2,239]],[[22113,13666],[1,128]],[[22114,13794],[251,1]],[[22365,13795],[-2,-255]],[[22363,13540],[-252,0]],[[22111,13540],[2,126]],[[22363,13540],[-1,-126]],[[22362,13414],[-125,0]],[[22237,13414],[-126,0]],[[22111,13414],[0,126]],[[22362,13414],[257,1]],[[22618,13290],[-258,-1]],[[22360,13289],[2,125]],[[22111,13289],[125,0]],[[22236,13289],[124,0]],[[22360,13289],[0,-385]],[[22360,12904],[-32,-10],[-57,-34],[-65,-15],[-95,0]],[[22111,12845],[-1,380],[-62,0],[0,63],[44,7],[19,-6]],[[22237,13414],[-1,-125]],[[22111,13289],[0,125]],[[23765,15969],[8,-5],[287,1],[95,-125],[39,-135],[22,-63],[259,197],[13,0],[38,-96],[11,-39],[24,-31],[12,-80],[18,-38],[27,-83],[41,-13],[-1,-119]],[[24658,15340],[-372,1]],[[24286,15341],[-217,-1]],[[24069,15340],[-111,131],[-89,117]],[[23869,15588],[-103,126]],[[23766,15714],[-201,251]],[[23565,15965],[196,0],[4,4]],[[28735,7258],[124,0]],[[28859,7258],[0,-124]],[[28859,7134],[-123,-1],[-1,125]],[[28734,8007],[2,-119]],[[28736,7888],[-27,0],[-27,-15]],[[28682,7873],[-21,15],[-37,8],[-60,40],[-28,61],[-28,40],[-19,13]],[[28489,8050],[31,5],[53,-28],[59,-4],[26,-11],[76,-5]],[[28734,8007],[39,-5],[74,-22]],[[28847,7980],[20,-37],[16,-7]],[[28883,7936],[-23,-26],[0,-22]],[[28860,7888],[-124,0]],[[28860,7888],[-1,-68],[31,0],[0,-62]],[[28890,7758],[-31,0]],[[28859,7758],[-94,0]],[[28765,7758],[-83,115]],[[27992,8072],[0,103]],[[27992,8175],[29,-20],[54,8],[30,-5],[19,-22],[7,-62]],[[28131,8074],[-16,-1]],[[28115,8073],[-61,0],[-1,-126]],[[28053,7947],[-61,0]],[[27992,7947],[0,125]],[[28131,8074],[42,-13],[64,11]],[[28237,8072],[0,-60]],[[28237,8012],[-122,-2]],[[28115,8010],[0,63]],[[28115,7963],[0,47]],[[28237,8012],[1,-63]],[[28238,7949],[-123,-1],[0,15]],[[28238,7949],[0,-31]],[[28238,7918],[-123,-2],[-31,4]],[[28084,7920],[0,35],[31,8]],[[28613,7321],[123,0]],[[28736,7321],[-1,-63]],[[28735,7258],[-108,1],[-14,31]],[[28613,7290],[0,31]],[[28859,7383],[98,-1]],[[28957,7382],[27,-23],[47,-27],[5,-63],[10,-14]],[[29046,7255],[-65,2]],[[28981,7257],[0,62],[-122,1]],[[28859,7320],[0,63]],[[28736,7321],[123,-1]],[[28859,7320],[0,-62]],[[29105,7631],[124,0]],[[29229,7631],[0,-124]],[[29229,7507],[-124,0]],[[29105,7507],[0,124]],[[29229,7757],[374,0]],[[29603,7757],[0,-125],[-124,0]],[[29479,7632],[-127,-2],[0,-124],[-123,1]],[[29229,7631],[0,126]],[[29106,7757],[123,0]],[[29105,7631],[1,126]],[[28883,7936],[70,-46],[72,-21],[26,8]],[[29051,7877],[-8,-58],[52,0],[10,-11],[1,-51]],[[29106,7757],[-124,0]],[[28982,7757],[0,70],[-36,41],[-40,21],[-46,-1]],[[29105,7631],[-123,1]],[[28982,7632],[0,125]],[[29105,7507],[-71,0]],[[29034,7507],[-52,0]],[[28982,7507],[0,125]],[[29233,8267],[124,0]],[[29357,8267],[-2,-126],[1,-163],[-34,-19],[-53,-69]],[[29269,7890],[-36,-24]],[[29233,7866],[-3,259]],[[29230,8125],[3,142]],[[28982,7757],[-45,0]],[[28937,7757],[-47,1]],[[29006,7382],[100,0]],[[29106,7382],[0,-144]],[[29106,7238],[-60,17]],[[28957,7382],[49,0]],[[29106,7382],[123,0],[0,-125]],[[29229,7257],[-1,-86]],[[29228,7171],[-49,44],[-35,23],[-38,0]],[[28859,7258],[122,-1]],[[29228,7171],[0,-7]],[[29228,7164],[1,-33],[-123,2]],[[29106,7133],[-247,1]],[[27995,7074],[0,63]],[[27995,7137],[57,-1],[4,-10],[0,-114]],[[28056,7012],[-62,-1]],[[27994,7011],[1,63]],[[29109,8267],[124,0]],[[29230,8125],[-49,-31],[-62,-53]],[[29119,8041],[-10,29],[0,197]],[[27132,7227],[86,28],[49,6],[142,-11],[92,12]],[[27501,7262],[61,0]],[[27562,7262],[3,-35],[-22,-50],[-9,-74]],[[27534,7103],[-86,-4],[-47,2]],[[27401,7101],[-33,5],[-61,27],[-175,0]],[[27132,7133],[0,94]],[[27269,6883],[109,0]],[[27378,6883],[-2,-124],[-122,-2]],[[27254,6757],[20,54],[-5,72]],[[28242,7088],[63,-42],[32,-31],[25,-40],[38,-87]],[[28400,6888],[-33,1]],[[28367,6889],[-9,19],[-116,88]],[[28242,6996],[0,92]],[[27247,8756],[-1,-122]],[[27246,8634],[-117,0]],[[27129,8634],[0,123],[118,-1]],[[27107,8634],[22,0]],[[27246,8634],[45,-1]],[[27291,8633],[21,0]],[[27312,8633],[4,-122]],[[27316,8511],[-1,-106]],[[27315,8405],[-20,8],[-20,30],[-22,0]],[[27253,8443],[-33,58],[-30,40],[-83,93]],[[27494,8756],[123,0]],[[27617,8756],[151,0]],[[27768,8756],[-19,-126]],[[27749,8630],[-255,1]],[[27494,8631],[-1,81]],[[27493,8712],[1,44]],[[27312,8633],[61,-1]],[[27373,8632],[3,-122]],[[27376,8510],[-60,1]],[[27128,9132],[119,-3]],[[27247,9129],[-1,-124]],[[27246,9005],[-118,2]],[[27128,9007],[-122,0]],[[27006,9007],[1,123],[121,2]],[[27247,9129],[123,1]],[[27370,9130],[1,-187]],[[27371,8943],[-125,0]],[[27246,8943],[0,62]],[[27370,9130],[123,0]],[[27493,9130],[0,-187]],[[27493,8943],[-122,0]],[[26845,7381],[40,5],[0,58],[124,0],[7,-29],[43,-82],[-4,-15],[-38,0],[-28,-42]],[[26989,7276],[-144,105]],[[27500,7512],[88,0],[47,-13]],[[27635,7499],[-23,-49]],[[27612,7450],[-13,-23],[-8,-59],[-26,-47],[-3,-59]],[[27501,7262],[-1,250]],[[27324,7882],[19,6],[95,0]],[[27438,7888],[0,-100],[-8,-27]],[[27430,7761],[-103,0],[-34,14],[-2,37],[22,20],[11,50]],[[27438,7888],[50,0]],[[27488,7888],[68,-130]],[[27556,7758],[-126,3]],[[27749,8630],[3,-41],[17,-83]],[[27769,8506],[-14,4],[-135,0]],[[27620,8510],[-122,0]],[[27498,8510],[-5,50],[1,71]],[[27620,8510],[0,-80]],[[27620,8430],[1,-168]],[[27621,8262],[-30,21],[-37,13],[-55,40]],[[27499,8336],[-1,174]],[[27769,8506],[-6,-44],[-20,-47]],[[27743,8415],[-30,13],[-93,2]],[[27743,8415],[0,-127]],[[27743,8288],[0,-27]],[[27743,8261],[-44,4],[-34,-17],[-44,14]],[[27378,6883],[64,1]],[[27442,6884],[3,-248],[-190,-6]],[[27255,6630],[-1,127]],[[27128,9132],[1,122],[117,0],[1,120]],[[27247,9374],[124,0]],[[27371,9374],[121,1]],[[27492,9375],[1,-121]],[[27493,9254],[0,-124]],[[27492,9375],[269,0],[105,5]],[[27866,9380],[0,-125]],[[27866,9255],[-157,-1],[-216,0]],[[28239,8630],[250,3]],[[28489,8633],[-4,-122]],[[28485,8511],[-126,-4]],[[28359,8507],[-122,-1]],[[28237,8506],[2,124]],[[34677,24436],[47,21]],[[34724,24457],[35,-36],[13,17],[47,9],[26,-14],[55,21],[11,-17],[29,1],[1,-36],[-10,-14],[84,-6]],[[35015,24382],[-1,-106],[-6,-79],[10,-13]],[[35018,24184],[-40,-6],[-2,-31],[-21,1],[-12,-38]],[[34943,24110],[-85,33],[-30,2],[-28,-13],[-33,33],[-35,8],[5,42],[-27,37],[3,30],[25,13],[-13,31],[-42,26],[5,39],[12,21],[-23,24]],[[28485,8511],[4,-126]],[[28489,8385],[-127,-2]],[[28362,8383],[-3,124]],[[27591,8135],[31,-1]],[[27622,8134],[60,-1],[0,-48]],[[27682,8085],[1,-108]],[[27683,7977],[-61,1],[-1,31]],[[27621,8009],[1,63],[-31,1],[0,62]],[[27315,8405],[41,-4],[75,-44],[68,-21]],[[27499,8336],[-1,-73],[-126,-2]],[[27372,8261],[-40,51],[-79,131]],[[27743,8261],[1,-97]],[[27744,8164],[0,-63]],[[27744,8101],[0,-17],[-62,1]],[[27622,8134],[-1,64]],[[27621,8198],[0,64]],[[27591,8135],[-30,17],[-61,2]],[[27500,8154],[-1,46],[122,-2]],[[27376,8510],[122,0]],[[27493,8905],[23,38]],[[27516,8943],[44,-8],[23,-41],[34,-13]],[[27617,8881],[0,-125]],[[27494,8756],[-1,149]],[[27617,8881],[23,-2],[166,2]],[[27806,8881],[-27,-76],[-11,-49]],[[27488,7888],[196,-4]],[[27684,7884],[30,0]],[[27714,7884],[0,-101]],[[27714,7783],[-12,-24]],[[27702,7759],[-146,-1]],[[27714,7884],[31,0]],[[27745,7884],[75,1]],[[27820,7885],[-9,-21],[1,-81]],[[27812,7783],[-34,0]],[[27778,7783],[-64,0]],[[27820,7885],[30,16],[0,47]],[[27850,7948],[48,-1]],[[27898,7947],[0,-174]],[[27898,7773],[-9,-1]],[[27889,7772],[-22,0]],[[27867,7772],[0,12],[-55,-1]],[[27493,8943],[23,0]],[[27493,8905],[-13,-10],[-32,-58],[-13,-57],[-37,-49]],[[27398,8731],[-67,68],[-38,19],[-46,0]],[[27247,8818],[-1,125]],[[27247,8756],[0,62]],[[27398,8731],[-27,-31],[-56,-40],[-24,-27]],[[27493,8712],[-70,5],[-16,7],[-34,-34],[0,-58]],[[27494,8631],[-121,1]],[[28488,7979],[1,65]],[[28489,8044],[0,6]],[[28682,7873],[-11,-7]],[[28671,7866],[-30,21],[-154,1]],[[28487,7888],[1,91]],[[28485,7825],[132,-2]],[[28617,7823],[-4,-63]],[[28613,7760],[-1,-60]],[[28612,7700],[-126,1]],[[28486,7701],[-1,124]],[[28362,7825],[92,0]],[[28454,7825],[31,0]],[[28486,7701],[-62,0]],[[28424,7701],[0,54],[-62,-2]],[[28362,7753],[0,72]],[[28486,7701],[2,-125]],[[28488,7576],[-61,0]],[[28427,7576],[-1,62],[-46,-1],[-16,15]],[[28364,7652],[0,48],[60,1]],[[28613,7635],[122,-2]],[[28735,7633],[0,-125]],[[28735,7508],[-21,0]],[[28714,7508],[-102,2]],[[28612,7510],[0,49]],[[28612,7559],[1,76]],[[28240,7653],[31,-11],[68,4],[25,6]],[[28427,7576],[-4,-28],[-59,0]],[[28364,7548],[-62,-1],[0,-26]],[[28302,7521],[-63,0]],[[28239,7521],[1,132]],[[28488,7576],[0,-20],[124,3]],[[28612,7510],[-61,2]],[[28551,7512],[-62,-1],[-1,-62],[-31,0]],[[28457,7449],[-6,41],[-25,22],[-62,0],[0,36]],[[28612,7510],[1,-125]],[[28613,7385],[-63,1]],[[28550,7386],[1,126]],[[27817,7010],[50,1]],[[27867,7011],[36,-16],[59,0]],[[27962,6995],[0,-109]],[[27962,6886],[-95,-1]],[[27867,6885],[-50,1]],[[27817,6886],[0,124]],[[27748,7011],[69,-1]],[[27817,6886],[-71,-1]],[[27746,6885],[2,126]],[[27778,7783],[12,-48]],[[27790,7735],[-5,-56]],[[27785,7679],[-22,-30]],[[27763,7649],[-10,41],[-39,14]],[[27714,7704],[-12,55]],[[27714,7704],[-39,4],[-82,-8]],[[27593,7700],[-37,58]],[[27867,6885],[2,-125]],[[27869,6760],[-122,-2]],[[27747,6758],[-1,127]],[[27748,7253],[57,1],[3,-117]],[[27808,7137],[-60,-1]],[[27748,7136],[0,117]],[[27711,7137],[37,-1]],[[27808,7137],[58,0]],[[27866,7137],[0,-63]],[[27866,7074],[1,-63]],[[27748,7011],[0,63],[-37,-1],[0,64]],[[27638,7136],[73,1]],[[27748,7011],[-119,0]],[[27629,7011],[18,45],[-9,80]],[[27627,7007],[2,4]],[[27746,6885],[-107,-1]],[[27639,6884],[-4,45],[-10,24]],[[27625,6953],[14,19],[-12,35]],[[27747,6758],[-103,1]],[[27644,6759],[-22,45],[28,39],[-11,41]],[[28714,7508],[21,-24],[0,-101]],[[28735,7383],[-122,2]],[[28735,7633],[83,-1]],[[28818,7632],[7,-47],[23,-77]],[[28848,7508],[-51,0]],[[28797,7508],[-62,0]],[[27898,7947],[83,0]],[[27981,7947],[1,-132],[9,-22]],[[27991,7793],[-21,-20]],[[27970,7773],[-72,0]],[[27981,7947],[11,0]],[[28053,7947],[0,-31]],[[28053,7916],[0,-47],[61,1],[1,-46]],[[28115,7824],[-62,-5],[0,-26],[-62,0]],[[28084,7920],[-31,-4]],[[35910,26247],[2,-370],[-3,-526]],[[35909,25351],[-795,-165],[-45,-9],[-180,-17],[-175,-30],[-30,-9]],[[34684,25121],[-40,123],[-259,-1]],[[34385,25243],[-44,-4],[-21,6],[-50,-4],[-14,16],[-59,-17],[-57,0]],[[34140,25240],[-16,52],[-27,28],[-39,25],[18,19],[0,62],[-13,113],[-21,84],[-23,25],[-45,25],[-4,73],[-15,19],[-62,36],[-26,1],[-68,58],[-77,33],[2,30],[-19,9],[-118,94],[-58,49]],[[33529,26075],[-97,74],[-116,93]],[[34390,24983],[13,11]],[[34403,24994],[4,-3],[189,2],[0,32],[36,1],[4,-31],[-13,-42],[-1,-49],[-20,-83],[6,-64],[57,-81],[33,-89],[6,-84],[20,-46]],[[34677,24436],[-41,60],[-67,51],[1,23],[-21,34],[-30,9],[-7,53],[-89,-30],[-42,-41],[-52,-7],[-41,-33],[-15,0],[-19,31],[6,32],[-31,49]],[[34229,24667],[51,83],[14,57],[34,91],[33,54],[29,31]],[[35909,25351],[-4,-858],[-2,-390]],[[35903,24103],[-45,16],[-46,2],[-69,17],[-52,40],[-34,-1],[-65,-48],[-28,-12]],[[35564,24117],[-73,-17],[-22,-16],[-30,9],[-36,-12],[-37,3],[-85,-40],[-2,-51]],[[35279,23993],[-57,10]],[[35222,24003],[-11,11],[-53,94],[-50,62],[-20,10],[-70,4]],[[35015,24382],[2,115],[-11,33],[-25,23],[-82,35],[-34,25],[-22,35],[-114,344],[-43,88],[-2,41]],[[35222,24003],[-32,-5],[-18,-35],[-33,5],[-5,26],[-118,-1],[0,93],[-61,0]],[[34955,24086],[-12,24]],[[27747,7479],[89,1]],[[27836,7480],[32,0]],[[27868,7480],[-5,-148]],[[27863,7332],[-83,22],[-32,0]],[[27748,7354],[-1,125]],[[27863,7332],[2,-5]],[[27865,7327],[1,-190]],[[27748,7253],[0,71],[-32,0],[0,31],[32,-1]],[[27612,7450],[63,-2]],[[27675,7448],[-1,-61],[-7,-40],[5,-43],[-15,-42]],[[27657,7262],[-95,0]],[[27657,7262],[-9,-33],[9,-35],[-8,-31]],[[27649,7163],[-74,-32],[-18,-27],[-23,-1]],[[27649,7163],[-11,-27]],[[27627,7007],[-125,2]],[[27502,7009],[-11,0]],[[27491,7009],[31,41],[12,53]],[[27744,8101],[108,1]],[[27852,8102],[-3,-31]],[[27849,8071],[-31,0],[1,-62],[-74,-1],[0,-30]],[[27745,7978],[0,-1]],[[27745,7977],[-62,0]],[[27852,8102],[15,32],[63,0]],[[27930,8134],[0,-62]],[[27930,8072],[0,-63],[-31,0],[-1,-62]],[[27850,7948],[0,31]],[[27850,7979],[-1,92]],[[27934,8202],[18,-1],[40,-26]],[[27992,8072],[-62,0]],[[27930,8134],[-1,32]],[[27929,8166],[5,36]],[[33075,1909],[239,0],[129,-25]],[[33139,1534],[-185,-1]],[[32954,1533],[0,252]],[[33443,2514],[43,-71],[23,18],[20,49],[1,48]],[[33530,2558],[27,-50],[19,-5],[50,-52],[-28,-33],[52,-60],[23,-6],[23,14],[22,-22],[28,-56],[9,-81],[25,-68]],[[33780,2139],[48,-73],[1,-54],[-12,-70],[20,-46]],[[32832,2036],[-1,60],[121,3],[2,61],[123,1],[-2,60],[121,-1],[3,63],[123,3],[1,128],[121,-2],[-1,102]],[[31569,1966],[50,2],[49,10],[78,-16],[44,16],[157,40],[19,-16],[71,-22],[24,-19],[35,-47],[36,-13],[22,15],[51,0],[31,-36],[66,-13],[25,-15],[157,30],[42,-10],[73,31]],[[32698,1698],[21,-22]],[[32719,1676],[130,-137]],[[32849,1539],[-141,-208]],[[32708,1331],[-82,-122],[-35,-25],[-9,11],[-51,-52],[-77,-19],[-18,-22],[-25,1],[-30,-31],[8,-40],[-16,-39],[8,-19],[-37,-42],[15,-44],[-25,-11],[-32,11],[-64,-10],[-72,14],[-45,48],[-40,57],[-20,18],[-23,-3],[-29,27],[-7,47],[19,24],[5,29],[-5,54],[-13,38],[-48,21],[15,31],[2,29],[-43,19],[-44,5],[-26,38],[-20,1],[-62,62],[10,21],[-9,30],[9,36],[27,28],[-30,50],[-62,31],[-15,31],[-27,21],[5,16],[-39,57],[-3,31],[-29,10],[-43,53],[-8,20],[9,36],[-8,58]],[[31569,1966],[16,400],[178,24],[90,14],[207,24],[319,45],[53,-1],[1,128],[30,1],[1,68],[94,1],[2,94],[19,7]],[[32579,2771],[200,69],[-5,17],[123,0],[0,63],[186,1],[0,127],[244,-3],[1,-375],[-8,-68],[112,-1],[11,-87]],[[32310,5429],[100,32],[42,30],[90,46],[37,11],[86,3],[59,-28],[53,-47],[31,-19],[63,-20]],[[32871,5437],[28,-64],[-28,-36],[17,-40],[-95,0],[-32,-31],[-40,-1],[-3,32],[-62,-1],[-1,31],[-90,0],[-3,-30],[-136,-3],[-80,3]],[[32346,5297],[-7,43],[-29,89]],[[31555,8662],[-1,745]],[[31554,9407],[738,0],[0,-10],[654,1],[789,1],[149,1]],[[34441,6436],[-36,-22],[-31,-28],[-106,-122],[-66,-85],[-39,-57],[-68,-63],[-20,-27],[-57,-104],[-27,-32],[-72,-59],[-52,-25],[-438,-191],[-59,-20],[-194,-57],[-26,-11],[-67,-49],[-63,-33],[-83,-16],[-66,2]],[[32310,5429],[-48,-11],[-664,-4],[-46,4]],[[31552,5418],[0,3]],[[31552,5421],[-1,249],[-1,749],[12,0],[17,731],[-1,764],[-23,0],[0,748]],[[39510,41030],[97,25],[29,-8],[13,13],[46,-1],[36,23],[66,17],[11,16],[26,0],[26,15],[30,-1],[64,-23],[86,19],[38,-22],[54,-13],[59,11],[14,-6],[43,34],[45,10],[11,30],[18,-5],[34,68],[29,26],[41,16],[24,-1],[23,29],[104,-4],[38,13],[22,-7],[-5,-33],[33,-23],[33,7],[23,-27],[41,-17],[53,8],[66,-48],[-4,-27],[79,-4],[17,27],[32,22],[87,43],[15,17],[40,19],[48,-15],[22,6],[35,43],[63,12],[23,24],[61,40],[21,-21],[42,-2],[28,-26],[33,-12],[51,19],[60,-18],[48,-22],[28,5]],[[41710,41301],[0,-581],[1,-1008],[0,-732],[-6,-585],[0,-162],[4,-119],[0,-642]],[[41709,37472],[-38,-14],[-33,5],[-41,-11],[-61,-32],[-24,2],[-21,-44],[-34,8],[-14,65],[-16,19],[-30,73],[-40,29],[-62,9],[-19,16],[-70,3],[-23,34],[-88,25],[-42,-11],[-28,5],[-70,-5],[-30,10],[-13,29],[16,13],[66,-24],[33,4],[35,46],[-44,-6],[-26,23],[-112,6],[-17,-6],[-17,32],[45,13],[102,6],[10,19],[60,45],[40,49],[48,32],[8,17],[107,70],[3,16],[32,6],[24,-7],[28,86],[-62,64],[-53,8],[-14,17],[-36,1],[-33,-10],[-74,-58],[-37,-5],[-56,-32],[-74,-34],[-82,-10],[-16,-12],[-68,57],[-39,9],[-85,3]],[[40624,38125],[-8,49],[17,188],[-31,177],[-20,44],[-49,65],[-6,27],[5,50],[13,60],[16,179],[16,55],[-31,-9],[-55,11],[-62,43],[-22,9],[-46,40],[-33,14],[-73,72],[-50,5]],[[40205,39204],[28,43],[13,34],[-2,31],[22,21],[16,37],[19,16],[11,31],[-9,43],[26,16],[4,19],[43,60],[-14,45],[6,33],[15,17],[-2,31],[27,11],[30,52],[-7,46],[15,12],[-25,35],[-10,36],[-16,19],[-42,70],[-33,-7],[-10,34],[-23,11],[-3,32],[-71,71],[4,67],[-9,32],[11,34],[-8,30],[17,28],[-41,5],[-9,-18],[-38,-4],[-36,-19],[-80,-1],[-13,57],[-48,55],[-8,38],[15,13],[-6,44],[-38,22],[-32,45],[-23,47],[-6,63],[12,56],[-27,19],[3,19],[-27,44],[-37,-2],[-33,16],[-19,26],[-34,22],[-11,42],[-46,28],[-26,-4],[-37,50],[-21,-13],[-21,23]],[[39541,40967],[-10,17],[-38,24],[17,22]],[[35564,24117],[-7,-19],[20,-102],[24,-27],[-2,-54],[-15,-23],[-41,-15],[20,-47],[-19,-34],[-47,20],[-38,-4]],[[35459,23812],[-46,125],[-29,29],[-64,25],[-41,2]],[[35903,24103],[0,-110],[-70,-1],[-1,-144]],[[35832,23848],[-45,-5],[-69,-34],[-61,-1],[-27,-35],[-36,-16],[-29,-1],[-58,34],[-40,2]],[[35467,23792],[-8,20]],[[35467,23792],[-46,-5],[-40,8],[-63,29],[-29,32],[-32,9],[-45,30],[-49,1],[-22,-10],[-34,1],[-47,-29],[-24,-4],[-60,61],[17,46],[-23,92],[-15,33]],[[34435,25017],[90,58],[74,19],[85,27]],[[34403,24994],[32,23]],[[34385,25243],[1,-165],[40,-30],[9,-31]],[[34390,24983],[-20,18],[-58,22],[-32,31],[-73,40],[-20,24],[-30,62]],[[34157,25180],[-17,60]],[[34157,25180],[-14,-31],[-34,-36],[-55,-35],[-15,1],[-36,-24],[-53,1],[-51,-74],[-57,-24],[-4,-26],[-34,-36],[-24,-53],[4,-27],[-29,-14]],[[33755,24802],[-24,13],[-61,4],[-6,35],[-27,10],[0,62],[-57,40],[-118,-8],[-37,40],[-4,37],[-33,20],[-41,5],[-7,-34],[-28,-14],[-62,-5],[-41,-30],[-41,-47],[-21,-36]],[[33147,24894],[-25,41],[-2,26],[-16,44],[-17,70],[15,72],[26,89],[-19,38],[5,44],[35,63],[-4,27],[21,18],[-9,17],[-14,123],[32,62],[28,36],[2,50],[42,25],[-3,24],[37,100],[29,25],[93,63],[74,59],[52,65]],[[34229,24667],[-42,54],[-24,-2],[-36,-26],[-40,-13],[-14,-26],[-42,-8],[-20,33],[-19,10],[-21,54],[-47,-7],[-18,7],[-75,4],[-76,55]],[[27912,7646],[70,0],[0,11]],[[27982,7657],[53,5],[19,-15]],[[28054,7647],[0,-17],[31,-7],[31,6],[0,-109]],[[28116,7520],[-93,0],[0,23],[-30,0]],[[27993,7543],[-32,14],[1,37],[-42,18],[-8,34]],[[23888,17827],[0,-128],[-7,0]],[[23881,17699],[-118,2]],[[23763,17701],[-125,1]],[[23638,17702],[0,62]],[[23638,17764],[0,62]],[[28115,7824],[0,-78]],[[28115,7746],[0,-43],[-62,0],[1,-56]],[[27982,7657],[9,34],[0,52],[-21,30]],[[28116,7520],[0,-8],[123,1]],[[28239,7513],[2,-93]],[[28241,7420],[-9,-18],[-40,-33],[-18,6],[-57,0],[-4,14],[-100,73],[-22,0]],[[27991,7462],[-28,39]],[[27963,7501],[30,16],[0,26]],[[28550,7386],[-62,0],[0,32],[-65,0]],[[28423,7418],[0,32],[34,-1]],[[28616,8386],[57,1]],[[28673,8387],[38,0]],[[28711,8387],[34,-92],[8,-94],[11,-55]],[[28764,8146],[0,-35],[-16,-37]],[[28748,8074],[-94,1],[-42,11],[-3,52],[11,5],[16,44],[-9,58],[-14,16]],[[28613,8261],[-12,36],[15,89]],[[28241,7420],[2,-157]],[[28243,7263],[-11,-21],[-44,21],[-201,-1]],[[27987,7262],[7,30],[1,157],[-4,13]],[[27735,10126],[368,-1]],[[28103,10125],[4,-43],[-26,-73],[7,-57],[-17,-41],[-6,-84],[3,-15],[-17,-126],[54,-1],[-34,-66],[-6,-29],[-1,-73]],[[28064,9517],[-36,8],[-64,120],[-16,67],[-34,21],[-29,-12],[-20,-47],[-36,-4]],[[27829,9670],[13,35],[-26,41],[14,23],[-42,68]],[[27788,9837],[-5,57],[-21,43],[13,24],[-6,46],[-13,24],[-3,70],[-18,25]],[[27749,8630],[269,2],[31,-12],[15,-18],[52,30],[30,0],[13,24],[4,39]],[[28163,8695],[72,-1],[4,-64]],[[28237,8506],[-139,0]],[[28098,8506],[-69,26],[-44,-26],[-118,2]],[[27867,8508],[-98,-2]],[[28367,6889],[-127,-1]],[[28240,6888],[2,108]],[[28115,7746],[34,-15],[44,0]],[[28193,7731],[0,-31],[46,0]],[[28239,7700],[1,-47]],[[28239,7521],[0,-8]],[[27051,6881],[15,0]],[[27066,6881],[59,0],[82,-7]],[[27207,6874],[62,9]],[[27255,6630],[-63,0]],[[27192,6630],[-1,66],[-31,-1],[0,31],[-31,-1],[2,124],[-33,0],[-1,-31],[-30,0],[0,-62],[-61,-1],[-1,94],[46,0],[0,32]],[[28362,8383],[-2,-115],[2,-135]],[[28362,8133],[-21,17],[-35,-30],[-40,-2],[-30,-15],[-71,7],[-13,40],[-81,35]],[[28071,8185],[51,61],[26,9],[19,24],[22,54],[40,47],[34,4],[99,-1]],[[28735,7383],[124,0]],[[28736,7321],[-1,62]],[[26007,8093],[34,17],[24,63],[16,27],[26,-2],[52,12],[50,0],[45,-36],[27,-7],[49,1],[51,19],[30,26],[11,69],[22,44],[11,66],[10,34],[-5,23],[20,47],[38,10],[28,22],[44,-5],[55,21],[3,-15],[52,2]],[[26700,8531],[33,2],[27,25],[0,76]],[[26760,8634],[38,0]],[[26798,8634],[185,-248],[-37,0],[0,-122],[25,-18],[29,16],[78,0],[106,-128]],[[27184,8134],[-52,-62],[0,-106],[10,-30],[-10,-62],[0,-116]],[[27132,7758],[-65,-50],[-73,-17],[-47,-27],[-69,-11],[-16,-22],[-231,0]],[[26631,7631],[-2,11],[-46,40],[-33,17],[-25,38],[-101,71],[-38,40],[-51,14],[-58,-11],[-25,14]],[[26252,7865],[-16,32],[-47,-2],[-81,48],[-75,78],[-29,64],[3,8]],[[27879,7646],[33,0]],[[27963,7501],[-13,-12],[-81,-1],[-1,-8]],[[27836,7480],[-1,98],[11,34]],[[27846,7612],[-15,31]],[[27831,7643],[48,3]],[[24702,6240],[62,24],[159,38],[22,8],[134,71],[38,6],[60,-8],[142,14]],[[25319,6393],[2,-20],[-24,-56],[-249,-439],[2,-105],[35,-14],[78,2],[1,-9],[133,0],[-3,-353],[15,-21],[116,1],[13,-20],[64,-7],[11,18],[33,10],[121,0],[0,31],[37,-29],[48,-18],[26,-2],[27,-17],[48,-8],[23,16],[56,17],[25,23],[-35,99],[55,38],[40,44],[-7,24],[12,50],[22,26],[-79,1],[-3,23],[59,13],[1,27]],[[26022,5738],[619,3],[38,2],[278,-2]],[[26957,5741],[-30,-34],[-14,-66],[9,-29],[-25,-96],[17,-41],[89,-60],[39,-39],[8,-31],[37,-55],[32,-37],[37,-175],[6,-38],[-10,-23],[-72,-18],[-66,-60],[-8,-15],[4,-88],[56,-61],[55,-44],[6,-30],[28,-55],[26,-27]],[[27181,4619],[-222,5]],[[27296,3660],[-41,-104],[-60,-107],[-29,-66]],[[27166,3383],[-43,-1],[-724,-2],[-2,-753],[2,-500],[-1,-130]],[[26398,1997],[0,-124],[10,-56],[-6,-190],[-144,-8],[-231,0],[-590,2],[-504,2],[1,-254],[5,-183],[-2,-70],[0,-311]],[[24937,805],[-686,260],[-150,57],[-530,201],[-490,184]],[[23081,1507],[0,363],[209,2],[-15,26],[-13,54],[-16,21],[-25,9],[-39,-16],[-40,25],[-4,18],[-31,11],[-35,-25],[-23,6],[-27,31],[-21,-4],[-27,13],[-7,30],[-31,25],[-16,-12],[-19,24],[-20,46],[12,20],[-18,35],[45,25],[1,33],[-46,45],[4,37],[19,29],[-5,53],[11,61],[18,22],[14,41],[42,36],[3,76],[-50,51],[22,42],[-5,48],[25,24],[-1,28],[32,50],[-5,31],[24,26],[-2,38],[-36,9],[-44,26],[3,23],[35,20],[7,35],[38,11],[25,32],[21,0],[25,25],[18,2],[58,63],[-7,26],[-28,26],[1,42],[-21,17],[13,70],[48,72],[50,18],[5,31],[27,26],[-12,20],[4,54],[22,25],[15,61],[-7,21],[16,27],[33,15],[-5,15],[13,51],[0,59],[25,13],[27,30],[-2,43],[-22,30],[10,55],[-5,19],[25,63],[22,30],[6,32],[-9,31],[18,19],[-16,33],[6,25],[29,29],[-14,57],[-68,103],[-19,1],[-35,35],[-38,19],[-25,34],[15,44],[-7,29],[20,17],[6,34],[-41,28],[-35,50],[170,1],[3,248],[119,-7],[124,-1],[-6,126],[3,128],[61,-2],[1,124],[7,124],[-65,1],[1,247],[109,2],[15,5],[213,1],[90,-4],[70,3],[1,123],[180,7],[37,-1],[210,19],[-1,130],[125,5],[117,9],[-1,120],[-92,2]],[[27743,8288],[124,-17]],[[27867,8271],[20,-17],[26,-3],[46,-20],[32,-30]],[[27991,8201],[51,-5],[29,-11]],[[28362,8133],[1,-65]],[[28363,8068],[-63,29]],[[28300,8097],[-18,0],[-45,-25]],[[27934,8202],[-76,19],[-57,2],[-58,38]],[[27620,4622],[2,88]],[[27622,4710],[0,42]],[[27622,4752],[1,121]],[[27623,4873],[68,-2]],[[27691,4871],[-57,-410],[-29,-90]],[[27605,4371],[-31,10]],[[27574,4381],[13,74],[15,43],[18,124]],[[27991,8201],[5,32],[25,29],[-10,21],[30,66],[30,81],[16,26],[11,50]],[[26948,8634],[159,0]],[[27372,8261],[80,-109]],[[27452,8152],[10,-14]],[[27462,8138],[-122,-1]],[[27340,8137],[-86,1]],[[27254,8138],[-70,-4]],[[26798,8634],[150,0]],[[27340,8137],[61,-78],[87,-171]],[[27324,7882],[-40,6],[-18,41],[8,84],[-21,0],[1,125]],[[27491,7009],[-48,0],[-1,-125]],[[27207,6874],[1,72],[170,1],[-1,123],[24,0],[0,31]],[[27866,9255],[11,-44]],[[27877,9211],[-52,-29],[-16,-19],[-57,-6],[-32,-20],[-35,-7],[-192,0]],[[28847,7980],[13,-11],[62,8],[27,31],[0,25],[20,40],[13,63],[6,63]],[[28988,8199],[0,52],[-8,13]],[[28980,8264],[129,3]],[[29119,8041],[-68,-59],[-13,-32],[-131,1],[-24,-15]],[[29357,8267],[70,79],[10,43],[226,0],[3,-268],[4,-45],[93,-4],[-9,-58],[216,-2],[3,-105]],[[29973,7907],[-42,8],[-25,-16],[-27,-3],[-64,-27],[-42,0],[-77,22],[-427,-1]],[[25319,6393],[16,6],[677,323]],[[26012,6722],[3,-97]],[[26015,6625],[3,-222],[1,-446],[3,-219]],[[27593,7700],[3,-24],[25,-23],[13,-47],[37,4]],[[27671,7610],[1,-74],[-25,-28]],[[27647,7508],[-12,-9]],[[27500,7512],[-61,-1],[0,68]],[[27439,7579],[0,88]],[[27439,7667],[-1,63],[-8,31]],[[25044,10041],[612,2]],[[25656,10043],[4,0]],[[25660,10043],[15,-33],[41,-47],[103,-87]],[[25819,9876],[-50,0],[0,-187],[-151,0],[-12,-4],[-56,-70],[-12,-5],[-152,-1],[1,-497],[1,-10]],[[25388,9102],[-72,-95],[-31,-19],[-227,-2],[-80,-24],[-47,-28],[-38,-13],[1,64],[21,78],[-21,43],[6,534],[51,31],[33,29],[57,1],[127,51],[-29,33],[0,189],[-5,23],[-26,27],[-64,17]],[[27597,4346],[8,25]],[[27691,4871],[80,-4]],[[27771,4867],[-10,-61],[5,-37],[-20,-57],[-7,-54],[-24,-55],[5,-17],[-20,-44],[-14,-77]],[[27686,4465],[-34,-100],[-55,-19]],[[27500,8154],[-48,-2]],[[29233,7866],[-45,-39],[-58,-3],[-24,13],[-26,29],[-29,11]],[[29388,31859],[134,-62],[28,-17],[221,-95]],[[29771,31685],[239,-110],[77,-29],[14,57],[122,-39],[29,-5],[67,3],[34,-5],[53,-20],[18,12],[71,1],[25,32],[41,12],[43,28],[31,-24],[32,20],[29,5],[30,20],[-1,19],[62,47],[14,-16],[33,16],[59,16],[9,22],[37,-13],[26,49],[27,-38],[28,12],[61,-11],[45,7],[29,18],[9,32],[32,67],[-4,70],[10,28],[29,36],[13,42],[21,27],[-15,39],[-13,57],[16,16],[-3,31],[-14,15],[14,41],[-21,48],[14,28],[68,17],[41,22],[39,46],[24,0],[26,19],[9,35],[32,14],[34,47],[15,57],[27,41],[-6,35],[8,55],[-15,32],[5,56],[23,4],[11,45],[18,29],[0,59]],[[31602,32961],[497,1],[56,4],[609,0],[54,1]],[[32818,32967],[237,-2],[414,0],[783,0]],[[34252,32965],[-80,-229],[-5,-19],[-77,-605],[17,-68],[-62,-28],[-38,-46],[-50,-45],[-26,-15],[-87,-81],[-42,-49],[-71,-48],[-35,-33],[-25,-55],[-20,-28],[-78,-71],[-28,-68],[-7,-54],[-18,-15],[-27,-42],[-3,-22],[-66,-91],[-1,-53],[-20,-68],[32,-26],[51,-20],[3,-14],[45,-21],[-3,-36],[-19,-48],[-42,-41],[-11,-33],[10,-23],[-21,-86],[-36,-65],[-45,-24]],[[33367,30695],[-34,-36],[-65,-39],[-61,-6],[86,-43],[1,-33],[-24,-90],[18,-92],[-22,-21],[-11,-39],[5,-29],[-18,-22],[-52,-25],[20,-16],[13,-34],[-27,-29],[-61,-16],[-26,2],[-23,-24],[0,-31],[-15,-17],[25,-24],[-25,-61],[-4,-53],[-19,-31],[15,-20],[-93,-51],[-19,1],[-32,-22],[-34,-40],[-17,-53],[-1,-37],[-77,-18],[-17,-22],[-42,-30],[0,-45],[-20,-13],[-36,-4],[-25,-16],[-13,-25],[4,-28],[-47,-7],[-31,-86],[40,-13],[46,-49],[22,-47],[65,-39],[55,-13],[-82,-80],[-30,-46],[-83,-217],[-15,-66],[-24,-53],[-83,-108]],[[31021,27789],[-357,-2],[-2,250],[-276,-1],[-12,127],[-492,-2],[-122,2],[5,118],[0,102],[-377,-3]],[[29388,28380],[0,908],[0,636],[0,536],[0,671],[0,728]],[[34252,32965],[510,1],[83,-1],[868,-2],[231,2]],[[35944,32965],[4,-2]],[[35948,32963],[2,0],[-14,-730],[0,-524]],[[35936,31709],[-139,-98],[-81,-46],[-77,-31],[-47,-14],[-326,-69],[-203,-25],[-79,-3],[-77,4],[-71,-4],[-133,-27],[-415,-87],[-66,-19],[-58,-28],[-71,-53],[-179,-184],[-37,-55],[-22,-65],[-42,-67],[-41,-39],[-68,-39],[-65,-18],[-83,-11],[-97,-41],[-34,-3],[-58,8]],[[28238,7949],[125,0]],[[28363,7949],[-1,-124]],[[28362,7825],[-78,0]],[[28284,7825],[-45,0]],[[28239,7825],[-1,93]],[[28363,8068],[62,-27],[64,3]],[[28488,7979],[-125,1]],[[28363,7980],[-31,0],[1,31],[-32,0],[-1,86]],[[28363,7949],[0,31]],[[28487,7888],[-33,-1],[0,-62]],[[23372,16462],[142,0]],[[23514,16462],[0,-125]],[[23514,16337],[0,-28]],[[23514,16309],[0,-97],[125,1],[-2,114]],[[23637,16327],[1,80]],[[23638,16407],[1,55]],[[23639,16462],[124,1]],[[23763,16463],[0,-125]],[[23763,16338],[0,-314],[2,-55]],[[23565,15965],[-192,239]],[[23373,16204],[-1,258]],[[24069,15340],[-95,-1]],[[23974,15339],[-123,0]],[[23851,15339],[-60,0]],[[23791,15339],[-99,130]],[[23692,15469],[-83,112]],[[23609,15581],[-4,6]],[[23605,15587],[264,1]],[[22626,12894],[1,-3]],[[22627,12891],[7,-85],[17,-48],[-35,13],[-147,108],[-35,20],[-41,8],[-33,-3]],[[20260,14952],[1,127]],[[20261,15079],[124,-2]],[[20385,15077],[-2,-252]],[[20383,14825],[-124,0]],[[20259,14825],[1,127]],[[20093,15072],[41,-2],[127,9]],[[20260,14952],[-124,-5]],[[20136,14947],[-98,-1]],[[20038,14946],[55,126]],[[18388,18065],[124,1]],[[18512,18066],[-3,-125]],[[18509,17941],[4,-135],[5,-24],[0,-163]],[[18518,17619],[-131,-21]],[[18387,17598],[2,85],[0,131]],[[18389,17814],[-3,126]],[[18386,17940],[2,125]],[[18509,17941],[123,15]],[[18632,17956],[5,-125],[7,0],[-2,-172]],[[18642,17659],[-24,-34],[-66,-15],[-34,9]],[[18143,17906],[121,2]],[[18264,17908],[1,-94],[124,0]],[[18387,17598],[-57,2],[-59,-19],[-44,6],[-56,26],[-46,-17]],[[18125,17596],[16,47],[3,36],[-1,227]],[[18171,18064],[91,-1]],[[18262,18063],[1,-62]],[[18263,18001],[-92,0],[0,63]],[[18142,18063],[29,1]],[[18263,18001],[0,-62]],[[18263,17939],[1,-31]],[[18143,17906],[-1,31]],[[18142,17937],[0,126]],[[17938,18060],[16,0]],[[17954,18060],[62,3]],[[18016,18063],[126,0]],[[18142,17937],[-125,-2],[-2,26],[-36,0],[-24,-25],[-39,1]],[[17916,17937],[23,60],[-1,63]],[[18979,19197],[31,1]],[[19010,19198],[1,-124]],[[19011,19074],[-32,-1]],[[18979,19073],[0,124]],[[18890,19195],[89,2]],[[18979,19073],[-89,-2]],[[18890,19071],[0,124]],[[19383,20072],[63,-4]],[[19446,20068],[92,0]],[[19538,20068],[0,-2]],[[19538,20066],[-8,-119]],[[19530,19947],[-145,-1]],[[19385,19946],[-2,126]],[[19635,20071],[52,2],[71,-8]],[[19758,20065],[0,-119]],[[19758,19946],[-122,1]],[[19636,19947],[-1,124]],[[19758,20065],[63,2]],[[19821,20067],[61,1]],[[19882,20068],[1,-120]],[[19883,19948],[-125,-2]],[[19882,20068],[124,1]],[[20006,20069],[0,-120]],[[20006,19949],[-123,-1]],[[18103,20058],[29,-13]],[[18132,20045],[1,-118],[129,1]],[[18262,19928],[79,1]],[[18341,19929],[34,-126]],[[18375,19803],[-113,0]],[[18262,19803],[-65,-1],[-110,8]],[[18087,19810],[-15,-1]],[[18072,19809],[18,33],[-21,71],[7,48],[-4,42],[31,55]],[[18341,19929],[47,0]],[[18388,19929],[125,0]],[[18513,19929],[0,-83],[16,-42]],[[18529,19804],[-16,-1]],[[18513,19803],[-138,0]],[[18513,19929],[133,1]],[[18646,19930],[-7,-2],[0,-124]],[[18639,19804],[-110,0]],[[20482,20325],[101,0]],[[20583,20325],[-15,-55],[-36,-71],[-10,-31]],[[20522,20168],[-84,38]],[[20438,20206],[38,78],[6,41]],[[19132,20065],[55,9],[75,1]],[[19262,20075],[-4,-67]],[[19258,20008],[-90,3],[-34,-19]],[[19134,19992],[-2,73]],[[20006,20069],[46,1],[81,27]],[[20133,20097],[7,-49],[-7,-43],[1,-56]],[[20134,19949],[-128,0]],[[20258,20013],[93,0],[6,9]],[[20357,20022],[-2,-71]],[[20355,19951],[-97,-1]],[[20258,19950],[0,63]],[[3184,19059],[899,1],[2,-748]],[[2346,14563],[7,124],[-74,0],[-539,-1],[2,675],[-1,694],[-8,0],[1,702],[-2,796],[-80,0],[-5,38],[5,41],[-3,680],[812,-1],[0,747],[723,1]],[[18387,18689],[-127,-1]],[[18260,18688],[2,122],[126,3],[-1,-124]],[[18513,19062],[125,2]],[[18638,19064],[0,-122]],[[18638,18942],[-125,-2]],[[18513,18940],[0,122]],[[18889,18947],[122,2]],[[19011,18949],[-1,-62]],[[19010,18887],[-122,-2]],[[18888,18885],[1,62]],[[20770,19824],[31,0]],[[20801,19824],[94,-19]],[[20895,19805],[-2,-133]],[[20893,19672],[-68,1],[-56,27]],[[20769,19700],[1,124]],[[20893,19672],[-1,-99]],[[20892,19573],[-125,1]],[[20767,19574],[2,126]],[[19884,19573],[62,0]],[[19946,19573],[152,1]],[[20098,19574],[-16,-124]],[[20082,19450],[-53,18],[-79,61],[-34,14],[-30,-1]],[[19886,19542],[-2,31]],[[19886,19522],[0,20]],[[20082,19450],[-7,-11]],[[20075,19439],[-32,-37],[-24,-16],[-24,-38],[11,-24]],[[20006,19324],[-23,0]],[[19983,19324],[-42,1],[-33,-12],[-22,7]],[[19886,19320],[4,12]],[[19890,19332],[6,35],[-19,40],[8,49],[1,66]],[[18646,19930],[118,-1]],[[18764,19929],[0,-124]],[[18764,19805],[0,-2]],[[18764,19803],[-95,0]],[[18669,19803],[-30,1]],[[18764,19929],[126,2]],[[18890,19931],[47,12],[37,0]],[[18974,19943],[-23,-16],[-47,-63],[-49,-36],[-42,-23]],[[18813,19805],[-49,0]],[[18974,19943],[36,1]],[[19010,19944],[-1,-135]],[[19009,19809],[-119,-4]],[[18890,19805],[-77,0]],[[19133,19812],[2,133]],[[19135,19945],[123,1]],[[19258,19946],[1,-63]],[[19259,19883],[0,-69]],[[19259,19814],[-126,-2]],[[19258,19946],[127,0]],[[19385,19946],[0,-62]],[[19385,19884],[-126,-1]],[[19385,19884],[141,-2]],[[19526,19882],[-4,-62]],[[19522,19820],[-137,-3]],[[19385,19817],[0,67]],[[19526,19882],[4,65]],[[19530,19947],[106,0]],[[19636,19947],[0,-63]],[[19636,19884],[0,-63]],[[19636,19821],[-114,-1]],[[19636,19884],[122,0]],[[19758,19884],[0,-62]],[[19758,19822],[-122,-1]],[[20006,19949],[2,-63]],[[20008,19886],[-94,-1]],[[19914,19885],[-31,0]],[[19883,19885],[0,63]],[[18634,18078],[-1,126]],[[18633,18204],[125,0]],[[18758,18204],[128,-2]],[[18886,18202],[-2,-123]],[[18884,18079],[-2,-124]],[[18882,17955],[-124,1]],[[18758,17956],[-126,0]],[[18632,17956],[2,122]],[[20357,20022],[0,2]],[[20357,20024],[163,-64]],[[20520,19960],[0,-9]],[[20520,19951],[-136,0]],[[20384,19951],[-29,0]],[[21628,17140],[124,2]],[[21752,17142],[0,-62]],[[21752,17080],[-124,-2]],[[21628,17078],[0,62]],[[21501,16828],[126,1]],[[21627,16829],[125,1]],[[21752,16830],[125,0]],[[21877,16830],[0,-76]],[[21877,16754],[-252,-3],[-25,4],[-70,34],[-28,3]],[[21502,16792],[-1,36]],[[21379,16698],[122,2]],[[21501,16700],[2,-125]],[[21503,16575],[-123,-3]],[[21380,16572],[-1,126]],[[21877,16754],[0,-79]],[[21877,16675],[1,-94]],[[21878,16581],[-125,-2],[1,-125]],[[21629,16452],[-125,-2]],[[21504,16450],[-1,125]],[[21501,16700],[1,92]],[[21877,16675],[107,1],[-37,-43],[-11,-51]],[[21936,16582],[-58,-1]],[[21161,16568],[219,4]],[[21380,16572],[-4,-48],[-45,-78]],[[21331,16446],[-50,0],[-37,-30]],[[21244,16416],[-42,33],[-8,75],[-24,9],[-9,35]],[[21504,16450],[-173,-4]],[[18386,20053],[64,1]],[[18450,20054],[63,0]],[[18513,20054],[0,-125]],[[18388,19929],[-2,124]],[[19512,19322],[124,1]],[[19636,19323],[0,-62]],[[19636,19261],[0,-62]],[[19636,19199],[-62,-1]],[[19574,19198],[-65,0]],[[19509,19198],[3,124]],[[19983,19324],[-14,-30],[-27,-27],[-23,-37],[-34,-28]],[[19885,19202],[1,118]],[[20006,19324],[3,-94]],[[20009,19230],[-1,-31],[-123,1]],[[19885,19200],[0,2]],[[20517,19327],[62,0],[0,-61],[186,-6]],[[20765,19260],[125,1]],[[20890,19261],[1,-64]],[[20891,19197],[0,-135]],[[20891,19062],[1,-49]],[[20892,19013],[-62,-1],[-2,61],[-62,0],[0,47],[-123,4],[-1,16],[-100,0],[-22,9]],[[20520,19149],[-1,3]],[[20519,19152],[-2,175]],[[18886,18202],[126,-1],[7,86],[7,10]],[[19026,18297],[114,0],[119,-7]],[[19259,18290],[1,-90]],[[19260,18200],[-1,-124]],[[19259,18076],[-126,-1]],[[19133,18075],[-249,4]],[[21331,16446],[-3,-40],[12,-28],[35,-35],[5,-20]],[[21380,16323],[-130,-1]],[[21250,16322],[3,69],[-9,25]],[[21504,16450],[-1,-125]],[[21503,16325],[1,-124]],[[21504,16201],[-124,-2]],[[21380,16199],[0,124]],[[21629,16327],[-126,-2]],[[21754,16454],[125,2]],[[21879,16456],[121,2]],[[22000,16458],[-1,-127]],[[21999,16331],[-120,0]],[[21879,16331],[-124,-1]],[[21629,16327],[1,-124]],[[21630,16203],[1,-125]],[[21631,16078],[-126,-3]],[[21505,16075],[-1,126]],[[21879,16331],[1,-125]],[[21880,16206],[-125,-2]],[[21755,16204],[-125,-1]],[[21505,16075],[-125,-1]],[[21380,16074],[0,125]],[[28016,7239],[226,-151]],[[28242,6996],[-124,92],[0,-76]],[[28118,7012],[-62,0]],[[27995,7137],[0,48],[-34,40],[45,2],[10,12]],[[27865,7327],[52,-22],[65,-43]],[[27982,7262],[34,-23]],[[27995,7137],[-129,0]],[[20892,19013],[1,-63]],[[20893,18950],[-15,0],[0,-62]],[[20878,18888],[-110,-3],[-235,0]],[[20533,18885],[0,193],[3,39],[-16,32]],[[19545,19074],[29,0]],[[19574,19074],[62,0]],[[19636,19074],[0,-62]],[[19636,19012],[-91,0]],[[19545,19012],[0,62]],[[19636,19012],[1,-62]],[[19637,18950],[-92,0]],[[19545,18950],[0,62]],[[19950,18946],[63,0]],[[20013,18946],[0,-124]],[[20013,18822],[-63,0]],[[19950,18822],[0,124]],[[19637,18950],[61,-2]],[[19698,18948],[0,-62]],[[19698,18886],[-62,1]],[[19636,18887],[1,63]],[[19698,18886],[63,-1]],[[19761,18885],[0,-62]],[[19761,18823],[-63,1]],[[19698,18824],[-62,1]],[[19636,18825],[0,62]],[[19636,18825],[-90,0]],[[19546,18825],[-1,125]],[[19887,18822],[63,0]],[[19950,18822],[0,-125]],[[19950,18697],[-63,0]],[[19887,18697],[0,125]],[[20013,18822],[0,-125]],[[20013,18697],[-63,0]],[[20263,18777],[96,-42],[32,-1]],[[20391,18734],[0,-32]],[[20391,18702],[-1,-63]],[[20390,18639],[-127,1]],[[20263,18640],[-1,63]],[[20262,18703],[1,74]],[[20013,18697],[63,0]],[[20076,18697],[-1,-124]],[[20075,18573],[-35,0]],[[20040,18573],[-28,-1]],[[20012,18572],[1,125]],[[18969,17829],[39,-1],[0,125]],[[19008,17953],[125,-3],[0,125]],[[19259,18076],[124,0]],[[19383,18076],[1,-62]],[[19384,18014],[0,-62]],[[19384,17952],[6,-136]],[[19390,17816],[-124,0],[0,-125]],[[19266,17691],[-126,-1]],[[19140,17690],[-172,0]],[[18968,17690],[1,139]],[[20008,19886],[0,-62]],[[20008,19824],[-94,-1]],[[19914,19823],[0,62]],[[20134,19949],[0,-62]],[[20134,19887],[-126,-1]],[[20134,19887],[0,-62]],[[20134,19825],[-126,-1]],[[20134,19949],[124,1]],[[20258,19950],[1,-125]],[[20259,19825],[-47,0]],[[20212,19825],[-78,0]],[[21880,16206],[0,-124]],[[21880,16082],[-124,-1]],[[21756,16081],[-1,123]],[[21880,16206],[120,0]],[[22000,16206],[1,-125]],[[22001,16081],[-121,1]],[[22000,16206],[125,0]],[[22125,16206],[0,-124]],[[22125,16082],[-124,-1]],[[21875,17204],[123,2]],[[21998,17206],[0,-125]],[[21998,17081],[-122,-1]],[[21876,17080],[-1,124]],[[21998,17206],[125,1]],[[22123,17207],[0,-125]],[[22123,17082],[-125,-1]],[[22250,17207],[121,1]],[[22371,17208],[1,-67]],[[22372,17141],[0,-57]],[[22372,17084],[-122,2]],[[22250,17086],[0,121]],[[22239,17580],[125,1]],[[22364,17581],[4,-124]],[[22368,17457],[-123,-1]],[[22245,17456],[-6,124]],[[22364,17581],[20,0]],[[22384,17581],[104,0]],[[22488,17581],[3,-123]],[[22491,17458],[-123,-1]],[[20076,18697],[62,1]],[[20138,18698],[0,-124]],[[20138,18574],[-63,-1]],[[19511,18637],[0,62]],[[19511,18699],[34,0]],[[19545,18699],[-3,-62]],[[19542,18637],[-2,-62]],[[19540,18575],[-30,0]],[[19510,18575],[1,62]],[[19545,18699],[90,1]],[[19635,18700],[0,-62]],[[19635,18638],[-93,-1]],[[19635,18638],[-1,-25]],[[19634,18613],[0,-38]],[[19634,18575],[-94,0]],[[19386,18637],[125,0]],[[19510,18575],[-124,-1]],[[19386,18574],[0,63]],[[19753,18574],[70,-1]],[[19823,18573],[0,-125]],[[19823,18448],[-66,1]],[[19757,18449],[-4,125]],[[19823,18573],[63,0]],[[19886,18573],[0,-125]],[[19886,18448],[-63,0]],[[20138,18511],[125,3]],[[20263,18514],[0,-64]],[[20263,18450],[-125,-1]],[[20138,18449],[0,62]],[[20263,18577],[63,-1]],[[20326,18576],[0,-126]],[[20326,18450],[-63,0]],[[20263,18514],[0,63]],[[19631,16944],[109,0]],[[19740,16944],[-2,-17],[-41,-7],[-5,-32],[34,-38],[15,-31]],[[19741,16819],[-225,-1]],[[19516,16818],[-7,44],[57,26],[32,30],[33,8],[0,18]],[[19634,18575],[0,-124]],[[19634,18451],[-94,0]],[[19540,18451],[0,124]],[[20520,19951],[0,-62]],[[20520,19889],[-136,0]],[[20384,19889],[0,62]],[[20520,19889],[-1,-64]],[[20519,19825],[-135,1]],[[20384,19826],[0,63]],[[20520,19960],[133,-49],[94,-62],[54,-25]],[[20770,19824],[-124,0]],[[20646,19824],[-127,1]],[[20554,17195],[218,2]],[[20772,17197],[-22,-60]],[[20750,17137],[-56,-3],[-18,-61],[-54,-1],[0,61],[-65,0]],[[20557,17133],[-3,62]],[[20772,17197],[102,1]],[[20874,17198],[125,0]],[[20999,17198],[131,2]],[[21130,17200],[-3,-63]],[[21127,17137],[-128,-2]],[[20999,17135],[-62,0],[0,-32],[-60,0],[-1,-30]],[[20876,17073],[-64,0],[0,30],[-62,-1]],[[20750,17102],[0,35]],[[21130,17200],[120,2]],[[21250,17202],[0,-125]],[[21250,17077],[-129,-2]],[[21121,17075],[6,62]],[[22491,17458],[123,0]],[[22614,17458],[2,-124]],[[22616,17334],[2,-124]],[[22618,17210],[-123,-2]],[[22495,17208],[-2,126]],[[22493,17334],[-2,124]],[[22886,17826],[126,0]],[[23012,17826],[-1,-124]],[[23011,17702],[-97,0]],[[22914,17702],[-28,0]],[[22886,17702],[0,124]],[[22261,17705],[125,1]],[[22386,17706],[-2,-125]],[[22239,17580],[21,58],[1,67]],[[22387,17831],[41,0]],[[22428,17831],[16,-24],[11,-53],[24,-48]],[[22479,17706],[-93,0]],[[22386,17706],[1,125]],[[16209,17870],[21,1],[105,27]],[[16335,17898],[56,4],[69,19]],[[16460,17921],[57,11],[69,25],[1,-140],[185,-1],[252,-1]],[[17024,17815],[-1,-250],[21,0],[0,-31],[-23,-35]],[[17021,17499],[-43,4],[-18,-17],[-45,-105],[-28,-18]],[[16887,17363],[-37,-14],[-32,14],[-31,-9],[-46,7],[-31,-28],[-69,89],[-56,-8],[-41,-41],[-18,-8],[-13,-45]],[[16513,17320],[-178,-1],[-3,99],[5,23]],[[16337,17441],[0,125]],[[16337,17566],[-2,125],[-125,-1]],[[16210,17690],[-1,180]],[[19636,19199],[0,-62]],[[19636,19137],[-62,-1]],[[19574,19136],[0,62]],[[21143,21650],[0,-337]],[[21143,21313],[0,-186]],[[21143,21127],[-150,1],[-101,-2]],[[20892,21126],[-16,62],[-46,7],[-23,-7],[-167,-1]],[[20640,21187],[-21,0]],[[20619,21187],[-8,0]],[[20611,21187],[33,48],[-2,53],[29,-1],[14,27],[78,0],[1,52],[33,2],[0,33],[24,3],[38,34],[32,0],[1,125],[126,-1],[-2,39],[57,22],[52,13],[18,14]],[[17382,20091],[30,50],[24,27]],[[17436,20168],[66,-61],[30,-34]],[[17532,20073],[53,-44],[70,-64]],[[17655,19965],[-23,-32]],[[17632,19933],[-14,-15]],[[17618,19918],[7,31],[-43,20],[-18,-18],[-37,-15],[-23,-20],[-40,22],[7,23],[-28,12],[15,22],[57,50],[-29,20],[-66,6],[-38,20]],[[17291,18439],[-28,-125]],[[17263,18314],[-179,0]],[[17084,18314],[0,63],[62,-1],[0,62],[145,1]],[[17634,19681],[126,0]],[[17760,19681],[0,-125]],[[17760,19556],[-125,1]],[[17635,19557],[-1,124]],[[19574,19136],[0,-62]],[[19545,19074],[-34,0]],[[19511,19074],[-2,124]],[[20891,18700],[126,-2]],[[21017,18698],[-1,-62]],[[21016,18636],[-63,1]],[[20953,18637],[-63,-4]],[[20890,18633],[1,67]],[[21643,18331],[251,-2],[-1,156],[250,0],[62,1],[0,-19]],[[22205,18467],[-19,-7],[-47,-54],[1,-77]],[[22140,18329],[-125,0]],[[22015,18329],[-74,3],[-47,-20]],[[21894,18312],[-42,-8],[-54,-39],[-37,-40]],[[21761,18225],[-57,0],[0,40],[-63,-1],[2,67]],[[19698,18948],[63,-1]],[[19761,18947],[0,-62]],[[17655,19965],[169,-156]],[[17824,19809],[-66,0]],[[17758,19809],[-125,0]],[[17633,19809],[-1,124]],[[5815,33770],[0,37]],[[5815,33807],[64,0],[0,-65],[160,2]],[[6039,33744],[0,-62],[-224,0]],[[5815,33682],[0,88]],[[5815,33682],[-190,1]],[[5606,33762],[23,8],[186,0]],[[20556,17071],[1,62]],[[20750,17102],[-1,-156]],[[20749,16946],[-190,-1]],[[20559,16945],[-3,0]],[[20556,16945],[0,126]],[[20876,17073],[-3,-126]],[[20873,16947],[-124,-1]],[[20999,17135],[0,-63]],[[20999,17072],[0,-126]],[[20999,16946],[-126,1]],[[21250,17077],[0,-126]],[[21250,16951],[-130,-1]],[[21120,16950],[1,125]],[[20873,16947],[18,-53],[-18,-43],[3,-29]],[[20876,16822],[-127,0]],[[20749,16822],[0,124]],[[20999,16946],[0,-123]],[[20999,16823],[-123,-1]],[[20999,16946],[121,4]],[[21120,16950],[0,-107],[6,-10]],[[21126,16833],[0,-9]],[[21126,16824],[-127,-1]],[[21752,17018],[123,4],[-1,-67]],[[21874,16955],[-122,0]],[[21752,16955],[0,63]],[[21628,16953],[124,2]],[[21752,16955],[0,-125]],[[21627,16829],[1,124]],[[21874,16955],[3,0]],[[21877,16955],[0,-125]],[[22479,17706],[25,-31],[3,-20],[39,-73]],[[22546,17582],[-58,-1]],[[22861,17580],[35,0]],[[22896,17580],[91,-1]],[[22987,17579],[2,-124]],[[22989,17455],[-127,2]],[[22862,17457],[-1,123]],[[21752,17080],[124,0]],[[21998,17081],[2,-124]],[[22000,16957],[-1,0]],[[21999,16957],[-122,-2]],[[21752,17018],[0,62]],[[22123,17082],[-13,-71],[14,-53]],[[22124,16958],[-124,-1]],[[22372,17084],[0,-62]],[[22372,17022],[1,-62]],[[22373,16960],[-133,-2]],[[22240,16958],[-1,88],[11,40]],[[21999,16957],[0,-64],[-11,-50],[0,-55],[7,-32]],[[21995,16756],[-118,-2]],[[18640,19671],[0,57],[25,48],[4,27]],[[18764,19803],[3,-52]],[[18767,19751],[-1,-185]],[[18766,19566],[-127,-4]],[[18639,19562],[1,109]],[[18513,19803],[1,-118]],[[18514,19685],[-15,-1],[-1,-124]],[[18498,19560],[-78,-3]],[[18420,19557],[1,50],[-10,59]],[[18411,19666],[-36,137]],[[18890,19805],[3,-113]],[[18893,19692],[0,-58]],[[18893,19634],[-18,30],[-41,18],[-67,69]],[[18140,18683],[120,5]],[[18260,18688],[-1,-125]],[[18259,18563],[-164,-4]],[[18095,18559],[45,124]],[[19449,19198],[60,0]],[[19511,19074],[-62,0]],[[19449,19074],[0,124]],[[19323,19198],[63,0]],[[19386,19198],[0,-124]],[[19386,19074],[-63,0]],[[19323,19074],[0,124]],[[21396,18063],[24,28],[32,14],[21,-30],[41,0]],[[21514,18075],[0,-124]],[[21514,17951],[-120,-2]],[[21394,17949],[2,114]],[[21763,17764],[124,2]],[[21887,17766],[0,-62]],[[21887,17704],[-124,-2]],[[21763,17702],[0,62]],[[21764,17827],[123,2]],[[21887,17829],[0,-63]],[[21763,17764],[1,63]],[[21636,17826],[128,1]],[[21763,17764],[-126,0]],[[21637,17764],[0,3]],[[21637,17767],[-1,59]],[[19260,19074],[63,0]],[[19386,19074],[0,-125]],[[19386,18949],[-62,-1]],[[19324,18948],[-63,0]],[[19261,18948],[-1,126]],[[19636,19199],[124,-1]],[[19760,19198],[0,-126]],[[19760,19072],[-124,2]],[[19636,19074],[0,63]],[[19386,19074],[63,0]],[[19511,19074],[0,-125]],[[19511,18949],[-125,0]],[[19760,19072],[1,-125]],[[19760,19072],[125,-1]],[[19885,19071],[1,-124]],[[19886,18947],[-125,0]],[[19885,19071],[105,4],[15,8]],[[20005,19083],[5,-10],[3,-127]],[[19950,18946],[-64,1]],[[19136,18575],[124,0]],[[19260,18575],[0,-56]],[[19260,18519],[-51,2],[-73,-7]],[[19136,18514],[0,61]],[[19260,18575],[126,-1]],[[19386,18574],[-1,-124]],[[19385,18450],[-93,0]],[[19292,18450],[-32,0]],[[19260,18450],[0,69]],[[19634,18575],[119,-1]],[[19757,18449],[-123,2]],[[19886,18573],[116,0]],[[20002,18573],[10,-1]],[[20012,18572],[0,-124]],[[20012,18448],[-126,0]],[[20040,18573],[4,-41],[36,-83]],[[20080,18449],[-68,-1]],[[20138,18574],[0,-63]],[[20138,18449],[-58,0]],[[22527,19824],[9,0]],[[22536,19824],[-18,-163],[-4,-18],[-23,-218],[-6,-22]],[[22485,19403],[-76,37]],[[22409,19440],[-2,45],[16,43],[-13,90],[-29,26]],[[22381,19644],[8,59],[15,10],[54,-9],[46,11],[10,17],[13,92]],[[18893,19634],[-1,-66]],[[18892,19568],[-126,-2]],[[21393,17887],[1,62]],[[21514,17951],[-1,-125]],[[21513,17826],[-121,-1]],[[21392,17825],[1,62]],[[19135,19198],[125,0]],[[19260,19198],[0,-124]],[[19260,19074],[-62,0]],[[19198,19074],[-62,0]],[[19136,19074],[-1,124]],[[19011,19074],[125,0]],[[19136,19074],[2,-126]],[[19138,18948],[-127,1]],[[19011,18949],[0,125]],[[18890,19319],[121,2]],[[19011,19321],[-1,-123]],[[18890,19195],[-2,0]],[[18888,19195],[2,124]],[[19010,19198],[125,0]],[[19136,19321],[124,0]],[[19260,19321],[0,-123]],[[19135,19198],[1,123]],[[18889,18947],[1,124]],[[23303,17328],[62,-1]],[[23365,17327],[1,-112]],[[23366,17215],[1,-136]],[[23367,17079],[-62,0]],[[23305,17079],[-2,249]],[[22989,17455],[1,-124]],[[22990,17331],[-126,1]],[[22864,17332],[-2,124]],[[22862,17456],[0,1]],[[23111,17579],[125,-1]],[[23236,17578],[3,-125]],[[23239,17453],[-126,1]],[[23113,17454],[-2,125]],[[27717,7630],[42,6]],[[27759,7636],[2,-40],[38,4],[6,12],[41,0]],[[27747,7479],[-12,32],[-1,68],[-19,15],[2,36]],[[27962,6886],[158,0]],[[28120,6886],[120,2]],[[28240,6888],[1,-125],[124,-3],[0,-237],[-83,1],[-42,13]],[[28240,6537],[-32,-24],[-125,126],[-75,35],[-34,0],[-20,12],[-82,0]],[[27872,6686],[-3,74]],[[28240,6537],[1,-50],[-11,-32],[-22,-24],[-45,19],[-172,-1],[-22,9],[-51,52],[-38,-1],[-8,129]],[[27872,6638],[0,48]],[[27675,7448],[-7,59],[-21,1]],[[27671,7610],[-2,14],[48,6]],[[21250,17077],[125,0]],[[21375,17077],[0,-125]],[[21375,16952],[-125,-1]],[[21503,16953],[62,0]],[[21565,16953],[63,0]],[[21501,16828],[2,125]],[[21375,16952],[2,-125]],[[21377,16827],[-125,-1]],[[21252,16826],[-2,125]],[[21264,17824],[128,1]],[[21392,17825],[-2,-63]],[[21390,17762],[-63,4]],[[21327,17766],[-64,-4]],[[21263,17762],[1,62]],[[21327,17766],[1,-41],[14,-25]],[[21342,17700],[-79,-1]],[[21263,17699],[0,63]],[[21263,17699],[-40,0]],[[21223,17699],[-32,53],[-27,72]],[[21164,17824],[100,0]],[[21390,17762],[123,2]],[[21513,17764],[0,-62]],[[21513,17702],[-124,-2]],[[21389,17700],[1,62]],[[21513,17826],[0,-62]],[[21389,17700],[-47,0]],[[21388,17637],[1,63]],[[21513,17702],[-1,-108],[-6,-17]],[[21506,17577],[-136,-1]],[[21370,17576],[18,61]],[[21375,17327],[125,0]],[[21500,17327],[1,-125]],[[21501,17202],[-39,0]],[[21462,17202],[-87,-1]],[[21375,17201],[0,126]],[[20390,16820],[172,1]],[[20562,16821],[187,1]],[[21126,16824],[1,-131]],[[21127,16693],[1,-125]],[[21128,16568],[3,-249]],[[21131,16319],[-2,-113]],[[21129,16206],[1,-124]],[[21130,16082],[-740,0]],[[20390,16082],[1,124],[-1,448],[0,166]],[[21016,18574],[61,0]],[[21077,18574],[63,0]],[[21140,18574],[-1,-125]],[[21139,18449],[-124,0]],[[21015,18449],[1,125]],[[20765,17822],[125,1]],[[20890,17823],[-1,-124]],[[20889,17699],[-124,-1]],[[20765,17698],[0,124]],[[21763,17702],[-126,0]],[[21637,17702],[0,62]],[[22011,17829],[126,1]],[[22137,17830],[-1,-125]],[[22136,17705],[-125,-1]],[[22011,17704],[0,125]],[[21887,17829],[124,0]],[[22011,17704],[-124,0]],[[21250,17326],[125,1]],[[21375,17201],[-125,1]],[[21250,17202],[0,124]],[[21123,17324],[127,2]],[[21130,17200],[-7,124]],[[21128,17574],[113,1]],[[21241,17575],[-18,-61],[26,-64]],[[21249,17450],[-127,-2]],[[21122,17448],[6,126]],[[21249,17450],[0,-62]],[[21249,17388],[-130,-1]],[[21119,17387],[3,61]],[[21506,17577],[-9,-33],[3,-92]],[[21500,17452],[-125,0]],[[21375,17452],[-5,124]],[[21249,17388],[1,-62]],[[21123,17324],[-4,63]],[[21249,17388],[126,2]],[[21375,17390],[0,-63]],[[21375,17390],[125,0]],[[21500,17390],[0,-63]],[[21513,17702],[124,0]],[[21763,17702],[-1,-83],[-12,-41]],[[21750,17578],[-244,-1]],[[21887,17704],[0,-125]],[[21887,17579],[-137,-1]],[[22750,33341],[52,2],[26,-26],[10,-26],[60,-10]],[[23001,33160],[-48,8],[-94,35]],[[22859,33203],[-58,-16],[-49,-33],[-45,20],[-65,13]],[[22642,33187],[1,117],[119,6],[-12,31]],[[14024,42480],[-1,-330],[3,-274],[-2,-46],[1,-388],[52,26],[29,29],[8,32],[6,72],[50,106],[20,33],[22,63],[46,20],[21,37],[8,50],[22,52],[-8,47],[-14,33],[-44,41],[8,25],[66,-3],[56,-49],[58,11],[13,15],[34,65],[50,-2],[43,13],[59,39],[18,24],[7,79],[33,17],[70,13],[47,18],[53,39],[175,108],[52,24],[33,-6],[104,-46],[94,-14],[72,0],[208,-27],[27,23],[5,51],[31,-29],[44,-4],[25,-16],[44,-59],[23,-17],[46,-66],[22,-15],[30,-2],[14,24],[5,40],[27,28],[5,24],[-15,25],[51,53],[10,29],[25,19],[43,0],[10,12],[-15,64],[-63,32],[-37,-1],[-10,23],[15,23],[46,3],[44,20],[25,34],[8,93],[-51,25],[26,13],[78,7],[72,31],[-18,27],[-2,25],[70,22],[33,-1],[16,18],[4,29],[-24,49],[-53,35],[-12,39],[21,6],[32,-37],[40,-61],[12,-99],[51,78],[49,-22],[107,16],[71,35],[54,34],[24,36],[21,-33],[59,-40],[53,9],[23,-34],[-63,-25],[-21,3],[-55,-16],[-47,-56],[-30,-19],[-25,-36],[-47,22],[-34,-5],[-30,14],[-1,29],[-69,32],[-27,-7],[-30,-36],[-77,-52],[-30,-63],[-10,-89],[26,-173],[8,-133],[4,-106],[29,-61],[35,-50],[31,-58],[-54,-75],[-2,-46],[11,-37],[22,-22],[78,-53],[81,-64],[65,11],[19,24],[22,49],[118,-44],[33,-8],[43,-41],[52,-6],[-1,-28],[-43,-63],[-12,-57],[12,-45],[33,-29],[53,-92],[16,-75],[34,-61],[31,-24],[48,-5],[3,-72],[35,-4],[67,11],[34,-7],[78,3],[28,26],[133,-93],[40,-19],[16,-26],[-2,-36],[37,-37],[71,8],[33,-10],[11,-36],[39,-6],[28,-28],[57,22],[88,-66],[71,-27],[81,-62],[318,-277],[147,-126],[87,-24],[58,-41],[0,-41],[28,5],[78,-2],[43,18],[21,-7],[-4,63],[46,-25],[161,26],[-19,38],[26,44],[-85,-43],[-27,12],[-32,-22],[-50,39],[2,59],[19,30],[67,46],[21,26],[25,3],[21,-18],[64,-40],[23,-5],[42,-55],[27,-10],[27,4],[19,33],[-1,50],[30,36],[31,-17],[39,39],[32,-23],[25,2],[22,-31],[-13,-35],[9,-50],[27,18],[35,55],[46,48],[10,43],[23,18],[19,40],[56,35],[22,-5],[16,33],[-15,38],[55,35],[44,-27],[24,28],[-10,29],[7,23],[28,7],[7,-47],[24,-29],[0,-27],[-18,-33],[18,-44],[20,-20],[-14,-19],[-23,-3],[-13,-20],[-3,-36],[27,-22],[-21,-38],[12,-37],[45,-46],[8,-61],[-34,-33],[-34,3],[-102,43],[-29,-24],[-53,-27],[-28,-35],[-15,-70],[-1,-80],[8,-49],[-13,-17],[-44,11],[-32,33],[-62,37],[-64,-6],[-42,22],[-28,58],[-37,8],[-23,-17],[-35,-64],[-44,-51],[314,-1],[-3,-247],[199,0],[450,3],[1,-123],[255,1],[0,-7]],[[20268,39894],[-50,-3],[-45,-56],[-36,-17],[6,-56],[10,-18],[-28,-26],[-27,-49],[-31,-41],[-5,-24],[-74,-74],[-2,-24],[-40,-25],[-3,-34],[-14,-25],[-59,8],[-41,-3],[-37,-25],[-32,12],[-31,28],[-30,-4],[-15,-26],[-54,-3],[-85,17],[-58,24],[-44,11],[-29,-2],[6,-156],[-3,-105],[-12,-91],[-15,-249],[10,-118],[18,8],[54,-23],[34,15],[114,9],[21,9],[46,53],[45,-108],[33,-24],[50,-88],[27,-18],[64,-119],[33,-27],[80,-100],[51,-121],[29,-47],[-24,-1],[-223,-29],[-642,-79],[-171,-19],[-266,-35],[-336,-41],[-7,-64],[8,-21],[57,-43],[54,-96],[10,-71],[28,-99],[126,-210],[176,-162],[11,-17],[55,-299],[26,-57],[10,-106],[51,-113],[13,-142],[0,-53],[7,-93],[-63,-187],[-34,-86],[-1,-57],[8,-14],[34,1],[258,109],[225,103],[26,-11],[20,32],[25,4],[213,93],[128,54],[137,39],[114,52],[43,15],[176,45],[124,36],[70,-31],[228,-39],[50,-25],[30,-96],[-10,-56],[6,-36],[-14,-130],[-3,-207],[11,-74],[-34,-77],[-5,-49],[-22,-99],[-21,-50],[-45,-151],[-17,-135]],[[20719,35282],[-16,-108],[-55,-66],[-51,65],[-72,108],[-33,34],[-41,26],[-71,6],[-60,-27],[15,-20],[-3,-35],[-62,-23],[-82,3],[-13,-18],[2,-76],[-43,-42],[-49,-23],[-9,-28],[-19,-11],[-88,51],[-15,25],[-78,73],[-27,0],[-40,20],[-82,20],[0,31],[-37,81],[-23,3],[-22,24],[-51,-6],[-18,-16],[-43,18],[-32,-3],[-37,16],[-55,5],[-37,25],[-52,-28],[-45,28],[-19,0],[-18,-43],[-83,-61],[-39,-7],[2,43],[-104,-94],[-315,-351],[-396,-441],[-81,46],[-35,8],[-59,-2],[-96,-24],[-41,-35],[-34,-47],[-41,-37],[-41,-27],[-18,-21],[-33,-69],[-18,-25],[-55,-33],[-93,-21],[-39,-1],[-77,12],[29,-49],[-21,-47],[20,-26],[-25,-14],[-6,-27],[-32,-21],[21,-30],[-53,-41],[-5,-20],[-26,-8],[18,-25],[10,-43],[-14,-12],[12,-29],[-21,-15],[-42,-12],[-8,-26],[-33,-14],[-17,8],[-50,-41],[-47,0],[-91,-43]],[[17161,33649],[-2,78],[-37,-16],[-38,-38],[-58,-23],[-58,-45],[-30,-58],[-163,37],[-30,1],[-113,-21],[-192,-32],[-257,60],[-177,206],[-37,31],[-37,16],[-62,16],[19,70],[-8,67],[-23,38],[-41,33],[-47,16],[-78,-11],[-31,-18],[-43,-47],[-36,2],[-31,52],[-39,41],[-67,43],[-110,31],[-65,-4],[-103,-38],[-124,-15],[-143,10],[-27,37],[-24,18],[-60,22],[-60,-2],[-48,7],[-86,62],[-76,27],[-53,6],[-541,144],[-398,77],[-61,3],[-6,8],[-26,103],[-27,88],[-25,50],[-45,58],[-43,36],[-347,226],[-406,265],[-50,30],[-358,176],[-73,43],[-29,93],[-22,35],[-30,32],[-92,68],[-34,15],[-49,3],[-18,9],[-88,18],[-65,-11],[-85,-4],[-102,60],[-102,44],[-48,46],[-58,32],[-47,6],[-96,-16],[-80,3],[-50,15],[-142,-3],[-81,-23],[-30,1]],[[10712,36038],[0,234],[2,540],[-2,57],[0,1022],[1,52],[0,455]],[[10713,38398],[18,33],[15,53],[-20,34],[-8,41],[29,41],[18,10],[8,36],[-10,13],[2,63],[14,31],[33,47],[38,40],[33,85],[-17,70],[1,22],[24,89],[-2,45],[-11,22],[-67,31],[-18,17],[-7,33],[-35,52],[-19,9],[-25,35],[5,42],[39,63],[5,34],[19,40],[-1,45],[-22,88],[21,42],[55,42],[7,12],[-14,38],[13,25],[-15,45],[-26,24],[-84,24],[-38,49],[-11,47],[10,80],[-1,28],[-19,24],[-8,34],[-33,27],[-13,60],[-11,121],[-18,53],[16,61],[33,65],[79,83],[33,21],[31,64],[29,139],[27,51],[47,28],[33,-4],[60,-33],[52,2],[4,10],[98,2],[38,-12],[25,-22],[55,-16],[51,-26],[58,38],[26,4],[58,-27],[37,-6],[45,14],[25,48],[22,23],[1,25],[27,58],[42,29],[51,57],[-26,121],[12,56],[21,51],[-4,34],[32,29],[66,34],[52,16],[57,34],[43,36],[3,20],[24,21],[59,24],[63,-13],[20,-12],[26,-36],[19,-9],[65,27],[35,23],[25,29],[41,66],[84,52],[50,37],[60,15],[67,33],[51,40],[63,28],[68,19],[33,46],[44,73],[43,43],[98,54],[25,19],[56,18],[37,0],[133,-55],[48,-5],[56,17],[95,22],[60,26],[95,20],[52,24],[18,26],[12,47],[15,29],[36,17],[40,-2],[48,-25],[39,-12],[34,8],[54,38],[47,40],[23,39],[19,68],[18,17]],[[22999,33566],[26,0],[14,-34],[30,-44],[39,-45],[42,-11]],[[23151,33311],[-96,0]],[[22515,33479],[84,-30],[-5,-23],[64,-11],[32,-22],[13,-31],[47,-21]],[[22642,33187],[-44,-19],[-36,2],[-46,-18]],[[22516,33152],[0,152],[-128,-1],[0,126],[127,0],[0,50]],[[23187,33063],[22,27],[31,15],[7,43],[29,11],[-4,28]],[[23272,33187],[51,-56],[31,-20],[40,9],[15,106],[1,53]],[[23410,33279],[-4,54],[-29,27]],[[23377,33360],[55,12],[50,4],[5,20]],[[23487,33396],[76,-14],[46,-3],[120,6],[27,-14]],[[23756,33371],[40,-55],[48,-16],[15,-51],[21,-21],[35,-17],[24,-63],[17,-30]],[[23956,33118],[7,-40],[-17,-58],[-13,-18],[-44,-25],[-19,1],[-12,-29],[-44,-24],[-53,-3],[-41,18],[-1,-34],[-41,11],[-14,-61],[-70,-1],[10,-22],[-45,-27],[-5,-16],[-30,-14],[-16,-21],[-60,16],[-11,-7],[-67,42],[-44,2],[-35,-12],[-39,-3]],[[23252,32793],[-38,55],[10,89],[17,49],[-8,74],[-25,-8],[-21,11]],[[24542,48348],[0,-499],[-29,0],[0,-27]],[[24513,47822],[-110,23],[-101,1],[-14,68],[18,9],[-49,63],[-26,16],[-10,38],[-48,0],[-5,44],[-16,26],[-28,21],[-34,3]],[[22859,33203],[-10,-25]],[[22826,33157],[-28,-5],[-30,-28],[-22,-8],[-105,-1],[-81,12],[-89,27]],[[22471,33154],[45,-2]],[[20268,39894],[39,15],[52,5],[21,-7],[54,30],[6,-28],[34,-24],[34,-49],[50,-19],[46,16],[24,37],[33,18],[40,38],[58,-3],[27,23],[22,47],[90,113],[49,15],[29,21],[15,27],[29,18],[28,0],[56,-34],[33,18],[18,-12],[52,26],[68,17],[67,30],[17,28],[35,27],[24,30],[30,19],[-15,48],[52,96],[40,31],[78,79],[34,16],[3,35],[22,37],[-4,24],[-27,23],[12,55],[-32,85],[9,21],[-21,21],[-9,28],[-26,34],[35,8],[11,42],[-23,37],[35,81],[40,61],[25,104],[-3,57],[11,53],[25,79],[-5,59],[-23,64],[21,59],[79,81],[13,0]],[[21805,41754],[22,-13],[47,2],[45,-23],[38,17],[28,55],[42,-18],[44,21],[-1,-450],[4,-434],[9,-337],[11,-172],[0,-76],[-6,-173],[115,-1],[-4,-46],[0,-85],[136,1],[0,-126],[65,1],[-1,-250],[-64,1],[1,-438],[2,-194],[-3,-84],[1,-156],[109,1],[-2,-110],[15,-26],[1,-51],[113,-1],[-1,-367],[1,-133],[-2,-146],[4,-33],[-386,1],[0,-150],[1,-487],[99,-1],[25,13],[90,-5],[366,21],[232,-10],[0,-264],[61,2],[203,-4],[55,1],[0,-20],[256,-1],[0,292],[2,206],[127,-1],[-1,283],[7,106],[-5,73],[124,42],[197,-1],[74,2],[99,-3]],[[24200,38005],[664,-2],[76,-1],[65,6],[9,-5],[254,1],[7,-61],[-20,-107],[3,-29],[35,-63],[32,-44],[17,-73],[36,-38],[1,-29],[-36,-29],[-68,-9],[-33,-14],[-35,-86],[15,-35],[30,-44],[1,-76],[-48,-57],[-18,-57],[13,-49],[44,-50],[30,-18],[37,-74],[-1,-47],[-26,-83],[-1,-34],[18,-35],[69,-64],[0,-40],[-19,-32],[0,-39],[20,-49],[35,-18],[47,-2],[7,-28],[51,-7],[33,-18],[29,-29],[36,-50]],[[25609,36387],[-12,0],[1,-65],[32,-1],[-2,-62],[-126,0],[0,-125],[-130,-1],[2,-123],[-127,0],[0,-126],[-130,0],[0,-64],[-7,-65],[-95,0],[-20,-104],[-20,-54],[17,-90],[-7,-115],[-16,-38],[-19,-15],[-146,-68],[-19,-17],[-49,-98],[-122,-146],[-47,-10],[-33,-61],[-33,-35],[-32,-50],[-69,-48],[-27,-42],[-31,4],[-14,-17],[-43,-26],[-26,-4],[-60,-40],[-40,-18],[-69,16],[-27,21],[-101,6],[-59,-47],[-19,-28],[-75,-9],[-45,14],[-36,-10],[-10,26],[-49,44],[-33,-7],[-22,17],[-68,-8],[-27,-12],[-43,12],[-55,0],[31,-72],[17,-87]],[[23469,34539],[-11,-19],[15,-42],[-9,-156],[2,-291],[3,-137],[-60,-332]],[[23409,33562],[-2,-81],[-28,-26],[-37,-12],[-77,-3]],[[22749,33550],[-20,9],[-214,-5],[0,-75]],[[22471,33154],[-15,-55],[49,-18],[64,-17]],[[22569,33064],[-28,-27],[-22,-58],[-5,-57],[12,-24],[44,5],[56,-37],[2,-49],[22,-40]],[[22650,32777],[-20,-63],[-4,-60],[-19,-23]],[[22607,32631],[-28,-47],[-28,-24],[-68,-19],[-24,-18],[-40,-60],[-18,-18],[-35,-12],[22,-58],[18,-29],[28,-7],[2,-32],[14,-18],[-46,-52],[-23,-58],[-22,-20],[21,-25],[6,-28],[-4,-70],[20,-31]],[[22402,32005],[-18,-38],[-25,2],[-22,-30],[21,-57]],[[22358,31882],[29,-65],[-30,-44],[-46,-6],[-23,-11],[-53,-1],[-22,16],[-23,-13],[-4,-23],[-40,-6],[-31,10],[10,-37],[69,-18],[-12,-32],[20,-101],[-43,-9],[-47,22],[-26,-8],[-16,20],[-29,12],[-37,-32],[15,-57],[-11,-24],[2,-34],[-16,-17],[-38,-86]],[[21956,31338],[-219,0],[0,-40],[-117,0]],[[21620,31298],[-270,-1],[-999,2],[-53,-5]],[[20298,31294],[16,16],[46,10],[28,31],[45,24],[6,21],[62,23],[12,43],[35,-8],[20,40],[10,36],[-37,61],[4,25],[30,16],[-1,16],[29,56],[-4,20],[21,38],[-11,64],[-20,8],[4,51],[40,29],[27,98],[31,73],[23,26],[10,33],[-6,27],[-28,46],[-48,40],[-5,27],[-36,83],[-27,33],[-15,1],[-51,48],[-63,32],[-24,83],[-35,42],[41,44],[42,11],[31,-1],[26,19],[-13,26],[10,34],[-15,33],[477,5],[10,3]],[[20995,32780],[380,-1],[0,11],[194,0],[178,6],[0,124],[259,2],[1,316],[-3,48],[-28,36],[-94,38],[-39,33],[-144,81],[-290,104],[-20,5],[-167,10],[-38,8],[-82,48],[-108,14]],[[20994,33663],[-57,24],[3,9],[-78,28],[1,11],[49,9],[32,40],[13,28],[-2,86],[99,25],[23,14],[21,-5],[53,14],[-5,43],[13,78],[-13,39],[-37,14],[-36,114],[28,36],[-5,33],[7,30],[94,54],[18,23],[5,48],[30,46],[29,24],[7,43],[34,38],[65,28],[3,21],[-24,43],[-8,31],[9,25],[-57,13],[-121,45],[-13,11],[-66,88],[-18,10],[-41,62],[-35,41],[-2,34],[-15,45],[0,36],[-55,1],[1,30],[-13,24],[-41,4],[-89,36],[-12,14],[-69,31]],[[21340,17576],[30,0]],[[21375,17452],[-63,-1]],[[21312,17451],[21,38],[-17,11],[19,36],[5,40]],[[22546,17582],[67,0]],[[22613,17582],[1,-124]],[[20766,19386],[126,0],[0,-62]],[[20892,19324],[-2,-63]],[[20765,19260],[1,126]],[[21267,19233],[31,3],[44,21],[43,0],[40,27],[0,42]],[[21425,19326],[62,0]],[[21487,19326],[31,0]],[[21518,19326],[-2,-125]],[[21516,19201],[-250,1]],[[21266,19202],[1,31]],[[21455,19451],[49,9]],[[21504,19460],[52,-30],[20,-42]],[[21576,19388],[51,-43],[46,-19]],[[21673,19326],[-155,0]],[[21487,19326],[0,54],[-32,0],[0,71]],[[21142,19576],[94,0]],[[21236,19576],[31,0]],[[21267,19576],[0,-125]],[[21267,19451],[-94,0],[-31,-4]],[[21142,19447],[0,129]],[[28120,6886],[-2,126]],[[21128,16568],[33,0]],[[21250,16322],[-119,-3]],[[20562,16821],[-3,124]],[[21565,17078],[63,0]],[[21628,17078],[0,-125]],[[21565,16953],[0,125]],[[19704,22208],[9,29],[40,43],[28,21],[103,21]],[[19884,22322],[0,-258],[468,-1],[49,-5],[164,-2]],[[20565,22056],[23,-14],[17,-40],[22,-78],[-4,-28],[-41,-31],[-26,-79],[15,-30],[-7,-72],[16,-39],[27,-40],[17,-67],[-3,-20],[-30,-58],[-22,-64],[-7,-43],[-40,-61],[-14,-1],[-50,-56],[-42,-15],[-28,-33]],[[20388,21187],[-378,-1]],[[20010,21186],[-126,0]],[[19884,21186],[0,349],[19,73],[5,59],[27,61],[0,18],[-60,77],[-36,64],[-8,48]],[[19831,21935],[-2,28],[-25,34],[-13,63],[-21,11],[-55,123],[-11,14]],[[18761,20551],[125,0]],[[18886,20551],[1,-110]],[[18887,20441],[3,-125]],[[18890,20316],[-1,-12]],[[18889,20304],[-115,0]],[[18774,20304],[5,40],[-13,27],[9,23],[-10,33],[-4,124]],[[18887,20441],[140,1]],[[19027,20442],[134,1]],[[19161,20443],[94,2]],[[19255,20445],[1,-125]],[[19256,20320],[-192,-4]],[[19064,20316],[-174,0]],[[19255,20445],[126,1]],[[19381,20446],[1,-125]],[[19382,20321],[-126,-1]],[[20389,20937],[100,1]],[[20489,20938],[-63,-123]],[[20426,20815],[-37,18],[0,104]],[[334,10015],[54,4],[7,9]],[[395,10028],[3,-48]],[[398,9980],[0,-134]],[[398,9846],[-62,22]],[[336,9868],[-2,147]],[[336,9868],[-94,33]],[[242,9901],[-14,16],[-10,62]],[[218,9979],[5,40],[18,26],[39,18],[17,-26],[37,-22]],[[829,10860],[-61,-1]],[[768,10859],[-63,0]],[[2440,11679],[63,1],[0,-21],[-18,-31],[14,-34],[66,23]],[[2565,11617],[1,-124]],[[2566,11493],[-95,-1]],[[2471,11492],[-23,0]],[[2448,11492],[-7,2],[-1,185]],[[2439,11741],[1,-62]],[[2448,11492],[-44,6],[-62,24]],[[2342,11522],[-91,36],[-47,6],[-75,-11]],[[2129,11553],[-86,-12],[-39,0],[-61,19]],[[27833,5611],[3,41],[-33,31],[0,64]],[[27803,5747],[62,0]],[[27865,5747],[71,-1],[-21,-253],[-12,-122]],[[27903,5371],[-196,2]],[[27707,5373],[-4,51],[15,26],[52,16],[35,1],[-5,35],[13,18],[26,2],[-14,34],[8,55]],[[27676,5373],[31,0]],[[27903,5371],[-15,-214],[-5,-36],[-53,-136],[-4,-31],[-27,-30],[-28,-57]],[[27691,4871],[1,34],[-11,390],[-5,78]],[[27829,9670],[-28,3],[-29,-31],[-3,-43],[36,-58]],[[27805,9541],[-28,-35],[-34,-7],[-247,0]],[[27496,9499],[-32,0],[-1,128],[-12,5],[-1,54],[18,24],[-6,20],[33,20],[19,26],[5,79],[-15,61],[-17,39],[122,22],[23,-12],[25,-51],[60,-53],[14,-24],[30,14],[27,-14]],[[17237,20061],[34,-23],[33,21],[18,28],[30,16],[30,-12]],[[17382,20091],[-42,-90],[-6,-68]],[[17334,19933],[-126,1]],[[17208,19934],[-110,0]],[[17098,19934],[28,25],[42,6],[35,20],[15,24],[19,52]],[[17208,19934],[-6,-23],[24,-54],[-15,-46]],[[17211,19811],[-144,-4]],[[17067,19807],[-2,0]],[[17065,19807],[22,48],[22,21],[-11,58]],[[17334,19933],[-3,-122]],[[17331,19811],[-59,0]],[[17272,19811],[-61,0]],[[17883,19809],[55,-1]],[[17938,19808],[71,1]],[[18009,19809],[63,0]],[[18087,19810],[8,-46],[21,-24]],[[18116,19740],[-107,1],[0,-63],[-44,1]],[[17965,19679],[-81,0]],[[17884,19679],[-1,130]],[[22262,17892],[119,1]],[[22381,17893],[47,-62]],[[22387,17831],[-125,-1]],[[22262,17830],[0,62]],[[29973,7907],[-2,-37],[1,-116],[-181,3],[-188,0]],[[28612,6950],[1,72],[32,18],[92,-68],[0,-40],[28,-9],[14,-45],[15,-22],[81,-53],[32,-40],[17,-5],[148,-1]],[[29072,6757],[157,-1]],[[29229,6756],[0,-140]],[[29229,6616],[-63,8]],[[29166,6624],[-61,80],[-24,16],[-50,-8]],[[29031,6712],[-22,-31],[0,-27],[12,-33],[-3,-27],[-17,-40],[0,-94],[-12,-22]],[[28989,6438],[-94,70]],[[28895,6508],[-160,120]],[[28735,6628],[-123,91]],[[28612,6719],[0,231]],[[27273,4622],[83,61]],[[27356,4683],[19,0],[52,-18],[32,5],[39,-9],[67,16],[42,-3],[15,36]],[[27620,4622],[-65,-9],[-11,-66],[-16,-54]],[[27528,4493],[-30,3],[-29,34],[-50,42],[-21,36],[-15,11],[-110,3]],[[27132,7758],[30,2],[47,-31],[37,-4],[43,-24],[32,-35],[56,0]],[[27377,7666],[0,-83],[62,-4]],[[27132,7227],[-62,-20]],[[27070,7207],[-9,16],[-72,53]],[[26845,7381],[-61,40],[-19,18],[-68,36]],[[26697,7475],[-18,23],[-20,52],[-23,32],[-5,49]],[[27982,7262],[5,0]],[[28243,7263],[14,0],[70,-76],[7,-52],[41,-1],[114,-123],[0,-61],[123,0]],[[28612,6719],[-190,142],[-22,27]],[[22387,17893],[250,1]],[[22637,17894],[0,-61]],[[22637,17833],[-209,-2]],[[22381,17893],[6,0]],[[22637,17894],[124,-5]],[[22761,17889],[51,0]],[[22812,17889],[0,-62]],[[22812,17827],[-52,0]],[[22760,17827],[-99,0],[-24,6]],[[22812,17889],[200,0]],[[23012,17889],[0,-63]],[[22886,17826],[-74,1]],[[23012,17889],[180,0]],[[23192,17889],[8,0]],[[23200,17889],[-1,-63]],[[23199,17826],[-62,0]],[[23137,17826],[-125,0]],[[23200,17889],[188,-1]],[[23388,17826],[-126,0]],[[23262,17826],[-63,0]],[[23137,17826],[0,-31]],[[23137,17795],[-31,0],[1,-93],[-96,0]],[[22636,17707],[26,-5],[98,0]],[[22760,17702],[0,-121]],[[22760,17581],[-147,1]],[[22613,17582],[22,47],[1,78]],[[21267,19576],[41,19],[60,-20],[43,-61]],[[21411,19514],[12,-10],[81,-44]],[[21455,19451],[-188,0]],[[20894,20565],[253,0]],[[21147,20565],[0,-116]],[[21147,20449],[0,-125]],[[21147,20324],[-252,1]],[[20895,20325],[-1,240]],[[21147,20324],[0,-127]],[[21147,20197],[-4,3],[-248,0]],[[20895,20200],[0,125]],[[21147,20197],[-1,-59]],[[21146,20138],[-38,0],[-37,-11],[-63,-46],[-41,-12],[-72,7]],[[20895,20076],[0,124]],[[21146,20138],[1,-127],[23,-68]],[[21170,19943],[-5,-35],[-37,-29]],[[21128,19879],[-45,44],[-33,14],[-155,39]],[[20895,19976],[0,100]],[[21128,19879],[20,-58]],[[21148,19821],[0,-76]],[[21148,19745],[0,-13]],[[21148,19732],[-55,24],[-198,49]],[[20895,19805],[0,171]],[[20489,20938],[26,0],[-1,-62],[63,0],[1,-63]],[[20578,20813],[-33,-8],[-39,-41]],[[20506,20764],[-40,32],[-40,19]],[[20506,20764],[9,-31],[0,-44]],[[20515,20689],[-155,-1]],[[20360,20688],[66,127]],[[20171,20330],[34,58],[155,300]],[[20515,20689],[126,0]],[[20641,20689],[251,1]],[[20892,20690],[2,-125]],[[20895,20325],[-186,0]],[[20709,20325],[-126,0]],[[20482,20325],[-297,-1],[-14,6]],[[18513,20179],[0,62],[31,0],[0,63]],[[18544,20304],[94,-1]],[[18638,20303],[-1,-181],[-18,-29]],[[18619,20093],[-17,11],[-89,13],[0,62]],[[18638,20303],[126,1]],[[18764,20304],[-1,-126]],[[18763,20178],[-15,-1],[-60,-130]],[[18688,20047],[-50,6]],[[18638,20053],[-19,40]],[[18764,20304],[10,0]],[[18889,20304],[-1,-124]],[[18888,20180],[-125,-2]],[[3036,12341],[-72,-92],[86,-16],[-22,-94],[50,-74],[43,-52],[48,-90],[48,-20],[19,-31],[1,-30],[35,-80],[9,-67],[50,-29],[13,-33],[0,-42],[22,-18],[42,1],[60,-72],[8,-29],[40,-33],[55,-27]],[[3571,11413],[-75,-8],[-29,-13],[-54,-7],[-50,20],[-112,-2],[-75,9],[-164,57]],[[2936,11489],[0,71],[-74,107],[-41,32],[-24,34],[-21,15],[-24,46]],[[2566,11493],[60,-1]],[[2626,11492],[62,0]],[[2688,11492],[1,-124]],[[2689,11368],[-122,1]],[[2567,11369],[-1,124]],[[18116,19740],[12,-15],[6,-47],[31,0],[0,-110],[-11,-33]],[[18154,19535],[0,-1]],[[18154,19534],[-54,20]],[[18100,19554],[-83,77]],[[18017,19631],[-52,48]],[[17883,19679],[1,0]],[[18017,19631],[-8,-2],[-125,-73]],[[17884,19556],[-1,123]],[[18100,19554],[-28,-1]],[[18072,19553],[-63,1]],[[18009,19554],[-62,0]],[[17947,19554],[-63,1]],[[17884,19555],[0,1]],[[18072,19553],[1,-124]],[[18073,19429],[-63,0]],[[18010,19429],[-1,125]],[[17614,18688],[154,1]],[[17768,18689],[124,-4]],[[17892,18685],[0,-125]],[[17892,18560],[-24,-3],[-49,-36],[-50,-23]],[[17769,18498],[-33,-2],[0,65],[-92,1]],[[17644,18562],[-1,47],[-30,0],[1,79]],[[17762,19058],[93,0]],[[17855,19058],[263,-3]],[[18118,19055],[-4,-30],[8,-32],[26,-12],[-9,-52],[0,-246]],[[18139,18683],[-180,-1],[-67,3]],[[17892,18685],[0,124]],[[17892,18809],[-1,124],[-11,0]],[[17880,18933],[-3,62],[-84,1],[-29,10],[-2,52]],[[18139,18683],[1,0]],[[18095,18559],[-203,1]],[[17892,18436],[161,-2]],[[18053,18434],[-7,-61],[-30,0],[0,-63],[-62,1]],[[17954,18311],[-62,0]],[[17892,18311],[0,125]],[[17315,18564],[247,-2],[41,-10]],[[17603,18552],[56,-48],[-15,-67]],[[17644,18437],[-233,3],[-120,-1]],[[17291,18439],[24,125]],[[22637,17833],[-1,-126]],[[19388,19446],[82,0]],[[19470,19446],[7,-28],[-27,0],[-26,-29],[42,-6],[-1,-61]],[[19465,19322],[-78,0]],[[19387,19322],[1,124]],[[19470,19446],[43,0]],[[19513,19446],[-1,-124]],[[19512,19322],[-47,0]],[[19887,18822],[-1,125]],[[20138,18574],[125,3]],[[20326,18576],[64,0]],[[20390,18576],[-1,-126]],[[20389,18450],[-63,0]],[[20201,18262],[62,0]],[[20263,18262],[0,-62]],[[20263,18200],[-62,0]],[[20201,18200],[0,62]],[[18527,20800],[76,3],[12,-53],[38,-83],[26,-31],[-22,-8],[20,-27],[4,-50]],[[18681,20551],[-39,0],[-18,-11]],[[18624,20540],[-39,43],[-41,8],[-20,20],[-5,25],[-22,19],[-38,9]],[[18459,20664],[18,45],[30,44],[20,47]],[[27847,9006],[-6,-27],[-35,-98]],[[27617,8881],[-1,53],[40,9],[84,1],[0,62],[107,0]],[[26639,9180],[56,-52],[26,-31],[97,-140],[119,-140]],[[26937,8817],[-49,-63],[-26,13],[-37,35],[-35,57],[-11,31],[-63,-36]],[[26716,8854],[-21,6]],[[26695,8860],[8,38],[-14,20],[6,34],[35,0],[21,22],[-21,35],[1,28],[-28,38]],[[26703,9075],[-71,43],[-38,16],[-23,29],[-49,26]],[[26522,9189],[35,5],[55,-31],[27,17]],[[25819,9876],[245,-206],[193,-165]],[[26257,9505],[-363,-2],[1,-312]],[[25895,9191],[-56,0],[-25,-11],[-14,-34],[-30,-18],[-124,0],[-44,-16],[-187,0],[-27,-10]],[[18424,20550],[35,114]],[[18624,20540],[28,-18],[18,-24],[3,-45],[-22,-37],[-94,14],[-59,-2],[-4,122],[-70,0]],[[18885,20777],[84,-95],[38,-19]],[[19007,20663],[1,-56],[15,-33],[-50,-38],[8,-28],[68,-42],[-22,-24]],[[18886,20551],[-1,226]],[[18888,20180],[1,-119]],[[18889,20061],[-125,-1]],[[18764,20060],[-62,-23],[-14,10]],[[19064,20316],[-67,-64],[10,-31],[0,-158]],[[19007,20063],[-118,-2]],[[19382,20321],[1,-87]],[[19383,20234],[-135,-89],[16,-21],[-2,-49]],[[19132,20065],[-125,-2]],[[19383,20234],[-1,-37]],[[19382,20197],[1,-125]],[[19383,20072],[-29,4],[-92,-1]],[[18132,20045],[22,8],[106,1]],[[18260,20054],[1,0]],[[18261,20054],[1,-126]],[[18513,20054],[125,-1]],[[18688,20047],[-29,-56],[-13,-61]],[[17769,18498],[0,-49],[19,-13]],[[17788,18436],[-25,-3]],[[17763,18433],[-33,-13],[-30,1],[-7,35],[-49,-19]],[[17603,18552],[41,10]],[[17892,18560],[0,-124]],[[17892,18436],[-104,0]],[[17331,19811],[66,0]],[[17397,19811],[-1,-126]],[[17396,19685],[-124,0]],[[17272,19685],[0,126]],[[17397,19811],[111,-1]],[[17508,19810],[1,-126]],[[17509,19684],[-112,1]],[[17397,19685],[-1,0]],[[17508,19810],[125,-1]],[[17758,19809],[2,-128]],[[17634,19681],[-125,3]],[[19510,18325],[0,125]],[[19510,18450],[30,1]],[[19634,18451],[0,-126]],[[19634,18325],[-1,-126]],[[19633,18199],[-58,0]],[[19575,18199],[-52,-1]],[[19523,18198],[-16,16],[3,111]],[[19510,18450],[-125,0]],[[17792,20181],[149,1]],[[17941,20182],[65,1],[2,-132]],[[18008,20051],[-66,-8],[-47,5],[-15,27],[-35,22],[-35,-8]],[[17810,20089],[-14,24],[-4,68]],[[17508,19810],[15,49],[31,25],[39,15],[25,19]],[[16337,17566],[-86,0],[-22,-5],[-53,21],[-71,0],[-21,-12],[-121,0]],[[15963,17570],[-1,119],[248,1]],[[27865,574],[2,-19],[36,-29],[55,-77],[10,-6]],[[27968,443],[111,-104],[4,-9]],[[28083,330],[3,-30]],[[28086,300],[-50,-5],[-113,-35],[-37,-46],[-11,-36],[-29,-39],[-24,-62],[-5,-50],[20,-24]],[[27837,3],[-84,0]],[[27753,3],[-1,509],[126,0],[-13,36],[0,26]],[[16337,17441],[-189,2],[-187,-1],[2,128]],[[19007,20663],[80,-34],[16,0],[84,34]],[[19187,20663],[-10,-44],[18,-26]],[[19195,20593],[-32,-49],[-2,-101]],[[19195,20593],[45,-13],[78,-9],[36,-30],[26,-7],[-4,-56],[5,-32]],[[19187,20663],[48,-4],[162,40],[36,30],[24,9]],[[19457,20738],[32,-183]],[[19489,20555],[39,-220]],[[19528,20335],[-38,-2],[-36,12],[-45,-24],[-27,0]],[[19668,21197],[38,7],[53,-18]],[[19759,21186],[125,0]],[[20010,21186],[-1,-122],[-100,-2],[1,-27],[-55,-52],[-31,-6],[-40,-21],[-20,-22],[-26,-8]],[[19738,20926],[-30,11],[-17,-19],[-33,17],[-35,-10],[-9,-18],[-51,-29],[-4,-10]],[[19559,20868],[-17,19],[-1,52],[10,31],[-8,24],[38,3],[31,78],[12,54],[44,68]],[[19738,20926],[39,-3],[51,-29],[38,-6],[62,-102],[71,-66],[26,-41],[2,-36],[24,-17],[8,-39],[-33,6],[-19,-19]],[[20007,20574],[-26,-11],[-227,-2],[-85,-4],[-32,29]],[[19637,20586],[-110,156]],[[19527,20742],[21,38],[14,46],[-3,42]],[[21148,19745],[129,-32],[19,-20]],[[21296,19693],[-45,-33],[-14,-23]],[[21237,19637],[-94,-3]],[[21143,19634],[5,98]],[[21237,19637],[-1,-61]],[[21142,19576],[1,58]],[[21296,19693],[65,-88]],[[21361,19605],[50,-91]],[[18764,20060],[0,-131]],[[28109,143],[-27,-45],[-78,-95]],[[28004,3],[-22,0]],[[27982,3],[-39,17],[-25,26],[1,32],[27,3],[27,32],[45,25],[53,4],[19,-11],[19,12]],[[27996,3387],[454,0]],[[28450,3387],[178,0],[0,43],[740,-1],[678,-1]],[[30046,3428],[771,-1],[728,-1]],[[31545,3426],[0,-739],[0,-268],[-61,-1],[0,-497]],[[31484,1921],[-1,-740],[7,-12],[0,-802],[1,-362]],[[31491,5],[-307,-1],[-699,1],[-167,1]],[[30318,6],[-85,116],[-43,25],[-68,62],[-59,28],[-68,47],[-39,37],[-20,9],[-40,41],[-35,15],[-40,33],[-10,50],[35,58],[-12,56],[-25,13],[-21,41],[17,63],[-22,32],[-39,1],[-13,14],[-4,36],[-38,29],[-25,28],[-46,13],[-40,43],[-5,27],[-28,53],[-7,36],[13,68],[38,59],[-34,21],[-11,37],[-25,14],[-6,30],[-32,35],[-5,28],[-24,24],[-40,-2],[-28,31],[-33,-4],[-19,29],[-6,40],[-24,26],[-29,1],[-11,27],[-39,-4],[-27,8],[-39,33],[-15,62],[-53,-4],[-27,25],[-5,24],[-39,49],[-41,8],[-43,57],[-16,45],[-51,33],[-22,3],[-99,76],[-73,1],[2,19],[-35,81],[5,35],[-30,19],[-4,21],[-41,29],[-58,20],[-52,52],[-17,45],[-32,18],[-1,16]],[[28410,2247],[50,47],[-3,22],[33,47],[-8,25],[-4,53],[11,42],[-32,116],[-21,38],[35,28],[2,51],[28,59],[21,9],[-3,54],[-41,38],[-74,8],[-50,28],[-34,-10],[-48,13],[-18,17],[-38,-24],[-49,-7],[-34,-11],[-93,28],[-52,-1],[-37,23],[-10,29],[-17,8],[-22,33],[-36,20],[-7,17],[27,18],[-3,22],[62,8],[78,3],[-11,19],[-39,23],[-21,72],[-21,50],[17,11],[20,-13],[31,82],[-17,26],[14,19]],[[27166,3383],[139,0]],[[27305,3383],[530,4],[161,0]],[[28410,2247],[-69,-2],[-20,14],[-40,-3],[-33,10],[-39,-18],[-54,1],[-45,24],[-28,-7],[-3,42],[-18,42],[-97,-47],[-66,-12],[-33,-34],[-67,-39],[-69,-18],[-26,-37],[-19,-12],[-47,-7],[-92,-38],[-32,-22],[3,-71],[-41,-49],[-55,-34],[34,-32],[-34,-33],[-21,-32],[52,-48],[-38,-25],[-61,13],[-22,-18]],[[27330,1755],[-67,69],[-27,38],[-17,65],[-16,19],[-51,27],[-43,-7],[-180,-88],[-350,1],[-21,20],[0,24],[-30,36],[-50,9],[-1,13],[-54,-17],[-25,33]],[[28086,300],[5,-86],[18,-34],[0,-37]],[[27982,3],[-145,0]],[[17509,19684],[1,-125]],[[17510,19559],[-114,1],[1,125]],[[17635,19557],[-125,2]],[[17760,19681],[123,-2]],[[17884,19555],[-124,1]],[[17635,19557],[1,-125]],[[17636,19432],[-126,2]],[[17510,19434],[0,125]],[[17636,19432],[0,-124]],[[17636,19308],[-125,2]],[[17511,19310],[-1,124]],[[17884,19555],[0,-125]],[[17884,19430],[1,-124],[-62,0]],[[17823,19306],[-187,2]],[[17947,19554],[0,-84],[-16,-17],[16,-24]],[[17947,19429],[-63,1]],[[18010,19429],[-63,0]],[[18073,19429],[64,1]],[[18137,19430],[-32,-68],[0,-59]],[[18105,19303],[-94,2],[-1,124]],[[17146,17940],[229,1],[22,-3]],[[17397,17938],[124,1],[-3,125]],[[17518,18064],[123,-1]],[[17641,18063],[126,-1],[2,-88]],[[17769,17974],[-184,-124],[-29,-7],[-347,-50],[-1,23],[-62,0],[0,124]],[[19886,18075],[125,0]],[[20011,18075],[127,0]],[[20138,18075],[-1,-88],[44,-18],[42,-46]],[[20223,17923],[-82,-24]],[[20141,17899],[-87,3],[-109,31],[-57,4]],[[19888,17937],[0,2]],[[19888,17939],[-2,136]],[[21640,18201],[105,0]],[[21745,18201],[-60,-78],[1,-48]],[[21686,18075],[-47,0]],[[21639,18075],[1,126]],[[21190,17886],[203,1]],[[21164,17824],[-4,23],[30,39]],[[18498,19560],[91,2]],[[18589,19562],[-79,-77],[-36,-61]],[[18474,19424],[-84,31]],[[18390,19455],[30,102]],[[18589,19562],[50,0]],[[18639,19562],[-1,-124]],[[18638,19438],[-126,-2],[0,-24]],[[18512,19412],[-38,12]],[[22642,18453],[0,125]],[[22642,18578],[245,-2]],[[22887,18576],[-8,-55],[9,-11],[0,-74],[-32,-15],[-31,0],[0,-31],[-62,0],[0,-62]],[[22763,18328],[-92,1]],[[22671,18329],[-29,53],[0,71]],[[22887,18576],[237,-3]],[[23124,18573],[-19,-50],[-41,-88],[-30,-84],[-15,-60]],[[23019,18291],[-38,15],[-31,21],[-187,1]],[[20578,20813],[63,1]],[[20641,20814],[0,-125]],[[20829,20939],[63,0]],[[20892,20939],[0,-249]],[[20641,20814],[0,124],[188,1]],[[18227,20298],[36,0]],[[18263,20298],[31,-9],[-2,-110],[-30,0],[-2,-125]],[[18103,20058],[91,108],[-5,23],[33,55],[-7,18],[12,36]],[[16958,19311],[438,0]],[[17396,19311],[115,-1]],[[17823,19306],[1,-125],[61,0],[1,-62],[-62,1],[0,-50],[31,-12]],[[17762,19058],[-186,2]],[[17576,19060],[-161,2],[-457,-1]],[[16958,19061],[0,250]],[[17576,19060],[4,-101],[-77,-84],[-65,-62],[0,-32],[81,1],[23,30],[101,1],[1,-31],[25,0],[-1,30],[38,0],[0,32],[-63,0],[0,31],[125,-1]],[[17768,18874],[0,-63]],[[17768,18811],[0,-122]],[[17614,18688],[-285,-1]],[[17329,18687],[-370,1]],[[16959,18688],[1,120]],[[16960,18808],[-2,253]],[[17892,18809],[-81,-6],[-43,8]],[[17768,18874],[-2,88],[27,3],[1,-31],[35,0],[0,-27],[35,-1],[16,27]],[[17769,17971],[61,38]],[[17830,18009],[62,42]],[[17892,18051],[46,9]],[[17916,17937],[-145,1],[-2,33]],[[18514,19685],[87,-3],[4,-30],[35,19]],[[18105,19303],[32,4],[60,-2]],[[18197,19305],[2,-124]],[[18199,19181],[-63,-2]],[[18136,19179],[-31,1],[0,123]],[[18197,19521],[64,-21]],[[18261,19500],[-1,-194]],[[18260,19306],[2,-124]],[[18262,19182],[-63,-1]],[[18197,19305],[0,216]],[[18512,19412],[1,-59],[63,-5],[1,-35]],[[18577,19313],[-97,-2]],[[18480,19311],[-11,58],[5,55]],[[18638,19438],[1,-101],[-6,-14]],[[18633,19323],[-56,-10]],[[18764,19317],[63,1]],[[18827,19318],[0,-124]],[[18827,19194],[-63,-2]],[[18764,19192],[0,125]],[[18827,19318],[63,1]],[[18888,19195],[-61,-1]],[[18387,18689],[126,4]],[[18513,18693],[-1,-125]],[[18512,18568],[0,-124]],[[18512,18444],[-125,-4]],[[18387,18440],[0,125]],[[18387,18565],[0,124]],[[18259,18563],[1,-65]],[[18260,18498],[-107,-3],[-80,12]],[[18073,18507],[22,52]],[[18260,18498],[1,-61]],[[18261,18437],[-121,-3]],[[18140,18434],[-65,0]],[[18075,18434],[-2,73]],[[18259,18563],[128,2]],[[18387,18440],[-126,-3]],[[18263,20298],[21,6],[83,-1]],[[18367,20303],[-26,-55],[-8,-69]],[[18333,20179],[13,-34],[-13,-19],[0,-72]],[[18333,20054],[-72,0]],[[18451,20179],[62,0]],[[18450,20054],[1,125]],[[22641,18329],[30,0]],[[23019,18291],[-6,-61],[-12,-29]],[[23001,18201],[-46,-1],[-295,1],[-20,2]],[[22640,18203],[1,126]],[[23012,18075],[126,0],[-1,-124]],[[23137,17951],[-125,0]],[[23012,17951],[0,124]],[[18053,18434],[22,0]],[[18140,18434],[0,-167]],[[18140,18267],[-77,-14],[-109,1]],[[17954,18254],[0,57]],[[18261,18437],[0,-153]],[[18261,18284],[-40,-1],[-81,-16]],[[18387,18440],[-1,-153]],[[18386,18287],[-125,-3]],[[18140,18267],[1,-81]],[[18141,18186],[-125,-2],[0,-121]],[[17954,18060],[0,194]],[[18141,18186],[1,-123]],[[18386,18287],[1,-97],[-125,-2],[0,-125]],[[18512,18379],[63,2],[20,-9],[42,10]],[[18637,18382],[-1,-62]],[[18636,18320],[-1,0]],[[18635,18320],[-124,-2]],[[18511,18318],[1,61]],[[18125,17596],[0,-2]],[[18125,17594],[-3,-8],[-63,-11],[-140,47],[-145,17],[-28,10]],[[17746,17649],[-22,8]],[[17724,17657],[49,33],[17,48],[5,88],[32,54],[89,57]],[[19198,19074],[2,-126]],[[19200,18948],[-62,0]],[[19261,18948],[-61,0]],[[18763,18819],[125,4]],[[18888,18823],[0,-63]],[[18888,18760],[-125,-2]],[[18763,18758],[0,61]],[[18888,18760],[0,-62]],[[18888,18698],[-125,-3]],[[18763,18695],[0,63]],[[18889,20061],[1,-130]],[[19007,20063],[3,-119]],[[19134,19992],[1,-47]],[[19135,19945],[-125,-1]],[[19258,20008],[0,-62]],[[23388,18075],[0,-124]],[[23388,17951],[-125,0]],[[23263,17951],[0,62],[63,0],[0,62],[62,0]],[[22761,17952],[251,-1]],[[23012,17951],[0,-62]],[[22761,17889],[0,63]],[[22389,18204],[125,0]],[[22514,18204],[-1,-124]],[[22513,18080],[-125,0]],[[22388,18080],[1,124]],[[21761,18225],[-16,-24]],[[21640,18201],[-62,0]],[[21578,18201],[-63,0]],[[21515,18201],[1,48],[-12,25]],[[21504,18274],[33,6],[9,15],[49,1],[16,63],[32,0],[0,-28]],[[21745,18201],[22,0]],[[21767,18201],[-3,-124]],[[21764,18077],[0,-23]],[[21764,18054],[-39,21],[-39,0]],[[19528,20335],[15,-90],[2,-49]],[[19545,20196],[-100,1]],[[19445,20197],[-63,0]],[[20087,20228],[45,-58]],[[20132,20170],[1,-73]],[[19882,20068],[0,129],[72,3],[46,29],[87,-1]],[[32954,1808],[-45,-22],[-62,-8],[0,-58],[21,-25],[-28,-13],[-52,-2],[-42,12],[-27,-16]],[[32954,1533],[-105,6]],[[38106,1611],[-15,-30],[-42,-52],[-18,-51],[-49,-34],[-30,-39],[-22,-73],[-33,-27],[-3,-42],[9,-21],[-3,-44],[4,-80],[-7,-82],[-19,-26],[-35,-15],[-18,-20],[-32,-14],[-42,-5],[-16,-19]],[[37735,937],[-80,91],[-47,73],[-195,429],[-173,382],[-19,60],[-5,35],[-11,222],[-5,57]],[[37200,2286],[643,-1],[17,-17],[1,-52],[11,-9],[48,-2],[54,15],[14,-39],[115,-171],[4,-10],[-1,-389]],[[22962,33035],[62,62],[64,45],[167,149],[78,51],[44,18]],[[23410,33279],[-55,59],[-19,-37],[-15,-9],[-12,-33],[-37,-72]],[[23187,33063],[-181,-3],[-44,-25]],[[22402,32005],[42,25],[41,7],[53,44],[51,-22],[14,17],[49,25],[-3,32],[-24,41],[-9,32],[7,51],[34,122],[2,82],[8,79]],[[22667,32540],[25,-18],[15,27],[99,46],[2,46],[24,2],[30,24],[10,28],[55,-7]],[[22927,32688],[33,-15],[188,-30],[55,-29],[91,-109],[3,42],[-15,12],[-10,47],[-35,23],[24,33],[-7,45],[-2,86]],[[23956,33118],[521,-3],[-31,-34],[-4,-26],[37,2],[14,12],[34,-17],[38,-8],[26,24],[-7,47],[97,-1],[60,-23],[1,96],[133,-64],[545,-255],[39,-11],[59,15]],[[25518,32872],[37,16],[43,6],[28,-8],[589,-256],[-14,32],[-22,81],[17,58],[22,20],[52,21],[406,-1],[92,2],[768,-2],[200,4],[515,-1],[0,112],[234,0],[145,7],[198,-2],[239,2],[321,0]],[[29388,32963],[0,-601],[0,-503]],[[29388,28380],[0,-863],[0,-986],[0,-689],[0,-656]],[[29388,25186],[0,-12]],[[29388,25174],[-87,-36],[-31,-1],[-2,71],[36,49],[4,27],[28,27],[-25,74],[-24,39],[-109,56],[-25,8]],[[29153,25488],[9,33],[-28,-6],[-16,52],[-54,-48],[-4,-38],[-49,-9],[-12,58],[2,49],[-30,-17],[-19,-110],[-12,0],[-42,38],[-13,-6],[-99,30],[-22,39],[-54,-2],[-6,-29],[38,-5],[75,-53],[37,-15],[20,-28],[11,-34],[-78,-34],[-28,-40],[28,-22],[30,9],[7,-19],[-43,-22],[-28,-34],[-60,-8],[-25,-23]],[[28688,25194],[-4,13],[-59,30],[-32,-7],[-121,51],[-63,56],[-17,24],[24,38],[-9,26],[-64,25],[-12,60],[-46,-19],[-32,5],[-41,37],[-28,-3],[-51,25],[-21,24],[-49,7],[-50,-7],[-13,11],[-25,47],[-46,12],[-2,-35],[-44,-1],[-11,26],[-63,59],[-1,29],[-35,47],[-13,31],[-22,0],[-34,24],[-20,1],[-22,23],[-37,6],[-18,67],[-63,7],[14,44],[-13,34],[-25,-14],[-83,27],[6,41],[-3,52],[-24,-23],[-19,-50],[-47,-14],[49,-79],[-40,-40],[21,-22],[-15,-28],[-37,-17],[-104,50],[-19,47],[-29,4],[-8,23],[25,31],[16,-20],[19,21],[12,42],[15,0],[48,51],[9,29],[-22,37],[-26,12],[-47,-77],[-19,13],[15,31],[-18,28],[-36,15],[-15,-28],[-45,22],[-34,-12],[-31,27],[1,45],[-25,18],[-50,11],[10,20],[-17,21],[-53,-15],[-8,24],[-32,-49],[-37,-9],[-44,19],[10,-54],[-79,-4],[-41,47],[-14,1],[-17,-32],[-60,-2],[-5,-37],[-15,-11],[-11,-50],[-53,38],[16,47],[-18,38],[-6,43],[-49,50],[-15,32],[-26,5],[-40,-25],[-25,38],[-24,2],[-11,21],[-46,12],[-77,-42],[-17,31],[-64,10],[-17,-14],[-19,29],[-19,9],[-6,44],[-50,-10],[-1,77],[-42,53],[-68,-11],[-19,8],[3,26],[-16,36],[-24,-3],[3,66],[-15,41],[-26,21],[-27,-8],[-15,-45],[-29,6],[-9,-35],[-38,8],[-48,-11],[-42,-29],[-29,-9],[-28,8],[-9,-26],[-62,3],[-15,-32],[-35,-9],[-22,15],[-33,-50],[-25,7],[-23,-22],[-20,10],[-26,-44],[-29,-3],[-26,22],[-38,-23],[-25,22],[-50,3],[-21,-16],[-29,19],[4,37],[17,22],[-16,16],[14,59],[-44,-9],[-21,-28],[-43,31],[-32,-8],[-43,-36],[-14,-37],[-42,13],[-18,-28],[-5,-39],[-34,-7],[-43,33],[-15,-23],[10,-20],[-16,-101],[-32,-19],[-31,9],[7,-40],[18,-8],[25,-50],[24,6],[25,-10],[74,0],[-17,-34],[9,-54]],[[24784,26241],[-56,-21],[-36,-53],[-50,-18],[-21,9],[-12,38],[-29,-23],[-20,3],[-19,64],[-27,6],[-23,-12],[-7,30],[31,38],[17,117],[-36,50],[23,0],[-19,51],[7,48],[20,22],[11,38],[-27,18],[24,22],[23,-15],[55,-18],[15,-33],[18,-7],[10,38],[-3,54],[46,13],[-39,37],[-51,-21],[-9,14],[-44,-5],[-30,12],[-27,24],[-12,-21],[-48,-2],[15,-43],[-26,-18],[-19,16],[-30,4],[8,-55],[-12,-12],[-38,7],[-12,-26],[-30,0],[10,-31],[-46,-16],[-15,-25],[-21,-84],[-15,15],[-58,-9],[-36,18],[20,29],[-23,8],[-6,28],[13,40],[73,-7],[-12,30],[-36,3],[60,47],[-37,-4],[-21,-26],[-18,-3],[-43,21],[4,-27],[-23,-14],[-44,-1],[9,-60],[-23,-37],[-24,25],[-8,52],[-13,-2],[-16,-44],[-36,1],[-20,-25],[-9,-31],[-24,-15],[-66,-20],[-39,8],[-49,-2],[-36,37],[-23,-11],[-36,36],[61,39],[18,39],[18,-35],[60,-12],[-10,65],[43,-11],[45,9],[-13,63],[27,20],[-20,19],[11,24],[26,-7],[38,-28],[5,-25],[30,16],[11,19],[-15,18],[57,21],[21,46],[29,15],[42,-2],[29,14],[45,42],[-45,10],[-48,22],[-8,-12],[-49,-3],[-44,-24],[-22,-4],[-44,-36],[-74,31],[-23,-26],[-93,-13],[-28,5],[-10,22],[20,21],[61,28],[40,6],[82,41],[9,97],[8,37],[-23,7],[21,40],[-24,24],[45,24],[-5,27],[-80,-27],[-13,31],[-25,-28],[26,-75],[5,-42],[-25,-33],[-31,-60],[-66,-21],[9,32],[-13,23],[-37,-28],[-4,-48],[-53,-22],[-10,52],[-19,22]],[[23576,26964],[1,243],[10,0],[-1,178],[-1,864],[0,129],[10,0],[2,361],[-6,139],[3,195],[2,281],[-2,451],[-569,1],[-65,2],[-130,-2],[-200,8]],[[22630,29814],[-293,5]],[[22337,29819],[48,91],[2,33],[-29,85],[13,28],[32,29],[11,31],[-8,54],[24,46],[4,68],[27,30],[29,7],[38,78],[-16,44],[-45,54],[50,4],[-13,43],[-17,15],[-16,41],[-17,17],[-36,-16],[-25,16],[-11,24]],[[22382,30641],[24,44],[2,26],[47,16],[52,44],[17,-1],[24,29],[73,24],[49,36],[10,-33],[37,-20],[15,26],[-26,15],[-11,51],[-25,13],[-52,-27],[-26,11],[-62,-16],[-81,-40],[-54,-35],[-7,38],[-31,-13],[-31,32],[-25,66],[-15,-4],[-27,74],[-29,-1],[-26,44],[-21,21],[-7,58],[-8,9],[6,51],[39,50],[6,45],[45,46],[-24,53],[57,24],[7,50],[29,20],[-30,49],[20,28],[-40,31],[-5,38],[15,80],[33,35],[40,10],[38,47],[28,7],[-9,32],[-27,14],[2,22],[-40,22]],[[23409,33562],[51,-1],[18,-15],[73,7],[54,-12],[56,1],[4,-30],[-24,-18],[0,-25],[163,36]],[[23804,33505],[-4,-22],[19,-66],[-36,-40],[-27,-6]],[[23487,33396],[-58,10],[-45,0],[-41,-14],[-61,-41]],[[23388,17645],[0,57]],[[23513,17701],[125,1]],[[23638,17702],[0,-126]],[[23638,17576],[-250,0]],[[23388,17576],[0,69]],[[26263,15112],[2,39],[19,6],[61,-24],[29,-2],[55,33],[10,33],[-4,59],[46,12],[36,17],[66,-13],[5,-24],[26,-33],[51,9],[39,-12],[45,0],[27,31],[52,5],[29,13],[2,26],[62,0],[37,12],[27,25],[55,19],[44,-27],[58,-13],[78,3],[24,5],[45,-30],[28,10],[43,-46],[29,28],[7,25],[27,6],[18,-18],[-2,-82],[29,1],[29,-16],[16,11],[18,-41],[10,-57],[-17,-59],[-2,-53],[26,-24],[11,-33],[-3,-33],[-16,-53],[29,-47],[-2,-23],[26,-64],[39,-27],[5,-31],[18,-18],[51,-86],[10,-8],[-16,-57],[82,0],[214,-52],[29,-5],[293,18],[220,18],[35,17],[19,-32],[54,-13],[6,-21],[25,-7],[45,3],[32,16],[25,-2],[56,-27],[-4,-31],[25,-10],[57,-62],[67,-40],[64,-44],[17,0],[42,-24],[50,5]],[[29153,14193],[18,-10],[80,11]],[[29251,14194],[2,-38],[20,-40],[47,-56],[53,-49],[53,-85],[28,-82],[27,-45],[21,-54],[52,-68],[55,-90],[13,-37],[17,-180],[30,-111],[23,-146],[1,-39],[-22,-65],[0,-43],[21,-52],[25,-28],[28,-18],[46,-73],[70,-100],[70,-133],[201,-350],[11,-41],[-20,-98],[-23,-84],[38,-167],[39,17],[-14,-53],[-5,-60],[-19,-44],[-39,-36],[-27,-85],[-24,-29],[-52,-33],[-44,-19],[-48,-33],[-29,-8],[32,-125],[4,-39],[54,-49]],[[29966,11226],[-27,-11],[-41,-65],[0,-51],[-28,-77],[-29,-25],[-11,-31],[1,-27],[-15,-44],[-16,-11],[89,-54],[174,-113],[71,-52],[60,20],[92,-3],[32,10],[31,-6]],[[30349,10686],[36,-39],[69,-1],[22,-23],[-2,-32],[-19,-52],[-55,-55],[-27,-7],[-13,-39],[-45,-58],[15,-26],[-4,-25],[-47,-74],[-50,-30],[-46,-12],[-39,-33],[-49,-18],[-1,-15]],[[30094,10147],[-225,0]],[[29869,10147],[-734,1]],[[29135,10148],[17,13],[6,62],[-12,52],[4,30],[-16,31],[-2,76],[-21,-1],[-2,28],[-16,25],[-43,26],[4,15],[-41,30],[-30,12],[-4,19],[-27,1],[-48,18],[2,13],[-35,18],[-25,-3],[-18,20],[-39,5],[-9,29],[33,14],[34,27],[-4,44],[-63,34],[-90,27],[-41,42],[-25,44],[-37,29],[-75,-36]],[[28512,10892],[37,97],[10,93],[-14,51],[-142,257],[-26,105],[-32,55],[0,28],[-20,64],[18,15],[63,9],[44,20],[3,20],[-62,95],[-44,55],[2,22],[37,26],[10,30],[-24,57],[-23,21],[-14,43],[6,28],[-16,59],[-15,14],[-27,66],[-49,27],[-61,53],[-1,30],[-22,38],[-6,82],[-18,40],[-6,44],[63,68],[7,37],[17,31],[-12,27],[-5,75],[-31,30],[-23,-4],[-25,18],[-21,32],[-16,56],[-70,-28],[-60,11],[-24,-3],[-39,11],[-55,57],[-18,86],[-41,23],[-32,50],[-42,40],[-20,-1],[-51,15],[-32,37],[-52,46],[-18,-1],[-74,20],[-29,15],[-40,41],[-38,31],[-22,42],[-63,42],[-32,32],[-55,28],[-4,40],[-36,43],[-22,67],[-13,15],[-74,29],[-18,23],[-66,40],[-53,46],[-2,26],[-25,33],[-35,80],[-18,52],[-79,85],[-43,26]],[[26679,14105],[13,5],[59,97],[-13,23],[-85,27],[-41,-1],[-21,-10],[-17,14],[-7,42],[-19,38],[-48,24],[-46,46],[-36,113],[17,46],[9,84],[34,51],[-26,74],[-19,8],[-41,61],[-70,66],[-63,67],[-10,67],[24,24],[-10,41]],[[23516,15707],[13,6],[237,1]],[[23605,15587],[-89,120]],[[18889,14403],[0,171],[6,0],[0,497]],[[18895,15071],[118,5],[361,-4],[9,-2],[282,1]],[[19665,15071],[0,-63],[-34,-1],[0,-60],[-124,0],[3,-388],[-1,-286],[-35,-6],[-111,-74],[-8,-31],[10,-63],[-45,-24],[-95,0],[-53,31],[-6,31],[-218,0],[-16,10],[-3,78],[-12,37],[-28,0]],[[18889,14262],[0,141]],[[23638,17576],[125,1]],[[23763,17577],[125,3],[1,107]],[[23889,17687],[19,-4],[117,-86],[149,-177],[97,-80]],[[24271,17340],[72,-69],[177,-192],[112,-103]],[[24632,16976],[-25,-11],[-358,-4],[-246,2],[-59,-2],[-285,-1],[-65,56],[-81,58]],[[23513,17074],[-102,80],[-45,61]],[[23365,17327],[-1,104]],[[23364,17431],[-1,146],[25,-1]],[[23888,18135],[52,21],[85,66],[37,38],[18,35],[35,30]],[[24115,18325],[24,0]],[[24139,18325],[-1,-179],[-3,-84],[3,-80],[0,-156]],[[24138,17826],[-250,1]],[[23046,33174],[56,26],[60,63]],[[22962,33035],[-62,-51]],[[18084,33845],[16,7],[165,40],[330,115],[48,0],[19,11],[55,4],[149,21],[-15,57],[-22,32],[-6,33],[11,40],[30,37],[16,4],[29,42],[4,22],[42,21],[37,-3],[-4,31],[54,-6],[20,-25],[14,-49],[1,-63],[69,-18],[60,4],[66,30],[14,-30],[38,-109],[10,-40],[76,-8],[-65,-71],[4,-10],[119,-8],[11,-36],[22,-8],[25,-40],[61,-73],[12,-32],[-12,-24],[0,-30],[-49,0],[-16,-16],[0,-170],[-34,-2],[-5,-33],[17,-56],[18,-19],[-23,-27],[-8,-35],[250,-38],[-50,-40],[-42,-18],[-37,-40],[-12,-96],[17,-16],[-1,-28],[-21,-25],[-53,15],[-26,-13],[-34,9],[5,-34],[-8,-21],[28,-20],[-9,-47],[-29,-6],[-40,-61],[-8,-25],[-37,-42],[-38,-12],[-50,14],[-18,36],[-33,32],[-46,80],[-60,29],[-44,7],[-59,-27],[-86,9],[-8,-6],[-67,15],[-27,-3],[-38,-32],[-82,9],[-16,-14],[-29,8],[-140,-91],[-18,-29],[-41,39],[-5,55],[-42,34],[-4,42],[-50,50],[22,104],[16,25],[-30,68],[-57,73],[-23,-147],[-35,-19],[-47,49],[-14,49],[-35,29],[-7,22],[7,43],[-14,35],[51,7],[43,-28],[13,19],[32,-2],[60,11],[20,74],[32,20],[-9,39],[23,43],[-6,13],[-51,-28],[-56,6],[-67,54],[-20,34],[-5,31],[13,61],[-21,26],[-91,41],[-39,39]],[[21221,30118],[89,9],[68,43],[57,-4],[35,12],[45,-2],[91,47],[47,59],[29,24],[85,17]],[[21767,30323],[82,9],[81,-12],[30,9]],[[21960,30329],[-6,-188]],[[21954,30141],[-39,-8],[-5,-29],[-22,-36],[-39,-6],[-20,-13],[3,-46],[-8,-18],[-54,13],[-37,2],[-21,-18],[-32,-7],[9,-41],[-22,-24],[-51,33],[2,-75],[-23,-3],[-20,16],[-11,48],[-24,1],[-77,-40],[27,-41],[-38,-3],[-28,-17],[-39,30],[-24,-15],[-28,19],[-8,-43],[-30,-34],[-36,-13],[1,34],[-27,21],[-14,29],[17,20],[43,12],[8,12],[-21,37],[5,77],[-14,38],[29,21],[-17,36],[-48,8]],[[10717,25643],[2,797]],[[10719,26440],[11,29],[62,11],[45,-11],[61,7],[43,-2],[18,-26],[84,-6],[23,-22],[55,-23],[63,-4],[7,45],[38,39],[37,-15],[65,1],[20,19],[6,52],[13,36],[38,-18],[31,-45],[56,-64],[50,-28],[97,-79],[145,-109],[52,-36],[28,-52],[44,-44],[28,-2],[37,-15],[43,19],[55,-10],[35,-25],[36,-10],[33,8],[34,-4],[18,14],[29,-8],[15,19],[61,22],[118,-23],[14,-14],[35,-9],[25,-19],[37,25],[68,-13],[2,-44],[15,-44],[28,2],[-3,38],[38,-2],[40,-21],[78,59],[53,24],[3,20],[30,15],[39,45],[-3,50],[20,15],[41,13],[11,27],[31,0],[7,41],[37,6],[26,22],[26,36],[31,0],[23,28]],[[13205,26380],[29,8],[38,-12],[46,7],[14,-11],[94,-27],[44,-45],[-2,-16],[22,-27],[22,-65],[49,-59],[8,-39],[-8,-22],[20,-34],[22,-3],[47,40],[61,18],[33,-18],[68,-5],[26,14],[43,-7],[24,6],[18,28],[84,-3],[28,-10],[77,32],[88,13],[41,-17],[37,21],[63,22],[34,-1],[6,24],[24,21],[-14,58],[36,9],[21,23],[41,18],[1,35],[13,20],[-30,21],[-9,29],[-4,69],[-25,94],[21,-4],[39,37],[28,57],[61,2],[41,-13],[13,32],[29,7],[-8,77],[109,-15],[19,41],[-5,38],[-15,37],[59,64],[71,14],[30,31],[48,-8],[32,15],[51,-44],[-2,-28],[45,-77],[24,14],[52,-103],[29,15],[41,-3],[52,-34],[27,-107],[20,-12],[92,-25],[57,12],[34,-33],[77,-5],[75,34],[12,20],[65,21],[60,30],[24,32],[32,3],[0,145],[-8,265],[7,75],[60,-8],[37,12],[40,-15],[41,-43],[2,-28],[34,-23],[26,9],[35,-9],[80,2],[33,-22],[67,-10]],[[16328,27061],[13,-15],[21,-56],[28,-37],[24,-5],[36,-54],[24,-76]],[[16474,26818],[-6,-36],[-21,-27],[-18,-1],[-37,-39],[31,-75],[-10,-37],[-19,-16],[-26,10],[-18,-27],[-34,-21],[-30,7],[-30,-10],[-33,14],[-15,-12],[-34,1],[-8,23],[-28,13],[-39,-27],[-30,-30],[-85,-64],[-55,-32],[-60,-48],[-23,-28],[-53,-46],[-57,-40],[-71,-38],[-62,-57],[-33,-47],[-48,-82],[-52,-59],[-40,-62],[-31,-94],[-10,-77],[-67,-31],[-13,-35],[-63,-69],[-32,-50],[-72,-73],[-13,-39],[3,-136],[-32,-47],[-1,-94],[-5,-15],[-48,-81],[-13,-58],[-5,-84],[-21,-54],[-81,-111],[-24,-14],[-6,-48],[13,-16],[-32,-33],[-26,3],[-10,-26],[-35,17],[-37,5],[-54,-24],[-25,44],[-31,-16],[-39,2],[-57,23],[-34,-45],[-175,-210],[-28,-72],[-13,-20],[-46,-19],[-17,-40],[30,-205],[169,-688],[43,-224],[17,-42],[79,-70],[66,-48],[151,-87],[18,-12]],[[14823,22912],[-47,0]],[[14776,22912],[-559,0],[-715,0],[-644,1],[-639,0],[-904,0],[-597,0]],[[10718,22913],[-2,1049],[3,24],[-1,584],[-2,126],[1,356],[-2,8],[2,583]],[[17945,28382],[44,15],[150,30]],[[18139,28427],[-2,-114],[67,-1],[14,-40]],[[18218,28272],[-22,-6],[-60,-49],[-3,-24],[-95,-1]],[[18038,28192],[5,34],[23,27],[-9,31],[-29,-1],[-8,30],[-27,2],[-33,28],[-15,39]],[[16617,27864],[28,-27],[41,-26],[4,-34],[-9,-51],[-19,-15],[0,-35],[13,-8],[40,3],[45,-27]],[[16760,27644],[-3,-19],[56,-12],[2,20],[24,13],[-1,48],[34,0]],[[16872,27694],[29,-71],[15,-16]],[[16916,27607],[-5,-38]],[[16911,27569],[-4,1]],[[16907,27570],[-71,1],[-43,11],[-19,-28],[-27,2]],[[16747,27556],[-37,17],[-25,32],[-39,14],[-13,19],[-31,12],[-50,-10],[-35,-33],[-73,-11],[-32,4],[-42,-87],[21,-10],[26,-60],[-35,-33],[-9,-53],[-30,-36],[-14,5]],[[16329,27326],[-28,40],[-3,38],[-56,15],[-30,30],[-93,34],[-2,13],[31,33],[-51,19],[-41,-1],[-5,20],[-36,27],[-90,-4],[-31,-41],[-34,49],[-3,21],[-140,0],[-1,384],[-174,-1],[16,67],[16,32],[95,125],[54,-31],[55,-1],[54,10],[47,-26],[71,-9],[8,-61],[17,-56],[80,1],[15,-5],[25,-48],[49,2],[33,-38],[66,-8],[31,-13],[43,-7],[19,-25],[37,6],[127,-13],[34,-22],[38,-2],[45,-16]],[[18218,28272],[24,-21],[20,8],[-2,-81]],[[18260,28178],[-21,-5],[-68,-49],[-47,-28]],[[18124,28096],[-16,6],[-70,0]],[[18038,28102],[0,90]],[[16474,26818],[95,-6],[1,44]],[[16570,26856],[12,-56],[30,-30],[54,-14],[15,-31],[47,10],[27,30],[12,53],[50,-3],[34,-15],[-16,-29],[25,-41],[13,-59],[23,-19],[15,-55],[20,-24],[47,4],[33,-37],[56,-20],[24,-16],[28,3],[4,-46],[-16,-23],[27,-9],[42,13],[27,-11],[-1,-18],[55,-29],[42,-43],[0,-32],[53,-31],[11,-44],[-1,-33],[30,-51],[59,26],[36,-15]],[[17487,26161],[34,-39],[39,-66],[0,-43],[50,-45],[31,19],[23,-9],[17,28],[52,6],[51,-7],[18,32],[28,-4],[15,41],[35,45],[68,5],[42,-24],[36,31],[13,-20],[37,29],[12,-21],[31,-21],[41,-3],[45,-26],[30,27],[61,-41],[37,-12],[27,-38],[39,6],[6,-14],[50,0],[47,-18],[53,-41],[41,33],[46,-14]],[[18642,25957],[-6,-38],[-20,-31],[13,-21],[-16,-35],[2,-64],[17,-12],[-15,-59],[7,-25],[35,-41],[9,-51],[46,-145],[-18,-49],[21,4],[28,-35],[44,14],[11,-34],[73,-16],[28,37],[50,-20],[3,-26],[19,-6],[-6,-39],[5,-56],[66,-30],[52,-75],[83,-132],[106,2],[34,-52],[28,-58],[6,-74],[-34,-54],[5,-17],[-30,-40],[-15,-42],[-36,-37],[20,-15],[-60,-36],[-18,0],[-20,-45],[13,-34],[-3,-30],[-25,-54],[8,-80],[21,-29],[17,-56],[-7,-67],[-12,-63],[14,-33],[-13,-11],[1,-71],[28,19],[39,-6],[19,-27],[8,-80],[27,-89],[30,-7],[-2,-67],[-13,-44],[7,-32],[21,-42],[9,-43],[-44,-159],[-16,-29],[-7,-58]],[[19279,23312],[-110,14],[17,-45],[26,7],[30,-17],[-66,-33],[-15,-41],[4,-53],[27,-80],[-25,-41],[-12,-3],[-29,41],[-16,3],[-28,-28],[-37,-8],[-13,-13],[4,-29],[17,-24],[-12,-32],[-21,-12],[-10,-30],[-25,-15],[-26,-44],[-6,-106],[-17,-33],[-35,-29],[-47,-8],[-52,-23],[4,-29],[-54,-27],[-61,-56],[-22,15],[-50,7],[1,-53],[32,-27],[-40,-59],[38,-8],[33,-30],[-18,-85],[-8,-84],[-10,-11],[-47,3],[-5,-20],[21,-42],[-16,-25],[-46,-6],[-53,7],[-29,-12],[-25,-40],[-24,-21],[-55,-30],[-18,-26],[10,-68]],[[18360,21903],[-389,116],[-708,212]],[[17263,22231],[-159,49],[-321,96],[-915,271],[-35,11],[-854,253],[-17,0]],[[14962,22911],[-139,1]],[[21127,27705],[155,-18]],[[21282,27687],[30,-9],[101,0],[9,-24],[45,-35],[86,0],[22,-9],[88,-83],[53,-36],[43,-43],[28,-8],[104,28],[17,-1],[53,-25],[32,53],[76,36],[24,18],[17,30],[47,19],[48,48],[25,62],[6,38],[57,132],[-7,94],[8,21],[60,72],[-10,84],[0,53],[18,91],[33,89],[-20,92],[13,37],[20,24],[21,51],[-8,27],[11,37],[-14,42],[-55,50],[-17,34],[-41,3],[-46,18]],[[22259,28797],[-40,41],[-48,12],[-39,32],[-58,33],[-63,56],[-45,59],[-3,37],[20,51],[-8,39],[10,32]],[[21985,29189],[-1,22],[13,39],[56,34],[30,66],[29,4],[44,37],[54,31],[82,24],[27,-9],[66,17],[38,40],[28,4],[20,38],[33,16],[30,34],[43,12],[30,39],[3,21],[-24,67],[34,28],[14,30],[-4,31]],[[23576,26964],[3,-39],[1,-239],[-13,-18],[-47,-19],[-7,-26],[-60,-19],[-14,-59],[-27,-22],[-29,-6],[-15,15],[-26,-11],[-31,17],[-47,-26],[-23,1],[-31,-39],[4,-26],[-31,-15],[-22,-41],[-24,0],[-25,-38],[-43,-6],[-15,-23],[-25,1],[-9,-38],[-34,-3],[-39,14],[-13,-21],[-26,10],[-13,-25],[-78,-32],[12,-107],[-5,-19],[13,-35],[-20,-23],[3,-26],[-45,-76],[-5,-54],[-10,-25],[21,-14],[-7,-46],[0,-50],[18,-5],[-5,-36],[6,-33],[-19,-50],[3,-18],[-28,-36],[-5,-29],[-33,-7]],[[22711,25542],[-34,66],[7,18],[-22,27],[-27,15],[-12,33],[-43,11],[-25,27],[1,46],[-12,34],[8,33],[-4,37],[-95,95],[-15,3],[-10,34],[-30,33],[-59,-26],[-93,90],[-128,75],[-30,-30],[-48,1],[-6,27],[31,26],[3,19],[-43,13],[-6,56],[-40,46],[-68,25],[-4,25],[39,24],[-11,49],[-11,13],[5,34],[25,44],[12,40],[48,16],[21,18],[-2,41],[-39,19],[-54,3],[-16,-19],[-33,0],[-21,19],[9,61],[25,47],[37,20],[2,14],[-44,9],[-15,16],[12,22],[30,13],[2,29],[-24,11],[-27,-3],[-52,-28],[-27,11],[-2,75],[12,59],[-28,10],[-48,-36],[-52,11],[-10,30],[17,71],[1,44],[-44,19],[-60,40],[-51,15],[-17,75],[30,48],[-1,43],[-37,16],[-103,16],[-65,3],[-30,11],[-24,-27],[-19,13],[-5,34],[-53,111],[-52,51],[-30,49]],[[20844,28457],[33,-8],[111,-2],[1,-9]],[[20989,28438],[57,-38],[33,-29],[38,-1],[34,-24],[150,-151],[37,-9],[17,-24]],[[21355,28162],[-35,-21],[-18,-23],[-23,-58],[37,-39],[81,1],[2,-63],[9,-30],[0,-54],[-21,-35],[21,-32],[-3,-41],[11,-28],[-2,-30],[-80,-8],[-52,-14]],[[21127,27705],[-45,64]],[[21082,27769],[-45,66],[-207,261],[-177,221],[-21,30]],[[20632,28347],[48,0],[30,28],[32,10],[22,-9],[41,6],[52,47],[-13,28]],[[21971,29215],[51,76],[21,43],[13,79],[-14,35],[6,38]],[[22048,29486],[22,103],[0,100]],[[22070,29689],[0,13],[-2,9],[-12,33],[-23,40],[4,31]],[[22037,29815],[62,4],[238,0]],[[21985,29189],[-14,26]],[[20255,29077],[80,-1],[11,4]],[[20346,29080],[30,-54],[53,-72],[37,-68],[13,16],[37,-2],[54,38]],[[20570,28938],[29,-18],[46,0],[25,-25],[8,-51],[-57,20],[-17,-36],[10,-30],[73,-44],[9,-42],[31,-17],[7,37],[21,17],[24,-15],[24,-30],[2,-59],[-10,-21],[-3,-65],[13,-34],[39,-68]],[[20632,28347],[-89,116]],[[20543,28463],[31,34],[10,29],[-2,41],[-20,6],[-9,31],[-59,85],[-63,-2],[-53,70],[-42,73],[-34,27],[7,54],[-22,32],[0,30]],[[20287,28973],[-31,42],[-1,62]],[[20425,29107],[19,4],[34,32],[62,101],[39,52]],[[20579,29296],[29,30],[246,237],[49,78],[39,40],[17,44]],[[20959,29725],[56,-54],[22,-12],[1,-73],[23,-40],[29,-34],[39,-7],[30,-26],[-10,-69],[45,-17],[-4,-43],[-29,-16],[-10,-73],[-75,-83],[-19,-36],[-4,-65],[43,-4],[95,-25],[41,-35],[30,-38],[60,-46],[54,-24],[39,-61]],[[21415,28844],[-57,-4],[-28,-16],[-14,-43],[-34,-50],[-20,-52],[-74,-48],[-46,-5],[-11,-65],[-26,-15],[-56,-18],[-60,-90]],[[20570,28938],[-10,57],[-24,7],[-41,-11],[-33,11],[-20,19],[-17,86]],[[18038,28102],[-37,0],[-30,-31]],[[17971,28071],[-87,-1]],[[17884,28070],[2,122],[152,0]],[[20018,29342],[33,27],[46,23]],[[20097,29392],[38,22],[45,-64],[30,11],[36,1],[45,-14],[31,1]],[[20322,29349],[4,-22],[-39,-1],[-1,-130],[4,-26]],[[20290,29170],[-85,3],[-68,40],[-80,90],[-39,38]],[[20018,29341],[0,1]],[[20322,29349],[36,11],[16,-15],[3,-53],[-12,-15],[-13,-46],[12,-36],[33,-14],[28,-74]],[[20346,29080],[-16,35],[-40,55]],[[18642,25957],[8,8],[-9,61],[11,22],[53,23],[49,9],[5,38],[53,27],[-30,26],[-9,48],[148,-33],[19,-10],[34,-38],[80,-60],[51,-63],[69,-71],[35,-24],[81,-23],[52,-31],[116,-107],[15,-33],[-1,-31],[-19,-92],[-17,-53],[-6,-43],[5,-33],[36,-107],[15,-14],[46,-75]],[[19532,25278],[16,-46],[6,-65],[-9,-66],[8,-153],[66,-36],[24,4],[-3,-36],[37,-49],[0,-21],[41,-39],[-10,-24],[-41,-14],[-17,-20],[5,-32],[29,-16],[-29,-16],[-10,-45],[2,-27],[-29,-13],[-39,-38],[15,-28],[-17,-87],[-37,-34],[12,-33],[33,-19],[-13,-51],[3,-21],[32,-23],[25,-51],[-18,-16],[-12,-46],[6,-19],[53,-25],[-40,-35],[4,-30],[48,-20],[0,-27],[-40,-47],[7,-14],[-18,-114],[-34,-40],[-18,-88],[71,-3],[24,16],[32,-1],[52,18],[43,7],[88,43],[14,-23],[2,-198],[-10,-4],[-2,-280]],[[19884,23233],[-580,76]],[[19304,23309],[-25,3]],[[17161,33649],[0,-109],[-5,-196],[-1,-255],[4,-306],[491,-1],[279,-8],[-1,-174],[-3,-70],[5,-83],[5,-172],[-2,-83],[1,-417],[3,-117],[-1,-180]],[[17936,31478],[-116,5],[-74,-22],[-32,-31],[-136,130],[-24,91],[-31,-2],[20,-137],[-12,-61],[-76,-119],[-31,-59],[-37,-55],[-36,-65],[-90,-150],[-59,-73],[-34,-21],[-83,-73]],[[17085,30836],[-1,16],[-128,-2]],[[16956,30850],[1,127],[-95,2],[-161,-4],[-124,2],[-3,122],[-127,-1],[0,126],[-130,-2],[-1,273],[-34,-5],[-60,-55],[-61,-14],[-18,-21],[-37,2],[4,23],[-21,42],[-22,22],[-84,33],[-15,29],[-42,59],[-102,107],[-42,11],[-120,53],[-52,20],[-18,16],[-20,44],[-26,32],[-80,62],[-40,-22],[-80,32],[-22,34],[-12,41],[-29,48],[-3,47],[-23,26],[-8,37],[9,13],[-34,26],[-32,9],[-33,23],[-16,24],[-51,-14],[-31,7],[-33,-20],[-4,-24],[-60,-78],[-18,-34],[-40,-13],[5,-24],[148,1],[2,-502]],[[15061,31592],[-28,2],[-46,22],[-29,38],[-33,15],[-46,1],[-89,-9],[-49,-12],[-95,20],[-5,-13],[-104,1],[-5,18],[-58,42],[-156,122],[-293,83],[-228,42],[-113,16],[-13,-5],[-272,-16],[-333,-10],[-22,25],[-215,-30],[-11,-40],[11,-46],[-7,-27],[9,-67],[-2,-26],[-19,-25],[-29,-70],[-5,-30],[-30,-24],[-21,-46],[-6,-34],[21,-51],[29,-34],[54,-33],[47,-23],[30,-33],[20,-44],[-30,-48],[-87,6],[-40,-15],[-51,-56],[-129,-86],[10,-53],[26,-27],[-1,-16],[41,-37],[42,-18],[-11,-52],[-31,-38],[-25,-10],[-34,-45],[0,-36],[-14,-24],[-23,-13],[-3,-35],[-14,-27],[-24,-121],[58,-116],[40,1],[-12,-23],[-39,-3],[-36,-21],[-29,5],[-37,-22],[-2,-22],[-25,-25],[-18,-3],[-15,-36],[-29,-6],[-20,-25],[-86,-4],[-50,-43],[10,-51],[-47,-18],[-17,6],[-31,-17],[4,-20],[-25,-27],[-42,0],[-87,-27],[-9,-16],[12,-80],[-47,-22],[-41,-47],[-45,-8],[-10,-35],[-51,-18],[-28,-20],[-13,-29],[-43,-44],[-17,-6],[-9,-51],[-31,-21],[-14,-45],[-41,9],[-22,-10],[5,-67],[-27,-15]],[[11556,29518],[-1,-53],[-9,-20],[-31,-23],[-10,-39],[-34,-45],[-26,9],[-11,-35],[-22,3],[-46,-35],[-40,31],[-21,3],[-6,31],[-24,17],[-2,45],[-38,23],[2,30],[-51,15],[-55,31],[-19,-5],[-93,17],[-42,12],[-61,-8],[-23,-15],[-19,12],[-26,-15],[-6,34],[-25,2],[-14,46],[-19,31],[1,35],[-38,-9],[-2,30],[-25,12]],[[10720,29685],[1,474],[0,620],[1,579],[-1,841],[1,273],[-1,933],[-1,264],[0,490],[2,316],[-3,0],[2,556],[-1,764],[-8,73]],[[10712,35868],[0,170]],[[20529,17446],[12,1]],[[20541,17447],[-14,-36]],[[20527,17411],[-34,11],[-20,-28],[-28,-14],[-8,-21],[14,-42]],[[20451,17317],[-28,-14],[-18,-25],[-6,-28]],[[20399,17250],[-22,6]],[[20377,17256],[0,94],[14,24],[44,8],[67,64],[27,0]],[[20451,17317],[47,3]],[[20498,17320],[53,1]],[[20551,17321],[4,-24],[-1,-102]],[[20554,17195],[-30,-2],[-29,-28]],[[20495,17165],[-44,6]],[[20451,17171],[-38,32]],[[20413,17203],[-14,47]],[[20541,17447],[38,2]],[[20579,17449],[-6,-35]],[[20573,17414],[-22,-93]],[[20498,17320],[13,69],[16,22]],[[20413,17203],[-37,-13],[-3,-85]],[[20373,17105],[-30,-5],[-23,-30]],[[20320,17070],[-66,1],[-2,29]],[[20252,17100],[0,156],[125,0]],[[20451,17171],[-15,-27],[0,-69]],[[20436,17075],[-23,-4]],[[20413,17071],[-10,21],[-30,13]],[[20376,16945],[180,0]],[[20390,16820],[-13,0]],[[20377,16820],[-1,125]],[[28106,10235],[52,23],[37,8],[48,23],[87,58],[95,-12],[24,-7],[11,-49],[-36,-19],[-18,-132]],[[28406,10128],[-283,-1]],[[28123,10127],[-1,26],[-16,82]],[[18513,18693],[63,0]],[[18576,18693],[-2,-124]],[[18574,18569],[-62,-1]],[[18643,19313],[121,4]],[[18764,19192],[-126,-3]],[[18638,19189],[0,63],[32,34],[-27,27]],[[18576,18693],[62,0]],[[18638,18693],[0,-124]],[[18638,18569],[-64,0]],[[18574,18569],[1,-125]],[[18575,18444],[-63,-1]],[[18512,18443],[0,1]],[[18639,18817],[0,3]],[[18639,18820],[124,-1]],[[18763,18695],[-59,-1]],[[18704,18694],[-66,-1]],[[18638,18693],[1,124]],[[19138,18948],[-1,-92]],[[19137,18856],[1,-32]],[[19138,18824],[-128,0]],[[19010,18824],[0,63]],[[18890,19444],[122,2]],[[19012,19446],[-1,-125]],[[18890,19319],[0,125]],[[18892,19568],[121,1]],[[19013,19569],[-1,-123]],[[18890,19444],[2,124]],[[19139,19693],[125,0]],[[19264,19693],[0,-124]],[[19264,19569],[-126,0]],[[19138,19569],[1,124]],[[19013,19569],[125,0]],[[19138,19569],[-1,-124]],[[19137,19445],[-125,1]],[[27929,8166],[-185,-2]],[[29031,6712],[51,-38],[-6,-22],[25,-23],[-14,-18],[101,-83]],[[29188,6528],[41,-23]],[[29229,6505],[0,-227],[-8,-16]],[[29221,6262],[-233,174]],[[28988,6436],[1,2]],[[19259,19814],[6,-64],[-1,-57]],[[19139,19693],[0,62],[-6,57]],[[19137,19436],[37,-46],[31,-20],[25,-33],[30,-16]],[[19136,19321],[1,115]],[[19264,19569],[-1,-124]],[[19263,19445],[-126,0]],[[19137,19445],[0,-9]],[[19136,19321],[-125,0]],[[20075,19439],[30,2],[0,-44],[15,-32],[-31,-11],[-8,-30],[181,2]],[[20262,19326],[22,1]],[[20284,19327],[-16,-43],[-33,-25],[-45,-20]],[[20190,19239],[-55,-52],[-40,-23]],[[20095,19164],[-17,47],[-69,19]],[[20082,19450],[179,1]],[[20261,19451],[1,-125]],[[20261,19451],[126,1]],[[20387,19452],[1,-123]],[[20388,19329],[-104,-2]],[[20005,19083],[38,12],[37,26],[15,43]],[[20190,19239],[12,-50],[16,-8],[45,21],[125,2],[35,31],[31,16],[32,5],[0,-21],[-33,-47],[2,-47]],[[20455,19141],[0,-63],[-65,1],[0,-187],[-127,0]],[[20263,18892],[-46,-21],[-51,17]],[[20166,18888],[-26,13],[-22,37],[-23,9],[-82,-1]],[[19826,17817],[64,0]],[[19890,17817],[-1,-125]],[[19889,17692],[-62,0]],[[19827,17692],[-1,125]],[[29228,7164],[22,-24],[77,-49],[38,-37],[34,-10],[9,-36],[-11,-37],[36,-99],[7,-50],[38,-46],[2,-19]],[[29480,6757],[-172,1],[-79,-2]],[[29072,6757],[2,33],[31,0],[3,309],[-2,34]],[[29166,6624],[-9,-17],[2,-44],[27,-16],[2,-19]],[[29229,6616],[0,-111]],[[26010,7491],[237,1],[21,-11],[85,-96],[61,-32],[317,-260],[19,-31]],[[26750,7062],[-150,-79],[-58,-24],[-210,-80],[-35,-10],[-150,-72],[-83,-50],[-52,-25]],[[24702,6240],[-59,-7],[-418,-31],[-102,0],[0,123],[25,0],[5,267],[246,2],[3,516],[-4,106],[352,-2],[135,3],[0,21],[597,5],[0,186],[89,0],[0,-61],[378,1],[61,-1],[0,123]],[[19260,18761],[126,1]],[[19386,18762],[1,-63]],[[19387,18699],[-122,0]],[[19265,18699],[-5,6]],[[19260,18705],[0,56]],[[19386,18762],[125,0]],[[19511,18762],[0,-63]],[[19511,18699],[-124,0]],[[19761,18823],[126,-1]],[[19887,18697],[-127,1]],[[19760,18698],[1,125]],[[20013,18822],[127,0]],[[20140,18822],[-2,-124]],[[20140,18822],[1,31],[25,35]],[[20263,18892],[0,-115]],[[20262,18703],[-124,-5]],[[20521,18586],[47,-31],[48,-25],[33,-3],[23,20],[32,-9]],[[20704,18538],[15,-27],[6,-43],[-59,-19],[-27,-3]],[[20639,18446],[-124,1]],[[20515,18447],[-1,125]],[[20514,18572],[7,14]],[[20639,18446],[0,-62]],[[20639,18384],[-63,0],[-1,-62]],[[20575,18322],[-63,1]],[[20512,18323],[3,124]],[[20575,18322],[0,-108]],[[20575,18214],[-22,21],[-40,13]],[[20513,18248],[-1,75]],[[20252,16945],[124,0]],[[20377,16820],[-125,0]],[[20252,16820],[0,125]],[[20160,16961],[26,-24],[66,8]],[[20252,16820],[-126,0]],[[20126,16820],[-14,120]],[[20112,16940],[46,7],[2,14]],[[20556,17071],[-58,-1]],[[20498,17070],[7,35],[-10,60]],[[20498,17070],[-62,5]],[[20363,16969],[50,53],[0,49]],[[20376,16945],[-13,24]],[[20308,17032],[12,38]],[[20363,16969],[-41,29],[-14,34]],[[21673,19326],[3,-30],[37,-13],[24,-19],[31,-1],[0,63],[32,0]],[[21800,19326],[94,0]],[[21894,19326],[31,-3],[57,-30],[37,4]],[[22019,19297],[0,-96]],[[22019,19201],[-123,-4],[-86,4],[-294,0]],[[21143,19324],[2,1]],[[21145,19325],[123,2]],[[21268,19327],[-1,-94]],[[21266,19202],[-122,0]],[[21144,19202],[14,63],[-15,59]],[[31436,48659],[633,1],[242,1],[390,1],[651,1],[130,1],[653,1],[675,0]],[[34810,48665],[0,-1060],[0,-561],[0,-917],[0,-644],[0,-896],[0,-552]],[[34810,44035],[-54,-17],[-61,-41],[3,-10],[-54,-101],[-24,-33],[-20,-1],[-69,61],[-33,8],[-43,32],[-46,1],[-80,38],[-58,52],[-59,45],[-68,74],[-102,-29],[-19,-13],[-36,-44],[-40,-25],[-79,-35],[-101,-68],[-106,-102],[-108,44],[-1,30],[-26,47],[-32,5],[10,29],[-10,67],[-30,26],[-56,-7],[-34,12],[-18,-16],[-53,-21],[-38,-25],[-45,-60],[-33,-25],[-49,-17],[-59,-53],[-34,-11],[11,59],[15,24],[1,42],[-24,63],[-26,37],[-37,-9],[-32,6],[-78,69],[-78,-4],[-58,9],[-8,-15],[-46,-18],[-29,30],[-32,16],[-63,11],[-7,10],[-46,0],[-57,43],[-66,21],[-32,-25],[-58,12],[-19,-27],[-28,5],[-17,-20],[-40,-7],[-43,-45],[-27,6],[-5,-21],[-51,-3],[-2,-23],[-53,-18],[-16,-41],[-47,-22],[-14,2]],[[31933,44019],[-34,119],[1,50],[73,108],[13,33],[12,60],[-19,10],[-97,31],[-14,10],[-25,-25],[-81,38],[-61,67],[-18,62],[-53,38],[-97,17],[-46,38],[-12,69],[-17,55],[-23,21],[-57,7],[-78,-20],[-46,-21],[-56,-16],[-19,19],[-5,54],[12,69],[82,43],[-23,35],[-5,24],[36,44],[28,78],[-38,95],[-18,115],[-7,20],[-46,37],[-16,31],[-8,43],[1,44],[41,21],[52,-2],[-13,66],[26,59],[33,2],[2,-48],[24,-14],[-9,92],[23,-1],[14,-56],[30,-24],[36,44],[31,-12],[27,22],[-3,37],[-20,10],[-147,34],[-34,21],[-30,-11],[-26,-41],[-19,-2],[2,49],[-33,4],[-17,-36],[-20,13],[15,28],[-56,1],[11,27],[-49,9],[27,28],[66,45],[-24,5],[-83,-26],[-5,23],[-1,160],[-76,-5],[17,35],[-57,-3],[-67,-31],[-29,13],[47,61],[78,11],[-9,51],[-41,41],[4,26],[-71,-12],[10,21],[-43,31],[-7,37],[-61,-8],[-44,31],[-57,13],[-16,26],[41,16],[0,24],[-55,27],[-21,25],[13,26],[64,28],[42,-8],[34,5],[1,-43],[43,12],[-27,-63],[33,8],[24,-41],[14,18],[21,64],[16,2],[15,-35],[-25,-77],[-3,-64],[28,1],[13,17],[-17,37],[15,48],[-3,137],[25,19],[-19,36],[-43,-10],[1,55],[-40,22],[-16,105],[15,6],[29,-27],[46,-68],[0,-36],[67,-11],[-12,27],[2,30],[30,17],[-30,23],[3,23],[-13,63],[-16,26],[32,6],[36,-67],[7,-51],[17,7],[15,36],[38,45],[-16,30],[11,16],[-12,37],[14,9],[-5,50],[23,11],[7,-68],[22,-1],[47,106],[13,12],[18,46],[40,13],[11,22],[-27,37],[5,37],[55,39],[8,50],[34,27],[-2,41],[-49,31],[22,7],[22,-16],[37,2],[11,-14],[49,12],[37,84],[19,4],[7,37],[-34,45],[32,35],[7,26],[-38,10],[29,27],[38,-7],[79,19],[28,12],[36,38],[22,55],[8,125],[-5,19],[-40,48],[-63,46],[-25,26],[36,41],[50,-12],[5,41],[29,27],[12,37],[21,10],[-1,69],[-30,28],[0,20],[-26,23],[23,55],[-24,60],[-50,21],[-56,36],[-43,66],[15,12],[12,40],[-29,28],[-38,17],[-6,29]],[[32550,46277],[41,-40],[14,-120],[-13,-82],[1,-29],[26,-22],[-7,-26],[21,-17],[-1,-32],[16,-40],[-12,-14],[8,-45],[22,-9],[20,-31],[2,-24],[48,-83],[23,-28],[38,0],[78,58],[29,37],[6,32],[15,10],[45,70],[23,52],[22,17],[36,-6],[68,27],[66,50],[41,25],[58,13],[50,39],[29,10],[-33,58],[121,49],[57,47],[-96,16],[371,68],[2,37],[27,61],[-66,42],[-17,2],[-63,59],[-34,14],[-43,-19],[-37,-3],[-35,7],[-20,-10],[-58,33],[-21,-10],[-34,8],[-46,-14],[-24,-23],[-89,-45],[-26,-1],[-20,-29],[-113,9],[-11,-9],[-31,32],[0,17],[-91,14],[-39,13],[-41,33],[-33,-4],[-71,-54],[-15,-33],[-26,-6],[-35,-44],[-27,0],[-12,-32],[-74,-38],[-10,-37]],[[29388,25186],[84,51],[15,-1],[40,-30],[15,-1],[87,24],[45,-13],[33,23],[44,2],[19,-10],[153,43],[34,20],[45,-9],[48,-18],[45,-53],[25,-17],[37,3],[25,20],[11,137],[23,29],[42,7],[99,-19],[112,22],[30,18],[93,-33],[14,-50],[39,-42],[39,-20],[18,4],[26,55],[33,-18],[59,-49],[37,-18],[40,0],[30,26],[-19,27],[0,43],[47,20],[74,69],[11,36],[37,28],[51,26],[63,-16],[57,-6],[34,5],[94,-9],[37,26],[42,-8],[57,4],[6,21],[60,-29],[51,-17],[26,3],[41,44],[56,1],[46,-102],[32,6],[33,-21],[26,-30],[72,0],[11,-37],[29,-17],[36,11],[18,-23],[54,-12],[22,-33],[-14,-37],[14,-51],[-19,-34],[32,-39],[45,-11],[40,-18],[30,-29],[8,-29],[30,-59],[93,-55],[67,20],[25,30],[43,-9],[23,-21],[38,-2],[27,-11],[13,-30],[48,-69],[25,-19],[60,-21],[76,-10],[89,0],[78,21],[83,3],[42,30],[18,22],[2,43]],[[35832,23848],[0,-603],[0,-501],[0,-926]],[[35832,21818],[-57,-3],[-46,19],[-12,29],[0,37],[-10,11],[-44,6],[-33,18],[-39,4],[-58,-21],[-35,2],[-60,-36],[-21,-1],[-49,-31],[-37,1],[-38,-31],[-48,8],[-60,22],[-12,-14],[-42,-2],[-9,-28],[-29,11]],[[34810,21503],[0,713],[0,697],[-622,0],[-695,0],[-598,0],[-756,0],[-579,0],[-489,0],[-745,0],[-938,0],[0,854],[0,783],[0,624]],[[29388,32963],[43,2],[160,-6]],[[29591,32959],[94,-45],[34,-21],[114,-141],[12,-18],[7,-50],[-26,-113],[23,-87],[-77,-209],[-5,-73],[3,-396],[-26,0],[1,-37],[-11,-23],[68,-32],[-11,-23],[-20,-6]],[[29388,43870],[0,934],[0,769],[0,1007],[0,833],[0,778],[0,514]],[[29388,48705],[560,4],[343,2],[1,-2],[978,1],[149,-51],[17,0]],[[31933,44019],[0,-22],[-31,-18],[-1,-19],[-37,-15],[-12,-32],[-36,-3],[-48,-42],[-21,-42],[-46,-52],[-105,-72],[-50,-46],[-32,-10]],[[31514,43646],[-133,-87],[-122,-96],[-80,-39],[-30,17],[-97,113],[-235,-58],[-176,-185],[-152,0],[-121,-5],[-197,5],[-313,0],[-171,6],[-90,0],[-2,153],[-149,-1],[0,43],[-29,0],[-7,48],[-22,51]],[[29388,43611],[0,259]],[[35936,31709],[-1,-207],[4,0],[2,-146],[6,-264],[-11,-348],[-1,-518],[3,-249],[-53,0],[8,-746],[1,-337]],[[35894,28894],[-54,-11],[-21,-17],[-43,-5],[-36,31],[-20,74],[-28,12],[-28,-11],[-3,40],[-24,-6],[-29,14],[-34,37],[-26,18],[-30,2],[-80,34],[-9,-23],[-39,22],[-43,3],[-41,-19],[-54,-7],[-28,-20],[-27,27],[-57,-22],[-57,20],[-20,22],[-36,13],[-48,72],[-19,2],[-9,36],[-21,28],[-42,18],[-32,-14],[-52,31],[-80,0],[-26,-17],[-27,1],[-37,-18],[-17,28],[-41,-34],[-38,23],[45,124],[-7,34],[-44,117],[-11,41],[1,38],[-58,0],[-40,22],[-71,25],[-88,9],[-129,5],[-100,41],[-184,30],[-10,-2],[183,-817]],[[29591,32959],[154,9],[138,-5],[172,5],[14,18],[250,-19],[386,-5],[455,1],[198,-3],[244,1]],[[20892,20939],[0,187]],[[21143,21127],[0,-539],[4,-23]],[[27247,8818],[-179,3]],[[27068,8821],[-1,65],[55,54],[6,67]],[[27068,8821],[-63,0]],[[27005,8821],[1,186]],[[26937,8817],[20,7],[48,-3]],[[27107,8634],[-62,69],[-56,56],[-52,58]],[[21141,17886],[1,62]],[[21142,17948],[60,1]],[[21202,17949],[42,0]],[[21244,17949],[-10,-18],[-44,-45]],[[21164,17824],[-22,-1]],[[21142,17823],[-1,63]],[[20888,17635],[1,64]],[[20889,17699],[125,0]],[[21014,17699],[-1,-125]],[[21013,17574],[-141,-2]],[[20872,17572],[16,63]],[[21014,17699],[128,0]],[[21142,17699],[0,-63]],[[21142,17636],[-14,-62]],[[21128,17574],[-115,0]],[[22639,18078],[15,-2],[290,0],[26,-6],[42,5]],[[22761,17952],[-123,4]],[[22638,17956],[1,122]],[[23001,18201],[-6,-36],[17,-35],[0,-55]],[[22639,18078],[1,125]],[[20795,18314],[2,6]],[[20797,18320],[93,3]],[[20890,18323],[-1,-62]],[[20889,18261],[-94,-1],[0,54]],[[19762,17921],[46,30],[80,-12]],[[19888,17937],[2,-120]],[[19826,17817],[-62,0]],[[19764,17817],[-2,104]],[[14962,22911],[31,-31],[9,-38],[65,-85],[7,-44],[16,-23],[27,-10],[31,32],[63,29],[69,0],[-1,-49],[-31,0],[-1,-38],[-67,-60]],[[15180,22594],[-42,-28],[-85,-6],[-24,8],[-39,-24],[-43,-13],[-12,-15],[-31,-8],[0,29],[-127,-1],[0,209],[8,33],[-9,22],[0,112]],[[19264,19693],[127,1]],[[19391,19694],[-1,-124]],[[19390,19570],[-126,-1]],[[28789,17939],[-5,-22],[43,-31],[28,-43],[2,-32],[27,-114],[5,-57],[11,-50]],[[28900,17590],[-132,-13],[-246,1],[-13,54],[-31,51],[7,36],[69,53],[21,4],[25,24],[9,29],[46,34],[-18,40],[15,15],[26,-7],[43,6],[51,-10],[17,32]],[[29479,16487],[146,980],[25,160],[43,300]],[[29693,17927],[86,590],[11,101],[8,36],[205,199],[289,284],[20,21],[537,515],[131,128],[13,755],[5,209],[8,109],[1,242],[6,202]],[[31013,21318],[42,-52],[35,-28],[9,-33],[-12,-23],[-47,6],[-15,-23],[46,-17],[29,-24],[21,11],[-7,72],[22,-8],[5,-25],[75,6],[28,-9],[20,-46],[18,-3],[31,67],[32,5],[31,-31],[16,24],[9,44],[12,15],[50,-9],[8,-40],[52,-19],[13,48],[34,-21],[27,4],[25,23],[12,-27],[33,35],[39,11],[19,-55],[-2,-30],[51,19],[33,0],[62,-17],[8,-36],[17,-31],[35,20],[6,45],[21,20],[5,29],[-23,23],[-6,27],[6,27],[51,-21],[17,9],[47,1],[28,58],[17,1],[47,-40],[-2,-18],[-34,-45],[-54,8],[53,-50],[22,8],[32,-7],[53,0],[-18,-43],[-65,-48],[20,-9],[40,1],[68,-14],[8,19],[-35,27],[47,35],[64,28],[-2,-41],[38,-31],[35,-9],[28,-52],[54,-6],[25,-10],[16,16],[65,-48],[-5,-24],[49,-15],[23,18],[42,7],[-10,-39],[19,-60],[30,-16],[26,37],[31,-37],[29,-20],[28,-57],[89,-56],[7,-18],[44,-1],[-2,37],[19,16],[-4,32],[14,12],[50,-5],[23,-20],[-21,-27],[21,-18],[32,-49],[9,-24],[29,-4],[0,-24],[-21,-17],[5,-41],[-18,-16],[-7,-66],[5,-34],[48,-15],[-20,-24],[8,-26],[51,12],[3,27],[56,-9],[49,-15],[25,16],[15,34],[37,2],[-15,-45],[6,-41],[63,18],[26,-10],[10,-28],[-31,-21],[-17,6],[-36,-16],[-13,-31],[51,-46],[26,-16],[44,4],[34,-7],[36,-33],[78,-10],[29,-27],[-14,-49],[23,-9],[1,-43],[76,-24],[28,-55],[34,-9],[37,-41],[52,-17],[64,-60],[12,-20],[36,-1],[31,-18],[-2,-50],[36,-61],[-22,-32],[20,-10],[-11,-46],[22,-25],[29,21],[32,-32],[2,-27],[-20,-13],[-22,18],[-24,-11],[1,-36],[-22,-11],[1,-34],[40,4],[12,47],[43,-8],[10,-25],[-24,-13],[-7,-33],[24,-1],[11,29],[78,-21],[-22,-58],[-41,-16],[47,-61],[42,-1],[52,-37],[18,23],[27,10],[34,37],[21,2],[18,-20],[19,6],[-1,28],[26,-3],[9,-47],[34,-25],[55,-31],[16,-17],[15,-37],[41,7],[23,18],[-19,35],[5,18],[77,-27],[25,10]],[[34810,19279],[0,-954],[-517,2],[-140,0],[-259,-3],[-305,-1],[13,-47],[-13,-17],[4,-56],[-62,-27],[-31,10],[-26,-15],[-22,28],[-21,-1],[-13,-33],[22,-36],[-8,-12],[-39,12],[-30,-25],[-29,-8],[-44,21],[-32,-49],[-31,1],[-17,35],[-29,0],[-25,34],[-32,-38],[-17,19],[-81,-47],[-34,17],[-37,-20],[-58,-7],[-41,37],[-10,21],[-32,-13],[-85,-76],[-28,-17],[-78,-8],[-6,21],[-39,-9],[-27,28],[-61,-6],[-12,-23],[-46,-25],[-44,9],[-38,-10],[-15,-55],[-34,-6],[12,-48],[-43,-57],[-6,-36],[-26,9],[-20,-34],[-26,-20],[-25,18],[-25,-7],[-42,19],[-38,8],[-40,33],[-17,-33],[-47,15],[-32,-25],[-14,10],[-48,-28],[-35,18],[-11,-55],[-23,-26],[-7,-50],[-30,-4],[-29,20],[-33,-9],[-68,-42],[-16,-33],[4,-65],[-5,-25],[-44,-15],[-18,-39],[23,-42],[24,-20],[3,-32],[-22,-22],[-4,-52],[8,-22],[-1,-49],[20,-72],[-31,-38],[-12,-33],[12,-28],[-7,-23],[11,-33],[-10,-21],[19,-39],[-21,-25],[-51,-19],[-6,-23],[33,-16],[0,-31],[-12,-42],[24,-20],[18,-47],[7,-35],[-3,-42],[38,-28],[-11,-32],[8,-25],[51,-36],[11,-104],[21,-21],[34,-7],[40,-63],[37,-16],[-18,-33],[-13,-58],[53,-40],[25,-47],[38,-17],[33,-45],[-6,-19],[-30,-1],[-21,-38],[-80,-8],[-7,21],[-66,-22],[-21,-28],[-31,-1],[-69,19],[-18,40]],[[31569,15994],[-21,2],[-11,27],[-19,-2],[-59,-46],[15,-44],[-9,-33],[-52,-10],[-40,7],[-15,-7],[-80,10],[-69,30],[-43,-5],[-36,-53],[-28,-6],[-20,-32],[-82,6],[0,-35],[-15,-21],[-33,-18],[0,-26],[31,-26],[18,17],[25,-14],[-7,-21],[-22,-8],[-46,17],[-45,27],[-15,39],[-23,4],[-31,-98],[4,-37],[-30,-1],[-16,20],[-38,-16],[-3,-35],[-36,-9],[-17,-30],[-35,-4],[-40,24],[-35,-40],[-20,-44],[-49,-30],[-28,5],[-20,28],[-58,40],[-88,14],[-100,-14],[-26,-41],[-7,-39],[-13,-6],[-55,-69],[-3,-16],[-57,-76],[-40,2],[-1,45],[-28,8],[-20,-17],[-27,-55],[-37,-2],[-3,-49],[-11,-38],[-25,-11],[6,-58],[-6,-44],[-30,10],[-28,-3],[-23,-31],[37,-10],[8,-25],[-13,-24],[-24,-12],[-25,11],[-30,29],[-38,18]],[[29709,15043],[0,220],[-2,135],[1,385],[-293,-1],[-42,6],[15,78],[22,136],[49,328],[20,157]],[[19522,19820],[-7,-126]],[[19515,19694],[-124,0]],[[19391,19694],[-6,123]],[[19511,18762],[1,62]],[[19512,18824],[34,1]],[[19636,18825],[-1,-62]],[[19635,18763],[0,-31]],[[19635,18732],[0,-32]],[[18762,18510],[0,62]],[[18762,18572],[63,1]],[[18825,18573],[0,-62]],[[18825,18511],[0,-63]],[[18825,18448],[-63,0]],[[18762,18448],[0,62]],[[21764,18054],[0,-40]],[[21764,18014],[-126,3]],[[21638,18017],[1,58]],[[18137,19430],[17,104]],[[18154,19535],[43,-14]],[[21089,19085],[52,-12]],[[21141,19073],[0,-125]],[[21141,18948],[-124,1]],[[21017,18949],[16,53],[41,45],[15,38]],[[19261,18699],[4,0]],[[19387,18699],[-1,-62]],[[19260,18575],[1,124]],[[19511,18949],[1,-125]],[[19512,18824],[-126,0]],[[19386,18824],[0,125]],[[18893,19692],[121,1]],[[19014,19693],[-1,-124]],[[20874,17323],[125,-1]],[[20999,17322],[0,-124]],[[20874,17198],[0,125]],[[18887,18449],[59,1]],[[18946,18450],[63,1]],[[19009,18451],[0,-63]],[[19009,18388],[-122,-1]],[[18887,18387],[0,62]],[[21764,17951],[124,3]],[[21888,17954],[-1,-63]],[[21887,17891],[-123,-2]],[[21764,17889],[0,62]],[[21764,18014],[0,-63]],[[21764,17951],[-127,0]],[[21637,17951],[1,66]],[[21392,18173],[3,27],[44,0],[50,51],[15,23]],[[21515,18201],[-1,-126]],[[21396,18063],[-4,110]],[[19260,19198],[63,0]],[[19390,19570],[124,0]],[[19514,19570],[-1,-124]],[[19388,19446],[2,124]],[[18260,19306],[163,3]],[[18423,19309],[-30,-72],[5,-28],[-24,-27]],[[18374,19182],[-112,0]],[[18888,18698],[0,-90]],[[18888,18608],[-81,41],[-44,45]],[[18763,18694],[0,1]],[[21375,16952],[128,1]],[[21501,16828],[-124,-1]],[[19764,17692],[63,0]],[[19889,17692],[0,-124]],[[19889,17568],[-125,0]],[[19764,17568],[0,62]],[[19764,17630],[0,62]],[[21887,17891],[0,-62]],[[21764,17827],[0,62]],[[19009,18451],[126,-1]],[[19135,18450],[0,-59]],[[19135,18391],[0,-3]],[[19135,18388],[-126,0]],[[21894,19821],[17,0],[492,2],[124,1]],[[22381,19644],[-37,-30],[-28,-39]],[[22316,19575],[-28,21],[-35,-6],[-36,-32],[-28,-13],[-18,-23],[-46,-18],[-15,-30]],[[22110,19474],[-47,47],[-38,14],[-7,40],[-124,-1],[0,12]],[[21894,19586],[0,235]],[[18946,18574],[63,2]],[[19009,18576],[0,-125]],[[18946,18450],[0,124]],[[21249,17450],[63,1]],[[21375,17452],[0,-62]],[[20455,19141],[55,0],[9,11]],[[20533,18885],[0,-64]],[[20533,18821],[-77,1],[-17,9],[-47,-10],[-1,-87]],[[22137,17830],[125,0]],[[22262,17830],[-1,-125]],[[22261,17705],[-125,0]],[[19263,19445],[125,1]],[[19387,19322],[-125,-1]],[[19262,19321],[-1,0]],[[19261,19321],[2,124]],[[19260,18823],[0,-62]],[[19260,18705],[-32,27],[-90,92]],[[19138,18824],[122,-1]],[[19638,17817],[126,0]],[[19764,17817],[0,-125]],[[19764,17692],[-124,1]],[[19640,17693],[-2,124]],[[21767,18201],[125,2]],[[21892,18203],[-2,-125]],[[21890,18078],[-126,-1]],[[21016,18823],[125,0]],[[21141,18823],[-1,-125]],[[21140,18698],[-62,0]],[[21078,18698],[-61,0]],[[21017,18698],[-1,125]],[[19760,18263],[125,0]],[[19885,18263],[1,-63]],[[19886,18200],[-126,1]],[[19760,18201],[0,62]],[[19386,18762],[0,62]],[[18261,19500],[129,-45]],[[18480,19311],[-57,-2]],[[3139,27003],[43,1],[133,-6],[24,-5],[48,-30],[24,22]],[[3411,26985],[64,-69],[29,-57],[52,26],[33,57]],[[3589,26942],[59,0]],[[3648,26942],[3,-15],[89,-87],[7,-20]],[[3747,26820],[3,-17],[-27,-55],[-29,-8],[-56,-41]],[[3638,26699],[-40,-17],[-61,-9]],[[3537,26673],[-29,64],[-26,35],[-38,18],[-119,-15],[-53,-17],[-57,-7],[-33,7],[-79,87],[1,51],[22,57],[13,50]],[[18513,19187],[125,2]],[[18638,19189],[0,-125]],[[18513,19062],[0,125]],[[21012,18199],[63,1],[0,30],[62,1],[2,93]],[[21139,18324],[0,125]],[[21140,18574],[0,124]],[[21141,18823],[0,125]],[[21141,19073],[3,129]],[[22019,19201],[439,0]],[[22458,19201],[4,0]],[[22462,19201],[-4,-33],[502,87]],[[22960,19255],[-24,-205],[-21,-11],[-36,9],[-145,-63],[-6,-28],[6,-73],[-29,-100],[-11,-17],[-52,-9],[-3,-58],[2,-83]],[[22641,18617],[-125,-2],[-4,-17]],[[22512,18598],[-98,3],[-32,-14],[-24,-25],[-7,-27],[-33,-35],[-21,16],[-26,-24]],[[22271,18492],[-26,-6],[-14,-20],[-26,1]],[[21392,18173],[-63,-36],[-59,-58],[-20,-4],[-106,0]],[[21144,18075],[-134,0],[2,124]],[[19510,18325],[-125,0]],[[19385,18325],[0,125]],[[19386,19198],[63,0]],[[21143,21313],[283,1],[471,0]],[[21897,21314],[0,-615],[1,-75]],[[21898,20624],[-10,-11],[-54,0],[-2,-47],[-147,4],[-106,-4],[-335,0],[-97,-1]],[[19009,19809],[6,-52],[-1,-64]],[[21637,17888],[127,1]],[[21636,17826],[1,62]],[[21501,17202],[127,1]],[[21628,17203],[0,-63]],[[21565,17078],[-63,0]],[[21502,17078],[-1,124]],[[19949,18263],[63,0]],[[20012,18263],[0,-62]],[[20012,18201],[-60,-1]],[[19952,18200],[-3,63]],[[10706,19704],[0,104]],[[10706,19808],[705,0],[666,0],[596,0],[168,-5],[764,0],[1,12],[91,0]],[[13697,19815],[670,-2]],[[14367,19813],[7,-112],[27,-94],[31,-43],[5,-30],[-12,-73],[15,-66],[4,-83],[-21,-93],[-14,-136],[19,-36],[32,-35],[0,-651]],[[14460,18361],[-1,-622],[62,-33],[-1,-389],[-186,-1],[-320,-1],[-6,-105],[15,-82],[-189,4],[0,58],[-121,0],[0,-103],[20,-44],[-40,-8],[-15,-19],[132,-85],[66,-81],[322,-216],[244,-170],[57,63],[92,32],[1,-14],[32,-65],[51,-66],[10,-28],[61,-79],[22,-36],[43,7]],[[14811,16278],[1,-25],[-16,-33],[21,-56],[74,-82],[56,-27],[81,-50],[58,-19],[34,-33],[48,-92],[26,-38],[35,-34],[21,-69],[28,-52],[10,-37],[-1,-59],[-13,-24],[10,-74],[-1,-31],[28,-38],[15,-62],[-2,-21]],[[15324,15322],[8,-85],[29,-86],[1,-41],[18,-19],[40,-101],[-9,-77],[-26,-38],[-1,-59],[31,-47],[3,-47],[13,-41],[-32,-93],[-18,-29],[-16,-54],[-30,-74],[-19,-29],[-37,-33],[-64,-26],[-45,18],[0,16],[-45,-9],[-26,17],[-63,23],[-83,-7],[-4,-26],[-50,2],[-30,31],[-45,-18],[-10,-16],[-44,37],[-30,16],[-10,17],[13,45],[-21,26],[-84,11],[-17,-2],[-100,25],[-28,33],[-8,24],[-57,36],[-11,-25],[1,-54],[-13,-16],[-35,21],[-27,2],[-29,16],[-8,24],[-73,68],[-60,33],[-19,-8],[-55,17],[-9,-9],[-52,5],[-99,-62],[-74,4],[-89,-10],[-37,51],[-27,9],[-90,3],[-90,54],[-27,20],[-83,30],[-49,5],[-44,-27],[-41,-15],[-40,2],[-65,27],[-40,34],[-15,42],[-17,20],[-17,55],[-31,40],[-50,-41],[-23,29],[5,14],[-49,63],[-44,24],[-29,28],[-54,8],[-32,-7],[-37,-56],[-7,-55],[6,-36],[-10,-10],[4,-48],[-8,-26],[-29,-27],[-19,-61],[-35,-44],[-35,-8],[-87,8],[-110,-28],[-35,-26],[-23,-29],[-16,-73],[4,-25],[-14,-48],[-64,-81],[-7,-19],[-87,4],[-32,6],[-44,-21],[-73,-21],[-19,-37],[-24,-3],[-28,34],[-49,21],[-32,-29],[11,-54],[-24,-16],[-45,16],[-39,73],[-72,28],[-55,7],[-29,-10],[-40,-32],[-42,-77],[-37,-2],[-25,15],[-45,-9],[-39,3],[-55,-7],[-26,4],[-56,-7],[-43,-32],[-17,-68],[-15,-27],[-26,-19],[-27,1],[-41,-19],[-33,-45],[-29,-62],[-60,-4],[-30,-23],[-60,-10],[-46,33],[-32,-38],[-41,-3],[-44,-29]],[[10706,17565],[0,518],[0,754],[0,867]],[[20326,18450],[0,-127]],[[20326,18323],[-63,1]],[[20263,18324],[0,126]],[[18890,19444],[-125,-3]],[[18765,19441],[1,125]],[[18638,18942],[1,-122]],[[18639,18817],[-126,1],[0,122]],[[19636,19821],[0,-124]],[[19636,19697],[-121,-3]],[[20890,18323],[126,1]],[[21016,18324],[-4,-125]],[[21012,18199],[-124,0]],[[20888,18199],[1,62]],[[22512,18598],[23,-25],[-26,-87],[7,-33]],[[22516,18453],[0,-124]],[[22516,18329],[-2,-125]],[[22389,18204],[-124,0]],[[22265,18204],[2,266],[4,22]],[[21637,17888],[0,63]],[[19260,18823],[64,0]],[[19324,18823],[62,1]],[[18765,19441],[-127,-3]],[[19259,19814],[126,3]],[[19135,18450],[125,0]],[[19260,18450],[0,-62]],[[19260,18388],[-125,3]],[[19633,18199],[127,2]],[[19760,18201],[0,-63]],[[19760,18138],[-127,-2]],[[19633,18136],[0,63]],[[22019,19297],[0,91],[62,0],[39,28],[-9,17],[-1,41]],[[22316,19575],[-17,-61],[30,-72]],[[22329,19442],[-10,-27],[-46,-43],[-35,-16],[-5,-35],[52,-2],[41,-26],[45,-14],[55,-35],[32,-43]],[[20893,18950],[124,-1]],[[21017,18949],[-1,-126]],[[21016,18823],[-139,2]],[[20877,18825],[1,63]],[[20888,18199],[-101,-2]],[[20787,18197],[-20,34],[12,56],[16,27]],[[20579,17449],[3,114]],[[20582,17563],[5,0]],[[20587,17563],[35,8]],[[20622,17571],[0,-23],[19,-21],[25,-49],[4,-31]],[[20670,17447],[-3,-62],[-43,0],[0,30],[-51,-1]],[[21514,17951],[61,0]],[[21575,17951],[62,0]],[[21636,17826],[-123,0]],[[21500,17452],[0,-25]],[[21500,17427],[0,-37]],[[22886,17702],[-126,0]],[[22760,17702],[0,125]],[[18642,17659],[16,5]],[[18658,17664],[87,-100]],[[18745,17564],[21,-25],[1,-37],[33,0],[209,-244]],[[19009,17258],[125,-143]],[[19134,17115],[126,-145]],[[19260,16970],[27,-30]],[[19287,16940],[35,-34],[70,-86],[124,-2]],[[19741,16819],[157,0]],[[19898,16819],[228,1]],[[20390,16082],[-626,-1],[-11,-1],[-62,41],[28,90],[-11,46],[-36,38],[-35,13],[-66,-24],[-36,-7],[-19,36],[-24,0],[-12,23],[-38,10],[-29,-23],[-18,11],[-12,34],[0,30],[-36,18],[-3,27],[-32,35],[-47,29],[-47,-5],[-28,5],[-53,43],[-40,-9],[-11,42],[-38,-5],[-77,19],[-3,29],[-31,50],[-8,39],[13,55],[-13,38],[31,62],[-4,21],[-57,74],[-11,25],[0,-172],[8,0],[0,-374]],[[18896,16444],[-352,-4],[-401,4],[1,373],[0,775],[-19,2]],[[22462,19201],[23,202]],[[22536,19824],[24,215],[46,373],[39,7]],[[22645,20419],[208,32]],[[22853,20451],[257,43],[-48,-303],[-1,-81],[-46,-395],[-55,-460]],[[21862,13454],[61,-41],[188,1]],[[22111,12845],[-250,0],[2,316],[-125,1],[-2,385],[126,-93]],[[20870,14316],[0,129]],[[20870,14445],[113,0],[131,-20],[1,-136],[62,2],[751,1],[189,2]],[[22117,14294],[-3,-26],[0,-224]],[[22114,14044],[-248,-3],[0,-328],[1,-50]],[[21867,13663],[-5,-209]],[[22111,12845],[1,-188],[-1,-369]],[[22111,12288],[-124,1],[-1,254],[-371,0],[-63,-4],[-191,-1],[-117,2],[-3,130],[-248,2],[0,615],[-125,0],[-1,525],[3,226],[0,278]],[[26507,16752],[52,44],[5,26],[106,61],[39,60],[29,107],[39,37],[36,8],[24,29],[34,21],[34,64],[29,10],[14,26],[-11,62],[-14,35],[14,19],[53,28],[57,-74],[35,-29],[11,-40],[51,-18],[26,-16],[54,-125],[-38,-41],[-2,-49]],[[27184,16997],[4,-17],[37,-15],[3,-43],[-7,-87],[0,-362],[61,-1],[5,-20],[-19,-47],[79,-125],[0,-182],[-192,1],[-6,28],[-35,49],[-21,6],[-14,32],[-34,3],[-20,37],[-31,12],[-17,-6],[-33,33],[-20,-5],[-28,37],[-28,24],[-26,-2],[-10,22],[-35,36],[-15,33],[6,20],[-16,36],[-19,13],[-30,-4],[-13,15],[-16,48],[-38,-10],[-40,27],[-31,8],[-29,39],[-42,0],[-54,29],[-11,22],[-24,-17],[-76,14],[5,38],[26,-17],[37,2],[75,35],[15,16]],[[1575,32303],[1,-69],[8,-26],[55,-113],[0,-109]],[[1639,31986],[2,-70],[-27,-67]],[[1614,31849],[-36,-43],[-2,-19],[-32,0],[0,32],[-32,-1]],[[1512,31818],[-3,76],[-63,21],[-11,30]],[[1435,31945],[59,41],[33,46],[12,41],[-8,61],[-25,42],[-40,39]],[[6596,40887],[42,-6],[18,-27],[4,-37],[-5,-64],[12,-49],[18,-33],[78,-71],[79,-40],[98,-19],[69,-23],[184,-18],[75,5],[12,-8],[53,-84],[14,-33],[30,-39],[29,-10],[38,2],[28,-25],[-17,-121],[24,-66],[13,-107],[20,-52],[40,-55],[15,-52],[26,-22],[64,-22],[52,9],[87,-118],[-26,-63],[11,-59],[13,-8],[74,7],[39,-11],[54,-82],[8,-28],[-5,-77],[-17,-86],[1,-30],[29,-66],[2,-63],[-10,-24],[16,-32],[25,-24],[32,-9],[68,-4],[82,-22],[33,-28],[26,-36],[42,-20],[13,-20],[23,-67],[57,-62],[5,-37],[-7,-67],[59,-93],[4,-14],[78,-41],[24,-2],[37,31],[32,83],[35,41],[22,78],[32,32],[40,-2],[60,-46],[18,-20],[131,-115],[54,-58],[11,-24],[5,-59],[31,-66],[74,-46],[69,-28],[36,-45],[73,-103],[56,-58],[69,-46],[81,-6],[84,9],[137,-15],[66,-24],[53,-33],[65,-21],[59,-28],[116,-15],[56,12],[132,1],[70,19],[23,30],[21,46],[55,47],[10,21],[68,32],[76,62],[52,48],[27,42],[8,40],[20,48]],[[10712,35868],[-147,-121],[-413,-2],[-150,1],[-67,-8],[-192,8],[-213,0],[-197,7],[-135,-5]],[[9198,35748],[-229,1],[-326,-1],[-433,503],[-424,493],[-38,46],[-349,401],[-138,162],[-451,518],[-66,72],[-154,186],[-3,38],[0,800],[2,291],[1,832],[2,50],[1,179],[3,25],[-1,331],[1,212]],[[3154,27236],[105,1],[27,24],[4,20],[48,-3],[-19,66],[50,10],[51,1],[59,-35]],[[3479,27320],[-1,-40],[-38,-32],[28,-31],[39,-23],[-22,-32]],[[3485,27162],[-1,-20]],[[3484,27142],[-43,-11],[4,-16],[-61,-45],[5,-58],[21,-27]],[[3410,26985],[1,0]],[[3139,27003],[-9,108],[5,59],[19,66]],[[22778,25373],[44,-10],[13,-20],[22,12],[22,-30],[50,-22],[40,-9],[40,-32],[-6,-24],[68,-40],[8,-34],[23,15],[21,-36],[23,23],[28,-4],[24,23],[20,-22],[26,-7],[5,-27],[-17,-8],[29,-40],[70,-6],[25,-52],[28,-12],[33,13],[33,-19],[35,3],[34,-21],[19,16],[74,-74],[50,6],[17,-20],[5,-34],[36,4],[25,38],[41,7],[35,-49],[25,-12],[31,12],[18,-16],[-6,-36],[20,-12],[54,16],[13,-21],[44,10],[56,36],[12,58],[-4,17],[16,77],[16,40],[-12,45],[-3,42],[46,38],[68,33],[24,74],[1,78],[43,14],[34,45],[21,-3],[41,22],[36,58],[30,14],[80,62],[43,20],[21,21],[-2,34],[50,6],[56,-25],[67,6],[49,-4],[27,19],[36,-5],[21,-24],[76,-56],[17,-32],[24,-69],[41,-23]],[[25051,25440],[86,-71],[38,-16],[24,-24],[47,-25],[14,-33],[-2,-55]],[[25258,25216],[-3,-92]],[[25255,25124],[-56,-12],[-27,3],[-83,-21],[-28,-22],[-56,-2],[-26,-9],[6,-72],[16,-31],[11,-60],[86,-6],[11,9],[47,-3],[7,-33],[19,-43]],[[25182,24822],[8,-172],[17,-55],[-2,-26],[-62,-134],[1,-39],[32,-61],[48,-17],[27,-18],[44,-56],[8,-40],[-18,-32],[-71,-60],[-35,-75],[-31,-41],[-41,-27],[-67,-79],[-13,-39],[1,-149],[-6,-30]],[[25022,23672],[-47,-223],[-12,-34],[-53,-109],[-1,-44],[67,-162],[12,-53],[-5,-27],[25,-47],[-3,-23],[-24,-36],[-48,-31],[-35,-41]],[[24898,22842],[-66,-2],[-15,-14],[-1,-38],[-22,-46],[17,-47],[-18,-38],[-6,-40],[-48,-39],[-38,-5],[-61,-22],[-28,-38],[-107,-60],[-51,-5],[-40,7],[-26,-25],[14,-44],[-64,42]],[[24338,22428],[-21,43],[4,46],[26,30],[-36,41],[3,32],[27,23],[5,40],[23,10],[27,34],[45,19],[12,23],[-12,31],[-16,-2],[-40,40],[17,43],[-30,25],[-36,10],[-35,37],[-29,-22],[-59,32],[-25,-18],[-18,8],[-30,-20],[-79,-6],[-30,-16],[-24,1]],[[24007,22912],[-7,29],[-20,8],[-7,35],[6,21],[27,32],[-6,26],[12,54],[-19,43],[20,24],[12,52],[59,-10],[11,30],[40,2],[43,16],[24,41],[-7,35],[-21,33],[0,28],[33,12],[38,-1],[10,59],[-23,26],[2,22],[-60,60],[-25,14],[-21,29],[-21,75],[-30,20],[5,16],[46,42],[50,70],[3,21],[-21,19],[-3,35],[-39,4],[-12,46],[18,48],[-20,13],[-71,-6],[-9,30],[30,45],[39,21],[1,30],[15,26],[27,22],[-647,1],[-398,0],[-652,0],[-12,27],[-50,53],[5,31],[34,13],[39,58],[30,34],[-1,40],[32,18],[46,-15],[7,37],[-24,39],[-35,-3],[-27,-22],[-28,17],[19,22],[-35,41],[6,29],[60,-15],[22,-43],[28,0],[41,59],[-3,45],[-26,20],[-23,37],[-19,-6],[-36,10],[0,48],[15,23],[-10,53],[7,17],[38,12],[-15,35],[2,52],[43,28],[-30,15],[11,44],[47,54],[-3,26],[17,10],[47,6],[14,39],[24,30],[-27,11],[-20,71],[-4,33],[98,10],[35,20]],[[38485,736],[99,-6],[25,-73],[19,-28],[28,-14],[12,-23],[-14,-22],[14,-21],[18,-79],[-30,-88],[-22,-28],[-53,-28],[10,-58],[1,-89],[-28,-22],[-34,-7],[-62,-1],[1,-135]],[[38469,14],[-244,0]],[[38225,14],[-1,330],[59,52],[202,340]],[[34831,2932],[23,-16],[106,0],[34,-10],[97,-82],[32,-32],[224,-2],[22,-13],[95,-156],[21,-59],[40,-36],[30,-36],[47,-19],[64,-2],[106,-64],[27,-8],[61,-39],[50,-49],[46,-23],[44,-5],[89,2]],[[36089,2283],[-12,-81],[9,-426],[1,-81],[8,-366],[3,-251],[-27,-111],[-2,-21]],[[36069,946],[-30,12],[-43,-15],[-24,-51],[-33,-26],[-84,-17],[-72,-10],[-46,25],[-6,26],[33,54],[20,44],[25,38],[-10,20],[-70,-27],[-23,21],[-67,-23],[-35,3],[-38,-26],[-16,-27],[-19,-63],[25,-15],[33,-48],[-4,-46],[-27,-6],[-20,-57],[13,-8],[-22,-59],[-17,-24]],[[35512,641],[-66,-25],[-39,39],[-4,70],[-14,58],[-21,14],[-58,76],[-54,5],[-32,34],[-46,13],[-19,16],[-52,16],[74,55],[12,21],[34,31],[-9,31],[-63,49],[-60,14],[-39,19],[-74,62],[-81,103],[-22,43],[-33,29],[-53,24],[-38,48],[-50,30],[-18,28],[-4,29],[56,181],[0,62],[-6,37],[-16,31],[-82,111],[-13,27],[-17,63],[-14,26],[-71,86],[-40,84],[-28,99]],[[34452,2380],[-12,46],[1,40],[78,203],[66,130],[5,35],[-8,91],[54,12],[56,52],[31,18],[16,-3],[49,-30],[43,-42]],[[33780,2139],[31,10],[10,19],[33,26],[28,-9],[23,14],[36,-7],[36,5],[20,-11],[34,42],[23,-18],[53,24],[26,-3],[61,8],[72,26],[118,91],[68,24]],[[35512,641],[7,-36],[57,-5],[69,-37],[8,-10],[-32,-366],[-32,-28],[-435,0]],[[35154,159],[0,288],[-149,-90],[-60,-11],[-409,63],[-74,0],[-269,223],[-30,30],[-21,78],[-16,94],[-2,44],[-23,46]],[[33261,4284],[118,-64],[14,16],[-1,191],[-20,33],[-55,130],[-27,88]],[[33290,4678],[6,-5],[90,12],[13,12],[59,5],[73,24],[42,-9],[80,7],[80,20],[74,1],[39,9],[73,61],[8,23],[55,19],[46,26],[46,13],[10,29],[52,24],[17,46],[74,-2],[56,45],[22,10],[54,-24],[41,-2],[59,23],[6,26],[32,-6],[1,64],[-2,542],[91,0],[0,124],[123,0],[-1,124],[11,-1]],[[36108,4921],[1,-39],[26,-48],[31,-72],[9,-127],[-12,-173],[-8,-80],[-15,-95],[-1,-91],[11,-118],[21,-83],[-5,-54],[29,-82],[3,-95],[-19,-15],[8,-31],[24,-34],[21,-13],[15,-32],[2,-137],[-16,-44],[-70,-100],[-94,75],[-21,4],[-64,-24],[-121,3],[-85,-47],[-123,32],[-20,40],[-51,62],[-31,16],[-47,45],[-43,17],[-148,-38],[-50,-10],[-67,-2],[-67,-16],[-57,3],[-36,-7],[-34,-19],[-53,2],[-72,-9],[-46,-15],[-23,3],[-68,-15],[-56,-24],[-34,-28],[-68,-22],[-38,-19],[326,-356],[-5,-32],[-17,-32],[-19,-13]],[[33530,2558],[1,34],[19,2],[-6,40],[-28,29],[25,57],[-9,39],[-32,14],[1,67],[36,46],[-37,62],[-40,42],[-5,16],[-54,45],[2,29],[35,4],[16,-16],[38,15],[9,90],[-15,51],[-44,36],[-30,91],[1,20],[-18,27],[20,38],[-14,66],[-11,28],[10,24],[-32,28],[-22,39],[-2,57],[16,43],[-55,35],[26,29],[-12,19],[-38,21],[-17,0],[-31,52],[-36,27],[3,14],[38,12],[1,53],[31,45],[2,14],[40,31],[-30,31],[-36,67],[-5,39],[20,74]],[[36860,291],[134,-16],[-2,140],[2,142],[67,-26],[48,-63],[16,-8],[32,18],[21,1],[9,-26],[55,2],[-2,197],[246,2],[-1,93],[3,155],[281,-3],[-34,38]],[[38106,1611],[28,50],[29,14],[82,17],[15,-19],[132,0],[101,-126],[86,1],[38,65],[10,47],[24,1],[19,52],[41,30],[5,22],[43,46],[76,27],[22,53],[29,36],[37,28],[32,-21],[193,-28],[26,-12],[9,-26],[26,-4],[7,-17],[55,-78],[38,-27],[30,11],[27,-6],[35,5],[43,-9],[12,-19],[24,-3],[38,-33],[24,0],[67,-38],[27,-2],[15,-41],[48,3],[47,16],[40,-6],[40,-29],[-27,-45],[-72,-90],[-21,-16],[-86,-42],[-21,-19],[-163,-212],[-22,-40],[-45,-28],[101,-75],[146,-87],[14,-83],[11,-24],[2,-52],[25,-34],[1,-27],[39,-46],[-8,-46],[12,-26],[-5,-25],[22,-44],[-5,-17],[15,-35],[13,-55],[14,-23],[10,-43],[14,-21],[-6,-49],[49,-52],[4,-27],[23,-26],[-14,-21],[15,-35],[1,-40],[-14,-62],[24,-10]],[[39872,14],[-642,0],[-761,0]],[[38485,736],[50,87],[-31,14],[-107,-113],[-222,-151],[-73,-66],[2,-234]],[[37991,14],[-626,1],[-168,-1],[-335,2],[-173,-1],[-185,2],[-62,-2],[-129,2]],[[36313,17],[57,49],[66,14],[63,20],[26,28],[65,51],[26,10],[85,-1],[16,4],[26,39],[3,47],[49,0],[28,11],[37,2]],[[32954,1533],[0,-506]],[[32954,1027],[-69,-1],[-174,4],[-3,301]],[[31484,1921],[64,20],[21,25]],[[32954,1027],[14,-64],[50,-53],[178,0]],[[35154,159],[0,-37],[-43,29],[-11,-13],[17,-39],[-8,-13],[15,-46],[0,-25]],[[35124,15],[-918,0],[-523,0],[-851,-4],[-730,-3],[-611,-3]],[[36069,946],[53,-36],[432,-445],[19,-15],[253,-149],[34,-10]],[[36313,17],[-208,-2],[-92,1],[-123,-2],[-766,1]],[[38225,14],[-93,0]],[[18885,11213],[0,760],[0,946]],[[18885,12919],[130,-8],[343,-6],[23,3],[208,60],[28,10],[63,38],[133,109],[188,125],[-2,412],[2,125],[8,79],[3,89],[-1,491]],[[20011,14446],[126,0],[-1,-122],[134,-1],[108,-6],[248,1],[244,-2]],[[22111,12288],[121,0]],[[22232,12288],[3,-43],[-1,-336],[-247,3],[-10,-330],[-105,-5],[-16,-8],[0,-746],[3,-24],[-1,-186]],[[21858,10613],[-2,-527]],[[21856,10086],[-14,0]],[[21842,10086],[-829,0],[-1016,0],[-433,1],[-679,0]],[[18885,10087],[0,622],[0,504]],[[21858,10613],[111,2],[-6,-16],[16,-52],[122,-2],[2,38],[155,1],[0,62],[31,2],[0,30],[61,0],[1,156],[121,87],[74,158],[7,6],[174,-2],[1,201],[622,3],[394,3],[230,-2],[7,567],[1,7]],[[23982,11862],[79,-44],[368,-274],[29,-30],[21,-7],[108,-80],[91,-84],[147,-111],[74,-79],[37,-50],[330,-468],[341,-483],[24,-45],[25,-64]],[[25044,10041],[-909,-1],[-665,1],[0,46],[-155,0],[-683,-1],[-776,0]],[[24632,16976],[412,-356],[79,-47],[20,-21],[-3,-31]],[[25140,16521],[-21,-50],[-59,-459],[-80,-619],[-16,-54],[-182,0]],[[24782,15339],[-124,1]],[[23763,16338],[19,6],[82,-3],[30,-9],[33,21],[3,111],[-167,-1]],[[23763,16463],[0,246],[-4,4],[-245,-2],[-1,363]],[[20011,14699],[117,-2]],[[20128,14697],[133,1]],[[20261,14698],[121,2]],[[20382,14700],[250,-3],[125,2],[-2,189]],[[20755,14888],[126,-2],[-1,-314],[-10,-127]],[[20011,14446],[0,190]],[[20011,14636],[0,63]],[[23483,13075],[69,9],[28,-18],[35,-5],[25,29],[38,-14],[26,0],[35,14],[25,-12],[57,5],[40,-37]],[[23861,13046],[-2,-631]],[[23859,12415],[-376,-1]],[[23483,12414],[-1,499],[1,162]],[[22365,13795],[153,-3]],[[22518,13792],[54,-79],[26,-47],[16,-47],[6,-59],[-1,-145]],[[21867,13663],[129,-1],[117,4]],[[23855,14533],[153,116],[203,96],[60,16],[6,47],[21,22],[17,39],[-5,52]],[[24310,14921],[-22,49],[-2,371]],[[24782,15339],[2,-96],[9,-36],[-9,-12],[2,-200],[89,1],[-27,-118],[-3,-33]],[[24845,14845],[0,-58],[-65,-33],[-106,-69],[-15,-4],[-1,-87]],[[24478,14393],[-176,-42],[-137,-6]],[[24165,14345],[-1,114],[-28,2],[-7,22],[-29,-12],[-30,3],[-49,-33],[-44,22],[-55,-26],[-36,42],[-30,-17]],[[23856,14462],[-1,71]],[[22117,14294],[61,0]],[[22178,14294],[340,-502]],[[22114,13794],[0,250]],[[24908,14715],[0,-61],[-54,-24],[-9,23]],[[24845,14653],[0,63],[63,-1]],[[23859,12415],[-3,-150],[0,-225]],[[23856,12040],[-64,1],[-31,14],[-280,207]],[[23481,12262],[2,152]],[[24310,14921],[-22,-9],[-60,-42],[-47,-16],[-62,3],[-45,-11],[-10,134],[-15,29],[-73,91],[-2,239]],[[23388,18075],[125,0]],[[23513,18075],[0,-124]],[[23513,17951],[-125,0]],[[20382,14700],[1,125]],[[20385,15077],[185,-2],[0,-190],[185,3]],[[19759,15071],[201,-2],[49,5],[84,-2]],[[20038,14946],[-27,-63],[-2,-62]],[[20009,14821],[-7,-22]],[[20002,14799],[-33,22],[-178,1]],[[19791,14822],[-31,2],[-1,60],[-62,0],[-1,62],[62,0],[1,125]],[[19665,15071],[94,0]],[[19791,14822],[0,-63],[93,0],[1,-93],[63,0],[0,-30],[63,0]],[[18885,12919],[1,907],[3,0],[0,436]],[[22232,12288],[253,-1]],[[22485,12287],[0,-125],[124,0],[-1,-124],[125,-1]],[[22733,12037],[119,1],[0,123],[5,127]],[[22857,12288],[249,-1],[-3,-247],[193,-1],[305,1],[33,-7],[147,-44],[76,-44]],[[23857,11945],[88,-65],[37,-18]],[[23855,14533],[-2,88],[-1,416],[-1,302]],[[23394,15728],[-5,70],[-40,40]],[[23349,15838],[8,30]],[[23357,15868],[33,-29]],[[23390,15839],[86,-76],[40,-56]],[[23516,15707],[-26,-23],[26,-49],[-23,-49],[-6,-45],[15,-18],[28,-2]],[[23530,15521],[6,-22],[55,-35],[90,0],[11,5]],[[23791,15339],[-505,0]],[[23286,15339],[50,44],[45,9],[34,-10],[-21,346]],[[23763,17701],[0,-124]],[[20259,14825],[-124,-4]],[[20135,14821],[1,126]],[[24845,14592],[0,61]],[[24908,14715],[122,1]],[[25030,14716],[4,-95],[-56,-39],[-45,-50],[-88,-49]],[[20259,14825],[-2,-87],[4,-40]],[[20128,14697],[7,43],[0,81]],[[25030,14716],[-1,125],[-42,1]],[[24987,14842],[34,25],[7,34],[-14,37],[15,28],[68,-26],[80,22],[77,13],[59,55],[31,17],[44,66],[65,9],[51,-15],[40,20],[54,18],[46,8],[51,37],[36,13],[74,-23],[33,-23],[40,-16],[66,-17],[81,-51],[46,-24],[57,11],[46,36],[32,42],[28,4],[5,-32],[24,2]],[[26679,14105],[-55,-5],[-52,4],[-43,-8],[-95,42],[-44,14],[-105,11],[-73,-10],[-60,13],[-52,36],[-48,15],[-54,0],[-78,17],[-32,0],[-143,35],[-45,20],[-42,27],[-50,9],[-105,39],[-40,-12],[-55,17],[-50,45],[-29,6],[-58,42],[1,-496],[-97,0],[-187,232],[-20,28],[-109,186]],[[23881,17699],[8,-12]],[[24845,14845],[33,-4],[109,1]],[[23638,17764],[-125,0]],[[22999,16085],[375,3]],[[23374,16088],[7,-126]],[[23381,15962],[-132,-2]],[[23249,15960],[-68,60],[-25,10],[-81,14]],[[23075,16044],[-76,13],[0,28]],[[23373,16200],[0,4]],[[23565,15965],[-5,-2],[-179,-1]],[[23374,16088],[-1,112]],[[23514,16309],[36,2],[87,16]],[[23249,15960],[108,-92]],[[23349,15838],[-31,-4],[-36,23],[-48,9],[-27,13],[-16,24],[-65,-4]],[[23126,15899],[0,70],[-6,19],[-45,56]],[[23394,15728],[-49,2],[0,44],[-94,0],[-1,48],[-19,15],[-105,-1],[0,63]],[[23513,17951],[0,-63]],[[23388,17888],[0,63]],[[23381,15962],[3,-52],[26,-1],[-6,-51],[-14,-19]],[[22485,12287],[249,1]],[[22734,12288],[-1,-251]],[[22734,12288],[123,0]],[[23514,16462],[125,0]],[[23638,16407],[-39,5],[-28,-12],[1,-49],[-58,-14]],[[23530,15521],[21,10],[30,33],[28,17]],[[27628,1135],[17,11],[-7,33],[77,49],[-29,56],[15,25],[22,57],[48,25],[27,30],[20,-18],[11,-120],[26,-30],[33,19]],[[27888,1272],[31,17],[23,37],[29,5],[52,-35],[1,-23],[29,-55],[16,-52],[74,-1],[3,-22],[29,-15],[-27,-37],[-2,-34],[-15,-37],[-28,-5],[-18,-23],[-29,1],[1,32],[-34,-13],[-35,-29],[-9,-26],[56,-64],[34,0],[64,-12],[-1,-32],[-19,-11]],[[28113,838],[-66,8],[-12,-27]],[[28035,819],[-27,-37],[-50,-28],[-56,-10],[-13,32],[-20,18],[-23,0]],[[27846,794],[-6,47]],[[27840,841],[-13,111],[-14,35],[-22,23],[-92,48],[-46,43],[-25,34]],[[27888,1272],[30,45],[52,21],[56,-7],[2,18],[43,47],[6,42],[17,-9],[12,-39],[44,-26],[8,-33],[162,0],[86,-63],[200,83],[0,-58],[40,10],[-16,-58],[18,-32],[29,11],[31,-7],[19,-29],[-48,0],[-51,-30],[-30,-42],[-7,-39],[-100,-33],[-41,-43],[-42,-27],[-48,-8],[-45,-36],[-32,-40],[-12,-52],[73,1],[7,-44],[-29,-1],[-74,-71],[-3,-16]],[[28245,707],[-15,25],[-88,74],[-29,32]],[[27488,1538],[25,-83],[91,-273],[24,-47]],[[27840,841],[-102,-5],[-173,0],[-19,4],[-102,-1]],[[27444,839],[1,23],[-34,50],[2,18],[31,33],[43,-4],[43,15],[18,24],[59,42],[10,37],[17,30],[-63,34],[-12,30],[-20,12],[-26,47]],[[27513,1230],[6,32],[-35,74],[-32,-15],[-23,23],[-26,7],[-7,27],[13,23],[6,62],[13,12],[-7,34],[26,19],[41,10]],[[27444,839],[-180,1],[-4,26],[4,59],[-50,1],[-2,273],[34,32],[53,20],[43,-2],[49,12],[47,-9],[37,-39],[38,17]],[[27330,1755],[55,-50],[47,-51],[24,-37],[32,-79]],[[27846,794],[-1,-13],[17,-146],[3,-61]],[[27753,3],[-709,-3],[-456,175],[-829,317],[-822,313]],[[30318,6],[-882,3],[-768,3]],[[28668,12],[9,35],[-16,59],[18,68],[-6,85],[1,31],[-28,25],[-10,29],[-98,47],[-10,24],[-38,52],[3,18],[-67,34],[-104,103],[-40,34],[-37,51]],[[27054,9682],[22,-21],[17,-34],[3,-48],[-29,-42],[23,-26],[33,-12],[250,0],[-2,-125]],[[27247,9374],[-98,0],[-55,7],[-90,0]],[[27004,9381],[0,288],[50,13]],[[27910,9170],[39,37],[55,42],[24,29]],[[28028,9278],[52,4],[52,43],[56,39],[53,9],[68,53],[3,40],[41,73],[2,41],[14,22],[33,25],[11,51],[46,31],[35,-13],[49,-6],[401,-172],[0,56],[57,107],[10,40],[39,47],[2,38],[19,48],[18,6],[17,32],[5,35],[36,16],[18,18],[-17,130],[-13,57]],[[29869,10147],[-58,-17],[57,-32],[62,-83],[-41,16],[-14,-59],[-24,-40],[-75,-5],[-50,4],[-19,-24],[9,-32],[-30,-34],[-49,-2],[-60,-15],[-48,-60],[-12,-3],[1,-44],[-57,2],[23,-59],[-35,-39],[-58,-13],[-23,3],[-12,-28],[-39,-26],[8,-63],[28,-70],[21,-30],[3,-69],[-37,-46],[-37,-21],[-38,-46],[-93,-38],[-36,-55],[9,-37],[-27,-33],[-28,-11],[-4,-30],[-15,-24],[18,-34],[91,-58],[15,-18],[-7,-21],[1,-57],[-19,-17],[2,-22],[-17,-60],[5,-26],[-63,-84],[-23,-17],[-50,-16],[-38,-38],[-33,-14],[4,-19],[-42,-32],[-43,-47],[-2,-16]],[[28870,8388],[-13,0]],[[28857,8388],[-2,69],[4,100],[-2,79],[-225,0]],[[28632,8636],[-21,-5],[-122,2]],[[28163,8695],[-51,-1],[0,61],[-116,1],[-2,31],[-128,2],[0,214],[-19,3]],[[27847,9006],[-1,75],[14,33],[50,56]],[[28857,8388],[-146,-1]],[[28673,8387],[0,84],[-13,22],[0,51],[-34,38],[6,54]],[[28870,8388],[82,-1],[9,-20],[-13,-37],[11,-40],[21,-26]],[[28988,8199],[-43,2],[-21,37],[-20,-34],[-19,-10],[4,-47],[-31,-10],[-3,-23],[-27,0],[-4,44],[-28,-8],[-9,20]],[[28787,8170],[24,39],[47,53],[-1,126]],[[28103,10125],[20,0]],[[28123,10125],[-4,-97],[11,-79],[21,-77],[112,-1],[50,-27],[-2,31],[31,34],[7,28],[24,33],[-1,20],[41,38],[-1,21],[64,17],[28,15],[11,46]],[[28515,10127],[191,-3],[-1,24],[430,0]],[[28028,9278],[14,68],[16,56],[6,43],[0,72]],[[27889,7772],[9,-25],[0,-49],[14,-7],[0,-45]],[[27879,7646],[0,45],[-11,11]],[[27868,7702],[-1,70]],[[26819,6880],[124,0]],[[26943,6880],[1,-62],[-61,0],[-2,-124],[-31,0],[0,-63]],[[26850,6631],[-217,-1]],[[26633,6630],[-1,124],[63,0],[0,126],[124,0]],[[27462,8138],[95,-128],[64,-1]],[[27683,7977],[1,-93]],[[27070,7207],[-166,-55],[-30,-15],[-55,-38]],[[26819,7099],[4,19],[-1,139],[-247,-1],[0,61],[-61,2],[0,62],[57,42],[39,6],[87,46]],[[27643,5747],[160,0]],[[27833,5611],[-58,-11],[-1,21],[-59,-4],[-67,4]],[[27648,5621],[-5,126]],[[27377,7666],[62,1]],[[27625,6953],[-16,-17],[-55,-6],[-21,-18],[-27,2],[-5,26]],[[27501,6940],[1,69]],[[26750,7062],[69,37]],[[26819,7099],[0,-219]],[[26633,6630],[-72,1],[-546,-6]],[[27501,4793],[103,79],[19,1]],[[27622,4752],[-19,-6],[-102,1],[0,46]],[[26579,8942],[54,18],[32,-4],[5,65],[-6,22],[39,32]],[[26695,8860],[-33,14],[-66,40],[-17,28]],[[26573,8952],[6,-10]],[[26716,8854],[39,-33]],[[26755,8821],[-44,-49],[-13,-5],[0,-133],[62,0]],[[26700,8531],[-1,73],[-31,0],[0,30],[-33,0],[2,123],[-63,1],[-1,194]],[[26358,9006],[134,172],[30,11]],[[26573,8952],[-32,21],[-104,33],[-79,0]],[[26755,8821],[59,-67],[70,-39],[39,-36],[25,-45]],[[27356,4683],[145,110]],[[27305,3383],[14,30],[14,103],[11,31],[37,72],[103,222],[61,87],[30,56],[75,206],[13,31],[58,101],[50,167],[-7,14]],[[27764,4503],[19,23],[12,66],[42,3],[23,45],[1,37],[11,43]],[[27872,4720],[62,-39],[42,5],[49,93],[17,-24],[22,1],[13,-23],[41,-7],[-1,143],[-157,1],[-27,-46],[-27,-3],[-63,16]],[[27843,4837],[-32,34],[-40,-4]],[[27903,5371],[190,0]],[[28093,5371],[3,-126],[15,-3],[0,-156],[40,-42],[62,-26],[71,-53],[57,-20],[45,-41],[70,-50],[53,-46],[26,-42],[7,-24],[64,-48],[-3,-186],[68,-58],[46,-20],[17,-77],[-49,-44],[-17,-26],[-68,-44],[-8,-56],[-34,-48],[-44,-92],[-3,-22],[-37,-48],[6,-38],[-34,16],[-29,-45],[-19,-65],[6,-212],[-8,-64],[11,-49],[21,-27],[26,-69],[-4,-33]],[[27244,10126],[491,0]],[[27496,9499],[0,-104],[-4,-20]],[[27054,9682],[-33,13],[-70,4],[-53,26],[25,51],[7,40],[65,53],[31,6],[19,49],[25,10],[13,35],[23,20],[3,22],[65,26],[37,25],[5,36],[28,28]],[[22368,17457],[3,-124]],[[22371,17333],[0,-125]],[[22250,17207],[-2,124]],[[22248,17331],[-3,125]],[[22371,17333],[122,1]],[[22495,17208],[-124,0]],[[22804,33027],[-48,10],[-40,47],[-45,-10],[-22,-30],[-80,20]],[[22382,30641],[-74,-38],[-10,-16],[-74,-31],[-19,-54],[-47,-62],[-26,-11],[0,-40],[-76,-39],[-33,12],[-27,-4],[-36,-29]],[[21960,30329],[4,229],[-1,499],[1,281],[-8,0]],[[24513,47822],[0,-8]],[[24513,47814],[0,-214],[-626,0],[-129,-2],[-139,2],[-4,5]],[[20994,33663],[-2,-354],[1,-190],[-2,-169],[4,-170]],[[20298,31294],[-100,0],[0,-16],[-637,-1],[-113,1],[-796,-1],[-75,-7],[-556,0]],[[18021,31270],[-83,-1],[-2,209]],[[22776,32954],[21,21]],[[22927,32688],[-23,24],[-40,74],[-42,56],[-33,68],[-13,44]],[[22607,32631],[43,-80],[17,-11]],[[22650,32777],[32,95],[15,9],[42,49],[37,24]],[[22037,29815],[-77,-3],[-13,128],[7,201]],[[14024,42480],[49,35],[30,0],[137,-46],[29,-1],[32,17],[41,57],[54,25],[87,2],[88,-37],[29,-4],[28,10],[24,51],[-2,38],[23,57],[25,9],[80,0],[40,23],[32,37],[27,106],[36,25],[45,-6],[56,-40],[39,-16],[41,-1],[37,17],[17,24],[-3,47],[-22,41],[-18,78],[18,34],[60,22],[122,58],[43,-1],[26,-12],[28,-86],[28,-18],[48,14],[47,28],[87,94],[38,73],[15,118],[15,35],[51,43],[75,24],[-20,33],[16,8],[-11,31],[4,23],[23,6],[27,57],[-11,20],[-22,72],[-24,58],[-39,-19],[-31,55],[-21,22],[12,32],[41,40],[-32,14],[6,39],[-14,38],[10,30],[-27,5],[69,55],[16,-10],[33,28],[4,43],[38,34],[-17,16],[-20,84]],[[23019,47110],[-23,-63],[-69,-58],[11,-74],[-52,-133],[-33,-24],[-11,-28],[-57,-88],[-12,-62],[-41,-27],[-75,-31],[-83,-69],[-10,-45],[2,-40],[-21,-32],[-69,-34],[-14,-46],[-2,-58],[-23,-103],[-23,-35],[-73,-32],[-61,-34],[-42,-59],[-2,-61],[-10,-83],[-11,-41],[-33,-37],[-62,-30],[-34,-23],[-8,-56],[5,-49],[-22,-78],[5,-18],[37,-58],[-2,-43],[-38,-44],[-15,-61],[-44,-64],[-89,-89],[-20,-9],[-45,-47],[-78,-28],[-51,-49],[-52,-95],[-35,-39],[-13,-26],[-21,-125],[-24,-25],[-24,-7],[-82,-85],[-3,-29],[-25,-59],[-50,-58],[-12,-42],[39,-20],[47,-2],[30,-13],[14,-23],[-12,-34],[-41,-63],[20,-57],[37,-58],[30,-114],[-20,-36],[-71,-33],[-12,-18],[-3,-50],[-16,-30],[-74,-7],[-53,-27],[-16,-45],[29,-97],[-22,-46],[-41,-24],[-16,-26],[-30,-24],[5,-42],[47,-31],[31,-1],[97,40],[50,-6],[20,-17],[6,-45],[-39,-29],[-48,-6],[-46,-18],[-72,-13],[-96,-41],[-18,-43],[23,-39],[45,-62],[59,-45],[1,-21],[38,-67],[17,-6],[23,-40],[13,-3],[22,-59],[-2,-37],[-35,-75],[-8,-41],[20,-36],[38,-18],[10,-18],[-2,-39],[-20,-35],[20,-38],[37,-31],[44,-65],[41,-44],[41,-54],[27,-44],[25,-12],[8,-31],[-6,-74],[14,-73],[-3,-26],[27,-68],[46,-64],[39,-88],[34,-47],[28,-52],[5,-72]],[[37085,32900],[15,-35],[28,-28],[28,57],[-19,29],[15,18],[42,21],[52,-1],[-2,70],[41,37],[30,39],[40,-9],[81,67],[30,11],[46,30],[12,-1],[69,121],[22,22],[-147,13],[51,59],[18,31],[-45,11],[-2,20],[23,43],[-3,26],[-28,36],[36,18],[32,-15],[27,9],[133,-28],[52,-4],[30,-44],[63,14],[37,-1],[34,14],[44,37],[83,17],[47,16],[101,46],[68,14],[147,-145],[65,-32],[54,-18],[64,-6],[89,-25],[30,9],[-1,134],[-10,40],[-15,96],[73,30],[26,2],[23,-22],[63,-33]],[[38877,33710],[112,-4]],[[38989,33706],[10,0],[-2,-246],[114,0],[217,-8],[43,-4],[95,-1],[254,-10],[46,-7],[2,-122],[72,3],[26,8],[86,99],[31,45],[38,34],[69,-12],[38,4],[55,22],[47,-13],[78,4],[59,-7],[3,-12],[64,2],[128,-43],[24,1],[52,19],[47,-11],[43,-73],[22,88],[53,65],[126,95],[50,-74],[41,-26],[81,-7],[13,-27],[63,-30],[24,-50],[34,-27],[16,-62],[-5,-32],[19,-30],[61,-32],[24,-3],[45,-41],[65,-40],[85,43],[83,60],[29,41],[27,54],[27,-1]],[[41711,33342],[0,-547],[0,-660],[0,-188],[0,-655],[0,-614]],[[41711,30678],[-1,7],[-391,3],[-27,7],[-766,10],[0,127],[-119,0],[-1,-126],[-105,0],[-530,4],[3,256],[5,118],[-5,123],[2,187],[-4,111],[24,0],[4,29],[-41,2],[1,-41],[-40,-25],[-99,-34],[-28,3],[-22,-40],[-37,-16],[-49,-8],[-65,50],[-41,-15],[-55,-31],[-54,-42],[-39,-11],[-34,-17],[-46,2],[-13,-20],[-106,-227],[-153,2],[-480,-3],[2,-267],[-31,1],[-2,-116],[-131,-2],[2,406],[2,784],[-7,316],[2,269],[-76,0],[1,25],[-27,0],[1,26],[-34,1],[0,20],[-126,-59],[3,15],[-3,219],[77,-2],[195,3],[14,10],[1,108],[-8,0],[0,121],[-178,2],[-231,6],[-357,3],[-3,-306],[-6,-312],[-6,-149],[-142,3],[-1,-56],[-22,-21],[-36,2],[0,-40],[-398,5],[1,63],[-34,-1],[0,52],[-121,-42],[6,426],[9,26],[351,-1],[-3,77],[2,222]],[[41709,27020],[-1,-588],[-1,-321],[0,-768],[-2,-633],[0,-364]],[[41705,24346],[-32,-3],[-57,-22],[-288,-42],[-509,-72],[-274,-40],[-70,-2],[-52,-18],[-84,-77],[-40,-19],[-25,-2],[-185,4]],[[40089,24053],[-100,2],[-26,18],[-51,100]],[[39912,24173],[-43,86],[-85,108],[-103,98],[-71,56],[-33,11],[-345,79],[-113,42],[-123,39],[-48,36],[-34,10],[-110,4],[-24,4],[-203,58],[-41,26],[-97,93],[-46,30],[-205,93],[-37,22],[-117,82]],[[38034,25150],[54,45],[35,46],[-8,30],[18,28],[38,15],[46,-15],[83,35],[27,72],[33,40],[0,25],[18,29],[34,16],[71,52],[16,25],[29,11],[18,33],[-13,33],[20,52],[31,43],[23,13],[27,44],[3,58],[-5,24],[31,31],[49,23],[-21,46],[-32,1],[-21,29],[-21,5],[-23,32],[-45,-18],[-44,19],[-27,37],[-19,76],[16,155],[17,92],[-23,32],[14,30],[1,48],[11,26],[-14,60],[8,32],[-27,11],[-17,29],[-3,29],[14,16],[-6,33],[7,21],[91,84],[45,7],[30,43],[-3,44],[21,40],[16,2],[44,69],[24,29],[33,66],[43,23],[25,64],[37,20],[27,-6],[174,-26],[338,7],[38,-6],[47,4],[58,-16],[91,-72],[10,-12],[63,-128],[42,-16],[159,-125],[84,-30],[209,-85],[79,-13],[56,-21],[98,14],[52,11],[206,-17],[35,-19],[133,-35],[39,1],[90,29],[299,145],[18,3],[107,-20],[43,27],[91,31],[73,32],[87,73]],[[36989,48664],[541,0],[626,8],[758,0],[509,1],[575,0],[864,0],[273,1],[582,-4],[-1,-406],[0,-655],[0,-841],[0,-629],[-2,-594],[0,-902],[-1,-792],[0,-1056],[-1,-481]],[[41712,42314],[-3,-60],[-70,-5],[-37,19],[-28,40],[-5,32],[38,-12],[35,8],[6,17],[-29,29],[14,19],[61,-23],[-20,45],[-29,29],[-36,0],[-39,40],[-30,47],[-43,4],[11,30],[-20,62],[48,18],[-16,37],[15,17],[42,22],[-31,20],[-15,36],[0,33],[-19,17],[-37,3],[-25,-63],[-27,32],[11,33],[-11,13],[-32,-3],[-34,19],[-56,-21],[-60,-12],[-47,5],[-34,19],[31,51],[-3,18],[27,32],[11,52],[-7,15],[28,25],[-6,35],[13,52],[23,29],[14,68],[21,20],[4,33],[-18,71],[-32,25],[-21,71],[9,47],[29,54],[3,36],[16,40],[-5,46],[4,35],[-16,13],[-19,41],[14,96],[14,15],[-11,32],[-3,54],[-13,37],[-25,7],[44,40],[16,109],[-40,11],[-59,28],[-34,1],[-25,-15],[-39,-40],[-86,-21],[-22,-22],[-29,-6],[-43,15],[-54,52],[-44,-2],[-18,-18],[-51,-24],[-38,-3],[-38,12],[-62,-18],[-2,64],[14,74],[-6,30],[30,39],[-35,17],[-20,-18],[-40,46],[-4,37],[-26,6],[-49,-16],[-21,-19],[-40,-15],[-39,13],[-28,-1],[-47,71],[-58,56],[-35,-8],[-19,49],[-22,11],[4,33],[-20,10],[5,29],[-22,19],[42,14],[29,28],[-27,25],[31,11],[-1,32],[-37,-20],[-25,0],[-33,32],[-1,25],[-45,66],[-25,11],[-39,-33],[-35,19],[-24,1],[-9,64],[38,66],[23,-1],[36,37],[2,59],[20,4],[-14,48],[12,38],[0,34],[16,18],[10,41],[-37,41],[-66,39],[-45,21],[-28,23],[-12,39],[26,29],[27,-26],[48,-4],[61,-66],[28,39],[22,73],[8,57],[-25,-5],[-36,32],[10,45],[-18,52],[60,78],[29,3],[14,25],[44,-10],[44,-33],[61,46],[33,2],[7,15],[35,7],[-1,23],[-28,8],[-10,25],[-52,48],[3,44],[-31,25],[-8,49],[16,37],[-25,11],[-22,-27],[-43,-29],[-32,-8],[-24,-23],[-66,5],[-42,-24],[-60,-7],[-44,-15],[-50,26],[-20,49],[-23,31],[-18,-29],[13,-46],[0,-27],[-24,-15],[-20,57],[-21,2],[-5,29],[8,44],[-9,74],[-32,19],[-43,8],[14,-60],[-6,-42],[30,-90],[-34,-35],[-29,7],[-46,-16],[-34,-1],[-46,-28],[-16,-35],[-43,-59],[-21,5],[-20,39],[4,37],[-15,44],[-45,15],[-54,-90],[-55,-40],[2,-45],[-23,-28],[-29,-6],[-17,30],[-43,35],[-30,-2],[-12,-25],[-66,2],[-9,22],[-46,29],[-15,-3],[-59,-68],[-53,-32],[-36,-65],[-24,-17],[-7,-25],[-28,-33],[-39,-22],[-30,-40],[-47,-13],[-62,16],[-60,2],[-34,16],[-18,44],[-56,13],[-17,12],[-44,-29],[-6,-22],[-28,-7],[-23,-45],[-26,-28],[0,-23],[-93,-54],[-42,-38],[-64,-22],[-46,-2],[-35,-25],[-47,1],[-23,35],[-37,7],[119,-194],[-98,-31],[-20,-11],[-13,-32],[-25,-3],[-41,-20],[1,-14]],[[37796,45032],[-49,-42],[-29,-37],[-93,-82],[-59,-7],[-7,-31],[-23,-32],[-10,-44],[3,-79],[20,-21],[-28,-83],[0,-36],[-37,-12],[-35,-24],[-31,-52],[24,-51],[-39,-38],[-19,-49],[-47,-26],[-59,-59],[-14,-42],[46,-46],[2,-15],[-40,-16],[-18,-16],[-98,-32],[-53,-1],[-108,50],[-103,74],[-72,-48],[-38,-16],[-147,-26],[-113,9],[-91,59],[-54,53],[-69,-37],[32,42],[-48,34],[-188,-186],[-16,-21],[-78,-126],[-43,-41],[-47,38],[-25,31],[-110,90],[-12,-10],[-30,21],[-36,10]],[[35707,44059],[-9,29],[47,44],[-17,17],[7,27],[-8,26],[96,50],[25,26],[16,40],[65,36],[21,45],[-29,6],[-40,-43],[-20,39],[7,38],[59,61],[86,-68],[44,-12],[27,-30],[22,-9],[34,29],[56,35],[28,30],[2,19],[34,30],[36,60],[20,69],[35,64],[28,41],[46,39],[19,54],[36,35],[45,54],[20,4],[102,105],[16,36],[41,57],[67,42],[32,49],[114,87],[28,1],[23,23],[69,39],[86,89],[75,62],[50,47],[57,64],[112,153],[24,58],[-25,48],[37,22],[31,52],[-13,57],[14,63],[-15,13],[-42,-66],[-17,-16],[-20,29],[12,40],[-7,37],[11,34],[39,21],[0,24],[-39,-3],[-21,-25],[-27,-49],[-56,-39],[11,40],[-29,1],[-2,27],[-20,28],[37,67],[31,38],[-9,50],[-34,-1],[0,52],[-32,0],[-21,49],[6,49],[36,13],[-10,36],[-29,35],[3,31],[32,16],[7,37],[-31,-9],[-14,15],[24,30],[-34,24],[20,29],[-7,23],[-30,11],[11,56],[-16,19],[-36,-12],[-3,39],[-17,18],[-53,1],[-61,60],[-20,-17],[-46,23],[19,27],[-32,25],[-44,-9],[-14,40],[11,45],[-9,24],[5,43],[-27,17],[-15,33],[-28,22],[-11,26],[-41,3],[-13,43],[-34,20],[-4,78],[-19,74],[15,38],[24,-8],[16,38],[-22,53],[12,16],[9,65],[-26,41],[19,18],[-10,20],[-38,-17],[-42,14],[66,121],[6,47],[19,13],[-21,45],[5,57],[16,31],[25,1],[14,18],[6,51],[72,33],[16,-15],[22,44],[40,25],[25,45],[19,-11],[21,49],[20,25],[-18,35],[30,0],[17,24],[4,39],[22,41],[-57,31],[23,69],[-75,14],[-21,48],[25,19]],[[34810,48665],[207,0],[754,0],[573,-1],[645,0]],[[35707,44059],[-45,-7],[-49,-40],[-26,-42],[-9,-30],[-27,-27],[-31,-3],[-14,-16],[-70,-53],[-56,-48],[-73,-34],[-40,-51],[-48,-13],[-43,27],[-67,91],[-33,60],[-1,20],[-37,6],[-36,23],[-37,54],[-45,12],[-69,-4],[-41,18]],[[34810,44002],[0,33]],[[41712,42314],[-2,-1013]],[[39510,41030],[-4,12],[12,74],[-25,-22],[-10,-31],[-33,9],[-22,-22],[-61,46],[-41,-20],[-7,-38],[-46,43],[-29,-32],[-19,14],[-28,-36],[-37,42],[7,21],[-35,13],[-24,-14],[-71,-1],[-31,-40],[-4,35],[-17,13],[-3,33],[-38,24],[-75,-17],[-23,3],[-4,39],[-21,-3],[-48,13],[-15,30],[27,44],[-63,12],[-20,-28],[-51,-13],[-67,47],[-32,10],[3,33],[33,30],[37,9],[8,18],[28,5],[-15,26],[70,26],[42,-26],[15,12],[33,-17],[22,11],[32,-24],[92,-19],[62,46],[-5,35],[23,7],[40,-9],[15,17],[-43,22],[12,29],[30,6],[37,19],[13,-17],[46,11],[15,16],[-53,10],[2,58],[99,26],[54,-43],[7,39],[-23,31],[45,20],[-34,17],[34,20],[17,22],[-4,46],[22,47],[36,-58],[25,-21],[30,29],[43,-10],[18,10],[-45,36],[-5,26],[-30,12],[17,48],[28,-11],[26,24],[30,-19],[16,5],[-30,47],[-51,-9],[27,51],[-10,34],[-16,7],[-81,5],[-35,16],[-11,19],[-52,10],[-15,-28],[-29,-25],[-44,32],[-42,1],[-54,-20],[-24,13],[-60,70],[-6,23],[-24,18],[-27,-7],[-13,35],[-31,-5],[-23,32],[-44,6],[-68,-3],[-40,28],[-8,29],[-26,4]],[[38715,42303],[19,28],[79,35],[8,44],[37,10],[37,30],[22,0],[15,34],[33,-4],[10,-38],[22,13],[34,-13],[27,12],[-2,19],[68,39],[37,0],[25,25],[35,-4],[-4,51],[9,39],[-8,133],[-10,53],[-30,47],[-58,38],[42,10],[9,28],[19,103],[-20,34],[-68,59],[175,117],[-36,21],[-13,22],[-2,57],[-68,1],[-28,57],[-13,52],[8,20],[-8,65],[-47,39],[-33,99],[-45,-5],[-30,40],[-20,3],[-11,31],[-35,-17],[-35,21],[-15,22],[-34,27],[-30,-1],[2,34],[-17,17],[2,67],[-92,51],[-21,38],[-42,4],[-29,32],[-19,5],[15,-58],[0,-75],[7,-26],[37,-44],[19,3],[67,-14],[30,-36],[-28,-90],[-11,-87],[-29,33],[-7,41],[-49,-7],[-39,-34],[-79,-39],[18,-41],[9,-43],[-48,0],[-116,-17],[-47,-23],[-80,58],[-78,2],[-46,26],[-54,-21],[-40,-27],[-37,17],[-58,11],[-50,-13],[-35,17],[-7,65],[9,27],[-13,34],[-33,26],[-25,47],[-17,12],[-1,65],[9,195],[13,24],[3,62],[14,20],[30,5],[-33,46],[-46,18],[-3,22],[17,23],[7,63],[-23,8],[-17,38],[-26,3],[0,29],[38,37],[-29,56],[-31,-2],[-4,36],[26,6],[19,80],[-12,19],[23,17],[-22,36],[-1,34],[-15,46],[38,12],[-4,25],[27,4],[9,39],[-17,18],[46,72],[-3,28],[13,15],[0,62]],[[19882,29250],[11,13],[125,78]],[[20255,29077],[-101,0],[-19,11],[-25,-10]],[[20110,29078],[-71,93],[33,61],[-45,-12],[-11,-13],[-44,1],[1,47],[-63,10],[-28,-15]],[[16908,27876],[55,40],[5,35],[40,-25],[34,0],[37,10],[53,-5],[26,25]],[[17158,27956],[27,6],[36,-7],[-3,-54],[14,-33]],[[17232,27868],[-33,-38]],[[17199,27830],[-71,8],[-126,2],[-13,-18],[-56,0]],[[16933,27822],[-9,47],[-16,7]],[[17081,29534],[150,1],[33,11]],[[17264,29546],[20,-78],[-1,-26],[-43,-2],[-24,-29],[-60,-1],[-4,31],[-75,0]],[[17077,29441],[4,93]],[[16747,27556],[-4,-32],[-13,-18],[-60,-24],[11,-22],[-1,-37],[-18,-15],[5,-35]],[[16667,27373],[-32,2],[-43,-25],[-3,-36],[19,-12],[0,-38],[-28,-44],[-37,-9],[-53,1],[-28,-16],[-31,-1],[-18,-27]],[[16413,27168],[-22,27],[-17,37],[-35,18],[-10,76]],[[17487,26161],[12,29],[18,5],[11,34],[50,34],[13,64],[22,1],[4,45],[-7,69],[-35,48],[-5,27],[25,27],[33,3],[17,30],[7,34],[53,48],[28,6],[40,23],[27,-6],[20,35],[27,1],[2,22],[51,9],[10,-14],[47,6],[29,-15],[48,15],[12,19],[33,11],[-18,49],[20,17]],[[18081,26837],[17,9],[87,6],[31,11],[127,-30],[47,-25],[-3,33],[15,27],[28,25],[3,24],[27,29],[26,9],[22,41],[20,-2],[19,20],[41,-13],[52,10]],[[18640,27011],[19,-18],[-24,-83],[52,-31],[10,-30],[20,-5],[0,-32],[32,3],[-8,-26],[5,-34],[28,22],[38,-3],[5,-24],[63,0],[35,-11],[-2,-65],[-32,-25],[144,1],[127,-41],[550,-193],[86,0],[35,-42],[-65,-99],[-60,-58],[-59,-42],[108,-289],[-3,-282],[54,-214],[-48,-1],[-11,22],[-23,-9],[-28,-57],[-33,-13],[-10,-19],[-39,-32],[-74,-3]],[[16705,30568],[-1,168],[30,-9],[159,-1],[0,63],[64,0],[-1,61]],[[17085,30836],[-72,-139],[-34,-131],[-21,-200],[1,-33],[40,-188],[66,-184],[35,-127],[2,-32],[-13,-121],[-8,-147]],[[17077,29441],[-214,1]],[[16863,29442],[1,108],[-2,145],[-130,-3],[-125,7]],[[16607,29699],[1,68],[27,-10],[43,1],[21,-14],[34,-1],[-1,87],[8,132],[25,7],[6,19],[60,42],[14,38],[-20,37],[41,67],[-4,14],[-38,26],[-16,-7],[-79,1],[-3,18],[-32,-1],[-241,9],[-3,45],[20,41],[-9,35],[51,-2],[32,-11],[9,19],[60,49],[16,21],[34,1],[37,50],[7,57],[-2,31]],[[17112,28065],[76,1],[22,-40],[52,-32],[17,5]],[[17279,27999],[5,-19]],[[17284,27980],[2,-45],[-54,-67]],[[17158,27956],[0,22],[-19,15],[-3,30],[-24,42]],[[16870,27768],[41,0]],[[16911,27768],[114,-128]],[[17025,27640],[-37,-35],[-30,-11],[-42,13]],[[16872,27694],[0,8]],[[16872,27702],[-2,66]],[[16760,27644],[-7,36],[16,14],[1,48],[15,31],[46,-27],[41,-44]],[[17199,27830],[-48,-61],[-223,-1]],[[16928,27768],[5,54]],[[17945,28382],[-46,-14],[-83,-17],[-58,-19]],[[17758,28332],[-2,357],[129,-1],[621,-2],[-21,-63],[-22,-22],[-13,-42],[-42,-21],[-130,-26],[-26,-15],[-47,-47],[-66,-23]],[[20298,31294],[-5,-24],[-98,-18],[-32,-18],[24,-29],[-24,-22],[-2,-21],[21,-24],[-28,-22],[2,-33],[-34,10],[3,-33],[-20,-29],[46,-26],[-19,-36],[1,-39],[33,-17],[-36,-42],[-74,-30],[-25,2],[-33,-21],[25,-27],[-1,-16],[-39,5],[-21,-42],[-48,-44],[-53,-64],[-1,-26],[-21,-17],[-15,-64],[16,-51],[31,14],[-21,-82],[9,-43],[-9,-16],[-64,-22],[35,-44],[7,-70],[14,-28],[35,44],[75,-69],[-12,-64],[57,-11],[21,-31],[-31,-42],[-91,-27],[15,-46],[65,-115],[20,-23],[44,1],[24,-16],[47,1],[188,130],[316,91],[28,-71],[-1,-25],[19,-121],[-6,-167],[-11,-44],[-34,-48],[-25,-109],[-13,-42],[7,-85]],[[20097,29392],[-24,59],[-39,33],[-28,33],[-39,24],[-23,31],[-15,-16],[-39,-14],[-29,6],[-36,32],[-27,10],[-21,-11],[30,-28],[25,-53],[15,-15],[49,-26],[42,-36],[80,-79]],[[19882,29250],[-108,36],[-81,-2],[-30,-17],[-45,-10],[-40,-42],[-41,-6],[-28,-48],[45,-9],[0,26],[46,-15],[7,-35],[18,5],[26,-62],[-6,-30],[10,-30],[25,-23],[-23,-18],[-4,-53],[-29,-18],[15,-34],[-12,-22],[36,-21],[-9,-28],[10,-46],[30,-11],[-41,-29],[-11,-32],[-28,-21],[-54,-13],[10,-27],[-17,-57],[-1,-35],[80,7],[27,-13],[4,-25],[63,22],[12,28],[54,-8],[28,-18],[19,26],[45,-11],[20,17],[119,32],[67,48],[28,7],[85,-1],[42,11],[39,2],[41,18],[70,4],[73,-99],[75,-107]],[[21082,27769],[-47,-44],[-22,-55],[-4,-50],[9,-35],[-7,-23],[-31,-23],[-27,-6],[-57,3],[-24,-16],[-71,-19],[-36,-26],[-43,-13],[-22,5],[-51,30],[-39,-5],[-69,6],[-43,-28],[-87,-140],[-35,4],[-128,-2],[-52,10],[-166,64],[-31,0],[-54,-34],[-26,1],[-48,18],[-108,29],[-393,86],[-59,22],[-97,70],[-68,19],[-44,-6],[-232,-76],[-79,-42]],[[18791,27493],[3,4],[59,247],[50,201],[27,13],[22,37],[-34,90],[-24,-24],[3,249],[1,375],[1,373],[-325,1]],[[18574,29059],[21,21],[15,44],[-5,18],[20,97],[-5,109],[9,53],[51,58],[29,46],[-9,39],[24,12],[17,-35],[28,7],[24,29],[0,30],[36,1],[19,13],[57,0],[63,12],[14,22],[72,-5],[34,47],[-60,38],[-20,32],[-2,61],[-134,2],[-106,-46],[-54,-2],[-277,-92],[-108,4],[-229,-106],[-13,1]],[[18085,29569],[95,112],[51,92],[-26,91],[-27,52],[-18,1],[-21,23],[-40,7],[-34,59],[14,39],[-32,60],[-19,5],[-6,76],[15,102],[50,64],[-24,18],[-7,35],[-23,17],[-6,55],[31,-8],[33,7],[38,-9],[-18,-44],[20,-18],[44,20],[21,33],[67,-9],[15,12],[-28,31],[-31,-1],[5,40],[-16,35],[16,32],[9,58],[-2,34],[40,54],[30,11],[34,25],[-11,35],[-71,0],[-28,-16],[-43,3],[-22,45],[22,40],[-32,32],[-5,27],[-32,18],[-18,29],[-10,48],[4,33],[-14,40],[-4,61],[-27,43],[-23,23],[0,29]],[[13553,29186],[22,0],[30,22],[25,-26],[86,50],[107,-37],[59,3],[23,-18],[16,-61],[2,-30],[38,-15],[20,4],[98,-15],[58,-29],[41,-34],[20,-5],[26,45],[30,-24],[25,20],[24,0],[63,41],[31,3],[56,-39],[38,5],[6,-21],[31,-39],[47,-17],[-13,-41],[80,-21],[53,-37],[19,-35],[42,39],[102,-1],[61,10],[23,12],[14,49],[42,33],[14,28],[36,33],[27,39],[57,12],[34,14],[41,0],[42,50],[22,1],[61,47],[51,64],[44,12],[32,26],[54,15],[11,13],[112,5],[6,-47],[-21,-53],[24,-30],[31,-12],[-15,-28],[14,-20],[-2,-31],[20,-12],[27,5],[37,-9],[31,-17],[27,-37],[16,42],[262,-16],[-14,8],[8,47],[-31,2],[-7,24],[53,28],[20,4],[32,32],[37,-8],[19,11],[65,-65],[48,-79],[124,-194],[36,-23],[57,-62],[18,-66],[59,-124]],[[16617,28606],[47,-54],[21,-51],[53,-1],[3,-66],[182,5],[69,0]],[[16992,28439],[-45,-35],[-3,-16],[-34,-12],[-51,-45],[-1,-27],[-87,-1],[20,-39],[2,-60],[-21,-62],[-5,-87],[-10,-35],[1,-46]],[[16758,27974],[-21,-16],[-39,-3],[-42,-25],[-39,-66]],[[16413,27168],[-43,-44],[-36,-2],[-6,-61]],[[13205,26380],[-11,16],[-69,45],[-37,82],[-20,23],[59,25],[8,39],[-2,67],[25,90],[6,47],[46,13],[-61,66],[39,24],[41,91],[-13,8],[4,59],[23,56],[13,48],[-6,15],[21,43],[20,74],[9,52],[25,52],[-43,-1],[-64,14],[-29,24],[-25,51],[35,37],[46,25],[48,20],[38,5],[3,37],[65,26],[26,44],[53,27],[18,24],[-40,53],[-2,14],[46,28],[-47,23],[30,50],[8,49],[-10,34],[26,20],[-4,43],[41,36],[38,54],[52,30],[21,34],[31,-6],[28,-18],[10,30],[25,7],[-4,29],[10,41],[-15,41],[15,25],[-37,64],[4,24],[-21,13],[-13,27],[24,34],[21,44],[-1,15],[43,16],[23,31],[-3,30],[-21,12],[20,65],[-11,45],[-2,58],[20,16],[-23,29],[19,19],[-36,35],[-11,27],[-47,4],[-48,55],[-47,-3],[-40,34],[-18,33],[3,94]],[[17758,28328],[0,4]],[[17884,28070],[-2,-31],[-61,-2]],[[17821,28037],[-52,1]],[[17769,28038],[-16,-1]],[[17753,28037],[6,244],[-1,47]],[[17477,28768],[-10,46],[20,62],[0,28],[137,63],[86,97],[114,-4],[30,-20],[48,3],[51,35],[93,20],[27,16],[65,-4],[100,-36],[34,-21],[92,-18],[31,4],[47,27],[42,13],[51,-26],[39,6]],[[18791,27493],[-43,-25],[-39,-9],[-70,4]],[[18639,27463],[-10,17],[-7,63],[-27,29]],[[18595,27572],[-17,37],[7,54],[-14,42],[-30,21],[0,81],[-6,45],[-95,34],[-36,43],[-9,36],[-25,31],[-8,47],[-29,25]],[[18333,28068],[51,0],[4,122],[-64,1],[-2,-62],[-32,-1],[0,35],[-30,15]],[[17758,28328],[-82,-1],[-116,-36],[-28,-17],[-124,-10]],[[17408,28264],[11,69],[21,87],[-26,22],[11,37],[44,53],[9,31],[-2,54],[27,99],[-26,52]],[[17769,28038],[4,-55],[31,-5],[-16,-39],[-6,-41]],[[17782,27898],[-30,-8]],[[17752,27890],[1,147]],[[17987,27943],[71,-1]],[[18058,27942],[34,-9],[186,-72],[59,-26],[68,-39],[60,-46],[43,-46],[16,-28],[42,-109]],[[18566,27567],[-25,-23],[-41,33],[-41,20],[-24,-11],[-41,2],[-54,-28],[-39,14]],[[18301,27574],[-307,5]],[[17994,27579],[13,228],[-63,-25],[-54,-27],[-21,33],[-93,47]],[[17776,27835],[36,16],[81,-20],[10,17],[55,20],[37,-9],[-8,84]],[[22048,29486],[-81,2],[-1,14],[-55,-6],[-2,46],[-48,0],[15,32],[-1,63],[-25,0],[-12,63],[137,0],[0,-16],[33,0],[0,18],[61,0],[1,-13]],[[20110,29078],[20,-28],[32,-2],[1,-29],[31,-17],[1,-25],[52,-13],[40,9]],[[21415,28844],[18,17],[68,2],[16,7],[102,99],[28,32],[48,95],[8,39],[36,30],[52,52],[100,36],[34,1],[46,-39]],[[22259,28797],[-15,-25],[-8,-49],[-45,-70],[-19,-56],[-16,-11],[-27,12],[-62,-25],[-12,-37],[-20,-33],[-27,-2],[-21,-33],[-47,-35],[-25,10],[-39,0],[-101,-46],[-53,12],[-59,-13],[-81,-28],[-17,-13],[-110,-146],[-22,-18],[-78,-29]],[[18640,27011],[19,9],[-23,74],[22,21],[38,12],[15,42],[-22,24],[27,106],[-23,44],[-22,72],[-32,48]],[[22711,25542],[-68,-53],[-6,-22],[30,-23],[3,-24],[29,-23],[18,49],[55,19],[14,-10],[0,-44],[-8,-38]],[[24007,22912],[-41,1],[-903,0],[-728,0],[-801,105],[-420,55],[-869,114],[-357,46]],[[19888,23233],[-4,0]],[[17971,28071],[-17,-36],[19,-15],[32,20],[28,0],[5,62]],[[18124,28096],[-5,-20]],[[18119,28076],[-29,-89],[-23,-18],[-9,-27]],[[17987,27943],[-159,-35]],[[17828,27908],[-10,2],[3,127]],[[18119,28076],[62,-6],[0,-21],[61,3],[14,14],[77,2]],[[18595,27572],[-29,-5]],[[16911,27768],[17,0]],[[17284,27980],[43,2],[13,11],[6,36],[14,11],[42,-15],[11,-15],[-26,-47],[-60,-32],[-5,-53],[117,-35],[42,-17],[22,25],[35,-22],[1,-29],[49,-12],[4,-27],[27,-6],[47,40],[51,70],[35,25]],[[17782,27898],[46,10]],[[17776,27835],[-48,-53],[-14,-28],[-43,-42],[-22,-92],[-44,-41]],[[17605,27579],[-15,-42],[-39,-13],[-27,-25]],[[17524,27499],[-13,31],[-41,50],[-4,43],[-29,5],[-53,24],[-89,11],[-35,-5],[52,-58],[-180,0],[3,21]],[[17135,27621],[-30,35],[23,56],[-39,-5],[-42,-19],[4,-26],[-26,-22]],[[16804,27451],[22,21],[27,8],[40,-5],[9,29],[5,66]],[[16911,27569],[47,-2]],[[16958,27567],[-1,-67]],[[16957,27500],[-4,-24],[-54,-28],[-14,-41]],[[16885,27407],[-14,-7],[-65,9],[-2,42]],[[17994,27579],[-353,-1],[-36,1]],[[16570,26856],[20,-18],[27,18],[4,22],[-32,46],[47,-11],[0,30],[-15,24],[41,12],[27,23],[24,38],[1,33],[21,14],[-3,23],[13,42],[43,1],[57,20],[23,18],[27,52],[1,45],[11,27]],[[16907,27315],[220,-2]],[[17127,27313],[128,3],[-24,126],[190,17],[16,17],[45,17],[42,6]],[[18301,27574],[16,-32],[-2,-21],[-48,-8],[0,-20],[54,-4],[2,-9],[57,-2],[0,-37],[-65,-22],[2,-69],[29,12],[25,-38],[-52,2],[-5,-63],[-21,-33],[-3,-26],[-21,-23],[-23,-6],[-40,-35],[-40,-58],[-34,-23],[-56,-25],[-61,9],[-33,12],[-62,-24],[-47,-28],[-40,-13],[-60,-50],[25,-69],[67,5],[66,-19],[138,-5],[12,-15]],[[16992,28439],[99,50],[73,25],[15,24],[28,4]],[[17207,28542],[24,-99],[-42,-102],[-37,-107],[-29,-67],[-61,-72],[-5,-33]],[[17057,28062],[-53,-10],[-26,11],[-33,-5],[-35,-44],[-40,-10],[-60,11],[-17,-22],[-35,-19]],[[16607,29632],[124,-2],[1,-62],[33,0],[0,-126],[98,0]],[[17077,29441],[-7,-135],[10,-242],[4,-27],[73,-295],[10,-31],[40,-169]],[[16617,28606],[-8,142],[2,190],[-10,176],[2,89],[-2,140],[2,180],[4,109]],[[16957,27500],[51,26]],[[17008,27526],[-9,-52],[25,-44],[0,-24],[70,-29],[34,-36],[-1,-28]],[[16907,27315],[-2,40],[-20,52]],[[17053,28057],[59,8]],[[16908,27876],[-37,2]],[[16871,27878],[7,43],[55,52],[31,39],[51,36],[38,9]],[[17057,28062],[-4,-5]],[[16871,27878],[-1,-110]],[[16804,27451],[-17,-7],[-28,-32],[-47,-30],[-45,-9]],[[17264,29546],[33,17],[64,6],[84,2],[54,-18],[113,-52],[127,-34],[21,-3],[123,8],[52,25],[57,51],[18,28],[75,-7]],[[17477,28768],[-36,-43],[-28,-69],[-41,-38],[-3,-24],[-69,-26],[-32,-34],[-61,8]],[[21620,31298],[28,-22],[-3,-32],[24,-72],[37,-56],[27,-21],[48,3],[33,-20],[35,-56],[-9,-39],[-53,-74],[-32,-6],[-8,-57],[-18,-48],[-37,-52],[8,-24],[-30,-10],[-29,-27],[-44,-58],[35,-64],[18,-91],[-7,-90],[70,24],[25,-19],[2,-28],[21,0],[6,-36]],[[21221,30118],[-52,-14],[-24,-32],[-139,-235],[-15,-55],[-32,-57]],[[15061,31592],[1,-240],[237,0],[0,-605],[11,-62],[54,-38],[31,-5],[63,-41],[70,-26],[49,-25],[25,1],[37,-34],[52,-5],[57,-33],[57,-5],[24,11],[39,-26],[93,-19],[31,-11],[25,31],[38,23],[9,33],[24,3],[11,27],[33,12],[34,1],[-2,33],[84,17],[31,-2],[27,-15],[47,-8],[13,-27],[22,-2],[29,18],[61,-26],[54,0],[47,-9],[8,25],[52,-7],[18,11],[48,1]],[[16607,29699],[0,-67]],[[13553,29186],[-31,8],[-35,-4],[-25,-14],[-68,32],[-44,5],[-39,-5],[-6,39],[-19,38],[-26,-2],[-34,-21],[-43,-5],[-23,-16],[-16,-68],[-30,-54],[-20,-9],[-66,-48],[-98,-97],[-51,25],[-48,3],[-25,-34],[-16,21],[16,16],[4,59],[-45,44],[-111,17],[-58,48],[-46,22],[-41,-3],[-25,-28],[-18,32],[-20,7],[-31,-10],[-42,9],[-76,29],[-54,30],[-60,-9],[-23,28],[-65,15],[-38,53],[-36,6],[-52,22],[-25,-2],[-46,38],[-14,-1],[-35,-42],[-38,-3],[-60,31],[-31,22],[-28,44],[6,25],[-26,35],[2,27],[-92,-38],[-26,15]],[[17279,27999],[-4,28],[14,54],[54,113],[27,18],[25,49],[13,3]],[[17135,27621],[-25,-3],[-53,-45]],[[17057,27573],[-13,-7],[-86,1]],[[17057,27573],[6,-24],[-18,-14],[-37,-9]],[[19266,17691],[-1,-124]],[[19265,17567],[-125,-1]],[[19140,17566],[0,124]],[[19266,17691],[125,0]],[[19391,17691],[-1,-124],[-8,0]],[[19382,17567],[-117,0]],[[21252,16826],[-1,-35]],[[21251,16791],[-29,6],[-53,28],[-43,8]],[[21147,20449],[21,-5],[222,0],[32,-10],[46,-34],[39,-22],[36,1],[25,15],[16,-11],[53,-11],[1,-57],[35,-27],[158,0],[0,31],[64,1]],[[21895,20320],[-2,-125],[1,-259]],[[21894,19936],[-70,-5],[-34,-91],[-20,-12],[-58,29],[-250,0],[-50,-35]],[[21412,19822],[-52,0]],[[21360,19822],[-10,65],[-31,74]],[[21319,19961],[-3,22],[26,45],[4,30],[-18,34],[-48,6],[-134,40]],[[20640,21187],[16,-30],[-15,-32],[0,-62],[38,-9],[56,10],[16,31],[78,0],[0,-156]],[[20489,20938],[130,249]],[[19914,19823],[-31,0]],[[19883,19823],[0,62]],[[22374,16835],[141,2],[14,-4]],[[22529,16833],[-46,-52],[-31,-56],[-27,-17]],[[22425,16708],[-48,0]],[[22377,16708],[-3,127]],[[22628,16612],[120,-19]],[[22748,16593],[2,-133]],[[22750,16460],[-121,5]],[[22629,16465],[-1,147]],[[10715,12326],[495,-1],[105,0],[136,-3],[0,380],[276,-4],[235,-1],[-2,63],[620,2],[0,61],[263,-1],[279,-4],[569,3],[1,8],[360,-1],[-1,240],[10,4],[2,281],[94,0],[0,33],[61,-1],[1,33],[58,1],[1,25],[62,1],[-1,35],[62,0],[0,30],[65,-1],[1,29],[62,1],[-1,33],[360,3],[47,-2],[-1,-31],[62,0],[0,29],[42,0]],[[15038,13571],[145,0],[1,-496],[-22,-1],[1,-243],[587,2],[36,-65],[1,-63],[61,-1],[0,-60],[126,-4],[-1,-59],[120,-2],[1,-61],[126,0],[1,-62],[61,-1],[0,-62],[125,-1],[0,-62],[123,0],[1,-64],[61,0],[1,-61],[124,0],[1,-64],[122,1],[0,-61],[62,-1],[0,-62],[123,2],[2,-64],[124,0],[-1,-61],[124,-2],[0,-62],[62,1],[1,-62],[124,1],[0,-64],[121,0],[1,-63],[124,-1],[-1,-60],[64,-1],[-1,-61],[125,0],[-1,-64],[125,2],[0,-65],[62,-1],[-1,-59],[62,-1],[0,-121]],[[18141,11212],[-1,-377],[-429,0],[-239,-1],[-371,2],[-310,-2],[-587,-1],[-2,-752]],[[16202,10081],[-365,-6],[-907,0],[-430,0],[-764,0],[-811,-3],[-850,1],[-479,0],[-882,0]],[[19261,18948],[0,-62]],[[19261,18886],[-92,0],[0,-31],[-32,1]],[[18868,21176],[133,0],[141,4],[107,-3],[130,2]],[[19379,21179],[254,2],[35,16]],[[19527,20742],[-17,5],[-53,-9]],[[18885,20777],[9,57],[-7,30],[12,28],[-11,83],[-23,17],[3,184]],[[18763,18944],[126,3]],[[18888,18885],[-125,-3]],[[18763,18882],[0,62]],[[19761,18643],[52,10],[74,-14]],[[19887,18639],[-1,-66]],[[19753,18574],[8,69]],[[19384,17952],[125,-1],[0,62]],[[19509,18013],[0,62]],[[19509,18075],[66,0]],[[19575,18075],[59,-1]],[[19634,18074],[4,-257]],[[19638,17817],[-122,0]],[[19516,17817],[-126,-1]],[[21251,16791],[1,-96]],[[21252,16695],[-125,-2]],[[19516,17817],[-1,-125]],[[19515,17692],[-124,-1]],[[19391,17691],[-1,125]],[[19382,17567],[0,-126]],[[19382,17441],[-248,0]],[[19134,17441],[1,88],[5,37]],[[19382,17441],[-1,-124]],[[19381,17317],[0,-64]],[[19381,17253],[-40,-61],[-16,19],[-38,-23],[-54,-57],[-37,4],[17,-68],[47,0],[0,-97]],[[19134,17115],[0,326]],[[19515,17692],[0,-124]],[[19515,17568],[-8,-31],[-1,-154]],[[19506,17383],[-1,-66],[-124,0]],[[22987,17579],[124,0]],[[23113,17454],[-124,1]],[[1307,32484],[21,23],[62,30],[78,9]],[[1468,32546],[0,-118]],[[1468,32428],[-144,0]],[[1324,32428],[-39,4],[24,35],[-2,17]],[[1074,11608],[61,0]],[[1282,11609],[17,-51],[-33,-74]],[[18888,18885],[0,-62]],[[18763,18819],[0,63]],[[18118,19055],[21,-1]],[[18139,19054],[123,2]],[[18262,19056],[125,3]],[[18387,19059],[126,3]],[[18262,19182],[0,-126]],[[18139,19054],[-3,125]],[[18374,19182],[13,-1]],[[18387,19181],[0,-122]],[[19010,18824],[-122,-1]],[[19261,18886],[-1,-63]],[[18888,18760],[122,2]],[[19010,18762],[-1,-62]],[[19009,18700],[-121,-2]],[[20703,19451],[63,-2]],[[20766,19449],[32,0],[0,31],[32,0],[-1,-30],[62,-1]],[[20891,19449],[126,-1],[-1,-125]],[[21016,19323],[-124,1]],[[20766,19386],[-63,1],[0,64]],[[21268,19327],[157,-1]],[[20891,19197],[31,-6],[80,-36],[42,-66]],[[21044,19089],[-32,-34],[1,-36],[-40,5],[-55,38],[-27,0]],[[21044,19089],[45,-4]],[[21016,18636],[-7,-30],[7,-32]],[[21016,18574],[-63,0]],[[20953,18574],[0,63]],[[20829,18542],[30,1],[1,-32],[31,1]],[[20891,18512],[-1,-63]],[[20890,18449],[-62,-1]],[[20828,18448],[1,94]],[[20889,17948],[125,0]],[[21014,17948],[0,-62]],[[21014,17886],[-62,0]],[[20952,17886],[-1,31],[-39,-8],[-23,14]],[[20889,17923],[0,25]],[[20889,17886],[63,0]],[[21014,17886],[0,-63]],[[21014,17823],[-124,0]],[[20890,17823],[-1,63]],[[21014,17948],[128,0]],[[21141,17886],[-127,0]],[[19506,17383],[30,0],[95,49],[53,54],[11,19],[60,0]],[[19755,17505],[0,-61],[15,-1]],[[19770,17443],[16,-47],[42,4]],[[19828,17400],[-19,-19],[-23,15],[-26,-16],[-68,0],[-1,-62],[-61,0],[0,-32],[-125,0],[0,-31],[-124,-2]],[[21377,16827],[2,-129]],[[21379,16698],[-127,-3]],[[21756,16081],[-125,-3]],[[21628,17203],[50,15],[41,-14],[33,0]],[[21752,17204],[0,-62]],[[21752,17204],[123,0]],[[23239,17453],[1,-124]],[[23240,17329],[-250,2]],[[22377,16643],[24,22],[24,43]],[[22425,16708],[66,1]],[[22491,16709],[4,-25],[35,-20],[33,-40],[-2,-32]],[[22561,16592],[-60,-3]],[[22501,16589],[-124,-5]],[[22377,16584],[0,59]],[[22491,16709],[53,13],[47,-10],[35,1]],[[22626,16713],[2,-101]],[[22628,16612],[-67,-20]],[[1543,31725],[289,0],[2,-107]],[[1834,31618],[-2,-95],[-14,-48],[-18,0],[0,63],[-96,0]],[[1704,31538],[-194,1]],[[1510,31539],[1,61],[64,0],[0,55],[-31,-2],[-1,72]],[[1468,32546],[64,-3],[45,4],[58,15],[56,26]],[[1691,32588],[16,-17]],[[1707,32571],[-18,-15],[-109,-37],[-5,-10],[0,-81]],[[1575,32428],[-107,0]],[[1700,11111],[-375,-1]],[[1288,11163],[17,24],[215,224],[0,60],[60,1],[9,12]],[[1134,11796],[126,-2]],[[1400,11546],[-78,-3],[0,-59]],[[1322,11484],[-56,0]],[[1419,11484],[-97,0]],[[3001,11243],[-3,-125]],[[2937,11119],[-1,155]],[[35948,32963],[475,5],[104,-3],[557,-3],[1,-62]],[[41711,30678],[0,-288]],[[41711,30390],[-18,-28],[-82,-54],[-34,-39],[-8,-26],[-31,-36],[-32,-20],[-44,20],[-42,-14],[-12,-18],[-31,-13],[-47,-3],[-10,-34],[-33,-7],[-47,-28],[-60,-55],[-43,12],[-29,-37],[-57,-14],[-31,-19],[-67,-57],[-32,-15],[-7,-16],[-64,-8],[-46,-53],[-50,-36],[-21,-33],[-1,-37],[-42,-25],[-30,1],[-50,-50],[-20,3],[-63,-80],[-6,-34],[-51,-99],[-26,-2],[-40,-31],[-8,-51],[-46,-34],[-36,-4],[-58,-78],[-13,4],[1,-82],[-55,-53],[9,-31],[-43,-9],[-45,22],[-125,-47],[-1,-22],[-36,-34],[6,-21],[-42,-25],[5,-28],[-26,-31],[-42,-35],[9,-28],[-17,-27],[-22,11],[-15,-25],[-26,-4],[-55,-44],[-26,-45],[-21,-10],[-49,-5],[-38,9],[-35,-26],[-49,-7],[-45,25],[-48,-9],[-31,-38],[-48,-9],[-10,-29],[-29,-15],[-79,-76],[-11,9],[-51,-4],[-55,-24],[-36,-1],[-44,-16],[-106,59],[-44,-25],[-25,-26],[-47,5],[-25,19],[-59,-5],[-14,-26],[-18,1],[-29,-24],[-59,21],[-23,-37],[9,-45],[39,-48],[6,-62],[-61,-16],[-53,-30],[-26,-30],[-3,-39],[28,-44],[36,-9],[27,-28],[7,-341],[-7,-66],[10,-58],[30,-55],[7,-33],[-13,-122],[-14,-84],[18,-30],[-131,-78],[-39,3],[-32,-8],[-95,-57],[-77,-34],[-90,-22],[-129,-10],[-67,-15],[-36,4],[-51,25],[-42,-7],[-223,-143],[-21,-20],[-4,-32],[-36,-56],[-40,-41],[-15,-25],[-95,-276],[-32,-63],[-75,-94],[-625,-576],[-142,-115],[-36,-50],[-25,-21],[-230,-146],[-34,-14],[-197,-41]],[[35990,25368],[-81,-17]],[[35912,26865],[0,113],[10,1],[-48,249],[-85,491],[52,380],[54,374],[-1,421]],[[41711,30390],[-1,-361],[4,-123],[-4,-123],[6,-125],[-6,-124],[1,-760],[-1,-214],[1,-407],[-2,-641],[0,-492]],[[38034,25150],[-57,28],[-144,21],[-84,20],[-97,-18],[-70,5],[-147,28],[-388,17],[-261,-19],[-45,2],[-409,54],[2,16],[-50,13],[0,-16],[-156,55],[-56,13],[-82,-1]],[[34810,43193],[0,809]],[[38715,42303],[-28,-25],[-21,6],[-14,31],[-48,33],[-41,-2],[-26,12],[-38,30],[-15,23],[-58,-8],[-52,17],[-39,4],[-45,-6],[-32,39],[-100,71],[-28,63],[-61,16],[-38,26],[-59,185],[-16,1],[-16,-53],[-31,-9],[-63,-7],[-30,8],[-33,24],[-34,-30],[-29,-6],[-76,-31]],[[37644,42715],[-63,-37],[-9,-20],[-41,-2],[-35,-12],[-29,-29],[-18,-38],[-8,-38],[8,-61],[-9,-22],[-29,-9],[-13,40],[-3,41],[-16,25],[-27,119],[16,43],[-10,70],[-46,-4],[-23,20],[-39,-2],[-2,-63],[-56,-18],[4,56],[-41,-16],[-57,-90],[2,-54],[-20,-48],[-64,-49],[-3,-38],[-38,-15],[-42,-36],[-26,-44],[-34,-15],[-16,23],[-76,39],[-27,4],[-51,31],[-33,7],[-85,58],[-81,22],[-63,-2],[-33,-22],[-26,3],[-44,-16],[-15,20],[-37,7],[-36,25],[-52,12],[-24,-136],[11,-144],[-4,-63],[-13,-53]],[[36168,42184],[-17,-5],[-40,11],[-24,-74],[6,-45],[-14,-46],[-20,-29],[-55,-51],[-14,-48],[17,-36],[-13,-48],[-32,-19],[-36,-8],[-26,-17],[-20,-36],[0,-38],[-28,-29],[-8,-32],[-4,-54],[-44,-31],[-24,-3],[-43,-23],[-22,13],[-36,41],[-20,52],[-19,-29],[-51,-27],[-63,-69],[-10,-38],[-27,0],[-35,-19],[-46,-52],[-4,-37],[26,-15],[22,-45],[-30,-22],[-43,-51],[36,-9],[-45,-27],[41,-11],[-24,-28],[-95,3],[-56,-9],[-40,-13],[-50,-34],[-4,-105],[-6,-56],[13,-60],[28,-33],[45,-87],[22,-14],[7,-30],[-92,-46],[-24,-5],[-144,25],[-66,37],[-26,6],[-81,-5]],[[34810,40724],[0,553],[0,855],[0,1061]],[[36168,42184],[-27,-49],[23,-48],[-22,-112],[20,-102],[-17,-35],[-9,-58],[15,-28],[18,-65],[6,-50],[-42,-279],[16,-28],[21,-59],[30,-36],[24,-6],[24,-27],[22,-65],[41,-10],[26,-26],[9,-44],[72,-46],[16,-28],[48,-7],[15,-38],[50,0],[34,21],[53,-1],[34,-20],[19,-52],[43,-19],[60,17],[62,-9],[31,-67],[9,-35],[113,-122],[28,-42],[27,-20],[78,-82],[31,-48],[90,-85],[48,-30],[46,-14],[44,8],[41,-5],[33,21],[193,25],[104,31],[17,-6],[54,46],[18,30],[21,11],[37,-15],[43,35],[0,42],[-15,65],[26,43],[-21,31],[-12,51],[13,36],[-26,42],[-5,49]],[[37918,40870],[48,-20],[38,12],[57,-25],[54,-86],[64,-40],[-1,-15],[28,-63],[0,-34],[47,-29],[9,-17],[41,8],[73,-14],[37,19],[44,-26],[43,17],[55,-4],[33,-27],[7,-33],[25,-46],[14,14],[41,-25],[47,9],[13,-32],[81,-23],[21,23],[53,-6],[18,-24],[85,-19],[7,-22],[56,-23],[38,7],[35,-10],[18,28],[73,81],[34,54],[49,48],[3,38],[59,83],[42,48],[53,24],[5,66],[37,31],[-12,49],[36,35],[-13,33],[28,33]],[[40205,39204],[-17,0],[-54,-41],[-91,22],[-100,-18],[-45,8],[-43,-3],[-77,18],[-27,11],[-79,10],[-99,-12],[-45,-16],[-82,-79],[-124,-107],[-78,-34],[-98,-21],[-29,-18],[-35,-6],[-44,-33],[-10,-36],[-30,-58],[-35,-47],[-12,-33],[-26,-32],[-61,-46],[-28,-10],[-106,-100],[-22,1],[-39,-49],[-29,-17],[-23,-32],[-36,-10],[-46,-44],[-1,-22],[-25,-48],[-29,-35],[-81,32]],[[38399,38299],[-8,18],[-89,21],[-29,43],[-33,-10],[-12,25],[-38,8],[-33,51],[-8,34],[-18,11],[3,43],[-35,12],[12,28],[25,10],[-11,28],[2,33],[-15,32],[-67,30],[-30,26],[-29,11],[-20,22],[4,46],[-44,9],[-34,109],[-20,6],[-35,39],[-38,0],[-35,15],[-12,-27],[-34,56],[-197,52],[-187,46],[-28,9],[-259,69],[-139,-6],[-136,-44],[-54,35],[-178,-8],[-92,-2],[-51,-10],[-88,-63],[-46,-21],[-49,-33],[-28,-3],[-18,81],[-20,29],[-38,-31],[-89,47],[-52,-37],[-17,29],[9,39],[-45,-8],[-17,13],[-9,33],[2,74],[-27,132],[-10,35],[-53,73],[-21,56],[-29,60],[-15,84],[-16,5],[-25,49],[-40,38],[-4,45],[-12,12],[-27,64],[-43,54],[-18,39],[-10,79],[5,107],[-12,58],[-19,33],[-48,35],[-79,34],[-55,-2],[-41,24],[-124,23],[-90,-19],[-28,-54],[-18,-16],[-47,-13],[-45,-45],[-66,-36],[-65,14]],[[34810,40286],[0,438]],[[20768,18535],[61,37]],[[20829,18572],[0,-30]],[[20828,18448],[-58,0]],[[20770,18448],[-2,87]],[[17051,19621],[95,1],[0,-62],[39,0]],[[17185,19560],[86,0],[1,125]],[[17510,19434],[-114,3],[0,-126]],[[16958,19311],[0,80],[15,40],[34,69],[30,43],[0,43],[14,35]],[[18386,18287],[125,6],[0,25]],[[18635,18320],[-2,-116]],[[18634,18078],[-122,-12]],[[18388,18065],[-126,-2]],[[18890,19071],[-126,-3]],[[18764,19068],[-126,-4]],[[21142,17823],[-128,0]],[[20640,17698],[0,125]],[[20640,17823],[125,-1]],[[20765,17698],[-1,-64]],[[20764,17634],[-83,0],[-42,15]],[[20639,17649],[1,49]],[[20764,17634],[-2,-62]],[[20762,17572],[-15,0]],[[20747,17572],[-109,0]],[[20638,17572],[1,77]],[[20639,18197],[39,-2],[33,-30],[69,1],[7,31]],[[20888,18199],[2,-129]],[[20890,18070],[-61,-8],[-69,5]],[[20760,18067],[-84,7],[-36,10]],[[20640,18084],[-4,1]],[[20636,18085],[3,112]],[[23137,17951],[55,0]],[[23192,17951],[0,-62]],[[23192,17951],[71,0]],[[22387,17955],[125,0]],[[22512,17955],[126,1]],[[22638,17956],[-1,-62]],[[22387,17893],[0,62]],[[22388,18080],[-126,-1]],[[22262,18079],[3,125]],[[22012,17954],[126,1]],[[22138,17955],[-1,-63]],[[22137,17892],[-125,0]],[[22012,17892],[0,62]],[[22123,17207],[127,0]],[[22240,16958],[-116,0]],[[21129,16206],[44,-9],[81,0]],[[21254,16197],[1,-125]],[[21255,16072],[-124,-2],[-1,12]],[[20388,21187],[223,0]],[[20389,20937],[-1,250]],[[19758,19884],[0,62]],[[19883,19823],[-125,-1]],[[22746,16708],[226,-167]],[[22972,16541],[26,-19]],[[22998,16522],[1,-63]],[[22999,16459],[-249,1]],[[22748,16593],[-2,115]],[[22628,16465],[1,0]],[[22999,16459],[0,-64]],[[22999,16395],[0,-5]],[[22999,16390],[0,-56]],[[22999,16334],[-252,0],[-119,3]],[[22628,16337],[0,128]],[[21380,16199],[-126,-2]],[[21380,16074],[-125,-2]],[[1166,11859],[30,0],[1,87]],[[1134,11796],[32,63]],[[1166,11859],[-92,0]],[[2936,11489],[-77,3]],[[2859,11492],[-109,0]],[[2750,11492],[-62,0]],[[2688,11492],[-1,195],[-11,58]],[[17436,20168],[13,14]],[[17449,20182],[150,-1]],[[17599,20181],[14,-81]],[[17613,20100],[-56,-7],[-25,-20]],[[17599,20181],[193,0]],[[17810,20089],[-24,-26],[-23,-55]],[[17763,20008],[-82,68],[-44,22],[-24,2]],[[17674,20302],[-5,-20],[42,0],[44,-26],[4,-31],[33,-44]],[[17449,20182],[56,61],[37,27],[97,28],[35,4]],[[17674,20302],[81,5]],[[17755,20307],[51,15],[136,-1]],[[17942,20321],[2,-87],[-3,-52]],[[17237,20061],[41,53],[60,64],[51,34]],[[17389,20212],[47,-44]],[[22138,17955],[124,0]],[[22262,17955],[0,-63]],[[22262,17892],[-125,0]],[[22137,17892],[0,-62]],[[22011,17829],[1,63]],[[21514,18075],[63,0]],[[21577,18075],[-2,-124]],[[21244,17949],[150,0]],[[21888,17954],[124,0]],[[22012,17892],[-125,-1]],[[21241,17575],[99,1]],[[21016,19323],[127,1]],[[21089,19085],[2,48],[-8,26],[-24,36],[-42,116],[-1,12]],[[4723,20077],[71,21],[66,32],[73,18],[14,30],[1,31],[44,127],[7,63],[31,64],[20,58],[11,73],[23,82],[14,35],[16,66],[35,85],[37,68],[-8,13],[16,42],[-7,53],[-74,2],[-29,15],[-31,85],[-55,63],[-6,34],[6,73],[21,79],[2,46],[17,12],[-1,35],[10,52],[24,-2],[-3,52],[7,56],[76,52],[23,8],[53,54],[25,2],[21,16],[-8,29],[-30,20],[-42,57],[2,38],[-11,43],[34,55],[-6,57],[22,69],[-46,-7],[-2,44],[34,83],[-25,17],[-45,49],[49,73],[52,8],[59,-29],[28,3],[-42,66],[1,40],[-13,49],[0,35],[19,57],[30,24],[1,46],[-11,25],[-5,47],[34,27],[5,17]],[[5357,22814],[204,-121],[17,-14],[206,-234],[89,-140],[89,-133],[14,-15],[372,-318],[464,-396],[568,-487],[63,-67],[100,-102],[74,-45],[126,-45],[300,-157],[2,-3]],[[8045,20537],[-338,-32],[8,-44],[-7,-17],[0,-327],[0,-369],[-27,-82],[7,-40],[-1,-72],[4,-45],[-10,-89],[-29,-29],[-44,-55],[-35,-144],[-35,-74],[-36,-173],[-14,-55],[-71,-183],[-50,-30],[23,-40],[-40,-77],[-6,-35],[-20,-51],[-21,-36],[0,-39],[-13,-62],[-47,-75],[-7,-20],[81,-128],[46,-63],[22,-57],[32,-51],[74,-56],[25,-1],[55,-36],[47,-9],[20,-59],[-35,-43],[-3,-56],[12,-22],[55,-25],[-2,-44],[38,6],[43,-34]],[[5389,18312],[26,27],[-17,50],[43,24],[-4,81],[19,17],[9,29],[41,29],[5,16],[-35,33],[-43,-3],[-88,8],[-48,27],[-36,51],[-24,6],[-43,-6],[-54,45],[-54,13],[-95,72],[41,10],[-30,29],[-10,23],[-69,44],[-34,10],[-14,28],[-107,112],[-17,46],[-58,73],[-50,50],[-55,79],[-41,77],[11,32],[64,-10],[36,-36],[36,-6],[54,12],[39,-14],[119,-10],[20,16],[-61,28],[-32,52],[62,9],[12,29],[-55,11],[-53,28],[21,21],[101,-5],[-9,42],[31,28],[14,49],[30,20],[15,120],[-52,30],[-26,35],[-17,38],[-49,44],[16,79],[-57,20],[-16,-10],[-51,-8],[-27,21]],[[4243,24522],[14,12],[16,44],[-7,67],[18,29],[57,33],[178,188],[93,78],[15,24],[0,25],[16,18],[52,16]],[[4695,25056],[43,-40],[65,-28],[11,2],[25,-60],[5,-34],[-9,-19],[37,-49],[-4,-44],[-39,-14],[-43,-32],[10,-20],[-20,-22],[16,-58],[29,5],[38,-47],[-43,-33],[-32,24],[-31,-7],[-14,-36],[-51,-27],[-7,-36],[-16,-14],[-15,-90],[-18,-35],[-48,-63],[-4,-25],[-35,-23],[-19,-1],[-34,-41]],[[4492,24189],[-30,27],[-94,45],[-73,47]],[[4295,24308],[-52,214]],[[4695,25056],[15,18],[-2,69],[82,-12],[62,11],[68,-15],[28,22],[2,20],[-26,53],[-16,70],[7,32],[-17,67],[-8,62],[9,64]],[[4899,25517],[11,9],[61,-2],[18,-23],[82,-52],[21,-3],[41,14],[55,34],[79,-17],[55,-56],[32,7],[44,-21],[44,-56],[26,-15],[21,-29],[22,-3],[25,-33],[20,-9],[4,-31],[67,-52],[8,-30],[39,-5],[26,25],[14,43],[50,-18],[7,-22],[58,-70],[41,-12],[28,11],[72,-3],[52,15]],[[6022,25113],[30,10],[112,6],[99,-9],[73,-19],[75,-47],[86,-1],[85,-8],[71,4],[117,32],[20,15],[41,7],[96,-14],[44,-19],[12,-40],[2,-35],[39,-51],[21,-59],[24,-50],[33,-6],[60,20],[39,29],[2,29],[28,27],[17,-24],[41,5],[32,22],[39,-1],[23,10],[26,-17]],[[7409,24929],[-4,-44],[-33,-82],[-17,-21],[-6,-94],[3,-14],[-26,-25],[-27,-3],[1,-34],[-36,6],[-37,-17],[-21,-42],[-41,-50],[-48,-13],[-17,-32],[-47,-64],[-20,-35],[-26,9],[-28,-13],[-42,-34],[-62,-19],[-34,-4],[-89,-80],[-9,5],[-84,0],[-42,27],[-12,18],[-48,16],[-21,31],[-31,-47],[-6,-57],[-14,-46],[-12,-8],[-42,-62],[-19,-20],[-7,-51],[-37,-22],[-49,-54],[-1,-19],[-54,-48],[-88,-38],[-248,138],[-135,74],[-194,110],[-8,-25],[-35,-50],[-39,-23],[-79,-20],[-37,-31],[-19,-1],[-19,-30],[-81,-59],[-60,-33],[-73,-10],[-98,5],[-89,10],[-88,52],[-48,2],[-55,37],[-146,49],[-20,1],[-35,45],[-5,50],[-12,18],[-40,5],[-21,26]],[[18764,19317],[1,124]],[[18633,19323],[10,-10]],[[18513,19187],[-17,-1]],[[18496,19186],[0,38],[-16,87]],[[18763,18944],[1,124]],[[18387,19181],[109,5]],[[18763,18944],[-125,-2]],[[19009,18388],[0,-62]],[[19009,18326],[-123,-1]],[[18886,18325],[1,62]],[[18273,20570],[26,-35],[28,15],[97,0]],[[18424,20550],[-37,-121],[-1,-78],[-19,-48]],[[18227,20298],[-5,37],[-27,19],[-12,28],[5,72],[11,22],[74,94]],[[23388,17645],[-126,0]],[[23262,17645],[0,181]],[[22614,17458],[123,-1]],[[22737,17457],[125,-1]],[[22864,17332],[-248,2]],[[18263,17939],[123,1]],[[15998,21490],[81,-66],[759,-701]],[[16838,20723],[-20,-16],[-69,-34],[-69,-5],[-49,-50],[-102,-67],[-66,-6],[-48,-37],[-9,-42],[-107,-134]],[[16299,20332],[-15,-17],[-92,-64],[-44,-2],[0,291],[37,4],[0,124],[-62,0]],[[16123,20668],[-1,498],[-126,0],[-1,143],[3,181]],[[22523,20819],[141,-1],[34,-15],[17,-25],[13,-41],[1,-44],[44,0],[17,-15],[33,-3],[42,-37],[-13,-64],[8,-41],[0,-70],[-7,-12]],[[22645,20419],[-1,148],[-104,1]],[[22540,20568],[-11,46],[-3,78],[-64,0],[0,126],[61,1]],[[23370,16706],[1,-124]],[[23371,16582],[-249,1]],[[23122,16583],[-125,1],[-25,-43]],[[22746,16708],[0,2]],[[22746,16710],[116,0],[508,-4]],[[22125,16206],[0,126]],[[22125,16332],[124,0]],[[22249,16332],[128,0]],[[22377,16332],[0,-125]],[[22377,16207],[-149,0],[-81,-125]],[[22147,16082],[-22,0]],[[23240,17329],[3,-241]],[[23243,17088],[-41,-5],[-211,1],[-1,247]],[[22250,16459],[57,1],[6,74],[6,23],[42,70],[16,16]],[[22377,16584],[-1,-127]],[[22376,16457],[1,-125]],[[22249,16332],[1,127]],[[22501,16589],[1,-131]],[[22502,16458],[0,-3]],[[22502,16455],[-126,2]],[[22405,16960],[92,1]],[[22497,16961],[110,0]],[[22607,16961],[-1,-25],[16,-34],[2,-99]],[[22624,16803],[0,-2]],[[22624,16801],[-76,53]],[[22548,16854],[-143,106]],[[22618,17210],[1,-66]],[[22619,17144],[-186,1],[-61,-4]],[[22497,17023],[0,-62]],[[22405,16960],[-32,0]],[[22372,17022],[125,1]],[[20355,19951],[-6,-72],[-15,-53]],[[20334,19826],[-75,-1]],[[20384,19826],[-50,0]],[[20394,18323],[118,0]],[[20513,18248],[-36,10],[-86,9]],[[20391,18267],[3,56]],[[17892,18311],[-1,-56]],[[17891,18255],[-124,0]],[[17767,18255],[1,153],[-5,25]],[[20133,20097],[26,3],[98,1]],[[20257,20101],[1,-88]],[[17911,20827],[29,-75],[15,-19],[50,-32],[63,-62],[25,-58],[-2,-27]],[[18091,20554],[-23,10],[-41,-14],[-26,14],[-34,-28],[-38,2]],[[17929,20538],[-15,36],[-14,10],[8,34],[-8,60],[-36,83],[-16,15],[5,43],[18,10],[40,-2]],[[17271,18190],[126,0]],[[17397,18190],[0,-126]],[[17397,18064],[-126,1]],[[17271,18065],[0,125]],[[22329,19442],[29,13],[28,-24],[23,9]],[[19697,18730],[0,32]],[[19697,18762],[1,62]],[[19760,18698],[-63,1]],[[19697,18699],[0,31]],[[19635,18732],[62,-2]],[[19697,18699],[-62,1]],[[17754,20431],[36,12],[53,38],[42,35],[44,22]],[[18091,20554],[36,8]],[[18127,20562],[-15,-96],[-10,-45],[-37,-75],[-53,-25],[-70,0]],[[17755,20307],[-1,124]],[[18360,21903],[22,-31],[-1,-41],[13,-40],[28,-48],[-11,-44],[-1,-40],[34,-54],[0,-19],[-38,-61],[-49,-47],[-11,-44]],[[18346,21434],[13,-36],[-24,-65],[1,-60],[-14,-63],[12,-45],[-10,-70],[14,-51]],[[18338,21044],[-65,-6],[-143,-39],[-50,7],[-21,16],[-53,-9],[-33,-26],[-84,15],[11,-56],[5,-58]],[[17905,20888],[6,-61]],[[17754,20431],[-1,236]],[[17753,20667],[0,125],[-183,-1],[-9,6],[0,66],[-35,33],[-37,51],[-10,28],[24,48],[-1,18],[-320,1],[-45,118],[-3,57],[-15,65],[14,40],[5,100],[-13,16],[4,41],[-4,38],[6,91],[-27,21],[-3,35],[150,-1],[0,375],[11,0],[1,193]],[[19384,18014],[125,-1]],[[19383,18076],[126,-1]],[[21800,19326],[0,18],[31,44],[63,0],[0,-62]],[[21576,19388],[147,7],[3,41],[43,14],[0,21],[41,6],[39,-6],[44,19],[2,42],[-9,20],[8,34]],[[21148,19821],[212,1]],[[21360,19822],[5,-62],[-15,-26],[-54,-41]],[[21412,19822],[59,-2],[10,-37],[-29,-35],[-45,-28],[10,-73],[11,-22],[-67,-20]],[[23239,17453],[19,-1],[41,-23],[65,2]],[[23303,17328],[-63,1]],[[23083,16459],[40,0]],[[23123,16459],[203,-1],[46,4]],[[23373,16200],[-61,73]],[[23312,16273],[-20,26]],[[23292,16299],[-14,15],[-154,115]],[[23124,16429],[-41,30]],[[22999,16390],[25,-16],[104,-48],[112,-33],[52,6]],[[23312,16273],[-313,-1],[0,62]],[[22998,16522],[85,-63]],[[23124,16429],[-21,-13],[-42,0],[-20,-21],[-42,0]],[[23122,16583],[1,-124]],[[19635,18763],[62,-1]],[[20520,20102],[69,-12],[57,-32],[0,91],[7,18],[47,59],[13,39],[-4,60]],[[20520,19960],[0,142]],[[20520,20102],[2,66]],[[19545,20196],[-7,-128]],[[19446,20068],[-1,129]],[[20007,20574],[-6,-35],[19,-100],[-8,-59]],[[20012,20380],[-32,-36],[12,-35],[-3,-27]],[[19989,20282],[-44,-2],[-33,49],[-30,8],[-10,-15],[-238,-1],[-56,19],[-50,-5]],[[19489,20555],[146,2],[2,29]],[[18338,21044],[26,-56],[-9,-36],[5,-28]],[[18360,20924],[-30,-6],[-52,-28],[-37,-57],[-24,-73],[-21,-44]],[[18196,20716],[-39,22],[-15,34],[-18,14],[-91,36],[-24,16],[-30,36],[-41,18],[-33,-4]],[[21319,19961],[-69,-24],[-26,-4],[-54,10]],[[16838,20723],[331,-308]],[[17169,20415],[220,-203]],[[17065,19807],[-169,0]],[[16896,19807],[-5,55],[-38,79],[-77,82],[-8,29],[-51,48],[-6,25],[-63,59],[-62,1],[-16,8],[-46,-8],[-134,0],[-60,103],[-31,44]],[[15358,19816],[38,-6],[804,0],[400,0],[49,23],[32,5],[61,53],[12,0],[55,-51],[31,-21],[56,-12]],[[17067,19807],[-25,-20],[5,-32],[-11,-35],[7,-36]],[[17043,19684],[8,-63]],[[16960,18808],[-33,5],[-107,-3],[-175,0],[1,-100],[12,-77],[-13,-35]],[[16645,18598],[0,-30],[24,-54],[5,-54],[40,-50],[-2,-96]],[[16712,18314],[-252,-2],[-123,3],[-4,-4],[1,-167]],[[16334,18144],[-249,-96]],[[16085,18048],[-104,-39],[-69,-16],[-60,1]],[[15852,17994],[-84,21],[-62,29],[-114,18],[-131,35]],[[15461,18097],[-3,107],[-2,300],[2,56],[-3,403],[1,121],[-18,77],[-30,60],[-14,58],[0,407],[-9,45],[-26,59],[-1,26]],[[16085,18048],[1,-180]],[[16086,17868],[-80,-3],[-72,11],[-50,-7],[-51,-25],[-2,101],[21,49]],[[16645,18598],[56,4],[16,10],[25,-29],[25,-15],[1,-253]],[[16768,18315],[-56,-1]],[[17329,18687],[-3,-60],[-11,-63]],[[17084,18314],[-63,0]],[[17021,18314],[0,250],[-62,0],[0,124]],[[17644,18437],[-1,-162]],[[17643,18275],[-45,9],[-144,1],[-113,5],[-73,-2]],[[17268,18288],[-5,26]],[[17643,18275],[46,-15],[78,-5]],[[17891,18255],[0,-68],[-93,0]],[[17798,18187],[-155,1]],[[17643,18188],[0,87]],[[17043,19684],[168,1]],[[17211,19685],[18,0]],[[17229,19685],[-40,-43],[-9,-25],[5,-57]],[[17272,19685],[-43,0]],[[17211,19685],[0,126]],[[18681,20551],[80,0]],[[18544,20304],[-177,-1]],[[16335,18065],[188,0]],[[16523,18065],[0,-62],[-63,1],[0,-83]],[[16335,17898],[0,167]],[[17268,18288],[3,-98]],[[17271,18065],[-125,0]],[[17146,18065],[0,125],[-125,0]],[[17021,18190],[0,100]],[[17021,18290],[0,24]],[[17021,18065],[0,125]],[[17146,18065],[0,-125]],[[17769,17974],[0,-3]],[[17724,17657],[-28,-3],[-99,35],[-76,16]],[[17521,17705],[-20,4],[-79,-14],[-57,-24],[-45,-30],[-18,-29],[-57,-36],[-94,-12],[-68,-29],[-62,-36]],[[17024,17815],[-3,31],[0,219]],[[18451,20179],[-118,0]],[[18386,20053],[-53,1]],[[18825,18573],[62,1]],[[18887,18574],[0,-63]],[[18887,18511],[-25,-6],[-37,6]],[[19009,18700],[128,-1]],[[19137,18699],[-1,-63]],[[19136,18636],[-127,1]],[[19009,18637],[0,63]],[[20132,20229],[43,-4],[42,-23],[102,-2],[75,20],[44,-14]],[[20357,20024],[-7,48],[-21,22],[-43,7]],[[20286,20101],[-22,28],[-116,27],[-16,14]],[[20132,20170],[0,59]],[[20132,20229],[2,32],[37,69]],[[20286,20101],[-29,0]],[[20171,20330],[-19,14],[-9,27],[-29,0],[0,-31],[-67,62],[-35,-22]],[[19888,23233],[-2,-688],[-2,-30],[0,-193]],[[19704,22208],[-59,-19],[-75,56],[1,-46],[-63,0],[-14,-42],[14,-32],[-20,-34],[20,-46],[-24,-40],[-36,-45],[-81,-31],[-13,-36],[-35,3],[32,142],[-17,17],[-36,1]],[[19298,22056],[8,110],[10,67],[27,95],[-2,69],[16,45],[12,67],[16,50],[50,71],[4,48],[-42,106],[-8,45],[-4,141],[-19,59],[-53,81],[-9,45],[0,154]],[[20087,20228],[-75,53],[-23,1]],[[23305,17079],[-62,9]],[[19770,17443],[110,1]],[[19880,17444],[0,-61]],[[19880,17383],[-45,-2],[-7,19]],[[18758,17956],[-2,-125],[125,0]],[[18881,17831],[88,-2]],[[18968,17690],[-198,-1],[-112,-25]],[[17188,17266],[53,-12],[41,14],[10,-24],[-8,-66]],[[17284,17178],[-23,-14],[-29,-36],[-39,-6],[-36,-22],[-39,33],[0,68],[24,40],[30,8],[16,17]],[[20640,18084],[-1,-137]],[[20639,17947],[1,-124]],[[20640,17698],[-47,-1]],[[20593,17697],[1,67],[-9,38],[-37,40],[-35,12]],[[20513,17854],[0,93]],[[20513,17947],[-1,126],[124,-3],[0,15]],[[20804,17948],[85,0]],[[20889,17923],[0,-37]],[[20889,17886],[-76,-1],[-19,11],[-3,27],[13,25]],[[18825,18448],[62,1]],[[18887,18387],[-126,-2]],[[18761,18385],[1,63]],[[22251,16584],[0,124]],[[22251,16708],[126,0]],[[22250,16459],[1,125]],[[19009,18326],[125,0]],[[19134,18326],[125,-1]],[[19259,18325],[0,-35]],[[19026,18297],[-17,0]],[[19009,18297],[0,29]],[[18886,18296],[0,-94]],[[18758,18204],[4,91],[124,1]],[[19259,18325],[63,0]],[[19322,18325],[63,0]],[[19385,18325],[-1,-27]],[[19384,18298],[-46,-8],[-79,0]],[[19384,18298],[0,-97]],[[19384,18201],[-124,-1]],[[19523,18198],[-16,0]],[[19507,18198],[-123,3]],[[21263,17699],[0,-63]],[[21263,17636],[-44,0]],[[21219,17636],[4,63]],[[21388,17637],[-47,-1]],[[21341,17636],[1,64]],[[18887,18511],[0,-62]],[[20391,18199],[0,68]],[[20513,18248],[0,-50]],[[20513,18198],[-122,1]],[[20138,18262],[63,0]],[[20201,18200],[-62,0]],[[20139,18200],[-1,62]],[[16523,18065],[31,0]],[[16554,18065],[467,0]],[[18273,20570],[25,49],[27,73],[13,55],[-2,58],[9,88]],[[18345,20893],[69,-92],[113,-1]],[[18127,20562],[18,75],[51,79]],[[18360,20924],[-15,-31]],[[18009,19809],[-1,242]],[[19754,17567],[10,1]],[[19889,17568],[-9,-62]],[[19880,17506],[-125,-1]],[[19755,17505],[-1,62]],[[17397,18064],[0,-126]],[[19008,17953],[-126,2]],[[22000,16458],[0,2]],[[22000,16460],[124,-4],[126,3]],[[22125,16332],[-126,-1]],[[18882,17955],[-1,-124]],[[15461,18094],[0,3]],[[16086,17868],[123,2]],[[16513,17320],[-20,-32],[-57,-5],[-35,-13],[-74,12],[-27,-8],[-73,7],[-37,-9],[-44,22],[-36,-1],[-103,-44],[-111,0],[-30,-20],[-17,-42]],[[15849,17187],[-3,92],[-7,53],[-36,-18],[-182,-1],[-159,3],[2,251],[-4,2],[1,525]],[[21462,17202],[-24,-47],[0,-78]],[[21438,17077],[-63,0]],[[21375,17077],[0,124]],[[21502,17078],[-64,-1]],[[20137,17568],[252,3]],[[20389,17571],[125,1]],[[20514,17572],[-1,-14],[69,5]],[[20529,17446],[0,63],[-59,0],[1,31],[-92,-1],[0,-31],[-127,0],[0,-26],[-63,-2],[0,-17],[-60,10]],[[20129,17473],[-1,69],[9,26]],[[17746,17649],[0,-80],[-39,-3],[0,-127],[63,0],[0,-513],[-1,-112],[-188,2],[-60,-3],[0,63],[-60,0],[-1,64]],[[17460,16940],[-1,594]],[[17459,17534],[30,52],[30,34],[2,85]],[[17460,16940],[-221,2],[-8,19]],[[17231,16961],[-10,36],[6,40],[13,22],[38,33],[6,20],[0,66]],[[17188,17266],[-34,33],[6,38],[-20,24]],[[17140,17361],[30,15],[46,-7],[48,7],[23,19],[66,9],[34,20],[33,30],[39,80]],[[19515,17692],[125,1]],[[19640,17693],[0,-63]],[[19640,17630],[0,-62]],[[19640,17568],[-125,0]],[[16960,17316],[84,1],[28,19],[35,5],[33,20]],[[17231,16961],[-37,-19],[-60,-97],[-20,-17],[-145,185],[-9,23],[0,280]],[[19640,17568],[114,-1]],[[19880,17506],[0,-62]],[[20513,17697],[80,0]],[[20639,17649],[-50,10],[-2,-96]],[[20514,17572],[0,70]],[[20514,17642],[-1,55]],[[20014,17568],[123,0]],[[20129,17473],[-2,-29],[-61,-3],[0,-60],[-62,0],[0,47]],[[20004,17428],[0,113],[10,27]],[[17397,18190],[245,-2]],[[17642,18188],[-1,-125]],[[17518,18064],[-121,0]],[[19764,17630],[-124,0]],[[15461,18094],[-1001,267]],[[14367,19813],[136,-2],[700,5],[155,0]],[[17643,18188],[-1,0]],[[16334,18144],[1,-79]],[[20638,17572],[-16,-1]],[[20513,17822],[0,32]],[[20513,17697],[0,125]],[[19298,22056],[-6,-87],[3,-101]],[[19295,21868],[6,-64]],[[19301,21804],[19,-195],[0,-37],[-9,-68],[6,-74]],[[19317,21430],[37,-126]],[[19354,21304],[25,-125]],[[18868,21176],[-114,-2],[-66,10],[-51,26],[-43,43],[-110,164],[-39,17],[-99,0]],[[17021,18290],[-126,6]],[[16895,18296],[1,19],[-128,0]],[[16554,18065],[5,32],[-14,31],[-29,1],[-7,27],[45,34],[0,39],[150,56],[76,12],[115,-1]],[[21142,17636],[77,0]],[[21263,17636],[-22,-61]],[[22548,16854],[-19,-21]],[[22374,16835],[-1,125]],[[22628,16465],[-126,-7]],[[20765,17947],[39,1]],[[20765,17822],[0,125]],[[21878,16581],[1,-125]],[[21936,16582],[63,1]],[[21999,16583],[1,-123]],[[21999,16583],[252,1]],[[21995,16756],[5,-49],[251,1]],[[19301,21804],[37,-8],[38,-41]],[[19376,21755],[-16,-30],[1,-52],[-5,-56],[24,-55]],[[19380,21562],[1,-5]],[[19381,21557],[0,-127],[-64,0]],[[20764,17634],[124,1]],[[20872,17572],[-110,0]],[[22466,16329],[36,3]],[[22502,16332],[110,5],[0,-64],[-31,-1],[0,-63],[-79,-2]],[[22502,16207],[-4,47],[-23,30],[-9,45]],[[22377,16332],[89,-3]],[[22502,16207],[0,-126]],[[22502,16081],[-100,0]],[[22402,16081],[-25,20],[0,106]],[[22502,16455],[0,-123]],[[18886,18325],[-124,-2]],[[18762,18323],[-1,62]],[[21639,18075],[-62,0]],[[21577,18075],[1,126]],[[22402,16081],[-255,1]],[[22124,16958],[0,-97],[45,6],[22,-21]],[[22191,16846],[-107,-72],[-27,-13],[-62,-5]],[[22191,16846],[29,-12],[154,1]],[[22240,16958],[-2,-47],[-13,-31],[-34,-34]],[[19009,18297],[-123,-1]],[[18886,18296],[0,29]],[[21341,17636],[-78,0]],[[18636,18320],[126,3]],[[22496,17085],[124,1]],[[22620,17086],[29,-12]],[[22649,17074],[-22,-74],[-20,-39]],[[22497,17023],[-1,62]],[[19136,18636],[0,-61]],[[19136,18575],[-127,1]],[[19009,18576],[0,61]],[[19376,21755],[27,-36]],[[19403,21719],[31,-14],[32,1],[34,12],[48,-9]],[[19548,21709],[-24,-46],[-11,-38],[-60,-45],[-27,-12],[-46,-6]],[[19295,21868],[88,0],[0,-64],[250,1],[95,5]],[[19728,21810],[-1,-30]],[[19727,21780],[-4,-15],[-73,-2],[-14,-31],[-47,23],[-39,-13],[-28,16],[-50,-31],[-20,10],[-49,-18]],[[23236,17578],[23,37],[3,30]],[[22746,16836],[-1,32],[-26,38],[22,35],[0,36],[-19,28],[-39,12],[-12,70]],[[22671,17087],[273,-5],[48,-25],[4,-224],[-250,3]],[[19727,21780],[32,0],[-1,-219],[-104,-1]],[[19654,21560],[26,15],[-9,37],[-39,16],[-48,61],[-36,20]],[[17169,20415],[101,108],[0,25],[233,0],[1,119],[249,0]],[[22619,17144],[1,-58]],[[22496,17085],[-124,-1]],[[22628,16337],[-1,-256]],[[22627,16081],[-125,0]],[[19324,18948],[0,-125]],[[22649,17074],[22,13]],[[22746,16836],[0,-62],[-24,2],[-45,28],[-53,-1]],[[23371,16582],[1,-120]],[[20138,18075],[1,125]],[[20263,18200],[128,-1]],[[20513,18198],[67,-1]],[[20580,18197],[59,0]],[[20513,17947],[-251,3],[-39,-27]],[[15998,21490],[-59,45],[-17,28],[-1,30],[-19,30],[-42,28],[-37,45],[-182,179],[-55,46],[-38,40],[-15,29],[-9,47],[-25,47],[-30,73],[-4,46],[-10,22],[-66,69],[-59,95],[-51,53],[-43,58],[-12,38],[-27,42],[-17,14]],[[18637,18382],[0,62]],[[18637,18444],[78,3]],[[18715,18447],[47,1]],[[21897,21314],[124,0],[0,-498],[253,1],[0,126],[30,-61],[32,-3],[125,0],[60,3],[2,-63]],[[22540,20568],[-141,-2],[-55,3],[-446,-3]],[[21898,20566],[0,58]],[[30847,26603],[-20,4],[-162,0],[-4,-6],[-105,28],[-30,-13],[-46,3],[-73,29],[-56,32],[-54,3],[-78,-36],[-53,-36],[172,3],[-11,-24],[25,-106],[37,0],[39,-20],[-10,-24],[16,-51],[-7,-32],[23,-6],[48,25],[33,-21],[-11,-27],[-31,-45],[29,-20],[45,26],[32,30],[12,-7],[1,-58],[13,-21],[77,4],[26,-4],[112,3],[15,-27],[18,15],[63,16],[49,-25],[26,9],[18,31],[-26,35]],[[34810,37193],[602,0],[653,-1],[1,-441],[1,-29],[-2,-773],[-121,0],[0,-638],[-5,-589],[5,-2],[0,-1258],[-2,-248],[2,-249]],[[32818,32967],[40,31],[48,52],[52,76],[53,35],[31,45],[47,31],[19,32],[42,30],[100,42],[82,52],[1,19],[-34,35],[-5,37],[29,56],[-2,24],[12,52],[25,31],[35,18],[22,39],[53,42],[4,32],[61,54],[57,37],[44,50],[39,28],[44,10],[47,50],[35,14],[27,38],[94,68],[117,70],[85,123],[42,25],[17,21],[79,69],[27,35],[52,-15],[19,119],[8,94],[-23,71],[4,176],[-10,419],[-5,22],[-133,259],[-38,0],[-83,34],[-40,26],[-77,12],[-84,-1],[-41,11],[-118,-11],[-42,21],[-48,37],[-16,28],[-85,81],[-31,9],[-117,3],[-33,12],[-32,39],[-63,35],[-45,18],[-52,4],[-57,-10],[-78,-44],[-16,37]],[[29388,32963],[0,829],[0,602],[0,773],[0,629]],[[35832,21818],[0,-815],[-235,1],[1,-369],[0,-815],[0,-619]],[[35598,19201],[-27,-4],[-16,15],[0,33],[-20,20],[-32,-2],[-53,7],[-28,-9],[-48,-59],[-37,0],[-18,12],[-56,10],[-35,-15],[-53,38],[-54,-10],[-18,4],[-7,60],[-36,-7],[-18,-20],[-91,-1],[-20,24],[-33,17],[-52,12],[-36,-47]],[[34810,19279],[0,622],[0,525],[0,693]],[[34810,40724],[-59,-3],[-78,-14],[-63,9],[-25,-9],[-232,-170],[-70,-9],[-109,-29],[-68,-9],[-55,-17],[-35,12],[-52,44],[-12,20],[-5,44],[-18,27],[-77,58],[-22,8],[-51,-9],[-44,1],[-57,55],[-254,56],[-20,8],[-164,118],[-20,10],[-89,16],[-47,-14],[-34,-20],[-133,-143],[-123,-235],[-24,-63],[-77,-4]],[[31728,40942],[27,65],[53,32],[44,33],[32,35],[39,17],[3,23],[52,39],[45,23],[1,20],[25,20],[45,5],[21,17],[25,47],[5,33],[42,10],[55,24],[22,20],[23,0],[10,30],[31,22],[39,-6],[27,11],[48,63],[27,19],[6,24],[39,28],[78,118],[54,4],[52,18],[-9,18],[29,24],[59,17],[65,45],[50,42],[52,16],[68,5],[104,69],[31,1],[27,33],[22,1],[28,19],[46,66],[20,40],[36,3],[34,22],[46,49],[21,7],[63,41],[25,6],[32,54],[-5,16],[19,48],[38,39],[13,24],[38,-1],[28,12],[24,52],[17,11],[23,43],[37,21],[16,30],[39,36],[21,38],[16,49],[48,13],[13,14],[103,59],[34,4],[61,30],[28,40],[-2,22],[18,26],[-1,24],[28,8],[11,30],[-6,26],[23,29],[27,14],[47,-10],[31,15],[22,-6],[48,42],[31,18],[36,-1],[20,32],[21,12],[42,-3],[21,-13],[22,21],[58,28],[55,5],[33,-13],[67,-5]],[[31293,40695],[-98,1],[1,-471],[-207,0],[-18,31],[-36,21],[-63,-68],[0,237],[-516,0],[1,499],[112,117],[49,55],[49,47],[133,151],[364,119],[146,4],[208,-195],[184,255],[95,357],[-21,67],[2,69],[15,33],[23,213],[31,77],[17,94],[35,101],[19,37],[27,26],[25,7],[45,70],[77,29],[49,-19],[17,27],[18,82],[-9,19],[16,47],[0,70],[14,28],[-7,17],[20,35],[2,71],[12,35],[16,18],[84,64],[-16,15],[180,113],[25,11],[58,62],[12,24],[-12,48],[117,257],[-20,73],[-17,13],[-58,-1],[-41,-10],[-140,-14],[-135,-29],[-49,-52],[-124,-111],[-128,-27],[-72,-18],[-99,24],[-125,68],[-66,28]],[[29388,35966],[0,896],[0,653],[0,1034],[0,715],[0,826],[0,1074],[0,537],[0,678],[0,475],[0,757]],[[34810,40286],[0,-806],[0,-727]],[[19634,18325],[125,-1]],[[19759,18324],[1,-61]],[[19759,18324],[127,-1]],[[19886,18323],[-1,-60]],[[19885,18263],[64,0]],[[19952,18200],[-66,0]],[[20326,18323],[63,0]],[[20389,18323],[5,0]],[[20391,18199],[-84,68],[-43,13]],[[20264,18280],[-1,44]],[[21244,17949],[103,86],[49,28]],[[20872,17572],[1,-124]],[[20873,17448],[-125,-1]],[[20748,17447],[-1,125]],[[21013,17574],[-15,-43],[0,-83]],[[20998,17448],[-125,0]],[[21122,17448],[-124,0]],[[20998,17448],[1,-126]],[[20874,17323],[-1,125]],[[38462,19929],[19,21],[27,1],[36,23],[11,31],[20,18],[-6,48],[-24,30],[9,32],[6,86],[6,32],[42,2],[5,44],[25,12],[22,-26],[31,-11],[15,33],[46,32],[13,25],[48,45],[37,41],[40,-3],[47,-14],[23,9],[20,-17],[20,14],[22,-25],[40,-4],[6,47],[23,8],[10,-27],[19,-9],[10,39],[27,16],[9,-32],[23,5],[10,25],[64,35],[45,32],[69,-19],[30,19],[23,28],[32,-1],[24,-27],[9,29],[-41,61],[-22,3],[-24,28],[1,27],[17,33],[-10,24],[5,31],[61,117],[-11,23],[10,19],[36,27],[7,38],[458,-2],[532,0],[252,-5],[115,1],[570,-3],[68,3],[187,-1]],[[41706,21000],[-2,-529],[1,-364],[-2,-595],[2,-270],[-2,-210],[-1,-478],[2,-530],[-1,-180],[-1,-979],[-1,-414],[-2,-449],[0,-379],[0,-239],[1,-138]],[[41700,15246],[-20,-10],[-18,-29],[-16,11],[-18,-23],[-38,20],[-34,-6],[-24,-39],[-5,-35],[-28,-29],[-18,-1],[-18,-63],[12,-68],[-22,-18],[-7,-28],[17,-70],[-8,-52],[-29,-39],[-17,-9],[-78,-20],[-94,1],[-18,-34],[-29,-27],[-92,-45],[-63,-55],[1,-30],[-13,-21],[-1,-29],[-71,-41],[-44,-65],[-128,-84],[-28,-74],[-22,-41],[-44,-32],[-127,-110],[-14,-54],[-73,-29],[-18,-14],[-45,-60],[-26,-15]],[[40382,13879],[4,43],[-31,62],[-4,50],[-41,32],[-19,24],[-26,12],[-29,27],[-96,60],[-76,91],[-58,120],[-7,30],[-30,32],[-10,23],[-46,58],[-43,-6],[-26,11],[-33,70],[42,31],[8,28],[-1,100],[-31,-15],[-58,0],[-65,12],[-27,80],[-18,37],[4,23],[-23,18],[-73,95],[-26,23],[-26,8],[-22,56],[-33,25],[-34,41],[0,46],[-14,33],[-18,78],[-1,123],[-39,61],[-25,-13],[-13,-37],[13,-67],[-19,-7],[2,-44],[23,-4],[-9,-27],[10,-34],[-15,-48],[-37,-60],[19,-33],[-28,-74],[13,-14],[11,-46],[-11,-34],[30,-38],[-55,12],[-30,-22],[-34,10],[-30,-35],[-26,-7],[-51,-34],[-73,-26],[-40,-27],[-71,8],[-26,14],[-24,-14],[-42,36],[-54,11],[-41,-23],[-39,1],[-45,14],[-39,-4],[-80,40]],[[38520,14895],[-60,102]],[[38460,14997],[0,860],[-1,271],[1,326],[1,658],[0,463],[0,1080],[0,753],[1,521]],[[39600,13035],[38,12],[71,5],[56,-7],[29,-13],[66,11],[39,18],[14,20],[18,93],[27,49],[53,69],[18,39],[34,34],[19,70],[58,66],[50,46],[55,73],[28,48],[45,41],[24,76],[17,71],[23,23]],[[41700,15246],[0,-405],[0,-213],[1,-645],[-1,-810],[0,-386],[-2,-139],[1,-233],[-1,-752],[0,-500],[-1,-850],[-1,-651],[1,-265]],[[41697,9397],[-479,-1]],[[41218,9396],[-203,220],[-162,182],[-76,75],[-7,20],[-361,386],[1,120],[106,354],[-59,149],[96,293],[-49,153],[-6,233],[-226,526],[-22,71],[-31,0],[-106,178]],[[40113,12356],[-369,617],[-111,4],[-33,58]],[[39600,13035],[-347,598],[-379,653],[-21,33],[-226,394],[-107,182]],[[20391,18702],[6,0]],[[20397,18702],[48,-41],[26,-31],[50,-44]],[[20514,18572],[-124,4]],[[20390,18576],[0,63]],[[20515,18447],[-126,3]],[[20263,18262],[1,18]],[[20012,18201],[127,-1]],[[20011,18075],[1,126]],[[19885,18139],[1,61]],[[19886,18075],[-1,64]],[[19885,18139],[-125,-1]],[[19886,18075],[-126,0]],[[19760,18075],[0,63]],[[19760,18075],[-126,-1]],[[19634,18074],[-1,62]],[[21123,17324],[-124,-2]],[[20551,17321],[198,2]],[[20749,17323],[125,0]],[[20670,17447],[78,0]],[[20748,17447],[1,-124]],[[20646,19824],[-3,-124]],[[20643,19700],[-126,1]],[[20517,19701],[2,124]],[[20769,19700],[-126,0]],[[20260,19703],[125,1]],[[20385,19704],[1,-125]],[[20386,19579],[-57,12],[-68,-15]],[[20261,19576],[-1,127]],[[20384,19826],[1,-122]],[[20260,19703],[-1,122]],[[20260,19703],[-47,0]],[[20213,19703],[-1,60]],[[20212,19763],[0,62]],[[20212,19763],[-78,-1]],[[20134,19762],[0,63]],[[20213,19703],[-78,-1]],[[20135,19702],[-1,60]],[[20386,19579],[1,-127]],[[20261,19451],[0,125]],[[20263,18640],[0,-63]],[[19887,18639],[47,-11],[68,-55]],[[19887,18639],[0,58]],[[19761,18643],[-1,55]],[[19634,18613],[25,11],[55,2],[47,17]],[[20138,18386],[34,0],[68,-62]],[[20240,18324],[-102,0]],[[20138,18324],[0,62]],[[20263,18324],[-23,0]],[[20138,18386],[0,63]],[[20138,18324],[-56,0]],[[20082,18324],[-4,36],[2,89]],[[20082,18324],[-70,0]],[[20012,18324],[0,124]],[[20012,18324],[-126,-1]],[[19886,18323],[0,125]],[[19575,18199],[0,-124]],[[19509,18075],[-2,123]],[[19383,18076],[1,125]],[[19760,18075],[2,-154]],[[20767,18635],[0,62]],[[20767,18697],[93,2]],[[20860,18699],[31,1]],[[20890,18633],[-61,-61]],[[20768,18535],[-1,3]],[[20767,18538],[0,97]],[[20704,18538],[63,0]],[[20770,18448],[-5,-63]],[[20765,18385],[-126,-1]],[[20098,19574],[11,39],[23,24]],[[20132,19637],[66,-2],[10,-33],[-10,-27],[63,1]],[[19883,19823],[0,-23]],[[19883,19800],[-26,-5],[-43,-30],[-59,-5],[-21,-9],[-28,-44],[-25,-6]],[[19681,19701],[-45,-4]],[[20132,19637],[3,65]],[[19681,19701],[5,-9],[72,5],[125,1]],[[19883,19698],[1,-125]],[[19886,19542],[-151,-1],[-29,7],[-34,21],[-36,3]],[[19636,19572],[0,125]],[[20135,19702],[-95,0]],[[20040,19702],[0,21],[-31,-1],[-1,102]],[[19946,19573],[0,32],[36,0],[43,16],[15,33],[0,48]],[[22627,16081],[372,4]],[[23286,15339],[-660,-5],[1,346],[0,401]],[[24138,17826],[251,-1],[0,-122],[124,1],[0,-127],[-61,0],[8,-42],[-7,-85],[-23,-25],[-83,-15],[-18,-9],[-58,-61]],[[23861,13046],[17,-18],[72,-14],[49,-33],[30,-5],[35,-24],[37,-5],[32,-25],[27,-9],[34,7],[39,-9],[17,28],[22,12],[9,58],[9,10],[-19,57],[11,48],[-6,16],[7,99],[-8,54],[-7,146],[4,43],[37,80],[1,71],[9,84],[42,64],[11,64],[-202,3]],[[24170,13848],[-5,249],[0,248]],[[28512,10892],[-106,-52],[-108,-65],[-120,-92],[-24,-28],[-79,-125],[-4,-28],[14,-32],[4,-142],[17,-93]],[[28123,10127],[0,-2]],[[27244,10126],[-797,0],[-1,-82],[-161,-1],[-331,2],[-23,-2],[-271,0]],[[23857,11945],[-1,95]],[[23388,18324],[727,1]],[[23670,17951],[-32,0],[-1,125],[-124,-1]],[[23388,18075],[0,249]],[[28515,10127],[-109,1]],[[22983,13014],[41,13],[39,-19],[6,-19],[45,3],[39,44],[78,1],[32,31],[81,1],[27,-18],[41,-2],[54,14],[17,12]],[[23481,12262],[-323,238],[-35,28],[-104,74],[-392,289]],[[22178,14294],[242,-1],[194,-3],[1,-250]],[[22615,14040],[1,-125],[94,2],[12,-12],[38,-3],[32,16],[73,0],[0,-131],[-5,-372]],[[25140,16521],[50,-4],[45,14],[80,6],[106,3],[121,16],[58,30],[82,-3],[65,16],[60,49],[28,8],[59,34],[36,4],[22,-13],[63,-17],[100,17],[27,0],[71,-21],[23,5],[88,45],[33,27],[38,3],[58,-5],[54,17]],[[27184,16997],[82,26],[53,7],[26,70],[15,67],[55,43],[12,16],[61,32],[28,-2],[74,10],[58,59],[73,44]],[[27721,17369],[47,-107],[203,-791],[14,-23]],[[27985,16448],[112,-217],[107,-203],[92,-185],[76,-131],[112,-224],[48,-90],[317,-616],[304,-589]],[[21505,16075],[2,-116],[0,-599],[-9,-25],[216,-335],[283,-437],[28,-48],[50,-69],[103,-152]],[[18895,15071],[0,613],[1,760]],[[29251,14194],[38,22],[5,41],[-10,91],[12,20],[37,0],[34,16],[15,30],[35,2],[6,42],[18,28],[38,10],[63,62],[12,49],[-10,21],[29,55],[22,11],[40,-19],[8,32],[-10,70],[-45,101],[-16,17],[-3,29],[27,20],[7,35],[22,-4],[38,19],[8,30],[38,19]],[[31569,15994],[0,-118],[-3,-521],[0,-750],[0,-383]],[[31566,14222],[0,-350],[6,0],[0,-1042],[0,-787],[-1,-481],[1,-673],[1,-616],[-6,-124],[-16,0]],[[31551,10149],[-355,2],[-43,-3],[-280,-1],[-779,0]],[[30349,10686],[65,26],[74,-35],[34,-1],[39,19],[-47,41],[26,25],[35,50],[35,36],[-22,39],[-79,36],[-27,32],[-27,14],[-64,56],[-21,49],[-26,37],[-42,-24],[-35,-5],[-9,22],[-33,166],[-8,30],[0,65],[-9,19],[-40,30],[-37,15],[-16,-26],[-32,-29],[-1,-35],[-27,-20],[-25,-7],[8,-24],[-38,-38],[-34,-23]],[[23370,16706],[0,132],[-3,241]],[[19137,18699],[124,0]],[[18946,18574],[-59,0]],[[18887,18574],[1,34]],[[18704,18694],[-7,-124]],[[18697,18570],[-59,-1]],[[18762,18572],[1,122]],[[18762,18572],[-59,-1]],[[18703,18571],[-6,-1]],[[20513,17822],[-123,0]],[[20390,17822],[-124,-3]],[[20266,17819],[-125,-1]],[[20141,17818],[0,81]],[[20141,17818],[-125,-1]],[[20016,17817],[-126,0]],[[20016,17817],[-2,-120]],[[20014,17697],[-125,-5]],[[20141,17818],[-2,-117]],[[20139,17701],[-125,-4]],[[20266,17819],[0,-124],[-35,11],[-92,-5]],[[20389,17696],[124,1]],[[20514,17642],[-77,-23],[-48,-7]],[[20389,17612],[0,84]],[[20891,18512],[62,0],[0,62]],[[21015,18449],[-125,0]],[[21139,18324],[-123,0]],[[21016,18324],[-1,125]],[[20890,18323],[0,126]],[[20797,18320],[-33,2],[1,63]],[[27850,7979],[-105,-1]],[[27910,9170],[-21,25]],[[27889,9195],[-12,16]],[[27866,9380],[-6,19],[-32,34],[-7,21],[-3,61],[-13,26]],[[27867,8271],[0,237]],[[16202,10081],[-3,-363],[1,-240],[-2,-147],[-142,-3],[-222,1],[-368,-5],[-1,-368],[-2,-62],[-5,-318],[-363,4],[-5,-696],[9,-163],[-1,-279],[0,-360],[430,1],[1,-251],[-23,-23],[-4,-56],[15,-43],[-16,-23],[-32,1],[-17,-63],[-94,-12],[-14,-37],[-29,-6],[-2,-40],[17,-13],[-16,-31],[0,-59],[-38,-37],[1,-41],[25,-41],[-14,-30],[38,-30],[-1,-33],[59,-35],[0,-50],[9,-11],[-7,-42],[-20,-19],[7,-58],[-11,-30],[18,-9],[38,-84],[3,-22],[54,-21],[-1,-11],[59,-12],[19,-11],[2,-26],[35,-39],[28,-8],[-21,-32],[4,-19],[-15,-60],[-15,-16],[-7,-32],[8,-32],[17,-18],[-19,-31],[18,-67],[16,-32],[-29,-27],[13,-45],[23,7],[26,-55],[24,-28],[29,-15],[24,-35],[28,0],[42,-62],[32,-8],[33,-38],[-1,-245],[122,1],[-8,-306],[2,-380]],[[15963,4152],[-581,212],[-940,342],[-777,281],[-624,225],[-1036,372],[-738,278],[-552,207]],[[27574,4381],[-71,20],[36,92],[-11,0]],[[27424,4070],[8,60],[17,28],[70,-40],[49,122],[29,106]],[[27686,4465],[78,38]],[[25895,9191],[123,1],[1,-187]],[[26019,9005],[1,-389],[-11,-36],[0,-464],[-2,-23]],[[26252,7865],[-244,1],[1,-186]],[[26009,7680],[-124,-1],[1,-61],[-154,1],[-447,-1],[-92,-4],[-160,2],[-143,-2],[0,-22],[-733,-3],[0,164],[-3,139],[0,141],[3,345],[-3,202],[4,87],[3,281],[-203,3],[-266,-2],[-72,3],[-148,-5],[-71,0],[-3,411],[-83,-1],[-1,-20],[-657,-4],[3,-164],[-1,-220],[-434,0],[-187,1]],[[22038,8950],[-2,250],[1,138],[-196,0],[-3,3],[1,194],[-1,426],[4,125]],[[29480,6757],[8,-76],[48,-45],[2,-41],[21,-12],[15,-30],[0,-36],[18,-32],[11,-65],[19,-26],[4,-30]],[[29626,6364],[9,-44],[13,-21],[3,-32],[33,-23],[0,-30],[38,-42],[52,-8]],[[29774,6164],[-25,-8],[-71,-3],[-20,-20],[-29,-62],[-25,-104]],[[29604,5967],[-189,150],[-194,145]],[[27870,6385],[614,0]],[[28484,6385],[-2,-139],[125,-2]],[[28607,6244],[-1,-221],[0,-360],[5,-9],[0,-144],[-5,-93]],[[28606,5417],[-54,-15],[-41,-28],[-21,-4],[-397,1]],[[27865,5747],[0,310],[-1,223],[6,105]],[[26957,5741],[175,-1],[193,3],[124,0],[194,4]],[[27648,5621],[28,-248]],[[27273,4622],[-92,-3]],[[26019,9005],[109,0],[45,-8],[28,28],[46,-20],[111,1]],[[26257,9505],[147,-124]],[[26404,9381],[103,-92],[132,-109]],[[19883,19698],[0,102]],[[19886,19522],[-25,0],[-17,-41],[-31,24],[-54,5],[0,-15],[-63,0],[-31,-16],[-29,18]],[[19636,19497],[0,75]],[[19890,19332],[-130,-11]],[[19760,19321],[-124,2]],[[19636,19323],[1,124]],[[19637,19447],[-1,50]],[[19514,19570],[122,2]],[[19637,19447],[-124,-1]],[[19514,19570],[1,124]],[[19010,18824],[0,-62]],[[13697,19815],[20,40],[-20,20],[0,34],[24,9],[3,41],[15,21],[19,74],[35,21],[57,67],[122,323],[17,26],[180,483],[43,121],[15,-21],[13,-46],[42,-51],[10,-56],[32,-36],[34,-78],[-4,-25],[16,-70],[-5,-75],[17,-12],[61,-94],[17,11],[72,-5],[52,3],[56,-6],[56,55],[31,37],[115,-10],[54,65],[3,26],[-16,42],[-14,83],[1,23],[-23,49],[2,14],[143,0],[0,-63],[57,0],[3,-19],[30,-22],[0,-19],[34,-57],[1,-23],[102,-1],[24,-29],[0,-17],[880,0]],[[17798,18062],[93,0],[1,-11]],[[17830,18009],[-31,-9],[-1,62]],[[15849,17187],[-55,-45],[-9,-17],[-35,-18],[-51,40],[-65,29],[-42,3],[-34,-23],[-22,-50],[-33,-21],[-121,-26],[-42,10],[-69,-16],[-18,-12],[-28,-41],[-89,-15],[-23,-20],[-36,3],[-52,33],[-68,9],[-64,-11],[-29,-22],[-13,-35],[-63,-76],[16,-31],[20,-8],[-54,-85],[-12,-31],[10,-38],[51,-74],[18,-8],[-3,-27],[-25,-42],[-6,-43],[1,-57],[-7,-50],[2,-57],[12,-37]],[[17824,19809],[59,0]],[[18512,18443],[0,-64]],[[18703,18571],[0,-63]],[[18703,18508],[0,-28],[12,-33]],[[18637,18444],[1,125]],[[18762,18510],[-59,-2]],[[19136,18514],[-1,-64]],[[19511,18949],[34,1]],[[21268,19327],[-1,124]],[[22262,17955],[125,0]],[[24338,22428],[13,-16],[-5,-28],[7,-32],[-35,-9],[20,-37],[-16,-37],[4,-45],[32,-6],[23,-16],[43,-9],[36,40],[13,27],[35,18],[60,-30],[37,-6],[50,-20],[-11,-54],[-11,-8],[2,-62],[-34,-28],[-5,-44],[15,-46],[-13,-28],[7,-30],[26,-6],[37,-39],[42,-14],[11,-39],[0,-37],[26,-31],[38,-21],[3,-21],[-22,-21],[-27,-87],[-15,-31],[3,-30],[36,-27],[-9,-16],[30,-18],[29,-1],[36,-34],[4,-19],[41,-30],[6,-44],[-16,-12],[-32,3],[-42,-9],[-7,-52],[-25,-46],[3,-18],[59,-64],[6,-33],[-28,-32],[12,-25],[-31,-18],[-29,-56],[21,-31],[-20,-19],[17,-66],[27,-3],[7,-39],[-33,-71],[43,-20],[45,19],[18,-40],[42,-21],[51,-16],[25,-24],[8,-42],[29,-9],[52,-63],[52,-39],[-16,-38],[11,-58],[-9,-55],[14,-15],[18,-48],[0,-27],[18,-34],[41,-35],[15,4],[63,-28],[27,-46],[67,-67],[9,-27],[42,-37],[53,-16],[10,-23],[-8,-36],[54,-53],[2,-21],[64,-85],[10,-37],[55,-57],[43,-13],[45,28],[20,-25],[61,-26],[15,-26],[39,-26],[-8,-25],[34,-22],[22,-33],[15,-5],[15,29],[24,21],[13,49],[54,56],[1,31],[-15,80],[29,39],[37,19],[39,54],[51,48],[15,27],[37,39],[43,-3],[21,17],[15,51],[38,22],[82,62]],[[26479,20139],[198,-441],[205,-455],[245,-548],[123,-261],[47,-108]],[[27297,18326],[-57,-2],[-879,-3],[-719,4],[-1017,0],[-486,0]],[[23388,18324],[-162,12],[19,163],[-24,83],[-97,-9]],[[22642,18578],[-1,39]],[[21143,21650],[0,408],[-59,-2],[-328,1],[-132,1],[-59,-2]],[[10706,19808],[0,747],[3,888],[4,908],[2,562],[3,0]],[[18575,18444],[62,0]],[[19538,20066],[97,5]],[[19133,19812],[-124,-3]],[[21121,17075],[-122,-3]],[[19287,16940],[344,4]],[[19880,17383],[50,3],[66,26],[8,16]],[[20252,17100],[-125,0],[0,-31],[-32,0]],[[20095,17069],[-343,0],[0,-124]],[[19752,16945],[-12,-1]],[[15849,17187],[2,-91],[-3,-37],[-108,-629],[-26,-111],[-4,-43],[340,5],[275,-78],[86,-22],[184,-36],[772,-401],[158,-141],[119,-103],[0,-170],[4,-8],[199,-1],[212,-186],[328,-289],[36,-22],[12,-21],[47,-47],[184,-163],[223,-190]],[[18885,11213],[-320,0],[-5,-4],[-417,0],[-2,3]],[[15038,13571],[52,96],[93,0],[1,97],[184,-48],[0,-14],[73,-2],[144,0],[0,62],[-93,0],[0,63],[109,4],[-78,53],[-55,20],[-17,18],[217,45],[0,109],[-175,0],[153,386],[14,44],[39,193],[5,74],[-41,411],[-3,140],[-336,0]],[[22746,16710],[-121,90]],[[22625,16800],[-1,1]],[[19831,21935],[-39,0],[-2,-16],[-78,-1],[0,-100],[16,-8]],[[19381,21557],[229,-1],[44,4]],[[19759,21186],[-1,62],[-126,-7],[1,191],[-126,0],[8,-38],[-10,-75],[-18,-13],[-133,-2]],[[21898,20566],[-3,0],[0,-246]],[[21894,19936],[0,-115]],[[19757,18449],[2,-125]],[[16887,17363],[56,24],[19,-11],[-2,-60]],[[22914,17702],[-15,-57]],[[22899,17645],[-3,-65]],[[22861,17580],[-101,1]],[[22625,16800],[1,-87]],[[21503,16953],[-1,125]],[[19821,20067],[0,66],[-186,1],[0,-63]],[[19322,18325],[1,94],[-31,0],[0,31]],[[19259,18325],[1,63]],[[20390,17822],[-1,-126]],[[20389,17612],[0,-41]],[[20137,17568],[2,133]],[[20014,17568],[0,129]],[[20014,17568],[-125,0]],[[21144,18075],[-2,-95],[61,0],[-1,-31]],[[20889,17948],[1,122]],[[20765,17947],[0,72],[-5,48]],[[19261,19321],[-1,0]],[[19386,19198],[0,39],[-23,10],[-101,74]],[[19139,19693],[-125,0]],[[20002,14799],[9,-100]],[[20009,14821],[126,0]],[[18984,17565],[156,1]],[[19009,17258],[-42,122],[-2,36],[20,84],[-1,65]],[[2104,19810],[137,-2],[86,1],[124,-22],[7,4],[122,-3],[29,-16],[118,0],[68,-12],[29,-15],[16,-29],[63,20],[36,-26],[5,-32],[32,-44],[279,-203],[9,443]],[[3264,19874],[43,8],[63,-9],[74,-1],[31,-13],[111,-27],[58,-21],[57,-44],[179,-117],[-75,-103],[-27,-17],[-22,-53],[25,-57],[4,-43],[-8,-42],[6,-59],[-89,-81],[-33,-15],[-15,10],[-45,4],[-36,17],[-35,32],[-68,33],[-28,-44],[-59,-19],[-32,-44],[-54,-39],[-45,-20],[-60,-51]],[[2162,14563],[-23,18],[-80,21],[-87,11],[-72,2],[-56,11],[-28,-1],[-50,13],[-48,-11],[-47,-61],[-36,-17],[-60,-8],[-59,3],[-91,13],[-50,19],[-29,27],[-32,56],[-39,53],[-38,29],[-16,-2],[-28,-37],[-30,-60],[-20,-28],[-32,-10],[-62,46],[-20,33],[-11,58],[6,73],[-35,42],[-57,77],[-15,44],[1,68],[-41,19],[-47,1],[-39,16],[-9,25],[-1,54],[31,141],[49,149],[48,56],[20,37],[34,110],[20,37],[5,28],[-11,58],[12,47],[24,59],[5,58],[-26,131],[36,135],[-5,54],[-26,41],[-34,40],[-48,89],[9,23],[35,18],[41,38],[23,10],[15,42],[-34,83],[-53,50],[-72,32],[-61,19],[-61,12],[-48,16],[-39,25],[-57,123],[9,28],[38,38],[8,17],[100,78],[33,56],[31,80],[21,132],[-8,75],[-60,133],[1,51],[-46,49],[-77,105],[-7,39],[37,25],[67,-6],[65,10],[26,18],[19,40],[55,24],[104,10],[111,-52],[63,5],[45,27],[59,51],[40,47],[16,35],[37,131],[-4,78],[62,92],[13,30],[34,35],[58,81],[18,55],[35,68],[23,27],[63,40],[49,10],[31,14],[61,65],[1,65],[10,55],[11,16],[115,85],[74,46],[10,19],[45,26],[-29,53],[-24,21],[-12,35],[-20,29],[-13,55],[-14,25],[-7,38],[1,73],[22,30],[47,82],[31,38],[34,21],[-3,24],[-36,32],[-27,52],[1,37],[34,18],[18,38],[-8,35]],[[3714,24254],[24,29]],[[3738,24283],[70,39],[0,-57],[68,0],[0,-156],[-114,-1],[-17,9],[3,84],[-32,0],[-2,53]],[[3738,24283],[47,64],[41,32],[83,12],[50,-17],[102,31],[71,48],[27,33],[84,36]],[[4295,24308],[27,-112],[42,-203],[-109,-23],[53,-149],[-135,-418],[-96,-294]],[[4077,23109],[-50,-149],[-19,-48],[-78,-235],[-327,-988],[-220,-646],[-36,-278],[-7,0],[-74,-707],[-1,-165]],[[3265,19893],[-1,-19]],[[2104,19810],[-3,16],[-30,27],[-27,40],[0,27],[19,24],[39,13],[50,0],[27,18],[4,19],[-23,23],[-67,8],[-41,50],[13,82],[46,57],[83,47],[32,6],[84,42],[15,73],[0,45],[-16,73],[-31,26],[-24,51],[-59,52],[30,64],[27,81],[-3,81],[-16,64],[-70,175],[-16,77],[-66,152],[39,35],[20,54],[-25,86],[-15,28],[-30,81],[-7,64],[5,18],[41,22],[54,-17],[93,65],[6,26],[-9,70],[-42,33],[-62,65],[-44,63],[-7,50],[20,-3],[48,-27],[29,4],[31,29],[-4,37],[-21,43],[-22,26],[-64,61],[-36,21],[-42,13],[-11,20],[2,61],[49,113],[48,67],[51,22],[33,-10],[76,41],[28,35],[77,78],[22,45],[46,36],[40,40],[18,33],[56,9],[14,22],[-7,30],[-51,34],[-8,30],[11,31],[18,11],[62,-12],[33,14],[46,31],[40,55],[16,47],[8,84],[-4,41],[-22,65],[-5,67],[12,120],[13,48],[12,85],[44,46],[14,37],[24,22],[17,33],[33,36],[31,20],[74,14],[78,-13],[82,51],[72,13],[20,9],[44,43],[29,59],[25,23],[36,11],[86,-4],[83,24],[22,11],[68,58],[45,67],[27,31]],[[35598,19201],[47,3],[19,26],[33,-63],[-2,-38],[36,23],[36,-1],[6,-49],[79,-67],[16,-29],[28,19],[28,4],[-44,-74],[13,-35],[31,45],[15,-61],[40,-35],[30,6],[9,44],[22,2],[5,-29],[34,-19],[12,-19],[-17,-46],[45,-10],[-13,-36],[6,-21],[-19,-31],[36,-4],[36,-43],[46,-4],[21,-20],[-21,-20],[-15,-49],[8,-43],[-30,-2],[-11,-27],[8,-20],[42,10],[13,-24],[20,7],[-19,38],[35,8],[23,-39],[29,13],[58,-30],[4,-45],[55,4],[66,-13],[34,18],[3,30],[65,3],[40,28],[13,22],[-1,28],[26,22],[1,36],[-13,52],[25,51],[30,32],[59,21],[-23,49],[46,19],[20,-10],[33,19],[34,7],[-23,35],[5,18],[44,-2],[21,29],[-8,36],[24,9],[15,-37],[33,13],[8,19],[41,6],[6,19],[40,15],[38,62],[0,48],[12,4],[49,-22],[43,10],[-7,20],[-44,11],[9,67],[-42,18],[7,35],[47,28],[31,27],[29,-9],[2,44],[29,5],[29,-9],[65,23],[56,-12],[34,3],[4,22],[40,14],[12,-42],[26,-1],[20,72],[15,20],[20,-17],[56,69],[-19,57],[8,32],[21,14],[32,2],[64,28],[29,-30],[40,10],[7,39],[16,-5],[36,34],[28,5],[40,30],[23,4],[31,-54],[35,12],[26,-6],[4,-29],[32,21],[11,41],[13,0],[27,-40],[34,-12],[34,0],[-3,29],[-19,8],[29,36],[6,21],[27,38],[16,5],[-1,35],[-13,45],[54,-15],[14,25],[28,-14],[25,20],[-1,36],[20,24],[33,-1]],[[38460,14997],[-38,-98],[-12,-41],[-54,-144],[-33,-77],[-26,-2],[9,49],[-11,28],[19,24],[-38,29],[-182,4],[-107,-4],[-81,-100],[-154,-200],[-53,18],[-20,34],[-33,10],[-57,5],[-30,33],[-46,-22],[-28,0],[-47,-33],[-36,-45],[-16,-8],[-15,29],[-79,-18],[-17,-22],[-44,5],[-54,52],[-31,7],[-82,85],[-40,32],[-21,42],[-29,34],[-47,2],[-14,-12]],[[36913,14693],[-26,-25],[-6,54],[-45,18],[-33,-17],[-44,33],[-4,43],[-57,3],[13,83],[18,17],[11,46],[-48,44],[-74,-50],[-48,-22],[-22,15],[-14,69],[-15,13],[5,57],[-22,55],[-30,35],[-31,25],[19,27],[-10,32],[24,46],[4,56],[21,30],[-23,24],[-32,-7],[-10,-18],[-31,-19],[-24,-1],[-51,-26],[-33,52],[-31,11],[-16,-16],[-49,-8],[13,-36],[-35,-10],[-43,17],[0,32],[-36,26],[-18,50],[-31,6],[-30,28],[-4,26],[18,8],[-2,34],[-23,41],[3,48],[10,38],[-46,-7],[-22,20],[-51,21],[-56,-7],[-64,-24],[-56,6],[3,-39],[-55,-4],[-16,-40],[-20,-3],[-11,-36],[-27,0],[-13,24],[5,67],[-3,40],[-53,17],[-15,18],[-54,-13],[-10,27],[-42,29],[-31,-8],[-34,17],[-21,36],[11,18],[-28,14],[-23,29],[-32,2],[-41,27],[-50,50],[5,25],[55,53],[-10,46],[-36,83],[3,31],[-20,32],[7,31],[-21,56],[-30,-1],[-84,67],[-26,42],[-31,26],[-23,-12],[-13,22],[-48,9],[-22,-19],[-21,-35],[-31,-19],[-10,-50],[-78,34],[-19,36],[-60,14],[47,56],[-21,59],[-19,36],[2,30],[-37,19],[-34,7],[-55,42],[-29,-5],[-5,30],[-20,25],[-5,26],[15,60],[-34,51],[-4,45],[-29,22],[-21,2],[1,-175],[-2,-763],[0,-420],[1,-301],[2,-511],[2,-89],[-8,-47],[6,-308],[4,-32],[-3,-187],[5,-188],[0,-141],[3,-329],[4,-195],[-276,175],[-55,91]],[[34088,13517],[-140,243],[-122,206],[-17,2],[-219,63],[-156,49],[-121,68],[-164,85],[-222,1],[-148,-6],[-228,76],[-424,76],[-169,0],[-90,-97],[-71,-120],[-135,-1],[-96,60]],[[36745,12916],[21,-9],[90,-2],[11,31],[39,-15],[32,9],[14,-32],[44,-25],[-68,2],[0,-63]],[[36928,12812],[-183,0]],[[36745,12812],[0,63]],[[40113,12356],[-94,23],[-116,40],[-45,-2],[-52,-25],[-22,-23],[-74,-113],[-48,-36],[-34,-18],[-57,-13],[-37,2],[-109,19],[-76,-4],[-83,-28],[-42,-5],[-61,4],[-151,38],[-257,90],[-563,142],[-62,32],[-90,74],[-98,53],[-67,28],[-103,76],[-35,7],[-131,-1],[-1,115],[-33,-8],[-49,3],[-18,-11],[-49,35],[-31,6],[-61,-16],[-5,-28],[0,-122],[17,-40],[-4,-26],[-242,-1],[-202,3]],[[36928,12626],[0,186]],[[36500,13415],[-20,29],[-68,49],[38,20],[28,32],[32,19],[43,72],[-10,154],[0,46],[19,68],[32,23],[96,31],[30,16],[47,14],[34,1],[43,60],[36,27],[46,56],[23,13],[59,76],[22,43],[-35,36],[5,61],[-47,61],[-12,25],[20,47],[-1,25],[-19,51],[4,16],[33,21],[-24,59],[-23,29],[-18,-2]],[[34088,13517],[-33,-50],[-53,-34],[-29,-42],[-10,-37],[3,-59],[-12,-45],[-4,-47],[29,-17],[-13,-93],[16,-31],[42,-18],[64,24],[45,1],[22,-13],[50,2],[31,-10],[49,6],[83,-22],[43,-21],[28,-27],[8,-33],[25,0],[-3,-47],[24,-24],[8,-36],[2,-60],[21,-21],[24,29],[11,36],[62,18],[27,62],[33,31],[74,23],[121,-27],[35,9],[51,-2],[60,15],[56,-4],[24,-9],[19,-33],[-40,-66],[-29,-26],[-7,-38],[-40,-61],[-46,-42],[-27,-10],[-31,-81],[-24,-40],[-3,-34],[14,-33],[-20,-29],[-21,-49],[-3,-27],[-16,-31],[6,-31],[-38,-60],[-21,-41],[10,-24],[-21,-47],[13,-89],[17,-51],[16,-18],[44,-20],[26,10],[31,-21],[3,-15],[50,-35],[30,-12],[38,25],[23,-5],[9,-38],[20,-24],[75,-16],[15,17],[37,4],[37,34],[23,-41],[-2,-19],[18,-34],[23,-2],[15,-23],[40,-30],[22,17],[11,26],[45,4],[18,-21],[9,-47],[12,-22],[37,-5],[53,-110],[51,-9],[27,-21],[-15,-23],[22,-16],[24,-35],[17,14],[33,-47],[26,-1],[24,-22],[14,-42],[20,-1],[11,-29],[-8,-28],[42,-44],[47,-20],[-2,-35],[11,-33],[19,10],[19,-28],[40,-39],[47,-55],[32,-13],[7,18],[-27,33],[64,18],[28,33],[-19,26],[-44,9],[29,26],[16,36],[20,9],[5,36],[64,61],[37,42],[4,23],[27,37],[52,11],[119,85],[26,43],[27,19],[28,35],[26,-32],[34,35],[180,214],[0,58],[30,1]],[[36806,11939],[20,1],[54,62],[33,-84],[13,-72],[2,-206],[3,-26],[75,-329],[45,-154],[22,-145],[96,-714],[2,-26],[-2,-174],[9,-252],[20,-84],[28,-65],[14,-46],[6,-51],[-3,-64],[7,-111]],[[37250,9399],[-58,0]],[[31554,9407],[-3,227],[0,515]],[[36308,13186],[-57,0],[-3,-97],[-61,-64],[-25,-93],[-29,-24],[-23,0],[-50,-56],[4,-29],[-8,-36],[10,-73],[-4,-42],[-14,-60],[-18,-26],[-21,-68],[-22,-39],[48,1],[-19,-33],[-15,7],[-30,-19],[-11,-32],[-4,-83],[-11,-37],[29,-19],[3,-39],[-6,-54],[30,-14],[4,32],[41,37],[87,-1],[113,31],[33,34],[21,60],[36,30],[32,47],[70,41],[18,21],[-6,50],[15,52],[64,5],[0,75],[22,3]],[[36551,12674],[63,-114],[41,-219],[21,-62],[13,-111],[46,-111],[29,-42],[62,-14],[-20,-62]],[[36745,12734],[0,-46],[60,0],[0,-61],[123,-1]],[[41218,9396],[-821,0],[0,-13],[-740,9],[-737,15],[-124,-4],[-375,1],[-250,-1],[-726,-4],[-195,0]],[[36551,12674],[76,46],[84,14],[34,0]],[[36745,12734],[0,78]],[[3410,26985],[33,25],[55,-3],[12,26],[37,25]],[[3547,27058],[6,-46],[24,-25],[-23,-26],[35,-19]],[[20516,19576],[126,0]],[[20642,19576],[-1,-124]],[[20641,19452],[-99,1],[-44,12]],[[20498,19465],[17,42],[1,69]],[[20642,19576],[125,-2]],[[20767,19574],[-1,-125]],[[20703,19451],[-62,1]],[[19760,19244],[0,-46]],[[19636,19261],[108,0],[16,-17]],[[19760,19321],[0,-77]],[[20877,18825],[-1,-63],[16,1],[-1,-44],[-31,-1],[0,-19]],[[20767,18697],[0,63],[-124,-7],[-65,3],[0,51],[-31,1],[-14,13]],[[20767,18635],[-148,-2],[-63,36]],[[20556,18669],[-46,28],[-113,5]],[[20521,18586],[35,83]],[[20160,16961],[-1,19],[18,25],[51,7],[42,23],[38,-3]],[[19955,16953],[28,-10],[93,0]],[[20076,16943],[36,-3]],[[19898,16819],[2,35],[55,99]],[[19752,16945],[36,-1],[33,-10],[35,11],[17,25],[41,9],[41,-26]],[[20095,17069],[0,-21],[-40,-24],[21,-81]],[[22513,18080],[126,-2]],[[22512,17955],[1,125]],[[22642,18453],[-126,0]],[[22388,18080],[-1,-125]],[[22262,17955],[0,124]],[[41697,9397],[0,-730],[-2,-446],[-1,-676],[-2,-513],[0,-688],[-1,-492]],[[41691,5852],[-278,0],[0,-202],[-65,-48],[-66,0],[-25,-28],[-51,-27],[-37,-28],[-23,-36],[-46,-33],[-82,-42],[-59,-47],[-45,82],[-3,55],[-27,38],[-66,29],[-28,65],[7,39],[-27,68],[-29,39],[-52,22],[-23,-7],[-1,-21],[-36,-38],[-17,-53],[0,-24],[-44,-123],[-5,-40],[-17,-31],[-10,-53],[-23,-16],[-17,-42],[5,-31],[-5,-82],[-27,-24],[-23,-111],[-21,-27],[-62,-57],[-19,-5],[-82,-55],[-29,-8],[14,37],[-16,30],[-14,56],[-25,44],[-50,37],[-21,2],[-13,-49],[-22,46],[-41,27],[-62,8],[-50,47],[-19,-2],[-44,20],[-52,37]],[[39818,5290],[-48,115],[-40,57],[12,13],[53,-17],[52,28],[211,-2],[6,32],[-11,34],[-41,32],[-4,71],[-19,13],[-28,51],[-5,72],[33,33],[-65,85],[6,18],[-27,45],[6,29],[-6,44],[-20,24],[-3,58],[7,50],[-18,25],[6,38],[-32,-2],[-64,-33],[-48,3],[-58,-10],[-26,15],[-44,78],[-26,30],[-14,42],[11,79],[-24,75],[3,41],[37,75],[46,49],[22,43],[-27,34],[-158,42],[-76,42],[-23,28],[-67,-20],[-22,-51],[-17,1],[-25,-31],[-40,19],[-22,-51],[-44,-17],[-31,13],[-48,46],[-44,12],[-40,20],[-32,3],[-171,31],[-12,6],[-97,83],[-37,28],[31,33],[10,38],[-6,27],[-57,-17],[-24,12],[-29,-35],[-7,-21],[-44,-40],[-33,48],[-73,52],[-43,47],[-2,69],[-14,81],[-15,31],[-25,26],[2,45],[-12,50],[45,22],[18,46],[-35,-5],[-60,-37],[-25,-28],[-40,-20],[-98,1],[-54,38],[2,26],[-41,13],[-58,37],[-52,19],[-21,33],[-25,3],[-25,35],[-17,6],[-64,-9],[-31,13],[-40,-11],[-37,32],[-3,36],[-27,12],[-19,28],[-55,1],[-14,18],[-110,76],[-36,10],[-81,7],[-44,45],[-79,30],[-18,28],[-51,39],[-56,26],[-21,21],[-20,43],[-80,40],[-45,62],[-55,21],[-20,18],[-30,8],[-94,59],[-10,18],[13,24],[53,29],[14,37],[17,6],[10,79],[-23,12],[-42,7],[-95,5],[-46,-15],[-46,-26]],[[39818,5290],[-35,-35],[-60,-91],[36,-73],[7,-35],[15,-27],[-39,-67],[20,-55],[14,-14],[-39,-39],[-28,-13],[-51,4],[-32,12],[-24,-10],[-6,-25],[-36,-53],[-38,-8],[-21,-68],[-18,-16],[-63,-7],[-40,-26],[-36,-41],[-14,2],[-54,-20],[-44,0],[-60,23],[-60,-5],[-44,-11],[-46,9],[-18,-7],[-71,45],[-69,32],[-27,6],[-37,-8],[-501,1],[-422,0],[-125,1],[-350,1],[-124,1],[-14,11],[0,39],[-11,12],[-235,1],[-5,68],[-26,39],[-134,72],[-32,8],[-291,0]],[[33290,4678],[-19,61],[0,156],[-11,22],[-21,4],[-268,1],[-314,0],[-81,-30],[-16,-15],[-84,-45],[-32,-11],[-6,-16],[-91,70],[0,408],[-1,14]],[[41691,5852],[-2,-797],[0,-431],[-1,-630],[-2,-672],[-1,-269],[-3,-873],[1,-241],[-4,-255],[2,-249],[-1,-125],[2,-117],[0,-507],[0,-686],[-278,0],[-866,9],[-434,5],[-232,0]],[[37200,2286],[-318,-1],[-348,-2],[-445,0]],[[33261,4284],[-56,41],[-125,114],[-29,-34],[-10,-36],[-31,-23],[-22,-74],[-5,-64],[-15,-23],[-115,-342],[-82,9],[-100,4],[-160,0],[-109,-8],[-78,14],[-42,-4]],[[32282,3858],[-124,-22],[0,-166],[-123,1],[2,-127],[-203,-2],[-116,-4],[-173,2]],[[31545,3540],[0,632],[9,0],[4,250],[-2,495],[-4,501]],[[32579,2771],[-17,6],[-32,-25],[-17,-2],[-27,-32],[-30,-3],[-102,-27],[-14,36],[-47,80],[-11,48],[-1,478],[1,53],[0,475]],[[31545,3426],[0,114]],[[17938,19808],[0,47],[-8,29],[-26,29],[-56,26],[-37,34],[-48,35]],[[20892,19573],[-1,-124]],[[20387,19452],[64,22],[47,-9]],[[20498,19465],[2,-40],[17,-32],[-1,-65]],[[20516,19328],[-128,1]],[[20517,19327],[-1,1]],[[20765,17947],[-126,0]],[[21142,17823],[0,-124]],[[21014,17699],[0,124]],[[29229,7257],[251,0]],[[29480,7257],[0,-108],[29,-58],[-1,-54],[-8,-46],[7,-29],[0,-78],[31,-31],[73,-26],[61,-49],[26,-36],[116,-141],[30,-28],[1,-192],[-13,-3],[0,-44]],[[29832,6334],[-137,0],[-16,31],[-53,-1]],[[28764,8146],[23,24]],[[28734,8007],[1,39],[13,28]],[[27004,9381],[-539,-1],[-37,18],[-24,-17]],[[28848,7508],[73,-1]],[[28921,7507],[61,0]],[[29034,7507],[0,-61],[-14,-19],[10,-26],[-24,-19]],[[28957,7382],[-69,88],[-40,38]],[[28797,7508],[5,-44],[26,-1],[31,-44],[0,-36]],[[29108,5418],[283,-2]],[[29391,5416],[15,-64],[-3,-21],[22,-57],[55,-54],[-9,-99],[-69,-1],[-49,20],[-80,-13],[-37,28],[-34,14],[-93,-1],[-1,250]],[[28362,7418],[61,0]],[[28613,7385],[0,-64]],[[28613,7290],[-1,-78],[-5,-3],[-119,2],[-12,-11],[-42,46],[-31,23],[-1,76],[47,0],[-8,20],[-50,4],[-27,28],[-2,21]],[[28192,7747],[47,8]],[[28239,7755],[61,0],[0,-23],[39,0]],[[28339,7732],[0,-32],[-100,0]],[[28193,7731],[-1,16]],[[28192,7825],[47,0]],[[28284,7825],[1,-62],[-46,-8]],[[28192,7747],[0,78]],[[27868,7702],[-34,0],[-22,-12],[0,45],[-22,0]],[[16202,10081],[375,6],[860,0],[599,0],[849,0]],[[22038,8950],[-118,0],[-298,-64],[-313,-65],[-36,-38],[-8,-22],[5,-55],[-29,-53],[-2,-29],[19,-59],[5,-403],[1,-217],[-5,-178],[93,-241],[179,-448],[18,-27],[-5,-61],[13,-19],[-7,-64],[7,-142],[0,-105],[6,-683],[-42,-40],[-32,2],[-21,-9],[-39,8],[-8,-11],[-49,0],[-33,-29],[-27,12],[-20,-9],[-37,40],[-31,9],[-34,25],[-22,31],[-10,49],[-26,44],[-4,53],[-32,68],[-6,51],[-71,213],[-255,31],[-422,56],[-175,20],[-317,52],[-83,12],[-305,49],[-36,-25],[-20,-48],[-35,-3],[-34,-14],[-4,-62],[-31,-65],[12,-54],[-34,-65],[37,-74],[5,-22],[-9,-32],[2,-56],[45,-31],[2,-32],[-47,-197],[-6,-34],[-25,-6],[-11,-30],[23,-35],[-4,-156],[-21,-566],[5,-133],[47,-136],[34,-86],[-39,-80],[-33,-110],[-151,109],[-141,98],[-449,-70],[-126,-22],[-79,-8],[-296,-42],[-39,-24],[-332,-63],[-31,-10],[-216,-14],[-15,-139],[55,-320],[11,-81],[13,-53],[57,-325],[5,-18]],[[17551,3570],[-233,85],[-735,270],[-620,227]],[[28612,6532],[24,0],[0,-48],[-24,4],[0,-104]],[[28612,6384],[-122,1]],[[28490,6385],[-1,125],[123,1],[0,21]],[[22514,18204],[126,-1]],[[22641,18329],[-125,0]],[[27831,7643],[-46,36]],[[28612,6532],[0,187]],[[28735,6628],[0,-119],[160,-1]],[[28988,6436],[-7,-52],[-166,1],[-203,-1]],[[28606,5417],[502,1]],[[29391,5416],[207,2],[359,0],[91,-265],[17,-82],[-3,-34],[-22,-55],[-18,-79],[-14,-30],[-12,-55],[-23,-43],[-32,-44],[-5,-41],[-15,-29],[-7,-41],[-16,-15],[-56,-20],[-41,-64],[-39,-91],[-2,-37],[-18,-29],[2,-51],[-9,-13],[-71,-19],[-10,-18],[1,-45],[18,-30],[-6,-40],[6,-36],[28,-53],[22,-20],[39,-110],[25,-45],[71,-101],[39,-68],[149,-287]],[[29105,7507],[1,-125]],[[26010,7491],[-1,189]],[[28241,7420],[121,-2]],[[28302,7521],[0,-71],[62,0],[-2,-32]],[[28616,8386],[-57,-24],[-18,1],[-52,22]],[[27843,4837],[-32,-87],[61,-30]],[[28362,7753],[-23,-21]],[[29832,6334],[0,-136],[-58,-34]],[[28490,6385],[-6,0]],[[27870,6385],[1,252],[1,1]],[[28612,6384],[-5,-58],[0,-82]],[[27644,6759],[-144,1],[1,180]],[[21894,18312],[-18,-35],[16,-31],[0,-43]],[[22015,18329],[-1,-125]],[[22014,18204],[-122,-1]],[[22140,18329],[-1,-125]],[[22139,18204],[-125,0]],[[22265,18204],[-126,0]],[[2567,11369],[0,-2]],[[2567,11367],[-94,0],[-2,125]],[[767,10732],[1,127]],[[767,10482],[-115,0]],[[395,10028],[16,22],[11,45],[1,60],[61,27],[29,39],[50,3],[66,-20],[28,5],[21,21]],[[678,10230],[31,-9],[-2,-24],[2,-214]],[[709,9983],[-116,0],[-195,-3]],[[210,10417],[3,-376],[-32,0],[0,-62],[37,0]],[[242,9901],[-225,77],[-3,23],[12,28],[-11,42],[-15,18],[13,19],[40,-6],[38,20],[10,28],[-12,22],[-40,8],[-9,39],[-18,27],[49,52],[30,44],[2,27],[-21,18],[-8,34],[16,23],[59,25]],[[1073,11608],[0,125]],[[2565,11617],[60,0],[1,-125]],[[2936,11368],[-62,-1]],[[2874,11367],[-3,58],[-12,0],[0,67]],[[2129,11553],[0,-63],[-62,-1],[1,-63]],[[3077,11243],[4,-55],[-10,-17],[14,-27],[-12,-25]],[[709,9983],[1,-83],[-2,-165]],[[708,9735],[-310,111]],[[2318,11289],[1,-49],[250,4],[-2,123]],[[2689,11368],[61,-1]],[[2750,11367],[124,0]],[[2196,11116],[-1,72],[123,101]],[[5367,11525],[-125,-12],[-93,-17],[-278,-78],[0,18],[-75,-1],[-10,21],[-40,12],[1,89],[123,1],[-1,125],[125,2]],[[1084,10483],[246,-1],[-5,628]],[[1947,11114],[32,0]],[[1204,9557],[-496,178]],[[678,10230],[9,11],[18,63],[1,71],[23,37],[41,12],[39,1],[20,13]],[[3571,11413],[10,-28],[-13,-41],[39,-80],[-20,-24],[-20,-5],[-24,-39],[-28,-17],[13,-35],[-18,-31],[16,-54]],[[2342,11522],[-25,-19],[1,-214]],[[2750,11367],[0,125]],[[20386,19579],[130,-3]],[[20385,19704],[132,-3]],[[20517,19701],[-1,-125]],[[20643,19700],[-1,-124]],[[19885,19071],[0,129]],[[19760,19198],[125,4]],[[19134,18326],[1,62]],[[17798,18062],[0,63],[30,0],[0,31],[-30,0],[0,31]],[[18252,19636],[121,4],[38,26]],[[18261,19500],[6,43],[-15,93]],[[27745,7977],[0,-93]],[[28859,7632],[61,0]],[[28920,7632],[17,-84],[-16,-41]],[[28818,7632],[41,0]],[[28920,7632],[62,0]],[[21142,19447],[3,-122]],[[21078,18698],[-1,-124]],[[27962,6995],[32,16]],[[18252,19636],[26,60],[1,43],[-17,64]],[[28920,7632],[-7,41],[24,52],[0,32]],[[28859,7632],[0,126]],[[7409,24929],[72,-48],[50,-1],[37,30],[35,6],[46,29],[72,15],[29,15],[71,9],[24,-8],[47,-102],[9,-43],[61,-19],[3,-30],[49,-21],[22,-46],[106,7],[75,-7],[23,23],[72,8],[16,-12],[34,45],[32,-6],[32,37],[50,23],[-4,25],[27,4],[10,-34],[34,8],[57,45],[63,-15],[42,31],[32,5],[9,-20],[49,34],[15,33],[76,54],[16,62],[9,62],[9,17],[43,38],[20,28],[26,12],[8,50],[20,9],[31,38],[46,44],[11,3],[50,93],[-1,7],[53,78],[65,33],[27,3],[17,-14],[56,12],[45,-51],[18,3],[34,-16],[64,0],[34,20],[55,-19],[44,21],[41,-30],[33,17],[98,-34],[74,-3],[64,16],[49,-9],[56,-19],[20,-23],[25,-10],[54,25],[26,20],[46,-2],[61,-39],[116,-25],[23,2],[60,24],[52,38],[24,31],[17,45],[32,31],[-15,35],[21,26],[33,-13],[21,4]],[[10706,19704],[-88,56],[-24,11],[-231,144],[-67,34],[-131,86],[-210,125],[-116,81],[-202,101],[-114,70],[-75,129],[-21,28],[-83,49],[-17,15],[-58,25],[-20,2],[-73,32],[-34,25],[-74,72],[-56,47],[-73,71],[-94,47],[-39,10],[-82,46],[-30,31],[-35,-27],[-39,-19],[-232,-151],[-93,-49],[-23,-30],[-22,-73],[-44,-98],[-16,-22],[-50,-26],[-95,-9]],[[5357,22814],[-34,20],[-124,26],[-224,-6],[-117,13],[-111,1],[-89,-2],[-99,12],[-114,-14],[-45,-12],[-69,15]],[[4331,22867],[-70,25],[-41,40],[-65,44],[-21,44],[-57,89]],[[4723,20077],[-289,-39],[-105,-18]],[[4329,20020],[0,37],[-32,1],[-29,55],[-64,8],[-1,61],[64,0],[2,63],[60,0],[1,14],[0,837],[0,131],[1,866],[0,774]],[[20575,18214],[5,-17]],[[20389,18323],[0,127]],[[28192,7825],[-77,-1]],[[10719,26440],[0,583]],[[10719,27023],[-1,212],[-1,498],[-6,0],[2,623],[1,374],[6,0],[0,624],[0,331]],[[28613,8261],[-23,-3],[-27,-38],[-44,-5],[-32,10]],[[28487,8225],[2,160]],[[28487,8225],[2,-175]],[[26943,6880],[108,1]],[[27192,6630],[-342,1]],[[27516,8943],[14,47],[34,-1],[76,64],[79,35],[42,39],[107,49],[21,19]],[[28818,7632],[-4,64],[-49,62]],[[31555,8662],[-17,-6],[-30,-58],[-29,-13],[-69,0],[-16,8],[-13,41],[-31,55],[-56,74],[-16,6],[-31,-17],[-49,20],[-44,-12],[-22,-19],[-68,4],[7,36],[-75,-8],[-52,-30],[-7,-15],[-30,-5],[6,-45],[-8,-18],[9,-57],[30,-34],[-15,-10],[-35,1],[-9,-73],[21,-55],[-12,-10],[-70,6],[-18,-8],[-44,4],[-61,-24],[-40,-37],[-77,-19],[-30,2],[-59,-16],[-14,46],[-63,-6],[-32,-28],[-44,-4],[-25,-30],[3,-35],[-24,-25],[-36,-13],[-22,-47],[-5,-74],[-24,-9],[-17,-51],[-31,-6],[-23,-24],[-5,-25],[-27,-21],[-34,-11],[3,-19],[-42,-12],[-24,-20],[-36,-9]],[[29479,7632],[1,-375]],[[31552,5421],[-64,17],[-106,42],[-48,14],[-185,32],[-96,31],[-191,36],[-300,41],[-38,10],[-217,73],[-67,8],[-137,-16],[-51,3],[-146,36],[-54,27],[-148,120],[-18,8],[-82,64]],[[27066,6881],[2,83],[14,43],[0,125],[50,1]],[[23081,1507],[-678,256],[-555,208],[-471,177],[-871,326],[-698,261],[-534,198],[-792,293],[-931,344]],[[27759,7636],[4,13]],[[23856,14462],[1,-23],[-62,-1]],[[23795,14438],[-1,31],[-124,-1],[-2,61],[-123,1],[0,31],[-62,-1],[0,-61],[63,0],[0,-62],[-124,-1],[0,-21]],[[23422,14415],[-27,0],[1,-32],[-32,0],[0,-62],[-62,0],[1,24],[-32,0],[-1,38],[-30,0],[1,-93],[-125,2],[-2,-250],[-376,1],[-123,-3]],[[23795,14438],[2,-72],[0,-395],[17,-56],[41,-69]],[[23855,13846],[-424,-4],[-6,6],[-1,237],[-2,330]],[[27297,18326],[148,-334],[136,-310],[47,-103],[93,-210]],[[23855,13846],[315,2]],[[28688,25194],[19,-33],[-21,-28],[-35,28],[-2,-41],[12,-44],[-35,-11],[-2,-31],[-36,10],[-26,22],[-34,-4],[-94,21],[-41,12],[-17,-40],[-13,-7],[-4,-98],[-37,-16],[-56,-5],[-33,-41],[-36,1],[-22,28],[-42,-3],[-35,7],[-72,34],[-6,-15],[-56,33],[-86,-40],[-13,-19],[-31,14],[-32,59],[-40,-31],[-42,26],[-43,-28],[-85,0],[-53,-63],[-14,-1],[-31,65],[9,29],[-2,41],[-50,59],[-19,42],[-53,23],[-109,-45],[-78,-8],[-25,-23],[-9,-23],[-24,-12],[-53,14],[-26,-11],[-12,-33],[-48,-13],[-17,-38],[-23,-16]],[[26955,24941],[2,40],[-7,32],[-45,14],[20,33],[-3,16],[-38,16],[24,21],[49,73],[22,57],[25,32],[11,30],[23,-19],[31,24],[14,50],[-22,22],[-38,4],[-26,38],[-89,62],[-27,-13],[-33,-58],[-82,-14],[-29,-25],[-25,2],[-54,-43],[-44,-19],[-35,4],[-30,26],[-61,-28],[-34,-9],[-87,-3],[-32,-14],[-30,-28],[-46,-22],[-28,-22]],[[26231,25220],[26,89],[-8,26],[-62,60],[-4,23],[33,19],[18,28],[43,36],[21,32],[11,37],[-28,61],[-3,69],[-44,35],[-39,1],[-26,24],[-9,23],[-38,-29],[-37,23],[-31,-24],[-99,33],[-10,22],[-45,11],[-67,25],[-50,29],[-14,19],[-42,3],[-32,-47],[21,-19],[-9,-35],[-19,-28],[-8,-57],[4,-35],[-25,-27],[-54,-18],[-55,5],[-76,-21],[-8,-12],[12,-68],[28,-99],[17,-22],[-12,-45],[-34,-12],[-21,-30],[-37,-24],[-6,-20],[-30,-12],[-51,-8],[-37,-18],[-37,-27]],[[25051,25440],[-24,18],[31,59],[24,-8],[17,12],[1,34],[-16,20],[0,58],[-32,16],[9,33],[-20,20],[-16,47],[-70,44],[1,57],[-6,33],[-24,32],[-29,23],[7,56],[-14,49],[-33,22],[5,18],[-20,45],[-1,26],[-27,20],[-30,67]],[[28900,17590],[6,-9],[67,-4],[75,1]],[[29048,17578],[21,44],[13,9],[-4,36],[15,23],[76,-13],[39,24],[11,31],[94,-2],[29,-5],[51,29],[34,35],[27,54],[57,82]],[[29511,17925],[55,87],[17,-7],[-3,-45],[32,-12],[35,-32],[27,-7],[19,18]],[[29479,16487],[-91,-3],[-562,2],[-76,1],[15,34],[-16,22],[-33,-11],[-13,14],[-32,-25],[-21,21],[-55,-6],[-42,51],[9,42]],[[28562,16629],[42,34],[-38,46],[-9,86],[-21,6],[-5,24],[13,28],[22,16],[11,37],[35,88],[14,10],[13,44],[25,32],[2,69],[20,21],[7,40],[26,39],[-2,26],[74,29],[27,16],[37,41],[33,14],[36,53],[-5,31],[8,25],[-16,55],[-15,19],[4,32]],[[25182,24822],[11,29],[41,42],[15,39],[2,47]],[[25251,24979],[97,12],[69,28],[123,42],[109,22],[77,22],[48,44],[66,27],[68,10],[62,-4],[110,-25],[37,5],[114,58]],[[26955,24941],[-22,-34],[-19,-76],[-28,-71],[-115,-53],[-21,18],[-46,-31],[-23,38],[-18,12],[-66,2],[-13,14],[-74,-12],[-9,-10],[-4,-49],[-17,-43],[-42,-61],[-5,-38],[-22,-48],[14,-8],[-36,-78],[-19,-68],[-16,-19],[-31,-4],[-9,-35],[-85,-58],[-15,9],[-19,-44],[-25,-5],[-61,12],[-2,-21],[-104,7],[-18,-7],[-2,-48],[-14,-25],[-50,-9],[-28,-42],[-61,-3],[-44,-42],[-50,-24],[-37,17],[-62,-14],[-14,-43],[-61,-33],[9,-25],[-56,-73],[-37,-36],[-20,-5],[-94,55],[-36,-20],[-11,-19],[-68,-41],[-29,-9],[-12,-18],[-115,-33],[-47,-22],[-24,4]],[[26479,20139],[67,8],[58,-11],[207,15],[93,26],[81,3],[21,-19],[93,-64],[37,-36],[47,-27],[98,-39],[82,-17],[156,7],[53,10],[29,-6],[14,-21],[5,-56],[12,-17],[52,34],[32,13],[52,-2],[24,-21],[58,-29],[16,-33],[-5,-35],[-63,-64],[-3,-20],[14,-48],[28,-25],[75,-14],[19,94],[28,11],[36,-14],[17,-20],[46,-24],[25,-22],[32,-2],[36,-31]],[[28151,19643],[-53,-24],[-37,-64],[-15,-43],[-33,-37],[-53,-108],[-5,-81],[21,-83],[-3,-22],[18,-53],[42,-42],[4,-18],[49,-54],[23,-51],[29,-16],[27,-28],[45,-14],[5,-40],[19,-27],[52,-15],[17,14],[35,-5],[27,-15],[26,-39],[23,-5],[45,15],[62,3],[35,-48],[-2,-26],[19,-72],[-9,-16],[21,-43],[31,-21],[9,-26],[33,-27],[14,-22],[-16,-33],[-12,-80],[-8,-10],[42,-82],[26,-27],[13,-36],[31,-28],[16,-63],[13,-10],[14,-66],[-5,-16],[10,-53],[14,-21],[-21,-26]],[[28562,16629],[-13,-16],[-51,-23],[-64,-3],[-6,-14],[-55,-41],[-64,-5],[-25,15],[-31,-9],[-61,-34],[-91,-26],[-23,-14],[-46,0],[-47,-11]],[[29153,25488],[1,-375],[-1,-165],[4,-151],[-2,-220],[1,-159],[-4,-67],[4,-86],[-2,-461],[-1,-722],[1,-194]],[[29154,22888],[-60,60],[-47,28],[-47,-57],[-35,-24],[-49,8],[-14,-6],[-20,-36],[-46,18],[-31,23],[-39,17],[-55,-7],[-18,-34],[-22,-6],[-24,-28],[-21,8],[-72,-12],[-14,-33],[-25,-19],[-51,-15],[-73,-35],[-36,-37],[17,-18],[-19,-32],[8,-25],[-26,-15],[-31,4],[-18,22],[-32,11],[-51,2],[-77,61],[-53,-11],[15,-30],[-20,-24],[-20,0],[-61,20],[-55,-25],[-8,52],[20,32],[-2,20],[21,63],[-17,67],[-48,32],[-60,-3],[-34,-13],[2,-26],[-64,22],[-48,8],[-19,27],[-39,14],[-40,22],[-29,28],[-55,24],[-9,-7],[-55,9],[-30,-35],[-36,16],[-30,-4],[-23,15],[-67,-16],[-61,4],[-26,15],[-66,66],[-22,-13],[-45,1],[0,-66],[37,-63],[24,-81],[-2,-30],[12,-50],[26,-33],[5,-43],[32,-47],[-11,-14],[10,-49],[54,-31],[36,-26],[22,-31],[-52,-3],[-35,-32],[-73,-11],[-44,15],[-31,34],[-41,-27],[-33,-76],[-49,-13],[-19,4],[1,-38],[-36,-5],[-19,-27],[-25,39],[-41,43],[23,20],[12,28],[-4,22],[-44,-17],[-58,20],[-26,-17],[19,-29],[-8,-32],[-32,-34],[-30,15],[-25,-28],[-44,32],[-4,44],[20,33],[-30,14],[-27,37],[-45,-18],[-37,-4],[-36,-30],[-12,35],[11,20],[-14,46],[-34,69],[7,25],[-10,40],[-18,29],[17,35],[-27,40],[16,37],[-24,21],[-43,-29],[6,-12],[-20,-55],[-56,-27],[-16,8],[-54,54],[-10,31],[-40,25],[-20,35],[-54,5],[-66,-7],[-69,-49],[-57,30],[-4,14],[-39,1],[-21,51],[-106,35],[-24,-18],[5,-34],[-29,-20],[-8,-34],[-61,-24],[0,-66],[-22,-28],[-48,-9],[-29,-33],[-38,8],[-19,27],[-36,-25],[-27,-37],[-31,-21],[-20,9],[-62,4],[-68,-4],[-27,23],[-49,69],[-32,8],[-22,33],[-29,8],[-31,25],[-37,2],[-15,16]],[[29154,22888],[-2,-261],[2,-139],[-1,-453],[12,-191],[1,-245],[20,-141],[71,-327],[67,-314],[65,-264],[11,-83],[33,-153]],[[29433,20317],[-35,2],[34,-44],[-14,-21],[34,-26],[-11,-67],[-46,-16],[-52,0],[-19,29],[-42,7],[-22,-16],[31,-32],[-43,-22],[-52,3],[-4,-32],[-38,-10],[-74,-33],[-10,30],[-26,30],[-20,-11],[1,-46],[9,-13],[21,-111],[-7,-25],[33,-6],[15,-38],[-22,-41],[-32,-23],[-22,9],[-5,26],[-26,35],[6,57],[-27,11],[-33,-9],[-39,2],[-23,-25],[-7,-22],[-32,-17],[-23,42],[0,35],[25,69],[-2,28],[-19,15],[-58,2],[-17,-26],[-9,-37],[-44,-74],[-44,-1],[-24,-44],[-17,-45],[-22,0],[-15,-18],[-31,-12],[-35,3],[-28,-21],[-23,15],[-28,-43],[-12,-34],[-35,-12],[-40,7],[-24,-24],[-25,8],[-27,30],[-14,-19],[8,-38],[-32,-5],[-3,27],[-37,-35],[-28,-2]],[[25251,24979],[4,145]],[[29433,20317],[20,-14],[28,3],[34,17],[28,47],[-11,15],[-52,21],[21,22],[45,9],[14,-8],[62,8],[14,57],[-7,23],[-41,35],[6,35],[54,10],[55,69],[37,15],[84,-1],[7,18],[-19,30],[-11,47],[16,17],[-1,67],[20,72],[35,18],[43,11],[20,33],[23,93],[17,30],[34,18],[24,37],[43,35],[-21,44],[13,33],[55,14],[-6,33],[56,-1],[29,-31],[75,-14],[29,22],[-16,84],[17,24],[22,4],[15,-33],[21,-7],[34,17],[30,-1],[65,73],[34,-23],[22,9],[18,40],[20,11],[32,-26],[42,-21],[36,-40],[20,-8],[25,31],[5,42],[14,30],[21,12],[17,-20],[3,-51],[28,-29],[67,-14],[30,-16],[42,-43],[44,-33]],[[29511,17925],[-6,12],[-41,-14],[-12,-34],[-43,25],[14,29],[-25,22],[6,33],[-56,48],[9,24],[-21,37],[-51,14],[-62,-41],[-16,-36],[-36,-24],[-67,-71],[-77,-25],[38,-48],[-59,28],[-17,-22],[11,-44],[-9,-21],[11,-30],[-17,-13],[14,-30],[-3,-49],[-24,-12],[3,-91],[15,6],[47,-8],[11,-12]],[[18984,17565],[-16,125]],[[18984,17565],[-239,-1]],[[20087,18292],[51,-1],[0,-29]],[[20012,18263],[0,27],[75,2]],[[20082,18324],[5,-32]],[[23011,17702],[0,-57],[-112,0]],[[23137,17795],[0,-166],[-26,-50]],[[5362,33180],[-8,25],[-37,31],[-3,38],[20,57],[13,13],[75,45]],[[5465,33285],[23,-67],[122,-3],[1,-61],[22,0],[33,19]],[[5666,33173],[23,-11],[-39,-95],[48,-39],[40,-4],[48,-19],[61,18],[0,-26],[24,-12],[18,-35]],[[5889,32950],[-36,-7],[-22,-26],[-60,-23],[-25,-16],[-86,-40],[-22,-4],[-55,26],[-32,-7],[-22,22],[-70,42],[-14,-15],[-50,-13],[-36,-23],[-48,1]],[[5311,32867],[46,32],[6,26],[-10,70],[12,38],[43,71],[5,37],[-25,11],[-26,28]],[[5034,37581],[1,-93],[8,-163],[28,-179],[1,-344],[6,-41],[25,-67],[78,-155],[17,-62],[2,-52],[0,-236],[4,-22],[218,-276],[19,-28]],[[3550,35711],[-362,621],[-208,358],[-67,71],[-255,406],[-58,61],[-22,34],[68,11],[410,92],[290,62],[94,5],[148,-17],[165,-62],[31,-6],[28,-33],[58,68],[216,-24],[185,44],[359,85],[13,1],[262,64],[129,29]],[[1639,31986],[98,33]],[[1737,32019],[29,-39],[31,17],[41,-13]],[[1838,31984],[-6,-104],[-129,2],[0,-32],[-89,-1]],[[1838,31984],[62,51],[44,19],[14,23],[47,-8],[34,12],[30,-11],[19,12],[33,-1],[27,-13],[39,8]],[[2187,32076],[149,-477]],[[2336,31599],[-380,1],[-49,6],[-51,13],[-22,-1]],[[1543,31725],[-32,2],[1,91]],[[1510,31539],[-1,-126],[66,0],[1,-63],[128,1]],[[1704,31351],[0,-123],[129,-2]],[[1833,31226],[-1,-126],[63,0],[-1,-149],[16,-79],[18,-8],[-5,-35],[36,21],[0,-125],[-127,0]],[[1832,30725],[-254,1],[-232,-2],[-6,11]],[[1340,30735],[-19,90],[8,80],[17,70],[0,52],[-14,56],[-23,65],[2,87],[27,77],[11,45],[-1,74],[-17,58],[-35,89],[-11,113],[5,43],[20,57],[27,53],[28,41],[70,60]],[[2300,33089],[1,-157],[-49,-8],[-107,-5],[-23,-7],[-58,0],[-40,9],[-25,-14],[-43,11],[-42,-3]],[[1914,32915],[-31,41],[-27,17],[-47,8],[0,28],[16,65],[18,20],[69,10]],[[6039,33744],[32,0],[35,-27]],[[6106,33717],[-133,-165],[-45,5],[2,-32],[-72,-93],[-42,0],[-1,188],[-61,0]],[[5754,33620],[-133,0]],[[1707,32571],[25,-7],[-5,-26],[56,-38],[-16,-23]],[[1767,32477],[-2,-128]],[[1765,32349],[-190,0]],[[1575,32365],[0,63]],[[5643,33368],[104,-2]],[[5747,33366],[75,2]],[[5822,33368],[-24,-29],[-88,-123],[-44,-43]],[[21890,18078],[123,1]],[[22013,18079],[-1,-125]],[[21888,17954],[2,124]],[[22014,18204],[-1,-125]],[[39912,24173],[21,-97],[-35,-24],[0,-20],[-22,-30],[-3,-31],[-34,-51],[-21,-3],[-54,-52],[77,-4],[0,-121],[31,-1],[-1,-42],[34,-47],[36,-1],[-6,87],[72,11],[34,28],[12,42],[30,16],[30,-6],[49,18],[19,-1],[26,-41],[35,43],[-148,203],[-5,4]],[[41705,24346],[-1,-841],[1,-234],[-1,-358],[1,-222],[-1,-569],[1,-191],[1,-535],[0,-396]],[[37918,40870],[-22,41],[17,30],[-7,40],[37,3],[5,53],[-19,34],[26,36],[-10,17],[2,40],[-25,9],[-4,39],[11,19],[-31,29],[5,62],[-13,30],[27,23],[-23,22],[8,45],[-22,3],[1,75],[-13,21],[-37,31],[3,20],[-21,59],[-26,16],[27,36],[-13,36],[-46,-32],[-70,235],[6,77],[18,73],[-2,21],[-40,137],[0,20],[31,95],[5,72],[-59,278]],[[38399,38299],[-55,-56],[-20,-48],[-1,-27],[-27,-137],[-17,-51],[-40,-85],[-11,-43],[-40,-72],[-23,-31],[-20,-5],[-88,-46],[-51,-8],[-38,-16],[-29,-97],[18,-47],[19,-18],[-16,-56],[3,-73],[-10,-50],[13,-29],[69,14],[38,0],[-10,-73],[55,-402],[122,-890],[-13,-107],[-14,-296],[24,-68],[32,-48],[1,-102],[-7,-80],[7,-24],[44,-64],[26,-117],[91,-166],[22,-78],[35,-49],[176,-144],[42,-44],[194,-270],[14,-28],[4,-70],[-62,-288],[-1,-59],[19,-83],[3,-58]],[[40565,37332],[246,-59],[43,-29],[58,-85],[51,-21],[191,28],[42,-43],[42,-10],[64,-49],[66,-10],[3,-16],[39,-10],[51,-5],[34,44],[37,19],[25,26],[29,54],[64,25],[39,0],[20,-25]],[[41709,37166],[0,-390],[-1,-584],[-1,-439],[-3,-873],[5,-898],[1,-98],[1,-542]],[[38989,33706],[20,41],[29,28],[76,49],[13,18],[44,33],[16,61],[0,26],[19,23],[-4,38],[55,51],[9,24],[33,17],[12,38],[43,31],[51,12],[30,22],[16,28],[25,9],[11,20],[-8,52],[15,47],[23,13],[24,56],[11,44],[30,22],[5,40],[14,11],[61,15],[17,17],[48,26],[45,1],[19,26],[41,30],[64,21],[60,113],[67,181],[-27,175],[1,52],[-5,85],[6,148],[-11,77],[-25,30],[-15,33],[-33,53],[-38,123],[-167,386],[70,27],[21,49],[23,34],[60,62],[33,27],[95,95],[37,28],[85,99],[84,76],[107,21],[72,56],[51,80],[30,58],[26,32],[24,65],[-4,113],[-8,66],[-19,53],[4,34],[22,41],[25,15],[18,49]],[[40624,38125],[39,-120],[40,-94],[2,-39],[-41,-145],[-99,-395]],[[41709,37472],[0,-306]],[[22013,18079],[125,1]],[[22138,18080],[0,-125]],[[22262,18079],[-124,1]],[[21750,17578],[1,-125]],[[21751,17453],[-125,-1],[0,-124]],[[21626,17328],[1,-94]],[[21627,17234],[-63,-1],[0,194],[-64,0]],[[21887,17579],[-13,-47],[2,-78]],[[21876,17454],[-125,-1]],[[21751,17453],[1,-125]],[[21752,17328],[-126,0]],[[21876,17454],[2,-124]],[[21878,17330],[-126,-2]],[[21876,17454],[119,1]],[[21995,17455],[3,-125]],[[21998,17330],[-120,0]],[[21878,17330],[-3,-126]],[[21752,17204],[0,124]],[[21627,17234],[1,-31]],[[21998,17330],[0,-124]],[[22011,17704],[-1,-125]],[[22010,17579],[-123,0]],[[22136,17705],[-1,-125]],[[22135,17580],[-125,-1]],[[22135,17580],[-18,-63],[3,-61]],[[22120,17456],[-125,-1]],[[21995,17455],[-1,71],[13,17],[3,36]],[[22135,17580],[104,0]],[[22245,17456],[-125,0]],[[22120,17456],[3,-125]],[[22123,17331],[-125,-1]],[[22248,17331],[-125,0]],[[22123,17331],[0,-124]],[[28083,330],[6,8],[63,1],[13,-26],[19,-9],[40,11],[-9,-80],[-59,-52],[-28,-43],[15,-18],[47,-18],[11,-13],[-12,-37],[24,-48]],[[28213,6],[-209,-3]],[[28668,12],[-455,-6]],[[27968,443],[-8,22],[16,26],[40,9],[55,52],[67,20],[-33,14],[-38,44],[-19,36],[-5,34],[16,66],[6,58],[-30,-5]],[[21637,17767],[-28,-4],[-96,1]],[[22760,17581],[-24,-57],[1,-67]],[[23469,34539],[12,-25],[24,-16],[45,-67],[73,-73],[39,-81],[0,-182],[4,-137],[60,2],[32,18],[63,-32],[-27,-71],[-1,-59],[129,0],[0,16],[128,-1],[1,-97],[12,-31],[40,-40],[0,-91],[-18,-9],[-138,-29],[-15,-9],[-128,-20]],[[25609,36387],[48,-104],[-5,-79],[26,-54],[42,-58],[12,-58],[-15,-60],[12,-51],[50,-36],[30,-76],[11,-42],[-1,-32],[11,-38],[1,-85],[-1,-834],[-3,-367],[3,-179],[7,-145],[-8,-319],[1,-120],[-3,-154],[-1,-466],[-15,14],[-26,-11],[-59,-14],[-23,6],[-75,-74],[-31,3],[-11,16],[-27,3],[-13,-36],[-44,-29],[16,-36]],[[25712,41003],[5,0]],[[25717,41003],[20,-54],[-18,-8],[-56,3],[-39,17],[-56,-52],[5,-41],[-32,-4],[-33,-24],[3,-31],[-18,-29],[-34,-28],[10,-62],[24,-57],[-23,-37],[-19,-54],[22,-16],[16,23],[53,0],[0,-20],[30,-17],[20,-54],[-18,-48],[32,-2],[42,-57],[-6,-33],[26,-2],[33,26],[26,35],[11,-23],[-28,-32],[8,-28],[23,-26],[-33,-20],[-21,15],[-14,-24],[20,-30],[-18,-37],[21,-14],[37,28],[47,-18],[1,-33],[14,-12],[-23,-27],[-13,-40],[1,-31],[28,-18],[1,-17],[-30,-53],[3,-38],[27,22],[55,-53],[-23,-24],[-24,5],[-4,-41],[8,-20],[54,14],[79,-4],[647,-4],[0,496],[81,-25],[89,-7],[2,53],[194,219],[42,50],[0,272],[-2,115],[3,100],[-2,265],[-28,-1],[-36,-35],[-19,0],[-26,-40],[-65,-19],[-20,-18],[-37,-5],[-29,-30],[-19,-7],[2,-28],[-41,-66],[-62,-7],[-22,-14],[-24,8],[-56,-30],[-17,11],[-43,-29],[0,125],[-373,2]],[[26073,41149],[69,23],[72,37],[669,289],[56,40],[94,102],[358,479],[8,18],[50,192]],[[27449,42329],[76,-46],[33,-9],[22,-17],[6,236],[7,5],[134,6],[198,5],[88,175],[23,8],[28,-24],[77,24],[27,-20],[6,-21],[4,-112],[-5,-33],[13,-15],[40,-15],[258,0],[12,21],[-2,256],[44,58],[44,43],[50,38],[15,43],[-40,6],[-13,22],[50,38],[68,73],[57,52],[25,31],[11,52],[-8,25],[-52,-32],[-29,30],[-8,-40],[-19,-26],[-18,6],[-22,51],[38,41],[18,38],[65,61],[19,31],[59,31],[60,8],[98,51],[23,4],[238,69],[41,32],[60,24],[20,-2]],[[24200,38005],[35,116],[17,41],[58,84],[31,67],[48,188],[46,214],[30,65],[96,124],[38,82],[39,153],[12,62],[93,802],[1,81],[-36,260],[2,66],[43,332],[26,3],[128,46],[19,18],[5,51],[22,31],[45,25],[143,25],[314,25],[257,37]],[[24513,47814],[35,5],[327,-67],[39,-14],[168,-94],[21,-26],[49,-177],[65,-113],[108,-108],[24,-33],[24,-100],[-3,-51],[6,-31],[139,-257],[7,-28],[7,-319],[7,-23],[204,-418],[4,-35],[-16,-44],[6,-34],[105,-136],[15,-13],[148,-96],[89,-101],[42,-63],[128,-113],[-30,-114],[-33,-65],[-22,-31],[24,-6],[65,-3],[51,-18],[57,-100],[36,-33],[34,-11],[52,6],[114,45],[37,-3],[18,-15],[66,-92],[11,-30],[0,-35],[-17,-32],[-50,-66],[-20,-46],[-18,-132],[-17,-142],[13,-72],[9,-92],[22,-56],[33,-21],[133,-11],[85,-11],[30,-10],[38,-27],[24,-30],[12,-33],[10,-57],[141,-222],[19,-20],[36,-9],[66,20],[52,-6],[50,12],[60,-7],[76,39],[98,22],[103,7],[141,6],[35,-20],[44,-51],[73,-31],[24,-28],[42,-71],[25,-17],[43,-10],[119,16],[44,-16],[13,-23],[20,-72],[29,-34],[37,-5],[31,7],[16,-11],[628,274],[295,138]],[[27449,42329],[-45,34],[3,54],[14,69],[-75,14],[-52,-29],[-26,-5],[-53,25],[-26,-5],[-116,17],[-48,35],[-19,48],[-4,40],[-14,26],[-80,42],[-60,56],[-92,116],[-45,40],[-55,30],[-60,2],[-42,-44],[-11,-31],[-83,-10],[-57,7],[-60,24],[-34,-24],[-109,31],[-128,7],[-77,-1],[-44,-10],[-20,12],[41,20],[-18,31],[-58,74],[-70,60],[-17,53],[-31,32],[-26,9],[-5,-53],[23,-27],[-33,-64],[-3,-29],[-19,-29],[-24,43],[-14,45],[-35,0],[0,122],[-7,27],[-26,33],[7,42],[-14,63],[42,71],[28,25],[-25,26],[-17,50],[-26,18],[-19,27],[-92,-45],[-50,20],[-31,-8],[-28,-20],[-53,-4],[-18,78],[-145,-137],[-55,-28],[-95,-113],[-31,-32],[-75,-48],[-162,-136],[-96,-68],[-115,-182],[-18,-38],[-34,-32],[-39,-26],[-10,-34],[-16,-1],[-19,-35],[-33,-7],[-45,42],[16,25],[0,48],[-39,16],[-43,74],[-38,9],[-8,27],[-22,24],[-35,82],[-55,15],[-21,76],[-8,51],[-43,107],[6,43],[-24,26],[-45,68],[-30,32],[-51,95],[-13,48],[-16,14],[-38,82],[-53,93],[-20,50],[-61,65],[-9,54],[18,42],[12,67],[-19,67],[-31,15],[-40,-27],[-28,21],[-31,78],[-18,79],[-24,63],[-16,64],[-41,58],[-36,73],[9,44],[-36,23],[-23,39],[-43,27],[-23,80],[-60,35],[-28,41],[-20,8],[-35,36],[-43,85],[9,63],[30,31],[-27,21],[-30,0],[-12,21],[-32,4],[-24,51],[-39,62],[-52,68],[-15,36],[-6,51],[18,22],[32,91],[17,31],[46,47],[25,36],[-17,28],[1,77],[-25,80],[-9,58],[2,37],[-9,97],[10,37],[-9,39],[-24,28],[15,43],[48,36],[20,-8],[32,22],[20,37],[3,39],[18,4],[23,91],[31,66],[-7,34],[8,54],[23,38],[0,27],[54,63],[21,34],[9,46],[-5,53],[8,6],[0,81],[-5,39],[25,93],[6,56],[-5,43],[16,64],[-15,73],[19,15],[17,48],[60,31],[26,-12],[-19,-33],[26,-11],[-2,-36],[21,-6],[25,19],[2,48],[23,22],[39,2],[-2,49]],[[24610,48692],[745,0],[83,-3],[335,-1],[724,-1],[619,12],[795,1],[773,0],[309,1],[395,4]],[[26073,41149],[-17,80],[-21,17],[7,38],[24,36],[7,28],[25,41],[10,42],[-10,36],[-21,-82],[-25,-57],[-54,-58],[-19,26],[-26,-18],[-24,7],[5,63],[-40,26]],[[25894,41374],[-69,3],[-33,-18],[-69,12],[-5,-13],[21,-42],[-17,-13],[-4,-78],[15,-38],[-88,-9],[-27,-22],[-8,-28],[-31,-7],[-33,5],[-17,-38],[36,-10],[34,9],[19,-20],[35,-6],[-17,-59],[58,8],[18,-7]],[[25894,41374],[-8,-44],[-33,-10],[-2,-111],[10,-27],[67,-67],[-36,-65],[-13,-13],[-68,-20],[-94,-14]],[[28613,7760],[152,-2]],[[28613,7635],[-1,65]],[[3265,19893],[71,0],[119,-13],[58,2],[816,138]],[[3479,27320],[31,17]],[[3510,27337],[30,-3],[12,-19]],[[3552,27315],[2,-31],[25,-20],[17,-47]],[[3596,27217],[-45,-15],[-30,-31],[-36,-9]],[[1324,32428],[16,-57]],[[1304,32305],[-52,25],[-27,37],[10,36],[72,81]],[[5754,33620],[1,-188],[-8,-66]],[[1832,30725],[0,-124],[127,0],[1,-125],[127,0],[1,-123]],[[2088,30353],[-44,-1],[-443,0],[-259,-2]],[[1342,30350],[-35,78],[-12,92],[10,81],[26,75],[9,59]],[[3924,26987],[21,-10],[46,24],[0,43],[-24,-8],[-1,35]],[[3966,27071],[-9,26],[27,19],[3,27]],[[3987,27143],[30,1],[40,54],[76,57],[32,9],[25,23],[7,56],[18,8],[21,40]],[[4406,27368],[0,-11],[-56,-111],[6,-71],[-14,-15],[-6,-64],[-30,-47],[-71,-45],[-29,-48],[-64,-50],[-52,-33],[-12,11],[-48,-23],[-14,33],[-66,13]],[[3950,26907],[-5,19],[-33,28],[12,33]],[[2336,31599],[27,-89],[43,-129]],[[2406,31381],[-232,-63],[-110,-22],[-127,-37],[-75,-30],[-29,-3]],[[1704,31351],[0,187]],[[6570,34296],[-259,-320]],[[6311,33976],[-109,-139],[-96,-120]],[[5815,33807],[1,131],[-1,367],[373,0],[371,-1],[11,-8]],[[3740,27166],[28,25],[14,28],[-1,41],[25,21],[39,47],[-1,44]],[[3844,27372],[26,10],[66,8],[95,53],[21,25]],[[3987,27143],[-25,-12],[-36,44],[-27,17],[-39,-48],[-28,3]],[[3832,27147],[14,19],[-4,28],[-45,-36],[-52,-31]],[[3745,27127],[-5,39]],[[2697,33088],[-26,-41],[9,-30],[26,-16],[16,17],[65,-31],[10,-32],[-1,-37],[27,-46],[9,-40],[-30,-64],[55,-28],[8,-17],[50,-13],[-9,-64],[-21,-39],[-16,-56],[40,-15],[30,-44],[25,-18],[34,-58],[7,-34],[-31,-57],[31,-15],[51,-10],[-15,-61],[13,-30],[-33,-15],[-28,-26],[-56,-33],[-54,4],[-25,-18],[11,-29],[22,-13],[28,-45],[-21,-9],[-66,11],[-14,30],[-49,38],[-30,-1],[-33,44],[-86,35],[-47,27],[-50,14],[-60,7],[-63,26],[-52,5],[-46,22],[-29,0],[-71,35],[-56,36],[-53,11]],[[2093,32365],[-97,44],[-38,11]],[[1958,32420],[0,350],[-44,145]],[[3596,27217],[6,-18],[36,-4]],[[3638,27195],[18,-14],[0,-26],[67,4],[17,7]],[[3745,27127],[-30,-35],[-41,-25]],[[3674,27067],[-9,32],[-64,-24],[-16,6],[-38,-23]],[[3547,27058],[-9,31],[-27,42],[-27,11]],[[3736,27361],[60,27],[48,-16]],[[3638,27195],[20,24],[-12,19],[16,42],[24,26],[2,37],[48,18]],[[3966,27071],[-74,-51],[-29,-9],[-2,27],[-26,22],[-56,-9]],[[3779,27051],[36,46],[17,50]],[[3779,27051],[-39,-58]],[[3740,26993],[-95,-47]],[[3645,26946],[-15,11],[8,41],[23,22],[13,47]],[[3645,26946],[3,-4]],[[3924,26987],[-28,-27],[-42,-23],[-15,-22],[-21,17]],[[3818,26932],[-16,24],[-41,35],[-21,2]],[[3818,26932],[-20,-36],[-6,-38],[-24,-34],[-21,-4]],[[3950,26907],[-8,-20],[-25,-14],[-45,-10],[6,-45],[-9,-11],[-43,-12],[-54,-69],[-20,-57],[5,-54],[-22,-14],[-77,43],[-23,28],[3,27]],[[1737,32019],[32,29],[16,29],[41,23],[64,51],[31,72],[32,44],[4,37],[-75,17],[-52,-3],[0,32],[-65,-1]],[[1767,32477],[81,-25],[59,-9],[51,-23]],[[2093,32365],[-1,-33],[27,-37],[68,-219]],[[3365,27491],[6,-43],[16,-33],[30,-1],[56,-27],[33,3],[23,-27],[-19,-26]],[[3154,27236],[11,33],[0,80],[-16,91]],[[3736,27361],[-10,42],[-81,-42],[-44,-29],[-3,-17],[-46,0]],[[6030,41165],[38,-14],[48,48],[92,26],[165,-5],[18,-15],[31,-65],[21,-104],[4,-81],[15,-33],[56,-31],[78,-4]],[[9198,35748],[-606,-349],[-39,-26],[-82,-80],[-36,-88],[-1,-60],[17,-82],[-6,-34],[-37,-85],[34,1],[1,-129],[-67,0],[-2,-58],[-54,-1],[-45,-85],[-23,-19],[-94,-41],[-38,-6],[-82,22],[-72,37],[-68,57],[-97,107],[-274,186],[-148,69],[-52,13],[-62,-3],[-45,-17],[-56,-45],[-368,-456]],[[6796,34576],[-59,67],[-28,40],[0,229],[-1,641],[0,264],[-252,0],[-1,-139],[-64,-3],[-195,-240],[3,-44],[-128,25],[-2,137],[-149,-44],[-71,-10],[-25,15],[-33,43],[-16,-6],[-150,0]],[[5034,37581],[-1,123],[-34,87],[-45,85],[-11,51],[-1,236],[-8,16],[36,34],[-58,73],[-40,85],[-85,207],[-35,108],[-10,14],[4,42],[57,-17],[40,-1],[74,-14],[61,6],[61,68],[129,0],[19,6],[61,-7],[17,8],[68,65],[-58,80],[0,79],[-25,45],[154,1],[0,124],[128,0],[-1,124],[-126,0],[-1,246],[0,378],[83,0],[4,24],[20,26],[22,7],[0,166],[-26,-15],[-18,11],[28,32],[9,26],[0,90],[-70,0],[-14,-29],[-31,0],[-5,-95],[-90,0],[8,102],[24,97],[86,252],[23,50],[8,41],[-9,46],[41,95],[-5,59],[25,53],[27,30],[57,28],[13,27],[12,50],[31,14],[72,-2],[64,14],[73,-38],[32,-9],[21,-39],[45,52],[21,-11],[18,24],[15,46],[12,8]],[[5581,41751],[84,-41],[57,3],[73,50],[55,9],[37,-29],[-7,-74],[8,-32],[86,-51],[20,-26],[21,-95],[-27,-101],[-9,-76],[21,-85],[30,-38]],[[991,35810],[13,97],[10,23],[51,48],[34,8],[16,39],[29,35],[7,36],[-26,47],[-8,31],[2,43],[-6,59],[-10,34],[4,38],[-11,35],[-29,51],[-47,35],[-1,19],[35,25],[79,34],[34,78],[6,33],[-6,41],[4,56],[-24,46],[-24,28],[-34,11],[-20,47],[-50,97],[-32,44],[-48,35],[-21,23],[-9,128],[30,47],[27,62],[11,38],[-13,54],[-62,39],[-74,69],[-30,61],[1,30],[44,131],[20,103],[0,62],[-8,41],[8,32],[17,17],[-23,35],[-21,53],[-6,62],[15,120],[-2,21],[-47,72],[-45,57],[24,43],[40,40],[19,58],[37,68],[-2,30],[-41,51],[-7,24],[-27,32],[-3,27],[21,31],[60,12],[28,40],[68,37],[90,18],[51,36],[-5,38],[-35,13],[-28,24],[-51,65],[-105,84],[-10,20],[-38,35],[-24,43],[-33,28],[-7,52],[9,8],[1,94],[-38,36],[-3,15],[-119,224],[8,16],[-54,65],[-32,53],[-21,69],[3,33],[26,34],[-16,94],[-11,38],[17,53],[20,24],[67,49],[40,44],[-3,40],[-28,16],[-42,42],[-57,1],[-10,39],[7,45],[48,57],[-7,39],[-29,29],[-25,74],[-39,34],[-12,46],[-25,24],[-4,26],[41,78],[82,68],[25,13],[114,22],[65,2],[45,9],[83,35],[52,-27],[19,-2],[29,18],[43,40],[54,3],[16,12],[29,55],[19,18],[111,77],[31,9],[39,52],[25,-13],[23,-31],[23,-46],[38,-18],[44,22],[81,71],[104,43],[22,4],[26,25],[43,19],[72,-2],[36,14],[54,-16],[69,10],[34,-14],[24,-22],[36,5],[86,22],[45,-9],[51,-45],[7,-25],[-37,-30],[-29,-41],[5,-29],[27,-23],[43,-5],[108,26],[40,26],[70,53],[44,6],[44,-13],[37,-71],[30,-33],[25,-3],[149,101],[36,46],[41,32],[49,5],[53,-11],[73,-24],[60,-14],[34,19],[37,-8],[41,-73],[40,-54],[100,-80],[76,-101],[42,-7],[38,-41],[19,-40],[28,-27],[73,-93],[20,-60],[-24,-50],[-36,-31],[-14,-48],[18,-25],[24,-6],[72,3],[37,-24],[19,-34],[92,-40],[31,6],[22,-9],[14,-39],[-3,-36],[35,-76],[36,-32],[80,-49],[33,-28],[25,0],[50,-21],[39,17],[28,-7],[89,8],[149,44],[86,37],[34,20],[58,3],[39,-6],[57,-27],[23,3],[31,32],[2,49],[18,20],[35,17],[19,34],[6,36],[-10,67],[20,73],[27,58],[41,61],[32,88],[53,71],[3,15],[-24,35],[-30,18],[-18,32],[7,44],[35,40],[62,34],[51,-1],[25,13],[30,99],[8,42],[27,49],[48,62],[18,62],[23,44],[29,72],[35,70],[59,75],[66,37],[40,11]],[[12550,48680],[23,-16],[21,-41],[13,-50],[20,-19],[9,-43],[-31,-73],[-22,-20],[1,-23],[-24,-56],[-4,-41],[-35,-28],[-22,-37],[-26,-14],[-19,-54],[97,-19],[40,-20],[96,-71],[27,-8],[57,-31],[23,-23],[56,-33],[129,-103],[-27,-98],[-130,-142],[-52,-53],[-56,-157],[154,-29],[64,4],[130,-22],[166,1],[504,-1],[643,1],[1,-125],[920,0],[720,-1]],[[5581,41751],[-1,144],[2,300],[-12,252],[-1,124],[4,122],[7,125],[-5,123],[1,123],[11,294],[2,496],[-2,270],[-12,186],[-6,256],[-1,143],[-4,231],[-9,368],[-4,255],[-13,621],[-1,250],[-2,123],[3,249],[-3,526],[0,273],[-1,174],[3,537],[-4,355],[4,10],[978,0],[508,-1],[1028,0],[501,-1],[998,0],[671,0],[437,0],[1009,0],[883,1]],[[5181,32710],[40,68],[26,35],[64,54]],[[5889,32950],[105,53]],[[5994,33003],[76,37],[55,18],[25,0],[258,122],[33,20],[-1,23],[-305,88]],[[6135,33311],[0,60],[64,-1],[1,66],[-125,120],[110,2],[271,-1],[-1,252],[-53,1],[-74,48],[1,109],[-18,9]],[[6570,34296],[226,280]],[[10719,27023],[-114,35],[-92,19],[-57,0],[-162,79],[-21,17],[-36,46],[-46,17],[-55,45],[-101,159],[-27,47],[-41,88],[-24,19],[-60,14],[-18,22],[-17,56],[-46,102],[-58,32],[-23,6],[-67,-9],[-28,3],[-35,31],[-25,43],[-86,45],[-23,19],[-58,69],[-94,191],[-39,55],[-60,48],[-85,50],[-66,49],[-34,39],[-27,41],[-47,85],[-58,68],[-42,78],[-85,110],[-48,100],[-20,70],[-11,102],[-6,213],[1,55],[-8,44],[-38,142],[-16,120],[6,57],[-19,66],[-2,142],[-4,22],[-44,122],[-163,564],[-28,238],[-52,127],[-18,101],[-16,-2],[-124,35],[-34,21],[-27,5],[-23,19],[-52,14],[-38,-1],[-19,16],[-45,-2],[-52,37],[-55,14],[-29,18],[-68,16],[-38,-4],[-90,12],[-90,43],[-30,34],[-37,16],[-27,54],[-15,46],[-31,40],[-1,36],[-15,35],[-22,11],[-43,43],[-36,4],[-19,-47],[-27,-10],[-97,14],[-49,16],[-13,-8],[-100,14],[-44,-19],[-12,-18],[-77,11],[-26,-12],[-33,-37],[-68,-2],[-4,-24],[-20,-8],[-9,-39],[-86,15],[-49,-3],[-42,25],[-36,-6],[-13,24],[-44,6],[-3,23],[-73,58],[-15,-9],[-28,16],[-56,61],[-10,26],[-33,16],[-37,55],[-86,9],[-6,13],[-37,0],[-36,19],[29,20],[13,36],[-12,56],[4,29],[-26,69],[-20,11],[2,29],[30,76],[-23,54],[-34,37],[28,33],[-31,31],[-26,-2],[-28,25],[-35,5],[-49,-11],[-19,-23],[-12,-33],[-27,-6],[-72,-64],[-45,-8],[-9,-10],[-42,-1],[-61,-71],[-89,-50],[-118,-22],[-121,-28],[-71,9],[-31,19],[19,146],[2,46],[-15,126],[-8,11],[14,68],[28,79],[35,67],[54,92]],[[5822,33368],[30,1]],[[5852,33369],[-36,-43],[0,-183],[-2,-19],[125,-79],[55,-42]],[[13136,48680],[310,1]],[[13446,48681],[0,-333],[-85,0],[-225,332]],[[5551,33869],[-50,80],[-26,31],[-35,55],[-47,97],[-18,23]],[[5852,33369],[78,-2],[42,-9],[163,-47]],[[2919,33046],[129,-20],[58,0],[17,-11],[108,-13],[88,-15],[124,-14],[366,-49]],[[3809,32924],[359,-47],[837,-114],[176,-53]],[[6022,25113],[4,49],[-9,39],[46,56],[16,54],[-18,59],[24,69],[-27,44],[-4,23],[20,43],[-12,63],[2,44],[-8,39],[5,48],[-21,34],[-3,27],[-44,35],[-24,52],[0,56],[-22,32],[-7,52],[3,35],[-26,23],[-11,31],[-24,23],[-38,10],[-56,48],[-9,50],[18,26],[-17,30],[3,38],[-13,32],[7,30],[-12,54],[-21,33],[-7,29],[30,107],[-9,36],[33,63],[20,58],[40,39],[56,35],[1,33],[15,39],[29,47],[8,77],[-21,64],[75,90],[-216,415],[-65,67],[-46,63],[-57,-45],[-28,-60],[-52,-29],[-19,-32],[-59,-55],[-80,-35],[-18,1],[-21,-35],[-67,-26],[-67,9],[-73,45],[12,50],[-81,4],[-29,-29],[-27,2],[-32,26],[-42,-22],[-48,19],[-61,7],[-32,52],[-29,-7],[-88,22],[-107,18],[-43,-1]],[[3107,29160],[-166,526],[-58,191],[-91,280],[-48,154],[-185,584],[-153,486]],[[12550,48680],[586,0]],[[13446,48681],[342,1],[238,2],[903,-1],[181,1],[668,0],[685,2]],[[1812,29665],[32,21],[9,48],[17,15],[56,-20],[45,-8],[34,8],[68,48],[25,31],[54,4],[26,-26],[35,-169],[14,-76],[19,-76],[38,-42],[-2,-53],[58,-99],[61,-11],[-5,35],[19,38],[26,98],[3,73],[-17,84],[-83,62],[-53,119],[-9,47],[0,99],[-19,25],[-6,28],[-21,31],[-25,58],[1,29],[68,-56],[0,72],[-85,0],[-14,39],[-28,104],[0,108],[-65,0]],[[2373,29072],[-24,66],[-71,48],[-68,27],[-46,27],[-65,88],[-34,38],[-72,49],[-48,40],[-42,44],[-43,60],[-38,75],[-10,31]],[[4899,25517],[-19,23],[-118,102],[-5,21],[-46,91],[-33,74],[-58,84],[-63,44],[-40,15],[-60,45],[-104,9],[-89,30],[-26,26],[-33,66],[-104,99],[-29,17],[-40,42],[-34,46],[-33,18],[-91,6],[-49,19],[-31,38],[-8,67],[-19,33],[-44,46],[-116,71],[-70,24]],[[3907,33434],[389,-22],[23,-2],[546,-32],[81,9],[43,18]],[[4989,33405],[66,-41],[29,-33],[56,-29],[125,-50],[42,-20],[55,-52]],[[3809,32924],[0,515],[98,-5]],[[1812,29665],[-29,46],[-18,41],[-19,68],[-14,95],[-42,111],[-34,64],[-39,47],[-86,72],[-113,63],[-30,24],[-46,54]],[[4989,33405],[-52,45],[-49,73],[-67,68],[-629,1],[-255,-1],[-1,-124],[-29,0],[0,-33]],[[1691,32588],[27,20],[28,52],[13,40],[-10,38],[33,157],[5,85],[-6,121],[-13,41],[-3,73]],[[28671,7866],[-54,-43]],[[27866,7074],[129,0]]],"transform":{"scale":[0.00013833219071361825,0.00011642922543162742],"translate":[-114.815976,31.332341]},"objects":{"Tract_04_2020":{"type":"GeometryCollection","geometries":[{"arcs":[[0,1,2,3,4,5,6,7,8,9]],"type":"Polygon","properties":{"id":"14000US04015950500"}},{"arcs":[[10,11,12,13,14,15,16]],"type":"Polygon","properties":{"id":"14000US04015954900"}},{"arcs":[[17,18,19,20,21,22]],"type":"Polygon","properties":{"id":"14000US04015951800"}},{"arcs":[[23,24,25,26,27,28,29,30]],"type":"Polygon","properties":{"id":"14000US04015952400"}},{"arcs":[[31,32,33,34,35,36,37,38,39,40]],"type":"Polygon","properties":{"id":"14000US04027012100"}},{"arcs":[[41,42,43,44]],"type":"Polygon","properties":{"id":"14000US04027000200"}},{"arcs":[[45,46,-45,47,48,49,50]],"type":"Polygon","properties":{"id":"14000US04027000301"}},{"arcs":[[51,52,53,54,55,56,57,58]],"type":"Polygon","properties":{"id":"14000US04027000908"}},{"arcs":[[59,-51,60,61,62,-59,63]],"type":"Polygon","properties":{"id":"14000US04027011000"}},{"arcs":[[64,65,66]],"type":"Polygon","properties":{"id":"14000US04027980003"}},{"arcs":[[67,68,69,70]],"type":"Polygon","properties":{"id":"14000US04027000902"}},{"arcs":[[71,72,73,74,75,76]],"type":"Polygon","properties":{"id":"14000US04027010913"}},{"arcs":[[77,78,79,80,81,82]],"type":"Polygon","properties":{"id":"14000US04027011112"}},{"arcs":[[-73,83,84,85,86,87]],"type":"Polygon","properties":{"id":"14000US04027011107"}},{"arcs":[[88,89,-41,90,91,92,93,94,-77,95,96]],"type":"Polygon","properties":{"id":"14000US04027010914"}},{"arcs":[[-39,97,98,99,100]],"type":"Polygon","properties":{"id":"14000US04027011202"}},{"arcs":[[101,102,103]],"type":"Polygon","properties":{"id":"14000US04027980005"}},{"arcs":[[104,105,106,107,108,109,110,-98,-38,111,112,113,-67,114,-102]],"type":"Polygon","properties":{"id":"14000US04027980004"}},{"arcs":[[-48,-44,115,116]],"type":"Polygon","properties":{"id":"14000US04027000302"}},{"arcs":[[117,118,119,-61]],"type":"Polygon","properties":{"id":"14000US04027000402"}},{"arcs":[[120,-116,-43,121,122,123]],"type":"Polygon","properties":{"id":"14000US04027000600"}},{"arcs":[[124,-75,125,126,127,128]],"type":"Polygon","properties":{"id":"14000US04027000700"}},{"arcs":[[129,130,131]],"type":"Polygon","properties":{"id":"14000US04019004325"}},{"arcs":[[-123,-129,132,133]],"type":"Polygon","properties":{"id":"14000US04027000800"}},{"arcs":[[134,-134,135,-69]],"type":"Polygon","properties":{"id":"14000US04027000901"}},{"arcs":[[-120,136,137,138,139,-62]],"type":"Polygon","properties":{"id":"14000US04027000903"}},{"arcs":[[-127,140,141,142,143]],"type":"Polygon","properties":{"id":"14000US04027001100"}},{"arcs":[[-74,-88,144,145,-141,-126]],"type":"Polygon","properties":{"id":"14000US04027001200"}},{"arcs":[[-64,-58,146,147,148,149,150,151,152,153,154,155]],"type":"Polygon","properties":{"id":"14000US04027011501"}},{"arcs":[[-47,156,-96,-76,-125,-122,-42]],"type":"Polygon","properties":{"id":"14000US04027000100"}},{"arcs":[[157,158,159,160]],"type":"Polygon","properties":{"id":"14000US04009961201"}},{"arcs":[[161,162,163,164]],"type":"Polygon","properties":{"id":"14000US04013813200"}},{"arcs":[[165,166,167,168,169]],"type":"Polygon","properties":{"id":"14000US04021000902"}},{"arcs":[[170,171,172,173,174]],"type":"Polygon","properties":{"id":"14000US04021000310"}},{"arcs":[[175,176,-174,177,178,179,180]],"type":"Polygon","properties":{"id":"14000US04021000312"}},{"arcs":[[181,182,183,184]],"type":"Polygon","properties":{"id":"14000US04003000202"}},{"arcs":[[185,-185,186,187,188,189]],"type":"Polygon","properties":{"id":"14000US04003000203"}},{"arcs":[[190,191,-182,-186,192]],"type":"Polygon","properties":{"id":"14000US04003000201"}},{"arcs":[[193,194,195,196,197]],"type":"Polygon","properties":{"id":"14000US04003002002"}},{"arcs":[[198,199,200]],"type":"Polygon","properties":{"id":"14000US04003000902"}},{"arcs":[[-200,201,202,203]],"type":"Polygon","properties":{"id":"14000US04003000901"}},{"arcs":[[204,205,206,207]],"type":"Polygon","properties":{"id":"14000US04003001602"}},{"arcs":[[208,-208,209,210,211]],"type":"Polygon","properties":{"id":"14000US04003001601"}},{"arcs":[[212,-206,213,214,215]],"type":"Polygon","properties":{"id":"14000US04003001701"}},{"arcs":[[-212,216,217]],"type":"Polygon","properties":{"id":"14000US04003001502"}},{"arcs":[[-211,218,219,-217]],"type":"Polygon","properties":{"id":"14000US04003001501"}},{"arcs":[[220,221,222,223,224]],"type":"Polygon","properties":{"id":"14000US04005000400"}},{"arcs":[[225,226,227,228,229]],"type":"Polygon","properties":{"id":"14000US04005001000"}},{"arcs":[[230,231,232,233,234,235,236,237,238]],"type":"Polygon","properties":{"id":"14000US04005002000"}},{"arcs":[[239,240,241,242,243,244]],"type":"Polygon","properties":{"id":"14000US04005000200"}},{"arcs":[[245,246,247,248,249]],"type":"Polygon","properties":{"id":"14000US04017963300"}},{"arcs":[[-248,250,251,252,253]],"type":"Polygon","properties":{"id":"14000US04017963800"}},{"arcs":[[254,255,256,257,258,259,260,261]],"type":"Polygon","properties":{"id":"14000US04017940013"}},{"arcs":[[262,263,264]],"type":"Polygon","properties":{"id":"14000US04017940301"}},{"arcs":[[265,266]],"type":"Polygon","properties":{"id":"14000US04017963700"}},{"arcs":[[-180,267,268,269,270]],"type":"Polygon","properties":{"id":"14000US04021000313"}},{"arcs":[[271,272,273,274,275]],"type":"Polygon","properties":{"id":"14000US04021001408"}},{"arcs":[[276,277,278,279,280]],"type":"Polygon","properties":{"id":"14000US04021001305"}},{"arcs":[[-280,281,282,283,284]],"type":"Polygon","properties":{"id":"14000US04021001306"}},{"arcs":[[285,-272,286,287]],"type":"Polygon","properties":{"id":"14000US04021001405"}},{"arcs":[[288,289,290,291,292]],"type":"Polygon","properties":{"id":"14000US04021001406"}},{"arcs":[[-284,293,-289,294]],"type":"Polygon","properties":{"id":"14000US04021001403"}},{"arcs":[[295,296,297,298,299,300,301]],"type":"Polygon","properties":{"id":"14000US04021000208"}},{"arcs":[[302,303,304]],"type":"Polygon","properties":{"id":"14000US04019004029"}},{"arcs":[[305,306,307,308]],"type":"Polygon","properties":{"id":"14000US04019004030"}},{"arcs":[[309,310,311,312,-306]],"type":"Polygon","properties":{"id":"14000US04019004031"}},{"arcs":[[-313,313,314,315,316,-307]],"type":"Polygon","properties":{"id":"14000US04019004032"}},{"arcs":[[317,318,319,320,321,322]],"type":"Polygon","properties":{"id":"14000US04019002702"}},{"arcs":[[-320,323,324,325,326]],"type":"Polygon","properties":{"id":"14000US04019002801"}},{"arcs":[[327,-326,328,329]],"type":"Polygon","properties":{"id":"14000US04019002802"}},{"arcs":[[-330,330,331,332]],"type":"Polygon","properties":{"id":"14000US04019002803"}},{"arcs":[[333,334,335,336]],"type":"Polygon","properties":{"id":"14000US04019004034"}},{"arcs":[[337,338,339,340,341]],"type":"Polygon","properties":{"id":"14000US04019004035"}},{"arcs":[[342,343,-303,-335]],"type":"Polygon","properties":{"id":"14000US04019004038"}},{"arcs":[[344,345,346,347]],"type":"Polygon","properties":{"id":"14000US04019004043"}},{"arcs":[[348,349,350,-346,351]],"type":"Polygon","properties":{"id":"14000US04019004044"}},{"arcs":[[352,-352,-345,353]],"type":"Polygon","properties":{"id":"14000US04019004042"}},{"arcs":[[354,355,356,357,-312]],"type":"Polygon","properties":{"id":"14000US04019004047"}},{"arcs":[[-357,-354,358,359]],"type":"Polygon","properties":{"id":"14000US04019004048"}},{"arcs":[[-359,-348,360,361,362]],"type":"Polygon","properties":{"id":"14000US04019004049"}},{"arcs":[[363,364,365,366,367]],"type":"Polygon","properties":{"id":"14000US04019004050"}},{"arcs":[[-358,368,369,-314]],"type":"Polygon","properties":{"id":"14000US04019004046"}},{"arcs":[[370,371,372,-339,373]],"type":"Polygon","properties":{"id":"14000US04019004056"}},{"arcs":[[374,375,376,-372]],"type":"Polygon","properties":{"id":"14000US04019004057"}},{"arcs":[[377,-340,-373,-377,378,379,380,-304]],"type":"Polygon","properties":{"id":"14000US04019004058"}},{"arcs":[[381,382,383,384]],"type":"Polygon","properties":{"id":"14000US04019004110"}},{"arcs":[[385,-368,386,387]],"type":"Polygon","properties":{"id":"14000US04019004054"}},{"arcs":[[388,389,390,391,392,393]],"type":"Polygon","properties":{"id":"14000US04019004310"}},{"arcs":[[394,395,396]],"type":"Polygon","properties":{"id":"14000US04019004321"}},{"arcs":[[397,398,399,400]],"type":"Polygon","properties":{"id":"14000US04019004112"}},{"arcs":[[401,402,403]],"type":"Polygon","properties":{"id":"14000US04019004647"}},{"arcs":[[404,-403,405,406,407,408,409,410]],"type":"Polygon","properties":{"id":"14000US04019004613"}},{"arcs":[[411,412,413,414,415,416]],"type":"Polygon","properties":{"id":"14000US04019004614"}},{"arcs":[[417,418,419,-408]],"type":"Polygon","properties":{"id":"14000US04019004627"}},{"arcs":[[420,421,422,423,424]],"type":"Polygon","properties":{"id":"14000US04019004630"}},{"arcs":[[425,426,427,428,-422]],"type":"Polygon","properties":{"id":"14000US04019004631"}},{"arcs":[[429,430,431,-427]],"type":"Polygon","properties":{"id":"14000US04019004632"}},{"arcs":[[432,433]],"type":"Polygon","properties":{"id":"14000US04019004404"}},{"arcs":[[434,435,436,-390,437]],"type":"Polygon","properties":{"id":"14000US04019004407"}},{"arcs":[[438,439,440]],"type":"Polygon","properties":{"id":"14000US04019004413"}},{"arcs":[[441,442,443,-440]],"type":"Polygon","properties":{"id":"14000US04019004414"}},{"arcs":[[-415,444,445,446,447]],"type":"Polygon","properties":{"id":"14000US04019004615"}},{"arcs":[[-447,448,449,450,451]],"type":"Polygon","properties":{"id":"14000US04019004616"}},{"arcs":[[-446,452,453,-449]],"type":"Polygon","properties":{"id":"14000US04019004617"}},{"arcs":[[-454,454,455,456,-450]],"type":"Polygon","properties":{"id":"14000US04019004618"}},{"arcs":[[-396,457,458,459]],"type":"Polygon","properties":{"id":"14000US04019004322"}},{"arcs":[[460,461,462,463,464,-430,-426,-421]],"type":"Polygon","properties":{"id":"14000US04019004634"}},{"arcs":[[465,466,467,-464]],"type":"Polygon","properties":{"id":"14000US04019004636"}},{"arcs":[[468,469,470,471,472]],"type":"Polygon","properties":{"id":"14000US04019004717"}},{"arcs":[[473,474,475,476,477]],"type":"Polygon","properties":{"id":"14000US04017961300"}},{"arcs":[[-471,478,479,480]],"type":"Polygon","properties":{"id":"14000US04019004718"}},{"arcs":[[481,482,483,484,485]],"type":"Polygon","properties":{"id":"14000US04019004505"}},{"arcs":[[-410,486,487,488]],"type":"Polygon","properties":{"id":"14000US04019004506"}},{"arcs":[[-457,489,490,491,-483,492,493]],"type":"Polygon","properties":{"id":"14000US04019004508"}},{"arcs":[[-493,-482,494,495]],"type":"Polygon","properties":{"id":"14000US04019004513"}},{"arcs":[[-420,496,-452,-487,-409]],"type":"Polygon","properties":{"id":"14000US04019004610"}},{"arcs":[[497,498,499,-412,500]],"type":"Polygon","properties":{"id":"14000US04019004621"}},{"arcs":[[501,502,-413,-500]],"type":"Polygon","properties":{"id":"14000US04019004622"}},{"arcs":[[503,504,505,506,507,-443]],"type":"Polygon","properties":{"id":"14000US04019001200"}},{"arcs":[[508,509,510,511,512,-506]],"type":"Polygon","properties":{"id":"14000US04019001302"}},{"arcs":[[513,514,515,516,517,518,-511]],"type":"Polygon","properties":{"id":"14000US04019001400"}},{"arcs":[[-428,-432,519,-498,520,521,522]],"type":"Polygon","properties":{"id":"14000US04019004623"}},{"arcs":[[523,-522,524,-406,-402]],"type":"Polygon","properties":{"id":"14000US04019004624"}},{"arcs":[[-525,-521,-501,-417,525,-418,-407]],"type":"Polygon","properties":{"id":"14000US04019004625"}},{"arcs":[[-416,526,-526]],"type":"Polygon","properties":{"id":"14000US04019004626"}},{"arcs":[[527,528,-308,529,530,531]],"type":"Polygon","properties":{"id":"14000US04019003004"}},{"arcs":[[532,533,534,535,536]],"type":"Polygon","properties":{"id":"14000US04019003002"}},{"arcs":[[537,538,-537,539,540,541]],"type":"Polygon","properties":{"id":"14000US04019003102"}},{"arcs":[[-540,542,543,544,545]],"type":"Polygon","properties":{"id":"14000US04019003304"}},{"arcs":[[546,547,548,549,550,551]],"type":"Polygon","properties":{"id":"14000US04019003302"}},{"arcs":[[552,-545,553,554,555,556]],"type":"Polygon","properties":{"id":"14000US04019003400"}},{"arcs":[[-554,-544,557,-551,558,559,560]],"type":"Polygon","properties":{"id":"14000US04019003502"}},{"arcs":[[-559,561,562,563]],"type":"Polygon","properties":{"id":"14000US04019003504"}},{"arcs":[[564,565,566,567,568,569]],"type":"Polygon","properties":{"id":"14000US04019003702"}},{"arcs":[[570,-570,571,572]],"type":"Polygon","properties":{"id":"14000US04019003704"}},{"arcs":[[-513,573,574,575,576,577,-507]],"type":"Polygon","properties":{"id":"14000US04019000300"}},{"arcs":[[-508,-578,578,579]],"type":"Polygon","properties":{"id":"14000US04019001100"}},{"arcs":[[-572,-569,580,581,582]],"type":"Polygon","properties":{"id":"14000US04019003705"}},{"arcs":[[583,584,585]],"type":"Polygon","properties":{"id":"14000US04019003801"}},{"arcs":[[586,-585,587,588,589,-565,-571,590]],"type":"Polygon","properties":{"id":"14000US04019003802"}},{"arcs":[[591,-591,592,593]],"type":"Polygon","properties":{"id":"14000US04019003901"}},{"arcs":[[594,-593,-573,595,596,597]],"type":"Polygon","properties":{"id":"14000US04019003902"}},{"arcs":[[-596,-583,598,599]],"type":"Polygon","properties":{"id":"14000US04019003903"}},{"arcs":[[-550,600,601,-562]],"type":"Polygon","properties":{"id":"14000US04019004008"}},{"arcs":[[602,603,604,605,-548]],"type":"Polygon","properties":{"id":"14000US04019004010"}},{"arcs":[[606,607,608,609,-516]],"type":"Polygon","properties":{"id":"14000US04019001500"}},{"arcs":[[610,-322,611,612,613,-608]],"type":"Polygon","properties":{"id":"14000US04019001600"}},{"arcs":[[-321,-327,-328,-333,614,-612]],"type":"Polygon","properties":{"id":"14000US04019001700"}},{"arcs":[[-253,615,616,617,618,619,620]],"type":"Polygon","properties":{"id":"14000US04017965302"}},{"arcs":[[621,622,-474,623,624]],"type":"Polygon","properties":{"id":"14000US04017961702"}},{"arcs":[[-617,625,626,627,628,629,-476,630]],"type":"Polygon","properties":{"id":"14000US04017965301"}},{"arcs":[[-630,631,632,-477]],"type":"Polygon","properties":{"id":"14000US04017962501"}},{"arcs":[[633,634,635,636,637]],"type":"Polygon","properties":{"id":"14000US04019002300"}},{"arcs":[[-637,638,639,-588,-584,640]],"type":"Polygon","properties":{"id":"14000US04019002400"}},{"arcs":[[641,642,643,-437]],"type":"Polygon","properties":{"id":"14000US04019002503"}},{"arcs":[[-644,644,645,-391]],"type":"Polygon","properties":{"id":"14000US04019002504"}},{"arcs":[[-646,646,-594,-595,647,648,649]],"type":"Polygon","properties":{"id":"14000US04019002505"}},{"arcs":[[-492,650,651,652,653,654,-484]],"type":"Polygon","properties":{"id":"14000US04019002604"}},{"arcs":[[-652,655,656,657,-515,658,659]],"type":"Polygon","properties":{"id":"14000US04019002602"}},{"arcs":[[660,-318,661,-657,662,663]],"type":"Polygon","properties":{"id":"14000US04019002704"}},{"arcs":[[-215,664,-194,665,666]],"type":"Polygon","properties":{"id":"14000US04003001703"}},{"arcs":[[667,668,669,-195,-665,-214,-205,670]],"type":"Polygon","properties":{"id":"14000US04003001702"}},{"arcs":[[671,-220,672,673,674,675]],"type":"Polygon","properties":{"id":"14000US04003001402"}},{"arcs":[[676,677,-671,-209,-218,-672]],"type":"Polygon","properties":{"id":"14000US04003001401"}},{"arcs":[[678,679,680]],"type":"Polygon","properties":{"id":"14000US04003000301"}},{"arcs":[[681,682,-193,683,-679,684,685,686]],"type":"Polygon","properties":{"id":"14000US04003000303"}},{"arcs":[[687,688,689,690,691,692]],"type":"Polygon","properties":{"id":"14000US04001944000"}},{"arcs":[[693,694,-628]],"type":"Polygon","properties":{"id":"14000US04017964901"}},{"arcs":[[-627,695,696,697,-694]],"type":"Polygon","properties":{"id":"14000US04017964902"}},{"arcs":[[-632,-629,-695,-698,698]],"type":"Polygon","properties":{"id":"14000US04017962502"}},{"arcs":[[699,-631,-475,-623,700]],"type":"Polygon","properties":{"id":"14000US04017961701"}},{"arcs":[[-619,701,-701,-622,702,703]],"type":"Polygon","properties":{"id":"14000US04017965201"}},{"arcs":[[-620,-704,704,705,706]],"type":"Polygon","properties":{"id":"14000US04017964801"}},{"arcs":[[-703,-625,707,-705]],"type":"Polygon","properties":{"id":"14000US04017964802"}},{"arcs":[[-618,-700,-702]],"type":"Polygon","properties":{"id":"14000US04017965202"}},{"arcs":[[708,709,710,711,712]],"type":"Polygon","properties":{"id":"14000US04019000700"}},{"arcs":[[-173,713,714,715,716,717,-178]],"type":"Polygon","properties":{"id":"14000US04021000315"}},{"arcs":[[-609,-614,718,719,-710,720]],"type":"Polygon","properties":{"id":"14000US04019000600"}},{"arcs":[[-712,721,722,723,724,725]],"type":"Polygon","properties":{"id":"14000US04019002000"}},{"arcs":[[-560,-564,726,727]],"type":"Polygon","properties":{"id":"14000US04019003503"}},{"arcs":[[728,729,730,731,732,733]],"type":"Polygon","properties":{"id":"14000US04019004722"}},{"arcs":[[-724,734,735,736]],"type":"Polygon","properties":{"id":"14000US04019002100"}},{"arcs":[[737,738,739,740,741]],"type":"Polygon","properties":{"id":"14000US04019004643"}},{"arcs":[[742,743,-473,744,745,746,-445]],"type":"Polygon","properties":{"id":"14000US04019004714"}},{"arcs":[[-400,747,748]],"type":"Polygon","properties":{"id":"14000US04019004116"}},{"arcs":[[-341,-378,-344]],"type":"Polygon","properties":{"id":"14000US04019004036"}},{"arcs":[[749,750,751,-557,752,-722,-711,-720]],"type":"Polygon","properties":{"id":"14000US04019001900"}},{"arcs":[[753,754,755,-397,-460,756,757]],"type":"Polygon","properties":{"id":"14000US04019004320"}},{"arcs":[[758,759,760]],"type":"Polygon","properties":{"id":"14000US04019004712"}},{"arcs":[[761,-342,-343,762]],"type":"Polygon","properties":{"id":"14000US04019004037"}},{"arcs":[[763,764,765,766,767,768,769,770]],"type":"Polygon","properties":{"id":"14000US04019004428"}},{"arcs":[[771,-713,-726,772,-635,773,774,775]],"type":"Polygon","properties":{"id":"14000US04019000800"}},{"arcs":[[776,777,778,779,780,-132,781,782,783,784,785]],"type":"Polygon","properties":{"id":"14000US04019004316"}},{"arcs":[[786,787,788,-760,789,790,791,-324,-319,-661,792,-456]],"type":"Polygon","properties":{"id":"14000US04019004710"}},{"arcs":[[793,794,795,796,797,798,799]],"type":"Polygon","properties":{"id":"14000US04019004317"}},{"arcs":[[-745,-472,-481,-761,-789,800]],"type":"Polygon","properties":{"id":"14000US04019004711"}},{"arcs":[[801,-411,-489,802,803,804,805,806,-767,807]],"type":"Polygon","properties":{"id":"14000US04019004418"}},{"arcs":[[-806,808,-442,-439,809]],"type":"Polygon","properties":{"id":"14000US04019004412"}},{"arcs":[[-392,-650,810,-458,-395,-756,811]],"type":"Polygon","properties":{"id":"14000US04019004312"}},{"arcs":[[-468,812,813,-465]],"type":"Polygon","properties":{"id":"14000US04019004635"}},{"arcs":[[814,815,816,-388,817,-311]],"type":"Polygon","properties":{"id":"14000US04019004053"}},{"arcs":[[-365,818,819]],"type":"Polygon","properties":{"id":"14000US04019004051"}},{"arcs":[[820,821,822,-778]],"type":"Polygon","properties":{"id":"14000US04019004313"}},{"arcs":[[-444,-580,823,824,825,-435,826,827,828]],"type":"Polygon","properties":{"id":"14000US04019004415"}},{"arcs":[[829,830,831,832,833]],"type":"Polygon","properties":{"id":"14000US04019004419"}},{"arcs":[[834,-798,835,836,837]],"type":"Polygon","properties":{"id":"14000US04019004307"}},{"arcs":[[-451,-494,-496,838,-803,-488]],"type":"Polygon","properties":{"id":"14000US04019004512"}},{"arcs":[[-387,-367,839,-355,-818]],"type":"Polygon","properties":{"id":"14000US04019004055"}},{"arcs":[[840,841,842,843,844,845,-250,846,847]],"type":"Polygon","properties":{"id":"14000US04017960500"}},{"arcs":[[-845,848,849,850,851]],"type":"Polygon","properties":{"id":"14000US04017960100"}},{"arcs":[[852,853,854,855,856,-331]],"type":"Polygon","properties":{"id":"14000US04019002901"}},{"arcs":[[-791,857,-528,858,859]],"type":"Polygon","properties":{"id":"14000US04019002906"}},{"arcs":[[860,-859,-532,861,-538,-854]],"type":"Polygon","properties":{"id":"14000US04019002904"}},{"arcs":[[862,863,864,865,866,867,868,869,870,-302,871,872]],"type":"Polygon","properties":{"id":"14000US04021000206"}},{"arcs":[[-299,873,874,875,876,877,878,879]],"type":"Polygon","properties":{"id":"14000US04021000212"}},{"arcs":[[-287,-276,880,881,-291]],"type":"Polygon","properties":{"id":"14000US04021001407"}},{"arcs":[[-283,-288,-290,-294]],"type":"Polygon","properties":{"id":"14000US04021001404"}},{"arcs":[[882,883,884,885,886]],"type":"Polygon","properties":{"id":"14000US04021001709"}},{"arcs":[[887,-883,888,889,890]],"type":"Polygon","properties":{"id":"14000US04021001705"}},{"arcs":[[891,892,893,894,895,896,897]],"type":"Polygon","properties":{"id":"14000US04013082204"}},{"arcs":[[898,899,900,-894]],"type":"Polygon","properties":{"id":"14000US04013082206"}},{"arcs":[[901,902,-896,903,904]],"type":"Polygon","properties":{"id":"14000US04013082207"}},{"arcs":[[905,906,907]],"type":"Polygon","properties":{"id":"14000US04013082209"}},{"arcs":[[908,-908,909,910,-902,911,912]],"type":"Polygon","properties":{"id":"14000US04013082210"}},{"arcs":[[913,914,915,-913,916,917]],"type":"Polygon","properties":{"id":"14000US04013082211"}},{"arcs":[[918,919,920,921]],"type":"Polygon","properties":{"id":"14000US04013092311"}},{"arcs":[[922,-922,923,924]],"type":"Polygon","properties":{"id":"14000US04013092312"}},{"arcs":[[925,926,927,928,929,930]],"type":"Polygon","properties":{"id":"14000US04013616400"}},{"arcs":[[931,932,933,934]],"type":"Polygon","properties":{"id":"14000US04013616600"}},{"arcs":[[935,936,937,938,-933]],"type":"Polygon","properties":{"id":"14000US04013616700"}},{"arcs":[[939,940,941,-938]],"type":"Polygon","properties":{"id":"14000US04013616800"}},{"arcs":[[942,943,944,945,946,947,948,949]],"type":"Polygon","properties":{"id":"14000US04013617400"}},{"arcs":[[950,951,952,953,954,-946]],"type":"Polygon","properties":{"id":"14000US04013617500"}},{"arcs":[[955,956,957,-953]],"type":"Polygon","properties":{"id":"14000US04013617600"}},{"arcs":[[958,959,960,961]],"type":"Polygon","properties":{"id":"14000US04013615100"}},{"arcs":[[962,963,964,965]],"type":"Polygon","properties":{"id":"14000US04013616100"}},{"arcs":[[966,967,968,-941]],"type":"Polygon","properties":{"id":"14000US04013616900"}},{"arcs":[[969,970,971,972]],"type":"Polygon","properties":{"id":"14000US04013617200"}},{"arcs":[[973,-32,-90,974]],"type":"Polygon","properties":{"id":"14000US04012980000"}},{"arcs":[[975,976]],"type":"Polygon","properties":{"id":"14000US04013092719"}},{"arcs":[[977,978,979,980]],"type":"Polygon","properties":{"id":"14000US04013092721"}},{"arcs":[[981,982,983,984]],"type":"Polygon","properties":{"id":"14000US04013092801"}},{"arcs":[[985,986,987,988,989]],"type":"Polygon","properties":{"id":"14000US04013103219"}},{"arcs":[[-989,990,991,992]],"type":"Polygon","properties":{"id":"14000US04013103220"}},{"arcs":[[993,994,995,996,997]],"type":"Polygon","properties":{"id":"14000US04013103701"}},{"arcs":[[998,-997,999,1000,1001,1002,1003,1004]],"type":"Polygon","properties":{"id":"14000US04013103702"}},{"arcs":[[1005,1006,1007,1008,1009,-957]],"type":"Polygon","properties":{"id":"14000US04013617700"}},{"arcs":[[1010,1011,1012,1013,-1007]],"type":"Polygon","properties":{"id":"14000US04013617800"}},{"arcs":[[-1013,1014,1015,1016,1017]],"type":"Polygon","properties":{"id":"14000US04013617900"}},{"arcs":[[1018,1019,1020,1021,1022]],"type":"Polygon","properties":{"id":"14000US04013618100"}},{"arcs":[[1023,1024,1025,-1021]],"type":"Polygon","properties":{"id":"14000US04013618200"}},{"arcs":[[1026,1027,1028,1029]],"type":"Polygon","properties":{"id":"14000US04013618500"}},{"arcs":[[1030,1031,1032,1033,1034,-1028]],"type":"Polygon","properties":{"id":"14000US04013618600"}},{"arcs":[[1035,1036,1037,-1034]],"type":"Polygon","properties":{"id":"14000US04013618800"}},{"arcs":[[-942,1038,1039,1040,1041]],"type":"Polygon","properties":{"id":"14000US04013619000"}},{"arcs":[[1042,1043,1044,1045,1046,1047,1048,1049]],"type":"Polygon","properties":{"id":"14000US04013112510"}},{"arcs":[[1050,1051,1052,1053,1054,-971]],"type":"Polygon","properties":{"id":"14000US04013617300"}},{"arcs":[[1055,1056,1057,1058]],"type":"Polygon","properties":{"id":"14000US04013811300"}},{"arcs":[[1059,1060,1061,1062,1063,1064]],"type":"Polygon","properties":{"id":"14000US04013812100"}},{"arcs":[[1065,1066,1067,1068]],"type":"Polygon","properties":{"id":"14000US04013812300"}},{"arcs":[[-1064,1069,1070,1071,-162,1072,1073,-1067,1074]],"type":"Polygon","properties":{"id":"14000US04013812400"}},{"arcs":[[1075,1076,-1071]],"type":"Polygon","properties":{"id":"14000US04013812500"}},{"arcs":[[1077,1078,1079,1080]],"type":"Polygon","properties":{"id":"14000US04013812600"}},{"arcs":[[-1068,-1074,1081,-1079]],"type":"Polygon","properties":{"id":"14000US04013812700"}},{"arcs":[[1082,1083,1084,-952,1085]],"type":"Polygon","properties":{"id":"14000US04013615500"}},{"arcs":[[1086,1087,1088,1089,1090,1091]],"type":"Polygon","properties":{"id":"14000US04013104402"}},{"arcs":[[-1003,1092,1093]],"type":"Polygon","properties":{"id":"14000US04013104701"}},{"arcs":[[-1093,-1002,1094,1095,1096]],"type":"Polygon","properties":{"id":"14000US04013104702"}},{"arcs":[[1097,1098,1099,1100,1101,1102,1103,1104]],"type":"Polygon","properties":{"id":"14000US04013105003"}},{"arcs":[[1105,1106,1107,1108,1109,1110,-1046]],"type":"Polygon","properties":{"id":"14000US04013112512"}},{"arcs":[[-1080,1111,1112,1113]],"type":"Polygon","properties":{"id":"14000US04013812900"}},{"arcs":[[-1082,1114,1115,1116,1117,-1112]],"type":"Polygon","properties":{"id":"14000US04013813000"}},{"arcs":[[-1073,-165,1118,-1115]],"type":"Polygon","properties":{"id":"14000US04013813100"}},{"arcs":[[1119,1120,1121,1122,1123,-163]],"type":"Polygon","properties":{"id":"14000US04013813300"}},{"arcs":[[-1119,1124,1125,1126,1127,-1116]],"type":"Polygon","properties":{"id":"14000US04013813400"}},{"arcs":[[-164,-1124,1128,1129,1130,-1125]],"type":"Polygon","properties":{"id":"14000US04013813500"}},{"arcs":[[-1117,-1128,1131,1132]],"type":"Polygon","properties":{"id":"14000US04013813700"}},{"arcs":[[1133,-401,1134,1135,-383,1136]],"type":"Polygon","properties":{"id":"14000US04019004117"}},{"arcs":[[1137,1138,-1137,1139,-640]],"type":"Polygon","properties":{"id":"14000US04019002201"}},{"arcs":[[1140,1141,1142,1143,-1103]],"type":"Polygon","properties":{"id":"14000US04013105004"}},{"arcs":[[1144,1145,1146,1147,1148]],"type":"Polygon","properties":{"id":"14000US04013106002"}},{"arcs":[[-1148,1149,1150,1151]],"type":"Polygon","properties":{"id":"14000US04013106003"}},{"arcs":[[1152,1153,1154,1155]],"type":"Polygon","properties":{"id":"14000US04013106502"}},{"arcs":[[1156,1157,1158,1159]],"type":"Polygon","properties":{"id":"14000US04013106701"}},{"arcs":[[-1159,1160,1161,1162,1163,1164]],"type":"Polygon","properties":{"id":"14000US04013106703"}},{"arcs":[[-1151,-1160,-1165,1165,1166]],"type":"Polygon","properties":{"id":"14000US04013106802"}},{"arcs":[[1167,1168,1169,1170]],"type":"Polygon","properties":{"id":"14000US04013107601"}},{"arcs":[[-1155,1171,1172,-1169]],"type":"Polygon","properties":{"id":"14000US04013107602"}},{"arcs":[[1173,1174,1175,1176,1177,1178]],"type":"Polygon","properties":{"id":"14000US04013108301"}},{"arcs":[[1179,1180,1181,1182,1183]],"type":"Polygon","properties":{"id":"14000US04013108501"}},{"arcs":[[1184,1185,-1110,1186,1187,1188,1189,1190,1191,1192,1193]],"type":"Polygon","properties":{"id":"14000US04013112514"}},{"arcs":[[-1040,1194,1195,1196]],"type":"Polygon","properties":{"id":"14000US04013619200"}},{"arcs":[[-969,1197,1198,-1039]],"type":"Polygon","properties":{"id":"14000US04013619300"}},{"arcs":[[-1199,1199,1200,-1195]],"type":"Polygon","properties":{"id":"14000US04013619400"}},{"arcs":[[-1198,1201,1202,1203,1204,-1200]],"type":"Polygon","properties":{"id":"14000US04013619500"}},{"arcs":[[-1130,1205,1206,1207]],"type":"Polygon","properties":{"id":"14000US04013813900"}},{"arcs":[[1208,1209,1210,-1206]],"type":"Polygon","properties":{"id":"14000US04013814000"}},{"arcs":[[1211,1212,1213,-1210]],"type":"Polygon","properties":{"id":"14000US04013814100"}},{"arcs":[[1214,1215,1216,1217]],"type":"Polygon","properties":{"id":"14000US04013814400"}},{"arcs":[[1218,1219,1220,-1216]],"type":"Polygon","properties":{"id":"14000US04013814500"}},{"arcs":[[1221,1222,1223,1224,1225]],"type":"Polygon","properties":{"id":"14000US04013814700"}},{"arcs":[[1226,1227,1228,1229]],"type":"Polygon","properties":{"id":"14000US04013422620"}},{"arcs":[[1230,1231,1232,1233,-1228]],"type":"Polygon","properties":{"id":"14000US04013422621"}},{"arcs":[[1234,1235,1236,-1181]],"type":"Polygon","properties":{"id":"14000US04013108502"}},{"arcs":[[1237,1238,1239,1240,1241,1242]],"type":"Polygon","properties":{"id":"14000US04013109001"}},{"arcs":[[1243,1244,1245,-1240]],"type":"Polygon","properties":{"id":"14000US04013109002"}},{"arcs":[[-1246,1246,1247,1248,-1241]],"type":"Polygon","properties":{"id":"14000US04013109003"}},{"arcs":[[1249,-1243,1250,1251]],"type":"Polygon","properties":{"id":"14000US04013109102"}},{"arcs":[[1252,1253,1254,1255]],"type":"Polygon","properties":{"id":"14000US04013110501"}},{"arcs":[[1256,1257,1258,-1254]],"type":"Polygon","properties":{"id":"14000US04013110502"}},{"arcs":[[1259,1260,1261,1262]],"type":"Polygon","properties":{"id":"14000US04013110802"}},{"arcs":[[1263,1264,1265,-1261,1266]],"type":"Polygon","properties":{"id":"14000US04013110901"}},{"arcs":[[1267,1268,1269,1270]],"type":"Polygon","properties":{"id":"14000US04013116731"}},{"arcs":[[-1249,1271,1272,1273]],"type":"Polygon","properties":{"id":"14000US04013117000"}},{"arcs":[[-1054,1274,1275,1276]],"type":"Polygon","properties":{"id":"14000US04013619700"}},{"arcs":[[-1276,1277,1278,1279]],"type":"Polygon","properties":{"id":"14000US04013619800"}},{"arcs":[[-1275,-1053,1280,-986,1281,1282,-1278]],"type":"Polygon","properties":{"id":"14000US04013619900"}},{"arcs":[[1283,1284,1285,1286]],"type":"Polygon","properties":{"id":"14000US04013810000"}},{"arcs":[[-1285,1287,1288,1289,1290,1291,1292,1293,1294]],"type":"Polygon","properties":{"id":"14000US04013810100"}},{"arcs":[[-1291,1295,1296,1297,1298]],"type":"Polygon","properties":{"id":"14000US04013810300"}},{"arcs":[[1299,1300,1301,1302,1303,1304]],"type":"Polygon","properties":{"id":"14000US04013422623"}},{"arcs":[[1305,1306,1307,1308,1309]],"type":"Polygon","properties":{"id":"14000US04013422632"}},{"arcs":[[1310,1311,-1231,-1227,1312]],"type":"Polygon","properties":{"id":"14000US04013422636"}},{"arcs":[[1313,1314,1315,1316]],"type":"Polygon","properties":{"id":"14000US04013422637"}},{"arcs":[[1317,1318,1319,1320,1321,1322,1323,1324,1325,1326]],"type":"Polygon","properties":{"id":"14000US04013050611"}},{"arcs":[[-1090,1327,1328,1329]],"type":"Polygon","properties":{"id":"14000US04013105502"}},{"arcs":[[1330,1331,1332,1333,1334,1335,1336]],"type":"Polygon","properties":{"id":"14000US04013030401"}},{"arcs":[[1337,1338,1339,1340,1341,1342]],"type":"Polygon","properties":{"id":"14000US04013040529"}},{"arcs":[[1343,1344,1345]],"type":"Polygon","properties":{"id":"14000US04013061017"}},{"arcs":[[1346,1347,1348,1349]],"type":"Polygon","properties":{"id":"14000US04013061034"}},{"arcs":[[-1091,-1330,1350,-1145,1351,1352]],"type":"Polygon","properties":{"id":"14000US04013105501"}},{"arcs":[[1353,1354,1355,1356,1357]],"type":"Polygon","properties":{"id":"14000US04013217203"}},{"arcs":[[1358,1359,1360,1361,1362,1363]],"type":"Polygon","properties":{"id":"14000US04013420402"}},{"arcs":[[1364,1365,-1161,-1158]],"type":"Polygon","properties":{"id":"14000US04013106702"}},{"arcs":[[-1341,1366,1367,1368,1369]],"type":"Polygon","properties":{"id":"14000US04013040531"}},{"arcs":[[1370,1371,1372,1373]],"type":"Polygon","properties":{"id":"14000US04015950706"}},{"arcs":[[-1374,1374,-12,1375]],"type":"Polygon","properties":{"id":"14000US04015950703"}},{"arcs":[[1376,-1286,-1295,1377,1378,1379,1380]],"type":"Polygon","properties":{"id":"14000US04013810400"}},{"arcs":[[-1294,1381,1382,-1378]],"type":"Polygon","properties":{"id":"14000US04013810500"}},{"arcs":[[-1293,1383,1384,1385,-1382]],"type":"Polygon","properties":{"id":"14000US04013810600"}},{"arcs":[[-1298,1386,1387,1388]],"type":"Polygon","properties":{"id":"14000US04013810800"}},{"arcs":[[-1383,1389,1390,1391]],"type":"Polygon","properties":{"id":"14000US04013810900"}},{"arcs":[[-1386,1392,1393,-1390]],"type":"Polygon","properties":{"id":"14000US04013811000"}},{"arcs":[[1394,1395,1396,1397,-1393]],"type":"Polygon","properties":{"id":"14000US04013811100"}},{"arcs":[[1398,1399,1400]],"type":"Polygon","properties":{"id":"14000US04013811500"}},{"arcs":[[1401,1402,-1061,1403]],"type":"Polygon","properties":{"id":"14000US04013811600"}},{"arcs":[[-1400,1404,1405,-1062,-1403]],"type":"Polygon","properties":{"id":"14000US04013811700"}},{"arcs":[[-1316,1406,1407,-1232,-1312]],"type":"Polygon","properties":{"id":"14000US04013422638"}},{"arcs":[[1408,1409,1410,1411,1412]],"type":"Polygon","properties":{"id":"14000US04013422640"}},{"arcs":[[1413,-1217,1414,1415,1416,-1405,-1399,1417]],"type":"Polygon","properties":{"id":"14000US04013814900"}},{"arcs":[[-1221,1418,1419,-1415]],"type":"Polygon","properties":{"id":"14000US04013815000"}},{"arcs":[[-1225,1420,1421,1422,1423]],"type":"Polygon","properties":{"id":"14000US04013815100"}},{"arcs":[[-1417,1424,1425,-1063,-1406]],"type":"Polygon","properties":{"id":"14000US04013815300"}},{"arcs":[[1426,-1009,1427,1428,1429,1430]],"type":"Polygon","properties":{"id":"14000US04013071509"}},{"arcs":[[1431,1432,1433,1434,1435,-955]],"type":"Polygon","properties":{"id":"14000US04013071506"}},{"arcs":[[-1014,-1018,1436,1437,1438,-1428,-1008]],"type":"Polygon","properties":{"id":"14000US04013071511"}},{"arcs":[[1439,1440,1441,1442]],"type":"Polygon","properties":{"id":"14000US04013082012"}},{"arcs":[[1443,-1353,1444,1445]],"type":"Polygon","properties":{"id":"14000US04013105601"}},{"arcs":[[1446,1447,1448,1449]],"type":"Polygon","properties":{"id":"14000US04013105702"}},{"arcs":[[1450,1451,1452,1453]],"type":"Polygon","properties":{"id":"14000US04013421102"}},{"arcs":[[1454,1455,1456,1457]],"type":"Polygon","properties":{"id":"14000US04013421801"}},{"arcs":[[1458,1459,-1455,1460]],"type":"Polygon","properties":{"id":"14000US04013421802"}},{"arcs":[[1461,-1461,1462,1463,1464]],"type":"Polygon","properties":{"id":"14000US04013421902"}},{"arcs":[[1465,-1449,1466,1467,1468,1469]],"type":"Polygon","properties":{"id":"14000US04013105800"}},{"arcs":[[-1328,1470,1471,1472,1473]],"type":"Polygon","properties":{"id":"14000US04013105400"}},{"arcs":[[1474,-1445,1475,1476,-1467]],"type":"Polygon","properties":{"id":"14000US04013105900"}},{"arcs":[[-1473,1477,-1365,-1157,-1150,-1147]],"type":"Polygon","properties":{"id":"14000US04013106100"}},{"arcs":[[1478,1479,1480,-1478]],"type":"Polygon","properties":{"id":"14000US04013106200"}},{"arcs":[[1481,1482,-1153,1483,-1480]],"type":"Polygon","properties":{"id":"14000US04013106300"}},{"arcs":[[1484,1485,1486,1487]],"type":"Polygon","properties":{"id":"14000US04013110002"}},{"arcs":[[1488,1489,1490,1491,1492,-1486]],"type":"Polygon","properties":{"id":"14000US04013110100"}},{"arcs":[[1493,-1256,1494,-1272]],"type":"Polygon","properties":{"id":"14000US04013110400"}},{"arcs":[[1495,1496,1497,1498,-1258]],"type":"Polygon","properties":{"id":"14000US04013110600"}},{"arcs":[[-1183,1499,1500,-1498]],"type":"Polygon","properties":{"id":"14000US04013110701"}},{"arcs":[[-1182,-1237,1501,-1263,1502,-1500]],"type":"Polygon","properties":{"id":"14000US04013110702"}},{"arcs":[[1503,1504,1505,1506,1507]],"type":"Polygon","properties":{"id":"14000US04013216820"}},{"arcs":[[-1439,1508,1509,-1429]],"type":"Polygon","properties":{"id":"14000US04013071513"}},{"arcs":[[1510,-1453,1511,1512,1513]],"type":"Polygon","properties":{"id":"14000US04013421302"}},{"arcs":[[1514,1515,1516,1517,1518]],"type":"Polygon","properties":{"id":"14000US04013092309"}},{"arcs":[[1519,1520,1521,1522]],"type":"Polygon","properties":{"id":"14000US04013092500"}},{"arcs":[[1523,1524,-919,-923,1525,1526]],"type":"Polygon","properties":{"id":"14000US04013092305"}},{"arcs":[[1527,-1519,-1520,-920]],"type":"Polygon","properties":{"id":"14000US04013092307"}},{"arcs":[[1528,1529,-1515,1530]],"type":"Polygon","properties":{"id":"14000US04013092308"}},{"arcs":[[-924,-921,-1523,-982,1531]],"type":"Polygon","properties":{"id":"14000US04013092600"}},{"arcs":[[1532,1533,1534,1535,1536]],"type":"Polygon","properties":{"id":"14000US04013422649"}},{"arcs":[[-1412,1537,1538,1539,1540]],"type":"Polygon","properties":{"id":"14000US04013422655"}},{"arcs":[[1541,1542,1543,1544]],"type":"Polygon","properties":{"id":"14000US04013422651"}},{"arcs":[[1545,1546,-774,-634,1547]],"type":"Polygon","properties":{"id":"14000US04019005400"}},{"arcs":[[-568,1548,1549,1550,1551,1552,-581]],"type":"Polygon","properties":{"id":"14000US04019980002"}},{"arcs":[[-1552,1553,1554]],"type":"Polygon","properties":{"id":"14000US04019980001"}},{"arcs":[[-647,-645,-643,1555,-825,1556,-1548,-638,-641,-586,-587,-592]],"type":"Polygon","properties":{"id":"14000US04019002509"}},{"arcs":[[-826,-1556,-642,-436]],"type":"Polygon","properties":{"id":"14000US04019980400"}},{"arcs":[[1557,1558,1559,-1387]],"type":"Polygon","properties":{"id":"14000US04013523006"}},{"arcs":[[1560,1561,-1404,-1060,1562]],"type":"Polygon","properties":{"id":"14000US04013523102"}},{"arcs":[[-1560,1563,1564,1565]],"type":"Polygon","properties":{"id":"14000US04013523103"}},{"arcs":[[1566,1567,1568,1569,1570]],"type":"Polygon","properties":{"id":"14000US04013422102"}},{"arcs":[[-1570,1571,1572,1573]],"type":"Polygon","properties":{"id":"14000US04013422103"}},{"arcs":[[-1571,-1574,1574,1575,1576]],"type":"Polygon","properties":{"id":"14000US04013422104"}},{"arcs":[[1577,1578,1579,1580]],"type":"Polygon","properties":{"id":"14000US04013422105"}},{"arcs":[[-1513,1581,-1578,-1568]],"type":"Polygon","properties":{"id":"14000US04013422106"}},{"arcs":[[-1569,-1581,1582,-1572]],"type":"Polygon","properties":{"id":"14000US04013422107"}},{"arcs":[[1583,-1580,1584,1585,1586]],"type":"Polygon","properties":{"id":"14000US04013422203"}},{"arcs":[[1587,1588,1589,1590,1591]],"type":"Polygon","properties":{"id":"14000US04013422209"}},{"arcs":[[1592,1593,-1391,-1394,-1398,1594,1595,1596,1597,1598,1599,1600]],"type":"Polygon","properties":{"id":"14000US04013941100"}},{"arcs":[[1601,1602,1603,1604,1605]],"type":"Polygon","properties":{"id":"14000US04013217700"}},{"arcs":[[1606,1607,1608,1609]],"type":"Polygon","properties":{"id":"14000US04013319600"}},{"arcs":[[-1463,-1458,1610,1611]],"type":"Polygon","properties":{"id":"14000US04013421901"}},{"arcs":[[1612,1613,1614,1615]],"type":"Polygon","properties":{"id":"14000US04013422501"}},{"arcs":[[1616,-1616,1617,-1456,-1460]],"type":"Polygon","properties":{"id":"14000US04013422502"}},{"arcs":[[1618,-1592,1619,1620]],"type":"Polygon","properties":{"id":"14000US04013422210"}},{"arcs":[[1621,-1621,-1296,1622]],"type":"Polygon","properties":{"id":"14000US04013422211"}},{"arcs":[[1623,1624,1625,1626]],"type":"Polygon","properties":{"id":"14000US04013422212"}},{"arcs":[[-1626,1627,1628,1629]],"type":"Polygon","properties":{"id":"14000US04013422213"}},{"arcs":[[-1586,1630,1631,1632]],"type":"Polygon","properties":{"id":"14000US04013422216"}},{"arcs":[[-1629,1633,-1622,1634]],"type":"Polygon","properties":{"id":"14000US04013422218"}},{"arcs":[[1635,1636,-1619,-1634]],"type":"Polygon","properties":{"id":"14000US04013422219"}},{"arcs":[[1637,1638,-1588,-1637]],"type":"Polygon","properties":{"id":"14000US04013422220"}},{"arcs":[[1639,-1611,1640,1641,-1585]],"type":"Polygon","properties":{"id":"14000US04013422301"}},{"arcs":[[-1457,1642,1643,-1641]],"type":"Polygon","properties":{"id":"14000US04013422302"}},{"arcs":[[1644,-244,1645,1646,1647]],"type":"Polygon","properties":{"id":"14000US04005001201"}},{"arcs":[[1648,1649,1650,1651,1652,1653]],"type":"Polygon","properties":{"id":"14000US04005002301"}},{"arcs":[[1654,-225,1655,-241]],"type":"Polygon","properties":{"id":"14000US04005000301"}},{"arcs":[[1656,-1648,1657,1658]],"type":"Polygon","properties":{"id":"14000US04005980200"}},{"arcs":[[1659,1660,1661,1662,1663,1664,1665,1666]],"type":"Polygon","properties":{"id":"14000US04005000602"}},{"arcs":[[1667,1668,-234]],"type":"Polygon","properties":{"id":"14000US04005002101"}},{"arcs":[[-1658,-1647,1669,-227,1670,1671]],"type":"Polygon","properties":{"id":"14000US04005001103"}},{"arcs":[[1672,1673,1674,1675,1676,1677,-221,-1655,-240,1678,-1659,-1672,1679,1680,1681,1682,1683,1684,1685,1686,1687,1688,1689,-1650]],"type":"Polygon","properties":{"id":"14000US04005002201"}},{"arcs":[[1690,-1633,1691,1692]],"type":"Polygon","properties":{"id":"14000US04013422222"}},{"arcs":[[-1408,1693,1694,-1300,-1233]],"type":"Polygon","properties":{"id":"14000US04013422622"}},{"arcs":[[1695,1696,-1099,1697]],"type":"Polygon","properties":{"id":"14000US04013216830"}},{"arcs":[[1698,1699,1700,1701,1702,1703]],"type":"Polygon","properties":{"id":"14000US04013216833"}},{"arcs":[[1704,1705,1706,1707,-1701,1708]],"type":"Polygon","properties":{"id":"14000US04013216837"}},{"arcs":[[1709,1710,1711,1712,1713]],"type":"Polygon","properties":{"id":"14000US04013216838"}},{"arcs":[[-749,-1550,1714,-1135]],"type":"Polygon","properties":{"id":"14000US04019004115"}},{"arcs":[[1715,-1081,-1114,1716,-1597]],"type":"Polygon","properties":{"id":"14000US04013980500"}},{"arcs":[[-1379,-1392,-1594,1717]],"type":"Polygon","properties":{"id":"14000US04013980400"}},{"arcs":[[1718,1719,-1562,1720]],"type":"Polygon","properties":{"id":"14000US04013522904"}},{"arcs":[[1721,1722,1723,1724,1725,1726,1727]],"type":"Polygon","properties":{"id":"14000US04013610700"}},{"arcs":[[1728,1729,1730,1731,1732,1733]],"type":"Polygon","properties":{"id":"14000US04013611200"}},{"arcs":[[1734,1735,1736,1737,1738,1739,-1731]],"type":"Polygon","properties":{"id":"14000US04013611700"}},{"arcs":[[1740,1741,1742,-1738]],"type":"Polygon","properties":{"id":"14000US04013611800"}},{"arcs":[[1743,1744,1745]],"type":"Polygon","properties":{"id":"14000US04013612600"}},{"arcs":[[1746,1747,1748,1749,1750]],"type":"Polygon","properties":{"id":"14000US04027011405"}},{"arcs":[[-1751,1751,1752,1753]],"type":"Polygon","properties":{"id":"14000US04027011403"}},{"arcs":[[1754,1755,-152]],"type":"Polygon","properties":{"id":"14000US04027011503"}},{"arcs":[[1756,1757,1758,1759,1760]],"type":"Polygon","properties":{"id":"14000US04027011700"}},{"arcs":[[-95,1761,-1761,1762,1763,1764,-72]],"type":"Polygon","properties":{"id":"14000US04027010911"}},{"arcs":[[1765,1766,1767,1768,1769]],"type":"Polygon","properties":{"id":"14000US04019004323"}},{"arcs":[[1770,-1769,1771,-836,1772]],"type":"Polygon","properties":{"id":"14000US04019004326"}},{"arcs":[[-741,1773,1774,1775]],"type":"Polygon","properties":{"id":"14000US04019004640"}},{"arcs":[[1776,1777,1778,1779,1780]],"type":"Polygon","properties":{"id":"14000US04013040525"}},{"arcs":[[-1780,1781,1782,1783,1784]],"type":"Polygon","properties":{"id":"14000US04013040526"}},{"arcs":[[-1779,1785,1786,1787,-1782]],"type":"Polygon","properties":{"id":"14000US04013040527"}},{"arcs":[[1788,1789,1790,-949,1791,1792,1793,1794]],"type":"Polygon","properties":{"id":"14000US04013060801"}},{"arcs":[[1795,1796,-1314,1797,1798]],"type":"Polygon","properties":{"id":"14000US04013422624"}},{"arcs":[[-840,-366,-820,1799,-349,-353,-356]],"type":"Polygon","properties":{"id":"14000US04019005300"}},{"arcs":[[1800,1801,1802,1803,1804,1805,1806,1807,1808,1809]],"type":"Polygon","properties":{"id":"14000US04019004073"}},{"arcs":[[1810,1811,-794,1812,1813]],"type":"Polygon","properties":{"id":"14000US04019004332"}},{"arcs":[[-769,1814,1815,-827,-438,-389,1816,1817,-433,1818,1819]],"type":"Polygon","properties":{"id":"14000US04019004422"}},{"arcs":[[1820,-736,1821,-1810,1822,-398,-1134,-1139]],"type":"Polygon","properties":{"id":"14000US04019004118"}},{"arcs":[[1823,1824,1825,-1797,1826]],"type":"Polygon","properties":{"id":"14000US04013422625"}},{"arcs":[[1827,1828,1829,1830,1831,-1825]],"type":"Polygon","properties":{"id":"14000US04013422626"}},{"arcs":[[1832,1833,-1306,1834,-1830]],"type":"Polygon","properties":{"id":"14000US04013422627"}},{"arcs":[[1835,1836,1837,1838,1839,-1834]],"type":"Polygon","properties":{"id":"14000US04013422628"}},{"arcs":[[1840,-181,1841,1842,-1838]],"type":"Polygon","properties":{"id":"14000US04013422629"}},{"arcs":[[-1840,1843,1844,-1307]],"type":"Polygon","properties":{"id":"14000US04013422630"}},{"arcs":[[1845,1846,1847,1848]],"type":"Polygon","properties":{"id":"14000US04013422633"}},{"arcs":[[1849,1850,-1705,1851,-1712]],"type":"Polygon","properties":{"id":"14000US04013216839"}},{"arcs":[[1852,1853,1854,1855,1856]],"type":"Polygon","properties":{"id":"14000US04013216840"}},{"arcs":[[-1856,1857,1858,1859]],"type":"Polygon","properties":{"id":"14000US04013216841"}},{"arcs":[[-1859,1860,1861,1862]],"type":"Polygon","properties":{"id":"14000US04013216842"}},{"arcs":[[-1862,1863,1864,1865,1866]],"type":"Polygon","properties":{"id":"14000US04013216844"}},{"arcs":[[-1866,1867,1868,1869,1870,1871]],"type":"Polygon","properties":{"id":"14000US04013216845"}},{"arcs":[[-1745,1872,1873,1874]],"type":"Polygon","properties":{"id":"14000US04013612700"}},{"arcs":[[-1875,1875,1876,1877]],"type":"Polygon","properties":{"id":"14000US04013612800"}},{"arcs":[[1878,-1877,1879,1880,1881,-1857,1882,1883,-959,1884]],"type":"Polygon","properties":{"id":"14000US04013613300"}},{"arcs":[[1885,1886,1887,1888]],"type":"Polygon","properties":{"id":"14000US04013613800"}},{"arcs":[[-1888,1889,1890,1891,1892,1893]],"type":"Polygon","properties":{"id":"14000US04013613900"}},{"arcs":[[1894,-1733,1895,1896,-1891]],"type":"Polygon","properties":{"id":"14000US04013614000"}},{"arcs":[[1897,1898,-79,1899,-92]],"type":"Polygon","properties":{"id":"14000US04027010910"}},{"arcs":[[1900,1901,1902,1903,1904]],"type":"Polygon","properties":{"id":"14000US04027011108"}},{"arcs":[[1905,1906,1907,1908,1909,-1793]],"type":"Polygon","properties":{"id":"14000US04013060802"}},{"arcs":[[1910,-1794,-1910,1911,1912]],"type":"Polygon","properties":{"id":"14000US04013060901"}},{"arcs":[[-1912,-1909,1913,1914,1915,1916,1917]],"type":"Polygon","properties":{"id":"14000US04013060902"}},{"arcs":[[-1915,1918,1919,1920]],"type":"Polygon","properties":{"id":"14000US04013060903"}},{"arcs":[[1921,1922,1923,1924,1925,1926]],"type":"Polygon","properties":{"id":"14000US04013061010"}},{"arcs":[[1927,1928,1929,1930,1931,1932,1933]],"type":"Polygon","properties":{"id":"14000US04013061011"}},{"arcs":[[-1931,1934,-1443,1935,-1924]],"type":"Polygon","properties":{"id":"14000US04013061013"}},{"arcs":[[1936,1937,1938,1939]],"type":"Polygon","properties":{"id":"14000US04013061015"}},{"arcs":[[1940,1941,1942,1943]],"type":"Polygon","properties":{"id":"14000US04013061018"}},{"arcs":[[1944,-1849,-1694,-1407,-1315,-1826]],"type":"Polygon","properties":{"id":"14000US04013422639"}},{"arcs":[[1945,1946,1947,1948]],"type":"Polygon","properties":{"id":"14000US04013104301"}},{"arcs":[[1949,1950,1951,-1947]],"type":"Polygon","properties":{"id":"14000US04013104302"}},{"arcs":[[-1484,-1156,-1168,1952]],"type":"Polygon","properties":{"id":"14000US04013106501"}},{"arcs":[[1953,-1267,-1260,-1502]],"type":"Polygon","properties":{"id":"14000US04013110801"}},{"arcs":[[1954,1955,1956,-1265]],"type":"Polygon","properties":{"id":"14000US04013110902"}},{"arcs":[[1957,1958,1959,1960]],"type":"Polygon","properties":{"id":"14000US04013113502"}},{"arcs":[[1961,1962,1963,1964]],"type":"Polygon","properties":{"id":"14000US04013611000"}},{"arcs":[[-527,-448,-497,-419]],"type":"Polygon","properties":{"id":"14000US04019004628"}},{"arcs":[[1965,-502,1966]],"type":"Polygon","properties":{"id":"14000US04019004620"}},{"arcs":[[1967,1968,1969,1970,1971,1972]],"type":"Polygon","properties":{"id":"14000US04019004437"}},{"arcs":[[1973,1974,1975,-833]],"type":"Polygon","properties":{"id":"14000US04019004430"}},{"arcs":[[1976,-1964,1977]],"type":"Polygon","properties":{"id":"14000US04013611100"}},{"arcs":[[1978,1979,-1735,-1730,1980]],"type":"Polygon","properties":{"id":"14000US04013611400"}},{"arcs":[[-1897,1981,1982,1983,-1892]],"type":"Polygon","properties":{"id":"14000US04013614100"}},{"arcs":[[-1732,-1740,1984,1985,-1982,-1896]],"type":"Polygon","properties":{"id":"14000US04013614200"}},{"arcs":[[-1739,-1743,1986,1987,-963,1988,-1985]],"type":"Polygon","properties":{"id":"14000US04013614300"}},{"arcs":[[1989,1990,1991,-1988]],"type":"Polygon","properties":{"id":"14000US04013614400"}},{"arcs":[[1992,1993,1994,-944]],"type":"Polygon","properties":{"id":"14000US04013615300"}},{"arcs":[[1995,-1893,1996,-956,-1085]],"type":"Polygon","properties":{"id":"14000US04013615600"}},{"arcs":[[-1926,1997,1998,1999,-1942,2000]],"type":"Polygon","properties":{"id":"14000US04013061020"}},{"arcs":[[-1925,2001,2002,-1998]],"type":"Polygon","properties":{"id":"14000US04013061021"}},{"arcs":[[-1787,2003,2004,2005,2006]],"type":"Polygon","properties":{"id":"14000US04013061026"}},{"arcs":[[2007,2008,2009,2010,-2005]],"type":"Polygon","properties":{"id":"14000US04013061027"}},{"arcs":[[2011,-1369,2012,-1347,2013,-2009]],"type":"Polygon","properties":{"id":"14000US04013061028"}},{"arcs":[[2014,2015,-1273,2016,2017,2018,2019,2020]],"type":"Polygon","properties":{"id":"14000US04013116800"}},{"arcs":[[-1251,-1242,-1274,-2016,2021,-1490]],"type":"Polygon","properties":{"id":"14000US04013116900"}},{"arcs":[[2022,2023,2024,2025]],"type":"Polygon","properties":{"id":"14000US04013040514"}},{"arcs":[[-1342,-1370,-2012,2026]],"type":"Polygon","properties":{"id":"14000US04013040530"}},{"arcs":[[-1326,2027,2028]],"type":"Polygon","properties":{"id":"14000US04013050701"}},{"arcs":[[2029,2030,2031,2032,2033,2034]],"type":"Polygon","properties":{"id":"14000US04023966200"}},{"arcs":[[-2028,-1325,2035]],"type":"Polygon","properties":{"id":"14000US04013050702"}},{"arcs":[[2036,2037,2038,-1736,-1980]],"type":"Polygon","properties":{"id":"14000US04013611500"}},{"arcs":[[2039,-1741,-1737,-2039]],"type":"Polygon","properties":{"id":"14000US04013611600"}},{"arcs":[[2040,2041,2042,2043,-1742,-2040,-2038]],"type":"Polygon","properties":{"id":"14000US04013611900"}},{"arcs":[[2044,2045,-1726,2046,2047,2048]],"type":"Polygon","properties":{"id":"14000US04013612000"}},{"arcs":[[-2048,2049,2050,2051,2052]],"type":"Polygon","properties":{"id":"14000US04013612200"}},{"arcs":[[-1870,2053,2054,2055,2056]],"type":"Polygon","properties":{"id":"14000US04013216850"}},{"arcs":[[-2056,2057,-1710,2058]],"type":"Polygon","properties":{"id":"14000US04013216852"}},{"arcs":[[-2055,2059,2060,-1850,-1711,-2058]],"type":"Polygon","properties":{"id":"14000US04013216853"}},{"arcs":[[-1984,2061,-1006,-1997]],"type":"Polygon","properties":{"id":"14000US04013615700"}},{"arcs":[[2062,2063,2064]],"type":"Polygon","properties":{"id":"14000US04023966402"}},{"arcs":[[2065,2066,2067,2068,2069,2070,2071,2072]],"type":"Polygon","properties":{"id":"14000US04023966000"}},{"arcs":[[2073,2074,-2073,2075,2076,-783]],"type":"Polygon","properties":{"id":"14000US04023966101"}},{"arcs":[[2077,-2065,2078,-2033]],"type":"Polygon","properties":{"id":"14000US04023966401"}},{"arcs":[[-2010,2079,2080]],"type":"Polygon","properties":{"id":"14000US04013061032"}},{"arcs":[[-2014,-1350,2081,-2080]],"type":"Polygon","properties":{"id":"14000US04013061033"}},{"arcs":[[2082,-1913,-1918,2083,-1348]],"type":"Polygon","properties":{"id":"14000US04013061035"}},{"arcs":[[-2082,2084,2085,2086]],"type":"Polygon","properties":{"id":"14000US04013061037"}},{"arcs":[[-2086,2087,2088,2089]],"type":"Polygon","properties":{"id":"14000US04013061038"}},{"arcs":[[-1349,-2084,2090,2091,2092,-2088,-2085]],"type":"Polygon","properties":{"id":"14000US04013061039"}},{"arcs":[[-1917,2093,2094,-2091]],"type":"Polygon","properties":{"id":"14000US04013061040"}},{"arcs":[[-1916,-1921,2095,-2094]],"type":"Polygon","properties":{"id":"14000US04013061041"}},{"arcs":[[-1920,2096,2097,2098]],"type":"Polygon","properties":{"id":"14000US04013061042"}},{"arcs":[[2099,2100,2101,2102,2103]],"type":"Polygon","properties":{"id":"14000US04013061024"}},{"arcs":[[2104,2105,2106,2107,2108,2109,2110]],"type":"Polygon","properties":{"id":"14000US04013117200"}},{"arcs":[[2111,2112,2113,2114]],"type":"Polygon","properties":{"id":"14000US04013420503"}},{"arcs":[[2115,-1514,-1567,-1577,2116]],"type":"Polygon","properties":{"id":"14000US04013421304"}},{"arcs":[[-1434,2117,2118,2119,2120]],"type":"Polygon","properties":{"id":"14000US04013071516"}},{"arcs":[[2121,2122,2123,2124,-2119]],"type":"Polygon","properties":{"id":"14000US04013071517"}},{"arcs":[[2125,2126,2127,2128,2129]],"type":"Polygon","properties":{"id":"14000US04013420107"}},{"arcs":[[2130,2131,2132,-2128]],"type":"Polygon","properties":{"id":"14000US04013420108"}},{"arcs":[[-1874,2133,2134,-1880,-1876]],"type":"Polygon","properties":{"id":"14000US04013612900"}},{"arcs":[[2135,2136,-1881,-2135,2137]],"type":"Polygon","properties":{"id":"14000US04013613200"}},{"arcs":[[2138,2139,-1993,-943,2140]],"type":"Polygon","properties":{"id":"14000US04013613400"}},{"arcs":[[2141,2142,-2089,-2093,2143,-1928,2144,2145,2146]],"type":"Polygon","properties":{"id":"14000US04013061044"}},{"arcs":[[-2146,2147,2148,2149,-1922,2150,2151,2152,2153]],"type":"Polygon","properties":{"id":"14000US04013061045"}},{"arcs":[[-1933,2154,-2149,2155]],"type":"Polygon","properties":{"id":"14000US04013061046"}},{"arcs":[[-2155,-1932,-1923,-2150]],"type":"Polygon","properties":{"id":"14000US04013061047"}},{"arcs":[[2156,2157,2158,-918,2159]],"type":"Polygon","properties":{"id":"14000US04013061402"}},{"arcs":[[2160,-1431,-2122,-2118,-1433]],"type":"Polygon","properties":{"id":"14000US04013071515"}},{"arcs":[[2161,2162,2163,2164]],"type":"Polygon","properties":{"id":"14000US04013071701"}},{"arcs":[[2165,2166,2167,2168,-2163,2169]],"type":"Polygon","properties":{"id":"14000US04013071702"}},{"arcs":[[-2125,2170,2171,2172]],"type":"Polygon","properties":{"id":"14000US04013071912"}},{"arcs":[[2173,2174,-2171,-2124]],"type":"Polygon","properties":{"id":"14000US04013071913"}},{"arcs":[[2175,2176,2177,2178]],"type":"Polygon","properties":{"id":"14000US04013071914"}},{"arcs":[[2179,-1527,2180,-2177]],"type":"Polygon","properties":{"id":"14000US04013071915"}},{"arcs":[[2181,2182,2183,2184,2185,2186]],"type":"Polygon","properties":{"id":"14000US04013082016"}},{"arcs":[[-1442,2187,2188,2189]],"type":"Polygon","properties":{"id":"14000US04013082019"}},{"arcs":[[-2189,2190,2191,2192,2193]],"type":"Polygon","properties":{"id":"14000US04013082020"}},{"arcs":[[2194,-2186,2195,-2191,-2188]],"type":"Polygon","properties":{"id":"14000US04013082021"}},{"arcs":[[2196,2197,2198,2199,-1994,-2140]],"type":"Polygon","properties":{"id":"14000US04013613500"}},{"arcs":[[2200,-1889,-1894,-1996,-1084,2201]],"type":"Polygon","properties":{"id":"14000US04013613700"}},{"arcs":[[2202,-2129,-2133,2203,2204,2205]],"type":"Polygon","properties":{"id":"14000US04013420109"}},{"arcs":[[2206,2207,2208]],"type":"Polygon","properties":{"id":"14000US04013420111"}},{"arcs":[[-1938,2209,-2193,2210,2211,2212]],"type":"Polygon","properties":{"id":"14000US04013082022"}},{"arcs":[[-2192,2213,2214,-2211]],"type":"Polygon","properties":{"id":"14000US04013082023"}},{"arcs":[[-2196,2215,2216,-2214]],"type":"Polygon","properties":{"id":"14000US04013082024"}},{"arcs":[[-2212,2217,2218,-915,2219]],"type":"Polygon","properties":{"id":"14000US04013082025"}},{"arcs":[[2220,-916,-2219]],"type":"Polygon","properties":{"id":"14000US04013082026"}},{"arcs":[[-2215,-2217,2221,-906,-909,-2221,-2218]],"type":"Polygon","properties":{"id":"14000US04013082027"}},{"arcs":[[2222,2223,2224,2225,2226]],"type":"Polygon","properties":{"id":"14000US04013082028"}},{"arcs":[[-917,-912,-905,2227,2228,2229,2230]],"type":"Polygon","properties":{"id":"14000US04013082208"}},{"arcs":[[-1518,2231,2232,-1521]],"type":"Polygon","properties":{"id":"14000US04013092401"}},{"arcs":[[-1517,-1470,2233,-2232]],"type":"Polygon","properties":{"id":"14000US04013092402"}},{"arcs":[[2234,2235,2236,2237]],"type":"Polygon","properties":{"id":"14000US04013092715"}},{"arcs":[[-2237,2238,2239,2240]],"type":"Polygon","properties":{"id":"14000US04013092716"}},{"arcs":[[-1983,2241,-1011,-2062]],"type":"Polygon","properties":{"id":"14000US04013615800"}},{"arcs":[[-1986,2242,-1015,-1012,-2242]],"type":"Polygon","properties":{"id":"14000US04013615900"}},{"arcs":[[-1989,-966,2243,2244,-2243]],"type":"Polygon","properties":{"id":"14000US04013616000"}},{"arcs":[[-965,2245,-1020,-2244]],"type":"Polygon","properties":{"id":"14000US04013616200"}},{"arcs":[[2246,2247,2248]],"type":"Polygon","properties":{"id":"14000US04013420112"}},{"arcs":[[2249,2250,-1833,-1829,2251]],"type":"Polygon","properties":{"id":"14000US04013420114"}},{"arcs":[[2252,2253,2254,2255]],"type":"Polygon","properties":{"id":"14000US04013420216"}},{"arcs":[[-1364,2256,-2112,2257,2258,2259,2260]],"type":"Polygon","properties":{"id":"14000US04013420401"}},{"arcs":[[2261,2262,2263,2264,-2113]],"type":"Polygon","properties":{"id":"14000US04013420504"}},{"arcs":[[-2044,2265,2266,2267,-1990,-1987]],"type":"Polygon","properties":{"id":"14000US04013614500"}},{"arcs":[[2268,2269,-967,-940,2270]],"type":"Polygon","properties":{"id":"14000US04013614900"}},{"arcs":[[-219,-210,-207,-213,2271,-673]],"type":"Polygon","properties":{"id":"14000US04003001802"}},{"arcs":[[-216,-667,2272,-674,-2272]],"type":"Polygon","properties":{"id":"14000US04003001801"}},{"arcs":[[2273,2274,2275]],"type":"Polygon","properties":{"id":"14000US04003000503"}},{"arcs":[[2276,-1662,2277,-1660,2278]],"type":"Polygon","properties":{"id":"14000US04005000700"}},{"arcs":[[-1684,2279,2280,2281,-1666,2282,2283,2284,-848,2285,2286,2287,2288,2289,2290,2291,2292,2293,2294]],"type":"Polygon","properties":{"id":"14000US04005001500"}},{"arcs":[[-245,-1645,-1657,-1679]],"type":"Polygon","properties":{"id":"14000US04005000100"}},{"arcs":[[-1678,2295,2296,-1664,2297,-222]],"type":"Polygon","properties":{"id":"14000US04005000500"}},{"arcs":[[2298,-270,2299,2300,2301,2302]],"type":"Polygon","properties":{"id":"14000US04021000317"}},{"arcs":[[2303,2304,2305,2306,2307,2308,2309,2310,2311,2312]],"type":"Polygon","properties":{"id":"14000US04021002200"}},{"arcs":[[2313,-300,-880,2314]],"type":"Polygon","properties":{"id":"14000US04021000211"}},{"arcs":[[2315,2316,2317,2318]],"type":"Polygon","properties":{"id":"14000US04021001701"}},{"arcs":[[-2302,2319,2320,2321,2322,2323,2324,-1534,2325,2326]],"type":"Polygon","properties":{"id":"14000US04021000319"}},{"arcs":[[2327,2328,2329,2330,-172]],"type":"Polygon","properties":{"id":"14000US04021000311"}},{"arcs":[[-1646,-243,2331,-223,-2298,-1663,-2277,2332,-228,-1670]],"type":"Polygon","properties":{"id":"14000US04005000800"}},{"arcs":[[2333]],"type":"Polygon","properties":{"id":"14000US04005001700"}},{"arcs":[[2334,2335,2336,2337]],"type":"Polygon","properties":{"id":"14000US04025001801"}},{"arcs":[[2338,2339,2340,2341,2342,2343,2344,2345]],"type":"Polygon","properties":{"id":"14000US04025001403"}},{"arcs":[[2346,2347,2348,2349]],"type":"Polygon","properties":{"id":"14000US04025000608"}},{"arcs":[[2350,2351,2352,2353,2354,2355,2356,2357]],"type":"Polygon","properties":{"id":"14000US04025001002"}},{"arcs":[[-2349,2358,2359,2360,2361]],"type":"Polygon","properties":{"id":"14000US04025000609"}},{"arcs":[[2362,2363,2364,2365,2366,2367,2368,2369,-2343]],"type":"Polygon","properties":{"id":"14000US04025001402"}},{"arcs":[[2370,2371,2372,2373,-2292,2374,2375]],"type":"Polygon","properties":{"id":"14000US04025001602"}},{"arcs":[[2376,2377,2378,-2371,2379,2380,2381]],"type":"Polygon","properties":{"id":"14000US04025001601"}},{"arcs":[[2382,2383,2384,2385,-2293,-2374,2386]],"type":"Polygon","properties":{"id":"14000US04025001703"}},{"arcs":[[2387,2388,2389,-2382,2390,2391,2392]],"type":"Polygon","properties":{"id":"14000US04025002002"}},{"arcs":[[2393,2394,2395,2396,-2377,-2390,2397]],"type":"Polygon","properties":{"id":"14000US04025001701"}},{"arcs":[[-2362,2398,2399,2400]],"type":"Polygon","properties":{"id":"14000US04025000604"}},{"arcs":[[2401,2402,2403,2404,2405]],"type":"Polygon","properties":{"id":"14000US04025002001"}},{"arcs":[[2406,-2398,-2389,2407,-2404]],"type":"Polygon","properties":{"id":"14000US04025002003"}},{"arcs":[[2408,2409,2410,2411,-2366]],"type":"Polygon","properties":{"id":"14000US04025001401"}},{"arcs":[[-1652,2412,2413,2414,2415,2416,2417,2418,2419]],"type":"Polygon","properties":{"id":"14000US04025002100"}},{"arcs":[[2420,2421,2422,2423,2424,2425]],"type":"Polygon","properties":{"id":"14000US04013116707"}},{"arcs":[[-2424,2426,2427,2428,2429,2430,2431,2432]],"type":"Polygon","properties":{"id":"14000US04013116708"}},{"arcs":[[-2422,2433,2434,2435,-2428,2436]],"type":"Polygon","properties":{"id":"14000US04013116709"}},{"arcs":[[-2425,-2433,2437,2438,2439,2440]],"type":"Polygon","properties":{"id":"14000US04013116710"}},{"arcs":[[-2432,2441,2442,2443,-2438]],"type":"Polygon","properties":{"id":"14000US04013116711"}},{"arcs":[[2444,-1380,-1718,-1593,2445,2446]],"type":"Polygon","properties":{"id":"14000US04013116712"}},{"arcs":[[2447,2448,2449]],"type":"Polygon","properties":{"id":"14000US04021000603"}},{"arcs":[[2450,2451,2452,-2183]],"type":"Polygon","properties":{"id":"14000US04013082007"}},{"arcs":[[2453,-2179,2454,2455]],"type":"Polygon","properties":{"id":"14000US04013071911"}},{"arcs":[[2456,2457,2458,-2452]],"type":"Polygon","properties":{"id":"14000US04013082008"}},{"arcs":[[-2184,-2453,2459,2460,2461]],"type":"Polygon","properties":{"id":"14000US04013082009"}},{"arcs":[[2462,2463,-2238,-2241,2464,2465,2466]],"type":"Polygon","properties":{"id":"14000US04013092713"}},{"arcs":[[-983,-1522,2467,2468,2469,2470]],"type":"Polygon","properties":{"id":"14000US04013092900"}},{"arcs":[[2471,2472,-1524,2473]],"type":"Polygon","properties":{"id":"14000US04013104222"}},{"arcs":[[2474,2475,-2472,2476]],"type":"Polygon","properties":{"id":"14000US04013104223"}},{"arcs":[[2477,2478,2479,2480]],"type":"Polygon","properties":{"id":"14000US04013104218"}},{"arcs":[[2481,2482,2483,-2476]],"type":"Polygon","properties":{"id":"14000US04013104224"}},{"arcs":[[-793,-664,2484,-490]],"type":"Polygon","properties":{"id":"14000US04019004510"}},{"arcs":[[-1806,2485,2486,2487,2488,2489]],"type":"Polygon","properties":{"id":"14000US04019004074"}},{"arcs":[[-1023,2490,-2478,2491]],"type":"Polygon","properties":{"id":"14000US04013104225"}},{"arcs":[[2492,-1529,2493]],"type":"Polygon","properties":{"id":"14000US04013104227"}},{"arcs":[[-2480,2494,2495,-2483]],"type":"Polygon","properties":{"id":"14000US04013104219"}},{"arcs":[[-2484,2496,-2494,2497,-2473]],"type":"Polygon","properties":{"id":"14000US04013104221"}},{"arcs":[[2498,2499,2500,2501,2502,-1095,-1001]],"type":"Polygon","properties":{"id":"14000US04013104801"}},{"arcs":[[2503,2504,-2499,-1000]],"type":"Polygon","properties":{"id":"14000US04013104802"}},{"arcs":[[2505,2506,2507,-2500,-2505]],"type":"Polygon","properties":{"id":"14000US04013104900"}},{"arcs":[[2508,-2502,2509,2510,2511,2512,-1483]],"type":"Polygon","properties":{"id":"14000US04013105102"}},{"arcs":[[2513,2514,2515,2516]],"type":"Polygon","properties":{"id":"14000US04013115801"}},{"arcs":[[-380,2517,2518,-1802,2519]],"type":"Polygon","properties":{"id":"14000US04019004063"}},{"arcs":[[2520,-2486,-1805]],"type":"Polygon","properties":{"id":"14000US04019004065"}},{"arcs":[[-1804,2521,-2487,-2521]],"type":"Polygon","properties":{"id":"14000US04019004066"}},{"arcs":[[2522,2523,-821,-777,2524]],"type":"Polygon","properties":{"id":"14000US04019004424"}},{"arcs":[[2525,2526,2527,2528,2529]],"type":"Polygon","properties":{"id":"14000US04013107102"}},{"arcs":[[2530,2531,2532,-2527]],"type":"Polygon","properties":{"id":"14000US04013107201"}},{"arcs":[[2533,-1171,2534,2535]],"type":"Polygon","properties":{"id":"14000US04013107500"}},{"arcs":[[2536,2537,-1235,-1180,-1172]],"type":"Polygon","properties":{"id":"14000US04013107700"}},{"arcs":[[2538,-2512,2539,-1179,2540,-2538]],"type":"Polygon","properties":{"id":"14000US04013107800"}},{"arcs":[[2541,2542,2543,2544,2545]],"type":"Polygon","properties":{"id":"14000US04013111100"}},{"arcs":[[-2544,2546,2547,2548,2549]],"type":"Polygon","properties":{"id":"14000US04013111201"}},{"arcs":[[-2549,2550,2551,2552]],"type":"Polygon","properties":{"id":"14000US04013111202"}},{"arcs":[[2553,-2447,2554,2555]],"type":"Polygon","properties":{"id":"14000US04013116713"}},{"arcs":[[2556,-2556,2557,2558,2559]],"type":"Polygon","properties":{"id":"14000US04013116714"}},{"arcs":[[-2437,-2427,-2423]],"type":"Polygon","properties":{"id":"14000US04013116715"}},{"arcs":[[-2430,-1287,-1377,2560,2561]],"type":"Polygon","properties":{"id":"14000US04013116717"}},{"arcs":[[-2431,-2562,2562,-2442]],"type":"Polygon","properties":{"id":"14000US04013116718"}},{"arcs":[[2563,-2443,-2563,-2561,-1381,-2445,2564]],"type":"Polygon","properties":{"id":"14000US04013116719"}},{"arcs":[[2565,-2439,-2444,-2564,2566]],"type":"Polygon","properties":{"id":"14000US04013116720"}},{"arcs":[[-1708,2567,2568,2569,2570,2571,-1702]],"type":"Polygon","properties":{"id":"14000US04013216809"}},{"arcs":[[2572,2573,2574,-1704,2575,2576]],"type":"Polygon","properties":{"id":"14000US04013216810"}},{"arcs":[[2577,2578,2579,2580],[2581]],"type":"Polygon","properties":{"id":"14000US04017942400"}},{"arcs":[[-2287,2582,-706,-708,-624,-478,-633,-699,-697,2583,2584,-263,2585]],"type":"Polygon","properties":{"id":"14000US04017940100"}},{"arcs":[[2586,2587,-841,-2285]],"type":"Polygon","properties":{"id":"14000US04017960600"}},{"arcs":[[2588,2589,-2581,2590,2591,2592]],"type":"Polygon","properties":{"id":"14000US04017942300"}},{"arcs":[[-846,-852,2593,2594,-246]],"type":"Polygon","properties":{"id":"14000US04017960200"}},{"arcs":[[-2582]],"type":"Polygon","properties":{"id":"14000US04017942500"}},{"arcs":[[2595,-842,-2588]],"type":"Polygon","properties":{"id":"14000US04017960400"}},{"arcs":[[-2137,2596,-1333,2597,-1853,-1882]],"type":"Polygon","properties":{"id":"14000US04013216822"}},{"arcs":[[-423,-429,-523,2598,2599]],"type":"Polygon","properties":{"id":"14000US04019004644"}},{"arcs":[[-424,-2600,2600,2601]],"type":"Polygon","properties":{"id":"14000US04019004645"}},{"arcs":[[2602,-2601,-2599,-524,-404,-405,2603]],"type":"Polygon","properties":{"id":"14000US04019004646"}},{"arcs":[[2604,2605,2606,2607,-2117,2608,2609]],"type":"Polygon","properties":{"id":"14000US04013319300"}},{"arcs":[[2610,2611,2612,2613,2614]],"type":"Polygon","properties":{"id":"14000US04013319401"}},{"arcs":[[2615,2616,2617,2618,-2613]],"type":"Polygon","properties":{"id":"14000US04013319402"}},{"arcs":[[2619,-2209,-2250,2620,2621]],"type":"Polygon","properties":{"id":"14000US04013420104"}},{"arcs":[[-2205,2622,-2620,2623]],"type":"Polygon","properties":{"id":"14000US04013420105"}},{"arcs":[[2624,2625,2626,2627]],"type":"Polygon","properties":{"id":"14000US04013218100"}},{"arcs":[[2628,-2110,2629,-2514,2630,2631]],"type":"Polygon","properties":{"id":"14000US04013115400"}},{"arcs":[[-2344,-2370,2632,2633]],"type":"Polygon","properties":{"id":"14000US04013040502"}},{"arcs":[[2634,2635,2636,-2479]],"type":"Polygon","properties":{"id":"14000US04013104202"}},{"arcs":[[2637,2638]],"type":"Polygon","properties":{"id":"14000US04007000900"}},{"arcs":[[2639,2640,2641,2642,2643,2644]],"type":"Polygon","properties":{"id":"14000US04007940400"}},{"arcs":[[-1029,2645,2646,2647]],"type":"Polygon","properties":{"id":"14000US04013104207"}},{"arcs":[[2648,2649,-1166,2650,2651,2652,-1244,-1239,-2532]],"type":"Polygon","properties":{"id":"14000US04013107300"}},{"arcs":[[2653,2654,2655,2656,2657,2658]],"type":"Polygon","properties":{"id":"14000US04013109703"}},{"arcs":[[-2114,-2265,2659,2660,2661]],"type":"Polygon","properties":{"id":"14000US04013420901"}},{"arcs":[[2662,-1907,2663,-2170,-2162,-2098]],"type":"Polygon","properties":{"id":"14000US04013071600"}},{"arcs":[[2664,2665,2666,2667]],"type":"Polygon","properties":{"id":"14000US04013216806"}},{"arcs":[[2668,-2528,2669,-1252,-1489,2670]],"type":"Polygon","properties":{"id":"14000US04013109200"}},{"arcs":[[-1477,2671,2672,2673]],"type":"Polygon","properties":{"id":"14000US04013106900"}},{"arcs":[[-1438,2674,2675,-2475,-1509]],"type":"Polygon","properties":{"id":"14000US04013104216"}},{"arcs":[[2676,2677,-1289,2678]],"type":"Polygon","properties":{"id":"14000US04013319907"}},{"arcs":[[2679,2680,2681,2682,2683]],"type":"Polygon","properties":{"id":"14000US04013112504"}},{"arcs":[[2684,2685,2686,2687]],"type":"Polygon","properties":{"id":"14000US04013421601"}},{"arcs":[[-2661,2688,2689,2690]],"type":"Polygon","properties":{"id":"14000US04013420902"}},{"arcs":[[2691,-2260,2692,-1451,2693]],"type":"Polygon","properties":{"id":"14000US04013421101"}},{"arcs":[[-1450,-1466,-1516,2694]],"type":"Polygon","properties":{"id":"14000US04013105701"}},{"arcs":[[2695,2696,-1950,-1946,2697]],"type":"Polygon","properties":{"id":"14000US04013104000"}},{"arcs":[[-2498,-1531,-1528,-1525]],"type":"Polygon","properties":{"id":"14000US04013092306"}},{"arcs":[[2698,2699,2700,-2168]],"type":"Polygon","properties":{"id":"14000US04013071802"}},{"arcs":[[-2240,2701,2702,2703]],"type":"Polygon","properties":{"id":"14000US04013109604"}},{"arcs":[[2704,-1563,2705,-1564]],"type":"Polygon","properties":{"id":"14000US04013523104"}},{"arcs":[[2706,-2516,2707,2708,2709,2710]],"type":"Polygon","properties":{"id":"14000US04013116500"}},{"arcs":[[-2687,2711,-1459,2712]],"type":"Polygon","properties":{"id":"14000US04013421602"}},{"arcs":[[2713,2714,2715,2716,-2682]],"type":"Polygon","properties":{"id":"14000US04013112401"}},{"arcs":[[2717,-1508,2718,2719,2720,2721]],"type":"Polygon","properties":{"id":"14000US04013216819"}},{"arcs":[[2722,2723,-2681,2724]],"type":"Polygon","properties":{"id":"14000US04013109802"}},{"arcs":[[2725,-1692,2726,-1636,-1628]],"type":"Polygon","properties":{"id":"14000US04013422215"}},{"arcs":[[-2511,2727,-1104,-1144,2728,2729,-1174,-2540]],"type":"Polygon","properties":{"id":"14000US04013105103"}},{"arcs":[[2730,2731,2732,-1614]],"type":"Polygon","properties":{"id":"14000US04013422513"}},{"arcs":[[2733,-1949,2734,2735,2736]],"type":"Polygon","properties":{"id":"14000US04013104203"}},{"arcs":[[2737,-2530,2738,2739]],"type":"Polygon","properties":{"id":"14000US04013093101"}},{"arcs":[[2740,2741,2742,2743]],"type":"Polygon","properties":{"id":"14000US04013115700"}},{"arcs":[[2744,2745,2746,-2263]],"type":"Polygon","properties":{"id":"14000US04013420604"}},{"arcs":[[2747,2748,2749,2750,2751]],"type":"Polygon","properties":{"id":"14000US04013217002"}},{"arcs":[[2752,2753,2754,2755]],"type":"Polygon","properties":{"id":"14000US04013113100"}},{"arcs":[[-2673,-2649,-2531,2756]],"type":"Polygon","properties":{"id":"14000US04013107202"}},{"arcs":[[2757,-2120,-2173,2758,-2699,-2167]],"type":"Polygon","properties":{"id":"14000US04013071801"}},{"arcs":[[2759,2760,2761,2762,2763,2764,2765]],"type":"Polygon","properties":{"id":"14000US04015953200"}},{"arcs":[[2766,2767,-978,2768]],"type":"Polygon","properties":{"id":"14000US04013092709"}},{"arcs":[[2769,2770,-1604,2771,-2749,2772,-2666,2773,-2576,-1703,-2572,2774,2775,2776,2777,2778,2779,2780,-1359,-2261,-2692,2781,2782]],"type":"Polygon","properties":{"id":"14000US04013941300"}},{"arcs":[[-2022,-2015,2783,2784]],"type":"Polygon","properties":{"id":"14000US04013112100"}},{"arcs":[[2785,-1446,-1475,-1448]],"type":"Polygon","properties":{"id":"14000US04013105602"}},{"arcs":[[-1332,2786,2787,2788,-2598]],"type":"Polygon","properties":{"id":"14000US04013216829"}},{"arcs":[[-1017,2789,-2675,-1437]],"type":"Polygon","properties":{"id":"14000US04013104215"}},{"arcs":[[-976,-2187,-2195,-1441]],"type":"Polygon","properties":{"id":"14000US04013082002"}},{"arcs":[[-2631,-2517,-2707,-2742]],"type":"Polygon","properties":{"id":"14000US04013115802"}},{"arcs":[[2790,-2713,-1462,2791]],"type":"Polygon","properties":{"id":"14000US04013421501"}},{"arcs":[[2792,2793,-1059,-1719,2794,2795]],"type":"Polygon","properties":{"id":"14000US04013522901"}},{"arcs":[[2796,2797,2798,2799]],"type":"Polygon","properties":{"id":"14000US04013113201"}},{"arcs":[[2800,2801,2802,2803,2804,2805,2806,-36,2807]],"type":"Polygon","properties":{"id":"14000US04013050603"}},{"arcs":[[-1266,2808,2809,2810]],"type":"Polygon","properties":{"id":"14000US04013111401"}},{"arcs":[[-1510,-2477,2811,2812]],"type":"Polygon","properties":{"id":"14000US04013071510"}},{"arcs":[[-980,2813,-2463,2814]],"type":"Polygon","properties":{"id":"14000US04013092710"}},{"arcs":[[-1035,2815,2816,-2646]],"type":"Polygon","properties":{"id":"14000US04013103608"}},{"arcs":[[-2627,2817,2818,2819,2820]],"type":"Polygon","properties":{"id":"14000US04013218200"}},{"arcs":[[-2780,2821,2822,2823,-2253,2824,2825]],"type":"Polygon","properties":{"id":"14000US04013420206"}},{"arcs":[[-2690,-2688,-2791,2826]],"type":"Polygon","properties":{"id":"14000US04013421502"}},{"arcs":[[2827,2828,-2757,-2526,-2738]],"type":"Polygon","properties":{"id":"14000US04013107101"}},{"arcs":[[-1430,-2813,2829,-2123]],"type":"Polygon","properties":{"id":"14000US04013071512"}},{"arcs":[[2830,-2648,-2635,-2491]],"type":"Polygon","properties":{"id":"14000US04013104226"}},{"arcs":[[2831,2832,2833,-2715]],"type":"Polygon","properties":{"id":"14000US04013112302"}},{"arcs":[[2834,2835,2836,2837]],"type":"Polygon","properties":{"id":"14000US04013114301"}},{"arcs":[[2838,-2720,2839,2840,-2775,-2571]],"type":"Polygon","properties":{"id":"14000US04013216821"}},{"arcs":[[-1142,2841,2842,2843,2844]],"type":"Polygon","properties":{"id":"14000US04013216901"}},{"arcs":[[-2628,-2821,2845,2846]],"type":"Polygon","properties":{"id":"14000US04013318501"}},{"arcs":[[2847,2848,2849,2850,2851,-2435]],"type":"Polygon","properties":{"id":"14000US04013320002"}},{"arcs":[[2852,2853,-2827,-2792,2854,-1512]],"type":"Polygon","properties":{"id":"14000US04013421400"}},{"arcs":[[-1632,2855,2856,-1638,-2727]],"type":"Polygon","properties":{"id":"14000US04013422217"}},{"arcs":[[-1831,-1835,-1310,2857,2858]],"type":"Polygon","properties":{"id":"14000US04013422610"}},{"arcs":[[-904,-895,-901,2859,2860,2861,2862,2863,2864,2865,-1270,2866,2867,-2558,-2555,-2446,-1601,2868,2869,-2228]],"type":"Polygon","properties":{"id":"14000US04013941000"}},{"arcs":[[2870,-1505,2871,2872,2873,-2777]],"type":"Polygon","properties":{"id":"14000US04013941200"}},{"arcs":[[2874,-295,-293,2875]],"type":"Polygon","properties":{"id":"14000US04021001500"}},{"arcs":[[2876,2877,2878,2879,2880,-2876,2881,2882]],"type":"Polygon","properties":{"id":"14000US04021001600"}},{"arcs":[[2883,2884]],"type":"Polygon","properties":{"id":"14000US04021000400"}},{"arcs":[[-21,2885,2886,2887,2888,2889]],"type":"Polygon","properties":{"id":"14000US04015951900"}},{"arcs":[[2890,-1653,-2420,2891,2892]],"type":"Polygon","properties":{"id":"14000US04015940400"}},{"arcs":[[2893,2894,2895,2896,2897,-2760,2898]],"type":"Polygon","properties":{"id":"14000US04015952600"}},{"arcs":[[2899,2900,2901,2902,2903,2904,2905,2906,2907]],"type":"Polygon","properties":{"id":"14000US04007000302"}},{"arcs":[[2908,2909,2910]],"type":"Polygon","properties":{"id":"14000US04003000700"}},{"arcs":[[2911,2912,2913,2914,2915]],"type":"Polygon","properties":{"id":"14000US04003001000"}},{"arcs":[[2916,-2915,2917,2918,-196,-670]],"type":"Polygon","properties":{"id":"14000US04003001200"}},{"arcs":[[2919,2920,-189,2921,-2916,-2917,-669,2922]],"type":"Polygon","properties":{"id":"14000US04003000400"}},{"arcs":[[2923,-2274,2924,2925,-2909,2926,-201,-204,2927,2928]],"type":"Polygon","properties":{"id":"14000US04003000600"}},{"arcs":[[-675,-2273,2929,2930]],"type":"Polygon","properties":{"id":"14000US04003001900"}},{"arcs":[[2931,-676,-2931,2932,-197,-2919,2933,2934,-2070]],"type":"Polygon","properties":{"id":"14000US04003002100"}},{"arcs":[[-2918,-2914,2935,-2929,2936,-2934]],"type":"Polygon","properties":{"id":"14000US04003001100"}},{"arcs":[[-2927,-2911,2937,-202,-199]],"type":"Polygon","properties":{"id":"14000US04003000800"}},{"arcs":[[2938,2939,2940,-2883,2941,2942,2943,2944,2945,2946]],"type":"Polygon","properties":{"id":"14000US04021941402"}},{"arcs":[[2947,2948,-830,2949,-2944]],"type":"Polygon","properties":{"id":"14000US04021002107"}},{"arcs":[[-2324,2950,2951,2952,-296,-871,2953,2954]],"type":"Polygon","properties":{"id":"14000US04021000217"}},{"arcs":[[2955,2956,2957,2958,2959,-2877,-2941,2960,2961]],"type":"Polygon","properties":{"id":"14000US04021001714"}},{"arcs":[[2962,2963,2964,2965]],"type":"Polygon","properties":{"id":"14000US04021002005"}},{"arcs":[[-279,2966,2967,-286,-282]],"type":"Polygon","properties":{"id":"14000US04021001309"}},{"arcs":[[2968,-281,-285,-2875,-2881]],"type":"Polygon","properties":{"id":"14000US04021001307"}},{"arcs":[[2969,2970,-297,-2953,2971,2972,-170,2973,2974,2975]],"type":"Polygon","properties":{"id":"14000US04021000804"}},{"arcs":[[2976,2977,-2967,-278,2978,-2879]],"type":"Polygon","properties":{"id":"14000US04021001310"}},{"arcs":[[2979,2980]],"type":"Polygon","properties":{"id":"14000US04021000903"}},{"arcs":[[-2965,2981,2982,2983]],"type":"Polygon","properties":{"id":"14000US04021002004"}},{"arcs":[[-874,-298,-2971,2984]],"type":"Polygon","properties":{"id":"14000US04021000805"}},{"arcs":[[2985,2986,2987,-2247]],"type":"Polygon","properties":{"id":"14000US04021000321"}},{"arcs":[[2988,-885,2989,-2959]],"type":"Polygon","properties":{"id":"14000US04021001712"}},{"arcs":[[2990,-891,2991,2992,2993,2994]],"type":"Polygon","properties":{"id":"14000US04021001715"}},{"arcs":[[-2318,2995,-2995,2996,-2961,-2940,2997]],"type":"Polygon","properties":{"id":"14000US04021941401"}},{"arcs":[[2998,2999,3000,3001,3002,-2948,-2943]],"type":"Polygon","properties":{"id":"14000US04021002106"}},{"arcs":[[-875,-2985,-2970,3003]],"type":"Polygon","properties":{"id":"14000US04021000806"}},{"arcs":[[3004,3005,3006,3007,3008,3009,-877,3010,3011]],"type":"Polygon","properties":{"id":"14000US04021000229"}},{"arcs":[[-716,3012,-2320,-2301]],"type":"Polygon","properties":{"id":"14000US04021000325"}},{"arcs":[[-889,-887,3013,3014]],"type":"Polygon","properties":{"id":"14000US04021001717"}},{"arcs":[[3015,-2980,3016,3017,-167]],"type":"Polygon","properties":{"id":"14000US04021000807"}},{"arcs":[[-2954,-870]],"type":"Polygon","properties":{"id":"14000US04021000216"}},{"arcs":[[-3014,3018,-2957,3019]],"type":"Polygon","properties":{"id":"14000US04021001716"}},{"arcs":[[-3018,3020,3021,-2313,3022,-168]],"type":"Polygon","properties":{"id":"14000US04021000808"}},{"arcs":[[-715,3023,-2321,-3013]],"type":"Polygon","properties":{"id":"14000US04021000324"}},{"arcs":[[3024,-3021,-3017,-2981,-3016,-166,-2973]],"type":"Polygon","properties":{"id":"14000US04021000904"}},{"arcs":[[-179,-718,3025,-268]],"type":"Polygon","properties":{"id":"14000US04021000323"}},{"arcs":[[3026,3027,3028,3029,3030]],"type":"Polygon","properties":{"id":"14000US04021000223"}},{"arcs":[[3031,-872,3032,-3028,3033]],"type":"Polygon","properties":{"id":"14000US04021000224"}},{"arcs":[[3034,-866]],"type":"Polygon","properties":{"id":"14000US04021000218"}},{"arcs":[[-2979,-277,-2969,-2880]],"type":"Polygon","properties":{"id":"14000US04021001308"}},{"arcs":[[-3030,3035,-3006,3036,3037]],"type":"Polygon","properties":{"id":"14000US04021000222"}},{"arcs":[[-3037,-3005,3038]],"type":"Polygon","properties":{"id":"14000US04021000221"}},{"arcs":[[-2988,3039,-176,3040]],"type":"Polygon","properties":{"id":"14000US04021000320"}},{"arcs":[[3041,-3007,-3036,-3029]],"type":"Polygon","properties":{"id":"14000US04021000225"}},{"arcs":[[-3033,-301,-2314,-3008,-3042]],"type":"Polygon","properties":{"id":"14000US04021000226"}},{"arcs":[[3042,3043,-3000]],"type":"Polygon","properties":{"id":"14000US04021002105"}},{"arcs":[[3044,-3001,-3044]],"type":"Polygon","properties":{"id":"14000US04021002104"}},{"arcs":[[-3026,-717,-2300,-269]],"type":"Polygon","properties":{"id":"14000US04021000322"}},{"arcs":[[-886,-2989,-2958,-3019]],"type":"Polygon","properties":{"id":"14000US04021001713"}},{"arcs":[[3045,-868,3046,-864]],"type":"Polygon","properties":{"id":"14000US04021000219"}},{"arcs":[[-3047,-867,-3035,-865]],"type":"Polygon","properties":{"id":"14000US04021000220"}},{"arcs":[[3047,-878,-3010]],"type":"Polygon","properties":{"id":"14000US04021000228"}},{"arcs":[[-2315,-879,-3048,-3009]],"type":"Polygon","properties":{"id":"14000US04021000227"}},{"arcs":[[3048,3049,3050,3051,3052,3053]],"type":"Polygon","properties":{"id":"14000US04023966111"}},{"arcs":[[3054,3055,-3050]],"type":"Polygon","properties":{"id":"14000US04023966110"}},{"arcs":[[3056,-3054,3057,3058,3059]],"type":"Polygon","properties":{"id":"14000US04023966108"}},{"arcs":[[-3059,3060]],"type":"Polygon","properties":{"id":"14000US04023966107"}},{"arcs":[[-2077,3061,-3060,-3061,-3058,-3053,3062,-2035,3063,-784]],"type":"Polygon","properties":{"id":"14000US04023966106"}},{"arcs":[[-2072,3064,3065,-3055,-3049,-3057,-3062,-2076]],"type":"Polygon","properties":{"id":"14000US04023966109"}},{"arcs":[[3066,-462,3067,3068]],"type":"Polygon","properties":{"id":"14000US04019004650"}},{"arcs":[[3069,3070,-2310,3071,3072,3073,3074,-469,-744,3075,3076]],"type":"Polygon","properties":{"id":"14000US04019004728"}},{"arcs":[[-3074,3077,-730,3078]],"type":"Polygon","properties":{"id":"14000US04019004729"}},{"arcs":[[-3073,3079,-816,3080,3081]],"type":"Polygon","properties":{"id":"14000US04019004079"}},{"arcs":[[-739,3082,3083,3084,-3071,3085]],"type":"Polygon","properties":{"id":"14000US04019004727"}},{"arcs":[[-518,3086,-772,3087,3088]],"type":"Polygon","properties":{"id":"14000US04019000501"}},{"arcs":[[3089,3090,3091,3092]],"type":"Polygon","properties":{"id":"14000US04019004339"}},{"arcs":[[-805,3093,-485,3094,-504,-809]],"type":"Polygon","properties":{"id":"14000US04019004515"}},{"arcs":[[-495,-486,-3094,-804,-839]],"type":"Polygon","properties":{"id":"14000US04019004514"}},{"arcs":[[-1819,-434,-1818,3095,3096]],"type":"Polygon","properties":{"id":"14000US04019004435"}},{"arcs":[[3097,-1766,3098,3099]],"type":"Polygon","properties":{"id":"14000US04019004335"}},{"arcs":[[3100,-828,-1816]],"type":"Polygon","properties":{"id":"14000US04019004432"}},{"arcs":[[-648,-598,3101,3102]],"type":"Polygon","properties":{"id":"14000US04019002508"}},{"arcs":[[-2524,3103,3104,-3093,3105,-822]],"type":"Polygon","properties":{"id":"14000US04019004340"}},{"arcs":[[3106,-796,3107]],"type":"Polygon","properties":{"id":"14000US04019004337"}},{"arcs":[[3108,-1971,3109]],"type":"Polygon","properties":{"id":"14000US04019004438"}},{"arcs":[[3110,-3110,-1970,3111,3112,-765,3113]],"type":"Polygon","properties":{"id":"14000US04019004440"}},{"arcs":[[3114,-1972,-3109,-3111,3115]],"type":"Polygon","properties":{"id":"14000US04019004436"}},{"arcs":[[3116,-808,-766,-3113]],"type":"Polygon","properties":{"id":"14000US04019004439"}},{"arcs":[[3117,-3108,-795,-1812]],"type":"Polygon","properties":{"id":"14000US04019004338"}},{"arcs":[[3118,3119,3120,3121,-1772,3122,3123,-2066,-2075]],"type":"Polygon","properties":{"id":"14000US04019004129"}},{"arcs":[[3124,-742,-1776,3125,-463,-3067,3126]],"type":"Polygon","properties":{"id":"14000US04019004649"}},{"arcs":[[-1229,3127,3128,-1222,3129,3130]],"type":"Polygon","properties":{"id":"14000US04013422656"}},{"arcs":[[3131,-1304,3132,-3129]],"type":"Polygon","properties":{"id":"14000US04013422658"}},{"arcs":[[-1671,-226,3133,-1680]],"type":"Polygon","properties":{"id":"14000US04005001104"}},{"arcs":[[-2295,3134,3135,-1685]],"type":"Polygon","properties":{"id":"14000US04005001602"}},{"arcs":[[-235,-1669,3136,3137]],"type":"Polygon","properties":{"id":"14000US04005002102"}},{"arcs":[[-1651,-1690,3138,-1688,3139,3140,-2413],[-2334]],"type":"Polygon","properties":{"id":"14000US04005002302"}},{"arcs":[[3141,-229,-2333,-2279,-1667,-2282,3142]],"type":"Polygon","properties":{"id":"14000US04005000902"}},{"arcs":[[3143,-2280,-1683]],"type":"Polygon","properties":{"id":"14000US04005002202"}},{"arcs":[[-1656,-224,-2332,-242]],"type":"Polygon","properties":{"id":"14000US04005000302"}},{"arcs":[[3144,-3143,-2281,-3144,-1682]],"type":"Polygon","properties":{"id":"14000US04005000901"}},{"arcs":[[-1661,-2278]],"type":"Polygon","properties":{"id":"14000US04005000601"}},{"arcs":[[-2337,-3135,-2294,-2386,3145]],"type":"Polygon","properties":{"id":"14000US04005001601"}},{"arcs":[[3146,-238,3147,-1673,-1649]],"type":"Polygon","properties":{"id":"14000US04005980000"}},{"arcs":[[-1689,-3139]],"type":"Polygon","properties":{"id":"14000US04005980100"}},{"arcs":[[3148,3149,3150,3151,3152]],"type":"Polygon","properties":{"id":"14000US04001945100"}},{"arcs":[[3153,3154,3155,3156,3157]],"type":"Polygon","properties":{"id":"14000US04001970300"}},{"arcs":[[3158,3159,3160,3161]],"type":"Polygon","properties":{"id":"14000US04001942700"}},{"arcs":[[3162,-3162,3163,3164,-2579]],"type":"Polygon","properties":{"id":"14000US04001942600"}},{"arcs":[[-3160,3165,-688,3166,3167]],"type":"Polygon","properties":{"id":"14000US04001944100"}},{"arcs":[[3168,-2405,-2408,-2388,3169,3170]],"type":"Polygon","properties":{"id":"14000US04025002007"}},{"arcs":[[3171,3172,3173,3174,3175]],"type":"Polygon","properties":{"id":"14000US04025000407"}},{"arcs":[[3176,3177,3178]],"type":"Polygon","properties":{"id":"14000US04025000208"}},{"arcs":[[-2357,3179,3180,3181]],"type":"Polygon","properties":{"id":"14000US04025001103"}},{"arcs":[[3182,3183,3184,-2409,-2365]],"type":"Polygon","properties":{"id":"14000US04025001502"}},{"arcs":[[3185,-2415,3186,-3179,3187,3188,3189]],"type":"Polygon","properties":{"id":"14000US04025000211"}},{"arcs":[[3190,3191,3192,-3173,3193]],"type":"Polygon","properties":{"id":"14000US04025000404"}},{"arcs":[[3194,3195,3196,-2353,3197,3198]],"type":"Polygon","properties":{"id":"14000US04025000902"}},{"arcs":[[3199,-3198,-2352]],"type":"Polygon","properties":{"id":"14000US04025001003"}},{"arcs":[[-3175,3200,3201]],"type":"Polygon","properties":{"id":"14000US04025000406"}},{"arcs":[[-2347,3202,3203]],"type":"Polygon","properties":{"id":"14000US04025001903"}},{"arcs":[[-3140,3204,-2394,-2407,-2403,3205,-2406,-3169,3206,-2391,-2381,3207,3208,3209,3210]],"type":"Polygon","properties":{"id":"14000US04025001902"}},{"arcs":[[3211,3212,3213,3214,-2358,-3182,3215,-2341,3216]],"type":"Polygon","properties":{"id":"14000US04025001202"}},{"arcs":[[3217,-3203,-2350,-2401,3218,3219,3220,3221]],"type":"Polygon","properties":{"id":"14000US04025000613"}},{"arcs":[[3222,-3209,3223,3224,3225,3226,-2359,-2348,-3204,-3218,3227,3228]],"type":"Polygon","properties":{"id":"14000US04025001904"}},{"arcs":[[-3221,3229,3230,3231]],"type":"Polygon","properties":{"id":"14000US04025000611"}},{"arcs":[[3232,3233,3234,3235,3236,3237]],"type":"Polygon","properties":{"id":"14000US04025000619"}},{"arcs":[[-2384,3238]],"type":"Polygon","properties":{"id":"14000US04025001705"}},{"arcs":[[-3171,3239,-2392,-3207]],"type":"Polygon","properties":{"id":"14000US04025002005"}},{"arcs":[[-2397,3240,-2387,-2373,3241,-2378]],"type":"Polygon","properties":{"id":"14000US04025001604"}},{"arcs":[[-2379,-3242,-2372]],"type":"Polygon","properties":{"id":"14000US04025001605"}},{"arcs":[[3242,-3224,-3208,-2380,-2376,3243,-2908,3244,3245,-2410,-3185]],"type":"Polygon","properties":{"id":"14000US04025001501"}},{"arcs":[[-3219,-2400,3246,-2361,3247,3248,-3233,3249,3250]],"type":"Polygon","properties":{"id":"14000US04025000615"}},{"arcs":[[3251,-3226,3252,-3234,-3249]],"type":"Polygon","properties":{"id":"14000US04025000617"}},{"arcs":[[3253,-3201,-3174,-3193,3254,-3231,3255,-3250,-3238,3256,3257,3258,3259,-3196]],"type":"Polygon","properties":{"id":"14000US04025000502"}},{"arcs":[[3260,-2355,3261,3262,3263,3264]],"type":"Polygon","properties":{"id":"14000US04025001106"}},{"arcs":[[-3237,3265,-3257]],"type":"Polygon","properties":{"id":"14000US04025000618"}},{"arcs":[[3266,3267,3268,-3258,-3266,-3236,3269,-3183,-2364]],"type":"Polygon","properties":{"id":"14000US04025000701"}},{"arcs":[[3270,3271,3272,-3214]],"type":"Polygon","properties":{"id":"14000US04025000301"}},{"arcs":[[-3235,-3253,-3225,-3243,-3184,-3270]],"type":"Polygon","properties":{"id":"14000US04025000702"}},{"arcs":[[3273,-3188,3274,-3271,-3213,3275]],"type":"Polygon","properties":{"id":"14000US04025000206"}},{"arcs":[[-3170,-2393,-3240]],"type":"Polygon","properties":{"id":"14000US04025002006"}},{"arcs":[[3276,3277,-3268,3278,-3264]],"type":"Polygon","properties":{"id":"14000US04025000804"}},{"arcs":[[3279,-3194,-3172,3280,3281]],"type":"Polygon","properties":{"id":"14000US04025000405"}},{"arcs":[[-3215,-3273,3282,-3282,3283,-3199,-3200,-2351]],"type":"Polygon","properties":{"id":"14000US04025001004"}},{"arcs":[[-2356,-3261,3284,-3180]],"type":"Polygon","properties":{"id":"14000US04025001104"}},{"arcs":[[-3181,-3285,-3265,-3279,-3267,-2363,-2342,-3216]],"type":"Polygon","properties":{"id":"14000US04025001105"}},{"arcs":[[-3178,3285,-3210,-3223,3286,-3275]],"type":"Polygon","properties":{"id":"14000US04025000209"}},{"arcs":[[-1687,3287,-2335,3288,-2395,-3205]],"type":"Polygon","properties":{"id":"14000US04025001803"}},{"arcs":[[-2417,3289,-3190,3290,-3276,-3212,3291]],"type":"Polygon","properties":{"id":"14000US04025001201"}},{"arcs":[[-1686,-3136,-2336,-3288]],"type":"Polygon","properties":{"id":"14000US04025001804"}},{"arcs":[[-2338,-3146,-2385,-3239,-2383,-3241,-2396,-3289]],"type":"Polygon","properties":{"id":"14000US04025001704"}},{"arcs":[[-2414,-3141,-3211,-3286,-3177,-3187]],"type":"Polygon","properties":{"id":"14000US04025000207"}},{"arcs":[[-2402,-3206]],"type":"Polygon","properties":{"id":"14000US04025001901"}},{"arcs":[[-3228,-3222,-3232,-3255,-3192,3292]],"type":"Polygon","properties":{"id":"14000US04025000501"}},{"arcs":[[-3197,-3260,3293,3294,-3262,-2354]],"type":"Polygon","properties":{"id":"14000US04025000901"}},{"arcs":[[-2399,-3247]],"type":"Polygon","properties":{"id":"14000US04025000614"}},{"arcs":[[-2360,-3227,-3252,-3248]],"type":"Polygon","properties":{"id":"14000US04025000616"}},{"arcs":[[-3272,-3287,-3229,-3293,-3191,-3280,-3283]],"type":"Polygon","properties":{"id":"14000US04025000302"}},{"arcs":[[-3295,3295,-3277,-3263]],"type":"Polygon","properties":{"id":"14000US04025000803"}},{"arcs":[[-3220,-3251,-3256,-3230]],"type":"Polygon","properties":{"id":"14000US04025000612"}},{"arcs":[[-3186,-3290,-2416]],"type":"Polygon","properties":{"id":"14000US04025000210"}},{"arcs":[[-3189,-3274,-3291]],"type":"Polygon","properties":{"id":"14000US04025000205"}},{"arcs":[[-3281,-3176,-3202,-3254,-3195,-3284]],"type":"Polygon","properties":{"id":"14000US04025000403"}},{"arcs":[[-1026,-1030,-2831,-1022]],"type":"Polygon","properties":{"id":"14000US04013618300"}},{"arcs":[[-1192,3296,3297,3298]],"type":"Polygon","properties":{"id":"14000US04013116605"}},{"arcs":[[3299,3300,3301,-3297]],"type":"Polygon","properties":{"id":"14000US04013116606"}},{"arcs":[[-1388,-1566,3302,3303,-1396]],"type":"Polygon","properties":{"id":"14000US04013811200"}},{"arcs":[[-1858,-1855,3304,3305,3306,3307,3308,3309,-1861]],"type":"Polygon","properties":{"id":"14000US04013216851"}},{"arcs":[[-1335,3310,-2138,-2134,-1873,3311]],"type":"Polygon","properties":{"id":"14000US04013613000"}},{"arcs":[[-1041,-1197,3312,3313]],"type":"Polygon","properties":{"id":"14000US04013619100"}},{"arcs":[[-1058,-1418,-1401,-1402,-1720]],"type":"Polygon","properties":{"id":"14000US04013811400"}},{"arcs":[[3314,3315,3316,3317]],"type":"Polygon","properties":{"id":"14000US04013815700"}},{"arcs":[[3318,3319,3320,3321]],"type":"Polygon","properties":{"id":"14000US04013816700"}},{"arcs":[[3322,3323,3324,3325,-113]],"type":"Polygon","properties":{"id":"14000US04013980100"}},{"arcs":[[-2233,-2234,3326,3327,-2468]],"type":"Polygon","properties":{"id":"14000US04013093001"}},{"arcs":[[3328,3329,-2049,-2053,3330,-2041,-2037,-1979,3331]],"type":"Polygon","properties":{"id":"14000US04013611300"}},{"arcs":[[3332,-985,3333,3334]],"type":"Polygon","properties":{"id":"14000US04013092717"}},{"arcs":[[3335,3336,-1257,-1253,3337]],"type":"Polygon","properties":{"id":"14000US04013117100"}},{"arcs":[[3338,3339,3340,3341,3342,3343,3344,-1190]],"type":"Polygon","properties":{"id":"14000US04013117300"}},{"arcs":[[-3304,3345,3346,-1595,-1397]],"type":"Polygon","properties":{"id":"14000US04013811800"}},{"arcs":[[-3345,3347,3348,3349]],"type":"Polygon","properties":{"id":"14000US04013116607"}},{"arcs":[[-3298,-3302,3350,3351,3352]],"type":"Polygon","properties":{"id":"14000US04013116610"}},{"arcs":[[-3352,3353,3354,3355,-2864,3356]],"type":"Polygon","properties":{"id":"14000US04013116611"}},{"arcs":[[-3351,-3301,-3349,3357,3358,3359,-3354]],"type":"Polygon","properties":{"id":"14000US04013116612"}},{"arcs":[[3360,-1545,3361,-1411]],"type":"Polygon","properties":{"id":"14000US04013422642"}},{"arcs":[[-2930,-666,-198,-2933]],"type":"Polygon","properties":{"id":"14000US04003002001"}},{"arcs":[[3362,3363,3364,3365]],"type":"Polygon","properties":{"id":"14000US04015951602"}},{"arcs":[[3366,-70,-136,3367,-54]],"type":"Polygon","properties":{"id":"14000US04027000907"}},{"arcs":[[-3334,3368,-2235,3369]],"type":"Polygon","properties":{"id":"14000US04013092718"}},{"arcs":[[3370,3371,3372,3373,-981,-2815,-2467,-2457,-2451,-2182,-977,-1440,-1935,-1930]],"type":"Polygon","properties":{"id":"14000US04013092720"}},{"arcs":[[-2164,-2169,3374,-3372,3375]],"type":"Polygon","properties":{"id":"14000US04013092723"}},{"arcs":[[-2701,3376,3377,-3373,-3375]],"type":"Polygon","properties":{"id":"14000US04013092724"}},{"arcs":[[-984,-2471,3378,-3369]],"type":"Polygon","properties":{"id":"14000US04013092802"}},{"arcs":[[-3328,3379,-2740,-2469]],"type":"Polygon","properties":{"id":"14000US04013093002"}},{"arcs":[[3380,3381,3382,-2239]],"type":"Polygon","properties":{"id":"14000US04013093106"}},{"arcs":[[-1914,-1908,-2663,-2097,-1919]],"type":"Polygon","properties":{"id":"14000US04013060904"}},{"arcs":[[3383,3384,3385,3386,-1696,3387]],"type":"Polygon","properties":{"id":"14000US04013216831"}},{"arcs":[[3388,-1699,-2575]],"type":"Polygon","properties":{"id":"14000US04013216832"}},{"arcs":[[3389,3390,-1101]],"type":"Polygon","properties":{"id":"14000US04013216834"}},{"arcs":[[-3391,3391,-2668,-2842,-1141,-1102]],"type":"Polygon","properties":{"id":"14000US04013216835"}},{"arcs":[[-1356,3392,3393,3394]],"type":"Polygon","properties":{"id":"14000US04013217204"}},{"arcs":[[3395,3396,3397,3398]],"type":"Polygon","properties":{"id":"14000US04013217502"}},{"arcs":[[3399,3400,3401,3402,3403]],"type":"Polygon","properties":{"id":"14000US04013319103"}},{"arcs":[[3404,-3402,3405,3406,3407]],"type":"Polygon","properties":{"id":"14000US04013319104"}},{"arcs":[[3408,-2605,3409,-3401]],"type":"Polygon","properties":{"id":"14000US04013319201"}},{"arcs":[[-3360,3410,3411,3412,3413,-3355]],"type":"Polygon","properties":{"id":"14000US04013116732"}},{"arcs":[[-1565,3414,3415,-3346,-3303]],"type":"Polygon","properties":{"id":"14000US04013811900"}},{"arcs":[[-2706,-1065,-1075,-1066,-3415]],"type":"Polygon","properties":{"id":"14000US04013812000"}},{"arcs":[[-3347,-3416,-1069,-1078,-1716,-1596]],"type":"Polygon","properties":{"id":"14000US04013812200"}},{"arcs":[[-1131,-1208,3416,-1126]],"type":"Polygon","properties":{"id":"14000US04013813800"}},{"arcs":[[3417,3418,-1056,-2794]],"type":"Polygon","properties":{"id":"14000US04013814200"}},{"arcs":[[3419,-1218,-1414,-1057,-3419]],"type":"Polygon","properties":{"id":"14000US04013814300"}},{"arcs":[[-3362,-1544,3420,3421,-1538]],"type":"Polygon","properties":{"id":"14000US04013422643"}},{"arcs":[[3422,3423,3424,3425,3426,3427]],"type":"Polygon","properties":{"id":"14000US04013816100"}},{"arcs":[[3428,3429,3430,-3425]],"type":"Polygon","properties":{"id":"14000US04013816200"}},{"arcs":[[3431,3432,3433,3434]],"type":"Polygon","properties":{"id":"14000US04015952004"}},{"arcs":[[3435,3436,3437,3438,-3364]],"type":"Polygon","properties":{"id":"14000US04015951601"}},{"arcs":[[-145,-87,3439,-56,3440]],"type":"Polygon","properties":{"id":"14000US04027980006"}},{"arcs":[[3441,-124,-135,-68,-138]],"type":"Polygon","properties":{"id":"14000US04027000501"}},{"arcs":[[-133,-128,-144,3442,3443,-3368]],"type":"Polygon","properties":{"id":"14000US04027001004"}},{"arcs":[[-143,3444,-3443]],"type":"Polygon","properties":{"id":"14000US04027001003"}},{"arcs":[[-82,3445,-108,3446]],"type":"Polygon","properties":{"id":"14000US04027011114"}},{"arcs":[[-2594,-851,3447,-3153,3448,3449,3450,-616,-252,3451]],"type":"Polygon","properties":{"id":"14000US04001970202"}},{"arcs":[[3452,-3158,3453,-3450]],"type":"Polygon","properties":{"id":"14000US04001970201"}},{"arcs":[[3454,-3164,-3161,-3168,3455,3456,3457,3458]],"type":"Polygon","properties":{"id":"14000US04001944301"}},{"arcs":[[-3458,3459,3460,-692,3461,3462,3463]],"type":"Polygon","properties":{"id":"14000US04001944302"}},{"arcs":[[3464,3465,-3399,3466,3467]],"type":"Polygon","properties":{"id":"14000US04013217501"}},{"arcs":[[3468,3469,-2006,-2011,-2081,-2087,3470,-2142,3471]],"type":"Polygon","properties":{"id":"14000US04013061031"}},{"arcs":[[-2092,-2095,-2096,-2099,-2165,-3376,-3371,-1929,-2144]],"type":"Polygon","properties":{"id":"14000US04013061043"}},{"arcs":[[3472,-2226,3473,-1043,3474,-892,3475,-2222]],"type":"Polygon","properties":{"id":"14000US04013083000"}},{"arcs":[[-2455,-2178,-2181,-1526,-925,3476,3477,-2768]],"type":"Polygon","properties":{"id":"14000US04013093200"}},{"arcs":[[-3410,-2610,3478,-3406]],"type":"Polygon","properties":{"id":"14000US04013319202"}},{"arcs":[[3479,3480,-1610,3481,3482,3483]],"type":"Polygon","properties":{"id":"14000US04013319705"}},{"arcs":[[-3483,3484,3485,3486,3487]],"type":"Polygon","properties":{"id":"14000US04013319706"}},{"arcs":[[3488,-2846,3489,3490,3491,3492,3493]],"type":"Polygon","properties":{"id":"14000US04013320100"}},{"arcs":[[-2208,3494,3495,-1836,-2251]],"type":"Polygon","properties":{"id":"14000US04013420115"}},{"arcs":[[3496,-2248,-3041,-1841,-1837,-3496]],"type":"Polygon","properties":{"id":"14000US04013420116"}},{"arcs":[[3497,3498,3499,-1824,3500]],"type":"Polygon","properties":{"id":"14000US04013420214"}},{"arcs":[[-2825,-2256,3501,3502]],"type":"Polygon","properties":{"id":"14000US04013420215"}},{"arcs":[[3503,3504,3505,3506]],"type":"Polygon","properties":{"id":"14000US04013420707"}},{"arcs":[[-1220,3507,-1226,-1424,3508,-1419]],"type":"Polygon","properties":{"id":"14000US04013814600"}},{"arcs":[[3509,3510,3511,-1599]],"type":"Polygon","properties":{"id":"14000US04013817400"}},{"arcs":[[3512,-1336,-3312,-1744,3513]],"type":"Polygon","properties":{"id":"14000US04013612500"}},{"arcs":[[-930,-1031,-1027,-1025]],"type":"Polygon","properties":{"id":"14000US04013618400"}},{"arcs":[[3514,-939,-1042,-3314,3515,-1037]],"type":"Polygon","properties":{"id":"14000US04013618900"}},{"arcs":[[3516,3517,3518,3519,-3320,3520]],"type":"Polygon","properties":{"id":"14000US04013816800"}},{"arcs":[[3521,-3321,-3520,3522,3523,3524,3525,3526]],"type":"Polygon","properties":{"id":"14000US04013817000"}},{"arcs":[[-1717,-1113,-1118,3527,-3510,-1598]],"type":"Polygon","properties":{"id":"14000US04013817300"}},{"arcs":[[-3528,-1133,3528,-3511]],"type":"Polygon","properties":{"id":"14000US04013817500"}},{"arcs":[[3529,-49,-117,-121,-3442,3530]],"type":"Polygon","properties":{"id":"14000US04027000502"}},{"arcs":[[-50,-3530,3531,-118]],"type":"Polygon","properties":{"id":"14000US04027000404"}},{"arcs":[[-3444,-3445,-142,-146,-3441,-55]],"type":"Polygon","properties":{"id":"14000US04027001001"}},{"arcs":[[-93,-1900,3532,3533,3534,3535]],"type":"Polygon","properties":{"id":"14000US04027010907"}},{"arcs":[[-1432,-954,-958,-1010,-1427,-2161]],"type":"Polygon","properties":{"id":"14000US04013071514"}},{"arcs":[[3536,3537,3538,3539,-1339]],"type":"Polygon","properties":{"id":"14000US04013040512"}},{"arcs":[[3540,-2026,3541,3542,-3539]],"type":"Polygon","properties":{"id":"14000US04013040513"}},{"arcs":[[3543,-3541,-3538,3544]],"type":"Polygon","properties":{"id":"14000US04013040522"}},{"arcs":[[3545,3546,3547,-2023,-3544]],"type":"Polygon","properties":{"id":"14000US04013040523"}},{"arcs":[[3548,3549,-1338,-1777]],"type":"Polygon","properties":{"id":"14000US04013040524"}},{"arcs":[[3550,3551,3552,-3505]],"type":"Polygon","properties":{"id":"14000US04013420708"}},{"arcs":[[-3506,3553,-1613,3554]],"type":"Polygon","properties":{"id":"14000US04013420709"}},{"arcs":[[-3553,-1799,-2731,-3554]],"type":"Polygon","properties":{"id":"14000US04013420710"}},{"arcs":[[3555,3556,-2853,-1452]],"type":"Polygon","properties":{"id":"14000US04013421001"}},{"arcs":[[-2608,3557,-1511,-2116]],"type":"Polygon","properties":{"id":"14000US04013421303"}},{"arcs":[[3558,-3507,3559,-2686]],"type":"Polygon","properties":{"id":"14000US04013421701"}},{"arcs":[[-3560,-3555,-1617,-2712]],"type":"Polygon","properties":{"id":"14000US04013421702"}},{"arcs":[[3560,-1693,-2726,-1625]],"type":"Polygon","properties":{"id":"14000US04013422221"}},{"arcs":[[3561,-2577,-2774,-2665,3562]],"type":"Polygon","properties":{"id":"14000US04013216807"}},{"arcs":[[3563,3564,3565,-34,3566]],"type":"Polygon","properties":{"id":"14000US04012020501"}},{"arcs":[[3567,3568,3569,3570]],"type":"Polygon","properties":{"id":"14000US04012020201"}},{"arcs":[[-3569,3571,3572,3573,3574]],"type":"Polygon","properties":{"id":"14000US04012020202"}},{"arcs":[[-3532,-3531,-137,-119]],"type":"Polygon","properties":{"id":"14000US04027000403"}},{"arcs":[[-2812,-2474,-2180,-2176,3575]],"type":"Polygon","properties":{"id":"14000US04013071903"}},{"arcs":[[-2172,-2175,3576,-2456,-2767,3577,3578]],"type":"Polygon","properties":{"id":"14000US04013071906"}},{"arcs":[[-3477,-1532,-3333,3579]],"type":"Polygon","properties":{"id":"14000US04013092705"}},{"arcs":[[3580,-3578,-2769,-3374,-3378]],"type":"Polygon","properties":{"id":"14000US04013092708"}},{"arcs":[[-3478,-3580,3581,-979]],"type":"Polygon","properties":{"id":"14000US04013092711"}},{"arcs":[[-3582,-3335,-3370,-2464,-2814]],"type":"Polygon","properties":{"id":"14000US04013092712"}},{"arcs":[[-2683,3582,3583,3584]],"type":"Polygon","properties":{"id":"14000US04013112502"}},{"arcs":[[3585,3586,-2197,-2139,3587]],"type":"Polygon","properties":{"id":"14000US04013610902"}},{"arcs":[[-1842,-271,-2299,3588,3589]],"type":"Polygon","properties":{"id":"14000US04013422653"}},{"arcs":[[3590,3591,-1540,3592,-1301]],"type":"Polygon","properties":{"id":"14000US04013422654"}},{"arcs":[[3593,-897,-903,-911]],"type":"Polygon","properties":{"id":"14000US04013082212"}},{"arcs":[[3594,3595,3596,3597]],"type":"Polygon","properties":{"id":"14000US04013040541"}},{"arcs":[[3598,-2873,3599,3600]],"type":"Polygon","properties":{"id":"14000US04013010104"}},{"arcs":[[3601,3602,3603,-3517,3604,3605]],"type":"Polygon","properties":{"id":"14000US04013816904"}},{"arcs":[[3606,3607,3608,3609,3610,3611,-1213]],"type":"Polygon","properties":{"id":"14000US04013816005"}},{"arcs":[[-3422,3612,3613]],"type":"Polygon","properties":{"id":"14000US04013422647"}},{"arcs":[[-1234,-1305,-3132,-3128]],"type":"Polygon","properties":{"id":"14000US04013422657"}},{"arcs":[[3614,-3428,3615,3616,-3609,3617]],"type":"Polygon","properties":{"id":"14000US04013816002"}},{"arcs":[[-3427,3618,3619,3620,-3616]],"type":"Polygon","properties":{"id":"14000US04013816302"}},{"arcs":[[3621,3622,3623,3624,3625,3626]],"type":"Polygon","properties":{"id":"14000US04013815601"}},{"arcs":[[-3133,-1303,3627,3628,-1223]],"type":"Polygon","properties":{"id":"14000US04013814801"}},{"arcs":[[3629,-3622,3630,-1422,3631]],"type":"Polygon","properties":{"id":"14000US04013815202"}},{"arcs":[[-972,3632,3633,-1203]],"type":"Polygon","properties":{"id":"14000US04013619602"}},{"arcs":[[-1055,-1277,-1280,3634,-3633]],"type":"Polygon","properties":{"id":"14000US04013619601"}},{"arcs":[[3635,-2553,3636,3637]],"type":"Polygon","properties":{"id":"14000US04013113701"}},{"arcs":[[-1999,-2003,-1940,3638,3639,3640]],"type":"Polygon","properties":{"id":"14000US04013061048"}},{"arcs":[[3641,3642,-973,-1202,-968]],"type":"Polygon","properties":{"id":"14000US04013617002"}},{"arcs":[[3643,3644,3645]],"type":"Polygon","properties":{"id":"14000US04013040534"}},{"arcs":[[3646,3647,3648,3649]],"type":"Polygon","properties":{"id":"14000US04013061051"}},{"arcs":[[3650,-1506,-2871,-2776,-2841]],"type":"Polygon","properties":{"id":"14000US04013216856"}},{"arcs":[[-3476,-898,-3594,-910,-907]],"type":"Polygon","properties":{"id":"14000US04013082213"}},{"arcs":[[-2719,-1507,-3651,-2840]],"type":"Polygon","properties":{"id":"14000US04013216857"}},{"arcs":[[3651,3652,-1163,-2536,3653,3654]],"type":"Polygon","properties":{"id":"14000US04013107401"}},{"arcs":[[3655,-3655,3656,-2653]],"type":"Polygon","properties":{"id":"14000US04013107402"}},{"arcs":[[3657,-3645,3658,3659,-3547,3660]],"type":"Polygon","properties":{"id":"14000US04013040533"}},{"arcs":[[-2368,3661,3662,3663,3664,-3646,-3658,3665,3666]],"type":"Polygon","properties":{"id":"14000US04013040535"}},{"arcs":[[3667,-3339,-1189]],"type":"Polygon","properties":{"id":"14000US04013114705"}},{"arcs":[[3668,-3340,-3668,-1188]],"type":"Polygon","properties":{"id":"14000US04013114704"}},{"arcs":[[-2569,3669]],"type":"Polygon","properties":{"id":"14000US04013216858"}},{"arcs":[[3670,-2721,-2839,-2570,-3670,-2568,-1707]],"type":"Polygon","properties":{"id":"14000US04013216859"}},{"arcs":[[3671,3672,-2054,-1869]],"type":"Polygon","properties":{"id":"14000US04013216860"}},{"arcs":[[-3308,3673,-2060,-3673]],"type":"Polygon","properties":{"id":"14000US04013216861"}},{"arcs":[[3674,-2326,-1533,3675,-3421]],"type":"Polygon","properties":{"id":"14000US04013422650"}},{"arcs":[[3676,3677,-873,-3032,3678,3679,3680,3681]],"type":"Polygon","properties":{"id":"14000US04013816901"}},{"arcs":[[3682,-3680,3683,-3525]],"type":"Polygon","properties":{"id":"14000US04013817101"}},{"arcs":[[3684,-3682,3685,-3523,-3519]],"type":"Polygon","properties":{"id":"14000US04013817102"}},{"arcs":[[3686,-3677,-3685,-3518,-3604]],"type":"Polygon","properties":{"id":"14000US04013816903"}},{"arcs":[[3687,-3652,-3656,-2652]],"type":"Polygon","properties":{"id":"14000US04013107403"}},{"arcs":[[-1164,-3653,-3688,-2651]],"type":"Polygon","properties":{"id":"14000US04013107404"}},{"arcs":[[3688,-1883,-1860,-1863,-1867,-1872,-987,-1281,3689]],"type":"Polygon","properties":{"id":"14000US04013615201"}},{"arcs":[[-960,-1884,-3689,3690]],"type":"Polygon","properties":{"id":"14000US04013615202"}},{"arcs":[[-2267,3691,-927,3692]],"type":"Polygon","properties":{"id":"14000US04013614602"}},{"arcs":[[-2051,3693,3694,3695,-2043,3696]],"type":"Polygon","properties":{"id":"14000US04013612301"}},{"arcs":[[-3686,-3681,-3683,-3524]],"type":"Polygon","properties":{"id":"14000US04013817103"}},{"arcs":[[3697,3698,3699,-3664]],"type":"Polygon","properties":{"id":"14000US04013040537"}},{"arcs":[[-3310,3700,-1864]],"type":"Polygon","properties":{"id":"14000US04013216855"}},{"arcs":[[-3596,3701,3702,-3549,-1781,-1785,3703,3704]],"type":"Polygon","properties":{"id":"14000US04013040540"}},{"arcs":[[3705,-3704,-1784,3706,3707,-3472,-2147,-2154,3708,3709,3710,3711,3712,3713,3714]],"type":"Polygon","properties":{"id":"14000US04013050620"}},{"arcs":[[-3713,3715,3716]],"type":"Polygon","properties":{"id":"14000US04013050616"}},{"arcs":[[3717,3718,-3710]],"type":"Polygon","properties":{"id":"14000US04013050618"}},{"arcs":[[-2152,3719,-1944,-1346,3720,3721]],"type":"Polygon","properties":{"id":"14000US04013061056"}},{"arcs":[[-1943,3722,3723,3724,-1344]],"type":"Polygon","properties":{"id":"14000US04013061054"}},{"arcs":[[3725,-3640,3726,3727,3728]],"type":"Polygon","properties":{"id":"14000US04013061063"}},{"arcs":[[3729,3730,3731,-3469,-3708]],"type":"Polygon","properties":{"id":"14000US04013061059"}},{"arcs":[[-1788,-2007,3732,-3731,3733]],"type":"Polygon","properties":{"id":"14000US04013061061"}},{"arcs":[[-1978,-1963,3734,-1734,-1895,-1890,-1887,3735,-3587]],"type":"Polygon","properties":{"id":"14000US04013610901"}},{"arcs":[[3736,3737,-1319,3738]],"type":"Polygon","properties":{"id":"14000US04013050614"}},{"arcs":[[-3721,-1345,-3725,3739,-3650,3740,3741,3742,3743]],"type":"Polygon","properties":{"id":"14000US04013061057"}},{"arcs":[[-3733,-3470,-3732]],"type":"Polygon","properties":{"id":"14000US04013061060"}},{"arcs":[[3744,-3742,3745,-2104,3746,-2160,-2231,3747,3748,-1321,3749]],"type":"Polygon","properties":{"id":"14000US04013061058"}},{"arcs":[[-3720,-2151,-1927,-2001,-1941]],"type":"Polygon","properties":{"id":"14000US04013061055"}},{"arcs":[[-1783,-3734,-3730,-3707]],"type":"Polygon","properties":{"id":"14000US04013061062"}},{"arcs":[[-3736,-1886,-2201,3750,-2198]],"type":"Polygon","properties":{"id":"14000US04013613602"}},{"arcs":[[-3751,-2202,-1083,3751,-2199]],"type":"Polygon","properties":{"id":"14000US04013613601"}},{"arcs":[[3752,3753,3754,-2656]],"type":"Polygon","properties":{"id":"14000US04013109707"}},{"arcs":[[3755,3756,3757,3758]],"type":"Polygon","properties":{"id":"14000US04013109402"}},{"arcs":[[3759,-961,-3691,-3690,-1052,3760,3761,3762]],"type":"Polygon","properties":{"id":"14000US04013615002"}},{"arcs":[[-1885,-962,-3760,3763]],"type":"Polygon","properties":{"id":"14000US04013615001"}},{"arcs":[[-3762,3764,-3642,-2270]],"type":"Polygon","properties":{"id":"14000US04013617001"}},{"arcs":[[-2268,-3693,-926,-1991]],"type":"Polygon","properties":{"id":"14000US04013614601"}},{"arcs":[[-2047,-1725,-3514,-1746,-1878,-1879,3765,-3694,-2050]],"type":"Polygon","properties":{"id":"14000US04013612402"}},{"arcs":[[-3331,-2052,-3697,-2042]],"type":"Polygon","properties":{"id":"14000US04013612302"}},{"arcs":[[-2411,-3246,3766,-1722,3767,3768]],"type":"Polygon","properties":{"id":"14000US04013610001"}},{"arcs":[[-3766,-3764,-3763,-2269,3769,-3695]],"type":"Polygon","properties":{"id":"14000US04013612401"}},{"arcs":[[-3676,-1537,3770,-3613]],"type":"Polygon","properties":{"id":"14000US04013422648"}},{"arcs":[[-1865,-3701,-3309,-3672,-1868]],"type":"Polygon","properties":{"id":"14000US04013216854"}},{"arcs":[[3771,3772,3773,-3413]],"type":"Polygon","properties":{"id":"14000US04013116734"}},{"arcs":[[-1049,3774,3775,-1194,3776,-2860,-900]],"type":"Polygon","properties":{"id":"14000US04013112518"}},{"arcs":[[3777,3778]],"type":"Polygon","properties":{"id":"14000US04013723310"}},{"arcs":[[-3493,3779,3780,-3480,3781,3782,3783,3784]],"type":"Polygon","properties":{"id":"14000US04013319710"}},{"arcs":[[3785,-3404,3786,3787]],"type":"Polygon","properties":{"id":"14000US04013319001"}},{"arcs":[[-2658,3788,-2684,3789,3790]],"type":"Polygon","properties":{"id":"14000US04013112520"}},{"arcs":[[3791,3792,-3317,-3423,-3615,3793]],"type":"Polygon","properties":{"id":"14000US04013816001"}},{"arcs":[[3794,3795,3796,-1107,3797,3798]],"type":"Polygon","properties":{"id":"14000US04013112507"}},{"arcs":[[3799,-1045,3800]],"type":"Polygon","properties":{"id":"14000US04013112508"}},{"arcs":[[3801,3802,3803,3804,-3797]],"type":"Polygon","properties":{"id":"14000US04013112601"}},{"arcs":[[-3805,3805,3806,-1108]],"type":"Polygon","properties":{"id":"14000US04013112602"}},{"arcs":[[-3804,-2784,-2021,3807,3808,-3806]],"type":"Polygon","properties":{"id":"14000US04013112700"}},{"arcs":[[-1575,3809,3810,3811]],"type":"Polygon","properties":{"id":"14000US04013422226"}},{"arcs":[[-1583,-1584,3812,3813]],"type":"Polygon","properties":{"id":"14000US04013422224"}},{"arcs":[[-3755,3814,-3789,-2657]],"type":"Polygon","properties":{"id":"14000US04013109706"}},{"arcs":[[3815,-3637,3816,3817]],"type":"Polygon","properties":{"id":"14000US04013113702"}},{"arcs":[[3818,-1961,3819,3820]],"type":"Polygon","properties":{"id":"14000US04013981000"}},{"arcs":[[3821,3822,-3750,-1320,-3738]],"type":"Polygon","properties":{"id":"14000US04013050613"}},{"arcs":[[3823,3824,-1965,-1977,-3586]],"type":"Polygon","properties":{"id":"14000US04013610903"}},{"arcs":[[-3660,3825,-3699,3826,-3824,-3588,-2141,-950,-1791,3827,-2024,-3548]],"type":"Polygon","properties":{"id":"14000US04013040532"}},{"arcs":[[3828,-2709,3829,3830,3831]],"type":"Polygon","properties":{"id":"14000US04013116736"}},{"arcs":[[-3741,-3649,3832,-2100,-3746]],"type":"Polygon","properties":{"id":"14000US04013061050"}},{"arcs":[[-1111,-1186,3833,-1047]],"type":"Polygon","properties":{"id":"14000US04013112516"}},{"arcs":[[3834,3835,-3618,-3608,3836,-1122]],"type":"Polygon","properties":{"id":"14000US04013816003"}},{"arcs":[[-1048,3837,-3775]],"type":"Polygon","properties":{"id":"14000US04013112517"}},{"arcs":[[3838,-3714,-3717,3839,-1327,-2029,-2036,-1324,3840,3841]],"type":"Polygon","properties":{"id":"14000US04013050617"}},{"arcs":[[-1591,3842,3843,3844]],"type":"Polygon","properties":{"id":"14000US04013523008"}},{"arcs":[[-1590,-2796,3845,-3843]],"type":"Polygon","properties":{"id":"14000US04013523007"}},{"arcs":[[3846,3847,3848,-2848,-2434,-2421,3849,3850]],"type":"Polygon","properties":{"id":"14000US04013116738"}},{"arcs":[[-3748,-2230,3851,3852,3853]],"type":"Polygon","properties":{"id":"14000US04013980900"}},{"arcs":[[-3853,3854,3855,-3778,3856,3857]],"type":"Polygon","properties":{"id":"14000US04013723309"}},{"arcs":[[3858,3859,3860,3861,-3358]],"type":"Polygon","properties":{"id":"14000US04013116616"}},{"arcs":[[3862,-3857,-3779,-3856,3863]],"type":"Polygon","properties":{"id":"14000US04013723311"}},{"arcs":[[-3862,3864,-3832,-3411,-3359]],"type":"Polygon","properties":{"id":"14000US04013116617"}},{"arcs":[[-3831,3865,-3772,-3412]],"type":"Polygon","properties":{"id":"14000US04013116735"}},{"arcs":[[3866,-3782,-3484,3867,-2849,-3849,3868,3869]],"type":"Polygon","properties":{"id":"14000US04013319708"}},{"arcs":[[3870,-3851,3871,3872]],"type":"Polygon","properties":{"id":"14000US04013116737"}},{"arcs":[[3873,3874,-2102,3875,-3648]],"type":"Polygon","properties":{"id":"14000US04013061052"}},{"arcs":[[-2743,-2711,3876,-3860]],"type":"Polygon","properties":{"id":"14000US04013116615"}},{"arcs":[[-3700,-3826,-3659,-3644,-3665]],"type":"Polygon","properties":{"id":"14000US04013040536"}},{"arcs":[[-3715,-3839,3877,-2804,3878]],"type":"Polygon","properties":{"id":"14000US04013050621"}},{"arcs":[[-2000,-3641,-3726,-3723]],"type":"Polygon","properties":{"id":"14000US04013061064"}},{"arcs":[[-3724,-3729,3879,-3874,-3647,-3740]],"type":"Polygon","properties":{"id":"14000US04013061053"}},{"arcs":[[-3876,-2101,-3833]],"type":"Polygon","properties":{"id":"14000US04013061049"}},{"arcs":[[-3712,3880,-3739,-1318,-3840,-3716]],"type":"Polygon","properties":{"id":"14000US04013050615"}},{"arcs":[[-3488,3881,-2850,-3868]],"type":"Polygon","properties":{"id":"14000US04013319707"}},{"arcs":[[3882,-3783,-3867,3883]],"type":"Polygon","properties":{"id":"14000US04013319709"}},{"arcs":[[-3877,-2710,-3829,-3865,-3861]],"type":"Polygon","properties":{"id":"14000US04013116614"}},{"arcs":[[-2367,-2412,-3769,3884,3885,3886,3887,3888,-3329,3889,-3662]],"type":"Polygon","properties":{"id":"14000US04013610002"}},{"arcs":[[-2153,-3722,-3744,3890,3891,-3718,-3709]],"type":"Polygon","properties":{"id":"14000US04013050619"}},{"arcs":[[-3891,-3743,-3745,-3823,3892]],"type":"Polygon","properties":{"id":"14000US04013050612"}},{"arcs":[[3893,-3811,3894,-1624,-2618]],"type":"Polygon","properties":{"id":"14000US04013422227"}},{"arcs":[[-3631,-3627,3895,-3315,3896]],"type":"Polygon","properties":{"id":"14000US04013815602"}},{"arcs":[[-3426,-3431,-3322,-3522,3897,-3619]],"type":"Polygon","properties":{"id":"14000US04013816301"}},{"arcs":[[3898,-3788,-3408,-1607,3899]],"type":"Polygon","properties":{"id":"14000US04013319002"}},{"arcs":[[3900,-1120,-1072]],"type":"Polygon","properties":{"id":"14000US04013812802"}},{"arcs":[[-1077,3901,3902,-3835,-1121,-3901]],"type":"Polygon","properties":{"id":"14000US04013812801"}},{"arcs":[[3903,-3794,-3836,-3903]],"type":"Polygon","properties":{"id":"14000US04013815902"}},{"arcs":[[-1426,3904,-3792,-3904,-3902,-1076,-1070]],"type":"Polygon","properties":{"id":"14000US04013815901"}},{"arcs":[[3905,3906,3907,3908,-3887]],"type":"Polygon","properties":{"id":"14000US04013610301"}},{"arcs":[[3909,-2615,3910,-3485]],"type":"Polygon","properties":{"id":"14000US04013319801"}},{"arcs":[[-1609,-2611,-3910,-3482]],"type":"Polygon","properties":{"id":"14000US04013319802"}},{"arcs":[[3911,3912,3913]],"type":"Polygon","properties":{"id":"14000US04013816501"}},{"arcs":[[3914,-3914,3915,3916,3917,-3610]],"type":"Polygon","properties":{"id":"14000US04013816402"}},{"arcs":[[-3621,3918,-3912,-3915,-3617]],"type":"Polygon","properties":{"id":"14000US04013816401"}},{"arcs":[[-3790,-3585,3919,3920]],"type":"Polygon","properties":{"id":"14000US04013112519"}},{"arcs":[[-2258,-2115,3921,3922]],"type":"Polygon","properties":{"id":"14000US04013420505"}},{"arcs":[[-2259,-3923,-3556,-2693]],"type":"Polygon","properties":{"id":"14000US04013420506"}},{"arcs":[[-3611,-3918,3923]],"type":"Polygon","properties":{"id":"14000US04013816004"}},{"arcs":[[-1416,-1420,3924,3925,-1425]],"type":"Polygon","properties":{"id":"14000US04013815402"}},{"arcs":[[3926,-3318,-3793,-3905,-3926]],"type":"Polygon","properties":{"id":"14000US04013815401"}},{"arcs":[[-3509,3927,-3925]],"type":"Polygon","properties":{"id":"14000US04013815502"}},{"arcs":[[-3928,-1423,-3897,-3927]],"type":"Polygon","properties":{"id":"14000US04013815501"}},{"arcs":[[-3584,-3799,3928,3929]],"type":"Polygon","properties":{"id":"14000US04013112521"}},{"arcs":[[-1573,-3814,3930,-3810]],"type":"Polygon","properties":{"id":"14000US04013422225"}},{"arcs":[[-3931,-3813,-1587,-1691,-3561,-3895]],"type":"Polygon","properties":{"id":"14000US04013422223"}},{"arcs":[[-3474,-2225,3931,-3920,-3930,-3801,-1044]],"type":"Polygon","properties":{"id":"14000US04013112524"}},{"arcs":[[3932,3933,3934,-3623,-3630,3935]],"type":"Polygon","properties":{"id":"14000US04013815201"}},{"arcs":[[-3758,3936,3937,3938]],"type":"Polygon","properties":{"id":"14000US04013109401"}},{"arcs":[[3939,3940,3941,-3907]],"type":"Polygon","properties":{"id":"14000US04013610302"}},{"arcs":[[3942,3943,3944,-3940,-3906,-3886]],"type":"Polygon","properties":{"id":"14000US04013610201"}},{"arcs":[[-3589,-2303,-2327,-3675,-1543,3945]],"type":"Polygon","properties":{"id":"14000US04013422652"}},{"arcs":[[3946,3947]],"type":"Polygon","properties":{"id":"14000US04013522801"}},{"arcs":[[-3945,3948,3949,-3941]],"type":"Polygon","properties":{"id":"14000US04013610202"}},{"arcs":[[-3666,-3661,-3546,-3545,-3537,-3550,-3703,3950]],"type":"Polygon","properties":{"id":"14000US04013040538"}},{"arcs":[[-3834,-1185,-3776,-3838]],"type":"Polygon","properties":{"id":"14000US04013112515"}},{"arcs":[[-3929,-3798,-1106,-3800]],"type":"Polygon","properties":{"id":"14000US04013112522"}},{"arcs":[[-3629,3951,-3933,3952,-1224]],"type":"Polygon","properties":{"id":"14000US04013814802"}},{"arcs":[[-3620,-3898,-3527,3953,3954,-3916,-3913,-3919]],"type":"Polygon","properties":{"id":"14000US04013816502"}},{"arcs":[[-3327,-1469,3955,-2828,-3380]],"type":"Polygon","properties":{"id":"14000US04013107001"}},{"arcs":[[-3935,3956,-3947,3957,-3624]],"type":"Polygon","properties":{"id":"14000US04013522802"}},{"arcs":[[-3953,-3936,-3632,-1421]],"type":"Polygon","properties":{"id":"14000US04013815203"}},{"arcs":[[-1468,-2674,-2829,-3956]],"type":"Polygon","properties":{"id":"14000US04013107002"}},{"arcs":[[-3603,3958,-3678,-3687]],"type":"Polygon","properties":{"id":"14000US04013816902"}},{"arcs":[[3959,-3820,-1960,3960,-3818,3961,3962,-3494,-3785,3963,-2107]],"type":"Polygon","properties":{"id":"14000US04013113800"}},{"arcs":[[-2369,-3667,-3951,-3702,-3595,3964,-2633]],"type":"Polygon","properties":{"id":"14000US04013040539"}},{"arcs":[[3965,3966,3967,-3791,-3921,-3932,-2224]],"type":"Polygon","properties":{"id":"14000US04013112523"}},{"arcs":[[3968,-3601,3969,3970,-2788]],"type":"Polygon","properties":{"id":"14000US04013010103"}},{"arcs":[[-847,-249,-254,-621,-707,-2583,-2286],[-266,3971]],"type":"Polygon","properties":{"id":"14000US04017964202"}},{"arcs":[[3972,-849,-844,3973,-260]],"type":"Polygon","properties":{"id":"14000US04017940014"}},{"arcs":[[-261,-3974,-843,-2596,-2587,3974]],"type":"Polygon","properties":{"id":"14000US04017940015"}},{"arcs":[[-264,-2585,3975,3976,3977]],"type":"Polygon","properties":{"id":"14000US04017940302"}},{"arcs":[[-3459,3978,-257,3979]],"type":"Polygon","properties":{"id":"14000US04017940011"}},{"arcs":[[-2591,-2580,-3165,-3455,-3980,-256,3980]],"type":"Polygon","properties":{"id":"14000US04017940008"}},{"arcs":[[-2592,-3981,-255,3981]],"type":"Polygon","properties":{"id":"14000US04017940012"}},{"arcs":[[-3979,-3464,3982,-258]],"type":"Polygon","properties":{"id":"14000US04017940010"}},{"arcs":[[-267,-3972]],"type":"Polygon","properties":{"id":"14000US04017964201"}},{"arcs":[[-3452,-251,-247,-2595]],"type":"Polygon","properties":{"id":"14000US04017963400"}},{"arcs":[[-2513,-2539,-2537,-1154]],"type":"Polygon","properties":{"id":"14000US04013106400"}},{"arcs":[[3983,3984,-2756,-2835,-2018]],"type":"Polygon","properties":{"id":"14000US04013112900"}},{"arcs":[[3985,3986,-2753,-3985]],"type":"Polygon","properties":{"id":"14000US04013113000"}},{"arcs":[[3987,-2800,3988,-2754]],"type":"Polygon","properties":{"id":"14000US04013113202"}},{"arcs":[[-2810,3989,3990,-3638,-3816,3991,3992]],"type":"Polygon","properties":{"id":"14000US04013113601"}},{"arcs":[[-1454,-3558,3993]],"type":"Polygon","properties":{"id":"14000US04013421202"}},{"arcs":[[-3486,-3911,3994,3995,3996]],"type":"Polygon","properties":{"id":"14000US04013319902"}},{"arcs":[[-2614,3997,3998,-3995]],"type":"Polygon","properties":{"id":"14000US04013319903"}},{"arcs":[[-2619,-1627,3999,-3998]],"type":"Polygon","properties":{"id":"14000US04013319904"}},{"arcs":[[-3999,4000,-2677,4001]],"type":"Polygon","properties":{"id":"14000US04013319905"}},{"arcs":[[4002,4003,4004,4005,4006,4007]],"type":"Polygon","properties":{"id":"14000US04011960100"}},{"arcs":[[4008,-4005,4009,4010,4011,4012]],"type":"Polygon","properties":{"id":"14000US04011960300"}},{"arcs":[[-4009,4013,-4006]],"type":"Polygon","properties":{"id":"14000US04011960200"}},{"arcs":[[-1481,-1953,-2534,-1162,-1366]],"type":"Polygon","properties":{"id":"14000US04013106600"}},{"arcs":[[-1176,4014,4015,-2546,4016,4017]],"type":"Polygon","properties":{"id":"14000US04013108200"}},{"arcs":[[-4017,-2545,4018,-1956]],"type":"Polygon","properties":{"id":"14000US04013111000"}},{"arcs":[[4019,-3992,-3961,-1959]],"type":"Polygon","properties":{"id":"14000US04013113602"}},{"arcs":[[4020,-3960,-2106,4021]],"type":"Polygon","properties":{"id":"14000US04013113900"}},{"arcs":[[4022,-3989,-2799,-4022,-2105,4023]],"type":"Polygon","properties":{"id":"14000US04013114000"}},{"arcs":[[-2755,-4023,4024,-2836]],"type":"Polygon","properties":{"id":"14000US04013114100"}},{"arcs":[[-4025,-4024,4025,4026]],"type":"Polygon","properties":{"id":"14000US04013114200"}},{"arcs":[[-2837,-4027,4027,4028]],"type":"Polygon","properties":{"id":"14000US04013114302"}},{"arcs":[[-4000,-1630,-1635,4029,-4001]],"type":"Polygon","properties":{"id":"14000US04013319906"}},{"arcs":[[4030,4031,-2679,-1288,-1284,-2429]],"type":"Polygon","properties":{"id":"14000US04013319910"}},{"arcs":[[-2852,4032,4033,-4031,-2436]],"type":"Polygon","properties":{"id":"14000US04013320001"}},{"arcs":[[-3996,-4002,-4032,-4034]],"type":"Polygon","properties":{"id":"14000US04013319908"}},{"arcs":[[-4030,-1623,-1290,-2678]],"type":"Polygon","properties":{"id":"14000US04013319909"}},{"arcs":[[-3487,-3997,-4033,-2851,-3882]],"type":"Polygon","properties":{"id":"14000US04013320007"}},{"arcs":[[-2759,-3579,-3581,-3377,-2700]],"type":"Polygon","properties":{"id":"14000US04013071909"}},{"arcs":[[-2830,-3576,-2454,-3577,-2174]],"type":"Polygon","properties":{"id":"14000US04013071910"}},{"arcs":[[-1283,4034,4035,4036]],"type":"Polygon","properties":{"id":"14000US04013103216"}},{"arcs":[[-1282,-990,4037,-4035]],"type":"Polygon","properties":{"id":"14000US04013103217"}},{"arcs":[[4038,4039,4040,4041]],"type":"Polygon","properties":{"id":"14000US04013103302"}},{"arcs":[[-3634,-3635,4042,-4039,4043]],"type":"Polygon","properties":{"id":"14000US04013103303"}},{"arcs":[[-1204,-4044,4044,4045,4046]],"type":"Polygon","properties":{"id":"14000US04013103304"}},{"arcs":[[-1205,-4047,4047,4048]],"type":"Polygon","properties":{"id":"14000US04013103305"}},{"arcs":[[-4048,-4046,4049,4050]],"type":"Polygon","properties":{"id":"14000US04013103306"}},{"arcs":[[-4041,4051,-2506,4052]],"type":"Polygon","properties":{"id":"14000US04013103400"}},{"arcs":[[-2541,-1178,4053,-1954,-1236]],"type":"Polygon","properties":{"id":"14000US04013108400"}},{"arcs":[[4054,-1496,-3337]],"type":"Polygon","properties":{"id":"14000US04013108601"}},{"arcs":[[-1170,-1173,-1184,-1497,-4055,4055]],"type":"Polygon","properties":{"id":"14000US04013108602"}},{"arcs":[[-2535,-4056,-3336,4056]],"type":"Polygon","properties":{"id":"14000US04013108802"}},{"arcs":[[4057,-3338,-1494,-1248]],"type":"Polygon","properties":{"id":"14000US04013108901"}},{"arcs":[[4058,4059,4060]],"type":"Polygon","properties":{"id":"14000US04013111501"}},{"arcs":[[-1262,-2811,4061,-4059,4062]],"type":"Polygon","properties":{"id":"14000US04013111502"}},{"arcs":[[-1503,-4063,-4061,4063,4064]],"type":"Polygon","properties":{"id":"14000US04013111601"}},{"arcs":[[-1501,-4065,4065,4066]],"type":"Polygon","properties":{"id":"14000US04013111602"}},{"arcs":[[-1499,-4067,4067,4068]],"type":"Polygon","properties":{"id":"14000US04013111700"}},{"arcs":[[-3808,-2020,4069,-3341,4070]],"type":"Polygon","properties":{"id":"14000US04013114401"}},{"arcs":[[-2019,-2838,-4029,-3342,-4070]],"type":"Polygon","properties":{"id":"14000US04013114402"}},{"arcs":[[-3809,-4071,-3669,4071]],"type":"Polygon","properties":{"id":"14000US04013114500"}},{"arcs":[[-3807,-4072,-1187,-1109]],"type":"Polygon","properties":{"id":"14000US04013114600"}},{"arcs":[[-4028,4072,-2632,-2741,-3343]],"type":"Polygon","properties":{"id":"14000US04013114800"}},{"arcs":[[-4026,-2111,-2629,-4073]],"type":"Polygon","properties":{"id":"14000US04013114900"}},{"arcs":[[4073,4074,4075,-1358,4076,-3465,4077,4078]],"type":"Polygon","properties":{"id":"14000US04013217300"}},{"arcs":[[-2543,4079,-4078,-3468,4080,4081,-2547]],"type":"Polygon","properties":{"id":"14000US04013217400"}},{"arcs":[[4082,4083,-4053,-2504,-996]],"type":"Polygon","properties":{"id":"14000US04013103502"}},{"arcs":[[-1038,-3516,4084,4085,4086,-2816]],"type":"Polygon","properties":{"id":"14000US04013103604"}},{"arcs":[[-4050,-4045,-4042,-4084,4087]],"type":"Polygon","properties":{"id":"14000US04013103501"}},{"arcs":[[-4087,4088,4089,-998,4090,4091]],"type":"Polygon","properties":{"id":"14000US04013103605"}},{"arcs":[[-1201,-4049,-4051,4092,4093]],"type":"Polygon","properties":{"id":"14000US04013103606"}},{"arcs":[[-4093,-4088,-4083,-995,4094]],"type":"Polygon","properties":{"id":"14000US04013103607"}},{"arcs":[[-1245,-3657,-3654,-4057,-4058,-1247]],"type":"Polygon","properties":{"id":"14000US04013108902"}},{"arcs":[[4095,-3031,-3038,-3039,-3012,4096]],"type":"Polygon","properties":{"id":"14000US04021000215"}},{"arcs":[[-2331,4097,-2322,-3024,-714]],"type":"Polygon","properties":{"id":"14000US04021000316"}},{"arcs":[[-2964,4098,4099,-2974,-169,-3023,-2312,4100,-2450,4101,-3083,-738,-3125,4102,-831,-2949,-3003,4103,-2982]],"type":"Polygon","properties":{"id":"14000US04021000802"}},{"arcs":[[4104,-2328,-171,4105,-2986,4106]],"type":"Polygon","properties":{"id":"14000US04021000307"}},{"arcs":[[-2311,-3085,4107,-2448,-4101]],"type":"Polygon","properties":{"id":"14000US04021000604"}},{"arcs":[[-275,4108,-2966,-2984,4109,-881]],"type":"Polygon","properties":{"id":"14000US04021002001"}},{"arcs":[[4110,4111,-273,-2968,-2978]],"type":"Polygon","properties":{"id":"14000US04021001303"}},{"arcs":[[-2952,4112,-2885,4113,4114,4115,-2304,-3022,-3025,-2972]],"type":"Polygon","properties":{"id":"14000US04021002300"}},{"arcs":[[-1600,-3512,-3529,-1132,4116,-2977,-2878,-2960,-2990,-884,-888,-2991,-2996,-2317,4117,-2869]],"type":"Polygon","properties":{"id":"14000US04021941300"}},{"arcs":[[4118,-2644,4119,4120,4121,-2308,4122,-2306]],"type":"Polygon","properties":{"id":"14000US04021002400"}},{"arcs":[[-2325,-2955,-869,-3046,-863,-3959,-3602,4123,-1535]],"type":"Polygon","properties":{"id":"14000US04021000204"}},{"arcs":[[-3757,4124,-2671,-1485,-3937]],"type":"Polygon","properties":{"id":"14000US04013109300"}},{"arcs":[[-2702,-3383,-3759,-3939,-2723,4125,4126]],"type":"Polygon","properties":{"id":"14000US04013109500"}},{"arcs":[[-2466,4127,4128,-2458]],"type":"Polygon","properties":{"id":"14000US04013109601"}},{"arcs":[[-2703,-4127,-3753,-2655,4129]],"type":"Polygon","properties":{"id":"14000US04013109602"}},{"arcs":[[-2465,-2704,-4130,4130,4131,-4128]],"type":"Polygon","properties":{"id":"14000US04013109603"}},{"arcs":[[-2108,-3964,-3784,-3883,4132,4133,4134,4135]],"type":"Polygon","properties":{"id":"14000US04013115200"}},{"arcs":[[-2109,-4136,4136,4137,-2630]],"type":"Polygon","properties":{"id":"14000US04013115300"}},{"arcs":[[-3350,-3300,-1191]],"type":"Polygon","properties":{"id":"14000US04013115500"}},{"arcs":[[-3344,-2744,-3859,-3348]],"type":"Polygon","properties":{"id":"14000US04013115600"}},{"arcs":[[-4138,4138,4139,-2515]],"type":"Polygon","properties":{"id":"14000US04013115900"}},{"arcs":[[-4137,4140,4141,-4139]],"type":"Polygon","properties":{"id":"14000US04013116000"}},{"arcs":[[-4135,4142,-4141]],"type":"Polygon","properties":{"id":"14000US04013116100"}},{"arcs":[[4143,-3870,4144,4145]],"type":"Polygon","properties":{"id":"14000US04013116202"}},{"arcs":[[4146,-3394,-1606,4147,-3397]],"type":"Polygon","properties":{"id":"14000US04013217600"}},{"arcs":[[-1605,-2771,4148,4149]],"type":"Polygon","properties":{"id":"14000US04013217800"}},{"arcs":[[-4148,-4150,-2818,4150]],"type":"Polygon","properties":{"id":"14000US04013217900"}},{"arcs":[[-4081,-3467,-3398,-4151,-2626,4151]],"type":"Polygon","properties":{"id":"14000US04013218000"}},{"arcs":[[-4149,-2770,-2819]],"type":"Polygon","properties":{"id":"14000US04013218300"}},{"arcs":[[-660,4152,-653]],"type":"Polygon","properties":{"id":"14000US04019002603"}},{"arcs":[[-740,-3086,-3070,4153,4154,-813,-467,4155,-1774]],"type":"Polygon","properties":{"id":"14000US04019004642"}},{"arcs":[[-746,-801,-788,4156]],"type":"Polygon","properties":{"id":"14000US04019004726"}},{"arcs":[[-114,-3326,4157,4158,-65]],"type":"Polygon","properties":{"id":"14000US04019005200"}},{"arcs":[[-1813,-800,4159]],"type":"Polygon","properties":{"id":"14000US04019004330"}},{"arcs":[[-131,4160,-838,4161,-3119,-2074,-782]],"type":"Polygon","properties":{"id":"14000US04019004324"}},{"arcs":[[-2945,-2950,-834,-1976,4162,4163,-771,4164,4165,4166]],"type":"Polygon","properties":{"id":"14000US04019004425"}},{"arcs":[[-2522,-1803,-2519,4167,4168,4169,4170,-2488]],"type":"Polygon","properties":{"id":"14000US04019004062"}},{"arcs":[[4171,4172,4173,4174,-3123,-1768,4175]],"type":"Polygon","properties":{"id":"14000US04019004114"}},{"arcs":[[4176,-3100,4177,-1773,-797,-3107,-3118,-1811,4178,-780]],"type":"Polygon","properties":{"id":"14000US04019004327"}},{"arcs":[[4179,-3116,-3114,-764,-4164]],"type":"Polygon","properties":{"id":"14000US04019004423"}},{"arcs":[[4180,4181,-1973,-3115,-4180,-4163,-1975]],"type":"Polygon","properties":{"id":"14000US04019004431"}},{"arcs":[[-1775,-4156,-466,-3126]],"type":"Polygon","properties":{"id":"14000US04019004641"}},{"arcs":[[-3313,-1196,-4094,-4095,-994,-4090,4182,-4085]],"type":"Polygon","properties":{"id":"14000US04013103611"}},{"arcs":[[-4086,-4183,-4089]],"type":"Polygon","properties":{"id":"14000US04013103612"}},{"arcs":[[-4091,-999,4183,4184]],"type":"Polygon","properties":{"id":"14000US04013103614"}},{"arcs":[[-4184,-1005,4185,4186,4187,4188]],"type":"Polygon","properties":{"id":"14000US04013103615"}},{"arcs":[[4189,-4185,-4189,4190,-2697]],"type":"Polygon","properties":{"id":"14000US04013103900"}},{"arcs":[[-2817,-4092,-4190,4191]],"type":"Polygon","properties":{"id":"14000US04013103609"}},{"arcs":[[-2647,-4192,-2696,-2636]],"type":"Polygon","properties":{"id":"14000US04013104100"}},{"arcs":[[-3379,4192,-3381,-2236]],"type":"Polygon","properties":{"id":"14000US04013093105"}},{"arcs":[[-3597,-3705,-3706,-3879,-2803,4193]],"type":"Polygon","properties":{"id":"14000US04013040516"}},{"arcs":[[-3719,-3892,-3893,-3822,-3737,-3881,-3711]],"type":"Polygon","properties":{"id":"14000US04013050609"}},{"arcs":[[4194,-2158,4195]],"type":"Polygon","properties":{"id":"14000US04013061401"}},{"arcs":[[-1778,-1343,-2027,-2008,-2004,-1786]],"type":"Polygon","properties":{"id":"14000US04013040528"}},{"arcs":[[-3878,-3842,4196,-2805]],"type":"Polygon","properties":{"id":"14000US04013050604"}},{"arcs":[[-1936,-2190,-2194,-2210,-1937,-2002]],"type":"Polygon","properties":{"id":"14000US04013061014"}},{"arcs":[[-1368,4197,-1795,-1911,-2083,-2013]],"type":"Polygon","properties":{"id":"14000US04013061029"}},{"arcs":[[-2090,-2143,-3471]],"type":"Polygon","properties":{"id":"14000US04013061036"}},{"arcs":[[-2185,-2462,4198,-2227,-3473,-2216]],"type":"Polygon","properties":{"id":"14000US04013082017"}},{"arcs":[[-3475,-1050,-899,-893]],"type":"Polygon","properties":{"id":"14000US04013082205"}},{"arcs":[[-4191,-4188,-1087,-1951]],"type":"Polygon","properties":{"id":"14000US04013104401"}},{"arcs":[[-1329,-1474,-1146,-1351]],"type":"Polygon","properties":{"id":"14000US04013105503"}},{"arcs":[[-4129,-4132,4199,4200,-3967,4201]],"type":"Polygon","properties":{"id":"14000US04013109702"}},{"arcs":[[-3754,-4126,-2725,-2680,-3815]],"type":"Polygon","properties":{"id":"14000US04013109801"}},{"arcs":[[-4131,-2654,4202,-4200]],"type":"Polygon","properties":{"id":"14000US04013109704"}},{"arcs":[[-4203,-2659,-3968,-4201]],"type":"Polygon","properties":{"id":"14000US04013109705"}},{"arcs":[[-3938,-1488,4203,-2714,-2724]],"type":"Polygon","properties":{"id":"14000US04013109900"}},{"arcs":[[4204,-1167,-2650,-2672]],"type":"Polygon","properties":{"id":"14000US04013106801"}},{"arcs":[[-2533,-1238,-1250,-2670]],"type":"Polygon","properties":{"id":"14000US04013109101"}},{"arcs":[[-1852,-1709,-1700,-3389,4205]],"type":"Polygon","properties":{"id":"14000US04013216836"}},{"arcs":[[4206,-3501,-1827,-1796,-3552]],"type":"Polygon","properties":{"id":"14000US04013420213"}},{"arcs":[[-3922,-2662,-2691,-2854,-3557]],"type":"Polygon","properties":{"id":"14000US04013421002"}},{"arcs":[[-3767,-3245,-2907,4207,4208,4209,-2329,-4105,4210,-2131,-2127,4211,-2778,-2874,-3599,-3969,-2787,-1331,4212,-1723]],"type":"Polygon","properties":{"id":"14000US04013010102"}},{"arcs":[[-4213,-1337,-3513,-1724]],"type":"Polygon","properties":{"id":"14000US04013030402"}},{"arcs":[[-1352,-1149,-1152,-4205,-1476]],"type":"Polygon","properties":{"id":"14000US04013106001"}},{"arcs":[[-1177,-4018,-1955,-1264,-4054]],"type":"Polygon","properties":{"id":"14000US04013108302"}},{"arcs":[[-2345,-2634,-3965,-3598,-4194,-2802,4213]],"type":"Polygon","properties":{"id":"14000US04013040515"}},{"arcs":[[-2204,-2132,-4211,-4107,-2249,-3497,-3495,-2207,-2623]],"type":"Polygon","properties":{"id":"14000US04013420110"}},{"arcs":[[-2461,4214,-3966,-2223,-4199]],"type":"Polygon","properties":{"id":"14000US04013082018"}},{"arcs":[[4215,-935,-1032,-929]],"type":"Polygon","properties":{"id":"14000US04013616500"}},{"arcs":[[-2245,-1019,4216,-1016]],"type":"Polygon","properties":{"id":"14000US04013618000"}},{"arcs":[[-934,-3515,-1036,-1033]],"type":"Polygon","properties":{"id":"14000US04013618700"}},{"arcs":[[-1292,-1299,4217,-1384]],"type":"Polygon","properties":{"id":"14000US04013810200"}},{"arcs":[[-4218,-1389,-1395,-1385]],"type":"Polygon","properties":{"id":"14000US04013810700"}},{"arcs":[[-1271,-2866,4218]],"type":"Polygon","properties":{"id":"14000US04013116730"}},{"arcs":[[-3414,-3774,4219,-3872,-3850,-2426,-2441,4220,4221,4222,-1268,-4219,-2865,-3356]],"type":"Polygon","properties":{"id":"14000US04013116733"}},{"arcs":[[-3526,-3684,-3679,-3034,-3027,-4096,-3954]],"type":"Polygon","properties":{"id":"14000US04013817200"}},{"arcs":[[-1992,-931,-1024,-2246,-964]],"type":"Polygon","properties":{"id":"14000US04013616300"}},{"arcs":[[4223,-2319,-2998,-2939,4224,-3324,4225,-2806,-4197]],"type":"Polygon","properties":{"id":"14000US04013723306"}},{"arcs":[[-3593,-1539,-3614,-3771,-1536,-4124,-3606,4226,4227,-3625,-3958,-3948,-3957,-3934,-3952,-3628,-1302]],"type":"Polygon","properties":{"id":"14000US04013817600"}},{"arcs":[[-2807,-4226,-3323,-112,-37]],"type":"Polygon","properties":{"id":"14000US04013723305"}},{"arcs":[[-3768,-1728,4228,-3943,-3885]],"type":"Polygon","properties":{"id":"14000US04013610100"}},{"arcs":[[-3909,4229,-3949,-3944,-4229,-1727,-2046,4230,-3888]],"type":"Polygon","properties":{"id":"14000US04013610500"}},{"arcs":[[-4231,-2045,-3330,-3889]],"type":"Polygon","properties":{"id":"14000US04013610600"}},{"arcs":[[-2789,-3971,4231,-3305,-1854]],"type":"Polygon","properties":{"id":"14000US04013216843"}},{"arcs":[[-3890,-3332,-1981,-1729,-3735,-1962,-3825,-3827,-3698,-3663]],"type":"Polygon","properties":{"id":"14000US04013610800"}},{"arcs":[[-3307,4232,-2722,-3671,-1706,-1851,-2061,-3674]],"type":"Polygon","properties":{"id":"14000US04013216849"}},{"arcs":[[-1495,4233,-3984,-2017]],"type":"Polygon","properties":{"id":"14000US04013111900"}},{"arcs":[[-1334,-2597,-2136,-3311]],"type":"Polygon","properties":{"id":"14000US04013613100"}},{"arcs":[[-2621,-2252,-1828,-3500]],"type":"Polygon","properties":{"id":"14000US04013420113"}},{"arcs":[[-3765,-3761,-1051,-970,-3643]],"type":"Polygon","properties":{"id":"14000US04013617100"}},{"arcs":[[-3841,-1323,4234,-3864,-3855,-3852,-2229,-2870,-4118,-2316,-4224]],"type":"Polygon","properties":{"id":"14000US04013723304"}},{"arcs":[[-1322,-3749,-3854,-3858,-3863,-4235]],"type":"Polygon","properties":{"id":"14000US04013723307"}},{"arcs":[[-1123,-3837,-3607,-1212,-1209,-1129]],"type":"Polygon","properties":{"id":"14000US04013813600"}},{"arcs":[[-2858,-1309,4235,4236,-1409,4237,-1847]],"type":"Polygon","properties":{"id":"14000US04013422634"}},{"arcs":[[-3896,-3626,-4228,4238,-3429,-3424,-3316]],"type":"Polygon","properties":{"id":"14000US04013815800"}},{"arcs":[[-4227,-3605,-3521,-3319,-3430,-4239]],"type":"Polygon","properties":{"id":"14000US04013816600"}},{"arcs":[[-2795,-1721,-1561,4239]],"type":"Polygon","properties":{"id":"14000US04013522903"}},{"arcs":[[-3696,-3770,-2271,-937,4240,-4216,-928,-3692,-2266]],"type":"Polygon","properties":{"id":"14000US04013614700"}},{"arcs":[[-936,-932,-4241]],"type":"Polygon","properties":{"id":"14000US04013614800"}},{"arcs":[[-2200,-3752,-1086,-951,-945,-1995]],"type":"Polygon","properties":{"id":"14000US04013615400"}},{"arcs":[[-1255,-1259,-4069,-3986,-4234]],"type":"Polygon","properties":{"id":"14000US04013111800"}},{"arcs":[[-1491,-2785,-3803,4241]],"type":"Polygon","properties":{"id":"14000US04013112201"}},{"arcs":[[-2833,-1492,-4242,-3802,4242]],"type":"Polygon","properties":{"id":"14000US04013112202"}},{"arcs":[[-4143,-4134,4243,-4146,4244,-3847,4245]],"type":"Polygon","properties":{"id":"14000US04013116203"}},{"arcs":[[-4133,-3884,-4144,-4244]],"type":"Polygon","properties":{"id":"14000US04013116204"}},{"arcs":[[-4145,-3869,-3848,-4245]],"type":"Polygon","properties":{"id":"14000US04013116205"}},{"arcs":[[-4142,-4246,-3871,4246]],"type":"Polygon","properties":{"id":"14000US04013116300"}},{"arcs":[[-4140,-4247,4247,-2708]],"type":"Polygon","properties":{"id":"14000US04013116400"}},{"arcs":[[-3866,-3830,-4248,-3873,-4220,-3773]],"type":"Polygon","properties":{"id":"14000US04013116703"}},{"arcs":[[-2820,-2783,4248,-2606,-3409,-3400,4249,-3490]],"type":"Polygon","properties":{"id":"14000US04013318400"}},{"arcs":[[-3491,-4250,-3786,-3899,4250]],"type":"Polygon","properties":{"id":"14000US04013318700"}},{"arcs":[[-2496,-2737,4251,-2493,-2497]],"type":"Polygon","properties":{"id":"14000US04013104204"}},{"arcs":[[-2735,-1948,-1952,-1092,-1444,-2786,4252]],"type":"Polygon","properties":{"id":"14000US04013104205"}},{"arcs":[[-1530,-4252,-2736,-4253,-1447,-2695]],"type":"Polygon","properties":{"id":"14000US04013104206"}},{"arcs":[[-2637,-2698,-2734,-2495]],"type":"Polygon","properties":{"id":"14000US04013104212"}},{"arcs":[[-4217,-2492,4253,-2790]],"type":"Polygon","properties":{"id":"14000US04013104214"}},{"arcs":[[-4254,-2481,-2482,-2676]],"type":"Polygon","properties":{"id":"14000US04013104217"}},{"arcs":[[-4106,-175,-177,-3040,-2987]],"type":"Polygon","properties":{"id":"14000US04021000309"}},{"arcs":[[-2994,4254,-2962,-2997]],"type":"Polygon","properties":{"id":"14000US04021001704"}},{"arcs":[[-2993,4255,-3020,-2956,-4255]],"type":"Polygon","properties":{"id":"14000US04021001707"}},{"arcs":[[-890,-3015,-4256,-2992]],"type":"Polygon","properties":{"id":"14000US04021001706"}},{"arcs":[[4256,-3353,-3357,-2863,4257]],"type":"Polygon","properties":{"id":"14000US04013116619"}},{"arcs":[[4258,4259,-975,-89,4260]],"type":"Polygon","properties":{"id":"14000US04012020602"}},{"arcs":[[4261,4262]],"type":"Polygon","properties":{"id":"14000US04012940200"}},{"arcs":[[-4263,4263,-3571,4264,4265,4266,-4259,4267]],"type":"Polygon","properties":{"id":"14000US04012940300"}},{"arcs":[[-3942,-3950,-4230,-3908]],"type":"Polygon","properties":{"id":"14000US04013610400"}},{"arcs":[[-3977,4268,-4008,4269,4270,4271,-4120,-2643]],"type":"Polygon","properties":{"id":"14000US04009940500"}},{"arcs":[[-159,4272,4273,4274]],"type":"Polygon","properties":{"id":"14000US04009961300"}},{"arcs":[[-4270,-4007,-4014,-4013,4275,4276,-4273,-158,4277]],"type":"Polygon","properties":{"id":"14000US04009961700"}},{"arcs":[[-4121,-4272,4278,4279,4280,-191,-683,4281]],"type":"Polygon","properties":{"id":"14000US04009961600"}},{"arcs":[[-4271,-4278,-161,4282,4283,-4279]],"type":"Polygon","properties":{"id":"14000US04009961100"}},{"arcs":[[4284,-4276,-4012,4285,-4280,-4284,4286]],"type":"Polygon","properties":{"id":"14000US04009961500"}},{"arcs":[[-4274,-4277,-4285,4287]],"type":"Polygon","properties":{"id":"14000US04009961400"}},{"arcs":[[4288,4289,-2761,-2898]],"type":"Polygon","properties":{"id":"14000US04015953100"}},{"arcs":[[-4193,-2470,-2739,-2529,-2669,-4125,-3756,-3382]],"type":"Polygon","properties":{"id":"14000US04013093104"}},{"arcs":[[4290,4291,4292,4293]],"type":"Polygon","properties":{"id":"14000US04013103205"}},{"arcs":[[4294,4295,-3384,4296,-4292]],"type":"Polygon","properties":{"id":"14000US04013103206"}},{"arcs":[[4297,-1471,-1089,4298]],"type":"Polygon","properties":{"id":"14000US04013104501"}},{"arcs":[[-4187,4299,-4299,-1088]],"type":"Polygon","properties":{"id":"14000US04013104502"}},{"arcs":[[-1143,-2845,4300,-4075,4301,-2729]],"type":"Polygon","properties":{"id":"14000US04013105002"}},{"arcs":[[-2730,-4302,-4074,4302,4303,-4015,-1175]],"type":"Polygon","properties":{"id":"14000US04013107900"}},{"arcs":[[-4303,-4079,-4080,-2542,4304]],"type":"Polygon","properties":{"id":"14000US04013108000"}},{"arcs":[[-2567,-2565,-2554,-2557,4305]],"type":"Polygon","properties":{"id":"14000US04013116721"}},{"arcs":[[4306,4307,-2559,-2868,4308]],"type":"Polygon","properties":{"id":"14000US04013116725"}},{"arcs":[[-4223,4309,-4309,-2867,-1269]],"type":"Polygon","properties":{"id":"14000US04013116727"}},{"arcs":[[4310,-4307,-4310,-4222]],"type":"Polygon","properties":{"id":"14000US04013116728"}},{"arcs":[[4311,-2622,-3499,4312]],"type":"Polygon","properties":{"id":"14000US04013420202"}},{"arcs":[[-2779,-4212,-2126,4313,-2822]],"type":"Polygon","properties":{"id":"14000US04013420207"}},{"arcs":[[-3502,4314,-4207,4315]],"type":"Polygon","properties":{"id":"14000US04013420208"}},{"arcs":[[-2255,-4313,-3498,-4315]],"type":"Polygon","properties":{"id":"14000US04013420209"}},{"arcs":[[-192,-4281,-4286,-4011,4316,4317,4318,-183]],"type":"Polygon","properties":{"id":"14000US04003000101"}},{"arcs":[[-4319,4319,-187,-184]],"type":"Polygon","properties":{"id":"14000US04003000102"}},{"arcs":[[-680,-684,-190,-2921,4320]],"type":"Polygon","properties":{"id":"14000US04003000305"}},{"arcs":[[-188,-4320,-4318,4321,-2925,-2276,4322,-2912,-2922]],"type":"Polygon","properties":{"id":"14000US04003000501"}},{"arcs":[[-685,-681,-4321,-2920,4323,4324,4325]],"type":"Polygon","properties":{"id":"14000US04003000304"}},{"arcs":[[-4324,-2923,-668,-678,4326]],"type":"Polygon","properties":{"id":"14000US04003001301"}},{"arcs":[[-4323,-2275,-2924,-2936,-2913]],"type":"Polygon","properties":{"id":"14000US04003000502"}},{"arcs":[[4327,-4325,-4327,-677,-2932,-2069]],"type":"Polygon","properties":{"id":"14000US04003001302"}},{"arcs":[[-2025,-3828,-1790,4328,-3542]],"type":"Polygon","properties":{"id":"14000US04013040506"}},{"arcs":[[-3543,-4329,-1789,-4198,-1367,-1340,-3540]],"type":"Polygon","properties":{"id":"14000US04013040507"}},{"arcs":[[-2459,-4202,-4215,-2460]],"type":"Polygon","properties":{"id":"14000US04013082010"}},{"arcs":[[-992,4329,-3385,-4296]],"type":"Polygon","properties":{"id":"14000US04013103207"}},{"arcs":[[4330,4331,4332,-2507]],"type":"Polygon","properties":{"id":"14000US04013103208"}},{"arcs":[[-4293,-4297,-3388,-1698,-1098,4333,-4332]],"type":"Polygon","properties":{"id":"14000US04013103209"}},{"arcs":[[-4221,-2440,-2566,-4306,-2560,-4308,-4311]],"type":"Polygon","properties":{"id":"14000US04013116729"}},{"arcs":[[-3492,-4251,4334,-3780]],"type":"Polygon","properties":{"id":"14000US04013318800"}},{"arcs":[[-3403,-3405,-3787]],"type":"Polygon","properties":{"id":"14000US04013319101"}},{"arcs":[[-4335,-3900,-3481,-3781]],"type":"Polygon","properties":{"id":"14000US04013318900"}},{"arcs":[[-3479,4335,-2616,4336]],"type":"Polygon","properties":{"id":"14000US04013319403"}},{"arcs":[[-376,4337,4338,4339,-4168,-2518,-379]],"type":"Polygon","properties":{"id":"14000US04019004081"}},{"arcs":[[-517,-610,-721,-709,-3087]],"type":"Polygon","properties":{"id":"14000US04019000502"}},{"arcs":[[-732,4340,-3081,-815,-310,4341]],"type":"Polygon","properties":{"id":"14000US04019004080"}},{"arcs":[[-4103,-3127,-3069,4342,-4181,-1974,-832]],"type":"Polygon","properties":{"id":"14000US04019004648"}},{"arcs":[[4343,4344,-362,4345,-374,4346]],"type":"Polygon","properties":{"id":"14000US04019004078"}},{"arcs":[[-549,-606,4347,-762,-601]],"type":"Polygon","properties":{"id":"14000US04019004076"}},{"arcs":[[4348,4349]],"type":"Polygon","properties":{"id":"14000US04019004126"}},{"arcs":[[4350,-727,-563,4351,-337,4352]],"type":"Polygon","properties":{"id":"14000US04019003601"}},{"arcs":[[4353,4354,4355,-751,4356]],"type":"Polygon","properties":{"id":"14000US04019003202"}},{"arcs":[[4357,-856,4358,-4354,4359]],"type":"Polygon","properties":{"id":"14000US04019003104"}},{"arcs":[[-512,-519,-3089,4360,-574]],"type":"Polygon","properties":{"id":"14000US04019000401"}},{"arcs":[[4361,-2946,-4167,4362,4363,-4158]],"type":"Polygon","properties":{"id":"14000US04019941100"}},{"arcs":[[4364,4365,4366]],"type":"Polygon","properties":{"id":"14000US04019980100"}},{"arcs":[[-4336,-2609,-1576,-3812,-3894,-2617]],"type":"Polygon","properties":{"id":"14000US04013319404"}},{"arcs":[[-3407,-4337,-2612,-1608]],"type":"Polygon","properties":{"id":"14000US04013319500"}},{"arcs":[[4367,-2624,-4312,-2254]],"type":"Polygon","properties":{"id":"14000US04013420210"}},{"arcs":[[-4314,-2130,-2203,4368,-2823]],"type":"Polygon","properties":{"id":"14000US04013420211"}},{"arcs":[[-4361,-3088,-776,4369,-575]],"type":"Polygon","properties":{"id":"14000US04019000402"}},{"arcs":[[4370,-1809,4371,-1807,-2490,4372,-4365]],"type":"Polygon","properties":{"id":"14000US04019004132"}},{"arcs":[[-4175,4373,-4350,4374,-2067,-3124]],"type":"Polygon","properties":{"id":"14000US04019004127"}},{"arcs":[[-605,-4347,-338,-4348]],"type":"Polygon","properties":{"id":"14000US04019004075"}},{"arcs":[[-361,4375,-371,-4346]],"type":"Polygon","properties":{"id":"14000US04019004077"}},{"arcs":[[-770,-1820,-3097,-3104,-2523,4376,-4165]],"type":"Polygon","properties":{"id":"14000US04019004434"}},{"arcs":[[4377,-4353,-336,-305,-381,-2520,-1801,-1822,-735]],"type":"Polygon","properties":{"id":"14000US04019980300"}},{"arcs":[[-556,4378,-4378,-723,-753]],"type":"Polygon","properties":{"id":"14000US04019003506"}},{"arcs":[[-555,-561,-728,-4351,-4379]],"type":"Polygon","properties":{"id":"14000US04019003505"}},{"arcs":[[-470,-3075,-3079,-729,4379,-479]],"type":"Polygon","properties":{"id":"14000US04019004730"}},{"arcs":[[-3099,-1770,-1771,-4178]],"type":"Polygon","properties":{"id":"14000US04019004336"}},{"arcs":[[-3122,4380,-3120,-4162,-837]],"type":"Polygon","properties":{"id":"14000US04019004128"}},{"arcs":[[-855,-542,4381,-4355,-4359]],"type":"Polygon","properties":{"id":"14000US04019003103"}},{"arcs":[[-4356,-4382,-541,-546,-553,-752]],"type":"Polygon","properties":{"id":"14000US04019003201"}},{"arcs":[[-4340,4382,-4169]],"type":"Polygon","properties":{"id":"14000US04019004082"}},{"arcs":[[-3121,-4381]],"type":"Polygon","properties":{"id":"14000US04019004130"}},{"arcs":[[-1808,-4372]],"type":"Polygon","properties":{"id":"14000US04019004133"}},{"arcs":[[-1554,-1551,-748,-399,-1823,-4371,-4367,4383,-4172,4384]],"type":"Polygon","properties":{"id":"14000US04019004131"}},{"arcs":[[-4384,-4366,4385,-4173]],"type":"Polygon","properties":{"id":"14000US04019980200"}},{"arcs":[[-807,-810,-441,-829,-3101,-1815,-768]],"type":"Polygon","properties":{"id":"14000US04019004433"}},{"arcs":[[-3102,-597,-600,4386]],"type":"Polygon","properties":{"id":"14000US04019002507"}},{"arcs":[[-4369,-2206,-4368,-2824]],"type":"Polygon","properties":{"id":"14000US04013420212"}},{"arcs":[[-2257,-1363,4387,-2745,-2262]],"type":"Polygon","properties":{"id":"14000US04013420301"}},{"arcs":[[-1362,4388,4389,-4388]],"type":"Polygon","properties":{"id":"14000US04013420302"}},{"arcs":[[-1361,4390,4391,-4389]],"type":"Polygon","properties":{"id":"14000US04013420303"}},{"arcs":[[-1360,-2781,-2826,4392,-4391]],"type":"Polygon","properties":{"id":"14000US04013420304"}},{"arcs":[[-1759,-1905,4393,4394]],"type":"Polygon","properties":{"id":"14000US04027011116"}},{"arcs":[[-1755,-151,4395]],"type":"Polygon","properties":{"id":"14000US04027011506"}},{"arcs":[[-1756,-4396,-150,4396,-153]],"type":"Polygon","properties":{"id":"14000US04027011505"}},{"arcs":[[4397,4398,4399,-1748]],"type":"Polygon","properties":{"id":"14000US04027011408"}},{"arcs":[[-155,4400,-1753,4401]],"type":"Polygon","properties":{"id":"14000US04027011601"}},{"arcs":[[-139,-71,-3367,-53,4402]],"type":"Polygon","properties":{"id":"14000US04027000910"}},{"arcs":[[4403,-1901,-1758]],"type":"Polygon","properties":{"id":"14000US04027010915"}},{"arcs":[[-3536,-1902,-4404,-1757,-1762,-94]],"type":"Polygon","properties":{"id":"14000US04027010916"}},{"arcs":[[-3533,-78,4404,4405]],"type":"Polygon","properties":{"id":"14000US04027011122"}},{"arcs":[[-1765,4406,-84]],"type":"Polygon","properties":{"id":"14000US04027011120"}},{"arcs":[[-81,4407,-109,-3446]],"type":"Polygon","properties":{"id":"14000US04027011124"}},{"arcs":[[-4400,4408,4409,-1749]],"type":"Polygon","properties":{"id":"14000US04027011407"}},{"arcs":[[4410,-4394,-1904,4411,4412,-4405,-83,-3447,-107,4413]],"type":"Polygon","properties":{"id":"14000US04027011123"}},{"arcs":[[-100,4414]],"type":"Polygon","properties":{"id":"14000US04027011203"}},{"arcs":[[-148,4415,-3440,-86,4416,-105,-104,4417,-4409,-4399,4418]],"type":"Polygon","properties":{"id":"14000US04027011801"}},{"arcs":[[-1899,4419,-110,-4408,-80]],"type":"Polygon","properties":{"id":"14000US04027011125"}},{"arcs":[[-4407,-1764,4420,-4414,-106,-4417,-85]],"type":"Polygon","properties":{"id":"14000US04027011121"}},{"arcs":[[-140,-4403,-52,-63]],"type":"Polygon","properties":{"id":"14000US04027000909"}},{"arcs":[[-57,-4416,-147]],"type":"Polygon","properties":{"id":"14000US04027011802"}},{"arcs":[[-91,-40,-101,-4415,-99,-111,-4420,-1898]],"type":"Polygon","properties":{"id":"14000US04027011204"}},{"arcs":[[-3534,-4406,-4413,4421]],"type":"Polygon","properties":{"id":"14000US04027011119"}},{"arcs":[[-3535,-4422,-4412,-1903]],"type":"Polygon","properties":{"id":"14000US04027011118"}},{"arcs":[[-1763,-1760,-4395,-4411,-4421]],"type":"Polygon","properties":{"id":"14000US04027011117"}},{"arcs":[[-154,-4397,-149,-4419,-4398,-1747,-1754,-4401]],"type":"Polygon","properties":{"id":"14000US04027011602"}},{"arcs":[[4422,-4294,-4331,-4052]],"type":"Polygon","properties":{"id":"14000US04013103210"}},{"arcs":[[4423,4424,-4423,-4040]],"type":"Polygon","properties":{"id":"14000US04013103211"}},{"arcs":[[-4036,4425,-4291,-4425]],"type":"Polygon","properties":{"id":"14000US04013103212"}},{"arcs":[[-4038,-993,-4295,-4426]],"type":"Polygon","properties":{"id":"14000US04013103214"}},{"arcs":[[-1279,-4037,-4424,-4043]],"type":"Polygon","properties":{"id":"14000US04013103215"}},{"arcs":[[-2508,-4333,-4334,-1105,-2728,-2510,-2501]],"type":"Polygon","properties":{"id":"14000US04013105101"}},{"arcs":[[-1096,-2503,-2509,-1482,4426]],"type":"Polygon","properties":{"id":"14000US04013105200"}},{"arcs":[[4427,-1097,-4427,-1479,-1472]],"type":"Polygon","properties":{"id":"14000US04013105300"}},{"arcs":[[-4305,-4016,-4304]],"type":"Polygon","properties":{"id":"14000US04013108100"}},{"arcs":[[-1487,-1493,-2832,-4204]],"type":"Polygon","properties":{"id":"14000US04013110001"}},{"arcs":[[-2716,-2834,-4243,-3796,4428]],"type":"Polygon","properties":{"id":"14000US04013112301"}},{"arcs":[[-2717,-4429,-3795,-3583]],"type":"Polygon","properties":{"id":"14000US04013112402"}},{"arcs":[[-2145,-1934,-2156,-2148]],"type":"Polygon","properties":{"id":"14000US04013061100"}},{"arcs":[[-3727,-3639,-1939,-2213,-2220,-914,-2159,-4195,4429]],"type":"Polygon","properties":{"id":"14000US04013061200"}},{"arcs":[[-3880,-3728,-4430,-4196,-2157,-3747,-2103,-3875]],"type":"Polygon","properties":{"id":"14000US04013061300"}},{"arcs":[[4430,-1435,-2121,-2758,4431]],"type":"Polygon","properties":{"id":"14000US04013071503"}},{"arcs":[[-4186,-1004,-1094,-4428,-4298,-4300]],"type":"Polygon","properties":{"id":"14000US04013104600"}},{"arcs":[[-773,-725,-737,-1821,-1138,-639,-636]],"type":"Polygon","properties":{"id":"14000US04019002202"}},{"arcs":[[-3078,-3082,-4341,-731]],"type":"Polygon","properties":{"id":"14000US04019004723"}},{"arcs":[[-655,4432,-509,-505,-3095]],"type":"Polygon","properties":{"id":"14000US04019001303"}},{"arcs":[[4433,4434,-4344,-604,4435]],"type":"Polygon","properties":{"id":"14000US04019004069"}},{"arcs":[[4436,-363,-4345,-4435]],"type":"Polygon","properties":{"id":"14000US04019004070"}},{"arcs":[[-654,-4153,-659,-514,-510,-4433]],"type":"Polygon","properties":{"id":"14000US04019001304"}},{"arcs":[[-1697,-3387,-3563,-3392,-3390,-1100]],"type":"Polygon","properties":{"id":"14000US04013216813"}},{"arcs":[[-991,-988,-1871,-2057,-2059,-1714,4437,-2573,-3562,-3386,-4330]],"type":"Polygon","properties":{"id":"14000US04013216816"}},{"arcs":[[-1713,-4206,-2574,-4438]],"type":"Polygon","properties":{"id":"14000US04013216826"}},{"arcs":[[-2667,-2773,-2748,-2843]],"type":"Polygon","properties":{"id":"14000US04013216902"}},{"arcs":[[-2844,-2752,-1354,-4076,-4301]],"type":"Polygon","properties":{"id":"14000US04013217001"}},{"arcs":[[-1355,-2751,4438,-1602,-3393]],"type":"Polygon","properties":{"id":"14000US04013217101"}},{"arcs":[[4439,-384,-1136,-1715,-1549,-567]],"type":"Polygon","properties":{"id":"14000US04019004122"}},{"arcs":[[-947,-1436,-4431,4440]],"type":"Polygon","properties":{"id":"14000US04013071504"}},{"arcs":[[-369,-360,-4437,4441]],"type":"Polygon","properties":{"id":"14000US04019004072"}},{"arcs":[[-315,-370,-4442,-4434,4442]],"type":"Polygon","properties":{"id":"14000US04019004071"}},{"arcs":[[-948,-4441,-4432,-2166,-2664,-1906,-1792]],"type":"Polygon","properties":{"id":"14000US04013071505"}},{"arcs":[[-4265,-3570,-3575,4443,-2346,-4214,-2801,4444,-3565,4445,4446]],"type":"Polygon","properties":{"id":"14000US04012020101"}},{"arcs":[[-4446,-3564,4447,4448]],"type":"Polygon","properties":{"id":"14000US04012020503"}},{"arcs":[[-4445,-2808,-35,-3566]],"type":"Polygon","properties":{"id":"14000US04012020102"}},{"arcs":[[-2552,4449,-3962,-3817]],"type":"Polygon","properties":{"id":"14000US04013111203"}},{"arcs":[[-2548,-4082,-4152,-2625,-2847,-3489,-3963,-4450,-2551]],"type":"Polygon","properties":{"id":"14000US04013111204"}},{"arcs":[[-4019,-2550,-3636,-3991,4450]],"type":"Polygon","properties":{"id":"14000US04013111300"}},{"arcs":[[-1957,-4451,-3990,-2809]],"type":"Polygon","properties":{"id":"14000US04013111402"}},{"arcs":[[-4232,-3970,-3600,-2872,-1504,-2718,-4233,-3306]],"type":"Polygon","properties":{"id":"14000US04013980700"}},{"arcs":[[-2750,-2772,-1603,-4439]],"type":"Polygon","properties":{"id":"14000US04013217102"}},{"arcs":[[-4077,-1357,-3395,-4147,-3396,-3466]],"type":"Polygon","properties":{"id":"14000US04013217201"}},{"arcs":[[-615,-332,-857,-4358,4451,-613]],"type":"Polygon","properties":{"id":"14000US04019001801"}},{"arcs":[[-4452,-4360,-4357,-750,-719]],"type":"Polygon","properties":{"id":"14000US04019001802"}},{"arcs":[[-662,-323,-611,-607,-658]],"type":"Polygon","properties":{"id":"14000US04019002703"}},{"arcs":[[-792,-860,-861,-853,-329,-325]],"type":"Polygon","properties":{"id":"14000US04019002905"}},{"arcs":[[-2418,-3292,-3217,-2340,4452,4453]],"type":"Polygon","properties":{"id":"14000US04025001300"}},{"arcs":[[-3296,-3294,-3259,-3269,-3278]],"type":"Polygon","properties":{"id":"14000US04025000802"}},{"arcs":[[-4380,-734,4454,4455]],"type":"Polygon","properties":{"id":"14000US04019004720"}},{"arcs":[[-480,-4456,4456,-529,-858,-790,-759]],"type":"Polygon","properties":{"id":"14000US04019004724"}},{"arcs":[[4457,-758,4458,-3091]],"type":"Polygon","properties":{"id":"14000US04019941000"}},{"arcs":[[-4154,-3077,-1967,-499,4459]],"type":"Polygon","properties":{"id":"14000US04019004619"}},{"arcs":[[-4102,-2449,-4108,-3084]],"type":"Polygon","properties":{"id":"14000US04019004715"}},{"arcs":[[-4443,-4436,4460,-316]],"type":"Polygon","properties":{"id":"14000US04019004039"}},{"arcs":[[-2309,-4122,-4282,-682,4461,-819,-364,-386,-817,-3080,-3072]],"type":"Polygon","properties":{"id":"14000US04019004052"}},{"arcs":[[-347,-351,4462,-4338,-375,-4376]],"type":"Polygon","properties":{"id":"14000US04019004026"}},{"arcs":[[-602,-763,-334,-4352]],"type":"Polygon","properties":{"id":"14000US04019004033"}},{"arcs":[[-350,-1800,-4462,-687,4463,-4170,-4383,-4339,-4463]],"type":"Polygon","properties":{"id":"14000US04019004061"}},{"arcs":[[-4386,-4373,-2489,-4171,-4464,-686,-4326,-4328,-2068,-4375,-4349,-4374,-4174]],"type":"Polygon","properties":{"id":"14000US04019004109"}},{"arcs":[[-393,-812,-755,4464]],"type":"Polygon","properties":{"id":"14000US04019004311"}},{"arcs":[[-781,-4179,-1814,-4160,-799,-835,-4161,-130]],"type":"Polygon","properties":{"id":"14000US04019004328"}},{"arcs":[[-814,-4155,-4460,-520,-431]],"type":"Polygon","properties":{"id":"14000US04019004633"}},{"arcs":[[-3068,-461,-425,-2602,-2603,-1968,-4182,-4343]],"type":"Polygon","properties":{"id":"14000US04019004639"}},{"arcs":[[-503,-1966,-3076,-743,-414]],"type":"Polygon","properties":{"id":"14000US04019004713"}},{"arcs":[[-4455,-733,-4342,-309,-4457]],"type":"Polygon","properties":{"id":"14000US04019004721"}},{"arcs":[[-4166,-4377,-2525,-786,4465,-4363]],"type":"Polygon","properties":{"id":"14000US04019940800"}},{"arcs":[[-3106,-3092,-4459,-757,-459,-811,-649,-3103,-4387,-599,-582,-1553,-1555,-4385,-4176,-1767,-3098,-4177,-779,-823]],"type":"Polygon","properties":{"id":"14000US04019940900"}},{"arcs":[[4466,-576,-4370,-775,-1547]],"type":"Polygon","properties":{"id":"14000US04019000100"}},{"arcs":[[-579,-577,-4467,-1546,-1557,-824]],"type":"Polygon","properties":{"id":"14000US04019000200"}},{"arcs":[[-1127,-3417,-1207,-1211,-1214,-3612,-3924,-3917,-3955,-4097,-3011,-876,-3004,-2976,4467,4468,4469,-4111,-4117]],"type":"Polygon","properties":{"id":"14000US04021941200"}},{"arcs":[[4470,4471,-4469]],"type":"Polygon","properties":{"id":"14000US04021001100"}},{"arcs":[[-4210,4472,-4114,-2884,-4113,-2951,-2323,-4098,-2330]],"type":"Polygon","properties":{"id":"14000US04021000201"}},{"arcs":[[-4123,-2307]],"type":"Polygon","properties":{"id":"14000US04021000700"}},{"arcs":[[-4470,-4472,4473,-4099,-2963,-4109,-274,-4112]],"type":"Polygon","properties":{"id":"14000US04021001200"}},{"arcs":[[-292,-882,-4110,-2983,-4104,-3002,-3045,-3043,-2999,-2942,-2882]],"type":"Polygon","properties":{"id":"14000US04021001900"}},{"arcs":[[-4468,-2975,-4100,-4474,-4471]],"type":"Polygon","properties":{"id":"14000US04021001000"}},{"arcs":[[4474,4475,4476,-2901,4477,-2290]],"type":"Polygon","properties":{"id":"14000US04007000200"}},{"arcs":[[4478,4479,4480,-2640,4481,4482]],"type":"Polygon","properties":{"id":"14000US04007001200"}},{"arcs":[[-2375,-2291,-4478,-2900,-3244]],"type":"Polygon","properties":{"id":"14000US04007000100"}},{"arcs":[[4483,4484,-4476,4485,-2904]],"type":"Polygon","properties":{"id":"14000US04007000500"}},{"arcs":[[4486,4487,-2639,-4483,4488,-4115,-4473,-4209]],"type":"Polygon","properties":{"id":"14000US04007000800"}},{"arcs":[[-2905,-4486,-4475,-2289,4489,4490]],"type":"Polygon","properties":{"id":"14000US04007000600"}},{"arcs":[[-2906,-4491,4491,4492,-4487,-4208]],"type":"Polygon","properties":{"id":"14000US04007000700"}},{"arcs":[[-2902,-4477,-4485,4493]],"type":"Polygon","properties":{"id":"14000US04007000400"}},{"arcs":[[-4493,4494,-2641,-4481,4495,-4479,-2638,-4488]],"type":"Polygon","properties":{"id":"14000US04007001000"}},{"arcs":[[-4489,-4482,-2645,-4119,-2305,-4116]],"type":"Polygon","properties":{"id":"14000US04007001300"}},{"arcs":[[-4480,-4496]],"type":"Polygon","properties":{"id":"14000US04007001100"}},{"arcs":[[-2288,-2586,-265,-3978,-2642,-4495,-4492,-4490]],"type":"Polygon","properties":{"id":"14000US04007940200"}},{"arcs":[[-4494,-4484,-2903]],"type":"Polygon","properties":{"id":"14000US04007000301"}},{"arcs":[[-160,-4275,-4288,-4287,-4283]],"type":"Polygon","properties":{"id":"14000US04009961202"}},{"arcs":[[-1193,-3299,-4257,4496]],"type":"Polygon","properties":{"id":"14000US04013116621"}},{"arcs":[[-4497,4497,-2861,-3777]],"type":"Polygon","properties":{"id":"14000US04013116620"}},{"arcs":[[-4498,-4258,-2862]],"type":"Polygon","properties":{"id":"14000US04013116618"}},{"arcs":[[4498,-3821,-4021,-2798,4499]],"type":"Polygon","properties":{"id":"14000US04013113301"}},{"arcs":[[-4068,-4066,4500,-4500,-2797,-3988,-3987]],"type":"Polygon","properties":{"id":"14000US04013113204"}},{"arcs":[[-4064,-4060,-4062,-3993,-4020,-1958,-3819,-4499,-4501]],"type":"Polygon","properties":{"id":"14000US04013113503"}},{"arcs":[[-1308,4501,-4236]],"type":"Polygon","properties":{"id":"14000US04013422659"}},{"arcs":[[-4502,-1845,4502,-3361,-1410,-4237]],"type":"Polygon","properties":{"id":"14000US04013422660"}},{"arcs":[[4503,-16,4504,4505,4506,4507]],"type":"Polygon","properties":{"id":"14000US04015953602"}},{"arcs":[[4508,-2,4509]],"type":"Polygon","properties":{"id":"14000US04015950401"}},{"arcs":[[4510,4511,4512,-2887]],"type":"Polygon","properties":{"id":"14000US04015952001"}},{"arcs":[[-2888,-4513,4513,4514,4515,-3432,4516]],"type":"Polygon","properties":{"id":"14000US04015952003"}},{"arcs":[[-2889,-4517,-3435,4517,4518,4519,4520,4521]],"type":"Polygon","properties":{"id":"14000US04015940501"}},{"arcs":[[-8,4522,4523]],"type":"Polygon","properties":{"id":"14000US04015951401"}},{"arcs":[[-1375,-1373,4524,4525,4526,-13]],"type":"Polygon","properties":{"id":"14000US04015950705"}},{"arcs":[[4527,4528,4529,-19,4530,-3438]],"type":"Polygon","properties":{"id":"14000US04015951501"}},{"arcs":[[4531,4532,4533,-4505,-15]],"type":"Polygon","properties":{"id":"14000US04015953800"}},{"arcs":[[4534,4535,-3559,4536]],"type":"Polygon","properties":{"id":"14000US04013420602"}},{"arcs":[[-4390,4537,-4535,-2746]],"type":"Polygon","properties":{"id":"14000US04013420603"}},{"arcs":[[-2584,-696,-626,-3451,-3454,-3157,4538,-3155,4539,-4003,-4269,-3976]],"type":"Polygon","properties":{"id":"14000US04001970502"}},{"arcs":[[-3156,-4539]],"type":"Polygon","properties":{"id":"14000US04001970501"}},{"arcs":[[-3167,-693,-3461,4540,-3456]],"type":"Polygon","properties":{"id":"14000US04001944202"}},{"arcs":[[-3463,4541,-3149,-3448,-850,-3973,-259,-3983]],"type":"Polygon","properties":{"id":"14000US04001944902"}},{"arcs":[[4542,4543,-3151,4544]],"type":"Polygon","properties":{"id":"14000US04001945002"}},{"arcs":[[-3462,-691,4545,-4545,-3150,-4542]],"type":"Polygon","properties":{"id":"14000US04001944901"}},{"arcs":[[-690,4546,-4543,-4546]],"type":"Polygon","properties":{"id":"14000US04001945001"}},{"arcs":[[-3457,-4541,-3460]],"type":"Polygon","properties":{"id":"14000US04001944201"}},{"arcs":[[-2782,-2694,-3994,-2607,-4249]],"type":"Polygon","properties":{"id":"14000US04013421201"}},{"arcs":[[4547,4548,-3504,-4536]],"type":"Polygon","properties":{"id":"14000US04013420704"}},{"arcs":[[-4392,-4393,-3503,4549,-4548,-4538]],"type":"Polygon","properties":{"id":"14000US04013420705"}},{"arcs":[[-4550,-4316,-3551,-4549]],"type":"Polygon","properties":{"id":"14000US04013420706"}},{"arcs":[[-2660,-2264,-2747,-4537,-2685,-2689]],"type":"Polygon","properties":{"id":"14000US04013420800"}},{"arcs":[[-1832,-2859,-1846,-1945]],"type":"Polygon","properties":{"id":"14000US04013422609"}},{"arcs":[[-1642,4550,4551,4552,4553,-2856,-1631]],"type":"Polygon","properties":{"id":"14000US04013422307"}},{"arcs":[[-1644,4554,4555,-4551]],"type":"Polygon","properties":{"id":"14000US04013422308"}},{"arcs":[[4556,4557,-4552]],"type":"Polygon","properties":{"id":"14000US04013422309"}},{"arcs":[[-4556,4558,4559,-4557]],"type":"Polygon","properties":{"id":"14000US04013422401"}},{"arcs":[[4560,4561,4562,-4559]],"type":"Polygon","properties":{"id":"14000US04013422402"}},{"arcs":[[-4560,4563,-3420,4564]],"type":"Polygon","properties":{"id":"14000US04013422403"}},{"arcs":[[-4554,4565,-2793,-1589,-1639,-2857]],"type":"Polygon","properties":{"id":"14000US04013422304"}},{"arcs":[[-4558,-4565,-3418,-4566,-4553]],"type":"Polygon","properties":{"id":"14000US04013422305"}},{"arcs":[[-4563,4566,-1215,-4564]],"type":"Polygon","properties":{"id":"14000US04013422404"}},{"arcs":[[-1618,4567,4568,-1643]],"type":"Polygon","properties":{"id":"14000US04013422503"}},{"arcs":[[-1615,4569,4570,-4568]],"type":"Polygon","properties":{"id":"14000US04013422504"}},{"arcs":[[-4571,4571,4572,4573]],"type":"Polygon","properties":{"id":"14000US04013422506"}},{"arcs":[[4574,-1230,4575,-4572]],"type":"Polygon","properties":{"id":"14000US04013422507"}},{"arcs":[[-4569,-4574,-4561,-4555]],"type":"Polygon","properties":{"id":"14000US04013422508"}},{"arcs":[[-4573,4576,4577,-4562]],"type":"Polygon","properties":{"id":"14000US04013422509"}},{"arcs":[[-4576,-3131,4578,-4577]],"type":"Polygon","properties":{"id":"14000US04013422510"}},{"arcs":[[-4578,4579,-1219,-4567]],"type":"Polygon","properties":{"id":"14000US04013422511"}},{"arcs":[[-4579,-3130,-3508,-4580]],"type":"Polygon","properties":{"id":"14000US04013422512"}},{"arcs":[[-2733,-1313,-4575,-4570]],"type":"Polygon","properties":{"id":"14000US04013422514"}},{"arcs":[[-2063,-2078,-2032,4580,4581]],"type":"Polygon","properties":{"id":"14000US04023966302"}},{"arcs":[[-3051,-3056,-3066,4582,-4581,-2031,4583]],"type":"Polygon","properties":{"id":"14000US04023966301"}},{"arcs":[[-3052,-4584,-2030,-3063]],"type":"Polygon","properties":{"id":"14000US04023966103"}},{"arcs":[[-4225,-2947,-4362,-3325]],"type":"Polygon","properties":{"id":"14000US04013940700"}},{"arcs":[[-1798,-1317,-1311,-2732]],"type":"Polygon","properties":{"id":"14000US04013422607"}},{"arcs":[[-2855,-1465,4584,-1582]],"type":"Polygon","properties":{"id":"14000US04013422001"}},{"arcs":[[-4585,-1464,-1612,-1640,-1579]],"type":"Polygon","properties":{"id":"14000US04013422002"}},{"arcs":[[-1844,-1839,-1843,-3590,-3946,-1542,-4503]],"type":"Polygon","properties":{"id":"14000US04013422615"}},{"arcs":[[-1848,4585,-3591,-1695]],"type":"Polygon","properties":{"id":"14000US04013422617"}},{"arcs":[[-4238,-1413,-1541,-3592,-4586]],"type":"Polygon","properties":{"id":"14000US04013422618"}},{"arcs":[[-3844,-3846,-4240,-2705,-1559]],"type":"Polygon","properties":{"id":"14000US04013523002"}},{"arcs":[[-1620,-3845,-1558,-1297]],"type":"Polygon","properties":{"id":"14000US04013523005"}},{"arcs":[[4586,-2296,-1677]],"type":"Polygon","properties":{"id":"14000US04005001301"}},{"arcs":[[4587,-2283,-1665,-2297,-4587,-1676]],"type":"Polygon","properties":{"id":"14000US04005001302"}},{"arcs":[[4588,4589,4590,4591,-3982,-262,-3975,-2284,-4588,-1675,4592]],"type":"Polygon","properties":{"id":"14000US04005945100"}},{"arcs":[[-236,-3138,4593,-2593,-4592,4594]],"type":"Polygon","properties":{"id":"14000US04005942201"}},{"arcs":[[-1668,-233,4595,-2589,-4594,-3137]],"type":"Polygon","properties":{"id":"14000US04005942202"}},{"arcs":[[-3134,-230,-3142,-3145,-1681]],"type":"Polygon","properties":{"id":"14000US04005001101"}},{"arcs":[[-237,-4595,-4591,4596,4597,-4593,-1674,-3148]],"type":"Polygon","properties":{"id":"14000US04005945000"}},{"arcs":[[4598,-4589,-4598]],"type":"Polygon","properties":{"id":"14000US04005945200"}},{"arcs":[[-4599,-4597,-4590]],"type":"Polygon","properties":{"id":"14000US04005944900"}},{"arcs":[[-535,4599,-4461,-603,-547,4600]],"type":"Polygon","properties":{"id":"14000US04019004068"}},{"arcs":[[-4267,4601,-4448,-3567,-33,-974,-4260]],"type":"Polygon","properties":{"id":"14000US04012020505"}},{"arcs":[[-4447,-4449,-4602,-4266]],"type":"Polygon","properties":{"id":"14000US04012020504"}},{"arcs":[[4602,4603,4604,4605,-2895]],"type":"Polygon","properties":{"id":"14000US04015952701"}},{"arcs":[[-3366,4606,-23,4607]],"type":"Polygon","properties":{"id":"14000US04015951702"}},{"arcs":[[-3365,-3439,-4531,-18,-4607]],"type":"Polygon","properties":{"id":"14000US04015951701"}},{"arcs":[[-3096,-1817,-394,-4465,-754,-4458,-3090,-3105]],"type":"Polygon","properties":{"id":"14000US04019004333"}},{"arcs":[[-2485,-663,-656,-651,-491]],"type":"Polygon","properties":{"id":"14000US04019004511"}},{"arcs":[[-453,-747,-4157,-787,-455]],"type":"Polygon","properties":{"id":"14000US04019004725"}},{"arcs":[[-4527,4608,-4532,-14]],"type":"Polygon","properties":{"id":"14000US04015953901"}},{"arcs":[[-4521,4609,4610,4611]],"type":"Polygon","properties":{"id":"14000US04015955001"}},{"arcs":[[4612,4613,4614,-27,4615,4616]],"type":"Polygon","properties":{"id":"14000US04015953405"}},{"arcs":[[-3433,-4516,4617,4618,-4519,4619]],"type":"Polygon","properties":{"id":"14000US04015952007"}},{"arcs":[[4620,4621,-4525,-1372,4622]],"type":"Polygon","properties":{"id":"14000US04015950707"}},{"arcs":[[-3434,-4620,-4518]],"type":"Polygon","properties":{"id":"14000US04015952006"}},{"arcs":[[4623,4624,-28,-4615,4625,4626,4627]],"type":"Polygon","properties":{"id":"14000US04015952801"}},{"arcs":[[-4523,-7,4628,4629,4630]],"type":"Polygon","properties":{"id":"14000US04015951403"}},{"arcs":[[-4606,4631,4632,-4628,4633,4634,4635,-2896]],"type":"Polygon","properties":{"id":"14000US04015953002"}},{"arcs":[[4636,-4624,-4633,4637]],"type":"Polygon","properties":{"id":"14000US04015952802"}},{"arcs":[[-4626,-4614,4638,4639]],"type":"Polygon","properties":{"id":"14000US04015953301"}},{"arcs":[[-4634,-4627,-4640,4640,4641,4642]],"type":"Polygon","properties":{"id":"14000US04015952902"}},{"arcs":[[-4636,-4289,-2897]],"type":"Polygon","properties":{"id":"14000US04015953001"}},{"arcs":[[-4643,4643,-2762,-4290,-4635]],"type":"Polygon","properties":{"id":"14000US04015952901"}},{"arcs":[[-4639,-4613,4644,4645,-4641]],"type":"Polygon","properties":{"id":"14000US04015953302"}},{"arcs":[[-4642,-4646,4646,-2763,-4644]],"type":"Polygon","properties":{"id":"14000US04015953403"}},{"arcs":[[-2764,-4647,-4645,-4617,4647]],"type":"Polygon","properties":{"id":"14000US04015953404"}},{"arcs":[[4648,-4529,4649,-4630,4650,-4514,-4512]],"type":"Polygon","properties":{"id":"14000US04015951504"}},{"arcs":[[-20,-4530,-4649,-4511,-2886]],"type":"Polygon","properties":{"id":"14000US04015951503"}},{"arcs":[[-30,4651,-4603,-2894,4652]],"type":"Polygon","properties":{"id":"14000US04015952502"}},{"arcs":[[-4625,-4637,4653,-4604,-4652,-29]],"type":"Polygon","properties":{"id":"14000US04015952501"}},{"arcs":[[-4654,-4638,-4632,-4605]],"type":"Polygon","properties":{"id":"14000US04015952702"}},{"arcs":[[4654,-2893,4655,4656,-3,-4509,4657]],"type":"Polygon","properties":{"id":"14000US04015950404"}},{"arcs":[[4658,-4658,-4510,-1,4659]],"type":"Polygon","properties":{"id":"14000US04015950403"}},{"arcs":[[4660,-239,-3147,-1654,-2891,-4655,-4659,4661]],"type":"Polygon","properties":{"id":"14000US04015950101"}},{"arcs":[[4662,-4507,4663,4664,4665,-4621,4666,-4656,-2892,-2419,-4454,4667]],"type":"Polygon","properties":{"id":"14000US04015954801"}},{"arcs":[[-4534,4668,4669,-4664,-4506]],"type":"Polygon","properties":{"id":"14000US04015953603"}},{"arcs":[[4670,4671]],"type":"Polygon","properties":{"id":"14000US04015950102"}},{"arcs":[[-4657,-4667,-4623,-1371,-1376,-11,4672,-4]],"type":"Polygon","properties":{"id":"14000US04015950708"}},{"arcs":[[4673,-4665,-4670]],"type":"Polygon","properties":{"id":"14000US04015953604"}},{"arcs":[[-4629,-6,4674,4675,-4668,-4453,-2339,-4444,-3574,4676,-25,4677,-4618,-4515,-4651]],"type":"Polygon","properties":{"id":"14000US04015954802"}},{"arcs":[[-4526,-4622,-4666,-4674,-4669,-4533,-4609]],"type":"Polygon","properties":{"id":"14000US04015953902"}},{"arcs":[[4678,-4672,4679,-231,-4661]],"type":"Polygon","properties":{"id":"14000US04015950103"}},{"arcs":[[4680,-4610,-4520,-4619,-4678,-24,4681]],"type":"Polygon","properties":{"id":"14000US04015952005"}},{"arcs":[[-2765,-4648,-4616,-26,-4677,-3573,4682]],"type":"Polygon","properties":{"id":"14000US04015953406"}},{"arcs":[[4683,4684,-4508,-4663,-4676,4685]],"type":"Polygon","properties":{"id":"14000US04015950602"}},{"arcs":[[-4681,4686,-4611]],"type":"Polygon","properties":{"id":"14000US04015955002"}},{"arcs":[[-4673,-17,-4504,-4685,4687,-4686,-4675,-5]],"type":"Polygon","properties":{"id":"14000US04015950601"}},{"arcs":[[-4684,-4688]],"type":"Polygon","properties":{"id":"14000US04015950603"}},{"arcs":[[4688,-9,-4524,-4631,-4650,-4528,-3437]],"type":"Polygon","properties":{"id":"14000US04015951404"}},{"arcs":[[-531,4689,-533,-539,-862]],"type":"Polygon","properties":{"id":"14000US04019003003"}},{"arcs":[[4690,-385,-4440,-566,-590]],"type":"Polygon","properties":{"id":"14000US04019003707"}},{"arcs":[[-4690,-530,-317,-4600,-534]],"type":"Polygon","properties":{"id":"14000US04019004067"}},{"arcs":[[-536,-4601,-552,-558,-543]],"type":"Polygon","properties":{"id":"14000US04019003303"}},{"arcs":[[-1140,-382,-4691,-589]],"type":"Polygon","properties":{"id":"14000US04019003706"}},{"arcs":[[-2604,-802,-3117,-3112,-1969]],"type":"Polygon","properties":{"id":"14000US04019004426"}}]}}}