{"type":"Topology","arcs":[[[24409,18534],[2,-38],[-32,-37],[2,-37],[18,-13]],[[24399,18409],[-17,-28],[-62,-19],[-26,18],[-28,-14],[-67,0]],[[24199,18366],[1,119],[-13,68],[-95,199],[-30,68],[-46,68]],[[24016,18888],[34,5],[76,-9],[43,2],[59,-11],[92,-1],[24,-10],[-9,-60],[-18,-65],[-31,-22],[-26,-39],[33,-14],[21,-21],[116,6],[3,-38],[-8,-59],[-16,-18]],[[22778,18623],[72,-1],[78,-36],[40,18],[30,-8],[55,-33],[14,0],[65,39],[91,-5],[51,4],[-21,76]],[[23253,18677],[66,12],[51,-26],[14,1],[18,-49],[-10,-18],[50,-48],[10,-35],[38,-69],[32,-8],[56,-37],[31,-44],[-1,-34],[13,-22],[37,-24],[59,-59]],[[23717,18217],[-2,-9],[138,-14]],[[23853,18194],[-22,-35],[-48,-7],[-8,-33],[-15,-2],[9,-53],[-26,-11],[-77,-96],[-9,-31],[19,-53],[-9,-35],[-30,-51],[-21,-17],[27,-25],[-23,-30],[27,-53],[6,-45],[-15,-52],[16,-26],[-9,-22],[-29,-28],[10,-38],[30,-26]],[[23656,17425],[-66,-58],[-91,-108],[-15,23]],[[23484,17282],[-9,31],[-46,70],[-6,40],[-43,85],[-20,68],[-36,50],[-24,14],[-12,24],[-13,58],[-34,61],[-95,126],[-27,46],[-21,66],[-86,185],[-44,48],[-18,86],[-35,65],[-30,35],[-49,94],[-27,30],[-31,59]],[[21642,18897],[19,-16],[49,-64],[22,-3],[-4,38],[22,68],[41,28],[41,-21],[37,6],[33,-22],[26,-35],[79,1],[66,28],[61,-71],[22,0],[-3,-43],[77,18],[23,34],[38,-9],[34,-39],[22,-10],[57,6],[49,-24],[39,27],[42,0],[26,-30],[87,-12],[36,24],[30,-40],[36,-35],[29,-78]],[[23484,17282],[-3,-38],[-105,-9]],[[23376,17235],[-67,-8],[-59,-16],[-485,-1],[-247,-4],[-3,39],[-14,36],[0,63],[-106,-15],[-60,3],[-53,-14],[-90,17],[-51,-14],[-35,4],[-48,41],[-50,15],[-65,-1],[-72,-38],[-54,-4],[-39,-11],[-61,10],[-69,1]],[[21648,17338],[0,254],[-4,804],[1,230],[-3,271]],[[24013,18892],[3,-4]],[[24199,18366],[-137,2],[-77,58],[-37,15],[-56,-8],[-37,32],[-62,6]],[[23793,18471],[-12,29],[-27,8],[-31,28],[-7,60],[-10,20],[7,31],[4,109],[40,-3],[52,8],[98,-46],[22,36],[15,73],[14,10],[-3,46],[54,-1],[4,13]],[[26732,46096],[444,0]],[[27176,46096],[305,-2],[568,1]],[[28049,46095],[141,-4]],[[28190,46091],[-11,-455],[4,-58],[-3,-95],[1,-250]],[[28181,45233],[1,-209],[-2,-236]],[[28180,44788],[-77,41],[-12,31],[-32,8],[-63,-7],[-41,4],[-33,-8],[-65,-58],[-14,26],[-43,2],[-67,39],[-26,54],[-49,49],[-37,66],[-5,29],[-20,25],[-36,-37],[7,-105],[-21,-135],[-32,-3],[-234,0],[-53,5],[-50,-6],[-116,2],[-24,-50],[-126,91],[16,46],[-15,39],[10,40],[-1,174],[-4,45],[6,46],[-232,1],[-102,3],[-43,-30]],[[26546,45215],[-18,40],[-49,42],[14,95],[25,87],[23,52],[96,179],[67,154],[23,69],[10,66],[-5,97]],[[24155,46087],[201,1],[878,3]],[[25234,46091],[257,1],[25,2],[917,3],[299,-1]],[[26546,45215],[-64,-56],[-10,-17],[-28,-90],[-11,-79],[1,-77],[-78,-60],[-5,-28],[9,-41],[-68,-21],[-14,15],[-50,-27],[-37,-5],[-8,-22],[-26,-18]],[[26157,44689],[-31,-20],[-82,16],[-35,-5],[-72,-55],[-85,-13],[-43,-49],[-32,-15],[-24,-29],[-83,-56],[-33,-15],[-60,-42],[-17,-21],[-38,4],[-30,-15],[-47,6],[-93,50],[-57,42],[-41,38],[-19,34],[-61,40],[-18,35],[-25,29],[-30,16],[-7,-22],[17,-43],[-3,-42],[-83,-15],[-11,-7],[-10,-243]],[[25004,44292],[-16,4],[-381,-2],[-37,2],[-248,-5],[-96,-23],[-58,-2]],[[24168,44266],[-2,394]],[[24166,44660],[-6,560],[2,48],[-7,819]],[[26157,44689],[26,-71],[15,-54],[16,-132],[-5,-52],[-20,-50],[-43,-64],[-77,-94],[-36,-49],[-42,-72],[-22,-52],[-23,-122]],[[25946,43877],[-19,15],[-93,5],[-1,-156],[-33,43],[-58,-142],[-12,-52],[-27,-78],[-52,119],[-22,29],[-101,28],[-91,1],[-35,-7],[-61,2],[-41,39],[-23,12],[-36,-32],[-94,0],[-110,-56],[-58,-22],[8,59],[-5,20],[-32,49],[-18,67],[-11,12],[-134,20],[11,24],[-1,35],[38,5],[2,153],[12,48],[15,12],[122,51],[31,53],[32,24],[-45,35]],[[28657,18214],[15,32]],[[28672,18246],[98,-37],[10,17],[52,6],[22,-17],[42,-2],[7,13],[75,12],[96,2],[22,37],[39,2],[25,-63],[5,-105],[22,-57]],[[29187,18054],[-68,-50],[-64,-20],[-10,-43],[17,-21],[20,2],[12,-103],[14,-41],[2,-33],[-14,-8],[-18,-57],[3,-56],[9,-22],[-13,-48],[25,-32],[44,-8]],[[29146,17514],[-55,-28],[-30,-27],[-21,3],[-33,36],[-36,-16],[-24,-46],[-39,35],[-21,38],[-9,58],[-12,12],[-34,-2]],[[28832,17577],[-25,25],[-26,-2],[-15,-35],[-15,-3],[-30,39],[16,104],[10,24],[-7,42],[-57,1],[-73,-13],[-66,-36],[-1,77],[-6,69],[27,79],[-28,53],[-6,48],[16,50],[66,40],[10,31],[27,23],[8,21]],[[26121,3023],[6,1]],[[26127,3024],[244,7]],[[26371,3031],[128,4]],[[26499,3035],[6,-57],[18,-21],[5,-181]],[[26528,2776],[-41,42],[-78,4],[-107,0],[-64,-4],[-111,-12]],[[26127,2806],[-6,217]],[[26068,3257],[68,-7],[127,62],[35,10]],[[26298,3322],[5,-53],[20,-3],[41,-54],[2,-47],[45,0],[1,-93],[-42,0],[1,-41]],[[26127,3024],[4,53],[-2,87],[-36,-1],[-12,14],[-37,0],[22,29],[2,51]],[[19380,34182],[183,206],[138,193],[26,-32],[65,-126],[128,1]],[[19920,34424],[-7,-31],[-40,-67],[-6,-33],[-20,-42],[-9,-71],[-43,-62],[0,-127],[-7,-21]],[[19788,33970],[-60,-58]],[[19728,33912],[-45,32],[-14,49],[-19,16],[-11,48],[-29,4],[-53,21],[-98,87],[-21,9],[-58,4]],[[19788,33970],[26,-3],[27,-43],[15,-8],[18,-36],[61,55],[58,68],[67,113],[49,67],[79,88],[52,49]],[[20240,34320],[38,-34],[52,-1],[146,-84],[23,14],[73,6],[32,21],[31,1],[124,-30],[83,-45],[41,-3],[35,-13],[40,-42],[99,-63],[7,-26],[48,-27],[7,-18],[37,45],[38,18],[119,6],[21,6],[76,42],[56,1],[135,-48],[126,-62],[24,-5],[187,3],[109,16],[24,10],[63,48],[104,67],[120,104],[78,44]],[[22436,34271],[-6,-765],[-2,-174],[-1,-628]],[[22427,32704],[-537,-10],[-207,10],[-653,-7],[-304,1],[-36,-3],[-251,1],[-213,-2]],[[20226,32694],[-330,-3],[-301,0],[-84,-5]],[[19511,32686],[38,91],[-1,76],[7,41],[-6,62],[1,73],[17,15],[5,46],[-10,73],[-1,55],[8,70],[19,39],[38,49],[4,58],[-4,88],[2,76],[27,67],[11,45],[20,39],[28,98],[14,65]],[[20254,36853],[436,2],[444,-1]],[[21134,36854],[390,-1],[433,0],[399,-2],[97,-2],[-5,-415],[-3,-445],[-7,-1018],[1,-191]],[[22439,34780],[-3,-509]],[[20240,34320],[-56,5],[-15,-8],[1,110],[-241,-2]],[[19929,34425],[42,58],[19,48],[29,42],[33,28],[39,51],[115,77],[61,51],[37,58],[0,63],[-36,70],[-5,36],[27,25],[25,51],[14,9],[27,81],[1,39],[24,6],[9,28],[-28,92],[14,30],[38,1],[51,27],[18,34],[8,80],[33,56],[-69,38],[-62,15],[-37,27],[-5,16],[-43,24],[-22,47],[-14,59],[1,28],[17,28],[48,39],[12,26],[1,120],[24,49],[48,40],[32,109],[-3,26],[-36,45],[-42,40],[-9,23],[1,61],[9,43],[-4,63],[-37,86],[-44,22],[-27,26],[-18,91],[1,70],[8,26]],[[16947,33160],[18,22],[37,2],[-13,58],[-26,32],[38,56],[9,48],[19,-8],[35,52],[-34,41],[7,29],[37,22],[33,6],[27,46],[28,30],[-2,35],[23,-3],[30,15],[26,27],[33,52],[-7,31],[30,29],[9,23],[36,45],[16,-2],[17,28],[46,41],[-8,19],[50,37],[-11,54],[-21,1],[-4,38],[21,30],[-21,16],[14,80],[50,43]],[[17489,34235],[94,-77],[43,53],[1,66],[9,50],[19,10],[57,48],[48,-14],[32,-37],[40,-9],[47,-70],[15,-11],[125,-11],[104,2],[189,-1],[222,5],[59,5],[81,-19],[15,-21],[26,32],[50,1],[106,-10],[38,7],[51,20],[38,2],[80,-29],[30,-22],[51,-15],[27,-23],[22,-34],[22,0],[60,45],[21,7],[69,-3]],[[19511,32686],[-50,3],[-268,-4],[-195,1],[-254,-2],[-263,-1],[1,-525]],[[18482,32158],[-193,2],[-244,-1],[-269,1],[-120,4],[-234,-2],[8,-67],[-298,-2],[-43,1],[-872,0]],[[16217,32094],[3,21],[26,9],[30,52],[-14,23],[28,13],[8,24],[55,-22],[18,13],[49,12],[39,17],[-12,25],[36,21],[18,-28],[29,20],[-8,43],[-23,12],[-13,36],[53,40],[67,31],[59,7],[23,78],[-13,29],[5,35],[15,19],[36,14],[44,4],[51,18],[38,28],[13,64],[-22,50],[4,45],[58,24],[-25,13],[5,43],[21,25],[16,43],[29,29],[-23,25],[-18,-7],[-14,38],[17,8],[5,40],[17,32]],[[19920,34424],[9,1]],[[18295,36017],[11,29],[41,15],[3,31],[-15,85],[28,24],[7,43],[25,48],[41,6],[6,22],[43,36],[-4,14],[21,88],[49,37],[-1,36],[16,14],[32,1],[33,-18],[17,13],[30,66],[-6,48],[30,4],[10,49],[31,35],[9,30],[4,76],[540,0]],[[19296,36849],[194,0],[39,2],[725,2]],[[17489,34235],[92,23],[22,66],[-1,40],[-22,51],[-6,39],[-31,31],[17,30],[-10,32],[21,21],[13,36],[-4,19],[44,54],[-43,46],[-17,41],[22,18],[20,60],[34,6],[18,-26],[20,36],[30,-1],[10,-19],[34,-11],[-23,46],[37,-1],[17,17],[12,32],[21,-6],[34,50],[-9,18],[28,53],[-23,15],[11,33],[-18,21],[32,35],[13,66],[-27,88],[-4,37],[15,41],[45,-9],[17,34],[40,9],[8,42],[29,65],[36,29],[14,34],[-27,13],[-18,44],[38,31],[-7,43],[-29,41],[20,27],[54,4],[51,16],[10,18],[28,6],[34,-29],[33,63],[42,58],[-3,55],[12,51]],[[24746,2789],[-1,74],[29,-1],[52,23],[-1,62]],[[24825,2947],[81,0]],[[24906,2947],[5,-158]],[[24911,2789],[-168,-53]],[[24743,2736],[3,53]],[[24421,2773],[82,1],[1,60],[-89,3],[1,23]],[[24416,2860],[158,0]],[[24574,2860],[2,-124]],[[24576,2736],[0,-24]],[[24576,2712],[0,-28],[-154,-58]],[[24422,2626],[-1,147]],[[24099,2858],[81,0]],[[24180,2858],[215,2]],[[24395,2860],[21,0]],[[24421,2773],[-76,0],[0,-45],[-75,-41],[-80,-1]],[[24190,2686],[-13,1]],[[24177,2687],[-47,86],[-30,3],[-1,82]],[[24422,2626],[-155,-64]],[[24267,2562],[-37,-14]],[[24230,2548],[-52,103],[12,35]],[[12965,55300],[328,1],[27,-2],[299,1],[330,-3]],[[13949,55297],[1,-122],[-2,-222],[1,-260],[2,-160],[-5,-269]],[[13946,54264],[-340,0],[-647,5],[-43,8],[-93,32],[-18,3],[-189,-1],[-19,-46],[-97,-269],[-14,-34],[-122,-250]],[[12364,53712],[-39,34],[-44,52],[-114,47],[-58,55],[-14,24],[-119,2],[-87,-62],[-100,-35],[-61,1],[-67,9],[-218,-210],[-17,-26],[6,-40],[41,-95],[-14,-19],[-52,-28]],[[11407,53421],[-19,23],[-51,36],[-88,-13],[-158,-48],[-162,-53],[-88,0],[-72,10],[-59,26],[-101,62],[-64,52],[-27,29],[-120,23],[11,46],[21,55],[8,140],[40,52],[51,16],[80,7],[43,-10],[58,192],[-56,181],[-10,50],[-14,98],[35,97],[32,49],[72,49],[66,19],[51,4],[70,-23],[26,-20],[-2,-97],[80,-78],[98,-127],[3,-91],[-16,-84],[-114,-84],[-35,-31],[-113,-160],[-26,-32],[72,-49],[80,-42],[80,-23],[80,-3],[80,10],[80,19],[96,40],[46,26],[46,37],[67,76],[1,67],[-16,65],[-26,62],[-98,159],[-72,136],[-39,87],[-20,67],[4,76],[27,78],[28,51],[47,48],[46,34],[51,26],[-54,111],[-12,34],[-29,45],[-90,155],[-48,58],[-39,69],[-12,85],[7,81],[38,84],[31,33],[44,32],[87,43],[91,-8],[93,-39],[55,-35],[25,-32],[50,-110],[14,-44],[-6,-43],[-55,-103],[-36,-46],[-63,-105],[-36,-40],[105,-172],[82,11],[122,-5],[56,3],[114,19],[100,35],[93,51],[47,20],[120,71],[118,92],[40,27],[71,65],[76,-87],[58,-46],[49,-25],[58,-11],[52,21],[32,42],[19,59],[0,23],[-19,49]],[[11441,53200],[91,2],[14,-40],[23,-1],[29,-48],[5,-67],[-2,-51],[10,-113],[-7,-51],[-20,-67],[-25,-16],[18,-24],[109,1],[64,38],[63,28],[57,15],[64,-1],[47,-9],[134,-68],[79,-4],[255,2],[1,233],[-1,281]],[[12449,53240],[169,3],[1,93],[-4,178],[-28,-6],[-139,-46]],[[12448,53462],[-7,155],[-8,32],[-29,41],[-40,22]],[[13946,54264],[5,-196],[9,-306],[7,-58]],[[13967,53704],[-9,-41],[-32,7],[-8,35],[-25,3],[-51,-24],[-28,-36],[-57,-43],[23,-30],[-9,-17],[-43,-5],[-13,-54],[-47,-57],[0,-41],[36,-21],[71,-92],[-15,-31],[16,-22],[-12,-36],[-37,-56],[3,-41],[36,-30],[4,-28],[21,-27],[-15,-47],[-30,26],[-20,-24],[98,-17],[6,-15],[-18,-113],[1,-31],[-52,-36],[-26,-28],[-19,-60],[-31,-27],[-6,-38]],[[13679,52607],[-20,-17],[-44,-11],[-29,-25],[15,-59],[-22,-47],[-4,-26],[44,-45],[-1,-41],[-46,-23],[-24,-41],[0,-30],[24,-6],[33,22],[-4,32],[20,16],[20,-42],[-3,-35],[-34,-10],[-18,-52],[38,-3],[17,26],[28,-38],[-4,-43],[48,-22],[19,-35],[31,-10],[11,-27],[-28,-29],[20,-32],[35,-3],[62,-19],[4,-106],[-16,-16],[-35,7],[-28,-28],[22,-16],[51,14],[34,-32],[37,9],[-10,-51],[61,0]],[[13983,51713],[1,-274],[-1,-233]],[[13983,51206],[-138,-4],[-357,-5],[-35,-4],[-485,-5],[1,-337],[20,-157],[-1,-139],[3,-196],[0,-167],[-381,-1],[-18,-1],[-538,-7]],[[12054,50183],[-340,249],[-159,117],[-402,292],[-65,52],[-173,121],[-478,343]],[[10437,51357],[77,42],[67,43],[47,38],[47,51],[12,36],[19,114],[-6,73],[-27,50],[-58,83],[-31,38],[-77,81],[-23,29],[-103,120],[-129,220],[-30,73],[-14,78],[8,58],[41,175],[33,97],[23,37],[107,131],[12,30],[7,120],[-23,168],[99,5],[34,-4],[67,-35],[34,-25],[40,-63],[15,-52],[-1,-26],[-54,-80],[-62,-109],[-20,-83],[-6,-94],[13,-66],[18,-37],[49,-63],[68,-33],[71,-10],[89,19],[50,21],[98,76],[44,50],[28,41],[118,97],[59,56],[86,93],[41,56],[36,83],[11,41]],[[10626,14171],[203,-2]],[[10829,14169],[259,1],[436,0]],[[11524,14170],[380,3],[593,4]],[[12497,14177],[36,-51],[11,-44],[-6,-29],[34,-29],[29,-41],[22,-12],[45,-46],[-7,-31],[-45,7],[-50,-8],[-67,-26],[-74,-39],[-68,-15],[-64,-30],[-44,-43],[-77,-84],[-89,-114],[-36,-30],[-35,-15]],[[12012,13497],[-47,-18],[-2,22],[-19,24],[-69,43],[-73,74],[-20,9],[-27,-9],[-46,24],[-87,-28],[-62,5],[7,107],[13,46],[7,62],[-4,43],[-41,-57],[-19,-54],[2,-15],[-47,-50],[0,-59],[-29,-54],[-77,3],[-28,-16],[-50,15],[-1,-155],[-39,7],[15,-61],[-12,-17],[27,-25],[31,-8],[31,-24]],[[11346,13331],[-44,-38],[-54,-37],[-29,-29],[-35,-9],[-37,-34],[-63,-42],[49,-32],[25,-77]],[[11158,13033],[-3,-93],[-12,-47],[13,-45],[89,-1]],[[11245,12847],[-64,-46],[-9,4],[-222,-1],[-40,-31],[-40,5],[-48,-55],[-62,-4],[-39,-10],[-32,7],[-65,-23]],[[10624,12693],[2,276],[-1,188],[2,480],[-1,534]],[[14869,26793],[111,-21],[67,10],[63,46],[34,45],[24,57],[34,121]],[[15202,27051],[16,-22],[18,-101]],[[15236,26928],[-20,-56],[19,-64],[23,-31],[5,-40],[23,-27],[-28,-44],[-45,17],[0,27],[-35,0],[-9,-29],[31,-37],[14,-33],[28,-27],[6,-28],[33,-41],[-5,-37],[-17,-8]],[[15259,26470],[-21,0]],[[15238,26470],[-172,136],[-29,7],[-66,5],[-102,22]],[[14869,26640],[0,153]],[[628,12315],[32,19],[22,55],[3,36],[-32,49],[20,69],[19,42],[43,45],[2,22],[24,54],[145,130],[77,35],[50,8],[62,-11],[66,-44],[35,-50],[11,-71],[-9,-110],[98,5],[49,26],[54,41],[0,32],[21,28],[64,-3],[28,-14],[30,6],[26,24],[25,-16],[23,32],[-17,13],[-3,52],[16,12],[20,-20],[20,17],[-6,28],[45,20],[-21,52],[32,27],[-7,40],[-15,14],[21,75],[4,36],[-21,9],[-33,55],[-58,-2],[-25,71],[-38,27],[-17,34],[17,37],[-6,35],[13,21],[32,4],[39,-19],[31,-1],[24,-16],[24,3],[26,42],[40,-2],[10,39],[-7,42],[25,45],[7,27],[2,249],[242,-3],[66,-25],[20,-36],[99,10],[27,23],[5,23],[55,19],[18,39],[120,23],[18,-15],[58,77],[3,-71],[45,21],[9,52],[24,-1],[0,49],[26,-21],[27,35],[24,1],[26,-17],[30,-6],[36,14]],[[2768,14011],[74,-57],[23,-22],[17,-43],[-1,-24],[-35,-144],[-4,-62],[8,-38],[30,-73],[36,-145],[34,-57],[71,-58],[40,-50],[56,-99],[71,-167],[14,-22],[54,-48],[38,-24],[63,-26],[44,-32],[18,-23],[128,-222],[12,-56],[-16,-196],[13,-131]],[[3556,12192],[-67,1],[-20,20],[-28,0],[-32,-46],[2,-36],[-26,-3],[-1,-54],[-10,-78],[14,-22],[-12,-27],[6,-24],[-14,-26],[16,-19],[-8,-20],[23,-14],[9,-33],[-8,-16],[23,-37],[-31,-18],[4,-56],[-124,-54],[-45,-7],[29,-87],[-14,-56],[20,-42],[-1,-18],[24,-36],[2,-47],[18,-31],[-11,-15],[-6,-75],[-22,-55],[-20,-18],[4,-47],[35,-21],[69,6],[15,-14],[-32,-44],[-89,-237],[-88,-107],[-12,-36],[-3,-62],[-46,-160],[-18,-45],[-126,-208],[-14,-40],[8,-63]],[[2949,10065],[-259,1],[-4,-2],[-265,1],[-269,-1],[-256,2],[-384,-2],[-26,-3],[-244,4],[-126,4],[-208,-3],[-218,1],[-241,-2],[-277,4],[114,70],[179,68],[154,71],[55,34],[60,45],[65,68],[50,72],[20,35],[30,85],[13,93],[-13,79],[-28,70],[-33,39],[-94,94],[-81,70],[-85,85],[-103,82],[-39,37],[-36,23],[-115,145],[-23,56],[-4,59],[37,94],[24,36],[107,129],[104,137],[25,46],[54,113],[23,64],[4,29],[-3,93],[-5,25]],[[3556,12192],[16,-59],[2,-91],[9,-26],[46,-62],[36,-65],[4,-22],[-15,-107],[3,-56],[10,-52],[30,14],[58,-4],[43,-13],[36,1],[37,28],[59,5],[27,13],[149,28],[61,-5],[56,12],[27,19],[46,15],[28,-44],[52,-23],[53,-17],[1,-39],[12,-24],[37,9],[25,-51],[-5,-26],[-25,-15],[7,-28],[-11,-38],[69,-51],[20,-24],[5,-34],[20,-60],[-1,-105],[-11,-19],[2,-89],[16,-56],[-244,29],[-1,-118],[-10,-51],[5,-21],[-18,-45],[11,-69],[22,-41],[-2,-66],[-35,-43],[-10,-63],[-43,-35],[-27,-9],[-37,-26],[-62,-94],[-3,-27],[-47,-47],[-34,-101],[4,-53],[10,-21],[-13,-36],[9,-27]],[[4065,10067],[-144,3],[-34,-3],[-410,-2],[-202,2],[-326,-2]],[[24858,3338],[127,21],[28,-2]],[[25013,3357],[59,-32],[21,-20],[13,-59],[1,-84],[17,-28],[27,-16]],[[25151,3118],[-16,-29]],[[25135,3089],[-34,0],[-37,-21]],[[25064,3068],[-28,-22],[-69,-10],[-27,-27]],[[24940,3009],[-7,21],[-38,43],[0,115],[27,31],[2,19],[-54,51]],[[24870,3289],[-54,38],[42,11]],[[24652,3419],[133,-31],[73,-50]],[[24870,3289],[-34,-49],[-28,-15],[-64,5],[-44,34],[-36,0],[5,-29],[30,-33],[1,-130],[50,-5],[-3,-36],[79,0],[26,-41],[46,-2],[12,-11],[30,32]],[[24940,3009],[-33,-47],[-1,-15]],[[24825,2947],[-229,-2],[-23,-13]],[[24573,2932],[-2,254]],[[24571,3186],[-3,212],[-12,68]],[[24556,3466],[-18,52]],[[24538,3518],[37,-22],[5,-28],[27,-12],[45,-37]],[[27211,27652],[75,1],[-3,35],[-46,63],[-24,25],[-5,58],[-1,160],[28,-5],[9,19],[3,182],[-4,14],[-35,8],[-3,70],[-38,34],[-1,42],[11,189],[-18,2]],[[27159,28549],[244,2],[456,-4],[109,10],[301,-1]],[[28269,28556],[44,-118],[71,-25],[30,10],[83,0],[6,-29],[-23,-62],[13,-46],[26,-49],[3,-61],[41,-4],[67,-26],[61,-31],[24,-29],[39,-15],[-40,-126],[-42,-119],[-47,-68],[-58,-52],[-34,-62],[-27,-31],[-28,2],[-51,21],[-36,30],[-15,34],[-40,-19],[-13,-22],[7,-36],[-5,-34],[-15,-24],[21,-59],[-3,-28],[19,-23],[-7,-33],[15,-96],[-54,-34],[-48,-3],[-31,-10],[-71,-12],[74,-123],[8,-33],[2,-99],[17,-26]],[[28252,26986],[-38,-14],[2,-27],[-22,-48],[-56,-35],[-31,-43],[-58,-17],[-28,-38],[-29,-18],[5,-31],[-30,-18],[6,-35],[-11,-13]],[[27962,26649],[-25,22],[-43,22],[-103,24],[-48,22],[-47,-14],[-75,-3],[-26,-15],[-220,334],[-282,396],[25,31],[49,83],[0,29],[29,24],[15,48]],[[26307,26404],[15,29],[37,31],[71,-15],[56,16],[30,29],[30,-14],[10,-24],[30,10],[62,-23],[27,-3],[67,21],[41,34],[25,33],[50,29],[17,-26],[24,2],[12,24],[21,-17],[26,-38],[37,-27],[3,-42],[15,-26],[17,-98],[-12,-28],[6,-48],[60,-23],[23,11],[76,-20],[9,-37],[37,-24],[12,-20],[24,-7],[47,-107],[31,-7],[26,-20],[41,-9],[29,42],[11,32],[-22,58],[-1,36],[50,12],[50,43],[24,62],[31,4],[14,-14],[15,-85],[19,-39],[51,-10],[20,19],[43,5],[38,-5],[62,1],[27,-13]],[[27871,26118],[-45,-55],[30,-60],[-26,-38],[7,-52],[31,-21],[-2,-24]],[[27866,25868],[-49,-58],[-1,-28],[13,-68],[-29,-169],[0,-65],[-13,-32],[25,-37]],[[27812,25411],[51,-7],[20,-45]],[[27883,25359],[-22,-20],[-10,-89],[18,-47],[27,-15],[-13,-69],[4,-34],[-14,-31],[-41,-10],[47,-106],[-9,-27],[-30,-49],[-4,-47],[-42,-57],[-5,-42],[5,-30],[-38,-41],[37,-22],[-19,-83],[-40,-18],[-27,-1],[5,-52],[12,-19],[-19,-18]],[[27705,24432],[-84,0],[-291,-8],[-518,-4],[-493,-4]],[[26319,24416],[-3,172],[-4,377],[1,142],[-3,34],[0,1003],[-3,260]],[[28252,26986],[43,-51],[-16,-74],[13,-46],[45,-42],[24,-58]],[[28361,26715],[10,-34],[-25,-31],[1,-40],[29,-25]],[[28376,26585],[-36,-73],[-21,-78]],[[28319,26434],[-65,-1]],[[28254,26433],[-18,-8],[-75,0],[-49,15],[-19,-11],[-13,-37],[-38,8],[-22,30],[1,48],[13,88],[-4,11],[-68,72]],[[28198,26219],[161,0]],[[28359,26219],[0,-85]],[[28359,26134],[-33,0],[1,-68]],[[28327,26066],[-154,-5]],[[28173,26061],[4,56],[27,66],[-6,36]],[[28254,26433],[5,-48],[-11,-39],[-33,-36],[-7,-73],[-10,-18]],[[28198,26219],[-102,-2],[-32,-9],[-2,-67],[-40,-53]],[[28022,26088],[-116,13],[-35,17]],[[27871,26118],[39,10],[-2,32],[-29,24],[-14,29],[0,31],[-34,9],[11,47],[40,39],[0,38],[21,59],[-11,53],[37,79],[34,35],[-1,46]],[[28022,26088],[86,-28],[65,1]],[[28173,26061],[-24,-65],[-7,-61],[6,-19],[-15,-37]],[[28133,25879],[13,-39],[-40,-19],[-52,-39],[-7,-48],[-24,-56],[16,-8],[7,-53],[-9,-54],[-21,-3],[-29,-24],[-11,-30],[-16,-92],[-25,-19],[6,-40],[-58,4]],[[27812,25411],[224,474],[-46,14],[-35,-1],[-89,-30]],[[22645,1982],[145,1],[89,19],[137,56]],[[23016,2058],[681,274]],[[23697,2332],[-1,-139]],[[23696,2193],[-111,-31],[-106,-55],[-124,-53],[-141,-71],[-54,-35],[-268,-50],[-66,-3],[-92,-12],[-46,2],[-32,33],[-11,64]],[[12448,53462],[9,-139],[-8,-83]],[[11441,53200],[5,60],[-5,56],[-19,71],[-15,34]],[[5726,38016],[190,1]],[[5916,38017],[60,1],[252,6],[2,-174]],[[6230,37850],[-155,-2],[-51,33],[-117,9],[-1,-21]],[[5906,37869],[-160,46],[19,64],[-38,15],[-1,22]],[[7522,44269],[327,5],[128,1],[5,131],[44,-23],[82,-21],[96,2],[62,15],[48,21],[1,-166],[332,1],[-53,84],[130,1],[-44,171],[321,-1],[255,3],[326,0]],[[9582,44493],[-3,-182],[-1,-169],[-6,-429],[-3,-243],[1,-152],[-4,-56],[3,-62]],[[9569,43200],[-110,49],[-39,0],[-59,11],[-122,-2],[-4,-145],[0,-67],[-233,-3],[-40,3],[-12,84],[-215,-4],[-418,-2],[1,-170],[-419,-2]],[[7899,42952],[-158,-1],[0,170],[-160,-1],[-13,10],[10,65],[-37,41],[8,54],[0,90],[-44,33],[15,49],[22,0],[-1,64],[19,5],[-2,656],[-36,82]],[[6187,44378],[61,6],[47,-7],[32,34],[65,5],[6,-44],[49,-33],[35,-37],[43,-79],[150,188],[18,15],[61,20],[18,14],[57,77],[24,11],[51,-11],[134,-3],[17,-38],[14,-11],[222,1],[51,-37],[63,-67],[65,-32],[52,-81]],[[7899,42952],[0,-171]],[[7899,42781],[-167,-1],[-4,-194],[0,-155],[-202,0],[-54,19],[-57,-4],[-61,4],[-9,64],[-25,35],[-37,22],[-33,45],[-69,38],[-40,-14],[-73,-11],[-22,-22],[-33,-60],[-34,-25],[-69,-13],[-58,13],[-40,48],[-72,33],[-46,12],[-28,31],[-103,36],[-94,1],[6,-78],[-3,-97],[-93,-45],[-30,-18],[0,75],[36,51],[31,58],[20,66],[-3,51],[-33,7],[-7,-29]],[[6393,42724],[-24,62],[-36,41],[-49,43],[-71,37],[-111,23],[-105,31],[-69,30],[-48,28],[-63,44],[-100,150],[-73,120],[-31,78],[-16,80],[-12,111],[4,62],[24,56],[38,46],[60,49],[130,97],[46,43],[76,80],[71,92],[118,175],[35,76]],[[9569,43200],[-1,-82],[-3,-524]],[[9565,42594],[-4,-613],[6,-77],[-3,-122],[3,-326],[-1,-630],[0,-103],[-49,2],[-485,-2],[-222,0]],[[8810,40723],[1,173],[-238,-1],[-183,3],[4,173],[-169,-1],[0,66],[6,87],[-6,27],[1,160],[-169,2],[1,185],[3,139],[1,184],[168,0],[1,491],[-4,193],[7,179],[-335,-2]],[[8564,42092],[-1,-171],[318,0]],[[8881,41921],[185,-2],[6,172]],[[9072,42091],[315,0],[-69,113],[-41,40],[-58,36],[-33,60],[8,10],[1,82],[-349,0]],[[8846,42432],[-29,35],[-27,50],[-226,1],[0,-426]],[[8810,40723],[-251,-1],[1,-527],[-1,-157]],[[8559,40038],[0,-332]],[[8559,39706],[-195,1],[-122,3],[-346,1],[-170,-5],[-239,-1],[-89,13],[-292,0],[-99,-3],[-195,0]],[[6812,39715],[-321,1],[-165,2],[-232,-5],[-347,1],[-128,-3],[-150,1],[-55,-2],[-327,-1],[-494,-4],[-406,1]],[[4187,39706],[-25,43],[-84,162],[-38,100],[-4,54],[11,31],[48,50],[65,19],[59,8],[107,0],[170,-22],[78,-1],[96,19],[43,18],[72,45],[60,50],[101,104],[40,46],[34,53],[27,78],[5,78],[-26,92],[-43,94],[-31,39],[-128,113],[-105,81],[-59,41],[-78,42],[-64,22],[-78,15],[-108,3],[-76,15],[-49,24],[-42,36],[-63,85],[-22,55],[-7,48],[3,50],[15,59],[17,35],[30,41],[34,33],[53,32],[91,21],[191,5],[110,5],[85,26],[46,29],[102,-127],[54,-73],[85,-125],[61,-62],[51,-29],[118,-59],[76,-48],[100,-45],[53,-9],[74,8],[97,40],[105,59],[157,34],[56,26],[28,26],[27,71],[6,37],[-1,54],[-52,18],[-10,37],[-33,76],[-66,91],[-67,58],[-74,47],[-60,7],[-97,-35],[-92,-59],[-84,-28],[-58,-11],[-145,5],[-80,43],[-73,75],[-85,101],[-62,87],[14,91],[21,71],[15,34],[-14,23],[28,58],[13,65],[-24,13],[-17,42],[2,36],[33,72],[59,88],[33,19],[23,1],[53,-18],[86,-62],[61,-61],[86,12],[245,23],[149,29],[51,13],[159,-104],[90,-50],[91,-11],[37,6],[86,27],[46,24],[53,44],[42,65],[17,68],[-4,34]],[[6702,46625],[386,-1],[453,8],[399,1],[83,-3],[232,1],[131,2],[161,-15],[677,-1],[27,-3],[139,0],[168,-3],[1,-295],[-3,-218]],[[9556,46098],[-2,-341],[-4,-341],[1,-196],[-2,-147],[32,0]],[[9581,45073],[-1,-287],[2,-159],[0,-134]],[[6187,44378],[0,63],[-16,41],[-31,36],[-31,20],[-61,20],[-210,46],[-251,62],[-81,25],[-30,16],[-33,39],[-14,46],[-6,63],[-5,232],[4,61],[12,71],[25,71],[21,29],[63,9],[40,-7],[59,-36],[55,-50],[43,-48],[68,-50],[34,-7],[68,9],[29,10],[167,107],[49,-101],[45,-116],[54,-128],[4,-33],[30,-53],[44,-35],[75,-32],[42,-6],[49,3],[84,25],[31,25],[23,37],[17,52],[8,68],[-13,38],[-81,122],[-88,77],[2,24],[-79,221],[146,67],[71,20],[70,1],[56,-10],[206,-46],[73,-6],[74,0],[110,19],[51,15],[54,26],[26,22],[21,39],[20,87],[-5,79],[-18,68],[6,37],[18,44],[27,43],[81,109],[22,43],[15,58],[-10,75],[-43,73],[-63,45],[-48,12],[-55,-2],[-82,-39],[-110,-18],[-42,0],[-29,9],[-71,56],[-109,79],[-54,34],[-61,72],[-47,70]],[[20426,49535],[19,38]],[[20445,49573],[13,62],[-1,46]],[[20457,49681],[39,2],[27,15],[30,38],[110,4],[73,-22],[69,-9],[85,27]],[[20890,49736],[-63,-315]],[[20827,49421],[-26,-1]],[[20801,49420],[-15,13],[-200,36],[19,30],[-170,30],[-9,6]],[[18568,49309],[97,53],[37,6],[196,-15],[267,27]],[[19165,49380],[7,-77],[24,-69],[12,-57],[-4,-19],[-39,-75],[-13,-59],[-41,-137],[34,-31],[-3,-31],[17,-32],[64,13],[54,-2],[46,37],[38,-6],[43,-23],[40,-29],[23,8],[67,-54],[32,22],[43,-25],[-3,-56],[63,-38],[14,-31],[31,-35],[0,-31],[24,-47],[2,-24],[-65,12],[-20,-12],[-45,6],[20,-106],[67,-140],[88,43]],[[19785,48275],[50,2],[34,10],[73,34],[55,-1],[43,-46],[18,-78],[153,99],[12,10],[32,-13],[3,-20],[41,-28],[48,34],[33,2],[17,48],[67,-7],[16,51]],[[20480,48372],[-14,-87],[-4,-56],[-17,-48],[26,-51],[0,-16],[-38,-66],[6,-64],[26,-48],[5,-50],[18,-72],[2,-132],[-66,-18],[-6,-22],[27,-19],[2,-22],[-15,-26],[-40,-37],[-36,6],[-21,-21],[10,-41],[-10,-25]],[[20335,47457],[-598,1]],[[19737,47458],[-145,1],[-256,5],[-269,4]],[[19067,47468],[-225,1],[-274,5]],[[18568,47474],[2,422],[5,252],[8,1007],[-16,24],[3,50],[-2,80]],[[5511,38214],[52,-28],[41,-2],[4,-28],[-15,-87],[17,-25],[39,-24]],[[5649,38020],[77,-4]],[[5906,37869],[-6,-79],[-23,-6],[1,-65],[-89,7],[-23,29],[-61,36],[-26,7],[-110,-119],[0,-52],[-22,-20],[-2,-32],[-57,26],[-67,19],[-6,7],[-158,-234]],[[5257,37393],[-27,15],[-34,2],[-204,-3],[-56,2],[-25,-37]],[[4911,37372],[18,41],[6,48],[-4,69],[-8,62],[16,28],[148,104],[42,37],[29,39],[25,49],[41,49],[74,123],[110,120],[103,73]],[[22620,54162],[40,-29],[51,1],[19,-52],[-10,-57],[8,-28],[20,-8],[75,47],[37,12],[73,44],[0,29],[15,28],[19,74],[21,18],[69,17],[39,40],[72,11],[17,31],[65,8]],[[23250,54348],[8,-30],[-17,-48],[72,-73],[31,-63],[44,-31],[30,13],[39,-16],[22,6],[39,29],[19,-5],[33,-62],[48,-40],[29,-39],[23,3],[29,-56],[37,-8],[21,101],[8,13],[52,34],[32,3],[51,-10],[61,-26],[143,42],[138,18],[64,31],[40,4],[29,-18],[23,-50],[35,-10],[60,-36],[53,-20],[42,-5],[53,-17]],[[24641,53982],[0,-261]],[[24641,53721],[0,-607],[3,-548],[-2,-339]],[[24642,52227],[-361,-4],[-730,-3],[-64,4],[-72,-5],[-282,0],[0,-168]],[[23133,52051],[-506,-4],[2,512],[-5,598],[0,490],[-2,22],[-2,493]],[[24197,18100],[53,77]],[[24250,18177],[27,39],[19,4],[20,29],[48,0],[0,62],[9,27],[39,61],[-13,10]],[[24409,18534],[69,-6],[29,7],[58,32],[80,78],[25,37],[23,-48],[-12,-20],[-2,-45],[-18,-24]],[[24661,18545],[-29,-35],[-14,-41],[1,-30],[-21,-70],[2,-16],[26,-49],[4,-42],[-32,-40]],[[24598,18222],[-9,-26],[36,1],[4,-46],[17,-37],[46,-54],[15,-79],[19,-8],[28,-41],[3,-29],[-26,-79],[-28,-24]],[[24703,17800],[-31,11],[-78,-59],[-43,-27],[-78,0],[-24,84],[-33,-39],[-43,-19],[-54,2],[-12,-25],[-30,-26],[-44,-71],[-20,59],[-26,17],[-29,55]],[[24158,17762],[-25,33],[-4,31],[15,29],[1,109],[-33,1],[85,135]],[[23656,17425],[51,-57],[25,-13],[27,49],[84,127],[-2,-45],[14,-41]],[[23855,17445],[-18,-45],[-18,-14],[-3,-78],[-47,-34],[-15,-30],[-1,-36],[33,-23],[8,-51],[61,-21],[28,-34],[-7,-50],[15,-28]],[[23891,17001],[-39,19],[-61,15],[-55,-1],[-5,-16],[9,-48],[-50,-39],[-5,-59],[-13,-17],[-60,12],[-38,-7],[-35,63],[-41,25],[-14,27],[-24,10],[-24,-58],[-38,-18]],[[23398,16909],[-16,17],[-76,20],[-56,41],[12,29],[88,75],[-12,32],[37,0],[-11,76],[12,36]],[[23717,18217],[15,79],[51,63],[-2,59],[12,53]],[[24250,18177],[-62,36],[0,14],[-67,-2],[0,-14],[-63,-1],[-125,-18],[-80,2]],[[15236,26928],[20,-14],[82,-27],[17,21],[0,28],[45,-18],[44,9],[55,37],[37,48],[-12,31],[-27,13],[94,119],[4,26],[42,11],[20,62],[-9,25],[13,20],[37,3],[13,17],[-7,42],[47,8],[6,25]],[[15757,27414],[34,-11],[27,10],[11,56],[36,13],[56,5],[19,-35],[19,-6],[43,55],[37,4],[-3,40],[23,46],[8,35],[26,-24],[25,0],[24,-32],[21,32],[14,2],[48,-21],[29,-38],[19,12],[-2,26],[17,34],[29,11],[14,55],[82,35],[20,21],[-15,31],[30,32],[20,6]],[[16468,27808],[16,-34],[63,-53],[53,-88],[24,-54],[33,-102],[32,-54],[23,-57],[19,-64],[-60,-79],[-28,-55],[-184,-236],[-37,-29],[-23,-29],[-60,-167],[-28,-26],[-5,-41],[-23,-73],[-64,-97]],[[16219,26470],[-17,-46],[-3,-31],[9,-129]],[[16208,26264],[-63,18],[-31,-39],[-22,33],[-42,-23],[-54,6],[-50,17],[-27,-13],[-27,16],[-19,-8],[-16,22],[-54,14],[-32,-13],[-31,29],[-19,-21],[-80,14],[7,23],[-14,40],[-30,25],[-18,-6],[-65,17],[-31,-49],[-27,2],[-16,-57],[-58,41]],[[15389,26352],[-142,112]],[[15247,26464],[12,6]],[[15545,25196],[14,5],[1,82],[5,111],[10,49],[-7,32],[-1,66],[106,0]],[[15673,25541],[13,-54],[24,-36],[28,-14],[65,-82],[35,-69],[46,-31]],[[15884,25255],[-73,-82],[-38,-27],[-23,-6],[-29,-25]],[[15721,25115],[-177,0]],[[15544,25115],[1,81]],[[15602,25999],[30,29],[100,26],[0,45],[-9,56]],[[15723,26155],[40,-7],[54,38],[92,53],[36,12],[69,-2],[89,-27],[107,24]],[[16210,26246],[8,-19]],[[16218,26227],[-119,-76],[-121,-102],[-34,-19],[-129,-35]],[[15815,25995],[-56,-16],[-159,-69]],[[15600,25910],[-23,20],[9,44],[16,25]],[[16208,26264],[2,-18]],[[15723,26155],[-107,55],[-115,55],[-16,11]],[[15485,26276],[-96,76]],[[15114,25745],[35,-23],[46,-11],[3,-12],[40,-17],[86,8],[20,-3],[61,-69],[-9,-36],[-44,7],[0,-44],[15,-16],[-10,-25],[-22,-16],[-37,-48]],[[15298,25440],[-31,-26],[10,-30],[-11,-75],[-35,-26],[-13,-84],[-67,-4],[-43,77],[-63,161]],[[15045,25433],[-30,79],[-6,41],[4,94],[63,37],[38,61]],[[22843,5034],[15,-34],[47,-35],[29,-45],[44,-45],[19,-44],[37,-44],[83,-86],[103,-76],[27,-36]],[[23247,4589],[-2,-193],[-11,-126],[6,-111],[-7,-58],[8,-72],[-8,-148],[25,-54],[14,-73],[28,-36],[67,-65],[35,-28],[23,-29],[47,-18],[61,-45],[99,2]],[[23632,3535],[2,-57],[16,-109]],[[23650,3369],[-374,-3],[-340,-1]],[[22936,3365],[-94,3],[-147,-5]],[[22695,3363],[-36,170],[-7,74],[5,37],[-14,62],[-34,74],[-11,40],[90,78],[68,77],[40,20],[24,21],[36,11],[-10,20],[-37,1],[-15,-16],[-30,-2],[-60,78],[-36,27],[11,31],[-23,8],[-40,56],[14,36],[-10,36],[-28,12],[18,41],[-15,43],[-32,7],[-5,62],[-20,56],[-44,47],[-16,62],[22,3],[0,35],[-19,28],[6,45],[-28,10],[1,47],[48,17],[32,22],[46,11],[10,20],[40,18],[40,7],[28,28],[62,34],[29,49],[48,28]],[[24822,3714],[1,171]],[[24823,3885],[267,1],[9,-37],[38,-77],[12,-16],[98,-58]],[[25247,3698],[-49,-68],[-288,-1]],[[24910,3629],[-140,-2]],[[24770,3627],[52,87]],[[25731,4463],[310,-91],[39,-17],[146,-119],[34,-34],[36,-52],[31,-76],[29,-168],[11,-29],[79,-128]],[[26446,3749],[-31,14],[-22,-26],[-23,10]],[[26370,3747],[-71,-33],[-27,24],[-8,26],[-51,-40],[-15,30],[-37,-35],[-14,29],[-41,23],[-48,-37],[-13,-29],[-20,-18]],[[26025,3687],[-81,54],[-71,18],[-101,0],[0,140],[9,40],[16,24],[48,45],[16,30],[1,25],[-47,257],[-5,8],[-106,99]],[[25704,4427],[19,7],[8,29]],[[25082,4195],[44,-65],[13,-7],[-10,-37],[66,-25],[5,-28],[41,19],[9,-15],[-8,-39],[21,-21],[21,20],[13,-29],[-13,-29],[77,-37],[-12,-28],[45,-24],[-18,-36],[20,-25],[-33,-14],[17,-32],[19,-11],[-39,-64]],[[25360,3668],[-14,-1],[-99,31]],[[24823,3885],[0,217]],[[24823,4102],[42,3],[-1,82],[14,13],[-13,27],[-27,14],[-1,66],[-22,5],[-14,25],[-27,11],[-44,41],[-22,5],[-37,53],[-43,1],[-53,52],[-28,-17],[-29,19],[-29,-20],[-47,6],[-33,29],[-34,8]],[[24375,4525],[-14,52],[-116,248],[-26,62],[-17,136]],[[24202,5023],[36,-30],[27,-5],[15,-18],[2,-44],[26,-18],[28,4],[73,-45],[7,-26],[37,15],[21,-32],[76,-35],[14,-22],[22,-9],[14,21],[21,-7],[-1,-59],[27,-30],[49,-17],[24,8],[18,-23],[43,-20],[27,2],[21,-29],[38,-18],[25,-32],[9,-33],[35,-18],[21,-39],[-9,-29],[37,-39],[-26,-24],[25,-16],[1,-35],[22,-19],[-24,-43],[7,-20],[33,7],[23,-52],[36,1]],[[24650,3885],[173,0]],[[24822,3714],[-163,-2],[-16,-20],[-15,-65]],[[24628,3627],[-28,1]],[[24600,3628],[7,21],[3,62],[14,24],[36,1],[2,35],[15,15],[0,56],[-27,43]],[[22210,4235],[2,412],[1,675]],[[22213,5322],[44,19],[114,29],[39,-6],[82,-48],[33,-5],[50,16],[30,1],[56,-14],[27,-32],[14,-34],[51,-65],[29,-14],[42,-38]],[[22824,5131],[19,-97]],[[22695,3363],[-481,1]],[[22214,3364],[-4,700],[0,171]],[[24176,3796],[2,-298],[-40,-3],[0,-60],[40,0],[0,-76]],[[24178,3359],[-324,13],[-204,-3]],[[23632,3535],[-10,45],[-17,39],[-2,70],[15,36],[36,47],[7,28],[3,78],[340,3],[92,-1],[1,-85],[79,1]],[[24495,3949],[35,4],[8,-20],[87,-25]],[[24625,3908],[25,-23]],[[24600,3628],[-98,-1]],[[24502,3627],[-7,41],[0,134]],[[24495,3802],[0,147]],[[22952,2372],[33,3],[31,-9],[36,13],[45,-2],[26,-15],[31,-1],[19,-47],[88,4],[35,-16],[48,18],[53,-4]],[[23397,2316],[58,-12],[73,3],[116,56],[53,39]],[[23697,2402],[0,-70]],[[23016,2058],[-51,142],[5,89],[-17,49],[-1,34]],[[22545,2092],[0,234]],[[22545,2326],[301,44],[106,2]],[[22645,1982],[-100,1]],[[22545,1983],[0,109]],[[26533,3593],[5,-267],[-3,-31]],[[26535,3295],[-30,14]],[[26505,3309],[-2,31],[-48,12],[-3,76]],[[26452,3428],[-1,152]],[[26451,3580],[-1,14],[83,-1]],[[24201,6292],[612,0]],[[24813,6292],[-33,-61],[12,-24],[-27,-14],[-77,7],[-2,-46],[10,-86],[12,-55],[-8,-26],[2,-64],[37,-73],[-2,-202],[-34,-29],[-27,-39],[-15,-55],[3,-90],[46,-26],[223,-156],[39,-39],[24,-38],[42,-120],[35,-59],[33,-32],[66,-51],[113,-119],[77,-56],[57,-50]],[[25419,4689],[-8,-9],[-176,-284],[-30,-58],[-59,-84],[-64,-59]],[[24202,5023],[-4,45],[10,89],[-19,89],[3,369],[-26,109],[-1,23],[34,222],[-2,34],[-29,83],[10,118],[-14,88]],[[24164,6292],[37,0]],[[24813,6292],[1174,3],[613,1]],[[26600,6296],[4,-1039],[2,-324]],[[26606,4933],[-25,-23],[-69,-22],[-74,-7],[-64,22],[-40,5],[-23,-6],[-127,-85],[3,-90],[8,-38],[28,-56],[3,-21],[-109,21],[-147,113],[-24,-18],[-15,-50],[-21,-28],[-53,-34],[-24,-68],[-10,-60],[-48,-13],[-28,5],[-16,-17]],[[25731,4463],[-74,25],[-53,36],[-185,165]],[[23490,5232],[104,91],[21,13],[121,38],[33,-13],[5,-43],[30,10],[38,-3],[19,-18],[27,2],[2,-31],[20,-37],[23,-22],[29,-2],[48,-41],[17,10],[26,-30],[31,-14],[45,-59],[4,-40],[50,0],[19,-20]],[[24375,4525],[33,-142],[14,-160]],[[24422,4223],[-123,3],[-168,44],[-21,9],[-130,79],[-57,24],[-76,19]],[[23847,4401],[0,67],[21,79],[10,67],[-11,98],[-12,-4],[-46,32],[-25,5],[-10,29],[-45,15],[-33,81],[-3,42],[7,39],[-12,52],[8,36],[-61,24],[-64,43],[-14,18],[-67,108]],[[6451,14160],[901,5],[955,5]],[[8307,14170],[-22,-16],[-110,-34],[-30,-40],[-9,-35],[-1,-100],[-11,-23],[-76,-70],[-59,-31],[-34,-67],[-8,-74],[9,-50],[-11,-46],[-25,-33],[-20,-52],[-2,-44],[-17,-35],[-40,-26],[-79,-38],[-19,-25],[-13,-39],[16,-71],[0,-89],[7,-104],[23,-54],[31,-53],[15,-62],[-8,-131],[13,-43],[26,-47],[-5,-105],[6,-26],[40,-76],[11,-32],[23,-108],[25,-61],[6,-29],[2,-108],[-6,-46],[9,-25],[38,-57],[49,-37]],[[8051,11928],[-53,6],[-221,63]],[[7777,11997],[-55,15],[-101,-19],[-103,2],[-33,13],[-20,-30],[-22,-13],[-33,-41],[-39,-12],[-42,-66],[-17,-7],[-37,22],[-13,36],[-24,8],[-6,34],[-57,37],[-52,10],[-10,20],[-44,14],[-11,27],[-67,53],[-51,-19],[-54,70],[-91,-72],[-62,-25],[-16,-16],[-75,-32],[-49,-26],[-64,-5],[-23,10],[-48,-1],[-156,-43],[-96,1],[-32,12],[5,35],[-32,39],[0,21],[-35,25],[-12,22],[-26,11],[-82,9],[-13,17],[-28,8],[-57,53],[-179,-42]],[[5715,12152],[2,387],[1,427],[-1,41],[1,371],[-22,11],[-14,-15],[-44,28],[-22,1],[-31,41],[-65,15],[-10,56],[14,29],[-47,53],[-2,35],[9,34],[-34,62],[6,39],[-9,25],[-33,4],[-42,40]],[[5372,13836],[14,2],[42,44],[29,21],[25,1],[16,-19],[49,5],[9,26],[67,6],[9,29],[1,71],[12,18],[26,4],[23,-59],[45,-35],[44,-7],[41,12],[29,50],[55,11],[60,-16],[48,8],[28,20],[21,28],[9,49],[41,42],[48,-1],[52,-9],[40,-103],[41,-14],[57,8],[33,-13],[22,8],[1,81],[19,42],[23,14]],[[8307,14170],[381,2],[336,0],[351,-5],[277,2],[157,-1]],[[9809,14168],[302,-1],[114,3],[372,0],[29,1]],[[10624,12693],[3,-89],[1,-225],[-2,-201],[2,-72],[-1,-159]],[[10627,11947],[-58,13],[-70,-12],[-19,11],[-81,-3],[-64,-7],[-78,-18],[-43,7],[-67,38],[-32,10],[-44,27],[-121,36],[-39,1],[-43,30],[-28,28],[-28,-7],[1,-39],[-51,-61],[-64,-6],[-34,-21],[-37,15],[-39,-33],[-40,-17],[-20,-24],[-51,11],[-11,-17],[-33,-10],[-19,11],[-65,-25],[22,-56],[-15,-74],[-68,0],[-29,28],[-51,4],[-60,-5],[-34,4],[-2,-29],[9,-36],[5,-73],[-17,-34],[-36,11],[-15,28],[-36,21],[6,38],[-55,55],[-93,15],[-11,7],[-49,-6],[-94,-4],[-52,-70],[-89,-12],[-47,-20],[-27,-31],[-6,-39],[-82,45],[-37,33],[-62,80],[-59,55],[-39,-53],[-39,28],[-9,21],[-43,7],[-63,38],[-20,36],[-1,31]],[[6157,20172],[197,-52],[295,-73],[655,-165],[183,-45],[13,-8],[305,-71],[-1,-39],[-35,-7],[29,-34],[21,-64],[-23,-7],[8,-35],[-11,-20],[28,-57],[-22,-21],[-2,-27],[-25,-16],[-27,-66],[-24,1],[-20,-54],[2,-35],[175,5],[942,3]],[[8820,19285],[-3,-503],[-2,-524]],[[8815,18258],[-6,-859],[1,-164]],[[8810,17235],[-113,-3],[-9,8],[-512,-9],[-358,-2],[-216,4],[-115,-7],[-362,3]],[[7125,17229],[-184,0],[-396,-5],[-318,5]],[[6227,17229],[-5,22],[-36,41],[-5,25],[14,71],[-14,50],[-37,28],[-10,37],[-19,28],[-37,1],[-51,30],[-37,30],[-71,-12],[-22,-10],[-20,20],[-2,53],[22,23],[-34,48],[6,50],[-28,25],[-26,1],[-18,23],[13,53],[11,17],[-11,62],[52,30],[24,-3],[16,18],[44,-10],[8,25],[28,38],[5,57],[26,72],[-18,51],[28,18],[-4,43],[-19,88],[19,30],[-24,39],[-21,1],[-3,36],[-17,17],[40,72],[-27,-1]],[[5967,18566],[-22,85],[-5,135],[-7,88],[-50,124],[-17,36],[-67,88],[-36,127],[-27,55],[-10,39],[2,38],[62,242],[24,80],[32,83],[21,35],[54,47],[152,81],[30,39],[51,164],[3,20]],[[3906,20266],[338,-11],[155,-3],[375,-12],[48,0],[265,-16],[166,-7],[106,-2],[120,-10],[135,-8],[543,-25]],[[5967,18566],[-23,-51],[-53,-47],[-48,-28]],[[5843,18440],[-35,-3],[-84,12],[1,180],[-12,20],[-27,-46],[-70,-8],[-26,-25],[-5,-40],[-15,-26]],[[5570,18504],[-78,71],[-49,80],[-28,29],[-38,24],[-42,-9],[-51,24],[-67,-8],[-124,68],[-30,10],[-66,7],[-54,21],[-37,5],[-52,-22],[-66,3],[-50,38],[-59,12],[-22,-3],[-41,-25],[-60,12],[32,25],[6,18],[-21,20],[-58,1],[56,72],[-23,13],[-38,-13],[-13,17],[38,48],[-5,35],[-29,7],[-31,-40],[-43,9],[-47,0],[-7,18],[6,55],[-22,25],[1,17],[34,30],[-3,17],[-34,11],[-30,-24],[-21,-60],[-38,-42],[-34,11],[-24,118],[-17,18],[-100,55],[-15,20],[-14,45],[-50,4],[-28,22],[-29,-13],[-20,-54],[5,-31],[-38,4],[-11,-35],[-49,-9],[-58,-26],[-57,-33],[-60,5],[-14,-17],[-1,-32],[13,-25],[35,10],[36,-27],[-2,-27]],[[3734,19083],[-42,22],[-104,17],[-60,-3],[-94,-41],[-23,-15],[-46,-14],[-79,-11],[-51,-13],[-104,-37],[-42,-3],[-143,-28],[-44,-3],[-72,10],[-52,24],[20,264],[17,56],[12,90],[22,88],[39,123],[19,93],[39,129],[7,50],[21,80],[21,35],[44,52],[44,23],[57,18],[75,10],[87,4],[77,19],[79,34],[17,-9],[3,-49],[15,-38],[17,-64],[-6,-85],[-2,-69],[6,-53],[17,-59],[44,-98],[29,-30],[33,-22],[48,-18],[43,-8],[50,3],[43,23],[31,27],[41,48],[33,67],[1,53],[14,41],[-5,20],[-43,34],[-21,29],[-45,40],[-93,108],[-21,47],[-2,41],[17,56],[14,16],[151,54],[19,5]],[[3236,18859],[52,-11],[53,-2],[85,-32],[45,-9],[72,6],[59,-11],[49,14],[70,53],[41,50],[30,46],[0,48],[-15,32],[-43,40]],[[5570,18504],[37,-45],[34,-29],[-21,-24],[-26,-3],[-30,-35],[-23,-1],[-27,-17],[41,-51],[8,-30],[2,-92],[179,-5],[3,94],[6,54],[14,49],[-28,22],[33,30],[34,3],[37,16]],[[6227,17229],[-557,-1],[-859,-6]],[[4811,17222],[0,240],[-150,-2],[-128,-4],[-339,-8],[-143,-2],[-3,3]],[[4048,17449],[-37,44],[-19,7],[-19,37],[-65,47],[-10,33],[-43,-11],[-46,22],[-42,-2],[-12,18],[-53,14],[-14,42],[29,30],[21,51],[-19,35],[5,37],[-28,24],[-34,-14],[-10,12],[-42,3],[-26,20],[-17,-11],[-43,46],[-74,-10],[-13,31],[-32,0],[9,36],[19,14],[-29,49],[11,21],[28,15],[19,29],[5,37],[19,23],[-26,27],[5,46],[-40,12],[-9,14],[16,65],[-2,36],[-29,-6],[-9,35],[6,31],[-24,5],[-8,-28],[-26,-6],[-104,450]],[[18785,4729],[46,-2],[19,34],[0,105],[68,-36],[53,-33],[94,-41],[6,20]],[[19071,4776],[112,0],[9,7],[85,2]],[[19277,4785],[-128,-287]],[[19149,4498],[-38,11],[-89,1],[-16,12],[-92,24],[-43,-14],[-80,1]],[[18791,4533],[0,132],[-12,42],[6,22]],[[10065,47611],[38,-11],[45,7],[103,1],[42,-15],[38,10]],[[10331,47603],[22,-58],[55,-73]],[[10408,47472],[-51,-24],[-16,-88]],[[10341,47360],[-129,1],[-18,16],[-43,-5],[-73,7],[-56,-17],[-38,26],[-19,26],[22,43],[-2,15],[-44,19],[126,-2],[1,55],[-40,31],[1,37],[36,-1]],[[9556,46098],[164,-12],[1,171],[329,-5],[133,-1],[42,10],[-1,193],[-3,88],[-1,157],[9,37],[69,55],[14,41],[7,227],[17,116],[-9,100],[14,85]],[[10408,47472],[16,-5],[11,-51],[-15,-40],[41,1],[8,-14],[32,16]],[[10501,47379],[36,-74],[18,7],[86,-5],[0,80],[80,130],[0,23],[-75,-9],[-38,4],[0,24],[51,28],[26,30],[19,62]],[[10704,47679],[9,32],[-49,19],[10,53],[-231,-3],[-44,-16],[-25,17]],[[10374,47781],[26,-5],[108,72],[21,26],[30,-29],[29,40],[63,13],[-10,26],[-33,30],[-24,8],[-1,25],[23,11],[-5,30],[4,53],[-10,10],[33,33],[-14,19],[-38,11],[-8,91],[6,16],[-48,3],[-57,56],[-7,38]],[[10462,48358],[84,22],[123,3],[103,46],[240,93],[273,103],[118,5],[29,-58],[65,-61],[44,-3],[79,102],[29,62],[3,27],[40,7],[23,14],[88,5],[29,-40],[18,-62],[33,-83],[30,-38],[33,-10],[112,1]],[[12058,48493],[1,-211],[-335,1],[-160,9],[1,-375],[-4,-82]],[[11561,47835],[4,-61],[-2,-498],[-1,-592],[-1,-165],[-1,-446]],[[11560,46073],[-2,-100],[2,-601],[4,-152],[-5,-169]],[[11559,45051],[-225,2],[-4,-1],[-269,3],[-6,2],[-312,0],[-742,11],[-106,0],[-40,4],[-274,1]],[[10704,47679],[-217,-99],[-24,-24]],[[10463,47556],[-12,-5],[-24,72],[-96,-20]],[[10065,47611],[1,120],[31,44],[22,10],[246,0],[9,-4]],[[10463,47556],[21,-49],[-11,-6],[51,-112],[-23,-10]],[[8335,48411],[-29,-30],[52,-11],[30,-20],[59,-7],[20,11],[43,-13],[15,-18],[58,-24],[38,9],[25,-19],[48,-11],[26,16],[36,-7],[73,-4],[91,46],[221,3],[0,167],[-6,17],[25,27],[66,54],[3,18],[64,55],[56,5],[88,-1],[127,-23],[82,-22],[85,139],[20,-30],[18,-73],[39,-35],[29,-7],[30,-25],[49,-19],[25,-26],[91,-45],[49,-41],[76,0],[1,71],[68,-82],[30,-27],[69,-49],[29,-30],[58,-2],[50,10]],[[6702,46625],[-29,60],[-11,62],[23,59],[42,36],[42,27],[128,99],[102,57],[59,43],[62,66],[33,23],[79,-15],[48,-32],[22,-5],[87,-90],[32,-29],[72,-43],[57,-55],[44,-26],[84,-29],[96,-11],[88,12],[81,35],[49,37],[64,68],[48,71],[32,69],[4,66],[-5,49],[-17,72],[-30,38],[-47,26],[-55,12],[-70,4],[-56,-9],[-54,6],[-49,18],[-48,10],[-45,-1],[-40,-9],[-25,-19],[-57,-16],[-40,2],[-37,30],[-52,-16],[-37,-21],[-26,8],[-68,43],[-113,61],[-59,43],[-52,61],[-75,98],[-66,101],[-19,81],[-6,91],[15,62],[66,80],[55,21],[67,-2],[56,-9],[36,-14],[30,-70],[17,-67],[18,-43],[29,-37],[41,-34],[105,-77],[44,-23],[116,-31],[80,-5],[89,-61],[55,83],[28,65],[3,29],[-17,65],[-6,132],[11,77],[42,164],[14,181],[38,53],[37,15],[52,12],[35,-3],[184,-53],[103,-42]],[[8335,48411],[22,-11],[155,-24],[27,0],[49,14],[72,45],[60,61],[57,70],[27,41],[15,54],[12,102],[-7,95],[-14,38],[-61,100],[-78,102],[-33,38],[-59,55],[-36,40],[-27,43],[-14,41],[-5,68],[7,34],[36,51],[31,29],[47,25],[53,9],[52,-5],[46,-19],[128,-41],[74,-21],[46,-5],[82,9],[59,16],[70,29],[95,53],[31,14],[44,2],[-5,-39],[-47,-175],[-96,-164],[-21,-105],[6,-83],[30,-47],[38,-32],[76,-32],[84,0],[75,25],[39,82],[-28,154],[-62,155],[0,84],[110,188],[-30,46],[55,70],[83,66],[36,19],[64,11],[53,2],[56,-7],[60,4],[63,21],[34,19],[77,58],[35,33],[78,96],[18,35],[44,124],[14,53],[4,70],[-45,87],[-25,76],[-21,90],[-44,218],[-11,45],[-8,80],[12,75],[25,78],[84,215],[38,51],[26,22],[65,26]],[[12054,50183],[19,-14],[-18,-179],[-4,-849],[7,-173],[0,-475]],[[23405,27242],[39,-14],[65,0],[19,10],[37,39],[63,-8],[41,-23],[13,-39],[37,-20],[44,-46],[29,-4],[35,23],[24,51],[27,34],[12,36],[30,4],[31,-23],[66,11],[19,-20],[81,-18],[18,15],[22,40],[41,6],[40,-43],[40,-23],[116,-6]],[[24394,27224],[69,-65],[142,-290],[-72,-6],[31,-59],[-1,-63],[7,-12],[94,-88],[32,-25],[21,-36],[3,-75],[25,-70],[11,-87],[16,-61]],[[24772,26287],[21,-69],[56,-108],[-3,-26],[-21,-29],[0,-77],[-12,-29],[0,-30],[33,-59],[-342,-56],[-66,-8]],[[24438,25796],[-186,-31],[-39,2],[-111,15],[-150,-31],[-46,-2]],[[23906,25749],[-82,-1],[-141,3],[-150,9],[-123,0]],[[23410,25760],[-22,50],[-41,44],[-34,71],[-8,147],[-21,74],[-32,45],[-14,86],[-16,21],[17,130],[-7,39],[-19,49],[5,96],[-25,43],[-38,14],[24,70],[0,23],[19,27],[22,107],[20,36],[37,19],[38,-10],[66,-1],[21,7],[18,32],[-4,55],[-29,46],[1,32],[-9,48],[0,51],[26,31]],[[22395,26931],[0,599]],[[22395,27530],[37,3],[58,-16],[178,35],[45,14],[3,43],[30,67],[19,30],[13,41],[22,14],[19,70],[71,4],[74,-14],[19,15],[36,-2],[34,31],[21,-13],[20,-36],[7,-45],[19,-13],[2,-42],[12,-17],[-22,-42],[-4,-45],[22,-46],[53,7],[16,-24],[4,-30],[-15,-37],[24,-65],[25,1],[45,35],[41,15],[-17,-39],[-9,-86],[12,-28],[95,-57],[1,-16]],[[23410,25760],[-146,1],[-143,12],[-190,1],[-113,16],[-51,-14],[-148,-158],[-49,-21],[-101,-2],[-75,-10]],[[22394,25585],[0,289]],[[22394,25874],[-1,311],[2,746]],[[20989,22016],[-9,-72],[-14,-2],[-33,28],[-22,-5],[-64,28],[-37,1],[-40,-24],[-24,-60],[-29,-14],[8,-54],[-18,-21],[-41,6],[3,-55],[-17,-26],[31,-35],[18,-52],[-1,-61],[6,-17],[49,-62],[14,-53],[32,-53],[6,-47],[22,-66],[27,-64],[39,-30],[44,-69],[6,-37],[20,-29],[7,-47],[-11,-41],[3,-37],[-27,-67],[-15,-68]],[[20922,20811],[-25,6],[-45,-16],[-28,0],[-81,-17],[4,-30],[-37,-18],[-64,2],[-24,-52],[-28,7],[-38,-4],[-39,38],[-35,-5],[-14,-25],[-28,-7],[-25,-27],[-156,-57],[-67,30],[-41,-12],[14,-30],[-25,-46],[-7,-30],[-28,-25],[-31,-1],[-13,-24],[-72,33],[-27,32],[-32,15],[-22,-1],[-47,38],[-49,24],[-43,-5],[-132,23],[-28,29],[-47,17],[-31,-1],[-28,48],[-56,-7],[-27,20],[-28,1],[-32,25],[-16,-14],[0,-62],[-42,-29],[-15,30],[-28,2],[1,79],[25,45],[-11,12],[-29,-18],[-41,-13]],[[19204,20791],[1,523],[3,550]],[[19208,21864],[0,86],[-74,394],[-87,-1]],[[19047,22343],[-13,19],[67,87],[15,10],[56,-9],[35,17],[57,-1],[46,11],[24,26],[29,-31],[258,-129],[34,-8],[127,15],[268,-2],[59,-3],[90,-35],[60,16],[60,-28],[26,22],[21,1],[22,27],[68,-1],[17,-51],[76,-30],[34,15],[35,44],[18,-51],[21,-9],[42,-41],[17,-35],[57,-27],[97,-37],[92,-72],[27,-37]],[[20989,22016],[20,-28],[29,-16],[216,-19],[97,-18],[243,0],[74,3],[98,-2],[50,-9],[137,-62],[14,-12],[163,-205],[18,-14],[96,-45],[52,-56],[79,-24],[25,-3]],[[22400,21506],[1,-147]],[[22401,21359],[2,-388],[4,-219],[1,-349],[4,-85],[35,0],[1,-156]],[[22448,20162],[-25,16],[-29,43],[-24,10],[-35,31],[-27,10],[-15,41],[-83,-51],[-56,-15],[-54,-27],[-46,-3],[-49,31],[-61,-26],[-70,-3],[-27,-7],[-17,-28],[8,-55],[-38,8],[-53,-56],[-24,0],[-33,16],[-58,-14],[-55,10],[-26,-29],[5,-61],[-8,-27],[1,-83],[-34,-4],[-33,-38],[-49,5],[-39,21],[-11,38],[-17,27],[3,41],[-60,50],[-31,73],[-22,97],[-60,2],[-32,53],[-42,-24],[-53,4],[-119,64],[-25,49]],[[20925,20351],[-23,48],[-49,32],[-6,39],[64,59],[42,0],[0,54],[-14,48],[4,36],[-10,18],[8,51],[-16,42],[-3,33]],[[19205,20295],[-1,496]],[[20925,20351],[-45,-41],[-30,-43],[-23,-12],[-18,-29],[-24,-14],[0,-37],[-50,-32],[15,-32],[2,-41],[-19,-15],[-13,-51],[15,-25],[3,-38],[57,-3],[-1,-35],[32,-77],[-8,-23],[-29,-8],[-10,-70],[-28,-30],[1,-40],[39,-114],[-27,-32],[36,-61],[-9,-52],[49,-45]],[[20840,19351],[-193,-18],[-342,-26],[-100,-9],[-386,-30]],[[19819,19268],[-329,-26],[-137,-9],[-132,-12]],[[19221,19221],[-14,36],[-2,266],[1,165],[-2,218],[1,389]],[[22448,20162],[4,-690]],[[22452,19472],[-333,-26],[-229,-14],[-251,-21]],[[21639,19411],[-341,-27],[-107,-7],[-351,-26]],[[2833,16743],[6,21],[-21,43],[26,6],[10,44],[24,-13],[3,49],[15,65],[35,2],[11,30],[56,32],[21,2],[13,42],[19,-14],[40,17],[14,19],[43,-12],[9,21],[46,4],[27,23],[45,-33],[35,-3],[6,-22],[38,3],[9,-42],[32,-7],[15,-55],[28,-28],[8,-32],[22,-21]],[[3468,16884],[-22,-18],[-39,-8],[52,-40],[-34,-27],[-24,-43],[8,-27],[-51,5],[-55,-19],[-27,-36],[-27,1],[2,-29],[-40,-29],[-47,18],[-28,-4],[-34,35],[-45,-7],[-41,11],[-59,-13],[-17,10],[16,32],[-129,-45]],[[2827,16651],[-4,70],[10,22]],[[2511,16679],[8,6],[105,34],[74,10],[32,60]],[[2730,16789],[30,-8],[16,-22],[57,-16]],[[2827,16651],[-83,-25],[-103,-28],[-56,-23],[-107,34]],[[2478,16609],[-19,10],[52,60]],[[2373,16749],[55,-35],[39,41]],[[2467,16755],[-7,-28],[51,-48]],[[2478,16609],[5,-24],[-14,-51],[-16,-13],[14,-34],[-7,-33],[19,-45]],[[2479,16409],[0,-17]],[[2479,16392],[-40,22],[-41,51],[-132,156],[-10,3]],[[2256,16624],[48,37],[38,42],[31,46]],[[2467,16755],[21,40],[-1,48],[19,13],[79,-2],[28,-27],[44,14],[25,-2],[48,-50]],[[2827,16651],[10,-20],[-36,-9],[34,-25],[-16,-29],[-1,-43],[15,-5],[8,-47],[-28,-54]],[[2813,16419],[-61,44],[-41,-34],[-43,-23],[-38,-10],[-57,-1],[-94,14]],[[4048,17449],[-26,-24],[-39,-15],[-71,-12],[-25,-14],[-60,-97],[-37,-30],[-18,-44],[-98,-49],[-83,-76],[-29,-43],[-43,-103],[-51,-58]],[[2373,16749],[23,80],[12,108],[2,48],[-87,65],[-94,20],[-76,-7],[-54,-17],[-183,-80],[-64,-18],[-96,-13],[-71,-1],[-68,13],[-73,42],[-83,65],[-53,82],[-46,49],[-40,77],[-7,81],[12,82],[12,35],[30,51],[48,51],[77,66],[16,8],[47,-13],[50,-84],[51,-71],[62,-57],[49,-32],[66,-36],[173,-57],[92,-35],[63,-13],[64,-2],[62,22],[105,70],[46,16],[24,68],[3,69],[18,83],[4,58],[-8,50],[-13,129],[-7,131],[-15,195],[-1,89],[4,50],[26,143],[37,57],[59,80],[60,110],[67,94],[44,75],[58,20],[44,2],[65,14],[298,1],[29,-3]],[[2813,16419],[-74,-61],[-13,-25],[-29,-17],[34,-39],[-14,-30],[-56,0],[9,-70],[17,-45],[-11,-20],[5,-58]],[[2681,16054],[-11,-24],[-25,-7],[-32,20],[-12,-7],[-31,30],[-26,49],[-23,15],[-22,-3],[-11,23],[-64,14],[-18,-14],[-50,-7],[34,69],[27,94],[62,86]],[[28098,48161],[0,58]],[[28098,48219],[76,13],[6,-16],[0,-66],[34,0]],[[28214,48150],[-30,-231]],[[28184,47919],[-34,-5],[-17,-71],[-37,-5],[-1,309],[3,14]],[[28214,48150],[21,23],[38,-23],[19,0],[-3,65],[-25,0],[0,103]],[[28264,48318],[74,2],[12,-36],[-6,-50],[252,1],[198,7],[66,19]],[[28860,48261],[-6,-31],[-55,-62],[-93,-192],[-8,-49],[-19,-37],[-51,-53],[-79,-32],[72,-130],[16,-44]],[[28637,47631],[-151,-145],[-125,-21],[-55,8]],[[28306,47473],[-11,200],[-62,-3],[-53,7]],[[28180,47677],[1,196],[3,46]],[[13389,12733],[38,21],[76,22],[31,15],[58,45],[21,-26],[48,4],[14,-16],[8,-35],[44,3],[29,13],[63,-1],[71,33],[96,3],[46,27],[9,-65],[-2,-64],[49,-3],[85,12],[28,13],[71,59],[41,17],[85,3],[58,22],[51,-2],[41,-22],[160,5],[46,-46],[24,-11],[68,25],[44,-1],[45,28],[102,17],[35,15],[64,15],[42,20],[33,6],[42,-8],[33,8],[30,39],[25,15],[29,-44],[36,-26],[15,1],[3,49],[46,20],[32,23]],[[15502,12961],[0,-145],[82,0],[1,-253],[-2,-360]],[[15583,12203],[-68,-41],[-30,-26],[-448,-436],[-82,-77],[-29,-15],[-6,-20],[-65,-64]],[[14855,11524],[-67,-64],[-46,-23],[-79,-16],[-25,1]],[[14638,11422],[-8,17],[29,72],[-5,27],[-19,5],[2,48],[-12,6],[-17,42],[-32,3],[-17,-39],[-82,1],[-1,20],[-31,-1],[-36,15],[-45,8],[-42,-20],[-12,-14],[-26,10],[-41,-2],[-12,-52],[-26,-1],[-1,-56]],[[14204,11511],[-17,2],[-153,-24],[-48,-4],[-43,7],[-87,-3],[-133,-59],[-78,20],[-176,-2],[-76,-42]],[[13393,11406],[0,196],[-4,445]],[[13389,12047],[-1,87],[1,599]],[[15583,12203],[0,-4]],[[15583,12199],[0,-64],[248,-2],[-1,-202],[3,-305],[79,4],[571,3],[0,-255],[83,0],[1,-257],[82,1],[0,-171],[440,1],[65,2],[312,0],[-1,-854]],[[17465,10100],[-166,-2],[-54,2],[-156,-4],[-215,2],[-246,-5],[-370,0],[-196,2],[-173,-3],[-113,1],[-167,-3],[-38,2],[-383,-2]],[[15188,10090],[-4,234],[-30,89],[16,6],[57,76],[-2,19],[-34,115],[-20,38],[-7,50],[-21,14],[-2,86],[6,70],[-28,18],[-21,29],[12,57],[-8,13],[21,67],[11,14],[-18,25],[-25,10],[-41,-10],[-118,5],[-14,10],[-25,55],[-22,31],[-44,107],[7,29],[-18,28],[0,31],[27,45],[15,7],[12,32],[-15,34]],[[14204,11511],[26,-21],[56,-11],[0,-117],[8,-37],[199,1],[32,-23],[34,36],[22,44],[30,10],[18,-14],[9,43]],[[15188,10090],[-545,-2],[-330,0],[-138,-2],[-310,-2],[-380,2],[-87,-2]],[[13398,10084],[-3,846]],[[13395,10930],[-2,476]],[[13390,14179],[158,0]],[[13548,14179],[570,4],[571,1],[157,2],[1,-87],[165,-2],[4,-86],[82,1],[0,-84],[127,-2],[156,2],[-1,41],[41,1],[1,40],[79,2]],[[15501,14012],[0,-418],[1,-257],[0,-376]],[[13389,12733],[-2,113],[2,180],[-2,124],[0,641],[-3,134],[6,254]],[[2681,16054],[32,-22],[25,-45],[2,-49],[18,-101],[-2,-53],[-94,-279],[22,-42],[25,-23],[28,-3],[20,-41],[30,7],[-14,-56],[-79,-18],[8,-44],[-42,-57],[-29,5],[-22,-30],[9,-22],[28,-1],[7,-38],[-31,-5],[-33,-31],[-21,-4],[-9,-25],[15,-15],[32,-4],[-4,-25],[-24,-43],[16,-31],[-27,-28],[31,-13],[5,-25],[-12,-24],[-30,13],[15,-61],[-25,-37],[36,-83],[-7,-25],[-27,-28],[19,-29],[-16,-37],[6,-31],[-30,-36],[7,-28],[21,-28],[-22,-31],[46,-75],[69,-14],[54,-87],[8,-60],[44,-41],[29,-14],[28,-27],[36,-17]],[[2852,14093],[-38,-26],[-35,1],[2,-54],[-13,-3]],[[628,12315],[-5,30],[-48,97],[-63,77],[-58,57],[-105,88],[-63,60],[-185,98],[-73,97],[-28,88],[8,65],[52,76],[71,55],[74,11],[81,-4],[36,3],[141,-22],[98,-19],[84,-20],[127,-15],[48,0],[104,10],[106,27],[133,50],[146,77],[28,34],[34,70],[31,87],[6,49],[-2,89],[5,112],[-20,45],[-24,14],[-25,31],[-76,69],[-83,62],[-14,16],[-8,48],[-78,49],[-59,54],[-7,30],[17,33],[-19,41],[-16,66],[-1,36],[11,36],[-2,98],[4,20],[29,51],[2,19],[-58,34],[-31,9],[-66,-38],[-62,-65],[-22,82],[-26,73],[-42,96],[1,56],[19,78],[28,55],[31,50],[48,46],[99,60],[20,25],[41,23],[33,5],[33,-16],[43,-88],[-1,-21],[-22,-53],[0,-45],[17,-73],[19,-48],[15,-90],[18,-67],[30,-71],[37,-62],[70,-85],[67,-47],[61,-32],[78,3],[170,-3],[61,72],[15,60],[-15,106],[5,138],[-54,10],[-23,74],[-65,71],[-125,115],[-68,143],[-62,142],[-17,56],[-18,133],[-10,184],[-1,85],[10,174],[21,41],[-4,65],[4,32],[-18,19],[-36,17],[-22,50],[3,54],[19,36],[45,65],[47,22],[76,8],[30,-10],[94,21],[60,-19],[29,-25],[48,9],[52,25],[65,23],[80,36],[51,15],[59,33],[78,57],[75,71],[77,65]],[[4811,17222],[-4,-356],[-5,-74],[-4,-365],[0,-492],[-3,-393],[-5,-170],[-3,-318],[-2,-45],[0,-330],[-3,-161],[1,-123]],[[4783,14395],[-89,102],[-115,138],[-57,63],[-266,310],[-518,603],[-28,29],[-69,84],[-82,89],[-47,57],[-8,-22],[-36,13],[-17,19],[-55,-45],[-16,-56],[-46,20],[11,38],[-4,30],[-20,25],[-35,25],[-78,31],[-21,48],[4,35],[20,40],[35,15],[13,33],[-15,30],[-35,6],[-44,59],[-2,22],[-29,25],[-39,-10],[-74,18],[-62,31],[-45,50],[-63,34],[-38,35]],[[4783,14395],[-13,-258]],[[4770,14137],[-44,48],[-44,-20],[-48,-40],[-51,43],[-11,21],[-38,-7],[-18,-30],[-22,16],[-4,56],[-23,33],[-43,-26],[-39,-15],[-33,-2],[-57,14],[-53,31],[31,56],[-5,12],[-48,45],[-37,17],[12,48],[-47,-26],[-37,7],[-15,18],[-52,-12],[-32,0],[-20,-25],[2,-22],[-61,6],[-55,-50],[-36,25],[-23,-63],[-13,17],[-25,-12],[-27,13],[-9,19],[37,21],[-10,42],[-14,10],[-29,-17],[-23,8],[-38,-6],[-29,11],[13,-44],[-44,-38],[-37,-52],[-41,-20],[-24,3],[-39,46],[-52,-4],[-42,13],[-26,-2],[-16,-15],[-14,-58],[-25,-4],[-11,30],[-28,-8],[-44,-47],[-29,2],[-49,-15],[-20,9],[-12,-37],[-47,-58],[-59,-50],[-10,27],[-30,-28],[-25,10],[-36,-4],[5,26],[-28,22],[-17,-12]],[[11747,12798],[-40,-4],[2,-18],[-21,-63],[-6,-33],[-57,-2],[-5,-45],[-36,4]],[[11584,12637],[-10,145]],[[11574,12782],[-12,145],[-13,55]],[[11549,12982],[-27,68],[-55,89],[-31,76],[-12,70]],[[11424,13285],[23,-16],[49,-8],[21,-12],[24,6],[17,-24],[72,-43],[51,-43],[-1,-78],[-7,-7],[0,-103],[65,-1],[1,-87],[8,-71]],[[10628,11611],[33,-26],[17,4],[57,-12],[28,15]],[[10763,11592],[58,4],[75,-17],[29,-22],[64,12],[30,-30],[66,-89],[65,5],[13,10],[111,-28],[13,-39]],[[11287,11398],[28,7],[22,-78],[14,-25],[-7,-44],[53,-41],[21,13],[40,-7],[24,17],[24,-2],[24,16],[42,-9],[27,20],[20,-47],[5,-56],[18,-41],[23,-21],[266,2],[271,-1],[76,124],[42,87],[13,38],[52,75],[24,28],[67,-30],[122,-6],[61,-45],[178,-90],[83,-55],[22,-7],[96,1],[75,-22],[43,26],[13,-9],[41,-60],[54,-60],[33,-14],[28,-51],[57,-66],[13,-35]],[[13398,10084],[-844,-4],[-212,0],[-142,-3],[-153,2],[-262,-3],[-152,2],[-54,-7],[-370,1],[-269,2],[-308,-1]],[[10632,10073],[-1,448],[-3,662],[0,428]],[[24666,3456],[133,41],[122,32],[-1,72],[-10,28]],[[25360,3668],[11,-13],[41,-19],[-12,-20]],[[25400,3616],[20,-23],[-28,-26],[0,-38],[-16,-33],[29,-28],[20,-73],[21,-9],[16,27],[28,17],[34,1],[36,22]],[[25560,3453],[23,-34],[90,-40],[18,-43],[-3,-48],[7,-54]],[[25695,3234],[-57,4],[-160,-5]],[[25478,3233],[-35,21],[-308,101],[-122,2]],[[24652,3419],[14,37]],[[17936,41432],[702,3],[315,3],[169,-3],[158,6],[210,2],[55,3],[413,-1],[667,-3]],[[20625,41442],[3,-597],[-3,-57],[4,-283],[-4,-139],[5,-442],[-2,-62],[1,-330],[-1,-641],[83,3]],[[20711,38894],[-38,-26],[-1,-223],[-242,-4],[-59,6],[-150,-4],[-53,25],[-127,141],[-29,23],[-28,8],[-174,29],[-29,13],[-224,166],[-49,18],[-90,-2],[-98,-14],[-75,12],[-79,42],[-84,-1],[-100,12]],[[18982,39115],[-54,18],[-77,51],[-220,125],[-47,19],[-12,51],[-44,44],[-54,8],[-55,28]],[[18419,39459],[-3,128],[6,63],[41,107],[-28,93],[-65,24],[-11,69],[-12,29],[-90,40],[-50,13],[-20,-35],[-18,-11],[-57,11],[-51,-13],[-23,-44],[-30,-9],[-8,-55],[-10,-21],[-43,19]],[[17947,39867],[2,214],[-3,319],[1,330],[-4,97],[-2,181],[-5,424]],[[17949,38802],[33,1],[46,40],[13,39],[306,2],[125,0],[-4,-48],[13,-30],[10,-81],[1,-84],[43,-20],[40,29],[57,27],[15,66],[44,83],[37,15],[-13,34]],[[18715,38875],[32,85],[41,49],[37,22],[97,25],[27,16],[24,-3],[9,46]],[[20711,38894],[611,-1],[510,3]],[[21832,38896],[-2,-41],[-56,-3],[5,-22],[-38,-5],[-30,-18],[-22,26],[-60,-25],[-43,-28],[-4,-24],[-26,4],[-14,-50],[15,-22],[-13,-35],[1,-43],[-35,-28],[-30,-11],[-22,13],[-21,-33],[-45,18],[-10,39],[-56,14],[-34,-9],[-14,23],[-31,11],[-17,-36],[-15,2],[-3,38],[-14,5],[-61,-79],[-5,2],[1,-681],[0,-367]],[[21133,37531],[1,-677]],[[19296,36849],[-4,502],[-6,548],[0,321],[-666,-6],[-2,172],[-304,-1],[-25,-2],[-337,-2],[-3,236],[0,185]],[[28553,51352],[224,-1],[29,13],[-26,22],[-71,96],[-50,32],[-5,20],[9,35],[46,19],[19,31],[56,-12],[45,-66],[1,-27],[34,-26],[6,39],[1,160],[59,-75],[70,-45],[57,1],[27,36],[22,8],[81,-3],[45,33],[35,-92],[8,-34],[-20,-186],[-6,-144]],[[29249,51186],[-141,-3],[-425,0]],[[28683,51183],[-74,42],[-33,64],[-23,63]],[[30118,52508],[45,-62],[-1,-50],[17,-22],[0,-32],[23,-61],[71,-101],[25,-14],[19,-34],[50,-40],[62,0],[42,26],[63,1],[42,-49],[38,-27],[13,71],[16,36],[3,52],[156,0],[16,52],[72,21],[55,6],[30,34],[-6,25],[42,52],[24,-27],[10,-36],[37,13],[27,-2],[29,-19],[28,-30],[37,-6],[26,13],[16,-25],[-1,-27],[64,-11],[27,-18],[56,-10],[37,5],[14,-12],[15,-75],[10,-13],[157,-2],[70,17],[22,70],[8,53],[17,25],[-14,43],[5,37],[45,61],[71,29],[71,-63]],[[31919,52382],[-3,-472],[3,-368],[10,-385],[0,-158],[3,-350]],[[31932,50649],[-261,6]],[[31671,50655],[-179,5],[-677,9],[-423,2],[-124,-2],[-42,2],[-338,-2]],[[29888,50669],[-3,186],[1,170],[4,52],[1,106],[-199,0],[-199,-4],[-244,7]],[[28553,51352],[-101,-1],[-41,43],[-36,117],[-44,34],[-30,37],[16,26],[242,-2],[-5,76],[7,48],[-29,3],[-7,18],[9,100],[0,100],[-70,19],[-59,36],[-14,-5],[-14,57],[8,37],[-20,58],[19,17],[36,-9],[32,36],[6,51],[58,9],[25,30],[27,7],[37,-6],[119,1],[33,-58],[38,-26],[27,-3],[132,-37],[44,-38],[38,-62],[7,-24],[1,-70],[58,26],[104,25],[52,-6],[4,19],[123,0],[27,3],[69,53],[31,15],[11,91],[108,70],[51,105],[65,-51],[21,-27],[40,-22],[46,2],[35,15],[51,-2],[28,-32],[33,-15],[42,26],[-10,40],[-24,38],[-8,30],[46,0],[55,85],[16,49]],[[26323,22757],[34,-2],[29,15],[28,-35],[31,-11],[40,-70],[33,-19],[61,-11],[8,-48],[56,-41],[-9,-74],[51,30],[12,-6],[-5,-48],[18,-46],[23,-18],[36,-8],[21,-21],[52,-7],[60,-27],[19,10],[28,-14],[3,-28],[22,-31],[7,-45],[19,-20],[49,-87],[31,-24],[-16,-21],[10,-25],[33,-26],[1,-34],[-11,-18],[1,-36],[18,1],[27,-65],[30,9],[46,-33],[3,-34],[16,-29],[55,17],[0,29],[54,13],[42,-40],[12,35],[-22,91],[18,1],[31,-36],[17,3],[55,-26],[28,14],[18,68],[50,-12],[-3,24],[-34,12],[17,37],[4,40],[25,11],[48,-63],[55,12],[6,57],[17,5],[39,-23],[29,24],[-25,13],[-16,24],[-2,41],[-90,20],[21,34],[-12,24],[56,8],[35,-15],[9,35],[26,-9],[28,-31],[14,6]],[[27843,22203],[52,-17],[17,-22],[6,-29],[22,-32],[9,-54],[25,-33],[27,8],[33,35],[32,-33],[-11,-77],[31,-36],[4,-67],[56,-220],[59,29]],[[28205,21655],[2,-16],[33,-59],[49,-26],[39,-61],[8,-89],[28,-29],[5,-73],[-20,-89],[11,-17],[49,-27],[16,-29],[6,-53],[39,-12],[21,6],[14,-21],[-3,-35],[9,-21],[33,-26],[24,8],[21,-21],[-31,-56],[-28,-32],[-21,4],[-17,29],[-21,-19],[-9,-40],[-17,-33],[-42,-14],[14,-21],[55,-14],[20,-92],[-5,-28],[-55,-27],[18,-26],[-11,-46],[14,-72],[-37,-15],[-7,-14],[19,-29],[22,6],[35,-25],[33,35],[38,-2],[37,-21],[13,-37],[-56,-15],[-36,10],[-36,-38],[-4,-52],[28,-43],[-30,-55],[22,-33],[11,-82],[-26,-30],[-20,-45]],[[28459,19993],[-227,-42],[-469,-83],[-284,-25],[-729,-51],[-399,-32]],[[26351,19760],[0,177],[-3,169],[0,182],[-2,40],[-3,394],[0,146],[-6,302],[1,115]],[[26338,21285],[-3,419],[-7,584]],[[26328,22288],[-5,469]],[[28197,22620],[27,7],[43,-12],[14,29],[45,14],[55,-27],[14,-23],[20,6],[66,-19],[68,34],[30,40],[50,-5],[1,-36],[24,-54],[8,-69],[-30,-4],[0,-158],[-5,-25],[14,-49],[-57,-353],[-12,-78],[-90,-46],[-277,-137]],[[27843,22203],[3,18],[33,33],[43,9],[-2,-37],[36,-12],[11,19],[-18,55],[42,32],[23,73],[-2,12],[-43,27],[-40,54],[20,24],[-15,36],[-36,-5],[-10,25],[53,5],[25,41],[1,55],[27,5],[38,23],[25,4],[33,-16],[-12,-79],[74,0],[13,15],[32,1]],[[28268,23292],[-3,33],[32,79],[6,34],[-11,32],[3,50],[31,38],[30,95],[49,59],[18,47],[5,44],[-70,36],[-53,60],[30,65],[-7,39],[16,21],[-2,35],[47,21],[6,29],[18,15],[33,99],[-66,76],[4,30],[-14,71],[0,32]],[[28370,24432],[189,0],[136,4],[396,4],[5,2],[339,3],[118,-3],[44,4]],[[29597,24446],[542,5],[812,6]],[[30951,24457],[-54,-516],[-16,-127],[-3,-57],[-86,-849],[-57,-541],[-19,-163],[-41,-412],[-63,-595],[-14,-151],[-32,-311],[-17,-188]],[[30549,20547],[-169,-51],[-88,-24],[-277,-85],[-93,-24],[-102,-35],[-353,-107],[-350,-104],[-176,-38],[-482,-86]],[[28197,22620],[-30,34],[4,34],[35,28],[4,43],[-32,67],[27,18],[-9,37],[-16,4],[-31,66],[-2,27],[21,20],[-11,20],[4,40],[30,39],[34,25],[16,28],[-10,20],[27,50],[10,72]],[[30495,56886],[142,1],[286,-3],[679,-4]],[[31602,56880],[-3,-203],[-3,-321]],[[31596,56356],[-46,4],[-17,-9],[-48,49],[-105,12],[-51,-5],[-3,-29],[-32,-53],[-19,-15],[-7,-27],[28,-38],[39,-97],[-24,-40],[-43,-5],[-29,-16],[-9,-38],[-101,54],[-42,0],[-66,8],[6,-78],[19,-41],[25,-17],[14,-26],[-1,-46],[18,-12],[-13,-38],[-18,-10],[-11,-39],[-54,-32],[-41,9],[-59,-5],[-5,91],[7,36],[-71,1],[-32,-6],[-28,-44],[-95,-21],[-52,-28],[-64,16],[-34,0]],[[30532,55821],[-112,126]],[[30420,55947],[44,92],[13,112],[-54,54],[-23,87]],[[30400,56292],[-11,33],[7,64],[-18,42],[38,31],[60,0],[17,11],[2,249],[3,47],[22,115],[-25,2]],[[29276,56881],[742,3]],[[30018,56884],[17,-110],[-9,-136],[-3,-114],[12,-99],[94,-132]],[[30129,56293],[23,-32],[1,-113],[-9,-1]],[[30144,56147],[-12,-4],[-109,34],[-49,33],[-115,-1],[-22,-86]],[[29837,56123],[-157,1],[29,-52],[-72,-1],[-25,11],[-51,-3]],[[29561,56079],[52,45],[-98,0]],[[29515,56124],[20,80],[25,12],[2,59],[-23,20],[-53,-3],[-9,43],[-2,56],[11,33],[-5,92],[-10,59],[-14,46],[10,42],[-2,57],[-32,58],[-39,20],[-57,8],[3,44],[-22,18],[-42,13]],[[27863,55144],[58,44],[85,22],[29,-16],[38,-4],[74,18],[31,19],[33,-18],[42,46],[9,44],[23,23],[1,27],[41,29],[28,8],[57,-7],[40,27],[50,-7],[52,-16],[24,-25],[32,-1],[43,35],[51,22],[5,-49],[0,-109],[45,8],[17,19],[62,17],[64,-4],[51,23],[17,-39],[24,-17],[47,7],[47,-16],[45,-29],[68,3],[2,21],[39,21],[184,-3],[47,2]],[[29468,55269],[111,-2],[147,2],[0,-159],[37,-13],[293,0],[5,-17],[41,1],[18,-15],[42,16],[33,1],[40,38],[-10,62],[15,45],[43,72],[34,30],[70,-55],[22,-5]],[[30409,55270],[42,-5],[24,-54],[5,-62],[71,-50],[6,-18],[-6,-44],[-54,8],[-67,-81],[-22,-18],[-17,-38],[-27,-19],[-11,-40],[3,-82],[-13,-31],[40,-74],[-4,-101],[27,-25],[7,-40],[24,-30],[16,-3],[26,-32],[-18,-15],[8,-54],[23,-37],[-39,-28],[-26,-30],[-7,-31],[60,-9],[0,-65],[-29,-44],[23,-44]],[[30474,54074],[-92,-4],[-22,4],[-224,0]],[[30136,54074],[-97,-1],[-320,3]],[[29719,54076],[-109,-1],[-329,1],[-118,-1],[-72,3],[-276,3],[-255,1],[-38,2],[-328,0]],[[28194,54084],[-332,2],[1,1058]],[[30409,55270],[48,50],[47,36],[14,28],[40,25],[-25,30],[6,33],[-13,13],[38,28],[27,-4],[55,21],[57,-7],[32,6],[6,34],[40,10],[-85,62],[-49,58],[-115,128]],[[31596,56356],[-10,-570],[-3,-560]],[[31583,55226],[0,-52],[-1,-699],[-2,-405],[4,0]],[[31584,54070],[-894,2],[-216,2]],[[31394,39826],[-54,-45],[17,-30],[25,12],[-3,-52],[-13,-22],[20,-16],[-10,-31],[-48,-32],[-22,-46],[-8,-43]],[[31298,39521],[20,-98],[-15,-28],[-1,-37],[27,0],[-3,-26]],[[31326,39332],[-57,10],[-97,2],[-64,-19]],[[31108,39325],[19,23],[-3,25],[-17,22],[-6,130],[-9,24]],[[31092,39549],[94,75],[101,58],[27,38],[5,72],[10,24],[41,20],[24,-10]],[[31298,39521],[145,31],[69,35],[60,8],[28,-5],[7,-308]],[[31607,39282],[-73,5],[-208,45]],[[28648,39434],[115,2],[479,5],[78,12],[46,33],[10,18],[35,3],[8,20],[57,16],[26,25],[6,29],[36,23],[51,-36],[14,7],[4,48],[27,-1],[40,40],[38,-21],[10,-32],[46,-11],[23,44],[4,35],[46,-22],[24,4],[26,36],[-9,40],[40,35],[62,13],[42,65],[-3,64],[31,30],[35,-11],[22,-19],[21,-59],[13,20],[37,2],[33,-18],[15,-22],[6,-56],[14,-13],[68,-18],[22,-56],[27,-17],[29,12],[24,-11],[50,-51],[5,-13]],[[30481,39628],[-44,6],[-68,-2],[-34,6],[-32,-13],[-7,-37],[13,-22],[46,-33],[30,-36],[20,-49],[10,-57],[17,-28],[46,-21],[132,-25],[64,-32],[48,-63],[23,2],[37,31],[67,12],[47,30],[24,-6]],[[30920,39291],[14,-65],[-22,-96],[0,-55],[16,-23],[1,-51],[-21,-41],[-1,-53],[26,-50]],[[30933,38857],[2,-27],[-76,-104],[-17,-47],[32,-156],[54,-81],[52,-12],[20,-14],[55,22],[58,-1],[46,18],[29,1],[27,-20],[12,-100],[18,-52],[6,-93],[-7,-66],[4,-74],[45,-135],[23,-46],[84,-114],[49,-37],[32,-31],[8,-45],[-44,-30],[-30,14],[-41,61],[-23,58],[-18,20],[-53,-1]],[[31280,37765],[-43,10],[-30,18],[18,47],[-8,52],[8,30],[-21,46],[-54,21],[-36,0],[-24,15],[-34,-9],[-23,-26],[-24,18],[-70,-42],[-32,8],[-5,-22],[-40,-2],[-23,9],[-49,37],[-42,7],[-94,-38],[-23,24],[-24,1],[-74,20],[-243,-2],[-42,-10],[-52,-38],[-80,-36],[-32,-1],[-106,-23],[-17,11],[-115,6],[-41,18],[-65,0],[-48,-17],[-177,-3],[-66,14],[-24,30],[-65,65],[-28,13],[-39,-4],[-18,-17],[-71,1],[-69,-20],[-53,-45],[-16,-58],[-16,-18],[-38,1],[-44,-12],[-14,49],[19,-255],[-311,-1]],[[28662,37637],[-2,256],[-2,6],[-3,596]],[[28655,38495],[-7,939]],[[31607,39282],[7,-284],[-3,-3]],[[31611,38995],[-17,17],[-42,7],[-44,23],[-73,63],[-16,4],[-145,-4],[-41,-18],[-18,12]],[[31215,39099],[-5,53],[7,42],[24,46],[5,55],[79,-7],[1,44]],[[31280,37765],[-12,-17],[-2,-111],[21,-57],[-14,-53],[7,-17],[54,-12],[21,-14],[31,-56],[39,-13],[61,7],[13,18],[1,59],[10,18],[33,2],[38,-56],[16,-60],[51,-85],[27,-19],[85,-30],[31,-4],[46,14],[49,-6],[99,-39],[46,-33],[43,-65],[28,-25],[69,-43],[15,-23]],[[32186,37045],[-16,-163]],[[32170,36882],[-410,0],[-283,-4],[-617,5],[-1112,-17]],[[29748,36866],[-66,-1],[-1013,0]],[[28669,36865],[0,72],[-3,228],[-4,472]],[[30920,39291],[12,15]],[[30932,39306],[12,-8],[164,27]],[[31215,39099],[-30,-78],[-81,-115],[-71,10],[-48,-21],[-52,-38]],[[14663,41434],[175,2],[415,-6],[343,0],[282,-5],[434,1],[443,4],[334,-1],[626,2]],[[17715,41431],[221,1]],[[17947,39867],[3,-352],[2,-152],[0,-157]],[[17952,39206],[-396,26],[-906,104],[-19,-77],[-11,-19],[-272,-306],[-35,-19]],[[16313,38915],[-7,18],[-44,39],[-43,-36],[-15,-3],[-12,39],[-32,32],[-53,2],[-32,-16],[-38,16],[-40,6],[-30,-9],[-31,-27],[-11,45],[-40,44],[-42,2],[-27,-34],[-23,7],[9,65],[-15,21],[-29,7],[-20,-16],[-8,-31],[-20,-16],[-40,10],[-45,30],[-20,3],[-49,-16],[-34,42],[-4,48],[-12,21],[-24,-5],[4,-38],[-27,3],[-12,53],[-29,13],[-55,5],[-15,53],[-26,17],[-31,-5],[-49,81],[-48,12],[-121,55],[-31,-4],[-14,-33],[-17,8],[-40,-29],[6,-23],[-18,-16],[-6,-37],[-24,-76],[-15,-32]],[[14914,39210],[-2,172],[2,99]],[[14914,39481],[3,265],[-4,191],[-6,113],[6,393],[-3,134],[-47,4],[-132,-3],[-78,10],[13,33],[27,3],[74,-43],[19,20],[-11,45],[23,2],[31,-40],[24,-1],[26,70],[7,60],[-21,64],[-6,44],[-15,33],[2,47],[37,67],[23,91],[-6,35],[9,29],[-59,21],[35,27],[-1,29],[17,20],[-21,18],[-88,-11],[-33,7],[-23,91],[-21,47],[-30,12],[-22,26]],[[11143,35418],[-46,5],[4,45]],[[11101,35468],[20,222],[-23,44],[-205,164],[96,9],[132,-4],[65,4],[16,-26],[0,-57],[251,1],[0,-110],[18,-45],[-51,-32],[-21,-20],[-40,-60],[-41,-28],[-31,28],[-27,4],[-42,-11],[-17,-12],[-46,-73],[-12,-48]],[[28544,51182],[139,1]],[[29888,50669],[3,-177],[-3,-205],[-2,-498],[-2,-45]],[[29884,49744],[-60,3],[-58,32],[-40,8],[-94,1],[-2,70],[-24,17],[-29,4],[-57,36],[-71,33],[-33,39],[-29,11],[-12,26],[-43,19],[-17,32],[-60,17],[-13,23],[-78,-32],[-44,0],[-44,-12],[-21,5]],[[29055,50076],[-24,34],[-9,71],[10,41],[1,108],[-50,0],[-42,17],[-72,42],[-51,10],[-26,27],[-37,22],[-60,6],[13,35],[-17,120],[5,39],[1,337],[-56,13],[-34,23],[-5,31],[-33,39],[-4,32],[-16,23],[-5,36]],[[28860,48261],[88,55],[50,13],[236,6],[481,11],[64,-7],[85,-19]],[[29864,48320],[-1,-256],[4,-517],[6,-216]],[[29873,47331],[-127,132],[-45,-1],[0,-34],[-16,-22],[-77,-14],[-27,-16],[-206,1],[-54,55],[-64,19],[-23,-3],[-43,17],[-84,3],[-120,-1],[-48,10],[-42,27],[-33,-15],[-64,21],[-3,-9],[4,-94],[-77,-39]],[[28724,47368],[-87,263]],[[27636,48130],[38,16]],[[27674,48146],[54,3]],[[27728,48149],[37,2],[63,26],[103,35],[120,8],[47,-1]],[[28098,48161],[-86,-1],[0,-48],[-85,0],[1,-220]],[[27928,47892],[-150,1],[-20,61],[-20,30],[-38,-53],[-11,56],[-17,43],[-22,74],[-14,26]],[[27855,47466],[19,0],[-1,41],[48,27],[23,72],[-5,30],[74,0]],[[28013,47636],[167,1],[0,40]],[[28306,47473],[7,-138],[25,-103],[5,-110],[-158,0]],[[28185,47122],[-97,1],[-6,20],[-77,125],[-57,53],[-59,82],[-34,63]],[[27513,51016],[155,-1],[352,-2],[2,167]],[[28022,51180],[186,-1],[336,3]],[[29055,50076],[0,-25],[-80,-34],[-51,-45],[-22,5],[-31,-35],[-17,-34],[-25,-25],[-36,-16],[-4,31],[-15,12],[-74,-16],[-19,9],[-12,35],[-21,12],[-10,-43],[8,-19],[1,-44],[11,-16],[-24,-58],[-40,-10],[11,49],[-2,60],[-19,99],[-10,9],[-6,65],[21,48],[-13,39],[-117,-321]],[[28459,49808],[-10,24],[-26,9],[-51,42],[-31,32],[-114,0],[-37,64],[-35,19],[-185,2]],[[27970,50000],[-230,-1],[-40,2],[-18,58],[-5,91],[-10,55],[-41,-6],[-29,10],[-87,2]],[[27510,50211],[0,294],[3,252],[0,259]],[[23264,41960],[385,4],[1,192]],[[23650,42156],[723,4],[787,6]],[[25160,42166],[-3,-343],[2,-169],[0,-343],[-4,-169],[7,-194],[-17,-22],[96,21],[72,0],[2,-120],[-3,-115],[1,-369],[0,-254]],[[25313,40089],[-576,1],[-93,-2],[-3,-244],[1,-94]],[[24642,39750],[-352,-4],[-159,1],[-377,-1],[-24,-24],[-36,6],[-17,-15],[-62,5],[-9,-12],[-45,-11],[-36,4],[-6,-30],[-28,-11],[-45,12],[-72,11]],[[23374,39681],[32,33],[9,22],[12,81],[21,17],[9,32],[-42,38],[-36,45],[-11,43],[2,29],[-28,17],[-56,97],[-13,43],[-2,48],[-9,35],[2,59],[-26,62],[1,46],[81,-3],[6,35],[-1,47],[13,50],[-34,21],[-12,35],[-28,16],[-21,64],[-33,77],[8,90],[12,35],[39,23],[17,22],[5,75],[18,56],[-21,37],[-35,32],[-5,38],[4,93],[-3,118],[-8,46],[7,29],[-2,39],[18,30],[49,42],[9,15],[-34,80],[-7,32],[-29,23],[-42,64],[23,17],[-3,40],[31,29],[-7,22],[10,63]],[[23056,39571],[-27,-3],[-47,13],[-13,-34],[-23,10],[-67,-51],[3,-14],[-85,-21],[-19,1],[-28,-23],[-25,0]],[[22725,39449],[46,27],[-5,20],[13,32],[-5,35],[-33,52],[-69,61],[1,79],[-26,31],[-9,74],[23,3],[46,52],[206,0],[12,-47],[-1,-29],[89,-2],[49,-81],[-7,-33],[4,-51],[-50,-20],[47,-81]],[[20622,41960],[597,-1],[558,0],[549,-2],[764,1],[174,2]],[[23374,39681],[-39,-16],[-41,-72],[-24,-10],[-61,1],[-19,6],[-23,-39],[-27,13],[-39,-9],[-45,16]],[[22725,39449],[-82,-16],[9,-26],[-96,-11],[-39,-42],[-93,-31],[-16,-54],[-49,-31],[-60,-77],[-17,-41],[-38,-69],[-14,-42],[-68,-8],[-37,12],[-39,-13],[-53,29],[-28,-7],[-47,-28],[0,-53],[-39,4],[-32,-35],[-32,4],[-23,-18]],[[20625,41442],[-3,518]],[[28528,25985],[54,43],[21,24]],[[28603,26052],[68,80],[44,39],[109,62],[47,20],[145,35],[255,54]],[[29271,26342],[13,-45],[-24,-38],[-6,-41],[-14,-23],[3,-65],[-10,-11],[1,-150],[-17,-40],[3,-48],[17,-28],[5,-89],[38,-29],[15,-37],[0,-47],[8,-27],[-15,-39],[-24,-25],[6,-31],[29,-20],[24,-42],[34,-35],[86,-50],[44,-5],[15,23],[34,7],[0,33],[12,54],[18,32],[7,43],[18,39],[10,48],[158,-91],[52,-34],[137,-128],[32,-18],[61,-20],[31,-19],[98,-82],[69,-46],[66,-23],[91,-76],[126,-61],[152,-106],[76,-57],[139,-49],[36,-30],[35,-44],[24,-18]],[[30984,24754],[-33,-297]],[[29597,24446],[-21,66],[43,62],[-35,38],[12,20],[37,18],[2,44],[-50,57],[4,24],[24,28],[3,42],[15,42],[7,51],[-12,49],[-41,18],[-2,29],[-14,13],[-7,44],[30,47],[-4,59],[29,16],[2,45],[-220,24],[-76,-16],[-41,9],[-49,-8],[-59,19],[-34,29]],[[29140,25315],[-26,20],[-41,52],[-58,30],[-46,14],[-57,49],[-74,92],[-113,32],[-23,25],[-11,35],[-2,44],[-17,33],[-46,34],[-11,18],[-2,78],[-29,76],[-25,29],[-31,9]],[[28133,25879],[227,0]],[[28360,25879],[62,24],[106,82]],[[29140,25315],[-18,-10],[-47,7],[-32,25],[-26,-10],[-2,-22],[-38,-24],[-58,-5],[-29,-27],[-47,27],[5,82],[-32,22],[-17,-12],[-94,-20],[-25,-12],[-49,-69],[-53,-8],[-14,14],[-48,0],[-42,12],[-10,-63],[-16,-54],[-20,-44],[-69,-114],[-36,-73],[-1,-23],[59,-174],[41,-64],[1,-28],[-48,-117],[-6,-33],[1,-66]],[[28370,24432],[-191,-4],[-251,1],[-67,3],[-156,0]],[[26303,27650],[25,2],[32,20],[83,22],[121,-28],[46,-35],[27,-69],[8,-47],[18,-27],[44,-17],[32,-42],[47,-45],[44,46],[33,8],[69,70],[18,34],[15,72],[31,40],[83,-5],[26,6],[106,-3]],[[26307,26404],[-3,774],[4,38],[-4,129],[-1,305]],[[28269,28556],[309,-1]],[[28578,28555],[513,-2],[39,5],[172,-1],[470,3]],[[29772,28560],[-4,-138],[-115,0],[0,17],[-110,-2],[-20,20],[-79,2],[0,21],[-201,-1],[-4,-16],[-44,-1],[-2,-40],[43,0],[-1,-43],[23,0],[10,-44],[-10,-42],[-112,0],[0,-42],[-45,-1],[-1,-86],[-23,-31],[-31,12],[-10,-43],[-13,-19],[0,-29],[37,-66],[-2,-65],[-10,-36],[-4,-60],[-29,-56],[-30,-98],[-15,-32],[21,-44],[10,-53],[-25,-63],[1,-161],[19,-43],[-4,-159],[-14,-54],[85,0]],[[29063,27064],[-336,-533]],[[28727,26531],[-8,7],[9,59],[-27,79],[-41,58],[-11,36],[-2,187],[7,21],[-122,0],[-46,32],[-64,-74],[2,-79],[-52,-25],[14,-62],[-25,-55]],[[28465,26305],[-17,34],[-9,47],[99,-9]],[[28538,26377],[61,17],[39,37],[19,-11],[70,111]],[[28727,26531],[30,-56],[5,-22],[-14,-32],[-22,-17],[-15,-28],[-53,-17],[-14,-67],[-21,-29]],[[28623,26263],[-47,0],[-43,-101]],[[28533,26162],[-108,-1],[-1,59],[56,-1],[0,58],[-15,28]],[[29063,27064],[126,200],[16,21],[232,221],[160,118],[132,89]],[[29729,27713],[-14,-101],[20,-34],[-9,-28],[9,-18],[-6,-85],[28,-4],[54,7],[52,-20],[120,-69],[73,-2],[-35,-39],[-1,-55],[238,3],[248,137],[9,23],[-7,98],[47,-23],[21,6],[28,-11],[22,-97],[24,-38],[93,-39],[23,-31],[63,-12],[49,-29],[34,-31],[51,-21],[50,-31],[49,-23],[34,-36],[42,-14],[83,16]],[[31221,27112],[-6,-65]],[[31215,27047],[-261,-101],[-150,-96],[-20,-23],[-106,-176],[-47,-30],[-78,-18],[-53,-2],[-174,31],[-223,-1],[-30,-4],[-282,-103],[-335,-126],[-121,-42],[-64,-14]],[[28603,26052],[-22,7],[22,61],[-10,48],[29,57],[1,38]],[[28359,26275],[60,1],[0,25],[46,4]],[[28533,26162],[-31,-28],[-143,0]],[[28359,26219],[0,56]],[[29729,27713],[106,73],[36,21],[43,14],[91,14],[82,20],[38,25],[26,50],[64,184],[34,35],[197,217],[30,54],[-36,139]],[[30440,28559],[313,5],[345,0],[262,-2]],[[31360,28562],[-33,-348],[-48,-466],[-53,-549],[-5,-87]],[[26312,28549],[316,1],[217,-3],[314,2]],[[26303,27650],[1,187],[-3,125],[2,26],[-1,344],[10,217]],[[16850,16967],[36,25],[43,43],[35,54],[44,104],[24,33],[47,21],[171,27],[2,359],[-5,78],[-67,419],[-5,46],[-94,888]],[[17081,19064],[342,24],[211,17],[372,28]],[[18006,19133],[235,17]],[[18241,19150],[-2,-286],[2,-95],[-1,-308],[-2,-337],[-2,-604],[-2,-257],[2,-44]],[[18236,17219],[-6,-68],[-53,-45],[-18,-5],[-12,-41],[-20,-12],[-19,-59],[19,-35],[2,-23]],[[18129,16931],[-99,24],[-52,5],[-33,49],[-31,15],[-50,8],[-21,-38],[-37,-1],[-29,-16],[-58,33],[-55,-11],[-29,-16],[-26,21],[-47,5],[-37,-40],[-14,-28],[-18,10],[-47,6],[-90,1],[-91,53],[-22,3],[-37,33],[-10,-33],[-31,-30],[-87,-20],[-59,-9],[-159,2],[-10,10]],[[16134,18998],[124,10],[293,18],[325,23],[205,15]],[[16850,16967],[-34,-10],[-572,8],[-27,5],[-91,36]],[[16126,17006],[1,323],[3,71],[0,592],[1,273],[2,149],[-3,219],[3,254],[-4,26],[5,85]],[[33550,56122],[27,-49],[52,-80],[43,-46],[87,-82],[103,-67],[211,-85],[60,-21],[20,-22],[-21,-201],[-23,-273],[-21,-203]],[[34088,54993],[-80,-2],[-35,-48],[-40,-21],[-5,16],[-49,-4],[-27,8],[-32,-13],[-52,-3],[-74,-11],[-40,-21],[-51,-8],[-89,-5],[-39,-22],[-25,0]],[[33450,54859],[10,35],[21,35],[9,40],[-14,14],[-36,7],[-75,-6],[-11,98],[-1,46],[9,41],[-8,36],[-24,19],[-16,58],[-46,-24],[-97,-80],[-57,-29],[-35,5],[-44,-31],[-22,-28],[-20,-4],[-9,-61],[-22,-30],[-2,-35]],[[32960,54965],[-24,42],[-4,115],[-11,24],[-35,12],[-124,1]],[[32762,55159],[-60,48],[-28,42],[9,33],[-11,66],[8,42],[19,21],[-8,23],[-73,101],[13,37],[-33,90],[-17,-1],[-3,37],[32,25],[2,51],[21,14],[-8,23],[15,26],[38,-1],[38,-15],[28,20],[9,-41],[26,3],[25,19],[53,10],[43,-2],[31,-16],[29,-35],[58,-7],[20,-13],[49,15],[23,15],[2,51],[12,26],[58,69],[2,51],[26,12],[65,8],[13,17],[59,6],[22,10],[29,-30],[53,-17],[-18,-49],[4,-25],[27,0],[16,137],[70,67]],[[31602,56880],[774,2],[239,-2],[557,2],[19,-63],[32,-62],[61,-106],[40,-55],[29,-28],[83,-140],[105,-267],[9,-39]],[[32762,55159],[1,-56],[-77,-36],[-18,1],[-34,-26],[-31,49],[-75,15],[-8,35],[-20,35],[-47,25],[-38,9],[-65,34],[-114,-24],[-35,-24],[-18,52],[-42,-10],[-45,11],[18,90],[-49,-22],[-12,20],[-40,6],[-18,19],[-67,35],[-27,26],[-47,-31],[-47,-102],[-12,-78],[-10,-24],[-202,38]],[[32960,54965],[24,-21],[32,-67],[48,-64],[-1,-13],[60,-48],[65,-20],[-19,-17],[-140,-30],[127,-29],[-20,-39]],[[33136,54617],[-66,-136],[-55,-184],[-16,17],[-21,73],[-25,-3],[-102,2],[-24,-35],[-71,-64],[-38,-1],[-58,-22],[-33,6],[-32,-17],[-67,-9],[-28,-19],[-76,1],[-28,56],[-41,60],[-26,-24],[-48,-15],[-54,-30],[-13,-51],[-26,11],[-41,66],[-15,9],[0,79],[-57,50],[-42,10],[-22,-30],[-28,-99],[-68,4],[-20,9],[-61,-50],[-1,-113],[-26,-47],[-12,-55],[-47,1]],[[31748,54067],[-164,3]],[[33837,52772],[-42,-339],[-78,-677],[-24,-213],[-54,-466],[-47,-432]],[[33592,50645],[-293,2],[-97,-2],[-167,2]],[[33035,50647],[68,37],[25,34],[-1,99],[-161,16],[-41,27],[-37,37],[-40,-8],[-9,11],[-3,55],[-14,12],[-70,21],[-56,9],[3,16],[-19,61],[18,27],[-8,50],[-65,26],[-2,23],[73,63],[275,208],[26,-3],[-7,47],[-13,25],[-13,59],[-9,8],[-12,92],[-20,62],[8,22],[35,36],[6,26],[-32,59],[-4,134],[-36,28],[-23,170],[65,20],[87,45],[73,17],[99,33],[130,79],[96,31],[33,18],[63,50],[43,24],[32,29],[37,78],[32,39],[57,29],[56,17],[57,27]],[[31919,52382],[3,159],[-1,375]],[[31921,52916],[-2,481]],[[31919,53397],[33,-21],[37,-49],[68,-57],[45,31],[1,40],[20,19],[35,-23],[4,46],[-53,62],[-12,42],[9,19],[32,-32],[117,-102],[43,-34],[43,-16],[3,33],[44,20],[-4,42],[46,63],[32,-16],[31,3],[17,21],[-1,26],[59,6],[17,10],[32,-40],[15,-51],[21,-34],[2,-27],[47,4],[47,17],[52,4],[35,-54],[53,-51],[33,-2],[25,22],[27,-6],[0,117],[-14,103],[120,0],[65,-5],[24,-14],[107,3],[38,-80],[29,-33],[66,-26],[29,-26],[1,-74],[-17,-20],[15,-20],[41,-21],[73,10],[50,24],[44,48],[3,19],[41,44],[4,31],[86,85],[27,-5],[25,53],[40,-3],[22,-27],[18,0],[24,30]],[[33935,53525],[-32,-219],[-11,-92],[-55,-442]],[[33035,50647],[-65,2],[-392,1],[-280,-2],[-366,1]],[[33136,54617],[18,-11],[42,12],[107,5],[37,29],[56,-83],[41,-110],[43,75],[2,128],[11,49],[-32,64],[-17,52],[6,32]],[[34088,54993],[-29,-277],[-57,-527],[-27,-228],[-19,-258],[-21,-178]],[[31919,53397],[-1,498],[-169,2],[-1,170]],[[31215,27047],[-53,-534],[-30,-271],[-12,-72],[-48,-494],[-88,-922]],[[29772,28560],[668,-1]],[[13535,18481],[62,35],[21,4],[64,34],[56,-7],[62,14],[34,16],[72,-3],[107,29],[36,23],[73,18],[27,17],[29,43],[54,38],[47,9],[39,42],[66,18],[23,17],[64,-9],[40,9],[25,36],[33,28],[60,40],[47,-41],[32,-6]],[[14708,18885],[-11,-21],[-2,-61],[48,8],[29,-47],[-11,-35],[-4,-71],[-31,-28],[1,-30],[34,-64],[15,-1],[51,27],[32,-1],[15,-50],[-1,-54],[37,-51],[6,-73],[-27,-93],[-30,-37],[-55,-39],[-4,-29],[51,-27],[6,-23],[-25,-39],[-58,-10],[6,-53],[26,-44],[-11,-50],[9,-26],[51,-54],[-9,-23],[-61,-2],[-21,23],[-10,29],[-25,13],[-29,-41],[-9,-66],[40,-30],[71,-10],[31,-20],[39,-12],[9,-22],[-31,-69],[-12,-54],[-17,-30],[-9,-63],[66,-99],[84,42],[41,12],[32,-10],[0,-102],[24,-40],[43,-40],[6,-30],[-11,-21],[-1,-45],[44,-27],[20,-37],[44,-29],[7,-22],[-48,-62],[-9,-49],[28,-28],[11,-25],[-15,-22],[-24,-7],[-44,4],[-5,68],[-16,36],[-31,7],[-76,-5],[-29,-9],[-22,-28],[-13,-64],[1,-55],[-19,-81],[-39,-50],[12,-31],[47,0],[83,9],[46,-32],[14,-62],[2,-56],[36,-19]],[[15101,16423],[12,-22],[-15,-27],[-35,11],[-92,-57],[-29,8],[-58,-18],[-22,-26],[-18,31],[-27,9],[-34,-26],[1,37],[-13,19],[-24,0],[-37,-29],[-40,17],[-24,-33],[-47,-3],[-23,-14],[-48,-4],[-64,-16],[-47,8],[-67,55],[-61,65],[-22,41],[-41,39],[-63,1],[-30,71],[-107,-5],[-159,-38],[-311,-16],[-15,4]],[[13541,16505],[1,67],[-2,337]],[[13540,16909],[-1,159],[1,331],[-3,559],[-2,523]],[[14708,18885],[5,8]],[[14713,18893],[545,41],[681,51],[195,13]],[[16126,17006],[-8,-640],[2,-170],[162,0],[1,-345],[1,-713],[0,-488]],[[16284,14650],[-71,0]],[[16213,14650],[27,40],[-10,21],[-26,-5],[-19,-21],[-39,-12],[-20,26]],[[16126,14699],[14,56],[-25,19],[-48,-38],[-49,16],[-31,-1],[-9,35],[34,74],[-18,15],[-29,0],[-19,16],[-22,-4],[-20,-28],[-2,-42],[-43,-24],[-30,14],[24,24],[-6,24],[-39,21],[-15,23],[16,33],[103,49],[-5,35],[-22,-8],[-28,-29],[-40,4],[-43,-18],[-23,6],[-14,27],[5,76],[28,19],[20,-52],[31,-6],[10,34],[-39,40],[4,23],[34,-6],[30,32],[-14,37],[-41,-14],[-14,6],[-33,43],[-29,-5],[-10,-33],[-20,-27],[-37,-23],[-19,-24],[-37,-16],[-23,38],[-64,39],[-37,5],[-37,17],[1,19],[38,2],[21,38],[5,52],[-19,7],[-39,-10],[-11,-47],[-41,-7],[-7,17],[31,39],[9,28],[-8,25],[-24,17],[-8,58],[23,66],[-16,20],[-23,-5],[-2,-46],[-29,-4],[-47,29],[-37,10],[-24,34],[9,31],[20,12],[50,-52],[40,6],[33,91],[-13,37],[-14,4],[-59,-7],[-20,11],[-27,47],[-22,17],[-59,7],[-23,37],[-34,20],[-7,27],[4,48],[29,47],[8,45],[64,53],[-2,19],[-52,23],[-7,38],[12,15],[34,-8],[38,12],[43,82],[-28,-18],[-34,9],[-3,47],[-37,53],[7,35],[37,30],[-3,20],[-49,53],[-72,-11]],[[16126,14699],[-219,-2],[-18,3],[-388,-1],[0,-237],[1,-346],[-1,-104]],[[13548,14179],[-1,295],[-4,538],[2,247],[-2,50],[-1,251],[18,61],[-18,171]],[[13542,15792],[1,249],[-2,464]],[[8820,19285],[1,131],[5,213],[26,169],[155,172],[0,14]],[[9007,19984],[22,-40],[27,-20],[40,-15],[51,-5],[68,2],[47,-34],[10,-96],[85,-62],[14,-3],[226,8],[60,-5],[57,9],[52,20],[45,32],[31,44],[38,65],[51,19],[27,-13],[16,-53],[70,-41],[130,-1],[33,-14],[80,-6],[129,0],[39,-25],[48,-16],[43,-28],[47,-1],[34,-14],[21,33],[32,9],[57,60],[3,60],[21,22],[22,56],[27,30],[30,8],[19,62],[48,26],[6,12],[0,77],[84,2],[39,-21],[0,-70],[41,8],[37,20],[51,55],[5,40],[48,-9],[54,4],[10,20],[39,22],[14,-9],[121,23],[25,10],[15,32],[78,19],[42,38],[74,-3],[35,43],[25,8],[45,-6],[32,5],[53,44],[8,40],[66,-5]],[[11954,20456],[-52,-540],[71,3],[89,19],[22,-8]],[[12084,19930],[-25,-292],[-21,-72],[-59,-93]],[[11979,19473],[-10,-40],[0,-55],[8,-34],[64,-208],[52,-150],[15,-94],[-18,-50],[9,-15],[-2,-44],[-20,-31],[-41,-2],[20,-54],[41,-74],[-49,-34],[-9,-60],[17,-30],[-8,-39],[-17,-19],[-3,-26],[-41,-20],[-64,-19],[8,-22],[-7,-29],[-18,-3],[-46,-39]],[[11860,18282],[-264,2],[-1,-17],[-319,-2],[-163,0]],[[11113,18265],[-159,-3],[-331,0],[-121,-6],[-327,1],[-254,-3],[-360,1],[-593,1],[-153,2]],[[12355,21432],[48,-2],[-26,-47],[4,-82],[10,-63],[65,0],[34,21],[7,30],[51,23],[0,158],[6,4],[112,1],[-2,44],[231,1],[35,79],[-20,94],[-51,17],[-52,26]],[[12807,21736],[-392,227]],[[12415,21963],[27,55],[163,298],[37,56]],[[12642,22372],[611,-1],[425,2]],[[13678,22373],[3,-36],[-31,-41],[-33,-67],[-58,-1],[-45,-57],[-3,-21],[38,-51],[2,-44],[86,29],[11,-22],[-46,-5],[-9,-38],[50,-29],[46,45],[18,3],[61,-26],[22,36],[44,39],[2,-29],[-17,-14],[-39,-65],[-52,-74],[-30,6],[-38,-9],[-4,-15],[24,-26],[29,-47],[27,-64]],[[13736,21750],[15,-21],[2,-73],[53,15],[35,-42],[19,28],[20,8],[31,-15],[9,-52],[-18,-69],[13,-41],[37,-33],[5,-41],[41,-33],[-10,-84],[77,-32],[24,-37],[-3,-27],[-20,-2],[-10,44],[-18,-2],[9,-106],[-61,-25],[36,-27],[30,-3],[43,26],[26,-45],[38,14],[-3,37],[18,7],[68,-91],[32,-51],[17,-48],[-1,-34],[-30,-60],[-4,-44],[-1,-120],[18,-16],[43,-6],[46,-24],[35,-39],[94,-51],[38,-64],[32,-141]],[[14561,20330],[14,-54],[-2,-75],[39,-52],[5,-35],[-37,-31],[-1,-51],[-23,-21],[-127,-40],[-45,8],[-23,-8]],[[14361,19971],[-60,-12],[0,26],[-40,11],[19,37],[-30,21],[-4,89],[-27,24],[-11,23],[-59,10],[-30,-15],[-31,20],[-32,-3],[-52,35],[-32,-29],[-41,12],[-38,28],[-4,-46],[-16,-15],[-34,-3],[-9,27],[-28,-4],[-27,-53],[-44,7],[-21,13],[-33,-5],[-38,22],[-21,-31],[-25,36],[-71,69],[-52,23],[-45,-14],[-42,45],[-21,47],[-49,-28],[-22,25],[-25,4],[-11,52],[8,27],[-56,16],[-14,25],[-43,-2],[-9,21],[2,52],[-86,-17],[-40,8],[-16,-21],[-62,-13],[-20,-12],[-27,-34],[-34,-21],[-56,1],[-29,-10],[-9,17],[-44,-7],[-48,11],[-24,-16],[-38,-3],[-13,11],[-74,1],[-53,23],[-24,1],[-42,-20],[-42,4]],[[12362,20461],[-28,-7],[-37,14],[-32,-11],[-26,43],[-21,18],[-20,-15],[-32,4],[-24,-9],[-40,-42],[-10,-35]],[[12092,20421],[-38,161],[2,66],[30,122],[43,154],[226,508]],[[11954,20456],[71,-19],[16,8],[-21,103],[34,-30],[20,-65],[18,-32]],[[12362,20461],[-22,-20],[-19,-84],[-21,-36],[58,-2],[16,-30],[0,-50],[-133,0],[48,-62],[-9,-17],[15,-30],[2,-59],[40,-48],[-5,-36],[5,-36],[30,-28],[33,-73],[-5,-28],[-37,27],[-115,59],[0,40],[-49,43],[-39,-12],[-68,8],[-3,-57]],[[8993,22357],[606,1],[0,17],[159,2],[453,-2],[734,1]],[[10945,22376],[615,-5],[578,3],[500,-2]],[[12638,22372],[4,0]],[[12415,21963],[-21,-51],[-158,-479],[40,-3],[79,2]],[[9007,19984],[1,299],[3,204],[0,181]],[[9011,20668],[1,207],[-2,208],[7,285],[6,103],[7,57],[-9,226],[-14,266],[-3,100],[-11,237]],[[7290,32500],[58,-12],[40,1],[25,21],[45,-3],[17,20],[89,0],[-64,-185],[-61,-108],[-5,22],[-140,1],[1,170],[-5,73]],[[7111,33595],[4,345],[-2,337],[-4,166],[0,203],[147,-1]],[[7256,34645],[351,2],[-2,-29],[650,8],[12,-2],[499,7],[287,2],[98,-1]],[[9151,34632],[20,-1],[400,4],[3,-354],[10,-672],[2,-484],[2,-85],[0,-344],[-3,-99]],[[9585,32597],[-315,-332],[-85,-93],[-78,-80],[-6,-11],[-260,-255],[-246,-246],[3,-123],[0,-122],[52,37],[52,3],[41,-46],[5,-28],[27,-33],[15,-2],[65,17],[8,24],[36,38],[-3,35],[15,11],[33,-8],[6,-29],[24,-17],[46,-8],[44,35],[21,8],[30,-24],[41,19],[40,-4],[23,-36],[-52,-10],[-25,-25],[-65,-50],[-26,-34],[-21,-49],[-13,-75],[4,-41],[39,-92],[35,-50],[68,-40],[36,-15],[40,-40],[28,-44],[3,-59],[-10,-39],[-25,-38],[-62,-49],[-95,-31],[-79,6],[-40,25],[-74,83],[-35,4],[-28,-18],[-5,-40],[11,-60],[2,-43],[-19,-55],[-42,-66],[-10,-50],[30,-61],[54,-62],[43,-29],[58,-30],[54,-54],[39,-20],[50,-5],[70,6],[76,-10],[44,-14],[53,-29],[113,-75],[38,-38],[29,-48],[7,-37],[-4,-76],[-11,-59],[-23,-41],[-45,-31],[-33,-37],[-27,-11],[-53,-6],[-31,8],[-56,45],[-16,33],[-5,38],[5,38],[-7,89],[-15,32],[-21,16],[-49,18],[-34,-5],[-41,-34],[-7,-57],[8,-49],[-49,-79],[-57,-112]],[[8946,29546],[-841,2],[-597,0],[-416,-1],[-466,7],[-5,360],[7,197],[5,685],[1,134],[0,268],[2,410],[25,38],[12,-2],[38,38],[-3,24],[-22,22],[7,32],[17,21],[32,-3],[25,13],[4,27],[50,14],[42,57],[5,31],[-23,58],[13,30],[19,10],[26,37],[-3,39],[-35,45],[-2,28],[21,29],[19,44],[1,33],[14,11],[28,54],[-1,41],[28,46],[6,23],[30,17],[-5,74],[43,113],[-1,44],[19,41],[-7,28],[28,44],[-5,38],[32,4],[-8,400],[6,344]],[[16624,48499],[39,351]],[[16663,48850],[295,-1],[148,17],[45,21],[59,56],[40,29],[77,27],[573,88]],[[17900,49087],[187,28],[67,22],[58,44],[34,16],[150,24],[41,15],[131,73]],[[18568,47474],[-4,-340],[-275,3],[-254,-1],[-131,2],[-270,0],[-80,3],[-286,-2],[-179,3],[-356,2],[-83,-1]],[[16650,47143],[-44,171],[-4,28],[-4,648],[-15,125],[3,103],[19,106],[19,175]],[[29886,49344],[16,-6],[81,-129],[18,-21],[102,-42],[36,-10],[17,29],[56,2],[59,-6],[38,11],[-61,95],[-36,96],[-8,124],[65,0],[17,97],[28,-30],[39,5],[2,-33],[16,-34],[-26,-75],[-1,-23],[16,-46],[29,-43],[18,-10],[58,-97],[-17,-34],[5,-36],[32,39],[27,52],[23,-51],[71,-65],[59,-18],[20,-15],[43,-13],[-22,-30],[5,-74],[-23,-52],[-6,-42],[26,-65],[-4,-93],[7,-28],[-3,-132],[76,3],[228,-7]],[[31012,48537],[-11,-63]],[[31001,48474],[-9,-57]],[[30992,48417],[-100,-38],[-59,-39],[-155,-141],[-66,-30],[-64,2],[-684,149]],[[29864,48320],[-1,825]],[[29863,49145],[0,33],[24,0],[-1,166]],[[31671,50655],[-81,-8],[-118,-35],[-164,-100],[-65,-59],[-41,-94],[30,-547],[-59,-340],[-77,-403],[-6,-60],[-23,-146],[-43,-184],[-12,-142]],[[29886,49344],[-2,188],[2,118],[-2,94]],[[22619,44999],[51,6],[128,-75],[32,-38],[39,-24],[71,-13],[39,-28],[18,13],[63,13],[31,-27],[26,-74],[29,-23],[34,-13],[122,1],[63,12],[68,-12],[61,-4],[71,3],[322,4],[77,40],[26,-3],[20,-20],[40,-18],[40,-3],[48,-28],[28,-28]],[[24168,44266],[2,-287],[-5,-240],[4,-284],[-2,-437],[-500,-5],[-10,-546],[-7,-311]],[[23264,41960],[-3,16],[-40,23],[-44,47],[-14,-6],[-41,13],[1,33],[-13,42],[13,32],[0,51],[25,24],[-23,29],[-2,36],[42,21],[1,43],[10,32],[-37,108],[-57,393],[-9,41],[-193,256],[-11,43],[-23,55],[-3,28]],[[22843,43320],[3,64],[25,57],[-27,39],[-36,35],[5,73],[-10,70],[-27,80],[4,18],[-10,58],[-20,57],[-13,-3],[-14,-39],[-50,18],[-11,26],[-23,-4],[-45,16]],[[22594,43885],[6,29],[-18,38],[-15,58],[-8,136],[-37,76],[-13,62],[33,70],[4,23],[-10,46],[-2,65],[-14,35],[-30,25],[-12,60],[-33,45],[46,18],[51,33],[47,88],[25,197],[5,10]],[[20597,47117],[474,0],[220,-3],[358,0],[241,-3],[99,4],[424,-5],[303,-1],[152,-4],[222,0],[44,2]],[[23134,47107],[1,-423],[3,-6],[6,-593],[1011,2]],[[22619,44999],[11,25],[-152,56]],[[22478,45080],[-144,53],[-32,48],[-20,54],[-145,-1],[-14,-43],[-76,0],[1,-34],[21,-16],[15,-41],[7,-48],[41,18],[1,-67],[18,-93]],[[22151,44910],[-56,-19],[-144,-43],[-269,-113],[-247,-45],[-126,-15],[-162,-5],[-103,-54],[-206,-116],[-89,-56],[-59,-30],[-17,-29],[-53,-70]],[[20620,44315],[-1,905],[1,144],[-5,685],[-14,0],[-2,237],[-2,24],[1,164],[0,170],[-5,40],[4,433]],[[22843,43320],[-112,-17],[-77,-21],[-58,-10],[-156,62],[-136,-1],[-140,-30],[7,22],[0,83],[11,76],[184,27],[-9,23],[15,37],[-1,102],[5,21],[68,-1],[17,28],[2,105],[81,-65],[27,59],[21,23],[2,42]],[[22478,45080],[-15,-13],[-47,-15],[-108,-58],[-54,-23],[-103,-61]],[[20622,41960],[0,331],[-1,170],[1,314],[-1,206],[-1,685]],[[20620,43666],[0,649]],[[30144,56147],[69,-24],[24,-1]],[[30237,56122],[-2,-169],[-167,104],[-1,-193],[-201,3],[22,91],[-8,59],[-37,76],[-6,30]],[[27186,55920],[62,-25],[36,5],[26,34],[125,-61],[35,93],[48,-26],[-3,58],[45,0],[28,25],[39,6],[25,34],[32,-9],[26,-22],[44,11],[24,31],[0,26],[70,42],[162,44],[39,1],[54,-11],[84,-37],[62,-14],[353,-2],[229,16],[51,-1],[112,-14],[165,1],[356,-1]],[[29561,56079],[-61,-41],[-29,-27],[-90,-142],[6,-170],[53,-1],[30,-23],[1,-82],[-43,-74],[-1,-39],[43,4],[1,-38],[-12,-102],[9,-10],[0,-65]],[[27863,55144],[0,134],[-479,0],[-178,-2]],[[27206,55276],[-20,1],[0,343],[0,300]],[[27190,56877],[97,-1],[604,2],[66,-2],[625,3],[556,1],[138,1]],[[27186,55920],[4,957]],[[30237,56122],[29,0],[154,-175]],[[30018,56884],[328,1],[149,1]],[[30400,56292],[-271,1]],[[28180,44788],[-1,-303],[-1,-456]],[[28178,44029],[0,-678],[2,-343]],[[28180,43008],[-52,-3],[-305,-2],[-176,3],[-235,0],[-165,6],[-229,-1],[-84,2]],[[26934,43013],[-162,-1],[-81,4],[-330,2]],[[26361,43018],[-35,33],[-166,177],[-12,41],[-8,129],[-24,49],[-52,60],[-124,310],[6,60]],[[26361,43018],[-209,3],[-4,-680],[-74,-2],[-690,2],[-227,-2],[3,-173]],[[11574,31355],[13,5],[36,61],[52,74],[85,85],[10,-28],[56,37],[38,1],[60,-36]],[[11924,31554],[13,-14],[-6,-41],[34,-19],[7,-87],[-22,-25],[11,-39],[-16,-24],[5,-75],[13,-32],[-10,-58],[-14,-16],[-11,-42],[7,-62],[-14,-22],[50,-15],[11,-53],[-7,-37],[56,-21],[-3,-52],[21,-10],[16,-42],[29,-10],[0,-22],[69,-85],[-27,-63],[-40,-7],[-40,-23],[-18,-29],[0,-30],[-30,-14],[-6,-47],[15,-99],[-7,-52],[30,-55],[79,-38],[-5,-81],[4,-39],[29,-69],[5,-56],[46,30],[42,15],[23,38],[-1,30],[27,19],[7,38],[-22,47],[34,34],[33,54],[31,36],[5,77],[34,30],[51,33],[15,26],[-16,114],[476,2],[16,-88],[18,-44],[9,-42],[23,5],[16,-31],[66,-64],[-17,-23],[7,-35],[55,-56],[-18,-30],[20,-31],[-32,-31],[-33,-132],[-17,-41],[-23,-15],[-10,-30],[-63,-19],[6,-51],[21,-52],[-3,-71],[18,-36],[4,-33],[23,-41],[-11,-97],[-20,-44],[-6,-47],[-25,-32],[9,-14]],[[12970,29347],[-46,-41],[-22,-11],[3,-52],[-46,-56],[4,-55],[-28,-34],[-64,-18],[26,-30],[-7,-49],[-23,-2],[-72,-29],[15,-28],[-63,-58],[-41,-3],[-26,9],[5,27],[-16,21],[2,30],[-44,4],[-30,-27],[19,-30],[-12,-36],[-35,-35],[-29,27],[-31,-4],[-22,-18],[12,-46],[-13,-22],[-36,-15],[-6,18],[4,61],[-26,-1],[-19,-57],[-75,-16],[-3,-66],[-13,-20],[-56,-18],[24,-28],[-22,-21],[-51,-4],[-13,30],[-29,-28],[1,-36],[-45,-18],[-14,-39],[-27,20],[-28,-28],[-18,4],[23,43],[-34,21],[-9,-21],[-43,-9],[-8,39],[-21,31],[-45,0],[-15,28],[-39,-21],[-13,24],[-49,-3]],[[11681,28651],[69,28],[36,107],[-8,32],[-22,18],[-23,59],[15,44],[-44,44],[-21,47],[-24,25],[-21,3],[-52,30],[-19,38],[-42,39],[-9,36],[22,13],[36,68],[14,7],[-13,45],[-31,46],[3,33],[23,-3],[26,24],[21,62],[8,66],[-11,30],[4,39],[44,78],[12,37],[-21,72],[3,16],[42,42],[-39,49],[-18,46],[-29,21],[-67,101],[-35,-4],[-76,-36],[-17,14],[-54,-4],[-32,17],[-23,27],[-49,-1],[-44,9],[-14,38],[-36,10],[-30,-22],[-36,13],[-21,-6],[7,54],[-24,28],[14,28],[-40,6],[108,179],[39,54],[25,47],[5,69],[11,16],[62,145],[21,29],[37,99],[30,68],[78,139],[39,60],[41,90],[24,63],[19,33]],[[11924,31554],[27,9],[18,26],[55,22],[41,-5],[2,32],[31,2]],[[12098,31640],[34,-18],[31,1],[57,16],[63,-13],[24,3]],[[12307,31629],[44,13],[57,6],[83,-2],[65,26],[52,-7],[44,-14],[16,-16],[19,-47],[34,-40],[38,-16],[104,8],[128,-7],[157,-41],[47,-21],[177,-110],[44,-10],[69,-1],[61,-18],[49,-27],[70,-98],[126,-67],[46,-20],[100,-90],[66,-94],[55,-49],[34,-37],[61,-35],[79,-35],[191,-131],[52,-22],[20,-21],[17,-38],[58,-57],[50,-39],[118,-48],[49,-24],[72,-1],[37,-20],[13,-24],[57,-222],[25,-54]],[[14991,30079],[-23,-21],[16,-16],[-51,-49],[-15,0],[-36,44],[-22,-39],[-25,2],[3,28],[-58,16],[0,-36],[-63,8],[-7,-24],[-65,-5],[-15,31],[-57,-50],[11,-10],[-26,-117],[-27,-25],[-20,53],[-26,26],[-22,-24],[-34,21],[-25,-5],[-16,-46],[-52,-14],[-17,-24],[-17,4],[-81,-52],[-44,-13],[-23,13],[-25,-30],[17,-11],[-30,-34],[-36,-23],[-44,7],[4,-74],[-33,0],[-16,-23],[-88,28],[-34,-31],[-41,-20],[-33,13],[-28,-34],[-28,10],[-2,38],[-20,46],[-36,-14],[-38,-2],[-14,-15],[-36,-1],[-44,-35],[-9,-44],[-61,37],[-33,-11],[-25,23],[-21,-28],[-41,-12],[-7,-31],[-52,4],[-48,10],[-1,26],[-29,3],[-19,-37],[-4,-29],[-31,9],[2,-56],[-10,-43],[11,-14]],[[13171,29357],[-39,-43],[-16,25],[-48,-6],[-12,32],[-25,6],[-12,-20],[-23,14],[-26,-18]],[[24494,31333],[40,112],[27,124],[2,36],[-10,38],[39,22],[26,35],[44,-10],[31,9],[8,23],[40,53],[24,-6],[-4,54],[35,9],[29,36],[30,15],[21,45],[0,21],[51,35],[11,41],[-11,10],[20,75],[33,-16],[31,6],[18,29],[55,51],[54,-11],[33,32],[49,26],[10,24],[52,30],[19,3],[21,30],[26,4],[41,26],[37,-18],[4,17],[45,14],[34,23],[30,87],[38,-11],[38,30],[11,28],[39,9],[-14,26],[30,28],[26,49],[27,18]],[[25734,32644],[90,0],[1,-87],[334,1],[-1,87],[155,0]],[[26313,32645],[-3,-353],[3,-250],[2,-258],[-6,-283],[-1,-318]],[[26308,31183],[-86,-20],[-44,-25],[-7,25],[-34,56],[-15,55],[-13,20],[-41,26],[-39,-13],[-25,-24],[-48,-3],[-24,-10],[-76,-73],[-58,-4],[-20,-17],[-7,-27],[-51,-9],[-78,-30],[-43,-10],[-48,6],[-78,-6],[-85,-51],[-113,-15],[-82,-28],[-79,-3],[-71,3],[-61,-21],[-56,-45],[-76,-22],[-29,-20],[-115,-24],[-20,-12]],[[24686,30862],[22,54],[1,93],[-58,-40],[-25,-44],[-136,-1],[29,47],[24,27],[9,49],[44,86],[-2,36],[-20,50],[-83,4],[11,31],[1,62],[-9,17]],[[24669,30820],[0,26],[17,16]],[[26308,31183],[-3,-527],[0,-357]],[[26305,30299],[-37,23],[-50,9],[-52,-25],[-42,19],[-25,-26],[-148,2],[-2,-27],[-42,-17],[-75,0],[-133,-5],[-34,8],[-38,28],[-76,15],[-101,53],[-48,16],[-62,7],[-26,16],[-80,92],[-15,10],[-98,26],[-38,0],[-52,33],[-32,62],[-62,22],[-27,0],[-95,35],[-25,5]],[[24790,30680],[-57,13],[-44,18],[-32,32],[12,23],[0,54]],[[20740,30546],[104,61],[185,81],[55,20],[117,55],[61,42],[149,138],[51,29],[203,71],[30,6],[151,3],[45,13],[181,62],[154,33],[50,-11],[125,-69],[31,-13]],[[22432,31067],[-1,-216],[4,-139],[-2,-160],[3,-531],[-1,-75],[5,-833],[-1,-60],[3,-510]],[[22442,28543],[-48,0]],[[22394,28543],[-159,-2],[-249,0]],[[21986,28541],[-14,86],[8,60],[-20,65],[-2,32],[24,66],[-2,42],[10,27],[-48,33],[-48,15],[-55,3],[-32,10],[-4,25],[14,27],[-14,22],[5,42],[-8,40],[-33,58],[-8,33],[-81,6],[-46,25],[-33,-26],[-56,-22],[-10,19],[5,48],[-9,17],[14,27],[22,11],[42,64],[-49,14],[-38,-15],[-8,-14],[-40,-17],[-46,-34],[-47,-7],[-60,31],[17,33],[-12,103],[-18,81],[25,89],[-9,24],[-30,18],[-3,47],[-18,25],[16,33],[-6,60],[6,42],[20,32],[-32,12],[5,55],[45,34],[2,72],[-22,21],[-50,1],[-42,-7],[-39,-30],[-28,0],[-70,-40],[-57,-19],[-56,-1],[-24,7],[-136,-35],[-72,-5],[-41,-10],[-48,3],[-53,37],[-31,7],[-89,2],[-19,-7]],[[20450,30038],[-13,36]],[[20437,30074],[38,16],[35,-8],[71,24],[44,5],[56,74],[-21,12],[6,35],[39,2],[17,23],[21,2],[43,22],[18,68],[24,9],[-1,52],[-42,6],[-36,36],[-19,37],[10,57]],[[21986,28541],[-96,-1],[-750,2]],[[21140,28542],[-141,0]],[[20999,28542],[64,303],[-7,59],[-349,656],[-75,143],[-146,270],[-36,65]],[[23191,13579],[15,50],[10,86],[39,22],[52,-10],[28,20],[-23,65],[-23,17],[5,17],[-37,32],[-13,47],[2,27],[-25,9],[-45,36],[0,22],[41,19],[21,67],[24,21],[32,52]],[[23294,14178],[25,1]],[[23319,14179],[123,1]],[[23442,14180],[132,0],[180,8],[38,6],[74,23],[222,114]],[[24088,14331],[2,-563],[1,-120],[-1,-187],[2,-201],[-2,-221],[3,-54],[-2,-75],[2,-206]],[[24093,12704],[-30,-16],[-71,2],[-23,-13],[-40,-50],[-41,2],[-22,20],[-11,69],[-59,47],[-42,-9],[-13,18],[10,31],[-6,27],[-37,32],[-52,-15]],[[23656,12849],[-12,10],[-10,58],[-15,53],[-31,18],[-24,-25],[-16,5],[-18,46],[-39,6],[-55,23],[-12,18],[-5,43],[-14,29],[-32,-27],[-45,10],[-19,38],[-1,25],[-33,34],[6,51],[-9,18],[-56,-16],[-13,10],[13,38],[-6,32],[-38,22],[-17,22],[21,49],[9,85],[17,21],[-11,34]],[[22553,14169],[16,28],[18,6],[54,-18],[46,-53],[48,17],[66,-48]],[[22801,14101],[1,-4]],[[22802,14097],[2,-46],[22,-47]],[[22826,14004],[-37,-35],[19,-16],[-13,-24],[-58,-51],[10,-31]],[[22747,13847],[-78,-1],[-33,34]],[[22636,13880],[5,91]],[[22641,13971],[-36,67],[-33,40],[-26,6],[7,85]],[[26030,3274],[38,-17]],[[26121,3023],[-122,-3]],[[25999,3020],[-1,64]],[[25998,3084],[0,82],[-34,-1]],[[25964,3165],[0,78],[66,31]],[[16284,14650],[422,-2],[234,3],[436,-6],[210,0],[-3,337],[-6,90],[0,89],[324,-1],[150,-1]],[[18051,15159],[532,-2],[327,1],[300,0]],[[19210,15158],[-2,-342],[4,-256],[-1,-271]],[[19211,14289],[-1,-199],[2,-642],[2,-55]],[[19214,13393],[0,-6]],[[19214,13387],[-114,-43],[-417,-125],[-142,-59],[-42,-12],[-320,-46],[-183,-45]],[[17996,13057],[-22,26],[12,36],[-20,1],[15,56],[-6,28],[10,25],[-4,38],[21,18],[-23,22],[-62,-34],[-106,-11],[-3,35],[-52,61]],[[17756,13358],[-36,86],[-40,17],[-50,-25],[-19,-25],[-12,-36],[-37,-40],[-2,-18],[-44,-24],[-9,-15],[-40,-4],[-1,46],[-10,40],[-80,129],[4,-34],[-25,-9],[-54,21]],[[17301,13467],[-81,-10],[-23,-16],[-37,-8],[-49,-1],[-47,-30],[-12,-20],[-25,8],[-19,30],[2,54],[39,85],[30,84],[0,42],[-14,29],[-28,12],[-39,-10],[-28,14],[-12,19],[-7,48],[-47,99],[-34,18],[-26,-1],[-41,-27],[-65,-19],[-17,-27],[19,-44],[-18,-15],[-26,19],[-77,83],[-20,8],[-27,93],[-11,4],[-46,-35],[-30,-38],[-22,-2],[-43,52],[-48,38],[-21,31],[17,44],[-7,17],[-80,40],[-7,41],[-15,33],[3,55],[19,24],[31,-12],[31,13],[9,23],[-27,42],[-38,37],[-14,48],[-25,0],[-41,-28],[-17,20],[10,24],[53,43],[37,18],[6,39],[-33,17],[-24,-17],[-26,8],[-12,49],[12,38]],[[17355,12865],[23,43],[-21,67],[2,29],[48,12],[13,70],[-9,17]],[[17411,13103],[13,12],[23,-40],[32,1],[31,17],[62,-24],[27,3],[37,72],[50,69],[-1,21],[19,71],[40,50],[12,3]],[[17996,13057],[-41,-20],[-41,-37],[-85,-29],[-71,-34],[7,-31],[-23,-22],[-30,-4],[-20,-33],[-24,-2],[-15,-37],[6,-29],[-11,-22],[-41,-29],[-13,18],[-32,-11],[-22,9],[-52,-41],[-28,-60],[3,-10]],[[17463,12633],[-14,-50],[12,-55],[-23,-33],[-32,16],[-7,15],[3,45],[-9,56],[22,41],[-19,54],[2,30],[-28,30],[-62,-1],[-14,33],[43,26],[18,25]],[[15583,12199],[41,15],[570,192],[672,225],[194,67],[48,27],[119,113],[46,29],[48,9],[34,-11]],[[17463,12633],[17,7],[54,-17],[51,-8],[17,-25],[1,-42],[-30,-40],[-17,-4],[-40,31],[-25,-3],[-10,-26],[11,-21],[38,-27],[4,-23],[-43,-28],[-25,-5],[-21,11],[-9,25],[-26,9],[-17,-22],[19,-76],[27,-20],[86,10],[18,-21],[-10,-35],[-39,-18],[1,-48],[38,-30],[-13,-65],[13,-49],[49,-58],[25,-6],[54,6],[19,-33],[-22,-39],[-49,-2],[-16,-24],[-2,-57],[14,-43],[42,-17],[35,-34],[46,-8],[19,-20],[1,-45],[-10,-21],[23,-36],[44,-19],[24,-34],[14,-41],[3,-51],[11,-41],[-8,-48],[14,-40],[35,-24],[11,-24],[-1,-42],[16,-45],[-3,-25],[-23,-57],[98,-71],[18,7],[17,32],[30,3],[27,-58],[-7,-24],[-39,-25],[-46,-14],[9,-38],[46,-8],[27,18],[14,24],[28,-7],[-8,-39],[-60,-28],[-32,-31],[-3,-44],[61,-56],[-14,-25],[-25,1],[-34,23],[-22,-7],[-19,-39],[-34,-14],[0,-33],[13,-13],[85,-30],[39,-50],[-2,-34],[-36,-42],[6,-48],[46,-66],[27,0],[25,30],[12,71],[21,17],[34,-8],[36,-58],[-3,-50],[11,-15],[33,-8],[34,26],[29,-10],[9,-29],[9,-76],[-8,-28],[-41,-14],[-56,42],[-42,-9],[-7,-29],[11,-43],[55,-19],[10,-13],[-1,-48],[-14,-40]],[[18265,10098],[-800,2]],[[19214,13387],[-2,-74],[0,-274],[2,-215],[-3,-5],[3,-257],[-2,-488],[2,-268],[0,-376],[-1,-195],[1,-387],[-2,-743]],[[19212,10105],[-311,0],[-401,-2]],[[18500,10103],[-34,29],[-54,-25],[-25,11],[-51,-16],[-19,-24],[-32,-9],[-20,29]],[[17411,13103],[-12,14],[-31,-35],[-79,-20],[-63,-55],[-24,-4],[-18,31],[-9,36],[-46,86],[2,38],[35,19],[19,27],[19,49],[31,41],[39,33],[18,25],[13,46],[-4,33]],[[15009,25112],[250,0],[41,2],[244,1]],[[15544,25115],[0,-68]],[[15544,25047],[-74,-18],[-282,-57]],[[15188,24972],[-234,-47]],[[14954,24925],[27,102],[21,0],[7,85]],[[15884,25255],[32,-17]],[[15916,25238],[-6,-49],[27,-46]],[[15937,25143],[-79,-71]],[[15858,25072],[-27,21],[-43,17],[-67,5]],[[22427,32704],[-2,-662],[8,-84],[0,-215],[9,-7],[-9,-162],[-1,-268]],[[22432,31306],[0,-239]],[[20740,30546],[4,27],[-12,21],[-55,-7],[-21,49],[2,24],[-33,59],[-3,22],[25,66],[-26,69],[9,79],[11,32],[-6,47],[-169,-152],[-22,84],[-29,40],[-7,35],[19,42],[-14,84],[4,45],[-19,24],[-47,-13],[-26,30],[-28,-4]],[[20297,31249],[40,473],[32,269],[-6,78],[-137,625]],[[18479,29220],[2,409],[0,330]],[[18481,29959],[236,98],[51,13],[72,5],[532,-40],[132,-12],[74,8],[27,10],[245,109]],[[19850,30150],[13,-35],[38,12],[12,-33],[-18,-44],[12,-29],[42,-10],[24,-19],[-1,-18],[27,-23],[29,-8],[32,14],[59,-4],[40,12],[5,19],[42,-19],[40,3],[5,19],[57,53],[-8,30],[51,48],[46,-5],[-7,-49],[20,-7],[27,17]],[[20999,28542],[-284,1],[-181,-1],[-57,2],[-292,-2],[-695,-1],[-1009,11],[-2,668]],[[12924,25296],[-4,-325],[0,-155],[25,-70],[52,-43],[5,-20]],[[13002,24683],[-1,-85]],[[13001,24598],[-9,-88]],[[12992,24510],[-154,2],[-1,107],[-83,0],[1,132],[-114,49],[7,28],[-13,76]],[[12635,24904],[-5,62],[7,43],[58,154],[15,19],[12,45],[18,25],[8,73],[9,26],[57,-28],[110,-27]],[[12924,25296],[70,-4]],[[12994,25292],[126,1],[52,12]],[[13172,25305],[-4,-59],[-36,-66],[-4,-133],[27,-81],[50,-83]],[[13205,24883],[-14,-17]],[[13191,24866],[-42,-56],[-88,-93],[-59,-34]],[[11559,45051],[7,-173],[0,-128]],[[11566,44750],[-5,-976],[-3,-168],[0,-267],[2,-107],[-4,-55],[-3,-168]],[[11553,43009],[1,-179],[-6,-427]],[[11548,42403],[-180,3],[-19,-9],[-45,-54],[-58,-41],[-143,-83],[-40,19],[-25,-19],[-26,3],[-16,21],[-174,4],[-153,2],[27,77],[-162,124],[-154,26],[-165,25],[-367,45],[-283,48]],[[30136,54074],[2,-71],[-25,-162],[20,-104],[3,-50],[-2,-85],[0,-285],[9,-50],[39,18],[17,22],[20,-13],[57,7],[50,30],[10,-53],[-11,-12],[16,-38],[-4,-24],[14,-35],[-3,-67],[46,-68],[6,-54],[-18,-36],[-20,-9],[-3,-25],[25,-42],[90,4],[26,7],[86,68],[20,11],[80,24],[35,16],[78,49],[24,7],[88,-5],[27,7],[146,84],[68,58],[63,-6],[21,7],[14,-31],[41,-9],[5,-32],[25,-14],[37,34],[33,-5],[-5,-41],[15,-36],[-6,-19],[5,-46],[54,-28],[75,-12],[35,-24],[50,-9],[42,36],[45,6],[35,-9],[60,-57],[30,-6],[58,18],[37,1]],[[30118,52508],[-11,39],[-44,76],[-22,18],[-24,94]],[[30017,52735],[7,40],[-8,22],[-33,4],[-45,27],[-29,38],[-17,8]],[[29892,52874],[9,65],[32,56],[-28,20],[16,35],[32,41],[-1,86],[-112,3],[-43,5],[25,58],[-47,-7],[-64,4]],[[29711,53240],[-1,152],[2,340],[-21,37],[22,57],[4,45],[2,205]],[[28031,52206],[170,0],[-4,435]],[[28197,52641],[46,21],[32,24],[21,-10],[46,-2],[46,-66],[50,-1],[40,-14],[33,-30],[25,21],[1,41],[16,7],[107,1],[10,32],[5,66],[24,-13],[172,-1],[57,11],[29,-9],[131,-2],[19,-9],[-4,51],[-13,24],[-5,56],[8,19],[-8,113],[109,0],[40,35],[14,2],[27,45],[2,75],[26,17],[64,-30]],[[29367,53115],[-88,-181],[-19,-64],[3,-53],[18,-87],[48,1],[62,62],[37,19],[59,21],[-7,-39],[0,-71],[-14,-37],[-6,-77],[-9,-32],[164,210],[29,0],[24,14],[32,-1],[15,-73],[29,-65],[52,21],[19,32],[67,0],[40,18],[33,-3],[14,11],[48,-6]],[[28022,51180],[2,351],[7,675]],[[29892,52874],[-34,11],[-207,1],[0,63],[10,67],[16,40],[-49,0],[-1,28]],[[29627,53084],[-1,56],[-31,3],[0,83],[60,14],[56,0]],[[29627,53084],[-27,-3],[-7,-26],[-118,0],[-58,28],[-50,32]],[[28197,52641],[2,230],[-8,258],[2,212],[-1,61]],[[28192,53402],[-2,83],[5,87],[-5,258],[2,59],[2,195]],[[14664,56870],[301,1]],[[14965,56871],[3,-460],[-1,-88]],[[14967,56323],[0,-171]],[[14967,56152],[-456,-2],[-226,2],[21,46],[28,26],[117,83],[43,44],[29,71],[3,44],[0,157],[15,68],[17,31],[106,148]],[[15306,56751],[54,-15],[29,-34],[19,4],[47,-46],[31,-8],[61,-35],[-8,-16],[44,-31],[6,22]],[[15589,56592],[22,-57],[121,-13]],[[15732,56522],[-1,-27]],[[15731,56495],[-169,0]],[[15562,56495],[-122,0]],[[15440,56495],[-133,0]],[[15307,56495],[-1,256]],[[15440,56495],[0,-72],[26,-56],[10,-42]],[[15476,56325],[-169,0]],[[15307,56325],[0,170]],[[16836,56149],[1,56]],[[16837,56205],[78,-13],[36,14],[69,-4],[60,22],[56,12],[21,38],[40,24],[35,-3],[46,9],[14,15],[176,1],[48,-52],[1,30]],[[17517,56298],[110,-83],[61,-40],[171,-98]],[[17859,56077],[0,-97],[-238,0],[-29,-4],[-75,8],[-59,-6],[-164,-1],[-28,-14],[-56,14],[-253,2]],[[16957,55979],[-35,58],[-1,26],[-23,2],[-44,21],[-18,21],[0,42]],[[14967,56152],[5,-237],[-13,-50],[-66,-113],[-12,-45],[2,-120],[-14,-24],[-30,-18],[-213,-68]],[[14626,55477],[-66,-13],[-31,-12],[-32,-32],[-20,-66],[-9,-59],[-519,2]],[[12965,55300],[-33,23],[-67,17],[-26,82],[35,16],[61,48],[162,76],[63,17],[71,9],[78,31],[105,65],[72,63],[24,32],[45,89],[18,116],[0,83],[-24,225],[-13,30],[-30,27],[-166,69],[-49,32],[-126,101],[-65,62],[-44,34],[-41,47],[-56,95],[-25,61],[-5,32],[170,-2],[508,0],[679,-7],[378,-3]],[[15306,56872],[171,2],[172,-2]],[[15649,56872],[69,-99]],[[15718,56773],[21,-42],[-1,-27]],[[15738,56704],[-127,-33],[-39,-14],[17,-65]],[[15306,56751],[0,121]],[[15718,56773],[93,3],[0,98]],[[15811,56874],[54,0]],[[15865,56874],[8,-207]],[[15873,56667],[23,-174]],[[15896,56493],[-165,2]],[[15732,56522],[6,182]],[[14247,26053],[54,-9],[-10,-38],[78,0]],[[14369,26006],[0,-48],[63,0]],[[14432,25958],[-25,-87]],[[14407,25871],[-16,4],[-20,-24],[-54,-30],[-7,59],[-49,14],[-55,-2]],[[14206,25892],[20,99],[21,62]],[[21133,37531],[59,-19],[96,6],[29,-9],[89,-50],[107,-34],[32,-40],[39,27],[48,-3],[10,38],[52,14],[28,91],[27,41],[25,23],[44,5],[0,-23],[-18,-21],[5,-41],[100,0],[27,-20],[44,22],[76,-6],[26,-18],[38,22],[44,56],[86,86],[51,24],[30,-6],[72,0],[51,-45],[19,-9],[44,24],[54,5],[72,-44],[45,18],[27,-46],[48,-27],[22,-5],[30,-29],[31,-9],[45,8],[22,-4],[86,13],[52,35],[25,30],[27,8],[68,64],[24,5],[2,31],[38,38],[35,7],[32,21],[35,2],[71,120],[34,21],[53,73],[44,-30],[24,-26],[42,-75],[19,-1],[209,222],[23,-12],[24,6],[52,29],[73,-36],[41,19],[28,-1],[40,19],[13,30],[61,-1],[8,15],[48,28],[75,28],[39,-1],[53,28],[16,32],[32,36],[33,-21],[36,8],[35,-12],[30,-32],[54,-18]],[[24643,38235],[-1,-336],[1,-125],[0,-554],[1,-365]],[[24644,36855],[-198,-1],[-4,-420],[6,-56],[-2,-554],[-192,-4]],[[24254,35820],[-23,0],[-789,-2],[-5,-1032],[-293,1],[-705,-7]],[[23644,36955],[63,14],[33,-7],[38,-24],[47,30],[33,57],[0,40],[101,-1],[-25,42],[46,22],[42,56],[46,25],[34,38],[5,26],[-13,62],[9,38],[27,34],[26,63],[35,18],[30,-12],[53,-7],[-51,38],[-33,7],[-45,-13],[-68,-52],[-37,-23],[-53,-17],[-37,-21],[-69,-73],[-63,-38],[-11,118],[-38,6],[15,-83],[4,-57],[-30,-15],[-51,-39],[-47,4],[15,-46],[-1,-51],[51,26],[23,-1],[-43,-108],[-61,-76]],[[24642,39750],[1,-297],[-3,-409],[0,-374]],[[24640,38670],[2,-167],[1,-268]],[[11591,15251],[-23,-91],[-67,-315],[-48,-216],[-7,-43],[-1,-77],[4,-29],[75,-310]],[[10829,14169],[1,171],[-78,11],[-43,32],[-47,54],[-91,36],[-53,2],[-15,8],[1,53],[12,23],[-1,30],[35,80],[-4,19],[-1,118],[-11,31],[9,34],[-7,103],[-32,-3],[-73,51],[-140,1],[-19,-4],[70,233],[5,30],[41,131],[21,32],[-2,103],[7,31],[150,-1],[45,-4],[0,38],[41,19],[71,43],[105,41],[13,12],[49,98],[23,-38],[1,-38],[35,-26],[49,-59],[55,2],[239,0],[-7,-312],[74,-29],[50,-6],[17,-12],[10,-36],[35,11],[28,23],[50,-18],[44,-36]],[[11286,16685],[5,60],[10,41],[47,109]],[[11348,16895],[77,17],[5,-8],[180,4],[38,-13],[-3,-14]],[[11645,16881],[-44,-144],[-24,-98],[-40,-125]],[[11537,16514],[-9,-33]],[[11528,16481],[-143,6],[-55,-15],[-46,-41],[2,254]],[[11645,16881],[25,20],[79,-22],[9,-15],[45,5],[40,17]],[[11843,16886],[15,-167],[-25,-81],[-72,-30],[-50,-37],[-29,-29],[-43,-10],[-25,5],[-42,-17],[-35,-6]],[[11843,16886],[-10,133]],[[11833,17019],[29,38],[104,-3],[73,15],[60,-56],[25,-9],[33,7],[80,-20],[102,-17],[80,-24],[21,23],[50,35],[17,29],[33,20],[71,-45],[58,2],[28,19],[49,-1],[50,-39],[25,-31],[30,-14],[41,-38],[39,-3],[17,-14],[35,7],[28,-13],[64,5],[40,17],[16,24],[76,-12],[25,10],[49,-18],[125,12],[9,19],[46,13],[28,-9],[31,-33],[20,-6]],[[13542,15792],[-61,-7],[-46,2],[-45,-22],[-61,4],[-48,-8],[-50,13],[-23,-3],[-41,-26],[-28,2],[-56,17],[-75,39],[-29,-2],[0,-73],[-6,-14],[-54,-42],[-128,0],[-18,-84],[-32,-32],[-31,66],[-56,46],[-92,57],[-14,-13],[-51,-12],[-34,14],[-63,-8],[-30,-14],[-40,-4],[-46,13],[-29,25],[-33,-12],[-67,21],[-33,26],[-48,-24],[-72,56],[-77,0],[-8,29],[-27,3],[-44,27],[-53,9],[-40,45],[-34,19],[-34,1],[-40,-55],[-47,-17],[-10,-33]],[[11588,15821],[-84,406],[-9,66],[0,44],[13,73],[20,71]],[[21411,2230],[35,-54],[162,-121],[26,-11],[129,-22],[42,-21],[53,-53]],[[21858,1948],[-183,-76]],[[21675,1872],[-25,-6],[-95,-3]],[[21555,1863],[-360,14]],[[21195,1877],[2,38],[14,35],[35,29],[28,1],[32,30],[15,29],[3,61],[-31,45],[2,38],[15,4],[12,36],[30,-11],[35,23],[24,-5]],[[21382,4006],[-10,-51],[48,8],[29,33],[29,19],[20,35],[38,44],[68,88],[30,15],[131,-23],[29,-17],[44,-14],[15,5],[56,49],[95,0],[88,36],[52,6],[66,-4]],[[22214,3364],[-1,-76]],[[22213,3288],[-29,-13]],[[22184,3275],[-120,61],[-36,4],[-106,-32],[-111,-101],[-37,-9],[-228,-96],[-98,7],[-88,21],[-36,19],[-91,37],[-46,63],[-44,46],[-44,18],[-64,8],[-70,45],[-57,44],[-27,74],[-15,62],[45,15],[94,54],[-220,237],[-25,44],[-20,84]],[[20740,3980],[26,0],[-1,-24],[46,-4],[38,38],[14,31],[92,-48],[39,73],[52,10],[39,-12],[38,27],[107,2],[7,-64],[145,-3]],[[22213,3288],[1,-121]],[[22214,3167],[-28,-3],[-19,-37],[-67,-48]],[[22100,3079],[-26,-10],[-43,6],[-11,-21],[-44,-4],[-33,-29],[-19,-31],[-24,-7],[-25,-30],[-24,-14],[-17,-48],[-2,-35],[30,-52],[0,-44]],[[21862,2760],[9,-31],[-231,-88]],[[21640,2641],[-24,12],[-17,28],[-4,74],[15,33],[42,33],[19,-22],[23,-3],[27,24],[-8,26],[-24,-8],[-10,18],[13,43],[40,3],[10,78],[10,33],[19,17],[30,-2],[27,12],[8,27],[40,47],[22,6],[-4,33],[11,60],[41,30],[8,-28],[33,-25],[53,7],[45,-15],[27,18],[16,32],[56,43]],[[22100,3079],[15,-34],[-27,-52],[-70,-71],[-20,-33],[-18,-50],[-40,-73],[-27,-9],[-51,3]],[[22214,3167],[4,-309],[0,-124]],[[22218,2734],[-52,-26],[-25,2],[-42,-20],[-34,-32],[-13,-39],[-60,-78],[-8,-43],[-56,-10],[-18,-38],[-26,-1],[-38,15],[-29,-15],[-14,25],[-44,9],[2,28],[-19,26],[-22,1],[-36,29],[-14,25]],[[21670,2592],[0,19],[-35,25]],[[21635,2636],[5,5]],[[20133,4417],[130,-1],[3,80],[5,750],[0,234],[-3,235]],[[20268,5715],[-2,242],[135,0]],[[20401,5957],[289,0],[47,-3],[644,-4]],[[21381,5950],[35,-53],[53,-32],[32,-31],[15,-26],[12,-50],[5,-78],[18,-58],[23,-34],[9,-37],[-14,-67],[-44,-60],[-9,-20],[5,-31],[63,-188],[3,-36],[-34,-85],[-15,-108],[12,-84],[-2,-36],[-19,-28],[-56,-52],[-52,-76],[-65,-138],[-9,-95],[-26,-224],[1,-67],[21,-54],[23,-29],[16,-41],[0,-26]],[[20740,3980],[-4,26],[-4,131],[-81,-31],[-77,-4],[-72,-39],[-78,0],[-1,88],[-140,0],[-25,-11],[-87,13],[-20,10],[-7,27],[-22,27],[-16,42],[9,34],[-17,35],[-10,42],[45,47]],[[21381,5950],[509,-2],[323,1]],[[22213,5949],[0,-264],[1,-6],[-1,-357]],[[30151,45095],[127,133],[125,125],[24,13],[51,4],[51,-9],[-26,-61],[14,-19],[35,25],[67,112],[70,79],[32,25],[62,25]],[[30783,45547],[20,-32],[-5,-26],[53,-84],[31,-17],[28,-38],[3,-27],[-29,-1],[-1,-164],[-42,-10],[0,-40]],[[30841,45108],[2,-61],[25,-35],[-9,-22],[5,-39]],[[30864,44951],[-54,46],[-18,31],[-49,33],[-220,-12],[-1,12],[-52,-2],[-67,-44],[-56,82],[-39,-2],[-39,16],[-118,-16]],[[29977,43237],[15,-27],[-62,-16]],[[29930,43194],[-19,-6],[2,-27],[-42,12],[-84,2],[-311,-1]],[[29476,43174],[-42,1],[0,34],[-15,4],[-25,48],[-24,21],[6,64],[217,1],[-79,81],[-60,71],[-68,46],[-12,33],[-4,78],[15,26],[42,-17],[16,6],[29,-27],[20,31],[50,-20],[21,-23],[28,-7],[32,7],[15,-17],[6,-37],[-16,-19],[-30,-2],[7,-45],[27,-6],[-28,-30],[23,-10],[41,18],[28,-70],[39,28],[19,-27],[-2,-34],[34,8],[15,-17],[-3,-47],[21,-10],[15,-37],[24,3],[14,29],[21,-20],[23,1],[11,-37],[50,-17]],[[28178,44029],[97,-2],[107,-28],[48,-24],[3,145],[-3,88],[3,124],[-1,184],[22,-23],[37,-94],[18,-7],[14,-39],[71,-51],[27,-4],[20,-24],[47,-12],[36,-52],[50,-25],[16,-29],[30,-18],[37,-44],[5,-26],[26,-2],[25,-21],[38,-59],[70,0],[48,-55],[5,-35],[21,-38],[37,0],[24,-10],[58,-63],[21,10],[4,72],[14,39],[21,27],[-7,22],[34,30],[4,44],[183,1],[27,2],[19,20],[35,2],[34,-24],[103,0],[-1,178],[7,43],[112,79],[173,132]],[[29997,44462],[-23,-37],[-3,-49],[15,-39],[-3,-26],[41,-44],[5,-20],[-16,-46],[-36,26],[-20,-20],[-30,2],[-33,-61],[-1,-33],[-32,9],[-12,-55],[-29,-23],[-5,-22],[19,-84],[49,-48],[38,-58],[4,-42],[29,-69],[41,-25],[15,14],[37,-51],[11,-68],[-45,-36],[-24,-50],[14,-16],[37,2],[54,-26],[0,-34],[-28,-91],[-24,19],[-26,-37],[-18,11],[-52,-53],[31,-45]],[[29476,43174],[-5,-23],[37,-18],[27,-26],[6,-45],[33,-31],[41,5],[39,-4],[39,-35],[14,-27],[42,-44],[32,-58],[66,-76],[7,-18],[40,-31],[115,4],[3,20],[54,11],[19,32],[17,-19],[18,44],[-7,89],[61,-47],[56,2],[-45,68],[-48,143]],[[30137,43090],[79,14],[77,-20],[40,-19],[111,-74],[111,-28],[67,-48]],[[30622,42915],[56,-150],[11,-45],[21,-186],[19,-66],[32,-47],[-9,-23],[41,-105],[-28,-34],[-59,-22],[109,-131],[-13,-91],[12,-19],[-31,-55],[-41,-125],[-29,-127],[20,-131],[-2,-19],[-34,-75],[-4,-27],[13,-161]],[[30706,41276],[-42,-8],[-19,17],[7,20],[-37,19],[-16,-1],[13,-46],[-33,-3],[-70,38],[-55,-9],[-23,-16],[-31,9],[2,-28],[-19,-20],[-55,38],[-8,-31],[-42,-29],[-25,-7],[-43,-35],[-15,-21],[11,-23],[-48,-19]],[[30158,41121],[0,50],[8,73],[41,17],[30,29],[37,18],[-5,33],[12,59],[14,14],[34,-8],[31,-39],[18,24],[-6,47],[-33,6],[-12,27],[-35,-2],[-325,0],[-303,4],[-74,-2],[-247,0],[-170,4],[-319,-2]],[[28854,41473],[-671,0],[2,257],[-2,645],[0,421],[-2,38],[-1,174]],[[30097,44998],[29,66],[25,31]],[[30864,44951],[20,-14],[-36,-19],[-25,2],[-32,-32],[-69,-13],[-43,-23],[27,-33],[-58,-7],[-23,-35],[-40,-43]],[[30585,44734],[-56,0],[-22,-11],[-57,6],[-60,-22],[-65,2]],[[30325,44709],[14,161],[-1,85],[-241,43]],[[29930,43194],[131,-49],[66,1],[10,-56]],[[15238,26470],[-392,0]],[[14846,26470],[1,24],[22,49],[0,97]],[[20461,462],[229,-24],[131,-18],[96,-25],[106,-23],[53,5],[48,41],[92,91],[63,42],[-12,81],[-4,79],[32,60],[60,88],[49,62],[99,101],[15,77],[32,76]],[[21550,1175],[55,68],[56,50],[53,28]],[[21714,1321],[73,31],[104,51],[227,172],[140,95]],[[22258,1670],[31,24],[65,63],[104,116],[70,84],[17,26]],[[22545,1983],[0,-690],[7,-847]],[[22552,446],[-662,7],[-400,-10],[-47,-8],[-113,-58],[-74,-19],[-102,-42],[-49,-13],[-366,-58],[-156,-2],[-34,14],[-21,33],[-67,172]],[[24576,2712],[76,-4]],[[24652,2708],[0,-41],[-135,-53],[2,-179]],[[24519,2435],[-156,-58]],[[24363,2377],[-72,140]],[[24291,2517],[-24,45]],[[23696,2193],[-1,-122],[668,306]],[[24519,2435],[50,19],[64,-9],[97,65],[285,110],[90,17],[379,103],[0,5]],[[25484,2745],[83,6],[48,11],[100,10],[69,15],[113,4],[99,17],[65,2],[66,-4]],[[26528,2776],[44,-31],[43,-20],[79,-27],[157,-88],[50,-31],[20,-27],[37,-6],[80,-38],[27,-41],[32,0],[106,-51],[122,-20],[84,150]],[[27409,2546],[48,-80],[0,-1172],[1,-589]],[[27458,705],[-52,28],[-104,74],[-47,44],[-49,57],[-148,-173],[-51,-53],[-79,-68],[-98,-69],[-84,-56],[-130,-68],[-168,-68],[109,-353],[-312,47],[-21,5],[-273,44],[-1012,153],[-374,55],[-331,217],[-506,326],[-637,-312],[-20,-11],[-85,-30],[-129,-23],[-135,-19],[-170,-6]],[[23973,1009],[367,-96],[77,-106],[127,-61],[63,-5],[34,26],[85,6],[111,126],[93,350],[-82,110],[-100,-81],[-57,-108],[-96,-32],[-47,-4],[-566,-19],[-9,-106]],[[25616,779],[183,-29],[193,23],[271,94],[67,56],[23,36],[148,42],[129,71],[135,95],[8,68],[-83,60],[-66,-54],[-76,-10],[-64,-119],[-184,-76],[-170,-64],[-257,-52],[-234,-18],[-80,-76],[57,-47]],[[28360,25879],[0,49],[30,0],[0,33],[-62,89],[-1,16]],[[26499,3035],[95,2]],[[26594,3037],[98,8],[69,23],[1,-111],[73,0],[30,9],[109,143]],[[26974,3109],[103,-116],[48,-67],[44,-72],[17,-17]],[[27186,2837],[96,-80]],[[27282,2757],[127,-211]],[[18565,51711],[328,-1],[180,2]],[[19073,51712],[425,8],[569,4],[491,-9]],[[20558,51715],[132,-3],[225,-2],[16,-30],[-16,-31],[29,-26],[54,-16],[32,-58],[40,-22]],[[21070,51527],[-1,-279],[-88,-431],[-71,-256],[-36,-120],[-10,-101],[14,-89],[10,-24]],[[20888,50227],[-26,17],[3,18],[-14,53],[-1,90],[-54,30],[-8,29],[-70,39],[-37,63],[-46,-13],[-15,16],[-30,5],[-44,50],[-36,49],[-45,-11],[-48,-57],[0,-43],[-26,-8],[-74,21],[-19,-9],[-42,7],[-3,-27],[-37,2],[-72,-67],[-26,-4],[23,-80],[23,-45],[10,-53],[2,-54],[-14,-36],[-60,-28],[-77,-3]],[[20025,50178],[-36,36],[-17,55],[-124,91],[-55,-20],[1,-18],[-40,-56],[6,-31],[-8,-27],[-31,-6],[-26,-33],[-1,-80],[74,-54],[-79,5],[-45,-20],[9,-21],[-4,-67],[-12,-12],[-33,-93],[-52,-8],[-41,-23],[-16,-71],[11,-33],[-19,-21],[-29,-106],[-25,-32],[36,-16],[49,-43],[28,-55]],[[19546,49419],[-381,-39]],[[18568,49309],[-4,394],[2,131],[-5,107],[-4,228],[9,191],[7,303],[2,414],[-1,149],[-9,485]],[[15850,52726],[157,-1],[166,6],[-33,154],[7,-1],[164,-195]],[[16311,52689],[60,-272]],[[16371,52417],[-47,-30],[-132,-26],[0,28],[-166,-6],[-50,-8],[-47,-21],[-77,1],[-1,185],[6,82],[-6,31],[-1,73]],[[17526,54272],[687,-5],[79,-2],[181,-1],[72,2]],[[18545,54266],[2,-262],[-2,-182],[4,-249]],[[18549,53573],[7,-324],[510,3],[0,-89],[0,-604],[2,-162],[1,-303],[4,-382]],[[18565,51711],[-605,-5],[-233,1],[-10,-2]],[[17717,51705],[-1,172],[-103,0],[32,61],[12,54],[31,-18],[24,43],[2,122],[-3,80],[-55,13],[35,22],[5,63],[-91,124],[96,30],[6,101],[3,160]],[[17710,52732],[0,170],[-339,-1],[-7,172],[-10,0],[1,97],[-11,18],[3,54],[20,1],[-4,171],[-6,155],[0,185],[84,3],[0,171],[86,1],[2,256],[-3,87]],[[12876,48323],[61,-1],[391,-46]],[[13328,48276],[15,-74],[28,-54],[-14,-10],[-82,-20],[1,-84],[-38,-1],[0,-20],[-41,0],[-78,-29],[-55,5],[2,206],[-8,77],[-182,51]],[[13983,51206],[7,-443],[3,-55],[5,-344],[3,-157],[-7,-368],[1,-368],[-3,-267],[41,1],[-1,-77]],[[14032,49128],[-6,-379],[263,-190]],[[14289,48559],[-116,-16],[-357,5],[-41,-7],[-31,-15],[-332,-238],[-40,-15],[-44,3]],[[12876,48323],[-84,-16],[-235,-81],[-996,-391]],[[14289,48559],[305,-222],[5,-12],[-3,-136],[1,-142],[-4,-611],[-4,-342]],[[14589,47094],[-5,-692],[3,-330],[-334,4],[-187,-3]],[[14066,46073],[-237,-8],[-78,-1],[-149,8],[-113,2],[-300,0],[-76,-2],[-537,-2],[-32,2],[-441,-1],[-456,3],[-87,-1]],[[27313,38962],[28,0],[58,104],[18,63],[3,29],[19,42]],[[27439,39200],[74,-45],[22,-21],[62,35],[188,-133],[-76,-28],[-72,-9],[0,-14],[-28,-48],[-27,-12],[-18,-68]],[[27564,38857],[-8,-12],[-73,16],[-32,15],[-7,-25],[19,-25]],[[27463,38826],[-10,-80],[-29,10],[-56,35],[-12,37],[-43,1]],[[27313,38829],[0,133]],[[27439,39200],[16,34],[146,104],[18,9],[60,1],[41,58],[65,28],[222,1],[22,7],[111,71],[40,17],[2,-94],[41,-2],[2,-83],[82,-3],[2,-251],[3,-225],[-3,-38],[85,-86],[1,-85],[-308,-1],[-30,4],[-3,42],[-36,28],[-46,10],[-259,-2],[-1,82],[-37,-13],[-25,45],[-45,16],[-26,-23],[-15,6]],[[27128,39389],[68,12],[46,-11],[6,16],[31,9],[33,-7],[1,-159],[47,-4],[67,-44],[12,-1]],[[27313,38962],[-35,0]],[[27278,38962],[-6,57],[-2,139],[-12,35],[-98,138],[-28,50]],[[27132,39381],[-4,8]],[[26975,38917],[2,-194]],[[26977,38723],[-84,-56]],[[26893,38667],[-42,-15],[-119,0],[-70,-31],[-114,-41],[-134,36],[-87,0],[-81,7],[-70,-3],[-111,41]],[[26065,38661],[6,36],[-9,199],[-31,53],[-12,62],[-35,22],[-1,56],[102,-2],[29,10],[110,-14],[17,11],[211,-149],[52,-24],[44,-6],[427,2]],[[27694,40125],[197,2],[140,-2],[97,-19],[16,-23],[81,-28],[50,-2],[100,25],[34,22],[13,25],[27,1]],[[28449,40126],[196,-2],[1,-424],[2,-266]],[[28655,38495],[-443,-6],[-470,-2],[-102,6]],[[27640,38493],[-1,133],[-4,10],[-156,105],[78,1],[-4,35],[-43,18],[-14,19],[-33,12]],[[27128,39389],[-111,210],[82,85],[47,93],[63,82],[137,132],[116,77],[31,24],[170,9],[31,24]],[[26966,38226],[347,0]],[[27313,38226],[212,2],[19,-5],[56,-54],[44,-26],[-2,123],[-20,48],[19,45],[-1,134]],[[28669,36865],[-778,-6],[-605,1]],[[27286,36860],[-841,-1]],[[26445,36859],[-51,84],[-13,42],[-7,82],[-14,70],[7,57],[97,207],[56,74],[103,89],[26,31],[24,51],[37,141],[19,122],[27,6],[52,47],[78,133],[65,95],[15,36]],[[27055,38778],[29,28],[32,15],[122,2],[75,6]],[[27313,38829],[0,-144]],[[27313,38685],[-58,-15],[-50,-2],[-7,-41],[-52,-58],[-45,-26],[-25,-32],[-13,16],[-4,40],[4,56],[-1,120],[-7,35]],[[24640,38670],[25,24],[48,25],[71,-41],[27,2],[38,-47],[51,2],[35,31],[21,35],[24,8],[-2,34],[25,18],[47,-23],[47,24],[54,-22],[35,3],[53,-25],[28,5],[32,-18],[27,7],[68,-26],[25,-2],[41,11],[31,44],[35,6],[72,-8],[115,19],[100,-3],[67,-18],[41,3],[78,-25],[34,-37],[32,-15]],[[26893,38667],[0,-354],[-4,-43],[-15,-45],[92,1]],[[26445,36859],[-476,-3],[-366,0],[-112,1],[-263,0],[-584,-2]],[[26977,38723],[78,55]],[[27313,38685],[-1,-424],[1,-35]],[[25313,40089],[165,0],[165,25],[104,-2],[154,4],[790,2],[30,2],[618,1],[355,4]],[[27132,39381],[-31,-2],[-93,50],[-115,0],[-1,-51],[-16,0],[24,-186],[78,-62],[0,-80],[23,-58],[-16,-75]],[[26985,38917],[-10,0]],[[24093,12704],[14,-8],[0,-40],[33,4],[14,44],[47,-6],[31,-32],[51,-23],[62,40],[17,-19],[-7,-44],[28,-20],[43,57],[40,-16],[27,6],[49,-6],[26,56],[23,-25],[28,6],[-18,52],[71,4],[28,-15],[26,4],[40,-35],[46,-10],[59,27],[-9,-62],[-30,-43],[3,-24],[49,-43],[37,-7],[53,16],[21,37],[-18,24],[-46,-4],[1,28],[73,71],[27,1],[79,-46],[48,2],[43,-9],[17,15],[9,35],[53,2],[36,-63],[18,-11],[58,12],[85,61],[5,27],[-4,51],[5,21],[33,2],[69,-90],[18,-70],[47,-38],[0,-39],[-29,-19],[-11,-32],[21,-10],[106,56],[10,-2],[26,-55],[41,-26],[40,6],[32,21],[25,0],[28,-22],[31,-3],[17,-29],[2,-49],[-39,-37],[10,-28],[35,1],[75,-11],[54,-22],[23,18],[13,32],[26,14],[51,-18],[10,-22],[-21,-70],[39,-37],[49,-19],[49,1],[101,-17],[42,9],[27,40],[34,12],[15,-27],[-1,-46],[36,-64],[19,-5],[24,17],[35,8],[29,-17],[49,-5],[3,-21],[-22,-26],[0,-18],[55,-25],[55,16],[5,-16],[-36,-44],[-1,-37],[10,-36],[1,-48],[17,-22],[48,-30],[66,0],[43,-24]],[[27018,11773],[-3,-71],[2,-214],[1,-508]],[[27018,10980],[1,-923],[63,-5]],[[27082,10052],[0,-444],[-1,-582],[-381,-5],[-9,9],[-96,1]],[[26595,9031],[-1105,-8],[-452,-1],[-566,0],[-305,-2]],[[24167,9020],[-2,429],[0,629],[-77,3],[1,157],[0,412],[6,873],[-1,19],[0,440],[1,212],[-2,510]],[[18241,19150],[132,10],[257,15],[149,16],[149,12],[293,18]],[[19819,19268],[29,-79],[12,-51],[-4,-92],[-48,-48],[-71,-55],[14,-24],[21,-67],[9,-57],[16,-19],[6,-33],[-24,-50],[12,-40],[53,-44],[19,-36],[0,-44],[23,-39],[28,-18],[3,-40],[31,-43],[-7,-40],[30,-93],[34,-74],[-11,-61],[29,-41],[16,-58],[2,-28],[16,-36],[49,-62],[-37,-76],[14,-50]],[[20083,17770],[-26,14],[-56,-13],[-15,-12],[-19,24],[-27,-1],[-1,-35],[-28,-28],[-44,-8],[-26,-32],[-36,-14],[-43,-40],[-42,-70],[156,-1],[18,-31],[48,-18],[6,-36],[31,-20],[17,-84]],[[19996,17365],[-21,-68],[-36,-49],[-2,-35],[-40,4],[-116,48],[-124,44],[-40,7],[-29,27],[-61,16],[-49,-19],[-58,42],[-54,2],[-77,-11],[-62,21],[14,-52],[-36,-33],[-70,-15],[-86,2],[-53,-24],[-78,-22],[-73,-33],[-95,-8],[-46,6],[-225,3],[-5,-31]],[[18474,17187],[-41,39],[-101,-8],[-96,1]],[[20870,11043],[12,-18],[25,2],[68,-31],[20,-27],[35,-24],[55,-16],[90,-47],[63,5],[61,-11],[12,217],[34,-1],[-2,19],[18,49],[-11,15],[15,31],[32,-53],[44,-46],[15,-2],[61,-52],[9,-15],[30,7],[46,-8],[19,18],[44,11],[7,18],[69,-14],[21,-21],[34,47],[7,29],[33,14],[32,-5],[16,27],[36,-1],[43,17],[56,55],[56,9],[66,-17]],[[22141,11224],[-1,-160],[1,-470],[0,-397]],[[22141,10197],[-628,-3],[-101,0],[-5,-324],[-154,5],[-332,1],[1,216],[-212,3],[-33,-2],[1,171],[-356,0]],[[20322,10264],[55,98],[15,255],[-1,8],[-66,63],[-54,9],[-59,16],[-23,26],[-8,66],[55,-11],[76,-25],[40,15],[70,10],[31,47],[20,43],[18,19],[43,16],[55,-39],[11,-18],[40,-9],[43,14],[40,-9],[42,40],[65,18],[17,98],[23,29]],[[4693,33637],[223,-3],[116,1],[450,-1],[148,2],[1,-11],[167,0],[42,5],[220,2],[210,-2],[350,-2],[0,-31],[255,-2],[236,0]],[[8946,29546],[-14,-56],[13,-41],[27,-32],[15,-53],[23,-27],[36,-22],[56,-9],[83,4],[51,-21],[15,-45],[-8,-42],[-51,-89],[-26,-17],[-23,2],[-35,27],[-38,-23],[-48,-6],[-52,4],[-4,-33],[10,-27]],[[8976,29040],[31,-56],[4,-30],[-54,-157],[-7,-71],[-15,-19],[-54,-18],[-17,-19],[9,-56],[47,-57],[-4,-91],[-20,-42],[-49,1],[-58,63],[-29,2],[-54,-18],[-53,12],[-23,19],[-23,35]],[[8607,28538],[-19,13],[-22,3],[-37,-12],[-14,-19],[-131,0],[-395,5],[-20,3],[-342,-3],[-2,-491],[0,-388],[-6,-680],[-45,38],[-17,48],[-19,22],[-29,-9],[-22,-74],[-18,-21],[-43,-20],[-28,10],[-67,64],[-32,18],[-73,1],[-129,-53],[-45,6],[-23,39],[-35,30],[-85,22],[-43,-4],[-46,-23],[-26,-21],[-38,-46],[-32,-80],[-32,-112],[-10,-83],[-42,-114],[-10,1042],[-4,41],[7,843],[-346,3],[-417,5]],[[5870,28541],[71,38],[50,45],[53,82],[112,94],[53,68],[35,65],[10,29],[8,64],[-7,84],[-32,75],[-72,108],[-46,39],[-64,32],[-43,-29],[-15,-44],[-52,-29],[-27,-50],[-9,-88],[-22,-62],[-54,-85],[-9,-74],[-111,-21],[-174,-55],[-80,-43],[-129,-51],[-57,-28],[-67,1],[-32,-51],[-35,-14],[-38,4],[-27,15],[-71,61],[-72,85],[-33,61],[-29,74],[-20,64],[-21,120],[-2,106],[10,65],[28,39],[74,61],[32,6],[19,20],[20,52],[36,34],[22,58],[23,39],[77,81],[132,98],[55,34],[56,20],[113,48],[49,31],[69,60],[47,47],[66,113],[22,78],[3,36],[-24,39],[-36,22],[-105,36],[-53,23],[-129,42],[-221,45],[-110,38],[-63,-1],[-171,-14],[-48,5],[-40,13],[-46,42],[-18,50],[-5,77],[14,66],[85,192],[-30,14],[-55,55],[0,17],[32,167],[-6,129],[16,42],[10,60],[11,24],[54,40],[45,114],[12,47],[26,51],[65,57],[37,23],[48,40],[113,7],[101,33],[159,152],[41,44],[70,83],[66,75],[23,38],[19,73],[23,65],[-1,74],[-9,76],[10,73],[-9,44],[-32,53],[-23,59],[-15,21],[-80,63],[-26,55],[41,46],[-14,129],[-62,157],[-40,58],[-58,61],[-92,30],[-90,-19],[-115,-43],[-69,-42],[-7,-55],[-26,-39],[10,-29],[56,-51],[9,-35],[-25,-37],[-32,-20],[-12,-54],[18,-47],[7,-58],[21,-70],[18,-91],[-1,-37],[-18,-88],[-20,-39],[-94,-124],[-63,-41],[-51,-17],[-66,-12],[-61,-1],[-50,7],[-60,17],[-70,27],[-75,35],[-29,21],[-70,65],[-55,94],[-11,60],[-1,36],[12,68],[51,97],[37,36],[13,26],[38,6],[-36,84],[2,45],[42,42],[88,118],[20,22],[39,22],[85,87],[42,71],[4,33],[24,96],[-6,58],[5,38]],[[14965,56871],[201,2],[140,-1]],[[15307,56325],[-340,-2]],[[14576,41958],[2,257],[-1,236],[2,534],[175,12],[154,2],[265,-4],[164,0],[531,-6],[221,0]],[[16089,42989],[10,-20],[102,-44],[37,-2],[29,-24],[15,15],[34,-22],[9,-26],[-18,-21],[47,-23],[28,-34],[6,-37],[15,-15],[31,3],[27,-33],[29,26],[60,15],[17,29],[24,6],[14,37],[43,-23],[31,26],[48,-8],[37,19],[34,1],[26,16],[15,-17],[-5,-42],[25,-28],[33,-4],[19,-18],[47,-9],[60,39],[-8,31],[5,40],[17,51],[20,14],[54,55],[72,2],[-5,-30],[58,4],[26,23],[66,-7],[1,-34],[37,-17],[51,-35],[20,-5]],[[17432,42863],[-7,-74],[-12,-347]],[[17413,42442],[-1,-58],[10,-56],[57,-146],[29,-152],[61,46],[49,45],[68,-1],[-3,-43],[31,-19],[27,9],[111,1]],[[17852,42068],[12,-77],[29,-36],[2,-71],[-22,-121],[-1,-49],[-17,-63],[-34,-75],[-28,-38],[-2,-29],[-23,-46],[-34,-11],[-19,-21]],[[14663,41434],[-89,0],[2,524]],[[17852,42068],[14,14],[-43,67],[39,13],[30,19],[22,37],[2,22],[44,-8],[5,32],[-15,59],[-16,15],[2,26],[47,12],[-28,60],[23,49],[12,57],[-13,14],[-48,16]],[[17929,42572],[100,78],[52,8],[148,-18],[61,-15],[249,-78],[37,-14],[481,-208],[94,-26],[55,-5],[80,4],[33,6],[257,62],[20,61],[-23,88],[-21,46],[38,64],[27,53],[-10,82],[5,121],[-20,206],[-5,14],[-92,-10],[-62,0],[-49,-6],[-58,0],[-67,15],[-67,46],[-24,27],[-56,32],[-39,12],[-83,-6],[-120,-31],[-120,-11],[-73,0],[-72,20],[-1,473]],[[18604,43662],[207,0],[102,-2],[304,4],[273,-2],[132,3],[998,1]],[[16089,42989],[8,1],[1,166],[242,2],[257,-3],[2,562],[2,38],[-2,207]],[[16599,43962],[0,61]],[[16599,44023],[490,2],[275,-3],[625,-9],[21,2]],[[18010,44015],[95,-1],[0,-267],[1,-60]],[[18106,43687],[-6,-47],[10,-55],[18,-24],[5,-56],[21,-8],[-28,-41],[-17,-96],[-23,18],[-26,-19],[-53,21],[61,-164],[4,-60],[-11,0],[-6,72],[-18,48],[-72,-59],[-111,-99],[-19,-45],[-2,-35],[-38,-98]],[[17795,42940],[-38,22],[-6,-26],[-31,-23],[-27,-34]],[[17693,42879],[-22,-18],[-24,-39],[-32,45],[-45,26],[-19,-27],[-51,-29],[-68,26]],[[18106,43687],[1,-23],[182,1],[77,-3],[238,0]],[[17929,42572],[-48,21],[5,40]],[[17886,42633],[23,25],[-32,18],[-11,58],[-26,2],[-2,148],[-16,37],[-27,19]],[[15896,56493],[46,-339]],[[15942,56154],[-181,0]],[[15761,56154],[-33,112],[6,130],[-3,99]],[[15476,56325],[85,-1],[1,171]],[[15761,56154],[-283,0]],[[15478,56154],[-170,1],[-1,170]],[[19332,1915],[127,35],[91,33],[716,267],[48,9],[30,-2],[68,-18],[71,5],[581,178],[30,10],[380,143],[161,61]],[[21670,2592],[-17,-14],[-34,-83],[-4,-45],[11,-46]],[[21626,2404],[-38,-17],[-14,-28],[-3,-33],[-21,-18],[-56,-18],[-13,21],[-64,-62],[-6,-19]],[[21195,1877],[-84,3],[-4,-87],[3,-68],[64,-229],[13,-16]],[[21187,1480],[-43,-16],[17,-29],[-8,-19],[1,-73],[-17,-43],[23,-33],[24,14],[34,-26],[12,-44],[18,-11],[15,-41],[-29,-28],[15,-43],[54,14],[25,38],[31,10],[39,-2],[63,24],[52,7],[37,-4]],[[20461,462],[-36,104],[-45,72],[-60,19],[-60,-19],[-40,-31],[-54,-67],[-73,-40],[-48,-19],[-45,-2],[-47,29],[-37,37],[-48,69],[-12,24],[-14,61],[-79,146],[-44,50],[-61,12],[-29,12],[-35,37],[-25,51],[-1,22],[11,91],[17,73],[0,36],[-13,26],[-33,20],[-42,11],[-35,26],[-46,61],[-4,37],[15,23],[41,2],[3,42],[-62,31],[0,34],[18,61],[-8,36],[-60,62],[-12,37],[-44,-6],[-37,20],[2,28],[48,22],[15,21],[-2,69],[-8,23]],[[29808,3327],[49,26],[85,-115],[23,9],[91,1],[49,22]],[[30105,3270],[22,23]],[[30127,3293],[14,-45],[-16,-44],[-4,-34],[-14,-6],[2,-89]],[[30109,3075],[-86,2],[0,-18],[-97,3],[-37,28],[-20,-4]],[[29869,3086],[-18,38],[21,21],[-10,50],[14,65],[-15,0],[-53,67]],[[30127,3293],[56,49],[30,-13],[13,-19],[4,-34],[52,26],[39,-34],[27,16],[36,-5]],[[30384,3279],[14,-75],[-28,-45],[32,-90],[-83,-64]],[[30319,3005],[6,71],[-216,-1]],[[30319,3005],[-96,-74]],[[30223,2931],[-16,-4],[-100,0]],[[30107,2927],[2,148]],[[14509,26806],[96,-21],[100,5]],[[14705,26790],[-1,-149]],[[14704,26641],[-83,0],[1,-171]],[[14622,26470],[-125,3]],[[14497,26473],[-107,6],[-96,-1]],[[14294,26478],[-100,1]],[[14194,26479],[140,118],[46,24],[64,-2],[33,17],[8,44],[25,82],[-1,44]],[[8550,38713],[52,14],[266,-1],[18,-4],[62,-34],[533,168]],[[9481,38856],[2,-54]],[[9483,38802],[-96,-29],[-3,-285],[1,-99],[53,1],[10,64],[46,50],[30,21],[70,31],[122,1],[76,-74],[14,-2],[6,155],[72,-11],[39,1],[0,62]],[[9923,38688],[-36,42],[1,145],[-71,-7],[12,32],[222,214]],[[10051,39114],[48,50],[43,63],[16,36],[61,-13],[-8,-77],[20,-6],[61,-43],[62,-29],[8,-42],[89,-60],[32,-41],[5,-34]],[[10488,38918],[-14,-34],[-82,-33],[-50,-78],[-9,-49],[25,-45],[36,-32],[-3,-21],[-47,-34],[-23,-39],[-55,-17],[-56,-28],[28,-67],[-101,-87],[-24,-76],[0,-196],[-3,-47],[98,-99],[17,-63],[43,0],[41,-38],[26,59],[24,18],[75,-21],[5,-41],[33,19],[13,-50],[-29,-60],[-60,-37],[-6,-40],[15,-21],[32,-18],[39,-61],[-9,-10],[-50,-12],[-57,0],[-32,-8],[-101,-52],[-1,-307],[-2,-43],[-2,-356],[16,-70],[-2,-50]],[[10236,36674],[-171,-2]],[[10065,36672],[-202,3],[-312,-1],[-519,-1],[-20,-5]],[[9012,36668],[-132,0],[-324,3],[-1,307],[-3,34],[4,169],[-4,836],[-1,546],[-1,150]],[[8559,40038],[46,4],[208,0],[47,105],[29,-18],[69,-3],[98,8],[23,-3],[116,-62],[107,-39],[91,-50],[19,-53],[86,-3],[69,-54],[41,-18],[86,-26],[73,-35],[16,27],[158,109],[45,37],[1,73],[52,90],[118,-1],[68,3],[14,35],[42,27],[61,15],[92,-2],[82,-24],[23,0],[31,56],[54,68],[13,33],[7,63],[22,45],[37,51],[6,53],[46,-5],[129,-1],[-13,-85],[127,-1],[212,1],[337,-5]],[[11547,40453],[3,-122],[-7,-221],[0,-129]],[[11543,39981],[-2,-468],[4,-150],[-2,-455]],[[11543,38908],[-497,2],[-121,3],[-437,5]],[[10051,39114],[-100,0],[-18,-63],[-54,-17],[-58,-30],[-35,2],[-78,-13],[-46,33],[-108,-16],[1,-69],[13,-3],[0,-68],[-87,-14]],[[8550,38713],[38,13],[-2,637],[-2,46],[-1,291],[-24,6]],[[11543,38908],[-1,-291],[-2,-125],[2,-83],[1,-344],[-3,-364],[-2,-82],[0,-255]],[[11538,37364],[-270,-4],[-262,3],[-49,-2],[-175,0],[-226,-1],[2,-597],[1,-90],[-323,1]],[[15478,56154],[1,-341],[-5,-22],[6,-51],[-2,-199]],[[15478,55541],[-3,-29],[-76,2],[-10,-45],[-249,1]],[[15140,55470],[-317,-2],[-186,1],[-11,8]],[[28376,26585],[21,5],[45,40],[17,5],[114,2],[5,-141],[-14,-72],[-26,-47]],[[28359,26275],[-1,29],[-33,0],[-6,26],[8,67],[-8,37]],[[11346,13331],[45,-34],[33,-12]],[[11549,12982],[-71,-18],[-21,12],[-160,0],[-53,19],[-35,6],[-51,32]],[[12012,13497],[87,-95],[29,-47],[0,-25],[28,2],[100,-22],[71,-64],[23,-29],[-27,-40],[-38,-1],[-14,-39],[3,-31],[-22,-21],[15,-81],[26,-43],[-7,-24],[10,-30],[25,-26],[7,-48],[-29,-30]],[[12299,12803],[-54,7],[-129,-1],[-52,-9],[-122,11],[-33,-7],[-106,2],[-56,-8]],[[30156,2242],[36,125],[27,42],[0,86],[9,25]],[[30228,2520],[22,40],[-14,6],[-15,45],[-33,31],[10,29]],[[30198,2671],[84,4],[3,30],[0,132],[-62,94]],[[30384,3279],[42,39],[-24,35],[6,24],[37,10],[-23,27],[37,15],[10,62],[38,55],[-23,22],[13,57],[25,20],[15,70]],[[30537,3715],[164,11],[197,30],[35,8],[63,24],[252,129]],[[31248,3917],[18,-425],[-1,-9],[35,-794],[17,-393],[10,-271]],[[31327,2025],[-1035,0],[-17,-13],[-32,18]],[[30243,2030],[-16,13],[-34,61],[-37,138]],[[29711,3309],[51,0],[46,18]],[[29869,3086],[13,-117],[-6,-45]],[[29876,2924],[-50,-3]],[[29826,2921],[7,34],[-13,14],[-48,-27],[-20,14],[-1,43],[-10,27],[-15,77],[-14,12],[-42,-13],[-27,1],[-31,50],[-24,14],[-14,35],[6,68],[27,11],[66,2],[38,26]],[[29915,2519],[16,0]],[[29931,2519],[0,-110],[13,2],[-1,-63]],[[29943,2348],[-93,-1],[-199,20],[67,65],[5,27],[54,37],[-4,21],[142,2]],[[23849,9020],[318,0]],[[26595,9031],[3,-675]],[[26598,8356],[1,-149]],[[26599,8207],[0,-533]],[[26599,7674],[-101,0],[-79,-40],[-16,-29],[-66,-13],[-43,12],[-9,19],[-10,61],[-12,37],[-36,56],[-66,32],[-42,37],[-59,62],[-87,20],[-38,63],[-74,54],[-76,28],[-27,49],[-7,46],[-65,66],[-63,23],[-70,57],[-10,38],[-20,31],[-104,0],[-47,-7],[-203,-57],[-58,-25],[-6,-72],[-32,-95],[-82,-258],[-51,-106],[-17,-78],[-36,-42],[-25,-85],[15,-54],[54,-81],[9,-36],[-44,-6],[-19,27],[-27,7],[-25,-16],[-29,30],[-50,13],[-22,-11],[-61,29],[-19,3],[-64,38],[-28,1],[-53,16],[-9,-25],[-33,-4],[-38,28],[-21,35],[-12,-15],[-27,6],[-33,-12],[-45,38],[-19,9],[-28,30],[-15,36],[-35,0]],[[24184,7644],[-5,394]],[[24179,8038],[92,2],[30,-86],[49,-13],[48,7],[50,-23],[28,-29],[55,-31],[41,11],[-18,60],[-27,60],[-27,17],[-18,43],[12,81],[-45,33],[-110,0],[-10,4],[-1,288],[20,25],[34,15],[-44,51],[-41,11],[-38,32],[-32,9],[-18,51],[-45,24],[-39,51],[-28,16],[-58,-22],[-36,6],[-55,-29],[-35,4]],[[23913,8706],[-7,62],[-43,202],[-14,50]],[[22218,8408],[1,613]],[[22219,9021],[576,0],[363,1],[264,-1],[427,-1]],[[23913,8706],[2,-65],[-13,-109],[14,-49],[94,-172],[41,-48],[82,-53],[33,-43],[10,-50],[3,-79]],[[24184,7644],[1,-92]],[[24185,7552],[-36,-41],[-40,36],[-41,-10],[-71,4],[-39,-25],[-28,-8],[-100,19],[-37,39],[-34,22],[-247,1],[-249,20],[-76,-25],[-42,-3],[-42,20],[-17,24],[-14,46],[-85,43],[-59,-11],[-146,28],[-126,97],[-79,116],[-26,19],[-75,12],[21,-51],[1,-81],[-31,-61],[-3,-24],[-22,-26],[-87,-17],[-48,-21],[-36,-65],[-17,-40],[-39,-20]],[[22215,7569],[1,328],[1,169],[1,342]],[[24185,7552],[10,-736],[6,-524]],[[24164,6292],[-385,1],[-593,1],[0,-346],[-96,-4],[-877,5]],[[22213,5949],[1,1032],[-2,169],[3,419]],[[26599,7674],[0,-524],[1,-171]],[[26600,6979],[0,-683]],[[27018,10980],[45,34],[23,4],[38,26],[26,39],[15,6],[27,-16],[13,-24],[31,14],[63,-19],[36,28],[26,4],[35,-12],[22,33],[22,-4],[-13,-32],[31,-21],[17,20],[10,34],[43,-3],[22,19],[2,28],[-14,37],[13,20],[25,-7],[11,96],[37,13],[36,-19],[25,-27],[161,-216],[60,-52],[18,17],[56,-1],[59,25],[20,-4],[47,17],[25,53],[-1,54],[10,46],[31,19],[23,3],[111,75],[20,5],[34,-18],[56,-17],[86,-89],[53,-7],[26,-37],[4,-46],[44,-25],[25,-32],[47,-16],[39,14],[76,-37],[27,-46],[42,5],[83,-23],[53,43],[6,73],[17,31],[126,0],[42,40],[190,2],[16,20],[54,34],[40,10],[11,13],[24,72],[54,72],[73,71],[11,41],[54,-35],[34,-32],[27,10],[36,32],[0,50],[12,11],[33,-11],[14,10],[3,57],[22,29],[-6,20],[21,47],[12,57],[-19,22],[18,72],[-18,9]],[[29927,11788],[20,44],[33,24],[108,101],[36,20],[453,108],[72,2],[53,-17],[10,-57],[45,-76],[43,-52],[81,-43],[31,-41],[19,-54]],[[30931,11747],[9,-204],[26,-641],[12,-225],[19,-398],[8,-201],[3,-22]],[[31008,10056],[-716,-5],[-656,6],[-542,5],[-2,-6],[-208,2]],[[28884,10058],[-418,1],[-255,-3],[-250,-6],[-70,-4],[-482,0],[-85,-1],[-242,7]],[[28755,15161],[154,1],[294,0],[533,4]],[[29736,15166],[163,1],[0,13],[206,1],[74,2],[373,-2],[226,0]],[[30778,15181],[31,-769],[9,-167],[54,-1105],[8,-104],[-2,-68],[20,-478],[19,-389],[5,-211],[9,-143]],[[29927,11788],[-93,47],[30,64],[-11,30],[-33,50],[-48,11],[-44,-11],[-23,-31],[-30,-12],[-44,53],[-56,30],[-52,42],[-27,13],[-97,5],[-36,18],[-10,25],[-97,-53],[-22,-3],[-71,11],[-56,-38],[-25,-6],[-78,2],[-75,15],[-39,37],[-40,-10],[-102,39],[-62,18],[-41,-9]],[[28645,12125],[-34,14],[-12,25],[11,36],[-18,49],[-7,70],[-16,70],[7,20],[81,69],[33,80],[47,-1],[82,43],[60,11],[29,29],[19,56],[31,6],[17,71],[2,56],[25,63],[55,32],[-6,56],[-2,129],[25,13],[50,5],[17,10],[57,63],[30,15],[7,37],[-24,55],[-8,40],[-19,17],[-35,56],[-17,-1],[-11,71],[-27,60],[-5,49],[-42,58],[-8,111],[-37,8],[-26,54],[-43,60],[-2,43],[-108,144],[-20,45],[-27,33],[-24,45],[-13,40],[2,43],[-8,42],[16,69],[-14,29],[-29,33],[-25,-5],[-29,48],[-10,39],[-46,26],[-2,27],[-30,50],[-15,44],[-21,9],[-35,98],[8,44],[-14,40],[0,37],[14,27],[51,18],[29,65],[30,26],[61,16],[72,31],[11,65]],[[27018,11773],[-1,278],[1,59],[-2,232]],[[27016,12342],[20,18],[21,-11],[51,-8],[33,-22],[42,-6],[30,-14],[-5,-34],[6,-65],[29,-77],[60,-32],[6,-21],[33,-12],[15,39],[48,-24],[48,-8],[49,-27],[46,12],[81,-9],[18,-6],[64,10],[42,-28],[45,6],[47,-18],[35,45],[50,2],[53,-28],[120,-19],[40,17],[40,4],[134,45],[54,39],[47,2],[39,-22],[114,-29],[54,24],[20,40]],[[27011,15156],[168,4],[236,-5],[110,2],[118,-3],[248,1],[24,3],[185,1],[104,2],[249,1],[93,-3],[209,2]],[[27016,12342],[1,136],[-2,511],[2,133],[-3,254],[1,226]],[[27015,13602],[-1,144],[0,491],[-1,201],[-3,80],[3,268],[-5,256],[3,114]],[[28604,40446],[188,-1]],[[28792,40445],[222,-1],[-1,-149],[35,48],[25,60],[-6,49],[-11,18],[8,105],[-9,41],[124,2],[-56,75],[-107,167],[0,-15],[-72,-1]],[[28944,40844],[-93,-2]],[[28851,40842],[3,631]],[[30158,41121],[14,-70],[44,-17],[80,12],[10,-25],[-30,-66],[1,-32],[24,-55],[-3,-30],[-45,-47],[-20,-31],[-9,-42],[24,-29],[44,-3],[34,18],[31,2],[92,-51],[77,-65],[6,-18]],[[30532,40572],[3,-61],[-53,-45],[-78,-134],[-15,-14],[-44,-11],[-4,-14],[53,-88],[32,-44],[-2,-26],[-49,-38],[-29,35],[-25,-10]],[[30321,40122],[-6,-17],[15,-38],[15,-68],[3,-64],[16,-68],[49,-75],[26,-27],[123,-86],[-17,-38],[-64,-13]],[[28449,40126],[18,37],[-31,-2],[-40,9],[-21,-6],[-30,13],[0,20],[-25,26],[13,15],[-23,35],[0,27],[35,28],[78,35],[89,34],[92,49]],[[28851,40842],[-85,10],[-1,-150],[-43,-158],[-1,-20],[-117,-78]],[[27694,40125],[-5,22],[-52,0],[-74,62],[-42,-3],[-43,18],[0,28],[-35,20],[-38,48],[-7,45],[-30,12],[-24,27],[-66,-13],[-28,11],[-9,35],[-61,86],[-32,31],[-55,5],[-90,-2],[3,23],[-59,25],[-8,48],[-38,19],[-18,25],[-25,6],[0,23],[41,11],[43,27],[15,58],[-5,49],[0,88],[34,59],[70,67],[39,47],[19,46],[5,41],[22,37],[6,33],[2,142],[-13,47],[-7,84],[-18,78],[3,14],[-24,53],[-26,33],[0,32],[-20,36],[-12,47],[-33,38],[-17,69],[-17,29],[215,-3],[-246,415],[-93,125],[-15,43],[-2,50],[15,34],[53,55],[9,21],[5,173],[28,109]],[[20376,49382],[31,-10],[52,-3],[151,-1]],[[20610,49368],[-57,-205],[-33,35],[-18,-24]],[[20502,49174],[-32,-3],[-80,-21],[-27,8],[-27,26],[-13,-5],[-57,15],[-21,28],[50,93],[42,5],[26,20],[13,42]],[[20801,49420],[-91,-35]],[[20710,49385],[-46,-17],[-54,0]],[[20376,49382],[-65,17]],[[20311,49399],[72,64],[43,72]],[[20224,49783],[39,11],[45,-5],[41,6],[26,-26],[74,-2],[8,-86]],[[20445,49573],[-81,1]],[[20364,49574],[-2,9],[-99,90],[0,31],[-24,0],[-3,-36],[-57,-6],[-143,2],[-13,5]],[[20023,49669],[-36,30],[1,64],[56,17],[16,41],[112,-81],[52,43]],[[19546,49419],[61,6],[285,18],[76,7],[35,-7],[43,15]],[[20046,49458],[3,-31]],[[20049,49427],[15,-37],[-31,-86],[21,-12],[17,-31],[24,-16],[0,-44],[22,-46],[-51,-43],[-26,-80],[-13,-17],[-45,-31],[-13,-28],[-44,-52],[-93,-87],[-8,-76],[11,-62],[23,-193],[-5,-66],[-39,-100],[-29,-45]],[[20364,49574],[-55,-6],[-154,-82],[-58,-21],[-51,-7]],[[20046,49458],[-33,75],[64,1],[12,46],[-37,21],[-7,37],[-22,31]],[[20025,50178],[21,-62],[135,-170],[12,-26],[22,-117],[9,-20]],[[20049,49427],[51,-17],[43,-8],[130,0],[38,-3]],[[20502,49174],[4,-49],[-27,-72],[-12,-52],[3,-80],[31,-62],[-6,-331],[-10,-107]],[[20485,48421],[-5,-49]],[[20485,48421],[153,71],[103,51],[85,-9],[212,-83],[73,32],[51,40],[26,2],[30,36],[-40,28],[-55,22],[-13,13],[-2,65],[-18,37],[-30,37],[-21,85],[-29,20],[-26,63],[-54,58],[-13,45],[-41,90],[-23,21],[-34,47],[-35,18],[-39,50],[-8,44],[-27,81]],[[20827,49421],[85,-28],[467,-209],[334,-148],[56,-19],[279,-69],[869,-174],[210,-42]],[[23127,48732],[0,-235],[3,-292],[0,-324]],[[23130,47881],[0,-533],[4,-241]],[[20597,47117],[3,338],[-265,2]],[[20888,50227],[-17,-52],[19,-424],[0,-15]],[[13934,39585],[72,1],[65,22],[51,8],[56,21],[18,-17],[24,4],[18,43]],[[14238,39667],[37,28],[42,14],[-1,-94],[31,-4]],[[14347,39611],[-51,-36],[-81,-4]],[[14215,39571],[-113,-25],[-65,-9],[-103,1]],[[13934,39538],[0,47]],[[16006,24491],[10,17],[26,3],[6,28],[48,10],[39,16],[24,-15],[76,28],[61,31],[11,32]],[[16307,24641],[10,-11],[66,-127],[14,-35],[7,-84],[13,-55],[22,-40],[62,-81]],[[16501,24208],[-10,-27],[17,-48],[-19,-24],[-29,0],[-75,-19],[-6,-20],[-71,-54],[-76,-41],[-8,-30],[-27,-18],[-68,-21],[-32,7],[-10,18],[-103,12],[-34,-13],[-40,21],[-18,-5],[-10,44]],[[15882,23990],[-35,59],[-43,3],[-10,29],[-29,4],[-80,40],[-28,3],[-28,58]],[[15629,24186],[94,57],[27,32],[40,5],[37,32],[33,-17],[36,7],[43,70],[41,20],[9,27],[-10,39],[27,33]],[[15108,24728],[25,-11],[48,0],[0,-25],[157,-2],[1,-34]],[[15339,24656],[0,-58],[90,0],[-1,-171],[-150,3],[1,-93],[-90,-2],[2,-33]],[[15191,24302],[-4,14],[-47,-8],[-35,20],[-47,15],[-27,59],[-19,8],[-15,28],[-40,33],[-20,29],[-1,101],[-42,17]],[[14894,24618],[14,39],[23,30],[3,40],[44,-6],[7,-12],[63,1],[7,-28],[67,0],[-14,46]],[[15011,25258],[-2,-65],[-172,-80],[2,-3]],[[14839,25110],[-90,-10],[-107,-19]],[[14642,25081],[-3,162],[19,33],[146,4],[54,-14],[31,-25],[74,0],[3,15],[45,2]],[[16468,27808],[50,-4],[30,-12],[34,37],[-7,25],[24,25],[27,64],[1,43],[23,12],[25,-17],[67,2],[6,45],[-22,36],[27,26],[49,-7],[27,12],[20,28],[4,26],[34,-20],[28,15],[-18,25],[22,38],[-1,23],[-29,54],[30,14],[30,35],[32,55],[88,-43],[20,-4],[36,21],[12,28],[30,13],[4,39],[26,18],[15,126],[11,35],[35,11],[62,-7],[19,-10],[36,11],[14,31],[21,16],[8,60],[14,6],[25,-29],[-8,-50],[20,-9],[5,36],[34,-35],[44,-14],[39,22],[47,3],[-1,-24],[33,-32],[15,9],[-6,31],[25,6],[30,-21],[13,45],[-15,34],[47,-20],[46,10],[17,-13],[6,-47],[38,30],[7,43],[31,10],[-10,-71],[16,-25],[22,7],[10,30]],[[17962,28665],[121,-598],[70,-381],[66,-345],[13,-75]],[[18232,27266],[149,-800]],[[18381,26466],[-63,-2],[-4,-134],[1,-59],[-55,-13],[-22,-35],[-52,-30],[-35,6],[-26,-7],[-16,-21],[-27,1],[-27,-39],[-35,10],[-18,-24],[5,-60],[-72,-43],[-30,0],[-86,10],[-4,53],[-18,18],[-135,4],[-37,-21],[-59,14],[-40,-16],[-67,1],[-75,14],[6,41],[46,76],[66,100],[17,93],[2,29],[-56,12],[-16,61],[-51,-28],[-32,-42],[-61,5],[-72,-5],[-199,1]],[[17034,26436],[-397,0],[-41,17],[-126,16],[-251,1]],[[14284,25065],[1,0]],[[14285,25065],[35,-147],[25,-34],[130,-84],[118,-98],[31,-13],[18,20],[166,-55],[86,-36]],[[15191,24302],[15,11],[33,-30],[58,-16],[45,-34],[22,-26]],[[15364,24207],[-56,-62],[-23,-7],[-64,13],[-16,-10],[-27,-40],[-14,-55],[-52,-89],[-38,-11],[-44,-26],[-7,-22],[27,-58],[-3,-45],[-16,-13],[-78,-1],[-98,-88],[-51,-51],[-52,-21],[-18,2],[-5,57],[22,22],[15,86],[-6,57],[32,67],[-24,2],[-183,-3]],[[14585,23911],[-25,82]],[[14560,23993],[-9,30],[-312,703],[-14,77],[3,47],[21,102],[35,113]],[[13890,23699],[16,39],[49,0],[108,-10],[30,-16],[63,14],[48,34],[29,47],[5,114],[1,147],[45,57],[20,16],[65,12],[56,25],[22,3],[20,-30],[11,-43],[23,-40],[17,-50],[42,-25]],[[14585,23911],[83,-266],[16,-31],[42,-40]],[[14726,23574],[11,-61],[-27,-14],[-25,-65],[-82,-74],[-7,-17],[-41,-33],[-1,-14],[-49,-28],[-29,-10],[-35,-47],[-40,25],[-34,-41],[11,-13],[-11,-47],[-30,-45],[-53,3],[-2,30],[14,9],[-4,41],[30,49],[-1,31],[-63,52],[-27,0],[-36,28],[-14,58],[-21,10],[-7,40],[11,41],[-1,37],[-77,57],[-25,-25],[-47,-23],[-107,-1],[-22,74],[5,98]],[[14215,39571],[1,-101],[-26,-1],[-9,-29],[-30,-37]],[[14151,39403],[-144,-180],[-142,90],[-120,23],[21,15],[49,18],[88,43],[1,124],[30,2]],[[14347,39611],[37,0],[53,44],[-19,-173]],[[14418,39482],[-57,0],[0,-54],[10,-35],[-128,-1],[-3,31],[-51,-28],[-38,8]],[[12803,37899],[36,60],[7,57],[23,38],[32,22],[-19,14],[16,41],[108,558],[52,13],[52,-7],[46,19],[46,5],[34,-7],[85,-53],[33,40],[-22,67],[-7,77],[20,0],[0,88],[-8,101],[42,13],[21,47],[27,34],[-33,14],[-7,38],[29,60],[46,52],[13,27],[-2,80],[20,179],[-24,96],[4,46],[33,7],[71,3]],[[13577,39728],[-3,-48],[63,2],[116,-35],[74,-33],[76,-25],[31,-4]],[[14418,39482],[496,-1]],[[14914,39210],[2,-330],[-228,1],[-120,1],[-2,-499],[-189,8],[-165,-2],[-1,-504],[2,-475]],[[14213,37410],[-516,178],[-140,49],[-23,3],[-77,31],[-236,81],[-379,131],[-39,16]],[[13577,39728],[-20,50],[-47,99]],[[13510,39877],[51,-1],[10,-68],[24,-51],[27,-20],[69,-9],[33,10],[3,18],[-18,38],[15,40],[39,1],[55,-28],[64,-9],[22,-32],[29,15],[32,-2],[37,34],[53,26],[23,21],[52,81],[31,30],[53,-18],[42,-37],[19,-33],[19,6],[18,-59],[-12,-40],[-34,-49],[-28,-74]],[[11543,39981],[50,22],[28,-9],[12,22],[26,-14],[102,90],[14,26],[29,26],[-6,39],[-22,8],[4,26],[96,-65],[69,-13],[40,-29],[46,-2],[21,-94],[53,-81],[26,21],[89,0],[51,-32],[66,-2],[62,22],[32,42],[152,-47],[83,1],[52,-19],[99,-53],[65,-13],[94,24],[87,15],[81,33],[105,0],[67,-42],[77,-3],[108,16]],[[13501,39896],[9,-19]],[[12803,37899],[-11,-57],[13,-54],[31,-31],[46,-10],[26,20],[43,-3],[30,-12],[76,-10],[28,-16],[52,-52],[44,-94],[20,-57],[4,-42],[-12,-47],[-31,-42],[-52,-45],[-23,-51],[2,-55],[52,-57],[-2,-17],[-29,-11],[-52,37],[-34,-12],[-34,-45],[-36,3],[1,28],[19,28],[-1,21],[-25,26],[-48,12],[-61,-32],[3,-21],[27,-50],[-24,-23],[-32,5],[-27,25],[-36,-7],[-23,-88],[-21,-11]],[[12706,37052],[-33,18],[2,28],[-55,31],[-31,-4],[-16,-21],[-9,-40],[-36,-25],[-34,-42],[-32,-13],[-11,-46],[-37,-65],[0,-38],[22,-34],[-33,-59],[-16,-7],[-11,45],[-20,17],[-59,10],[-24,-19],[27,-37],[7,-43],[30,-35],[-9,-55],[34,-42],[2,-22],[-36,-28],[-8,-28],[1,-54],[-35,-49],[66,-8],[10,-23],[-25,-34],[34,-20],[-71,-12],[-11,18],[-1,35],[-27,-13],[-39,29],[-42,11],[-69,2],[-166,-4],[-15,-17],[12,-46],[-20,-52],[-179,173],[-210,202],[1,449],[5,265],[-1,14]],[[12984,41737],[14,-42],[36,-22],[33,4],[57,-33],[73,-9],[60,15],[49,22],[33,27],[35,44],[6,36],[49,94],[29,107],[9,79],[29,44],[68,35],[25,3],[70,-34],[31,-25],[63,-77],[20,-42],[247,-3],[284,-2],[272,0]],[[13501,39896],[-217,454],[-43,110],[-201,745],[-132,490],[76,42]],[[11547,40453],[-2,51],[3,158],[1,378],[-2,105],[8,478],[1,176],[-9,174],[1,430]],[[11553,43009],[419,-7],[393,-3],[5,4],[127,-3],[5,-3],[233,-2],[324,-6],[72,4],[138,-2],[191,0],[59,4],[90,-3],[181,-2],[137,-4],[210,-1],[28,-48],[-3,-30],[-17,-38],[29,-28],[6,-25],[39,-25],[25,-36],[0,-36],[-24,-27],[1,-40],[-13,-39],[-46,-66],[-19,-37],[-35,-38],[-62,-29],[-117,-42],[-149,7],[-77,-9],[-19,12],[-15,39],[-24,21],[-29,-1],[-2,-36],[-20,-13],[-25,23],[-80,0],[-54,-24],[-64,-17],[-32,-17],[-110,-31],[-90,-43],[-32,-10],[-45,-1],[-24,-14],[-62,-55],[-20,-28],[-47,-91],[-33,-107],[5,-41],[18,-27],[-2,-43],[73,-119],[14,-39]],[[19737,47458],[23,-25],[17,-43],[29,-35],[21,9],[19,-22],[3,-36],[-12,-68],[-32,-5],[-13,-18],[-27,-3],[-22,-31],[-28,-4],[-27,-36],[-16,-37],[16,-32],[51,-34],[43,-4],[21,-13],[63,56],[62,-7],[46,-23],[4,-35],[-17,-43],[0,-19],[-32,-1],[-32,-40],[-24,-44],[-79,6],[-37,-5],[2,-70],[8,-17],[67,-79],[-1,-7],[-152,0],[-43,-17],[-48,24],[-210,51],[-43,-1],[0,-74]],[[19337,46676],[-32,40],[-36,73],[-4,57],[-29,56],[-151,38],[-37,22],[-55,4],[-66,60],[35,4],[68,28],[-19,66],[-43,5],[19,82],[3,51],[13,60],[45,36],[58,22],[-17,24],[-22,64]],[[18010,44015],[231,142],[18,13],[338,317],[176,187],[67,78],[27,57],[-3,116],[9,67],[22,13],[10,30],[118,-3],[3,62],[-7,38],[-44,109],[-17,49],[-17,85],[1,153],[3,14],[42,48],[44,33],[61,92],[16,44],[17,8],[21,37],[-9,74],[21,58]],[[19158,45936],[52,66],[7,16],[-2,83],[25,48],[10,54],[29,56],[31,40],[7,39],[-12,158],[23,65],[9,115]],[[21149,27154],[37,-4],[44,-17],[88,-56],[63,-20],[157,-75],[57,-21],[58,-2],[123,-25],[57,5],[46,-37],[71,-45],[77,-15],[50,4],[69,-36],[35,2],[22,-13],[35,16],[54,59],[86,57],[17,0]],[[22394,25874],[-62,14],[-94,42],[-28,-15],[-934,108],[1,85],[-51,-17]],[[21226,26091],[7,79],[-20,41],[42,87],[8,39],[-62,8],[-48,-32],[1,-146],[-27,-53],[-167,0],[-12,16],[0,48],[-23,15],[-35,6],[-15,301]],[[20875,26500],[-9,172],[48,33],[19,-4],[41,84],[14,10],[-2,34],[37,21],[18,45],[-2,33],[25,25],[5,23],[24,26],[16,39],[-3,25],[19,14],[11,30],[-3,27],[16,17]],[[18483,25553],[1,165]],[[18484,25718],[30,52],[135,39],[20,12],[43,67],[49,41],[72,16],[130,-33],[88,2]],[[19051,25914],[-3,-38],[-194,-106],[29,-44],[11,-30],[74,-46],[110,8],[25,11],[22,35],[27,75],[31,36],[40,-38],[28,-50],[15,-54],[60,-33],[27,-24],[30,0],[-6,111],[-46,21],[-57,43],[-21,32],[104,8],[49,18],[60,12],[0,79],[-41,-1],[-6,17],[-34,27],[-4,20]],[[19381,26003],[11,10],[212,104],[42,15],[84,56],[52,40],[40,18],[105,64],[62,49],[85,50],[46,39]],[[20120,26448],[-2,-183],[-46,-157],[-1,-72],[93,-30],[133,-32],[45,-2],[-48,-94],[-13,-81],[23,-54],[-13,-43],[-22,-14],[-87,-12],[-34,-20],[-33,-37],[-34,-71],[-50,-6],[-11,-45],[7,-38],[-9,-35],[3,-42],[-15,-13],[2,-32],[24,-20],[-10,-30],[11,-26],[-18,-23],[-57,-28],[-13,-41],[-66,-34],[-23,-65],[-42,-56],[-22,1],[-30,-30],[-59,5],[-7,-71],[6,-25],[28,-47],[19,-75],[-27,-56],[-23,-95],[0,-79],[6,-19],[47,-34],[1,-76]],[[19753,24411],[-458,0],[-540,0],[3,-21],[-226,-2],[-54,3]],[[18478,24391],[2,329],[3,833]],[[22394,28543],[0,-286],[3,-114],[-2,-203],[0,-410]],[[21149,27154],[7,58],[-39,39],[-23,42],[-32,39],[-7,61],[-8,12],[11,52],[16,7],[25,43],[-10,14],[20,28],[-22,26],[-9,65],[19,1],[4,54],[16,20],[-16,40],[-26,95],[-6,63],[7,33],[-17,27],[5,25],[-11,22],[25,61],[-2,45],[8,27],[-6,33],[20,4],[3,42],[-25,41],[22,22],[11,57],[23,6],[20,74],[-20,14],[6,32],[20,19],[-18,45]],[[18232,27266],[34,-13],[36,4],[54,-5],[170,2],[-8,27],[63,18],[60,8],[69,-37],[15,-14],[53,-6],[36,6],[265,0],[53,5],[40,12],[30,24],[24,45],[151,1],[306,-3],[75,1],[160,-14],[61,-18],[98,-59],[42,-33],[113,-49],[86,-3]],[[20318,27165],[1,-62],[15,-9],[14,-110],[-11,-24],[6,-73],[-9,-73],[-17,-18],[-13,-39],[-28,-22],[-83,-42],[-20,-51],[-32,-44],[35,-43],[0,-40],[-56,-67]],[[19381,26003],[-68,-54],[-11,11],[0,41],[-13,16],[-43,21],[-26,-18],[-3,58],[-26,72],[-2,61],[6,66],[-17,28],[-86,-222],[-19,-68],[-22,-101]],[[18484,25718],[-2,204],[-33,184],[-68,360]],[[16732,49486],[-43,-394],[-16,-77],[-2,-84],[-8,-81]],[[16624,48499],[-19,25],[-22,59],[-19,16],[-33,55],[-84,50],[-38,4],[-2,54],[17,104],[-55,-1]],[[16369,48865],[-15,47],[-98,123],[-26,28],[-10,37]],[[16220,49100],[21,31],[3,28],[36,6],[-21,30],[12,18],[77,1],[-11,35],[10,18],[31,5],[47,-10],[28,33],[36,-18],[45,14],[19,23],[28,12],[41,34],[-13,19],[21,52],[39,39],[63,16]],[[16732,49486],[56,6],[34,69],[30,13],[7,42],[20,30],[22,-23],[31,15],[42,37],[5,31],[28,43],[41,14],[11,-15],[31,-10],[33,7],[18,35],[47,-13],[14,-30],[32,40],[69,25],[4,50],[34,22],[24,36],[73,16],[54,-4],[7,-23],[27,-12],[11,-20],[51,32],[-10,35],[37,1],[10,35],[-9,76],[38,-17],[30,12],[14,44],[-14,38],[12,26],[42,-69],[199,-149],[5,-18],[-10,-45],[43,-34],[-2,-56],[21,-36],[1,-33],[-34,-30],[-56,-5],[-27,-10],[-50,-1],[-19,-8],[30,-58],[23,-7],[11,-26],[54,-66],[17,-64],[35,-4],[48,-45],[-30,-56],[-26,-9],[-1,-45],[-33,-32],[-12,-38],[15,-25],[-12,-62],[-30,-12],[2,-19]],[[16369,48865],[-97,-25]],[[16272,48840],[-219,-70],[0,172],[24,6],[-61,44],[-8,20],[48,79],[58,-14],[22,27],[10,-37],[32,4],[42,29]],[[16650,47143],[-102,0]],[[16548,47143],[-333,1],[72,-56],[-52,-1],[-322,2],[-757,3]],[[15156,47092],[22,156],[27,69],[181,247],[49,32],[139,29],[38,22],[14,19],[39,95],[35,143],[16,33],[96,124],[31,27],[84,62],[33,36],[103,154],[34,22],[96,29],[46,31],[11,38],[-13,102],[8,100],[-1,78],[28,100]],[[13983,51713],[701,-4],[157,2],[167,-1]],[[15008,51710],[-2,-266],[0,-161],[-2,-81],[-134,-1],[-4,-27],[-20,-52],[-44,-14],[2,-20],[-110,-100],[-23,2],[0,-29],[-22,-38],[10,-15],[-16,-42],[15,-53],[-5,-35],[-32,-54],[-32,-23],[-18,1],[-29,-43],[-20,-6],[-23,-70],[5,-29],[-22,-30],[27,-13],[83,-7],[49,12],[64,-14],[54,-40],[34,-13],[98,-3],[30,-10],[48,-53],[24,-16],[151,-22],[192,0],[236,4],[40,-5],[140,3],[187,1],[86,-4],[360,-3]],[[16385,50341],[1,-164],[392,-4],[26,-10],[32,-59]],[[16836,50104],[-32,-174],[-16,-64],[-22,-123],[-10,-89],[-15,-81],[-9,-87]],[[16220,49100],[-14,42],[-2,50],[-645,1],[-263,4],[-607,3],[-149,3],[-463,1],[-9,-6],[-36,-70]],[[15008,51710],[254,1],[628,-4],[471,2],[120,-4]],[[16481,51705],[166,-554],[91,-300]],[[16738,50851],[-42,0],[1,-192],[-2,-154],[-11,4],[-100,0],[18,-171]],[[16602,50338],[-217,3]],[[15156,47092],[-567,2]],[[16481,51705],[11,-1]],[[16492,51704],[39,0],[492,0],[337,3],[357,-2]],[[16836,50104],[28,-51],[20,-17],[63,201],[1,103]],[[16948,50340],[-4,156],[1,146],[-78,209],[-129,0]],[[16602,50338],[42,0],[10,-41],[87,2],[-1,39],[208,2]],[[19996,17365],[63,25],[16,39],[24,35],[3,44],[14,4],[40,-44],[100,-56],[35,-38],[57,6],[63,18]],[[20411,17398],[-2,-40],[19,-22],[4,-52],[18,-28],[42,3],[31,-13],[37,45],[77,-32],[67,6],[48,-7],[44,3],[28,-17],[67,-9],[16,-19],[35,29],[20,-1],[107,-77],[39,40],[22,6],[79,2],[14,-95],[76,64],[82,79],[65,-5],[0,-25],[19,-9],[69,-5],[35,11],[47,-26],[33,-5]],[[21649,17199],[1,-519]],[[21650,16680],[1,-263]],[[21651,16417],[-60,-4],[-31,63],[-17,10],[-63,10],[-53,45],[-80,2],[-63,21],[-39,-8],[-47,6],[-44,-28],[-53,19],[-21,0],[-55,-17],[-43,7],[-2,-67],[20,-19],[-19,-52],[-26,-10],[-42,-49],[-72,70],[-32,69],[-27,13],[-21,-17],[-52,-5],[-56,30],[-70,140],[-73,-24],[-46,-56],[-138,7],[-41,-20],[-65,-21],[-42,25],[-34,-4],[-47,17],[-80,-15],[-56,14],[-42,-2],[-35,-13],[21,-28],[15,-38],[-8,-77],[-13,-41],[-30,-63],[-24,-67],[-82,-4]],[[19763,16236],[-23,10],[-31,54],[28,39],[-16,6],[-18,43],[-22,6],[-46,-6],[-61,44],[-14,40],[-59,61],[-48,15],[-27,27],[-5,20],[-45,28],[-33,8],[-73,-5],[-29,23],[-59,5],[-37,11],[-62,34],[-47,-10],[-47,46],[-23,-2],[-8,24],[-56,33],[-3,17],[-31,19],[-27,-8],[-64,23],[-23,19],[1,22],[-48,45],[-56,12],[-6,22],[-38,14],[-15,47],[-61,50],[-3,29],[-45,50],[-9,36]],[[21651,16417],[4,-227],[3,-404],[-1,-278],[2,-348]],[[21659,15160],[-436,0]],[[21223,15160],[-68,0]],[[21155,15160],[-441,1],[-113,-2],[-293,0]],[[20308,15159],[-223,0],[-228,-3]],[[19857,15156],[2,122],[-2,374],[1,283],[-2,156],[-24,30],[-45,-21],[-26,9],[-6,20],[11,33],[-3,74]],[[13180,26116],[52,45],[97,71],[75,18]],[[13404,26250],[222,-250]],[[13626,26000],[-38,-39]],[[13588,25961],[-412,6]],[[13176,25967],[-4,85],[-12,46],[20,18]],[[13859,25751],[43,-67],[14,0]],[[13916,25684],[15,0],[68,-66]],[[13999,25618],[-111,-1],[-66,-28]],[[13822,25589],[-9,51],[54,-1],[-33,39],[-13,44],[4,27],[34,2]],[[14040,25904],[31,-8],[53,4],[45,-8]],[[14169,25892],[-36,-92],[-37,-182]],[[14096,25618],[-15,51],[-90,112]],[[13991,25781],[49,8],[0,115]],[[13463,25641],[61,-14]],[[13524,25627],[-12,-52],[1,-40],[77,0],[0,-31],[28,-22]],[[13618,25482],[14,-37],[3,-72]],[[13635,25373],[-31,6],[-74,0],[-68,-13]],[[13462,25366],[1,275]],[[13827,25449],[13,35],[30,-12],[24,41]],[[13894,25513],[68,-74],[21,-35]],[[13983,25404],[-27,-12],[-1,-53]],[[13955,25339],[-93,1],[0,-62],[-33,1]],[[13829,25279],[-1,0]],[[13828,25279],[-1,170]],[[14203,25617],[85,-1],[48,-14],[11,28]],[[14347,25630],[19,-54],[3,-61]],[[14369,25515],[-75,-78]],[[14294,25437],[-17,9],[-96,1],[-4,83],[26,87]],[[14096,25618],[107,-1]],[[14294,25437],[25,-15],[-29,-84],[-158,26]],[[14132,25364],[-12,11],[0,157],[-42,1]],[[14078,25533],[18,85]],[[8564,42092],[215,-1],[0,39],[32,0],[37,12],[-3,120],[97,3]],[[8942,42265],[5,-55]],[[8947,42210],[-13,-68],[-25,-45],[-3,-123],[-25,-53]],[[8846,42432],[20,-25],[8,-28],[17,-13],[41,-60],[10,-41]],[[8976,29040],[289,-3],[-3,-343],[334,5],[2,-176],[7,0],[0,-336],[278,0],[49,-1],[312,1],[1,-168],[326,2],[1,-285]],[[10572,27736],[-16,-30],[-97,-24],[-39,38],[-19,-24],[20,-33],[-5,-21],[-32,-5],[-13,25],[-22,2],[-16,26],[-18,-22],[12,-42],[-26,-46],[-31,4],[-19,27],[-27,-45],[7,-21],[-17,-45],[-64,-53],[-29,16],[-28,-28],[-3,-33],[42,-101],[-4,-86],[-13,-58],[35,-10],[5,-44],[-5,-38],[22,-17],[39,-8],[54,-33],[-22,-15],[-35,-49],[-24,15],[-17,-9],[-3,-29],[-34,-32],[-1,-124],[-25,-26],[-4,-27],[-29,-19],[-7,-33],[-52,-14],[-10,-12],[11,-40],[-33,-7],[13,-58],[-27,-32],[12,-44],[-24,-8],[-20,-38],[24,-12],[-47,-27],[-30,-30],[1,-17],[32,-22],[-3,-17],[-31,-25],[-14,-38],[-57,-11],[-27,-30],[6,-75]],[[9788,26102],[-74,70],[13,16],[-36,38],[4,65],[-47,9],[-8,38],[-32,31],[-13,-20],[-22,11],[-53,82],[-45,38],[-90,11],[-30,20],[-65,-2],[-12,-27],[-30,4],[-16,-30],[-46,12],[-32,-19],[-24,14],[-65,15],[-37,27],[-53,4],[-33,-14],[-13,-35],[-32,-3],[-24,-29],[-30,2],[-34,-24],[-55,-17],[-32,7],[-55,-18],[-12,-35],[-44,-68],[-17,25],[-2,35],[-29,-15],[-36,11],[-12,14],[-24,58],[-38,40],[-25,9],[-84,-18],[-13,9],[-64,1],[-21,10],[-38,-68],[-52,-25],[12,53],[23,32],[34,26],[12,52],[-54,40],[-13,36],[-51,15],[-15,20],[-34,-42],[-26,-48],[-55,-30],[-41,-14]],[[7948,26501],[2,33],[47,122],[1,60],[-14,57],[1,27],[24,125],[30,140],[185,528],[5,42],[47,101],[29,46],[73,99],[121,81],[135,103],[-45,-3],[-50,8],[-87,-32],[-51,-25],[-10,-21],[-66,-71],[-42,-20],[-28,11],[-12,36],[20,35],[30,16],[23,43],[-5,32],[-33,80],[-12,77],[10,26],[38,29],[9,48],[-10,57],[22,82],[103,0],[33,9],[61,57],[25,11],[24,2],[26,-14]],[[7948,26501],[0,-219],[-4,-106]],[[7944,26176],[-20,-7],[-38,76],[-27,-6],[-68,30],[-32,-5],[-26,41],[-53,-15],[-34,-62],[-35,-1],[-22,-28],[-53,-48],[-29,5],[-29,-29]],[[7478,26127],[4,39],[-28,13],[-58,-7],[-50,-13],[-24,-33],[-24,-118],[-23,-57],[-36,-62],[-109,-122],[-85,30],[-92,26],[-117,20],[-86,-4],[-26,3],[-308,69],[-67,27],[-62,42],[-29,44],[-15,68],[39,171],[42,73],[15,49],[9,53],[-3,83],[128,51],[52,32],[66,71],[24,43],[2,35],[-11,139],[-26,46],[-27,23],[-46,54],[-27,21],[-39,15],[-94,21],[-49,-9],[-45,-44],[-65,-40],[-58,-31],[-105,-75],[-43,-2],[-114,34],[-53,8],[-178,80],[-134,74],[-113,82],[-39,38],[-53,62],[-81,109],[-40,82],[-8,43],[-7,106],[6,60],[93,173],[54,125],[25,86],[8,50],[0,88],[40,52],[169,-169],[54,-77],[49,-100],[47,-85],[64,-102],[44,-60],[49,-49],[58,-46],[41,-22],[94,-39],[67,-17],[96,-17],[67,0],[38,22],[58,51],[24,45],[0,71],[-19,42],[-51,77],[-60,51],[-57,40],[-109,54],[-260,96],[-80,34],[-37,20],[-54,42],[-116,110],[-48,114],[106,77],[69,41],[124,83],[55,31]],[[20217,8658],[34,-18],[23,-30],[48,-18],[58,-64],[35,-23],[27,-5],[13,-24],[30,-16],[27,8],[10,-24],[69,-4],[24,-15],[47,12],[21,-36],[46,-32],[0,-74]],[[20729,8295],[-2,-153],[-5,-37],[-30,-67],[-163,-220],[-27,-59],[-7,-102]],[[20495,7657],[-54,7],[-49,-4],[0,183],[-6,36],[4,164],[-47,-4],[-20,-46],[-91,-32],[-36,-4],[14,77],[-20,55],[-30,36],[-75,0],[-1,32],[75,49],[61,16],[-15,28],[-9,399],[21,9]],[[25400,3616],[107,20],[50,28],[-1,217],[37,68],[15,66],[37,54],[3,151],[18,45],[11,52],[16,33],[11,77]],[[26025,3687],[-24,-28],[-27,-16]],[[25974,3643],[-6,24],[-26,13],[-33,-5],[-71,4],[-16,-13],[-11,-43],[-38,-54],[-38,-22],[-27,6]],[[25708,3553],[-15,4],[-114,-74],[-19,-30]],[[23247,4589],[11,-6],[200,-59],[124,-41],[159,-39],[106,-43]],[[23847,4401],[-10,-67],[69,-120],[144,-101],[32,-87],[15,-26],[24,-78],[17,-14],[39,-5],[-1,-107]],[[19555,55472],[236,2],[32,5],[75,-5],[167,-4],[0,248],[69,-29],[47,13],[38,-10],[-2,-58],[23,-15],[19,-36],[50,-13],[25,1],[40,-24],[14,-25],[131,11],[41,-4],[13,-28],[33,-22],[41,6],[71,-15],[16,10]],[[20734,55480],[21,13],[30,-25],[39,-10],[13,-23],[66,-38],[5,-39],[25,-10],[35,9],[41,-12],[19,6],[40,-32],[16,-39],[56,-40],[25,-46],[26,-12],[20,-38],[27,-31],[31,-9],[30,-29],[24,-5],[39,-36]],[[21362,55034],[-26,-49],[-103,-335]],[[21233,54650],[-60,-200],[2,-32]],[[21175,54418],[-151,123],[-69,8],[-41,20],[-153,38],[33,-36],[-52,-46],[30,-40],[9,-37],[-19,-39],[31,-71]],[[20793,54338],[-43,13],[-51,-4],[-49,4],[-74,37],[-33,39],[-80,14],[-18,-38],[-37,-21],[-16,-29],[-23,-13],[-54,3],[-34,-13],[-13,-31],[-27,-13],[-41,0],[-9,11],[-93,14],[-20,25],[-21,-20],[-77,-36],[-43,-53],[-11,-48],[-44,18],[-15,28],[-37,42],[-3,16],[-48,0],[-12,31],[-32,11],[-83,-1],[1,121],[-86,-1],[-6,282],[3,232]],[[19564,54958],[-1,128],[-4,45],[-4,196],[0,145]],[[18540,54954],[172,-3],[262,2],[134,0],[456,5]],[[20793,54338],[44,-32],[50,-26],[23,-36],[30,-18],[-24,-38],[-38,-32],[-12,-53],[34,-31],[-12,-48],[43,-20],[51,-38],[13,-48],[20,-34]],[[21015,53884],[-62,-45],[-65,-89],[-5,-41],[-35,-43],[-47,-35],[-37,-69],[-91,-111],[-96,-50],[-33,40],[2,18],[-31,71],[-39,63],[4,26],[-11,58],[-26,29],[-50,12],[-5,26],[-38,78],[-29,44],[-72,-57],[-83,-39],[-109,1],[-52,-36],[-57,-12],[-19,-17],[-20,-38],[-43,-21],[-94,-2],[-59,-43],[-70,2],[-172,-6],[-66,1],[-79,-18],[-55,16],[-56,1],[-226,-7],[-48,-18],[-51,-6],[-100,21],[-50,1],[-78,-6],[-79,-1],[-34,-9]],[[18545,54266],[-2,169],[-3,519]],[[18541,55600],[152,-76],[35,-24],[51,-47],[30,-14],[70,-4],[0,162],[108,0],[13,14],[9,50],[38,21],[1,470],[22,1],[0,48],[-41,-1],[-28,25],[35,23],[47,-4],[24,-26],[28,23],[52,-26],[22,24],[35,-14],[18,6],[7,-42],[35,-3],[51,-46],[-20,-33],[7,-27],[31,-52],[-8,-39],[31,-31],[53,-28],[20,-26],[49,-12],[22,-42],[21,-6]],[[19561,55844],[-5,-111],[-1,-261]],[[18540,54954],[2,514],[-1,132]],[[20584,56870],[234,-8],[497,-2],[249,2],[541,-1]],[[22105,56861],[-2,-343],[1,-146],[-1,-670],[-1,-277],[1,-121]],[[22103,55304],[-42,2],[-56,-28],[-49,-1],[-64,17],[-14,-8],[-48,-91],[-5,-25],[-22,-23],[-7,-36],[-37,0],[-47,-35],[-10,-25],[-45,-18],[-61,-94],[-50,29],[-91,-4],[-76,49],[-17,21]],[[20734,55480],[-95,330],[-1,25],[17,116],[-2,41],[-19,72],[-53,112],[-16,97],[-29,76],[2,79],[18,61],[24,4],[4,377]],[[21152,53527],[5,31],[59,173],[16,100],[16,48],[178,-147],[20,-1],[27,27],[24,-14],[8,59],[9,179],[41,-24],[-2,48],[18,52],[-6,15],[19,34],[-2,41],[22,27],[1,30],[19,55],[-115,0],[11,72],[-2,59],[33,27],[14,60],[15,38],[-34,-3],[-3,56],[-19,30],[-43,15],[-50,-15],[-53,-52],[-22,-30],[-86,76],[-37,57]],[[22103,55304],[2,-194],[65,-1],[152,1],[296,0],[2,-948]],[[23133,52051],[-1,-385],[-2,-51],[0,-321],[-2,-270]],[[23128,51024],[-26,-8],[-1,55],[-41,-42],[-19,20],[-27,-10],[0,42],[-48,12],[10,27],[-22,19],[-20,-5],[-35,22],[-59,-20],[-12,28],[-25,-14],[-63,24],[-34,32],[-26,55],[-18,-13],[-24,30],[-40,-36],[-6,19],[-40,19],[-42,1],[-65,63],[-14,-31],[-68,32],[-14,30],[-52,-12],[-32,-28],[-56,29],[-42,10],[-11,-41],[-61,3],[-6,39],[-46,-8],[-10,-25],[-39,-12],[-16,-19],[-38,-17],[-29,7],[-57,-3],[-26,20],[-49,5],[-24,13],[1,24],[-29,12],[-19,-16],[-68,21],[-18,28],[-33,-25],[8,-18],[-15,-24],[-31,5],[-22,36],[-21,-43],[-78,-25],[-14,-11],[-58,12],[-34,-3],[-45,24],[-14,17],[-28,91],[-49,-8],[-14,10],[-58,13],[-46,71]],[[20558,51715],[-36,39],[-17,40],[-5,116],[45,44],[-1,27],[19,20],[21,40],[7,45],[-11,15],[27,31],[-11,75],[-9,15],[16,43],[-41,56],[-23,80],[-30,8],[40,53],[26,58],[37,27],[27,38],[7,44],[-27,44],[15,36],[-5,28],[-35,0],[0,173],[134,-4],[21,-11],[62,11],[87,-78],[36,-9],[93,17],[70,-22],[50,35],[23,1],[17,30],[9,54],[-3,56],[-28,12],[-2,36],[-26,46],[-1,52],[7,49],[-36,54],[-11,42],[41,135],[15,111]],[[21015,53884],[63,-31]],[[21078,53853],[13,-6],[33,-51],[14,-34],[-20,-22],[-1,-38],[-46,-63],[-24,-10],[-7,-21],[12,-29],[48,0],[22,-31],[30,-21]],[[18537,56872],[56,6],[285,-3],[261,3],[419,-1]],[[19558,56877],[3,-77],[-5,-487],[4,-90],[-3,-67],[0,-205],[11,-41],[-7,-66]],[[18541,55600],[-1,485]],[[18540,56085],[-5,261],[3,318],[-1,208]],[[19558,56877],[541,-3],[485,-4]],[[12898,25850],[97,-13],[40,-16]],[[13035,25821],[2,-54],[-5,-58],[18,0],[0,-84],[10,-41]],[[13060,25584],[-38,23]],[[13022,25607],[-81,48]],[[12941,25655],[-6,56],[-33,1],[-5,64],[1,74]],[[27173,49357],[35,-37],[49,1],[-1,86],[107,-2],[28,7],[26,23],[43,2],[-13,39],[-24,9],[-1,45],[45,46],[41,-1],[27,-10],[45,-110],[33,-33],[74,-34],[109,-69],[59,-54],[46,-51],[93,-39],[12,-13],[16,-76],[1,-78],[14,-34],[134,-150]],[[28171,48824],[-44,-111],[-27,-104],[-39,-87]],[[28061,48522],[-138,89],[-32,15],[-135,49]],[[27756,48675],[-64,25],[-28,22],[-99,109],[-399,-2]],[[27166,48829],[2,184],[-1,156],[7,1],[-1,187]],[[27756,48675],[1,-88],[-12,-16],[-2,-54]],[[27743,48517],[-72,5],[3,-376]],[[27636,48130],[-54,-25],[-12,38],[-40,36],[-108,51],[-34,88],[-40,8],[-11,25],[0,39],[-16,13],[-153,-1]],[[27168,48402],[-2,427]],[[27970,50000],[3,-23],[67,-56],[-27,-10],[0,-118],[20,-49],[21,-3],[0,-80],[21,-76],[26,-10],[109,-3],[-33,-44],[-31,-30],[-33,-12],[-7,-39],[2,-68],[-17,-20],[-4,-52],[30,-88],[60,-73],[-4,-36],[-17,-9],[-14,-39],[14,-44],[23,-19],[33,-2],[9,-14],[-17,-72],[-33,-87]],[[27173,49357],[-1,134]],[[27172,49491],[1,138],[-3,204],[340,-3],[0,381]],[[28171,48824],[45,-68],[67,-89],[15,49],[9,199],[128,0]],[[28435,48915],[-21,-164],[-48,-354],[-34,34],[-25,5],[-46,-24],[-33,2],[-98,63]],[[28130,48477],[-69,45]],[[29873,47331],[-1,-150],[-2,-349],[5,-149],[-2,-77],[3,-344]],[[29876,46262],[-334,0],[-177,-3],[-13,2],[-264,0],[-67,3],[-200,0]],[[28821,46264],[0,58],[28,30],[6,42],[180,77],[35,6],[45,37],[1,232],[8,30],[64,78],[-3,30],[-71,83],[-40,68],[-35,-31],[-63,1],[-9,-20],[-57,-40],[-3,-26],[-24,-24],[-39,114],[-120,359]],[[28821,46264],[-224,-1],[-216,2],[-189,0],[-2,-174]],[[28049,46095],[18,63],[115,447],[5,37],[-2,480]],[[28459,49808],[12,-26],[32,-20],[35,-51],[1,-54],[-9,-63],[-26,-15],[-6,-75],[7,-89],[63,-54],[9,-23],[-2,-60],[6,-42],[-30,-26],[-4,-48],[-44,-53],[21,-49],[15,-81],[-22,-40]],[[28517,48939],[-38,-23],[-44,-1]],[[28517,48939],[0,-83],[31,-53],[50,-53],[5,-126],[-6,-25]],[[28597,48599],[-35,-70],[84,-1],[19,-13],[80,-6],[34,-60],[-1,-38],[21,-24],[69,26],[-13,-51],[5,-101]],[[28264,48318],[-85,0],[0,37],[-53,2]],[[28126,48357],[0,39],[-26,74],[30,7]],[[14991,30079],[36,21],[-7,20],[30,31],[-22,13],[21,25],[27,0],[3,26],[38,28],[26,53],[29,-7],[8,18],[-24,28],[72,13],[36,-14],[16,20],[59,3],[3,51],[23,1],[20,-19],[33,18],[-4,33],[27,18],[1,39],[40,9]],[[15482,30507],[17,-7],[19,-90],[48,-2]],[[15566,30408],[-1,-108],[13,-122],[18,-116],[-43,-64],[-1,-22],[62,-9],[22,-28],[10,-252],[-6,-46],[-47,-174],[-17,-46],[-3,-43],[-17,-87]],[[15556,29291],[-188,0],[-4,-90],[-76,4],[0,-76],[-15,-53],[-40,-87],[-10,-52],[0,-48]],[[15223,28889],[-117,-54],[-17,-13],[-54,-68],[-31,-53],[-90,-83],[-51,-34],[-79,-28],[-41,1],[-63,42],[-101,21]],[[14579,28620],[-74,-9],[-21,-8],[-171,-155],[-59,-24],[-149,-31],[-159,-3],[-17,-5],[-35,-35],[-30,-44],[-38,-30],[-36,-1],[-72,36],[-144,-5],[-24,10]],[[13550,28316],[-35,39],[48,3],[48,17],[13,19],[26,144],[14,38],[-19,24],[-3,32],[35,103],[14,30],[3,36],[-12,105],[-32,54],[-123,111],[-74,40],[-27,52],[-39,39],[-12,32],[-1,46],[-22,27],[-119,55],[-62,-5]],[[14524,27154],[118,-1],[34,-31],[79,-56],[11,2]],[[14766,27068],[102,-1]],[[14868,27067],[1,-107],[6,-104],[-6,-63]],[[14869,26793],[-76,4],[-88,-7]],[[14509,26806],[-1,30]],[[14508,26836],[-5,177],[0,56],[21,85]],[[14704,26641],[0,-73],[83,13],[-8,-47],[1,-64]],[[14780,26470],[-76,-1]],[[14704,26469],[-82,1]],[[14704,26641],[165,-1]],[[14846,26470],[-66,0]],[[14579,28620],[0,-172],[3,-14],[0,-193],[-7,-127],[18,-65],[31,-28],[-2,-177]],[[14622,27844],[-184,0],[-72,16],[-117,47],[-54,8],[-45,15],[-215,0],[-54,6],[-67,-24],[-16,2]],[[13798,27914],[-11,4],[-43,-23],[-21,24],[-3,31],[-68,21],[-57,99],[-46,60],[1,186]],[[15223,28889],[64,26]],[[15287,28915],[17,-14],[11,-45],[3,-49],[23,-4],[35,-44],[33,-2],[12,-20]],[[15421,28737],[26,-3],[38,-32],[61,-32],[32,-29],[13,8]],[[15591,28649],[18,-12],[36,-50],[-25,-50],[25,1],[8,-28],[-11,-18],[56,-51],[-11,-48],[27,-41],[-24,-46],[1,-73],[-20,-48],[20,-19],[32,2],[9,-66],[-17,-62],[-26,-27],[-7,-41],[-30,-40],[-13,-86]],[[15639,27846],[-100,-3],[-110,3],[-229,1],[-64,-24],[-67,-39]],[[15069,27784],[-34,15],[16,39],[-26,8],[-293,0],[-110,-2]],[[14940,27481],[129,303]],[[15639,27846],[130,-1],[124,-6],[62,9],[40,42],[105,65],[63,-45],[119,-28],[137,-5],[39,-30],[10,-39]],[[15757,27414],[-111,51],[-39,-65],[-35,-35],[-77,-44],[-91,-27],[-46,-22],[-51,-39],[-19,5],[-186,0],[0,117],[-26,34],[-35,-5],[-39,-30]],[[15002,27354],[-10,24],[-39,35],[-41,0]],[[14912,27413],[28,68]],[[15202,27051],[5,15],[-89,-1],[-21,-19],[-64,1]],[[15033,27047],[0,98],[-27,135],[-4,74]],[[14868,27067],[77,0],[88,-20]],[[15421,28737],[19,37],[43,109],[14,83]],[[15497,28966],[195,0],[63,6],[81,-31],[43,-4],[84,17],[49,17]],[[16012,28971],[8,1],[1,-189],[11,-30],[-64,-33],[-29,-10],[-61,-1],[-46,-14],[-55,-4],[-24,-36],[-72,-4],[-11,14],[-34,-11],[-27,25],[-18,-30]],[[15556,29291],[-33,-195]],[[15523,29096],[-79,0],[-3,-130],[-65,-9],[-42,-27],[-47,-15]],[[15523,29096],[-17,-101],[-9,-29]],[[13550,26516],[43,19],[146,99],[45,38],[34,8],[20,27],[6,30],[33,6],[46,-5],[56,16]],[[13979,26754],[19,-22],[74,10],[55,21],[60,35],[59,21],[43,6],[59,17],[140,-1],[20,-5]],[[14194,26479],[-559,-3],[-86,1]],[[13549,26477],[1,39]],[[16311,52689],[4,-2]],[[16315,52687],[26,-13],[127,-33],[129,-20],[69,10],[75,1],[205,-27],[113,72],[85,57],[73,32],[35,5],[159,-16],[48,-7],[42,15],[38,-13],[103,-17],[68,-1]],[[16492,51704],[-40,108],[-43,140],[-11,97],[-7,253],[-20,115]],[[16238,53697],[91,36],[6,22],[-14,20],[5,42],[-13,26],[8,23],[62,9],[10,36],[35,15],[-2,20],[34,9],[10,20],[46,-15],[49,64],[43,-2],[25,31],[30,66],[25,-9],[37,60],[-10,45],[39,54]],[[16754,54269],[345,4],[75,-1],[233,1],[119,-1]],[[16315,52687],[-99,451],[-3,39],[25,520]],[[15865,56874],[292,0]],[[16157,56874],[0,-208]],[[16157,56666],[-51,19],[-69,-20],[-164,2]],[[10627,11947],[2,-179],[-1,-157]],[[10632,10073],[-292,0],[-436,-4],[-268,1],[-537,-1],[-252,-2],[-188,1],[-52,3],[-108,-1],[-627,-2]],[[7872,10068],[-3,22],[-23,22],[2,31],[-49,20],[-21,38],[3,34],[-24,4],[3,24],[-48,91],[-27,7],[-34,26],[19,36],[-8,37],[23,-3],[30,84],[12,65],[-14,47],[-15,18],[14,30],[-8,49],[6,17],[-28,52],[28,17],[-9,48],[23,35],[26,19],[-23,16],[16,28],[-15,21],[-6,53],[-16,7],[-13,49],[-15,16],[57,57],[17,4],[17,72],[-13,42],[12,9],[-11,36],[13,52],[2,42],[-24,6],[6,56],[-17,8],[-10,30],[15,38],[-10,29],[16,48],[-18,7],[-14,46],[16,19],[-3,51],[41,54],[-12,23],[11,24],[-1,54],[-11,17],[20,45]],[[7872,10068],[-339,0],[-109,4],[-1118,-8],[-596,-1]],[[5710,10063],[6,104],[6,793],[-2,92],[3,106],[-5,358],[-3,26],[0,610]],[[24422,4223],[11,-91],[54,-115],[8,-68]],[[24495,3802],[-3,-4],[-316,-2]],[[20185,9277],[5,22],[1,191],[-10,59],[15,26],[45,135],[37,38],[-7,60],[-25,41],[-39,24],[-12,42],[61,5],[49,30],[10,34],[-28,55],[-36,46],[-28,62],[-31,19]],[[20192,10166],[-1,97],[131,1]],[[22141,10197],[0,-109],[79,0],[-2,-475],[1,-592]],[[22218,8408],[-139,-8],[-99,-11],[-63,-12],[-65,-5],[-159,-46],[-59,3],[-64,20],[-70,14],[-35,-2],[-137,-24],[-438,-59],[-40,1],[-48,12],[-73,4]],[[20217,8658],[8,116],[-13,22],[-35,24],[-10,100],[-20,43],[5,123],[-5,77],[3,24],[22,46],[13,44]],[[19149,4498],[-36,-90],[-25,-90]],[[19088,4318],[-127,117],[-76,-1],[-93,-45],[-1,144]],[[19277,4785],[274,612]],[[19551,5397],[29,-40],[46,-1],[19,-11],[33,-66],[28,-26],[35,-125],[23,-31],[46,-11],[80,1],[72,15],[-6,-48],[-19,-41],[-35,-14],[-39,-52],[-54,-83],[-15,-47],[-31,-57],[-21,-317],[108,-24]],[[19850,4419],[-80,0],[1,-171],[-281,-2],[-212,5],[0,-251],[1,-263],[-290,3]],[[18989,3740],[-44,44],[-4,31],[8,50],[-27,45],[61,76],[35,72],[70,260]],[[18565,4089],[23,53],[0,29],[-30,3],[-1,27],[72,60],[1,161],[6,8],[144,104],[11,-1]],[[18989,3740],[-123,3]],[[18866,3743],[-30,17],[-24,26],[-60,26],[-16,-14],[-18,94],[-33,18],[7,27],[-26,29],[-48,-6],[-11,33],[-46,37],[9,37],[-5,22]],[[17593,5681],[18,-11],[36,2],[53,13],[56,51],[17,33],[29,25],[42,50],[31,20],[1,-115],[-19,-32],[-18,-47],[13,-91],[30,-25],[30,-13],[38,39],[72,39],[68,59],[7,12],[38,-88],[15,-19],[97,-189],[39,102],[68,79],[77,86],[19,7],[51,0],[95,14],[54,-9],[20,9],[21,34]],[[18691,5716],[30,-54],[39,-20],[3,-23],[24,-10],[47,-40],[23,-70],[7,-59],[-16,-9],[-2,-42],[-13,-42],[-22,-32],[11,-27],[-21,-17],[-37,23],[-61,-15],[-40,-29],[-3,-34],[-94,-82],[-7,-31],[9,-108],[14,-56],[16,-14],[8,-52],[-16,-49],[41,-44],[45,-26],[25,10],[23,-6],[34,13],[27,-42]],[[18565,4089],[-46,45],[-13,-29],[-47,29],[-20,22],[-34,15],[-41,-16],[-27,-26],[-17,20],[38,13],[-1,44],[-24,-8],[-18,38],[-21,11],[-34,-27],[-37,-11],[6,34],[24,-7],[10,18],[-14,38],[-31,-14],[-7,26],[15,23],[-37,29],[17,14],[-15,31],[-26,3],[-43,-32],[-12,62],[-40,24],[28,24],[-14,39],[14,48],[-39,13],[-3,19],[-28,9],[31,47],[-28,22],[-21,56],[-22,8],[-40,-7],[-39,6],[-103,36],[-34,19],[12,17],[37,-30],[21,15],[34,-20],[15,36],[-8,31],[-23,39],[-81,13],[-2,48],[30,19],[35,-25],[55,18],[33,42],[6,28],[-16,15],[-28,-8],[0,-49],[-13,-15],[-26,10],[17,28],[-8,28],[-64,-8],[-48,-21],[-20,12],[14,44],[-25,70],[2,19],[-38,25],[-24,43],[40,-12],[31,9],[7,28],[-37,-12],[-5,55],[-8,11],[-35,-7],[-22,14],[-12,32],[7,17],[46,-7],[5,21],[-31,31],[-23,10],[-28,37],[53,2],[29,31],[-28,10],[-42,-19],[-21,23],[13,26],[-1,50],[13,26],[-14,25],[-22,-16],[-60,-9],[5,49],[39,-7],[25,12],[10,30]],[[18691,5716],[9,16]],[[18700,5732],[38,-17],[18,1],[32,-20],[44,-8],[47,29],[85,-1],[27,-27],[66,-38],[31,-7],[79,17],[59,-21],[17,-45]],[[19243,5595],[7,-61],[-25,-191],[-25,-52],[-58,-88],[6,-57],[-55,-300],[-22,-70]],[[19243,5595],[14,3],[8,-47],[24,-8],[81,-47],[35,-11],[86,-42],[60,-46]],[[19281,6689],[56,13],[121,3],[248,115],[57,22],[20,-4],[26,16],[68,-23],[72,-13],[39,0],[182,-43]],[[20170,6775],[36,-7],[193,0],[66,-11],[77,7],[-12,-42],[-9,-125],[-29,-51],[0,-69],[-6,-26],[-36,-82],[-12,-94],[24,-83],[-18,-81],[-32,-92],[5,-42],[-16,-20]],[[20268,5715],[-55,-27],[-20,-38],[-107,-5],[-45,16],[-59,-2],[-28,-18],[-59,-20],[-82,2],[-62,25],[-35,8],[-137,-202],[-28,-57]],[[19243,5595],[-9,56],[3,87],[7,34],[55,80],[29,65],[13,42],[31,157],[12,73],[-54,14],[-7,12],[-14,128],[-25,67],[-29,55],[-4,63],[15,58],[-7,54],[22,49]],[[19229,6743],[10,-20],[27,-12],[15,-22]],[[18700,5732],[29,59],[3,25],[-11,90],[9,42],[-13,80],[0,66],[41,54],[-9,78],[-17,21],[-1,42],[16,18],[36,11],[15,48],[45,35],[42,48],[46,12],[23,19],[19,69],[24,32],[-4,33],[11,68],[23,11],[40,-20],[45,-11],[38,37],[79,44]],[[20495,7657],[-8,-339]],[[20487,7318],[-11,1],[-16,-81],[-76,-84],[-13,-6],[-167,0],[-34,-24],[-32,2],[-33,21],[-113,1],[-71,37],[-26,26],[-3,42],[-38,12],[-29,26],[-40,9],[-47,24],[-47,-6],[-39,4],[-80,-12],[-57,30],[-55,-3],[-5,122],[-65,32],[6,81],[-5,47],[3,56],[36,116],[-57,-17],[3,175],[48,44],[28,42],[0,45],[14,21],[39,27],[-77,22],[-58,51],[-42,18],[-84,10],[-101,-20],[-45,-3],[-27,-17],[-17,18],[7,22],[-14,22],[60,47],[69,-18],[30,-19],[39,30],[28,6],[33,50],[39,22],[26,58],[31,32],[-10,35],[-5,86],[23,30],[-2,29],[-18,101],[31,55],[8,48],[-29,72],[-2,54],[-13,15],[9,39],[-6,113],[-27,59],[72,29],[44,23],[41,8],[47,-14],[45,-48],[48,-16],[49,2],[56,-17],[46,19],[142,48],[50,49],[184,-1]],[[20133,4417],[-262,0],[-21,2]],[[20170,6775],[41,97],[23,28],[192,194],[38,51],[16,48],[7,125]],[[17605,7638],[34,-10],[46,-45],[25,-13],[29,1],[70,24],[25,-2],[67,-20],[55,0],[328,68],[47,6],[308,16],[0,-180],[-11,-72],[27,-332],[12,-6],[88,-10],[34,-24],[59,-27],[104,-18],[23,-16],[154,0],[-11,-98],[25,-26],[15,-33],[59,-51],[12,-27]],[[17593,5681],[23,51],[1,43],[58,42],[-17,33],[-39,-12],[-29,10],[-3,49],[25,18],[-5,20],[-34,-18],[-11,18],[11,30],[-22,16],[-32,4],[-5,34],[-28,47],[-26,-9],[-12,-37],[-32,-15],[5,87],[-19,11],[-34,-10],[-42,7],[-18,21],[10,23],[24,13],[22,-27],[31,7],[6,26],[38,38],[5,47],[-24,5],[-17,-46],[-26,-12],[-21,26],[26,24],[28,43],[37,6],[-42,33],[6,27],[27,28],[7,43],[-34,-21],[-37,9],[12,49],[71,-11],[14,15],[-22,24],[-4,28],[20,43],[-20,48],[-54,-18],[-22,19],[-4,32],[45,29],[15,29],[-8,56],[-15,39],[29,9],[16,-39],[25,-18],[36,-5],[13,22],[-13,54],[55,61],[-30,15],[-56,-19],[-22,17],[32,23],[38,-3],[21,19],[-21,19],[-35,-11],[-27,4],[-10,16],[30,35],[115,-2],[49,10],[2,29],[-34,7],[-26,-7],[-35,-38],[-19,6],[1,27],[32,19],[-5,71],[31,78],[-11,17],[-41,-42],[-22,-6],[-31,31],[23,27],[30,-6],[17,38],[-36,23],[-28,47],[-3,30],[-20,21],[23,22],[12,-42],[27,13],[12,55],[-7,32],[-21,43],[9,32],[25,5],[6,-27],[18,-13],[41,33],[10,23],[-20,50],[-2,38]],[[19212,10105],[278,0],[32,-1],[506,-2],[165,-4],[-1,68]],[[17605,7638],[19,37],[36,8],[30,-30],[-5,-46],[21,-20],[61,30],[16,31],[-50,-13],[-8,19],[9,32],[-32,29],[-40,51],[13,11],[21,-36],[22,-6],[48,28],[8,62],[62,56],[-23,30],[-4,38],[14,28],[30,-1],[-6,-31],[21,-2],[21,29],[56,-52],[43,35],[-7,27],[-40,0],[-11,35],[34,37],[16,45],[-17,19],[-38,-29],[-23,7],[3,82],[25,56],[-3,30],[-39,40],[-6,19],[29,12],[35,-28],[11,-32],[20,-12],[23,12],[-7,27],[-33,61],[10,26],[44,-2],[39,-30],[29,17],[-9,58],[37,37],[9,32],[-57,61],[-51,48],[5,47],[25,32],[27,-26],[19,-2],[11,36],[-25,22],[-9,26],[17,69],[-17,54],[4,17],[28,12],[40,-26],[51,-10],[36,31],[3,25],[-30,60],[-37,18],[-5,49],[15,21],[31,17],[24,-5],[27,-22],[38,1],[33,34],[18,36],[-3,41],[-54,10],[-23,39],[29,38],[12,35],[-4,25],[-57,47],[-13,35],[6,25],[56,96],[65,40],[2,50],[33,21],[39,56],[41,-5],[32,5],[9,37],[-21,24],[-65,32],[-10,19],[11,21],[48,12],[10,37],[-7,52],[26,66],[-6,26],[-33,1],[-27,24],[-7,38],[46,-2],[25,32]],[[26037,18358],[21,1],[289,-45],[29,-8],[143,-60],[19,-4],[440,-3],[268,6],[-38,49],[-22,70],[3,23],[-29,74],[-30,26],[-22,41],[53,27],[11,38],[-4,43],[38,12],[45,-3],[25,23],[7,28],[-5,32],[38,2],[35,18],[77,-19],[56,8],[32,27],[58,16],[1,-25],[40,-73],[46,21],[19,-24],[49,-35],[67,-31],[54,-47],[34,6],[38,-33],[50,-23],[58,14],[23,-6],[74,17],[49,1],[66,-18],[10,-16],[56,-49],[23,-45],[29,-27],[45,-21],[39,-39],[55,-8],[36,-43],[37,-32],[60,-15],[25,-15]],[[28832,17577],[-21,-40],[-50,-25],[-62,-56],[-12,-24],[-6,-42],[-16,-50],[2,-34],[22,-70],[-2,-33],[-16,-26],[-31,-22],[-10,-21],[-9,-55],[-38,-43],[-60,-88],[-64,-24],[-73,-48],[-19,27],[-67,51],[-44,1],[-62,20],[-63,43],[-69,28],[-45,61],[-62,27],[-37,32],[-24,32],[-50,12],[-231,-68],[-224,74],[-37,0],[-43,9],[-30,44],[-20,9],[-47,-18],[-69,-43],[-115,-13],[-42,-19],[-61,18],[-31,1],[-46,-15],[-27,13],[-20,45],[-73,34],[-18,46],[-25,26],[-31,-15],[-34,-58],[-91,-65],[-35,-34],[-28,-10],[-95,-1],[-46,-11],[-54,27],[-60,8],[-57,-4],[-38,-13],[-43,4],[-32,14]],[[26041,17195],[1,89],[-3,151]],[[26039,17435],[-1,407]],[[26038,17842],[-1,516]],[[26035,19735],[109,11],[207,14]],[[28459,19993],[-11,-47],[13,-36],[-30,-5],[-46,15],[-20,-5],[-20,-67],[-59,-29],[-54,-70],[-6,-41],[33,-37],[91,7],[-3,-41],[8,-44],[34,-23],[32,-4],[2,-22],[-28,-35],[-17,-7],[-23,27],[-31,8],[-22,27],[-16,-1],[-11,-39],[21,-23],[37,-18],[-1,-23],[-20,-11],[-48,7],[-17,-38],[-22,-22],[-9,-26],[34,-54],[2,-47],[14,-24],[74,16],[22,-4],[44,21],[10,-19],[-43,-55],[-26,-55],[22,-26],[35,-7],[40,-67],[20,-3],[11,-27],[27,-15],[10,-23],[-40,-10],[31,-55],[42,31],[16,-17],[1,-36],[13,-50],[25,-33],[-13,-28],[28,-24],[6,-52],[-44,-41],[61,-44],[-26,-29],[66,-37],[63,-26],[31,-27],[-13,-107],[-26,-62],[-61,-88]],[[26037,18358],[-2,305],[2,251]],[[26037,18914],[1,508],[-3,313]],[[30549,20547],[8,-276],[13,-227],[13,-393],[12,-392],[32,-722],[2,-197],[10,-194]],[[30639,18146],[-40,2],[-60,68],[-14,33],[-90,3],[-22,15],[-36,4],[-71,21],[-77,-1],[-20,-21],[-50,-23],[-84,-63],[-18,-20],[-51,-12],[-38,-38],[-34,8],[-21,-12],[-28,9],[-26,22],[-43,6],[-34,-3],[-48,-18],[-44,23],[-59,9],[-21,-7],[-39,3],[-58,16],[-119,-48],[-34,-10],[-29,-38],[-31,-15],[-47,10],[-41,-2],[-25,-13]],[[29618,16823],[32,35],[29,-21],[18,43],[27,-76],[32,19],[20,38],[26,27],[113,2],[28,-8],[48,9],[20,-34],[8,-48],[26,-36],[-1,-50],[40,1],[13,31],[37,12],[58,1],[7,-41],[24,-16],[65,-18],[73,16],[23,21],[23,-4],[5,-49],[43,19],[40,-22],[16,-19],[31,-13],[11,19],[39,24],[49,-9],[15,9],[56,-20]],[[30712,16665],[10,-233],[18,-365],[3,-132],[14,-218],[5,-259],[16,-277]],[[29736,15166],[19,95],[8,70],[-31,39],[-39,7],[-18,23],[-10,50],[-48,34],[-31,84],[15,61],[-1,41],[10,32],[88,134],[50,13],[34,25],[-3,120],[-17,82],[-46,71],[-7,34],[-35,77],[-7,35],[-31,42],[-10,38],[18,88],[1,73],[14,42],[33,1],[78,-15],[17,6],[-36,57],[2,45],[-60,22],[-120,67],[10,41],[35,23]],[[26039,16702],[0,284],[2,209]],[[29146,17514],[26,7],[-6,-40],[21,-29],[7,-34],[44,-50],[-31,-38],[0,-24],[51,-8],[-26,-45],[4,-36],[33,-21],[26,33],[8,-40],[-21,-41],[14,-10],[32,24],[14,-6],[8,-42],[35,0],[-2,-33],[-14,-29],[2,-21],[33,-22],[46,-1],[-3,-33],[26,-8],[27,-34],[0,-25],[39,-45],[20,1],[15,26],[42,-20],[2,-47]],[[27011,15156],[-243,-1],[-265,2],[-469,-3]],[[26034,15154],[0,469],[2,225],[3,121],[0,371],[0,362]],[[30639,18146],[23,-445],[14,-302],[8,-102],[28,-632]],[[25708,3553],[13,-24],[38,2],[1,-66],[45,-2],[-2,-38],[78,3]],[[25881,3428],[0,-8]],[[25881,3420],[-35,-11],[-1,-41],[41,-44],[1,-38]],[[25887,3286],[-74,-5],[-67,-47],[-21,-4]],[[25725,3230],[-30,4]],[[25881,3428],[0,61],[50,5],[23,19]],[[25954,3513],[8,-51],[119,1]],[[26081,3463],[0,-84],[-160,-2],[0,42],[-40,1]],[[26288,3553],[62,3],[28,12],[73,12]],[[26452,3428],[-22,-5],[-81,12],[-4,-21],[-57,-13],[0,152]],[[21639,19411],[1,-289],[2,-225]],[[21648,17338],[1,-139]],[[20411,17398],[4,30],[-19,11],[-9,31],[-27,15],[-40,52],[-7,28],[-90,43],[-2,36],[-69,56],[-31,30],[-17,3],[-21,37]],[[22140,11665],[0,158],[4,442]],[[22144,12265],[2,290],[4,328]],[[22150,12883],[12,4],[46,-28],[19,8],[15,28],[50,4],[36,42],[89,0],[85,-53],[40,0],[56,39],[-7,-75],[25,0],[11,30],[43,18],[80,-45],[29,-4],[25,-19],[27,23],[45,-13]],[[22876,12842],[202,-589],[332,-958],[10,-39],[89,-515],[19,-56],[-32,-12],[-24,25],[-50,3],[-41,50],[-30,-17],[-17,22],[-20,-17],[-16,14],[-32,0],[-7,25],[-41,29],[-65,-3],[-14,32],[7,20],[-50,37],[-38,16],[-26,31],[-24,5],[-46,84],[-22,17],[-30,60],[-26,6],[-20,31],[-10,52],[-24,0],[-27,33],[-8,24],[-23,16],[1,27],[-52,8],[-18,-19],[-28,9],[-61,-6],[-23,20],[-11,-24],[-30,20],[-36,-9],[-97,-5],[-27,-23],[-31,8],[-10,-18],[-31,-12],[-28,1],[-17,-22],[-54,14],[-78,-13]],[[22141,11224],[0,210],[-1,231]],[[22876,12842],[-35,101],[63,17],[54,-1],[85,-13],[181,9],[166,-54],[45,-23],[61,-48],[119,-43],[32,28],[9,34]],[[21659,15160],[231,0],[40,3],[219,2],[230,-6],[241,3]],[[22620,15162],[-30,-25],[-1,-18],[54,-37],[5,-21],[28,-25],[-3,-35],[45,-26],[12,-28],[34,-10],[11,-41],[-42,-17],[-21,-39],[5,-19],[27,-16],[-22,-45],[-5,-44],[19,-22],[38,3],[-17,-35],[33,-39],[3,-29],[22,-34],[-6,-21],[38,-6],[-5,-34],[-40,-6],[10,-33],[-18,-28],[30,-40],[-19,-23],[19,-28],[-41,-9],[-25,7],[15,-113],[-3,-20],[25,-28]],[[22795,14178],[-7,-29],[16,-26],[-3,-22]],[[22553,14169],[-16,8],[-14,45],[-49,32],[-33,-6],[-32,21],[-53,1],[-1,-23],[-30,-17],[-4,32],[-27,104],[-33,20],[-98,-130]],[[22163,14256],[-32,40],[-183,256],[-23,28],[-59,31],[-47,57],[-110,98],[-64,78],[-59,18],[-24,28],[-109,70],[-159,121],[-13,37],[-21,3],[-37,39]],[[22163,14256],[-29,-39],[-20,-42],[-5,-39]],[[22109,14136],[-81,1]],[[22028,14137],[-238,0],[-130,-2]],[[21660,14135],[-223,-1]],[[21437,14134],[-277,0],[1,134],[-3,261],[2,128],[-1,229],[-3,63],[-1,211]],[[22620,15162],[146,-5],[67,4],[70,-3],[363,1]],[[23266,15159],[165,2],[223,-2],[219,2]],[[23873,15161],[-4,-32],[5,-58],[18,-40],[6,-53],[-33,-107],[-11,-74],[-66,-50],[-36,-11],[-43,-34],[-80,-97],[-74,-39],[-32,-8],[0,-247],[-68,-23],[-13,-12],[0,-96]],[[23319,14179],[1,217],[-28,-21],[-51,-24],[2,130],[35,59],[0,106],[-75,1],[-39,27],[-4,-65],[-23,-26],[-8,-27],[7,-31],[-6,-44],[-20,-25],[-24,-6],[-31,-58],[-23,-62],[-25,-30],[24,-20],[3,-45],[-26,-16],[-32,11],[-34,34],[-31,60],[-34,-17],[-57,-14],[8,-30],[-23,-82],[-10,-3]],[[22555,13719],[74,80],[116,-5],[9,-10]],[[22754,13784],[0,-121]],[[22754,13663],[-138,0],[0,-38],[-119,-2],[-15,18]],[[22482,13641],[73,78]],[[22754,13663],[2,-45]],[[22756,13618],[-34,-58],[-4,-33],[-60,-36],[3,-47],[-34,-23],[2,-36],[-23,0],[-15,-26],[-58,-38],[-6,41],[-39,99],[-38,108],[-14,1]],[[22436,13570],[18,40],[28,31]],[[23873,15161],[216,0]],[[24089,15161],[2,-629],[-3,-162]],[[24088,14370],[0,-39]],[[14533,37299],[187,-63],[1010,-348]],[[15730,36888],[159,-57],[654,-224]],[[16543,36607],[11,-52],[-7,-29],[20,-11],[50,-54],[-68,-113],[-17,-44],[-36,-43],[7,-30],[52,-2],[-1,-61],[-10,-30],[-46,-54],[27,-59],[71,-54],[46,-46],[18,-28],[9,-40],[26,-41],[19,-11],[-61,-131],[-3,-134],[-40,-46],[2,-49],[45,-26],[-33,-28],[-31,-4],[-46,-31],[-92,-27],[6,-33],[-12,-27],[17,-25],[7,-30],[-5,-44],[-51,-9],[0,-24],[-20,-33],[13,-74],[44,16],[11,-67],[-12,-66],[2,-45],[-13,-32],[16,-31],[-27,-57],[8,-40],[-13,-32],[-31,-17],[-71,-18],[1,-28]],[[16325,34613],[-25,-3],[-46,-50],[-41,1],[-48,12],[-18,56],[-71,25],[-58,7],[-30,-13],[-29,18],[-42,-7],[-64,39],[-70,16],[-29,-16],[-21,23],[-26,-14],[-10,22],[-70,-5],[-52,24],[-27,-17],[-23,42],[-27,-1],[-27,23],[-47,-11],[-28,-43],[-19,-2]],[[15377,34739],[-42,13],[-52,28],[-34,-36],[-15,34],[-49,-17],[2,40],[-48,13],[-25,26],[-41,2],[-10,32],[-62,6],[-46,-4],[-28,-23],[-26,20],[-37,5],[-37,-36],[-36,6],[-34,-28],[-26,14],[-32,44],[-22,-12],[-7,42],[-26,11],[-38,-20],[-4,-64],[-50,6],[-32,37],[-20,-23],[-35,0],[-42,15],[-36,-21],[-23,24],[-23,-12],[-50,-2],[-35,9],[-1,-34],[-15,-11],[-44,16],[6,38],[-19,20],[-39,-9],[-32,19],[-58,-3],[-8,35],[-16,22],[-3,120],[-17,34]],[[14010,35115],[19,20],[47,-4],[12,26],[1,48],[40,25],[7,45],[37,2],[16,41],[18,-6],[19,29],[60,12],[1,29],[-23,15],[15,36],[-23,48],[64,21],[6,34],[-50,27],[-2,28],[19,38],[-3,82],[30,-3],[76,-48],[60,6],[33,47],[1,75],[12,32],[-9,90],[-17,41],[-8,44],[13,45],[18,-1],[19,45],[28,17],[19,29],[3,35],[-27,13],[10,42],[-12,40],[-24,24],[9,50],[-6,15],[15,65],[55,88],[-1,48],[-26,59],[-42,127],[-13,54],[-34,85],[3,41],[-13,40],[-6,49],[-16,77],[22,51],[11,86],[-8,89],[50,-15],[18,6]],[[16543,36607],[546,-187],[725,-242],[481,-161]],[[16947,33160],[-8,38],[-21,2],[-22,22],[-13,-24],[-27,9],[-114,54],[-37,53],[-17,15],[-28,-1],[-25,-16],[-47,8],[-47,55],[-15,9],[-51,8],[-37,15],[-23,33],[-25,59],[-22,31]],[[16368,33530],[-41,60],[-13,68],[13,92],[27,38],[2,48],[15,19],[-4,65],[-16,16],[-47,0],[-9,56],[28,43],[22,21],[-5,92],[-56,0],[-27,44],[29,33],[18,47],[74,26],[5,32],[28,24],[32,-4],[21,37],[28,30],[-10,58],[5,30],[-62,10],[-76,-21],[-22,22],[-2,97]],[[12717,35482],[83,-83],[13,-57],[32,-20],[35,-5],[58,8],[69,-44],[71,-80],[24,-69],[41,-48],[31,-12],[86,-68],[32,-34],[21,-70],[0,-37],[20,-10],[47,-1],[20,15],[89,-52],[25,-1],[207,198],[51,47],[-7,27],[39,-7],[50,45],[30,5],[45,-48],[67,53],[14,-19]],[[15377,34739],[-4,-103],[-15,-92],[-3,-62],[-17,-40],[3,-25],[-39,-32],[-11,-20],[-5,-44],[-31,-55],[-22,-68],[35,-83],[1,-74],[-22,-44],[-2,-27],[-37,-63],[-3,-221],[-19,-66],[-28,-65],[-30,-53],[-38,-137],[-36,-84],[-3,-27],[-34,-116],[-24,-61],[-30,-58],[-5,-21],[10,-61],[-12,-92],[-19,-22],[-51,-81],[-59,-54]],[[14827,32688],[-1076,465],[-490,210],[-184,86],[-141,57],[-82,27],[-213,90],[13,46],[-52,83],[-37,15],[-31,-21],[-18,-73],[-24,-27],[-41,-12],[-57,-6]],[[12394,33628],[-34,7],[-52,25],[-32,27],[-48,61],[-14,30],[0,30],[31,129],[-2,60],[-38,64],[-41,27],[-33,2],[-95,-25],[-24,-2],[-111,15],[-24,12],[-71,54],[-29,32],[-14,43],[0,116],[-17,124],[11,92],[-15,77]],[[11742,34628],[32,22],[36,-4],[19,10],[10,31],[-15,22],[-37,26],[-14,34],[16,61],[29,30],[27,7],[27,-19],[2,-46],[19,-79],[19,-30],[37,-4],[62,51],[66,-9],[35,-35],[10,-49],[29,-69],[43,-51],[20,-11],[44,-3],[51,-24],[61,35],[12,18],[9,48],[-10,33],[-21,19],[-60,33],[-28,38],[-46,34],[-45,79],[4,31],[26,70],[66,48],[37,6],[34,-7],[25,-31],[6,-26],[-14,-107],[9,-91],[29,-34],[11,-39],[26,-40],[50,2],[30,27],[38,55],[-1,17],[-43,44],[-25,41],[-11,32],[1,81],[16,38],[64,108],[31,25],[57,16],[69,-2],[2,29],[-1,363]],[[11591,15251],[33,146],[18,104],[1,67],[-55,253]],[[13390,14179],[-562,0],[-331,-2]],[[9809,16094],[80,-4],[44,5],[59,26],[149,90],[51,6],[182,-23],[42,5],[158,56],[181,19],[69,13],[79,2],[170,50],[-1,300],[44,1],[35,16],[43,29],[70,-4],[22,4]],[[9809,14168],[-1,141],[2,100],[6,58],[-3,134],[2,66],[-3,294],[0,153],[-3,179],[2,137],[-2,664]],[[11113,18265],[29,-40],[19,-81],[49,-19],[-10,-20],[-47,-33],[1,-139],[-42,-13],[0,-154],[-13,-24],[0,-31],[59,1],[49,21],[64,-10],[23,-15],[2,-70],[20,-16],[1,-120],[40,23],[2,-230],[-3,-48]],[[11356,17247],[-27,23],[-28,11],[-120,-3],[-65,-19],[-66,3],[-35,8],[-46,26],[-57,20],[-73,9],[-45,-15],[-44,6],[-53,31],[-38,34],[-49,34],[-24,-40],[-11,-64],[-21,-46],[-21,-24],[-33,-58],[0,-56],[-23,-76],[6,-74],[-8,-45],[-14,-34],[-77,-61],[-55,6],[-86,-39],[-83,-23],[-19,7],[-32,49],[-60,7],[-57,47],[-77,26],[-24,36],[-16,7],[-40,-7],[-25,-15]],[[9810,16938],[0,300],[-444,0],[-556,-3]],[[11356,17247],[15,-32],[48,-48]],[[11419,17167],[-18,-90],[-32,-126],[-21,-56]],[[9809,16094],[0,327],[2,241],[-2,86],[1,190]],[[15649,56872],[162,2]],[[17306,56490],[33,-1],[34,12]],[[17373,56501],[7,-11],[193,0]],[[17573,56490],[285,-271]],[[17858,56219],[1,-142]],[[17517,56298],[-139,105],[-28,25],[-44,62]],[[17573,56490],[279,1]],[[17852,56491],[5,-57],[1,-215]],[[29748,36866],[-143,-527],[-4,-21],[-1,-116],[3,-42],[60,-603],[11,-43],[-8,-15],[37,-374]],[[29703,35125],[-47,38],[-45,-24],[-10,-55],[-25,-46],[-3,-62],[6,-16],[-16,-35],[-3,-33],[-25,-10],[35,-77],[32,0],[-21,-54],[24,-24],[-21,-14],[11,-21],[74,27],[31,-21]],[[29700,34698],[-5,-58],[-31,-6],[-105,-69],[-43,-20],[-50,-5],[-21,-34],[-18,-58],[2,-287],[-38,-27],[-45,10],[-2,-39],[-79,-1],[-23,16],[-12,-20],[-22,-124],[-22,-63],[-5,-42],[-23,-54],[3,-22],[44,-79],[29,-35],[-3,-32],[-18,-57],[-51,-139],[-62,-92],[-13,-94],[5,-63],[-17,-19],[-57,-122],[-20,-34],[-94,-135],[-17,-43],[-1,-84],[5,-35],[-7,-61],[-15,-23]],[[28869,32648],[-565,-1],[-331,-5],[-82,2],[-280,-5],[-208,0],[-114,-2]],[[27289,32637],[-4,463],[1,406],[-5,396],[0,209]],[[27281,34111],[-1,559],[4,619],[1,305],[-2,287],[3,553],[0,426]],[[29703,35125],[7,-65],[3,-94],[27,11],[33,0],[1,-31],[48,14],[24,-37],[-32,-21],[7,-42],[-15,-44],[-17,-23],[7,-28],[-27,-10],[-40,-52],[-29,-5]],[[32170,36882],[-62,-605],[-16,-185],[-26,-206],[-18,-225],[-52,-489],[-19,-107],[-18,-275],[-44,-429],[-83,-855],[-8,-105],[-71,-727]],[[31753,32674],[-88,-4],[-234,4],[-509,-6],[-20,-1],[-570,-5],[-487,-4],[-147,-3],[-546,-4],[-283,-3]],[[14478,26246],[-25,-160]],[[14453,26086],[-21,-128]],[[14369,26006],[1,87],[-12,36],[12,38],[-67,0]],[[14303,26167],[39,78],[136,1]],[[14247,26053],[26,54]],[[14273,26107],[30,60]],[[14024,25447],[35,1],[19,85]],[[14132,25364],[-44,-11],[-31,2],[0,50],[-33,-1]],[[14024,25404],[0,43]],[[13618,25482],[49,11],[0,34],[59,82]],[[13726,25609],[48,-25]],[[13774,25584],[117,-66],[3,-5]],[[13827,25449],[-77,0],[-1,-85],[-114,9]],[[13955,25339],[1,-64],[40,0]],[[13996,25275],[-86,-134]],[[13910,25141],[-38,5]],[[13872,25146],[-14,17],[1,60],[-28,0],[-2,56]],[[11245,12847],[24,16],[-18,-198],[157,49],[166,68]],[[11584,12637],[13,-179],[15,6],[152,1],[-1,-121]],[[11763,12344],[-33,3],[-6,-52]],[[11724,12295],[-27,-7],[-88,0],[-116,8],[-199,-2],[-34,8],[-54,-9],[-77,-1],[-12,32],[-19,-11],[-71,-22],[-45,-5],[-48,-52],[-13,-21],[-44,-44],[3,-25],[-26,-28],[-27,-13],[-5,-36],[23,-65],[-8,-27],[15,-56],[23,-8],[-6,-38],[25,-68],[25,-44],[-14,-14],[-74,-27],[-32,-54],[-36,-49],[0,-25]],[[11724,12295],[-1,-35],[-24,-30],[21,-25],[-41,-35],[-23,-97],[-7,-71],[-31,-49],[3,-33],[-31,-3],[-26,-50],[-22,-23],[13,-21],[-29,-54],[-18,-22],[-50,21],[-69,-166],[-81,-146],[-21,-58]],[[13389,12047],[-119,71],[-138,15],[-68,-15],[-77,5],[-87,11],[-23,13],[-64,19],[-75,47],[-47,12],[-76,1],[-28,6],[-21,-10]],[[12566,12222],[-32,26],[0,37],[-16,41],[-46,36],[-54,15],[-54,48],[5,34],[-183,75],[31,56],[2,38],[28,26],[33,43],[6,62],[13,44]],[[11763,12344],[15,-6],[149,0],[2,-39],[330,50],[90,-56],[81,-86],[136,15]],[[14766,27068],[146,345]],[[16157,56874],[340,-1]],[[16497,56873],[0,-380]],[[16497,56493],[-340,2]],[[16157,56495],[0,171]],[[16497,56493],[308,-1],[32,2]],[[16837,56494],[0,-289]],[[16836,56149],[-339,2]],[[16497,56151],[0,342]],[[16497,56873],[339,-3]],[[16836,56870],[1,-376]],[[16837,56494],[42,-2],[178,-2],[249,0]],[[15942,56154],[129,0]],[[16071,56154],[426,-3]],[[16497,56151],[-1,-342],[1,-10]],[[16497,55799],[-162,1],[-18,11],[-344,1]],[[15973,55812],[-2,130],[-29,212]],[[16497,55566],[75,15],[47,25],[25,26],[79,24],[29,-3],[60,13],[13,14]],[[16825,55680],[18,-46],[-13,-43],[8,-26],[-5,-105],[4,-49],[-2,-110],[204,0]],[[17039,55301],[-13,-115],[-37,-271],[-57,-429],[-4,-17],[-38,-20],[-38,-3],[-34,-25],[-20,-33],[-18,-58],[-26,-61]],[[16238,53697],[-3,-1]],[[16235,53696],[7,158],[-1,160]],[[16241,54014],[-2,169],[-57,484],[-12,47],[-53,156]],[[16117,54870],[41,-2],[1,-76],[8,-8],[258,0],[74,-29],[-1,140],[-11,48],[10,26],[-1,339],[1,258]],[[15973,55566],[38,-10],[217,-2],[22,10],[247,2]],[[16117,54870],[-134,398],[-10,65],[0,233]],[[16836,56870],[222,-4]],[[17058,56866],[83,-136],[165,-240]],[[14767,54032],[15,4],[29,57],[57,132],[-32,100],[-2,81],[-17,69],[3,38],[-11,108],[-8,20],[65,116],[67,125],[58,59]],[[14991,54941],[129,10],[510,1],[46,-11],[45,-33]],[[15721,54908],[-6,-12],[1,-116],[129,0],[82,-10],[23,6],[34,-86],[8,-53],[1,-94],[-4,-63],[3,-45],[4,-297],[-14,-82],[52,-4],[37,-17],[98,6],[3,-15],[69,-12]],[[16235,53696],[-73,21],[-24,-19],[-48,18],[-32,-15],[-2,-45],[-29,-11],[-29,21],[-55,-35],[-9,-15],[-33,10],[-20,-20],[-62,13],[-39,-37],[-41,-1],[-37,-21],[-21,20],[-17,-6],[-1,-34],[-39,-3],[-14,-23],[-36,5],[-30,22],[-13,30],[-30,-4],[-26,16],[-25,-7],[-18,-23],[-32,9],[-22,39],[-61,54],[16,63],[-31,6],[6,25],[-43,2],[-15,-18],[-30,-4],[-38,-65],[-15,14],[6,37],[-28,-2],[-34,20],[-1,33],[-82,69],[-9,-39],[-32,-10],[-41,5],[-43,22],[-44,0],[11,35],[-40,15],[31,31],[-3,13],[-39,11],[-32,46],[-10,59],[-10,9]],[[16078,56496],[79,-1]],[[16071,56154],[2,323],[5,19]],[[15478,55541],[255,-13],[3,25],[68,-1]],[[15804,55552],[31,-131],[29,-102],[3,-69],[-12,-116],[4,-66],[12,-27],[47,-38],[47,-58],[72,-78]],[[16037,54867],[-221,-3],[-21,3],[-74,41]],[[14991,54941],[149,126],[1,198],[-1,205]],[[16037,54867],[80,3]],[[16497,55799],[0,-233]],[[15973,55566],[0,246]],[[16957,55979],[-59,-122],[-16,-56],[-57,-121]],[[15804,55552],[15,4],[87,-4],[37,21],[30,-7]],[[9923,38688],[-253,83],[-123,29],[-64,2]],[[28792,40445],[4,60],[97,1],[4,58],[-19,52],[2,65],[28,-1],[2,43],[-15,0],[49,121]],[[30061,981],[31,44],[80,0],[114,-83],[105,-49],[83,-22],[89,-35],[155,-58],[63,0],[77,26],[57,36],[94,10],[92,2],[46,-21],[46,22],[49,8],[43,-5],[10,-27],[-38,-90],[-211,-96],[-259,-18],[-106,3],[-196,18],[-223,113],[-104,128],[-73,44],[-24,50]],[[28905,2483],[118,29],[24,67],[80,77],[72,56],[27,25],[8,48]],[[29234,2785],[27,97]],[[29261,2882],[17,66],[-7,28],[-25,31],[-37,121],[-15,19],[-28,7],[-17,29],[16,17],[32,4],[10,39],[-45,67],[0,29],[52,41],[-3,75],[6,37]],[[29217,3492],[-13,23],[-31,22],[-56,53],[-51,54],[12,31],[22,15],[47,15]],[[29147,3705],[46,-2],[26,36],[-25,58],[17,15],[20,-20],[3,-44],[28,0],[22,23],[17,39],[-3,71],[-15,24],[-30,20],[24,46],[-41,29],[27,30],[4,58],[19,39],[-5,37],[-18,28],[-24,-6],[-1,-37],[-43,-59],[-19,20],[40,47],[6,32],[-17,56],[-23,25],[-31,4],[15,25],[-10,38],[16,30],[-9,37],[27,23],[27,-22],[11,27],[33,0],[45,-26]],[[29306,4406],[-3,-18],[39,-5],[30,18],[21,32],[23,-42],[-11,-43],[13,-18],[39,6],[13,-29],[-7,-17],[-33,-21],[43,-15],[15,-35],[55,-34],[7,-17],[71,24],[21,-3],[32,-35]],[[29674,4154],[-6,-43],[31,-58],[-15,-69],[7,-30],[39,-39],[12,-31],[-23,-61],[-15,-95],[14,-51],[-31,-40],[-39,-23],[-13,-17],[4,-30],[63,-8],[29,-20],[8,-32],[-22,-82],[0,-89],[-6,-27]],[[29826,2921],[32,-35],[-19,-20],[-62,-37],[-66,14],[-19,-19],[-11,-40],[10,-23],[-1,-44],[37,-10],[53,-1],[49,28]],[[29829,2734],[-3,-108],[11,-48],[78,-1],[0,-58]],[[29943,2348],[95,-15],[118,-91]],[[30243,2030],[-363,-92],[-241,-130],[-127,-62],[-90,0],[-170,167],[-242,267],[-113,114],[0,5],[-189,116]],[[28708,2415],[53,32],[144,36]],[[27631,1234],[69,32],[102,11],[90,18],[96,2],[85,13],[74,43],[65,14],[142,-19],[142,-65],[102,-27],[84,-37],[82,-7],[79,-15],[42,2],[198,-27],[245,-91],[197,-13],[126,-5],[70,-13],[21,-24],[1,-20],[-62,-95],[-121,-42],[-198,5],[-227,67],[-253,44],[-205,17],[-139,24],[-159,60],[-104,53],[-71,-4],[-141,-43],[-199,2],[-166,73],[-67,67]],[[27106,3991],[31,50],[-2,73],[-39,45],[-2,212],[20,2],[20,29],[2,40],[11,11],[62,0],[7,40],[40,12],[-2,245]],[[27254,4750],[383,-1],[263,4],[56,-12],[92,-28],[46,-8],[45,-18],[46,-27],[89,-28],[84,-22],[36,-27],[-89,-6],[-55,-27],[17,-58],[34,-18],[46,31],[18,0],[66,-87]],[[28431,4418],[-66,-78],[-27,-55],[-1,-108],[-9,-63],[-67,-90],[-57,-127],[-18,-67],[8,-177],[9,-116]],[[28203,3537],[-40,17]],[[28163,3554],[-74,32],[-61,10],[-75,-2],[-40,10],[-305,130],[-36,9],[-66,-3],[-187,-48],[-39,-5],[-282,-2]],[[26998,3685],[-4,38],[17,11],[62,191],[33,66]],[[27409,2546],[200,-73],[55,-47],[227,-187],[63,-27],[124,-22],[67,-7],[125,0],[108,28],[59,24],[92,49],[68,47],[77,64],[34,20]],[[31327,2025],[32,-732],[30,-796],[13,-278],[-7,-5],[-183,-70],[-146,-34],[-136,-24],[-158,-13],[-108,7],[-179,38],[-287,94],[-156,74],[-72,48],[-55,43],[-63,54],[-36,-20],[-85,-28],[-91,-24],[-97,-13],[-83,-3],[-82,6],[-83,11],[-108,23],[-125,22],[-89,29],[-102,0],[-93,6],[-92,11],[-98,16],[-130,32],[-126,44],[-127,55],[-127,-24],[-91,-9],[-133,1],[-109,21],[-124,39],[-58,26],[-105,53]],[[29164,9380],[23,10],[24,28],[61,10],[25,24],[30,9],[23,-7],[26,13],[9,-53],[32,-110],[41,-25],[29,-35],[27,-48],[62,-48],[48,-69],[66,-52],[30,-19]],[[29720,9008],[-7,-14],[-35,0],[-23,24],[-71,-2],[-38,10],[-156,-1]],[[29390,9025],[-39,0],[-23,-14],[-17,-28],[-8,-39],[-64,-82],[-64,-34]],[[29175,8828],[-10,18],[28,256],[23,228],[-52,50]],[[20297,31249],[-13,-149],[-14,25],[-51,14],[-45,48],[-10,20],[-33,23],[-34,9],[-29,46],[-17,1],[-7,-73],[-10,-23],[-24,-8],[-32,-37],[-73,-14],[-31,-32],[-10,-26],[-31,-3],[-30,-29],[-30,-17],[-51,24],[-86,-1],[1,-134],[8,-13],[76,-38],[41,-12],[92,-45],[35,-22],[-4,-32],[22,-90],[56,-89],[25,-22],[7,-21],[35,0],[62,-23],[2,-204],[-53,-9],[13,-53],[-204,-90]],[[18481,29959],[2,463],[-3,49]],[[18480,30471],[3,34],[-1,127],[1,148],[-1,685],[-1,181],[1,512]],[[7951,25579],[12,36],[30,26],[17,27],[-1,31],[-13,52],[-14,21],[-1,27],[-14,42],[1,35]],[[7968,25876],[113,14],[105,25],[183,22],[66,2],[225,-2],[103,-11],[34,3],[133,46],[73,20],[231,53],[46,6],[59,-4],[33,-9],[234,-83],[46,-11],[185,-18]],[[9837,25929],[0,-44],[23,-49],[6,-35],[-6,-34],[-43,-6],[-22,9],[-66,43],[-97,12],[-60,22],[-180,58],[-41,17],[-25,1],[-52,-16],[-26,31],[-27,-13],[-15,-54],[-47,-16],[-36,4],[-27,-86],[41,-60],[34,-9],[4,-36],[-34,-51],[-24,-23],[17,-21],[5,-72],[-27,-12],[23,-57],[33,14],[11,-18],[-13,-20],[20,-60],[2,-34],[20,-37],[-28,-3],[-18,-26],[-21,-8],[-37,-47],[45,-48],[-49,-3],[-2,-44],[-53,-31],[-17,-44],[-47,15],[24,-74],[-35,-26],[24,-27],[45,5],[-6,-43],[-50,-6],[-66,-28]],[[8917,24839],[-21,35],[-79,-53],[-56,31],[7,31],[-68,62],[15,21],[-19,52],[-36,21],[-23,51],[-47,-2],[-37,22],[-16,-11],[-63,18],[-13,-7],[-57,41],[-44,19],[-30,-24],[-43,74],[-50,55],[-4,-40],[-16,-14],[-84,6]],[[8133,25227],[-84,12],[-48,-6],[-26,14],[-20,69],[12,19],[-24,19],[-10,34],[-22,11],[14,24],[-11,57],[8,41],[29,58]],[[9788,26102],[34,-77],[15,-96]],[[7968,25876],[-42,-5]],[[7926,25871],[15,213],[3,92]],[[14099,27119],[110,0],[53,41],[36,8],[226,-14]],[[13979,26754],[3,15],[-2,126],[-14,18],[-8,37],[3,45],[15,14],[44,13],[22,36],[0,41],[15,19],[42,1]],[[26898,3376],[49,-31],[51,-41],[30,-7],[70,-31],[47,6],[57,58],[29,-11],[1,30],[51,-10],[67,-37],[26,-29]],[[27376,3273],[9,-8]],[[27385,3265],[-3,-31],[-26,4],[0,-32]],[[27356,3206],[-42,0],[0,-260]],[[27314,2946],[-128,-109]],[[26974,3109],[-58,53],[-98,68]],[[26818,3230],[80,146]],[[29931,2519],[1,0]],[[29932,2519],[66,-1]],[[29998,2518],[210,1],[20,1]],[[11566,44750],[135,-109],[58,-16],[58,11],[30,20],[80,79],[35,9],[40,-29],[24,-4],[36,39],[125,32],[34,-15],[6,-40],[24,-4],[8,-23],[40,-2],[44,-18],[58,-36],[48,-36],[41,-123],[74,-3],[1,-12],[48,-1],[36,-32],[13,-40],[38,-155],[17,-36],[22,16],[21,-21],[53,-5],[17,-28],[6,-40],[34,-47],[68,-48],[59,-13],[63,28],[19,19],[40,61],[33,70],[19,-59],[-16,-287],[0,-31],[61,15],[17,63],[1,52],[-15,104],[10,20],[36,24],[-4,59],[30,-2],[41,-23],[28,3],[24,16],[75,100],[20,38],[26,16]],[[13505,44306],[25,3],[29,-28],[39,30],[47,10],[3,-32],[30,-17],[31,31],[37,-6],[27,20],[20,32],[24,0],[81,20],[64,41],[71,29],[35,2],[7,-17],[-5,-45],[-22,-52],[3,-52],[22,-33],[0,-63],[83,8],[8,-13],[81,-66],[24,-50],[-17,-40],[40,-41],[22,-46],[41,-43],[38,-10],[49,-34],[31,-1],[53,17],[41,-4],[101,11],[31,12],[34,-5],[44,-29],[495,0],[-16,42],[-54,109],[-4,26],[21,233],[27,8],[17,-16],[34,3],[36,32],[24,2],[40,-17],[42,5],[47,-12],[35,-25],[35,-14],[20,-20],[6,-35],[52,3],[14,-10],[56,24],[76,40],[51,12],[42,-25],[1,-57],[23,-33],[44,-11],[23,-40],[-6,-61],[40,19],[44,8],[82,-11],[14,8],[18,75],[31,26],[51,-16],[31,10],[34,54],[41,6],[2,-21],[38,-24],[83,-111],[97,-72],[35,3]],[[16548,47143],[-3,-234],[60,-44],[-3,-181],[2,-94]],[[16604,46590],[-3,-426],[-3,-176],[1,-159],[-5,-785],[13,-168],[-2,-221],[-6,-632]],[[13505,44306],[-17,31],[3,37],[48,47],[19,44],[23,-2],[42,-22],[18,23],[-13,49],[-36,28],[-9,36],[14,28],[58,26],[53,40],[13,28],[33,27],[20,47],[-31,17],[-8,19],[56,31],[-3,13],[-45,11],[-12,15],[-3,45],[-40,33],[-1,37],[27,28],[14,37],[106,42],[19,28],[58,36],[35,11],[18,16],[33,-6],[27,52],[17,5],[43,-15],[14,33],[27,26],[-17,52],[-50,23],[-13,55],[8,25],[-10,35],[-19,27],[30,21],[33,-31],[25,22],[2,57],[16,23],[-3,51],[60,10],[36,59],[-9,15],[-42,10],[-18,13],[-46,6],[-5,22],[21,21],[-28,44],[28,12],[-8,31],[-29,25],[-34,64],[13,94]],[[15161,45285],[35,-20],[37,-40],[36,-15],[39,-6],[-1,22],[71,-21],[40,-21],[50,19],[11,41],[17,27],[-12,43],[-1,92],[-32,30],[-48,-29],[-29,2],[-19,37],[-3,34],[-28,-22],[-2,-47],[-17,-35],[-42,-12],[-15,-28],[-87,-51]],[[15566,30408],[23,-28],[32,-9],[13,13],[74,21],[19,17],[51,-19],[32,13],[81,-46],[21,-23],[34,3],[50,31],[31,-4],[12,-16],[52,26],[23,24],[0,22],[41,27],[45,7],[5,42],[-10,13],[25,42],[27,-6],[13,-26],[44,-12],[24,-27],[57,-16],[8,-27],[38,-21],[12,-54],[34,-24],[25,5],[2,-28],[36,-45],[84,-26],[33,-36],[41,9],[74,-13],[4,-23],[28,1],[12,-30],[68,-44],[105,6],[49,27],[42,-40],[39,-12],[22,-55],[30,-26],[53,-5],[13,8],[138,29],[36,29],[60,23],[31,-11],[14,26],[21,-2],[26,-36],[24,-19],[144,114],[74,47],[44,46],[12,26],[76,45],[24,44],[29,22],[43,8],[45,28],[48,18],[29,-1],[74,-17],[121,-1],[53,26],[47,-3],[30,6]],[[18479,29220],[-56,-13],[-7,-38],[-24,0],[-16,-47],[-57,-33],[-13,-26],[-31,-9],[-73,-77],[-6,-46],[-14,-34],[-21,-6],[-24,23],[-48,-23],[-5,-22],[28,-7],[12,-30],[-33,-23],[-106,-21],[-13,-16],[16,-22],[2,-51],[-28,-34]],[[16012,28971],[378,149],[-71,24],[-55,6],[-34,-3],[-58,11],[-51,-25],[-36,6],[-48,27],[-36,-3],[-43,-54],[-90,93],[-12,6],[-246,0],[42,83],[-96,0]],[[27356,3206],[191,-37]],[[27547,3169],[23,-19],[7,-24],[0,-69],[19,-20],[76,-2],[11,-40],[-12,-32]],[[27671,2963],[-13,-10],[-2,-68],[-31,-40]],[[27625,2845],[-8,-11],[-50,24],[-152,55],[-101,33]],[[30706,41276],[33,60],[24,10],[32,-19],[25,44],[24,-24],[87,-19],[76,88],[42,-26],[-17,-40],[58,0],[18,35],[-18,22],[5,20],[26,11],[5,-43],[45,19],[14,-20],[19,64],[53,-11],[2,28],[-35,26],[30,9],[21,20],[-10,62],[40,24],[3,37],[47,-16],[6,-16],[45,6],[-11,-37],[53,-48],[50,-12],[39,9],[4,35],[51,8],[30,59],[26,15]],[[31648,41656],[26,-34],[-16,-8],[29,-43],[4,-46],[-74,-34],[-43,-58],[2,-211],[-3,-47],[0,-261],[-25,-37],[-16,-67],[-60,-97],[-2,-65]],[[31470,40648],[-7,-94],[17,-40],[15,-74],[15,-32],[12,-81],[-12,-25]],[[31510,40302],[-114,38],[-23,5],[-3,51],[-106,21],[-14,-39],[-28,-34]],[[31222,40344],[-156,-3],[-86,-21],[56,257],[-24,12],[-106,25],[-33,18],[-139,-6],[-24,7],[-21,-69],[-58,12],[-17,29],[-82,-33]],[[30479,41229],[4,-251],[2,-16],[29,-18],[12,16],[75,-23],[15,14],[61,-61],[19,-34],[-13,-21],[55,-37],[45,0],[2,-56],[39,1],[0,-25],[41,0],[1,67],[203,26],[-1,53],[-18,0],[-61,56],[-4,233],[-192,65],[-85,26],[-227,-11],[-2,-4]],[[31784,38895],[168,-7],[-4,144],[38,29],[1,42],[251,-8],[-16,-59],[-21,-32],[-3,-75],[-22,-15],[-19,-69],[2,-60],[21,-21],[-2,-29],[39,-12],[41,-39],[51,-10],[39,4]],[[32348,38678],[-78,-779],[-62,-636]],[[32208,37263],[-39,64],[-236,413],[-98,168],[-195,339],[48,50],[19,13],[56,14],[127,-23],[-10,91],[-25,72],[-57,83],[-72,69],[-75,65],[135,-6],[-3,87],[1,133]],[[31611,38995],[18,-38],[30,-2],[93,-29],[32,-31]],[[32208,37263],[-22,-218]],[[7065,15041],[77,-29],[54,5],[32,31],[55,34],[0,28],[13,39],[36,12],[39,-11],[25,-37],[42,-33],[43,0],[21,19],[9,28],[-3,45],[4,56],[16,26],[27,8],[74,-33],[45,3],[23,15],[26,36],[34,30],[30,11],[52,2],[53,20],[26,56],[22,31],[54,46],[69,35],[24,51],[-4,39],[120,69],[13,30],[-15,75],[-1,31],[-27,-11],[-38,19],[-166,-151],[0,29],[-21,7],[-21,59],[-68,36],[-7,18],[0,73],[-23,3],[-48,54],[-19,-9],[-43,18],[-1,27],[-76,37],[-26,24],[-42,-42],[-33,35],[-23,41],[-5,68],[-16,28],[19,109],[10,31],[-23,39],[-54,-35],[-44,1],[-58,58],[-40,-10],[-34,0],[-6,27],[-21,16],[-36,48],[-41,-47],[-2,-30]],[[7167,16379],[-46,16],[-20,23],[25,43],[-2,53],[15,66],[-12,38],[13,36],[-11,30],[5,23],[22,17],[28,1],[16,35],[-15,43],[2,22],[41,40],[4,37],[-26,13],[-21,35],[-8,49],[10,28],[-38,12],[21,34],[-5,27],[-41,38],[17,51],[-16,40]],[[6451,14160],[-10,40],[23,35],[43,3],[58,-48],[37,0],[31,49],[4,22],[-12,88],[1,39],[37,18],[61,-36],[27,-2],[22,15],[-5,35],[-25,44],[-12,78],[6,41],[29,25],[35,-14],[66,-2],[41,40],[53,37],[119,60],[17,29],[2,33],[-18,32],[-33,90],[-31,37],[-17,50],[15,28],[50,15]],[[7065,15041],[-3,37],[10,23],[56,39],[2,17],[-43,61],[13,20],[35,21],[16,30],[-13,16],[23,47],[26,27],[25,41],[-4,44],[-45,49],[-13,80],[-65,75],[7,31],[25,43],[-2,16],[-40,28],[-18,36],[-4,88],[22,35],[23,62],[48,13],[14,45],[-40,60],[-29,22],[-3,27],[56,2],[17,10],[7,39],[-24,61],[28,53],[-5,40]],[[25941,55028],[18,-5],[123,11],[12,53],[51,-13],[44,-19],[3,42],[45,63],[64,31],[12,29],[10,109],[61,-1],[40,-43],[13,20],[47,1],[46,19],[67,-18],[28,15],[9,41],[40,0],[39,78],[66,2],[12,-18],[46,-30],[13,-28],[34,-32],[88,-24],[0,-35],[66,-3],[107,3],[20,-12],[41,12]],[[28192,53402],[-48,5],[-45,30],[-32,9],[-35,-3],[-36,9],[-20,18],[-101,128],[-31,26],[-58,28],[-127,28],[-50,-18],[-87,-107],[-34,-69],[-39,-18],[-53,19],[-28,20],[-97,50],[-76,17],[-116,-1],[-38,4],[-167,83],[-27,10],[-103,23],[-104,46],[-42,4],[-40,-6],[-30,16],[-14,23],[-53,15],[-71,38],[-37,-5],[-99,-29],[-44,-5]],[[26210,53790],[-17,45],[-27,15],[-1,67],[-114,4],[-40,-8],[42,117],[-9,19]],[[26044,54049],[44,97],[26,47],[-73,8],[-10,68],[-31,32],[-38,82],[-40,36],[-41,20],[-39,46],[-29,10],[-14,30],[22,27],[4,51],[-38,33],[-36,-16],[-71,24],[-20,30],[0,23],[-40,45],[1,27],[35,31],[-11,12],[12,69],[80,2],[31,-11],[38,9],[40,24],[26,32],[1,57],[43,30],[25,4]],[[25153,55113],[63,18],[6,22],[35,18],[12,21],[23,-7],[48,-42],[95,28],[127,-16],[15,-6],[39,-44],[82,-42],[37,6],[85,3],[76,-14],[45,-30]],[[26044,54049],[-22,-52],[-33,25],[-26,32],[-37,-6],[-11,-33],[0,-40],[13,-37],[-16,-28],[-2,-55],[-9,-18],[-32,0],[-82,72],[-22,9],[-3,-65],[5,-55],[12,-45]],[[25779,53753],[-199,2],[-94,-1]],[[25486,53754],[-15,1],[-78,37],[-82,16],[-52,-8],[-92,37],[-97,0],[-98,-25],[-42,9],[-44,50],[-18,-37],[0,-73],[-23,-17],[-97,-9],[-73,-15],[-34,1]],[[24641,53982],[-1,159],[3,354],[3,274],[506,0],[1,344]],[[25779,53753],[-5,-84],[52,39],[33,2],[-18,-83],[-19,-15],[0,-62],[81,77],[86,68],[30,37],[15,34],[75,0],[22,-5],[43,8],[36,21]],[[28031,52206],[-289,1],[-569,4],[-92,0],[-386,2],[-295,1],[-740,11]],[[25660,52225],[1,38],[19,24],[22,49],[18,61],[16,130],[-7,35],[14,39],[0,202],[-5,58],[50,110],[34,19],[4,53],[-17,53],[1,35],[16,23],[1,84],[-53,8],[-19,69],[9,41],[-84,-1],[-23,31],[-3,43],[-85,-55],[3,72],[-56,0],[-27,15],[-8,79],[-45,55],[3,56],[42,18],[-7,48],[12,37]],[[25660,52225],[-64,1],[-259,6],[-369,-1]],[[24968,52231],[-326,-4]],[[6335,21485],[8,8],[47,-22],[13,-19],[-17,-46],[6,-15],[60,7],[77,-48],[37,4],[20,-16],[0,-22],[-28,-39]],[[6558,21277],[-3,-43],[27,-15],[-5,-74],[9,-14],[-32,-39],[-69,46],[-62,-19],[-22,32],[31,90],[-18,20],[14,42],[-39,18],[-12,25],[16,27],[-40,52],[-30,50],[12,10]],[[16217,32094],[-484,206]],[[15733,32300],[113,196],[268,342],[36,48],[27,67],[24,156],[10,34],[157,387]],[[22826,14004],[80,-72],[19,-31]],[[22925,13901],[-35,-17],[-56,0],[8,-42],[0,-163],[-32,-5],[2,-33],[-26,-23],[-30,0]],[[22754,13784],[8,46],[-15,17]],[[22641,13971],[-73,5],[-73,-12],[-162,7]],[[22333,13971],[-1,37]],[[22332,14008],[0,64],[-7,32],[-18,28],[-58,38],[-86,86]],[[22152,13407],[-3,383],[2,93]],[[22151,13883],[67,-1]],[[22218,13882],[92,-2]],[[22310,13880],[1,-300],[91,0],[34,-10]],[[22436,13570],[-34,-56],[-42,-32],[-21,-27],[-27,-55],[-21,-66],[-21,-10],[-70,0],[-31,-15],[-18,-43]],[[22151,13266],[-5,75],[6,66]],[[22925,13901],[33,-49],[24,-18],[72,-4],[15,-26],[-9,-20],[-39,-18],[-6,-48],[-41,-12],[-2,-52],[63,-12],[27,-46],[7,-51],[49,1],[18,-40],[33,7],[5,44],[17,22]],[[22150,12883],[1,383]],[[15733,32300],[-906,388]],[[22802,14097],[79,40],[206,1],[46,5],[133,32],[28,3]],[[5998,23130],[51,-39],[50,-2],[105,-61],[36,-39],[35,-19],[54,-14],[52,-30],[45,5],[66,17],[17,-5],[25,-36],[39,-9],[14,39],[40,35],[10,44],[23,6],[38,-42],[-34,-23],[-8,-23],[10,-36],[-9,-16],[-39,-28],[3,-35],[37,29],[36,0],[-1,-50],[10,-29],[47,-28],[14,16],[-22,69],[34,-28],[37,38],[19,-2],[9,-36],[-26,-72],[11,-18],[43,14],[12,17],[-7,35],[28,0],[19,-28],[129,-5],[42,2],[23,29],[7,42],[-71,5],[21,39],[37,35],[6,22],[-23,31],[-26,-12],[-51,-2],[-11,40],[8,13],[66,-11],[6,25],[-41,5],[36,44],[-5,52],[-33,55],[16,22],[53,-13],[16,14],[-11,25],[15,26],[19,60],[25,46],[36,-4],[17,-46],[57,-24],[64,-75],[68,-54],[44,5],[5,20],[-46,36],[-1,20],[21,15],[16,-32],[24,19],[-12,30],[12,35],[34,0],[2,-24],[-30,-40],[47,-20],[25,1],[53,19],[-6,30],[48,0],[38,21],[76,25],[-5,28],[19,13],[8,81],[-33,31],[-49,-23],[-14,21],[-30,2],[-11,27],[31,26]],[[7682,23498],[19,31],[29,1],[-9,50],[33,-21],[20,1],[16,26],[-71,16],[1,20],[67,31],[35,-16],[44,12],[29,-21],[48,-1],[-2,-26],[-19,-44],[2,-70],[20,-43],[25,-28],[23,0],[32,-18],[9,29],[28,-14],[17,12],[-11,32],[30,15],[21,47],[-5,54],[-22,22],[10,16],[43,-4],[-27,-36],[25,-13],[35,19],[31,-33],[14,-29],[-19,-11],[22,-41],[27,26],[33,45],[-8,32],[54,19],[70,7],[35,38],[14,-36],[26,1],[23,15],[-11,19],[39,71],[-25,28],[-27,-21],[-33,-10],[1,46],[-49,61],[-33,-16],[-17,18],[5,41],[-45,-10],[-3,40],[38,15],[-3,42],[40,21],[35,52],[44,9],[12,24],[28,-3],[10,27],[20,5],[9,-28],[19,-6],[6,51],[66,-25],[32,26],[8,31],[-18,37],[12,20],[-12,31],[31,23],[15,-6],[20,-45],[14,4],[2,37],[24,-17],[29,24],[17,-28],[15,32],[0,45],[48,27],[-70,19],[49,34],[20,76],[33,-4]],[[8894,24427],[21,-560],[2,-124],[18,-387],[24,-316],[10,-171],[6,-170],[18,-342]],[[9011,20668],[-32,9],[-45,-51],[-34,-26],[-26,-9],[-57,15],[-31,-28],[-27,-10],[-28,-30],[-74,1],[-16,-19],[-35,22],[-11,43],[-34,-22],[-12,23],[-2,32],[-55,1],[5,34],[-46,32],[-24,-5],[-50,41],[-30,9],[-20,26],[-23,7],[-33,-21],[-30,22],[-17,-29],[-74,-21],[-25,37],[-39,13],[4,18],[-34,19],[-35,-11],[-57,-72],[-44,1],[-65,-36],[-26,4],[-18,21],[-142,12],[-29,28],[-5,34],[-29,24],[-53,0],[-21,-45],[-27,-11],[-27,46],[-37,0],[-22,21],[-54,29],[-27,-23],[-18,-30],[-46,34],[-59,-23],[-14,41],[-51,18],[-43,-19],[-41,40],[-35,-14],[-17,-29],[-36,5],[-25,59],[-34,30],[-2,47],[-42,-12],[-40,13],[-22,25],[-48,26],[-41,14],[-9,16],[5,47],[-12,23],[-26,14],[-5,27],[16,34],[-20,35],[-37,11],[-11,32],[-67,-10]],[[6335,21485],[-16,69],[-19,32],[-51,45],[-17,6],[-30,-17],[-28,-52],[-6,-37],[-37,1],[-12,37],[-52,67],[-58,22],[2,61],[-37,2],[-19,-19],[14,-48],[-4,-16],[-34,-25],[-76,-17],[-52,-3],[-40,11],[-9,-22],[2,-36],[74,-41],[37,-41],[-26,-89],[-21,-13],[-79,-10],[-57,-37],[-55,-2],[-53,116],[-51,60],[-46,28],[-59,-26],[-30,21],[-37,-25],[-57,-11],[-51,-58],[-29,-6],[-25,38],[-37,-7],[-23,11],[-34,-3],[-26,-112],[-30,-16],[-17,40],[-38,6],[-18,-24],[5,-62],[-11,-27],[-18,-6],[-47,42],[-26,5],[-32,-26],[-1,-47],[-9,-23],[-97,-73],[-34,-42],[-16,-40],[-3,-54],[-78,-28],[-83,-41]],[[4518,20923],[6,84],[-9,22],[-45,-10],[-34,9],[0,27],[33,107],[5,51],[-2,58],[10,67],[32,49],[64,82],[88,86],[44,31],[134,15],[108,16],[107,8],[102,14],[101,27],[60,31],[43,33],[58,62],[136,195],[-38,18],[-15,86],[-28,68],[-29,30],[-58,33],[-174,43],[-284,60],[-65,22],[-39,24],[-42,36],[-43,70],[-11,38],[3,69],[13,30],[32,50],[78,65],[36,14],[56,5],[54,-24],[48,-37],[43,-55],[95,-159],[80,-78],[28,-21],[41,-17],[120,-9],[51,3],[16,19],[0,25],[-23,293],[16,29],[354,201],[43,23],[38,33],[40,83],[3,73]],[[3906,20266],[136,90],[67,88],[139,147],[71,76],[22,45],[17,14],[34,-6],[47,18],[15,45],[29,14],[55,7],[18,32],[-43,61],[5,26]],[[22636,13880],[-163,0]],[[22473,13880],[-140,0]],[[22333,13880],[0,91]],[[22332,14008],[-140,3],[-10,-10],[3,-77],[33,0],[0,-42]],[[22151,13883],[0,254],[-42,-1]],[[22310,13880],[23,0]],[[22473,13880],[0,-86],[12,0],[70,-75]],[[14213,37410],[320,-111]],[[12717,35482],[-4,952],[-6,580],[-1,38]],[[25327,56874],[504,-1],[94,1],[284,-2],[288,12],[79,0],[115,-5],[160,-3],[339,1]],[[25153,55113],[2,165],[168,0],[0,261],[1,224],[0,299],[1,333],[7,208],[-5,48],[0,223]],[[24607,49672],[450,0],[215,-3]],[[25272,49669],[314,0],[286,-6],[302,-1],[3,-168],[52,-2],[290,3]],[[26519,49495],[-28,-29],[-8,-29],[-35,-30],[-22,-37],[-22,-13],[-11,-32],[-48,-18],[2,-24],[29,-30],[51,-13],[49,-37],[26,-37],[94,1],[13,-68],[31,-37],[6,-63],[-31,-1],[-2,-77],[8,-82],[-40,2],[-16,-27],[-30,12],[-51,-19],[-53,-64],[-37,-10],[-2,-24],[-32,-65],[-33,1],[-12,67],[-37,47],[-36,8],[-79,2],[-22,-7],[-61,33],[-28,-3],[-56,34],[-8,36],[-35,27],[-36,-42],[-45,7],[-47,-14],[-32,-39],[-13,-53],[-1,-137],[-14,-39],[-110,-155],[-52,-59]],[[25603,48358],[-58,39],[-7,43],[-47,78],[-19,18],[-26,47],[-30,8],[-23,-45],[-28,-27],[-53,-91],[-13,-36],[4,-41],[-35,-5],[-17,-33],[-1,-40],[-59,-60],[-42,-29]],[[25149,48184],[-566,226],[31,62],[8,41],[52,-3],[44,-14],[63,-30],[22,1],[-8,39],[12,39],[-5,34],[-56,60],[-72,93],[-47,86],[3,113],[-12,40],[62,32],[40,44],[115,94],[56,30],[0,79],[35,-7],[-39,110],[-18,32],[-28,11],[-122,180],[-112,96]],[[26519,49495],[172,1],[306,-1],[175,-4]],[[27168,48402],[2,-425]],[[27170,47977],[-15,-2],[-607,-3],[-70,-2],[-23,9],[-52,52],[-130,110],[-133,123],[-25,-15],[-59,-2],[-88,-26]],[[25968,48221],[-33,-7],[-73,44],[-25,-8],[-50,55],[-149,0],[-7,28],[-28,25]],[[16618,21762],[-11,-31],[25,-12],[5,-40],[19,-27],[16,5],[43,-23],[9,-48],[-66,-2],[-43,-22],[-38,-37],[3,-53],[-4,-34],[-21,-70],[-16,-37],[-26,-36],[6,-39],[33,-72],[48,-60],[-5,-50],[46,-5],[37,-40],[46,-36],[44,-45],[31,-14],[40,-42],[48,-39],[68,-6],[80,-25],[22,0],[16,19],[32,6],[15,-20],[30,-10],[31,5],[11,-37],[46,-34],[26,11],[25,-6]],[[17289,20756],[-15,-25],[-26,-15],[-25,-31],[-24,-11],[-41,-48],[-12,-27],[-30,-19],[-44,17],[-71,-14],[-26,-36]],[[16975,20547],[-57,-49],[-69,-37],[-51,-1],[-42,-7],[-68,36],[-54,6],[-82,31],[-51,-43],[-33,8],[-70,-42],[-30,-7],[-68,-42],[-22,-41],[-37,26],[-129,56],[-46,15],[-72,6],[-254,-18],[-126,-24],[-127,-16],[-79,-37],[-75,3],[-31,7],[-114,46],[-34,1],[-53,-23],[-35,-9],[-67,9],[-163,1],[-70,-16],[-76,-36],[-46,-13],[-83,-7]],[[13736,21750],[84,40],[35,4],[61,20],[68,1],[28,-44],[82,-30],[34,2],[69,24],[42,0],[46,-15],[32,-4],[53,-30],[74,-14],[43,10],[33,-31],[48,5],[69,-22],[40,7],[70,-31],[29,-2],[34,-15],[11,-62],[83,43],[108,-7],[73,-75],[9,-27],[24,-27],[35,-6],[42,5],[72,-10],[59,-33],[140,-3],[3,11],[70,0],[41,39],[25,12],[10,29],[34,46],[71,20],[14,31],[37,47],[52,-16],[25,7],[20,75],[21,12],[53,3],[27,15],[58,70],[66,41],[34,-9],[41,-47],[79,-42],[147,-6],[-37,78],[75,-53],[123,-5],[63,-19]],[[13678,22373],[146,-1],[650,-2],[379,2],[163,-3],[502,-1],[516,0]],[[16034,22368],[459,-2],[12,-14]],[[16505,22352],[518,-5]],[[17023,22347],[-39,-56],[-21,-18],[-18,-55],[3,-57],[-14,-36],[-43,-76],[-16,-91],[-21,-24],[0,-49],[-20,-81],[6,-56]],[[16840,21748],[-32,25],[-2,-49],[-68,34],[-97,0],[-23,4]],[[19205,20295],[-123,-56],[-29,-8],[-146,-14],[-134,-11]],[[18773,20206],[-1,92],[-9,13],[0,124],[-47,-17],[-23,-28],[-48,1],[-5,11],[-2,90],[-56,-2],[-9,40],[-24,5],[-33,30],[-42,-4],[-38,-46],[-34,19],[-31,44],[-47,1],[-45,33],[-28,-1],[-32,35],[-66,1],[-9,-30],[-2,-61]],[[18142,20556],[-17,16],[-219,158],[-47,30],[-225,161],[-70,63],[-65,83]],[[17499,21067],[-140,179],[-28,43]],[[17331,21289],[50,30],[29,-5],[29,14],[53,-12],[15,3],[28,37],[49,-6],[26,-16],[125,-52],[42,42],[49,21],[32,-6],[49,20],[81,9],[87,34],[52,-2],[46,19],[82,58],[72,38],[29,9],[96,6],[175,-12],[46,8],[141,97],[80,60],[136,107],[38,33],[43,23],[75,4],[22,14]],[[16975,20547],[72,-1059],[15,-229],[19,-195]],[[14713,18893],[7,37],[-26,43],[-5,26],[-36,49],[7,44],[23,21],[15,33],[24,6],[12,-30],[6,-49],[37,-3],[33,22],[15,45],[33,49],[-2,21],[-28,46],[-4,69],[-15,23],[-28,0],[-77,-25],[-133,-3],[-33,6],[-30,57],[-65,66],[0,38],[19,55],[62,58],[60,73],[-15,56],[6,26],[21,16],[20,-7],[28,-47],[24,33],[-10,22],[-65,56],[-27,7],[-47,-33],[-18,-1],[-22,41],[-89,88],[-19,13],[-10,31]],[[17289,20756],[45,-6],[29,19],[3,36],[-5,57],[42,47],[31,3],[36,55],[7,34],[-10,19],[32,47]],[[18142,20556],[20,-38],[2,-28],[-10,-80],[18,-58],[35,-30],[88,-43],[13,-27],[30,-5],[28,-22],[22,1],[28,-26],[14,-29],[73,-21],[14,-20]],[[18517,20130],[-5,-27],[-23,-39],[-10,-40],[-20,-25],[-22,-86],[-15,-36],[-23,-13],[-42,-52],[-55,-3],[-56,-39],[-14,-42],[20,-79],[-1,-17],[-48,-93],[-48,-29],[-107,1],[-53,12],[-33,32],[-51,11],[-30,-24],[3,-51],[23,-38],[13,-128],[40,-67],[-9,-68],[15,-9],[2,-36],[38,-12]],[[17023,22347],[117,0],[878,-5],[464,0]],[[18482,22342],[565,1]],[[17331,21289],[-74,108],[-59,92],[-121,116],[-44,27],[-79,23],[-21,12],[-93,81]],[[18517,20130],[25,-14],[1,-31],[33,-15],[38,-99],[111,-217],[7,9],[0,86],[15,45],[11,66],[-25,27],[-36,5],[-3,59],[11,17],[29,1],[-2,80],[-13,21],[1,39],[53,-3]],[[15339,24656],[48,65],[71,130],[31,40],[25,20],[49,24]],[[15563,24935],[4,-58],[26,-56],[18,-16],[49,-13],[216,11],[53,-14],[15,36],[27,27],[22,3]],[[15993,24855],[-7,-99],[18,-37],[2,-228]],[[15629,24186],[-28,-16],[-40,19],[-61,-19],[-47,-2],[-36,20],[-53,19]],[[14421,25548],[7,35],[62,19],[34,-50],[24,12],[16,47],[75,42],[23,43],[87,72],[16,24],[4,46],[14,7],[24,-34],[26,14],[4,49],[-33,69]],[[14804,25943],[16,48],[-25,23],[31,27],[37,-18],[-3,-27],[-21,-49],[31,8],[4,48],[28,39],[-16,41]],[[14886,26083],[29,-13],[16,17],[-27,30],[-6,23],[16,17],[42,16],[3,21],[-25,29],[-11,46],[48,-7],[8,43],[-3,44],[14,13],[29,-27],[16,-37],[32,11],[17,26],[-1,29],[30,7],[-6,50],[52,-17],[-9,-28],[-33,-23],[25,-22],[41,13],[55,36],[15,27]],[[15253,26407],[26,-26],[-13,-30],[24,-22],[12,-34],[-116,-72],[-60,1],[-39,-123],[-41,-50],[-9,-101],[-33,-51],[9,-65],[-3,-40],[143,-1]],[[15153,25793],[-26,-31]],[[15127,25762],[-13,-17]],[[15045,25433],[-15,-10],[-14,-44],[-7,-81],[2,-40]],[[14642,25081],[-135,-26],[-91,-9],[-40,2]],[[14376,25048],[-91,17]],[[14284,25065],[-112,24]],[[14172,25089],[5,18],[-10,46],[8,27],[32,-1],[16,14],[20,-16],[-24,-26],[23,-35],[8,42],[96,-19],[37,24],[-27,27],[1,27],[24,15],[44,-44],[13,20],[-23,40],[-25,25],[2,52],[-21,-13],[-33,34],[-10,32],[11,20],[50,30],[37,0],[18,31],[-35,10],[-2,27],[14,52]],[[16501,24208],[214,-278]],[[16715,23930],[-75,37],[-26,-79],[-35,-89],[-10,-61],[1,-63],[18,-65],[36,-65],[6,-23],[-3,-91],[37,-54],[11,-41],[45,-54],[-39,-40],[-21,-38],[12,-58],[-28,-87],[-50,-40],[-49,-29],[-9,-56],[7,-48],[-11,-40],[9,-38],[5,-85],[-16,-44],[6,-40],[-2,-88],[-30,-32],[-13,-28],[0,-38],[-10,-36],[7,-36],[17,-29]],[[16034,22368],[-22,25],[-352,323],[-79,72],[-33,44],[-29,63],[-30,38],[-43,31],[-55,73],[-453,412],[-22,17],[-95,54]],[[14821,23520],[45,6],[23,-36],[21,1],[40,-23],[45,-4],[11,-18],[29,2],[13,-15],[9,-51],[49,-31],[18,-33],[59,21],[39,-15],[20,14],[30,-8],[28,-24],[41,12],[30,-23],[37,-8],[36,17],[74,-18],[44,-39],[32,32],[41,81],[45,36],[8,16],[0,127],[-9,38],[11,34],[58,113],[40,143],[52,87],[42,36]],[[14821,23520],[-95,54]],[[15298,25440],[11,-18],[28,-8],[56,-2],[39,-27],[23,-102],[1,-62],[10,-26],[79,1]],[[15009,25112],[-170,-2]],[[14376,25048],[-5,-60],[52,-22],[54,-48],[58,-15],[101,10],[127,2],[130,0],[61,10]],[[15188,24972],[-17,-43],[-37,-64],[-25,-61],[-1,-76]],[[15544,25047],[-2,-64],[21,-48]],[[15429,25836],[171,74]],[[15815,25995],[0,-53],[22,-28],[25,-75],[-2,-45],[8,-28],[44,-40],[14,-30],[53,-14],[37,29],[39,-20],[45,38],[33,19]],[[16133,25748],[-39,-88],[-64,-115],[-23,-23],[-29,-63],[-7,-72],[-23,-43],[-32,-106]],[[15673,25541],[-40,78],[-14,48],[-22,30],[-23,50],[-22,29],[-110,48],[-13,12]],[[15253,26407],[-24,50],[18,7]],[[15485,26276],[-11,-55],[-45,-47]],[[15429,26174],[-50,-47],[-22,-51],[-22,-67],[-32,-44],[-34,-90],[-1,-38],[-64,-26],[-26,-18],[-25,0]],[[16218,26227],[15,-39],[-8,-49],[-53,-100],[-13,-35],[-2,-36]],[[16157,25968],[-4,-67],[7,-52],[-3,-53],[-24,-48]],[[15858,25072],[73,-58],[34,-22],[28,-2]],[[15993,24990],[0,-135]],[[15127,25762],[96,-6],[57,14],[149,66]],[[16307,24641],[30,24],[-14,13],[15,43],[35,15],[39,70],[18,17],[32,80],[32,129],[-16,25]],[[16478,25057],[308,88],[216,72],[59,9],[19,13],[39,53],[156,113]],[[17275,25405],[41,8],[230,-17],[108,20],[69,30],[32,-21],[-4,-17],[52,-35],[11,-33],[42,-15],[5,-21],[32,-21],[44,-2],[71,-36],[42,36],[66,13],[65,43],[-1,19],[54,32],[2,17],[52,22],[8,31],[21,30],[25,5],[8,20],[64,16],[24,-3],[45,27]],[[18478,24391],[-6,0],[-2,-475],[0,-480],[1,-73],[14,0],[0,-268]],[[18485,23095],[-81,-60],[-75,6],[-39,-10],[-18,29],[-39,21],[-35,33],[-18,43],[-90,105],[-26,42],[-57,-6],[-44,3],[-53,23],[-166,1],[-43,6],[-33,-10],[-46,12],[-27,-18],[-64,6],[-40,-12],[-396,189],[-54,32],[-66,63],[-260,337]],[[31001,48474],[172,57],[38,28],[40,20],[43,-9],[68,41],[55,68],[105,94],[18,5],[13,-28],[37,-29],[-82,-21],[-36,-15],[1,-160],[26,-8],[7,-35]],[[31506,48482],[2,-48],[-10,-70],[25,-71],[-26,-55],[-36,-44],[-19,17],[-48,7],[-34,-31],[-15,-33],[-45,-34],[-34,-16],[-51,-7],[-26,4],[-40,-10],[24,-59],[-49,-36]],[[31124,47996],[-65,81],[-25,52],[-30,108],[-12,180]],[[31124,47996],[188,-223],[28,-40],[25,-81],[16,-157],[49,-111],[21,-69],[-14,-154],[-5,-211],[0,-95],[-34,-85],[-65,-77],[-24,-51],[-70,-292],[-3,-107]],[[31236,46243],[-485,13],[-398,6],[-477,0]],[[31506,48482],[25,1],[223,-47],[56,-22],[46,-34],[16,24],[1,29],[36,62],[111,-1],[24,43],[46,22],[50,-12],[12,8],[37,-22],[44,21],[28,-11],[17,24],[-22,21],[-11,30],[-39,27],[20,53],[-7,25],[10,36],[-3,74],[7,42],[21,10],[20,73],[-25,102],[5,59],[-34,30],[-13,69],[-34,74],[5,68],[-22,56],[46,29],[44,56],[34,14],[43,1],[40,15],[42,-11],[84,2],[29,-4],[69,7],[38,30],[15,35],[101,66],[83,35],[26,4],[29,20],[29,-29],[15,6],[65,-5],[5,19],[40,11],[32,-14],[12,-32],[47,-32],[7,28],[-12,58],[4,35],[62,170],[3,69],[16,30],[74,64],[183,101],[26,20],[30,73],[31,21],[15,22]],[[33563,50330],[-16,-149],[-44,-465],[-85,-809],[-24,-244],[-3,-21],[-53,-494],[-3,-20],[-34,-321],[-11,-201],[-28,-162],[-14,-171],[-75,-676],[-38,-364]],[[33135,46233],[-233,1],[-210,4],[-707,5],[-251,1],[-213,2],[-267,-3]],[[31254,46243],[-18,0]],[[33592,50645],[-29,-315]],[[19158,45936],[-14,9],[-35,-18],[-6,-42],[-137,1],[-21,-6],[-72,6],[0,39],[-57,57],[1,25],[23,23],[-8,19],[-30,5],[-52,-35],[-30,-8],[-7,-23],[-32,-14],[-24,-25],[-51,-9],[-18,-23],[-47,-17],[-29,26],[-50,5],[-36,-28],[-54,-22],[-23,-53],[-39,-15],[-16,-17],[-48,7],[-42,-25],[-46,-45],[-10,-28],[-45,3],[-26,-24],[-75,-22],[-42,1],[-6,-27],[-492,168],[-42,10],[-84,9],[-182,0],[-52,13],[-50,23],[-38,4],[-37,-10],[-33,145],[-74,290],[-12,76],[-38,146],[-25,70],[-50,191],[-13,-17],[-3,-32],[-18,-21],[3,-23],[-58,-32],[-16,-32],[-36,-24]],[[12807,21736],[-22,-18],[-82,-34],[-31,-31],[-18,-6],[-148,-2],[-45,14],[-13,-10],[-19,-52],[-74,-165]],[[11979,19473],[23,-26],[34,-14],[0,-14],[39,-14],[26,3],[35,-27],[30,-3],[-1,-23],[55,-6],[60,39],[34,7],[8,28],[42,29],[55,-20],[89,65],[44,11],[62,-7],[12,-37],[54,-57],[33,8],[9,-26],[37,-19],[22,-48],[-6,-67],[32,-53],[19,-4],[4,-29],[37,-4],[20,-39],[-14,-29],[-21,-8],[1,-52],[18,-11],[11,-51],[-10,-15],[70,-63],[85,-42],[40,-10],[35,-20],[15,-23],[21,-86],[48,-28],[23,5],[28,-31],[-9,-18],[27,-32],[-11,-42],[28,-50],[27,11],[33,-12],[27,7],[34,-32],[23,-54],[30,-13],[29,4]],[[13475,18431],[-33,-37],[-39,-72],[-97,7],[-32,-4],[-72,-51],[-133,0],[-340,4],[-489,0],[7,-176],[-329,1],[-5,178],[-53,1]],[[13535,18481],[-60,-50]],[[17275,25405],[-35,9],[-2,23],[-29,58],[-65,69],[-16,113],[1,34],[23,11],[17,43],[-32,56],[-25,10],[-4,30],[-24,21],[16,23],[-13,24],[-19,-8],[-12,35],[-23,14],[7,30],[-15,22],[20,20],[-23,38],[30,39],[24,17],[-2,124],[-11,75],[8,22],[-26,28],[-11,51]],[[18485,23095],[-3,-753]],[[16157,25968],[208,1],[134,-3],[38,-28],[39,-12],[34,0],[8,-52],[-16,-97],[-13,-42],[2,-23],[-21,-65],[6,-23],[-13,-93],[8,-39],[-61,-34],[-51,-68],[-36,-59],[-15,-40],[-22,-27],[-5,-41],[-28,-37]],[[16353,25186],[-238,22],[-90,-6],[-47,-23],[-41,-36]],[[15993,24990],[229,-5],[84,27],[172,45]],[[16478,25057],[-16,119],[-109,10]],[[15429,26174],[14,-32],[24,0],[39,30],[42,-5],[21,-40],[-5,-46],[17,-63],[21,-19]],[[23128,51024],[-1,-347]],[[23127,50677],[-2,-307],[2,-406],[-1,-302]],[[23126,49662],[-2,-334],[2,-70],[-1,-154],[3,-143],[-1,-229]],[[9012,36668],[-27,-40],[-47,-21],[-30,31],[-28,-17],[-19,-31],[-4,-50],[31,-66],[1,-40],[-39,-201],[8,-38],[25,-16],[45,13],[43,-22],[41,-73],[26,-34],[91,-68],[56,-25],[84,-18],[30,-17],[59,-65],[15,-54],[-16,-47],[-25,-28],[-26,-16],[-11,-32],[2,-26],[26,-69],[2,-56],[-10,-77],[-13,-40],[-23,-32],[-11,-36],[14,-70],[1,-43],[-11,-35],[-24,-41],[-52,-31],[-13,-16],[8,-72],[-9,-46],[-19,-33],[8,-37],[40,-3],[49,25],[15,-10],[0,-70],[25,-24],[38,8],[27,-12],[7,-55],[-1,-72],[-39,-64],[-27,-15],[-43,11],[-34,22],[-27,2],[-50,-44]],[[7256,34645],[-165,43],[-228,-2],[-43,7],[-33,-6],[-6,65],[-10,40],[-29,59],[-4,47],[-42,42],[35,37],[18,35],[40,9],[39,30],[63,64],[35,73],[77,148],[9,43],[-32,20],[3,22],[56,16],[-9,16],[-53,12],[26,37],[10,42],[14,107],[-20,38],[-6,50],[12,27],[-14,13],[-5,33],[-19,2],[-16,31],[-21,7],[-17,38],[23,23],[-21,17],[15,34],[-24,21],[-12,35],[19,53],[17,16],[-12,37],[13,21],[-9,80],[-26,59],[-41,55],[-11,81],[-25,46],[-9,32],[20,63],[33,25],[-1,24],[46,36],[6,24],[26,21],[72,126],[8,57],[-32,20],[-44,57],[-15,48],[263,2],[9,2],[48,52],[75,29],[-8,35],[-34,64],[13,44],[17,14],[54,7],[10,15],[-49,48],[-20,54],[-2,36],[20,50],[-6,9],[-47,7],[-102,75],[-44,43],[5,23],[26,5],[55,-13],[33,7],[28,48],[-15,21],[-56,-19],[-31,5],[-8,29]],[[7171,37693],[48,-1],[214,2],[94,-2],[25,310],[-2,24],[-69,285],[-48,87],[-4,33],[27,76]],[[7456,38507],[-205,-23],[-180,-16],[-80,-13],[-19,3],[-84,-9]],[[6888,38449],[-50,-7],[-373,-38]],[[6465,38404],[-30,53],[-32,0]],[[6403,38457],[-12,17],[-1,228],[68,4],[115,76],[130,94],[11,56],[12,112],[-1,186],[2,131],[-3,195],[86,1],[2,158]],[[7519,35585],[46,-232],[33,-176],[-23,-50],[93,-78],[60,5],[22,14],[1,37],[-58,59],[3,26],[90,-36],[8,24],[-35,18],[-8,48],[33,64],[4,66],[-25,44],[70,141],[8,32],[-10,53],[-125,315],[-28,104],[-159,-6]],[[7519,36057],[-123,-2],[58,-127],[8,-49],[57,-294]],[[6403,38457],[-54,-16],[-62,-10],[-110,-24],[-8,63],[16,23],[-12,24],[-57,-16],[-26,2],[-80,136],[-1,62],[-37,138],[-23,-5],[-81,-42],[16,-40],[-50,-30],[-19,-20]],[[5815,38702],[-24,3],[-17,24],[-43,3]],[[5731,38732],[-23,53],[-45,38],[-54,21],[-79,-8],[-71,-39],[-39,-45],[-37,-66],[-19,-45],[-12,-75],[22,-84],[1,-58],[-12,-86],[-29,-60],[-44,-64],[-77,-87],[-81,-67],[-173,-90],[-50,-20],[-41,-8],[-61,0],[-148,18],[-108,48],[-99,62],[-60,55],[-44,30],[-42,37],[-22,30],[-6,44],[11,39],[39,65],[49,34],[61,-6],[83,18],[50,-25],[40,2],[31,22],[168,73],[79,25],[75,-3],[50,27],[21,24],[1,23],[24,40],[53,60],[35,51],[16,50],[-4,74],[-37,126],[-28,57],[-38,61],[-30,35],[-83,70],[-43,31],[-76,46],[-89,47],[-40,10],[-47,-8],[-39,-58],[-20,-60],[-6,-54],[14,-116],[44,-145],[3,-61],[12,-42],[-25,-26],[-41,-62],[-35,-33],[-60,-33],[-76,-27],[-114,-30],[-47,-1],[-48,7],[-126,32],[-55,22],[-6,20],[26,45],[9,133],[7,14],[67,58],[91,35],[50,32],[32,34],[7,30],[36,74],[50,86],[28,34],[94,90],[15,27],[-9,62],[-25,33],[-104,63],[-79,59],[-86,75],[-46,55]],[[6230,37850],[2,-123],[-7,-23],[-36,-22],[-141,-2],[-3,-29],[19,-141],[0,-169],[-93,-5],[-220,-1],[-74,-3],[-13,-8],[-67,-3],[-38,9],[-339,-3],[37,66]],[[5615,38333],[61,83],[46,88],[13,70],[-4,158]],[[5815,38702],[-17,-121],[-6,-104],[33,24],[63,-43],[29,5],[11,-116]],[[5928,38347],[-43,-11],[-38,-29]],[[5847,38307],[-35,-28]],[[5812,38279],[-121,82],[-39,-52],[-37,24]],[[6465,38404],[-238,-26],[-33,-1],[-132,-16]],[[6062,38361],[-134,-14]],[[7519,35585],[152,1],[2,61],[-7,70],[-14,29],[-39,30],[-29,84],[3,112],[-9,16],[-57,53],[-2,16]],[[6230,37850],[160,7],[168,2],[1,231],[44,23],[-26,20],[-3,42],[21,27]],[[6595,38202],[61,20],[9,32],[-34,-1],[-26,70],[-39,4],[-38,15],[-13,46],[-50,16]],[[6888,38449],[0,-87],[4,-98],[-27,-59],[184,0],[103,-13],[44,-19]],[[7196,38173],[39,-13],[27,0],[85,27],[32,-34],[3,-84],[-18,-6],[-113,45],[-4,-37],[46,-114],[-35,-10],[-28,19],[-22,36],[-34,-21],[8,-40],[44,-61],[36,-27],[37,-17],[2,-16],[-42,-35],[-35,-61],[-53,-31]],[[4693,33637],[31,84],[21,27],[31,23],[73,40],[101,22],[31,15],[77,60],[27,53],[-7,30],[24,57],[7,55],[24,45],[-13,60],[-28,48],[-38,31],[-56,54],[-90,67],[-62,58],[-112,46],[-87,19],[-27,21],[-35,61],[-44,51],[-101,45],[-48,27],[-32,31],[-6,29],[-7,138],[6,33],[26,58],[62,87],[47,37],[36,16],[135,10],[55,-3],[38,-17],[69,-75],[17,-39],[24,-11],[140,-13],[56,-3],[55,6],[93,-2],[96,14],[54,17],[69,30],[37,22],[33,143],[19,148],[6,155],[-4,67],[-8,49],[-35,90],[-71,140],[-42,91],[-35,91],[138,26],[32,2],[30,25],[2,31],[17,10],[57,-4],[5,33],[16,32],[29,3],[22,52],[55,53],[40,48],[35,61],[27,101],[30,87],[9,86],[-12,46],[-23,40],[-39,36],[-37,15],[-47,9],[-61,2],[-77,-23],[-34,-19],[-51,-56],[-25,-56],[-45,-209],[-39,-68],[-13,-76],[-24,-62],[-27,-2],[-49,42],[-39,45],[-33,70],[-32,103],[-14,20],[-89,71],[22,60],[2,78],[-51,57],[-15,39],[-30,44],[-29,30],[-30,62],[4,111],[-2,78],[-21,140],[2,24]],[[29876,2924],[79,3],[152,0]],[[30223,2931],[-170,-131]],[[30053,2800],[-91,-71]],[[29962,2729],[-4,83],[-9,1],[-120,-79]],[[30198,2671],[-43,-2],[-112,9],[-46,0]],[[29997,2678],[3,62],[53,40],[0,20]],[[13504,23590],[63,17],[-15,67],[-3,44],[-15,80],[18,62]],[[13552,23860],[107,-66],[96,-38],[24,-1],[41,-15],[11,-18],[59,-23]],[[13678,22373],[-16,47],[22,36],[-9,27],[-24,10],[-30,55],[12,48],[42,-13],[17,15],[0,40],[9,60],[12,26],[-34,16],[-19,64],[-34,40],[11,16],[55,9],[15,32],[-34,6],[-41,-13],[-32,1],[-25,-31],[-38,8],[-18,21],[-6,59],[29,17],[26,-13],[4,-30],[44,26],[-5,22],[-46,27],[-38,0],[-20,57],[-28,47],[19,19],[51,-6],[-8,35],[-25,3],[-11,20],[52,18],[19,22],[-7,65],[-47,69],[-7,51],[19,33],[19,65],[3,53],[-19,10],[-43,-30],[-47,23],[9,21],[48,14]],[[14096,24984],[3,10],[64,29],[9,66]],[[13552,23860],[14,15],[55,1],[7,-53],[28,1],[25,34],[36,28],[28,-15],[83,26],[20,1],[30,64],[12,39],[24,27],[24,-48],[16,-5],[36,16],[4,33],[18,25],[-10,33],[27,35],[31,-40],[29,-3],[17,45],[32,37],[-70,11],[-8,31],[19,28],[-23,27],[20,53],[31,38],[-1,18],[-49,38],[-10,37],[-43,-8],[-53,51],[-24,13],[-44,59],[44,-13],[17,24],[-17,23],[4,22],[45,5],[-3,37],[-54,21],[0,71],[22,17],[14,31],[40,9],[31,30],[1,31],[76,-17],[23,19],[1,38],[-38,10],[7,74]],[[13872,25146],[-89,18],[-43,18],[-79,46]],[[13661,25228],[-63,38]],[[13598,25266],[16,12],[205,-2],[9,3]],[[13910,25141],[-54,-66],[-31,-50],[-32,-91]],[[13793,24934],[-86,1]],[[13707,24935],[2,120],[-49,2],[1,171]],[[18129,16931],[60,-24],[29,12],[59,-1],[26,-406],[3,-270],[-2,-70],[-17,-127],[-165,-745],[-27,-70],[-44,-71]],[[19857,15156],[-311,4],[-56,-2],[-280,0]],[[13967,53704],[17,14],[48,-9],[3,35],[44,7],[24,97],[33,37],[13,45],[30,10],[22,-7],[31,39],[-18,11],[8,33],[-12,29],[34,15],[-11,39],[25,7],[16,-26],[18,19],[44,2],[31,-14],[11,-28],[41,24],[-10,30],[134,-14],[4,45],[72,-24],[33,8],[24,-46],[69,-31],[22,-19]],[[15850,52726],[-200,3],[-25,54],[-26,17],[-40,-1],[-36,8],[-20,47],[-48,-9],[-69,16],[-57,-5],[-60,6],[-11,-26],[-50,47],[-135,60],[-84,14],[-149,72],[-147,23],[-229,-114],[-218,-133],[-139,-56],[-30,39],[-28,-53],[-132,1],[-28,-22],[-36,-55],[-19,-10],[-84,0],[-53,-11],[-18,-31]],[[18715,38875],[-45,19],[-25,25],[-29,71],[-48,37],[-33,61],[-25,14],[-83,1],[-8,356]],[[17949,38802],[-3,80],[6,176],[0,148]],[[13634,24935],[73,0]],[[13793,24934],[78,0]],[[13871,24934],[6,-70],[-12,-77]],[[13865,24787],[-68,21],[-40,-4]],[[13757,24804],[-136,3]],[[13621,24807],[1,49],[11,18],[1,61]],[[25339,50353],[17,168],[27,-1],[33,19],[66,54],[37,19],[24,36]],[[25543,50648],[11,28],[31,29],[10,35],[46,31],[-4,54],[15,35]],[[25652,50860],[36,-11],[53,-50],[15,-22],[125,-20],[49,18],[148,-6],[16,14],[0,71],[13,44],[7,63],[19,14],[31,3],[22,20],[49,10],[12,28],[27,-14],[63,37],[53,20],[32,-12],[88,40],[33,-5],[76,-30],[0,-31],[69,-87],[5,-29],[62,9],[89,-9],[62,0],[23,32],[65,-28],[49,-5],[20,15],[84,-8],[52,6],[15,-19],[22,6],[10,23],[-14,29],[25,34],[19,9],[237,-3]],[[25272,49669],[60,196],[2,12],[-1,283],[6,193]],[[25652,50860],[43,84],[44,18],[79,-10],[23,-12],[8,92],[-8,11],[-4,65],[69,-10],[69,14],[25,-1],[7,46],[32,57],[-10,44],[1,59],[-10,19],[-5,91],[-92,14],[-18,-61],[-24,-39],[-57,-50],[-119,-61],[-37,-15],[-150,-76],[-138,-61]],[[25380,51078],[36,92],[-10,91],[-20,42],[-33,17],[-50,50],[-15,-37],[-21,-27],[-21,-8],[-82,152]],[[25164,51450],[3,38],[-30,76],[1,137],[-10,85],[5,52],[-26,87],[3,100],[-55,141],[-22,2],[-22,21],[-25,5],[-18,37]],[[23127,50677],[236,217],[28,14],[79,3],[54,-29],[187,-65],[36,-25],[70,-78],[26,-18],[42,-7],[425,5],[21,6],[288,134],[28,25],[61,83],[42,19],[160,20]],[[24910,50981],[-6,-26],[-2,-117],[-88,-231],[-26,-49],[160,91],[11,-77],[30,-67],[2,-150],[348,-2]],[[24607,49672],[-198,-3],[-28,2],[-159,-1],[-169,-4],[-186,-1],[-522,2],[-219,-5]],[[24910,50981],[21,80],[13,119],[10,38],[55,74],[13,87],[-1,80],[17,97],[56,-36],[70,-70]],[[25380,51078],[-15,-51],[79,-23],[9,-14],[-44,-38],[-47,-67],[-28,-28],[34,-40],[34,-68],[28,-28],[113,-73]],[[13524,25627],[64,-7],[0,21]],[[13588,25641],[46,7],[30,-4],[62,-35]],[[13402,24942],[52,-3]],[[13454,24939],[15,-3],[165,-1]],[[13621,24807],[-102,1],[-4,-44]],[[13515,24764],[-27,22],[-30,36],[-33,91],[-23,29]],[[29998,2518],[-1,160]],[[14039,26132],[48,-1],[33,-27],[43,-2],[1,52]],[[14164,26154],[32,-26],[34,-4],[43,-17]],[[14206,25892],[-37,0]],[[14040,25904],[0,55]],[[14040,25959],[-1,173]],[[8947,42210],[70,-13],[0,-52],[53,0],[2,-54]],[[13757,24804],[-46,-96],[-60,-136]],[[13651,24572],[-37,31]],[[13614,24603],[-2,44],[-70,64],[-13,39],[-14,14]],[[13991,25781],[-76,8]],[[13915,25789],[1,75],[-20,0],[1,47],[-120,0],[0,-23]],[[13777,25888],[-25,-14]],[[13752,25874],[5,86],[283,-1]],[[5812,38279],[-53,-43],[-47,-15],[-10,-32],[42,-27]],[[5744,38162],[-65,-86],[-30,-56]],[[5511,38214],[36,32],[68,87]],[[5744,38162],[28,21],[70,0]],[[5842,38183],[84,2]],[[5926,38185],[-10,-168]],[[5847,38307],[-5,-124]],[[5928,38347],[-2,-162]],[[6062,38361],[1,-174]],[[6063,38187],[-137,-2]],[[6595,38202],[-532,-15]],[[13915,25789],[-4,-49],[5,-56]],[[13859,25751],[-41,39],[45,0],[0,98],[-86,0]],[[28884,10058],[-25,-9],[-17,-38],[-78,-30],[-25,-20],[-22,-77],[35,-65],[1,-29],[18,-22],[39,-26],[30,-66],[14,-50],[21,-38],[-21,-63],[28,-29],[71,-39],[63,-27],[110,-29],[38,-21]],[[29175,8828],[-135,-22],[-120,-30],[-54,-32],[-34,-41],[-25,-20],[-58,-21],[-35,-3],[-38,12],[-61,29],[-279,19],[-61,13],[-168,13],[-70,-5],[-693,-170],[-55,-27],[-158,-134],[-25,-16],[-49,-15],[-228,-25],[-231,3]],[[31008,10056],[11,-362],[45,-1080],[9,-101],[4,-94]],[[31077,8419],[-94,23],[-68,54],[-124,76],[-167,23],[-133,37],[-90,54],[-65,66],[-43,62],[-37,34],[-45,10],[-39,25],[-111,57],[-26,42],[-30,30],[-44,8],[-20,-6],[-59,-49],[-21,0],[-52,24],[-89,19]],[[29389,8188],[21,78],[29,6],[15,29],[36,20],[6,38],[18,11],[-9,49],[0,53],[-13,16],[15,59],[-21,38],[-7,31],[-50,115],[10,75],[-35,62],[5,24],[-13,69],[-6,64]],[[31077,8419],[22,-563],[25,-655],[7,-222]],[[31131,6979],[-458,-4],[-93,-4],[-107,2],[-228,-1]],[[30245,6972],[-185,1],[-467,-2]],[[29593,6971],[-2,38],[15,14],[-9,137],[-16,59],[-5,76],[-38,29],[-2,38],[-17,23],[-4,53],[40,47],[21,73],[-2,42],[13,22],[6,67],[-41,67],[-13,40],[18,29],[-23,72],[-22,25],[-13,71],[-33,52],[6,27],[-30,19],[-2,20],[-31,9],[-25,39],[5,29]],[[23252,56870],[259,0],[96,-2],[379,-6],[304,9],[668,1],[369,2]],[[23250,54348],[4,46],[-19,35],[1,21],[28,31],[6,44],[31,70],[-5,43],[36,45],[40,4],[8,16],[0,117],[41,9],[99,34],[87,45],[63,-3],[32,164],[16,46],[1,73],[-14,34],[-84,85],[-10,25],[-37,153],[-21,73],[-13,20],[-50,47],[-15,30],[-14,66],[-1,201],[3,58],[-2,88],[0,214],[4,23],[-244,3],[-101,-2],[-2,53],[-19,36],[-52,69],[-27,28],[-26,54],[-58,67],[316,257]],[[22105,56861],[506,6],[641,3]],[[26610,3238],[3,30]],[[26613,3268],[90,14],[59,-13],[56,-39]],[[26594,3037],[-5,27],[-2,166],[23,8]],[[24389,3086],[6,-61],[0,-165]],[[24180,2858],[-1,159],[41,8],[53,-12],[38,23],[17,-3],[61,53]],[[25998,3084],[-34,1]],[[25964,3085],[0,80]],[[25887,3286],[99,6],[44,-18]],[[25964,3165],[-14,-43],[-88,-3],[0,43],[-143,-1]],[[25719,3161],[6,69]],[[26298,3322],[64,29],[40,1],[103,-43]],[[26505,3309],[5,-126],[-11,-148]],[[25719,3161],[0,-93]],[[25719,3068],[-147,-14],[-20,-5]],[[25552,3049],[-73,-19],[0,25]],[[25479,3055],[-1,178]],[[25964,3085],[-42,-8],[-151,-1],[-52,-8]],[[25231,3125],[14,19],[32,1],[44,13],[17,31],[17,-8],[57,21],[18,20],[48,11]],[[25479,3055],[-20,0]],[[25459,3055],[-62,5],[-82,-6]],[[25315,3054],[-81,-22]],[[25234,3032],[-3,93]],[[25999,3020],[-61,-1],[-131,-9]],[[25807,3010],[-172,-11],[-74,-9]],[[25561,2990],[-9,59]],[[24625,3908],[-9,90],[3,51],[121,2],[-1,85],[82,0],[2,-34]],[[25561,2990],[-82,-22]],[[25479,2968],[0,44],[-22,21],[2,22]],[[25065,2978],[84,29],[-13,21],[-1,61]],[[25151,3118],[35,1],[26,-22],[19,28]],[[25234,3032],[-2,-141]],[[25232,2891],[-82,-26]],[[25150,2865],[-106,-34]],[[25044,2831],[2,59],[-27,-8],[-4,79],[50,17]],[[25315,3054],[-2,-138]],[[25313,2916],[-81,-25]],[[25064,3068],[1,-90]],[[25044,2831],[-133,-42]],[[24652,2708],[91,28]],[[25150,2865],[82,-2],[0,-25],[32,12],[215,58]],[[25479,2908],[2,-161],[3,-2]],[[25479,2908],[65,6],[34,9],[108,11],[75,15],[46,3],[0,58]],[[26535,3295],[75,-57]],[[23697,2332],[157,63]],[[23854,2395],[0,-79],[123,58],[86,26],[63,27],[59,39],[106,51]],[[24576,2736],[21,26],[42,0],[0,99],[50,1],[-1,-73],[58,0]],[[25479,2908],[0,60]],[[25479,2968],[-166,-52]],[[26321,23065],[71,-6],[28,-16],[45,16],[40,-14],[37,-26],[9,-42],[110,208],[20,48],[23,-3],[80,27],[18,26],[-1,59],[29,18],[25,-37],[25,-7],[13,45],[4,41],[39,79],[21,25],[80,154],[52,-73],[18,-58],[8,-51],[27,-15],[38,8],[21,26],[21,-5],[-5,-38],[31,-30],[15,4],[23,-25],[5,-64],[-5,-60],[-22,-100],[-12,-28],[4,-25],[26,3],[4,-55],[24,-8],[2,-62],[25,13],[42,0],[31,10],[18,-23],[70,88],[4,17],[-19,32],[-25,13],[26,23],[39,-19],[5,54],[33,-1],[9,24],[28,13],[-3,73],[25,30],[15,3],[24,69],[58,25],[35,-16],[34,-4],[26,-16],[53,3],[88,-9],[48,20],[87,-73],[20,-34],[35,25],[52,2],[49,-29],[24,-25]],[[26323,22757],[-2,308]],[[26321,23065],[0,246],[-1,415],[1,111],[-7,248],[4,117],[1,214]],[[24088,14370],[74,-1],[128,-7],[88,-8],[417,-32],[263,-26],[64,-53],[11,-151],[111,-98],[78,-60],[168,-123],[552,-407],[111,-84],[175,-195],[11,3],[347,246],[106,72],[223,156]],[[24089,15161],[730,-4],[238,0],[410,-2],[354,0],[213,-1]],[[7456,38507],[-28,-21],[-232,-313]],[[30321,40122],[28,-16],[542,-351]],[[30891,39755],[156,-102],[22,-31],[16,-47]],[[31085,39575],[-26,-5],[-50,7],[-28,-143],[-13,-19],[-22,14],[-21,-28],[-45,-40],[52,-55]],[[31607,39282],[137,-1],[614,-19],[46,-16]],[[32404,39246],[-56,-568]],[[31394,39826],[29,-23],[28,52],[-5,20],[69,18],[37,20],[25,0],[18,31],[2,27]],[[31597,39971],[53,41],[21,48],[44,31],[37,58],[66,18],[20,-20],[8,-34],[45,12],[75,-2],[25,11],[21,46],[19,15],[40,6],[2,46],[13,28],[24,12],[28,40],[18,-11],[34,30],[60,3],[8,32],[29,27],[6,30],[22,2],[33,19],[-13,23],[45,21],[11,22],[67,61],[10,29],[24,31],[-11,34],[12,44],[32,21],[3,31]],[[32528,40776],[-7,14],[1,65],[25,31],[4,22],[22,4]],[[32573,40912],[-45,-473],[-34,-305],[-48,-473],[-16,-153],[-26,-262]],[[31648,41656],[38,40],[52,24],[55,55],[-6,42],[27,15],[-5,30],[22,11],[16,32],[73,17],[2,34],[39,51],[-26,36],[7,36],[-1,94],[24,29],[-4,21],[23,18],[25,-25],[31,15],[278,-1],[374,-1],[11,2]],[[32703,42231],[-32,-297],[-23,-279],[-15,-161],[-9,-70],[-17,-186],[-34,-326]],[[32528,40776],[-30,57],[29,51],[-4,22],[-50,11],[-2,87],[-115,3],[-11,24],[-71,-6],[-46,35],[-48,-67],[-23,-21],[-41,-68],[-7,-57],[-10,-26],[-61,-104],[-121,-146],[-5,64],[-159,5],[-152,8],[-131,0]],[[31510,40302],[-54,-115],[1,-61],[7,-23],[56,-76],[21,18],[32,-36],[24,-38]],[[31092,39549],[-7,26]],[[30891,39755],[-6,42],[7,48],[33,71],[10,40],[0,72],[37,33],[39,-33],[59,-7],[71,-62],[77,2],[4,41],[-12,73],[-42,68],[-3,66],[33,51],[17,45],[7,39]],[[11419,17167],[29,147],[39,5],[28,-50],[35,-9],[4,-15],[161,1],[0,-17],[66,28],[45,-16],[7,-113],[-4,-28],[4,-81]],[[22041,2024],[185,77],[56,12],[116,-9],[51,-1],[96,-11]],[[22545,1983],[-187,4],[-41,-67],[-276,104]],[[21626,2404],[56,-79],[38,-25],[110,-3],[63,-48],[16,-46],[-10,-58],[-16,-13],[-4,-35],[74,-26],[37,-27],[51,-20]],[[22041,2024],[-63,-26]],[[21978,1998],[-120,-50]],[[21187,1480],[30,6],[63,47],[118,44],[23,1],[40,-17],[72,17],[21,39],[-3,182],[4,64]],[[21675,1872],[-2,-51],[7,-70],[78,-106]],[[21758,1645],[56,-56],[31,-53],[-94,-67],[-60,-26],[23,-122]],[[21758,1645],[239,156],[-139,147]],[[21978,1998],[-1,-39],[-21,0],[-5,-57],[64,15],[99,-38],[-25,-29],[97,-36],[72,-144]],[[22218,2734],[1,-179],[141,-41],[144,-94],[41,-94]],[[19332,1915],[16,47],[54,11],[25,13],[49,53],[-1,19],[-30,23],[-9,83],[-20,40],[23,58],[-3,53],[-35,64],[-19,12],[-2,39],[-33,-13],[-17,28],[-38,4],[-4,37],[-41,23],[-10,23],[-57,14],[-36,85],[25,34],[-6,29],[-33,23],[23,14],[-43,22],[3,23],[-25,36],[-23,16],[-19,47],[-2,23],[-17,32],[-5,34],[-28,12],[-7,47],[-19,25],[2,27],[-25,10],[-18,28],[-5,36],[14,15],[-16,23],[15,15],[23,-22],[18,27],[-13,61],[3,26],[-15,44],[18,11],[-16,24],[6,65],[-30,27],[-15,52],[23,28],[1,34],[-23,18],[12,57],[-21,12],[-35,3],[-9,47],[4,27]],[[26370,3747],[4,-41],[16,-28],[-104,-2],[2,-123]],[[26288,3553],[-15,-3],[-147,-2],[-3,-84],[-42,-1]],[[25954,3513],[6,37],[-4,50],[4,43],[14,0]],[[19878,13478],[291,36],[50,11],[267,84],[36,9],[218,32],[40,15],[153,67],[26,9]],[[20959,13741],[28,-152],[-2,-36],[-14,-55],[2,-35],[25,-65]],[[20998,13398],[20,-54],[3,-28],[-5,-100],[26,-67],[4,-67],[11,-25],[30,-38],[-4,-147],[9,-47],[58,-112],[10,-77],[49,-62]],[[21209,12574],[29,-40],[1,-26],[-13,-59],[-29,-20],[-29,-3],[-48,-30],[-35,14],[-15,-21],[-19,2],[-26,-28],[2,-19],[-21,-51],[-43,-45],[-4,-73]],[[20959,12175],[-67,71],[-60,35],[-48,53],[-38,83],[0,37],[10,37],[-17,49],[-35,17],[-25,-5],[-67,12],[-56,54],[-71,15],[-147,-13],[-46,14],[-15,18],[-5,37],[-24,64],[-65,70],[-11,93],[-27,30],[-88,46],[-66,69],[-22,83],[-28,31],[-35,122],[-1,37],[-17,51],[-10,93]],[[21209,12574],[275,187],[15,-63],[50,-15]],[[21549,12683],[15,-49],[62,-46],[31,-2],[74,-39],[22,-31],[32,-18],[79,10],[60,-21],[58,6],[52,-30],[3,-21],[28,-38],[24,-19],[-1,-46],[16,-39],[0,-54],[8,-15],[32,34]],[[22140,11665],[-47,15],[-102,12],[-24,17],[-51,13],[-43,-10],[-94,28],[-44,36],[-31,12],[-80,4],[-25,-39],[-79,2],[-5,-16],[-49,-31],[-69,-34],[-34,-8],[-34,-24],[-50,-62],[-66,-53],[-45,-6],[-71,-54],[-46,0],[-12,-35],[-37,-9]],[[21002,11423],[10,36],[-8,34],[-2,96],[4,19],[48,66],[12,49],[-3,64],[7,25],[-39,10],[-1,76],[38,51],[2,51],[14,33],[-36,32],[-59,43],[-14,45],[-16,22]],[[19214,13393],[69,28],[72,21],[97,10],[222,4],[47,3],[157,19]],[[21002,11423],[-3,-12],[-45,-37],[7,-67],[0,-81],[-45,-40],[-37,-83],[-27,-6],[-17,-38],[35,-16]],[[19211,14289],[10,8],[65,-16],[46,20],[21,26],[48,15],[62,61],[50,31],[27,6],[26,-27],[8,-37],[32,-35],[25,-50],[91,50],[54,22],[23,20],[55,29],[15,17],[40,-6],[33,-38],[64,-26],[59,6],[90,-17],[57,-43],[87,-7],[46,7],[50,30],[60,-17],[21,-17],[44,62],[19,14],[51,4],[18,13],[-12,61],[-27,39],[-49,25],[-31,-2],[-29,13],[-43,56],[-63,37],[-41,67],[-23,55],[0,26],[-21,39],[-18,49],[-1,178],[6,33],[52,89]],[[21437,14134],[18,-32],[14,-82],[-4,-26],[-50,-2],[-38,-10],[-27,-21],[-69,0],[-67,38],[-33,66],[-14,49],[-35,47],[-23,11],[-65,-3],[-57,-86],[-53,-33],[-8,-18],[-16,-75],[-18,-45],[10,-41],[46,-79],[11,-51]],[[21660,14135],[5,-94],[16,-2],[2,-47],[-32,-79],[4,-26],[-70,-7],[-6,-8],[0,-75]],[[21579,13797],[-53,-3]],[[21526,13794],[-91,-1],[-447,-47],[-29,-5]],[[22028,14137],[20,-85],[13,-30],[-40,-1],[-51,-17],[-13,-32],[-40,-36],[-12,-28],[1,-54]],[[21906,13854],[-72,-11],[-255,-46]],[[22070,13876],[37,7]],[[22107,13883],[44,0]],[[22152,13407],[-16,-1],[-66,-33],[-26,35],[-37,30],[-32,75],[-64,29],[-24,42],[-18,17]],[[21869,13601],[30,51],[27,69],[27,37],[45,38],[72,42],[0,38]],[[21550,13718],[58,0],[21,-24],[30,3],[197,-120],[13,24]],[[21549,12683],[31,81],[38,35],[57,16],[78,15],[29,36],[-12,66],[-4,58],[-19,65],[-9,64],[5,32],[55,49],[16,31],[5,51]],[[21819,13282],[9,-1],[1,119],[-5,7],[-75,3],[-6,7],[1,90],[-53,-44],[-41,32],[-58,2],[-50,8]],[[21542,13505],[14,78],[-6,31],[9,39],[-9,65]],[[22107,13883],[2,253]],[[22070,13876],[-164,-22]],[[21209,13458],[-1,-85],[20,-49],[47,-15],[28,-30],[10,-40],[35,-10],[-11,-28],[-4,-57],[52,-1],[14,53],[49,62],[117,-11],[12,15],[49,9],[57,0],[33,12],[103,-1]],[[20998,13398],[29,32],[72,23],[47,26],[63,-21]],[[21526,13794],[14,-27],[10,-49]],[[21542,13505],[-30,-77],[-67,-6],[-58,-32],[-42,-7],[0,-20],[-33,5],[-23,48],[-31,31],[-49,11]],[[29863,49145],[-53,-9],[-67,-1],[-41,-8],[-33,-23],[-45,-11],[-54,-47],[-82,4],[-50,37],[-44,10],[-32,-15],[-35,-41],[-47,-20],[-33,-41],[-31,-16],[-69,-8],[-28,-23],[-26,14],[-13,-47],[-17,-30],[5,-39],[-13,-25],[-18,-80],[21,-24],[4,-37],[-148,-2],[-57,37],[-19,-3],[-16,-28],[-72,-10],[-42,-22],[-29,-5],[-33,-34],[-49,1]],[[27821,48320],[199,0],[104,-1],[2,38]],[[27728,48149],[22,91],[60,54],[11,26]],[[27821,48320],[-65,0],[-2,181],[-11,16]],[[27173,47632],[68,-1],[-5,-86],[22,-52],[50,-30],[283,1],[264,2]],[[27176,46096],[0,416],[1,408],[-4,712]],[[28013,47636],[-2,171],[-83,1],[0,84]],[[27173,47632],[-3,345]],[[16078,56496],[-182,-3]],[[11742,34628],[-52,16],[6,-31],[-12,-17],[-33,-1],[-35,-18],[-37,-33],[-3,-33],[-14,-25],[-27,-7],[-19,14],[-28,46],[-86,34],[-72,-32],[-36,25],[-31,66],[-10,52],[-13,4],[-22,-39],[-27,-4],[-12,48],[-29,43],[-30,25],[2,36],[30,16],[-9,39],[-35,29],[-1,19],[25,13],[8,41],[-10,24],[-42,30],[-24,-17],[24,-21],[-12,-28],[-46,-19],[-49,8],[-13,35],[34,22],[-7,33],[-26,54],[-26,27],[9,33],[41,-10],[11,-27],[24,-10],[38,37],[40,96],[44,-11],[24,19],[-6,55],[-16,39],[-9,95]],[[11101,35468],[-49,-2],[-323,3],[-171,-4],[-162,5],[-1,390],[-3,29],[-2,142],[7,21],[-43,2],[-5,110],[0,166],[-94,2],[-257,-2],[-64,-21],[-80,19],[-50,36],[14,42],[12,68],[-1,29],[-15,32],[16,22],[-14,33],[55,26],[69,8],[37,-22],[38,22],[20,26],[30,22]],[[12394,33628],[0,-8],[-818,-10],[-1,-575],[-5,-429],[-135,0]],[[11435,32606],[-234,0],[-86,-4],[-69,1],[-224,-2],[-120,3],[-157,-1],[-177,-5],[-233,-1],[-104,3],[-55,-2],[-181,1],[-210,-2]],[[12242,27503],[360,1],[39,-3],[231,2],[596,-1],[82,-1],[-1,-546],[1,-439]],[[13549,26477],[-84,1],[0,-12],[-56,-147],[8,-25],[-13,-44]],[[13180,26116],[-20,20],[-24,-8],[-34,47],[7,21],[-37,34],[-25,44],[-28,17],[-12,40],[-21,20],[-65,29],[-34,-72],[-36,-25],[-36,-36],[-10,-23],[-3,-225],[-39,-101]],[[12763,25898],[-48,30],[-65,63],[-48,-3],[-47,14],[-44,38],[-61,20],[-21,13]],[[12429,26073],[-53,82],[14,32],[68,209],[202,0],[9,24],[0,55],[-21,30],[-4,42],[-25,62],[3,49],[-6,50],[-33,28],[-25,68],[0,103],[-23,17],[-98,14],[-114,75],[-30,56],[19,21],[-2,191],[3,155],[-58,36],[-13,31]],[[12284,23994],[60,0],[45,-10],[91,12],[188,1],[31,25],[20,-26],[18,3],[80,67],[62,17],[74,-1],[61,47]],[[13014,24129],[27,-54],[1,-176],[14,-27],[46,-20],[73,-21],[22,-26]],[[13197,23805],[-73,-57],[-16,-29],[-12,-105],[-8,-21],[-77,-99],[-158,4],[-140,-15],[-42,1],[-19,-24],[-41,-15],[-51,-43],[-14,-3],[-212,0]],[[12334,23399],[0,97],[-7,31]],[[12327,23527],[-17,55],[-28,40],[-8,35],[5,41],[-3,66],[45,123],[-37,107]],[[13197,23805],[72,56],[26,-10],[-9,-29],[8,-28],[-24,-23],[3,-28],[39,-40],[-2,-57],[20,-20],[54,-31],[30,2],[28,24],[62,-31]],[[12638,22372],[167,195],[13,18],[126,300],[-625,0],[-18,64],[31,103],[-6,65],[17,63],[-2,63],[-17,35],[7,51],[-5,29],[8,41]],[[11569,28512],[3,-261],[-1,-106],[-1,-624],[38,-15],[634,-3]],[[12429,26073],[-20,-36],[-11,-52],[8,-151],[83,-33]],[[12489,25801],[-41,-114],[-16,-28],[-57,-70],[-85,-81],[-38,-29]],[[12252,25479],[-57,-48],[-57,-74],[-59,-63],[-64,-56],[-37,-21],[-42,-11],[-114,-8],[-52,-14],[-96,-48],[-88,-31]],[[11586,25105],[-31,47],[-39,21],[-30,32],[-31,75],[-7,114],[21,103],[7,85],[10,68],[-3,77],[8,47],[-8,39],[-66,38],[-43,37],[-18,30],[-54,11],[-18,15],[-30,2],[-2,27],[25,25],[37,10],[31,33],[58,-2],[21,21],[-24,31],[-2,29],[-81,91],[-44,85],[-19,109],[0,53],[-16,67],[-1,83],[2,96],[-2,109],[30,20],[-21,59],[-1,61],[-6,55],[0,168],[2,97],[11,20],[32,23],[-42,41],[-37,81],[17,85],[-29,62],[2,46],[50,44],[35,61],[-32,82],[-3,32],[-38,74],[0,27],[29,24],[-41,11],[-33,20]],[[11162,28006],[0,38],[53,47],[8,41],[32,31],[99,-10],[-2,42],[15,25],[21,-13],[36,-1],[4,69],[21,64],[34,15],[11,-40],[37,17],[2,46],[25,17],[-37,27],[30,49],[0,36],[18,6]],[[13999,25618],[26,0],[-1,-171]],[[14024,25404],[-41,0]],[[13774,25584],[48,5]],[[14846,26470],[-3,-21],[-37,-79],[-36,-65]],[[14770,26305],[-69,109],[3,55]],[[13208,24597],[124,-1],[265,-1],[17,8]],[[13651,24572],[-37,-105],[-22,-38],[-18,-74],[-31,-93],[-43,-79],[-30,-102]],[[13470,24081],[-18,29],[-20,54],[-47,57],[-30,7],[-66,53],[-50,48],[-31,58],[0,210]],[[13001,24598],[207,-1]],[[13470,24081],[-14,-30],[-68,-80],[-33,27],[-44,24],[-57,57],[-72,43],[-56,44],[-58,5]],[[13068,24171],[-16,22],[-11,61],[-1,119],[-5,21],[-45,82],[2,34]],[[14746,26262],[24,43]],[[14886,26083],[-37,10],[-16,38]],[[14833,26131],[-30,51],[-43,19],[-34,28],[20,33]],[[24438,25796],[-2,-56],[-108,-41],[-57,-11],[-11,-15],[-39,-13],[-3,-27],[22,-45],[6,-36],[-4,-42],[-41,-4],[-26,-13],[-78,-2],[-34,-8],[-28,-140],[4,-80],[-30,-7],[-39,26],[-34,5],[-64,44],[-3,-66],[-122,0],[-2,115],[8,80],[-16,0],[-119,-64],[-24,-1],[-28,20],[-21,-6],[-51,18],[-32,2],[-3,60],[20,15],[58,7],[24,25],[30,-6],[68,27],[73,60],[21,46],[55,-5],[33,25],[15,39],[20,21],[30,6]],[[24772,26287],[119,0],[44,-4],[42,-37],[40,0],[2,-26],[63,8],[24,23],[-29,51],[9,26],[-8,33],[8,17],[86,2],[11,21],[28,-35],[19,-68],[41,39],[14,49],[-24,31],[1,43],[56,-2],[19,10],[73,72],[3,65],[49,88],[3,43],[42,16],[98,-83],[67,3],[89,23],[19,-7],[24,-33],[56,-21],[35,-27],[13,-46],[34,-33],[37,18],[17,-13],[39,-7],[104,29],[36,-59],[-2,-40],[90,-24],[28,-31],[16,3]],[[26319,24416],[-195,3],[-56,-3],[-577,-2],[-655,0]],[[24836,24414],[-397,0],[-182,-1],[-661,-1],[-499,-2],[-189,2],[-302,0],[-213,-4]],[[22393,24408],[1,1177]],[[22442,28543],[648,0],[5,5],[996,1],[193,-1]],[[24284,28548],[54,-1],[282,1]],[[24620,28548],[-42,-25],[49,-48],[49,-10],[40,-51],[-46,-15],[-68,-6],[0,-37],[-29,-14],[-54,7],[-83,35],[-2,-55],[-19,-26],[-3,-114],[-12,-133],[2,-140],[-29,-389],[1,-43],[20,-260]],[[24620,28548],[868,0],[237,1],[92,-4],[297,4],[198,0]],[[19753,24411],[270,-2],[667,-2],[587,0],[603,-2],[87,4],[426,-1]],[[22393,24408],[0,-281],[1,-214],[1,-595],[-1,-290],[4,-1004]],[[22398,22024],[0,-253],[2,-265]],[[12923,25503],[12,21],[24,5],[39,33],[0,18],[24,27]],[[13060,25584],[125,-74]],[[13185,25510],[-12,-50],[-1,-130]],[[13172,25330],[0,-25]],[[12994,25292],[-64,150],[-13,0],[6,61]],[[12763,25898],[48,-15],[30,-1],[57,-32]],[[12941,25655],[-64,35],[-68,11],[-60,-7],[13,-49],[0,-30]],[[12762,25615],[-53,38],[-65,52]],[[12644,25705],[-58,49],[-36,22],[-61,25]],[[13172,25330],[168,-117],[21,-12],[73,-20]],[[13434,25181],[65,-12],[84,3],[-1,-53],[-31,1],[6,-38],[-9,-27],[-1,-49],[-90,1],[-3,-68]],[[13402,24942],[-20,1],[-82,37],[-69,-74],[-26,-23]],[[10572,27736],[57,35],[19,-5],[25,-29],[10,-27],[56,21],[43,44],[68,-65],[18,-25],[20,21],[-15,29],[19,19],[-19,54],[26,28],[-38,32],[13,16],[65,36],[22,24],[29,-34],[23,17],[15,-18],[35,8],[10,28],[25,-17],[18,18],[-15,22],[61,38]],[[11586,25105],[-137,-18],[-83,-23],[-76,-39],[-27,-24],[-55,-65],[-55,-43],[-89,-38],[-34,-21],[-53,-46],[-56,-36],[-94,-37],[-44,-29],[-53,-53],[-56,-80],[-53,-60],[-52,-41]],[[10569,24452],[-70,-64],[-100,-19],[-144,-63],[-26,9],[-33,26],[-51,20],[-31,51],[-35,22],[-64,-12],[-40,21],[-39,0],[-87,44],[-62,47],[-61,8],[-87,34],[-79,79],[-39,15],[-15,-6],[-33,26],[-30,55],[23,26],[45,78],[-68,28],[-13,15],[-38,3],[-24,12],[-52,46],[-34,-3],[-29,29],[-49,-17],[-14,5],[-40,-47],[-38,-5],[22,-41],[-20,-42],[-45,-33],[-22,-4],[-13,-27]],[[9034,24768],[-59,-3],[23,33],[-15,18],[-30,-20],[-7,28],[-29,15]],[[13176,25967],[-3,-161]],[[13173,25806],[-138,15]],[[13434,25181],[41,8],[22,21],[27,100]],[[13524,25310],[74,-44]],[[12300,24780],[30,14],[49,37],[45,25],[211,48]],[[13068,24171],[-54,-42]],[[12284,23994],[-22,100],[0,68],[16,66],[23,54],[0,105],[-10,48],[-1,84],[11,47],[-1,214]],[[13865,24787],[-31,-126],[-45,-116],[-88,-19],[-15,4],[-35,42]],[[16217,32094],[-33,-55],[-33,-31],[5,-38],[-15,-25],[-33,-2],[-15,-17],[-23,11],[-20,-20],[18,-30],[-37,-51],[22,-15],[-52,-78],[-44,-40],[30,-20],[-19,-22],[-29,-64],[-5,-37],[-56,-42],[-88,-29],[-13,35],[-27,-5],[-29,-41],[1,-31],[-12,-31],[-4,-43],[6,-34],[-15,-23],[15,-27],[-21,-44],[0,-22],[33,-18],[-21,-48],[-17,-8],[8,-33],[-31,-26],[28,-10],[-20,-66],[1,-30],[-14,-29],[-23,-18],[13,-31],[-25,-29],[-26,1],[7,-62],[-17,-28],[9,-20],[-22,-30],[3,-51],[-56,-20],[-8,-27],[12,-15],[-20,-22],[6,-55],[-29,-41]],[[12307,31629],[24,30],[10,86],[-52,13],[-1,40],[-24,31],[-11,31],[-50,11],[-33,17],[-8,21],[55,69],[25,11],[64,-18],[41,33],[44,4],[-4,59],[19,92],[-19,30],[-16,63],[-49,66],[-54,-15],[-47,40],[-13,29],[-19,-113],[-24,-81]],[[12165,32178],[-34,4],[-130,42],[-30,20],[-45,-91],[-178,-347]],[[11748,31806],[-48,31]],[[11700,31837],[-107,69],[-43,21],[18,44],[-18,42],[-51,66],[-20,80],[6,43],[17,47],[45,70],[90,36],[-40,153],[-14,16],[-61,23],[-57,8],[-30,51]],[[11748,31806],[49,-28],[0,19],[88,0],[3,54],[12,33],[41,2],[1,-40],[59,-30]],[[12001,31816],[-25,-53],[-5,-75],[28,-14],[65,-15],[34,-19]],[[11574,31355],[-2,22],[-29,26],[25,17],[-33,23],[53,33],[52,69],[-10,162],[-2,78],[8,16],[50,22],[14,14]],[[11681,28651],[-29,-14],[-26,4],[-19,-18],[-3,-30],[-17,-26],[-32,-8],[14,-47]],[[12001,31816],[112,238],[14,12],[38,112]],[[12644,25705],[-9,-43],[-15,-36],[-21,-22],[-50,-36],[-64,-16],[31,-41],[106,-69],[136,-3],[4,176]],[[12762,25615],[161,-112]],[[12300,24780],[3,78],[49,84],[-10,49],[3,140],[32,64],[0,73],[-41,71],[-2,166],[-42,-14],[-20,-16],[-20,4]],[[14497,26473],[-10,-168]],[[14487,26305],[-9,-59]],[[14164,26154],[1,150],[152,3],[-24,42],[-5,30],[12,38],[-6,61]],[[13871,24934],[160,-2],[5,92]],[[14036,25024],[26,-7],[34,-33]],[[13626,26000],[118,-133],[8,7]],[[13588,25641],[0,320]],[[14369,25515],[34,31],[18,2]],[[14036,25024],[4,266],[-44,-15]],[[14407,25871],[-69,-129],[-6,-67],[15,-45]],[[12327,23527],[-38,-2],[-100,-30],[-56,-9],[-62,27],[-22,24],[-58,21],[-48,8],[-42,18],[-42,-16],[-19,-33],[-27,-10],[-41,27],[-84,-13],[-19,30],[-27,66],[1,128],[-27,62],[-32,-39],[-63,-21],[-39,-25],[-58,0],[-35,23],[-15,52],[-15,12],[-184,2],[-130,4],[-41,-19],[-32,-69]],[[10972,23745],[-115,2],[-76,17],[-82,-1],[-17,11],[6,62],[-29,70],[-2,144],[70,-4],[10,36],[-17,20],[16,45],[47,89],[-22,21],[-11,42],[-34,-2],[-52,32],[-28,39],[2,23],[-26,17],[-43,44]],[[14194,26479],[-236,-200],[1,-148],[80,1]],[[13191,24866],[58,-34],[22,-61],[62,-47],[88,35],[94,5]],[[13463,25641],[-208,68],[-64,0],[-2,84],[-16,13]],[[13462,25366],[-16,-10]],[[13446,25356],[-261,154]],[[13524,25310],[-78,46]],[[14746,26262],[-35,30],[-189,-1],[-35,14]],[[14833,26131],[-207,0],[-48,-38],[-18,-7],[-107,0]],[[14432,25958],[96,0],[-1,-86],[181,3],[-2,27],[33,9],[15,47],[22,2],[28,-17]],[[13798,27914],[-1,-279],[-1,-55],[55,-17],[39,-60],[31,-1],[8,-42],[81,-1],[83,-13],[44,8],[38,24],[25,-23]],[[14200,27455],[-25,-48],[-5,-116],[-53,-53],[-10,-52],[6,-36],[-14,-31]],[[14524,27154],[15,42],[21,29],[68,127],[12,41],[-2,77],[10,28],[31,52],[29,-22],[49,-11],[32,15],[7,26],[30,10],[18,33],[19,-4],[77,-116]],[[14622,27844],[-5,-34],[-59,-78],[-7,-23],[3,-41],[-2,-143],[-11,-44],[-1,-89],[-35,22],[-204,5],[-67,17],[-34,19]],[[7284,25734],[32,-2],[12,20],[83,-30],[5,-20],[40,-9]],[[7456,25693],[27,-68],[-17,-98]],[[7466,25527],[-76,-43],[-78,-52],[-34,-11],[-20,5],[-72,42]],[[7186,25468],[38,66],[12,44],[5,82],[43,74]],[[7417,25972],[49,117],[12,38]],[[7926,25871],[-48,-6],[-39,-16],[-44,-35],[-37,-6],[-58,6],[-25,24]],[[7675,25838],[-2,21],[-46,14],[-23,15],[4,54],[-44,-25],[-103,16],[-32,17],[-12,22]],[[7589,25826],[73,-14],[13,26]],[[7951,25579],[-13,19],[-64,-13],[4,28],[-72,2],[-11,10],[-96,-1],[-51,27],[-29,6],[-15,-35],[-37,-41],[-101,-54]],[[7456,25693],[19,-19],[34,8],[29,-5],[13,24],[40,33],[-2,92]],[[7023,25278],[57,-84],[-40,-48],[-46,-37],[68,-50],[23,22],[15,-39],[-22,-102],[-20,-131],[-15,-80],[26,3],[38,30],[41,58],[54,10],[75,-27],[72,24],[58,1],[25,-31],[31,-8],[61,28]],[[7524,24817],[7,-60],[42,-59],[53,-20],[-19,-37],[-9,-56],[20,-24],[-2,-28],[-22,-36],[-66,-78],[-26,6],[-20,-13],[-13,-60],[-36,2],[-24,-10],[48,-38],[22,3],[16,-17],[30,-6],[49,-60],[-34,-35],[-35,-19],[-70,-18],[3,-32],[29,-56],[40,-43],[20,-34],[12,-45],[2,-43],[-24,-21],[10,-61],[15,-14],[17,-45],[24,-7],[19,-26],[-5,-61],[60,-88],[3,-26],[22,-54]],[[5998,23130],[-6,72],[37,6],[67,30],[55,55],[31,45],[37,74],[21,52],[9,39],[11,185],[-131,-14],[-80,20],[-57,53],[-105,88],[-81,46],[-78,29],[-5,-114],[30,-88],[58,-75],[11,-84],[-26,-70],[-14,-215],[-8,-16],[-77,29],[-72,53],[-77,24],[-44,6],[-96,-5],[-91,-29],[-53,-34],[-42,-42],[-27,13],[-108,1],[-61,5],[-49,13],[-75,36],[-103,21],[-74,6],[-25,18],[-42,75],[-28,68],[-15,70],[-3,57],[9,81],[11,49],[14,95],[28,118],[16,37],[15,70],[17,28],[49,45],[155,91],[79,43],[33,3],[53,-25],[71,-57],[41,-1],[43,18],[78,114],[80,70],[80,31],[83,7],[38,-12],[94,-87],[60,72],[19,37],[13,77],[14,41],[37,37],[72,14],[45,-9],[74,-33],[48,-30],[86,-92],[63,-50],[30,-12],[-20,-119],[17,-174],[34,-81],[46,24],[96,180],[15,38],[8,107],[-7,62],[1,61],[23,130],[15,30],[29,35],[64,47],[-18,66],[-59,62],[-34,44],[-18,41],[-11,114],[32,134],[12,27],[32,32],[43,12],[61,-4],[22,-10],[25,-45],[30,-30],[18,-43],[39,-35],[34,3],[45,24],[88,56],[101,87]],[[7284,25734],[29,51],[57,90]],[[7370,25875],[8,-33],[73,-30],[64,28],[29,0],[45,-14]],[[7370,25875],[47,97]],[[7524,24817],[8,31],[34,36],[8,49],[18,37],[8,39],[-28,41],[-23,14],[-6,25],[15,38],[-7,53]],[[7551,25180],[43,17],[26,-9],[53,-4],[45,-35],[33,-15],[31,0],[29,-15],[76,-6],[5,-37],[33,-29],[22,-29],[24,-3],[162,212]],[[9034,24768],[4,-22],[-24,-18],[-4,-39],[-26,-15],[-41,-48],[-33,-6],[3,-78],[-7,-35],[17,-24],[-29,-56]],[[7551,25180],[-8,49],[-16,24],[-26,80],[-31,54],[-4,33],[12,58],[-12,49]],[[7023,25278],[70,68],[93,122]],[[24148,30753],[34,55]],[[24182,30808],[22,-19],[60,26],[77,5],[141,2],[88,-4],[99,2]],[[24790,30680],[-5,-5],[-259,-162],[-157,83],[-80,-6]],[[24289,30590],[-138,-4],[-78,-6],[1,69],[20,48],[54,56]],[[22432,31306],[25,18],[55,2],[37,-11],[11,17],[-22,59],[-29,34],[0,131],[8,27],[25,26],[34,12],[38,47],[31,23],[47,8],[47,18],[19,45],[27,19],[7,32],[33,18],[17,41],[30,10],[26,-54],[6,-31],[28,-23],[31,-46],[-7,-49],[-16,-21],[-25,-3],[-22,-29],[26,-54],[-9,-15],[39,-39],[59,4],[9,-14],[73,18],[41,-5],[14,16],[95,-14],[53,-33],[41,19],[26,-6],[48,44],[72,4],[13,-40],[-10,-18],[83,-334],[36,-54],[21,-11]],[[23623,31094],[-9,-41],[-19,-21],[-4,-33],[37,12],[66,-28],[64,-59],[0,-40],[-42,-36],[-29,-10],[19,-33],[16,-66],[37,-29],[46,-76],[-17,-25],[2,-79],[-13,-44],[-22,-30],[-6,-43],[-11,-14],[-105,-34],[-120,-6],[-23,63],[-40,35],[-25,60],[0,58],[-21,1],[-121,38],[-57,-24],[-71,-17],[-47,-67],[-83,-45],[-12,30],[-173,165],[-31,43],[-58,100],[-87,104],[-25,24],[1,41],[-17,36],[-31,31],[-160,32]],[[26305,30299],[0,-259],[3,-215],[2,-712],[-2,-127],[4,-437]],[[24284,28548],[-22,178],[-40,58],[-17,42],[-6,66],[-19,59],[14,131],[25,40],[7,37],[-46,228],[9,28],[53,66],[2,25],[2,242],[-1,26],[-27,64],[-40,34],[-15,24],[-15,311],[29,129],[10,28],[75,85],[10,24],[17,117]],[[24182,30808],[16,118],[17,96],[7,149],[14,45],[44,43],[43,11],[94,3],[37,12],[40,48]],[[22427,32704],[491,9],[172,-7],[616,2],[293,-1],[75,-2],[217,1],[299,-2]],[[24590,32704],[482,-4],[249,0],[0,-58],[170,3],[33,-3],[210,2]],[[24148,30753],[-25,36],[-121,155],[-27,15],[-352,135]],[[22225,15418],[4,152],[-1,206],[25,-9],[32,-58],[20,2],[1,-138],[48,2],[35,-7],[3,-55],[-42,8],[3,-54],[-69,-49],[-40,-14],[-19,14]],[[5372,13836],[-20,7],[-14,30],[-36,35],[-22,-13],[-34,-52],[-28,-19],[-63,4],[-16,9],[0,46],[-27,21],[-44,2],[-9,40],[-27,17],[-39,-5],[-6,22],[-70,70],[19,32],[-11,24],[-40,-13],[-10,17],[27,21],[-21,19],[-14,-14],[-48,-14],[-15,-27],[-34,42]],[[15730,36888],[-15,46],[0,52],[39,152],[32,143],[2,42],[-42,-1],[-36,41],[-33,25],[-50,7],[-52,51],[-52,6],[-33,16],[-43,59],[34,39],[2,61],[22,16],[-5,40],[28,43],[0,66],[63,-16],[-14,72],[-18,45],[-24,32],[-17,46],[-10,56],[24,49],[17,72],[29,37],[3,18],[33,4],[18,37],[27,28],[2,121],[10,19],[-12,60],[-1,35],[29,13],[41,-1],[53,-23],[50,65],[55,-3],[17,-17],[63,-14],[10,5],[48,-31],[25,37],[-4,52],[9,26],[-9,52],[6,21],[54,3],[102,27],[47,-12],[6,37],[1,118],[16,34],[36,19]],[[21175,54418],[9,-71],[0,-138],[-22,0],[-1,-102],[-23,-103],[-60,-151]],[[29997,44462],[-14,9],[58,33],[31,3],[77,-62],[22,-28],[30,4],[20,36],[8,47],[57,61],[65,-16],[13,16],[2,33],[-39,84],[-2,27]],[[30585,44734],[77,-115],[101,-77],[52,-60],[33,-25],[31,-7],[205,-9],[-1,23],[72,40],[28,2],[25,24],[78,-51],[206,-171],[105,-56],[36,-25],[40,-9],[14,26],[39,22],[12,29],[69,4],[33,21],[149,-23],[20,21],[37,8],[45,24],[16,45],[-6,24],[9,44],[31,4]],[[32141,44467],[26,16],[12,24],[-8,41],[4,26],[20,10],[33,37],[49,-7],[40,39],[39,14],[36,27],[49,5],[69,-44],[49,-4],[100,-23],[113,-3],[40,28],[32,-1],[28,-17],[17,-47],[69,-17]],[[32958,44571],[-19,-207],[-36,-296],[-10,-114],[-28,-259],[-33,-266],[-25,-261],[-19,-165],[-14,-93]],[[32774,42910],[-77,-57],[-51,-17],[-46,-25],[-62,9],[-50,44],[-49,33],[-19,48],[-35,3],[-41,17],[-79,-4],[-18,-105],[-21,-41],[1,-34],[-57,0],[-118,-21],[5,57],[-8,21],[-5,142],[-47,8],[-56,27],[-21,26],[-25,10],[-21,34],[-42,22],[-33,70],[-36,31],[-43,19],[-36,41],[-37,-69],[-23,-28],[-6,-26],[-29,-35],[-57,-50],[-84,-15],[-34,11],[-19,18],[-27,3],[-6,43],[17,60],[0,35],[-59,0],[-75,11],[-11,69],[-20,24],[-48,9],[13,51],[-30,-19],[3,45],[-34,28],[-38,-2],[-74,-23],[-46,-34],[-62,8],[-44,-37],[-24,9],[-17,-13],[-34,12],[-36,44],[-43,18],[-11,-62],[0,-80],[-8,-17],[0,-71],[-28,-144],[-1,-128],[-30,2]],[[32774,42910],[-15,-85],[-10,-164],[-35,-349],[-11,-81]],[[17413,42442],[22,13],[18,37],[25,7],[70,62],[41,19],[33,-50],[30,-17],[72,0],[0,35]],[[17724,42548],[88,0],[11,44],[14,0],[33,40],[16,1]],[[17693,42879],[8,-16],[14,-123],[-1,-54],[10,-138]],[[22398,22024],[59,-17],[40,5],[113,-42],[64,-9],[53,-25],[0,109],[8,24],[34,16],[64,-9],[51,-14],[23,-15],[67,-80],[49,5],[62,-23],[66,-1],[59,-13],[66,7],[39,-24],[92,1]],[[23407,21919],[-12,-40],[12,-82],[-7,-82],[-14,-32],[1,-165],[6,-37],[-6,-55],[37,-43],[-21,-25],[-47,-15],[-236,-2],[-24,14],[-39,58],[-41,14]],[[23016,21427],[-185,-3],[39,-59],[8,-66],[-167,0],[-33,20],[-23,65],[-86,-2],[-5,-40],[-43,4],[-40,-4],[-37,63],[-23,-15],[-20,-31]],[[10972,23745],[-7,-36],[-29,-76],[-16,-26],[-27,-21],[-211,-103],[-52,-58],[17,-25],[26,-62],[21,-24],[29,-61],[-17,-41],[-7,-53],[-37,-12],[-5,-31],[1,-118],[-6,-59],[22,-31],[-64,-88],[-21,-47],[12,-44],[7,-58],[65,-7],[44,-10],[60,-31],[102,-86],[33,-18],[33,-60],[0,-83]],[[23130,47881],[28,2],[56,-12],[-2,-44],[26,-37],[35,-2],[24,-41],[2,-46],[34,55],[2,34],[50,-2],[14,-19],[25,5],[44,48],[17,2],[40,51],[-9,35],[8,13],[94,-4],[68,9],[13,24],[20,-18],[39,-14],[73,-2],[23,7],[-3,42],[26,61],[60,29],[64,-36],[54,-16],[73,6],[75,28],[126,-9],[53,-21],[55,-58],[59,-18],[34,20],[57,11],[53,26],[94,19],[109,-4],[106,-12],[98,-7],[103,15]],[[25150,48001],[0,-83],[40,1],[75,-36],[19,-2],[37,36],[51,-4],[35,-11],[16,16],[50,-51],[34,-23]],[[25507,47844],[-18,-63],[-30,-68],[-44,-83],[-14,-51],[-34,-173],[-12,-79],[2,-43],[-38,0],[0,-248],[-25,-22],[-4,-32],[29,-65],[0,-104],[16,-53],[-52,-63],[-7,-24],[-60,-67],[-17,-66],[6,-37],[28,-3],[1,-409]],[[25149,48184],[1,-183]],[[25968,48221],[11,-18],[-15,-49],[-25,-26],[-32,-62],[1,-197],[-12,-20],[-39,-3],[-26,13],[-11,25],[-34,7],[-35,-77],[-22,-21],[1,-67],[-29,7],[-194,111]],[[24254,35820],[27,-28],[31,-46],[38,-100],[43,-88],[24,-34],[38,-33],[89,-53]],[[24544,35438],[83,-52],[29,-40],[10,-41],[-6,-95],[-25,14],[-69,-37],[-34,-63],[-5,-33],[-17,-15],[-14,-88],[2,-24],[67,-3],[3,-98],[40,-23],[20,-34],[-106,-101],[-83,-94],[69,3],[12,-40],[23,-27],[32,-18],[5,-51],[19,-16],[60,1],[16,-33],[27,-15]],[[24702,34415],[-1,-9],[-60,-32],[-89,-16],[-27,-28],[1,-64],[16,-41],[30,-56],[45,1],[101,-11],[24,23],[-6,-75],[2,-57],[-15,-59],[-18,-32],[-63,-35],[-53,-2],[-49,-46],[0,-33],[25,-60],[30,-9],[14,-32],[-45,-21],[-43,-4],[-76,-47],[14,-40],[1,-59],[20,-12],[-2,-30],[27,-21],[45,-63],[6,-20],[45,-48],[12,0],[8,-62],[-30,-59],[25,-68],[5,-56],[38,-43],[2,-39],[19,-26],[-76,-70],[-35,-67],[-8,-73],[5,-38],[24,-72]],[[24544,35438],[40,-8],[76,58],[21,-11],[51,-3],[51,-38],[21,12],[57,-13],[42,10],[43,-2],[21,-10],[60,-6],[33,22],[5,-45],[-9,-24]],[[25056,35380],[-14,-19],[-46,-27],[-23,-40],[-1,-57],[8,-22],[1,-166],[42,0],[-40,-75],[-1,-102],[27,0],[37,-19],[39,-34],[0,-27],[-127,0],[-4,-31],[-41,-79],[-15,-69],[-1,-59],[-11,-7],[5,-59],[-23,-136]],[[24868,34352],[-69,0],[-36,25],[-13,18],[-48,20]],[[25056,35380],[89,-9],[-9,-50],[-29,-23],[-7,-35],[-15,-16],[29,-35],[80,75],[74,8],[2,-55],[27,3],[91,34],[11,-28],[-8,-25],[26,-45],[22,-57],[50,-31],[43,-57],[-170,-1],[-23,-9],[-66,-61],[38,-11],[52,-33],[214,-176],[0,-118],[37,-19],[-51,-14],[-64,-72],[-42,-35],[55,-48]],[[25512,34437],[-97,-2],[-34,4],[-54,-5],[-67,-36],[-37,-1],[1,-129],[-46,-5],[-19,-11],[-50,-3],[-87,-25],[-40,2],[-36,14],[-12,30],[-72,37],[6,45]],[[27281,34111],[-52,-59],[-41,-5],[-70,36],[-29,-5],[-50,37],[-5,30],[-20,3],[-65,-14],[-57,11],[-21,-26],[-1,-57],[-14,-22],[-58,-16],[-9,-31],[-45,-12],[-81,20],[-24,32],[-57,33],[-11,19],[-147,1],[-62,4],[-31,19],[-36,42],[-53,25],[-34,31],[-10,27],[-55,-56],[-70,1],[-97,27],[-75,24],[-47,28],[-62,20],[-49,6],[-58,-2],[-30,6],[-25,18],[-52,55],[-17,46],[-49,30]],[[27289,32637],[-305,1],[-127,-1],[-202,2],[-285,8],[-57,-2]],[[31753,32674],[-62,-632],[-6,-95],[-84,-899],[-44,-471],[1,-13],[-50,-435],[-16,-200],[-48,-500],[-31,-316],[-8,-101],[-45,-450]],[[28578,28555],[2,167],[5,41],[-31,81],[-2,49],[-25,66],[-6,34],[18,61],[2,84],[36,78],[10,45],[-5,69],[-20,70],[-9,108],[10,18],[37,30],[19,47],[1,371],[18,70],[28,76],[46,93],[12,73],[9,135],[31,82],[22,29],[-1,31],[15,53],[-64,34],[-23,3],[-98,35],[-23,21],[-28,51],[-10,1],[-53,39],[-40,45],[-3,38],[78,4],[3,73],[-30,37],[-16,79],[-13,32],[32,10],[16,27],[26,15],[32,2],[29,-11],[69,-58],[16,26],[-12,38],[0,38],[-49,54],[-9,38],[1,78],[55,115],[99,122],[16,40],[-11,98],[-4,115],[8,82],[-21,95],[-5,73],[-55,247],[14,53],[41,51],[7,32],[-3,54],[20,42],[77,64]],[[27278,38962],[-97,-3],[-154,-41],[-42,-1]],[[28181,45233],[119,2],[483,-2],[214,-37],[73,-10],[-38,68],[-8,33],[0,64],[43,1],[24,-10],[60,-6],[47,2],[36,-15],[152,-2],[32,20],[101,39],[43,43],[37,-1],[-5,49],[23,31],[30,6],[42,-16],[69,4],[13,-14],[-14,-36],[22,-36],[-48,-47],[-27,1],[-8,-42],[19,-30],[-8,-12],[-45,-4],[-7,-11],[36,-71],[50,-19],[98,6],[23,-13],[3,-63],[-48,-15],[-15,-42],[295,-50]],[[31254,46243],[-21,-69],[-60,-91],[-28,1],[1,-28],[-77,-70],[-3,-48],[33,-26],[-30,-31],[-89,-112],[-52,-51],[-41,-83],[-61,-66],[-43,-22]],[[33135,46233],[-66,-672],[-38,-341],[-26,-250],[-47,-399]],[[32141,44467],[19,24],[-3,41],[-38,16],[-10,36],[16,43],[-6,48],[11,24],[-14,23],[-10,84],[-33,41],[-17,58],[-26,52],[-9,49],[-15,18],[25,51],[-9,41],[-29,33],[22,31],[11,40],[2,58],[-11,40],[-57,32],[-40,10],[32,42],[3,58],[-10,48],[5,84],[10,48],[-11,30],[-75,51],[-58,-14],[-36,-43],[-18,-4],[-77,18],[-95,-45],[2,-37],[-10,-29],[-28,-22],[-42,-19],[-182,-10],[-35,-13],[-54,8],[-108,-6],[-49,-117],[-6,-44],[-20,-54],[-69,-56],[10,-28],[-3,-40],[-28,-10],[1,-43],[-128,-5]],[[30083,4626],[46,38],[153,55],[25,17],[76,99],[24,46],[65,205],[-4,90],[5,51],[-29,55],[-19,76],[-37,378],[-19,89],[-2,89],[4,101]],[[30371,6015],[88,0],[78,-28],[32,-21],[74,-85],[87,-82],[25,-16],[90,-41],[35,-7],[91,-4],[50,13],[154,79]],[[31175,5823],[10,-217],[-3,-53],[11,-283],[7,-79],[4,-193],[-8,-21],[16,-61],[-6,-25],[2,-64],[10,-116],[9,-24],[0,-54],[-8,-57],[18,-355],[11,-304]],[[30537,3715],[27,20],[12,25],[-13,45],[-19,17],[20,51],[2,73],[-18,49],[-29,9],[-23,24],[-51,11],[-19,51],[-42,56],[-26,9],[-17,28],[-46,27],[-47,77],[-78,167],[-87,172]],[[28796,3454],[284,37],[137,1]],[[29261,2882],[-35,17],[-6,42],[-87,-1],[-37,40],[-29,-7],[-23,34],[-51,11],[-17,-22],[-27,13],[-4,26],[-32,19],[-71,55],[1,11],[-41,51]],[[28802,3171],[58,119],[-10,61],[-41,70],[-13,33]],[[29674,4154],[19,10],[12,32],[31,15],[31,-13],[2,25],[30,32],[10,24],[-4,127],[22,59],[50,39]],[[29877,4504],[65,-136],[8,-52],[-23,-205],[1,-47],[61,-429],[7,-30],[109,-335]],[[17859,56077],[343,-196],[45,-43]],[[18247,55838],[-7,-22],[13,-34],[-28,-17],[-28,-37],[-33,7],[3,-26],[-26,-34],[-57,7],[-56,-37],[-9,-24],[-31,7],[-51,-15],[-1,-29],[18,-10],[-16,-35],[22,-27],[-43,-18],[-22,-57],[-33,-9],[-32,-34],[-1,-32],[-63,-24],[-21,-38],[-186,1],[-50,21],[-42,-21],[-428,0]],[[17058,56866],[259,-1],[28,2],[339,1]],[[17684,56868],[2,-110],[-30,-18],[-16,-34],[-37,-57],[-60,-48],[-57,-26],[-18,-21],[-57,-13],[-38,-40]],[[17684,56868],[171,1]],[[17855,56869],[1,-344],[-4,-34]],[[5710,10063],[-150,3],[-49,-3],[-396,0],[-103,2],[-415,1],[-319,-1],[-213,2]],[[28479,2969],[401,-98]],[[28880,2871],[-1,-17],[7,-171],[14,-131],[5,-69]],[[28708,2415],[3,186],[-35,4],[-20,23],[-66,15],[-37,-20],[-16,15],[88,69],[33,4],[0,17],[-66,0],[-99,152],[-14,89]],[[28431,4418],[30,45],[9,51],[22,71],[-4,75],[3,80],[-8,11],[-8,79],[-7,18],[14,91],[2,58],[17,61],[43,54],[106,43],[21,24],[52,33],[65,1],[2,40],[38,2],[-12,122],[-17,36],[32,46],[106,57]],[[28937,5516],[22,-30],[16,-38],[-1,-22],[-26,-39],[7,-17],[45,3],[26,24],[25,-31],[0,-36],[13,-20],[32,18],[40,-4],[69,28],[9,-36],[-13,-14],[-41,-16],[-33,-29],[-4,-22],[27,-12],[52,47],[35,7],[43,-15],[12,30],[-13,36],[33,5],[39,-15],[29,2],[54,-21],[25,-18],[12,17],[-31,35],[2,21],[41,15],[24,-15],[36,-49],[32,-74],[33,-18],[-7,-29],[-37,0],[-37,-35],[-33,-10],[-3,-17],[33,-26],[-25,-70],[-18,-34],[-9,-51],[17,-39],[57,-51],[-28,-2],[-37,-30],[-14,-49],[-15,-14],[-41,0],[-18,-18],[7,-21],[47,-17],[3,-19],[-45,-65],[8,-14],[55,13],[5,-22],[-33,-9],[-26,-47],[4,-55],[-33,-26],[-25,-5],[-54,-45]],[[29147,3705],[10,20],[-2,38],[-28,22],[-19,40],[12,46],[-8,19],[-42,23],[-12,51],[20,30],[-14,25],[-46,35],[-18,4],[-48,-26],[-5,-13],[-79,-48],[-19,-41]],[[28849,3930],[-10,-23],[-91,2],[-20,13],[-2,35],[-32,-17],[-9,28],[-41,1],[7,31],[-32,-10],[-33,50],[16,43],[-48,33],[-33,4],[-26,47],[-8,53],[9,39],[-13,79],[-35,35],[-17,45]],[[27951,2736],[38,16],[15,31],[-1,60],[26,-1],[30,-15],[83,0],[1,169],[20,0],[8,49]],[[28171,3045],[308,-76]],[[27282,2757],[42,-34],[57,97],[92,-54],[57,-38],[59,-26],[76,-44],[82,-69],[77,-79],[67,-54],[16,25],[55,-24],[76,-48],[26,-1],[86,-21],[47,0],[-6,50],[-14,29],[-61,71],[-15,7],[-19,36],[-34,30],[-21,36],[-23,11],[-37,65],[-16,14]],[[29877,4504],[111,45],[21,13],[74,64]],[[28207,3502],[-4,35]],[[28849,3930],[29,-33],[3,-40],[-30,-93],[-2,-42],[-24,-17],[-2,-25],[-49,-28],[-48,-2],[-3,-19],[-31,-12],[57,-43],[22,-33],[25,-89]],[[28802,3171],[-5,-59],[37,-114],[-1,-88],[53,0],[-6,-39]],[[28171,3045],[11,24],[10,60],[32,77],[0,244],[-17,52]],[[28746,6968],[346,4],[501,-1]],[[30245,6972],[-33,-55],[-2,-86],[-38,-48],[-5,-19],[0,-310],[6,-23],[192,-355]],[[30365,6076],[-45,1],[-73,31],[-32,-2],[-126,-27],[-19,-10],[-96,-73],[-26,-7],[-32,18],[-23,1],[-106,-88],[-101,-34],[-46,1],[-90,-8],[-64,6],[-61,-19],[-54,-35],[-59,-88],[-18,-18],[-52,-29],[-22,-24],[-50,-34],[-22,-34],[-37,-38],[-31,-12],[-38,11],[-25,-6],[-80,-43]],[[28937,5516],[-11,35],[14,38],[-11,43],[-31,34],[-15,60],[-45,33],[-4,17],[21,33],[18,52],[33,62],[-1,62],[23,20],[38,-18],[20,8],[18,37],[19,-12],[3,-38],[32,4],[-1,70],[-7,22],[-77,30],[-9,18],[11,32],[25,17],[43,-11],[4,30],[-71,13],[-5,23],[37,29],[15,100],[-20,79],[-23,31],[0,35],[22,30],[-9,24],[-42,-1],[-20,11],[-25,45],[-30,27],[0,20],[43,35],[7,23],[-40,82],[-18,2],[-16,-31],[-27,-9],[-23,29],[13,55],[0,43],[-12,10],[-49,-18],[-41,8],[-11,45],[44,34]],[[28880,2871],[354,-86]],[[27385,3265],[73,18],[-4,19],[64,11],[58,32],[44,14],[20,-20],[60,-2],[51,24],[23,27],[24,-9],[93,39],[25,-9],[59,34],[10,20],[-18,20],[28,31],[95,-18],[42,27],[2,21],[29,10]],[[28207,3502],[-28,24],[-24,2],[-85,-58],[-88,-88],[-81,-33],[0,-218],[-319,63],[-35,-25]],[[31131,6979],[9,-151],[3,-189],[4,-6],[14,-420],[7,-158],[1,-81],[6,-151]],[[30371,6015],[-6,61]],[[26600,6979],[91,-1],[89,4],[305,2],[-1,-21],[352,1],[87,1],[368,1],[157,3],[199,-2],[338,3],[161,-2]],[[27254,4750],[-479,-3],[-21,-5],[-47,152],[-21,45],[-12,51],[-1,54],[-37,-22],[-20,-75],[-10,-14]],[[26898,3376],[43,62],[-1,20],[37,26],[8,46],[32,35],[17,4]],[[27034,3569],[9,-20],[70,-76],[107,-4],[0,35],[78,2],[59,17],[18,13],[39,1],[17,-19],[-1,-33],[51,-95],[-74,13],[11,-43],[-7,-54],[-15,-25],[-20,-8]],[[28171,3045],[-68,16],[-224,45],[-10,-47],[-49,-4],[-77,6],[-8,-23],[19,-30],[-20,-17],[-22,-52],[-41,24]],[[26611,4145],[56,36],[16,36],[24,10],[41,38],[42,19],[51,-6],[42,11],[30,-16],[27,-100],[33,-91],[33,-44],[47,-20],[35,-3],[18,-24]],[[26998,3685],[-388,-4]],[[26610,3681],[1,124]],[[26611,3805],[0,340]],[[27951,2736],[-50,-24],[-101,-1],[0,37],[-42,33],[-30,3],[-18,51],[-67,2],[-18,8]],[[29962,2729],[-43,-33],[-4,-70],[37,0],[-1,-66],[-19,-41]],[[26611,4145],[-1,76],[-4,712]],[[26998,3685],[16,-50]],[[27014,3635],[-20,3],[-186,-1],[0,-85],[-74,-2],[-31,-13],[-69,-50],[-21,-4]],[[26613,3483],[-3,198]],[[27014,3635],[20,-66]],[[26613,3268],[0,215]],[[20318,27165],[63,9],[51,0],[45,-14],[167,-6],[64,-31],[116,-28],[88,10],[108,27],[64,23],[65,-1]],[[20875,26500],[-10,-13],[-61,-31],[-7,-22],[-38,-6],[-28,5],[-47,-6],[-15,-21],[-44,-4],[-30,-22],[-11,-45],[34,-105],[-8,-34],[1,-43],[-19,-58],[19,-35],[-1,-29],[172,-3],[-1,-35],[-24,2],[-38,-18],[26,-63],[-3,-16],[21,-66],[42,-74],[5,-21],[93,-12],[99,-54],[75,-24],[-11,36],[-38,41],[-19,40],[-26,28],[11,14],[63,-7],[52,17],[56,-34],[-18,69],[4,31],[19,37],[3,43],[20,15],[32,84],[1,30]],[[26599,8207],[26,-38],[16,29],[30,-4],[17,-60],[27,-32],[34,-9],[18,7],[14,-26],[43,-31],[49,-10],[6,24],[60,33],[-10,14],[21,23],[32,9],[35,-23],[1,-31],[49,-1],[34,9],[46,-19],[11,-48],[41,31],[26,-18],[32,15],[42,-23],[15,-17],[24,9],[12,39],[28,21],[26,-5],[-9,-36],[32,-26],[14,6],[32,-24],[20,-65],[37,-15],[27,-31],[8,-78],[-8,-19],[54,2],[33,-8],[-4,-24],[18,-11],[10,-29],[-21,-10],[21,-80],[30,-60],[59,-3],[23,31],[135,280],[32,41],[-25,54],[36,0],[30,13],[23,62],[35,40],[0,33],[21,27],[90,32],[35,-3],[29,23],[47,66],[28,65],[62,26],[39,25],[42,-62],[17,-39],[50,-74],[33,40],[9,37],[43,17],[32,-11],[37,-37],[80,7],[0,-11],[57,-18],[34,1],[10,27],[235,1],[50,-3],[43,-23],[80,3],[51,-3],[52,4],[0,-49],[37,2]],[[18247,55838],[12,18],[67,19],[11,44],[39,9],[53,77],[22,10],[14,25],[34,0],[-5,28],[30,-4],[16,21]],[[17855,56869],[118,-1],[222,4],[342,0]],[[23208,19524],[243,22],[316,23]],[[23767,19569],[-14,-20],[40,-124],[31,-28],[45,-23],[25,-76],[45,-21],[36,-49],[4,-108],[21,-38],[9,-98],[-3,-85],[7,-7]],[[23253,18677],[13,73],[-42,45],[-1,75],[-24,53],[88,0],[24,21],[45,18],[32,44],[-18,28],[-16,60],[-34,45],[20,24],[48,23],[-17,37],[0,40],[-27,48],[-50,37],[-10,27],[-30,10],[-9,35],[-19,18],[-6,36],[-13,14],[1,36]],[[23767,19569],[505,37]],[[24272,19606],[264,18],[156,14]],[[24692,19638],[247,16]],[[24939,19654],[-14,-77],[-2,-56],[11,-42],[11,-117],[-9,-97],[46,14],[37,23],[24,-42],[4,-63],[-97,-74],[-16,-75],[-13,-25],[-3,-85],[24,-47],[3,-37],[41,-59],[82,1],[4,-43],[41,-30],[26,-55],[0,-36]],[[25139,18632],[-88,-30],[-158,-25],[-38,-13],[-194,-19]],[[22452,19472],[147,11],[469,34]],[[23068,19517],[140,7]],[[24939,19654],[335,27],[269,16],[492,38]],[[26037,18914],[-46,20],[-51,-76],[-25,-20],[-28,-7],[-13,-32],[-54,-27],[-49,-63],[-62,-25],[-29,-54],[-45,-22],[-35,-44],[-78,97],[-70,79],[-313,-108]],[[24197,18100],[-50,-10],[-70,1],[-35,-14],[-45,-42],[-12,-28],[-9,-73],[-57,0],[0,-77],[22,-14],[-145,-203],[-42,-95],[0,-45],[-98,-75]],[[24158,17762],[-27,3],[-18,-22],[7,-55],[-35,-36],[-21,0],[-99,-65],[-1,-26],[-49,-24],[-1,-20],[-22,-46],[-37,-26]],[[24703,17800],[36,-2],[-9,-105],[1,-66],[65,-106],[23,-139],[216,-1],[8,-5],[84,-109],[28,-24],[42,-20],[24,7],[74,1],[73,24],[86,-18],[42,-28],[44,-6],[33,-16],[33,-2],[70,20],[25,54],[42,42],[1,40],[54,81],[100,11],[27,-7],[42,16],[40,1],[32,-8]],[[26039,16702],[-61,-17],[-103,3],[-32,30],[-123,100],[-55,9],[-52,-62],[-41,-30],[-63,-25],[-32,-30],[5,-38],[-4,-57],[-20,-46],[-18,-8],[-56,-74],[-13,-50],[-26,-32],[-6,-32],[-23,-32],[-4,-30],[18,-27],[3,-33],[-28,-49],[-70,33],[-31,51],[-106,107],[-88,54],[-13,15],[-40,74],[-16,39],[-14,8],[-203,41],[-44,14],[-43,24],[-53,14],[-42,2],[-29,15],[-37,-2],[-33,32],[-35,0],[-60,-34],[-40,-3],[-17,-42],[-43,-9],[-55,-31],[-133,9],[3,55],[-84,107],[-19,36],[-11,165],[-25,39],[-33,16]],[[26038,17842],[-60,4],[-59,34],[-23,-30],[-28,-17],[-37,-3],[-76,13],[-23,-2],[-47,17],[-16,-2],[-146,-47],[-38,-22],[-22,1],[-91,21],[-57,-1],[-93,-23],[-105,-92],[-11,4],[-31,57],[9,29],[-35,39],[6,11],[19,91],[-15,16],[-2,42],[19,24],[-1,47],[-8,26],[20,64],[0,25],[19,55],[-4,45],[-38,-13],[-34,-2],[-81,7],[-106,-6],[-86,-18],[-51,-1],[-108,-13]],[[23398,16909],[-58,-24],[-36,-40],[-22,-78],[-62,-100],[-46,-109],[-52,-34],[-4,-71],[-16,-56],[19,-21],[3,-60],[29,-13],[-8,-37],[12,-21],[6,-62]],[[23163,16183],[-124,-26],[-51,11],[-23,-19],[-13,-34],[-50,-47],[-27,-43],[-15,-10],[-46,0],[-20,59],[1,48],[-15,30],[-57,59],[28,15],[0,54],[-38,33],[-66,17],[-41,36],[-13,33],[-19,88],[10,119],[-182,-66],[-23,1],[-44,39],[-74,31],[-56,39],[-111,-5],[-38,8],[-73,36],[-100,20],[-39,11],[-63,-12],[-87,-5],[-44,-23]],[[23163,16183],[-2,-50],[9,-14],[24,-104],[-30,-44],[-1,-99],[-41,-54],[1,-97],[18,-120],[18,-41],[-4,-23],[-22,-19],[-9,-25],[1,-86],[110,9],[99,-4],[22,-9],[0,-147],[-52,-28],[-38,-69]],[[24692,19638],[6,49],[-25,18],[14,32],[-4,50],[7,58],[12,30],[-46,37],[-4,38],[-38,24],[-30,5],[-9,55],[-22,23],[35,32],[-7,27],[18,16],[28,-3],[23,35],[63,-49],[25,-46],[58,56],[52,19],[24,15],[73,24],[57,-5],[-2,28],[12,74],[37,-19],[13,67],[70,127],[11,-15],[-6,-39],[6,-26],[25,-40],[150,-1],[96,-38],[5,-26],[61,30],[15,29],[-12,55],[-23,25],[-30,53],[15,34],[-36,27],[-14,25],[5,25],[-19,19],[12,53],[-28,23],[-47,82],[-15,88],[1,26],[-12,50],[12,37],[45,35],[18,33],[141,-2],[17,-33],[22,33],[179,2],[31,27],[52,16],[52,-4],[46,19],[12,-43],[41,-29],[36,-7],[29,9],[39,-32],[51,40],[27,12],[68,105],[10,27],[59,114],[59,12]],[[24061,22020],[13,12],[62,17],[59,58],[39,11],[30,-5],[60,15],[29,-3],[176,4],[64,-17],[28,2],[38,16],[83,-40],[45,-8],[66,11],[73,23],[158,-1],[50,31]],[[25134,22146],[21,10],[17,-34],[51,-51],[56,-32],[18,8],[74,-16],[124,6],[29,8],[58,36],[20,29],[57,7],[28,21],[54,24],[92,-4],[40,19],[37,-3],[39,12],[151,-10],[54,10],[54,39],[120,63]],[[24272,19606],[-10,49],[-35,56],[-24,49],[-25,33],[-9,33],[-5,83],[8,66],[-10,44],[-19,20],[-46,11],[-13,21],[2,45],[-16,30],[17,23],[11,48],[-2,44],[13,42],[25,20],[32,45],[-7,46],[-30,29],[-32,57],[0,50],[-24,39],[8,31],[-22,41],[30,33],[-24,37],[-41,3],[-20,34],[4,119],[-30,50],[7,74],[12,19],[-3,44],[-23,55],[32,74],[-22,56],[6,69],[62,3],[61,20],[54,1],[63,24],[42,41],[-54,39],[-4,64],[-22,38],[26,45],[15,56],[-13,65],[-25,51],[-40,48],[-10,31],[-42,46],[-2,47],[-37,73]],[[24836,24414],[18,-35],[-3,-30],[11,-73],[29,-81],[4,-66],[35,-71],[35,-110],[17,-67],[0,-292],[-38,-44],[-13,-38],[-22,-91],[-2,-80],[29,-48],[-1,-89],[34,-49],[14,-45],[-24,-58],[4,-25],[28,-49],[23,-71],[19,-30],[8,-55],[-16,-63],[-2,-103],[10,-66],[19,-28],[46,-31],[25,-58],[42,-53],[8,-20],[-7,-89],[-31,-98],[-17,-35],[16,-27]],[[24061,22020],[-44,-58],[-72,-25],[-74,-1],[-60,15],[-22,19],[-33,-9],[-48,17],[-61,34],[-55,82],[-55,-2],[-16,-38],[-35,-25],[-27,-29],[-32,-62],[-20,-19]],[[23016,21427],[2,-23],[40,-24],[0,-215],[-69,-43],[8,-34],[25,-49],[11,-60],[19,-50],[-6,-117],[-10,-47],[9,-112],[30,-123],[-31,-90],[-16,-37],[-6,-36],[-20,-38],[-17,-15],[-21,-50],[3,-77],[53,-58],[6,-79],[-26,-36],[5,-39],[18,-31],[13,-42],[-53,-77],[-8,-52],[3,-36],[39,-55],[32,-53],[22,-76],[-3,-36]],[[24389,3086],[57,31],[23,29],[35,14],[28,0],[39,26]],[[24573,2932],[1,-72]],[[22936,3365],[153,-161],[9,-22],[10,-146],[37,-95],[44,-79],[31,-26],[42,-57],[70,-55],[66,-104],[-3,-24],[7,-73],[24,-116],[-18,-41],[-11,-50]],[[22824,5131],[1,31],[22,17],[33,9],[47,-20],[58,-13],[58,-1],[78,6],[118,20],[52,-2],[25,-16],[47,-11],[69,25],[11,17],[47,39]],[[23650,3369],[3,-159],[27,-94],[5,-56],[10,-30],[0,-174]],[[23695,2856],[0,-195]],[[23695,2661],[2,-259]],[[26533,3593],[-2,87],[79,1]],[[26611,3805],[-47,-32],[-50,0],[-53,-10],[-15,-14]],[[24178,3359],[39,-3],[51,12],[205,73],[83,25]],[[24099,2858],[-404,-2]],[[23854,2395],[166,67]],[[24020,2462],[210,86]],[[24628,3627],[142,0]],[[24770,3627],[-104,-171]],[[24538,3518],[-36,109]],[[23695,2661],[121,2],[0,21],[229,2]],[[24045,2686],[-25,-22],[-51,-24],[-37,-56]],[[23932,2584],[-235,-182]],[[23932,2584],[52,-43],[36,-61],[0,-18]],[[24177,2687],[-132,-1]]],"transform":{"scale":[0.00010414953298392518,0.00008536665670539847],"translate":[-91.654907,30.139845]},"objects":{"Tract_28_2020":{"type":"GeometryCollection","geometries":[{"arcs":[[0,1,2,3]],"type":"Polygon","properties":{"id":"14000US28067950402"}},{"arcs":[[4,5,6,7,8,9]],"type":"Polygon","properties":{"id":"14000US28067950302"}},{"arcs":[[10,-10,11,12,13]],"type":"Polygon","properties":{"id":"14000US28067950301"}},{"arcs":[[14,-3,15,16]],"type":"Polygon","properties":{"id":"14000US28067950401"}},{"arcs":[[17,18,19,20,21,22,23]],"type":"Polygon","properties":{"id":"14000US28017950100"}},{"arcs":[[24,25,-24,26,27,28,29,30]],"type":"Polygon","properties":{"id":"14000US28017950200"}},{"arcs":[[-28,31,32]],"type":"Polygon","properties":{"id":"14000US28017950300"}},{"arcs":[[33,34,35,36,37]],"type":"Polygon","properties":{"id":"14000US28153950200"}},{"arcs":[[38,39,40,41,42,43]],"type":"Polygon","properties":{"id":"14000US28047000600"}},{"arcs":[[44,45,-40,46]],"type":"Polygon","properties":{"id":"14000US28047000900"}},{"arcs":[[47,48,49,50]],"type":"Polygon","properties":{"id":"14000US28007060600"}},{"arcs":[[-50,51,52,53,54,55,56]],"type":"Polygon","properties":{"id":"14000US28007060400"}},{"arcs":[[57,58,59,-53,60,61]],"type":"Polygon","properties":{"id":"14000US28007060100"}},{"arcs":[[62,63,-51,-57,64,65,66]],"type":"Polygon","properties":{"id":"14000US28007060300"}},{"arcs":[[67,-61,-52,-49]],"type":"Polygon","properties":{"id":"14000US28007060500"}},{"arcs":[[68,69,-62,-68,-48,-64,70]],"type":"Polygon","properties":{"id":"14000US28007060200"}},{"arcs":[[71,72,73,74,75]],"type":"Polygon","properties":{"id":"14000US28047001900"}},{"arcs":[[76,77,78,79,80,81]],"type":"Polygon","properties":{"id":"14000US28047002300"}},{"arcs":[[82,83,84,-77,85,86,87]],"type":"Polygon","properties":{"id":"14000US28047002500"}},{"arcs":[[-86,-82,88,89,90]],"type":"Polygon","properties":{"id":"14000US28047002600"}},{"arcs":[[91,92,93,94,95]],"type":"Polygon","properties":{"id":"14000US28143950102"}},{"arcs":[[96,97,98,-94,99,100,101,102,103,104,105]],"type":"Polygon","properties":{"id":"14000US28143950101"}},{"arcs":[[106,107,108,109,110,111,112,113,114]],"type":"Polygon","properties":{"id":"14000US28113950102"}},{"arcs":[[115,116,117,118,119,120]],"type":"Polygon","properties":{"id":"14000US28089030107"}},{"arcs":[[121,122,123,124]],"type":"Polygon","properties":{"id":"14000US28157950201"}},{"arcs":[[125,126,-124]],"type":"Polygon","properties":{"id":"14000US28157950202"}},{"arcs":[[127,128,129,130,131,132,133]],"type":"Polygon","properties":{"id":"14000US28047001600"}},{"arcs":[[134,-134,135,136,-73,137,138,139,140,141]],"type":"Polygon","properties":{"id":"14000US28047001800"}},{"arcs":[[142,143,144,145,146]],"type":"Polygon","properties":{"id":"14000US28075010301"}},{"arcs":[[147,148,149,150,151,152,153]],"type":"Polygon","properties":{"id":"14000US28075010400"}},{"arcs":[[154,155,156,157,158,-146]],"type":"Polygon","properties":{"id":"14000US28075001000"}},{"arcs":[[159,160,161,162,163]],"type":"Polygon","properties":{"id":"14000US28075000200"}},{"arcs":[[-159,164,165,166,167]],"type":"Polygon","properties":{"id":"14000US28075000900"}},{"arcs":[[-149,-167,168,169,170,-151,171]],"type":"Polygon","properties":{"id":"14000US28075000700"}},{"arcs":[[172,173,174,175]],"type":"Polygon","properties":{"id":"14000US28047002900"}},{"arcs":[[-95,-99,176,-97,177]],"type":"Polygon","properties":{"id":"14000US28143950200"}},{"arcs":[[178,179,180,181]],"type":"Polygon","properties":{"id":"14000US28151000701"}},{"arcs":[[182,183,184,185]],"type":"Polygon","properties":{"id":"14000US28011950300"}},{"arcs":[[186,-186,187,188,189]],"type":"Polygon","properties":{"id":"14000US28011950200"}},{"arcs":[[-185,190,191,192,-188],[193,194,195,196]],"type":"Polygon","properties":{"id":"14000US28011950500"}},{"arcs":[[-189,-193,197,198,199,200,201]],"type":"Polygon","properties":{"id":"14000US28011950400"}},{"arcs":[[202,203,204,-183,-187,205]],"type":"Polygon","properties":{"id":"14000US28011950100"}},{"arcs":[[206,207,208,209,210,211]],"type":"Polygon","properties":{"id":"14000US28071950201"}},{"arcs":[[212,213,214,215,216,217,218,219]],"type":"Polygon","properties":{"id":"14000US28071950502"}},{"arcs":[[220,221,-182,222,223,224]],"type":"Polygon","properties":{"id":"14000US28151000702"}},{"arcs":[[225,226,227,228,229,230]],"type":"Polygon","properties":{"id":"14000US28009950200"}},{"arcs":[[231,232,-1,233,234,235,236,237]],"type":"Polygon","properties":{"id":"14000US28067950700"}},{"arcs":[[-12,-9,238,239,240,241]],"type":"Polygon","properties":{"id":"14000US28067951000"}},{"arcs":[[242,-16,-2,-233,243,-7]],"type":"Polygon","properties":{"id":"14000US28067950500"}},{"arcs":[[244,245,246,247,248,249,250,-118]],"type":"Polygon","properties":{"id":"14000US28121020210"}},{"arcs":[[251,252,253,254,255]],"type":"Polygon","properties":{"id":"14000US28121020208"}},{"arcs":[[256,257,258,259,260,261]],"type":"Polygon","properties":{"id":"14000US28121020212"}},{"arcs":[[262,-258,263,264,-249]],"type":"Polygon","properties":{"id":"14000US28121020209"}},{"arcs":[[265,266,267]],"type":"Polygon","properties":{"id":"14000US28121980000"}},{"arcs":[[268,269,270,271,272,273]],"type":"Polygon","properties":{"id":"14000US28047003512"}},{"arcs":[[274,275,276,277,278]],"type":"Polygon","properties":{"id":"14000US28047003215"}},{"arcs":[[279,280,281,282,283]],"type":"Polygon","properties":{"id":"14000US28047003406"}},{"arcs":[[284,285,-276,286,287,288,289]],"type":"Polygon","properties":{"id":"14000US28047003209"}},{"arcs":[[290,-275,291,292,293]],"type":"Polygon","properties":{"id":"14000US28047003212"}},{"arcs":[[294,295,296,-274,297,298]],"type":"Polygon","properties":{"id":"14000US28047003511"}},{"arcs":[[299,300,-271,301]],"type":"Polygon","properties":{"id":"14000US28047003510"}},{"arcs":[[302,303,-294,304,305,306]],"type":"Polygon","properties":{"id":"14000US28047003213"}},{"arcs":[[307,308,309,-174,310]],"type":"Polygon","properties":{"id":"14000US28047003001"}},{"arcs":[[311,312,-311,-173,313,314]],"type":"Polygon","properties":{"id":"14000US28047003002"}},{"arcs":[[315,316,317,318,319]],"type":"Polygon","properties":{"id":"14000US28047003306"}},{"arcs":[[320,321,322,-290,323,324]],"type":"Polygon","properties":{"id":"14000US28047003409"}},{"arcs":[[325,326,327,328,-322]],"type":"Polygon","properties":{"id":"14000US28047003408"}},{"arcs":[[329,-289,330,331,332]],"type":"Polygon","properties":{"id":"14000US28047003514"}},{"arcs":[[333,334,335,336,337,338]],"type":"Polygon","properties":{"id":"14000US28005950200"}},{"arcs":[[339,340,-115,341,342,-335]],"type":"Polygon","properties":{"id":"14000US28005950100"}},{"arcs":[[343,344,345,346,347,348,349]],"type":"Polygon","properties":{"id":"14000US28063950103"}},{"arcs":[[350,-350,351,352,353,354]],"type":"Polygon","properties":{"id":"14000US28063950101"}},{"arcs":[[355,-354,356,-352,-349,357,358,359]],"type":"Polygon","properties":{"id":"14000US28063950102"}},{"arcs":[[360,361,362,363,364]],"type":"Polygon","properties":{"id":"14000US28109950600"}},{"arcs":[[365,366,367,368]],"type":"Polygon","properties":{"id":"14000US28027950500"}},{"arcs":[[369,-368,370,371,372,373,374,375,376,377,378,-204]],"type":"Polygon","properties":{"id":"14000US28027950300"}},{"arcs":[[-373,379,380,-366,381]],"type":"Polygon","properties":{"id":"14000US28027950400"}},{"arcs":[[-381,382,-371,-367]],"type":"Polygon","properties":{"id":"14000US28027950600"}},{"arcs":[[-372,-383,-380]],"type":"Polygon","properties":{"id":"14000US28027950700"}},{"arcs":[[383,-374,-382,-369,-370,-203,384]],"type":"Polygon","properties":{"id":"14000US28027950200"}},{"arcs":[[385,-105,386,-375,-384]],"type":"Polygon","properties":{"id":"14000US28027950100"}},{"arcs":[[387,388,389,390,391,392]],"type":"Polygon","properties":{"id":"14000US28101050301"}},{"arcs":[[393,394,-393,395,396,397]],"type":"Polygon","properties":{"id":"14000US28101050302"}},{"arcs":[[398,399,400,401,402]],"type":"Polygon","properties":{"id":"14000US28129950202"}},{"arcs":[[403,404,405,406,407,-399]],"type":"Polygon","properties":{"id":"14000US28129950302"}},{"arcs":[[408,-400,-408,409,410,411,412]],"type":"Polygon","properties":{"id":"14000US28129950201"}},{"arcs":[[-407,413,414,415,-410]],"type":"Polygon","properties":{"id":"14000US28129950301"}},{"arcs":[[416,417,418]],"type":"Polygon","properties":{"id":"14000US28001000500"}},{"arcs":[[419,420,-419,421,422]],"type":"Polygon","properties":{"id":"14000US28001000400"}},{"arcs":[[423,424,-423,425,426,427,428]],"type":"Polygon","properties":{"id":"14000US28001000700"}},{"arcs":[[429,-420,-425]],"type":"Polygon","properties":{"id":"14000US28001000300"}},{"arcs":[[-422,430,431,-426]],"type":"Polygon","properties":{"id":"14000US28001000600"}},{"arcs":[[-360,432,-417,-421,-430,-424,433]],"type":"Polygon","properties":{"id":"14000US28001000200"}},{"arcs":[[-427,-432,434,435]],"type":"Polygon","properties":{"id":"14000US28001000900"}},{"arcs":[[436,437,438,439]],"type":"Polygon","properties":{"id":"14000US28081950800"}},{"arcs":[[-439,440,441,442,443,444,445]],"type":"Polygon","properties":{"id":"14000US28081950700"}},{"arcs":[[446,447,448,449,450,451,452,453]],"type":"Polygon","properties":{"id":"14000US28147950102"}},{"arcs":[[-449,454,455,456,457]],"type":"Polygon","properties":{"id":"14000US28147950301"}},{"arcs":[[-452,458,-450,-458,459,460,461]],"type":"Polygon","properties":{"id":"14000US28147950302"}},{"arcs":[[462,463,464,-447,465]],"type":"Polygon","properties":{"id":"14000US28147950101"}},{"arcs":[[-428,-436,466,467,-122,468]],"type":"Polygon","properties":{"id":"14000US28001000800"}},{"arcs":[[-418,-433,-359,469,470,-431]],"type":"Polygon","properties":{"id":"14000US28001000101"}},{"arcs":[[-435,-471,471,472,-467]],"type":"Polygon","properties":{"id":"14000US28001000102"}},{"arcs":[[473,474,475,476,477]],"type":"Polygon","properties":{"id":"14000US28113950300"}},{"arcs":[[478,479,480,-461,481,482]],"type":"Polygon","properties":{"id":"14000US28113950700"}},{"arcs":[[483,-277,-286,484,485,486,487,488,-128,-135,489]],"type":"Polygon","properties":{"id":"14000US28047003208"}},{"arcs":[[490,491,492,493,494,495]],"type":"Polygon","properties":{"id":"14000US28097950100"}},{"arcs":[[496,497,-493,498,499,500,-58,-70,501]],"type":"Polygon","properties":{"id":"14000US28097950200"}},{"arcs":[[502,503,504]],"type":"Polygon","properties":{"id":"14000US28117950500"}},{"arcs":[[505,506,507,508,509,-503,510]],"type":"Polygon","properties":{"id":"14000US28117950400"}},{"arcs":[[511,512,513,514,515,516,517]],"type":"Polygon","properties":{"id":"14000US28023950300"}},{"arcs":[[518,-513,519]],"type":"Polygon","properties":{"id":"14000US28023950400"}},{"arcs":[[520,521,522,523,524,-514,-519,525]],"type":"Polygon","properties":{"id":"14000US28023950100"}},{"arcs":[[526,527,528,529,530,531]],"type":"Polygon","properties":{"id":"14000US28003950100"}},{"arcs":[[532,533,534,535,536,537,538]],"type":"Polygon","properties":{"id":"14000US28003950300"}},{"arcs":[[539,540,541,542,543,544,545]],"type":"Polygon","properties":{"id":"14000US28003950700"}},{"arcs":[[546,-529,547,548,549,-542]],"type":"Polygon","properties":{"id":"14000US28003950600"}},{"arcs":[[550,551,552,553,554]],"type":"Polygon","properties":{"id":"14000US28087000800"}},{"arcs":[[555,556,-552]],"type":"Polygon","properties":{"id":"14000US28087000500"}},{"arcs":[[557,558,559,560,561,562,563]],"type":"Polygon","properties":{"id":"14000US28087001000"}},{"arcs":[[-557,564,565,566]],"type":"Polygon","properties":{"id":"14000US28087000600"}},{"arcs":[[-562,567,568,569,570,571]],"type":"Polygon","properties":{"id":"14000US28087001100"}},{"arcs":[[572,573,-553,-567,574,-560]],"type":"Polygon","properties":{"id":"14000US28087000700"}},{"arcs":[[575,576,-496,577,578,579,580,581]],"type":"Polygon","properties":{"id":"14000US28015950100"}},{"arcs":[[582,583]],"type":"Polygon","properties":{"id":"14000US28053950300"}},{"arcs":[[584,-504,-510,585,586,587]],"type":"Polygon","properties":{"id":"14000US28081950102"}},{"arcs":[[588,589,590,591,-443]],"type":"Polygon","properties":{"id":"14000US28081950302"}},{"arcs":[[592,593,594,-437,595,596]],"type":"Polygon","properties":{"id":"14000US28081950901"}},{"arcs":[[597,598,-445,599,600]],"type":"Polygon","properties":{"id":"14000US28081951002"}},{"arcs":[[601,602,-588,603,604,605,606]],"type":"Polygon","properties":{"id":"14000US28081950101"}},{"arcs":[[607,608,609,610,611,612]],"type":"Polygon","properties":{"id":"14000US28155950100"}},{"arcs":[[613,614]],"type":"Polygon","properties":{"id":"14000US28155950300"}},{"arcs":[[615,-613,616,-615,617,-499,-492,618]],"type":"Polygon","properties":{"id":"14000US28155950200"}},{"arcs":[[619,620,621,622,-523,623,624]],"type":"Polygon","properties":{"id":"14000US28075010601"}},{"arcs":[[-171,625,626,-625,627,628,-152]],"type":"Polygon","properties":{"id":"14000US28075010502"}},{"arcs":[[629,-147,-168,-148,630]],"type":"Polygon","properties":{"id":"14000US28075010303"}},{"arcs":[[631,632,633,634,635,-155,-145]],"type":"Polygon","properties":{"id":"14000US28075010205"}},{"arcs":[[-624,-522,-628]],"type":"Polygon","properties":{"id":"14000US28075010501"}},{"arcs":[[636,637,638,639,640]],"type":"Polygon","properties":{"id":"14000US28075000402"}},{"arcs":[[-639,-635,641,642,643,644,-621,645]],"type":"Polygon","properties":{"id":"14000US28075010204"}},{"arcs":[[646,-641,647,-161,648]],"type":"Polygon","properties":{"id":"14000US28075000401"}},{"arcs":[[649,650,651,-643]],"type":"Polygon","properties":{"id":"14000US28075010203"}},{"arcs":[[652,-143,-630,653]],"type":"Polygon","properties":{"id":"14000US28075010304"}},{"arcs":[[654,655,656,657,658,659]],"type":"Polygon","properties":{"id":"14000US28065950102"}},{"arcs":[[660,-655,661,662]],"type":"Polygon","properties":{"id":"14000US28065950101"}},{"arcs":[[663,664,665,666,667]],"type":"Polygon","properties":{"id":"14000US28141950102"}},{"arcs":[[-528,668,-668,669,-548]],"type":"Polygon","properties":{"id":"14000US28141950101"}},{"arcs":[[-670,-667,670,671,672,-549]],"type":"Polygon","properties":{"id":"14000US28141950302"}},{"arcs":[[673,674,675]],"type":"Polygon","properties":{"id":"14000US28141950402"}},{"arcs":[[676,677,678,679,-676,680,-507]],"type":"Polygon","properties":{"id":"14000US28141950401"}},{"arcs":[[-672,681,-665,682,-679,683]],"type":"Polygon","properties":{"id":"14000US28141950301"}},{"arcs":[[-645,684,-622]],"type":"Polygon","properties":{"id":"14000US28075010602"}},{"arcs":[[685,-650,-642,-634]],"type":"Polygon","properties":{"id":"14000US28075010206"}},{"arcs":[[686,687,688,689,690]],"type":"Polygon","properties":{"id":"14000US28077960200"}},{"arcs":[[691,692,-663,693,694,695,696,-688]],"type":"Polygon","properties":{"id":"14000US28077960100"}},{"arcs":[[-689,-697,697,-464,698,699]],"type":"Polygon","properties":{"id":"14000US28077960300"}},{"arcs":[[700,701,702,703,704,705,706,-345]],"type":"Polygon","properties":{"id":"14000US28029950600"}},{"arcs":[[707,708,709,710,711,712,713,714,715,716]],"type":"Polygon","properties":{"id":"14000US28029950200"}},{"arcs":[[717,-716,718,-703]],"type":"Polygon","properties":{"id":"14000US28029950400"}},{"arcs":[[719,720,721,-710,722,-717,-718,-702,723,724]],"type":"Polygon","properties":{"id":"14000US28029950300"}},{"arcs":[[725]],"type":"Polygon","properties":{"id":"14000US28125950200"}},{"arcs":[[726,727,728,729,730],[-726]],"type":"Polygon","properties":{"id":"14000US28125950100"}},{"arcs":[[731,732,733,-220,734,735]],"type":"Polygon","properties":{"id":"14000US28107950400"}},{"arcs":[[736,737,738,739,740,741]],"type":"Polygon","properties":{"id":"14000US28057950202"}},{"arcs":[[-586,-509,742,-737,743]],"type":"Polygon","properties":{"id":"14000US28057950201"}},{"arcs":[[744,-30,745,-608,746,747,748]],"type":"Polygon","properties":{"id":"14000US28013950400"}},{"arcs":[[749,750,-31,-745,751,752,753,754]],"type":"Polygon","properties":{"id":"14000US28013950100"}},{"arcs":[[-748,755]],"type":"Polygon","properties":{"id":"14000US28013950500"}},{"arcs":[[756,-753]],"type":"Polygon","properties":{"id":"14000US28013950200"}},{"arcs":[[-754,-757,-752,-749,-756,-747,-616,757,758]],"type":"Polygon","properties":{"id":"14000US28013950300"}},{"arcs":[[759,760,-536]],"type":"Polygon","properties":{"id":"14000US28003950502"}},{"arcs":[[761,-538,762,-540,763,764]],"type":"Polygon","properties":{"id":"14000US28003950401"}},{"arcs":[[765,-539,-762,766]],"type":"Polygon","properties":{"id":"14000US28003950402"}},{"arcs":[[-537,-761,767,-530,-547,-541,-763]],"type":"Polygon","properties":{"id":"14000US28003950501"}},{"arcs":[[768,-532,769,-534]],"type":"Polygon","properties":{"id":"14000US28003950202"}},{"arcs":[[-531,-768,-760,-535,-770]],"type":"Polygon","properties":{"id":"14000US28003950201"}},{"arcs":[[-32,-27,-23,770,771,772,773,774]],"type":"Polygon","properties":{"id":"14000US28017950401"}},{"arcs":[[-29,-33,-775,775,-609,-746]],"type":"Polygon","properties":{"id":"14000US28017950402"}},{"arcs":[[776,777,778,779]],"type":"Polygon","properties":{"id":"14000US28163950602"}},{"arcs":[[780,781,782,783,784,-778]],"type":"Polygon","properties":{"id":"14000US28163950601"}},{"arcs":[[785,786,787,788,789]],"type":"Polygon","properties":{"id":"14000US28099010102"}},{"arcs":[[790,-789,791,792,793]],"type":"Polygon","properties":{"id":"14000US28099010101"}},{"arcs":[[794,795,796,797,798,799,800]],"type":"Polygon","properties":{"id":"14000US28079040401"}},{"arcs":[[-799,801,802,803]],"type":"Polygon","properties":{"id":"14000US28079040402"}},{"arcs":[[804,805,806,807,808,809,810]],"type":"Polygon","properties":{"id":"14000US28035010101"}},{"arcs":[[811,812,813,814,815,816,817]],"type":"Polygon","properties":{"id":"14000US28035010700"}},{"arcs":[[-98,-177]],"type":"Polygon","properties":{"id":"14000US28143980000"}},{"arcs":[[-133,-136]],"type":"Polygon","properties":{"id":"14000US28047980000"}},{"arcs":[[818,-47,-39,819,820,821,822]],"type":"Polygon","properties":{"id":"14000US28047003700"}},{"arcs":[[-695,823,824,825,826,827,828,829,830,831]],"type":"Polygon","properties":{"id":"14000US28091950100"}},{"arcs":[[832,833,-830,834,835]],"type":"Polygon","properties":{"id":"14000US28091950400"}},{"arcs":[[836,-836,837,838,-456]],"type":"Polygon","properties":{"id":"14000US28091950600"}},{"arcs":[[-835,-829,839,840,841,-838]],"type":"Polygon","properties":{"id":"14000US28091950500"}},{"arcs":[[-831,-834,842]],"type":"Polygon","properties":{"id":"14000US28091950300"}},{"arcs":[[-698,-696,-832,-843,-833,-837,-455,-448,-465]],"type":"Polygon","properties":{"id":"14000US28091950200"}},{"arcs":[[843,844,845,846,847]],"type":"Polygon","properties":{"id":"14000US28121020703"}},{"arcs":[[848,849,850,851,-254]],"type":"Polygon","properties":{"id":"14000US28121020213"}},{"arcs":[[-55,852,853,-795,854,855]],"type":"Polygon","properties":{"id":"14000US28079040100"}},{"arcs":[[856,857,858,-800,-804,859]],"type":"Polygon","properties":{"id":"14000US28079040500"}},{"arcs":[[860,861,862,863,864]],"type":"Polygon","properties":{"id":"14000US28049010809"}},{"arcs":[[865,866,867,868,869,-861]],"type":"Polygon","properties":{"id":"14000US28049010808"}},{"arcs":[[-184,-205,-379,870,871,872,873,-191]],"type":"Polygon","properties":{"id":"14000US28133950100"}},{"arcs":[[-544,874,-677,-506,875,876,877,878]],"type":"Polygon","properties":{"id":"14000US28117950101"}},{"arcs":[[879,880,881,-876,-511,-505,-585,-603,882]],"type":"Polygon","properties":{"id":"14000US28117950202"}},{"arcs":[[-878,883,884]],"type":"Polygon","properties":{"id":"14000US28117950301"}},{"arcs":[[-545,-879,-885,885,-881,886,887]],"type":"Polygon","properties":{"id":"14000US28117950201"}},{"arcs":[[-886,-884,-877,-882]],"type":"Polygon","properties":{"id":"14000US28117950302"}},{"arcs":[[-543,-550,-673,-684,-678,-875]],"type":"Polygon","properties":{"id":"14000US28117950102"}},{"arcs":[[888,889,890,891]],"type":"Polygon","properties":{"id":"14000US28033070102"}},{"arcs":[[892,893,894,895,896,897,898]],"type":"Polygon","properties":{"id":"14000US28033070323"}},{"arcs":[[-898,899,900,901]],"type":"Polygon","properties":{"id":"14000US28033070324"}},{"arcs":[[902,903,904,905,906]],"type":"Polygon","properties":{"id":"14000US28033070721"}},{"arcs":[[-892,907,908,-92,909]],"type":"Polygon","properties":{"id":"14000US28033070101"}},{"arcs":[[910,911,912,913,-893,914]],"type":"Polygon","properties":{"id":"14000US28033070421"}},{"arcs":[[915,916,917,918,919,-895,920,-913]],"type":"Polygon","properties":{"id":"14000US28033070412"}},{"arcs":[[921,922,923,924,925]],"type":"Polygon","properties":{"id":"14000US28049000400"}},{"arcs":[[926,927,928,929,-59,-501],[930]],"type":"Polygon","properties":{"id":"14000US28019950200"}},{"arcs":[[-931]],"type":"Polygon","properties":{"id":"14000US28019950300"}},{"arcs":[[-618,-614,-617,-612,931,932,-927,-500]],"type":"Polygon","properties":{"id":"14000US28019950100"}},{"arcs":[[933,-108,934]],"type":"Polygon","properties":{"id":"14000US28085950401"}},{"arcs":[[935,936,937,938,939]],"type":"Polygon","properties":{"id":"14000US28085950601"}},{"arcs":[[940,941,-938]],"type":"Polygon","properties":{"id":"14000US28085950602"}},{"arcs":[[-939,-942,942,943,-690,-700,944,945]],"type":"Polygon","properties":{"id":"14000US28085950301"}},{"arcs":[[946,947,948,949,950]],"type":"Polygon","properties":{"id":"14000US28045030304"}},{"arcs":[[951,-299,952,953,954,955]],"type":"Polygon","properties":{"id":"14000US28045030605"}},{"arcs":[[-954,956,957,958,959,960]],"type":"Polygon","properties":{"id":"14000US28045030501"}},{"arcs":[[961,-959]],"type":"Polygon","properties":{"id":"14000US28045030502"}},{"arcs":[[-960,-962,-958,962,963,964,965]],"type":"Polygon","properties":{"id":"14000US28045030503"}},{"arcs":[[966,967,968,969,-956,970]],"type":"Polygon","properties":{"id":"14000US28045030604"}},{"arcs":[[971,972,-295,-952,-970]],"type":"Polygon","properties":{"id":"14000US28045030603"}},{"arcs":[[973,974,975,976]],"type":"Polygon","properties":{"id":"14000US28095950300"}},{"arcs":[[977,978,979]],"type":"Polygon","properties":{"id":"14000US28095950700"}},{"arcs":[[980,981,-980,982,983,984,985,986,987,-772]],"type":"Polygon","properties":{"id":"14000US28095950600"}},{"arcs":[[988,-977,989,990,991]],"type":"Polygon","properties":{"id":"14000US28095950400"}},{"arcs":[[-979,992,-983]],"type":"Polygon","properties":{"id":"14000US28095950800"}},{"arcs":[[-120,993,994]],"type":"Polygon","properties":{"id":"14000US28089030108"}},{"arcs":[[995,996,997,998,999,1000]],"type":"Polygon","properties":{"id":"14000US28045990000"}},{"arcs":[[-89,-81,1001,1002,1003,1004,1005]],"type":"Polygon","properties":{"id":"14000US28047003800"}},{"arcs":[[-314,-176,1006,-1004,1007,1008,-43,1009,1010,1011,-1000],[1012],[1013]],"type":"Polygon","properties":{"id":"14000US28047990000"}},{"arcs":[[-648,-640,-646,-620,-627,1014,-162]],"type":"Polygon","properties":{"id":"14000US28075010700"}},{"arcs":[[[1015,1016,1017,1018,1019,-1010,-42]],[[-1014]],[[-1013]]],"type":"MultiPolygon","properties":{"id":"14000US28047003600"}},{"arcs":[[1020,1021,1022,1023,1024,1025,1026,-213,1027]],"type":"Polygon","properties":{"id":"14000US28071950402"}},{"arcs":[[1028,1029,1030]],"type":"Polygon","properties":{"id":"14000US28137950400"}},{"arcs":[[1031,1032,1033,-1021,1034,1035,1036]],"type":"Polygon","properties":{"id":"14000US28137950100"}},{"arcs":[[1037,1038]],"type":"Polygon","properties":{"id":"14000US28119950200"}},{"arcs":[[-387,-104,1039,1040,1041,-1038,1042,-376]],"type":"Polygon","properties":{"id":"14000US28119950100"}},{"arcs":[[-1043,-1039,-1042,1043,1044,1045,-377]],"type":"Polygon","properties":{"id":"14000US28119950300"}},{"arcs":[[1046,1047,1048,1049,1050]],"type":"Polygon","properties":{"id":"14000US28105950401"}},{"arcs":[[1051,-1048]],"type":"Polygon","properties":{"id":"14000US28105950102"}},{"arcs":[[1052,-1047,1053,1054,1055]],"type":"Polygon","properties":{"id":"14000US28105950402"}},{"arcs":[[1056,1057,1058,1059]],"type":"Polygon","properties":{"id":"14000US28105950201"}},{"arcs":[[1060,1061,-564,1062,1063,-1049,-1052,-1053,1064]],"type":"Polygon","properties":{"id":"14000US28105950101"}},{"arcs":[[1065,1066,-1063,-563,-572,1067,1068,1069]],"type":"Polygon","properties":{"id":"14000US28105950701"}},{"arcs":[[1070,1071,1072]],"type":"Polygon","properties":{"id":"14000US28105950604"}},{"arcs":[[1073,-1059,1074,-1070,1075,-928,-933]],"type":"Polygon","properties":{"id":"14000US28105950702"}},{"arcs":[[-1058,1076,-1073,1077,-1066,-1075]],"type":"Polygon","properties":{"id":"14000US28105950603"}},{"arcs":[[-611,1078,-1065,-1056,1079,1080,-1060,-1074,-932]],"type":"Polygon","properties":{"id":"14000US28105950202"}},{"arcs":[[1081,1082,1083,1084,1085,1086]],"type":"Polygon","properties":{"id":"14000US28111950200"}},{"arcs":[[1087,-412,1088,1089,1090,1091,-658]],"type":"Polygon","properties":{"id":"14000US28031950300"}},{"arcs":[[1092,1093,1094,1095]],"type":"Polygon","properties":{"id":"14000US28073020600"}},{"arcs":[[1096,-731,1097,1098,1099,1100]],"type":"Polygon","properties":{"id":"14000US28055950100"}},{"arcs":[[1101,-915,-899,-902,1102,-890]],"type":"Polygon","properties":{"id":"14000US28033070210"}},{"arcs":[[1103,1104,1105,1106,1107,-576,1108]],"type":"Polygon","properties":{"id":"14000US28043950202"}},{"arcs":[[1109,1110,1111,-758,-619,-491,-577,-1108]],"type":"Polygon","properties":{"id":"14000US28043950102"}},{"arcs":[[1112,1113,1114,1115,1116,1117,1118,-1105]],"type":"Polygon","properties":{"id":"14000US28043950201"}},{"arcs":[[1119,-1111,1120,1121,-1117]],"type":"Polygon","properties":{"id":"14000US28043950101"}},{"arcs":[[-920,1122,1123,1124]],"type":"Polygon","properties":{"id":"14000US28033070310"}},{"arcs":[[-901,1125,-896,-1125,1126,1127]],"type":"Polygon","properties":{"id":"14000US28033070322"}},{"arcs":[[1128,-965,1129,1130,-951,1131,1132,-996,1133]],"type":"Polygon","properties":{"id":"14000US28045030400"}},{"arcs":[[1134,1135,1136,1137,1138]],"type":"Polygon","properties":{"id":"14000US28059041500"}},{"arcs":[[1139,1140,1141,-1137]],"type":"Polygon","properties":{"id":"14000US28059041600"}},{"arcs":[[-1142,1142,1143,1144]],"type":"Polygon","properties":{"id":"14000US28059041700"}},{"arcs":[[1145,1146,1147,1148,1149,1150,1151]],"type":"Polygon","properties":{"id":"14000US28089030105"}},{"arcs":[[1152,1153,1154,1155,1156,1157,1158,1159,1160]],"type":"Polygon","properties":{"id":"14000US28133950600"}},{"arcs":[[-199,1161,1162,1163,1164,-1157,1165,-1153,1166]],"type":"Polygon","properties":{"id":"14000US28133950300"}},{"arcs":[[-1165,1167,1168,-1158]],"type":"Polygon","properties":{"id":"14000US28133950500"}},{"arcs":[[-908,-891,-1103,-1128,1169,1170,1171]],"type":"Polygon","properties":{"id":"14000US28033070221"}},{"arcs":[[-682,-671,-666]],"type":"Polygon","properties":{"id":"14000US28141950200"}},{"arcs":[[-157,1172,-637,-647,1173]],"type":"Polygon","properties":{"id":"14000US28075001101"}},{"arcs":[[-636,-638,-1173,-156]],"type":"Polygon","properties":{"id":"14000US28075001102"}},{"arcs":[[-172,-150]],"type":"Polygon","properties":{"id":"14000US28075980000"}},{"arcs":[[1174,-477,1175,-112]],"type":"Polygon","properties":{"id":"14000US28113950400"}},{"arcs":[[1176,1177,-478,-1175,-111]],"type":"Polygon","properties":{"id":"14000US28113950200"}},{"arcs":[[1178,1179,1180,-1143,-1141,1181,1182,1183,1184,1185]],"type":"Polygon","properties":{"id":"14000US28059042700"}},{"arcs":[[1186,-1139,1187,1188,1189]],"type":"Polygon","properties":{"id":"14000US28059041400"}},{"arcs":[[1190,1191,1192]],"type":"Polygon","properties":{"id":"14000US28059042500"}},{"arcs":[[1193,-1086,1194,1195,1196,1197,1198,1199,1200]],"type":"Polygon","properties":{"id":"14000US28131020204"}},{"arcs":[[1201,1202,-1201,1203,-1199,1204,1205,1206]],"type":"Polygon","properties":{"id":"14000US28131020206"}},{"arcs":[[-1206,1207,-325,1208,1209]],"type":"Polygon","properties":{"id":"14000US28131020205"}},{"arcs":[[-1198,1210,1211,-326,-321,-1208,-1205]],"type":"Polygon","properties":{"id":"14000US28131020203"}},{"arcs":[[1212,1213,1214,1215,1216,-1084]],"type":"Polygon","properties":{"id":"14000US28041950201"}},{"arcs":[[1217,1218,1219,-1214,1220,1221]],"type":"Polygon","properties":{"id":"14000US28041950102"}},{"arcs":[[1222,1223,-1221,-1213,-1083]],"type":"Polygon","properties":{"id":"14000US28041950202"}},{"arcs":[[1224,-1222,-1224,1225,1226]],"type":"Polygon","properties":{"id":"14000US28041950101"}},{"arcs":[[1227,1228,1229,1230,-987,1231,1232,1233,-558,-1062,1234]],"type":"Polygon","properties":{"id":"14000US28025950500"}},{"arcs":[[-773,-988,-1231,1235,-1235,-1061,1236]],"type":"Polygon","properties":{"id":"14000US28025950100"}},{"arcs":[[-776,-774,-1237,-1079,-610]],"type":"Polygon","properties":{"id":"14000US28025950200"}},{"arcs":[[1237,1238,1239]],"type":"Polygon","properties":{"id":"14000US28071950203"}},{"arcs":[[-212,1240,1241,-1238,1242,1243]],"type":"Polygon","properties":{"id":"14000US28071950204"}},{"arcs":[[1244,-208,1245,1246,1247]],"type":"Polygon","properties":{"id":"14000US28071950303"}},{"arcs":[[-1027,1248,1249,1250,-214]],"type":"Polygon","properties":{"id":"14000US28071950504"}},{"arcs":[[-1247,1251,1252]],"type":"Polygon","properties":{"id":"14000US28071950304"}},{"arcs":[[1253,-1248,-1253,-1249,-1026]],"type":"Polygon","properties":{"id":"14000US28071950404"}},{"arcs":[[-1251,1254,-1243,-1240,1255,1256,-215]],"type":"Polygon","properties":{"id":"14000US28071950505"}},{"arcs":[[-1257,1257,-1241,-211,1258,1259,1260,-750,1261,-216]],"type":"Polygon","properties":{"id":"14000US28071950507"}},{"arcs":[[-1239,-1242,-1258,-1256]],"type":"Polygon","properties":{"id":"14000US28071950506"}},{"arcs":[[-1025,1262,-209,-1245,-1254]],"type":"Polygon","properties":{"id":"14000US28071950403"}},{"arcs":[[1263,1264,1265,1266,1267]],"type":"Polygon","properties":{"id":"14000US28083950700"}},{"arcs":[[1268,1269,1270,1271,1272]],"type":"Polygon","properties":{"id":"14000US28121020803"}},{"arcs":[[1273,1274,1275,1276]],"type":"Polygon","properties":{"id":"14000US28121020500"}},{"arcs":[[1277,1278,1279]],"type":"Polygon","properties":{"id":"14000US28121020301"}},{"arcs":[[1280,1281,1282,1283,1284,-247]],"type":"Polygon","properties":{"id":"14000US28121020101"}},{"arcs":[[1285,1286,-1276,1287,1288,1289,1290]],"type":"Polygon","properties":{"id":"14000US28121020402"}},{"arcs":[[1291,-1290,1292,1293]],"type":"Polygon","properties":{"id":"14000US28121021001"}},{"arcs":[[-1267,1294,1295]],"type":"Polygon","properties":{"id":"14000US28083950800"}},{"arcs":[[-1266,1296,1297,-1295]],"type":"Polygon","properties":{"id":"14000US28083950900"}},{"arcs":[[1298,1299,-1268,-1296,-1298,1300,-581,1301,1302]],"type":"Polygon","properties":{"id":"14000US28083950400"}},{"arcs":[[-1264,-1300,1303,1304]],"type":"Polygon","properties":{"id":"14000US28083950600"}},{"arcs":[[-1168,-1164,1305,1306,-1304,-1299,1307,1308]],"type":"Polygon","properties":{"id":"14000US28083950300"}},{"arcs":[[1309,-1109,-582,-1301,-1297,-1265,-1305,-1307,1310]],"type":"Polygon","properties":{"id":"14000US28083950200"}},{"arcs":[[1311,-873,1312,-1311,-1306,-1163]],"type":"Polygon","properties":{"id":"14000US28083950100"}},{"arcs":[[-218,1313,1314]],"type":"Polygon","properties":{"id":"14000US28161950200"}},{"arcs":[[1315,1316,-1314,-217,-1262,-755,-759,-1112,-1120,-1116]],"type":"Polygon","properties":{"id":"14000US28161950100"}},{"arcs":[[1317,-398,1318,1319,1320]],"type":"Polygon","properties":{"id":"14000US28123020101"}},{"arcs":[[1321,1322,1323,1324,1325,1326,1327]],"type":"Polygon","properties":{"id":"14000US28123020301"}},{"arcs":[[-802,-798,1328,-394,-1318,1329]],"type":"Polygon","properties":{"id":"14000US28123020102"}},{"arcs":[[1330,1331,-1325,1332,-1323,1333,-1283]],"type":"Polygon","properties":{"id":"14000US28123020302"}},{"arcs":[[1334,-732,1335,1336,1337]],"type":"Polygon","properties":{"id":"14000US28107950601"}},{"arcs":[[1338,-733,-1335]],"type":"Polygon","properties":{"id":"14000US28107950302"}},{"arcs":[[-1337,1339,1340]],"type":"Polygon","properties":{"id":"14000US28107950602"}},{"arcs":[[-1340,-1336,-736,1341,1342,1343]],"type":"Polygon","properties":{"id":"14000US28107950502"}},{"arcs":[[1344,1345,1346,1347,-1338,1348,-1040,-103]],"type":"Polygon","properties":{"id":"14000US28107950102"}},{"arcs":[[1349,1350,1351,1352,-1346]],"type":"Polygon","properties":{"id":"14000US28107950101"}},{"arcs":[[-1349,-1341,-1344,1353,-1044,-1041]],"type":"Polygon","properties":{"id":"14000US28107950501"}},{"arcs":[[1354,1355,-1035,-1028,-734,-1339,-1348,1356,1357,-1351]],"type":"Polygon","properties":{"id":"14000US28107950301"}},{"arcs":[[-1353,1358,-1357,-1347]],"type":"Polygon","properties":{"id":"14000US28107950201"}},{"arcs":[[-1358,-1359,-1352]],"type":"Polygon","properties":{"id":"14000US28107950202"}},{"arcs":[[-1091,1359,1360,1361,1362,1363,1364]],"type":"Polygon","properties":{"id":"14000US28031950401"}},{"arcs":[[-1364,1365,1366,1367,1368,1369,1370]],"type":"Polygon","properties":{"id":"14000US28031950402"}},{"arcs":[[1371,1372,1373,1374,1375]],"type":"Polygon","properties":{"id":"14000US28049010301"}},{"arcs":[[1376,1377,1378,1379]],"type":"Polygon","properties":{"id":"14000US28049001000"}},{"arcs":[[1380,1381,1382,1383]],"type":"Polygon","properties":{"id":"14000US28049001200"}},{"arcs":[[1384,1385,1386,1387,1388]],"type":"Polygon","properties":{"id":"14000US28049002300"}},{"arcs":[[1389,1390,1391,1392,1393,1394]],"type":"Polygon","properties":{"id":"14000US28049002500"}},{"arcs":[[1395,1396,1397,1398]],"type":"Polygon","properties":{"id":"14000US28049001500"}},{"arcs":[[1399,-1399,1400,1401,1402]],"type":"Polygon","properties":{"id":"14000US28049001600"}},{"arcs":[[1403,1404,1405,-194]],"type":"Polygon","properties":{"id":"14000US28011950601"}},{"arcs":[[1406,-1404,-197]],"type":"Polygon","properties":{"id":"14000US28011950602"}},{"arcs":[[-1099,1407,1408,1409,1410]],"type":"Polygon","properties":{"id":"14000US28149950102"}},{"arcs":[[-1100,-1411,1411,1412,1413]],"type":"Polygon","properties":{"id":"14000US28149950101"}},{"arcs":[[1414,1415,1416]],"type":"Polygon","properties":{"id":"14000US28109950300"}},{"arcs":[[1417,-283,1418,1419,1420,-486]],"type":"Polygon","properties":{"id":"14000US28047003407"}},{"arcs":[[1421,1422,-302,-270]],"type":"Polygon","properties":{"id":"14000US28047003508"}},{"arcs":[[1423,1424,1425,1426,1427,1428,1429]],"type":"Polygon","properties":{"id":"14000US28093950302"}},{"arcs":[[1430,-1429,1431,1432,-1033,1433]],"type":"Polygon","properties":{"id":"14000US28093950301"}},{"arcs":[[1434,1435,-1430,-1431,1436]],"type":"Polygon","properties":{"id":"14000US28093950201"}},{"arcs":[[1437,1438,1439,-1425,1440]],"type":"Polygon","properties":{"id":"14000US28093950101"}},{"arcs":[[1441,-1426,-1440,1442,-231,1443,1444,-1023,1445]],"type":"Polygon","properties":{"id":"14000US28093950502"}},{"arcs":[[-1433,1446,1447,-1446,-1022,-1034]],"type":"Polygon","properties":{"id":"14000US28093950501"}},{"arcs":[[1448,1449,-1435,1450,1451]],"type":"Polygon","properties":{"id":"14000US28093950202"}},{"arcs":[[-1450,1452,-1441,-1424,-1436]],"type":"Polygon","properties":{"id":"14000US28093950102"}},{"arcs":[[1453,1454,1455,1456,1457]],"type":"Polygon","properties":{"id":"14000US28049010305"}},{"arcs":[[1458,1459,1460,1461,1462]],"type":"Polygon","properties":{"id":"14000US28081950403"}},{"arcs":[[-1462,1463,1464,-593,1465,1466]],"type":"Polygon","properties":{"id":"14000US28081950404"}},{"arcs":[[-606,1467,-1459,1468,1469]],"type":"Polygon","properties":{"id":"14000US28081950203"}},{"arcs":[[1470,1471,1472,-1460]],"type":"Polygon","properties":{"id":"14000US28081950501"}},{"arcs":[[-591,1473,1474,1475]],"type":"Polygon","properties":{"id":"14000US28081951102"}},{"arcs":[[-600,-444,-592,-1476,1476,-20,1477]],"type":"Polygon","properties":{"id":"14000US28081951101"}},{"arcs":[[-605,1478,1479,-1471,-1468]],"type":"Polygon","properties":{"id":"14000US28081950204"}},{"arcs":[[-1472,-1480,1480,1481,-442,1482,1483]],"type":"Polygon","properties":{"id":"14000US28081950502"}},{"arcs":[[1484,1485,1486,1487,1488,1489,1490,-784]],"type":"Polygon","properties":{"id":"14000US28089030403"}},{"arcs":[[1491,1492,1493,1494,-1146,1495,1496]],"type":"Polygon","properties":{"id":"14000US28089030109"}},{"arcs":[[1497,1498,1499,-1148]],"type":"Polygon","properties":{"id":"14000US28089030111"}},{"arcs":[[1500,-995,1501,-1498]],"type":"Polygon","properties":{"id":"14000US28089030112"}},{"arcs":[[-1490,1502,1503,1504]],"type":"Polygon","properties":{"id":"14000US28089030402"}},{"arcs":[[-1489,1505,1506,1507,1508,1509,1510,-1503]],"type":"Polygon","properties":{"id":"14000US28089030401"}},{"arcs":[[1511,-1510,1512,-246,1513,1514,1515]],"type":"Polygon","properties":{"id":"14000US28089030208"}},{"arcs":[[-1514,-245,-117,1516,1517]],"type":"Polygon","properties":{"id":"14000US28089030207"}},{"arcs":[[1518,-1517,-116,-1494]],"type":"Polygon","properties":{"id":"14000US28089030110"}},{"arcs":[[1519,1520,1521,-1508]],"type":"Polygon","properties":{"id":"14000US28089031100"}},{"arcs":[[1522,1523,-1506,-1488]],"type":"Polygon","properties":{"id":"14000US28089030502"}},{"arcs":[[-1524,1524,-1520,-1507]],"type":"Polygon","properties":{"id":"14000US28089030501"}},{"arcs":[[1525,1526,-1496,-1152,1527,1528]],"type":"Polygon","properties":{"id":"14000US28089030206"}},{"arcs":[[1529,1530,-1036,-1356,1531,-1030]],"type":"Polygon","properties":{"id":"14000US28137950201"}},{"arcs":[[1532,1533,-1037,-1531,1534]],"type":"Polygon","properties":{"id":"14000US28137950202"}},{"arcs":[[1535,1536,1537,-918]],"type":"Polygon","properties":{"id":"14000US28033070521"}},{"arcs":[[-336,-343,1538,-483,1539,1540]],"type":"Polygon","properties":{"id":"14000US28005950302"}},{"arcs":[[-337,-1541,1541,1542]],"type":"Polygon","properties":{"id":"14000US28005950301"}},{"arcs":[[-332,1543,-307,1544,-1423]],"type":"Polygon","properties":{"id":"14000US28047003507"}},{"arcs":[[1545,1546,-1095,1547,-1202,1548,-1415,1549]],"type":"Polygon","properties":{"id":"14000US28109950102"}},{"arcs":[[-364,1550,1551]],"type":"Polygon","properties":{"id":"14000US28109950702"}},{"arcs":[[-1551,-363,1552,1553,1554,1555]],"type":"Polygon","properties":{"id":"14000US28109950504"}},{"arcs":[[1556,-1552,-1556,1557,1558]],"type":"Polygon","properties":{"id":"14000US28109950701"}},{"arcs":[[1559,1560,-365,-1557,1561]],"type":"Polygon","properties":{"id":"14000US28109950403"}},{"arcs":[[1562,1563,1564,-361,-1561]],"type":"Polygon","properties":{"id":"14000US28109950405"}},{"arcs":[[1565,-1553,-362,-1565]],"type":"Polygon","properties":{"id":"14000US28109950506"}},{"arcs":[[1566,1567,-968,1568,-1566,1569]],"type":"Polygon","properties":{"id":"14000US28109950505"}},{"arcs":[[1570,-1570,-1564,1571]],"type":"Polygon","properties":{"id":"14000US28109950406"}},{"arcs":[[-1550,-1417,1572,1573]],"type":"Polygon","properties":{"id":"14000US28109950202"}},{"arcs":[[-1569,-967,1574,-1554]],"type":"Polygon","properties":{"id":"14000US28109950503"}},{"arcs":[[1575,-1573,-1416,-1549,-1207,-1210,-972,-969,-1568]],"type":"Polygon","properties":{"id":"14000US28109950101"}},{"arcs":[[1576,-1572,-1563,-1560,1577]],"type":"Polygon","properties":{"id":"14000US28109950404"}},{"arcs":[[-841,1578,-1546,-1574,-1576,-1567,-1571,-1577,1579]],"type":"Polygon","properties":{"id":"14000US28109950201"}},{"arcs":[[1580,-38,1581,1582,1583,1584]],"type":"Polygon","properties":{"id":"14000US28153950302"}},{"arcs":[[1585,-515,1586,-34,-1581,1587,1588]],"type":"Polygon","properties":{"id":"14000US28153950301"}},{"arcs":[[-525,1589,1590,-35,-1587]],"type":"Polygon","properties":{"id":"14000US28153950101"}},{"arcs":[[1591,1592,-1219,1593]],"type":"Polygon","properties":{"id":"14000US28153950402"}},{"arcs":[[1594,-1582,-37,1595,-1594,-1218,-1225,1596,1597]],"type":"Polygon","properties":{"id":"14000US28153950401"}},{"arcs":[[-1591,1598,-1592,-1596,-36]],"type":"Polygon","properties":{"id":"14000US28153950102"}},{"arcs":[[-1421,1599,1600,1601,1602,1603,-487]],"type":"Polygon","properties":{"id":"14000US28047003313"}},{"arcs":[[1604,1605,1606,-1601]],"type":"Polygon","properties":{"id":"14000US28047003310"}},{"arcs":[[1607,-319,1608]],"type":"Polygon","properties":{"id":"14000US28047003308"}},{"arcs":[[-166,-164,-169]],"type":"Polygon","properties":{"id":"14000US28075000800"}},{"arcs":[[-411,-416,1609,-14,1610,-1361,1611,-1089]],"type":"Polygon","properties":{"id":"14000US28031950100"}},{"arcs":[[-1612,-1360,-1090]],"type":"Polygon","properties":{"id":"14000US28031950200"}},{"arcs":[[1612,1613,1614,1615,1616]],"type":"Polygon","properties":{"id":"14000US28035010601"}},{"arcs":[[-1616,1617,-810,-1087,-1194,-1203,-1548,-1094]],"type":"Polygon","properties":{"id":"14000US28035010602"}},{"arcs":[[-1367,1618,1619,1620,-812,1621,1622]],"type":"Polygon","properties":{"id":"14000US28035010202"}},{"arcs":[[-1368,-1623,1623,1624,1625,1626,1627]],"type":"Polygon","properties":{"id":"14000US28035010201"}},{"arcs":[[1628,1629,1630,-807,1631,-1620]],"type":"Polygon","properties":{"id":"14000US28035010104"}},{"arcs":[[1632,1633,1634,1635]],"type":"Polygon","properties":{"id":"14000US28035000601"}},{"arcs":[[-1635,1636,1637,1638]],"type":"Polygon","properties":{"id":"14000US28035000602"}},{"arcs":[[1639,1640,1641,-808,-1631]],"type":"Polygon","properties":{"id":"14000US28035010103"}},{"arcs":[[1642,1643,1644,1645,1646,1647]],"type":"Polygon","properties":{"id":"14000US28051950200"}},{"arcs":[[-1645,1648,-71,-63,1649,1650]],"type":"Polygon","properties":{"id":"14000US28051950100"}},{"arcs":[[1651,-1647,1652,1653,1654,1655]],"type":"Polygon","properties":{"id":"14000US28051950400"}},{"arcs":[[1656,-945,-699,-463,1657,-109,-934]],"type":"Polygon","properties":{"id":"14000US28085950302"}},{"arcs":[[1658,-940,-946,-1657,-935,-107,-341,1659]],"type":"Polygon","properties":{"id":"14000US28085950402"}},{"arcs":[[-707,1660,1661,1662,-346]],"type":"Polygon","properties":{"id":"14000US28085950201"}},{"arcs":[[-1662,1663,1664,-936,-1659,1665]],"type":"Polygon","properties":{"id":"14000US28085950202"}},{"arcs":[[-921,-894,-914]],"type":"Polygon","properties":{"id":"14000US28033070422"}},{"arcs":[[1666,-916,-912]],"type":"Polygon","properties":{"id":"14000US28033070411"}},{"arcs":[[1667,1668,1669,1670,-905,1671]],"type":"Polygon","properties":{"id":"14000US28033070821"}},{"arcs":[[-897,-1126,-900]],"type":"Polygon","properties":{"id":"14000US28033070325"}},{"arcs":[[1672,1673,-1670]],"type":"Polygon","properties":{"id":"14000US28033070822"}},{"arcs":[[-329,-284,-1418,-485,-285,-323]],"type":"Polygon","properties":{"id":"14000US28047003403"}},{"arcs":[[-1068,-571,1674,1675,1676,1677,1678,1679]],"type":"Polygon","properties":{"id":"14000US28103950200"}},{"arcs":[[1680,-1676]],"type":"Polygon","properties":{"id":"14000US28103950300"}},{"arcs":[[-1681,-1675,-570,1681,1682,-1677]],"type":"Polygon","properties":{"id":"14000US28103950100"}},{"arcs":[[1683,1684,-923,1685,1686]],"type":"Polygon","properties":{"id":"14000US28049000302"}},{"arcs":[[1687,1688,-1686,-922]],"type":"Polygon","properties":{"id":"14000US28049000301"}},{"arcs":[[1689,-1402,1690,1691]],"type":"Polygon","properties":{"id":"14000US28049011400"}},{"arcs":[[1692,1693,1694,-1390,1695,-1387]],"type":"Polygon","properties":{"id":"14000US28049002100"}},{"arcs":[[-1393,1696,1697,1698,1699]],"type":"Polygon","properties":{"id":"14000US28049011500"}},{"arcs":[[-114,1700,-475,1701,1702,1703,-479,-1539,-342]],"type":"Polygon","properties":{"id":"14000US28113950502"}},{"arcs":[[1704,-480,-1704]],"type":"Polygon","properties":{"id":"14000US28113950601"}},{"arcs":[[-1176,-476,-1701,-113]],"type":"Polygon","properties":{"id":"14000US28113950501"}},{"arcs":[[-110,-1658,-466,-454,1705,1706,-1177]],"type":"Polygon","properties":{"id":"14000US28113950104"}},{"arcs":[[-1703,1707,-1706,-453,-462,-481,-1705]],"type":"Polygon","properties":{"id":"14000US28113950602"}},{"arcs":[[-474,-1178,-1707,-1708,-1702]],"type":"Polygon","properties":{"id":"14000US28113950103"}},{"arcs":[[-1515,-1518,-1519,-1493,1708]],"type":"Polygon","properties":{"id":"14000US28089030202"}},{"arcs":[[1709,1710,1711,1712,-1537]],"type":"Polygon","properties":{"id":"14000US28033070523"}},{"arcs":[[1713,1714,-903,1715,1716]],"type":"Polygon","properties":{"id":"14000US28033070631"}},{"arcs":[[1717,1718,-1714,-1711]],"type":"Polygon","properties":{"id":"14000US28033070524"}},{"arcs":[[1719,-1672,-904,-1715]],"type":"Polygon","properties":{"id":"14000US28033070724"}},{"arcs":[[1720,1721,1722,1723,1724]],"type":"Polygon","properties":{"id":"14000US28033070635"}},{"arcs":[[1725,1726,1727,-1533,1728,1729,1730,1731]],"type":"Polygon","properties":{"id":"14000US28033071002"}},{"arcs":[[1732,-1732,1733]],"type":"Polygon","properties":{"id":"14000US28033071001"}},{"arcs":[[1734,1735,-1720,-1719]],"type":"Polygon","properties":{"id":"14000US28033070723"}},{"arcs":[[1736,1737,1738,-1730,1739]],"type":"Polygon","properties":{"id":"14000US28033071123"}},{"arcs":[[1740,-1712,-1717,-1722,1741]],"type":"Polygon","properties":{"id":"14000US28033070632"}},{"arcs":[[-1171,1742,1743,1744,-1738,1745]],"type":"Polygon","properties":{"id":"14000US28033071122"}},{"arcs":[[-1745,1746,-1731,-1739]],"type":"Polygon","properties":{"id":"14000US28033071124"}},{"arcs":[[-1724,1747,-1733,1748]],"type":"Polygon","properties":{"id":"14000US28033070634"}},{"arcs":[[-1716,-907,1749,-1726,-1748,-1723]],"type":"Polygon","properties":{"id":"14000US28033070633"}},{"arcs":[[1750,-1734,-1747,-1744]],"type":"Polygon","properties":{"id":"14000US28033071121"}},{"arcs":[[-1166,-1156,1751,-1154]],"type":"Polygon","properties":{"id":"14000US28133950401"}},{"arcs":[[-1229,1752]],"type":"Polygon","properties":{"id":"14000US28025950400"}},{"arcs":[[-1236,-1230,-1753,-1228]],"type":"Polygon","properties":{"id":"14000US28025950300"}},{"arcs":[[-1752,-1155]],"type":"Polygon","properties":{"id":"14000US28133950402"}},{"arcs":[[[1753]],[[1754,1755,1756,1757,1758,1759,1760,-1190,1761,1762,-1193,1763,-1186,1764,1765]],[[1766]]],"type":"MultiPolygon","properties":{"id":"14000US28059042900"}},{"arcs":[[1767,1768,1769,1770,1771,1772]],"type":"Polygon","properties":{"id":"14000US28059040203"}},{"arcs":[[1773,-1765,-1185,1774,-1011],[-1767],[-1754]],"type":"Polygon","properties":{"id":"14000US28059990000"}},{"arcs":[[1775,1776,1777,1778]],"type":"Polygon","properties":{"id":"14000US28039950200"}},{"arcs":[[-65,-56,-856,1779,-858,1780,1781]],"type":"Polygon","properties":{"id":"14000US28079040700"}},{"arcs":[[1782,1783,1784,1785,1786]],"type":"Polygon","properties":{"id":"14000US28149950902"}},{"arcs":[[-1412,-1410,1787,-1784,1788,1789]],"type":"Polygon","properties":{"id":"14000US28149950901"}},{"arcs":[[-855,-801,-859,-1780]],"type":"Polygon","properties":{"id":"14000US28079040600"}},{"arcs":[[1790,-1497,-1527,1791]],"type":"Polygon","properties":{"id":"14000US28089030205"}},{"arcs":[[1792,1793,1794,1795,1796,-1018,1797,1798]],"type":"Polygon","properties":{"id":"14000US28059040500"}},{"arcs":[[1799,1800,1801,-1179,-1764,-1192]],"type":"Polygon","properties":{"id":"14000US28059042600"}},{"arcs":[[-872,1802,1803,-1113,-1104,-1310,-1313]],"type":"Polygon","properties":{"id":"14000US28135950400"}},{"arcs":[[-1045,-1354,-1343,1804,1805,-1114,-1804,1806],[1807]],"type":"Polygon","properties":{"id":"14000US28135950100"}},{"arcs":[[-1046,-1807,-1803,-871,-378]],"type":"Polygon","properties":{"id":"14000US28135950300"}},{"arcs":[[-1808]],"type":"Polygon","properties":{"id":"14000US28135950200"}},{"arcs":[[1808,-1781,-857,1809,-1281,-1513,-1509,-1522,1810,-1487]],"type":"Polygon","properties":{"id":"14000US28089030900"}},{"arcs":[[1811,1812,1813,1814,-1796]],"type":"Polygon","properties":{"id":"14000US28059040600"}},{"arcs":[[-986,1815,1816,1817,1818,1819,-1232],[1820]],"type":"Polygon","properties":{"id":"14000US28087000102"}},{"arcs":[[1821,1822,1823]],"type":"Polygon","properties":{"id":"14000US28087000404"}},{"arcs":[[-575,-566,1824,-1824,1825,-568,-561]],"type":"Polygon","properties":{"id":"14000US28087000403"}},{"arcs":[[1826,1827,-347,-1663,-1666,-1660,-340,-334,1828]],"type":"Polygon","properties":{"id":"14000US28037950102"}},{"arcs":[[-1827,1829]],"type":"Polygon","properties":{"id":"14000US28037950101"}},{"arcs":[[1830,-764,-546,-888,1831,1832,1833]],"type":"Polygon","properties":{"id":"14000US28139950201"}},{"arcs":[[1834,-1834,1835,1836,1837,-228,1838]],"type":"Polygon","properties":{"id":"14000US28139950202"}},{"arcs":[[-1837,1839,-1832,-887,-880,1840,1841]],"type":"Polygon","properties":{"id":"14000US28139950401"}},{"arcs":[[-1838,-1842,1842,1843,-229]],"type":"Polygon","properties":{"id":"14000US28139950402"}},{"arcs":[[1844,1845]],"type":"Polygon","properties":{"id":"14000US28021950200"}},{"arcs":[[-1650,-67,1846,1847]],"type":"Polygon","properties":{"id":"14000US28051950501"}},{"arcs":[[1848,1849,-1637,-1634,1850,-815]],"type":"Polygon","properties":{"id":"14000US28035000500"}},{"arcs":[[-818,1851,1852,1853,-1622]],"type":"Polygon","properties":{"id":"14000US28035001100"}},{"arcs":[[1854,1855,1856,1857,1858,1859]],"type":"Polygon","properties":{"id":"14000US28035000800"}},{"arcs":[[-1859,-1638,-1850,1860,-811,-1618,-1615,1861]],"type":"Polygon","properties":{"id":"14000US28035010500"}},{"arcs":[[-1646,-1651,-1848,1862,-1653]],"type":"Polygon","properties":{"id":"14000US28051950502"}},{"arcs":[[1863,-805,-1861,-1849,-814]],"type":"Polygon","properties":{"id":"14000US28035010400"}},{"arcs":[[-1632,-806,-1864,-813,-1621]],"type":"Polygon","properties":{"id":"14000US28035010300"}},{"arcs":[[1864,1865,1866,-725,1867,-1845,1868,1869]],"type":"Polygon","properties":{"id":"14000US28021950100"}},{"arcs":[[-1869,-1846,-1868,-724,-701,-344,-351,1870]],"type":"Polygon","properties":{"id":"14000US28021950300"}},{"arcs":[[-1852,-817,1871,1872,1873]],"type":"Polygon","properties":{"id":"14000US28035000300"}},{"arcs":[[-1854,1874,-1856,1875,-1624]],"type":"Polygon","properties":{"id":"14000US28035001000"}},{"arcs":[[1876,-1873,1877,-1636,-1639,-1858]],"type":"Polygon","properties":{"id":"14000US28035000700"}},{"arcs":[[-1853,-1874,-1877,-1857,-1875]],"type":"Polygon","properties":{"id":"14000US28035000900"}},{"arcs":[[-1872,-816,-1851,-1633,-1878]],"type":"Polygon","properties":{"id":"14000US28035000200"}},{"arcs":[[-1308,-1303,1878,-1648,-1652,1879]],"type":"Polygon","properties":{"id":"14000US28051950300"}},{"arcs":[[1880,-767,-765,-1831,-1835,1881]],"type":"Polygon","properties":{"id":"14000US28139950100"}},{"arcs":[[-1833,-1840,-1836]],"type":"Polygon","properties":{"id":"14000US28139950300"}},{"arcs":[[1882,1883,1884,1885,1886]],"type":"Polygon","properties":{"id":"14000US28115950102"}},{"arcs":[[-1885,1887,-1469,-1463,-1467,1888,1889,1890]],"type":"Polygon","properties":{"id":"14000US28115950101"}},{"arcs":[[1891,1892,1893,-713,1894]],"type":"Polygon","properties":{"id":"14000US28127950301"}},{"arcs":[[1895,1896,1897,1898,1899,-1895,-712]],"type":"Polygon","properties":{"id":"14000US28127950302"}},{"arcs":[[-401,-409,1900,1901,1902,1903,1904]],"type":"Polygon","properties":{"id":"14000US28127950102"}},{"arcs":[[-1894,1905,-661,-693,1906,-714]],"type":"Polygon","properties":{"id":"14000US28127950401"}},{"arcs":[[-1893,1907,-1903,1908,1909,-656,-1906]],"type":"Polygon","properties":{"id":"14000US28127950403"}},{"arcs":[[1910,1911,-402,-1905,1912,-1899]],"type":"Polygon","properties":{"id":"14000US28127950101"}},{"arcs":[[1913,-1901,-413,-1088,-657,-1910]],"type":"Polygon","properties":{"id":"14000US28127950402"}},{"arcs":[[1914,1915,1916,-1273,1917,-1288,-1275]],"type":"Polygon","properties":{"id":"14000US28121020804"}},{"arcs":[[1918,1919,1920,1921,1922,1923,-268,1924,-1280,1925,1926,-1286,1927,1928]],"type":"Polygon","properties":{"id":"14000US28121020304"}},{"arcs":[[-1271,1929,1930,-1897,1931,1932]],"type":"Polygon","properties":{"id":"14000US28121021005"}},{"arcs":[[-1289,-1918,-1272,-1933,1933,-1293]],"type":"Polygon","properties":{"id":"14000US28121021004"}},{"arcs":[[-1925,-267,1934,-256,-844,1935,-1278]],"type":"Polygon","properties":{"id":"14000US28121020217"}},{"arcs":[[-1927,1936,-847,1937,-1277,-1287]],"type":"Polygon","properties":{"id":"14000US28121020602"}},{"arcs":[[-846,1938,-1915,-1274,-1938]],"type":"Polygon","properties":{"id":"14000US28121020601"}},{"arcs":[[1939,-261,1940,1941,-849,-253,1942]],"type":"Polygon","properties":{"id":"14000US28121020219"}},{"arcs":[[1943,-250,-265,1944,1945,-1922]],"type":"Polygon","properties":{"id":"14000US28121020303"}},{"arcs":[[-1926,-1279,-1936,-848,-1937]],"type":"Polygon","properties":{"id":"14000US28121020705"}},{"arcs":[[-260,1946,1947,-1941]],"type":"Polygon","properties":{"id":"14000US28121020218"}},{"arcs":[[-845,-255,-852,1948,1949,-1916,-1939]],"type":"Polygon","properties":{"id":"14000US28121020805"}},{"arcs":[[-1924,1950,-1943,-252,-1935,-266]],"type":"Polygon","properties":{"id":"14000US28121020216"}},{"arcs":[[1951,1952,1953,-1328,1954,1955,-1930,-1270]],"type":"Polygon","properties":{"id":"14000US28121020902"}},{"arcs":[[-739,1956,1957,1958]],"type":"Polygon","properties":{"id":"14000US28057950300"}},{"arcs":[[-740,-1959,1959,1960,-1474,-590]],"type":"Polygon","properties":{"id":"14000US28057950500"}},{"arcs":[[1961,1962,1963,1964,-1960,-1958]],"type":"Polygon","properties":{"id":"14000US28057950400"}},{"arcs":[[-738,-743,-508,-681,-675,1965,-1962,-1957]],"type":"Polygon","properties":{"id":"14000US28057950100"}},{"arcs":[[-1342,-735,-219,-1315,-1317,1966,-1805]],"type":"Polygon","properties":{"id":"14000US28161950302"}},{"arcs":[[-1967,-1316,-1115,-1806]],"type":"Polygon","properties":{"id":"14000US28161950301"}},{"arcs":[[-709,1967,-723]],"type":"Polygon","properties":{"id":"14000US28029950102"}},{"arcs":[[-708,-1968]],"type":"Polygon","properties":{"id":"14000US28029950101"}},{"arcs":[[1968,1969,-705]],"type":"Polygon","properties":{"id":"14000US28029950501"}},{"arcs":[[-704,-719,-715,-1907,-692,-687,1970,-1969]],"type":"Polygon","properties":{"id":"14000US28029950502"}},{"arcs":[[-1284,-1334,-1322,-1954,1971]],"type":"Polygon","properties":{"id":"14000US28121020105"}},{"arcs":[[-1956,1972,-1911,-1898,-1931]],"type":"Polygon","properties":{"id":"14000US28121020901"}},{"arcs":[[-1942,-1948,1973,1974,-850]],"type":"Polygon","properties":{"id":"14000US28121020103"}},{"arcs":[[-1950,1975,-1952,-1269,-1917]],"type":"Polygon","properties":{"id":"14000US28121020806"}},{"arcs":[[-259,-263,-248,-1285,-1972,-1953,1976,-1974,-1947]],"type":"Polygon","properties":{"id":"14000US28121020104"}},{"arcs":[[-1946,1977,-262,-1940,-1951,-1923]],"type":"Polygon","properties":{"id":"14000US28121020215"}},{"arcs":[[-1945,-264,-257,-1978]],"type":"Polygon","properties":{"id":"14000US28121020214"}},{"arcs":[[-1263,-1024,-1445,1978,1979,1980,-1259,-210]],"type":"Polygon","properties":{"id":"14000US28071950100"}},{"arcs":[[-200,-1167,-1161,1981,-728,1982,1983,1984,1985,1986,1987],[1988,1989]],"type":"Polygon","properties":{"id":"14000US28151000100"}},{"arcs":[[-201,-1988,1990,1991,1992]],"type":"Polygon","properties":{"id":"14000US28151000200"}},{"arcs":[[-223,-181,1993]],"type":"Polygon","properties":{"id":"14000US28151000800"}},{"arcs":[[1994,-1992,1995,1996,1997,1998]],"type":"Polygon","properties":{"id":"14000US28151000400"}},{"arcs":[[-1991,-1987,1999,2000,-1996]],"type":"Polygon","properties":{"id":"14000US28151000300"}},{"arcs":[[-1989,2001]],"type":"Polygon","properties":{"id":"14000US28151002000"}},{"arcs":[[-224,-1994,2002,2003,-1986,2004,2005,-1983,-727,-1097,2006]],"type":"Polygon","properties":{"id":"14000US28151001500"}},{"arcs":[[-1189,2007,-1144,2008,2009,2010,-1762]],"type":"Polygon","properties":{"id":"14000US28059041900"}},{"arcs":[[-1138,-1145,-2008,-1188]],"type":"Polygon","properties":{"id":"14000US28059041800"}},{"arcs":[[-2009,-1181,2011,2012]],"type":"Polygon","properties":{"id":"14000US28059042000"}},{"arcs":[[2013,2014,-1294,-1934,-1932,-1896,2015]],"type":"Polygon","properties":{"id":"14000US28121021003"}},{"arcs":[[2016,-1928,-1291,-1292,-2015,2017]],"type":"Polygon","properties":{"id":"14000US28121020401"}},{"arcs":[[-851,-1975,-1977,-1976,-1949]],"type":"Polygon","properties":{"id":"14000US28121020801"}},{"arcs":[[-1394,-1700,2018,2019,2020]],"type":"Polygon","properties":{"id":"14000US28049003200"}},{"arcs":[[-2019,-1699,2021,2022,2023]],"type":"Polygon","properties":{"id":"14000US28049003400"}},{"arcs":[[-662,-660,2024,-824,-694]],"type":"Polygon","properties":{"id":"14000US28065950202"}},{"arcs":[[-659,-1092,-1365,-1371,2025,-825,-2025]],"type":"Polygon","properties":{"id":"14000US28065950201"}},{"arcs":[[2026,-1740,-1729,-1535,-1530,-1029,2027,-101]],"type":"Polygon","properties":{"id":"14000US28137950301"}},{"arcs":[[-494,-498,2028]],"type":"Polygon","properties":{"id":"14000US28097950302"}},{"arcs":[[-578,-495,-2029,-497,2029]],"type":"Polygon","properties":{"id":"14000US28097950301"}},{"arcs":[[2030,-2023,2031,2032,2033,2034,2035]],"type":"Polygon","properties":{"id":"14000US28049003500"}},{"arcs":[[2036,2037,2038,-607,-1470,-1888,-1884,2039]],"type":"Polygon","properties":{"id":"14000US28145950500"}},{"arcs":[[-1843,-1841,-883,-602,-2039,2040,2041,2042]],"type":"Polygon","properties":{"id":"14000US28145950100"}},{"arcs":[[2043,2044,-2040,-1883,2045,-1980]],"type":"Polygon","properties":{"id":"14000US28145950600"}},{"arcs":[[2046,-2042,2047,-2037,-2045]],"type":"Polygon","properties":{"id":"14000US28145950300"}},{"arcs":[[-2041,-2038,-2048]],"type":"Polygon","properties":{"id":"14000US28145950400"}},{"arcs":[[-1444,-230,-1844,-2043,-2047,-2044,-1979]],"type":"Polygon","properties":{"id":"14000US28145950200"}},{"arcs":[[2048,2049,-1693,-1386]],"type":"Polygon","properties":{"id":"14000US28049002200"}},{"arcs":[[2050,2051,-2036,2052,2053]],"type":"Polygon","properties":{"id":"14000US28049003600"}},{"arcs":[[-2012,-1180,-1802,2054]],"type":"Polygon","properties":{"id":"14000US28059042100"}},{"arcs":[[2055,2056,-1688,-926,2057,-1381,2058,2059]],"type":"Polygon","properties":{"id":"14000US28049000500"}},{"arcs":[[2060,-195,-1406]],"type":"Polygon","properties":{"id":"14000US28011950702"}},{"arcs":[[-2035,2061,2062,2063,-2053]],"type":"Polygon","properties":{"id":"14000US28049003700"}},{"arcs":[[-2059,-1384,2064,2065,2066,2067]],"type":"Polygon","properties":{"id":"14000US28049000600"}},{"arcs":[[-2061,-1405,-1407,-196]],"type":"Polygon","properties":{"id":"14000US28011950701"}},{"arcs":[[-1999,2068,2069,-221,2070]],"type":"Polygon","properties":{"id":"14000US28151000600"}},{"arcs":[[-2070,2071,2072,2073,-179,-222]],"type":"Polygon","properties":{"id":"14000US28151000900"}},{"arcs":[[-1998,2074,-2072,-2069]],"type":"Polygon","properties":{"id":"14000US28151001000"}},{"arcs":[[-1997,2075,-2073,-2075]],"type":"Polygon","properties":{"id":"14000US28151001100"}},{"arcs":[[-2001,2076,2077,-2076]],"type":"Polygon","properties":{"id":"14000US28151001200"}},{"arcs":[[-2000,-2004,2078,-2077]],"type":"Polygon","properties":{"id":"14000US28151001300"}},{"arcs":[[2079,-1377,2080,-2066]],"type":"Polygon","properties":{"id":"14000US28049000900"}},{"arcs":[[-1085,-1217,2081,-1779,2082,-1195]],"type":"Polygon","properties":{"id":"14000US28039950302"}},{"arcs":[[-1216,2083,2084,-1776,-2082]],"type":"Polygon","properties":{"id":"14000US28039950102"}},{"arcs":[[2085,-1777,-2085,2086,2087,2088,2089]],"type":"Polygon","properties":{"id":"14000US28039950101"}},{"arcs":[[2090,-1882,-1839,-227,2091]],"type":"Polygon","properties":{"id":"14000US28009950102"}},{"arcs":[[2092,-2092,-226,-1443,-1439]],"type":"Polygon","properties":{"id":"14000US28009950101"}},{"arcs":[[2093,2094,-1798,-1017,2095]],"type":"Polygon","properties":{"id":"14000US28047004000"}},{"arcs":[[2096,-84,2097]],"type":"Polygon","properties":{"id":"14000US28047002401"}},{"arcs":[[[-822,2098,2099]],[[-1603,2100,-823,2101,2102]]],"type":"MultiPolygon","properties":{"id":"14000US28047001203"}},{"arcs":[[2103,2104,-41,-46]],"type":"Polygon","properties":{"id":"14000US28047003902"}},{"arcs":[[-488,-1604,-2103,2105,2106,2107,2108]],"type":"Polygon","properties":{"id":"14000US28047001205"}},{"arcs":[[-2102,-2100,2109,-2106]],"type":"Polygon","properties":{"id":"14000US28047001204"}},{"arcs":[[2110,-2109,2111,2112,2113,2114]],"type":"Polygon","properties":{"id":"14000US28047001506"}},{"arcs":[[-2107,-2110,-2099,-821,2115,2116,2117]],"type":"Polygon","properties":{"id":"14000US28047001207"}},{"arcs":[[-287,-291,-304,2118]],"type":"Polygon","properties":{"id":"14000US28047003217"}},{"arcs":[[-2112,-2108,-2118,2119,2120]],"type":"Polygon","properties":{"id":"14000US28047001206"}},{"arcs":[[2121,-130,2122,-2115,2123,2124,2125,2126]],"type":"Polygon","properties":{"id":"14000US28047001701"}},{"arcs":[[-2114,2127,2128,-2124]],"type":"Polygon","properties":{"id":"14000US28047001503"}},{"arcs":[[-137,-132,2129,-2127,2130,-74]],"type":"Polygon","properties":{"id":"14000US28047001703"}},{"arcs":[[2131,-75,-2131,-2126,2132,2133,-1008,-1003]],"type":"Polygon","properties":{"id":"14000US28047001402"}},{"arcs":[[2134,-2116,-820,-44,-1009,-2134]],"type":"Polygon","properties":{"id":"14000US28047001301"}},{"arcs":[[-317,2135,-2096,-1016,-2105]],"type":"Polygon","properties":{"id":"14000US28047003901"}},{"arcs":[[-175,2136,2137,-1005,-1007]],"type":"Polygon","properties":{"id":"14000US28047002801"}},{"arcs":[[2138,-76,-2132,-1002,-80]],"type":"Polygon","properties":{"id":"14000US28047002001"}},{"arcs":[[-2120,-2117,-2135,2139]],"type":"Polygon","properties":{"id":"14000US28047001302"}},{"arcs":[[-2113,-2121,2140,-2128]],"type":"Polygon","properties":{"id":"14000US28047001504"}},{"arcs":[[2141,-526,-520,-512,2142]],"type":"Polygon","properties":{"id":"14000US28023950202"}},{"arcs":[[-153,-629,-521,-2142,2143]],"type":"Polygon","properties":{"id":"14000US28023950201"}},{"arcs":[[-2078,-2079,-2003,-180,-2074]],"type":"Polygon","properties":{"id":"14000US28151001400"}},{"arcs":[[-1252,-1246,-207,-1244,-1255,-1250]],"type":"Polygon","properties":{"id":"14000US28071950301"}},{"arcs":[[-1642,2144,-1226,-1223,-1082,-809]],"type":"Polygon","properties":{"id":"14000US28111950102"}},{"arcs":[[2145,-1597,-1227,-2145,-1641]],"type":"Polygon","properties":{"id":"14000US28111950101"}},{"arcs":[[-2028,-1031,-1532,-1355,-1350,-1345,-102]],"type":"Polygon","properties":{"id":"14000US28137950302"}},{"arcs":[[-1985,2146,-2005]],"type":"Polygon","properties":{"id":"14000US28151001600"}},{"arcs":[[-2006,-2147,-1984]],"type":"Polygon","properties":{"id":"14000US28151001700"}},{"arcs":[[-2002,-1990]],"type":"Polygon","properties":{"id":"14000US28151002100"}},{"arcs":[[-1234,2147,2148,2149,-573,-559]],"type":"Polygon","properties":{"id":"14000US28087000901"}},{"arcs":[[2150,2151,-1822,-1825,-565]],"type":"Polygon","properties":{"id":"14000US28087000406"}},{"arcs":[[-551,2152,2153,2154,2155,-2151,-556]],"type":"Polygon","properties":{"id":"14000US28087000405"}},{"arcs":[[-1821]],"type":"Polygon","properties":{"id":"14000US28087980000"}},{"arcs":[[2156,2157,-2155,2158,-1817]],"type":"Polygon","properties":{"id":"14000US28087000103"}},{"arcs":[[-1819,2159,-2153,-555,2160,-2149,2161]],"type":"Polygon","properties":{"id":"14000US28087000301"}},{"arcs":[[-1818,-2159,-2154,-2160]],"type":"Polygon","properties":{"id":"14000US28087000104"}},{"arcs":[[-1233,-1820,-2162,-2148]],"type":"Polygon","properties":{"id":"14000US28087000302"}},{"arcs":[[-2161,-554,-574,-2150]],"type":"Polygon","properties":{"id":"14000US28087000902"}},{"arcs":[[2162,-943,-941,-937,-1665]],"type":"Polygon","properties":{"id":"14000US28085950500"}},{"arcs":[[-706,-1970,-1971,-691,-944,-2163,-1664,-1661]],"type":"Polygon","properties":{"id":"14000US28085950100"}},{"arcs":[[2163,-315,2164]],"type":"Polygon","properties":{"id":"14000US28045030102"}},{"arcs":[[2165,2166,2167,-947,-1131]],"type":"Polygon","properties":{"id":"14000US28045030302"}},{"arcs":[[2168,-949,2169,2170,-997,-1133]],"type":"Polygon","properties":{"id":"14000US28045030201"}},{"arcs":[[2171,-2168,2172,-998,-2171]],"type":"Polygon","properties":{"id":"14000US28045030202"}},{"arcs":[[-948,-2172,-2170]],"type":"Polygon","properties":{"id":"14000US28045030203"}},{"arcs":[[-964,2173,-312,-2164,-2166,-1130]],"type":"Polygon","properties":{"id":"14000US28045030301"}},{"arcs":[[-2167,-2165,-999,-2173]],"type":"Polygon","properties":{"id":"14000US28045030101"}},{"arcs":[[-950,-2169,-1132]],"type":"Polygon","properties":{"id":"14000US28045030303"}},{"arcs":[[-1558,-1555,-1575,-971,-955,-961,-966,-1129,2174]],"type":"Polygon","properties":{"id":"14000US28045030606"}},{"arcs":[[-2125,-2129,-2141,-2140,-2133]],"type":"Polygon","properties":{"id":"14000US28047001401"}},{"arcs":[[-1419,-282,2175,2176,-1606,2177]],"type":"Polygon","properties":{"id":"14000US28047003311"}},{"arcs":[[-1420,-2178,-1605,-1600]],"type":"Polygon","properties":{"id":"14000US28047003312"}},{"arcs":[[2178,2179,2180,2181,2182]],"type":"Polygon","properties":{"id":"14000US28073020502"}},{"arcs":[[2183,2184,-1613,2185,2186,-2182]],"type":"Polygon","properties":{"id":"14000US28073020402"}},{"arcs":[[-828,2187,-2183,-2187,2188,-1096,-1547,-1579,-840]],"type":"Polygon","properties":{"id":"14000US28073020501"}},{"arcs":[[2189,-1369,-1628,2190,-2179,-2188,-827]],"type":"Polygon","properties":{"id":"14000US28073020102"}},{"arcs":[[-2186,-1617,-1093,-2189]],"type":"Polygon","properties":{"id":"14000US28073020401"}},{"arcs":[[-1627,2191,2192,2193,-2191]],"type":"Polygon","properties":{"id":"14000US28073020205"}},{"arcs":[[-1626,2194,2195,-2192]],"type":"Polygon","properties":{"id":"14000US28073020306"}},{"arcs":[[2196,2197,-1855,2198,2199]],"type":"Polygon","properties":{"id":"14000US28073020304"}},{"arcs":[[2200,-2199,-1860,-1862,-1614,-2185,2201,2202,2203]],"type":"Polygon","properties":{"id":"14000US28073020303"}},{"arcs":[[-2026,-1370,-2190,-826]],"type":"Polygon","properties":{"id":"14000US28073020101"}},{"arcs":[[-1876,-2198,2204]],"type":"Polygon","properties":{"id":"14000US28073020307"}},{"arcs":[[-1625,-2205,-2197,2205,-2195]],"type":"Polygon","properties":{"id":"14000US28073020308"}},{"arcs":[[2206,-2202,-2184,-2181,2207]],"type":"Polygon","properties":{"id":"14000US28073020204"}},{"arcs":[[-2194,2208,-2204,2209,-2208,-2180]],"type":"Polygon","properties":{"id":"14000US28073020206"}},{"arcs":[[-2210,-2203,-2207]],"type":"Polygon","properties":{"id":"14000US28073020203"}},{"arcs":[[-2193,-2196,-2206,-2200,-2201,-2209]],"type":"Polygon","properties":{"id":"14000US28073020305"}},{"arcs":[[-587,-744,-742,2210,-1481,-1479,-604]],"type":"Polygon","properties":{"id":"14000US28081950202"}},{"arcs":[[2211,-1483,-441,-438,-595,2212]],"type":"Polygon","properties":{"id":"14000US28081950602"}},{"arcs":[[-1461,-1473,-1484,-2212,2213,-1464]],"type":"Polygon","properties":{"id":"14000US28081950601"}},{"arcs":[[2214,-601,-1478,-19,2215]],"type":"Polygon","properties":{"id":"14000US28081951001"}},{"arcs":[[-2211,-741,-589,-1482]],"type":"Polygon","properties":{"id":"14000US28081950301"}},{"arcs":[[-2214,-2213,-594,-1465]],"type":"Polygon","properties":{"id":"14000US28081980000"}},{"arcs":[[-440,-446,-599,2216,-596]],"type":"Polygon","properties":{"id":"14000US28081950902"}},{"arcs":[[-1466,-597,-2217,-598,-2215,2217,-1889]],"type":"Polygon","properties":{"id":"14000US28081950401"}},{"arcs":[[-1538,-1713,-1741,2218,-919]],"type":"Polygon","properties":{"id":"14000US28033070522"}},{"arcs":[[-1159,-1169,-1309,-1880,-1656,2219,-584,2220]],"type":"Polygon","properties":{"id":"14000US28053950100"}},{"arcs":[[-1160,-2221,-583,-2220,-1655,2221,2222,-729,-1982]],"type":"Polygon","properties":{"id":"14000US28053950200"}},{"arcs":[[-158,-1174,-649,-160,-165]],"type":"Polygon","properties":{"id":"14000US28075000300"}},{"arcs":[[2223,-1529,2224,-1372,2225,2226,2227]],"type":"Polygon","properties":{"id":"14000US28049010501"}},{"arcs":[[2228,2229,2230,2231,2232]],"type":"Polygon","properties":{"id":"14000US28049011203"}},{"arcs":[[-2231,2233,-2016,-711,-722,2234]],"type":"Polygon","properties":{"id":"14000US28049011204"}},{"arcs":[[2235,-2228,2236,2237,2238,2239,2240]],"type":"Polygon","properties":{"id":"14000US28049010502"}},{"arcs":[[-1379,2241,-1692,2242,-1391,-1695,2243]],"type":"Polygon","properties":{"id":"14000US28049011600"}},{"arcs":[[-1499,-1502,2244,2245]],"type":"Polygon","properties":{"id":"14000US28049010104"}},{"arcs":[[2246,-2063,2247,2248]],"type":"Polygon","properties":{"id":"14000US28049011105"}},{"arcs":[[-863,2249,-2249,2250,2251]],"type":"Polygon","properties":{"id":"14000US28049011104"}},{"arcs":[[2252,-2245,-994,-119,-251,-1944,-1921,2253,2254]],"type":"Polygon","properties":{"id":"14000US28049010103"}},{"arcs":[[-163,-1015,-626,-170]],"type":"Polygon","properties":{"id":"14000US28075000600"}},{"arcs":[[-391,2255]],"type":"Polygon","properties":{"id":"14000US28101050500"}},{"arcs":[[-396,-392,-2256,-390,2256,-154,2257,2258,2259]],"type":"Polygon","properties":{"id":"14000US28101050400"}},{"arcs":[[-797,2260,2261,2262,-388,-395,-1329]],"type":"Polygon","properties":{"id":"14000US28101050200"}},{"arcs":[[2263,-654,-631,-2257,-389,-2263]],"type":"Polygon","properties":{"id":"14000US28101050100"}},{"arcs":[[-1327,2264,2265,2266,-404,-403,-1912,-1973,-1955]],"type":"Polygon","properties":{"id":"14000US28129950100"}},{"arcs":[[-1914,-1909,-1902]],"type":"Polygon","properties":{"id":"14000US28127950500"}},{"arcs":[[-1900,-1913,-1904,-1908,-1892]],"type":"Polygon","properties":{"id":"14000US28127950200"}},{"arcs":[[2267,-1456,2268,2269,2270,-867,2271]],"type":"Polygon","properties":{"id":"14000US28049010801"}},{"arcs":[[-2227,2272,-1458,2273,2274,2275,-2237]],"type":"Polygon","properties":{"id":"14000US28049010400"}},{"arcs":[[-2271,2276,2277,-2051,2278,-868]],"type":"Polygon","properties":{"id":"14000US28049011001"}},{"arcs":[[-1785,-1788,-1409,2279,-2240,2280,2281,2282]],"type":"Polygon","properties":{"id":"14000US28049010600"}},{"arcs":[[-1376,2283,2284,-1454,-2273,-2226]],"type":"Polygon","properties":{"id":"14000US28049010304"}},{"arcs":[[2285,2286,-2020,-2024,-2031,-2052,-2278]],"type":"Polygon","properties":{"id":"14000US28049003300"}},{"arcs":[[2287,-864,-2252,2288,-2229,2289]],"type":"Polygon","properties":{"id":"14000US28049010807"}},{"arcs":[[-2034,2290,-2062]],"type":"Polygon","properties":{"id":"14000US28049003800"}},{"arcs":[[-2222,-1654,-1863,-1847,2291,-1485,-783,2292,2293,2294,2295]],"type":"Polygon","properties":{"id":"14000US28163950100"}},{"arcs":[[-2295,2296,2297,-781,-777,2298]],"type":"Polygon","properties":{"id":"14000US28163950500"}},{"arcs":[[-2223,-2296,-2299,-780,2299,-2241,-2280,-1408,-1098,-730]],"type":"Polygon","properties":{"id":"14000US28163950400"}},{"arcs":[[2300,-2293,-782,-2298]],"type":"Polygon","properties":{"id":"14000US28163950200"}},{"arcs":[[-2294,-2301,-2297]],"type":"Polygon","properties":{"id":"14000US28163950300"}},{"arcs":[[-2238,-2276,2301,2302,-2272,-866,-865,-2288,2303]],"type":"Polygon","properties":{"id":"14000US28049010806"}},{"arcs":[[-1150,2304,2305,-1687,-1689,-2057,2306]],"type":"Polygon","properties":{"id":"14000US28049010201"}},{"arcs":[[-2251,-2248,-2291,-2033,2307,2308,-2018,-2014,-2234,-2230,-2289]],"type":"Polygon","properties":{"id":"14000US28049011103"}},{"arcs":[[-1374,2309,-2067,-2081,-1380,-2244,-1694,-2050,2310]],"type":"Polygon","properties":{"id":"14000US28049000800"}},{"arcs":[[-2243,-1691,-1401,-1398,2311,-1929,-2017,-2309,2312,-1697,-1392]],"type":"Polygon","properties":{"id":"14000US28049002700"}},{"arcs":[[-2058,-925,2313,-1396,-1400,-1382]],"type":"Polygon","properties":{"id":"14000US28049001300"}},{"arcs":[[-2281,-2239,-2304,-2290,-2233,2314,2315]],"type":"Polygon","properties":{"id":"14000US28049010700"}},{"arcs":[[-2225,-1528,2316,-2060,-2068,-2310,-1373]],"type":"Polygon","properties":{"id":"14000US28049010203"}},{"arcs":[[-1151,-2307,-2056,-2317]],"type":"Polygon","properties":{"id":"14000US28049010202"}},{"arcs":[[-870,2317,-2064,-2247,-2250,-862]],"type":"Polygon","properties":{"id":"14000US28049011101"}},{"arcs":[[-1375,-2311,-2049,-1385,2318,-2284]],"type":"Polygon","properties":{"id":"14000US28049000700"}},{"arcs":[[-2285,-2319,-1389,2319,2320,-2269,-1455]],"type":"Polygon","properties":{"id":"14000US28049010901"}},{"arcs":[[-2320,-1388,-1696,-1395,-2021,-2287,2321]],"type":"Polygon","properties":{"id":"14000US28049002400"}},{"arcs":[[-1698,-2313,-2308,-2032,-2022]],"type":"Polygon","properties":{"id":"14000US28049003000"}},{"arcs":[[-1149,-1500,-2246,-2253,2322,-2305]],"type":"Polygon","properties":{"id":"14000US28049010102"}},{"arcs":[[-2065,-1383,-1403,-1690,-2242,-1378,-2080]],"type":"Polygon","properties":{"id":"14000US28049001100"}},{"arcs":[[-1684,-2306,-2323,-2255,2323]],"type":"Polygon","properties":{"id":"14000US28049000100"}},{"arcs":[[-924,2324,-1919,-2312,-1397,-2314]],"type":"Polygon","properties":{"id":"14000US28049001400"}},{"arcs":[[-2324,-2254,-1920,-2325,-1685]],"type":"Polygon","properties":{"id":"14000US28049000200"}},{"arcs":[[-779,-785,-1491,-1505,2325,2326,-1792,-1526,-2224,-2236,-2300]],"type":"Polygon","properties":{"id":"14000US28089030302"}},{"arcs":[[-2292,-66,-1782,-1809,-1486]],"type":"Polygon","properties":{"id":"14000US28089031000"}},{"arcs":[[-1516,-1709,-1492,2327]],"type":"Polygon","properties":{"id":"14000US28089030203"}},{"arcs":[[-1504,2328,-2326]],"type":"Polygon","properties":{"id":"14000US28089030301"}},{"arcs":[[-1495,-121,-1501,-1147]],"type":"Polygon","properties":{"id":"14000US28089030104"}},{"arcs":[[-1525,-1523,-1811,-1521]],"type":"Polygon","properties":{"id":"14000US28089030600"}},{"arcs":[[-2329,-1511,-1512,-2328,-1791,-2327]],"type":"Polygon","properties":{"id":"14000US28089030204"}},{"arcs":[[-1200,-1204]],"type":"Polygon","properties":{"id":"14000US28131020100"}},{"arcs":[[2329,2330,2331,2332]],"type":"Polygon","properties":{"id":"14000US28149950700"}},{"arcs":[[2333,-1413,-1790,2334,2335]],"type":"Polygon","properties":{"id":"14000US28149950200"}},{"arcs":[[2336,-2335,-1789,-1783,2337,-2331,2338]],"type":"Polygon","properties":{"id":"14000US28149950500"}},{"arcs":[[2339,2340,-1865,2341]],"type":"Polygon","properties":{"id":"14000US28149951102"}},{"arcs":[[2342,2343,-2339,-2330]],"type":"Polygon","properties":{"id":"14000US28149950400"}},{"arcs":[[2344,-2336,-2337,-2344]],"type":"Polygon","properties":{"id":"14000US28149950300"}},{"arcs":[[2345,2346,-1786,-2283,2347,-1866,-2341]],"type":"Polygon","properties":{"id":"14000US28149951101"}},{"arcs":[[-2338,-1787,-2347,2348]],"type":"Polygon","properties":{"id":"14000US28149950600"}},{"arcs":[[2349,-2332,-2349,-2346,-2340]],"type":"Polygon","properties":{"id":"14000US28149950800"}},{"arcs":[[2350,2351,-794,2352,2353]],"type":"Polygon","properties":{"id":"14000US28099010500"}},{"arcs":[[2354,2355,-854]],"type":"Polygon","properties":{"id":"14000US28099940100"}},{"arcs":[[-2353,-793,2356,-2264,-2262,2357]],"type":"Polygon","properties":{"id":"14000US28099010600"}},{"arcs":[[-790,-791,-2352,2358]],"type":"Polygon","properties":{"id":"14000US28099010400"}},{"arcs":[[2359,2360,-786,-2359,-2351,2361,-2355,-853]],"type":"Polygon","properties":{"id":"14000US28099010200"}},{"arcs":[[-2356,-2362,-2354,-2358,-2261,-796]],"type":"Polygon","properties":{"id":"14000US28099010700"}},{"arcs":[[2362]],"type":"Polygon","properties":{"id":"14000US28067980000"}},{"arcs":[[-470,-358,-348,-1828,-1830,-1829,-339,2363,-472]],"type":"Polygon","properties":{"id":"14000US28037950200"}},{"arcs":[[-579,-2030,-502,-69,-1649,-1644,2364]],"type":"Polygon","properties":{"id":"14000US28015950201"}},{"arcs":[[-580,-2365,-1643,-1879,-1302]],"type":"Polygon","properties":{"id":"14000US28015950202"}},{"arcs":[[-1457,-2268,-2303,-2274]],"type":"Polygon","properties":{"id":"14000US28049010804"}},{"arcs":[[-2275,-2302]],"type":"Polygon","properties":{"id":"14000US28049010805"}},{"arcs":[[-2321,-2322,-2286,-2277,-2270]],"type":"Polygon","properties":{"id":"14000US28049010902"}},{"arcs":[[-869,-2279,-2054,-2318]],"type":"Polygon","properties":{"id":"14000US28049011002"}},{"arcs":[[-1072,-1050,-1064,-1067,-1078]],"type":"Polygon","properties":{"id":"14000US28105950601"}},{"arcs":[[2365,-1447,-1432,-1428]],"type":"Polygon","properties":{"id":"14000US28093950401"}},{"arcs":[[-2366,-1427,-1442,-1448]],"type":"Polygon","properties":{"id":"14000US28093950402"}},{"arcs":[[2366,-991,2367,2368,2369,2370,-984,-993,-978,-982]],"type":"Polygon","properties":{"id":"14000US28095950502"}},{"arcs":[[-2371,2371,-2157,-1816,-985]],"type":"Polygon","properties":{"id":"14000US28095950501"}},{"arcs":[[2372,2373,-1121,-1110,-1107]],"type":"Polygon","properties":{"id":"14000US28043950500"}},{"arcs":[[-1119,2374,-2373,-1106]],"type":"Polygon","properties":{"id":"14000US28043950300"}},{"arcs":[[-1118,-1122,-2374,-2375]],"type":"Polygon","properties":{"id":"14000US28043950400"}},{"arcs":[[2375,2376,2377,-405,-2267]],"type":"Polygon","properties":{"id":"14000US28061950200"}},{"arcs":[[-2348,-2282,-2316,2378,-720,-1867]],"type":"Polygon","properties":{"id":"14000US28049011300"}},{"arcs":[[-2315,-2232,-2235,-721,-2379]],"type":"Polygon","properties":{"id":"14000US28049011201"}},{"arcs":[[-192,-874,-1312,-1162,-198]],"type":"Polygon","properties":{"id":"14000US28133950200"}},{"arcs":[[2379,2380,2381,-25,-751,-1261]],"type":"Polygon","properties":{"id":"14000US28115950500"}},{"arcs":[[-2046,-1887,2382,-2380,-1260,-1981]],"type":"Polygon","properties":{"id":"14000US28115950200"}},{"arcs":[[-1886,-1891,2383,-2381,-2383]],"type":"Polygon","properties":{"id":"14000US28115950300"}},{"arcs":[[-2384,-1890,-2218,-2216,-18,-26,-2382]],"type":"Polygon","properties":{"id":"14000US28115950400"}},{"arcs":[[-60,-930,2384,2385,2386,-2360,-54]],"type":"Polygon","properties":{"id":"14000US28159950200"}},{"arcs":[[2387,2388,2389,-2386]],"type":"Polygon","properties":{"id":"14000US28159950300"}},{"arcs":[[-2389,2390,2391]],"type":"Polygon","properties":{"id":"14000US28159950400"}},{"arcs":[[-1076,-1069,-1680,2392,-2391,-2388,-2385,-929]],"type":"Polygon","properties":{"id":"14000US28159950100"}},{"arcs":[[-2390,-2392,-2393,-1679,2393,-787,-2361,-2387]],"type":"Polygon","properties":{"id":"14000US28159950500"}},{"arcs":[[-459,-451]],"type":"Polygon","properties":{"id":"14000US28147950200"}},{"arcs":[[-1683,2394,-651,-686,-633,2395]],"type":"Polygon","properties":{"id":"14000US28069030100"}},{"arcs":[[-792,-788,-2394,-1678,-2396,-632,-144,-653,-2357]],"type":"Polygon","properties":{"id":"14000US28069030200"}},{"arcs":[[-1055,2396,-1080]],"type":"Polygon","properties":{"id":"14000US28105950300"}},{"arcs":[[-1081,-2397,-1054,-1051,-1071,-1077,-1057]],"type":"Polygon","properties":{"id":"14000US28105950500"}},{"arcs":[[-22,2397,-992,-2367,-981,-771]],"type":"Polygon","properties":{"id":"14000US28095950201"}},{"arcs":[[-1477,-1475,-1961,-1965,2398,-974,-989,-2398,-21]],"type":"Polygon","properties":{"id":"14000US28095950202"}},{"arcs":[[-2399,-1964,2399,-2369,2400,-975]],"type":"Polygon","properties":{"id":"14000US28095950101"}},{"arcs":[[-976,-2401,-2368,-990]],"type":"Polygon","properties":{"id":"14000US28095950102"}},{"arcs":[[-353,-357]],"type":"Polygon","properties":{"id":"14000US28063950200"}},{"arcs":[[2401,2402,2403,-1183,2404]],"type":"Polygon","properties":{"id":"14000US28059040105"}},{"arcs":[[2405,-1757,2406,2407]],"type":"Polygon","properties":{"id":"14000US28059041002"}},{"arcs":[[2408,2409,-1135,-1187,-1761]],"type":"Polygon","properties":{"id":"14000US28059041301"}},{"arcs":[[-1750,-906,2410,2411,-1727]],"type":"Polygon","properties":{"id":"14000US28033070722"}},{"arcs":[[-1127,-1124,-1725,-1749,-1751,-1743,-1170]],"type":"Polygon","properties":{"id":"14000US28033070222"}},{"arcs":[[2412,2413,-1668,-1736]],"type":"Polygon","properties":{"id":"14000US28033070811"}},{"arcs":[[2414,2415,-1673,-1669,-2414]],"type":"Polygon","properties":{"id":"14000US28033070812"}},{"arcs":[[-468,-473,-2364,-338,-1543,2416,-126,-123]],"type":"Polygon","properties":{"id":"14000US28157950100"}},{"arcs":[[2417,2418,-1766,2419]],"type":"Polygon","properties":{"id":"14000US28059041102"}},{"arcs":[[2420,2421,-1759,2422,2423]],"type":"Polygon","properties":{"id":"14000US28059040205"}},{"arcs":[[2424,2425,-2420,-1774,-1020,2426]],"type":"Polygon","properties":{"id":"14000US28059040901"}},{"arcs":[[-2405,-1182,-1140,-1136,-2410,2427]],"type":"Polygon","properties":{"id":"14000US28059041302"}},{"arcs":[[2428,-1770,-2424,2429,-2408,2430,-2418,-2426,2431]],"type":"Polygon","properties":{"id":"14000US28059040801"}},{"arcs":[[2432,-2089,2433,2434,2435]],"type":"Polygon","properties":{"id":"14000US28059040104"}},{"arcs":[[2436,-1755,-2419]],"type":"Polygon","properties":{"id":"14000US28059041101"}},{"arcs":[[2437,-1771,-2429,2438,-1812,-1795]],"type":"Polygon","properties":{"id":"14000US28059040702"}},{"arcs":[[-2407,-1756,-2437,-2431]],"type":"Polygon","properties":{"id":"14000US28059041001"}},{"arcs":[[-2088,2439,-2403,2440,-2434]],"type":"Polygon","properties":{"id":"14000US28059040106"}},{"arcs":[[-2435,-2441,-2402,-2428,-2409,-1760,-2422]],"type":"Polygon","properties":{"id":"14000US28059040103"}},{"arcs":[[2441,-2436,-2421,-1769,2442,-327,-1212]],"type":"Polygon","properties":{"id":"14000US28059040206"}},{"arcs":[[2443,2444,-1793]],"type":"Polygon","properties":{"id":"14000US28059040402"}},{"arcs":[[-2432,2445,-1813,-2439]],"type":"Polygon","properties":{"id":"14000US28059040701"}},{"arcs":[[-2423,-1758,-2406,-2430]],"type":"Polygon","properties":{"id":"14000US28059040802"}},{"arcs":[[2446,-1773,2447,2448,2449]],"type":"Polygon","properties":{"id":"14000US28059040207"}},{"arcs":[[-1814,-2446,-2425,2450]],"type":"Polygon","properties":{"id":"14000US28059040902"}},{"arcs":[[-1815,-2451,-2427,-1019,-1797]],"type":"Polygon","properties":{"id":"14000US28059040903"}},{"arcs":[[-2011,2451,-1800,-1191,-1763]],"type":"Polygon","properties":{"id":"14000US28059042202"}},{"arcs":[[-2443,-1768,-2447,2452]],"type":"Polygon","properties":{"id":"14000US28059040208"}},{"arcs":[[-2448,2453,2454,2455]],"type":"Polygon","properties":{"id":"14000US28059040301"}},{"arcs":[[-2455,2456,-2444,-1799,-2095,2457]],"type":"Polygon","properties":{"id":"14000US28059040302"}},{"arcs":[[-1772,-2438,-1794,-2445,-2457,-2454]],"type":"Polygon","properties":{"id":"14000US28059040401"}},{"arcs":[[-2010,-2013,-2055,-1801,-2452]],"type":"Polygon","properties":{"id":"14000US28059042201"}},{"arcs":[[-1333,-1324]],"type":"Polygon","properties":{"id":"14000US28123020400"}},{"arcs":[[-1332,2458,-1321,2459,-1319,-397,-2260,-2265,-1326]],"type":"Polygon","properties":{"id":"14000US28123020600"}},{"arcs":[[-1810,-860,-803,-1330,-2459,-1331,-1282]],"type":"Polygon","properties":{"id":"14000US28123020200"}},{"arcs":[[-1320,-2460]],"type":"Polygon","properties":{"id":"14000US28123020500"}},{"arcs":[[2460,-2090,-2433,-2442,-1211,-1197]],"type":"Polygon","properties":{"id":"14000US28039950304"}},{"arcs":[[-2083,-1778,-2086,-2461,-1196]],"type":"Polygon","properties":{"id":"14000US28039950303"}},{"arcs":[[-2412,2461,-1451,-1437,-1434,-1032,-1534,-1728]],"type":"Polygon","properties":{"id":"14000US28033070900"}},{"arcs":[[-909,-1172,-1746,-1737,-2027,-100,-93]],"type":"Polygon","properties":{"id":"14000US28033071200"}},{"arcs":[[-2219,-1742,-1721,-1123]],"type":"Polygon","properties":{"id":"14000US28033070610"}},{"arcs":[[-2416,2462,-1452,-2462,-2411,-1671,-1674]],"type":"Polygon","properties":{"id":"14000US28033070830"}},{"arcs":[[2463,2464,-17,-243,-6,2465]],"type":"Polygon","properties":{"id":"14000US28067950201"}},{"arcs":[[2466,2467,2468,2469,2470,-234,-4,-15,-2465]],"type":"Polygon","properties":{"id":"14000US28067950101"}},{"arcs":[[-415,2471,2472,-2466,-5,-11,-1610]],"type":"Polygon","properties":{"id":"14000US28067950202"}},{"arcs":[[2473,-1589,2474,-2470]],"type":"Polygon","properties":{"id":"14000US28067950102"}},{"arcs":[[-244,-232,2475,-8]],"type":"Polygon","properties":{"id":"14000US28067950602"}},{"arcs":[[-2476,-238,2476,-239]],"type":"Polygon","properties":{"id":"14000US28067950601"}},{"arcs":[[-2477,-237,2477,-1583,-1595,2478,-240]],"type":"Polygon","properties":{"id":"14000US28067950901"}},{"arcs":[[-2471,-2475,-1588,-1585,2479,-235]],"type":"Polygon","properties":{"id":"14000US28067950801"}},{"arcs":[[-2480,-1584,-2478,-236]],"type":"Polygon","properties":{"id":"14000US28067950802"}},{"arcs":[[-13,-242,2480,2481,-1362,-1611]],"type":"Polygon","properties":{"id":"14000US28067951101"}},{"arcs":[[-2482,2482,-1629,-1619,-1366,-1363],[-2363]],"type":"Polygon","properties":{"id":"14000US28067951102"}},{"arcs":[[-241,-2479,-1598,-2146,-1640,-1630,-2483,-2481]],"type":"Polygon","properties":{"id":"14000US28067950902"}},{"arcs":[[-516,-1586,-2474,-2469,2483]],"type":"Polygon","properties":{"id":"14000US28061950401"}},{"arcs":[[2484,2485,-517,-2484,-2468,2486]],"type":"Polygon","properties":{"id":"14000US28061950402"}},{"arcs":[[-2259,2487,-2485,2488,-2376,-2266]],"type":"Polygon","properties":{"id":"14000US28061950101"}},{"arcs":[[-2258,-2144,-2143,-518,-2486,-2488]],"type":"Polygon","properties":{"id":"14000US28061950102"}},{"arcs":[[-2378,2489,-2472,-414,-406]],"type":"Polygon","properties":{"id":"14000US28061950301"}},{"arcs":[[-2377,-2489,-2487,-2467,-2464,-2473,-2490]],"type":"Polygon","properties":{"id":"14000US28061950302"}},{"arcs":[[-288,-2119,-303,-1544,-331]],"type":"Polygon","properties":{"id":"14000US28047003216"}},{"arcs":[[2490,-139,2491,-78,-85,-2097]],"type":"Polygon","properties":{"id":"14000US28047002402"}},{"arcs":[[-298,-273,2492,-308,-313,-2174,-963,-957,-953]],"type":"Polygon","properties":{"id":"14000US28047003104"}},{"arcs":[[-333,-1422,-269,-297,2493]],"type":"Polygon","properties":{"id":"14000US28047003513"}},{"arcs":[[-272,2494,2495,2496,-309,-2493]],"type":"Polygon","properties":{"id":"14000US28047003105"}},{"arcs":[[-2456,-2458,-2094,-2136,-316,2497]],"type":"Polygon","properties":{"id":"14000US28047003305"}},{"arcs":[[-1209,-324,-330,-2494,-296,-973]],"type":"Polygon","properties":{"id":"14000US28047003506"}},{"arcs":[[-2453,-2450,2498,-280,-328]],"type":"Polygon","properties":{"id":"14000US28047003405"}},{"arcs":[[-301,2499,-140,-2491,-2098,-83,2500,-2495]],"type":"Polygon","properties":{"id":"14000US28047003103"}},{"arcs":[[2501,2502,-90,-1006,-2138]],"type":"Polygon","properties":{"id":"14000US28047002802"}},{"arcs":[[-293,2503,2504,-490,-142,2505,-305]],"type":"Polygon","properties":{"id":"14000US28047003211"}},{"arcs":[[-1545,-306,-2506,-141,-2500,-300]],"type":"Polygon","properties":{"id":"14000US28047003509"}},{"arcs":[[-131,-2122,-2130]],"type":"Polygon","properties":{"id":"14000US28047001702"}},{"arcs":[[2506,2507,2508,-2497]],"type":"Polygon","properties":{"id":"14000US28047003106"}},{"arcs":[[-2509,2509,-2502,-2137,-310]],"type":"Polygon","properties":{"id":"14000US28047002701"}},{"arcs":[[-138,-72,-2139,-79,-2492]],"type":"Polygon","properties":{"id":"14000US28047002002"}},{"arcs":[[-1607,-2177,-1609,-318,-2104,-45,-819,-2101,-1602]],"type":"Polygon","properties":{"id":"14000US28047003309"}},{"arcs":[[-279,-2504,-292]],"type":"Polygon","properties":{"id":"14000US28047003210"}},{"arcs":[[-278,-484,-2505]],"type":"Polygon","properties":{"id":"14000US28047003214"}},{"arcs":[[-281,-2499,-2449,-2498,-320,-1608,-2176]],"type":"Polygon","properties":{"id":"14000US28047003307"}},{"arcs":[[-489,-2111,-2123,-129]],"type":"Polygon","properties":{"id":"14000US28047001505"}},{"arcs":[[-2501,-88,2510,-2507,-2496]],"type":"Polygon","properties":{"id":"14000US28047003107"}},{"arcs":[[-2511,-87,-91,-2503,-2510,-2508]],"type":"Polygon","properties":{"id":"14000US28047002702"}}]}}}