{"type":"Topology","arcs":[[[8852,39960],[183,1],[629,-3],[344,-1]],[[10008,39957],[-1,-101],[-35,0],[0,-70],[-10,-68],[-27,-43],[-1,-145],[72,0],[-2,-293],[0,-286],[130,3],[15,-13],[0,-457],[149,0],[-4,-381],[2,-158],[292,-7],[141,2],[287,-8]],[[11016,37932],[0,-493],[4,-289],[20,1],[6,-29],[-48,-47]],[[10998,37075],[-306,-1],[-88,2],[-146,-1],[-282,2],[-146,2],[-228,1]],[[9802,37080],[-487,-1],[-3,-3],[-436,-2]],[[8876,37074],[0,152],[-5,495],[0,72]],[[8871,37793],[-2,133],[-4,369],[-3,74]],[[8862,38369],[-6,888],[0,236],[-4,467]],[[40431,25178],[28,21],[40,47],[100,71],[36,17]],[[40635,25334],[-1,-37]],[[40634,25297],[4,-58],[71,-96],[59,-33],[34,-36]],[[40802,25074],[-73,-62],[-35,-13],[-65,-79],[-17,-11],[-121,-24],[-38,-11]],[[40453,24874],[-37,33],[15,271]],[[38156,25163],[11,510],[0,313],[-1,139]],[[38166,26125],[0,17],[39,22],[111,20],[23,21]],[[38339,26205],[10,-31],[51,3],[94,27],[120,16],[1,-40],[18,-15]],[[38633,26165],[5,-34],[27,-34],[36,-18],[24,-101],[19,-19],[10,-43],[24,-36],[-6,-43],[8,-26],[50,-53],[30,-41]],[[38860,25717],[10,-13]],[[38870,25704],[4,-27],[-39,-163]],[[38835,25514],[-77,29],[-94,28],[-93,-2],[-22,-17],[-10,-43],[-55,-97],[4,-46],[-16,-29]],[[38472,25337],[-40,-67],[-29,-20],[-57,-10],[-24,-14],[-46,-60],[-27,-14],[-67,25],[-26,-14]],[[42135,27395],[31,-6],[92,4],[60,-4]],[[42318,27389],[-14,-56],[-42,-66],[-35,-45]],[[42227,27222],[-39,0],[-101,13],[-36,-25]],[[42051,27210],[4,83],[20,38],[43,35],[17,29]],[[36086,25365],[111,-65],[82,-25],[110,-45],[25,-14]],[[36414,25216],[79,-57],[48,-26],[39,-13]],[[36580,25120],[-15,-110]],[[36565,25010],[-157,49],[-141,66],[-21,6],[-87,3],[-83,-4],[-64,33]],[[36012,25163],[24,92],[5,44],[45,66]],[[42227,27222],[-76,-91],[-48,-49],[-39,-25]],[[42064,27057],[-14,24]],[[42050,27081],[-10,36],[11,93]],[[12926,7432],[438,-22],[376,-10],[-20,55],[10,52],[3,107],[203,-5],[4,143],[136,-3]],[[14076,7749],[-3,-131],[33,-12],[192,-5],[-2,-35],[-24,-2],[-1,-86],[68,-2],[-1,-31],[-33,-58]],[[14305,7387],[-4,-143],[-102,4],[-4,-164],[-18,22],[-49,1],[-14,-570],[12,-33],[30,-39],[60,-60],[0,-44],[-39,1],[-3,-113]],[[14174,6249],[-497,23],[-245,4],[-128,6],[-414,13]],[[12890,6295],[11,281],[-7,0],[32,856]],[[7667,32400],[106,0],[-1,-71],[250,-2],[20,7],[44,-9],[38,18],[-1,35],[25,18],[-9,82],[179,-1]],[[8318,32477],[121,-217]],[[8439,32260],[11,-56]],[[8450,32204],[0,-75]],[[8450,32129],[-75,1]],[[8375,32130],[-106,1]],[[8269,32131],[-246,1]],[[8023,32132],[-103,0],[-39,6]],[[7881,32138],[-59,-24],[-104,1]],[[7718,32115],[3,74],[-6,47],[-48,164]],[[8450,32204],[208,-1]],[[8658,32203],[0,-77]],[[8658,32126],[-208,3]],[[8439,32260],[11,13],[137,-2],[6,16],[66,-1],[-1,-83]],[[16500,27134],[87,15],[50,-4],[2,23],[70,-9],[73,-2],[6,61],[30,6],[49,-3],[1,18],[56,-3],[-7,-124],[66,-3]],[[16983,27109],[3,-14],[-12,-237],[-123,4],[-8,-85],[-14,-5],[-37,21],[-1,72],[-160,7],[-10,19],[6,93],[-103,5]],[[16524,26989],[1,36],[-32,1],[2,34],[27,0],[-22,74]],[[12468,26614],[69,-3],[3,-36],[162,-7],[194,-3],[570,-27],[129,-10],[156,-4],[15,-4],[269,-10]],[[14035,26510],[245,-12],[24,24],[65,10],[24,-28],[87,-39],[62,22],[11,25],[46,10],[15,-13],[-1,-108],[40,25],[3,21],[26,4],[63,49],[30,35],[50,-1],[4,-18],[71,-1],[4,107],[177,-7],[3,-28],[66,-1],[41,24],[50,-2],[21,-31],[63,-31],[16,-16],[38,-8],[60,14],[2,62],[110,-5],[347,-13],[7,71],[30,-2]],[[15935,26649],[168,-6],[12,-7],[19,-60],[9,-6],[182,-5]],[[16325,26565],[138,-8],[42,-29],[41,-1],[26,26],[175,-11],[2,36],[103,-5],[6,36],[103,-5],[-1,-34],[38,6],[67,-9],[0,-40],[106,-4]],[[17171,26523],[-6,-117],[-15,-225]],[[17150,26181],[-3,-90],[15,0],[-26,-787]],[[17136,25304],[-383,12]],[[16753,25316],[-440,17],[-572,14]],[[15741,25347],[-283,7],[-3,-3],[-304,9],[-287,4],[-518,12],[-625,15],[-289,10],[-146,3],[-338,11]],[[12948,25415],[-281,7],[-138,6]],[[12529,25428],[6,214],[2,1],[9,396],[7,247],[-98,3],[13,325]],[[12472,26722],[14,355],[2,85],[17,135],[6,159],[5,291]],[[12516,27747],[108,-4],[11,18],[51,-1],[14,-19],[94,-5],[149,-2],[9,-6],[137,-4],[9,180],[284,-11],[-9,-182],[109,-7],[-3,-72],[173,-10],[222,-5]],[[13874,27617],[36,-4],[-10,-217],[237,-11],[0,-33],[18,-19],[-12,-29],[-24,-15],[19,-92],[-19,-21],[-1,-44],[-27,-82],[-4,-106],[-36,-2],[-16,-432]],[[12468,26614],[4,108]],[[15559,27462],[-2,-24],[-29,-8],[-2,-65],[-19,-20]],[[15507,27345],[-72,1]],[[15435,27346],[-71,1]],[[15364,27347],[-37,-9],[-31,-22],[-77,-38]],[[15219,27278],[-52,-5]],[[15167,27273],[18,63],[-2,32],[24,21],[20,55],[0,32],[101,-5],[108,0],[123,-9]],[[21526,8044],[165,-5]],[[21691,8039],[275,-9],[441,-11],[378,-11]],[[22785,8008],[-5,-207],[-8,-436],[-5,-383],[-4,-189],[-13,-722],[-5,-218],[-4,-226],[-7,-322],[-6,-343]],[[22728,4962],[-754,0],[-433,1]],[[21541,4963],[8,115],[-2,58],[-24,30],[-19,6],[-29,42],[-29,27],[14,38],[-3,22],[41,89],[-7,19],[-33,19],[10,34],[46,5],[-1,23],[-41,30],[5,16],[45,6],[-14,35],[-1,32],[-23,21],[-16,33],[-70,2],[-95,36],[-57,53],[-49,21],[-38,32],[-41,5],[-36,-17],[-30,18],[35,67],[28,21],[18,27],[18,49],[-2,52],[-32,45],[-6,45],[21,49],[-5,18],[-33,23],[-30,0],[-72,26],[-86,-10],[-26,-16],[-22,5],[-66,-13],[-44,25],[27,52],[-3,26],[-26,28],[-41,6]],[[20705,6338],[-22,102],[14,11],[51,-9],[33,15],[23,30],[36,9],[38,40],[9,37],[-63,25],[-35,38],[27,38],[4,20],[-44,8],[-33,27],[-16,43],[-42,13],[-44,4],[-32,44],[10,64],[-16,44],[27,61],[0,202],[11,26],[95,72],[9,14],[4,67],[90,175],[55,47],[61,9],[20,35],[90,32],[37,48],[10,38],[22,41],[33,16],[54,-1],[80,-52],[88,-47],[19,-1],[52,29],[13,24],[65,-6],[37,-16],[36,-44],[49,49],[22,2],[22,35],[-3,30],[12,69],[-9,33],[-66,51],[-112,65]],[[18632,5656],[3,172]],[[18635,5828],[17,-15],[70,-12],[21,-12],[20,-39],[31,3],[5,26],[46,59],[28,-19],[35,2],[28,-43],[58,-16],[2,-27],[-11,-61],[45,-46],[52,31],[1,-71],[38,-112],[26,-192],[18,-49],[28,-26],[47,-30],[24,-27],[56,-110],[9,-26],[-3,-51]],[[19326,4965],[-302,2],[-406,1]],[[18618,4968],[10,514],[4,174]],[[18654,6882],[68,7],[72,-43],[57,-54],[38,-10],[18,-18],[23,-68],[41,-62],[12,-52],[-2,-30],[20,-80],[19,-33],[19,-3],[57,19],[39,5],[39,-8],[51,14],[61,6],[18,-10]],[[19304,6462],[-22,-52]],[[19282,6410],[-56,2],[-30,-43],[-49,2],[-18,17],[-49,5],[-31,-20],[-49,6],[-25,-17]],[[18975,6362],[-31,-15],[-77,-1],[-20,19],[-2,38],[-22,32],[-12,40],[-27,20],[-36,8],[16,52],[-38,58],[-75,34]],[[18651,6647],[3,235]],[[19387,6526],[8,70],[12,27],[85,82],[14,52],[-5,60],[30,58],[51,16],[86,-18],[31,7],[60,37]],[[19759,6917],[55,18],[25,16],[62,59],[68,54],[31,11]],[[20000,7075],[28,-6],[14,-36],[-20,-87],[-3,-45],[21,-77],[4,-75],[-32,-54],[-93,-58],[-26,-45],[17,-40],[38,-29],[36,-9],[48,10],[38,44],[10,67],[17,37],[83,91],[31,21]],[[20211,6784],[34,4]],[[20245,6788],[0,-32],[-16,-38],[46,-39],[-11,-46],[-32,-88],[6,-65],[-15,-37],[11,-77],[22,-21],[-6,-43],[-41,-5],[-25,-22],[-113,9],[-75,-13],[-37,-19],[-24,-33],[-63,-4],[-27,-16],[-106,2],[-35,28],[-5,51],[-29,24],[-25,8],[-73,72],[-8,32],[-33,5],[-39,-31],[-79,-11],[-2,-15]],[[19411,6364],[-9,6]],[[19402,6370],[-7,68],[-10,35],[2,53]],[[22217,26567],[1,9],[144,-3]],[[22362,26573],[571,-11],[141,6],[0,-9],[97,-5]],[[23171,26554],[-6,-145],[-95,3],[-5,9],[-66,-2],[-4,-111],[-10,-2],[0,-108],[108,-5],[-6,-216],[29,-3],[-1,-32],[34,-3],[-2,-80],[5,-37],[-8,-73],[-128,4],[-7,-118],[14,-36],[-21,-24],[3,-88],[18,-14],[47,3],[-7,-72],[-3,-91],[-24,-13],[-41,8],[-30,-14],[-18,-37],[-70,-22],[-2,-47],[-59,-54],[-3,-38]],[[22813,25096],[-321,319],[-290,290],[8,485],[4,91],[3,286]],[[23765,26532],[138,-4],[4,142],[71,176],[154,417],[194,473],[65,161],[69,185],[24,56],[123,316],[117,283],[78,183]],[[24802,28920],[54,-44],[15,-27],[76,-69],[23,-34]],[[24970,28746],[15,-29],[-8,-61],[-28,-87],[-10,-52],[19,-71],[96,-75],[63,-62],[50,-105],[40,-112],[38,-69],[59,-62],[83,-52],[32,-9],[149,9],[49,-9],[48,-33],[23,-67],[13,-86],[-25,-102],[-26,-51],[-33,-39],[-108,-63],[-27,-40],[-6,-59],[5,-59],[14,-55],[29,-70],[24,-34],[38,-30]],[[25586,27112],[-79,-326],[-198,-802],[-18,-84],[-40,-151],[-77,-315]],[[25174,25434],[-71,-290]],[[25103,25144],[-19,11],[-26,65],[19,70],[-14,29],[-34,36],[-31,8],[-46,-42],[-61,-40],[-48,-62],[-22,11],[-19,-25],[-37,-18],[-62,-14],[-27,25],[12,35],[40,47],[54,26],[22,43],[4,29],[-13,25],[-21,-6],[-84,15],[-31,18],[-7,23],[-41,24],[-21,25],[-48,9],[-46,35],[-38,-14],[-31,26],[-52,-10],[-94,15],[-40,28],[-15,22],[-6,36],[-30,-12],[-33,6],[-19,25],[-66,8],[-71,22],[-28,1],[-32,19],[-9,38],[-20,16],[4,34],[-32,1],[8,276],[-36,16],[4,106],[105,-5],[5,181],[-71,3],[0,85],[-33,-1],[-24,26],[-82,-3],[5,41]],[[24131,25852],[2,-17],[133,-4],[24,-4],[0,-33],[49,-2],[0,-37],[37,-1],[3,104],[71,0],[5,183],[2,142],[-127,6],[-11,-45],[-37,41],[-69,7],[-33,37],[-39,2],[-10,-379]],[[23171,26554],[174,-8],[256,-6],[164,-8]],[[25103,25144],[-96,-395],[-181,-714]],[[24826,24035],[-38,-1],[-605,21],[-341,10]],[[23842,24065],[-659,660],[-22,24],[-348,347]],[[33350,26719],[123,-37],[29,-2],[56,20],[104,97],[27,11],[41,0],[45,-16],[49,-46],[117,-128],[124,-100],[62,-72],[51,-51],[73,-51],[27,-13],[70,-51],[33,-36],[41,-82],[8,-63],[-15,-64],[15,-85],[77,-38],[102,-30],[151,-67],[230,-42],[152,-53],[56,-6],[58,8],[34,11],[127,54],[53,18]],[[35470,25805],[90,24],[64,6],[98,-16],[70,-34],[71,-62],[17,-23]],[[35880,25700],[-10,-17],[-69,22],[-26,17],[-44,1],[-48,16],[-41,-19],[-29,-24],[-22,-71],[53,7],[19,-20],[0,-122],[33,-31],[43,-53],[-5,-56],[-77,48],[-36,-50],[-127,-5],[-46,25],[-37,7],[-49,-1],[-20,-17],[-2,-27],[-43,-25]],[[35297,25305],[-65,-20],[-54,8],[-38,-34],[-77,1],[-5,-21],[-36,-32],[-14,-29],[-24,-19],[-33,4],[-45,-36]],[[34906,25127],[-21,3],[-46,33],[-7,33],[-20,43],[-97,-2],[-48,3],[-44,-14],[-66,-2],[1,31],[-16,37],[16,49],[-30,2],[-42,21],[-1,-44],[-22,-37],[-12,-59],[-19,-19],[-30,-8],[-10,-32],[-53,-33],[-13,32],[-41,-5],[-82,28],[-40,28],[-23,-13],[-120,0],[-71,-29],[-18,29],[-40,-2],[-71,70],[-44,-11],[-32,16],[-49,-9],[-8,11],[-76,-9],[-19,-12],[-32,22],[-17,38],[-24,-3],[-94,-78],[-44,-1],[-24,-28]],[[33357,25206],[4,227],[-2,143]],[[33359,25576],[-1,147],[-5,41],[0,220],[3,288],[1,303],[-7,33],[0,111]],[[37898,24903],[56,29],[9,46],[25,10],[0,43],[11,27],[22,17],[71,14],[24,60],[40,14]],[[38156,25163],[-9,-488]],[[38147,24675],[-62,-25],[-77,-47],[-27,-2],[-144,23],[-127,12],[-83,-6],[-50,-14]],[[37577,24616],[-89,-27]],[[37488,24589],[10,21],[61,69],[14,30],[55,27],[56,36],[26,34],[81,40],[30,23],[61,17],[16,17]],[[41636,25633],[11,20]],[[41647,25653],[69,-11],[-24,-91]],[[41692,25551],[-18,-18]],[[41674,25533],[-47,4],[-23,12]],[[41604,25549],[32,84]],[[42012,26377],[89,-51]],[[42101,26326],[-10,-19]],[[42091,26307],[-23,-43],[-12,8]],[[42056,26272],[-74,50]],[[41982,26322],[30,55]],[[26788,24692],[19,-35],[19,36],[-17,27],[37,25],[24,35],[39,-24],[3,-36],[33,-12],[40,12],[13,41],[-29,63],[-35,30],[-38,7],[-12,37],[-21,21],[0,29]],[[26863,24948],[44,18],[26,-8],[58,-46],[13,-34],[27,-22],[16,10],[15,37],[-2,26],[-30,59],[-5,42],[26,23],[40,-3],[28,-12],[41,-36],[35,-2],[33,10],[10,-11],[89,-7],[4,22],[-39,84],[1,20]],[[27293,25118],[14,14],[51,-1],[43,-40],[8,-35],[5,-67],[-34,-54],[1,-18],[-29,-35],[-43,-6],[-49,22],[5,-42],[31,-19],[15,-22],[7,-47],[24,-45],[13,-1],[37,54],[44,6],[63,28],[-8,123],[8,32],[35,18]],[[27534,24983],[-3,-55],[13,-55],[-30,-26],[-20,-77],[-21,-44],[-23,-17],[-33,-42],[-3,-36],[-56,5],[-17,-29],[-9,-70],[24,-52]],[[27356,24485],[-48,-36],[-12,-28],[37,-77],[11,-42],[-2,-48],[15,-62],[24,-46],[64,-78],[43,-14],[39,-23],[103,-74],[41,-49],[27,-62],[7,-66],[-22,-59],[-30,-46],[-88,-67],[-117,-50],[-89,-25],[-35,-2],[-51,14],[-31,-6],[-34,9],[-17,-26],[-78,-50],[-10,-349]],[[27103,23123],[-229,2]],[[26874,23125],[-8,44],[-30,48],[-43,35],[-79,48],[-42,16],[-46,31],[-15,103],[-25,16],[-39,4],[-2,15],[-42,30],[9,94],[34,44],[14,44],[8,57],[-18,8],[5,136],[-28,14],[-25,48],[-17,59],[-75,53],[-39,20],[-31,48],[-33,3],[39,40],[85,12],[24,10],[15,26],[45,35],[21,69],[25,43],[32,36],[22,10],[25,42],[21,66],[-3,31],[20,30],[-7,31],[32,44],[35,0],[28,-13],[22,37]],[[41941,27569],[12,3],[121,0],[11,41]],[[42085,27613],[71,-10]],[[42156,27603],[-15,-180],[-6,-27]],[[42135,27396],[-137,27],[-90,0]],[[41908,27423],[4,50],[29,96]],[[41452,27805],[84,54],[53,12]],[[41589,27871],[8,-51],[42,-42],[18,-50],[31,-54],[5,-26]],[[41693,27648],[-3,-1]],[[41690,27647],[-138,6],[-11,-6]],[[41541,27647],[-17,20]],[[41524,27667],[-19,30],[-53,108]],[[41123,28324],[22,-2],[22,-41],[47,-28],[31,-30],[41,-84]],[[41286,28139],[-36,-45],[-56,-87]],[[41194,28007],[-12,-28],[-63,-82]],[[41119,27897],[-133,107]],[[40986,28004],[86,122],[32,75],[18,91],[1,32]],[[39548,18891],[20,9],[43,-6],[23,-27],[25,0],[37,71],[77,-48],[30,-24],[10,70],[-56,8],[10,79],[67,-5],[17,9],[47,47],[47,22],[38,4]],[[39983,19100],[31,-14],[21,-31],[7,-42],[14,-24],[21,13],[5,61],[72,34],[16,16],[21,-11],[-6,-52],[-14,-30],[8,-22],[25,-3],[22,-37],[37,3],[31,39],[42,-4],[12,-17],[44,-27],[30,35],[-2,14],[22,53],[13,-5],[27,-62],[47,45],[22,-22],[22,11],[48,-33]],[[40621,18988],[-154,-150],[-228,-227],[274,-272]],[[40513,18339],[-167,23],[-68,-45],[-177,9],[-40,-11],[-28,10]],[[40033,18325],[-11,82],[-14,29],[-82,85]],[[39926,18521],[-54,54],[-15,41],[0,98],[-64,9],[-37,29],[-27,-5],[-6,-28]],[[39723,18719],[-47,-5],[-31,89],[-36,33],[-41,23],[-20,32]],[[40513,18339],[120,-119],[350,-354],[95,-99],[299,-324]],[[41377,17443],[308,-344],[112,-129],[181,-191],[222,-237],[348,298],[330,-281]],[[42878,16559],[-110,-120],[-164,-173]],[[42604,16266],[-146,0],[-251,-5]],[[42207,16261],[-280,0],[-105,4],[-260,2]],[[41562,16267],[-10,76],[-28,130],[7,61],[-12,42],[-10,70],[-122,286],[-37,53],[-135,138],[-59,41],[-105,87],[-76,32],[-15,14],[-58,90],[-39,42],[90,-2],[1,73],[-185,3],[-32,-2]],[[40737,17501],[-34,39],[-41,67]],[[40662,17607],[36,-2],[133,51],[57,31],[1,77],[-78,20],[-29,2],[-22,20],[-75,4],[20,54],[-29,21],[-23,2],[-37,-15],[-26,1],[-43,-13]],[[40547,17860],[2,60]],[[40549,17920],[2,37],[-15,69],[-6,99],[17,107],[-22,43],[-12,64]],[[39645,18090],[36,10],[-1,-55],[29,-23],[50,-69],[17,51],[-1,21],[-23,30],[1,26],[23,93],[33,25],[57,-13],[16,40]],[[39882,18226],[50,-33],[25,-3],[90,26],[-14,109]],[[40549,17920],[-105,12],[-2,15],[-122,15],[-21,-4],[52,-140]],[[40351,17818],[7,-30],[-20,-317],[27,16],[89,-13],[-12,-40],[-41,-15],[-9,-64],[46,-6],[4,30],[80,-11]],[[40522,17368],[-4,-33],[-24,-15],[-27,-36],[-1,-49]],[[40466,17235],[0,-9],[-63,-3],[-51,59],[-20,34],[-2,35],[-39,-5],[-60,10],[-10,45],[0,40],[-18,43],[-44,-5],[-47,32],[-102,-1],[-55,67],[-28,-19],[-34,11],[-50,27],[-70,15]],[[39773,17611],[-49,-6],[-44,39],[-37,-10]],[[39643,17634],[-8,8],[4,53],[14,7],[14,50],[-32,53],[-11,32],[9,45],[-7,33],[-23,40],[-16,53],[10,32],[38,31],[10,19]],[[41856,26589],[71,51]],[[41927,26640],[46,-69],[28,-19]],[[42001,26552],[-28,-2]],[[41973,26550],[-69,3],[-20,-34],[-46,26],[18,44]],[[41813,26263],[22,-13],[13,24],[61,-35]],[[41909,26239],[85,-49]],[[41994,26190],[-15,-35]],[[41979,26155],[-53,31],[-6,-12]],[[41920,26174],[-118,69]],[[41802,26243],[11,20]],[[41796,26332],[40,73]],[[41836,26405],[41,-24]],[[41877,26381],[-40,-73],[79,-45]],[[41916,26263],[-7,-24]],[[41813,26263],[13,24],[-42,24]],[[41784,26311],[12,21]],[[41877,26381],[18,-10]],[[41895,26371],[53,-30]],[[41948,26341],[-2,-23],[-30,-55]],[[24520,30171],[9,-9],[119,-44],[117,-60],[34,111],[5,40],[36,59],[53,13],[5,24],[385,-16],[160,-18],[-1,-63],[33,-50],[-1,-69],[54,-19],[19,26],[36,0],[19,11],[35,-4],[27,-15],[53,7],[2,71],[141,-16],[136,0],[-1,-74],[14,-70],[25,-72]],[[26034,29934],[-22,-47],[-49,-7],[20,-38],[-37,2],[-31,23],[-28,-20],[12,-58],[-73,26],[-5,-18],[11,-46],[-46,-7],[-49,-21],[5,-42],[-25,-44],[-65,-5],[-10,46],[-11,-9]],[[25631,29669],[-19,-27],[-47,-24],[-44,-2],[33,-32],[29,3],[24,-26],[-11,-24],[-47,-22],[-49,14],[-13,-29],[-25,-18],[28,-34],[-21,-44]],[[25469,29404],[-772,29],[-41,-4],[-55,-19],[-29,-18],[-122,-100]],[[24450,29292],[-63,75],[-37,33]],[[24350,29400],[-13,21],[-48,14],[-30,49],[44,37],[60,27],[-5,24],[-52,-11],[-11,37],[9,39],[15,13],[-21,28],[19,11],[4,32],[199,450]],[[26790,29297],[73,0],[100,-16],[67,1],[5,163],[8,28],[2,70],[42,162],[19,16],[51,9],[39,57],[1,101],[15,14],[39,2],[17,16],[5,188]],[[27273,30108],[13,13],[161,2],[43,-6],[4,26],[64,-2],[6,-21]],[[27564,30120],[1,-34],[-19,-76],[-35,-20],[-1,-29],[46,0],[22,-12],[11,-25],[-25,-55],[4,-54],[-20,-35],[-36,-24],[14,-14],[15,-56],[-17,-30],[13,-46],[-20,-31],[5,-15],[-17,-34],[-38,-28],[-5,-34],[10,-57],[18,-39],[-41,-67],[15,-23],[-23,-44]],[[27441,29238],[-27,-102],[9,-23],[-13,-85],[11,-16],[-15,-42],[-3,-34],[-30,20],[-15,-6],[47,-72],[-22,-59],[-50,-48],[-8,-60],[-20,-10],[-9,-35],[34,12],[22,-9],[31,-41],[-10,-37],[30,-45],[50,13],[1,-44],[-13,-13],[-48,9],[-24,-77],[4,-33],[-26,-30],[14,-17],[33,3],[28,23],[23,-12],[9,-51]],[[27454,28317],[-192,3],[-129,0],[-150,2],[-30,-8],[-131,6],[-137,4]],[[26685,28324],[-20,108],[-41,77]],[[26624,28509],[-3,14],[3,191],[-7,22],[9,36],[5,199],[6,14],[-50,50],[-70,37],[-51,38]],[[26466,29110],[26,21],[63,16],[81,7],[17,27],[46,10],[41,31],[31,61],[19,14]],[[27071,32085],[714,-25],[-8,-212],[-4,-192],[2,-30],[-7,-274],[2,-83],[-5,-73]],[[27765,31196],[-133,3],[-5,4],[-361,11],[-165,8]],[[27101,31222],[-57,2],[4,150],[9,243],[7,279],[7,189]],[[41604,26278],[44,-5],[3,28],[48,-6],[5,37]],[[41704,26332],[27,-3]],[[41731,26329],[-11,-82]],[[41720,26247],[-140,20]],[[41580,26267],[24,11]],[[41692,25551],[3,3]],[[41695,25554],[123,-85]],[[41818,25469],[-29,-43]],[[41789,25426],[-111,77]],[[41678,25503],[-4,30]],[[41818,25469],[48,80]],[[41866,25549],[34,-6]],[[41900,25543],[-17,-106],[-30,-55]],[[41853,25382],[-64,44]],[[41900,25543],[104,-15],[36,-20]],[[42040,25508],[-22,-17],[-105,-168]],[[41913,25323],[-61,37],[-2,8]],[[41850,25368],[3,14]],[[41796,26233],[6,10]],[[41920,26174],[-40,11],[-21,-38]],[[41859,26147],[-84,48]],[[41775,26195],[21,38]],[[41851,26117],[8,30]],[[41979,26155],[-5,-11]],[[41974,26144],[-29,-67]],[[41945,26077],[-98,27]],[[41847,26104],[4,13]],[[42101,26326],[36,66]],[[42137,26392],[8,-22]],[[42145,26370],[26,-66]],[[42171,26304],[12,-24]],[[42183,26280],[-92,27]],[[41453,25763],[52,-7]],[[41505,25756],[165,-22]],[[41670,25734],[-1,-1]],[[41669,25733],[-8,-51]],[[41661,25682],[-149,21]],[[41512,25703],[-72,9]],[[41440,25712],[13,51]],[[41507,25651],[129,-18]],[[41604,25549],[-98,13],[-11,-3]],[[41495,25559],[12,92]],[[41995,26416],[39,-5],[18,33]],[[42052,26444],[80,-38],[5,-14]],[[42012,26377],[-29,17],[12,22]],[[41866,26459],[22,-11],[52,73]],[[41940,26521],[29,-17]],[[41969,26504],[-44,-78]],[[41925,26426],[-30,-55]],[[41836,26405],[30,54]],[[41969,26504],[83,-60]],[[41995,26416],[-35,19],[-11,-22],[-24,13]],[[41731,26329],[53,-18]],[[41796,26233],[-76,14]],[[41756,25715],[62,-9]],[[41818,25706],[-2,-23]],[[41816,25683],[-12,-83]],[[41804,25600],[-4,-7]],[[41800,25593],[-41,28]],[[41759,25621],[-9,44],[6,50]],[[41670,25734],[14,99]],[[41684,25833],[79,-9]],[[41763,25824],[86,-11]],[[41849,25813],[37,-14]],[[41886,25799],[-5,-35]],[[41881,25764],[-55,8],[-8,-66]],[[41756,25715],[-87,18]],[[41871,25676],[4,34]],[[41875,25710],[76,-12]],[[41951,25698],[-3,-18]],[[41948,25680],[-9,2],[-11,-71],[-17,3],[-6,-36]],[[41905,25578],[-44,13]],[[41861,25591],[10,85]],[[41704,26738],[5,9]],[[41709,26747],[83,136]],[[41792,26883],[75,-37],[-40,-53]],[[41827,26793],[-27,-35],[-59,-52]],[[41741,26706],[-37,32]],[[41094,26026],[19,6],[66,0]],[[41179,26032],[4,-70]],[[41183,25962],[0,-59],[7,-40]],[[41190,25863],[-3,-2]],[[41187,25861],[-17,-8],[-99,8]],[[41071,25861],[7,109],[16,56]],[[40973,26035],[29,8],[8,-17],[84,0]],[[41071,25861],[-53,-5],[9,61],[-55,8]],[[40972,25925],[1,110]],[[39320,26005],[38,43],[92,159]],[[39450,26207],[2,-73],[54,-78]],[[39506,26056],[-5,-34],[-21,-8],[-20,-30],[-49,-10],[-47,15],[-44,-9]],[[39320,25980],[0,25]],[[38420,28009],[46,24],[11,-42],[27,-10],[51,-39],[35,15],[87,-3],[12,8]],[[38689,27962],[59,-49],[39,-53]],[[38787,27860],[-16,-3],[-72,67],[-152,4],[-128,0]],[[38419,27928],[1,81]],[[38453,28136],[115,-80],[46,-41],[75,-53]],[[38420,28009],[1,96],[32,31]],[[38251,27593],[93,-1],[36,12],[23,25],[24,8]],[[38427,27637],[-8,-30],[-2,-89]],[[38417,27518],[-46,-20],[-104,3]],[[38267,27501],[-14,9],[1,40],[11,13],[-14,30]],[[38627,27359],[38,-12],[38,1]],[[38703,27348],[33,-16],[39,-6],[-11,-63]],[[38764,27263],[-71,-26],[-45,-42],[-27,0],[-37,19]],[[38584,27214],[-3,41],[-31,56],[-12,48],[38,-21],[32,3],[19,18]],[[38133,27503],[4,92]],[[38137,27595],[114,-2]],[[38267,27501],[-16,-5],[-24,-40],[-24,-12],[-52,4]],[[38151,27448],[-19,0],[1,55]],[[38415,27344],[23,27],[39,-1],[60,18],[5,30],[54,8]],[[38596,27426],[31,-67]],[[38584,27214],[-73,35],[-46,13],[-51,26]],[[38414,27288],[1,56]],[[37768,27350],[27,47],[40,23]],[[37835,27420],[50,-41]],[[37885,27379],[24,-27],[102,-140]],[[38011,27212],[-48,-35],[-25,-5],[-65,14],[-82,-14]],[[37791,27172],[-23,178]],[[37667,27334],[89,9],[12,7]],[[37791,27172],[-78,-39],[-16,23],[-33,-7],[-18,19],[19,55],[-10,17],[12,94]],[[37493,27330],[93,-15],[38,14],[43,5]],[[38011,27212],[35,-50]],[[38046,27162],[-231,-31],[-21,-27],[-53,-13],[-51,0],[0,-43]],[[37690,27048],[-52,14],[-23,19],[-11,32],[-25,13],[-38,-14],[-27,13],[-51,-32],[4,34],[-25,53],[24,39],[11,98],[16,13]],[[20446,23208],[41,8],[68,43],[142,72],[25,33],[67,53],[21,41],[54,18],[47,32],[35,58],[-1,37],[13,64],[17,19],[41,1],[28,-17],[20,-26],[14,-94],[34,-55],[34,-67],[125,-74],[21,-44],[-2,-65],[41,-29],[53,-11],[24,-20],[37,5],[53,-14],[53,26],[36,3],[96,-17],[53,23],[86,14],[70,-17],[127,-5],[23,-10],[0,-37],[52,-28],[34,-11]],[[22128,23117],[152,-142],[61,-65],[2,-35],[-13,-27],[8,-48],[30,-47],[-38,-57],[-6,-30],[9,-70],[32,-41],[-17,-42],[-7,-46],[-24,-34],[16,-20],[43,14],[35,-25],[53,-13],[43,-28],[49,17],[39,35],[39,-3],[31,-23],[40,15],[38,0],[2,45]],[[22745,22447],[16,-8],[42,5],[32,-19],[11,-20]],[[22846,22405],[-87,-114],[-70,-27],[-24,1],[-28,-17],[0,-25],[-32,-43],[-9,-45],[22,-39],[-7,-29],[-41,-34],[-58,-25],[-37,-30],[-56,-15],[-41,-59],[-40,0],[-19,-16],[-16,-69],[-40,-44],[51,-37],[54,-27],[4,-10]],[[22372,21701],[-364,18]],[[22008,21719],[0,67],[66,96],[39,9],[29,25],[34,14],[-114,119],[-16,55],[-42,22],[-23,-1],[-18,-20],[-25,-3],[-71,50],[-44,38],[-8,23],[37,84],[5,92],[-38,56],[-19,12],[-53,0],[-33,26],[-6,44],[-33,21],[-25,57],[-44,51],[-26,41],[-5,35],[-52,11],[-44,-16],[-9,-31],[-37,-11],[-45,48],[-32,-45],[-42,1],[-21,-16],[-54,-11],[-12,-37],[3,-32],[-9,-33],[25,-58],[-18,-54],[-39,-36],[-27,17],[-16,-7],[-28,22],[-38,-6],[-47,53],[-30,104],[-27,5],[-34,-8],[-23,13],[-50,-4],[-34,21],[-22,-13],[-28,6],[-14,56],[11,36],[-10,59],[8,26],[-20,41],[-28,27],[-20,3],[2,35],[-9,28],[-29,15],[-23,-3],[-22,31],[-35,-17],[-43,-37],[-32,-50],[-56,-36],[-34,-37]],[[20431,22792],[15,416]],[[22115,23332],[16,5],[26,40],[36,-1],[24,-37],[6,-30],[24,-29],[52,1],[11,-30],[-9,-37],[11,-25],[34,-25],[5,-25],[62,-26],[37,1],[16,22],[48,-15],[40,6],[23,-25],[-21,-28],[0,-50],[10,-19],[49,-3],[50,36],[24,-12],[21,47],[40,20],[22,34],[42,5],[26,24],[25,2],[35,38],[5,59],[18,1],[50,-30],[62,-28],[53,-13],[31,-37],[78,20],[13,12],[30,58],[18,17],[95,-4]],[[23353,23251],[-13,-420],[-12,-316]],[[23328,22515],[-37,41],[-26,12],[-84,86],[-44,-4],[-81,44],[-45,-2],[-20,-14],[-48,7],[-24,-26],[-38,-3],[-31,-34],[-34,-25],[-29,-42],[-42,-34],[-42,-44],[42,-30]],[[22128,23117],[-14,35],[1,180]],[[23328,22515],[-4,-126],[-9,-148],[-8,-239]],[[23307,22002],[-24,5]],[[23283,22007],[-62,14],[-59,-31],[-27,-7],[-53,3],[-44,11],[-40,-8]],[[22998,21989],[-15,23],[12,43],[-8,26],[-25,15],[-49,2],[-11,27],[0,60],[9,93],[-24,17],[-21,39],[-20,71]],[[22008,21719],[-58,4],[-665,33]],[[21285,21756],[24,48],[24,17],[69,11],[24,9],[60,41],[25,31],[9,71],[-39,46],[-52,26],[-58,18],[-40,1],[-28,-11],[-24,-28],[-48,-102],[-42,-116],[-29,-57],[-53,-68],[-26,-24],[-78,-21],[-45,-2],[-67,37],[-14,15],[-41,72],[17,61],[26,32],[35,22],[41,5],[81,-7],[57,4],[34,20],[6,33],[-7,37],[-24,14],[-43,1],[-51,-8],[-46,24],[-37,88],[-24,98],[-21,34],[-31,32],[-108,88],[-58,80],[-65,49],[-42,16],[-75,-10],[-46,-33],[-38,-43]],[[20417,22407],[6,138],[8,247]],[[22998,21989],[-31,-19],[-62,-13],[-53,-50],[-17,-64],[-26,-41],[-18,-57],[-4,-64]],[[22787,21681],[-3,-1],[-412,21]],[[11207,26770],[201,-5],[360,-17],[72,-6],[71,1],[141,-3],[279,-11],[141,-7]],[[12529,25428],[-5,-144],[-417,12],[-560,18],[-276,9]],[[11271,25323],[21,718],[10,294],[-111,3],[12,343],[4,89]],[[10428,25347],[843,-24]],[[12948,25415],[-11,-359],[-16,-643],[21,-2],[-5,-185]],[[12937,24226],[-39,-4],[-38,24],[-6,26],[-42,-11],[-2,22],[-36,28],[-28,1],[-25,25],[-12,-30],[-44,-7],[-7,10],[-47,3],[-4,-29],[-68,-11],[-109,19],[-42,-4],[-36,-21],[-70,-14],[-52,9],[-64,-31],[-36,22],[1,-32],[-14,-11],[-41,1],[-104,20],[-54,-23],[-26,26],[-18,-8],[-10,36],[-24,-7],[-42,-33],[-13,34],[-37,-18],[-1,45],[-28,-2],[-16,21],[27,18],[-48,17],[-29,-3],[-23,-22],[-11,43],[-38,-45],[-46,-1],[-11,-24],[-36,-30],[-20,29],[-28,-14],[-20,31],[-30,11],[-22,25],[-28,-16],[-38,21],[-8,28],[-56,-2],[-54,-27],[-13,22],[-33,11],[-9,34],[-43,-2],[-14,61],[-665,19]],[[10407,24486],[1,144],[20,717]],[[24826,24035],[674,-24]],[[25500,24011],[20,0],[-37,-830],[107,-7]],[[25590,23174],[-16,-6],[-5,-162],[-54,-105],[-16,-65],[-39,-41],[-18,-73],[-21,-36],[7,-36],[-61,-30],[4,-16]],[[25371,22604],[-123,1],[-24,-5],[-12,85],[-45,36],[-23,32],[-84,31],[-24,34],[-72,35],[-82,-9],[-61,-1],[-11,13],[-59,7],[-29,-35],[0,-49],[-21,-37],[37,-86],[38,-49],[-95,-37],[-6,-13],[-52,12],[-27,-8],[-31,8],[-40,-6],[-75,3],[-17,12]],[[24433,22578],[-31,25],[-18,52],[-57,90],[1,82],[10,21],[-20,39],[4,63],[-38,23],[-36,1],[-19,14],[88,160],[69,95]],[[24386,23243],[18,32],[24,89],[19,30],[-20,11],[-143,6],[-3,6],[-91,4]],[[24190,23421],[-39,-5],[-107,4],[-8,-180],[-79,2]],[[23957,23242],[-180,5]],[[23777,23247],[8,267],[19,552],[38,-1]],[[21723,9620],[4,163],[1,154],[11,542],[-2,144]],[[21737,10623],[141,-5],[133,-7],[76,-1],[60,-6]],[[22147,10604],[93,-3],[189,4],[954,-18]],[[23383,10587],[368,-4],[256,-8],[96,-5],[344,-12]],[[24447,10558],[14,-20],[35,-24],[31,-77],[17,-11],[36,-52],[1,-53],[17,-48],[-11,-33],[5,-22],[47,-34],[1,-35],[19,-36],[-22,-48],[-1,-44],[8,-21],[-57,-27],[-4,-25],[27,-44],[39,13],[-2,-29],[-49,-21],[5,-33],[47,-42],[-19,-9],[-21,-38],[21,-24],[9,-39],[-30,-38],[18,-50],[54,-19],[22,14],[39,-42],[-3,-17],[-43,-27],[-14,-18],[-52,-3],[-20,-29],[-15,-90],[24,-3],[18,-26],[40,-22],[16,-31],[9,-58],[53,-1],[8,-55],[48,7],[35,-14],[4,-25],[-41,-18],[-27,-41],[-65,7],[-26,-10],[-60,-58],[-70,-3],[-15,-10],[-39,-91],[-15,-18],[-44,-17],[-5,-67],[10,-14],[46,11],[28,-29],[5,-36],[-19,-25],[2,-93],[29,-25],[0,-49],[25,-89],[-33,-107],[-33,-32],[0,-39],[25,-59],[-18,-39],[12,-25],[-3,-41],[22,-39],[12,-3],[75,15],[6,-20],[34,-14],[-6,-90]],[[24663,7967],[-273,7],[-226,4]],[[24164,7978],[-303,7],[-379,7],[-560,13],[-137,3]],[[21691,8039],[5,195],[4,353],[4,103],[5,277],[8,326],[6,327]],[[22969,8967],[24,12],[58,5],[56,26],[71,54],[-1,-41],[14,-11],[40,13],[37,-18],[55,-3],[19,-34],[74,-4],[6,36],[194,-5],[8,-11],[0,-50],[33,-28],[7,-42],[51,-15],[148,-2],[54,71],[15,5],[4,68],[23,0],[-7,36],[18,33],[1,45],[-15,18],[-18,92],[12,10],[49,5],[42,-10],[26,21],[78,23],[-41,75],[-117,42],[-42,53],[-64,43],[29,21],[34,10],[3,112],[16,8],[10,31],[6,88],[-25,44],[23,28],[11,63],[-25,12],[-77,9],[-33,-3],[-17,-47],[-45,-18],[-39,25],[-83,-2],[-46,-18],[-23,2],[-31,22],[-96,1],[-3,-30],[-32,-6],[-3,-106],[-124,-27],[-109,57],[-74,-42],[-27,-31],[-14,-41],[-22,-20],[5,-52],[-20,-28],[-2,-75],[-30,-17],[-22,-44],[-12,-55],[-10,-76],[0,-106],[30,-25],[26,-63],[-35,-82],[-26,-31]],[[24447,10558],[342,-9],[279,-3],[345,-3]],[[25413,10543],[577,-8],[278,-5],[132,-10],[175,-2],[97,-4]],[[26672,10514],[9,1],[949,-31],[273,-3]],[[27903,10481],[-2,-207],[-7,-349],[-3,-38],[-4,-266]],[[27887,9621],[-10,-501]],[[27877,9120],[-5,-134],[-3,-298],[-11,-364],[-10,-435],[-124,2]],[[27724,7891],[-569,16],[-605,14],[-815,22],[-263,5],[-428,9],[-126,1],[-15,3],[-240,6]],[[41488,26279],[92,-12]],[[41580,26267],[-7,-52],[-18,-23],[-72,9]],[[41483,26201],[5,78]],[[41466,26346],[2,3]],[[41468,26349],[84,-10]],[[41552,26339],[-2,-20],[58,-8],[-4,-33]],[[41488,26279],[-22,67]],[[41468,26349],[52,85]],[[41520,26434],[52,-36]],[[41572,26398],[-20,-59]],[[41374,26003],[21,66]],[[41395,26069],[15,-10]],[[41410,26059],[92,-11]],[[41502,26048],[-15,-104]],[[41487,25944],[-52,52],[-61,7]],[[41426,25870],[68,56],[25,28]],[[41519,25954],[75,12]],[[41594,25966],[-5,-62],[-15,2],[-8,-52]],[[41566,25854],[-5,1]],[[41561,25855],[-89,6]],[[41472,25861],[-46,9]],[[41423,26227],[7,60],[33,53]],[[41463,26340],[3,6]],[[41483,26201],[-46,6],[-27,-148]],[[41395,26069],[13,87],[15,71]],[[5538,40858],[494,-5],[247,-5],[355,-6]],[[6634,40842],[-1,-229],[-7,-632],[120,-4],[30,-10],[-5,-291]],[[6771,39676],[-4,-241],[6,-52],[-2,-285]],[[6771,39098],[0,-144],[-5,-284],[147,-3]],[[6913,38667],[2,-74],[-3,-207],[-15,-50],[2,-101],[-133,1],[-1,-354]],[[6765,37882],[-41,44],[-38,12],[-112,-9],[-79,21],[-53,38],[-122,122],[-17,34],[-7,40],[18,56],[77,83],[24,62],[-5,62],[-17,38],[-36,38],[-67,43],[-86,31],[-63,-2],[-108,-37],[-70,-10],[-48,16]],[[5915,38564],[0,169],[-55,25],[-44,46],[35,13],[-28,38],[23,52],[37,48],[66,52],[6,22],[-31,23],[6,41],[-8,40],[-42,27],[-21,-16],[-17,17],[51,115],[-12,39],[-53,55],[2,36],[-10,48],[17,81],[-18,24],[-37,26],[1,48],[19,32],[-26,49],[14,33],[-1,51],[19,30],[24,15],[-41,43],[-10,52],[10,39],[-47,9],[-1,14],[42,35],[-38,36],[-38,16],[-52,-29],[-34,-4],[-13,-34],[-24,9],[-2,65],[-11,48]],[[5573,40142],[-31,48],[-55,22],[-23,-6],[-44,20],[9,42],[-12,43],[69,6],[5,20],[44,11],[9,52],[-9,51],[26,29],[-22,32],[-6,43],[39,-2],[0,18],[-27,17],[7,29],[29,2],[6,22],[-28,30],[-10,26],[35,-1],[2,19],[-67,40],[28,11],[-14,37],[-20,19],[0,27],[25,9]],[[6634,40842],[460,-8]],[[7094,40834],[410,-7],[416,-1],[394,-4],[532,-1],[2,-2]],[[8848,40819],[-1,-212],[-4,-647],[9,0]],[[8862,38369],[-204,-2],[-296,3],[-146,-1],[-122,4],[-338,2],[-62,3],[-140,1],[4,51],[-34,50],[-58,72],[1,16],[58,38],[15,24],[43,40]],[[7583,38670],[15,17],[-11,48],[-22,10],[-4,62],[-31,14],[-13,31],[-28,23],[-6,21]],[[7483,38896],[3,17],[42,35],[33,2],[15,28],[21,-3],[12,23],[-53,26],[-18,24],[17,43],[-19,60],[37,36],[7,72],[59,-16],[6,287],[-181,0],[26,19],[17,33],[-13,33],[-45,2],[-37,14],[3,39],[11,17],[-49,50],[-17,-18],[-12,-48],[-26,-16],[-15,17],[-86,2],[-450,2]],[[6913,38667],[53,1],[342,-1],[114,2],[148,-2],[13,3]],[[8871,37793],[-107,-2],[-283,3],[-425,7],[-433,3]],[[7623,37804],[0,2],[-360,0]],[[7263,37806],[-144,-1]],[[7119,37805],[-320,-3]],[[6799,37802],[-8,41],[-26,39]],[[47488,8956],[1,42],[123,2],[151,-2],[-1,146],[0,146],[118,1],[150,-3],[1,145],[139,-1],[2,145],[274,1],[6,290],[204,76],[1,71],[256,4]],[[48913,10019],[161,-172],[102,-34],[33,18],[61,57],[20,37],[45,153],[-18,77],[-48,53],[-86,74],[-102,42],[-77,45],[-46,54],[-26,74],[24,116],[103,-23],[79,-6],[25,-15],[120,-4],[34,-7],[38,78],[71,-140],[47,-128],[17,-38],[37,-53],[51,-45],[75,-49],[92,-72],[20,-27],[18,-43],[26,-116],[-2,-65],[9,-77],[15,-56],[50,-64],[63,-26],[54,-6],[63,25],[90,48],[63,12],[65,31],[57,15],[66,-24],[57,-46],[61,-93],[13,-44],[3,-64],[-12,-104],[-14,-73],[-51,-173],[-30,-149],[-30,-167],[-14,-43],[-47,-93]],[[50338,8689],[-53,29],[-6,24],[-67,60],[-9,-47],[-24,-52],[-20,-26],[-56,-95],[-26,-14],[-19,-32],[-15,-47],[-25,-31],[-63,-10],[-32,-14],[-188,-1],[-397,0],[1,-144],[-221,-4],[-8,-18],[-32,-127],[-136,0],[-73,2],[0,284],[-365,-4],[-375,-2],[-78,0],[-2,-219],[-269,-6],[-2,-71],[-67,0]],[[47711,8124],[-84,0],[1,146],[-143,2],[-1,150],[-133,0],[-1,214]],[[47350,8636],[0,73],[139,-1],[-1,248]],[[48310,9286],[4,-287],[366,-3],[43,7],[35,18],[95,-87],[13,-6],[166,9],[-1,217],[34,0],[0,44],[-67,20],[-46,21],[-118,95],[-156,1],[-26,-11],[-40,-1],[5,-32],[-40,-6],[-37,4],[-228,-2],[-2,-1]],[[50338,8689],[-24,-61],[-28,-111],[-46,-101],[-111,-2],[-47,-44],[-57,2],[-30,-10],[-43,-42],[-21,-42],[2,-169],[-7,-32],[10,-44],[58,-109],[61,-58],[41,-21],[43,-9],[89,0],[83,-10],[45,-31],[44,-88],[5,-47],[-6,-50],[-22,-73],[-45,-65],[-75,0],[-51,36],[-22,6],[-99,2],[-61,34],[-24,-1],[-93,-42],[-25,-20],[-45,-56],[-50,-78],[-20,-71],[-6,-66],[5,-71],[29,-59],[53,-63],[52,-68],[55,-47],[48,-59],[10,-30],[1,-66],[-15,-47],[8,-24],[74,-55],[-37,-54],[-82,-103],[-91,-83],[-30,-39],[-53,-90],[-10,-28],[-16,-95],[-12,-147],[-24,-77],[-28,-71],[-32,-67],[-39,-48],[-61,-54],[-70,-27],[-103,-9],[-50,-10],[-33,5],[-65,42],[-64,68],[-127,170],[-43,88],[-60,101],[-61,110],[-46,57],[-39,25]],[[48805,6291],[1,125],[-72,-1],[0,71],[-68,-2],[-1,148],[-68,-1],[2,69],[-72,3],[2,140],[-69,1],[-4,145],[-134,0],[-2,142],[-67,1],[-1,124],[-113,93],[-24,0],[0,73],[-69,-2],[-1,140],[-67,-2]],[[47978,7558],[0,73],[-68,-3],[2,215],[-133,-4],[-3,142],[-68,-1],[3,144]],[[48181,7551],[136,139],[0,-126],[137,1],[0,289],[-68,-4],[-1,73],[-201,-3],[-3,-369]],[[27042,25583],[2,27]],[[27044,25610],[97,-38],[55,6]],[[27196,25578],[-9,-24]],[[27187,25554],[-8,-69],[7,-78],[-8,-20],[-96,-108]],[[27082,25279],[-20,15],[-3,47],[4,131],[-6,57]],[[27057,25529],[-16,20],[1,34]],[[25988,25376],[46,33],[9,41],[27,14],[38,-1],[4,173],[107,-52],[44,-5]],[[26263,25579],[81,-3],[65,-17]],[[26409,25559],[-25,-20],[-3,-98],[32,-13],[-2,-60],[30,-6],[-26,-142],[13,-54],[67,47],[33,9],[79,-33],[74,0],[70,19],[57,1]],[[26808,25209],[44,-2],[5,-12],[-16,-83],[-6,-88],[-16,-35],[0,-43]],[[26819,24946],[44,2]],[[26788,24692],[-14,32],[-80,8],[-11,19],[-34,25],[1,21],[-20,47],[-36,26],[5,30],[21,18],[3,33],[-32,30],[-17,-10],[-22,-73],[-14,-27],[-36,-34],[-51,35],[-30,28],[-23,-8],[13,-72],[-3,-22],[-27,-12],[-31,7],[-29,-14],[-17,-33],[-27,-7],[-25,-23],[-12,31]],[[26240,24747],[4,32],[35,43],[40,37],[17,27],[4,54],[-13,6],[-39,-32],[-31,4],[-18,37],[-88,21],[-46,59],[59,71],[-32,34],[-70,19],[-6,19],[17,37],[30,20],[-12,25],[-19,-1],[-32,-24],[-39,-15],[-35,1],[-4,24],[26,37],[-25,10],[16,35],[22,2],[-13,47]],[[27534,24983],[42,16],[4,25],[-15,28],[-42,15],[-36,23],[-37,3],[-10,18],[16,41],[25,21],[42,4],[30,-17],[48,-50],[56,-95],[6,-51],[59,-35],[8,-40],[-47,1],[5,-22],[41,-8],[64,60],[36,44],[6,21],[-9,56],[-20,23],[-37,85]],[[27769,25149],[-6,42],[21,38],[70,53],[15,19],[54,15],[11,14]],[[27934,25330],[125,-14],[70,3],[159,45]],[[28288,25364],[92,23],[77,28],[50,34]],[[28507,25449],[41,-105],[-80,-3],[-36,-10],[-25,-20],[-28,-48],[-14,-54],[-9,-84],[5,-54],[23,-84],[65,-130],[44,-70],[16,-38],[1,-54]],[[28510,24695],[-2,-28],[-28,-75],[-37,-55],[-69,-59],[-29,-19],[-99,-42],[-62,-2],[-94,10],[-73,-5],[-62,-15],[-61,-31],[-81,-33],[-74,-14],[-44,2],[-86,33],[-20,13],[-59,77],[-34,25],[-69,22],[-71,-14]],[[26874,23125],[-25,-46],[-38,-33],[-130,-49],[-69,25],[-70,30],[-75,60],[-46,31],[-54,18],[-46,-1],[-37,-26],[-190,6],[-504,34]],[[25500,24011],[-4,38],[-26,38],[-5,33],[-47,87],[10,27],[1,58],[-18,100],[26,7],[25,28],[27,-1],[-6,-36],[33,-16],[22,22],[43,-9],[48,7],[13,54],[-8,49],[13,37],[34,-10],[0,37],[93,13],[33,-7],[6,-35],[21,-22],[17,-54],[39,-20],[11,17],[-10,39],[25,11],[11,51],[32,-10],[7,21],[51,11],[-22,52],[-38,28],[-21,43],[24,16],[44,-9],[53,-20],[46,-49],[31,53],[27,-10],[36,34],[18,-1],[25,34]],[[25586,27112],[53,-37],[45,-15],[38,-1],[96,-21],[30,-15]],[[25848,27023],[110,-123],[23,-59],[-5,-66],[-88,-79],[-49,-49],[-17,-58],[21,-43],[23,-23],[55,-31],[101,-32],[13,0],[186,-34],[133,-31],[62,-34],[71,-49],[62,-75],[41,-41],[81,-22]],[[26671,26174],[-7,-116],[2,-50]],[[26666,26008],[-65,21],[-46,38],[-35,7],[-2,-38],[-35,-23],[6,-83],[-12,-10]],[[26477,25920],[-51,-12],[-4,-44],[-17,-24],[-39,-31],[-14,-22],[-26,-9],[-23,-37],[-24,5],[-24,-89],[8,-78]],[[25988,25376],[-22,56],[19,10],[15,83],[-40,22],[-22,-29],[-24,-50],[-34,-36],[-40,-12],[-14,13],[9,31],[-44,25],[-26,5],[-37,-75],[-24,-6],[-16,29],[-3,45],[-19,23],[-29,10],[-81,-70],[-38,-2],[-25,24],[-5,36],[-26,5],[-25,46],[-33,25],[-15,27],[-25,-6],[-1,-39],[11,-45],[-89,-45],[-47,-15],[-37,2],[-27,-29]],[[27187,25554],[47,-44],[11,-28],[40,-36],[-12,-13],[73,-68]],[[27346,25365],[-29,-12],[-19,-21],[-5,-52]],[[27293,25280],[-48,41],[-32,-37],[-1,-33],[-37,-3],[-51,10],[-42,21]],[[33789,21824],[152,-1]],[[33941,21823],[168,2],[692,-1]],[[34801,21824],[-31,-55],[-59,-66],[-75,-71],[30,-45],[2,-41],[34,-36],[3,-43],[17,-37],[-81,-1],[-15,-7],[-62,1],[1,-23],[-41,5],[-40,-13],[-36,23],[-18,-17],[-27,16],[-105,-36],[-8,-71],[-26,-50],[-4,-38],[11,-16],[22,-70],[-7,-180]],[[34286,20953],[-279,11],[-120,3],[5,144]],[[33892,21111],[7,181],[-115,5],[2,129],[3,398]],[[27531,25431],[102,-40],[105,-33]],[[27738,25358],[94,-18],[102,-10]],[[27769,25149],[-60,10],[-112,41],[-93,19],[-39,20],[-49,87],[-59,56]],[[27357,25382],[36,30],[5,23],[68,-12],[11,16],[37,-25],[17,17]],[[8968,31624],[28,3]],[[8996,31627],[30,8],[28,-11],[122,-2]],[[9176,31622],[105,-2]],[[9281,31620],[-1,-90]],[[9280,31530],[-48,-40],[-33,-11],[-130,2]],[[9069,31481],[-75,-9],[-49,30],[19,54],[4,68]],[[9280,31530],[27,18],[31,-39],[8,-52],[24,-45]],[[9370,31412],[-30,-7],[-79,-6],[-39,-21],[-19,-36]],[[9203,31342],[0,52],[-18,32],[-33,25],[-83,12]],[[9069,31463],[0,18]],[[9370,31412],[23,-25],[13,-53]],[[9406,31334],[-9,-72],[-24,-70]],[[9373,31192],[-93,1],[-25,29],[-11,-29],[-47,1]],[[9197,31194],[0,91],[6,57]],[[9406,31334],[110,6],[88,33],[47,-4],[50,-15]],[[9701,31354],[-35,-108],[-3,-69]],[[9663,31177],[-62,4],[-47,-4],[-82,-17],[-80,-28]],[[9392,31132],[-19,60]],[[9453,31476],[36,29]],[[9489,31505],[32,38],[71,122],[27,26],[52,27],[44,13]],[[9715,31731],[-9,-39]],[[9706,31692],[0,-40]],[[9706,31652],[-2,-177]],[[9704,31475],[-251,1]],[[41190,25863],[23,8],[57,-11]],[[41270,25860],[21,0],[62,28]],[[41353,25888],[-48,-157]],[[41305,25731],[-21,-5],[-56,37],[-26,5]],[[41202,25768],[-19,34]],[[41183,25802],[-5,33],[9,26]],[[41183,25962],[102,-1]],[[41285,25961],[-5,-34]],[[41280,25927],[-10,-67]],[[19322,26487],[56,-3],[40,-9],[3,108]],[[19421,26583],[41,40],[65,13],[2,52],[35,-1],[0,37],[24,-4],[49,-29],[84,-5],[21,34],[3,85],[9,28]],[[19754,26833],[306,-9],[3,73],[246,-4],[2,-35],[31,0],[2,-33],[105,-3],[0,35],[109,-1]],[[20558,26856],[-7,-199]],[[20551,26657],[-5,-77],[-2,-105],[-17,-457],[-10,-295],[-22,-678]],[[20495,25045],[-109,7],[-227,8],[-512,25]],[[19647,25085],[27,654],[2,245],[7,0],[8,265],[-35,1],[2,80],[-18,26],[-18,-31],[3,-21],[-22,-33],[-33,-25],[-40,-11],[-19,17],[-13,34],[-20,24],[-12,57],[-28,32],[-25,-14],[-42,-1],[-28,16],[-17,47],[-4,40]],[[18005,29090],[334,-16]],[[18339,29074],[156,-6],[227,-13],[210,-6],[40,4],[122,-7],[89,-1],[355,-18],[224,-8],[1,6],[294,-14],[149,2],[147,-10],[123,-4],[147,-18]],[[20623,28981],[-1,-98],[-14,-428],[-16,-572],[-15,-422],[-19,-605]],[[19754,26833],[-37,3],[3,105],[-69,3],[-126,-72],[-33,-29]],[[19492,26843],[-31,1],[3,108],[-35,2],[5,183],[-10,-3],[-133,6],[-3,-104],[-7,-23],[-30,-23],[-114,-49]],[[19137,26941],[-34,63],[-5,37],[2,79],[-73,-41]],[[19027,27079],[-17,5],[2,67],[-131,6],[-13,30],[39,44],[19,35],[-5,43],[-13,17],[5,36],[-24,11],[-2,40],[40,21],[27,-1],[-4,58],[-14,18],[-69,48],[-8,13],[2,73],[-11,19],[-299,13],[5,74],[-65,7],[-212,10],[-107,10],[12,278],[35,4],[14,324],[-70,4],[11,216],[-170,10],[0,85],[16,355],[-17,6],[2,32]],[[17150,26181],[33,-1],[6,-18],[136,-7],[-1,-73],[412,-22],[376,-19],[234,-11],[4,-27],[48,-3],[14,20],[38,-25],[9,24],[52,25],[39,-8],[45,-40],[54,15],[63,1],[4,-24],[70,40],[25,-1],[-9,32],[31,40],[24,-1],[29,39],[22,44],[-2,18],[20,42],[38,40],[59,18],[-2,29],[75,28],[2,65]],[[19098,26421],[1,33],[71,-5],[-2,-53],[21,-7],[45,5],[14,18],[5,146],[43,-2],[1,-37],[26,-2],[-1,-30]],[[19647,25085],[-250,5],[-591,8],[-11,-287]],[[18795,24811],[-293,10],[-211,9],[-326,11],[-4,2],[-509,18],[-329,11]],[[17123,24872],[13,432]],[[19492,26843],[-53,-43]],[[19439,26800],[-147,34],[-50,6]],[[19242,26840],[-60,12],[-14,43],[-31,46]],[[18786,26727],[321,-18],[1,23]],[[19108,26732],[141,-7],[1,17]],[[19250,26742],[42,-2]],[[19292,26740],[-27,-47],[-65,-36],[-102,-94]],[[19098,26563],[-8,4],[-231,10],[-35,6],[-4,41],[19,45],[-30,22],[-23,36]],[[32158,19029],[36,-24],[33,-45],[-2,-29],[-16,-27],[-28,-19],[-11,-47],[13,-39],[-10,-38],[57,-34],[102,-19],[-17,28],[61,42],[54,-52],[27,8],[-5,46],[59,-12],[33,61],[22,14],[67,19],[24,-12],[73,28],[53,90],[2,43],[183,0],[-3,-44],[15,-36],[-15,-36],[-29,-37],[28,-56],[-15,-62],[24,-35],[-4,-49],[47,-4],[21,38],[-6,42],[15,59],[19,39],[29,37],[37,68],[-1,37],[29,72],[29,26],[13,35],[17,15],[1,26],[25,39],[27,24],[17,46],[0,49],[-20,145],[49,28],[58,18],[11,10],[33,-26],[50,6],[72,20],[38,31],[-15,12],[-28,56],[30,26],[-3,48],[-34,-8],[-36,35],[12,38],[-17,14],[-5,43],[22,22],[-29,58],[19,32]],[[33495,19912],[54,28],[5,22],[-6,81],[31,-4],[36,-42],[-15,-52],[0,-42],[17,-11],[49,-8],[33,37],[13,39],[59,5],[55,-10],[35,6],[19,23],[41,8],[65,-24],[-13,-43],[15,-38],[-32,-47],[20,-17],[0,-41],[17,-30],[-3,-59],[14,-54],[36,-3],[-3,-142],[50,-4],[-3,-68],[9,-36],[31,-32],[6,-96],[-2,-68],[36,-55],[0,-32],[21,-20],[-33,-16],[-10,-25],[-27,-23],[8,-46],[15,-29],[20,-66],[-11,-52],[13,-14],[0,-107],[17,-59],[-4,-32],[-53,-13],[-28,12],[-42,-13],[-45,2],[14,-31],[2,-44],[25,-44],[6,-78],[-5,-100],[-9,-17],[-72,-51],[-140,-26],[-34,-61],[-56,-42],[-16,-27],[-31,-92],[26,-24],[2,-25],[23,-26],[47,-8],[19,-44],[29,-5],[22,-65],[-19,-24],[1,-21],[-20,-43],[-7,-47],[39,-34],[32,-37],[18,-41],[-1,-53],[-59,1],[-36,-13]],[[33805,17480],[6,224],[-205,2],[-301,8],[-638,5],[-437,2]],[[32230,17721],[-88,1]],[[32142,17722],[4,262],[6,573],[1,15],[5,457]],[[32160,19364],[1,135]],[[32161,19499],[37,7],[11,20],[49,27],[33,-10],[62,11],[47,-73],[14,5],[12,48],[-6,32],[-29,43],[32,29],[42,-14],[47,2],[42,-19],[25,18],[6,21],[30,1],[43,-40],[75,-35],[19,62],[-8,48],[-50,27],[-35,-2],[-55,54],[-4,33],[33,44],[38,19],[55,-29],[26,-50],[32,-38],[11,-29],[22,5],[25,-22],[20,-74],[35,-31],[19,11],[21,56],[5,34],[-16,50],[71,46],[41,43],[3,59],[25,15],[2,35],[-48,-7],[-15,31],[15,13],[6,37],[24,24]],[[33050,20036],[2,21],[81,66],[2,92],[36,24],[25,-30],[7,-59],[146,-3],[147,-60]],[[33496,20087],[-6,-59],[-15,-21],[11,-89],[9,-6]],[[32158,19029],[2,335]],[[9167,30095],[34,-2],[35,-42]],[[9236,30051],[9,-28],[-6,-71]],[[9239,29952],[-78,3]],[[9161,29955],[6,140]],[[34801,21824],[397,2],[208,-2]],[[35406,21824],[14,0]],[[35420,21824],[1,-299],[-1,-482],[4,-55],[7,-370]],[[35431,20618],[-82,39],[-22,6],[-24,-22],[-54,-6],[-49,-32],[-86,-7],[-58,11],[-22,-7],[-64,17],[-55,44],[-35,3],[-28,35],[-10,30],[-67,46],[-31,8],[-27,-29],[-30,-9],[-34,10],[-33,-4],[-38,26],[-43,54],[-64,-4],[-18,13],[-51,2],[-53,20],[-70,2],[3,89]],[[40990,27498],[105,-16]],[[41095,27482],[25,-7],[-6,-38],[27,-71],[115,-1],[45,-25]],[[41301,27340],[-1,-102]],[[41300,27238],[-187,56],[-29,5],[-207,12]],[[40877,27311],[105,157],[8,30]],[[41095,27482],[84,-11]],[[41179,27471],[135,-18]],[[41314,27453],[72,-10]],[[41386,27443],[22,-21],[21,-39]],[[41429,27383],[-8,-49],[-75,10],[-12,15],[-33,-19]],[[41596,27428],[-2,-72]],[[41594,27356],[4,-20],[-2,-122]],[[41596,27214],[-110,-1],[2,-18],[-34,-6]],[[41454,27189],[-11,41],[11,105],[-25,48]],[[41386,27443],[97,-11],[113,-4]],[[27807,26566],[42,-2]],[[27849,26564],[160,-6],[8,-27],[59,-19],[9,-29],[72,-6],[24,-46],[32,10],[46,-3],[23,-25],[-2,-70],[7,-11],[51,-2],[38,98],[-1,18],[65,11],[20,-23],[65,-3],[7,57],[20,48],[36,-20],[76,-2],[16,11],[50,-10],[287,-11],[42,-25],[26,-27],[36,-16],[3,-40],[34,-41],[20,-6],[8,-40],[-38,-31],[9,-18],[-28,-16],[-7,-27],[36,-27],[-10,-61],[42,23],[-7,16],[23,31],[36,-11],[-6,-49],[36,6],[46,23],[19,40],[65,19],[67,31]],[[29469,26258],[-25,-45],[-48,-115],[-17,-24],[-146,-140],[-57,-45],[-88,-94],[-89,-87],[-62,-24],[-118,-20],[-40,-14],[-68,-35],[-73,-53],[-106,-95],[-25,-18]],[[28288,25364],[-29,38],[-9,35],[6,164],[-106,-31],[-46,-7],[-20,43],[8,25],[41,43],[30,62],[8,75],[-10,61],[-17,70],[-16,27],[1,30],[25,42],[-1,43],[-44,33],[-10,47],[-51,43],[-14,24],[-48,50],[-40,25],[-24,78],[-60,-5],[-66,5]],[[27796,26384],[44,72],[-76,3],[8,54],[35,53]],[[27738,25358],[-10,28],[5,207],[-3,50],[-33,1],[-4,23],[-41,33],[-8,68],[4,79],[-34,31],[-27,-6],[-30,20],[99,169],[29,141],[8,20],[103,162]],[[27253,27299],[4,23],[24,49],[15,-7],[46,6],[10,67],[-6,39],[-37,17],[26,21],[-3,40],[46,15],[-15,48],[32,26],[1,29],[-28,46],[12,19],[45,13],[1,-37],[13,-29],[28,-9],[10,20],[-35,42],[-11,30],[16,15],[34,-7],[20,23],[-11,41],[39,-9],[19,14],[2,23],[-21,22],[-49,-28],[14,66],[-11,16],[-52,8],[-15,39],[57,47],[-31,35],[-9,24],[71,35],[8,32]],[[27512,28163],[44,48],[25,2],[36,-22],[24,16],[12,69],[28,2],[-2,-42],[136,-9],[15,6],[149,-5],[45,-13],[101,-1],[4,14],[122,-2],[27,16],[16,-15],[45,-7],[-1,-50],[20,-46],[-13,-28],[11,-43],[36,-50],[-5,-53],[28,-6],[10,-38],[-26,-45],[20,-53],[-10,-45],[29,-29],[-3,-30],[32,-37],[14,-41]],[[28481,27626],[-215,-249],[-84,-125],[-44,-140],[-28,-53],[-169,-216],[-39,-106],[-53,-173]],[[27807,26566],[30,70],[-141,6],[-9,-71],[5,-63],[-2,-83],[-38,16],[-38,1],[-14,12],[-66,-7],[-4,-17],[-65,1],[-65,54],[-8,40],[-37,-2],[-44,30],[-29,-48],[-39,-11],[-29,19],[-9,47],[-34,-14],[-29,-53],[-9,49],[-77,11],[-76,-11],[-9,25],[-50,50]],[[26921,26617],[-15,5],[-43,82],[6,16],[35,21],[38,9],[10,46],[-17,48],[2,24],[34,58],[75,5],[51,29],[21,23],[2,44],[-25,37],[10,23],[61,-7],[31,25],[6,32],[-36,39],[-1,23],[34,11],[8,41],[37,12],[8,36]],[[28481,27626],[11,-30],[35,-26],[-3,-56],[43,3],[27,-9],[2,51],[172,-6],[9,34],[29,-1],[1,-34],[104,-6],[-4,-142],[140,-8],[4,92],[-16,47],[-4,60],[-37,44],[-9,27],[-2,99]],[[28983,27765],[5,215]],[[28988,27980],[71,-4],[-2,-57],[48,-34],[31,-39],[36,-10],[11,-27],[33,14],[-6,-70],[53,-27],[-4,-30],[18,-8],[19,25],[39,-34],[34,-57],[34,-15],[43,-2]],[[29446,27605],[19,-46],[67,17],[36,-9],[30,-26],[18,32],[32,-18],[5,-33],[46,-65],[72,-73],[21,-36],[-21,-61],[-17,-16],[-14,-38],[45,-28],[-4,-55],[14,-13],[-13,-43],[48,-30],[7,-42],[-44,-50],[-13,-39],[0,-45],[-13,-41],[0,-35],[24,-60],[44,0],[30,-20],[27,-54],[41,-36],[5,-24],[-23,-40],[11,-50]],[[29926,26528],[-153,-65],[-99,-31],[-111,-63],[-60,-61],[-34,-50]],[[28979,28576],[27,36],[1,100]],[[29007,28712],[48,-12],[25,6],[49,-26],[5,-17],[31,-18],[40,-3],[9,-53],[-19,-8],[-55,-51],[-1,-67],[20,-31],[35,-19],[42,-56],[28,-3],[12,-31],[32,0],[63,-63],[38,-79],[38,2],[8,-23],[-26,-8],[-31,-34],[-16,-30],[-41,22],[-189,5]],[[29152,28115],[-34,66],[-57,45],[-47,72],[-32,21]],[[28982,28319],[-7,109],[4,148]],[[29152,28115],[25,-25],[8,-46],[49,-73],[35,-11],[-1,-37],[15,-29],[1,-30],[63,-62],[19,-39],[4,-30],[19,-33],[49,-32],[26,-25],[1,-33],[-19,-5]],[[28988,27980],[9,246],[-27,-23],[-48,2],[2,52],[16,0],[36,36],[6,26]],[[40827,25315],[101,50]],[[40928,25365],[2,1]],[[40930,25366],[54,-38],[-21,-27],[22,-39],[0,-22],[-42,-56],[24,-20]],[[40967,25164],[-52,-12],[-77,-45]],[[40838,25107],[2,129],[10,36],[-23,43]],[[40634,25297],[177,16]],[[40811,25313],[16,2]],[[40838,25107],[-36,-33]],[[40952,24615],[18,-7],[104,-3]],[[41074,24605],[-28,-36]],[[41046,24569],[-21,-26],[-7,-40],[9,-33],[-12,-61],[-29,-62],[-1,-26]],[[40985,24321],[-122,-38]],[[40863,24283],[23,87],[-28,10],[32,79],[15,66],[3,43],[44,47]],[[38165,27743],[210,-7],[40,0]],[[38415,27736],[-1,-49],[13,-50]],[[38137,27595],[7,97],[21,51]],[[18768,11506],[138,-4]],[[18906,11502],[-3,-67]],[[18903,11435],[-137,-2]],[[18766,11433],[2,73]],[[18603,11873],[103,-3]],[[18706,11870],[69,1]],[[18775,11871],[-3,-146]],[[18772,11725],[-174,3]],[[18598,11728],[5,145]],[[18782,12200],[140,13]],[[18922,12213],[-5,-208]],[[18917,12005],[-42,0]],[[18875,12005],[-55,-3],[-28,6]],[[18792,12008],[2,185],[-12,7]],[[18922,12213],[105,10]],[[19027,12223],[-3,-178]],[[19024,12045],[-1,-35]],[[19023,12010],[-86,2],[-20,-7]],[[8445,31770],[0,-58],[38,-37],[10,-67],[27,15],[39,5],[178,0]],[[8737,31628],[37,-49]],[[8774,31579],[-32,-36],[-16,-44],[-5,-80],[-18,-46],[-14,-68],[25,-66]],[[8714,31239],[-91,-26],[-32,-4],[-82,4],[-39,16],[-26,21],[-16,48],[8,53]],[[8436,31351],[9,20],[8,97],[-34,15],[13,52],[-15,21],[-4,68],[9,49],[-5,33],[8,26],[-18,39],[38,-1]],[[5086,34961],[11,-1],[665,-1],[1000,-7]],[[6762,34952],[712,-7]],[[7474,34945],[8,-361],[-27,-641],[1,-113]],[[7456,33830],[-206,-3],[-20,2],[-25,-41],[-33,-26],[-27,-1],[-9,-45],[-19,-38],[19,-20],[-6,-28],[-31,-27],[-12,-42],[1,-54],[-36,-8],[0,-32],[-26,-1],[-38,-36],[-48,2],[-69,35],[-20,-47],[21,-37],[-15,-20],[-62,-15],[-32,2]],[[6763,33350],[17,53],[-2,40],[-12,41],[-31,58],[-30,26],[-67,12],[-30,-8],[-106,-64],[-26,-11],[-86,-2],[-50,15],[-37,29],[-31,61],[-1,99],[-12,29],[-52,52],[-74,28],[-64,50],[-27,49],[-11,76],[-31,61],[-61,56],[-76,35],[-118,33],[-96,51],[-37,26],[-56,54],[-30,48],[-28,91],[-2,84],[-14,85],[-30,51],[-36,37],[-87,42],[-51,28],[-40,31],[-75,75],[-77,90]],[[7597,31582],[39,10],[25,21],[9,23],[6,80],[-2,35],[-16,100],[1,23],[30,115],[21,52],[8,74]],[[7881,32138],[2,-36],[1,-246]],[[7884,31856],[0,-170],[28,-26],[37,-15],[46,-31],[119,-17],[113,-31],[7,-28],[34,-7]],[[8268,31531],[16,-20]],[[8284,31511],[-64,-10],[-126,-93],[-65,-34],[-72,-14],[-92,2],[-38,8],[-91,35],[-76,64],[-32,48],[-31,65]],[[8445,31770],[153,1]],[[8598,31771],[50,-64],[89,-79]],[[8774,31579],[45,-16]],[[8819,31563],[64,-22]],[[8883,31541],[-2,-196]],[[8881,31345],[-1,-78]],[[8880,31267],[-36,12],[-69,-6],[-61,-34]],[[8281,31773],[7,14]],[[8288,31787],[9,13],[115,70],[30,49]],[[8442,31919],[67,-4]],[[8509,31915],[11,-29],[78,-115]],[[8436,31351],[9,60],[-47,62],[-65,31],[-49,7]],[[8268,31531],[-3,67],[3,59],[-1,82],[14,34]],[[8888,32728],[2,-178]],[[8890,32550],[-1,-143]],[[8889,32407],[-2,-180]],[[8887,32227],[-47,-22],[-45,-3],[-137,1]],[[8318,32477],[-64,115],[-14,60],[-7,85],[-14,41],[-43,63]],[[8176,32841],[102,-26],[40,-22],[50,-49],[32,-14],[194,0],[264,-4],[30,2]],[[10831,18528],[3,89],[279,-8],[135,-3]],[[11248,18606],[-5,-144],[-60,-7],[-170,-119],[-91,-40],[-29,-8],[72,-59],[101,-93],[15,-20],[9,-39],[-4,-106],[-18,-72]],[[11068,17899],[-90,174],[-31,-18],[-57,-18],[-11,11],[-158,6],[-18,-18]],[[10703,18036],[-6,41],[14,27],[9,231],[100,-4],[5,47],[6,150]],[[8769,18341],[26,17],[5,25],[49,28],[18,-20],[48,50],[34,4],[21,-24],[21,12],[17,35],[39,-8],[66,9],[25,-3],[9,35],[22,-3],[17,-33],[59,-13],[13,17],[56,6],[35,-24],[9,-29],[38,9],[8,-72],[20,-36],[55,-41],[20,-35],[33,78],[36,-42],[23,20],[61,23],[18,-23],[18,5],[-2,33],[22,9],[16,-31],[41,-23],[38,39],[31,11],[83,43],[29,-16],[36,14],[24,-17],[53,20],[-2,23],[28,41],[46,-10],[15,19],[29,12],[21,-9],[49,5],[26,21],[36,-8],[46,31],[10,-31],[42,11],[-8,-47],[27,-11],[28,15],[30,-1]],[[10482,18451],[1,-36],[67,-3],[-2,-70],[-8,-64],[16,0],[-3,-73],[35,-1],[-4,-36],[-49,-5],[-7,-169],[35,-2],[-3,-77],[139,-5],[4,126]],[[11068,17899],[-3,-43],[15,-61],[-4,-47],[-11,-286]],[[11065,17462],[-412,15],[-14,37],[-128,5],[-4,-36],[-46,10],[-21,20],[12,35],[-30,16],[5,30],[-53,2],[-4,35],[-409,17],[-6,-143],[-298,12],[-3,-146],[-71,2],[-20,-1008]],[[9563,16365],[-342,10],[-107,1],[-355,8]],[[8759,16384],[-1,144],[1,194],[-2,193],[2,537],[0,144],[5,423],[5,322]],[[8786,20401],[424,-11],[246,-9],[58,1],[136,-7],[119,-2],[312,-9],[128,-6],[275,-8]],[[10484,20350],[110,-1],[302,-13],[365,-12],[141,-7]],[[11402,20317],[-10,-42],[20,-70],[29,-20],[-9,-59],[-23,24],[-23,-3],[9,-37],[-52,-23],[-15,-22],[-48,-16],[-30,-36],[-28,-21],[5,-38],[63,-4],[12,-30],[-29,-5],[-25,22],[-22,-19],[3,-24],[40,-16],[-8,-43],[7,-54],[-81,-27],[98,-5],[4,-5],[-19,-490],[-22,-648]],[[10831,18528],[-33,8],[-69,46],[-20,-31],[-181,5],[-42,-1],[-4,-104]],[[8769,18341],[5,267],[2,275],[6,374],[0,260],[3,33],[0,192],[2,89],[-1,570]],[[11065,17462],[832,-32],[21,-17],[157,-5],[103,-8],[11,-13],[-1,-49],[36,-17],[125,-5],[41,-68],[67,-11],[40,-39],[6,180],[186,-9],[4,-36],[77,-4],[11,17],[29,2],[0,48],[69,-3]],[[12879,17393],[36,-1],[-29,-858],[-8,-287]],[[12878,16247],[-684,38],[-596,23],[-238,8]],[[11360,16316],[-793,21],[-377,11],[-627,17]],[[11402,20317],[211,-7],[23,-70],[25,33],[27,-11],[-12,-34],[-57,-16],[-4,-29],[29,-35],[8,-30],[-51,12],[-24,-34],[15,-18],[52,-14],[67,3],[22,10],[-17,72],[5,35],[19,22],[35,-20],[9,-38],[26,5],[5,47],[25,28],[6,28],[-11,39],[13,28],[51,21],[37,4],[20,-10],[0,-30],[-29,-13],[-12,-28],[22,-63],[-6,-34],[32,-16],[-5,52],[11,29],[31,22],[42,-3],[116,45],[35,20],[29,40],[31,14],[23,-25],[23,-8],[39,20],[73,22],[47,-14],[19,-48],[41,-31],[33,0],[15,-17],[-31,-25],[1,-23],[40,-18],[27,-30],[32,4],[13,29],[-5,61],[20,13],[23,-13],[22,-34],[4,-26],[25,-12],[31,22],[12,-14],[-16,-43],[29,-37],[31,-6],[49,21],[21,26],[40,-5],[7,-40],[29,-3],[7,35],[16,15]],[[12993,20169],[-19,-482],[-2,-147],[-2,-6],[-15,-286],[-2,-100],[-8,-121],[-7,-198]],[[12938,18829],[-16,-312],[-17,-405]],[[12905,18112],[-25,-671],[-1,-48]],[[9000,30303],[106,-6]],[[9106,30297],[-2,-53]],[[9104,30244],[-60,3]],[[9044,30247],[-46,2]],[[8998,30249],[2,54]],[[9106,30297],[1,18]],[[9107,30315],[70,-3]],[[9177,30312],[-3,-71]],[[9174,30241],[-70,3]],[[9180,30384],[12,-1]],[[9192,30383],[58,-3]],[[9250,30380],[-3,-71]],[[9247,30309],[-70,3]],[[9177,30312],[3,72]],[[9247,30309],[-3,-71]],[[9244,30238],[-70,3]],[[9044,30247],[10,-72]],[[9054,30175],[-59,2]],[[8995,30177],[3,72]],[[8955,30072],[70,0],[2,33]],[[9027,30105],[70,-3]],[[9097,30102],[-6,-143]],[[9091,29959],[-70,3]],[[9021,29962],[-71,3]],[[8950,29965],[5,107]],[[9097,30102],[70,-7]],[[9161,29955],[-70,4]],[[9238,30096],[49,-4],[44,-20]],[[9331,30072],[-9,-20]],[[9322,30052],[10,-104]],[[9332,29948],[-93,4]],[[9236,30051],[2,45]],[[6865,36802],[48,-2],[10,12],[43,0],[29,-16]],[[6995,36796],[-40,-26],[1,-47],[-48,5]],[[6908,36728],[-96,1]],[[6812,36729],[53,73]],[[7034,37298],[86,53]],[[7120,37351],[0,-126]],[[7120,37225],[-105,0]],[[7015,37225],[-1,41],[21,1],[-1,31]],[[10180,29951],[35,-1],[3,88],[70,-4]],[[10288,30034],[8,8],[201,-12]],[[10497,30030],[-6,-143],[10,-25]],[[10501,29862],[7,-21],[-21,-171]],[[10487,29670],[1,-161],[-6,-54]],[[10482,29455],[16,-116],[25,-78],[39,-32],[12,-26],[-2,-41]],[[10572,29162],[-70,-9],[-165,-14]],[[10337,29139],[-9,35],[-24,29],[-50,27],[-13,43],[-34,55],[-21,22]],[[10186,29350],[21,50],[4,76],[29,42],[36,35],[-3,21],[10,115],[-29,-12],[-47,1],[-36,47],[9,226]],[[11328,30498],[65,1],[198,-13],[116,-4],[70,2],[13,362]],[[11790,30846],[215,-11],[4,72],[-36,2],[0,76],[7,67]],[[11980,31052],[41,-2],[75,-32],[176,23],[15,-1],[140,-41],[208,-58]],[[12635,30941],[-3,-180],[-16,-455],[-9,-288]],[[12607,30018],[-141,6],[-5,-172],[-182,5],[-61,7]],[[12218,29864],[-111,26],[-56,3]],[[12051,29893],[-13,34],[-30,12],[3,102],[-211,8]],[[11800,30049],[3,143],[-313,15]],[[11490,30207],[4,142],[-130,8],[-38,-12]],[[11326,30345],[2,153]],[[9365,30662],[70,-3]],[[9435,30659],[12,-38],[-6,-105]],[[9441,30516],[-47,1]],[[9394,30517],[-35,2]],[[9359,30519],[6,143]],[[8924,29256],[55,-7],[50,1]],[[9029,29250],[-5,-149]],[[9024,29101],[-64,6],[-42,-5]],[[8918,29102],[6,154]],[[9885,30350],[152,-8],[16,10]],[[10053,30352],[-7,-183]],[[10046,30169],[-51,32],[-148,79],[-8,8],[2,65],[44,-3]],[[8930,29435],[105,-5]],[[9035,29430],[-6,-180]],[[8924,29256],[8,51],[-6,22],[4,106]],[[8830,29440],[100,-5]],[[8924,29256],[-93,6]],[[8831,29262],[-1,178]],[[9170,29354],[39,56],[-34,12],[4,108]],[[9179,29530],[34,-3],[2,36],[41,-2]],[[9256,29561],[29,-2],[2,36],[69,-15]],[[9356,29580],[83,-6]],[[9439,29574],[-45,-26],[-36,-74],[-13,-42],[-41,-29]],[[9304,29403],[-21,-14],[-72,-90],[-5,-27],[10,-37]],[[9216,29235],[-156,14]],[[9060,29249],[7,88],[84,-4],[19,21]],[[8918,29102],[0,-2]],[[8918,29100],[-86,-34]],[[8832,29066],[-1,196]],[[41857,25875],[128,-20]],[[41985,25855],[-12,-74]],[[41973,25781],[-9,3]],[[41964,25784],[-78,15]],[[41849,25813],[8,62]],[[39023,25546],[15,19],[73,44]],[[39111,25609],[97,35]],[[39208,25644],[-2,-78],[-35,-73]],[[39171,25493],[-58,-40],[-34,-13],[-25,-27],[-32,3],[0,44],[-14,26],[15,60]],[[41734,28249],[-28,-4],[-71,34],[-36,-12],[-9,-30],[-41,-45],[30,-23],[-27,-36],[0,-19],[-56,-75]],[[41496,28039],[-33,26],[-28,10],[-63,49],[-46,20],[-40,-5]],[[41123,28324],[-2,47],[14,69],[41,112],[20,25],[43,29],[68,14],[59,-6],[99,-32],[62,-36],[88,-109],[30,-49],[23,-51],[32,-52],[34,-36]],[[29628,36200],[107,-2]],[[29735,36198],[301,-2],[331,-4],[75,1],[135,-5],[41,4],[113,-3]],[[30731,36189],[-4,-145],[-4,-430],[33,-3],[-2,-274],[-7,-442],[-5,-240],[0,-172],[-6,-144],[-11,-435],[-5,-424],[-10,-439]],[[30710,33041],[-151,1],[-131,-3],[-294,-5],[-179,-5],[-312,0],[-59,-2],[-195,6],[-113,0],[-319,10]],[[28957,33043],[7,287],[-213,5],[9,389],[-29,21],[-4,93],[282,-4],[-1,-73],[246,-5],[2,36],[71,1],[0,68],[35,5],[2,103],[-33,42],[3,170],[-94,2],[-57,8],[-130,4],[2,38],[68,10],[3,88],[5,6],[136,-3],[-12,32],[-2,42],[13,18],[-33,52],[-34,2],[5,140],[28,-1],[8,143],[136,-3],[3,54],[33,0],[15,78],[11,4],[39,-53],[43,5],[50,-7],[14,-49],[28,-18],[40,-6],[-3,76],[12,48],[-7,31],[-19,13],[-50,-17],[-35,-31],[-22,-2],[-48,64],[37,29],[8,17],[-36,33],[6,46],[-3,36],[-52,20],[-47,7],[-21,41],[5,25],[35,42],[21,39],[-24,47],[-36,-5],[-3,45],[37,-4],[193,0],[2,59],[35,55],[3,123],[15,39],[3,111],[-9,13],[-47,2],[-15,14],[3,255],[37,18],[1,144]],[[26241,33565],[8,288],[1,85],[7,207],[7,324],[26,950],[7,253]],[[26297,35672],[12,0]],[[26309,35672],[144,-1],[709,-11],[9,374],[4,207],[193,-2],[234,-7]],[[27602,36232],[282,-5],[168,-5],[255,-5]],[[28307,36217],[-8,-606],[7,-93],[-7,-241],[-143,-2],[-10,-356],[-13,-2],[-265,10],[-78,0],[-3,-142],[-5,-72],[-35,-2],[-7,-156],[73,-58],[-5,-180],[-34,-50],[-7,-121],[-108,2],[18,-32],[-8,-35],[25,-22],[52,-13],[-35,-85],[-21,-23],[2,-154],[-17,-565],[-9,-18],[-1,-57],[7,-20],[-1,-59]],[[27671,33065],[-142,7],[-417,15],[-191,8],[-318,18],[-375,14]],[[26228,33127],[5,136],[8,302]],[[28307,36217],[38,0],[498,-10],[500,-2],[285,-5]],[[28957,33043],[-286,5],[-140,6]],[[28531,33054],[-300,0],[-1,1],[-324,2],[-235,8]],[[28946,40074],[279,-4],[0,-71],[143,-1],[-2,-143],[228,-3],[52,4],[16,68],[174,-2],[2,212],[35,6],[1,62],[91,-16],[80,-34],[33,-20],[5,-17],[39,-3],[60,7],[61,-15],[4,-38],[17,-25],[2,83],[-54,16],[-18,15],[2,103],[-12,20],[84,-1],[3,143],[-143,2],[3,138],[4,5],[99,-1],[5,69],[35,13],[-16,41],[58,63],[-6,46],[-35,99],[72,-6],[2,68],[-14,30],[32,39],[9,73],[31,56],[21,-24],[20,4],[36,-25],[-7,-48],[49,49],[19,45],[37,0],[28,30],[-8,23],[42,0],[13,-69],[207,-3],[-2,-73],[447,-9],[86,6],[17,-9],[207,-1]],[[31619,41051],[27,-17],[-2,-93],[-95,-3],[-83,-35],[0,-31],[19,-33],[43,-7],[20,-37],[27,10],[29,-12],[5,-30],[-67,-3],[-5,-39],[-40,-2],[-1,-95],[144,3],[-1,-73]],[[31639,40554],[-2,-153],[-72,-95],[-2,-66],[-22,-43],[-16,-62],[-1,-82],[-72,-3],[24,-143],[62,0],[10,-25],[-24,-36],[-65,-10],[-6,-39],[-27,-13],[10,-34],[-23,-21],[0,-21],[28,-6],[51,-24],[11,-23],[1,-49],[-28,-22],[-9,-26],[37,-12],[32,38],[42,33],[1,-62],[-35,-35],[-36,-10],[31,-28],[21,2],[37,-18],[13,-20],[-34,-38],[-120,-1],[-1,21],[-49,6],[-1,-168],[38,-15],[32,-25],[-1,-108],[104,2],[-2,-74]],[[31576,39046],[-127,0],[-37,4],[-263,0],[-519,3],[-300,4],[-51,-1],[-256,3],[-240,2]],[[29783,39061],[-232,4],[-618,8]],[[28933,39073],[3,500],[8,286],[2,215]],[[9035,29430],[35,-2]],[[9070,29428],[28,-21],[14,-28],[19,2],[39,-27]],[[9060,29249],[-31,1]],[[9216,29235],[2,-33],[-47,-53],[-3,-21],[24,-37]],[[9192,29091],[-55,3]],[[9137,29094],[-113,7]],[[8918,29100],[-1,-55],[32,-82],[-6,-100]],[[8943,28863],[-66,-29],[-45,-5]],[[8832,28829],[0,237]],[[9792,29967],[240,-13],[8,29]],[[10040,29983],[-3,-76],[-24,-9],[-41,-35],[-29,-45],[-4,-42]],[[9939,29776],[-13,0],[3,66],[-14,7],[-132,5]],[[9783,29854],[2,113],[7,0]],[[10040,29983],[83,-4]],[[10123,29979],[0,-24]],[[10123,29955],[-25,0],[-20,-24],[-6,-164]],[[10072,29767],[-133,9]],[[42145,26370],[54,23],[39,28],[73,31]],[[42311,26452],[22,-69],[12,-60]],[[42345,26323],[-97,-40],[-77,21]],[[42052,26444],[53,71],[132,87]],[[42237,26602],[67,-126],[7,-24]],[[41550,26484],[46,76]],[[41596,26560],[36,59]],[[41632,26619],[30,-32]],[[41662,26587],[-11,-41],[-51,-97]],[[41600,26449],[-50,35]],[[42001,26552],[62,50],[9,-12],[112,71]],[[42184,26661],[53,-59]],[[41940,26521],[33,29]],[[41705,25966],[4,26]],[[41709,25992],[130,24],[43,-11]],[[41882,26005],[-17,-58]],[[41865,25947],[-24,-24],[-62,7]],[[41779,25930],[-27,-4],[-51,14]],[[41701,25940],[4,26]],[[41668,26453],[50,91]],[[41718,26544],[92,-53]],[[41810,26491],[-36,-65]],[[41774,26426],[-73,40],[-33,-13]],[[40567,24566],[29,-6],[19,10],[29,46],[-13,86],[14,20],[2,33]],[[40647,24755],[0,5]],[[40647,24760],[38,26],[48,20],[29,-2],[54,-18],[36,-3]],[[40852,24783],[-20,-23],[-13,-100]],[[40819,24660],[-15,-72],[-16,-17],[-61,-34],[-29,-41],[-39,-88],[-33,-18],[-51,-7]],[[40575,24383],[-50,133],[-11,57],[22,17],[31,-24]],[[40754,25567],[105,-2]],[[40859,25565],[1,-91],[36,-50],[32,-59]],[[40811,25313],[-18,38],[13,29],[-7,37],[-17,25],[-31,-22]],[[40751,25420],[3,147]],[[38835,25514],[25,-13],[43,0],[97,31],[23,14]],[[39171,25493],[-10,-54],[-32,-22],[3,-41],[-27,-34],[9,-36],[1,-79],[-8,-30],[28,-16],[0,-30]],[[39135,25151],[-76,14],[-54,2],[-15,-15]],[[38990,25152],[-16,7],[-15,42],[-32,25],[-48,23],[-31,56],[-14,-19],[-26,8],[-27,-13],[-38,5],[-44,-12],[-31,-30],[-37,5],[0,30],[-59,16],[-60,31],[-40,11]],[[37393,21829],[126,-3],[211,-3],[79,1]],[[37809,21824],[95,-132],[133,-176],[94,-118],[264,-355],[13,-25],[58,-81]],[[38466,20937],[91,-115],[5,-23],[28,-39],[-6,-40],[-44,-3],[-17,-35],[8,-22],[30,14],[24,-7],[61,15],[46,-8],[16,29],[2,40],[16,28],[36,-21],[20,-27],[-2,-21],[-76,-58]],[[38704,20644],[-31,-6],[-81,-30],[-79,-47],[-142,-13],[-43,13],[-60,-15],[-33,18],[-43,40],[-24,-8],[-59,-61],[-34,-45],[-32,-17],[-70,-72],[-12,-33],[10,-169],[10,-63],[19,-35],[-8,-71],[4,-34],[-10,-71],[-39,-51],[-5,-35],[-23,-81],[-34,-60],[-4,-36],[41,-69],[15,-104],[-12,-74],[4,-85],[-12,-48]],[[37917,19282],[-20,-25],[-60,-15],[-59,66],[-5,38],[-51,52],[-23,48],[-2,32]],[[37697,19478],[-42,68],[-28,4],[-26,41],[-41,38],[-5,46],[6,85],[-14,39],[-52,27],[-27,30],[11,45],[-6,20],[-41,17],[-45,101],[-34,53],[11,26],[-17,32],[9,20],[-12,32],[-28,3],[3,104],[11,24],[28,19],[5,28],[90,-7],[18,35],[-12,28],[26,18],[43,-11],[25,12],[21,40],[46,17],[14,23],[79,62],[-6,36],[-26,-6],[-18,17],[-27,-1],[-60,37],[-52,41],[-42,23],[3,30],[-58,116],[-45,19],[-16,38],[5,33],[27,34],[-10,46],[17,72],[37,49],[4,56],[38,-16],[28,-29],[134,72],[-149,291],[-28,30],[12,61],[-74,108],[-14,31],[0,44]],[[38704,20644],[18,-26],[24,-11],[43,0],[46,-29],[35,-14]],[[38870,20564],[-3,-122],[-5,-634],[-2,-360]],[[38860,19448],[-14,5],[-40,62],[-52,-31],[-13,31],[-46,34],[-19,51],[-38,10],[-24,-13],[-65,-12],[-50,8],[-64,-15],[-46,25],[-20,-17]],[[38369,19586],[-21,-9],[-135,-93],[-42,-16],[-46,-63],[-109,-76],[-44,-46],[-31,-9],[-24,8]],[[7622,37518],[3,-93]],[[7625,37425],[-35,-14],[-113,-27],[-46,-15],[-99,-1]],[[7332,37368],[0,110],[-33,40]],[[7299,37518],[323,0]],[[17353,6447],[31,38],[29,-10],[9,30],[35,20],[15,62],[-9,54],[27,42]],[[17490,6683],[29,-13],[19,19],[78,17],[67,-57],[36,-21],[44,2],[46,-13],[15,-28],[31,1]],[[17855,6590],[2,-37],[-19,-13],[-3,-32],[-64,-25],[-7,-31],[-23,-38],[43,-20],[8,-40],[-47,-95],[39,-84]],[[17784,6175],[-25,-47],[5,-68],[-3,-46],[-14,-22],[-41,3],[-62,-6],[-34,-59],[-23,-22],[-72,-17],[-53,5],[-52,59],[-18,13],[-20,39],[12,38],[65,32],[6,15]],[[17455,6092],[31,18],[13,31],[-28,31],[-8,38],[30,60],[3,48],[-13,27],[-42,24],[-30,3],[-60,-27],[-46,1],[-21,10],[7,30],[39,13],[23,48]],[[30575,19529],[48,-35],[-17,-28],[0,-106],[-13,-34],[-40,1],[-1,-74],[103,-1],[24,-19],[41,-50],[28,-4],[-25,-45],[-40,9],[-22,-13],[-36,13],[-31,-22],[-43,4],[-69,-15]],[[30482,19110],[1,58],[-22,12],[21,36],[4,80],[-24,0],[-25,23]],[[30437,19319],[45,9],[1,160],[63,17],[29,24]],[[30065,19445],[45,0],[2,22],[58,1],[-2,24],[28,6],[28,24],[4,51],[47,-49],[15,41],[19,-26]],[[30309,19539],[0,-103],[-17,-1],[-2,-56],[35,-1],[-5,-34]],[[30320,19344],[-58,-7],[-2,-53],[-91,-37]],[[30169,19247],[-30,9],[-30,-20],[-45,-13],[1,222]],[[30334,19344],[19,35],[64,153],[26,22],[75,12],[37,-7]],[[30555,19559],[20,-30]],[[30437,19319],[-60,-2],[-43,-12]],[[30334,19305],[0,39]],[[30309,19539],[0,73],[22,13],[86,9],[39,11]],[[30456,19645],[-7,-42],[65,3],[41,-23],[0,-24]],[[30334,19344],[-14,0]],[[41596,27214],[23,-1]],[[41619,27213],[10,-83],[-22,-21]],[[41607,27109],[7,-63]],[[41614,27046],[-35,23],[-147,77]],[[41432,27146],[-25,18]],[[41407,27164],[-8,23],[55,2]],[[41407,27164],[-17,-1]],[[41390,27163],[-84,-1]],[[41306,27162],[-6,76]],[[40021,25701],[64,-3]],[[40085,25698],[42,6]],[[40127,25704],[26,-69],[29,-50],[18,-86]],[[40200,25499],[0,-1]],[[40200,25498],[-39,-8],[-68,59],[-20,-7],[-45,13]],[[40028,25555],[9,45],[-16,101]],[[41074,24605],[31,88]],[[41105,24693],[31,38],[43,12]],[[41179,24743],[10,-16],[-1,-105]],[[41188,24622],[-44,-19]],[[41144,24603],[-21,-38],[-28,-32],[-49,3],[0,33]],[[31486,42050],[511,-13],[384,-6]],[[32381,42031],[-46,-52],[-24,-71],[16,-45],[1,-74],[-21,-86],[-2,-62],[4,-45],[17,-64],[-8,-26],[-30,-42],[-21,-66],[-6,-61],[8,-80],[29,-126],[-26,-83],[0,-99],[7,-45],[-1,-85],[20,-71],[8,-55]],[[32306,40693],[-55,0],[-36,9],[1,-30],[23,-91],[34,-85],[-52,-4],[-9,-12],[-86,1],[-26,-40],[-36,6],[-36,-12],[-68,3],[2,116],[-25,0],[-69,29],[-58,-26],[-171,-3]],[[31619,41051],[-7,13],[0,131],[47,8],[25,41],[-8,31],[44,21],[-58,33],[-21,38],[-48,0],[6,-50],[-40,-8],[-38,94],[44,31],[-11,31],[-30,3],[-2,47],[-38,44],[-38,-47],[-31,14],[-16,28],[27,7],[25,52],[72,18],[26,24],[42,8],[7,304],[-6,7],[-89,4],[-11,9],[-6,63]],[[32306,40693],[17,-91],[26,-82],[5,-48],[24,-126],[17,-72],[44,-134],[-25,-119],[-15,-88],[57,-131],[25,-38],[58,-115],[17,-54],[37,-69],[19,-79],[23,-54],[31,-19],[37,-85],[37,-60],[19,-57],[29,-57],[60,-84]],[[32848,39031],[-446,10],[-593,5],[-122,2],[-111,-2]],[[28947,42115],[549,-15],[36,-2],[271,-3],[22,4],[120,-2],[266,-4],[330,-11],[131,-7]],[[30672,42075],[142,-4],[427,-14],[111,0],[134,-7]],[[28946,40074],[7,705],[6,284],[7,295],[2,8],[6,320],[-33,1],[6,428]],[[26506,18007],[-3,-128],[54,-61],[11,-31],[-21,-11],[-20,-52],[17,-53],[137,31],[36,48],[23,57],[7,41],[36,83],[36,29],[66,4],[44,35],[28,33],[35,62],[53,21],[61,-22],[28,13],[42,-2],[45,8]],[[27221,18112],[30,-6],[15,-33],[-31,-14],[-84,-61],[23,-15],[44,-47],[29,4],[14,-14],[43,-6],[17,-51],[40,-17],[34,3],[13,13],[46,11],[45,-31]],[[27499,17848],[51,-68]],[[27550,17780],[24,-30]],[[27574,17750],[-33,11],[-80,2],[0,38],[-203,4],[-272,7],[-2,-287],[67,-2],[2,-46],[24,-11],[8,-33],[-36,-37],[-2,-90],[-34,0],[-1,-71],[-71,0],[-2,-143],[-35,0],[-1,-35],[-34,0],[-2,-72],[-35,1],[-1,-36],[-21,1]],[[26810,16951],[24,44],[-4,72],[-15,26],[0,31],[-26,16],[-40,-11],[-20,49],[24,9],[15,49],[-2,29],[-29,55],[-57,-32],[-41,10],[-19,18],[-16,46],[-43,31],[-48,56],[-51,48],[-1,28],[-34,10],[-15,-31],[-59,-102],[-53,-52],[-33,-6],[-59,10],[-12,77],[15,58],[61,48],[-42,4],[-62,52],[-5,28],[125,19],[0,30],[35,29],[-13,38],[35,46],[-7,38],[9,31],[-16,138],[13,42],[-11,25],[10,25],[-14,28],[3,35],[48,-3],[49,-41],[23,-53],[18,-18],[28,-5],[8,-18]],[[19439,26800],[10,-42],[-87,4],[0,-26],[-43,3]],[[19319,26739],[-27,1]],[[19250,26742],[-16,27],[8,71]],[[9269,10473],[132,-1]],[[9401,10472],[276,-6]],[[9677,10466],[-12,-381],[-97,-30],[35,-58]],[[9603,9997],[20,-37],[-48,-30],[-31,-31],[-287,4],[2,72],[15,28],[-21,9],[-42,-10],[-2,45],[-33,1],[-14,20],[2,41],[-12,67],[-23,52],[42,19],[40,-3],[4,80],[44,90],[10,59]],[[8757,9195],[627,-10],[8,574],[72,-3],[195,0],[481,-10]],[[10140,9746],[14,-22],[58,-36]],[[10212,9688],[101,-70],[57,-28],[6,-21],[-11,-91],[12,-24],[29,-6],[36,7],[48,-32],[56,-172],[7,-89],[-17,-101],[4,-24],[51,-87],[27,-106]],[[10618,8844],[-34,-34],[-7,-23],[-102,-1],[-1,-47],[-135,2]],[[10339,8741],[-179,4],[-225,3],[-8,-2],[-1,-76],[-39,26],[-52,65],[-34,24],[-224,90],[-39,7],[-87,-7]],[[9451,8875],[-7,21],[-47,-7],[-17,7],[-373,6],[-251,6]],[[8756,8908],[1,287]],[[7483,38896],[-26,24],[-38,2],[0,33],[-105,0],[-18,17],[-82,0],[-2,12],[-62,0],[0,33],[-107,0],[-21,17],[-33,5],[0,21],[-99,1],[-27,13],[-7,23],[-85,1]],[[19019,11720],[2,144]],[[19021,11864],[138,-7]],[[19159,11857],[-2,-145]],[[19157,11712],[0,-72]],[[19157,11640],[-140,7]],[[19017,11647],[2,73]],[[30692,43371],[1,72],[327,-13],[183,-9],[47,-49],[43,-24],[54,10],[60,44],[70,34],[1,40],[-51,8],[-43,17],[-37,46],[7,29],[20,29],[26,2],[46,27],[-36,26],[4,107],[8,27],[27,22],[2,22],[33,1],[1,103],[38,1],[6,18],[-22,30],[-45,25]],[[31462,44016],[-32,37],[-27,11],[-33,74],[-49,69],[38,-2],[1,70],[-18,3],[3,179],[165,-10],[38,52],[38,-6]],[[31586,44493],[57,-29],[40,-40],[19,-36],[27,-80],[7,-44],[16,-37],[42,-52],[53,-34],[83,-27],[64,-13],[110,7],[58,-3],[17,-23],[6,-40],[-7,-38],[-60,-56],[-12,-19],[6,-40],[39,-30],[58,-1],[7,-23],[-18,-48],[-39,-65],[1,-64],[14,-26],[47,-21],[33,-1],[37,-17],[29,-33],[54,-15],[78,19],[-23,-86],[13,-52],[45,-73],[22,-7],[63,11],[60,27],[4,-31],[-18,-41],[15,-27],[71,-2],[44,13],[25,26],[2,30],[30,38],[118,-37],[47,-42],[-55,-62],[-21,-16],[-75,-38],[-42,-34],[-55,-93],[-75,-111],[-38,-95],[-19,-103],[-17,-50],[-40,-90],[-40,-76],[-56,-143],[-22,-78],[-1,-82],[18,-50],[0,-53],[-51,-106]],[[30672,42075],[4,150],[7,379],[33,49],[3,135],[-33,16],[3,355],[-5,63],[6,40],[2,109]],[[28955,42546],[9,285],[15,587],[9,493],[1,224],[4,261],[4,582],[6,297],[3,285]],[[29006,45560],[26,3],[539,19],[335,22],[189,7],[101,6],[270,11],[160,9],[68,-120],[61,-64],[118,-68],[58,-47],[26,-44],[-3,-21],[-44,-118],[6,-49],[15,-25],[53,-43],[82,-21],[126,-17],[123,-36],[97,-20],[25,-12],[22,-32],[7,-50],[-5,-76],[-26,-92],[6,-69],[34,-52],[65,-47],[46,-21]],[[31462,44016],[-7,-16],[-63,2],[-99,-19],[-36,-58],[-33,-1],[-9,19],[-32,-8],[-22,14],[-38,3],[-38,18],[-8,34],[-18,23],[-45,9],[-4,50],[-29,-6],[-180,6],[1,68],[-30,27],[-6,47],[-275,9],[-1,-34],[24,-10],[23,-55],[-21,-44],[-29,4],[-23,33],[-29,8],[-52,-15],[-29,11],[-45,39],[-37,6],[-25,-13],[-40,18],[-21,23],[-21,1],[0,-96],[20,-15],[15,-37],[-2,-146],[-47,28],[-49,14],[-66,2],[18,-26],[-4,-226],[-110,-81],[-72,-24],[-1,-71],[324,-7],[-2,-132],[3,-12],[500,-9]],[[28947,42115],[4,161],[4,270]],[[19108,26732],[5,161],[24,48]],[[40979,25170],[72,30]],[[41051,25200],[0,-77],[10,-35],[39,-30]],[[41100,25058],[-35,-38],[-57,-30]],[[41008,24990],[-29,8]],[[40979,24998],[0,172]],[[40967,25164],[12,6]],[[40979,24998],[-143,39],[-34,37]],[[10604,30317],[32,-10],[53,3],[199,-8]],[[10888,30302],[-5,-14],[35,-33],[5,-60],[-40,-17],[-5,-43],[-48,-15],[-27,1],[-17,-34]],[[10786,30087],[-94,17]],[[10692,30104],[-11,62],[-19,43],[-5,40],[-53,68]],[[10565,30459],[74,5]],[[10639,30464],[267,65],[28,11],[63,44]],[[10997,30584],[111,83],[50,14]],[[11158,30681],[-20,-29],[-52,-57],[-12,-39],[-40,-26],[-8,-30],[-22,-22],[11,-59],[-97,-70],[-10,-34],[-20,-13]],[[10604,30317],[-27,57],[-12,85]],[[11800,31060],[180,-8]],[[11790,30846],[10,214]],[[11490,30207],[-3,-72],[35,-2],[-4,-167]],[[11518,29966],[-141,22]],[[11377,29988],[8,224]],[[11385,30212],[-2,35],[-51,71],[-6,27]],[[23165,45398],[418,9],[548,16],[210,9]],[[24341,45432],[1,-203],[-16,-24],[-2,-51],[29,-1],[64,-32],[3,-253],[56,-59],[-143,-508],[28,-3],[19,-31],[139,2],[15,-26],[39,-3],[41,-47],[18,-31],[44,-28],[28,1],[11,53],[37,1],[29,-21],[32,-99],[57,-2],[28,8],[28,-14],[68,-14],[2,-33],[18,-55],[9,-49],[-25,-26],[0,-31],[73,-1],[10,-427],[5,-81],[71,0],[0,-231],[3,-126]],[[25160,42987],[-99,-3],[-225,0],[-275,-5],[-883,-11]],[[23678,42968],[-282,-1]],[[23396,42967],[8,20],[-21,55],[11,48],[-12,23],[21,36],[-23,53],[27,87],[-35,42],[16,38],[-14,18],[12,25],[-4,57],[40,-3],[36,14],[16,-32],[58,55],[-75,36],[-28,24],[1,26],[19,15],[19,-29],[28,49],[-9,37],[-26,-3],[-23,49],[-35,0],[-52,25],[-82,77],[48,51],[1,18],[-52,9],[-10,33],[-46,19],[-5,40],[25,19],[25,-4],[10,20],[-28,62],[-27,8],[0,44],[61,22],[-12,28],[13,35],[-31,46],[18,14],[45,83],[43,46],[25,-32],[15,39],[59,62],[-6,28],[-39,66],[5,57],[-21,-3],[7,45],[-26,19],[39,19],[36,-28],[22,22],[29,7],[-28,43],[-91,5],[-52,36],[-40,3],[-1,16],[-40,32],[24,23],[5,24],[31,50],[14,59],[41,27],[37,9],[13,43],[-1,36],[-25,34],[-36,10],[-31,-40],[-118,-34],[-54,13],[13,22],[-7,34],[37,-16],[152,49],[1,35],[-76,-1],[8,69],[-9,30],[-41,7],[-21,15],[-77,-1],[-3,14],[37,24],[11,25]],[[24341,45432],[346,12],[215,10],[204,2],[152,0],[395,11],[266,8]],[[25919,45475],[2,-47],[-5,-628],[-1,-513],[4,0],[-1,-431],[2,-101],[6,-758]],[[25926,42997],[-182,0],[-227,2],[-1,-4],[-283,-5],[-73,-3]],[[31117,7826],[32,-1],[5,329],[8,196],[-1,170],[2,305]],[[31163,8825],[250,-8],[328,1],[106,-5],[234,-5],[278,-1],[53,-8],[114,-3],[336,1],[443,-5],[28,3],[319,-1],[599,-4],[207,-13]],[[34458,8777],[-5,-100],[-10,-475],[260,-3],[142,-8],[176,-1],[246,-8]],[[35267,8182],[-4,-216],[1,-15],[-9,-200],[-16,0],[-10,-552],[-7,-306],[-10,-674],[-6,-252],[4,-53]],[[35210,5914],[-36,13],[-35,-12],[-67,8],[-42,-7],[2,49],[18,43],[-26,35],[0,105],[16,33],[28,12],[29,58],[-18,50],[-28,14],[-22,-33],[-36,8],[-37,-27],[-19,9],[-25,-24],[-43,-12],[-16,-29],[-46,-7],[-25,-18],[-13,63],[-33,65],[-36,-11],[-80,79],[3,76],[29,46],[53,-9],[50,-1],[-2,42],[-40,21],[-14,25],[-43,10],[-21,21],[-5,39],[42,23],[27,36],[-1,42],[-21,11],[-19,31],[-51,2],[-36,-12],[-1,22],[-65,7],[-11,-16],[-58,-20],[-52,1],[-40,19],[-8,32],[-27,12],[-421,7],[34,-82],[-1,-78],[-33,21],[-40,9],[-22,26],[-53,10],[-26,-24],[-2,-161],[-70,0],[-3,-216],[-156,-1],[-26,38],[-53,1],[-9,36],[-36,1],[-28,-63],[28,-84],[-2,-102],[-68,-3],[-15,-6],[-56,8],[-1,36],[-69,1],[-2,-68],[27,-34],[8,-46],[27,-46],[-85,-3],[-23,-8],[-12,31],[-24,13],[-15,35],[-2,56],[9,22],[-29,26],[-56,5],[-5,25],[33,36],[-20,21],[-35,-7],[-13,49],[-14,23],[-34,7],[-2,21],[16,23],[-20,23],[-41,18],[-2,-37],[-34,-25],[-22,8],[-10,38],[-25,4],[-26,-20],[-25,4],[11,89],[30,30],[26,52],[-58,1],[-7,22],[-3,73],[-24,25],[-42,22],[-51,6],[1,21],[-55,10],[-76,-32],[-62,0],[2,104],[-15,27],[-25,13],[-362,5]],[[32015,6874],[3,215],[-11,15],[12,127],[18,11],[17,44],[35,1],[-3,190],[25,53],[2,66],[-23,51],[-85,8],[-97,-13],[-20,-37],[-14,-6],[-93,-3],[-120,-58],[-52,-66],[-110,-75],[-28,-8],[-116,2],[-17,7],[-70,56],[-21,11],[-67,2],[1,134],[-9,10],[-135,3]],[[31037,7614],[4,214],[76,-2]],[[32015,6874],[-301,6],[-1,-112],[-5,-34],[-64,1],[-3,-139],[-16,-7],[-3,-83],[-23,-31],[-8,-56],[25,-36],[7,-40],[22,-5],[30,21],[38,-2],[50,-75],[7,-31],[39,-6],[26,18],[30,0],[5,-42],[22,-37],[52,-10],[35,-29],[8,-27],[2,-116],[8,-37],[-6,-29],[14,-31],[-16,-26],[-23,-84],[-18,-35],[10,-81],[-2,-123],[52,-163],[29,75],[24,33],[86,-77],[11,-17],[36,-17],[34,-32],[2,-54],[-18,-37],[-30,-15],[-74,4],[-15,-39],[190,-2],[19,-9],[48,-43],[43,-17],[33,-33],[-14,-11],[-84,2],[-26,-22],[-39,-13],[-46,1],[-83,-96]],[[32134,4974],[-206,2],[-873,1]],[[31055,4977],[-1,190],[4,110],[1,149],[0,303],[-1,304],[-45,5],[-3,181],[7,336],[1,134],[5,217],[2,141],[5,282],[7,285]],[[35210,5914],[-12,-305],[-13,-625],[2,-24]],[[35187,4960],[-556,-2],[-270,1],[-416,-2],[-137,1],[-262,-2],[-596,-1],[-212,5],[-267,9],[-337,5]],[[39741,25455],[1,79],[13,32],[23,0],[1,86],[-5,17]],[[39774,25669],[90,-3]],[[39864,25666],[1,-66],[50,-59]],[[39915,25541],[22,-76],[25,-47]],[[39962,25418],[-117,1],[-32,-6],[-72,12]],[[39741,25425],[0,30]],[[39962,25418],[-2,-38]],[[39960,25380],[-32,-7],[-15,-20],[-39,-12],[-28,5],[-1,-94],[3,-48]],[[39848,25204],[-74,8]],[[39774,25212],[0,51],[-35,9],[-10,60],[16,21],[-4,72]],[[40499,25566],[17,6],[123,0]],[[40639,25572],[-3,-164]],[[40636,25408],[-141,2]],[[40495,25410],[4,156]],[[40639,25738],[1,34]],[[40640,25772],[117,-4],[0,-13]],[[40757,25755],[-3,-185]],[[40754,25570],[-115,2]],[[40639,25572],[0,166]],[[40754,25570],[0,-3]],[[40751,25420],[-60,-1],[-55,-11]],[[38990,25152],[-24,-87],[2,-54],[9,-30],[51,-16],[36,-28],[43,-17],[67,-43],[67,-85]],[[39241,24792],[-52,-17],[-26,1],[-149,31],[-60,7],[-111,-28],[-163,4],[-96,14],[-211,-40],[-226,-91]],[[38147,24673],[0,2]],[[14310,30458],[152,-5],[293,-13],[105,-2],[176,-9],[67,2]],[[15103,30431],[16,-29],[1,-48],[160,-4],[177,-11],[-3,-143],[145,-2],[6,180],[-28,67]],[[15577,30441],[3,155],[-15,25],[17,59],[25,17],[69,7],[18,47],[22,18],[157,-2]],[[15873,30767],[654,-13],[159,-12],[386,-22],[131,-7],[110,-9]],[[17313,30704],[-16,-356],[-12,-359],[-10,-230],[-11,-219]],[[17264,29540],[-92,22],[-66,8],[-233,12],[-44,5],[-88,20],[-229,26],[-19,-1],[-137,-28],[-141,-17],[-70,6],[-90,17],[-386,10],[-55,11],[-100,51],[-66,17],[-153,4],[-124,6],[-221,5],[-667,33]],[[14283,29747],[14,343],[-16,81],[2,37],[-18,43],[3,50],[13,25],[29,113],[0,19]],[[15103,30431],[20,31],[107,-1],[123,-8],[164,-7],[60,-5]],[[27903,10481],[532,-4]],[[28435,10477],[286,-2],[295,-20],[173,-9]],[[29189,10446],[331,-20],[184,-4],[170,1],[115,-3]],[[29989,10420],[-13,-51],[20,-46],[29,-32],[-22,-43],[-5,-33],[-22,-58],[-6,-47],[-22,-30],[-5,-232],[7,-20]],[[29950,9828],[-168,-113],[-63,-25],[-83,-20],[-141,-72],[-2,147],[-33,6],[-1,-35],[-209,8],[-170,9],[-2,-82],[-11,-19]],[[29067,9632],[-94,55],[-62,17],[15,36],[91,-5],[26,20],[4,54],[-23,70],[-116,6],[-3,27],[-26,33],[-45,-68],[-94,-114],[-23,-13],[-416,4],[-112,-10],[-31,12],[-92,1],[-29,-27],[-34,-12],[-27,5],[-20,-11],[-41,-66],[-28,-25]],[[20225,15966],[1,36],[222,-6],[40,-11],[15,-27],[185,-4],[-14,69],[2,27],[-18,21],[-11,77],[85,26],[48,36],[-10,32],[-24,13],[-32,-15],[-32,1],[-10,24]],[[20672,16265],[10,23],[79,-3],[31,5],[30,20],[64,-12],[33,7],[32,-9],[60,38],[17,35],[21,12],[5,219],[28,0],[49,12],[65,-24],[126,-3],[45,4],[66,57],[30,-6],[102,6],[49,-23],[67,-53],[8,-55],[-12,-32],[4,-64],[-18,-55],[72,-1],[0,-36],[95,-2],[7,-36],[34,-1],[0,-36],[67,-1],[0,-71],[70,-2],[-5,-195],[44,15],[95,-1]],[[22142,15997],[-14,-599],[-10,-532],[-4,-158]],[[22114,14708],[-123,0],[-238,7],[-428,10],[-76,-1]],[[21249,14724],[-20,33],[15,15],[6,67],[-15,47],[-31,17],[-26,32],[-45,31],[-22,25],[9,61],[14,19],[-9,46],[-26,11],[-107,-6],[-8,14],[26,51],[9,48],[-25,31],[-33,6],[-27,-12],[-15,33],[21,29],[98,32],[8,30],[-56,26],[-30,40],[-26,23],[11,45],[-5,35],[-43,2],[0,-36],[-194,5],[21,-34],[-3,-110],[-41,1],[-4,-35],[-126,1],[-3,-35],[-74,1],[-4,-34],[-98,3],[-35,7],[1,52],[-33,11],[-1,40],[-131,6],[28,144],[-1,57],[6,63],[-5,76],[23,121],[2,107]],[[29067,9632],[24,-29],[4,-32],[-15,-50],[-6,-210],[4,-77],[8,-49],[45,-118],[60,-169],[-6,-24],[6,-67],[1,-88],[-237,8],[-264,10]],[[28691,8737],[-288,6],[-69,41],[-18,-38],[-83,2],[13,52],[26,51],[-12,40],[-150,3],[-64,47],[-22,39],[-38,24],[-51,61],[-26,44],[-32,11]],[[19663,15910],[136,-4],[5,37],[98,21],[3,11],[320,-9]],[[21249,14724],[-93,1],[-392,10],[-301,7],[-14,-716]],[[20449,14026],[-49,-1],[-441,10],[-152,9],[-184,4]],[[19623,14048],[7,407],[6,271],[12,614],[15,570]],[[29179,7393],[61,-1],[20,-15],[49,-14],[29,5],[45,27],[58,-1],[21,-11],[81,-2],[-4,26],[50,-1]],[[29589,7406],[22,-40],[49,-70],[32,-20],[-5,-38],[-83,3],[-8,-58],[-29,-2],[-29,-44]],[[29538,7137],[-30,23],[-6,54],[-71,-4],[-51,24],[-30,-2],[-22,14],[-81,0],[-92,5],[-2,63],[25,19],[1,60]],[[29557,7631],[3,-18],[-4,-134],[33,-73]],[[29179,7393],[-102,3],[2,108],[238,-5],[-1,30],[-35,34],[-31,20],[2,97],[96,-1],[24,-6],[69,-2],[-1,-36],[117,-4]],[[24552,7192],[17,-43],[28,-136],[33,-82],[49,-137],[60,-101],[15,-10],[101,-37],[66,-7],[21,-10],[29,-41],[1,-108],[7,-27],[41,-53],[43,-22],[55,-66],[67,-27],[81,-114],[23,-83],[22,-38],[25,84],[-5,82],[28,53],[33,41],[-1,20],[51,73],[27,27],[19,-15],[67,42],[67,-4],[-45,-45],[11,-64],[-23,-73],[15,-64],[49,-30],[41,-4],[25,-28],[81,-13],[48,5],[36,-18],[-10,-51],[-25,-25],[-21,-69],[-24,-1],[-82,-34],[-24,-19],[-1,-21],[-110,-25],[-31,-36],[-4,-21],[-37,-38],[-2,-34],[43,-87],[-23,-86],[-74,-61],[35,-17],[25,-64],[-14,-22],[7,-30],[42,-16],[14,-45],[-5,-47],[-11,-23],[-22,-6],[-111,-165],[-18,-16],[-49,-72],[-42,-21]],[[25286,4967],[-300,4],[-577,-3],[-105,-2],[-402,-1]],[[23902,4965],[21,58],[-7,52],[-28,50],[-58,28],[-9,30],[22,90],[30,65],[6,32],[-40,25],[-64,10],[-35,67],[-31,7],[-71,-32],[-21,3],[5,60],[33,38],[11,41],[-26,53],[-2,29],[13,24],[20,0],[-2,145],[12,29],[90,-10],[11,23],[-32,31],[-5,56],[55,39],[-6,16],[15,37],[-6,51],[46,30],[14,84],[2,49],[-53,53],[-64,8],[-52,14],[-17,107],[-29,20],[-41,16],[-20,23],[-18,48],[-2,70],[-25,36],[-12,38],[-64,1],[0,68],[-19,76],[-17,13],[-20,41],[-33,19],[1,25],[53,26],[55,38],[25,3],[37,-21],[17,4],[5,34],[15,13],[60,-1],[29,9],[65,-48],[23,24],[77,-5],[20,-50],[29,28],[34,19],[35,1],[2,-63],[47,14],[82,54],[-22,45],[1,35],[23,41],[23,19],[11,32],[39,35],[174,-2],[17,-13],[24,-43],[73,1],[46,-4],[53,16]],[[24164,7978],[104,-158],[70,-82],[13,-25],[5,-88],[6,-19],[77,-119],[79,-214],[34,-81]],[[23902,4965],[-152,0],[-677,-3],[-345,0]],[[26690,16333],[-1,144],[136,0],[2,209],[-48,1],[-18,16],[0,52],[26,13],[-10,70],[2,30],[16,31],[1,41],[14,11]],[[27574,17750],[-35,-78],[-28,-43],[21,-61]],[[27532,17568],[44,-118],[-42,18],[-47,-37],[-2,-51],[29,-1],[-7,-27],[33,-15],[-3,-24],[22,-37],[26,-18],[-8,-28],[8,-37],[45,32],[19,25],[6,35],[29,0],[2,105]],[[27686,17390],[39,9],[65,0],[-9,-79],[50,-30],[53,-4],[27,26],[26,78],[40,37]],[[27977,17427],[25,5],[-2,32],[59,30],[73,-3],[-24,-27],[15,-24],[43,-34],[22,-28],[61,-38],[12,-36],[0,-31],[-21,-96],[-3,-119],[-50,-2],[52,-46],[-24,-28],[-107,-36],[-36,-24],[-64,1],[2,-33],[-65,5],[-136,1],[-2,-137],[-27,-31],[15,-27],[11,-54],[-5,-245],[-11,-60],[10,-50],[-105,1],[-1,-36],[-175,4],[-1,-72],[-35,0],[0,-37],[-35,1],[-1,-71],[-69,0],[-16,-36],[-124,3],[-3,-144]],[[27235,15905],[-47,1],[-458,-8],[-44,1]],[[26686,15899],[3,202],[1,232]],[[27365,18457],[-6,-14],[-75,-39],[23,-61],[-53,-40],[-16,-38]],[[27238,18265],[6,-53],[-23,-100]],[[26506,18007],[35,-4],[2,124],[-22,20],[-57,109],[13,29],[-3,138],[-34,47],[-67,23]],[[26373,18493],[9,47],[50,10],[25,-9],[44,-45],[23,3],[30,33],[7,25],[-19,59],[-44,24],[-58,1],[-40,36],[-7,23],[0,60],[21,76],[27,48],[52,14],[12,-23],[47,-41],[-21,-51],[7,-18],[36,-37],[77,-49],[19,-32],[-48,-64],[-34,-38],[13,-54],[44,-80],[-2,-51],[-41,-28],[-37,-40],[-6,-24],[32,-12],[39,15],[31,28],[27,45],[36,8],[54,-7],[111,-35],[61,12],[-19,32],[-95,25],[-25,41],[3,60],[32,54],[42,44],[67,13],[31,-8],[24,16],[36,-11],[72,-48],[66,-37],[38,-14],[37,-25],[33,-11],[73,4]],[[25477,18416],[52,-46],[38,-2],[102,49],[31,4],[23,-30],[2,-36],[38,-48],[128,-3],[66,-38],[28,-1],[40,-19],[17,53],[0,33],[-19,59],[-7,53],[28,39],[43,1],[37,-22],[40,-1],[65,-21],[28,-32],[41,9],[29,16],[46,60]],[[26690,16333],[-955,503],[-276,145],[-16,-1],[14,532],[5,271],[12,525],[3,108]],[[25490,19300],[18,-4],[25,21],[66,-6],[27,24],[46,20],[217,-5],[-20,-51],[39,-21],[145,-5],[179,-1],[58,-36],[30,-6],[-4,-237],[-11,-31],[28,-45],[10,-31],[63,-70],[-25,-79],[-40,-7],[-30,-19],[-18,-57],[16,-15],[-2,-160],[26,19],[40,-5]],[[25477,18416],[13,884]],[[27238,18265],[58,-8],[11,16],[52,4],[55,-5],[30,-17],[29,20],[15,22],[45,7],[32,-24],[1,-49],[33,-26],[28,12],[25,42],[66,36],[134,-2],[-1,-88],[-30,-28]],[[27821,18177],[-13,-19],[-63,-59],[-42,-18],[-216,-18],[14,-72],[-14,-85],[12,-58]],[[37649,28828],[65,46],[27,9],[54,2],[29,39],[34,5],[45,-7],[56,-25],[27,0],[44,32]],[[38030,28929],[42,-51],[15,-34],[11,-62],[37,-88],[38,-104],[85,-182],[41,-66]],[[38299,28342],[-57,-31],[-14,9],[-137,2],[-4,-195]],[[38087,28127],[-73,-3],[-22,34],[-37,16],[-86,0],[-92,7],[-64,13],[-35,40],[-27,-1],[-27,17],[-92,26],[-59,26],[-29,39],[-23,-3]],[[37421,28338],[-56,-6],[-44,-20],[-109,-37],[-12,-13],[-44,-14],[-20,-17]],[[37136,28231],[-16,26]],[[37120,28257],[-33,49],[-53,41],[-77,67],[-73,29]],[[36884,28443],[-38,18],[-54,49],[-31,72]],[[36761,28582],[36,10],[13,17],[33,2],[50,-15],[29,-32],[105,6],[28,19],[65,1],[53,-9],[23,-26],[3,-29],[45,21],[77,-4],[41,-43],[29,4],[33,-18],[31,8],[32,-26],[46,1],[26,25],[31,-12],[22,12],[-30,65],[2,33],[23,63],[-11,42],[18,22],[44,-7],[17,20],[-2,32],[-44,39],[20,25]],[[27821,18177],[5,-27],[24,-7],[-2,-142],[-29,-56],[-37,-27],[1,-126]],[[27783,17792],[-233,6],[0,-18]],[[27687,17477],[50,-8],[-4,64],[54,7],[54,-48]],[[27841,17492],[66,-6],[30,-28],[22,-6],[18,-25]],[[27686,17390],[1,87]],[[38579,27743],[139,-2],[64,-12]],[[38782,27729],[58,-11]],[[38840,27718],[13,-31],[9,-74],[-26,0],[-1,-24]],[[38835,27589],[-29,-6],[-104,4]],[[38702,27587],[-72,7]],[[38630,27594],[0,48],[-22,55],[-29,46]],[[39465,27624],[9,8]],[[39474,27632],[175,-44]],[[39649,27588],[32,-7]],[[39681,27581],[1,-15]],[[39682,27566],[-26,11],[-71,-50],[28,-45],[-61,-40]],[[39552,27442],[-50,80]],[[39502,27522],[-41,35],[4,67]],[[38714,27462],[28,-5],[79,-51],[45,-9],[41,-44],[76,93]],[[38983,27446],[16,-3],[15,-87]],[[39014,27356],[-15,-50],[5,-23],[50,-67]],[[39054,27216],[57,-78]],[[39111,27138],[-32,-12],[-86,-10],[-72,-18]],[[38921,27098],[-10,63],[-137,7]],[[38774,27168],[2,47],[-12,48]],[[38703,27348],[6,51],[-6,29],[11,34]],[[38042,27971],[41,15],[-1,-31],[27,-47],[36,10],[50,-6],[19,16],[60,17],[45,-11],[14,15],[38,9],[3,46],[46,5]],[[38419,27928],[-4,-192]],[[38165,27743],[-161,5]],[[38004,27748],[-55,2]],[[37949,27750],[-21,0]],[[37928,27750],[12,34],[49,-14],[8,11],[5,103],[38,26],[2,61]],[[39635,27297],[65,29],[30,32],[20,45]],[[39750,27403],[44,-75],[12,-32],[54,-16]],[[39860,27280],[58,-11],[70,-31]],[[39988,27238],[-59,-54],[-47,-28]],[[39882,27156],[-121,-69]],[[39761,27087],[-21,33],[-35,38]],[[39705,27158],[-1,28],[-69,111]],[[39309,27461],[24,18],[13,41],[6,109]],[[39352,27629],[113,-5]],[[39502,27522],[-27,1],[-75,-49],[8,-52]],[[39408,27422],[-46,-1],[-29,-11],[-30,7]],[[39303,27417],[6,44]],[[39682,27566],[7,-46],[32,-44],[10,-44],[19,-29]],[[39635,27297],[-28,-12]],[[39607,27285],[22,35],[-77,122]],[[38489,26842],[34,23],[51,-5],[48,35]],[[38622,26895],[57,50],[141,42],[23,15],[58,83],[20,13]],[[38921,27098],[27,-45],[23,-56],[31,-26],[19,-46],[13,-5]],[[39034,26920],[15,-27],[14,-82],[39,-48],[-119,-44],[-11,-30],[0,-58]],[[38972,26631],[-53,6],[-115,-23],[-72,-5],[-33,-12]],[[38699,26597],[-15,57],[-78,-39],[-71,-30],[-21,143],[-8,20],[13,81],[-30,13]],[[38835,27589],[67,24],[73,-14]],[[38975,27599],[13,-45],[-5,-83]],[[38983,27471],[0,-25]],[[38714,27462],[-12,83],[0,42]],[[18227,43358],[440,5],[701,17],[173,3],[176,0]],[[19717,43383],[9,-13],[-1,-187],[-6,-46],[-19,-12],[-5,-39],[-31,-56],[-32,-21],[-40,-5],[-12,-26],[-1,-62],[21,-33],[96,-18],[29,-26],[3,-75],[-15,-24],[-73,8],[-31,-49],[-46,-31],[-38,-9],[-4,-89],[-36,-52],[2,-49],[34,-47],[0,-34]],[[19521,42388],[-18,-14],[-128,0],[-1,-139],[-9,-48],[9,-40],[0,-120],[36,-29],[-2,-150],[-40,-48],[6,-15],[-1,-72],[18,-32],[33,-17],[14,-22],[-2,-75],[19,-55],[-10,-35],[35,-35],[-1,-73],[55,13],[5,-28],[-11,-72],[-23,-12],[-6,-25],[17,-22],[5,-65],[24,-74],[3,-110],[130,1],[30,-7],[56,-28],[74,1],[94,290],[149,1],[-5,-24],[28,-12],[79,1],[21,-67],[36,1],[27,-41],[108,2],[21,17],[66,-21],[68,0],[-3,-34],[18,-14],[66,30],[10,30],[55,17],[30,-23],[70,-20],[34,-27]],[[20810,41047],[-1,-231],[7,-36],[-8,-613],[-16,-38],[-64,-65],[-51,-104],[-5,-22]],[[20672,39938],[-296,3],[-192,-3]],[[20184,39938],[-264,-3],[-768,-16],[-389,-10],[-204,-3],[-74,0],[-220,-6]],[[18265,39900],[-35,0],[0,468],[-1,396],[-3,99],[2,594],[2,100],[-5,648]],[[18225,42205],[-1,721],[3,432]],[[19157,11712],[147,-6]],[[19304,11706],[3,-51],[-2,-169]],[[19305,11486],[-112,6]],[[19193,11492],[-38,88],[2,60]],[[39576,14956],[0,476],[-3,98],[-2,309],[86,-2],[8,11]],[[39665,15848],[-1,254],[1,184]],[[39665,16286],[138,-10],[126,-1],[352,2]],[[40281,16277],[245,2],[224,-6],[522,-6],[86,-7],[1,8],[203,-1]],[[42207,16261],[-19,-98],[-39,-24],[8,-58],[-7,-28],[-33,-31],[-30,-73],[-30,-3],[-43,-23],[-44,4],[-23,-7],[-66,-48],[-36,-17],[-30,-27],[10,-70],[72,0],[8,-11],[23,-189],[-53,-4],[-44,-29],[-77,-18]],[[41754,15507],[-139,21],[-42,10],[-21,17],[-15,52],[-11,110],[-13,26],[-17,85],[8,74],[16,100],[-21,-12],[-64,-12],[-95,-50],[-15,-22],[-5,-46],[-25,-10],[-48,14],[-16,-27],[-50,-35],[9,-32],[88,-212],[5,-27],[-21,-139],[28,-45],[46,-53],[19,-4],[35,44]],[[41390,15334],[55,-43],[26,6],[14,-20],[43,-21],[14,-34],[29,-37],[38,-35],[-8,-30],[7,-42],[26,-11],[33,-51],[18,0],[30,-25],[17,-31],[44,-21],[21,-32]],[[41797,14907],[-18,-60],[-44,-75],[-8,-31],[-76,3],[-42,24],[-81,19],[-87,7],[-44,-9],[12,-48],[-19,-6],[-70,1],[-66,-22],[-37,-7],[-39,-83],[-48,-14],[-25,-33],[-8,-45],[-50,8],[-24,-15],[-64,0],[-33,-40],[-17,-41],[-28,-4],[-49,17],[3,65],[-32,24],[-1,18],[-23,33],[-31,9],[-42,-10],[-46,28],[-53,-12],[-33,25],[-6,69],[-45,33],[-4,22],[-59,53],[-14,45],[-15,17],[-41,-5],[-34,9],[-61,-1],[-87,30],[-38,-27],[-34,-62],[0,-59],[-36,-72],[2,-26],[-19,-70],[-25,-61],[-10,-66],[-22,-24],[-40,-6],[-47,15],[-180,-41],[-81,-29],[-61,-12],[-49,-40]],[[39568,14325],[2,93],[3,449],[3,89]],[[41797,14907],[46,16],[13,25],[16,87],[-20,61],[-32,46],[-31,13],[-5,36],[13,27],[-28,100],[-23,37],[-21,62],[-54,42]],[[41671,15459],[73,-7],[17,24],[-7,31]],[[42604,16266],[-4,-278],[4,-159]],[[42604,15829],[62,-556],[-12,-234],[-13,-207],[-15,-1],[-2,-56],[3,-254],[-11,-586],[-2,-21],[-4,-283],[1,-82]],[[42611,13549],[3,-244],[-2,-296],[-261,12],[-159,5],[-125,11]],[[42067,13037],[-141,14],[-261,-5],[-182,1],[-236,-5],[-153,-8],[-252,7],[-294,4],[-202,5],[-329,0],[-179,1],[-71,3]],[[39767,13054],[-213,9]],[[39554,13063],[6,293],[3,498],[5,471]],[[19521,42388],[41,-8],[80,-78],[8,-34],[66,-62],[3,-38],[32,-47],[51,-9],[15,-16],[2,-33],[23,-31],[29,-3],[29,19],[4,27],[24,17],[286,4],[-32,23],[-10,39],[14,54],[-35,99],[95,1],[49,60],[68,7],[283,0],[15,-22],[3,-435],[33,0],[45,-16],[20,-26],[45,-15],[0,-215],[1,-272],[-46,-8],[2,-54],[-55,-42],[-4,-19],[35,-11],[46,-1],[21,-25],[3,-171]],[[19717,43383],[629,8]],[[20346,43391],[659,-9],[235,-7],[110,2]],[[21350,43377],[677,11],[73,-2],[-2,-153],[0,-273]],[[22098,42960],[0,-830],[1,-465],[-3,-463],[-3,-808],[-1,-220],[1,-233]],[[22093,39941],[-326,-6],[-357,-1],[-88,-2],[-176,2],[-202,-1],[-272,5]],[[37816,11182],[55,27],[54,-19],[16,18],[47,-10],[-10,-18],[0,-41],[38,-43],[28,8],[41,-5],[32,-17],[25,9],[4,-40],[36,8],[2,-28],[18,-14],[42,-11],[26,-17],[15,-101],[17,-28],[-5,-47],[19,-52],[-22,-32],[13,-23],[52,11],[99,67],[79,25],[48,33],[13,48],[-46,50],[-6,43],[-23,77],[0,25],[17,44],[42,-28],[8,-54],[19,-54],[60,-77],[21,-15],[43,1],[22,9],[50,-19],[30,-3],[81,19],[25,-11],[114,-83],[19,-27],[28,13],[59,10],[38,28],[10,23],[43,38]],[[39252,10899],[5,-41],[58,-31],[58,-7],[32,21],[37,0],[34,-36],[0,-27],[46,-30],[35,-66],[40,-4],[39,-47],[38,-10],[32,-43],[60,-10],[46,13],[26,-76],[69,67],[53,41],[26,57],[20,18],[60,23],[9,-33],[-9,-83],[-24,-62],[5,-62],[29,-46],[30,40],[16,34],[28,13],[52,-29],[23,-29],[5,-23],[23,-22],[65,-18],[19,-23],[27,9],[34,-6],[45,-33],[22,-32],[55,-35],[36,-42],[-8,-62],[-16,-38],[7,-25],[53,-68],[49,2],[17,-8],[33,-52],[29,-36],[5,-30],[23,-28],[36,-15],[1,-36],[35,-49],[35,-2],[-6,-54],[26,-14],[49,-5],[31,-42],[18,-3],[38,25],[34,67]],[[41045,9756],[36,18],[26,2],[67,-17],[24,-27],[60,5],[10,-106],[37,-19],[-25,-30],[19,-32],[-6,-51],[-5,-129],[5,-10],[49,17],[0,-36],[27,-36],[19,-63],[46,-38],[16,-28]],[[41450,9176],[-79,2],[-139,9],[-183,7],[-4,6],[-168,-8],[-2,3],[-239,-2]],[[40636,9193],[-77,-1],[-438,5],[-137,4],[-55,-2],[-172,3]],[[39757,9202],[-228,-1],[-129,4],[0,-6],[-137,-6],[-409,2],[-130,4],[-146,-1]],[[38578,9198],[-45,10],[-93,-3],[9,236],[2,195],[-137,3],[4,289],[-136,1],[9,485],[-377,8]],[[37814,10422],[3,236],[2,467],[-3,57]],[[42067,13037],[-6,-283],[-3,-358],[-3,-8],[-9,-805],[-9,-422],[-7,-86],[-5,-295],[277,2],[130,-7],[336,-4],[39,-4],[73,6],[-4,-219],[-3,-222]],[[42873,10332],[-139,4],[-143,0],[-2,-38],[-5,-300],[-140,2],[0,-103],[-4,-40],[-135,2],[-2,-145],[-139,1],[-2,-141],[-134,1],[-5,-131],[-1,-154],[-136,2],[-1,-143],[-62,-1],[-65,6]],[[41758,9154],[-202,18],[-106,4]],[[41045,9756],[-4,23],[-48,61],[1,27],[18,13],[6,53],[41,26],[-12,17],[-10,99],[21,27],[45,13],[24,51],[-7,75],[37,52],[58,-15],[34,-27],[70,14],[-5,67],[27,29],[41,-22],[33,8],[44,-8],[29,58],[-8,21],[30,33],[41,2],[34,-11],[26,21],[-5,35],[5,55],[14,39],[-55,69],[-22,57],[-13,61],[-54,12],[-30,39],[-58,34],[-23,28],[1,23],[-25,29],[-23,81],[28,39],[8,30],[-15,18],[2,92],[85,15],[41,34],[83,39],[-25,29],[-46,-14],[-60,8],[-49,69],[-11,69],[-18,19],[-22,-8],[-98,-7],[-42,-18],[-31,-28],[-73,-44],[-26,-23],[-23,-41],[-24,-3],[-46,42],[-33,14],[-31,34],[-57,14],[-78,33],[-14,104],[42,62],[55,55],[9,56],[47,23],[10,37],[43,31],[40,3],[75,-23],[34,21],[11,29],[21,5],[10,34],[-18,55],[-7,80],[-34,27],[-76,8],[-159,-21],[-84,-45],[-27,-8],[-49,2],[-46,24],[-32,-5],[-54,-41],[-83,-19],[-54,5],[-28,-29],[-99,-57],[-68,-57],[-38,-38],[-17,55],[-2,34],[16,92],[75,193],[-32,20],[-35,9],[-119,71],[-13,23],[-59,29],[-11,33],[-20,9],[-45,-28],[-16,-27],[-31,-9],[4,38],[-26,-8],[-15,21],[4,34],[20,42],[40,36],[17,34],[-43,48],[28,44],[64,82],[-21,51],[-47,17],[-48,41],[-39,17],[-9,18],[3,51],[14,91],[-38,99],[-27,4],[6,35]],[[38148,12603],[149,10],[69,0],[219,13],[74,11],[60,1]],[[38719,12638],[-45,-73],[-7,-29],[-57,-105],[-123,-126],[-17,-38],[19,-23],[77,-11],[30,-35],[32,9],[53,-28],[67,-23],[23,-28],[81,-48],[1,-26],[19,-50],[-40,-19],[-1,-89],[27,-48],[29,-20],[20,-32],[-1,-38],[24,-3],[-19,-66],[-11,-1],[-22,-69],[-45,-104],[-2,-40],[-33,-36],[-31,-9],[-6,-25],[-43,-1],[-37,12],[-78,-18],[48,-56],[26,-47],[41,-31],[48,-9],[41,6],[31,29],[62,10],[79,1],[27,-65],[36,-28],[73,-2],[28,15],[26,-25],[1,-83],[14,-18],[-10,-25],[18,-30],[-6,-35],[36,-16],[-2,-34],[32,-56]],[[37816,11182],[2,106],[168,-2],[7,286],[142,-3],[1,145],[6,135],[10,151],[3,169],[-13,0],[1,173],[5,261]],[[38719,12638],[130,-23],[134,-3],[145,2],[140,12],[139,1],[140,-8],[7,444]],[[42345,26323],[25,-163],[-1,-19]],[[42369,26141],[-65,-13],[-117,31]],[[42187,26159],[-25,7]],[[42162,26166],[25,105],[-4,9]],[[31950,16212],[34,-1],[-3,-37],[109,-3]],[[32090,16171],[0,-71],[64,-2],[6,-37],[103,-7],[0,-69],[67,-6],[37,-25],[2,380],[-1,50],[-34,12],[0,126],[-142,8]],[[32192,16530],[45,39],[34,23],[12,24],[-8,54],[-20,45],[-22,69],[7,48],[-7,62],[22,48],[-1,72],[-13,36],[-8,90],[-30,80],[12,73],[52,75],[16,32],[-5,26],[-44,64],[4,37],[-28,77],[9,74],[11,43]],[[33805,17480],[-6,-267],[-6,-370],[540,-13],[284,-5],[367,-9]],[[34984,16816],[-8,-297],[-2,-417],[2,-77],[-5,-288]],[[34971,15737],[-177,5],[-234,2],[-217,11],[-329,23],[-234,5],[-5,-187],[-2,-322],[-7,-357],[237,-12],[244,-6],[301,-14],[1,-66],[-8,-790]],[[34541,14029],[-308,6],[-283,8],[-485,11],[-145,4],[-261,2],[-147,-4],[-163,9],[-114,-1],[-220,9],[-584,16]],[[31831,14089],[-14,17],[-9,40],[-25,39],[0,53],[-23,44],[5,41],[22,30],[-19,135],[10,41],[34,35],[7,31],[-14,36],[1,86],[-11,27],[-119,143],[-7,21],[-2,257],[4,11],[84,140],[-88,6],[1,281],[-5,40],[-99,5],[0,95],[59,68],[30,28],[33,43],[69,78],[41,53],[54,55],[44,37],[55,81],[1,26]],[[9283,31763],[120,-2],[18,12]],[[9421,31773],[-1,-154],[-139,1]],[[9281,31620],[2,143]],[[38388,26865],[29,76],[59,106],[3,33],[-25,46]],[[38454,27126],[-28,52],[-12,50],[0,60]],[[38774,27168],[7,-32],[-46,-22],[-40,-7],[16,-37],[-89,-45],[-19,-23],[-31,-16],[50,-91]],[[38489,26842],[-101,23]],[[39126,27617],[65,25],[72,-3],[89,-10]],[[39309,27461],[-109,16],[-32,1]],[[39168,27478],[-12,90],[-30,49]],[[38417,27518],[-2,-174]],[[38414,27288],[-51,0],[-38,22]],[[38325,27310],[-170,70]],[[38155,27380],[-4,68]],[[9451,8875],[22,-90],[6,-55],[-5,-37],[6,-44],[1,-72],[-5,-19],[1,-191],[20,-44],[-5,-140],[-29,-51],[15,-22],[9,-54],[-5,-144],[-20,-39],[17,-48],[-5,-94],[-14,-50],[5,-52],[11,-41]],[[9476,7588],[-617,24],[-105,6]],[[8754,7618],[1,142],[-2,349],[1,574],[-3,56],[5,169]],[[10864,8496],[69,32],[67,43],[26,41],[4,115]],[[11030,8727],[11,397],[-3,58]],[[11038,9182],[106,46],[21,29],[17,50],[29,31],[73,9],[61,-8],[79,20],[66,-15],[30,7],[28,30],[42,8],[67,-19],[51,-5],[84,-29],[36,6],[50,33],[57,7],[67,-21]],[[12002,9361],[-19,-57],[20,-68],[-8,-15],[-4,-105],[-9,-433],[-9,-398],[-42,-15],[-3,-77],[-850,36],[-23,37],[-33,26]],[[11022,8292],[-27,21],[7,53],[-16,34],[-5,34],[-25,30],[-45,14],[-32,1],[-15,17]],[[10339,8741],[-3,-151]],[[10336,8590],[-3,-136]],[[10333,8454],[-2,-105],[187,14],[28,7],[318,126]],[[11022,8292],[-2,-75],[-21,-99],[-13,-26],[-17,-391],[-6,-181]],[[10963,7520],[-296,12]],[[10667,7532],[-73,5],[-176,6],[-95,5],[-309,14],[-10,2],[-528,24]],[[12002,9361],[216,-58],[88,-15],[29,3],[68,34],[49,6],[148,-42],[50,-21],[94,-2],[34,4],[91,25],[91,7]],[[12960,9302],[0,-52]],[[12960,9250],[-7,-143],[-9,-417],[-10,-329],[-2,-114],[11,-1],[-12,-308],[-2,-76],[-12,-380],[-4,-50]],[[12913,7432],[-232,12],[-435,20],[-399,16],[-368,16],[-175,6],[-341,18]],[[10618,8844],[93,78],[93,116],[40,72],[31,25],[62,2],[101,45]],[[11030,8727],[-207,6],[-2,-72],[-42,1],[-25,-31],[-76,4]],[[10678,8635],[-19,32],[-49,2],[-17,20],[-65,-49],[-71,-9],[-67,-26],[-54,-15]],[[10678,8635],[16,-44],[-32,-68],[-191,1],[-2,-71],[-136,1]],[[22372,21701],[7,-62],[-14,-60],[19,-54],[8,-85],[-8,-23],[-53,51],[-33,-30],[58,-27],[41,-33]],[[22397,21378],[-37,-29],[-153,-100],[-23,-11],[-56,-3],[-88,21],[-75,50],[-37,90],[-26,37],[-99,100],[-36,47],[-76,44],[-35,11],[-53,-16],[-42,-30],[-51,-72],[-56,-49],[-49,-10],[-113,-36],[-30,13],[-23,33]],[[21239,21468],[-8,37],[20,81],[0,46],[8,76],[26,48]],[[22492,21049],[38,-43],[86,-68],[64,-93],[32,-67],[40,-57],[49,-60],[26,-11]],[[22827,20650],[-28,-40],[-54,-6],[-21,6]],[[22724,20610],[-80,31],[-46,10],[-58,-2],[-52,-12],[-61,-40],[-20,-24],[16,-76],[-4,-32],[-28,-28],[-40,2]],[[22351,20439],[-1,25],[-72,11],[-20,42],[-53,48],[-9,51]],[[22196,20616],[-6,-55],[-15,1],[-13,33],[-59,59],[1,39],[-11,30],[73,60],[41,14],[25,-8],[22,-39],[30,-6],[32,21],[43,10],[-9,31],[28,130],[-8,42],[19,28],[43,7],[60,36]],[[22260,19715],[234,10],[35,10],[74,42]],[[22603,19777],[5,-47],[16,-29],[80,-2],[38,31],[16,-2],[28,-44],[3,-32],[23,-1],[5,41],[50,22],[63,-4],[56,4],[39,-39],[36,43],[14,47],[62,-23],[69,-34]],[[23206,19708],[56,-41],[29,-48],[135,-2],[36,36],[14,35],[67,-2],[35,-26],[88,21],[3,-10]],[[23669,19671],[16,-58],[34,0],[43,-18],[-16,-39],[-26,-39],[10,-19],[3,-40],[15,-17],[4,-39],[-35,-16],[-12,-38],[23,-38],[4,-38],[-40,-29],[-16,-31],[-48,7],[-5,-57],[-33,-46],[-62,-24],[25,-53],[138,-3],[33,-18],[12,-18],[-7,-35],[31,-30],[-8,-39],[9,-76],[23,-43],[3,-32]],[[23787,18745],[-159,6],[-363,8],[-519,7],[-646,11]],[[22100,18777],[-516,20]],[[21584,18797],[1,90],[-20,42],[26,32],[63,-4],[27,-30],[63,14],[32,49],[18,51],[41,35],[58,20],[10,28],[30,34],[16,44],[45,29],[21,-6],[13,22],[-5,36],[6,49],[14,13],[30,-5],[13,33],[-8,48],[20,21],[9,42],[-27,13],[-43,-6],[-60,62],[-1,42],[-20,39],[-33,20],[179,52],[158,9]],[[22787,21681],[54,-58],[55,-32],[64,-11],[92,-4],[47,12]],[[23099,21588],[-10,-34],[-29,-27],[-46,-15],[-1,26],[-34,-2],[0,-30],[-34,-9],[3,34],[-17,9],[-27,-21],[-6,-76],[-35,-24],[-9,-40],[-54,-66],[-5,-23],[-33,-21],[-1,-44]],[[22761,21225],[-10,13],[-103,-5],[-52,-26],[-15,-47],[-21,-9],[-40,29],[-25,-17],[-5,-35],[19,-69],[-17,-10]],[[22492,21049],[-35,71],[-3,54],[27,91],[60,91],[16,57],[-6,34],[-18,20],[-47,8],[-89,-97]],[[9379,30874],[63,2]],[[9442,30876],[-7,-143]],[[9435,30733],[-67,3]],[[9368,30736],[-3,0]],[[9365,30736],[3,92],[11,46]],[[9285,30858],[94,16]],[[9365,30736],[-82,4]],[[9283,30740],[2,118]],[[9512,30877],[79,-9],[-11,-45],[-7,-78],[-32,-17]],[[9541,30728],[-36,2]],[[9505,30730],[7,147]],[[9442,30876],[70,1]],[[9505,30730],[-70,3]],[[9263,30741],[20,-1]],[[9368,30736],[-3,-74]],[[9365,30662],[-105,5]],[[9260,30667],[3,74]],[[9541,30728],[24,-1]],[[9565,30727],[-25,-36],[-1,-37]],[[9539,30654],[0,1]],[[9539,30655],[-104,4]],[[41430,24698],[76,-34],[130,-48]],[[41636,24616],[-29,-88],[-5,-57],[-25,-112],[-2,-30]],[[41575,24329],[-45,23],[-31,-5],[3,65],[-33,44],[-63,-1]],[[41406,24455],[4,16],[0,107],[5,79],[15,41]],[[41396,24938],[55,44]],[[41451,24982],[43,35],[20,26]],[[41514,25043],[39,-29]],[[41553,25014],[-4,-30],[67,5],[-18,-39]],[[41598,24950],[-41,-57],[-38,-20],[-15,-18]],[[41504,24855],[-29,22],[-14,-16],[-77,10]],[[41384,24871],[12,67]],[[41573,25340],[44,61]],[[41617,25401],[26,37]],[[41643,25438],[29,-20],[-24,-37],[45,-31]],[[41693,25350],[-39,-46],[-44,2],[-37,34]],[[40640,26980],[13,55]],[[40653,27035],[8,27],[33,36]],[[40694,27098],[165,-122]],[[40859,26976],[25,-19]],[[40884,26957],[-6,-53],[-39,12],[-48,3],[-11,12]],[[40780,26931],[-93,14],[6,15],[-53,20]],[[40251,26757],[20,96],[8,16]],[[40279,26869],[218,0]],[[40497,26869],[43,-17],[27,-33],[18,-43],[35,-36]],[[40620,26740],[1,-51]],[[40621,26689],[-158,38]],[[40463,26727],[-27,6],[-73,-12]],[[40363,26721],[-87,-21]],[[40276,26700],[1,35],[-26,22]],[[39208,25644],[72,20]],[[39280,25664],[-16,-98],[22,-36]],[[39286,25530],[42,-86],[46,1],[25,-20],[38,-47],[69,-34]],[[39506,25344],[32,-29],[10,-30],[33,-9]],[[39581,25276],[36,-10],[34,-43],[17,7]],[[39668,25230],[22,-42],[-12,-41],[-25,3],[-24,43],[-36,17],[-58,2],[-39,-9],[-9,-26],[-100,-108],[-36,17],[-30,-13],[-59,8],[-10,18],[-96,49],[-21,3]],[[8848,40819],[4,107],[3,470],[4,286],[7,0],[1,135],[-3,150],[5,430],[3,143],[10,1],[12,462],[5,252],[5,139]],[[8904,43394],[290,2],[454,0],[196,-5],[262,-2],[267,4]],[[10373,43393],[1,-209],[-23,-295],[-18,-22],[-72,-53],[-11,-29],[-7,-229],[-34,-110],[-4,-136],[-2,-300],[8,-359],[-4,-118],[-63,-6],[-20,-52],[-26,-17],[-67,1],[0,-50],[37,-1],[33,-18],[2,-141],[108,-3],[-1,-35],[-22,-51],[-18,-65],[-33,-35],[-11,-24],[-71,-67],[-8,-35],[1,-53],[10,-31],[29,-35],[4,-29],[-13,-51],[-25,-45],[9,-18],[0,-577],[-1,-138]],[[10061,39957],[-53,0]],[[10373,43393],[290,1],[429,0],[159,-6],[364,-10],[198,-8]],[[11813,43370],[0,-91],[-12,-630],[-4,-787],[-2,-147],[3,-73],[-3,-145],[1,-338],[-2,-236]],[[11794,40923],[2,-115],[-3,-172],[-15,-719]],[[11778,39917],[-232,14],[-609,30],[-541,-1],[-335,-3]],[[10053,32309],[73,46],[115,92],[17,18]],[[10258,32465],[22,10]],[[10280,32475],[1,-27],[36,18],[101,1],[38,-31],[1,-30],[-28,-114],[-16,-40],[-1,-40],[-18,-15]],[[10394,32197],[-45,-15],[0,-44],[-29,-30],[-75,1],[0,13]],[[10245,32122],[0,93],[-28,34],[-69,24],[-84,37],[-11,-1]],[[41789,25426],[-39,-60],[34,-23],[-31,-34]],[[41753,25309],[-24,16]],[[41729,25325],[-36,25]],[[41643,25438],[35,65]],[[41850,25368],[-21,-10],[-52,-65]],[[41777,25293],[-24,16]],[[41651,25229],[16,44],[26,11],[36,41]],[[41777,25293],[-38,-44],[30,-25],[-91,-104]],[[41678,25120],[-17,17],[-4,52]],[[41657,25189],[-6,40]],[[39836,27884],[68,18],[36,-9]],[[39940,27893],[100,-94]],[[40040,27799],[-46,-37],[6,-9],[-87,-55]],[[39913,27698],[-50,78],[-29,36],[2,72]],[[17109,23685],[52,-11],[34,-23],[61,-7],[-9,-48],[-18,-8],[-3,-87],[226,-7],[4,70],[76,-1],[273,-10],[-4,-72],[245,-11],[31,18],[21,-27],[46,-12],[30,-18],[152,-7],[111,-2],[8,106],[123,-6],[22,-36],[43,-2],[30,-19],[1,-34],[16,-19],[101,-6],[52,-16]],[[18833,23390],[14,-8]],[[18847,23382],[-3,-13],[-11,-215],[-61,2],[-9,-207],[-53,-7],[-87,4],[3,-24],[30,-56],[27,-94],[-7,-68],[-16,-31],[-3,-42],[-20,-17],[-18,-46],[-23,-4],[-60,-49],[-11,-43],[11,-20]],[[18536,22452],[-70,-18],[-52,-32],[-47,-79],[-12,-40],[-4,-47],[-11,-36],[-31,-36],[-28,-17]],[[18281,22147],[-63,-30],[-53,-9],[-39,44],[-35,25],[-29,56],[-15,98],[-32,64],[-75,119],[-46,21]],[[17894,22535],[-19,35],[-20,92],[-10,16],[-41,16],[-59,-34],[-41,-35],[-34,23],[-21,85],[-30,64],[-25,3],[-49,-24],[-55,13],[-35,47],[-62,33],[-15,41],[14,4],[29,-21],[29,-6],[-6,31],[-38,32],[-47,-24],[-70,8],[-38,-8],[-18,24],[-26,6],[-61,43],[-15,21],[-10,56],[-17,39],[-15,62]],[[17089,23177],[20,508]],[[20495,25045],[-5,-150],[-28,-630],[-3,-87],[25,0],[-1,-85],[-28,-577],[-6,-207]],[[20449,23309],[-47,66],[-7,33],[-27,9],[-40,32],[-54,22],[-47,-20],[-48,18],[-27,24],[-70,-67],[-30,-20],[-49,-4],[-51,6],[-27,18],[-57,22],[-36,23],[-51,-40],[-14,-20],[-111,-8],[-5,15],[-80,-6],[-73,28],[-30,27],[-29,9],[-10,-38],[-31,-35],[27,-47],[34,-7],[61,-47],[1,-32],[-63,-47],[-53,-21],[-18,9],[-44,-19],[-22,-21],[-26,-1],[-17,-24],[-32,19],[-44,3],[-20,14],[-40,2],[-25,15],[-50,-4],[-4,23],[-34,20],[-40,97],[-35,29],[-82,4],[-25,14]],[[18833,23390],[39,33],[-14,42],[-14,102],[-36,62],[25,44],[4,34],[27,39],[-1,55],[6,22],[-23,36],[21,21],[-27,71],[-1,68],[-13,24],[4,64],[23,22],[-3,49],[-14,23],[12,32],[-18,41],[-24,25],[4,31],[-30,53],[5,142],[-139,5],[7,218],[140,-8],[2,71]],[[20449,23309],[-3,-101]],[[20417,22407],[-14,-77],[-64,-149],[-19,-23],[-59,-25],[-45,-31],[-27,-6],[-113,11],[-19,23],[-134,66],[-94,74],[-91,81],[-38,21],[-55,11],[-107,-1],[-62,-12],[-55,-27],[-53,-6],[-42,20],[-33,28]],[[19293,22385],[-78,77],[-44,23],[-88,19],[-74,21],[-40,-2],[-70,-20],[-109,-25],[-89,-27],[-57,20],[-67,-5],[-41,-14]],[[17121,24765],[2,107]],[[17109,23685],[20,538],[0,75],[-23,1],[6,216],[9,250]],[[18984,36643],[543,7],[133,4],[147,-2],[143,3],[290,10],[142,9],[195,-8],[143,-8]],[[20720,36658],[195,-11],[309,-16],[184,-4],[419,-11],[253,-8]],[[22080,36608],[303,-1],[402,-4],[51,-2],[311,-5],[210,-7],[-1,-23]],[[23356,36566],[-7,-307],[-4,-81],[-2,-165],[-5,-149],[-3,-143]],[[23335,35721],[-33,1],[-13,-338]],[[23289,35384],[-290,9],[-84,5],[-179,-126],[-31,-27],[-30,-53],[-15,-44],[-74,-139],[-28,-37],[-78,-39],[-27,-29],[-19,-43],[-33,-44],[-395,-5]],[[22006,34812],[-202,15],[-370,24],[-87,26],[-14,-17],[-157,11],[-847,15],[-2,-69],[-93,1],[-58,6],[-144,4],[-120,7],[-367,11],[6,72],[8,213],[-77,9],[-27,-11],[-31,207],[-27,14],[-47,2],[-29,27],[-9,44],[-26,1],[-37,23],[-33,-1],[-6,45],[-52,-1],[-37,9],[-32,-55],[-3,-53],[-15,-29],[-67,-37],[-29,-5]],[[18975,35320],[12,39],[-33,34],[-3,29],[14,43],[-38,42],[2,40],[31,46],[-1,37],[-35,60],[-24,84]],[[18900,35774],[-23,35],[1,21],[28,16],[24,-23],[45,-11],[48,32],[11,40],[-9,24],[-53,47],[-37,62],[-76,111],[19,25],[25,-21],[28,7],[-5,46],[-68,47],[-17,48]],[[18841,36280],[29,39],[-10,25],[21,44],[10,38],[-47,6],[65,95],[22,2],[22,42],[47,13],[-16,59]],[[12580,29304],[2,16],[9,200],[4,35],[6,238]],[[12601,29793],[1,45]],[[12602,29838],[152,-30],[241,-5],[384,-17]],[[13379,29786],[-7,-79],[-6,-143],[2,-50],[-21,-23],[-5,-72],[-17,1],[-3,-106],[-12,-37],[250,-9],[44,-7],[75,1],[178,-5],[413,-20]],[[14270,29237],[-5,-130],[34,-30],[-12,-273]],[[14287,28804],[-144,6],[-169,11],[-333,12],[-616,24],[-178,9],[-246,10],[-31,-3]],[[12570,28873],[0,111]],[[12570,28984],[7,177],[3,143]],[[8758,10486],[376,-8]],[[9134,10478],[135,-5]],[[9603,9997],[144,5],[31,-44],[48,7],[-20,31],[-1,103],[42,0],[46,26]],[[9893,10125],[-5,-32],[8,-28],[38,-50],[25,-64],[15,-17],[124,-100],[42,-88]],[[8757,9195],[-1,355],[-1,87],[2,364],[-1,229],[2,256]],[[9677,10466],[137,3]],[[9814,10469],[274,-4]],[[10088,10465],[-9,-358],[-67,0],[-13,-7],[-68,23],[-38,2]],[[41277,27613],[17,-10]],[[41294,27603],[13,-7],[126,0]],[[41433,27596],[-1,-72],[27,-18],[0,-50],[12,-22],[-85,9]],[[41314,27453],[-57,93],[-4,19],[24,48]],[[41433,27596],[98,0],[10,51]],[[41541,27647],[56,-69],[10,-46],[29,-44],[57,-62]],[[41693,27426],[-97,2]],[[13270,32447],[123,131],[48,45],[48,28],[117,52]],[[13606,32703],[131,58],[-1,-67],[109,1],[-1,-109],[142,5],[-1,-147]],[[13985,32444],[-53,-16],[-64,15],[-219,-5],[-16,3],[-206,3],[-42,-14],[-95,6],[-20,11]],[[13985,32444],[35,2],[-1,-238],[-31,3],[-11,19],[-71,-2],[-27,7],[-61,62],[-48,-1],[29,-34],[13,-33],[4,-40],[14,-28],[-59,-10],[-254,-5]],[[13517,32146],[18,71],[-286,5],[-3,134],[-15,50]],[[13231,32406],[39,41]],[[13262,34268],[5,-74],[17,-52],[51,-100],[65,-216],[14,-79],[0,-120],[10,-48],[25,-50],[6,-94],[18,-33],[22,-86],[34,-63],[42,-150],[28,-239],[-2,-130],[9,-31]],[[13231,32406],[-26,101],[-26,33],[-63,41],[-59,1],[-79,43],[-71,69],[-107,13],[-39,-11],[-65,0],[-67,11],[-51,39],[-83,132],[-38,89],[-57,53],[-40,28],[-24,5],[-1,358],[-8,39]],[[12327,33450],[-25,78],[0,117],[-34,60],[4,267],[-4,82],[83,5],[43,48],[138,-2],[21,3],[50,54],[84,48],[41,13],[67,9],[40,46],[80,-6],[50,2],[297,-6]],[[11834,33538],[5,360],[1,285]],[[11840,34183],[4,225],[13,492]],[[11857,34900],[191,-6],[205,-4],[390,-2],[486,-9]],[[13129,34879],[35,-240],[29,-109],[9,-85],[54,-116],[6,-61]],[[12327,33450],[-96,17],[-48,-2],[-23,8],[-77,-13],[-123,2],[-16,-36],[-111,2]],[[11833,33428],[1,110]],[[27094,22695],[533,-14],[761,-20],[95,-6],[155,5]],[[28638,22660],[248,11],[426,-1],[141,2],[138,30],[24,0]],[[29615,22702],[16,-60],[-10,-56],[-40,-32],[-20,-29],[-4,-46],[42,-8],[64,15],[46,18],[31,-8],[53,-27],[45,1],[82,-21],[36,-48],[46,-42],[33,-16],[27,-24],[25,-64],[6,-44],[-17,-25],[-60,-27],[-28,-32],[-9,-90],[-30,-31],[-21,-7],[-71,17],[-37,20],[-6,-47],[15,-29],[-16,-43],[-57,-15],[0,-46],[-17,-21],[-18,-57],[1,-45],[41,-27],[77,-24],[22,-55],[93,-50],[22,-21],[32,27],[24,-5],[35,12],[19,-6],[14,-27],[23,-17],[7,-24]],[[30131,21516],[-71,-18],[-32,-39],[-14,-36],[-23,-26],[-38,-4],[-30,-13],[-34,1],[-24,-49],[-39,-32],[-55,-1],[-8,-21],[-42,16],[-34,0],[-31,13],[-31,65],[-27,17],[-54,-22],[-62,-58],[-36,-111],[-39,-30],[-25,21],[-53,10],[-40,-51],[-64,-62],[-20,0],[-36,-24],[-12,-23],[-40,-6],[-44,-38],[-38,10],[-56,-3],[-30,20],[-31,-1],[-54,20],[-48,-38],[-40,-19],[-32,-45],[-39,-17],[-29,-42],[-24,-12],[-56,4],[-82,44],[-57,-11],[-20,-19],[-48,27],[-56,3],[-27,43],[-18,11],[-13,32],[23,27],[-36,53],[-58,40],[-40,51],[-29,21],[-23,59],[2,42],[33,7],[18,36],[2,42],[-52,0],[42,40],[10,64],[22,13],[28,51],[1,24],[-30,21],[-44,-3],[-82,44],[-69,-7],[-43,1],[-35,-10],[-94,-65],[-83,-24],[-55,-31],[-30,-33],[-14,32],[-168,-10],[-25,-18],[-112,-14],[-105,-57],[-27,0]],[[27202,21398],[-124,6],[5,466],[3,156],[2,264],[6,405]],[[44725,11172],[385,-2],[382,1]],[[45492,11171],[7,-39],[-9,-35],[-45,-97],[-28,-46],[6,-68],[-32,-19],[1,-21],[-20,-24],[-30,-3],[-13,-26],[7,-44],[59,-74],[-7,-38],[23,-31],[17,-52],[23,-33],[3,-38],[28,-47],[25,-28],[24,16],[21,-24],[7,-37],[-14,-25],[-1,-34]],[[45544,10304],[29,-4],[17,-22],[-12,-58],[28,-3],[31,-19],[-4,-42],[33,-63],[29,-26],[21,-37],[-11,-34],[56,-59],[24,-42],[3,-23],[21,-11],[7,-49],[19,-17],[8,-43],[-16,-31],[10,-57],[-6,-50],[22,-26],[18,-73],[0,-60],[51,-52],[37,4],[28,-23],[20,-50],[25,5],[14,-65],[23,-12],[-1,-28],[19,-20],[-22,-21],[29,-20],[-21,-29],[-5,-30]],[[46068,9114],[-134,-6],[-271,4],[-2,153],[-153,6],[-105,9],[-15,14],[-5,274],[-134,7],[-44,-1],[-35,7],[-117,-12],[-329,-16],[-200,-9],[-15,-34],[-65,-5],[-21,-8],[-5,-43]],[[44418,9454],[-24,5],[-21,-21],[-21,7],[8,30],[-48,38],[-9,25],[-58,-11],[-29,20]],[[44216,9547],[3,71],[-34,11],[2,63],[-35,4],[13,502],[-121,3],[-17,8],[2,99],[-4,18],[-1,136]],[[44024,10462],[-3,721],[106,-3],[309,-2],[289,-6]],[[42186,7754],[36,11],[65,9],[17,-40],[2,-55],[34,-2],[3,-106],[116,-2],[28,-33],[59,-103],[9,-5],[130,-4],[0,72],[123,-2],[312,0],[115,-1],[7,75],[3,144],[-18,16],[4,125],[-16,-1],[1,91],[-5,23],[114,23],[62,3],[3,183]],[[43390,8175],[348,-10],[-4,-156],[8,-25]],[[43742,7984],[-45,1],[-1,-102]],[[43696,7883],[-5,-183],[241,-4],[2,75],[63,-5],[3,-54],[-14,-39],[-1,-122]],[[43985,7551],[-15,-711],[-189,3],[-2,-107],[-35,0],[-3,-76],[36,-1],[-2,-144],[34,0],[0,-108],[138,-2],[-2,-143]],[[43945,6262],[-380,6]],[[43565,6268],[-266,3],[-301,6],[-327,3],[-79,-5]],[[42592,6275],[6,24],[40,50],[-15,20],[41,21],[-6,59],[-34,4],[8,33],[-27,40],[34,12],[10,23],[40,1],[8,28],[-16,10],[0,31],[-95,103],[49,37],[-40,9],[-9,24],[37,26],[33,1],[-19,30],[-26,13],[-3,26],[43,-7],[4,35],[-25,21],[-56,8],[-21,29],[9,26],[-12,57],[17,52],[-33,-3],[-15,69],[-26,29],[-27,59],[15,26],[-38,27],[-11,47],[-29,-9],[-24,8],[-15,26],[29,6],[-15,30],[12,31],[-46,27],[-48,17],[30,17],[-7,40],[-37,10],[-11,18],[18,64],[-18,15],[-23,-30],[-20,2],[-16,37],[-53,-5],[1,24],[34,20],[-8,31]],[[46068,9114],[-4,-18],[19,-24],[-33,-34],[2,-35],[-19,-70],[21,-45],[-2,-30],[36,-57],[-37,-27],[-21,-52],[-24,-39],[27,-45],[26,-11],[-15,-27],[6,-64]],[[46050,8536],[-100,-2],[12,-508],[1,-14],[15,-485]],[[45978,7527],[7,-143]],[[45985,7384],[-38,15],[-116,-4],[-394,-4],[-274,-4],[1,166],[-339,-10],[-207,-3],[-281,-2],[-132,5]],[[44205,7543],[6,168],[19,409],[-75,-12]],[[44155,8108],[2,167],[-4,80],[21,134],[69,113],[7,75],[42,113],[13,237],[36,68],[8,277],[21,39],[48,43]],[[44155,8108],[-372,-119],[-41,-5]],[[43390,8175],[3,245],[3,12],[5,280],[9,19],[150,145],[-12,26],[5,162],[155,2],[8,201],[8,117],[116,-3],[29,12],[28,54],[23,12],[16,25],[20,-35],[211,-7],[45,-15],[4,120]],[[42873,10332],[261,-4],[562,-4],[51,-3],[-1,145],[278,-4]],[[42186,7754],[14,27],[-23,26],[26,16],[-21,49],[23,34],[-33,59],[10,18],[35,6],[-37,46],[-42,-8],[4,48],[-38,-3],[-26,20],[30,61],[-37,-1],[-14,-14],[-22,22],[33,50],[-52,58],[18,29],[-3,33],[27,-1],[20,42],[-37,29],[-9,47],[-23,-36],[-49,65],[23,28],[-13,25],[-25,-16],[-24,55],[-45,23],[-12,32],[-52,-4],[-20,31],[-21,85],[28,-30],[38,26],[-37,33],[16,12],[-8,39],[17,20],[35,7],[-35,30],[19,14],[-11,27],[-35,14],[4,41],[-32,59],[48,-4],[10,25],[-48,-1],[-22,22],[-6,55],[6,30]],[[43985,7551],[220,-8]],[[45985,7384],[0,-26],[-19,-12],[11,-515],[2,-45],[-2,-248],[3,-18],[-1,-277],[-4,0]],[[45975,6243],[-368,2],[-315,-3],[-141,2],[-22,3],[-117,-5],[-165,4],[-109,-1]],[[44738,6245],[-275,3],[-299,7],[-137,7]],[[44027,6262],[-82,0]],[[43696,7883],[200,13],[180,-6],[20,4],[0,53],[48,61],[9,26],[2,74]],[[37727,15875],[12,15],[73,41],[44,39],[43,25],[84,27],[25,3],[62,43],[52,17],[21,14],[18,36],[54,53],[28,9],[28,-6],[58,18],[37,-5],[42,6],[42,30],[59,7],[38,42],[40,2],[61,57],[64,-10]],[[38712,16338],[-7,-37],[19,-80],[94,-133],[44,-69],[-37,20],[-47,-6],[-30,-20],[-5,-48],[-29,-45],[-4,-34],[21,-43],[-1,-41],[36,-69],[31,-39],[32,15],[9,21],[73,-5],[37,33],[0,20],[30,13],[13,21],[76,20],[-1,27],[42,21],[44,-34],[50,-17],[15,-27],[-5,-34],[20,-45],[36,-25],[27,11],[34,-2],[15,45],[34,38],[32,7],[48,49],[61,-3],[146,5]],[[39576,14956],[-37,-6],[-3,-52],[-31,-24],[-58,30],[-33,0],[-47,36],[-40,-18],[-35,23],[-36,-33],[-61,-3],[-22,-25],[-54,81],[-25,14],[-28,34],[-113,95],[-24,-30],[-45,-5],[-28,6],[-31,-21],[-77,-28],[-35,-57],[-27,-96],[18,-63],[1,-28],[-26,-79],[-36,-75],[-39,-49],[-49,-50],[-11,-24],[-32,-26],[-9,13],[-12,74],[1,126],[-12,97],[-24,92],[2,56],[-12,36],[-124,12],[-47,-5],[-44,46],[-3,41],[-12,20],[-28,12],[-32,38],[-40,-9],[-66,-69],[-31,-15],[-23,-33],[-35,-15],[-80,3]],[[37881,15003],[3,331],[7,338],[5,212],[-169,-9]],[[38148,12603],[-138,-9],[10,441],[8,0],[3,163]],[[38031,13198],[9,411],[-176,8],[9,525],[6,697],[2,164]],[[38712,16338],[11,24],[57,83],[2,62],[35,37]],[[38817,16544],[-4,-103],[-2,-164],[172,-3],[264,2]],[[39247,16276],[279,3],[139,20],[0,-13]],[[34984,16816],[48,-1],[4,431],[352,-8]],[[35388,17238],[106,-4],[106,0],[369,-7],[171,-2],[137,16],[-1,-13],[269,-9],[93,-9],[318,-23],[134,12],[8,-19],[262,6],[427,19],[159,18],[4,-13],[175,0],[421,-15],[285,-8]],[[38831,17187],[-14,-643]],[[37727,15875],[-109,0],[-230,7],[-334,0],[-413,6],[-51,3],[-136,-1],[-76,4],[-135,-2],[-99,-15],[-339,-73],[-166,-32],[-256,-39],[-274,4],[-138,0]],[[32967,20873],[36,14],[23,61],[4,105],[162,-6],[-1,-70],[14,-71],[-9,-38],[208,-6],[-15,-102],[-33,-29]],[[33356,20731],[14,-19],[23,37],[24,11],[67,-14],[27,-30],[40,-21],[25,-45],[-3,-61],[-46,-23],[-4,-98],[67,-73],[7,-27],[21,-23],[-21,-22],[16,-55],[-24,-81],[-33,-12],[-8,-34],[-52,-54]],[[33050,20036],[-41,43],[-6,26],[-44,26],[6,38],[-14,15],[2,41],[-16,33],[-19,10],[4,29],[-24,5],[60,73],[-8,20],[9,46],[-48,8],[5,142],[128,40],[-2,79],[-11,44],[-64,119]],[[35431,20618],[-1,-296],[4,-514],[-5,-261],[-2,-215],[-6,-327]],[[35421,19005],[1,-153],[-4,-107],[-2,-193],[-11,-358],[-8,-321],[-3,-212],[-3,-348],[-3,-75]],[[33356,20731],[166,118],[91,45],[69,50],[104,60],[53,72],[53,35]],[[9101,30173],[140,-6]],[[9241,30167],[-3,-71]],[[9097,30102],[4,71]],[[10162,30479],[79,-5]],[[10241,30474],[60,-2]],[[10301,30472],[-5,-139]],[[10296,30333],[-4,-188]],[[10292,30145],[-140,8]],[[10152,30153],[10,326]],[[9740,29355],[172,-10]],[[9912,29345],[-6,-143]],[[9906,29202],[-137,8]],[[9769,29210],[2,55],[-34,15],[3,75]],[[9917,29490],[2,66]],[[9919,29556],[34,-40],[92,-56],[50,-62]],[[10095,29398],[32,-30],[58,-19]],[[10185,29349],[-27,-76],[-23,-13],[-25,3],[-30,22],[-54,8],[-10,30],[-53,19],[-51,3]],[[9912,29345],[5,145]],[[9371,29107],[32,78],[23,43],[164,-9]],[[9590,29219],[-5,-135]],[[9585,29084],[-23,-5],[-65,-41],[-44,-20],[-30,16]],[[9423,29034],[-41,49],[-11,24]],[[9585,29084],[6,-81]],[[9591,29003],[-4,-48],[-17,-68],[-21,-33]],[[9549,28854],[-73,-65]],[[9476,28789],[-6,1]],[[9470,28790],[-1,4]],[[9469,28794],[-30,88],[0,59]],[[9439,28941],[0,52],[-16,41]],[[9591,29003],[106,-5]],[[9697,28998],[-4,-58],[-13,-1],[-5,-92]],[[9675,28847],[-126,7]],[[25549,29013],[1,29]],[[25550,29042],[76,-8],[83,40],[36,-21],[49,31]],[[25794,29084],[66,-7],[58,12],[22,-4]],[[25940,29085],[-52,-74],[-66,-71],[-12,-4]],[[25810,28936],[-112,8],[-15,-4],[-62,-51],[-75,-23]],[[25546,28866],[3,147]],[[25983,29306],[63,-1],[97,-10],[-2,-36]],[[26141,29259],[-3,-49]],[[26138,29210],[-92,2]],[[26046,29212],[-62,-3]],[[25984,29209],[-1,97]],[[40325,25555],[33,28]],[[40358,25583],[-4,-28],[18,-14],[42,4],[28,27],[36,5],[21,-11]],[[40495,25410],[-40,1],[-22,-25],[-43,-20]],[[40390,25366],[-5,47]],[[40385,25413],[-13,50],[-25,38],[-22,54]],[[39309,25950],[11,30]],[[39506,26056],[52,-49]],[[39558,26007],[22,-22],[3,-23],[22,-23],[23,-52]],[[39628,25887],[-86,-24],[-85,-41],[-29,-2]],[[39428,25820],[-45,-12],[-37,-24],[-65,1]],[[39281,25785],[1,99],[27,66]],[[39946,26986],[83,32],[6,-14]],[[40035,27004],[13,-32],[34,-32],[17,-60],[23,-56]],[[40122,26824],[15,-39],[-25,-29],[-8,-37],[9,-29],[-3,-40],[23,-31]],[[40133,26619],[-22,-29],[-7,-50]],[[40104,26540],[-42,14],[-38,-4]],[[40024,26550],[-29,26],[-26,66],[-32,30],[43,231],[-34,83]],[[40647,26281],[1,61]],[[40648,26342],[292,-4]],[[40940,26338],[0,-27],[82,-1]],[[41022,26310],[15,-10]],[[41037,26300],[11,-16],[27,8],[-19,-168]],[[41056,26124],[-80,19]],[[40976,26143],[-18,4],[-129,-8],[-46,-12],[-54,-30],[-85,-8]],[[40644,26089],[3,192]],[[41551,25434],[6,8]],[[41557,25442],[10,12]],[[41567,25454],[59,51],[30,13],[22,-15]],[[41617,25401],[-66,33]],[[2601,45316],[-3,-128],[0,-288],[-140,0],[1,-427],[38,-6],[2,-139],[0,-140],[144,-1],[1,-373],[0,-344],[2,-2],[-7,-501],[-143,1],[-3,-252],[-7,-259],[14,-44],[-25,-52],[-31,-10],[-55,-65],[-2,-20],[32,-45],[0,-41]],[[2419,42180],[-147,2],[-326,0],[-281,4]],[[1665,42186],[-11,62],[36,102],[4,49],[-18,51],[-41,46],[-26,15],[-65,21],[-84,1],[-63,36],[-64,65],[-70,37],[-59,6],[-57,-16],[-99,-48],[-69,-19],[-46,9],[-44,42],[-4,48],[9,37],[22,31],[44,29],[107,37],[46,31],[28,37],[10,61],[-16,68],[-31,57],[-61,63],[-31,50],[-11,34],[3,82],[-14,86],[-42,92],[-73,123],[-18,72],[15,59],[27,79],[2,58],[-31,86],[-50,77],[-44,48],[-38,30],[-54,32],[-66,59],[-25,65],[-3,29],[16,105],[-6,80],[-34,76],[61,29],[181,67],[48,23],[45,62],[26,144],[-27,84],[-48,33],[-25,66],[-48,59],[-52,-1],[-63,-18],[-54,-37],[-5,-62],[-20,-92],[3,-42],[15,-40],[-16,-46],[-87,-68],[-13,27],[-30,29],[-61,9],[-112,-42],[-87,4],[-64,17],[-43,23],[-31,32],[-18,50],[7,37],[36,78],[-2,55],[-9,30],[-51,92],[-22,73],[9,46],[38,50],[22,19],[600,-9],[290,1],[281,-9],[368,-7],[558,-10],[435,-6]],[[2601,45316],[422,-5],[139,-4],[308,-6],[434,-5],[74,1],[355,-7]],[[4333,45290],[2,-131],[0,-851],[184,-3],[1,-428]],[[4520,43877],[2,-227],[-3,-295],[-12,-764],[-8,-304],[-2,-128]],[[4497,42159],[-283,8],[-181,2],[-731,0],[-457,4],[-67,0],[-116,4],[-243,3]],[[36500,30733],[5,171],[4,247],[7,761]],[[36516,31912],[255,3],[200,-1],[119,-2],[952,-9],[209,2]],[[38251,31905],[35,-101],[4,-71],[-6,-92],[23,-120],[25,-68],[9,-54],[6,-176],[30,-118],[36,-77],[34,-42],[28,-60],[36,-51],[17,-43]],[[38528,30832],[-285,47],[-5,20],[-133,0],[-13,34],[-55,-20],[-266,-100],[-11,10],[-102,1],[-305,-10],[-3,-153]],[[37350,30661],[-241,-4],[-88,1],[-343,-2],[-39,-4],[-24,-19],[-11,-34],[-68,4],[25,52],[-61,-1]],[[36500,30654],[0,79]],[[30043,17664],[-1,81],[425,1],[76,-3],[216,-1],[654,-12],[38,4],[385,-7],[306,-5]],[[32192,16530],[-48,-31],[-22,-48],[-30,-35],[-1,-29]],[[32091,16387],[-47,29],[-60,7],[-33,44],[0,-140],[-70,4],[-1,-116],[70,-3]],[[31831,14089],[-581,13]],[[31250,14102],[-292,6]],[[30958,14108],[-289,6],[-240,2],[0,288]],[[30429,14404],[0,362],[2,80],[-1,706],[1,290],[-411,1]],[[30020,15843],[3,259],[4,783],[11,-1],[5,446],[0,334]],[[32090,16171],[6,78],[-11,38],[6,100]],[[42719,13220],[68,10],[94,21],[72,5],[20,7],[82,-1],[19,51],[19,16],[43,3],[66,27],[34,1],[34,-34],[42,34],[46,-25],[43,-14],[17,-24],[6,-42],[32,-65],[23,26],[-23,21],[5,78],[12,47],[30,69],[11,39],[54,-15],[9,-22],[30,-26],[33,-8],[-3,41],[12,18],[-13,80],[-26,61],[3,24],[122,15],[28,-8],[25,15],[25,36],[73,48],[39,40],[33,10],[36,-12],[7,22],[37,14],[4,-58],[19,-34],[30,-16],[65,-4],[-4,21],[44,60],[1,26],[45,7],[8,-19],[103,-28],[21,-56],[28,-15],[108,-7],[13,-29],[25,-15],[16,-51],[-5,-34],[24,-37],[60,-15],[8,-39],[37,-26],[36,34],[31,8]],[[44755,13476],[-7,-481],[10,0],[-2,-599],[-6,-307],[-27,1],[0,-27]],[[44723,12063],[-12,19],[-19,58],[-77,51],[-35,46],[-37,33],[-136,4],[-28,-15],[-55,1],[-58,9],[-16,15],[0,111],[-50,32],[-170,0],[-53,9],[-11,50],[-19,14],[-123,-1],[0,73],[-14,37],[-48,1],[-18,-52],[-123,-15],[-20,-12],[-27,8],[-27,-7],[-25,13],[-17,-20],[-43,-16],[-39,-40],[-2,-37],[-53,-43],[-25,-37],[-37,13],[-26,22],[-38,-2],[-40,-30],[-55,-7],[-51,9],[1,87],[-35,5],[-1,78],[-52,-73],[-35,-39],[-32,-24],[-11,-28],[-27,-38],[-18,-8],[-55,3],[-20,22],[4,80],[-36,20],[-1,82],[7,17],[42,41],[6,26],[56,86],[-43,15],[-26,57],[-3,41],[-18,25],[-56,30],[3,308],[-27,50]],[[42611,13549],[67,-32],[18,-16],[46,-12],[29,-29],[-29,-79],[-2,-40],[-16,-72],[-5,-49]],[[44723,12063],[2,-891]],[[42604,15829],[164,1],[144,6],[558,0],[244,-1],[302,5],[1,1]],[[44017,15841],[263,-1],[264,5],[222,2]],[[44766,15847],[-1,-237],[0,-178],[-2,-103],[1,-167],[-3,-304]],[[44761,14858],[-5,-27],[1,-545],[-2,-338]],[[44755,13948],[2,-367],[-2,-105]],[[25213,33593],[37,0],[2,90],[-5,23],[4,132]],[[25251,33838],[24,10],[31,-13],[90,19],[59,-8]],[[25455,33846],[-8,-264]],[[25447,33582],[-5,-179],[-34,1],[-55,14],[0,98],[-141,1],[1,76]],[[14871,18420],[-12,-242],[3,-6],[464,-20],[89,-5],[202,-5],[385,-13],[246,-7]],[[16248,18122],[-14,-428],[-17,-433],[174,-6],[-14,-516],[-19,-579]],[[16358,16160],[-3,-150],[-2,-7],[-7,-274],[-5,-145]],[[16341,15584],[-301,8]],[[16040,15592],[-21,29],[-154,73],[-102,37],[-37,21],[-121,87],[-46,38],[-106,131],[-33,51],[-30,91],[-22,55],[-33,39],[-85,74],[-39,46],[-25,60],[-14,59],[9,104],[2,82],[-10,100],[30,29],[74,41],[2,57],[16,29],[12,60],[28,15],[-19,48],[-33,-16],[1,39],[75,20],[7,-26],[26,15],[-11,27],[22,23],[-5,21],[-32,-4],[-18,22],[-56,32],[-36,12],[-37,2],[-117,-26],[-18,-51],[-331,15]],[[14753,17153],[-17,41],[-5,97],[-10,41],[-16,26],[-47,113],[11,280],[144,-6],[15,5],[47,44],[2,60],[16,13],[2,53],[-26,44],[-29,-33],[-22,3],[-15,-23],[-73,29],[-23,42],[18,73],[-13,19],[15,64],[-32,43],[4,21],[37,5],[27,28],[8,29],[-23,26],[23,25],[13,50],[46,21],[0,22],[41,12]],[[12905,18112],[210,-10],[-3,-72],[220,-10],[269,-10],[3,72],[35,-2],[9,214],[-33,1],[5,143],[139,-6],[16,357]],[[13775,18789],[160,-8],[99,-2],[337,-12],[198,-6],[40,7],[192,-20],[82,0],[0,-47],[-12,-281]],[[14753,17153],[3,-18],[-7,-118],[7,-15],[61,-59],[6,-21],[-7,-133],[-114,4],[-7,-179],[114,-8],[-4,-106],[-140,6],[-309,7],[-21,36],[-121,1],[-26,37],[-188,0],[-3,-36],[-67,-1],[-6,-178],[-68,-6],[-12,-381],[-8,-335]],[[13836,15650],[-578,11],[-185,5],[-84,-1],[-125,7]],[[12864,15672],[7,326],[7,249]],[[39681,27581],[71,-29],[88,-68]],[[39840,27484],[-60,-44],[-30,-37]],[[41429,25661],[11,51]],[[41512,25703],[-5,-52]],[[41495,25559],[-17,-4],[-68,9]],[[41410,25564],[11,93],[8,4]],[[41816,25683],[55,-7]],[[41861,25591],[-57,9]],[[24970,28746],[24,18],[10,27],[162,-179],[40,-47],[78,-3],[71,-21],[30,-24]],[[25385,28517],[51,-64],[51,-45],[81,-10],[82,16],[38,-2],[55,15],[57,33],[76,-16],[46,21],[32,31],[8,31],[69,99]],[[26031,28626],[35,-4],[10,-14],[-10,-54],[49,-93],[38,-6],[30,18],[6,-31],[33,9],[35,-36],[6,51],[40,18],[31,43],[47,-4],[51,74],[58,53]],[[26490,28650],[111,-104],[23,-37]],[[26685,28324],[5,-55],[0,-222],[-17,-142],[0,-173],[-2,-55],[-144,8],[-2,18],[-67,0],[-8,-236],[-126,5],[-14,-14],[-9,-57]],[[26301,27401],[-76,-1],[-12,-8],[-30,-98],[-55,-23],[-39,-29],[-57,-29],[-23,6],[-64,-15],[-27,-15],[-7,-23],[-31,-20],[0,-27],[-15,-20],[-17,-76]],[[22951,29419],[57,13],[8,-62],[21,-2],[-4,-39],[46,-33],[63,-23],[32,-26],[31,-47],[68,-67],[59,-35],[12,-25]],[[23344,29073],[-398,-12]],[[22946,29061],[-1,33],[13,36],[-1,95],[15,61],[-32,127],[11,6]],[[22928,29504],[93,21],[113,10],[87,-24],[72,-44],[36,-15],[90,-4],[190,11],[159,-19]],[[23768,29440],[-39,-76],[50,-21],[-3,-36],[9,-18],[-3,-55],[-14,-49],[37,-7],[-6,-77],[15,-15],[-470,-13]],[[22951,29419],[-23,85]],[[20623,28981],[15,436],[57,60],[301,320],[16,19],[488,512]],[[21500,30328],[-3,-56],[33,-81],[57,-97],[65,-195],[37,-54],[54,-45],[136,-54],[64,-48],[45,-51],[30,-46],[33,-38],[69,-49],[84,-23],[67,-9],[93,-6],[121,-32],[96,-30]],[[22581,29414],[-3,-30],[15,-16],[9,-95],[-64,-1],[-9,-10],[-25,-76],[-87,-25],[-4,-112],[121,0],[412,12]],[[22946,29061],[-5,-131],[-34,-24],[-25,-53],[-48,-48],[-4,-190],[-69,1],[-52,-137],[0,-35],[-26,-62],[-5,-211],[2,-73],[-7,-211],[8,-44],[-9,-27],[-6,-269],[-8,-421],[-36,-20],[-2,-70],[-35,-85],[-1,-79],[9,-47],[-188,1],[-3,-111],[-40,-1],[0,-141]],[[22217,26567],[-139,-2],[-238,9],[-290,6],[-54,4],[-117,1],[-178,17],[-302,26],[-198,18],[-150,11]],[[22581,29414],[66,-5],[67,6],[71,22],[79,47],[64,20]],[[23768,29440],[41,-8],[131,-41],[90,-19],[98,0],[127,40],[65,1],[30,-13]],[[24450,29292],[36,-59],[62,-49],[42,-40],[86,-66],[48,-53],[78,-105]],[[23335,35721],[301,-5],[33,-2],[173,-1],[160,-5],[291,1],[338,-10],[614,-8],[213,-5],[107,1],[366,-7],[365,-6],[1,-2]],[[26241,33565],[-144,8],[-142,-3],[-143,9],[-167,-1],[-198,4]],[[25455,33846],[-4,59],[-21,57],[3,149],[-73,-32],[-64,121],[-15,-7],[-84,2],[0,-92],[-152,3],[4,-78],[-3,-80],[-36,-19]],[[25010,33929],[-40,-13],[-29,9]],[[24941,33925],[-28,22],[-16,36],[-27,111],[-55,17],[-8,17],[-40,18],[1,71],[95,-1],[13,-13],[41,22],[-1,69],[-37,60],[2,58],[-7,19],[-58,83],[3,267],[-31,28],[-42,3],[-31,18],[-82,-4],[-46,6],[-21,38],[-131,4],[-81,41],[-48,-18],[-20,-42],[23,-34],[-12,-81],[-22,-51],[-90,6],[-4,42],[-68,6],[0,65],[-35,8],[-2,34],[-68,2],[-7,-69],[-30,1],[-3,36],[-65,2],[-8,35],[-254,11],[-31,-32],[33,-39],[-89,-57],[-59,102],[-8,31],[-214,7]],[[23273,34880],[16,504]],[[25010,33929],[25,-63],[26,-39],[25,-5],[16,22],[42,-7],[107,1]],[[25213,33593],[-143,-11],[-33,0],[-22,20]],[[25015,33602],[-43,-7],[8,88],[26,10],[2,70],[-35,1],[0,33],[-20,2],[-14,28],[2,98]],[[23247,33750],[38,-16],[9,19],[37,2],[13,-28],[44,-8],[86,57],[35,17],[25,-16],[72,4],[51,-54],[24,-3],[32,-50],[-25,-9],[4,-24],[29,-70],[27,-22],[55,9],[44,-18],[35,3],[5,25],[24,14],[26,-15],[37,3],[20,21],[50,22],[47,-5],[1,-29],[16,-25],[-14,-59],[-30,-5],[-43,-64],[-5,-31],[68,-31],[32,1],[103,28],[19,11],[51,49],[20,8],[130,-2],[75,2],[50,-8],[69,34],[36,-1],[46,51],[38,5],[58,-8],[16,-15],[30,-55],[40,-24],[21,1],[43,35],[39,3],[-10,55],[2,35],[23,33]],[[26228,33127],[-21,-675],[-8,-292],[-5,-34]],[[26194,32126],[-73,1]],[[26121,32127],[-275,7],[-76,4],[-291,5],[-161,6]],[[25318,32149],[-417,143],[-113,41],[-910,311],[-36,13],[-622,211]],[[23220,32868],[5,199],[6,91],[8,238],[3,177],[5,177]],[[23247,33750],[3,186],[16,544],[11,293],[-4,107]],[[39599,25483],[29,-23],[49,6],[64,-11]],[[39774,25212],[-106,18]],[[39581,25276],[6,55],[11,17],[1,135]],[[40069,26288],[5,45],[23,24],[53,-2],[7,55],[0,79],[8,21]],[[40165,26510],[52,-29]],[[40217,26481],[24,-13],[118,-33]],[[40359,26435],[0,-150]],[[40359,26285],[-1,-166]],[[40358,26119],[-48,4],[-54,-4],[-181,0]],[[40075,26119],[-11,96],[22,-1],[-4,74],[-13,0]],[[39753,25954],[59,18]],[[39812,25972],[27,-44],[-3,-45],[27,-156],[1,-61]],[[39774,25669],[-2,0]],[[39772,25669],[-51,49],[-27,60],[-22,7],[-34,47],[-10,55]],[[39628,25887],[22,40],[20,13],[40,-3],[43,17]],[[39450,26207],[37,55]],[[39487,26262],[71,-27],[168,-42]],[[39726,26193],[-15,-17],[-42,12],[-48,-48]],[[39621,26140],[-11,-24],[14,-17],[-38,-25],[-28,-67]],[[18542,10860],[209,-2]],[[18751,10858],[-7,-105],[28,-15],[9,-29],[-2,-137]],[[18779,10572],[-5,-217]],[[18774,10355],[-60,1]],[[18714,10356],[-182,0]],[[18532,10356],[10,504]],[[11876,37061],[4,148],[-4,62],[0,216]],[[11876,37487],[264,-8],[172,-8],[417,-15],[507,-2],[323,2]],[[13559,37456],[-82,-144],[43,0],[0,-143],[185,3],[2,-222],[-150,-6],[0,-132]],[[13557,36812],[-124,-2],[0,-69],[-9,-25],[-66,-77],[-51,-50],[-47,6],[-357,0],[-161,3],[-153,0],[-142,6],[4,129],[-13,14],[-272,15],[-6,71],[-140,7],[-133,0],[-10,10]],[[11877,36850],[-1,56]],[[11876,36906],[0,155]],[[13557,36812],[1,-399],[1,-99],[67,1],[4,-235],[-21,-1],[-3,-30],[13,-61],[-18,-18],[5,-50],[-43,-64],[0,-44],[78,2],[-49,-122],[-18,-96],[65,0],[-3,-277],[-10,-446]],[[13626,34873],[-216,1],[-281,5]],[[11857,34900],[5,143],[3,430],[7,404],[0,327],[5,448],[0,198]],[[30731,36189],[5,81],[-7,40],[0,164],[527,-5],[95,1]],[[31351,36470],[37,-3],[284,0],[257,-4],[141,0]],[[32070,36463],[2,-169],[17,-30],[2,-208],[-14,-26],[-6,-78],[11,-44],[-6,-54],[35,-36],[41,-12],[22,-62],[-17,-136],[-54,-57],[-100,115],[-37,24],[-82,12],[-50,-14],[-55,-42],[-25,-41],[41,-13],[33,17],[54,2],[4,-28],[-38,-81],[-19,-62],[-10,-71],[11,-52],[-19,-125],[12,-44],[-26,-51],[-33,-8],[-3,-35],[-18,-3],[-27,-49],[5,-32],[23,-27],[23,-42],[88,-9],[-2,-144],[2,-144],[273,-6],[12,11],[0,63],[125,-4],[17,9],[0,58],[39,5],[62,-6],[248,-10],[36,-7],[-5,-317],[0,-143],[-15,-27],[12,-86]],[[32659,34144],[38,-283],[18,-151],[42,-314],[71,-556]],[[32828,32840],[-198,9],[-402,21],[-259,8]],[[31969,32878],[-546,16],[-153,0],[-564,3],[4,144]],[[32070,36463],[556,1],[254,-2],[193,1]],[[33073,36463],[228,0]],[[33301,36463],[8,-98],[25,-81],[-1,-51],[17,-31],[-5,-53],[-12,-41],[-30,-36],[-31,-65],[0,-82],[-24,-39],[-10,-57],[-35,-17],[-3,-48],[-61,-5],[-76,-20],[16,-71],[-14,-160],[3,-49],[13,-38],[56,-95],[40,-40],[55,-107],[18,-47],[127,-111],[192,-208]],[[33569,34813],[-207,-157],[-57,-28],[-43,-33]],[[33262,34595],[-76,-53],[-214,-162],[-68,-46],[-119,-96],[-126,-94]],[[33301,36463],[22,-1],[377,-1],[123,-3]],[[33823,36458],[39,-57],[59,-43],[79,-45],[55,-44],[89,-112],[29,-53],[89,-80],[39,-78],[29,-43],[79,-77],[45,-32],[184,-84],[100,-40],[30,-24],[29,-44]],[[34797,35602],[-191,2],[-188,-138],[-151,-114],[-15,-16],[-683,-523]],[[29557,23730],[107,-51],[58,-23],[62,3],[112,0],[41,-9],[2,42],[25,13],[54,-63],[34,-8],[54,-54],[28,-16],[121,-13],[47,-11],[64,-25],[31,7],[33,26],[21,55],[84,142],[8,33],[9,124],[-20,89],[-4,92],[-18,28],[20,37],[52,22],[29,-11],[65,23],[84,15],[35,27],[61,-48],[43,0],[43,-17],[53,-69],[57,-12],[75,4],[36,34],[46,60],[37,73],[8,66],[22,19]],[[31276,24334],[-10,-821],[1,-173]],[[31267,23340],[-3,-681]],[[31264,22659],[-425,2],[-144,5],[-283,-5],[-1,13],[-135,19],[-665,16],[4,-7]],[[28638,22660],[-12,50],[-1,41],[21,72],[21,22],[3,47],[41,31],[27,4],[13,23],[-47,53],[-99,14],[-1,36],[23,30],[-40,15],[-43,-8],[-68,-47],[-75,18],[-14,18],[-37,8],[-34,20],[-18,35],[9,23],[24,2],[25,41],[6,36],[32,31],[-9,50],[6,62],[29,66],[49,20],[41,1],[30,22],[17,55],[24,31],[42,18],[10,18],[2,52],[33,116],[19,17],[24,-8],[32,14],[48,35],[21,-28],[67,-18],[42,-18],[14,-33],[31,-15],[32,-30],[57,-17],[35,-36],[70,-13],[79,0],[42,-9],[78,8],[59,35],[36,39],[17,8],[57,-2],[29,15]],[[28510,24695],[23,-7],[17,34],[22,11],[87,-19],[16,-15],[-15,-47],[-22,-19],[-3,-37],[-19,-43],[-6,-38],[17,-41],[30,-23],[79,-8],[4,19],[-28,45],[34,15],[31,-3],[3,29],[29,13],[15,-9],[51,-1],[31,-15],[59,0],[54,-44],[52,-26],[52,-2],[39,-25],[70,6],[19,-9],[37,9],[100,8],[113,13],[32,-5],[109,82],[13,57]],[[29655,24600],[42,-21],[-2,-55],[-12,-28],[-2,-118],[-25,-41],[7,-32],[-14,-52],[6,-12],[-8,-59],[-16,-9],[-42,22],[-56,-27],[-3,-25],[-25,-49],[-13,-40],[31,-26],[-12,-21],[1,-44],[21,-28],[0,-36],[-32,-84],[65,-78],[-9,-7]],[[27094,22695],[9,428]],[[29926,26528],[54,18],[98,12],[148,-9],[67,8],[97,20],[63,51],[81,90],[68,65],[111,16],[117,3],[91,-9],[56,-22],[130,-26],[70,-2],[69,16]],[[31246,26759],[51,4]],[[31297,26763],[-2,-421],[-5,-199],[1,-190],[-3,-154],[-3,-239]],[[31285,25560],[-70,48],[-50,-10],[-69,-73],[-13,-27],[3,-51],[-27,-16],[-26,0],[-22,-52],[-16,-18],[-5,-45],[-43,-41],[-21,-12],[-77,-4],[-42,15],[-12,24],[19,65],[-46,9],[-22,21],[-20,56],[-29,31],[-37,-42],[-25,-18],[-24,-1],[-36,-21],[-12,-44],[-17,-20],[0,-49],[-19,-40],[-44,-9],[-64,39],[-32,46],[0,33],[-37,19],[-40,59],[-49,103],[-48,4],[-27,-31],[-34,23],[-16,-28],[-12,-54],[-37,-53],[-27,7],[-25,-36],[-51,5],[-77,-33],[-94,-24],[-12,4],[-28,-76],[-30,-27],[-3,-17],[11,-92],[-24,-32],[-18,11],[-32,-7],[-45,10],[-43,-15],[-11,-43],[-26,7],[-17,-15],[21,-46],[10,-89],[-11,-26],[31,-79],[-3,-29],[33,-53],[5,-20],[-70,-57],[-21,-29],[34,-9],[91,14]],[[31285,25560],[-1,-322],[-2,-69]],[[31282,25169],[0,-359],[-6,-476]],[[41589,26902],[44,75]],[[41633,26977],[32,-30],[36,-20]],[[41701,26927],[-68,-123],[33,-31]],[[41666,26773],[-3,-5]],[[41663,26768],[-10,12],[-99,58]],[[41554,26838],[35,64]],[[39037,25803],[16,12],[63,-6],[38,-24],[57,0]],[[39211,25785],[-3,-141]],[[39111,25609],[-43,38],[-14,76],[-12,32],[-5,48]],[[39960,25380],[17,-16],[14,-49],[-15,-73]],[[39976,25242],[-5,-35]],[[39971,25207],[-123,-3]],[[41266,25181],[2,47],[95,4]],[[41363,25232],[0,-28],[39,-9],[36,-28]],[[41438,25167],[-33,-30],[-48,-64]],[[41357,25073],[-33,32],[-50,2],[-8,11],[0,63]],[[41196,25250],[72,19]],[[41268,25269],[92,33]],[[41360,25302],[3,-70]],[[41266,25181],[-71,2]],[[41195,25183],[1,67]],[[40323,23060],[20,56],[22,12],[38,88],[17,27],[40,33],[24,7],[30,62]],[[40514,23345],[20,-14]],[[40534,23331],[63,-34],[55,-16],[66,-30]],[[40718,23251],[-36,-196],[-15,-203],[-21,-71]],[[40646,22781],[-66,16],[-38,-28],[-43,2],[-15,25],[-36,13],[-5,39],[-27,29],[-61,15],[-29,-13],[-25,9],[-28,60],[8,18],[44,19],[6,24],[-8,51]],[[46233,11962],[136,0],[-2,120],[221,0],[2,145],[279,0],[-1,73],[126,0]],[[46994,12300],[1,-33],[18,-48],[119,-130],[-72,-27],[-19,-22]],[[47041,12040],[-59,12],[-64,-7],[-1,-54],[-23,-29],[-45,0],[1,-71],[8,-33],[-23,-19],[4,-44],[20,-61],[-19,-60],[11,-35],[1,-42],[13,-22],[-14,-50],[0,-128],[-6,-27],[-24,-41],[-37,6],[1,-98],[10,-22],[-2,-41]],[[46793,11174],[-213,-1]],[[46580,11173],[-1,24],[-63,-3],[-14,18],[-37,-5],[-14,12],[-74,32],[-32,0],[-35,22],[-36,-3],[-51,12],[-7,-27],[-38,-50],[-99,-1],[-63,110],[-195,0]],[[45821,11314],[-2,143],[138,0],[0,143],[-2,143],[138,0],[-1,143],[141,3],[0,73]],[[10667,7532],[-7,-72],[5,-122],[16,-93],[-7,-38],[-47,2],[-37,-21],[-17,-39],[-2,-38],[17,-97],[-11,-25]],[[10577,6989],[-20,-28],[-11,-56],[-17,-14],[-3,-35],[-33,2],[-37,120],[-24,29],[3,61],[-20,8],[-81,4],[2,25],[-24,42],[-62,-36],[-17,-27],[-36,-31],[-45,62],[-17,52],[-17,20],[-47,-58],[-242,12],[-3,-59],[52,-15],[12,-37],[-31,0],[-5,-88],[-9,-16],[7,-74],[-136,7],[-16,-395],[68,-4],[-4,-107]],[[9764,6353],[-3,-69],[-34,-1],[-2,-62],[-35,-8],[-36,-57],[-50,-30],[-10,-32],[-21,-27]],[[9573,6067],[-70,-81],[-50,-34],[-55,-60],[-48,-32],[-31,16],[-18,58],[-16,20],[-47,32],[-31,5],[-42,-4],[-36,9],[-17,62],[-22,40],[-6,49],[7,99],[-29,24],[-67,24],[-3,-19],[-33,1],[-45,-26],[-34,-30],[-26,-8],[-36,25],[-59,-21]],[[8759,6216],[-3,292],[-2,825],[-1,122],[1,163]],[[9573,6067],[43,-30],[23,-28],[8,-51],[20,-21],[-2,-34],[-23,-45],[72,-10],[96,3],[0,-36],[13,-9],[9,-46],[-27,-69],[21,-29],[41,-30],[41,55],[14,135],[17,33],[30,23],[25,-10],[-1,-46],[30,-6],[2,-27],[-33,-27],[6,-37],[15,-10],[58,18],[80,-14],[2,-30],[25,-32],[37,-5],[19,11],[25,-7],[10,60],[21,11],[31,41],[49,5],[39,26],[-7,20],[31,24],[68,15],[17,-22],[65,-43],[81,-80],[112,-93],[22,-12]],[[10798,5608],[-5,-45],[7,-119],[-11,-80],[0,-56],[-15,-5],[-2,-74],[47,-91],[96,-100],[5,-34],[21,-26]],[[10941,4978],[-341,2],[-182,-3],[-79,2],[-241,-1],[-430,-5],[-167,3],[-300,2],[-444,1],[-1,327],[1,749],[2,161]],[[10124,28974],[188,-12]],[[10312,28962],[-8,-143]],[[10304,28819],[-37,2]],[[10267,28821],[-84,67],[-53,54],[-6,32]],[[39525,19360],[55,14],[-2,28],[31,68],[50,15],[14,-28],[-41,-36],[-18,-48],[19,-19],[51,-9],[43,10],[27,15],[65,-15],[-33,-91],[31,-42],[61,-17],[16,25],[-1,27],[45,30],[34,12],[4,-24],[-20,-47],[-14,-61],[42,-45],[-1,-22]],[[39548,18891],[-29,67],[-33,2],[-23,-13],[-21,29],[14,70]],[[39456,19046],[-20,31],[-71,60],[-17,26],[-48,49],[-23,40],[-10,57],[39,35],[48,87],[-3,50],[29,-20],[29,15],[46,-9],[37,13],[20,-17],[8,-30],[-22,-51],[27,-22]],[[38831,17187],[5,150],[3,329],[3,96]],[[38842,17762],[23,-25],[4,-47],[48,-27],[175,-13],[-4,-136],[30,0],[35,-19],[7,-18],[102,3],[150,-1],[46,39],[7,17],[81,25],[51,31],[46,43]],[[39773,17611],[6,-28],[-52,-41],[-2,-85],[-49,-29],[-2,-273],[37,21],[46,3],[30,-55],[-57,-50],[-21,-6],[-26,-32],[-30,-83],[-54,-25],[5,-44],[-8,-62],[-37,-115],[-23,-32],[-11,-37],[-24,-44],[-31,-70],[-49,-90],[-25,-55],[-36,-32],[-85,-48],[-28,-23]],[[38633,26165],[53,9],[63,30],[52,6],[142,100],[48,12],[39,-9],[4,-29],[21,-26],[2,-56],[24,-40]],[[39081,26162],[-63,-45],[-18,-58],[-63,-33],[1,-45],[-15,-30],[3,-45],[12,-17],[-3,-41],[-21,-19],[-2,-30],[-28,-52],[-23,-4],[-1,-26]],[[19681,9956],[121,-4],[4,149],[39,-8],[157,-3],[10,10],[4,218],[-11,28],[11,18]],[[20016,10364],[85,-31],[34,-53],[58,-47],[62,-37],[0,-40],[69,-3],[0,18],[35,2],[1,58],[26,33],[40,-4],[23,-37],[111,-2],[-12,-71],[13,-7],[-3,-209],[16,-6],[24,-33],[8,-59],[13,-25],[76,-88],[4,-27],[-36,-86],[-5,-42],[-17,-55],[-47,-37],[-8,-48],[4,-35],[-22,-36]],[[20568,9357],[-496,8],[6,107],[-2,41],[-18,-3],[-106,7],[-281,6]],[[19671,9523],[10,433]],[[18779,10572],[85,-3],[-13,-29],[-1,-76],[24,-17],[17,-30],[107,-2]],[[18998,10415],[-2,-86]],[[18996,10329],[-61,-13],[-25,6],[-52,29],[-84,4]],[[19255,10840],[12,-1]],[[19267,10839],[-3,-27],[23,-82],[27,-1],[0,-36],[33,-54],[-3,-138],[31,-156],[34,-38],[7,-27],[-11,-68],[2,-38]],[[19407,10174],[-94,-4],[-38,-12]],[[19275,10158],[3,65],[12,160]],[[19290,10383],[1,58],[-36,399]],[[18751,10858],[145,-6],[110,-1]],[[19006,10851],[-8,-436]],[[19006,10851],[246,-11]],[[19252,10840],[3,0]],[[19290,10383],[-5,20],[-287,12]],[[19785,10820],[193,-4],[328,-10],[205,-5]],[[20511,10801],[680,-10]],[[21191,10791],[138,0],[0,-8],[349,-13],[62,-3],[-3,-144]],[[21723,9620],[-555,16],[-4,-284],[-176,-2],[-420,7]],[[20016,10364],[-22,10]],[[19994,10374],[-8,30],[-36,24],[-1,23],[-116,4],[-6,45],[-30,27],[-18,38],[6,255]],[[19120,9363],[141,-1],[-2,-39],[122,-5],[35,48],[18,-6],[30,29],[40,-3],[164,-6],[3,143]],[[21526,8044],[-384,12],[-441,11],[-89,3],[-490,11]],[[20122,8081],[-127,4],[-701,17]],[[19294,8102],[-4,50],[6,28],[35,42],[16,80],[-4,83],[-54,145],[-38,163],[-88,316],[-53,11],[-55,28],[-77,77],[-35,14],[-9,35],[-22,27],[-14,46],[36,24],[46,-12],[76,6],[29,29],[0,41],[35,28]],[[19267,10839],[427,-16]],[[19694,10823],[91,-3]],[[19994,10374],[-25,-38],[-72,5],[-28,-22],[-45,23],[-38,-32],[-8,-21],[-27,-23],[-65,37],[-51,-4],[-51,9],[-4,12],[-83,4],[-20,-46],[-1,-40],[-33,-76]],[[19443,10162],[-36,12]],[[42122,26035],[31,-9],[19,67]],[[42172,26093],[61,-17]],[[42233,26076],[-32,-112]],[[42201,25964],[-84,31],[5,40]],[[38142,24421],[31,125],[0,28],[47,5],[31,-14],[33,-29],[22,-40],[-22,-24],[-6,-28],[43,0],[40,29],[38,5],[50,-17],[16,-62],[38,-37],[5,-28],[-27,-24],[26,-39],[17,5],[19,32],[22,-20],[-53,-59],[49,-17],[48,6],[81,27],[30,23],[39,47],[7,29],[-21,34],[-12,73],[-13,40],[-6,52],[14,40],[24,35],[32,12],[60,-1],[74,-20]],[[38918,24609],[-29,-86],[97,-59],[3,-13]],[[38989,24451],[-27,-71],[7,-33],[24,-46],[69,-43],[-12,-30],[14,-31],[48,-22],[42,-37],[46,-12],[5,-17],[-21,-99],[21,-35],[62,-8],[10,-37],[29,-43]],[[39306,23887],[-50,-97],[-79,-130],[-17,-20],[-69,-54],[-27,-31],[-22,-8],[-64,-3]],[[38978,23544],[-4,93],[-35,45],[-69,10],[-66,-9],[-96,-23],[-51,3],[-27,-19],[-93,-14],[-41,-28],[-57,-2],[-58,-37],[-32,0],[-31,-15],[-34,15],[0,63],[-17,20],[-34,11],[-17,27],[-27,15],[-6,32],[-32,56],[-35,17]],[[38116,23804],[15,109],[5,150],[6,358]],[[19275,10158],[-17,-5],[-112,4],[-10,8],[-90,146],[-50,18]],[[16362,40678],[70,1],[14,-110],[29,-106],[317,1],[1,-47],[-34,-51],[-10,-79],[-27,-7],[1,-96],[-33,-7],[-2,-45],[-72,0]],[[16616,40132],[0,47],[-27,49],[-46,-20],[-11,-24],[-29,27],[-21,3],[-5,34],[-41,1],[-25,-19]],[[16411,40230],[-27,52],[-44,0],[-1,45],[19,21],[-13,33],[-1,73],[19,8],[-1,216]],[[15221,40886],[4,767],[-1,96],[3,140],[-1,293]],[[15226,42182],[287,-3],[254,1],[325,4],[180,-1],[10,5],[401,3]],[[16683,42191],[0,-72],[-36,-15],[-1,-129],[22,-4],[-22,-99],[-14,-24],[-23,19],[-65,0],[-37,-144],[-6,-112],[-95,0],[-55,-13],[-25,13],[-29,-1],[-17,71],[-100,-2],[-62,5],[-21,-113],[4,-173],[-31,-7],[-102,-1],[1,-67],[34,-7],[1,-140],[33,-2],[3,-204],[14,-28],[49,-36],[34,-4],[78,6],[2,-86],[21,-41],[6,-34]],[[16244,40747],[-97,0],[-2,-32],[-28,-37],[-1,-46],[-20,-50],[35,-52],[-27,-32],[-3,-27],[25,-56],[2,-59],[8,-26],[36,-58],[4,-39],[20,-45],[31,-43],[5,-60],[19,-24],[55,-114],[42,-96],[81,193],[6,37],[-3,77],[-21,72]],[[16616,40132],[0,-243],[600,2],[17,-12],[40,-2],[0,-108],[107,3],[1,-108],[-36,-3],[1,-142],[-143,-3],[1,-288]],[[17204,39228],[-381,-8],[-163,-6],[-238,-5],[-45,-3]],[[16377,39206],[-105,-7],[-139,-1],[-297,-11],[-429,-12],[-170,-2]],[[15237,39173],[-2,237],[-7,162],[-1,110]],[[15227,39682],[-3,199],[-9,-1],[3,241],[3,120],[-4,69],[-3,271],[4,89],[3,216]],[[16244,40747],[45,-46],[3,-22],[70,-1]],[[16683,42191],[72,2],[254,-3]],[[17009,42190],[209,-1],[0,4],[582,4],[425,8]],[[18265,39900],[2,-64],[-1,-474],[-1,-110]],[[18265,39252],[-416,-10],[-645,-14]],[[40388,27205],[42,-19]],[[40430,27186],[117,-29],[90,4],[85,-4]],[[40722,27157],[-28,-59]],[[40653,27035],[-93,-52],[-43,-53]],[[40517,26930],[-37,19],[-5,63],[0,98],[-31,8],[-40,41],[-27,-18]],[[40377,27141],[11,64]],[[18641,11986],[33,-1]],[[18674,11985],[35,-1],[-3,-114]],[[18603,11873],[36,82],[2,31]],[[40351,17818],[23,-29],[88,-67],[74,-16]],[[40536,17706],[-8,-68],[11,-39],[3,-50]],[[40542,17549],[-6,-55],[-22,-68],[8,-58]],[[25926,42997],[0,-433],[16,1]],[[25942,42565],[-6,-214],[0,-645],[16,0],[3,-542],[3,-192],[-2,-242]],[[25956,40730],[1,-216],[4,-566],[2,-8]],[[25963,39940],[-387,-2],[-438,-1],[-276,2]],[[24862,39939],[-18,84],[-63,200],[-11,27],[-87,145],[-386,375],[-42,60],[-10,48],[1,143]],[[24246,41021],[9,34],[170,-1],[0,36],[108,-2],[-1,144],[-72,1],[-1,179]],[[24459,41412],[-2,99],[-35,9],[-1,162],[26,21],[47,1],[28,21],[0,144],[-62,-1],[-18,-36],[-64,0],[0,214],[-213,-4]],[[24165,42042],[-144,-2],[0,-107],[-132,-4],[-9,3]],[[23880,41932],[-16,28],[-72,0],[-27,16],[-16,48],[-14,13],[1,60],[-24,10],[-21,52],[25,46],[-3,68],[-8,22],[16,32],[-25,53],[-34,17],[3,66],[-20,10],[-11,56],[-37,20],[-28,27],[-5,28],[11,45],[-4,31],[23,38],[-1,58],[18,51],[68,54],[10,34],[-11,53]],[[24165,42042],[-1,-321],[8,-49],[1,-68],[35,-11],[-16,-28]],[[24192,41565],[14,-20],[0,-56],[-22,-16],[-46,-1]],[[24138,41472],[0,73],[-36,15],[0,36],[-21,0],[-48,75],[-14,14],[-94,-14],[-57,-2],[-44,-14],[-24,22],[-34,-2],[-36,17],[-221,184],[-38,14],[-58,-1]],[[23413,41889],[0,35],[42,25],[63,12],[40,-6],[79,-43],[88,-76],[48,-13],[48,12],[33,28],[23,-1],[9,44],[-6,26]],[[24459,41412],[-106,1],[0,-37],[-72,5],[-1,67]],[[24280,41448],[-6,87],[-29,14],[-1,18],[-52,-2]],[[24138,41452],[61,-2]],[[24199,41450],[11,-37],[0,-72],[-31,1]],[[24179,41342],[-19,73],[-22,0],[0,37]],[[22098,42960],[275,0],[287,-4],[235,0],[51,6],[128,-3],[322,8]],[[23413,41889],[6,-33],[29,-37],[7,-24],[-17,-77],[-40,-33],[-8,-40],[-15,-19],[4,-65],[180,-2],[29,-43],[1,-28],[-104,0],[-27,-40],[6,-33],[0,-125],[44,-12],[36,-21],[25,-58],[1,-33],[-14,-36],[18,-53],[4,-55],[49,22],[31,-2],[21,35],[28,6],[48,-23],[39,-3],[31,-29],[26,-6],[153,0]],[[24004,41022],[242,-1]],[[24862,39939],[-85,0]],[[24777,39939],[-299,1],[-636,11],[-374,-2],[-84,2],[-322,-2],[-269,-3],[-634,-5]],[[22159,39941],[-66,0]],[[24280,41448],[-81,2]],[[24138,41452],[0,20]],[[42233,26076],[5,20],[71,-22],[59,-4]],[[42368,26070],[-7,-45],[-27,-110]],[[42334,25915],[-82,34],[-51,15]],[[42369,26141],[-1,-71]],[[42172,26093],[15,66]],[[42036,25847],[92,-34]],[[42128,25813],[-29,-73]],[[42099,25740],[-11,4]],[[42088,25744],[-64,23]],[[42024,25767],[12,80]],[[41948,25680],[60,-10]],[[42008,25670],[-12,-75]],[[41996,25595],[-4,-31]],[[41992,25564],[-87,14]],[[41951,25698],[13,86]],[[41973,25781],[51,-14]],[[42024,25767],[-16,-97]],[[42088,25744],[-11,-85],[-14,-22],[-32,-9],[-35,-33]],[[19159,11857],[132,-6]],[[19291,11851],[13,-145]],[[40132,24998],[105,-39],[100,-69],[-23,-18],[-84,-111]],[[40230,24761],[-113,-1]],[[40117,24760],[6,89],[-3,19],[14,113],[-2,17]],[[11221,29551],[66,-36],[75,-3]],[[11362,29512],[-5,-161]],[[11357,29351],[-8,-215]],[[11349,29136],[-107,3]],[[11242,29139],[-117,4]],[[11125,29143],[-46,2],[-10,36],[2,105],[11,36],[21,2],[3,97],[76,-2],[-2,-60],[34,-2],[1,69],[36,-1],[3,71],[-30,4],[-20,21],[-11,32],[28,-2]],[[42049,25917],[53,-9],[67,-25]],[[42169,25883],[-41,-70]],[[42036,25847],[13,70]],[[42099,25740],[47,-18],[10,-34],[33,-56]],[[42189,25632],[-64,-53],[-60,-57]],[[42065,25522],[-73,42]],[[11828,32601],[3,546]],[[11831,33147],[2,281]],[[13517,32146],[-17,-71],[-44,-62],[-55,-130],[8,-44],[-9,-66],[-34,-52],[28,-77]],[[13394,31644],[-110,-41],[-67,-20],[-43,-36],[-12,-29],[2,-68],[76,-129],[11,-104],[-95,-71],[-66,-64],[-84,-52],[-44,-13],[-122,0],[-65,12],[-73,36],[-61,43]],[[12641,31108],[-70,62],[-62,94],[-15,40],[-43,55],[-52,36],[-78,26],[-52,11],[-114,15],[-59,3],[-59,21],[-19,31],[24,70],[65,67],[39,72],[6,60],[-31,32],[-85,5],[-31,-8],[-81,-52],[-58,-19],[-40,8]],[[11826,31737],[3,291],[0,336],[-1,237]],[[13626,34873],[572,6],[219,8],[467,-2],[374,-11]],[[15258,34874],[2,-501],[-1,-300],[1,-833],[-1,-175],[1,-1064],[3,-265]],[[15263,31736],[-152,-64],[-44,-3],[-31,8],[-86,41],[-20,20],[-64,37],[-57,26],[-43,13],[-121,5],[-67,-9],[-93,-37],[-82,-48],[-24,-18],[-161,-170]],[[14218,31537],[-22,-23],[-73,-20],[-142,18],[-34,-6],[-58,-40],[-11,-47],[-14,-11],[-8,-36],[2,-82],[13,-38],[-67,-77],[-75,-66],[-60,-13],[-76,32],[-43,34],[-31,38],[16,30],[4,54],[22,71],[60,42],[57,53],[40,49],[8,44],[-2,46],[-38,60],[-80,72],[-21,4],[-64,-42],[-88,-32],[-39,-7]],[[38046,27162],[68,-93]],[[38114,27069],[40,-54],[61,-61],[42,-31],[70,-37],[61,-21]],[[38699,26597],[-42,-21],[-27,-23],[-31,-66],[-8,-70],[-36,-45],[-35,-16],[-73,-17],[-57,-42],[-25,-55],[-26,-37]],[[38166,26125],[-25,-25],[-46,-22]],[[38095,26078],[31,44],[18,49],[-27,26],[-86,24],[-50,50],[-29,45],[11,43],[-77,-15],[10,45],[-74,3],[-1,127],[-91,0],[0,21],[-47,0],[1,133]],[[37684,26673],[-2,62],[0,230],[9,10],[-1,73]],[[37421,28338],[7,-61],[0,-90],[8,-33],[-15,-12],[1,-157],[-88,-11],[-24,-8],[-22,-24]],[[37288,27942],[-38,64],[-27,87],[-87,138]],[[38840,27718],[47,-9],[97,5],[166,-16],[84,-2]],[[39234,27696],[63,-4],[92,-23],[48,-19]],[[39437,27650],[37,-18]],[[39126,27617],[-51,-21],[-100,3]],[[40861,23809],[34,21],[65,0],[24,23]],[[40984,23853],[10,63],[18,13],[75,24]],[[41087,23953],[3,-30],[-14,-93],[7,-37],[21,-55],[2,-58],[19,-45]],[[41125,23635],[-54,-99],[-21,-54],[-22,-78]],[[41028,23404],[-29,1],[5,32],[-27,4],[11,43],[-8,46],[2,38],[-13,16],[-25,-14],[-46,17],[-2,24],[-20,50],[13,31],[-16,40],[-12,77]],[[40645,23972],[35,37]],[[40680,24009],[0,-23],[69,-44],[22,-25]],[[40771,23917],[-1,-50],[49,-113],[2,-54]],[[40821,23700],[-68,34],[-64,4],[-31,-7],[-26,16],[-17,28]],[[40615,23775],[28,23],[2,174]],[[39306,23887],[5,-3]],[[39311,23884],[-28,-88],[10,-81],[-15,-10],[16,-53],[4,-44],[-48,-86],[-1,-229],[15,-32],[-8,-27],[-34,-21],[0,-23],[28,-19],[141,-1],[5,-36]],[[39396,23134],[5,-113],[-14,-30],[-34,-40],[-40,42],[-33,5],[-53,37],[-63,1],[-39,10],[-35,21],[-33,55],[-17,16],[-59,15],[-9,41],[-28,14]],[[38944,23208],[-55,19],[-47,38],[-44,-11]],[[38798,23254],[2,54],[19,37],[36,31],[100,153],[23,15]],[[39675,24308],[9,-24],[-7,-27],[17,-22],[34,-17],[16,-54],[31,-3]],[[39775,24161],[1,-46],[-19,-31],[3,-30],[-34,-59],[-1,-20],[28,-47],[-25,-35],[23,-33],[-28,-33],[0,-48],[-28,-49],[-31,-3],[-55,-29]],[[39609,23698],[-19,8],[-121,103],[-67,40]],[[39402,23849],[13,43],[30,42],[74,68],[12,24],[0,62],[14,40],[-5,39],[135,141]],[[40352,24275],[51,32],[51,50],[51,15]],[[40505,24372],[70,11]],[[40575,24383],[3,-60],[24,-35]],[[40602,24288],[-1,-14],[31,-63],[12,-13],[-17,-53],[-51,-42]],[[40576,24103],[-48,-12],[-85,65],[-15,36],[-26,22],[-5,36],[-24,2],[-21,23]],[[40112,24466],[38,9],[26,17]],[[40176,24492],[13,-17],[48,-14],[4,-22],[31,-14],[28,-25],[20,-33],[-6,-21],[38,-71]],[[40352,24275],[-92,-72],[-1,-41],[-10,-27]],[[40249,24135],[-69,-1],[-36,30],[-51,0],[-7,-34],[-65,17],[-13,-12]],[[40008,24135],[-2,47],[8,20],[-4,94],[5,32],[46,66],[10,27],[41,45]],[[39675,24308],[56,70],[12,34],[9,63],[34,65]],[[39786,24540],[10,20],[39,29],[131,21],[28,29],[32,13]],[[40026,24652],[-6,-35],[30,-2],[2,-82],[26,-35],[34,-32]],[[40008,24135],[-39,16],[-60,-2],[-17,-22],[-31,-3],[-45,22],[-16,22],[-25,-7]],[[40664,22436],[46,19],[29,2],[26,-36]],[[40765,22421],[-25,-75],[-6,-77],[-18,-51],[29,-91],[36,-44]],[[40781,22083],[-59,-16],[-16,-22],[-57,12],[-5,25],[-57,9],[-61,60]],[[40526,22151],[-17,38],[-19,14],[-34,-16],[-27,22],[-21,47],[-18,-19],[-31,34],[-28,-17],[-23,20],[22,43],[24,25],[32,-2],[44,15],[23,-25],[39,-9],[10,33],[47,-8],[24,40],[24,-4],[19,21],[48,33]],[[40333,21527],[20,69],[56,68],[30,16],[133,20],[96,44],[50,53]],[[40718,21797],[5,-30],[-6,-99],[4,-24],[36,-46],[16,-31],[34,36],[4,51],[51,-2],[-10,60],[19,16],[-12,39],[-20,19],[3,21],[-39,6],[-35,15],[5,20],[30,-2],[20,37],[27,-10],[38,20],[13,60],[38,13],[48,-28],[37,7]],[[41024,21945],[24,-44],[68,-104],[26,-49],[43,-64],[53,-55],[78,-48],[48,-9],[78,-34],[73,-47],[120,-127],[167,-294]],[[41802,21070],[-25,-15],[27,-78],[18,-22],[-9,-19],[-32,25],[-29,-23],[-21,-64],[-20,-12],[-39,10],[-31,-27],[-58,-16],[11,-42],[-53,-50],[-5,-22],[-26,-1],[-36,-37],[-27,14]],[[41447,20691],[-8,29],[-25,-3],[-23,31],[-9,47],[-45,24],[-30,3],[-77,42],[-43,5],[-112,28],[-21,50],[-10,51],[12,30],[-8,28],[-36,17],[-52,-44],[-66,23],[-44,6],[-29,-16],[-35,-7],[-13,26],[-22,6],[-65,2],[-25,17],[-34,-11],[-21,24],[-24,6],[-80,64],[-47,13],[-110,22],[-51,47],[-44,10],[-51,-21],[-18,5]],[[40181,21245],[37,85],[57,104],[40,42],[18,51]],[[40839,23528],[-17,141],[-1,31]],[[40771,23917],[10,-13]],[[40781,23904],[47,-46],[33,-49]],[[41028,23404],[-21,-67],[-50,-95],[-49,-138]],[[40908,23104],[-43,10],[-10,45],[-72,18],[7,35],[-47,34],[-25,5]],[[40718,23251],[7,19],[108,229],[6,29]],[[40602,24288],[20,-8],[56,12],[29,36],[20,10],[30,-30],[-14,-37],[12,-11],[108,23]],[[40863,24283],[-63,-262],[-29,-104]],[[40680,24009],[34,33],[-21,14],[-46,6],[-40,30],[-31,11]],[[40508,23874],[23,24],[44,30],[32,13],[38,31]],[[40615,23775],[-16,27],[-37,9],[-59,36],[5,27]],[[39311,23884],[91,-35]],[[39609,23698],[36,-33],[21,-36],[38,-30],[24,-6],[37,-27],[72,-24],[88,-1],[21,-6]],[[39946,23535],[-22,-46],[9,-25]],[[39933,23464],[12,-71],[-3,-39],[-25,-26],[5,-64],[-19,-33],[-2,-32],[-12,-20],[-32,-11],[-13,-18],[-10,-56],[-21,-31],[-28,-15],[-40,1],[-20,-11]],[[39725,23038],[-20,-15],[-60,-1],[-54,20],[-12,22],[-75,-2],[-4,42],[-27,30],[-77,0]],[[40249,24135],[-36,-74],[-69,-20],[-71,-78],[-43,-23],[-28,-39],[-30,-145],[-19,-43],[3,-38],[-18,-56],[23,-35],[-15,-49]],[[40319,24759],[36,0]],[[40355,24759],[-8,-116],[2,-32]],[[40349,24611],[34,-77],[122,-162]],[[40176,24492],[10,22],[70,49],[3,37],[-14,17],[-8,50],[64,34],[-10,20],[28,38]],[[40026,24652],[100,72],[60,15],[44,22]],[[40230,24761],[89,-2]],[[37958,22835],[85,530],[41,235],[32,204]],[[38798,23254],[-6,-33],[-58,-84],[-77,-33],[-78,21],[-20,-1],[-76,-33],[-32,-21],[-77,-18],[-21,-11],[-24,-63],[-2,-58],[-17,-21],[-38,-15],[-147,-93],[-19,-5],[-77,7],[-71,42]],[[41432,27146],[31,-37],[6,-37],[-25,-105],[-15,-46]],[[41429,26921],[-31,11],[-34,-1]],[[41364,26931],[-20,99],[26,13],[4,23],[30,26],[-14,71]],[[40722,27157],[119,-5],[32,-17]],[[40873,27135],[2,-31],[-16,-128]],[[41144,24603],[20,-31],[8,-41],[43,-32],[21,-81],[-3,-29]],[[41233,24389],[-29,-18],[-20,-27],[-23,-9],[-12,-28]],[[41149,24307],[-88,27],[-57,-4],[-19,-9]],[[41182,26292],[11,6],[8,77]],[[41201,26375],[53,-7]],[[41254,26368],[27,-4]],[[41281,26364],[7,-52],[-7,-60],[-62,1]],[[41219,26253],[-40,8]],[[41179,26261],[3,31]],[[40200,25498],[4,-12],[59,-51],[16,-43]],[[40279,25392],[-54,13],[-49,19]],[[40176,25424],[-28,4],[-38,-16],[-48,19],[-68,-14],[-32,1]],[[39915,25541],[63,18],[50,-4]],[[41287,26490],[47,-2],[-3,-26],[41,-6]],[[41372,26456],[-2,-20]],[[41370,26436],[-8,-73]],[[41362,26363],[-37,-4]],[[41325,26359],[-44,5]],[[41254,26368],[16,108],[17,14]],[[41753,27070],[55,-106],[-60,-50]],[[41748,26914],[-30,29],[-17,-16]],[[41633,26977],[120,93]],[[40852,24783],[37,41],[0,19]],[[40889,24843],[101,-97]],[[40990,24746],[-37,-39],[58,-29],[-59,-63]],[[40952,24615],[-40,26],[-28,34],[-25,14],[-40,-29]],[[40990,24746],[29,-28],[64,-12],[22,-13]],[[41142,25422],[26,198]],[[41168,25620],[26,8],[118,-16]],[[41312,25612],[9,-26]],[[41321,25586],[-13,-12]],[[41308,25574],[-26,-24],[-46,-22],[-43,-58],[-51,-48]],[[41294,25465],[36,-5],[-23,-26],[-4,-39],[75,-12],[48,-52]],[[41426,25331],[-66,-29]],[[41268,25269],[26,196]],[[41103,24132],[24,23],[46,82],[-2,52],[-22,18]],[[41233,24389],[25,13]],[[41258,24402],[-3,-109],[44,-15],[2,34],[96,-2]],[[41397,24310],[-3,-42],[-49,-54],[-48,-30]],[[41297,24184],[-45,-53]],[[41252,24131],[-56,-22],[-46,-25],[-25,0],[-1,30],[-21,18]],[[41188,24622],[47,-3],[60,15]],[[41295,24634],[-1,-176],[13,5]],[[41307,24463],[-23,-47],[-26,-14]],[[41252,24131],[-3,-188],[67,-22],[5,7]],[[41321,23928],[14,-46]],[[41335,23882],[-87,-112],[-63,-61],[-60,-74]],[[41087,23953],[-10,69],[1,54],[7,32],[18,24]],[[41438,25167],[24,21],[80,109]],[[41542,25297],[54,-36]],[[41596,25261],[-77,-48],[26,-20],[-60,-81],[51,-40],[-22,-29]],[[41451,24982],[-22,47],[-72,44]],[[42156,27603],[61,-15],[96,77],[25,-5],[-7,-77],[9,-31],[-3,-95]],[[42337,27457],[-16,2],[-3,-70]],[[42135,27395],[0,1]],[[41248,24807],[41,47],[107,84]],[[41384,24871],[-18,-106],[95,7]],[[41461,24772],[-31,-74]],[[41430,24698],[-43,24]],[[41387,24722],[-105,57],[-34,28]],[[41824,27942],[-8,-55],[-25,-24],[-10,-90],[-15,-30],[-27,-24],[-18,-71]],[[41721,27648],[-28,0]],[[41589,27871],[64,14],[68,44],[103,13]],[[41412,26357],[45,-6]],[[41457,26351],[6,-11]],[[41423,26227],[-54,12]],[[41369,26239],[3,29],[29,-4],[15,74],[-4,19]],[[41824,27942],[39,0],[39,-30],[62,-18]],[[41964,27894],[21,-56],[6,-59],[-3,-59],[-15,-49]],[[41973,27671],[-35,6],[-59,22],[-55,-19],[-46,-32],[-57,0]],[[41663,26768],[-67,-64],[-19,-35]],[[41577,26669],[-27,16],[-50,55]],[[41500,26740],[54,98]],[[41314,26932],[50,-1]],[[41429,26921],[-25,-127]],[[41404,26794],[-61,-1],[-47,38]],[[41296,26831],[2,49],[16,52]],[[41321,25586],[20,-59],[24,-31]],[[41365,25496],[102,-131]],[[41467,25365],[-41,-34]],[[41294,25465],[14,109]],[[41009,25624],[47,-6],[95,4]],[[41151,25622],[-51,-31],[-13,-100],[-1,-83]],[[41086,25408],[-89,-18]],[[40997,25390],[2,113],[-6,42],[16,79]],[[41504,24855],[20,-16],[-50,-69],[-13,2]],[[40664,27432],[90,-92],[48,-24],[75,-5]],[[40877,27311],[-26,-20],[-24,-2],[-54,-38]],[[40773,27251],[-58,23],[-121,-3],[-62,7],[-17,-26],[-85,-66]],[[40388,27205],[9,48],[24,34],[243,145]],[[10027,31449],[53,254],[1,48],[17,27],[26,19],[17,60],[37,78],[28,97]],[[10206,32032],[58,-3],[29,-36]],[[10293,31993],[18,-46],[8,-41],[26,-80]],[[10345,31826],[52,-190]],[[10397,31636],[-45,-16],[-11,-17]],[[10341,31603],[-26,6],[-46,-6],[-10,-26],[-21,-2],[-11,23],[-43,15],[-37,-6],[-29,-34],[-37,-18],[-24,-36],[-11,-85],[-19,15]],[[9185,30526],[70,-3]],[[9255,30523],[-3,-71]],[[9252,30452],[-2,-72]],[[9192,30383],[-9,72],[2,71]],[[40620,26799],[36,-31],[32,1],[42,20],[34,0]],[[40764,26789],[-2,-19]],[[40762,26770],[-15,-126]],[[40747,26644],[-56,8],[-35,26],[-35,11]],[[40620,26740],[0,59]],[[39864,25666],[65,2],[92,33]],[[41372,26456],[18,105],[15,24]],[[41405,26585],[31,-22]],[[41436,26563],[14,-105],[-21,-29]],[[41429,26429],[-59,7]],[[41231,26714],[18,-13]],[[41249,26701],[58,-38],[51,-47],[47,-31]],[[41287,26490],[-24,-1],[0,38],[-16,15]],[[41247,26542],[-21,21],[1,142],[4,9]],[[41103,26724],[69,30]],[[41172,26754],[59,-40]],[[41247,26542],[-22,14],[-53,-1]],[[41172,26555],[-4,-13],[-106,19]],[[41062,26561],[-31,7],[8,45],[51,67],[13,44]],[[40957,26799],[5,54],[-5,54]],[[40957,26907],[185,-132]],[[41142,26775],[30,-21]],[[41103,26724],[-19,-8],[-48,2],[-86,14]],[[40950,26732],[-3,0]],[[40947,26732],[10,67]],[[41062,26561],[-51,-24]],[[41011,26537],[-33,40],[-3,21],[-41,5]],[[40934,26603],[16,129]],[[9595,32096],[227,17],[151,-5]],[[9973,32108],[-23,-54],[-84,-156]],[[9866,31898],[-163,1],[-1,-106]],[[9702,31793],[-19,37]],[[9683,31830],[-79,211],[-9,55]],[[9573,32332],[140,-4],[108,2],[28,7],[52,-11],[32,15],[14,22]],[[9947,32363],[89,-38],[17,-16]],[[10053,32309],[-21,-49],[-9,-73]],[[10023,32187],[-41,-79],[-9,0]],[[9595,32096],[-20,187],[-2,49]],[[27196,25578],[28,34]],[[27224,25612],[69,-56],[40,-16],[18,-20],[107,-46],[73,-43]],[[27357,25382],[-11,-17]],[[32828,32840],[37,-289]],[[32865,32551],[-620,24],[0,5],[-284,9],[8,289]],[[29046,31518],[101,-21],[98,-34],[121,-65]],[[29366,31398],[-4,-123],[-9,0],[-2,-138],[-68,-2],[-3,-26],[-37,-54],[-18,-99],[-93,-5]],[[29132,30951],[1,68],[37,10],[4,172],[-104,2],[-4,-34],[-32,-6],[-5,-32],[-140,4],[4,154],[78,14],[37,15],[25,24],[36,12],[54,4],[27,8],[-8,50],[-51,5],[-2,33],[-49,0],[6,64]],[[29281,31943],[3,40],[39,-25],[72,-16],[8,6],[-2,-142],[72,-1]],[[29473,31805],[-3,-134],[-16,-49],[17,-55],[-5,-31],[-3,-170]],[[29463,31366],[-97,32]],[[29046,31518],[-5,8],[2,100],[-16,48],[22,54],[15,-1],[26,37],[16,0],[39,41],[-7,18],[23,32],[40,-2],[22,18],[11,39],[30,-10],[-5,45],[22,-2]],[[9706,31692],[106,55],[19,57]],[[9831,31804],[27,22],[52,2],[1,33],[19,28],[70,9],[9,10],[10,106],[45,8],[64,26]],[[10128,32048],[29,-13],[49,-3]],[[10027,31449],[-60,39],[-22,49],[-70,49],[9,29],[-118,2],[2,35],[-62,0]],[[9701,31354],[3,121]],[[10341,31603],[-3,-15],[49,-107],[20,-64],[-18,-99],[-25,-21],[-93,-113],[-42,-70],[-52,-60]],[[10177,31054],[-78,-72],[-112,-75]],[[9987,30907],[-47,-27],[-43,41]],[[9897,30921],[-15,61],[-53,62],[-63,84],[-41,29],[-41,19],[-21,1]],[[10615,33326],[168,405],[173,403],[28,59]],[[10984,34193],[359,-4]],[[11343,34189],[285,-2],[212,-4]],[[11834,33538],[-35,14]],[[11799,33552],[0,19],[-34,9],[-106,-1],[-13,45],[-42,-27],[-31,-50],[-17,-5],[-14,-80],[-44,-11],[-9,-23],[-51,6],[-40,-15],[-29,5],[-5,-45]],[[11364,33379],[-31,18],[-245,1],[-15,-5],[-21,-38],[-42,-28],[-190,-2]],[[10820,33325],[-205,1]],[[11799,33552],[-18,-20],[-61,-126],[-7,-40],[-8,-150],[-32,-67],[-44,-30],[-20,-25],[-15,-60]],[[11594,33034],[-15,-22],[-31,-13],[-37,0],[-35,-28],[-14,-46],[-20,-18]],[[11442,32907],[0,68],[-16,-1],[-132,-62]],[[11294,32912],[-22,20],[12,38],[20,17],[-13,82],[10,30],[48,34],[0,49],[-14,29],[-43,15],[-15,22],[67,72],[3,35],[17,24]],[[11158,30681],[36,9],[47,25],[50,4],[10,-10],[-5,-169],[32,-42]],[[11385,30212],[-66,3]],[[11319,30215],[-33,1],[1,71],[-40,2],[1,37],[-26,0],[-8,-59],[-19,-12],[-51,1],[4,-39],[-42,4]],[[11106,30221],[-58,4],[-1,-23],[22,-24],[-1,-48],[54,-71],[1,-30]],[[11123,30029],[-191,32]],[[10932,30061],[-146,26]],[[10868,29046],[6,12]],[[10874,29058],[12,27],[55,39],[20,-15],[-39,-29],[-1,-72],[70,-3],[-1,59],[-25,16],[16,29],[-6,19],[-33,23],[93,-4],[-5,-85],[5,-72],[-11,-58],[105,-4],[7,204],[-11,11]],[[11242,29139],[-6,-185],[-49,-33],[-3,-65]],[[11184,28856],[-316,12]],[[10868,28868],[2,66],[13,21],[3,90],[-18,1]],[[9697,28998],[121,-7],[-1,-42]],[[9817,28949],[-13,-34],[-59,1],[-3,-58]],[[9742,28858],[-2,-12],[-65,1]],[[9359,30519],[-34,4]],[[9325,30523],[-70,3]],[[9255,30526],[5,141]],[[10833,29942],[53,-27],[49,-17],[49,-48],[-1,-56],[36,-1],[-1,-36],[61,-2],[17,25]],[[11096,29780],[-1,-25],[45,-38],[53,-2],[-3,-73],[52,-9]],[[11242,29633],[0,-27],[-55,1],[-1,-35],[26,-1],[9,-20]],[[10874,29058],[-7,24],[22,40],[2,30]],[[10891,29152],[1,73],[-35,0],[0,55],[-52,1],[8,232],[47,0],[0,18],[43,-1],[1,26],[26,0],[0,62],[-26,20],[-67,2],[-15,18],[2,36],[-29,3],[1,35],[-25,0],[3,143],[35,-2],[2,69],[22,0]],[[29628,18251],[4,11],[67,6],[-2,20],[-29,40],[29,48],[52,-9],[17,33],[28,11],[48,-10],[27,-42],[49,-35],[28,3],[33,67],[123,0],[7,37],[19,46],[6,81],[-10,37],[5,30],[34,46],[49,45],[20,-1],[5,-35],[127,0],[28,10],[17,-10],[68,0],[2,281],[3,149]],[[30555,19559],[72,15],[81,7],[72,-29],[18,-2],[-1,-227],[105,-4],[19,4],[85,-7],[24,-49],[77,5],[16,6],[110,-2],[201,-13],[3,22],[-16,53],[-20,37],[0,101],[-63,28],[-15,16]],[[31323,19520],[32,0],[18,19],[41,-7],[30,-17],[27,-32],[60,-12],[8,27],[-2,37],[3,100],[96,7],[18,-18],[10,-39],[35,-88],[52,-37]],[[31751,19460],[47,-30],[13,-17],[54,-20],[66,1],[47,-6],[41,-45],[64,-26],[15,4],[62,43]],[[30043,17664],[-37,29],[-25,-28],[-68,14],[-6,36],[-21,27],[-79,35],[-19,36],[12,32],[-24,28],[-27,14],[-49,-14],[-2,22],[-27,15],[-19,52],[-5,134],[-34,35],[-6,38],[20,54],[1,28]],[[23380,16793],[44,-38],[56,-36],[34,-33],[-24,-27],[40,-41]],[[23530,16618],[37,-38],[-45,-55],[-2,-170],[-4,-7]],[[23516,16348],[-10,-11],[-6,-28],[-36,-52],[-220,5],[0,143],[35,4],[52,41],[-19,13],[-8,33],[9,23],[31,23],[4,22],[-22,31],[-31,18],[-52,-15],[-27,39],[3,32],[32,19],[42,64],[29,8],[9,33],[49,0]],[[23530,16618],[54,65],[77,41],[41,28],[78,86]],[[23780,16838],[65,-3],[-86,-134],[1,-20],[33,-8],[0,-137],[7,-8],[136,-1],[-4,-143]],[[23932,16384],[-136,1],[0,-136],[-276,6],[0,46],[-11,31],[7,16]],[[9798,27257],[158,-8]],[[9956,27249],[140,-5],[281,-7]],[[10377,27237],[1,-18],[-13,-414],[-3,-144],[-12,-288],[-308,16]],[[10042,26389],[-252,12]],[[9790,26401],[8,148],[5,283],[16,375],[-21,50]],[[28830,19903],[19,56],[5,73],[35,131],[36,41],[35,17],[58,-6],[23,-44],[9,-46],[15,-13],[80,43],[82,77],[50,19],[47,25],[31,4],[12,33],[153,0],[239,4],[158,0],[130,2],[188,8],[50,0],[157,7],[43,-1]],[[30485,20333],[2,-145],[-2,-268],[43,-57],[5,-26],[-18,-37],[-69,-66],[20,-62],[-10,-27]],[[30065,19445],[-45,-6],[-25,24],[-34,17],[-18,-13],[-30,12],[-62,40],[-61,-12],[-32,-25],[-44,-7],[-23,18],[-22,41],[-102,31],[-61,1],[-2,-144],[138,-2],[-2,-156],[-62,-2],[-8,-10],[6,-118],[-11,-36],[-38,-55],[-4,-23],[-48,-48],[-40,-57],[-16,-10],[-55,1],[-106,25],[-49,-10],[-53,0],[-54,16]],[[29102,18937],[0,32],[-66,27],[-5,36],[-20,46],[2,31],[-18,45],[16,27],[7,40],[16,19],[30,-1],[-33,41],[-3,46],[-150,1],[-72,-61],[-45,4],[-98,55],[-12,15],[5,57],[14,30],[58,23],[63,51],[35,49],[32,72],[2,30],[-10,41],[-40,70],[-1,47],[21,93]],[[30169,19247],[-11,-48],[-62,-21],[4,-42],[48,3],[-7,-26],[-44,-6],[0,-69],[66,1],[41,12],[34,-11],[26,-72],[75,1],[1,57]],[[30340,19026],[55,26],[87,58]],[[29628,18251],[-93,53],[-13,25],[5,61],[-4,36],[37,52],[-48,58],[23,55],[6,61],[12,19],[-16,27],[-57,-21],[-40,1],[-68,32],[-32,-15],[4,-22],[-40,1],[-31,11],[-18,-15],[-63,5],[-49,27],[-15,23],[-13,60],[-51,1],[-13,43],[21,36],[11,59],[19,13]],[[30340,19026],[0,50],[-33,77],[-8,85],[28,0],[15,30],[-8,37]],[[28409,19095],[6,354],[-1,184],[1,279]],[[28415,19912],[275,-10],[140,1]],[[30020,15843],[-406,0]],[[29614,15843],[-139,6],[-259,5],[-529,20],[-56,2],[-143,0],[-135,3]],[[28353,15879],[0,223],[6,808],[13,0],[9,427],[13,732],[8,505],[3,55],[-2,142],[6,324]],[[31323,19520],[-31,21],[-21,-16],[-54,-1],[2,503],[102,-3],[13,-18],[70,-17],[33,39],[0,65],[141,-3],[-2,-143],[47,0],[64,31],[-11,-79],[37,26],[37,38],[0,-81],[34,-16],[0,-118],[23,-53],[19,-5],[37,-36],[-7,-17],[-47,-17],[0,-31],[-54,-9],[14,-82],[-18,-38]],[[30485,20333],[353,-7],[381,-12],[138,-3],[6,264],[2,281],[4,188],[2,199]],[[31371,21243],[1,82]],[[31372,21325],[310,-3],[70,-5],[320,-3],[28,1]],[[32100,21315],[71,-1],[0,-115]],[[32171,21199],[0,-170],[-3,-446],[-4,-402],[2,-104],[-5,-578]],[[40646,22781],[-6,-38],[23,-98]],[[40663,22645],[-9,-113],[10,-96]],[[40526,22151],[5,-47],[-42,24]],[[40489,22128],[-51,12],[-20,13],[-47,-5],[-82,-22],[-59,26],[-57,-2],[-62,43],[-25,38],[-41,17]],[[40045,22248],[24,29],[3,126],[-32,11],[5,40],[2,136],[-27,34],[-74,-2],[5,76],[18,40],[7,89],[36,91],[36,39],[96,23],[6,18],[61,24],[16,-5],[32,20],[54,13],[10,10]],[[9192,29091],[125,-8],[52,31]],[[9369,29114],[2,-7]],[[9439,28941],[-10,-5],[-279,14]],[[9150,28950],[-57,2]],[[9093,28952],[12,51],[25,58],[7,33]],[[9469,28794],[-108,7]],[[9361,28801],[-37,-8],[-135,8]],[[9189,28801],[-42,5],[-25,58],[19,45],[9,41]],[[9304,29403],[6,-21]],[[9310,29382],[15,-48],[44,-220]],[[9252,30452],[70,-3]],[[9322,30449],[-3,-72]],[[9319,30377],[-69,3]],[[9085,29821],[43,-2]],[[9128,29819],[104,-6]],[[9232,29813],[-3,-107],[-9,-35]],[[9220,29671],[-140,7]],[[9080,29678],[5,143]],[[10601,30872],[73,35],[59,45]],[[10733,30952],[51,-49],[2,-22],[26,-1],[-3,-95]],[[10809,30785],[-65,3],[-40,-23],[-18,-23],[-83,5]],[[10603,30747],[-7,31],[5,94]],[[9946,30633],[115,-5]],[[10061,30628],[-2,-71]],[[10059,30557],[-2,-73]],[[10057,30484],[-165,9]],[[9892,30493],[0,44],[-22,80],[38,18],[38,-2]],[[10606,28513],[21,19],[144,-124],[23,-40],[53,-2]],[[10847,28366],[232,-11],[23,-15],[26,21],[4,64],[105,-4]],[[11237,28421],[-12,-263],[36,-6],[-3,-92]],[[11258,28060],[-220,10],[-61,5],[-282,10]],[[10695,28085],[5,143],[-109,5]],[[10591,28233],[6,146],[9,134]],[[44996,16951],[-12,20],[-47,44],[-174,139],[-6,-66],[-24,0],[-137,17],[-39,12]],[[44557,17117],[-1,66],[24,53],[1,109],[9,11],[63,-68],[63,-16],[-7,-22],[27,-17],[67,14],[38,30],[17,24],[86,-18],[61,-74],[-31,-9],[-59,-55],[-31,-7],[-18,-19],[29,-31],[20,9],[62,2],[62,-29],[14,24],[27,-24],[-35,-9],[-33,-24],[-10,-33],[6,-26],[-12,-27]],[[42878,16559],[447,773],[6,5],[119,217]],[[43450,17554],[24,-14],[7,-32],[30,-13],[34,-1],[19,-24],[30,36],[69,34],[18,55],[15,21],[36,-8],[16,-23],[38,7],[13,14],[29,-3],[28,32],[21,-5],[18,18],[20,-13],[15,-59],[24,-3],[35,14],[22,22],[11,-35],[63,6],[37,37],[16,29],[53,29],[18,-28],[69,3],[14,-10],[57,32],[20,42],[30,33],[9,-20],[40,-47],[55,-122],[35,-63],[43,-53],[2,33],[16,24],[10,66],[46,-7],[2,-32],[76,1],[21,13],[34,-4],[6,125],[33,62],[12,36],[53,-35],[10,-23],[63,-14],[15,-30],[25,-2],[18,-23],[15,-39],[-3,-38],[25,-13],[33,2],[54,-16],[35,-38],[25,-6],[30,34],[49,39],[91,50],[50,39],[40,-3],[37,-32],[86,-27],[18,11],[27,-40],[22,-99],[-17,-44],[68,-64],[-3,-27],[-42,-38],[0,-28],[-21,-7],[-64,11],[-16,-3],[-28,-52],[-15,-6],[-12,-46],[-1,-68],[-62,-47],[-82,7],[8,-25],[-21,-83],[-32,-38],[-52,-35],[7,-71]],[[45272,16792],[-23,-2],[-71,31],[-44,26],[-35,4],[16,-78],[-34,-3],[-7,-52],[0,-80],[11,-29],[-8,-29],[2,-53],[-18,-39],[-57,16],[-100,0],[-15,-13],[-27,15],[-80,72],[-31,13],[-12,17],[-10,55],[2,34],[-51,53],[-17,-22],[-47,80]],[[44616,16808],[-2,54],[39,19],[38,-26],[7,62],[40,-6],[17,37],[25,-15],[34,-3],[37,8],[48,-16],[25,54],[28,3],[24,-25],[20,-3]],[[44557,17117],[-39,-4],[-78,22],[45,-118],[48,-81]],[[44533,16936],[-26,-69],[-27,-43],[-88,-76],[-121,1],[-74,-11],[-66,-29],[2,-58],[32,-9],[2,-80],[63,0],[-106,-107],[-93,-101],[-43,-68],[48,-37],[-2,-50],[-9,-8],[3,-97],[60,-16],[35,-1],[-21,-66],[-19,-41],[-30,-39],[-36,-90]],[[44533,16936],[83,-128]],[[45272,16792],[32,0],[84,-31],[18,9],[86,4],[28,11],[29,-3],[86,32],[26,17],[133,-1],[27,-10],[37,-31],[32,-8],[20,10],[6,-107],[-1,-55],[54,4],[20,42],[24,24],[40,21],[79,-1],[31,21],[49,72],[8,32],[20,24],[39,13],[12,72],[26,8],[16,-13],[38,14],[28,-1],[40,-39],[-15,-35],[44,-13],[16,-23],[-3,-51],[35,-19],[21,43],[30,25],[3,61],[22,36],[18,48],[41,38],[39,20],[173,-71]],[[46863,16981],[20,-16],[61,-33],[51,-18],[76,-20],[137,-41],[54,-7],[43,-19],[69,-56],[35,-72],[0,-44],[-14,-44],[-17,-85],[-5,-117],[7,-105],[-14,-42],[16,-48],[38,-46],[30,-66],[49,-53],[23,-35],[71,-69],[71,-102],[14,-33],[4,-52],[-12,-43],[-27,-29],[-60,-26],[-38,-2],[-117,40],[-53,3],[-32,-33],[-8,-148]],[[47335,15520],[-43,-5],[-14,-15],[-34,27],[-8,39],[-28,35],[-20,-25],[22,-23],[-10,-18],[-28,-7],[-39,22],[1,40],[-53,35],[-30,-17],[-49,-14],[-124,-21],[-21,33],[21,21],[-10,48],[-20,-7],[-50,-60],[-30,42],[29,23],[-11,35],[-32,38],[-38,30],[7,40],[-1,70],[-34,-3],[-12,-54],[-23,3],[-9,-27],[-31,-15],[-54,2],[-11,-52],[-53,23],[-19,-34],[-24,1],[-24,47],[29,54],[-9,59],[-19,0],[-24,-43],[-22,-16],[-46,14],[-37,-7],[-48,1],[2,-82],[-62,-63],[3,34],[-25,43],[-14,-1],[-1,-69],[-25,1],[-41,37],[17,51],[-43,28],[-41,-24],[-51,22],[-15,-1],[-54,34],[-39,-45],[13,-46],[-12,-21],[-33,13],[-4,48],[-39,37],[-8,18],[-58,17],[-35,-13],[-3,-31],[32,-48],[-11,-16],[-48,20],[-39,-24],[-32,16],[-44,-2],[-18,-37],[-27,33],[-28,6],[-64,-13],[-40,13],[-23,63],[-16,2],[-35,-59],[-38,-3],[-41,15],[36,66],[2,30],[-25,27],[-13,-34],[-109,-28],[-337,-6]],[[44180,18565],[10,6],[91,-37],[58,-12],[90,-5],[56,15],[66,42],[75,55],[27,28],[42,63],[66,76],[35,14],[51,50],[43,14],[64,-37],[172,-140],[74,-46],[34,-15],[10,-18],[3,-52],[-17,-30],[18,-91],[29,-50],[56,-53],[32,33],[59,-29],[69,-4],[24,-11],[60,-42],[47,6],[23,-8],[37,8],[46,-73],[50,-63],[74,-74],[111,-88],[47,-25],[72,-48],[72,-43],[60,-51],[43,-90],[27,-45],[1,-52],[-7,-52],[-51,-153],[18,-81],[41,-38],[80,-27],[22,5],[101,-2],[53,32],[62,8],[17,-16],[1,-54],[24,-27],[29,-3],[77,-52],[25,-32],[32,-80],[52,-90]],[[43450,17554],[193,354],[74,138],[463,519]],[[8650,45219],[287,-4],[394,-1],[400,1],[1,-2],[427,3],[154,2],[283,2],[3,-2],[286,3],[323,1],[84,-2],[385,5]],[[11677,45225],[-1,-100],[5,-607],[1,-297],[128,1],[2,-250],[1,-364],[0,-238]],[[8904,43394],[-76,0],[3,213],[-1,220]],[[8830,43827],[-1,415],[-178,0],[0,576],[-3,338],[2,63]],[[41851,26117],[-119,33]],[[41732,26150],[30,6],[13,39]],[[41353,25888],[13,63]],[[41366,25951],[8,52]],[[41487,25944],[32,10]],[[41426,25870],[-34,-45],[-6,-53]],[[41386,25772],[-20,2],[-27,-31],[-38,-23]],[[41301,25720],[4,11]],[[41632,26619],[72,119]],[[41741,26706],[4,-36]],[[41745,26670],[7,-17],[35,-25]],[[41787,26628],[69,-39]],[[41866,26459],[-56,32]],[[41718,26544],[-56,43]],[[41909,26668],[51,36],[18,22],[-7,109],[4,38]],[[41975,26873],[4,33]],[[41979,26906],[10,97]],[[41989,27003],[47,20],[28,34]],[[42337,27457],[116,-18]],[[42453,27439],[-35,-56],[-28,-62],[-10,-57],[-55,-77],[-58,-37],[-105,-107],[-36,-60],[-15,-80],[-1,-61],[21,-89],[53,-92]],[[41927,26640],[-18,28]],[[42013,25969],[5,15],[46,-10],[0,28],[20,42]],[[42084,26044],[38,-9]],[[42334,25915],[-19,-72]],[[42315,25843],[-91,36],[-55,4]],[[42049,25917],[-48,9]],[[42001,25926],[12,43]],[[9406,28146],[20,-1]],[[9426,28145],[20,-4],[263,-15]],[[9709,28126],[16,0]],[[9725,28126],[-9,-143]],[[9716,27983],[-153,10],[-31,-1],[-39,-29],[126,-118]],[[9619,27845],[-233,14]],[[9386,27859],[12,241],[8,46]],[[9619,27845],[40,-84],[8,-64]],[[9667,27697],[5,-152],[3,-18],[39,-113],[11,-58],[54,-69],[14,-29]],[[9793,27258],[-57,3],[-76,-2],[-127,6],[12,294],[-169,12]],[[9376,27571],[-10,31],[1,40],[16,73],[-2,27],[5,117]],[[41985,25855],[16,71]],[[46661,9135],[118,10],[189,2]],[[46968,9147],[19,-66],[-13,-75],[-1,-59],[-13,-32],[1,-78],[-29,-1],[-3,-41],[39,2],[18,-34],[67,25],[-14,-46],[-29,-65],[18,-43]],[[47028,8634],[-31,-1],[-8,16],[-89,-15]],[[46900,8634],[10,37],[-13,47]],[[46897,8718],[-9,63],[-27,48],[-86,67],[-31,32],[-15,29],[-68,178]],[[46769,8705],[63,24],[8,-33],[57,22]],[[46900,8634],[-192,-31]],[[46708,8603],[-11,49],[75,29],[-3,24]],[[7456,33830],[1,-309],[2,-21]],[[7459,33500],[-27,-10],[-25,-53],[75,-102],[-59,-25],[-58,-33],[-13,-16],[18,-41],[31,-8]],[[7401,33212],[16,-10],[3,-43],[21,-26],[-18,-53],[-36,-5],[-40,15],[-26,25],[-20,-16],[0,-58],[217,2],[191,2],[33,-3]],[[7742,33042],[-47,-295],[-43,-126],[-15,-57],[-2,-45],[32,-119]],[[7597,31582],[-18,57],[-33,62],[-38,36],[-47,7],[-62,-13],[-85,0],[-79,20],[-22,11],[-74,62],[-24,52],[-1,26],[35,59],[25,56],[10,62],[-13,81],[-35,70],[-44,53],[-64,60],[-86,56],[-81,40],[-91,40],[-28,23],[-82,97],[-27,40],[-42,101],[-16,60],[-13,87],[-9,149],[-10,61],[0,65],[8,28],[27,38],[39,33],[74,26],[45,25],[27,38]],[[38832,22484],[78,-98],[31,-49],[79,-21],[23,-30],[28,-20],[30,-45],[6,-35],[-19,-71],[9,-19],[58,-33],[18,-29],[30,-8],[53,11],[33,-14],[48,6],[38,-12]],[[39375,22017],[-12,-48],[12,-60],[4,-87],[-8,-83],[8,-17],[72,-67],[12,-19]],[[39463,21636],[-6,-45],[-24,-34],[-1,-24]],[[39432,21533],[-4,-56],[-8,-26],[-91,-191],[0,-43],[22,-42],[7,-40],[-18,-55],[-53,-53],[-45,-55],[-30,-11],[-66,-8],[-145,-110],[-10,-21],[11,-49]],[[39002,20773],[-15,-61],[-25,-38],[-61,-47],[-82,-1],[-115,18]],[[38466,20937],[24,21],[53,25],[97,58],[30,-15],[80,24],[13,12],[17,67],[5,58],[-45,26],[-60,79],[-29,25],[-35,63],[-34,41],[2,111],[-8,35],[-27,21],[33,41],[28,148],[93,138],[20,79],[-5,114],[9,90],[10,28],[-6,39],[-1,78],[-21,52],[0,27],[16,19],[46,14],[61,29]],[[40508,23874],[-56,-4]],[[40452,23870],[-33,16],[-40,2],[-26,27],[10,57],[-6,22],[-39,31],[-8,27],[-28,-1],[-24,13],[-12,44],[3,27]],[[38944,23208],[19,-74],[-2,-21],[-85,-66],[-21,-36],[-5,-41],[13,-10],[85,-14],[60,-31],[27,-25],[37,-54],[8,-36],[5,-65],[-18,-31],[-21,4],[-14,30],[-80,80],[-29,15],[-28,-8],[-7,-18],[25,-44],[14,-95],[-71,-65],[20,-34],[3,-36],[-19,-14],[-47,23],[19,-58]],[[37809,21824],[21,159],[13,78],[24,176],[2,41],[89,557]],[[40984,23853],[-26,43],[-9,36],[26,25],[20,161]],[[40995,24118],[-13,41],[-62,81],[37,28],[27,33],[1,20]],[[39002,20773],[39,-25],[57,-3],[63,-32],[81,-13],[39,9],[67,84],[48,-4],[3,43],[48,60],[35,56]],[[39482,20948],[72,-32],[49,-40],[36,-4],[32,-15],[19,-27],[2,-26],[58,-11],[87,-41],[17,-18],[197,2]],[[40051,20736],[-31,-381],[-8,-33],[-37,-69],[-2,-51],[53,-135]],[[40026,20067],[-393,-122]],[[39633,19945],[-334,-103],[-339,42],[3,31],[22,18],[63,8],[28,23],[-6,29],[-24,44],[3,51],[-39,118],[8,27],[-7,44],[2,45],[17,51],[41,47],[11,75],[-30,37],[-35,-3],[-35,30],[-55,-20],[-30,21],[-27,4]],[[39543,21270],[47,47],[36,-8],[20,-32],[47,-48],[22,-14],[195,-41],[109,5],[21,-3],[59,-28],[46,2]],[[40145,21150],[-5,-123],[-14,-48],[-46,-74],[-20,-53],[-9,-116]],[[39482,20948],[-11,17],[16,72],[17,22],[-6,37],[39,132],[6,42]],[[39852,24762],[133,-2]],[[39985,24760],[132,0]],[[39786,24540],[-25,5]],[[39761,24545],[24,50],[14,7],[6,43],[27,6],[18,38],[-10,28],[17,19],[-5,26]],[[38989,24451],[6,-18],[54,-9],[-1,-50],[25,-10],[67,95],[76,16],[45,-5],[42,-46],[30,-51],[39,0],[80,-23],[23,-24],[66,-21],[55,16],[79,-13]],[[40765,22421],[32,-10]],[[40797,22411],[18,-49],[-20,-54],[29,-15],[45,17],[4,44],[20,32],[33,7]],[[40926,22393],[9,-61],[2,-70],[36,-170],[27,-91],[24,-56]],[[40718,21797],[15,35],[7,59],[48,51],[11,30]],[[40799,21972],[7,44],[-25,67]],[[39933,23464],[27,1],[37,-18],[72,2],[47,-18],[43,-28],[30,-10]],[[40189,23393],[38,13],[91,11],[72,-16],[22,-17],[28,3],[74,-42]],[[40045,22248],[-87,-1],[-36,9],[-36,22],[-30,7],[-357,-11]],[[39499,22274],[53,187],[56,78],[35,54],[7,41],[51,58],[16,68],[-24,57],[-18,89],[20,62],[30,70]],[[8956,30084],[27,23]],[[8983,30107],[10,-1]],[[8993,30106],[34,-1]],[[8955,30072],[1,12]],[[9470,28790],[-6,-109]],[[9464,28681],[-7,-106]],[[9457,28575],[-7,-146]],[[9450,28429],[-143,10],[5,72],[34,-2],[2,49],[-7,30],[16,92],[19,47],[-15,74]],[[9194,30744],[69,-3]],[[9260,30667],[-69,2]],[[9191,30669],[3,75]],[[9115,30741],[45,47]],[[9160,30788],[9,-43],[25,-1]],[[9191,30669],[-2,-31],[-63,2],[-20,13]],[[9106,30653],[-6,45],[15,43]],[[10200,30596],[1,25]],[[10201,30621],[56,-3],[2,75]],[[10259,30693],[21,-1]],[[10280,30692],[30,-1]],[[10310,30691],[-2,-57],[34,-20]],[[10342,30614],[-1,-26],[-37,-15],[-3,-101]],[[10241,30474],[3,72],[-46,4],[2,46]],[[8943,28863],[22,11],[13,41],[38,-3],[-2,-27],[74,-4]],[[9088,28881],[-13,-53],[-67,-53],[3,38],[-71,-13]],[[8940,28800],[3,63]],[[12051,29893],[-93,6],[-201,31]],[[11757,29930],[9,120],[34,-1]],[[8983,30746],[34,-1]],[[9017,30745],[4,-12],[-3,-94]],[[9018,30639],[-39,1]],[[8979,30640],[4,106]],[[10561,30593],[27,10],[69,6]],[[10657,30609],[-25,-113],[7,-32]],[[10565,30459],[1,95],[-5,39]],[[9715,28265],[4,94]],[[9719,28359],[36,-1],[-1,-19],[35,0]],[[9789,28339],[-4,-76],[14,4],[312,-17],[306,-10]],[[10417,28240],[-6,-143]],[[10411,28097],[-284,10],[-137,6]],[[9990,28113],[-265,13]],[[9709,28126],[6,139]],[[9017,30745],[49,-2]],[[9066,30743],[-9,-22],[-3,-84]],[[9054,30637],[-36,2]],[[8837,30257],[57,-3]],[[8894,30254],[-9,-71]],[[8885,30183],[-48,3]],[[8837,30186],[0,71]],[[8904,30110],[18,17]],[[8922,30127],[48,-2],[13,-18]],[[8956,30084],[-54,-16],[2,42]],[[10584,28788],[31,18],[0,32],[77,11]],[[10692,28849],[-6,-119]],[[10686,28730],[-76,3]],[[10610,28733],[-26,55]],[[34842,33340],[17,13],[108,39],[13,-55],[0,-77],[6,-28],[-2,-59],[-30,-17],[-3,-33],[-25,-20],[-42,-11],[-37,0],[-4,17],[-32,1],[-30,-18],[-4,-66],[18,-36],[-17,-17]],[[34778,32973],[1,-24],[-63,-8],[-39,-19],[-34,1],[-18,13],[-32,0],[-61,-33],[-12,-34],[11,-34],[-62,-56],[-20,-8],[-106,-96],[-19,-38],[-57,-28],[-43,15],[-25,53],[9,74],[-1,116],[12,11],[119,1],[11,11],[0,60],[8,12],[59,26],[14,62],[36,1],[26,18],[2,239],[34,3],[9,-96],[38,-74],[102,96],[100,51],[65,52]],[[11514,29820],[139,8]],[[11653,29828],[37,-4],[32,-48]],[[11722,29776],[-5,-151]],[[11717,29625],[-36,1],[0,-36],[-34,1],[-5,-35],[-138,5]],[[11504,29561],[3,79],[-4,39],[6,28],[5,113]],[[11242,29633],[51,6],[25,14],[49,-4]],[[11367,29649],[-3,-83]],[[11364,29566],[-2,-54]],[[10548,30749],[55,-2]],[[10809,30785],[-2,-51],[35,-5],[-2,-137]],[[10840,30592],[-86,3],[-97,14]],[[10561,30593],[-6,32],[-2,92],[-5,32]],[[10709,28943],[1,71]],[[10710,29014],[69,-2],[8,36],[81,-2]],[[10868,28868],[-172,8]],[[10696,28876],[13,67]],[[11774,28522],[4,38],[211,-1],[35,4],[4,71],[69,5],[3,73],[30,2],[156,-6],[16,-21],[40,1],[41,-23],[-1,-21],[36,-25],[-3,-62],[-44,-36],[-33,-59],[-8,-194],[-213,9],[3,72],[-141,-5],[4,87],[-209,91]],[[13644,9232],[58,-2]],[[13702,9230],[78,-58],[67,-39],[44,-18],[70,-4],[124,36],[66,36],[38,15]],[[14189,9198],[-6,-338],[-5,-219],[-139,2]],[[14039,8643],[-5,2],[-269,6],[3,144],[-120,2],[3,73],[-18,1],[11,361]],[[13917,9222],[272,-6]],[[14189,9216],[0,-18]],[[13702,9230],[215,-8]],[[14189,9216],[137,-3]],[[14326,9213],[309,-8],[170,-2]],[[14805,9203],[-3,-144],[-29,0],[-2,-115],[-36,2],[-6,-215],[90,-3],[8,-41],[41,-35],[7,-18],[-47,-32],[-9,-20],[-63,-68],[-6,-49],[-29,-90],[-36,-13],[1,-55],[13,-32],[39,-43],[66,-21],[44,2],[45,-22],[36,-43],[41,-4],[32,42],[73,-1],[23,-39],[16,-65],[76,2],[102,-30],[30,-65],[29,-20],[66,-2],[-16,-35],[-18,-1],[-27,-31],[-19,-47],[-3,-32],[38,-158],[-11,-39],[-8,-102],[-19,-44],[-32,-41],[-39,-5]],[[15263,7431],[-69,2],[-12,-20],[-75,-21],[-36,-23],[-4,-45],[-29,-12],[-10,-18],[-47,-12],[-37,-22]],[[14944,7260],[-104,3],[-88,-13],[-74,8],[-32,36],[0,31],[45,44],[8,19],[-43,4],[-13,12],[-36,-2],[-20,12],[-80,2],[-2,-35],[-200,6]],[[14076,7749],[0,52],[-9,25],[-79,142],[-6,30],[3,158],[6,24],[34,73],[7,28],[7,362]],[[15263,7431],[14,-28],[26,-7],[27,17],[27,-6],[34,29],[25,-6],[13,-34],[31,-12],[13,-21],[29,-1],[22,-79],[46,-39],[-8,-27],[14,-53],[13,-21],[28,-13],[17,-31],[20,-5],[23,39],[51,19],[22,-10],[36,25],[44,1],[188,-6],[11,4],[63,-42],[33,27],[2,47],[22,12],[20,-9],[29,-51],[20,-46],[77,-8],[16,-42],[57,-23],[47,-36],[34,1],[48,36],[61,-2],[18,-42],[25,-39],[28,-13]],[[16629,6936],[-13,-458],[-6,-163],[-4,-263],[-5,-218]],[[16601,5834],[-22,12],[-31,37],[-24,53],[-9,50],[-32,67],[-22,23],[-45,25],[-50,15],[-63,-13],[-27,-32],[-4,-31],[11,-18],[61,-35],[-8,-26],[-45,-46],[-39,-17],[-30,-27],[-31,-57],[13,-106],[-16,-51],[-38,-12],[-28,6],[-67,35],[-22,17],[-39,53],[-22,55],[-30,29],[-26,0],[-61,-38],[-24,-43],[45,-53],[-14,-53],[2,-32],[33,-56],[-24,-38],[-82,-54],[24,-48],[10,-74],[-29,-43],[-29,-13],[-19,7],[-22,36],[-41,11],[-40,-19],[-60,-12],[-46,-42],[-23,-55]],[[15516,5221],[-45,83],[-71,63],[-45,-2],[-22,15],[-46,60],[-19,70],[-28,50],[-1,54]],[[15239,5614],[-8,50],[45,68],[-26,39],[-39,34],[-16,34],[19,25],[-7,41],[11,35],[-5,25],[-55,40],[-30,4],[-36,49],[-27,12],[-30,-5],[-35,112],[-52,33],[-20,54],[16,16],[26,48],[-38,35],[-14,32],[-35,29],[1,83],[-57,7],[2,72],[34,-1],[3,179],[68,-2],[5,251],[34,32],[1,36],[-33,1],[3,178]],[[14805,9203],[480,-8]],[[15285,9195],[276,-7],[148,-3],[376,-14],[294,-9]],[[16379,9162],[-8,-472],[2,-110],[-4,-140],[-4,-236]],[[16365,8204],[0,-53],[151,-2],[15,-4],[130,1],[-11,-459],[-5,-232],[-16,-519]],[[12960,9250],[154,-2],[530,-16]],[[12926,7432],[-13,0]],[[35786,34204],[69,-82],[21,-18]],[[35876,34104],[-28,-19],[-71,-11],[-5,-23],[-36,-15],[-64,-80],[-30,-9],[-25,-36],[-21,-3],[-22,17],[-44,14],[13,77],[-143,4],[-46,-22],[-41,5],[38,45],[2,27],[28,17],[64,5],[26,17],[111,15],[14,-12],[34,23],[76,20],[21,23],[-46,10],[-30,23],[-8,29],[-52,41],[3,30],[35,-9],[93,-67],[36,-44],[28,8]],[[34797,35602],[26,-49],[30,-155],[6,-79],[11,-46],[36,-63],[76,-102],[41,-24],[87,-15],[76,-20],[94,-12],[101,-20],[34,-46],[27,-50],[50,-120],[49,-93],[34,-49],[83,-81],[10,-105],[5,-97],[40,-80],[73,-92]],[[35876,34104],[90,-79],[89,-59],[70,-55],[19,-6],[48,-35],[82,-25],[45,-26],[34,-36],[38,-22],[76,-29],[69,-15],[71,-47],[25,-53],[13,-52],[39,-45],[32,-24],[46,-21]],[[36762,33475],[-48,-76],[-33,-8],[-34,3],[-35,21],[-96,114],[-83,92],[-67,37],[-18,-64],[-39,-13],[0,-45],[-25,-45],[26,-29],[-5,-96],[-323,2],[7,-11],[1,-99],[20,-35],[13,-84],[-6,-81],[5,-51],[-135,0],[-9,-6],[-1,-63],[-137,2],[-23,-36],[-18,-9],[-54,-57],[-30,-46],[-25,-74]],[[35590,32718],[-33,-4],[-61,-31],[-244,3],[-21,17],[-239,161],[-20,9],[-72,9],[-60,52],[-62,39]],[[34842,33340],[-9,31],[-2,70],[-9,54],[11,52],[-30,27],[-5,18],[24,38],[-45,7],[-52,-19],[-50,10],[0,47],[-28,27],[-6,34],[21,44],[84,35],[13,23],[-1,38],[24,31],[0,29],[36,14],[13,33],[64,49],[16,47],[-155,-9],[-27,3],[-49,-43],[-102,-42],[-82,11],[-68,-34],[-4,33],[-97,0],[-46,7],[-38,18],[-63,-26],[44,-103],[19,-77],[29,-82],[1,-35],[-41,32],[-41,13],[-106,-1],[-31,7],[-53,35],[-25,35],[-19,-5],[-366,9],[-121,1],[2,168],[-36,26],[1,95],[-36,1],[7,35],[40,24],[31,40],[-6,41],[1,133],[11,12],[46,0],[14,9],[1,57],[-16,6],[-114,0],[-31,-17],[-56,-5],[-74,19],[22,22],[1,85],[-16,18]],[[36762,33475],[89,-26],[29,-28],[2,-21],[47,-62],[45,-36],[109,-59],[72,-48],[57,-33],[87,-60],[56,-48],[143,-165],[33,-32],[133,-73],[45,-35],[21,-65],[52,-57],[53,-35],[22,-31],[38,-89],[130,-159],[21,-13],[50,-12],[47,-25],[46,-44],[23,-47],[44,-207],[-5,-60]],[[36516,31912],[-372,-4],[-161,4],[-263,2]],[[35720,31914],[13,32],[-78,204],[0,20],[-39,103],[-106,92],[27,11],[81,6],[17,12],[80,24],[9,12],[-51,20],[-30,35],[-12,40],[8,25],[-49,118],[0,50]],[[35720,31914],[-204,1],[-555,21],[-201,0],[-4,-297],[-11,-336],[-4,-239]],[[34741,31064],[-344,6],[-174,5],[-48,-3]],[[34175,31072],[-489,11],[-63,4],[-137,1],[-41,4],[-396,7]],[[33049,31099],[-56,435],[-128,1017]],[[27224,25612],[-95,72],[-60,54],[-23,36]],[[27046,25774],[-8,15],[-4,64],[9,58],[0,55],[-18,70],[-39,69],[-44,40],[-38,19]],[[26904,26164],[4,148],[8,117],[5,188]],[[39662,27744],[32,-12],[8,-20],[33,-22],[20,-31],[50,-18],[16,-19]],[[39821,27622],[36,-61],[36,-20]],[[39893,27541],[-53,-57]],[[39649,27588],[12,65],[1,91]],[[39323,27288],[71,5],[86,-7],[41,7],[-53,87]],[[39468,27380],[84,62]],[[39607,27285],[-39,-26],[-45,-12]],[[39523,27247],[-69,-18]],[[39454,27229],[-111,-21]],[[39343,27208],[-18,34],[-2,46]],[[27564,30120],[28,16],[10,27],[-26,30],[7,43],[-12,41],[23,31],[-15,19],[160,-3]],[[27739,30324],[158,1],[654,-18],[277,-4]],[[28828,30303],[567,-3],[408,-3],[188,-5],[156,-2],[135,1],[221,-8],[244,-1],[247,-3],[230,-5],[122,0]],[[31346,30274],[-10,-305]],[[31336,29969],[-12,-427],[-14,-377]],[[31310,29165],[-16,-4],[-47,17],[-35,-21],[-72,-12],[-4,-23],[-45,20],[-22,18],[-33,7],[-57,38],[-37,-39],[-31,18],[19,39],[-50,0],[-82,94],[-37,-21],[-23,8],[-28,32],[8,47],[-31,20],[-11,30],[-43,-6],[-24,-24],[-64,-5],[-43,44],[-34,49],[-4,-87],[-17,0],[-69,-38],[-71,-46],[-121,5],[-82,-18],[-63,21],[-2,-32],[-16,-28],[-10,-67],[10,-45],[37,-24],[-2,-73],[-15,-39],[-32,12],[-83,-4],[-30,-13],[-62,-44],[-49,-19],[-16,-29],[-35,-16],[-50,-7],[-50,-43],[-61,-66],[-43,-18],[-34,62],[0,15],[-87,-4],[-29,3],[-182,2],[-39,29],[-28,-39],[-30,10],[-91,3],[-6,-80],[1,-62]],[[29007,28712],[-47,13],[-5,23],[-67,34],[-4,28],[-42,44],[3,27],[-21,18],[-88,-19],[-78,10],[-52,30],[-93,69],[-25,25],[-17,-11],[-138,-2],[-8,48],[9,271],[2,87],[-172,3],[-11,-4],[-138,3],[-1,-72],[-36,-2],[-2,-109],[-278,6],[-93,0],[-164,6]],[[28983,27765],[-165,6],[-82,68],[-11,43],[68,154],[5,143],[-45,27],[-30,55],[-16,17],[-47,10],[2,33],[32,12],[12,24],[-15,36],[-18,-5],[-9,72],[9,8],[-3,73],[34,-1],[1,-44],[113,-6],[28,-31],[133,117]],[[27512,28163],[-60,0],[18,36],[7,41],[-17,10],[-21,-28],[-31,20],[7,24],[36,6],[3,45]],[[31310,29165],[-4,-98],[-5,-263],[-8,-349],[-11,-335],[-8,-188],[-13,-521],[-3,-191],[-12,-192],[6,-143],[-6,-126]],[[16303,14149],[185,-6],[344,-8],[299,-10],[1,4]],[[17132,14129],[-12,-471],[-35,1],[-2,-88],[-21,-5],[-15,-50],[-2,-109],[-70,0],[-10,-507],[-6,-210]],[[16959,12690],[-247,8],[-7,-362],[-135,-2],[-151,3]],[[16419,12337],[1,177],[4,192],[-157,6]],[[16267,12712],[15,648],[6,213],[3,179],[12,397]],[[41556,18261],[29,33],[83,138],[65,79],[29,14],[97,1],[37,12],[32,-1],[48,21],[-6,26],[-30,24],[-41,-3],[-39,55],[82,21],[26,25],[34,10],[13,75],[-38,40],[-11,31],[13,31],[-14,52],[20,77],[-13,72],[15,25],[-13,47],[-29,15],[-21,35]],[[41924,19216],[11,47],[16,14],[15,60],[17,28],[60,70],[63,22],[37,62],[61,39],[-25,54],[-48,23],[-18,41],[6,44],[31,50],[-7,13],[25,58],[31,14],[17,20],[65,54],[-12,22],[14,36],[-12,35],[-18,8],[-14,33],[15,35],[20,22],[12,43],[29,19],[19,48],[30,-19],[14,-44],[20,32],[57,34],[35,6],[8,33],[-43,59],[25,32],[50,-9],[36,-23],[24,-36],[114,-79],[108,-99],[39,-23]],[[42851,20094],[27,-24],[87,-63],[40,-23]],[[43005,19984],[-24,-27],[2,-37],[24,-46],[47,-10],[31,-32],[13,-80],[23,-4],[12,-27],[70,-36],[-21,-20],[-43,-1],[-40,-45],[-29,-12],[15,-25],[-39,-54],[-7,-30],[24,-34],[-15,-45],[-16,-22],[-44,-23],[-28,-33],[-52,-4],[-56,-28],[-49,-36],[-53,-20],[11,-47],[44,-26],[88,-3],[53,27],[74,9],[23,11],[82,59],[10,-62],[43,14],[25,-11],[141,47],[52,49],[17,-16],[55,17],[13,-18],[51,16],[8,-14],[42,2],[195,85],[26,-10],[22,8],[7,41]],[[43832,19431],[92,19],[56,5],[108,36],[76,28],[22,-58],[14,-53],[16,-4],[66,8],[3,-47],[-50,-69],[-43,-15],[-78,-64],[-93,-1],[-21,-63],[-26,-8],[-58,-46],[-11,-23],[6,-64],[59,-126],[8,-44]],[[43978,18842],[-38,31],[-34,11],[-57,62],[-72,71],[-16,2],[-36,-34],[-48,-8],[10,-43],[-5,-27],[-60,-10],[-12,24],[-40,-32],[-9,16],[-43,-8],[-14,-42],[3,-36],[-28,-30],[-24,14],[-102,-15],[-14,-29],[-34,-17],[-35,-38],[-17,9],[-65,-83],[-31,-9],[-11,-17],[28,-33],[-2,-15],[-53,-45],[-30,27],[-41,-6],[-15,20],[-26,-27],[-34,3],[-16,54],[-15,8],[-42,-17],[-25,41],[-22,13],[-61,10],[-27,-12],[1,-28],[-19,-7],[-26,14],[-48,-44],[-46,-75],[-77,26],[-28,28],[-31,-34],[-41,-18],[-61,-53],[-46,15],[-43,-8],[-4,23],[-33,21],[-29,-24],[-96,0],[-22,-27],[-41,-26],[-2,-21],[-45,-20],[-24,-2],[-25,-29],[-18,-44],[-19,15],[-36,-27],[-73,15],[-14,-27],[-24,-1],[-21,24],[-22,-13],[-36,3],[-24,-36],[-34,11],[-23,21],[-66,-26],[-13,10]],[[43005,19984],[53,-23],[44,-1],[66,15],[55,-1],[59,-25],[40,-88],[87,-51],[65,-51],[58,-69],[123,-178],[35,-37],[49,-31],[66,-15],[27,2]],[[43978,18842],[36,-49],[54,-126],[43,-47],[62,-40],[7,-15]],[[41377,17443],[-2,53],[3,331],[55,3],[-9,49],[-19,65],[-58,0],[-6,-20],[-34,-3],[17,76],[92,131],[115,112],[25,21]],[[41720,26247],[-21,-164]],[[41699,26083],[0,-29],[14,-33]],[[41713,26021],[-211,27]],[[41875,25710],[6,54]],[[18373,12312],[276,-7]],[[18649,12305],[-3,-118]],[[18646,12187],[-71,-15]],[[18575,12172],[-122,-17],[-85,-21]],[[18368,12134],[5,178]],[[18810,11929],[0,13],[59,-1]],[[18869,11941],[46,-1],[-1,-72]],[[18914,11868],[-106,2]],[[18808,11870],[2,59]],[[18762,11156],[30,-11],[81,1],[22,-6]],[[18895,11140],[78,-1],[3,-28]],[[18976,11111],[0,-30],[24,-23],[16,-37],[27,-8],[21,-57],[161,-7],[20,-31]],[[19245,10918],[7,-78]],[[18751,10858],[8,169],[3,129]],[[6997,37434],[-8,-15]],[[6989,37419],[-64,-102]],[[6925,37317],[-55,-1]],[[6870,37316],[-30,13]],[[6840,37329],[-49,70],[35,12],[18,-8],[29,26],[124,5]],[[33332,36758],[27,-14],[65,-9]],[[33424,36735],[19,-36],[-99,-55],[-43,-1]],[[33301,36643],[-37,0]],[[33264,36643],[1,40],[46,20],[7,47],[14,8]],[[31896,37644],[25,25],[42,87],[43,6],[84,47],[75,-21],[27,-31],[60,34],[-13,-102],[188,-5],[5,-22],[-4,-120],[-130,2],[-68,-5],[-8,-143],[-39,1],[1,70],[-35,0],[-4,-71],[-167,1],[-45,12],[1,44],[12,16],[41,7],[26,53],[-74,31],[-23,31],[-20,53]],[[9826,10885],[12,45],[4,82],[60,-1],[-17,28],[21,106],[-35,2]],[[9871,11147],[6,171]],[[9877,11318],[51,3]],[[9928,11321],[14,3],[-2,-70],[36,-23],[-1,-52],[133,-2],[8,100],[125,-101],[8,0]],[[10249,11176],[-4,-143],[-275,2],[-9,-222]],[[9961,10813],[-60,23],[-11,22],[-32,1],[-32,26]],[[9544,10667],[67,-3],[-2,-54],[83,-1]],[[9692,10609],[-3,-99]],[[9689,10510],[-24,25],[-125,5]],[[9540,10540],[4,127]],[[8755,11438],[40,-22],[59,54],[33,5],[2,23],[79,2],[22,30],[47,-11]],[[9037,11519],[2,-45],[-4,-119]],[[9035,11355],[-7,-233],[62,-29],[22,14],[24,-10],[31,11],[54,-15],[15,-22],[33,2],[50,-22]],[[9319,11051],[-3,-45],[-32,-68],[-2,-70],[132,-1]],[[9414,10867],[0,-107]],[[9414,10760],[-243,4],[-152,7],[-163,2],[-24,-8],[-75,-60]],[[8757,10705],[-2,395],[3,192],[-3,146]],[[17786,7318],[61,-12],[52,6],[26,-22],[79,-2],[29,12],[60,-7],[64,12],[68,-9],[17,5],[20,35],[26,-25],[10,-34],[3,-55],[44,-77],[35,-31],[15,-30],[5,-39],[68,-102],[30,-23],[72,-4],[60,-36],[24,4]],[[18654,6884],[0,-2]],[[18651,6647],[-11,19],[-2,40],[-21,10],[-47,6],[-28,15],[-9,-23],[-57,-40]],[[18476,6674],[-32,20],[-5,54],[-11,21],[6,45],[-19,36],[-100,60],[-33,3],[-17,14],[-56,4],[-12,-49],[-27,-10],[-32,-34],[-21,-9],[-30,-46],[-35,-25],[-7,-16]],[[18045,6742],[-27,-31],[-22,-6],[-46,-39],[-34,8],[-56,-63],[-5,-21]],[[17490,6683],[12,32],[67,44],[69,30],[-10,44],[12,52],[17,29],[-2,20],[-26,11],[-34,49],[22,29],[-4,24],[23,29],[-10,91],[26,31],[52,10],[29,22],[9,33],[38,20],[6,35]],[[18642,12016],[63,10],[5,17],[5,151]],[[18715,12194],[56,6]],[[18771,12200],[11,0]],[[18792,12008],[-48,-6]],[[18744,12002],[-70,-17]],[[18641,11986],[1,30]],[[15705,31763],[24,21],[23,39],[34,88],[59,64],[55,27],[94,18],[35,31],[7,36],[-9,25],[30,29],[23,2],[29,-23],[25,-5],[28,20],[38,-6],[48,-36],[113,-6],[69,-17],[63,12],[46,-4],[38,-12],[52,-42],[78,-89],[15,-46],[19,-25],[28,-12],[117,-30],[119,-8],[93,4],[83,15],[37,11],[63,54],[30,54],[10,49],[-7,44],[-50,172],[-16,91],[0,51],[7,53],[15,52],[26,44],[45,48]],[[17341,32556],[51,28]],[[17392,32584],[-29,-599],[-3,-126],[-12,-288],[-14,-288]],[[17334,31283],[-14,-324],[-7,-255]],[[15873,30767],[10,358],[9,217],[2,133],[-6,9],[-78,2],[-7,8],[-7,150],[-4,47],[-35,15],[-40,34],[-12,23]],[[40040,27799],[26,-24]],[[40066,27775],[-7,-16],[19,-39],[0,-70],[-77,-51]],[[40001,27599],[-19,-12]],[[39982,27587],[-67,108]],[[39915,27695],[-2,3]],[[41982,26322],[-34,19]],[[45492,11171],[53,-1],[-2,144],[278,0]],[[46580,11173],[-71,-85],[-8,-40],[-4,-77],[-36,-26],[-43,-73],[-51,-41],[41,-41],[10,-20],[43,-128],[9,-70],[14,-41],[29,-42],[73,-50],[61,56],[20,-7],[48,-79],[1,-27],[68,2],[1,-38]],[[46785,10346],[-47,0],[-5,-37],[-447,-3],[-365,-2],[-377,0]],[[14570,28791],[104,-3],[12,288],[344,-17],[394,-12],[10,-3],[366,-8],[433,-17],[142,0],[255,-8],[356,-13],[254,-15]],[[17240,28983],[-10,-288],[42,-2],[-9,-211],[-6,-84],[-18,-430]],[[17239,27968],[-385,16],[-3,-145],[-106,5],[-3,-78],[-131,7],[-9,9],[-1,82],[5,125],[-14,4],[-126,4],[-5,-35]],[[16461,27962],[-66,-18],[-21,15],[24,30],[-21,22],[-32,9],[0,35],[-12,28],[-30,33],[-15,42],[-5,97],[-19,12],[-49,-30],[-60,-76],[-41,-78],[-5,-81],[-13,-72],[-19,-39],[-18,-17],[-136,-40],[-131,-32],[-15,-11],[-95,-25],[-47,-37],[-23,-3],[-170,44],[-41,15],[-13,82],[-1,41],[-315,18],[-181,11]],[[14891,27937],[-217,14],[-108,3]],[[14566,27954],[20,391],[-15,24],[-6,44],[-12,11],[17,367]],[[12533,28041],[15,202],[5,159],[4,13],[15,366],[-2,92]],[[14287,28804],[92,-3],[191,-10]],[[14566,27954],[-74,1],[-4,-106],[-31,-4],[-180,15],[-1,32],[-69,3],[-6,-146],[-324,13],[-14,-7],[-3,-91],[13,-13],[1,-34]],[[12516,27747],[13,291],[4,3]],[[16983,27109],[-28,38],[12,252],[-113,7],[-4,-15],[-57,4],[-45,-25],[-38,3],[-21,13],[-59,18],[-108,25]],[[16522,27429],[-5,35],[-16,38],[14,9],[36,-11],[-28,64],[-1,46],[18,19],[-31,80],[-15,17],[-16,74],[11,17],[-63,33],[5,86],[31,5],[-1,21]],[[17239,27968],[-18,-420],[-16,-345],[-22,-390],[2,-12],[-14,-278]],[[16325,26565],[-10,22],[26,37],[-9,35],[52,20],[-10,25],[3,40],[18,29],[29,81],[-32,-3],[-4,26],[-45,27],[-8,34],[44,2],[19,29],[30,26],[96,-6]],[[14891,27937],[5,-28],[38,-61],[9,-33],[-130,-16],[34,-46],[33,-8],[-10,-252],[20,-5],[22,-38],[17,-7],[22,-61],[-24,1],[-63,-34],[72,-4],[-3,-92],[96,-37],[37,7],[101,50]],[[15219,27278],[-9,-201],[7,2],[244,-12]],[[15461,27067],[183,-9],[8,-33],[36,61],[61,43],[2,32]],[[15751,27161],[70,-7],[6,147],[-136,6],[2,35]],[[15693,27342],[64,2],[127,33],[52,8],[14,-63],[16,-29],[19,-5],[10,-58],[12,-16],[-31,-61],[-43,2],[-6,-140],[29,-7],[-6,-139],[-66,-2],[20,-39],[2,-21],[33,-19],[6,-87],[9,-21],[-19,-31]],[[16522,27429],[-7,-24],[9,-39],[-6,-32],[6,-48],[-11,-56],[27,-26],[-40,-70]],[[15693,27342],[5,112],[-139,8]],[[15751,27161],[-251,12],[7,172]],[[15364,27347],[-3,-74],[36,3],[-1,-20]],[[15396,27256],[-3,-78],[48,-2],[22,-31],[-2,-78]],[[15396,27256],[71,-9],[3,77],[-36,1],[1,21]],[[7263,37806],[1,-199]],[[7264,37607],[-33,-31],[-11,-59],[-31,0]],[[7189,37517],[-48,0],[-22,30],[-52,15],[-28,25]],[[7039,37587],[28,73],[4,89],[9,21],[30,15],[9,20]],[[6997,37434],[7,43],[21,39],[14,71]],[[7189,37517],[-10,-34],[-43,-46]],[[7136,37437],[-47,-43],[-38,-2],[-38,19]],[[7013,37411],[-24,8]],[[7264,37607],[35,-89]],[[7332,37368],[1,-143]],[[7333,37225],[-36,0]],[[7297,37225],[-34,14],[-1,53],[-53,0],[-18,20],[-1,55],[-18,0]],[[7172,37367],[15,36],[-51,34]],[[19021,18588],[-29,-85],[-27,-28],[-74,-22],[-13,62],[-21,32],[23,45],[-3,22],[-98,22],[-36,-16],[-24,-48],[10,-22],[-19,-67],[-30,-6],[-50,25],[-16,25],[8,46],[53,0],[19,56],[-12,72],[50,-12],[-15,31],[13,62],[-24,32],[-35,3],[-94,-102],[-29,7],[-23,-14],[-10,-47],[8,-34],[-5,-63],[-24,-17],[-21,-32],[-28,-1],[-46,38],[-35,-1],[-12,21],[-103,0]],[[18249,18572],[-65,47],[-35,1],[1,36],[-31,48],[0,26],[-75,3],[-17,67],[-7,71],[25,50],[3,49],[-21,44],[-23,8],[-5,36],[-42,3]],[[17957,19061],[3,71],[164,-7],[93,20],[65,52],[13,29],[78,49],[-27,16],[-29,73],[-7,42],[21,30],[28,-2],[26,-23],[82,-17],[28,-27],[16,7],[-59,43],[-10,31],[-31,29],[-9,46],[-22,25],[-35,-13],[-55,-9],[-32,5],[3,62],[70,-1],[2,79],[63,11],[25,15],[42,8],[82,-12],[48,10],[25,16],[32,-1],[-4,-112],[25,-7],[42,5],[31,-35],[42,-2],[42,31],[29,37],[63,22],[45,-2],[27,24],[69,27],[44,31],[-6,-146],[29,-1],[23,26],[26,-15],[23,-27],[39,-25],[25,-41],[20,-14],[-14,-51],[-142,3],[-6,-107],[-136,4],[-5,-7],[-7,-179],[-31,-16],[12,-83],[-21,-21],[-5,-154],[-25,-2],[3,-36],[47,-79],[30,54],[40,-33],[13,-54],[20,-10],[65,12],[5,-15],[-19,-42],[-61,-49],[-26,-41]],[[17190,20530],[55,-5],[428,-19],[341,-11],[149,-11],[140,-4]],[[18303,20480],[250,-11],[479,-16]],[[19032,20453],[235,-5],[432,-11],[427,-10],[385,-2]],[[20511,20425],[-25,-618],[0,-34],[-27,-816],[-3,-112]],[[20456,18845],[-140,2],[-163,6],[-111,-1],[-199,5],[-221,4]],[[19622,18861],[-250,5],[-4,-102],[-6,-38],[-29,-2],[-4,-141],[-208,5],[-100,0]],[[17957,19061],[-416,17],[-3,-93],[-132,-6],[-91,2],[-22,-14],[-41,34],[-9,27],[-71,-11],[-41,14]],[[17131,19031],[16,469],[12,293],[8,155],[19,457],[4,125]],[[36548,8122],[0,-23],[386,-24],[40,2],[341,-1],[370,-8],[352,-5],[662,-2]],[[38699,8061],[266,-5],[-1,-440]],[[38964,7616],[-3,-713],[-3,-145],[274,-2],[-3,-504]],[[39229,6252],[-1,-144]],[[39228,6108],[-137,2],[-2,-145],[-44,-19],[-13,-34],[-25,0],[-40,-15],[-154,2],[3,454],[-70,2],[-67,-23],[-67,1],[-21,-12],[-44,-9],[-42,23],[-101,-1],[-113,-36],[-41,-3],[-39,7],[-102,-40],[-52,5],[3,219],[-66,5],[-74,-68],[-69,-7]],[[37851,6416],[-164,0],[30,53],[5,36],[-6,56],[2,143],[-134,6],[-27,-7],[-104,3],[-35,-69],[-34,-36],[-3,-20],[-46,-22],[-17,-29],[-28,-2],[-8,-43]],[[37282,6485],[-74,17],[-24,33],[-30,21],[-16,23],[-81,79],[-76,3],[0,58],[30,22],[10,38],[26,43],[43,51],[12,44],[-13,26],[-42,4],[-98,45],[3,33],[-54,35],[-69,6],[-32,14],[-43,49],[6,39],[-13,70],[-13,39],[4,34],[31,53],[-31,96],[-52,43],[2,32],[-21,37],[-47,3],[-44,28],[-12,27],[4,117],[12,71],[-57,25],[-45,60],[-4,79],[29,86],[45,54]],[[39228,6108],[-2,-214],[138,-3],[-3,-295],[-8,-627]],[[39353,4969],[-477,-1],[-151,2],[-256,-4],[-272,3],[-378,0]],[[37819,4969],[2,167],[37,73],[2,136],[0,188],[10,380],[-24,15],[5,488]],[[37819,4969],[-180,1]],[[37639,4970],[5,43],[-22,41],[13,67],[-22,45],[-23,0],[-26,-26],[-19,33],[18,22],[72,64],[3,16],[-30,45],[-26,50],[-48,33],[-21,-8],[-31,19],[-50,16],[-24,-15],[-32,13],[-2,40],[-22,49],[4,34],[-42,51],[-31,28],[-65,76],[2,26],[21,18],[-9,77],[7,48],[25,53],[-14,35],[-34,34],[18,25],[28,8],[58,-1],[40,17],[59,45],[-3,17],[-46,25],[-21,27],[-47,35],[-62,94],[5,18],[60,53],[9,35],[-11,71],[-21,19]],[[35267,8182],[137,0],[549,-15],[132,21],[-2,-42],[156,-1],[131,-14],[178,-5],[0,-4]],[[37639,4970],[-36,2],[-626,-6],[-270,2],[-845,-3],[-675,-5]],[[6763,36883],[43,26],[60,55],[20,25],[25,58],[21,96],[-12,87],[-19,42],[-31,44]],[[6925,37317],[24,0],[1,-67],[9,-24],[36,-1]],[[6995,37225],[0,-43],[55,-1],[-1,-107],[72,-7]],[[7121,37067],[0,-80],[-48,-7]],[[7073,36980],[-77,-11],[-40,-42],[-91,-125]],[[6812,36729],[-78,1]],[[6734,36730],[48,80],[37,71],[-56,2]],[[6995,37225],[20,0]],[[7120,37225],[1,-158]],[[41598,24950],[118,4]],[[41716,24954],[-17,-80],[-18,-54],[-19,-95],[-26,-109]],[[41973,27671],[31,-8],[94,-4],[-13,-46]],[[41941,27569],[32,102]],[[41941,27569],[-125,-45],[-40,-22],[-69,1],[-12,36],[-32,48],[12,46],[15,14]],[[15149,15623],[505,-19],[386,-12]],[[16341,15584],[-15,-506],[-11,-421],[-7,-223],[-5,-285]],[[16267,12712],[-204,4],[-386,12],[-421,11]],[[15256,12739],[-1,34],[-22,74],[50,17],[19,17],[10,75],[30,45],[-37,21],[5,244],[-19,51],[-14,1],[1,72],[34,1],[4,236],[-29,13],[-17,35],[-223,6],[-58,36],[-35,-2],[1,-31],[-48,1],[-11,-36],[-63,2],[-1,17],[-33,20],[1,71],[-33,3],[-1,35],[-135,3],[-17,4],[-21,35],[1,73],[-289,5],[-8,41],[3,72],[-38,31],[-26,35],[-41,20],[-19,46],[4,19],[-16,51],[4,37],[-31,79],[0,41],[16,11],[34,-8],[9,50],[23,50],[2,143],[70,1],[1,59],[42,11],[36,-14],[36,-39],[31,4],[-5,52],[-13,36],[26,1],[38,-31],[27,-7],[34,32],[42,58],[20,17],[33,7],[76,-33],[45,16],[11,53],[-15,66],[-22,53],[4,35],[-5,58],[10,24],[52,22],[43,39],[24,34],[38,28],[24,0],[17,-19],[44,2],[11,88],[16,18],[13,46],[65,92],[40,45],[24,55],[-14,34],[9,45]],[[12813,13377],[7,253],[3,31],[12,503],[-1,2],[8,358],[12,714],[5,149],[5,285]],[[13836,15650],[276,-5],[508,-6],[333,-7],[196,-9]],[[15256,12739],[-590,16],[-68,0],[-219,7],[-155,3],[-280,2],[-368,8],[-324,9],[-213,7]],[[13039,12791],[-239,8],[9,434],[4,144]],[[41964,27912],[44,-46],[58,-24],[15,-19],[73,-137],[7,-33],[-5,-50]],[[41964,27894],[0,18]],[[6734,36730],[-31,-80],[-1,-63],[71,-2]],[[6773,36585],[-2,-454],[-1,-335],[-3,-47],[-4,-357],[-1,-440]],[[5086,34961],[-28,42],[-29,69],[-24,92],[4,52],[42,144],[32,40],[31,19],[53,14],[36,-5],[81,-38],[34,-6],[67,13],[49,31],[48,69],[15,35],[14,55],[2,48],[-11,47],[-39,76],[-16,76],[14,85],[29,75],[37,64],[42,52],[12,32],[51,90],[46,64],[71,57],[62,18],[141,10],[52,16],[46,34],[37,51],[10,34],[6,165],[-21,181],[6,63],[39,69],[20,22],[56,43],[59,-3],[82,-52],[70,-62],[79,-55],[52,-24],[57,-16],[82,7],[79,29]],[[6773,36585],[112,-2]],[[6885,36583],[145,-1],[34,-18],[68,-2],[-10,93]],[[7122,36655],[232,-2],[340,1]],[[7694,36654],[190,0],[251,-2],[-29,-183],[-41,-72],[-48,-8],[-15,-72],[-77,-214],[0,-61],[14,-66],[-12,-83],[57,14],[46,1],[23,-35],[-30,-42],[-36,-29],[3,-33],[81,-21],[9,-47],[-14,-15],[-73,-26],[-15,-41],[32,-43],[90,-27],[-3,-15],[-80,-25],[-18,-29],[17,-57],[-17,-54],[26,-22],[0,-25],[47,-25],[8,-23],[65,-57],[21,-2],[13,-49],[64,14],[17,-33],[40,0],[15,-22],[2,-32],[71,-2],[46,15],[21,-44],[-22,-33],[6,-34],[-29,-22],[31,-33],[28,-6]],[[8469,34934],[-995,11]],[[22006,34812],[0,-67],[-9,-221],[5,-57],[26,-5],[-2,-67],[25,-3],[-43,-88],[-22,-32],[-7,-26],[8,-55],[-14,-67],[5,-43],[-30,-83],[-18,-77],[-31,-39],[-60,-58],[-38,-19],[40,-27],[-6,-15],[-1,-78],[-11,-214],[-1,-205],[-32,-29],[-22,-74],[28,-46],[3,-40],[-40,-7],[-40,-23],[-45,23],[-25,-8],[-34,-74],[-17,-11],[-186,2],[-17,-16],[-4,-141],[38,-56],[32,-84],[12,-63],[26,-71],[31,-41],[108,-112],[2,-30],[47,-7],[25,-18],[49,1],[34,-21],[102,-30],[46,-35],[42,-16],[13,-22],[37,-13],[11,17],[57,-42],[16,-49],[-2,-68],[10,-60]],[[22127,32002],[-24,16],[-40,9],[-38,-6],[-56,-29],[-87,-77],[-91,-32],[-76,4],[-42,16],[-26,23],[-33,53],[-3,85],[21,49],[13,81],[-10,45],[-52,54],[-99,31],[-81,35],[-23,19],[-43,51],[-22,58],[8,50],[36,103],[-8,77],[-42,62],[-65,26],[-64,3],[-190,-25],[-41,4],[-57,-5],[-67,2],[-55,13],[-104,32],[-55,31],[-72,47],[-49,47],[-37,52],[-31,69]],[[20422,33075],[-8,54],[13,126],[-6,47],[-24,62],[-57,71],[-36,26],[-45,16],[-45,5]],[[20214,33482],[-53,18],[-32,39],[-21,129],[1,31],[26,53],[-5,30],[-25,30],[-153,63],[-20,3],[-59,-31],[-40,11],[-24,34],[-8,48],[-49,62],[-14,-1],[-52,-36],[-71,-1],[-28,8],[-35,31],[-40,4],[-28,38],[-37,-4],[-3,-21],[50,-12],[7,-32],[-27,-12],[-28,-28],[-58,9],[21,77],[-3,30],[-25,16],[-45,-5],[-7,-33],[33,-31],[6,-45],[-23,-11],[-72,59],[-11,39],[13,30],[-11,39],[50,-1],[29,36],[-11,37],[-29,59],[23,47],[1,24],[-22,44],[-27,11],[-76,-19],[-12,-19],[21,-40],[-44,-28],[-8,-28],[-27,-16],[18,-74],[-14,-75],[-37,-7],[-22,45],[34,37],[-5,44],[7,40],[-31,28],[-31,9],[-24,-32],[-79,-26],[-20,4],[-18,25],[-3,27],[29,24],[20,-34],[48,-4],[23,57],[-10,61],[-28,51],[-44,42],[-29,18],[-7,60],[2,62],[21,7],[29,-12],[31,17],[-12,49],[-42,38],[-25,45],[-4,38],[-47,43],[4,31],[41,16],[11,25],[-8,42],[-43,14],[-26,34],[8,28],[57,7],[18,-8],[15,-44],[13,2],[23,59],[35,19],[45,-3],[27,8],[-13,28],[-60,-11],[-21,16],[3,35],[44,22],[15,18],[-10,31],[-48,12],[-31,21],[-6,49],[20,45]],[[23220,32868],[-325,110],[-303,108],[-39,-100],[-310,-825],[-97,-235]],[[22146,31926],[-1,50],[-18,26]],[[41080,27600],[70,82]],[[41150,27682],[38,32]],[[41188,27714],[15,-1]],[[41203,27713],[77,-19]],[[41280,27694],[-51,-85],[-42,27],[-8,-25],[0,-140]],[[40990,27498],[32,52],[58,50]],[[41496,28039],[-35,-55],[-55,-4],[-36,-10]],[[41370,27970],[-84,169]],[[41748,26914],[44,-31]],[[41709,26747],[-43,26]],[[7120,37351],[27,16],[25,0]],[[7297,37225],[-52,-9],[-1,-16]],[[7244,37200],[-21,1],[-67,24],[-36,0]],[[7034,37298],[-20,-8],[-1,121]],[[7244,37200],[18,-10],[1,-72],[-18,0],[1,-39]],[[7246,37079],[-54,0],[-71,-12]],[[6840,37329],[-95,-26],[-53,-48],[-55,-37],[-57,-22],[-51,-2],[-64,36],[-62,55],[-44,46],[-8,57],[6,47],[40,45],[31,15],[46,5],[152,1],[67,10],[45,26],[30,38],[33,94],[3,58],[-5,75]],[[7622,37518],[1,286]],[[8876,37074],[-2,-343],[2,-231],[-1,-355],[2,-407],[7,-141],[-1,-213],[0,-455]],[[8883,34929],[-414,5]],[[7694,36654],[-4,5],[-1,174]],[[7689,36833],[-1,178],[-68,3],[1,142]],[[7621,37156],[-6,80],[9,123],[1,66]],[[39988,27238],[54,76],[21,44]],[[40063,27358],[1,3]],[[40064,27361],[324,-156]],[[40377,27141],[-21,-8],[-6,-59],[-26,-44],[-1,-32]],[[40323,26998],[-54,24],[-57,49],[-37,-3],[-140,-64]],[[39946,26986],[-5,53],[6,11],[-40,36],[-25,70]],[[40323,26998],[9,-35],[-12,-22],[0,-36],[-40,-16],[-2,-20]],[[40278,26869],[-60,-2],[-96,-43]],[[40762,26770],[72,-1],[83,35],[40,-5]],[[40947,26732],[-77,1],[-23,-31],[-25,4],[-11,-19],[-6,-52]],[[40805,26635],[-58,9]],[[40621,26689],[4,-49],[22,-31],[8,-38]],[[40655,26571],[-101,2],[-67,40],[-42,-4]],[[40445,26609],[0,29],[33,10],[-15,79]],[[10501,29862],[24,8],[16,22],[29,-7],[32,9],[4,26],[65,8],[13,22],[23,-1]],[[10707,29949],[7,-70],[23,-68],[-3,-78]],[[10734,29733],[-34,-4],[-26,-21],[-28,-6],[-27,-44],[-30,-8],[-58,17],[-44,3]],[[46490,8839],[241,6],[33,-96],[5,-44]],[[46708,8603],[7,-40],[-16,-5],[-204,-7]],[[46495,8551],[1,36],[-6,252]],[[18908,11580],[3,143]],[[18911,11723],[108,-3]],[[19017,11647],[0,-147]],[[19017,11500],[-111,2]],[[18906,11502],[2,78]],[[16813,37566],[164,3]],[[16977,37569],[-5,-17],[39,-80],[17,-46],[-108,-3],[3,-70],[-102,-4]],[[16821,37349],[-10,-1],[-1,109],[4,23],[-1,86]],[[16715,37652],[-9,86],[25,45],[183,0],[1,-144],[77,1],[22,-12],[-34,-37],[-3,-22]],[[16813,37566],[-162,-5]],[[16651,37561],[56,56],[8,35]],[[18265,39252],[5,-110],[-1,-754],[-14,0],[-2,-125],[-2,-601],[-5,-575],[-2,-95],[-1,-347],[156,-2],[508,-1],[77,1]],[[18841,36280],[-13,36],[-4,78],[-21,24],[-41,9],[-94,44],[-116,49],[-82,38],[-30,9],[-47,39],[-30,-22],[-43,-3],[-65,33],[-28,6],[-66,-2],[-28,-14],[-31,27],[-2,43],[22,31],[-10,16],[-32,-6],[-96,24],[-23,26],[-48,-23],[-65,8],[-62,-43],[-37,-5],[-18,43],[-31,30],[-40,-3],[-16,20],[11,57],[-11,21],[-114,32],[-26,-1],[-65,58],[-58,0],[-32,-37],[-44,-36],[-28,-5],[-17,15],[-48,82],[-20,13],[-78,-8],[-46,-40],[-27,3],[-17,47],[-46,-4],[-23,8],[0,44],[-31,43],[-1,36],[-17,10],[-43,-26],[-45,8],[-43,37],[5,60],[35,59],[6,62]],[[16821,37330],[0,19]],[[16715,37652],[-151,96],[-4,28],[-35,-1],[-38,14],[-27,23],[-48,75],[16,31],[24,16],[-11,33],[7,21],[26,6],[10,22],[2,42],[26,21],[-10,58],[13,14],[38,7],[73,30],[45,64],[-14,62],[17,50],[6,72],[-22,39],[0,40],[-42,44],[-29,-6],[-30,11],[-6,38],[-64,34],[0,47],[-22,29],[-11,49],[-21,43],[-55,47],[-8,24],[6,55],[-30,72],[2,48],[60,27],[-1,27],[-29,64],[-1,38]],[[16651,37561],[-85,-4],[-1,-71],[70,2],[2,-75],[29,-1],[32,-26],[29,-7],[13,-42],[81,-7]],[[18900,35774],[-232,0],[-574,-5],[-305,-4],[-118,0],[-423,-6]],[[17248,35759],[-332,-2],[-266,-6],[-21,1],[-495,-14],[-216,-5],[-591,-2],[-63,1]],[[15264,35732],[0,502],[-5,378],[0,833]],[[15259,37445],[-1,242],[-9,695],[-4,72],[-6,479],[-2,240]],[[15143,45280],[348,0],[257,3],[524,10],[588,16],[153,0],[205,-2],[114,1],[138,-3],[223,-1],[295,2],[183,2]],[[18171,45308],[-3,-208],[-4,-66],[3,-795],[61,-7],[-1,-191],[-1,-479],[1,-204]],[[17009,42190],[2,66],[15,11],[53,0],[3,39],[-1,158],[28,33],[10,78],[-5,66],[2,258],[36,31],[1,214],[36,80],[-1,124],[-17,20],[-1,75],[-9,25],[16,127],[17,69],[-73,-10],[-79,-24],[18,102],[49,21],[16,55],[4,44],[27,15],[1,228],[-41,31],[-70,-5],[-34,34],[-7,21],[-77,2],[-81,-106],[-24,-7],[-45,-31],[-87,44],[-19,3],[-20,-23],[-104,-1],[2,100],[30,46],[21,20],[16,34],[-31,42],[-33,-15],[-10,-32],[-52,-71],[3,-38],[-15,-18],[-29,12],[-17,-16],[-34,43],[4,79],[-14,61],[-58,-3],[-44,-23],[-36,-6],[-25,14],[-2,22],[-40,10],[-151,1],[-29,-26],[-37,-10],[9,-59],[24,-45],[3,-44],[-39,-12],[-20,-18],[-18,19],[-106,0],[-57,82],[-21,12],[-65,7],[-14,20],[-448,-3]],[[15215,44242],[-74,-1],[1,159],[-3,141],[4,213],[-2,168],[2,358]],[[15226,42182],[-1,353],[1,221],[-3,246],[2,183],[-4,94],[-3,456],[0,310],[-3,197]],[[10185,29349],[1,1]],[[10337,29139],[6,-35]],[[10343,29104],[-299,18],[-7,-143]],[[10037,28979],[-7,-1]],[[10030,28978],[-131,6],[-1,51],[-26,-2],[-15,21]],[[9857,29054],[17,39],[30,36],[2,73]],[[9219,32554],[1,214]],[[9220,32768],[296,-5],[31,-10],[22,-28],[6,-38]],[[9575,32687],[-1,-144]],[[9574,32543],[-1,-211]],[[9573,32332],[-64,-2],[-12,-21],[-3,-50],[-139,1],[-4,144],[-133,1]],[[9218,32405],[1,149]],[[21714,31143],[0,-15],[35,-19],[-37,-51],[20,-10],[116,-2],[9,-35],[21,-10],[30,-34],[-2,-62],[65,-2],[217,-11],[-14,29],[0,51],[20,14],[27,39],[8,33],[-27,54],[-3,65],[33,-4],[38,-34],[33,-3],[2,-23],[101,-40],[10,-38],[38,-6],[32,13],[120,16],[11,24]],[[22617,31082],[58,10],[21,-10],[73,4],[106,-2],[10,-65],[19,-45],[-48,-22],[-48,18],[-10,-55],[78,-66],[-2,-34],[-17,-43],[-19,-21],[1,-60],[11,-79],[-42,-85],[65,-16],[14,-38],[44,-3],[-1,-31],[120,-3],[71,-16],[-1,-29],[70,26],[35,3],[56,21],[37,49],[37,-2],[-8,31],[13,40],[67,-3],[24,38],[18,-10],[51,-82],[16,-17],[28,26],[57,32],[17,35],[32,24],[16,27],[61,58],[44,26],[29,-1],[24,-18],[26,1],[5,201],[135,-4],[3,137],[-4,78],[54,-4],[1,57],[47,73],[16,41],[32,5],[4,44],[61,-1]],[[24224,31322],[373,-10],[31,54],[3,94],[9,17],[42,8],[45,39],[42,6],[20,-22],[37,0],[12,13],[39,-3],[-1,-78],[-16,-47],[21,-8],[31,-43],[-6,-38],[70,-3]],[[24976,31301],[-98,-245],[-90,-235],[-101,-253],[-167,-397]],[[21500,30328],[31,39],[96,50],[53,61],[26,44],[5,44],[-17,68],[-59,24],[-82,0],[-49,14],[-66,41],[-19,35],[0,75],[11,70],[17,41],[35,19],[109,30],[41,24],[41,48],[34,63],[7,25]],[[22617,31082],[6,172],[35,15],[19,49],[70,58],[35,10],[46,-5],[11,33],[-25,61],[5,52],[30,25],[40,-2],[7,34],[-59,65],[-11,45],[-25,32],[-3,42],[42,12],[138,-9],[81,-17],[9,31],[-10,30],[57,18],[38,-9],[86,-34],[24,-21],[16,-32],[60,-28],[128,-4],[-2,-54],[-18,-23],[15,-30],[25,-19],[29,3],[56,-11],[57,37],[55,2],[31,34],[23,-12],[42,22],[40,5],[33,-19],[29,8],[33,-29],[269,-11],[20,-31],[38,-31],[-5,-207],[-13,-17]],[[21714,31143],[5,43],[2,100],[4,46],[29,52],[32,44],[47,45],[39,25],[78,40],[47,49],[65,90],[39,79],[29,87],[10,45]],[[22140,31888],[6,38]],[[25318,32149],[-342,-848]],[[32991,36643],[127,1],[77,21],[27,1],[17,-22],[25,-1]],[[33301,36643],[11,-37],[-1,-71],[-10,-72]],[[33073,36463],[16,27],[-3,29],[-50,1],[-75,46],[-6,24],[36,53]],[[33396,37426],[-19,-78],[-2,-98],[5,-72],[-16,-38],[-19,-81],[4,-83],[-6,-39],[18,-42],[72,-84],[30,-44]],[[33463,36767],[-39,-32]],[[33332,36758],[-10,20],[-87,-23],[-204,-7]],[[33031,36748],[1,147],[-92,-1],[-13,5],[-68,94],[-42,22],[-15,28],[98,-1],[62,-22],[72,-48],[7,49],[40,51],[-3,22],[20,62],[29,16],[-10,29],[-1,46],[10,60],[10,19],[92,2],[-10,25],[35,78],[-7,39],[102,-2],[23,-42],[25,0]],[[32848,39031],[61,-56],[43,-65],[18,-52],[5,-55],[-16,-72],[-61,-70],[-110,-140],[-26,-104],[-7,-51],[9,-62],[40,-95],[28,-99],[8,-49],[21,-51],[40,-42],[157,-99],[58,-50],[51,-26],[73,-53],[55,-45],[64,-95],[35,-75],[14,-52],[-12,-47]],[[33031,36748],[0,-37],[-40,-68]],[[31351,36470],[0,60],[17,32],[1,181],[46,12],[2,228],[32,9],[5,54],[12,48],[16,5],[2,89],[28,37],[-3,25],[41,50],[20,50],[13,13],[4,43],[-15,33],[5,19],[46,7],[30,71],[-21,63],[-37,-34],[-45,-11],[-5,34],[5,313],[-35,0],[2,129],[36,14],[1,94],[6,30],[1,207],[41,0],[17,30],[-18,48],[-57,42],[-29,51],[-27,24],[-25,-19],[-15,12],[-8,35],[5,35],[18,41],[43,25],[-63,21],[-20,43],[13,77],[6,97],[-12,40],[119,-1],[4,35],[23,35]],[[29748,37201],[7,360],[5,218],[-1,5],[11,557],[10,436],[-2,3],[5,281]],[[29735,36198],[0,94],[6,538],[7,371]],[[11207,26770],[13,430]],[[11220,27200],[10,230]],[[11230,27430],[36,-19],[76,-4],[13,-9],[30,26]],[[11385,27424],[32,3],[45,-29],[18,25],[36,-12],[4,68],[119,-26],[-5,40],[3,50],[-17,38],[-21,18],[0,24],[43,-1],[-1,74],[-6,53],[-26,71],[16,14],[1,40],[-54,-9],[-68,3],[2,42],[-70,3]],[[11436,27913],[-107,3],[-11,-238],[-37,13],[-40,0]],[[11241,27691],[17,369]],[[11258,28060],[514,-2],[333,-1],[428,-16]],[[9175,28158],[158,-10]],[[9333,28148],[-1,-60],[49,-2],[-20,-57],[-19,-25],[-3,-70],[-124,6],[-26,15],[-41,-2],[6,85],[21,120]],[[8832,28180],[192,-11],[151,-11]],[[9333,28148],[73,-2]],[[9386,27859],[-399,32],[-14,-15],[-63,0],[-4,-57],[-74,4]],[[8832,27823],[3,163],[-3,194]],[[8795,24527],[4,222],[2,647],[2,109],[0,290],[7,429],[3,231]],[[8813,26455],[244,-17],[59,-1],[253,-14],[285,-14],[136,-8]],[[10042,26389],[-9,-271],[-15,-401],[-10,-361],[420,-9]],[[10407,24486],[-113,2]],[[10294,24488],[-728,19],[-419,8],[-139,4],[-213,8]],[[10377,27237],[572,-25],[203,-11],[68,-1]],[[10976,26329],[18,17],[1,33],[73,0],[1,37],[-87,3],[-75,-5],[-55,-33],[3,61],[-81,8],[2,49],[-107,4],[-15,-147],[-18,-21],[-41,22],[1,-55],[-17,-24],[54,-1],[-1,-37]],[[10632,26240],[-40,-32],[-30,-15],[0,-58],[93,-4],[0,-72],[78,-4],[103,0],[3,86],[43,-7],[1,22],[32,6],[26,-9],[-21,56],[9,25],[30,-1],[17,96]],[[8829,27612],[142,-9],[228,-19],[177,-13]],[[9793,27258],[5,-1]],[[8813,26455],[15,1013],[1,144]],[[28531,33054],[-1,-147],[144,-2],[1,-42],[-10,-255],[-7,-283],[201,-4],[15,-15],[0,-45],[11,-12],[282,-6],[26,-5],[-2,-168],[11,-20],[56,-55],[23,-52]],[[29132,30951],[-1,-31],[-17,-8],[-2,-34]],[[29112,30878],[-18,-15],[-19,-91],[-21,-3],[-3,-71],[-59,13],[-25,-14],[-1,-22],[-31,-46],[-24,-8],[-1,-30],[-36,-1],[-6,-205],[-37,-53],[-3,-29]],[[27739,30324],[4,221],[7,189],[13,422],[2,40]],[[27071,32085],[-528,24],[-349,17]],[[29463,31366],[150,-50],[205,-100],[265,-98]],[[30083,31118],[-3,-107],[-140,5],[-16,6],[-18,66],[-42,3],[-2,-125],[-10,-16],[-58,-4],[-193,-1],[-14,-13],[-28,37],[3,118],[-70,-32],[-103,5],[-5,-29],[-5,-144],[13,-31],[-21,-12],[-170,3],[-14,35],[-75,-4]],[[33049,31099],[-91,5],[-291,8],[-308,14],[-453,9],[-44,3],[-483,13],[-19,-494],[-6,-119],[-8,-264]],[[30083,31118],[3,191],[39,1],[-6,69],[-84,66],[-9,35],[7,23],[-13,28],[-170,-37],[-53,-33],[4,142],[7,131],[-101,-2],[-43,11],[-54,-36],[2,168],[-125,0],[-13,-39],[-1,-31]],[[38844,18055],[1,248],[4,202]],[[38849,18505],[25,-4],[5,33],[27,46],[35,76],[50,20],[52,-51],[15,-66],[58,-2],[15,-10],[71,22],[9,34],[-7,18],[19,59],[21,37],[37,-34],[7,-38],[13,-12],[4,-34],[-8,-34],[-38,-18],[56,-61],[63,-16],[11,4],[35,63],[-12,78],[23,9],[36,-35],[0,-34],[44,0],[33,19]],[[39548,18574],[-36,-103]],[[39512,18471],[0,-16],[-63,-9],[-39,-32],[-4,-33],[-32,-58],[-27,-11],[-20,-26],[-47,-6],[-54,-87],[19,-47],[-1,-100],[15,-18],[1,-41],[44,-15],[75,13],[57,70],[77,18],[109,11]],[[39622,18084],[23,6]],[[38842,17762],[2,293]],[[39512,18471],[39,8],[153,-38],[57,16],[2,-26],[23,-10],[39,13],[6,34],[41,-5],[20,29]],[[39892,18492],[0,-39],[-22,-47],[-69,-62],[1,-43],[-79,-94],[-13,-27],[-88,-96]],[[39926,18521],[-24,-4],[-10,-25]],[[39548,18574],[11,11],[-34,51],[-13,37],[-40,37],[26,38],[65,10],[36,-30],[16,-33],[-25,-53],[10,-24],[79,4],[37,45],[7,52]],[[39892,18492],[24,-6],[9,-28],[-21,-48],[-3,-41],[18,-29],[32,-86],[-60,21],[-9,-49]],[[39633,19945],[31,-4],[25,-38],[4,-57],[49,-47],[-1,-49],[-35,-29],[-28,-79],[-18,-26],[-28,-78],[-48,-42],[-13,-42],[-45,-73],[-1,-21]],[[39456,19046],[-50,6],[-39,14],[-28,-13],[-33,6],[-115,12],[-44,13],[-9,25],[-24,10],[-136,20],[-24,22],[-24,59],[3,54],[-45,8],[-29,31]],[[38859,19313],[1,135]],[[40536,17706],[41,-10],[45,-30],[40,-59]],[[40737,17501],[-18,1],[-8,-60],[-77,11],[3,20],[-49,6],[-7,26],[-39,44]],[[40281,16277],[10,49],[42,55],[73,65],[36,47],[84,11],[15,39],[18,13],[-19,70],[24,35],[101,-5],[16,25],[18,-20],[36,8],[20,48],[-50,1],[-5,29],[8,49],[-7,41],[-46,3],[-11,53],[7,12],[43,17],[-7,29],[9,46],[-34,68],[-1,26],[-20,31],[-27,19],[-50,-8],[-40,29],[-30,8],[-8,45],[-20,20]],[[40536,17706],[3,98],[8,56]],[[40026,20067],[504,154],[36,5]],[[40566,20226],[232,-199],[77,-63],[88,-77],[184,-153],[124,-107],[-147,-144]],[[41124,19483],[-503,-495]],[[38849,18505],[4,418],[5,255],[1,135]],[[18646,12187],[69,7]],[[18642,12016],[-69,1]],[[18573,12017],[2,155]],[[18649,12305],[138,-2]],[[18787,12303],[-5,-95],[-11,-8]],[[38190,27080],[120,14],[58,3],[86,29]],[[38114,27069],[47,15],[29,-4]],[[18772,11725],[-3,-156]],[[18769,11569],[-111,-5],[-47,10]],[[18611,11574],[0,6]],[[18611,11580],[0,57],[-15,33],[2,58]],[[18503,12021],[11,7],[59,-11]],[[18603,11873],[-104,3]],[[18499,11876],[4,145]],[[18359,11950],[5,72]],[[18364,12022],[139,-1]],[[18499,11876],[-142,2]],[[18357,11878],[2,72]],[[18364,12022],[4,112]],[[25763,29235],[69,-9]],[[25832,29226],[152,-17]],[[26046,29212],[-2,-49],[-25,-44],[32,-5]],[[26051,29114],[-6,-39]],[[26045,29075],[-74,2],[-31,8]],[[25794,29084],[-25,18],[-7,24],[1,109]],[[18859,12399],[158,0]],[[19017,12399],[14,-32],[-2,-70]],[[19029,12297],[-86,5],[-110,1]],[[18833,12303],[2,36],[22,0],[2,60]],[[15574,9843],[1,66],[166,-5],[-2,-148],[102,-4],[-3,-171]],[[15838,9581],[-180,-162],[-30,-10],[-61,1]],[[15567,9410],[-2,2],[4,222],[5,209]],[[22074,17693],[37,-35],[6,-46],[51,-2],[12,-14],[63,-8],[7,-10],[-1,-69],[9,-17],[68,-28],[27,-20],[20,1],[35,-30],[38,1],[19,-28],[19,-8],[37,-56],[65,-40],[41,-49],[-1,-79],[73,-32],[88,-61],[46,-28],[99,-3]],[[22932,17032],[6,-214],[4,-405],[7,-431],[153,-3],[1,-168],[57,40],[12,-17],[68,-2]],[[23240,15832],[3,-280],[-20,-8],[6,-71],[14,-1],[6,-337],[-4,-161],[-277,7],[-11,-6],[-1,-106],[-6,-26],[8,-41],[-10,-31],[4,-78]],[[22952,14693],[-551,8],[-277,8]],[[22124,14709],[-10,-1]],[[22142,15997],[1,136],[25,917],[-103,2],[6,285],[4,135],[-1,221]],[[23240,15832],[195,-4],[223,-7],[-2,144],[139,-3],[133,-8],[13,-38],[39,-1],[26,-36],[66,-3],[-1,66],[32,28],[4,45],[67,-6],[0,216]],[[24174,16225],[171,-10],[-1,145],[2,143],[208,-7]],[[24554,16496],[21,-12],[12,-37],[-1,-86],[22,-46],[37,-14],[90,-77],[6,-41],[34,-42],[51,-26],[19,0],[83,53],[26,5],[47,-11],[46,24],[17,20],[68,31],[14,-18],[-4,-48],[13,-34],[72,-46],[75,-9],[30,-25],[52,-2],[59,-9],[54,-28],[39,0],[38,-37],[0,-41],[-16,-31],[9,-18],[-5,-35],[14,-26],[1,-31],[-20,-35],[-33,-28],[1,-34],[-17,-7],[-11,-40],[5,-135],[-1,-78],[29,-17],[18,-34],[29,-17],[-7,-39],[10,-25],[60,-53],[77,-4],[29,-12],[10,-25],[-50,5],[-39,-21],[-20,-53],[-18,-14],[-17,-51],[9,-47],[-29,-67],[-51,16],[-31,-17],[-21,-29],[7,-32],[23,-31],[-1,-19],[-38,-59],[4,-41],[27,-24],[-21,-18],[4,-34],[-9,-38],[-27,-26]],[[25458,14616],[-570,13],[-265,10],[-160,15],[-296,5],[-336,10],[-454,15]],[[23377,14684],[-425,9]],[[23787,18745],[93,0],[9,-37],[-15,-23],[30,-77],[-13,-47],[33,-23],[7,-38],[-9,-41],[15,-8],[9,-33],[26,-15],[-3,-19],[47,-19],[20,-18],[-13,-44],[14,-37],[-5,-37],[29,-8],[5,-28],[48,-21],[30,-64],[26,-7],[29,-34],[41,1],[14,-14],[26,-80],[17,-34],[6,-52],[47,-28]],[[24350,17860],[-12,-323],[-26,-14],[-25,-35],[-50,2],[-80,-8],[-37,-14],[-34,-27],[-3,-114],[37,-40]],[[24120,17287],[-12,-35],[-28,-45],[-73,-88],[-33,1],[-39,-36],[-34,2],[0,35],[-113,2],[24,85],[6,43],[-23,17],[-83,0],[-15,-36],[-223,4]],[[23474,17236],[2,144],[-11,73],[-197,4],[-50,-7],[-24,8],[-140,3],[-7,-341],[3,-91],[-118,3]],[[22074,17693],[5,361],[21,723]],[[24350,17860],[60,-9],[9,-16],[71,16],[7,24],[44,62],[80,21],[37,3],[28,-12],[30,37],[22,63],[41,56],[41,-1],[29,20],[18,-7],[74,0],[36,-16],[71,-4],[45,-23],[49,0],[6,47],[26,26],[10,50],[41,27],[33,45],[34,16],[26,38],[25,12],[14,43],[22,33],[24,11],[74,-6]],[[26686,15899],[-5,-311],[-10,-691]],[[26671,14897],[-6,-298]],[[26665,14599],[-406,7],[-2,-7],[-406,9],[-89,-2],[-304,10]],[[24554,16496],[2,126],[67,8],[4,149],[-110,7],[-109,3],[-3,41],[-44,57],[-50,44],[-33,-6],[-41,10],[-59,-11],[0,97],[6,68],[4,165],[-34,7],[-34,26]],[[23474,17236],[-2,-97],[6,-38],[38,-75],[2,-88]],[[23518,16938],[-88,8],[-6,15],[-46,3],[-34,40],[-7,-54],[-30,-66],[10,-33],[35,1],[28,-23],[0,-36]],[[23932,16384],[138,-9],[1,-143],[103,-7]],[[23780,16838],[-126,16],[-56,-16],[-13,27],[-67,1],[0,72]],[[47021,13465],[2,20],[131,0],[5,-21],[53,-48],[50,-8],[14,-24],[-28,-21],[5,-50],[0,-89],[34,-15],[1,-46],[34,-13]],[[47322,13150],[-10,-77]],[[47312,13073],[-36,-11],[-46,5],[-19,25]],[[47211,13092],[-17,55],[-26,25]],[[47168,13172],[-19,45],[-53,52],[-35,64],[-22,85],[-18,47]],[[13379,29786],[182,-7],[219,-6],[217,-13],[286,-13]],[[14283,29747],[-2,-58],[3,-81],[29,-102],[-4,-85],[-35,-40],[-4,-144]],[[41295,24634],[21,20],[-6,43],[50,11],[27,14]],[[41406,24455],[-99,8]],[[41561,25855],[-9,-52],[-24,3],[-23,-50]],[[41453,25763],[16,21],[3,77]],[[41386,25772],[67,-9]],[[41429,25661],[-107,15],[-27,-16]],[[41295,25660],[-6,19],[12,41]],[[18772,11725],[139,-2]],[[18908,11580],[-49,1],[-38,-13],[-52,1]],[[18768,11506],[1,63]],[[41847,26104],[-36,9],[-7,-26],[-77,22]],[[41727,26109],[5,41]],[[41661,25682],[-14,-29]],[[42162,26166],[-81,23]],[[42081,26189],[-31,8]],[[42050,26197],[6,75]],[[41566,25854],[66,-9],[57,17]],[[41689,25862],[-5,-29]],[[41882,26005],[41,-11]],[[41923,25994],[90,-25]],[[41857,25875],[8,72]],[[42075,26119],[6,9],[0,61]],[[42084,26044],[-23,25],[14,50]],[[26138,29210],[86,-20]],[[26224,29190],[28,-43],[0,-67],[-11,-25]],[[26241,29055],[-23,27],[-3,30],[-78,6]],[[26137,29118],[1,92]],[[42315,25843],[-52,-116],[-74,-95]],[[10249,11176],[5,143],[285,-5]],[[10539,11314],[104,-4],[18,4]],[[10661,11314],[173,-2],[250,-2]],[[11084,11310],[-1,-26],[-24,-46],[21,-43],[-2,-133],[9,-71],[-15,-115],[-4,-224],[-6,-200]],[[11062,10452],[-386,6],[-38,-2],[-430,7]],[[10208,10463],[-7,143],[30,-1],[4,143],[-198,4],[-31,26],[7,24],[-33,19],[-19,-8]],[[11096,11885],[16,77],[25,31],[8,140],[0,187],[-8,130],[-22,87],[4,199],[16,63],[11,313],[5,32],[19,28],[44,40],[6,20],[-3,80],[-57,116]],[[11160,13428],[270,-11],[215,-4],[137,-6],[215,-7],[126,-2],[157,-5],[209,-6],[181,-7],[143,-3]],[[13039,12791],[-10,-522],[-13,-503]],[[13016,11766],[-11,-505]],[[13005,11261],[-166,5],[-81,-14],[-27,19],[-130,3],[-19,37],[-53,2],[-17,23],[-110,6],[-27,16],[-51,-1],[-91,5],[-91,15],[-57,26],[-19,-2],[-79,38],[-211,6],[-286,10],[-96,-2]],[[11394,11453],[4,166]],[[11398,11619],[2,85],[12,26],[-9,78],[2,76],[-51,0],[-24,-7],[-108,-65],[-26,20],[-66,2],[-43,15],[9,36]],[[11084,11310],[273,0],[3,143],[34,0]],[[13005,11261],[-9,-433],[-10,-428]],[[12986,10400],[-169,6],[-251,7],[-391,13],[-179,4],[-524,18]],[[11472,10448],[-410,4]],[[9557,11009],[6,183],[36,-2]],[[9599,11190],[101,-3],[-2,-37],[136,-6],[37,3]],[[9826,10885],[-17,32],[-55,6],[-36,-17],[-21,7],[-49,54],[-51,6],[-12,19],[-29,1]],[[9556,10993],[1,16]],[[9551,10854],[5,139]],[[9826,10885],[-4,-128]],[[9822,10757],[-48,-4],[-78,0]],[[9696,10753],[-149,2]],[[9547,10755],[4,99]],[[8829,27612],[3,211]],[[9667,27697],[305,-15]],[[9972,27682],[-7,-164],[-9,-269]],[[10976,26329],[-11,-15],[-66,-46],[-39,-9],[-134,5],[-47,9],[-47,-33]],[[36494,30240],[40,15],[49,-58],[25,-21],[-5,-41],[13,-41],[-37,-18],[18,-25],[-4,-31],[19,-33],[-25,-26],[22,-11],[53,27],[12,-29],[-4,-54],[4,-45],[-8,-16],[5,-62],[14,-35]],[[36685,29736],[-8,-52],[-21,-32],[-46,-23],[11,-26],[-25,-8],[-3,-33],[-58,-10],[-24,-46],[-1,-34],[-87,-7]],[[36423,29465],[-15,39],[-3,53],[-78,8],[-46,-10],[-155,-92]],[[36126,29463],[0,75],[7,40],[-34,64]],[[36099,29642],[-5,69],[2,84],[-34,37],[-34,14],[-33,53],[-71,77],[-2,48],[-56,-2],[-33,15],[-35,76],[-62,85],[122,-5],[121,-14],[99,-6],[26,11],[388,-8],[2,64]],[[36685,29736],[37,33],[36,-12],[18,-32],[26,0],[32,-25],[-5,-24],[14,-31],[-9,-27],[6,-38],[23,-1],[44,26],[97,-4],[33,-6],[50,26],[33,70],[43,26],[79,-3],[29,-11],[38,-34],[52,-14],[48,-34],[48,-11]],[[37457,29610],[3,-81],[26,-73],[29,-24],[-3,-112],[-53,-229]],[[37459,29091],[-287,24],[-170,16],[-142,0],[-10,18],[-54,44],[-55,29],[-31,-16],[-39,23],[-22,-25]],[[36649,29204],[-42,33],[-91,82]],[[36516,29319],[-50,48],[-43,98]],[[43085,2527],[45,50],[7,42],[0,51],[190,-2],[0,73],[67,0],[2,73],[35,0],[-1,-35],[65,-1]],[[43495,2778],[-25,-97],[-6,-40],[0,-116],[-77,0],[0,-36],[-20,0],[-49,-109],[10,-35],[-1,-181]],[[43327,2164],[0,-37],[-166,0],[-6,4]],[[43155,2131],[2,68],[50,0],[19,45],[26,34],[27,66],[-19,7],[-1,174],[-174,2]],[[41834,1335],[24,27],[-2,26],[77,32],[3,55],[27,19],[2,67],[-32,58],[29,51],[15,81],[33,38],[3,21],[37,58],[46,-18],[27,26],[43,12],[0,22],[29,30],[-1,35],[38,16],[6,32],[39,11],[15,39],[43,-1],[5,30],[30,-12],[11,29],[28,6],[54,36],[31,11],[30,-19],[39,20],[6,32],[18,29],[38,16],[12,39],[76,-9],[9,23],[26,9],[22,55],[-18,13]],[[42752,2380],[285,-1]],[[43037,2379],[53,0],[0,-141],[-23,-8],[-10,-30],[-37,-2],[1,-107],[99,0]],[[43120,2091],[-203,-227],[2,-5],[0,-346],[-137,0],[1,-146],[-137,0],[0,-288],[-138,0],[1,-289]],[[42509,790],[-674,0],[-3,499],[2,46]],[[43120,2091],[35,40]],[[43327,2164],[271,2],[1,52],[-30,27],[-11,64],[0,72],[179,1]],[[43737,2382],[77,0],[193,-14]],[[44007,2368],[0,-2]],[[44007,2366],[13,-582],[4,-293],[-3,-164],[1,-315],[1,-417],[1,-541],[-1,-19]],[[44023,35],[-337,-3],[-487,-6],[-270,-2],[-125,-3],[-497,-5]],[[42307,16],[-2,341],[69,0],[-1,144],[136,0],[0,289]],[[43945,6262],[-3,-207],[-6,-543],[-56,-5],[-14,-12],[-5,-44],[-30,-23]],[[43831,5428],[-38,-25],[-169,2]],[[43624,5405],[2,155],[33,25],[4,181],[-34,4],[3,352],[-69,1],[2,145]],[[44027,6262],[-35,-43],[-1,-115],[11,-47],[-9,-73],[22,-55],[21,-108],[-8,-27],[11,-78],[-1,-33],[7,-83],[-4,-15],[10,-85],[12,-21]],[[44063,5479],[-60,-30],[-1,-40],[-37,-85],[-135,4],[1,100]],[[43495,2778],[38,-1],[0,-33],[34,-3],[34,72],[136,-2],[-1,-239],[1,-190]],[[43122,3964],[56,5],[-44,63],[-2,14],[2,275],[-8,17],[-57,63],[183,1],[-5,40],[5,101],[157,0],[1,144],[-31,-1],[-2,33],[3,323],[34,12],[5,222],[3,23],[201,-2],[1,108]],[[44063,5479],[1,-45],[-25,-44],[-2,-40],[8,-21],[-19,-33],[-12,-41],[11,-35],[-9,-45],[10,-41],[1,-97],[-15,-53],[21,-49],[3,-94],[7,-49],[-9,-32],[2,-49],[-24,-56],[1,-34],[24,-31],[1,-47],[-11,-80],[-27,-50],[5,-45],[-13,-46],[2,-51],[-14,-55],[-9,-64],[19,-22],[-2,-29],[-22,-26],[-9,-63],[-17,-45],[-17,-75],[85,-8]],[[44008,3884],[1,-361],[2,-145],[0,-286],[-6,-144],[2,-580]],[[43085,2527],[-34,-46],[0,-90],[-14,-12]],[[42752,2380],[-4,30],[-24,14],[5,21],[33,3],[30,30],[-5,24],[32,47],[9,92],[34,33],[47,-5],[31,32],[22,-1],[22,22],[80,2],[17,6],[30,66],[31,25],[-18,75],[63,63],[-4,17],[46,56],[-23,43],[-17,63],[-15,9],[-38,48],[-24,-7],[-21,36],[20,17],[-17,24],[21,14],[29,67],[-22,30],[10,40],[20,26],[-27,53],[16,4],[35,57],[36,31],[1,62],[21,20],[-9,21],[5,61],[-20,28],[23,60],[-46,62],[-5,28],[-25,-5],[-35,40]],[[8760,13524],[173,-5],[37,1],[180,-10],[365,-15],[258,-18]],[[9773,13477],[-1,-70],[-11,-358],[-6,-144],[-12,-60],[-3,-112],[36,0],[23,16],[56,7],[27,-29],[-8,-47],[-38,-44],[59,-83],[87,10],[66,22],[28,-28],[16,-30],[49,-41],[-5,-201],[-86,2],[-18,-73],[19,0],[28,-48],[-6,-24],[42,-30],[44,14],[15,-22],[26,32],[45,3],[9,18],[60,-12],[43,-29],[41,-65],[27,-3],[23,-21],[76,-46],[16,6],[-5,-111]],[[10535,11876],[-20,9],[-354,5],[-315,6],[-262,10]],[[9584,11906],[-383,15]],[[9201,11921],[-53,2],[-17,-8],[-118,-189],[-16,-10],[-188,6],[-55,-7]],[[8754,11715],[2,302],[-1,256],[3,852],[1,30],[1,369]],[[9773,13477],[265,-14],[353,-11],[70,-5],[274,-9],[139,-1],[286,-9]],[[11096,11885],[-136,1],[-1,-36],[-276,0],[-10,-1]],[[10673,11849],[-126,0],[-12,27]],[[9201,11921],[46,-105],[49,-47],[26,-62],[3,-52],[60,-82],[-48,13],[-26,26],[-32,-11],[6,-37],[-52,-18],[-26,13],[-47,-16],[-14,-45],[-35,-7],[-74,28]],[[8755,11438],[-1,277]],[[9584,11906],[-1,-143],[-7,-187]],[[9576,11576],[-2,-98]],[[9574,11478],[-139,5],[40,-113],[25,-32],[-446,15],[-19,2]],[[9991,11659],[18,6],[22,37],[26,9],[45,-22],[44,-4],[31,13],[67,-34],[48,-109],[20,-2],[36,-37],[28,11],[57,-20],[8,-20],[53,-7],[32,-15],[15,-31],[37,-41],[-31,-49],[-8,-30]],[[9928,11321],[9,283],[35,4],[18,16],[1,35]],[[9134,10478],[7,216],[136,-5],[-3,-72],[135,-1]],[[9409,10616],[-2,-73]],[[9407,10543],[-6,-71]],[[9545,10689],[2,66]],[[9696,10753],[-4,-144]],[[9544,10667],[1,22]],[[10673,11849],[-6,-283]],[[10667,11566],[-6,-252]],[[9991,11659],[-19,-10],[-24,25],[0,22],[-23,11],[-22,-13],[-41,11],[-22,18],[-46,-18],[-51,-43],[-6,-22],[-38,-11],[-58,12],[-18,-7],[-23,-59],[-24,1]],[[9414,10760],[-2,-72]],[[9412,10688],[-3,-72]],[[8758,10486],[-1,219]],[[9574,11478],[35,-2],[-6,-143]],[[9603,11333],[-4,-143]],[[9557,11009],[-24,-4],[-16,16],[-47,-1],[-11,17],[-38,-26],[-24,-2],[-23,28],[-55,14]],[[9603,11333],[190,-7],[84,-8]],[[10438,28814],[16,-1]],[[10454,28813],[18,-17],[81,-52],[27,-11]],[[10580,28733],[14,-70],[15,-43],[-3,-107]],[[10606,28513],[-36,-9],[5,88],[-142,8]],[[10433,28600],[9,197],[-4,17]],[[11237,28421],[36,0],[8,218],[19,-3],[201,-1],[7,68],[170,0],[5,144],[-34,0],[3,61],[-13,3],[3,69],[17,3],[4,122],[9,19]],[[11672,29124],[132,-3]],[[11804,29121],[40,-12],[32,-27],[148,-5],[69,32],[191,-8],[40,-27],[38,0],[34,-14],[36,-34],[70,-3],[6,-36],[62,-3]],[[10037,28979],[31,5],[56,-10]],[[10267,28821],[-244,11]],[[10023,28832],[7,146]],[[9924,29700],[26,3],[22,-29],[94,-77]],[[10066,29597],[-2,-38],[37,-1],[-6,-160]],[[9919,29556],[5,144]],[[11367,29649],[4,131]],[[11371,29780],[42,8],[49,28],[52,4]],[[11504,29561],[-140,5]],[[10304,28819],[134,-5]],[[10433,28600],[-140,4]],[[10293,28604],[6,124],[-4,25],[9,66]],[[10417,28240],[174,-7]],[[10695,28085],[-107,4]],[[10588,28089],[-177,8]],[[10312,28962],[61,-4]],[[10373,28958],[21,-69],[18,-30],[42,-46]],[[10932,30061],[-15,-19]],[[10917,30042],[-7,-16],[-60,-25],[-16,-55]],[[10834,29946],[-127,3]],[[10707,29949],[-7,69]],[[10700,30018],[-8,86]],[[10917,30042],[8,-36],[27,-29],[52,-16],[66,-51],[24,-11],[34,4]],[[11128,29903],[34,-39],[-3,-87]],[[11159,29777],[-63,3]],[[10833,29942],[1,4]],[[11123,30029],[0,-1]],[[11123,30028],[8,-53],[-3,-72]],[[11518,29966],[238,-37]],[[11756,29929],[2,-91],[-105,-10]],[[11371,29780],[6,208]],[[11273,30004],[104,-16]],[[11371,29780],[-71,3]],[[11300,29783],[5,117]],[[11305,29900],[2,64],[-35,5],[1,35]],[[11123,30028],[150,-24]],[[11305,29900],[-51,32],[-43,5],[-83,-34]],[[11300,29783],[-89,-8],[-52,2]],[[9088,28881],[5,71]],[[9189,28801],[-7,-138]],[[9182,28663],[-78,3],[-31,-27],[-18,-43],[-126,9]],[[8929,28605],[11,195]],[[10497,30030],[187,-8],[16,-4]],[[10734,29733],[-5,-145],[8,-71]],[[10737,29517],[-148,6],[-28,-52],[-22,-18],[-57,2]],[[10580,28733],[30,0]],[[10686,28730],[176,-8]],[[10862,28722],[-3,-69]],[[10859,28653],[-12,-287]],[[10859,28653],[73,-3],[6,72],[240,-11],[6,145]],[[11349,29136],[323,-12]],[[10737,29517],[-33,-288],[-5,-71]],[[10699,29158],[-50,-14],[-77,-4],[0,22]],[[11756,29929],[1,1]],[[12051,29893],[4,-28],[-29,-27],[-1,-16],[-92,-30]],[[11933,29792],[-116,5],[-45,-23],[-50,2]],[[9846,30791],[22,-3],[5,29],[20,1],[4,103]],[[9987,30907],[-40,-47],[-1,-20],[28,-8],[29,9],[-4,-135]],[[9999,30706],[-40,-1],[-37,-19]],[[9922,30686],[-18,24],[-5,32],[-27,35],[-26,14]],[[10310,30691],[45,-1],[78,21]],[[10433,30711],[-3,-100]],[[10430,30611],[-88,3]],[[8894,30254],[33,-2]],[[8927,30252],[71,-3]],[[8995,30177],[-61,3]],[[8934,30180],[-49,3]],[[10061,30628],[70,-4]],[[10131,30624],[70,-3]],[[10200,30596],[-58,-51],[-83,12]],[[10430,30611],[37,-1],[15,-28],[-5,-118]],[[10477,30464],[-176,8]],[[10692,28849],[4,27]],[[10868,28868],[-6,-146]],[[10433,30711],[32,36],[22,66],[34,35]],[[10521,30848],[27,-99]],[[10565,30459],[-88,5]],[[10500,28951],[209,-8]],[[10584,28788],[-7,28],[-25,46],[-42,51],[-10,38]],[[9999,30706],[129,-6]],[[10128,30700],[5,0]],[[10133,30700],[-2,-76]],[[9946,30633],[-24,53]],[[10133,30700],[126,-7]],[[10162,30479],[-105,5]],[[10072,29767],[-6,-170]],[[9924,29700],[2,58],[13,18]],[[10840,30592],[157,-8]],[[38031,13198],[-38,-21],[-49,-38],[-71,-7],[-18,19],[-48,13],[-33,-2],[-16,38],[-31,28],[-54,-3],[-37,11],[-53,-30],[-22,0],[-46,-32],[-44,21],[-37,69],[5,43],[-24,45],[-28,31],[19,43],[22,15],[51,69],[44,6],[65,22],[36,-8],[2,48],[-49,71],[-45,-24],[-41,-31],[-38,8],[-21,22],[-10,35],[7,18],[36,30],[3,27],[34,-4],[20,22],[-5,26],[-54,40],[-17,58],[-83,34],[11,63],[32,17],[27,2],[22,24],[-26,23],[-6,25],[-51,2],[-43,14],[-159,-58],[-34,-2],[-39,-40],[-56,-118],[-14,-9],[-14,-65],[-36,-26],[-15,-38],[-25,-33],[-14,-51],[4,-22],[-31,-49],[-27,-7],[-86,69],[-24,36],[-8,50],[-36,27],[-27,118],[-38,1],[-35,-21],[-21,-35],[-21,-16],[-43,19],[-4,20],[-28,17],[-21,47],[-48,-19],[-16,3],[-9,-72],[-22,-47],[-25,-13],[-26,18],[-60,28],[-23,-5],[-88,56],[-45,73],[-56,32],[-77,-15],[-24,-66],[2,-35],[-22,-37],[-63,-11],[-118,-41],[-31,-36],[-33,-21],[-58,15],[-37,-2],[-12,-59],[22,-51],[25,-2],[-1,-36],[52,-70],[10,-37],[30,-30],[46,11],[27,-33],[-34,-23],[-48,-14],[-20,-51],[-41,-3],[-2,-51],[-21,3],[-61,-25],[-12,-69],[-16,-27],[0,-28],[13,-89],[-6,-52],[-14,-29],[4,-35],[17,-50],[18,-29],[25,15],[54,-70],[2,-38],[-8,-43],[27,-101],[-20,-40],[-37,-36],[12,-16],[71,5],[98,-37],[36,-20],[57,-69],[86,-29],[15,-24],[45,-41],[15,5],[35,-22],[-34,-40],[-11,-25],[-25,-18],[-29,5],[-45,-12],[-31,11],[-42,-6],[-37,23],[-63,-4],[-25,-18],[-58,-7],[-33,33],[-29,15],[-61,3],[-8,-26],[-28,-21],[-43,-14],[-32,3],[-31,71],[-38,-4],[-14,-20],[-79,-10],[-33,-23],[-37,5],[-26,-8]],[[35195,12172],[1,125],[17,0],[0,143],[-274,4],[6,416],[1,157],[-135,-3],[0,146],[4,446],[2,418],[-276,5]],[[37814,10422],[-619,14],[-358,6],[-396,11]],[[36441,10453],[-27,1],[7,193],[0,240],[-139,-1],[-137,4],[1,27],[-135,-47]],[[36011,10870],[-2,291],[8,182],[-138,-33],[6,288],[-156,-34],[-122,-31],[3,147],[-138,-34],[5,287],[-143,0],[-1,-40],[-142,3],[4,276]],[[12938,18829],[287,-15],[242,-9],[305,-14],[3,-2]],[[17474,8072],[26,-34],[23,-8],[64,10],[49,-33],[14,3]],[[17650,8010],[47,-42],[-14,-25],[52,-9],[73,-32],[10,-33],[-17,-30],[-1,-36],[21,-53],[-1,-34],[21,-11],[43,-56],[25,-6],[27,-50],[19,-18],[0,-42],[10,-45],[-33,-60],[-47,-28],[-35,17],[-63,8],[-44,-6],[16,-26],[-12,-17],[26,-48],[13,-10]],[[17353,6447],[-14,82],[12,30],[51,65],[-4,27],[-20,12],[-29,-3],[-61,29],[3,26],[-14,26],[-82,26],[-31,-20],[12,-80],[63,-3],[41,-20],[18,-25],[-9,-37],[-45,-13],[-51,-48],[16,-42],[-5,-26],[-24,-12],[-50,0],[-39,13],[-68,50],[-37,-33],[-18,-6],[-41,48],[-87,53],[-10,32],[13,18],[45,8],[26,22],[17,95],[17,11],[37,-10],[35,4],[50,32],[13,35],[-5,22],[-27,13],[-48,-3],[-51,19],[-6,45],[7,131],[-3,22],[-52,48],[-11,35],[19,45],[27,3],[31,-83],[43,-11],[53,41],[32,-1],[45,-61],[7,-60],[13,-27],[26,15],[-20,48],[0,34],[20,35],[63,13],[22,18],[8,36],[-11,26],[-24,18],[-12,46],[18,57],[1,33],[-16,14],[-44,3],[-12,48],[8,40],[94,51],[10,30],[-1,46],[-9,30],[-23,30],[-36,11],[-88,2],[-13,37],[11,72],[-22,95],[-3,45],[21,32],[41,-9],[-14,-47],[7,-35],[-8,-53],[11,-25],[28,-19],[57,66],[43,16],[13,-12],[4,-40],[24,-42],[21,-10],[21,13],[-9,71],[16,40],[44,-18],[25,37],[-6,27],[29,57],[-3,60],[5,39]],[[16365,8204],[24,-17],[139,-3],[54,25],[41,3],[52,-32],[41,-12],[22,-21],[31,-4],[22,20],[38,-17],[-3,-49],[10,-9],[50,19],[41,4],[23,48],[35,10],[35,-23],[10,29],[34,25],[38,6],[28,27],[13,-14],[45,-12],[65,-55],[-1,71],[7,31],[60,41],[-7,25],[11,59],[62,32],[27,50],[27,2],[52,-36],[66,14],[7,56]],[[17564,8497],[29,-4],[12,-22],[5,-70],[-31,2],[-44,26],[-52,-10],[-19,-60],[-35,-41],[2,-24],[29,-32],[67,-33],[65,15],[50,19],[18,-39],[-2,-75],[57,-49],[-19,-25],[-28,-8],[-61,20],[-24,61],[-46,21],[-30,4],[-38,-33],[5,-68]],[[17455,6092],[-23,29],[-67,61],[-50,4],[-26,-36],[-13,-92],[-22,-37],[-24,-13],[-58,25],[-35,-3],[-32,-21],[-1,-28],[12,-38],[2,-52],[32,-60],[28,-87],[-3,-30],[-38,-31],[-83,-21],[-27,28],[49,58],[-22,35],[-26,67],[-3,58],[15,47],[-3,46],[-27,49],[-15,57],[-32,25],[-89,7],[-42,-16],[-48,-37],[-1,-36],[30,-20],[54,-55],[41,-22],[16,-20],[12,-40],[-30,-21],[-34,10],[-46,1],[-37,-28],[-33,-12],[-44,6],[-31,-9],[-80,-6]],[[18188,5669],[26,-3],[41,34],[34,64],[54,41],[41,39],[4,34],[-16,55],[-25,62],[-1,70],[8,27],[22,12],[24,41],[36,44],[26,17],[65,-12],[42,-26],[10,-19],[1,-66],[8,-57],[-5,-81],[-13,-109],[20,-123],[14,-31],[28,-26]],[[18618,4968],[-536,1],[-305,4],[-100,-1],[-376,1]],[[17301,4973],[-1,32],[15,6],[-19,42],[-12,54],[3,31],[22,53],[79,38],[56,36],[14,15],[47,12],[10,21],[32,0],[10,47],[-36,13],[-14,17],[-10,48],[17,38],[-2,57],[-42,31],[-7,14],[-37,7],[-20,27],[2,54],[-45,75],[34,13],[38,37],[27,9],[4,-37],[29,-40],[42,-31],[35,19],[21,-31],[23,2],[31,-48],[39,-22],[-3,-75],[24,-65],[44,-31],[8,-28],[27,-23],[22,-39],[-8,-30],[-25,-24],[14,-27],[55,-62],[-17,-26],[40,-74],[143,-3],[2,42],[-10,31],[-1,59],[23,51],[13,66],[-1,42],[26,39],[15,42],[25,11],[1,20],[33,73],[52,88]],[[17041,9870],[158,-4]],[[17199,9866],[400,-3],[346,-7],[220,0],[48,-2]],[[18213,9854],[200,-3]],[[18413,9851],[37,0],[-3,-175]],[[18447,9676],[-11,-512],[-1,-97],[-10,-394],[-9,-554],[5,0]],[[18421,8119],[-8,-23],[-65,46],[-17,27],[-115,68],[-84,3],[-51,-39],[-69,-7],[-48,-36],[-57,6],[-35,-6],[-36,11],[-29,-37],[-33,-65],[-48,-34],[-63,-12],[-13,-11]],[[17564,8497],[-3,37],[67,84],[16,76],[28,27],[-48,10],[-73,-11],[-23,5],[7,44],[-9,21],[7,53],[-5,70],[36,109],[-3,15],[-93,18],[-31,17],[-38,10],[0,53],[24,11],[12,29],[2,40],[33,6],[6,357],[-6,-5],[-133,0],[-1,-76],[-7,-51],[-43,-21],[-19,-26],[-63,-3],[-7,38],[-35,0],[-8,72],[-55,73],[-65,2],[3,107],[40,-1],[-6,26],[-32,48],[2,109]],[[17977,6018],[80,-10],[8,23],[32,18],[39,8],[14,41],[-4,34],[22,45],[26,7],[0,27],[33,28],[44,15],[53,4],[-6,41],[36,20],[-3,26],[45,-2],[8,35],[41,-1],[37,-23],[10,70],[33,100],[-36,53],[-13,97]],[[18651,6647],[-9,-377],[-1,-170]],[[18641,6100],[-4,-169]],[[18637,5931],[-2,-103]],[[18188,5669],[-23,5],[-72,34],[-91,60],[-33,36],[-24,15],[-27,60],[-1,42],[34,79],[26,18]],[[17977,6018],[65,18],[39,25],[13,19],[-26,30],[-65,8],[-13,9]],[[17990,6127],[52,78],[64,81],[43,73],[-6,21],[-45,36],[-45,3],[-20,52],[3,64],[21,19],[11,42],[-17,25],[23,57],[-15,19],[-14,45]],[[17990,6127],[-56,48],[-32,36],[-63,3],[-55,-39]],[[18421,8119],[280,-4]],[[18701,8115],[-13,-466],[-7,-184]],[[18681,7465],[-6,-209],[-14,0],[-6,-276],[-1,-96]],[[17301,4973],[-186,3],[-235,1],[-298,-2]],[[16582,4975],[1,199],[18,660]],[[16379,9162],[7,721]],[[16386,9883],[432,-7],[223,-6]],[[19663,15910],[6,287]],[[19669,16197],[7,236],[1,128],[5,104],[12,471],[-36,-1]],[[19658,17135],[4,36],[70,-2],[2,34],[34,2],[4,34],[172,-4],[-1,-22],[31,-2],[35,-15],[32,-74],[195,-7],[-2,-73],[206,-5],[16,71],[365,-16],[74,-2],[-5,-181],[-42,2],[7,-43],[-4,-118],[-5,-8],[-93,2],[-8,-36],[-125,3],[-17,-55],[-32,-29],[-6,-22],[-66,9],[-3,-152],[102,-2],[14,-27],[64,4],[28,-31],[-2,-44],[-37,-14],[-40,-55],[0,-31],[47,3]],[[19582,17858],[40,1003]],[[20456,18845],[221,-12],[483,-21],[424,-15]],[[19658,17135],[-102,4],[26,719]],[[13234,42511],[69,-17],[16,-26],[25,19],[-2,-151],[172,-1],[95,-3],[5,-25],[-24,-14],[-2,-27],[-34,-41],[10,-36],[-189,4]],[[13375,42193],[-144,1],[4,-17],[-5,-90],[-91,-51],[-49,-15],[-180,0],[-6,17],[8,49],[34,-6],[27,20],[24,32],[8,29],[37,48],[-27,12],[1,119],[54,-5],[38,-24],[51,-4],[0,-39],[41,2],[10,50],[-15,20],[-25,1],[-54,-15],[6,41],[41,25],[6,23],[-18,26],[18,32],[19,-21],[15,-41],[28,32],[3,67]],[[11677,45225],[809,8],[403,3],[641,13]],[[13530,45249],[20,-12],[14,-49],[-11,-63],[4,-31],[-1,-379],[-61,-41],[-11,-25],[0,-130],[-118,0],[8,-39],[21,-48],[-20,-41],[-3,-58],[6,-52],[-4,-49],[-24,-5],[-1,-124],[-8,-72],[12,-40],[120,1],[23,13],[-1,-106],[-10,-51],[-59,-154],[-3,-18],[1,-232],[-8,-29],[-52,-111],[-12,-61],[-2,-218],[-11,-30],[-7,-56],[-20,-51],[-3,-165],[-3,-23],[-29,-34],[-9,-41],[-32,-31],[-2,-83]],[[13375,42193],[-2,-215],[28,-2],[12,-34],[49,8],[54,-11],[-4,-322],[-144,2],[1,-145],[107,-2],[34,-13],[0,-271],[-32,-3],[-148,1],[-1,-110],[34,-100],[2,-77]],[[13365,40899],[-82,-2],[-225,4],[-277,4],[-131,-2],[-856,20]],[[23434,21268],[100,-29],[38,-5],[71,2],[40,14],[28,21],[31,60],[29,94],[-4,16],[-47,63]],[[23720,21504],[277,-9],[-4,-272]],[[23993,21223],[-34,0],[-47,-11],[-31,-32],[-23,-48],[-16,-55],[-53,-70],[-52,-16],[-18,7],[-39,-14],[-61,-1],[-58,-35]],[[23561,20948],[-38,111],[-49,-21],[-45,-48],[-3,29],[-33,19],[32,42],[4,85],[-21,45],[5,27],[22,3],[-1,28]],[[9716,27983],[-9,-143]],[[9707,27840],[-88,5]],[[25499,20017],[14,-1]],[[25513,20016],[189,-9],[16,4],[91,-5],[141,-1],[387,-11],[0,-4],[277,-7],[271,-8]],[[26885,19975],[-1,-262],[-1,-178],[277,1],[-4,-288],[0,-130],[-21,-20],[21,-18],[-5,-310],[-4,-98],[192,0]],[[27339,18672],[40,-61],[11,-86],[-2,-21],[-23,-47]],[[25490,19300],[8,508],[1,209]],[[40651,26479],[52,-20],[49,-4],[47,14],[174,0]],[[40973,26469],[7,-55]],[[40980,26414],[-8,-76],[-32,0]],[[40648,26342],[3,137]],[[40973,26469],[19,48],[19,20]],[[41172,26555],[-3,-105],[35,-5],[-5,-45]],[[41199,26400],[-90,10],[-60,1]],[[41049,26411],[-68,-3]],[[40981,26408],[-1,6]],[[17736,17924],[176,-10],[253,-12]],[[18165,17902],[272,-11],[157,-5],[187,-8],[371,-8],[289,-10],[141,-2]],[[19669,16197],[-298,-121],[-173,-65],[-35,6],[-116,2],[-133,-54],[-121,-21],[-59,-22],[-30,-25],[-46,10]],[[18658,15907],[8,48],[-21,39],[-39,38],[-23,12],[-11,31],[0,35],[-27,9],[-45,-32],[-43,0],[-23,63],[-42,35],[5,22],[72,-2],[5,-36],[168,-6],[-2,46],[8,162],[-34,20],[2,50],[-35,11],[18,536],[-251,12],[-193,5],[-155,7],[-3,36],[-85,2],[-5,-169],[-33,27],[-14,28],[-57,24],[-4,19],[41,42],[25,16],[5,50],[-24,36],[-63,42],[-10,59],[16,20],[45,30],[-22,28],[-20,-21],[-22,5],[-29,-19],[-26,-1],[-11,21],[-25,11],[-29,-34]],[[17650,17264],[-55,84],[-15,48],[15,38],[9,104],[15,37],[8,200],[6,9],[87,-4],[12,40],[4,104]],[[16358,16160],[239,-9],[236,-5],[85,-30],[171,-66],[82,-15],[100,-38],[35,-8],[437,-12],[70,-11],[47,16]],[[17860,15982],[0,-79]],[[17860,15903],[-2,-72],[-317,7],[-6,-7],[-4,-102],[-46,-11],[-25,-47],[-2,-118],[33,-3],[-3,-105],[39,-1],[95,-14],[5,-24],[172,-5],[-10,-394],[51,-2],[17,-39],[-2,-63],[12,-6],[70,-1],[37,24],[23,-11],[-5,-34],[-29,-27],[-1,-26],[-20,-96],[-26,3],[-33,-79],[-34,0],[-3,-113],[-21,-13],[-40,-5],[-17,20],[-98,1],[-32,-15],[-1,-46],[-56,-6],[-85,-28],[-34,51],[-16,52],[-15,3],[5,162],[-43,-19],[-96,3],[-8,-275],[-3,-28],[-8,-270]],[[17278,14124],[-146,5]],[[16329,18118],[232,-8],[105,-2]],[[16666,18108],[-7,-145],[353,-13],[151,-4],[573,-22]],[[17650,17264],[21,-24],[6,-64],[13,-50],[5,-94],[-3,-109],[-10,-44],[-16,-24],[-4,-134],[10,-29],[-11,-31],[-4,-94],[4,-23],[27,-72],[-1,-64]],[[17687,16408],[-61,2],[-23,14],[-67,22],[-7,39],[-90,3],[-16,37],[-107,0],[-291,518],[-204,365],[-59,82],[-403,538],[-22,42],[-8,48]],[[16248,18122],[81,-4]],[[17687,16408],[138,-3],[-7,-322],[51,-3],[-1,-33],[20,-54]],[[17888,15993],[-28,-11]],[[17860,15903],[68,-2],[26,-79],[12,-92],[29,-48],[4,-46],[-11,-27],[12,-23],[32,-100],[93,-213],[13,-38],[44,-87],[53,-82],[94,-94],[6,-71],[17,-42],[11,-255],[-5,-163],[9,-41],[21,-31],[2,-31],[-17,-83],[-46,-50],[-10,-20],[5,-42],[26,-54]],[[18348,14089],[-3,0]],[[18345,14089],[-228,7],[-134,6],[-218,6]],[[17765,14108],[-160,6],[-97,6],[-230,4]],[[18658,15907],[-49,35],[-73,3],[-155,-23],[-252,8],[-17,7],[-63,55],[-28,10],[-98,4],[-35,-13]],[[19623,14048],[-428,17],[-84,-1],[-177,4]],[[18934,14068],[-2,40],[-15,23],[-2,32],[13,27],[-7,41],[19,31],[6,70],[-20,57],[13,96],[-1,92],[7,22],[35,49],[2,34],[21,53],[-48,24],[-39,31],[-7,28],[-34,21],[-2,29],[-61,30],[-10,40],[-22,5],[0,61],[-33,20],[-24,33],[23,34],[34,22],[29,5],[-10,34],[-22,30],[-26,8],[-40,41],[12,66],[16,16],[59,-1],[-26,54],[-64,20],[-28,24],[26,48],[12,48],[-10,38],[-48,5],[-55,-24],[6,54],[36,42],[-12,54],[-17,23],[-4,29],[36,64],[-26,35],[-53,30],[1,19],[50,27],[36,5]],[[18934,14068],[-12,1],[-406,12],[-168,8]],[[13530,45249],[942,20],[359,9],[312,2]],[[15221,40886],[-385,2],[-555,5],[-404,1],[-512,5]],[[26051,29114],[5,10],[81,-6]],[[26241,29055],[-24,-37]],[[26217,29018],[-102,30],[-30,1],[-40,26]],[[47312,13073],[-8,-71]],[[47304,13002],[-23,2],[-12,-101]],[[47269,12903],[-46,5]],[[47223,12908],[9,80],[-31,23],[10,81]],[[25942,42565],[307,2],[210,4],[222,1],[56,3],[534,3]],[[27271,42578],[-2,-30],[-35,-22],[1,-45],[-12,-45],[2,-300],[0,-421],[18,0],[2,-171],[101,-3],[12,-9],[-4,-191],[18,-73],[35,-8],[25,-18],[18,-29],[-3,-72],[24,-26],[13,-45],[-26,-50],[-44,-1],[-49,12],[-9,23],[-59,24],[-32,-3],[2,30],[-17,31],[3,-293],[-104,-1],[-4,-5],[1,-171],[-108,-2],[1,88],[-34,3],[-4,-19],[-341,1],[-304,-2],[-400,-5]],[[27271,42578],[454,-7],[38,-1],[455,-7],[274,-8],[463,-9]],[[28933,39073],[-130,1],[-514,10],[-445,16]],[[27844,39100],[-180,6],[-322,14],[-109,3],[-144,-2],[-288,-9],[-123,-2],[-209,-7],[-73,0]],[[26396,39103],[-431,8],[6,274],[1,123],[7,431],[-16,1]],[[23283,22007],[-48,-111],[-22,-20],[1,-28],[-20,-43],[23,-45],[-9,-40],[34,-35],[-27,-44],[-8,-56]],[[23207,21585],[-108,3]],[[22761,21225],[89,47],[17,36],[41,14],[21,-17],[31,-54],[30,0]],[[22990,21251],[0,-31],[22,-66],[22,-37],[58,-74],[73,-58],[33,-32],[43,-70],[1,-25],[-39,-36],[-15,1]],[[23188,20823],[-85,7],[-49,-7],[-51,-23],[-62,-44],[-68,-60],[-25,-46]],[[22848,20650],[-21,0]],[[23307,22002],[76,-31],[47,-46],[31,-14],[136,-2],[39,-9],[50,2],[43,11],[-2,-117]],[[23727,21796],[-4,-153]],[[23723,21643],[-194,-38],[-88,-5],[-136,-17],[-98,2]],[[20511,20425],[13,345]],[[20524,20770],[139,-11],[18,2]],[[20681,20761],[23,-19],[51,-2],[45,-31],[5,-33],[32,-43],[4,-21],[60,-90],[23,-27],[49,-37],[32,-1],[23,21],[84,-23],[53,-27],[29,-51],[51,-13],[39,-44],[83,25],[7,44],[-9,43],[-40,51],[29,22],[16,31],[61,16],[31,56],[33,-23],[14,-64],[32,-11],[57,26],[52,2],[61,-24],[-4,-37],[-28,-40],[24,-29],[31,2],[101,49],[43,5],[34,23],[19,24],[56,49],[41,-4],[-11,-48],[3,-21],[35,-12],[46,13],[4,-28],[-34,-20],[9,-35],[36,9],[44,52],[25,62],[18,14]],[[22203,20542],[22,-16],[20,-42],[3,-79],[-59,-20],[-61,-1],[-43,-29],[5,-36],[24,-52],[-16,-38],[-35,-23],[-29,-58],[25,-34],[16,-4],[19,-41],[1,-29],[23,-64],[-16,-67],[6,-42],[21,-51],[58,-20],[79,-67],[-6,-14]],[[22724,20610],[-16,-26],[3,-36],[22,-44],[14,-51],[30,-54],[-49,-39],[-19,-26],[-29,-151],[15,-15],[-1,-64],[25,-4]],[[22719,20100],[-20,-48],[-35,-8],[-40,-29],[-49,-55],[-37,-14],[-35,-25]],[[22503,19921],[-20,36],[15,20],[49,34],[17,37],[-19,27],[-44,2],[-23,-18],[-14,-55],[-31,-19],[-76,1],[-36,16],[-19,23],[-6,59],[38,64],[0,52],[-23,102],[20,18],[6,36],[-16,50],[6,27],[24,6]],[[22990,21251],[12,41],[24,24],[51,17],[92,2],[66,-10],[70,-17],[129,-40]],[[23561,20948],[-7,-48],[27,-7],[34,13],[-14,-148],[-16,-60],[17,-17],[-7,-25],[-68,-31],[-70,-20],[-35,-28],[-26,-3],[-14,-44],[-40,-10],[14,109],[-10,45],[-77,2],[-40,-21],[-28,47],[-4,74],[-9,47]],[[23723,21643],[-3,-139]],[[22196,20616],[-2,-41],[9,-33]],[[20681,20761],[20,10],[46,41],[32,16],[54,-3],[132,43],[42,42],[1,39],[16,31],[-27,87],[-15,14],[-9,36],[0,44],[-14,51],[7,51],[55,2],[27,54],[63,62],[5,41],[46,27],[37,52],[40,-33]],[[22503,19921],[83,-19],[21,-17],[5,-28],[-9,-80]],[[22848,20650],[30,-20],[35,-62],[24,-27],[109,-108],[27,-49],[-18,-28],[8,-74],[8,-17],[4,-90],[-13,-37],[17,-56],[26,-17],[-6,-31]],[[23099,20034],[-68,-66],[-53,-28],[-40,-52],[-56,41],[-48,54],[-34,9],[-12,35],[-32,54],[-37,19]],[[20524,20770],[12,273],[11,335],[11,264],[-175,8],[26,575],[1,82],[7,100]],[[37037,23246],[11,-27],[42,-13],[18,-57],[16,-17],[54,-10],[-6,25],[34,56],[180,2],[44,41],[37,67],[28,38],[12,71],[-11,38],[7,38],[19,32],[-4,57],[10,47],[-32,90],[28,25],[5,50],[25,118],[-40,9],[-27,-7],[-45,9],[6,33],[-15,8]],[[37433,23969],[13,47],[0,41],[9,44],[23,17],[72,4],[65,10],[33,14],[-7,35],[-30,24],[-99,52],[-29,10],[-1,36],[35,42],[42,19],[82,13],[19,15],[3,62],[38,2],[35,-26],[30,23],[57,-27],[51,-79],[11,-27],[53,-67],[59,-42],[58,28],[31,36],[14,41],[23,14],[19,91]],[[37958,22835],[-82,11],[-65,-11],[-259,-2],[-165,28],[-36,1],[-69,-12],[-72,15],[-56,32],[-125,5],[-49,13],[-34,18],[-148,34],[-56,26],[10,26]],[[36752,23019],[42,21],[17,35],[-36,18],[-30,37],[-79,35],[-18,25],[12,17],[56,7],[34,-3],[51,-51],[2,-34],[16,-11],[36,19],[4,36],[-6,51],[58,36],[47,-55],[11,-27],[48,17],[14,16],[6,38]],[[26216,29333],[25,32]],[[26241,29365],[80,-39],[43,-13]],[[26364,29313],[-10,-152]],[[26354,29161],[-11,-130],[10,-202]],[[26353,28829],[-47,2]],[[26306,28831],[-47,44],[-10,32],[-30,57],[-2,54]],[[26224,29190],[-12,27],[2,61],[12,28],[-10,27]],[[26121,32127],[2,-22],[-5,-175],[-28,-163],[-18,-496]],[[26072,31271],[-18,-314],[6,-44],[23,-64],[3,-30],[-17,-750]],[[26069,30069],[-19,-14],[-5,-99],[-11,-22]],[[26141,29259],[61,49],[14,25]],[[41203,27713],[48,65],[52,10],[4,46],[45,87],[40,4]],[[41392,27925],[60,-120]],[[41452,27805],[-128,-91]],[[41324,27714],[-44,-20]],[[41194,28007],[114,-89]],[[41308,27918],[-47,-60],[-31,-47]],[[41230,27811],[-110,85]],[[41120,27896],[-1,1]],[[41594,27356],[82,-1],[12,-28],[38,-28],[-25,-14],[0,-45],[-20,-27]],[[41681,27213],[-62,0]],[[9331,30072],[-8,19]],[[9323,30091],[20,-1],[1,36],[35,-2],[4,108]],[[9383,30232],[59,8],[51,-13],[-4,21],[45,-2],[18,27]],[[9552,30273],[-3,-33],[12,-41],[24,-13],[14,-38],[-21,-16],[-68,-1],[-19,-16],[1,-46],[-41,-39]],[[9451,30030],[-77,6],[-52,16]],[[9722,28414],[5,145]],[[9727,28559],[7,162]],[[9734,28721],[2,52]],[[9736,28773],[32,16],[4,70],[-30,-1]],[[9817,28949],[34,-1],[6,106]],[[10023,28832],[-56,2],[-5,-88],[40,-1],[13,-54],[70,-6],[-3,-71]],[[10082,28614],[-34,2],[-2,-38],[34,-1],[-5,-105],[-70,3],[1,32],[-43,3],[2,36],[-27,1],[-5,43],[-81,-39],[-66,4],[-3,-72],[12,-1],[-5,-129]],[[9790,28353],[-1,-14]],[[9719,28359],[3,55]],[[33463,36767],[30,-23],[23,-33],[119,-99],[104,-77],[84,-77]],[[10082,28614],[211,-10]],[[10293,28604],[-10,-215],[-141,5],[-210,9],[1,37],[-105,5],[-32,-55],[-6,-37]],[[8658,32126],[-1,-133],[5,-44],[27,-52],[28,-35]],[[8717,31862],[-43,-11],[-52,16],[-36,4],[-1,43],[-76,1]],[[8509,31915],[-18,50],[-18,27]],[[8473,31992],[-24,57],[1,80]],[[41713,26021],[-4,-29]],[[41705,25966],[-35,9],[-76,-9]],[[9875,30494],[17,-1]],[[10057,30484],[-4,-132]],[[9885,30350],[3,21],[-16,32],[3,91]],[[10477,30464],[-5,-133]],[[10472,30331],[-2,-67],[32,-28]],[[10502,30236],[-43,2],[-25,20],[-54,17],[-58,46],[-26,12]],[[10068,30156],[84,-3]],[[10292,30145],[-4,-111]],[[10180,29951],[-57,4]],[[10123,29979],[2,66],[11,5]],[[10136,30050],[1,33],[17,13],[-23,24],[-63,36]],[[9919,29556],[-29,42],[-87,76],[-26,28]],[[9777,29702],[6,152]],[[41681,27213],[109,-1]],[[41790,27212],[23,-89]],[[41813,27123],[-29,10],[-46,-27],[-107,13],[-24,-10]],[[41429,26921],[37,-16],[28,18],[26,-20],[69,-1]],[[41500,26740],[-28,25],[-68,29]],[[41614,27046],[-2,-31],[21,-38]],[[40722,7527],[35,36],[10,90],[1,73],[18,28],[59,11],[4,-34]],[[40849,7731],[25,-18],[21,26],[23,-24],[31,15],[26,-30],[69,65],[12,-16],[127,-1]],[[41183,7748],[-2,-144],[-63,4],[-1,-144],[69,-1],[-3,-179]],[[41183,7284],[-120,4],[-25,-10],[-27,14],[-59,10],[-16,26],[-34,3],[-28,-10],[-56,49]],[[40818,7370],[-20,24],[-28,11],[-24,23],[-29,0],[-4,47],[-12,0]],[[40701,7475],[4,33],[17,19]],[[40504,7574],[80,-60],[0,-23],[36,-2],[16,56],[0,29],[33,0]],[[40669,7574],[1,-36],[52,-11]],[[40701,7475],[-57,-67],[-7,-42],[-132,-184]],[[40505,7182],[-28,22],[2,110],[15,10],[-187,4]],[[40307,7328],[-33,1],[1,97],[5,8],[64,-1],[0,96],[33,21],[48,9],[30,16],[49,-1]],[[41183,7748],[0,70],[136,-4]],[[41319,7814],[269,-13],[-1,-163],[599,116]],[[42592,6275],[-4,-28],[12,-38],[-33,-22],[-29,32],[-4,-78],[-21,-29],[-23,2],[-2,42],[-49,-36],[15,-30],[-7,-19],[38,-24],[-14,-34],[-32,12],[-15,-34],[-32,-31],[-10,-29],[-27,-13],[-25,-43],[-31,-30],[15,-25],[-14,-73],[23,-61],[24,-16],[-27,-36],[11,-40],[-44,-62],[12,-18],[11,-51],[-24,-39],[-21,-7],[-17,28],[-33,17],[-14,-33],[4,-33],[-36,-8],[-8,41],[-31,-23],[7,-33],[-25,-21],[1,-29],[24,-31],[-29,-25],[-23,10],[-13,-23],[13,-44],[-35,-9],[26,-63],[-23,-56],[23,-35],[-20,-16],[9,-43],[-21,-26]],[[42044,4962],[-177,0],[-476,1],[-82,2],[-445,0]],[[40864,4965],[1,104],[145,73],[132,-1],[3,287],[21,51],[-10,26],[-23,8],[-30,-25],[-9,16],[17,26],[-23,11],[-2,44],[-20,-4],[-7,28],[31,22],[18,60],[-15,43],[13,57],[30,16],[28,-7],[6,28],[-151,37],[-144,3],[0,221],[3,144],[0,210],[133,2],[153,-4],[6,179],[2,124],[136,-6],[3,144],[143,-6],[3,-75],[56,-3],[1,74],[-33,14],[0,46],[-32,28],[2,199],[-134,8],[1,73],[-112,7],[-21,15],[-2,22]],[[39229,6252],[110,11],[14,19],[42,2],[5,14],[37,21],[67,1],[0,31],[34,39],[103,0],[-1,-72],[549,-6],[1,621],[1,167],[9,20],[22,92],[35,39],[50,11],[0,66]],[[40505,7182],[114,-2],[198,1],[1,189]],[[40864,4965],[-365,0],[-332,5],[-193,-3],[-76,1],[-545,1]],[[38964,7616],[61,3],[159,-2],[334,0],[287,13],[124,-5],[270,-2],[120,-3],[42,3],[102,-2]],[[40463,7621],[41,-47]],[[26069,30069],[35,-21],[75,-9],[-2,-53],[295,-6]],[[26472,29980],[7,-73],[25,-42],[12,-47],[-4,-22],[-100,-222]],[[26412,29574],[-47,48]],[[26365,29622],[-70,78],[-15,-17],[-47,21],[-59,12],[-48,-18]],[[26126,29698],[6,232],[-51,65],[-13,42],[1,32]],[[36347,24497],[27,12],[13,33],[58,17],[55,5],[77,43],[4,176],[-21,46],[-5,77],[16,26],[3,48],[-9,30]],[[36580,25120],[73,-25],[73,-9],[51,6],[88,27],[68,31]],[[36933,25150],[0,-33],[14,-21],[-29,-31],[62,-10],[0,-42],[-15,-20],[6,-67],[48,-35]],[[37019,24891],[-7,-65],[-28,-28],[-17,-34],[-72,-24],[110,-133]],[[37005,24607],[-3,-23],[-37,0],[-60,-35],[-77,14],[-20,-54],[-20,-34],[-49,-35],[0,-49],[44,-84],[-1,-30],[35,-20],[35,-39],[-1,-40],[-17,-21]],[[36834,24157],[-16,33],[-49,20],[-16,-12],[-27,22],[-42,-34],[-142,99],[-18,63],[14,51],[-23,21],[-36,-52],[-35,-32],[-38,30],[-26,7],[-22,-12]],[[36358,24361],[30,20],[-8,35],[5,54],[-38,27]],[[37005,24607],[16,-20],[55,-44],[16,-32],[64,-34],[60,-10],[53,53],[4,31],[40,10]],[[37313,24561],[-17,-22],[-51,-122],[-37,-36],[-211,-102],[-40,-23],[-93,-77]],[[36864,24179],[-27,-23]],[[36837,24156],[-3,1]],[[36505,23496],[16,14],[46,9],[41,21],[56,48],[-1,37],[23,35],[-4,55],[-17,25]],[[36665,23740],[26,43],[11,90],[26,62],[50,67],[17,55],[8,66],[34,33]],[[36864,24179],[0,-27],[17,-33],[35,-19],[109,-9],[81,-25],[34,-4],[51,-45],[58,-5],[49,-34],[51,9],[41,-4],[43,-14]],[[37037,23246],[-34,45],[-68,0],[0,27],[-18,10],[-12,37],[-54,47],[-57,11],[-38,-18],[-70,-10],[-27,-21],[-76,3],[2,70],[-54,3],[-26,46]],[[36255,24213],[95,-96],[25,15],[5,77],[-25,63],[-14,70],[17,19]],[[36665,23740],[-60,-33],[-45,-41],[-155,4],[-5,27],[-131,-10]],[[36269,23687],[-14,79],[6,30],[-2,69],[-14,73],[-22,54],[-10,88],[1,90],[-31,28]],[[36183,24198],[24,23],[29,8],[19,-16]],[[37313,24561],[31,18],[144,10]],[[37577,24616],[40,-38],[73,-38],[38,-8],[300,19],[117,28]],[[38145,24579],[-3,-158]],[[34906,25127],[-12,-78],[-53,-90],[-12,-39],[1,-46],[-12,-35],[-6,-141],[20,-35],[0,-58],[12,-28],[-4,-63],[-48,-71],[-35,-24],[-20,-52],[-35,-32],[-2,-54],[-17,-35],[-1,-33],[32,-33],[6,-20],[-22,-62],[10,-24],[-9,-57],[16,-51]],[[34715,23966],[-33,11],[-24,-6],[-37,-29],[-54,10],[-36,23],[-85,-15]],[[34446,23960],[-115,-24],[-27,0],[-93,26],[-55,37],[-54,66],[-18,12],[-46,-2],[-55,-42],[-52,-14],[-37,-28],[-36,-11],[-19,-24],[-42,-31],[-10,-51],[-36,-11],[-185,-151],[-20,-5],[-56,12],[-63,-22],[-59,-5]],[[33368,23692],[0,266],[-7,4],[1,550],[-1,329],[-6,84],[2,281]],[[36065,23686],[204,1]],[[36505,23496],[-43,-27],[-33,-40],[3,-34],[-9,-22],[-57,5],[-41,-59],[-51,-43],[17,-19],[-2,-50],[-34,-17],[-13,-109]],[[36242,23081],[-36,5],[0,-21],[-44,0],[-18,25],[-4,36],[14,15],[-3,31],[-97,-11],[-37,-22]],[[36017,23139],[-27,33],[-38,31],[-25,-6],[-57,9],[-35,35],[-31,8],[-37,53],[-7,26],[-30,25],[-10,57],[8,23],[-38,53],[-1,53],[-80,23],[-18,-9],[-3,64],[17,17],[35,10],[85,1],[77,-19],[-4,-28],[-43,-41],[11,-37],[72,-27],[35,-1],[62,20],[21,-12],[20,70],[20,32],[42,11],[59,34],[-10,28],[-22,11]],[[37019,24891],[29,37],[65,5],[38,14],[47,38],[31,8],[32,32],[24,-3],[77,41],[21,19],[45,8],[10,35],[37,6],[17,35],[53,47],[31,13],[21,40],[36,8],[30,21],[59,2],[29,-10],[47,-49],[3,-46],[-3,-102],[33,-49],[0,-80],[35,-42],[32,-16]],[[34715,23966],[45,-9],[67,2],[54,-4],[57,13],[73,-29],[37,10],[19,25],[76,46],[59,2],[95,35],[28,17],[93,22],[36,26],[24,37]],[[35478,24159],[22,-5],[22,-41],[128,1],[2,-104],[101,-52],[70,-11],[27,-94],[-11,-37],[-29,10],[-32,-92],[3,-14],[63,3],[27,-6],[34,-40],[7,-20],[56,-26],[49,10],[9,25],[39,20]],[[36017,23139],[-36,-78],[-47,-59],[-27,-23],[-38,-18],[-120,-37],[-56,-43]],[[35693,22881],[-60,-61],[-35,-20],[-94,0],[-115,-55],[-20,-39],[-14,-107],[-23,-78]],[[35332,22521],[-65,8],[-61,32],[-25,1],[-78,39],[-11,-25],[-33,9],[-7,45],[-128,-5],[-22,-28],[-9,-66],[-20,-51],[-4,-34],[-32,-51],[3,-101],[-79,0],[-41,-6],[-29,-23],[-27,13],[-15,32],[-20,4],[-67,-27],[-51,100],[-4,73],[-23,38],[-59,126],[-34,13],[-19,18],[-23,-61],[0,-50],[-29,-39],[-4,-101],[-41,0],[19,-70],[-14,-32],[1,-74],[-9,-29]],[[34272,22199],[-27,6],[-58,-2],[-10,15],[-8,52],[-31,15],[-34,52],[-28,18],[-8,25],[1,63],[34,6],[0,83],[6,19],[2,65],[-10,38],[-1,84],[-10,27],[-27,7],[1,84],[-20,24],[11,54],[46,27],[-1,24],[-19,33],[42,45],[17,29],[35,21],[1,87],[-34,66],[1,90],[34,23],[1,105],[19,63],[23,26],[24,58],[35,32],[34,-5],[8,-37],[97,-1],[-3,53],[14,56],[28,33],[-9,26],[4,35],[22,29],[-18,31],[-39,33],[1,33],[28,11]],[[35813,24572],[35,-33],[48,3],[45,-18],[49,4],[26,19],[39,10],[30,-6],[11,17],[43,14],[59,-23],[91,-59],[58,-3]],[[36255,24213],[-40,39],[-204,30],[-33,23],[-15,28]],[[35963,24333],[-10,30],[-34,10],[-3,28],[-19,9],[-124,2],[-23,24]],[[35750,24436],[23,23],[-4,29],[23,33],[21,51]],[[35880,25700],[43,-75],[37,-102],[23,-48],[23,-32]],[[36006,25443],[-31,-19],[-31,-4],[-29,14],[-25,-37],[-1,-102],[12,-1],[-8,-70],[28,-24],[91,-37]],[[36012,25163],[-11,-56],[-46,-113],[-25,-30],[-73,-17],[2,-34],[-46,-32],[-17,-20]],[[35796,24861],[-78,-5],[-79,33],[-45,5],[-9,36],[-26,1],[-26,16],[-13,39],[-25,13],[-55,72],[-51,24],[-49,0],[-25,52],[0,45],[-27,40],[11,28],[-2,45]],[[35478,24159],[47,59],[35,14],[32,24],[-11,29],[37,54],[41,36],[7,24],[41,32],[43,5]],[[35963,24333],[-33,8],[-29,-47],[0,-43],[-32,-39],[-29,-6],[0,-19],[48,6],[24,-6],[54,-41],[77,3],[76,42],[64,7]],[[35796,24861],[8,-51],[-5,-38],[1,-63],[17,-76],[-4,-61]],[[36752,23019],[-15,44],[-50,20],[-56,-3],[-83,20],[-33,-10],[-90,5],[-18,6],[7,-78],[-85,1],[-29,-34],[-17,23],[-40,30],[-1,38]],[[36006,25443],[80,-78]],[[36933,25150],[171,131],[178,83],[60,36],[46,38],[50,55],[123,101],[130,46],[47,3],[63,14],[58,27],[37,30],[41,42],[52,86],[13,54],[30,89],[51,57],[12,36]],[[33363,21880],[7,327],[-4,72],[3,59],[10,745],[-13,0],[3,298],[-1,311]],[[34272,22199],[14,-39],[21,-23],[-27,-21],[-86,0],[-66,5],[-59,-10],[-42,12],[-57,40],[-60,-1],[-48,-21],[0,-34],[-36,-40],[1,-69],[13,-23],[38,-28],[27,-80],[36,-44]],[[33789,21824],[-427,0],[1,56]],[[38147,24673],[-2,-94]],[[39499,22274],[-14,-51],[-19,-38],[-11,-108],[-21,-30],[-59,-30]],[[10377,27237],[4,83],[14,419]],[[10395,27739],[10,218]],[[10405,27957],[162,-6],[45,-10],[-26,91],[2,57]],[[11241,27691],[-11,-261]],[[10405,27957],[6,140]],[[9707,27840],[271,-13]],[[9978,27827],[-2,-59]],[[9976,27768],[-4,-86]],[[9990,28113],[-12,-286]],[[11385,27424],[46,90],[18,58],[5,111],[-14,136],[-4,94]],[[10395,27739],[-142,7],[-194,5],[-74,4],[-9,13]],[[40897,25754],[55,-7]],[[40952,25747],[74,-11]],[[41026,25736],[-11,-28],[-25,-21],[9,-20],[-6,-41]],[[40993,25626],[-74,10],[-14,-40],[-29,5]],[[40876,25601],[21,153]],[[40859,25565],[17,36]],[[40993,25626],[16,-2]],[[40997,25390],[-67,-24]],[[41196,25250],[0,1]],[[41196,25251],[-35,35],[-34,17],[15,119]],[[41467,25365],[75,-68]],[[9021,29962],[-6,-137]],[[9015,29825],[-71,5]],[[8944,29830],[6,135]],[[10068,30156],[-22,13]],[[11804,29121],[13,68],[25,39],[4,41],[27,72],[46,61]],[[11919,29402],[5,101]],[[11924,29503],[9,289]],[[12218,29864],[-6,-83]],[[12212,29781],[-3,-107],[92,-3],[38,-7],[-5,-30],[50,-4],[-3,-70],[-69,4],[-9,-214],[70,-4],[8,-35],[199,-7]],[[9247,30309],[70,-3]],[[9317,30306],[-3,-71]],[[9314,30235],[-70,3]],[[39432,21533],[24,-27],[44,-26],[23,-75],[23,-29],[20,-8],[-22,-53],[-1,-45]],[[40430,22020],[30,8],[30,-23],[29,-51],[36,-3],[57,22],[33,4],[59,-9],[34,12],[61,-8]],[[40333,21527],[-19,4],[-18,36],[-51,40],[-8,75],[-22,1],[-45,34],[-24,51],[-30,30],[-27,2]],[[40089,21800],[5,56],[19,28],[42,33],[64,-6],[31,15],[34,4],[90,36],[56,54]],[[40452,23870],[-18,-21],[14,-24],[-15,-47],[-26,-26]],[[40407,23752],[-39,-53],[-112,-67],[5,-60],[-40,-27],[-43,-51],[11,-50],[0,-51]],[[22172,11624],[3,104],[59,55],[19,-28],[54,26],[7,-27],[0,-57],[18,5],[28,-26],[30,-11],[28,-28],[-1,-39],[35,-2],[39,-21],[100,-82],[45,-20],[149,-2],[44,-14],[37,-32],[-2,107],[162,-1],[36,-4],[29,30],[39,-32],[42,9],[55,64],[11,2],[175,-3]],[[23413,11597],[-7,-145],[0,-78],[-5,-213],[-18,-574]],[[22147,10604],[4,292],[5,239],[4,31],[10,447],[2,11]],[[11319,30215],[11,-25],[-2,-40],[-16,0],[-1,-52],[-43,-7],[-95,16],[-38,-30],[-12,73],[-19,22],[2,49]],[[20431,13095],[7,465],[11,466]],[[22124,14709],[-274,-702],[-39,-69],[-20,-50],[-41,-137],[-58,-244]],[[21692,13507],[-22,-47],[-121,-124],[-81,-95],[-28,-26],[-81,-50],[-33,-30],[-110,-147],[-30,-28],[-52,-31],[-55,-12],[-71,2]],[[21008,12919],[-63,-14],[-52,-29],[-200,-143],[-22,-28],[-17,-45],[-24,-23],[-145,-39],[-61,-1]],[[20424,12597],[7,498]],[[23377,14684],[-3,-262],[-4,-171],[-4,0],[-9,-621],[-2,-178]],[[23355,13452],[-7,-62],[-2,-242],[-12,-619],[101,-4],[-5,-241]],[[23430,12284],[-64,1],[-45,16],[-32,-13],[-62,-2],[-15,12],[-60,-28],[-6,-19],[-28,1],[-99,-29],[-27,-39],[-116,-4],[4,179],[-375,3],[-15,36],[-59,2],[1,65],[-8,7],[-160,5]],[[22264,12477],[-34,38],[-8,111],[-17,34],[20,57],[5,235],[-35,22],[2,80],[34,8],[1,37],[16,17],[-2,41],[-13,11],[4,215],[3,116],[-25,-13],[-78,-76],[-45,-30],[-280,7],[-3,35],[-46,-25],[-7,36],[-41,47]],[[21715,13480],[-23,27]],[[21008,12919],[-1,-43],[21,-45],[9,-58],[-12,-26],[-1,-102],[-6,-46],[25,8],[74,4],[-34,-23],[25,-31],[25,2],[34,20],[89,-4],[22,-33],[30,3],[87,-12],[43,2],[64,-18],[59,8],[81,35],[23,-5]],[[21665,12555],[18,2],[58,-20],[36,-44],[110,-2],[25,-75],[2,-35],[103,-8],[52,15],[51,-25],[64,15],[28,26],[117,-2],[-1,19],[-46,30],[-18,26]],[[23430,12284],[-5,-109],[-12,-578]],[[22172,11624],[-62,11],[-71,-11],[-92,-3],[-36,8],[-50,-7],[-66,10],[-3,12],[-57,26],[-43,4],[-55,36],[-89,48],[-36,9],[-45,30],[-10,-11],[-57,26],[-43,34],[-10,22],[-39,21],[-37,-18],[-55,1],[-28,-8]],[[21188,11864],[-43,9],[-23,-9],[-15,15],[-83,-36],[-53,-6],[-45,3],[-63,55],[-52,-9],[-28,8],[-34,28],[-47,77],[8,35],[-46,38],[-40,5],[-65,23],[-28,-36]],[[20531,12064],[3,184]],[[20534,12248],[5,343],[-44,-1],[-71,7]],[[21715,13480],[-5,-98],[0,-106],[-4,-180],[1,-102],[-34,1],[-2,-265],[-6,-175]],[[25631,29669],[9,-14],[-3,-80],[72,-56],[61,-27],[11,20],[-7,38],[25,4],[17,-15],[39,17],[69,-17],[40,-19],[7,-26],[27,-12],[27,3],[28,-44],[50,5]],[[26103,29446],[13,-66]],[[26116,29380],[-118,7],[-58,-13],[-26,-16]],[[25914,29358],[-54,-20],[-25,5]],[[25835,29343],[-81,35],[-88,12],[-192,13]],[[25474,29403],[-5,1]],[[40354,25772],[149,-41],[64,-6]],[[40567,25725],[0,-58],[-56,13],[-105,-84],[-48,-13]],[[40358,25583],[-13,20],[8,39],[1,130]],[[39280,25664],[214,2]],[[39494,25666],[-1,-101]],[[39493,25565],[-56,0],[-48,18],[-39,-1],[0,-53],[-64,1]],[[26574,29544],[67,1]],[[26641,29545],[70,-3],[3,-75],[-3,-171]],[[26711,29296],[-153,6]],[[26558,29302],[-14,36],[26,65],[1,136],[3,5]],[[27253,27299],[-41,-11],[-59,10],[-15,31],[-18,11],[-50,1],[-61,12],[-62,38],[-6,57],[-210,11],[-104,2],[-38,-71],[-288,11]],[[26904,26164],[-66,28],[-125,-20],[-42,2]],[[26365,29622],[-8,-21],[-2,-54],[-139,-2],[-109,-26]],[[26107,29519],[1,32],[16,56],[2,91]],[[26103,29446],[4,73]],[[26412,29574],[-24,-51],[-34,-22],[-38,-37],[-75,-99]],[[26241,29365],[-34,9],[-91,6]],[[26472,29980],[9,37],[38,34],[5,16],[48,-16],[185,-3]],[[26757,30048],[42,-59],[21,-16],[7,-30],[-33,-4],[-29,-16],[-38,9],[-22,-19],[-59,-28],[-17,-43],[-20,-82],[13,-53],[37,4],[-16,-44],[-2,-122]],[[26574,29544],[-63,3],[-55,-42],[-25,-54],[-41,-39],[-21,-42],[-5,-57]],[[25474,29403],[85,-96],[17,-55]],[[25576,29252],[-22,-16],[0,-95],[-4,-99]],[[25549,29013],[-66,-6],[-37,20],[-24,-2],[-25,45],[24,38],[-11,37],[-24,-17],[-7,33],[-41,43],[8,42],[104,-10],[-12,20],[30,26],[-26,35],[12,20],[15,67]],[[26072,31271],[11,-10],[107,-4],[377,-15],[12,-61],[-3,-92],[13,-11],[83,-3],[18,-34],[31,-35],[33,-19],[-10,-276],[43,-2],[-37,-70],[119,-3],[155,-1],[0,35],[18,31],[19,11],[-35,37],[1,30],[70,-3],[6,145],[71,-5],[7,147],[-88,5],[44,67],[-31,32],[-5,55]],[[27273,30108],[-115,11],[-214,1],[-40,-23],[-36,-6],[-10,-44],[-101,1]],[[41304,26084],[18,106]],[[41322,26190],[9,57]],[[41331,26247],[38,-8]],[[41395,26069],[-92,11]],[[41303,26080],[1,4]],[[41037,26300],[17,12],[47,-9]],[[41101,26303],[39,-1],[42,-10]],[[41179,26261],[-13,-14],[-5,-54],[-22,-4],[-2,-80]],[[41137,26109],[-81,15]],[[41137,26109],[43,1]],[[41180,26110],[-1,-78]],[[40973,26035],[3,108]],[[26306,28831],[-129,5],[-20,-4],[-50,-32],[-67,2]],[[26040,28802],[2,61]],[[26042,28863],[-7,43],[-29,46],[24,104],[15,19]],[[25810,28936],[4,-22],[42,-17],[41,-65],[36,23],[41,12],[68,-4]],[[26040,28802],[-70,-26],[-75,11],[-139,15]],[[25756,28802],[-209,25]],[[25547,28827],[-1,39]],[[26040,28802],[-2,-145],[-7,-31]],[[26031,28626],[-86,-15],[-50,-17],[-17,-26],[-68,42],[27,39],[21,46],[-6,24],[-99,4],[3,79]],[[26353,28829],[6,-50],[27,-39],[104,-90]],[[26558,29302],[-194,11]],[[26790,29297],[-79,-1]],[[26354,29161],[28,-4],[28,-32],[56,-15]],[[25385,28517],[38,15],[17,30],[101,-1],[1,151],[5,115]],[[6345,44278],[149,-5],[5,284],[141,1],[1,143],[285,-3],[0,142],[212,-2],[-25,-64],[-11,-78],[111,-2],[1,-145],[142,-1],[16,-3],[420,-6],[1,-143],[141,-2],[-1,-143],[-101,2],[-2,-424],[155,-1],[276,-3],[129,-3],[23,3],[417,2]],[[7094,40834],[-1,97],[4,66],[47,89],[50,45],[26,78],[-35,46],[-35,33],[-36,48],[-18,48],[33,48],[32,30],[-18,32],[-90,38],[38,50],[21,53],[-36,41],[-41,68],[12,30],[23,-40],[52,-25],[2,74],[-46,17],[-32,22],[29,48],[37,1],[-11,79],[17,29],[31,16],[9,30],[37,52],[1,48],[33,-1],[6,180],[5,244],[-286,7],[-4,-132],[-10,-10],[-132,2],[9,222],[11,37],[-10,13]],[[6818,42687],[0,85]],[[6818,42772],[72,3],[2,104],[217,-4],[4,106],[25,0],[-1,59],[14,21],[-3,65],[-176,2],[2,72],[-63,1],[-12,35],[-72,2]],[[6827,43238],[-18,13],[-52,13],[1,47]],[[6758,43311],[3,104],[41,-1],[44,-17],[31,17],[96,-2],[4,288],[-145,1],[1,143],[-324,6],[-250,6],[2,238],[11,11],[62,5],[1,144],[10,24]],[[4333,45290],[240,-4],[295,-6],[332,-4],[368,-8],[295,-4],[65,-2],[190,1],[495,-9],[680,-12],[106,-3],[366,-6],[605,-10],[280,-4]],[[6345,44278],[-514,13],[-195,2],[-5,36],[-106,1],[-4,-35],[-24,0],[-5,-36],[-33,-1],[-1,-321],[72,-1],[-1,-33],[-63,-3],[-39,6],[-82,30],[-102,0],[0,34],[-183,1],[-75,-26],[-35,-6],[-274,5],[-41,-9],[-115,-58]],[[6758,43311],[-73,2],[-5,-179]],[[6680,43134],[-12,-503],[136,-2],[14,58]],[[5538,40858],[-31,37],[-40,20],[-23,-2],[-38,40],[3,54],[10,52],[-41,2],[-6,21],[31,30],[-18,31],[24,23],[-20,13],[-10,31],[11,71],[-6,33],[-58,34],[-6,68],[-23,23],[15,14],[-4,52],[35,45],[4,43],[34,14],[-2,20],[-24,49],[4,47],[-8,38],[8,67],[49,51],[18,47],[-29,40],[-23,13],[3,26],[-42,6],[23,-39],[-51,6],[8,51],[-25,14],[9,28],[39,10],[13,16],[-37,22],[8,32],[-420,-4],[-104,5],[-301,7]],[[6828,43082],[-3,19],[2,137]],[[6818,42772],[2,136],[-13,8],[2,132],[19,0],[0,34]],[[18744,12002],[-2,-59],[49,-3]],[[18791,11940],[19,-11]],[[18808,11870],[-33,1]],[[41180,26110],[14,-3]],[[41194,26107],[110,-23]],[[41303,26080],[-18,-119]],[[15354,9840],[150,-2],[1,46],[66,-30],[3,-11]],[[15567,9410],[-141,3],[1,67],[-70,1]],[[15357,9481],[-4,75],[5,12],[-28,73],[14,36],[-16,22],[-34,2],[1,70],[127,-4],[-68,73]],[[40430,22020],[15,40],[44,68]],[[40145,21150],[36,95]],[[41447,20691],[-33,4],[-102,29],[-30,21],[-24,-15],[-36,10],[-161,-125],[-418,-330],[-77,-59]],[[40655,26571],[-4,-91]],[[40651,26480],[-45,5],[-22,-25],[-82,5]],[[40502,26465],[-12,32],[-44,90],[-1,22]],[[40640,26980],[-11,-51],[-9,-130]],[[40497,26869],[20,61]],[[41908,27423],[0,-133],[-4,-62]],[[41904,27228],[-23,2],[-8,62],[-49,0],[-18,27],[-39,-8]],[[41767,27311],[-17,54],[-57,61]],[[41693,27426],[215,-3]],[[41324,27714],[-2,-25],[-45,-76]],[[18786,26727],[-10,49],[-15,16],[-3,31],[-23,53],[268,-13],[-5,26],[30,30],[3,24],[31,33],[5,99],[-40,4]],[[19319,26739],[-1,-41],[106,-7],[-3,-108]],[[19098,26421],[-115,6],[90,112],[25,24]],[[42050,26197],[-46,16],[-10,-23]],[[41974,26144],[101,-25]],[[41923,25994],[22,83]],[[40636,25408],[-1,-74]],[[40431,25178],[-17,58],[-29,76],[-20,24]],[[40365,25336],[25,30]],[[8883,34929],[1,-372],[2,-359]],[[8886,34198],[2,-385]],[[8888,33813],[-3,-331],[1,-126]],[[8886,33356],[-99,-19],[-250,-2],[-53,11],[-88,-18],[-160,-127],[-22,-9],[-223,-1],[-62,-10],[-40,9],[-194,-1],[-29,-4]],[[7666,33185],[-33,38],[-19,34],[-42,117],[-22,28],[-69,55],[-22,43]],[[8717,31862],[33,-24]],[[8750,31838],[53,-100],[-3,-70],[27,-61],[-16,-24],[8,-20]],[[8375,32130],[0,-143],[72,-1],[26,6]],[[8442,31919],[4,18],[-71,-9],[-70,5]],[[8305,31933],[-6,126],[-30,3],[0,69]],[[8256,31829],[15,20],[33,-1],[1,85]],[[8288,31787],[-32,42]],[[7884,31856],[47,-57],[23,-13],[54,-5],[72,-17],[151,10],[50,-1]],[[7666,33185],[-37,3],[-39,-28],[-55,3],[0,18],[-34,28],[-95,11],[-5,-8]],[[7742,33042],[15,24],[52,13]],[[7809,33079],[27,-18],[77,-31],[238,-162],[25,-27]],[[8658,32126],[227,-1]],[[8885,32125],[0,-286]],[[8885,31839],[-135,-1]],[[8886,33356],[1,-164]],[[8887,33192],[-1,-284],[2,-180]],[[7809,33079],[-48,31],[-56,30],[-39,45]],[[8023,32132],[-1,-139],[70,-4],[1,-36],[45,-16],[52,-11],[52,-36],[14,-61]],[[8885,31839],[-1,-213]],[[8884,31626],[-1,-85]],[[8887,32227],[-2,-102]],[[15741,25347],[-2,-138],[-41,-5],[-2,-73],[-27,1],[-9,-27],[-26,-16],[-10,-47],[-8,-328],[-2,-28],[-70,-20],[-1,-105],[-105,2],[-5,-216],[10,-2],[-13,-491]],[[15430,23854],[-140,5]],[[15290,23859],[-315,12],[-5,-216],[34,-1],[-4,-166],[-132,-5],[-5,-4]],[[14863,23479],[-51,48],[-36,20],[-117,5],[-36,-5],[-101,-74],[-5,30],[-43,-30],[-18,21],[25,24],[-48,34],[-24,-6],[-42,34],[-38,4],[13,32],[-38,43],[-8,-21],[-73,-3],[-4,-29],[-320,8],[-5,-142],[-417,12],[4,142],[-137,6],[2,72],[-132,5],[-8,-73],[-286,10]],[[12920,23646],[6,212],[11,368]],[[15290,23859],[-10,-63],[-16,-20],[-73,-71],[-22,-40],[-6,-49],[-14,-20],[-8,-262],[-6,-28],[-5,-145],[3,-158]],[[15133,23003],[-77,29],[-64,30],[-24,4],[-23,20],[46,77],[-17,52],[-20,9],[-32,41],[17,103],[56,-1],[15,13],[-16,62],[-92,11],[-39,26]],[[15133,23003],[98,-32],[109,4]],[[15340,22975],[63,-6],[-1,-44],[16,-22],[-14,-23],[44,-26],[8,24],[46,5],[9,-64],[12,-32],[35,-25],[3,-23],[-39,9],[-27,-48],[9,-29],[38,-30],[26,-33],[9,-63],[-3,-63],[6,-57],[12,-23],[-24,-33],[17,-29],[27,18],[8,43],[30,24],[50,9],[18,-17],[-1,-51],[8,-48],[-17,-90],[15,-13],[59,13],[-9,72],[16,17],[84,31],[22,12],[43,2],[94,-16],[117,-47],[28,15],[21,52],[6,83],[35,14],[0,-62],[44,-46],[50,-24],[34,25],[0,58],[8,28],[25,-7],[9,-29],[-1,-60],[12,-54],[30,-35],[32,-59],[45,33],[14,41],[-8,63],[-25,60],[-19,29],[-24,14],[-35,35],[-1,19],[46,6],[46,-20],[40,-52],[57,-9],[21,-27],[-17,-64],[-25,-48],[6,-35],[22,4],[19,31],[35,33],[-17,73],[-2,40],[12,27],[38,25],[25,-8],[20,-29],[35,-22],[34,3],[31,14],[51,-25],[34,13],[11,32],[9,63],[16,39],[22,17],[27,-6],[38,-66]],[[17063,22501],[-7,-259],[-14,-387]],[[17042,21855],[-122,-3],[-46,39],[-86,87],[-45,12],[-50,-19],[-9,-35],[56,-93],[27,-17],[19,-32]],[[16786,21794],[-140,0],[-305,15],[-142,4],[-190,7],[-421,15],[-549,16],[-291,14],[-13,-1],[-654,25],[-671,22],[-353,11]],[[13057,21922],[-192,5]],[[12865,21927],[11,415],[25,734],[19,570]],[[17121,24765],[-31,1],[-34,78],[-2,31],[-84,4],[-24,66],[-1,27],[-45,25],[-20,28],[-135,5],[4,143],[34,-1],[0,37],[-30,27],[0,80]],[[17089,23177],[-26,-676]],[[15340,22975],[-7,117],[31,23],[9,35],[-20,127],[43,47],[21,92],[2,39],[19,43],[-31,22],[32,37],[23,8],[7,91],[-25,36],[-17,71],[3,91]],[[9829,30054],[19,-23],[72,31],[216,-12]],[[9792,29967],[2,21],[35,66]],[[9051,30850],[101,58]],[[9152,30908],[8,-20],[1,-64]],[[9161,30824],[-1,-36]],[[9115,30741],[-49,2]],[[9066,30743],[-15,107]],[[41520,26434],[30,50]],[[41600,26449],[29,-20]],[[41629,26429],[24,-17]],[[41653,26412],[-28,-52]],[[41625,26360],[-53,38]],[[40114,27555],[19,69],[41,68]],[[40174,27692],[244,-190],[68,-27],[115,-9],[36,-12],[27,-22]],[[40064,27361],[34,115],[16,79]],[[40957,26925],[41,-6]],[[40998,26919],[79,-9],[4,33],[70,-6],[49,-15]],[[41200,26922],[-6,-75],[-12,-33],[-40,-39]],[[40957,26907],[-2,2]],[[40955,26909],[2,16]],[[41577,26669],[19,-10],[36,-40]],[[41596,26560],[-55,0],[-52,-33],[-10,7]],[[41479,26534],[16,67],[-26,71],[31,68]],[[41625,26360],[31,-21],[48,-7]],[[41436,26563],[43,-29]],[[41457,26351],[5,22],[-35,5],[2,51]],[[41774,26426],[-39,-66]],[[41735,26360],[-82,52]],[[41629,26429],[19,36],[20,-12]],[[41735,26360],[61,-28]],[[41827,26793],[29,-44]],[[41856,26749],[-111,-79]],[[41856,26749],[35,-52]],[[41891,26697],[-93,-66],[-11,-3]],[[41891,26697],[18,-29]],[[41321,25586],[24,22],[17,-36],[48,-8]],[[41604,25549],[-28,-31],[-14,-36],[5,-28]],[[41557,25442],[-51,36],[-141,18]],[[25576,29252],[30,2],[157,-19]],[[39757,9202],[12,-29],[-8,-34],[13,-45],[34,-24],[8,-20],[46,-14],[-28,-51],[-15,-49],[-57,-32],[-25,-8],[-68,-48],[31,-43],[26,20],[24,-2],[10,-34],[40,-13],[7,-37],[60,-3],[49,13],[-52,-191],[13,-47],[77,29],[20,-11],[61,-3],[21,-18],[37,1],[-1,-45],[37,-98],[13,-52],[12,-18],[64,-27],[18,-47],[8,-134],[10,-26],[-56,0],[-2,-42],[23,-15],[141,-110]],[[40360,7895],[-48,-56]],[[40312,7839],[-9,-28],[47,-30],[54,-89],[32,-27],[27,-44]],[[38699,8061],[10,707],[-140,1],[9,429]],[[36752,23019],[-31,-46],[-7,-38],[58,-23],[84,-55],[5,-51],[-78,-63],[-7,-36],[-1,-63],[-23,-28],[-102,-16],[-47,-75],[-57,31],[-22,48],[14,34],[16,65],[9,66],[-18,12],[-1,49],[-27,54],[-50,-22],[-49,-1],[-15,-35],[-8,-66],[13,-19],[42,-31],[17,-48],[-29,-27],[-56,-17],[-38,16],[-37,-4],[-51,7],[-93,-82],[-17,-41],[-23,-27],[-1,-58],[-15,-40],[-55,-41],[-49,2],[-28,14],[-5,35],[-30,101],[7,27],[-34,36],[-4,34],[-22,33],[-8,29],[-41,23],[-19,44],[-4,36],[26,24],[-44,56],[-55,38],[-49,1]],[[41671,15459],[-53,-4],[-182,2],[-2,-68],[-8,-31],[-36,-24]],[[41312,25612],[-17,48]],[[25983,29306],[-33,22],[-19,28],[-17,2]],[[40677,7645],[5,88],[2,166]],[[40684,7899],[0,11],[162,-6],[9,-33],[4,-92],[-10,-48]],[[40669,7574],[8,71]],[[36011,10870],[-139,-19],[-232,0],[10,-52],[-54,5],[-137,-23],[-144,0],[-1,-26],[-546,16],[-267,6],[-5,-282]],[[34496,10495],[-43,24],[-16,36],[-44,22],[-86,-17],[-23,-47],[-29,-26],[-66,5],[-67,-35],[-12,-15],[-79,-5],[-6,19],[-27,12],[0,36],[-28,-1],[-5,27],[-26,45],[-33,-6],[-30,6],[-70,-1],[-48,-34],[-64,-19],[1,-49],[-10,-36],[-76,119],[-69,43],[-5,59],[-31,26],[-3,30],[-30,11],[-55,8],[-24,-14],[-62,2],[-60,-49],[-27,30],[-14,-2],[-15,41],[-22,9],[-11,42],[-22,11],[-44,93],[-15,3],[-8,36],[-23,27],[-31,-34],[-89,-26],[-35,35],[-11,24],[-193,-1],[-36,-32],[-26,16],[-55,16],[-7,46],[-17,2],[1,98],[-35,56],[6,52],[-35,18],[-25,-11],[-11,-47],[17,-52],[-3,-25],[-33,-20],[-28,19],[-39,45],[-32,0],[-24,-21],[-6,-50],[54,-48],[-21,-37],[-107,-7],[-60,41],[-12,-7],[3,-52],[20,-72],[14,-29],[50,-3],[14,-19],[-47,-32],[-26,-28],[0,-17],[-35,-34],[-4,-72],[-62,-3],[-46,32],[-31,-21],[7,-53],[-31,-21],[-34,32],[-15,-18],[6,-50],[-12,-17],[-61,-5],[-22,-27],[-11,-51],[-68,-16],[-10,-45],[-32,16],[-26,0],[-29,-18],[-27,-35],[-41,18],[-33,-6],[-33,-20],[-41,17],[-45,-11],[0,55],[-14,3],[-34,-23],[-24,-4],[-40,15],[-2,49],[-39,21],[-13,-10],[21,-32],[-7,-18],[-37,-7],[-35,-25],[-29,16],[-8,58],[-24,13]],[[31183,10462],[4,163],[3,488],[8,470],[0,130],[14,666],[30,0],[-3,143],[5,288],[2,338],[-2,65],[6,889]],[[31176,9536],[2,292],[4,398],[0,182]],[[31182,10408],[1,54]],[[34496,10495],[-4,-147],[-5,-333],[-9,-283],[-12,-535],[-8,-420]],[[31163,8825],[2,11],[7,527],[4,173]],[[9407,10543],[133,-3]],[[9689,10510],[-12,-44]],[[9414,10867],[14,-9],[123,-4]],[[9545,10689],[-17,-5],[-116,4]],[[39303,27417],[-28,-127]],[[39275,27290],[-84,1]],[[39191,27291],[0,74],[-5,24]],[[39186,27389],[-16,15],[15,45],[-17,29]],[[40952,25747],[14,104],[-1,24]],[[40965,25875],[7,50]],[[41183,25802],[-58,13],[-29,-19],[-33,-65]],[[41063,25731],[-37,5]],[[41753,27070],[49,21],[14,-27],[20,10]],[[41836,27074],[58,-119]],[[41894,26955],[-85,-44]],[[41809,26911],[-17,-28]],[[38972,26631],[57,-19],[54,-41],[70,-29],[51,-15],[46,1],[79,14],[57,23],[27,1]],[[39413,26566],[87,-23],[46,8],[37,17],[50,39]],[[39633,26607],[125,-4],[-7,-50],[34,-28]],[[39785,26525],[-76,-33],[-27,-26],[-13,-41]],[[39669,26425],[-12,-16]],[[39657,26409],[-48,-50],[-91,-62],[-31,-35]],[[39487,26262],[-33,20],[-75,96]],[[39379,26378],[-24,25],[-39,18],[-351,36],[-188,23],[-41,21],[-19,32],[-18,64]],[[40026,25002],[55,-13],[51,9]],[[39985,24760],[0,130],[25,31],[-1,43],[17,38]],[[39976,25242],[57,80],[59,36],[84,66]],[[40279,25392],[34,4],[23,21],[49,-4]],[[40365,25336],[-12,2],[-70,-43],[-64,-21],[-54,-29],[-32,-26]],[[40133,25219],[-25,-14],[-44,-4],[-93,6]],[[40133,25219],[-4,-159],[3,-62]],[[40026,25002],[-22,18],[-43,74],[10,113]],[[40897,25754],[-36,7],[-25,21]],[[40836,25782],[10,90],[54,-4],[2,17],[63,-10]],[[40200,25499],[8,18],[52,1],[18,23],[47,14]],[[41292,26194],[30,-4]],[[41194,26107],[0,55],[84,0],[14,32]],[[39320,26005],[2,166],[-14,28],[-40,42],[-21,37],[67,51],[13,49],[52,0]],[[39621,26140],[59,-100],[48,-42],[25,-44]],[[41294,27603],[38,65],[192,-1]],[[40873,27135],[34,-16],[53,-8],[13,-5]],[[40973,27106],[-14,3],[-9,-78],[2,-53],[10,-9],[-5,-44]],[[40955,26909],[-71,48]],[[39669,26425],[28,-7],[35,-28],[64,-13],[43,-28],[55,-15]],[[39894,26334],[-16,-32],[-9,-49],[-33,-54],[-11,-35]],[[39825,26164],[-99,29]],[[39726,26193],[33,11],[-20,29],[23,26],[-39,60],[-28,12],[-26,42],[-12,36]],[[41172,25648],[27,25],[9,72],[-6,23]],[[41168,25620],[4,28]],[[41151,25622],[21,26]],[[41142,25422],[-56,-14]],[[41219,26253],[2,-50],[71,-9]],[[41325,26359],[13,-60],[-7,-52]],[[41199,26400],[2,-25]],[[41101,26303],[-34,41],[-18,67]],[[40973,27106],[43,-28]],[[41016,27078],[-18,-159]],[[41362,26363],[50,-6]],[[41596,25261],[55,-32]],[[41657,25189],[-42,-49],[-19,13],[-54,-74],[11,-65]],[[41931,28131],[79,-46],[104,-78],[79,-64],[31,-21],[69,-29],[49,-5],[51,19],[55,44],[65,44],[41,14],[88,-6],[63,-27],[67,-66],[19,-34],[12,-55],[21,-51]],[[42824,27770],[-13,-39],[-26,-35],[-101,-98],[-83,-62],[-118,-72],[-30,-25]],[[41964,27912],[-8,45],[-24,45],[-16,71],[15,58]],[[41016,27078],[38,-26],[56,1],[86,-27]],[[41196,27026],[7,-55],[-3,-49]],[[41022,26310],[-41,98]],[[40278,26869],[1,0]],[[40251,26757],[-55,-55],[2,-48]],[[40198,26654],[-65,-35]],[[40905,24879],[103,111]],[[41008,24990],[66,-18],[36,-23],[12,-54],[46,-29]],[[41168,24866],[80,-59]],[[41248,24807],[-33,-32]],[[41215,24775],[-59,8],[-80,36],[-171,60]],[[40780,26931],[-16,-142]],[[40276,26700],[-5,-38]],[[40271,26662],[-22,4],[-51,-12]],[[40773,27251],[-37,-47],[-14,-47]],[[41314,26932],[-30,10],[-39,38]],[[41245,26980],[1,29],[27,21],[34,12],[-1,120]],[[39894,26334],[25,60],[17,133]],[[39936,26527],[88,23]],[[40104,26540],[61,-30]],[[40069,26288],[-95,3],[-47,35],[-33,8]],[[41249,26701],[2,81],[6,29],[39,20]],[[40075,26119],[-97,2],[-46,10],[-107,33]],[[41179,24743],[36,32]],[[39825,26164],[20,-29],[-36,-151],[3,-12]],[[40889,24843],[16,36]],[[36192,29320],[40,11],[43,-2],[51,-21],[90,-22],[52,1],[48,32]],[[36649,29204],[35,-39],[19,-66],[9,-115],[-2,-44],[19,-212],[12,-44],[8,-72],[9,-29]],[[36758,28583],[-43,6],[-62,-27],[-33,22],[-22,-16],[-41,54],[-28,18],[-63,-5],[-7,-221]],[[36459,28414],[-384,11]],[[36075,28425],[-38,83],[4,39],[18,18],[5,57],[-25,62],[0,36],[25,80],[-8,45],[22,38],[4,34],[35,52],[5,40],[18,18],[47,112],[-12,41],[12,72],[5,68]],[[37350,30661],[-3,-331],[1,-79],[-5,-401],[171,-2]],[[37514,29848],[-2,-18],[-50,-2],[-5,-218]],[[36494,30240],[2,194],[4,220]],[[34153,30056],[4,326],[5,148],[13,542]],[[34741,31064],[181,-4],[-4,-126],[144,-1],[285,-8],[128,-1],[12,-47],[30,-18],[78,13],[-4,-152],[37,-10],[285,-17],[22,-17],[36,13],[9,-14],[56,18],[30,-9],[138,-12],[200,-9],[25,72],[71,-2]],[[36099,29642],[-92,2],[-348,-11]],[[35659,29633],[-200,-5],[-91,-5],[-128,0],[-64,4],[-113,-11],[-85,-18],[-49,11],[-210,0]],[[34719,29609],[-461,10],[-114,-1]],[[34144,29618],[9,357],[0,81]],[[36192,29320],[3,116],[-68,7],[-1,20]],[[35659,29633],[-6,-89],[13,-27],[-1,-47],[-20,-50],[-42,2],[-3,-108],[-35,-1],[-2,-218],[-109,-2],[-3,-208],[37,-11],[0,-57],[-30,-25],[-23,18],[-80,-9],[-22,4],[-25,-15]],[[35308,28790],[3,227],[-137,2],[-203,-3],[-259,3],[2,294],[5,296]],[[36075,28425],[-119,1],[-352,7],[-84,-2]],[[35520,28431],[-59,-2],[-158,3]],[[35303,28432],[2,245],[3,113]],[[37459,29091],[95,-9],[2,-27],[-12,-64],[31,-21],[32,-42],[13,-54],[29,-46]],[[36761,28582],[-3,1]],[[20741,37537],[188,-17],[21,2],[-2,-158]],[[20948,37364],[-215,13],[0,-38],[-29,-47],[26,-52],[-136,3],[-195,15],[-12,9],[1,66],[-132,52],[4,93],[144,9],[29,-4],[53,19],[8,52],[247,-17]],[[12607,30018],[-2,-146],[-3,-34]],[[12601,29793],[-72,-47],[-23,-2],[-108,8],[-87,-17],[-46,8],[-53,38]],[[9762,29499],[155,-9]],[[9740,29355],[-83,3]],[[9657,29358],[26,29],[7,29],[72,83]],[[11717,29625],[-2,-63],[35,-10],[66,-3],[3,-35],[105,-11]],[[11919,29402],[-182,8],[-170,4],[-3,-71],[-207,8]],[[9552,30273],[-20,24],[-35,73]],[[9497,30370],[32,-2],[2,72]],[[9531,30440],[3,71]],[[9534,30511],[120,-2],[68,-7]],[[9722,30502],[-1,-36],[19,-63],[0,-88],[-18,-40]],[[9722,30275],[-62,-76]],[[9660,30199],[-9,-31],[-10,-265]],[[9641,29903],[-51,69],[-60,56],[-21,5],[-58,-3]],[[43122,3964],[-4,24],[-24,19],[-90,25],[-38,2],[-17,-19],[-27,34],[-21,-15],[-58,18],[-28,42],[-71,12],[11,39],[-33,-2],[-36,-16],[8,42],[-19,38],[-21,3],[-32,36],[14,59],[38,8],[26,65],[-17,38],[4,20],[-10,61],[22,33],[-42,29],[-15,35],[6,58],[-27,-1],[-2,-34],[-27,6],[-18,19],[-23,-17],[-14,27],[18,39],[62,-13],[18,13],[-4,47],[-42,11],[-79,34],[15,45],[5,62],[-3,35],[29,-8],[-10,35],[16,11],[-518,-1]],[[42307,16],[-671,-9],[-338,-2],[-178,-3],[-266,-2],[77,141],[56,71],[32,30],[36,70],[-16,14],[40,62],[-8,42],[8,23],[37,19],[18,35],[31,1],[-9,43],[12,33],[24,25],[-22,35],[20,61],[38,12],[76,68],[-1,45],[-12,13],[9,28],[-12,31],[8,25],[23,11],[32,38],[52,7],[41,27],[15,47],[-1,46],[32,24],[-7,33],[15,14],[57,10],[64,20],[28,-8],[9,17],[41,15],[46,73],[55,-1],[36,35]],[[20184,39938],[0,-189],[-28,-22],[-8,-27],[1,-348],[-34,-35],[-6,-61],[3,-249],[-178,-7],[1,-144],[-71,-2],[-15,-62],[50,-1],[2,-43],[3,-324],[334,11],[18,-21],[-7,-122],[187,3],[-1,-21],[121,-3],[68,-6],[-9,-216]],[[20615,38049],[-2,-72],[-69,6],[-138,3],[-30,13],[-244,-10],[-73,-1],[-4,-114],[-62,1],[-68,35],[-47,-1],[-17,40],[2,67],[-25,9],[4,105],[-71,-5],[-5,10],[-164,-9],[22,-49],[-1,-104],[-140,-10],[-73,-1],[4,102],[-58,-84],[-56,27],[-30,-14],[5,-59],[-15,-2],[1,-43],[-39,-16],[4,-112],[31,-35],[3,-197],[-16,-66],[8,-52],[24,-23],[13,-42],[32,-11],[-10,-32],[26,-30],[-33,-6],[-13,-47],[36,11],[26,-27],[13,-33],[-7,-50],[16,-39],[-5,-23],[-41,17],[-11,-12],[9,-57],[-23,8],[-1,-54],[-10,-17],[-30,-7],[-18,-26],[-39,-3],[7,-49],[-22,-21],[3,-28],[-21,-24],[-25,2],[-27,-66],[-42,-30],[-19,-31],[-32,-16],[-44,-2]],[[22159,39941],[-6,-368],[-8,-229],[-6,-304],[-10,-264],[-14,-438],[-6,-337],[-14,-462],[-5,-344]],[[22090,37195],[-102,-1],[-506,19],[-264,0],[-272,12]],[[20946,37225],[2,139]],[[20741,37537],[6,207],[36,5],[5,89],[-18,15],[-7,40],[-33,5],[-13,38],[-32,35],[3,73],[-73,5]],[[20946,37225],[-73,2],[-1,-72],[-35,-5],[-3,-207],[-36,-6],[-3,-115],[-38,-23],[1,-16],[-36,-94],[-2,-31]],[[22090,37195],[-3,-290],[-7,-297]],[[40908,23104],[-5,-27],[1,-78],[-10,-67],[9,-99],[-8,-57],[1,-165],[19,-158],[11,-60]],[[40797,22411],[38,28],[4,47],[-16,23],[-33,6],[-29,76],[-7,43],[-37,51],[-18,-29],[-36,-11]],[[9446,28359],[4,70]],[[9450,28429],[120,-8],[29,13],[38,-16],[85,-4]],[[9715,28265],[-15,6],[-123,6],[-117,10],[-23,-1]],[[9437,28286],[9,73]],[[9329,29808],[36,-5]],[[9365,29803],[94,25]],[[9459,29828],[71,13],[4,-68],[69,-131],[29,3]],[[9632,29645],[2,-86],[-25,-43],[-57,29],[-24,28],[-32,21],[-38,1],[-19,-21]],[[9356,29580],[49,26],[16,18],[3,34],[-28,2]],[[9396,29660],[2,72],[-71,4],[2,72]],[[9464,28681],[136,-9],[2,36],[117,-10],[15,23]],[[9727,28559],[-144,6],[-126,10]],[[9322,30449],[3,74]],[[9394,30517],[-3,-71]],[[9391,30446],[-2,-71]],[[9389,30375],[-70,2]],[[10397,31636],[47,-6],[40,-28],[38,-62],[35,-136],[12,-30],[69,-66],[26,-5],[34,14],[56,57],[60,34],[65,68],[18,26]],[[10897,31502],[32,-50],[48,-4],[-3,-60],[30,-25],[-3,-59],[-30,2],[-2,-64],[-18,-8],[-2,-54],[-19,-26],[12,-14],[50,13],[17,-62],[24,-50]],[[11033,31041],[-75,-24],[-82,3],[-63,-5],[-80,-63]],[[10733,30952],[-69,2],[-156,11],[-220,13]],[[10288,30978],[-57,3]],[[10231,30981],[-11,43],[20,44],[-10,23],[-53,-37]],[[10891,29152],[-189,6]],[[10702,29158],[-3,0]],[[9426,28145],[11,141]],[[40781,23904],[26,36],[70,5],[0,40],[-32,76],[26,40],[27,-15],[47,-8],[50,40]],[[40839,23528],[-40,17],[-18,-10],[-46,8]],[[40735,23543],[-42,-4],[-51,26],[-36,47],[-44,40],[-71,35],[-48,30],[-36,35]],[[38918,24609],[33,-45],[7,-31],[19,-27],[64,-38],[27,-4],[25,18],[60,65],[40,113],[25,38],[22,67]],[[39240,24765],[230,-1]],[[39470,24764],[3,-92],[-17,-120],[-19,-49],[4,-29],[-11,-26],[59,-33],[25,-2],[23,-38],[40,-4],[30,23],[46,-27],[5,51],[21,57],[46,47],[36,23]],[[39470,24764],[382,-2]],[[40089,21800],[-25,-26],[-44,-8],[-54,-26],[-33,19],[-43,-17],[-22,-70],[8,-44],[-25,-13],[-72,6],[-28,38],[1,19],[36,32],[8,192],[-31,-13],[-44,14],[-39,-8],[-10,37],[-15,11],[-67,14],[-19,39],[-70,-13],[-19,-64],[-6,-67],[-20,-55],[0,-41],[11,-13],[9,-104],[-13,-3]],[[40735,23543],[-157,-105],[-44,-107]],[[40355,24759],[292,-4]],[[40567,24566],[-2,19],[-27,66],[2,21],[-42,9],[-21,20],[-48,21],[-43,-35],[-14,-32],[13,-27],[-36,-17]],[[16387,10099],[8,796]],[[16395,10895],[64,0],[457,-6],[176,-3]],[[17092,10886],[202,-6]],[[17294,10880],[-4,-141],[3,-110],[-70,0],[-12,-689],[-10,-5],[-2,-69]],[[16386,9883],[1,216]],[[39840,27484],[49,-40],[38,-19]],[[39927,27425],[-35,-89],[-28,-23],[-4,-33]],[[38147,27373],[8,7]],[[38325,27310],[-10,-17],[-1,-43],[-23,-28],[-59,-32],[-43,-8]],[[38189,27182],[-13,-2],[-30,62],[1,131]],[[38190,27080],[-1,102]],[[38417,27518],[65,-2],[64,35],[49,0]],[[38595,27551],[-1,-37],[-12,-18],[-1,-36],[15,-34]],[[38787,27860],[15,-57],[-9,-49],[-11,-25]],[[38579,27743],[-164,-7]],[[37075,27953],[13,6],[121,3],[22,-4],[28,-28],[29,12]],[[37288,27942],[37,-53],[24,-63],[39,-49]],[[37388,27777],[-143,-8]],[[37245,27769],[-47,8],[-28,25],[-30,10],[-47,0]],[[37093,27812],[-2,30],[-19,51],[3,60]],[[39999,28191],[157,-148]],[[40156,28043],[-136,-108],[-35,-7]],[[39985,27928],[-147,137],[161,126]],[[11594,33034],[87,-1],[57,7],[3,87],[33,23],[57,-3]],[[11828,32601],[-70,2],[-4,36],[-67,1],[2,-36],[-212,1],[0,67],[35,9],[1,134],[-36,12],[0,64],[-35,16]],[[9143,31910],[140,-5]],[[9283,31905],[0,-142]],[[9283,31763],[-28,1],[-77,25]],[[9178,31789],[-30,1],[-5,120]],[[9574,32543],[280,-3],[6,2]],[[9860,32542],[21,-35],[54,-130],[12,-14]],[[8888,32728],[198,39],[134,1]],[[9219,32554],[-62,-8],[-122,6],[-145,-2]],[[9575,32687],[99,-2],[38,-22]],[[9712,32663],[133,-105]],[[9845,32558],[15,-16]],[[39034,26920],[5,10],[100,-2]],[[39139,26928],[188,-7]],[[39327,26921],[-3,-23],[20,-53],[-30,-16],[45,-154],[21,2],[33,-111]],[[41308,27918],[24,34],[53,-11]],[[41385,27941],[7,-16]],[[41188,27714],[42,97]],[[26931,44366],[56,2],[42,15],[23,-32],[26,-11],[33,-41],[99,0],[35,23],[10,-15],[44,-21],[21,-40],[19,-14],[29,-48],[36,-82],[43,-1],[-17,-27],[-16,-86],[16,-40],[22,-16],[39,2],[23,-11],[40,-40],[14,-4],[26,-44],[40,-29],[24,-63],[-51,14],[-2,-16],[23,-29],[4,-38],[-26,2],[-19,23],[-57,43],[-25,5],[-62,53],[-44,1],[-5,40],[-53,56],[-12,38],[-26,21],[14,20],[-17,22],[-47,-17],[-58,31],[-83,2],[0,71],[-21,59],[-26,8],[7,25],[-23,38],[-27,-4],[-13,16],[-34,5],[14,37],[-59,26],[1,71]],[[25919,45475],[394,12],[734,15],[167,5],[413,10],[95,4],[122,-1],[202,9],[477,17],[62,0],[206,7],[180,3],[35,4]],[[42050,27081],[-48,8],[-44,-8],[-5,42],[-59,6]],[[41894,27129],[10,99]],[[41196,25251],[-39,-6],[-106,-45]],[[41813,27123],[33,-16],[31,30],[17,-8]],[[41989,27003],[-95,-48]],[[41836,27074],[-23,49]],[[17240,28983],[7,142]],[[17247,29125],[758,-35]],[[18996,10329],[-4,-194],[-51,-54],[-6,-38],[-33,-44],[-2,-35],[-20,-10],[-42,0],[-19,-33],[-7,-42]],[[18812,9879],[14,-25],[-3,-22],[-49,-43]],[[18774,9789],[-34,54],[-11,41],[7,227],[-1,47],[-21,198]],[[17922,10870],[133,-2]],[[18055,10868],[142,-3]],[[18197,10865],[345,-5]],[[18532,10356],[-6,-172],[-76,-93],[-25,-90],[-17,-37],[-4,-39],[17,-30],[-8,-44]],[[18213,9854],[-16,69],[6,54],[49,20],[54,36],[18,33],[2,43],[-57,48],[-20,24],[-35,67],[-36,-3],[-62,41],[18,22],[-5,36],[-46,11],[-61,38],[15,35],[-21,40],[-23,2],[-57,38],[-6,54],[39,31],[11,79],[-4,40],[-38,50],[13,20],[-1,39],[-28,49]],[[19446,9967],[124,-8],[111,-3]],[[19120,9363],[-1,36],[-204,5],[7,312],[13,5],[-2,38],[-11,40],[1,44],[-32,10],[-33,27]],[[18858,9880],[24,23],[35,-9],[18,13],[54,-3],[6,36],[15,7],[59,-8],[69,-2],[45,-21],[27,10],[28,48],[183,-8],[25,1]],[[19443,10162],[-3,-132],[6,-63]],[[18858,9880],[-46,-1]],[[18774,9789],[-46,-47],[-75,-31],[-39,10],[-24,-35],[-84,-10],[-27,16],[-32,-16]],[[17294,10880],[68,-1]],[[17362,10879],[138,-2]],[[17500,10877],[422,-7]],[[11033,31041],[178,-5],[68,6],[122,-3],[81,32],[194,-5],[124,-6]],[[10710,29014],[3,102],[-11,42]],[[9744,30608],[6,67],[73,-3],[6,20],[-39,65],[2,34],[54,0]],[[9875,30494],[-58,3],[-65,-6],[-30,11]],[[9722,30502],[18,38],[4,68]],[[10068,30156],[-159,10],[-66,36]],[[9843,30202],[-121,73]],[[9098,30645],[8,8]],[[9255,30526],[0,-3]],[[9185,30526],[-70,4]],[[9115,30530],[-17,115]],[[9180,30384],[-70,3]],[[9110,30387],[5,143]],[[9641,29903],[115,-147],[21,-54]],[[9777,29702],[-1,-60]],[[9776,29642],[-64,3],[-41,-10],[-39,10]],[[9459,29828],[21,12],[1,61],[-17,15],[4,79],[-17,35]],[[9391,30446],[140,-6]],[[9497,30370],[-108,5]],[[8934,30396],[70,-4]],[[9004,30392],[-4,-89]],[[8927,30252],[7,144]],[[9004,30392],[40,-2]],[[9044,30390],[66,-3]],[[9110,30387],[-3,-72]],[[9776,29642],[6,-72],[-2,-46],[-18,-25]],[[9657,29358],[-5,0]],[[9652,29358],[-28,3],[-243,12],[-47,19],[-24,-10]],[[9244,30238],[-3,-71]],[[9101,30173],[3,71]],[[9652,29358],[15,-43],[-7,-35],[-40,-12],[-21,-19],[-9,-30]],[[39153,27091],[30,-14],[27,1],[16,-17],[44,-15],[22,-45],[57,-6]],[[39349,26995],[3,-40],[-25,-34]],[[39139,26928],[6,82],[-2,59],[10,22]],[[18416,11293],[1,41]],[[18417,11334],[170,-2]],[[18587,11332],[-1,-40],[-31,0],[-4,-144]],[[18551,11148],[-35,0]],[[18516,11148],[-104,1]],[[18412,11149],[4,144]],[[10376,28958],[124,-7]],[[10373,28958],[3,0]],[[39945,27563],[37,24]],[[40001,27599],[113,-44]],[[40063,27358],[-91,44]],[[39972,27402],[35,70],[22,55],[-84,36]],[[39525,27802],[98,26]],[[39623,27828],[38,-54],[1,-30]],[[39437,27650],[9,22],[42,27],[8,23],[34,46],[-5,34]],[[39893,27541],[52,22]],[[39972,27402],[-45,23]],[[39821,27622],[19,31],[75,42]],[[38630,27594],[-88,30],[-115,13]],[[38133,27503],[-34,1],[-8,51],[-25,1],[-9,31],[2,65],[-62,2],[7,94]],[[39234,27696],[13,14],[4,36],[108,14],[166,42]],[[39468,27380],[-34,13],[-26,29]],[[22190,24399],[192,-5],[-1,-67],[-36,-8],[-2,-29],[-34,-42],[-1,-40],[62,-1],[149,32],[24,-3],[0,-41],[-25,-13],[-8,-64],[-20,-31],[26,-57],[-18,-34],[-39,39],[-184,4],[-9,-21],[39,-61],[-74,8],[-3,-42],[14,-28],[30,-22],[27,-47],[27,-23],[-6,-42],[-60,38],[-89,0],[-20,8],[-26,33]],[[22125,23840],[-36,33],[-36,-12],[-53,8],[0,36],[31,43],[44,4],[3,60],[-133,6],[35,17],[37,35],[5,263],[182,-6],[-1,30],[-13,42]],[[23777,23247],[-244,2],[-62,3],[-118,-1]],[[22115,23332],[2,98],[9,317],[-1,93]],[[22190,24399],[-22,100],[-21,34],[-27,98],[-27,30],[22,59],[-10,98],[3,87],[-211,7],[-39,36],[-10,31],[-214,8],[13,55],[29,26],[4,25],[23,22],[-9,17],[-260,9],[-38,-6],[-7,-82],[-34,-6],[-21,-23],[-39,20],[-43,-16],[-45,5],[-11,43],[4,36],[-30,11],[-44,32],[-13,36],[-36,38],[-40,2],[-18,-30],[-19,-68],[-41,-18],[-12,-24],[-56,-36],[-46,-63],[-13,-78],[-25,-43],[-27,-21],[-47,24],[-54,12],[-51,39],[-27,53],[-30,18],[-59,7],[-17,42]],[[10292,30145],[210,-11]],[[10502,30134],[108,-16]],[[10610,30118],[82,-14]],[[10502,30236],[0,-102]],[[10472,30331],[35,-17],[16,18],[45,-25],[-16,-36],[23,-47],[31,-7],[7,-28],[-3,-71]],[[18165,17902],[7,95],[13,39],[23,15],[42,3],[34,-17],[32,-44],[33,11],[0,27],[-23,20],[-33,74],[-12,59],[14,73],[-3,50],[-31,49],[-24,63],[56,31],[9,31],[-20,54],[-33,37]],[[16666,18108],[6,-1],[28,859]],[[16700,18966],[428,-13],[3,78]],[[27202,21398],[-83,2],[-21,-8],[-45,-44],[-33,27],[-12,24],[0,74],[-88,-44],[-26,-21],[-49,-4],[-80,1],[-34,33],[1,50],[-33,-19],[-12,-24],[-33,-31],[-24,-11],[-2,-21],[-43,-30],[-85,0],[-1,-48],[-38,-59],[-33,-26],[-72,-22],[-37,9],[6,49],[-33,25],[-22,38],[-32,-3],[-23,14],[-4,23],[-40,24],[-44,4],[-18,63],[-19,11],[-26,-38],[-45,-1],[-23,-22],[-51,6],[-38,-4],[-28,16],[-34,-27],[-26,-32],[-22,34],[-46,16],[-172,165],[-61,16]],[[25518,21583],[-9,27],[11,43],[44,20],[6,50],[14,23],[-13,26],[-32,15],[2,16],[-55,77],[27,26],[2,31],[-6,54],[-25,56],[10,25],[-8,35],[-23,41],[-28,25],[18,18],[-15,25],[-7,64],[13,38],[-17,20],[4,59],[-7,20],[-28,18],[9,21],[-4,39],[19,23],[-22,31],[9,28],[-36,27]],[[23957,23242],[-7,-200],[54,-6],[59,-15],[28,-15],[35,-4],[2,49],[26,-22],[10,43],[11,178],[8,21]],[[24183,23271],[172,-8],[31,-20]],[[24433,22578],[-13,-79],[-20,-32],[-32,-23],[-9,-54],[-20,1],[-33,-28],[-34,-10],[-58,3],[-41,-15],[-31,-26],[-41,-51],[-58,-36],[-88,-15],[-44,-16],[-16,-19],[-29,-76]],[[23866,22102],[-19,-7],[-40,60],[-1,19],[-29,21],[-53,50],[-23,-10],[-30,15],[-27,44],[2,32],[-25,54],[-39,-4],[-88,4],[-46,-17],[-9,34],[-24,38],[-38,42],[-49,38]],[[24190,23421],[-7,-150]],[[23727,21796],[11,37],[22,-13],[-2,-34],[32,20],[24,-10],[48,37],[2,64],[-15,25],[8,19]],[[23857,21941],[20,-24],[71,-40],[33,-49],[-4,-129],[86,-9],[33,-49],[79,-29],[37,3],[-10,-57],[-69,-61],[22,-40],[2,-32],[32,-16],[80,27],[26,55],[33,36],[15,-45],[41,-32],[2,-57],[23,-22],[0,-35],[-11,-58],[10,-33],[23,-37],[47,12],[25,20],[63,-35],[52,-44],[8,-29],[-2,-40],[14,-51],[0,-29],[43,-48],[47,-20],[52,8],[11,13],[61,0],[5,-18],[44,-3],[6,16],[53,7],[44,-5],[-11,-104],[0,-41],[106,-2],[17,-20],[-15,-32],[-66,-76],[-72,-42],[-51,-6],[-85,21],[-70,-8],[-35,-19],[-63,-11],[-25,-20],[-24,-3],[-6,-31],[-69,0],[-42,-6],[-17,-33],[-39,-38],[-14,-33],[3,-70],[-18,-30],[19,-35]],[[24427,20323],[-34,0],[3,140],[-91,2]],[[24305,20465],[-47,1],[4,289],[-138,2],[2,144],[-69,1],[-1,161],[4,126],[-67,1],[0,33]],[[25518,21583],[-15,-16],[-77,-44],[-21,-27],[-46,-16],[20,-100],[59,-31],[17,-44],[-19,-21],[-47,-20],[-23,-25],[28,-39],[-6,-187],[17,-33],[-20,-50],[-2,-44],[-15,-32],[13,-57],[3,-64],[-15,-13],[-15,-67],[24,-44],[12,-105],[13,-28],[-7,-40],[-29,-33],[-3,-102],[5,-44],[26,-29],[12,-35],[29,-35],[57,-2],[11,-8],[-2,-111],[11,-21]],[[25499,20017],[-680,10],[-150,1],[3,144],[-139,6],[3,141],[-109,4]],[[23857,21941],[-22,45],[2,32],[29,84]],[[27202,21398],[-5,-215],[-20,-968],[0,-110],[-5,-136]],[[27172,19969],[-287,6]],[[11398,11619],[-58,4],[-13,9],[-271,1]],[[11056,11633],[-101,1],[-1,-36],[-69,0],[-69,-36],[-149,4]],[[11084,11310],[1,65],[-33,53],[4,205]],[[29132,6267],[1,46],[348,-11],[202,-5],[281,-9],[1,72],[146,-4],[-8,17],[3,94],[5,368],[16,26],[-167,151],[-66,84],[-41,22]],[[29853,7118],[-39,86],[75,33],[-49,67],[-24,0],[0,46],[-64,94],[31,93],[1,122],[-206,7]],[[29578,7666],[4,183]],[[29582,7849],[50,-1],[1,31],[32,7],[9,-25],[56,-20],[33,4],[-12,-49],[22,-27],[13,30],[-12,47],[244,-3],[13,-30],[34,36],[46,-15],[17,-29],[40,1],[1,35],[57,-3],[146,1],[55,-18],[95,1],[32,15],[75,-2],[18,32],[45,3],[32,-42],[34,10],[19,24],[65,21],[21,16],[41,8],[71,53],[36,7],[18,-20],[9,-47],[72,-2],[7,-72]],[[31055,4977],[-518,0],[-593,-4],[-751,-1],[-100,-1]],[[29093,4971],[-2,78],[-24,-1],[-26,28],[-18,38],[2,71],[-138,3],[2,69],[-8,39],[-78,17],[-16,-5],[4,104],[5,216],[135,0],[2,221],[67,-3],[2,87],[17,29],[-2,25],[39,13],[5,96],[2,146],[69,-2],[0,27]],[[29989,10420],[547,-3],[60,-5],[75,1],[248,-6],[263,1]],[[31176,9536],[-232,3],[-213,7],[-12,-35],[-84,3],[-41,36],[-148,6],[-4,47],[8,30],[-2,64],[-23,1],[1,58],[11,30],[-2,49],[-61,8],[-223,5],[-161,-11],[-40,-9]],[[28691,8737],[-4,-149],[-68,4],[-6,-225],[6,-21],[29,3],[-3,-146],[54,-11],[41,-22],[-37,-29],[-3,-82],[-13,-16],[-28,-81],[-37,-55],[-17,-36],[240,-6]],[[28845,7865],[-3,-244],[-35,1],[-4,-226],[-8,-421],[-15,-29],[5,-32],[-17,-21],[-3,-104],[171,-8],[-4,-176],[82,-2],[-8,-65],[-22,-10],[-7,-59],[4,-29],[24,-43],[24,-72],[56,-49],[47,-9]],[[29093,4971],[-174,-2],[-343,-1],[-912,3]],[[27664,4971],[9,404],[3,224],[13,558],[4,252],[7,449],[6,218],[8,461],[10,354]],[[28845,7865],[266,-7],[258,-5],[-6,38],[-4,101],[34,4],[30,-42],[42,-3],[32,-15],[26,10],[43,-29],[-2,-68],[18,0]],[[29578,7666],[-1,-35],[-20,0]],[[29538,7137],[-21,-7],[-86,3],[-2,-104],[39,22],[64,13],[-1,-42],[109,-4],[21,16],[42,14],[1,76],[149,-6]],[[19256,11189],[42,82],[5,24],[2,191]],[[19305,11486],[88,-4],[18,-52],[53,-23],[236,-6],[7,-2]],[[19707,11399],[-3,-83],[-5,-345],[-5,-148]],[[19245,10918],[-17,187],[9,46],[19,38]],[[18391,11732],[207,-4]],[[18611,11580],[-61,28],[-24,-17],[-35,13],[2,55],[-69,1]],[[18424,11660],[-35,0],[2,72]],[[19293,11996],[224,-8],[198,-10]],[[19715,11978],[-4,-255],[-14,-18]],[[19697,11705],[-35,-12],[-358,13]],[[19291,11851],[2,145]],[[17896,12665],[95,-3],[9,4]],[[18000,12666],[20,-37],[89,-34],[42,-32],[168,-174],[42,-40]],[[18361,12349],[12,-37]],[[18364,12022],[-242,4]],[[18122,12026],[-33,0]],[[18089,12026],[-52,13],[-48,1],[-45,-11],[7,110],[12,33],[-13,23],[2,108],[-17,15],[-50,0],[11,347]],[[18587,11332],[30,-13],[63,-53],[35,-11],[47,16]],[[18762,11271],[0,-115]],[[18762,11156],[-33,-10],[-178,2]],[[17580,11266],[120,61],[48,31],[323,220]],[[18071,11578],[-2,-72]],[[18069,11506],[-2,-60],[-68,1],[-2,-82],[67,-8],[0,-56]],[[18064,11301],[-3,-143]],[[18061,11158],[-6,-290]],[[17500,10877],[4,144],[139,-2],[4,138],[-69,8],[2,101]],[[18122,12026],[-39,-23],[-3,-122]],[[18080,11881],[-9,-303]],[[17580,11266],[3,115],[-258,5],[-30,-18],[-58,-5],[-14,-8],[-120,1]],[[17103,11356],[8,399],[97,-3],[43,5],[760,208],[34,16],[44,45]],[[18064,11301],[352,-8]],[[18412,11149],[-69,-3]],[[18343,11146],[-103,7],[-179,5]],[[18542,10860],[-3,57],[6,48],[-31,5],[-2,35],[4,143]],[[39150,27167],[32,15],[161,26]],[[39343,27208],[-26,-39],[-2,-30],[18,-56]],[[39333,27083],[25,-34],[-9,-54]],[[39153,27091],[1,24],[26,28],[1,22],[-31,2]],[[18762,11271],[138,55]],[[18900,11326],[-1,-68],[8,-48],[-11,-33],[-1,-37]],[[17392,32584],[51,4],[42,-9],[38,-29],[31,-40],[39,-122],[49,-44],[85,-13],[113,8],[50,-9],[51,-38],[14,-32],[-12,-58],[-24,-41],[-44,-54],[-14,-27],[0,-68],[29,-39],[58,-35],[56,-11],[60,11],[116,38],[38,20],[80,73],[30,20],[69,32],[59,21],[25,19],[38,69],[-4,84],[-28,57],[-39,55],[-46,101],[-6,56],[4,44],[19,44],[36,53],[35,26],[56,10],[63,3],[169,-17],[81,7],[43,16],[63,49],[22,36],[-9,49],[30,58],[59,68],[26,10],[36,-2],[57,-23],[77,-84],[37,10],[30,28],[45,63],[44,104],[21,38],[111,131],[19,46],[5,73],[-10,40],[-52,85],[-22,55],[-6,58],[30,50],[56,36],[66,13],[47,-8],[55,-37],[22,-22],[36,-60],[23,-60],[34,-57],[45,-51],[49,-33],[59,-13],[50,3],[122,54],[35,6]],[[20422,33075],[-69,0],[-34,23],[-21,35],[-28,19],[-60,95],[-13,2],[-5,-164],[-18,-10],[-2,-66],[78,-3],[11,-11],[-4,-63],[-24,-2],[-5,-31],[-40,-2],[-3,-61],[-37,-1],[-8,-183],[35,-13],[-24,-564],[31,-33],[-9,-195],[-36,-11],[-2,-62]],[[20135,31774],[-10,-297],[71,-4],[-8,-252],[-2,-107],[-73,-1],[-11,-362],[109,-6],[-6,-214],[-108,3],[-2,-100],[35,-41],[71,-69],[64,-26],[12,-25],[-4,-80],[-17,-29],[-169,7],[-287,8],[-3,73],[-410,4],[-562,15],[-55,4]],[[18770,30275],[5,75],[12,246],[-34,9],[6,136],[10,26],[-9,21],[3,62],[-177,10],[1,71],[-442,23],[-11,5],[-104,3],[8,216],[-316,13],[-3,-71],[-248,11],[5,147],[-142,5]],[[19337,30640],[-4,-20],[61,-1],[15,-22],[119,-126],[64,0],[5,224],[14,-8],[115,0],[44,19],[18,-10],[28,8],[-50,96],[-11,34],[1,91]],[[19756,30925],[3,56],[-31,7],[-70,32],[-30,4],[-72,-18]],[[19556,31006],[45,57],[9,55],[-73,3],[3,73],[-141,1],[-1,-64],[29,-124],[1,-29],[-82,-4],[-42,56],[-67,42],[-17,-19],[-138,3],[-3,-143],[35,-5],[-4,-112],[3,-12],[60,6],[26,-27],[30,-6],[1,-34],[48,-19],[13,-26],[46,-38]],[[18770,30275],[-205,10],[-5,-107],[-209,9],[-7,-141],[-33,0],[-4,-36],[-35,0],[-4,-64],[-19,-430],[2,-66],[-15,-7],[30,-52],[1,-28],[116,-5],[-3,-119],[-37,-67],[-4,-98]],[[17247,29125],[17,415]],[[19193,11492],[7,-45],[-3,-65],[-108,6],[-3,-53]],[[19086,11335],[-57,82],[-10,24],[-2,59]],[[19086,11335],[5,-37]],[[19091,11298],[-116,30],[-75,-2]],[[18900,11326],[3,109]],[[18762,11271],[4,162]],[[18589,11437],[52,1],[125,-5]],[[18587,11332],[2,105]],[[41913,25323],[-82,-132],[-67,-126]],[[41764,25065],[-41,20],[-28,2],[-17,33]],[[41551,25434],[-84,-69]],[[39523,27247],[24,-58],[27,-45],[3,-70],[52,4],[67,55],[9,25]],[[39761,27087],[-72,-62]],[[39689,27025],[-26,2],[-67,-30],[-20,-16],[-25,9],[-51,83]],[[39500,27073],[-29,46],[-17,51],[0,59]],[[39333,27083],[34,4],[21,-17],[97,-3],[15,6]],[[39689,27025],[-19,-36],[-1,-29],[28,-146],[-8,-99],[-9,-37],[-47,-71]],[[45946,13728],[172,-19],[39,6],[-2,25],[58,1],[25,16]],[[46238,13757],[3,-43],[-7,-65]],[[46234,13649],[6,-24],[47,-79],[7,-53],[-15,-45],[2,-69],[-9,-75]],[[46272,13304],[-6,-51]],[[46266,13253],[-120,16],[1,58],[-61,34],[-35,-15]],[[46051,13346],[-30,16],[-1,65],[38,19],[31,108],[-80,11],[-46,13],[-119,-5],[27,51],[39,33],[28,11],[8,60]],[[18652,12399],[207,0]],[[18833,12303],[-46,0]],[[18361,12349],[22,25],[53,25],[216,0]],[[19024,12045],[29,-2],[40,-40],[200,-7]],[[19021,11864],[2,146]],[[16403,11473],[4,143],[4,254],[8,467]],[[16959,12690],[416,-12],[2,114],[25,9],[29,-15],[68,10],[16,-20],[-2,-102],[243,-5],[138,-4]],[[17894,12665],[2,0]],[[17103,11356],[-11,-470]],[[16395,10895],[7,442],[1,136]],[[31267,23340],[33,13],[26,32],[46,0],[42,-57],[16,-90],[6,-63],[26,-3],[29,21],[50,-4],[13,56],[53,12],[31,58],[34,17],[24,23],[24,71],[50,74],[28,32],[42,-1],[17,-17],[-39,-56],[-6,-24],[11,-56],[-10,-51],[52,-82],[60,-8]],[[31925,23237],[24,-1],[56,-40],[18,-24],[53,31],[29,-37],[141,-2],[52,39],[0,-36],[-21,-57],[-17,-23],[-1,-38],[-35,-17],[-2,-36],[37,-8],[78,16],[22,-7],[12,-53],[33,-43],[8,29],[42,0],[-37,75],[-16,57],[23,32],[21,-43],[71,-17],[11,-12],[98,-6],[26,-15],[18,25],[-9,35],[77,77],[62,23],[12,13],[-61,34],[-74,1],[-60,-15],[-40,-32],[-95,64],[-54,6],[26,50],[46,38],[8,94]],[[32507,23414],[67,41],[72,15],[74,60],[87,35],[67,55],[27,15],[19,34],[62,-11],[23,-18],[46,-9],[56,3],[153,3],[76,28],[32,27]],[[33363,21880],[-383,4],[-51,-3],[0,18],[-115,-13],[-156,2],[-73,3],[-226,2],[-267,-1],[8,-577]],[[31372,21325],[-109,1],[0,315],[0,273],[2,640],[-1,105]],[[32915,26821],[-1,-32],[37,8],[41,-18],[14,-25],[47,-29],[58,-54],[20,-10],[-25,-53],[-37,-19],[-52,19],[-73,-9],[-23,16],[-28,-14],[-19,-30],[1,-24],[-25,-12],[-11,-50],[12,-35],[-61,-56],[13,-43],[0,-67],[-41,-39],[-26,0],[-45,32],[-31,54],[-42,24],[-18,41],[-7,50],[-76,-26],[-10,13],[-34,0],[-33,45],[-16,32],[-7,60],[13,13],[-3,56],[-18,15],[6,47],[-75,-25]],[[32340,26676],[-6,49],[8,29],[44,65],[45,28],[42,10],[44,-16],[52,-41],[74,5],[19,13],[19,-31],[91,25],[78,8],[65,1]],[[31925,23237],[13,7],[49,90],[25,24],[34,-1],[36,19],[3,48],[71,10],[32,-32],[72,20],[42,-16],[33,9],[30,-38],[6,-54],[59,40],[51,51],[26,0]],[[31297,26763],[50,-10],[65,-21],[70,-41],[53,-48],[46,-34],[115,-60],[89,-13],[134,-42],[58,-3],[40,6],[156,104],[167,75]],[[32915,26821],[61,1]],[[32976,26822],[100,-6],[78,-12],[97,-39],[99,-46]],[[33359,25576],[-167,2],[-33,-27],[-6,-47],[-75,-1],[-24,-9],[-46,6],[-11,15],[-55,24],[-91,-29],[-27,41],[-122,-2],[-38,35],[-8,31],[-36,24],[-9,38],[-40,-46],[-84,1],[-41,37],[-21,-17],[-42,-13],[-50,23],[-37,-7],[-31,-16],[-105,-3],[-39,-28],[-28,16],[-37,-7],[-24,-20],[-59,-1],[14,-31],[-5,-47],[-13,-32],[-23,-3],[-12,-20],[-45,-19],[-58,-18],[-29,12],[1,35],[-45,-18],[49,-88],[10,-32],[-9,-57],[-32,-34],[-62,-37],[-86,65],[-15,19],[3,40],[-8,32],[7,39],[-15,25],[-33,25],[-25,-3],[-12,-42],[-23,-38],[-36,-83],[-46,3],[-35,-20],[-11,-31],[-5,-69],[-92,0]],[[16403,11473],[-165,-3],[-21,37],[-56,29],[-20,35],[-67,8],[0,38],[-35,27],[-68,75],[-37,12],[-35,28],[-20,6],[-25,31],[-43,6],[-55,-16]],[[15756,11786],[-60,-12],[-349,6],[-120,6],[-2,-144],[-225,3],[-51,18],[-4,-16],[-183,2],[-308,6],[-9,-14],[0,-79],[-30,1],[-50,-26],[-31,0],[-24,13],[-69,2],[0,35],[-102,2],[-4,-72]],[[14135,11517],[-306,5],[4,146],[-681,21],[2,72],[-138,5]],[[14135,11517],[-1,-52],[31,-37],[6,-27],[-29,-56],[-49,-13],[-18,-98],[-17,-38],[-33,-1],[-2,-106],[68,-1],[-2,-145],[203,-5],[32,-31],[37,-81],[23,-33]],[[14384,10793],[50,-57]],[[14434,10736],[46,-54],[81,-52],[53,-40],[125,-127],[96,-69],[264,-140],[1,-48]],[[15100,10206],[9,-32],[63,-38],[125,-228],[57,-68]],[[15357,9481],[-67,2],[-5,-288]],[[14326,9213],[6,288]],[[14332,9501],[6,287],[-137,4],[3,142],[-128,4],[-8,5],[-3,-148],[-209,4],[-404,13],[4,178],[-205,6],[-5,-178],[-274,6]],[[12972,9824],[5,163],[9,413]],[[19294,8102],[-593,13]],[[33860,28151],[140,-8],[139,4],[-2,406],[4,332],[8,375],[-1,71],[-9,0],[5,287]],[[35303,28432],[-147,0],[-4,-80],[-35,-85],[-3,-256],[-22,-88]],[[35092,27923],[-82,3],[-138,-18],[-139,9],[-115,45],[-1,-26],[38,-25],[11,-82],[44,-11],[39,5],[26,-30],[6,-37],[30,-13],[13,-50],[-14,-34],[-51,-11],[-52,-20],[-1,-62]],[[34706,27566],[-188,6],[-218,-2],[-450,4],[6,484],[4,93]],[[35520,28431],[-3,-48],[-35,-23],[-3,-138],[108,-6],[-3,-269]],[[35584,27947],[-55,-14],[-246,-37],[-103,-1],[-88,28]],[[35584,27947],[143,41],[95,4],[117,15],[91,3],[51,-25],[313,-90],[46,-7]],[[36440,27888],[-2,-50],[-7,-380]],[[36431,27458],[-2,-287]],[[36429,27171],[-196,-1],[-11,7],[8,74],[-14,72],[3,200],[-12,17],[-87,3],[-29,7],[-59,33],[-82,34],[-99,59],[-84,20],[-57,41],[-83,40],[-46,2]],[[35581,27779],[3,168]],[[33077,28160],[229,-4],[61,-2],[213,0],[137,4],[143,9],[0,-16]],[[34706,27566],[-2,-42],[-1,-282],[290,1],[205,3],[10,-4],[197,1]],[[35405,27243],[42,-1],[129,28]],[[35576,27270],[-4,-107],[-2,-255],[-12,-225],[12,-21],[177,-1]],[[35747,26661],[-21,-39],[-9,-35],[-28,-42],[12,-23],[-21,-60],[-29,-45],[-40,-42],[-2,-98],[34,-60],[-2,-113],[8,-61],[-10,-43],[-31,0],[-103,18],[-31,-6],[-24,-18],[-1,-42],[-39,-3],[-31,-13],[-5,-33],[-19,-49],[12,-42],[83,10],[20,-17]],[[32976,26822],[5,254],[13,789],[-3,155],[6,141],[80,-1]],[[35747,26661],[89,-1],[90,3],[217,-1],[281,-3]],[[36424,26659],[-2,-197],[0,-272],[-7,-412],[5,-244],[-6,-318]],[[13917,9222],[7,288],[408,-9]],[[12960,9302],[12,522]],[[15100,10206],[273,-4],[0,-72],[207,-5],[3,246],[2,212],[5,321],[-6,22],[7,71],[4,227],[51,26],[10,56],[50,0],[36,27],[3,101],[-33,46],[-37,15],[-9,29],[11,32],[43,87],[-1,47],[-17,32],[3,18],[51,46]],[[16387,10099],[-66,-65],[-40,-48],[-29,-65],[-25,34],[-116,0],[1,-137],[-44,-28],[-230,-209]],[[14434,10736],[70,35],[26,7],[258,-5],[38,12],[249,169],[-23,33],[-36,-8],[-50,3],[18,62],[14,25],[-353,6],[-37,18],[-3,-106],[-26,2],[-8,-20],[-2,-72],[-102,0],[-2,-34],[-34,-1],[-4,-70],[-43,1]],[[19021,11864],[-107,4]],[[18869,11941],[6,64]],[[36548,8122],[23,37],[-1,34],[-13,21],[10,43],[88,25],[54,50],[23,47],[-3,22],[-47,56],[-15,34],[-35,55],[3,60],[54,18],[33,53],[16,63],[13,21],[41,25],[17,55],[43,51],[4,24],[-8,42],[23,44],[2,50],[25,40],[4,27],[-19,77],[-48,36],[-66,-11],[-59,-28],[-72,13],[-6,38],[-20,7],[-60,0],[-98,68],[-31,17],[-37,47],[-39,14],[-65,-8],[-34,3],[-27,46],[14,80],[45,17],[34,39],[6,30],[-9,33],[8,39],[-8,23],[15,44],[31,13],[-7,56],[15,20],[-4,94],[3,99],[11,59],[-19,32],[48,86],[38,43],[28,44],[25,14],[-31,28],[-45,20],[0,40],[11,11],[11,51]],[[46490,8839],[-5,287],[176,9]],[[18911,11723],[3,145]],[[37514,27674],[117,-93]],[[37631,27581],[204,-161]],[[37493,27330],[-3,3]],[[37490,27333],[1,133],[-31,6],[-9,128],[15,73],[48,1]],[[9802,37080],[5,-399],[-5,-74],[71,0],[1,-107],[36,-4],[0,-99],[24,-16],[-9,-53],[-14,-36],[-1,-81],[80,0],[-9,-16],[0,-273],[-108,0],[0,-132],[-3,-127],[-70,-9],[-5,-324],[-16,-19],[-2,-38],[-25,-10],[-30,-30],[-1,-284],[4,-34],[205,0],[1,-68],[-30,-16],[-2,-79],[-9,-16],[-54,-1],[-12,-63],[-2,-123],[-27,-3],[-55,-43],[-17,-41],[-13,-79],[5,-9],[1,-111],[30,-1],[16,-15],[9,-33],[-15,-22]],[[9756,34192],[-211,0],[-345,4],[-291,-1],[-23,3]],[[11305,37071],[145,-4],[231,-1],[195,-5]],[[11876,36906],[-12,10],[-98,4],[-3,-49],[-45,-237],[-81,1],[-9,108],[-181,3],[1,178],[-72,3],[1,-90],[-8,-22],[-66,-96],[-71,-4],[2,71],[34,5],[1,139],[36,9],[0,132]],[[15227,39682],[-371,-310],[-17,-27],[-5,-108],[-13,-23],[-41,-30],[-125,-29],[-277,-248],[-13,-5],[-86,-3],[-257,2],[-29,-5],[-89,-38],[-143,-42],[-93,-49],[-23,-7],[-214,-13],[-253,-4],[-91,-49],[-200,-168],[-36,-41],[-74,-15],[-63,-7],[-56,-39],[-36,-7],[-32,79],[-18,73],[-416,17],[-55,4],[-31,10],[-115,64],[-28,11],[-46,0]],[[11881,38675],[4,391]],[[11885,39066],[9,848],[-116,3]],[[15259,37445],[-251,1],[-225,10],[-382,10],[-133,-1],[-195,-4],[-124,0],[-390,-5]],[[11876,37487],[3,323],[-1,394],[3,471]],[[9370,31412],[21,11],[62,53]],[[9421,31773],[1,19]],[[9422,31792],[25,17],[44,-5]],[[9491,31804],[-2,-299]],[[9491,31804],[52,6],[23,21],[117,-1]],[[9702,31793],[16,-25],[-3,-37]],[[20346,43391],[41,98],[17,26],[37,22],[64,11],[-10,84],[1,81],[-127,-1],[0,169],[-34,-9],[-26,29],[-15,52],[-46,30],[-21,-2],[-71,43],[0,72],[9,9],[116,2],[48,6],[11,20],[-16,47],[-3,37],[47,18],[172,1],[-1,71],[397,4],[-1,191],[-5,55],[4,42],[242,-2],[70,-76],[-35,-49],[-23,-94],[-1,-103],[61,-34],[54,0],[2,-257],[36,-22],[83,-92],[5,-24],[-41,-1],[-14,-26],[-41,-10],[-74,-6],[-44,-18],[-21,9],[-49,-38],[-8,-37],[20,-33],[1,-33],[17,-22],[83,-8],[15,-14],[56,-81],[17,-7],[-1,-134],[6,-10]],[[18171,45308],[306,1],[124,2],[432,2],[144,4],[437,7],[484,13],[227,10],[578,20],[393,10],[410,6],[130,0],[114,4],[137,0],[464,3],[109,-1],[505,9]],[[10998,37075],[39,-51],[-2,-30],[-56,-17],[-12,-22],[22,-24],[-109,-1],[5,-431],[71,-4],[1,-237],[-4,-268],[-150,1],[-135,12],[-1,-84],[-8,-5],[-1,-66],[9,-5],[-2,-69],[217,-2],[-2,-185],[-5,-390]],[[10875,35197],[-143,0],[-4,-286],[72,0],[-2,-141],[-36,-5],[-1,-72],[35,7],[-2,-139],[-34,-10],[-3,-34],[-36,-3],[-7,-319],[2,-3]],[[10716,34192],[-287,2],[-289,0],[0,-3],[-358,1]],[[9782,34192],[-26,0]],[[35092,27923],[-22,-32],[4,-65],[-73,-2],[-1,-44],[64,-2],[-10,-22],[62,-31],[30,0],[-1,-115],[-30,-29],[-19,29],[-83,6],[6,-49],[-2,-74],[23,-46],[-6,-60],[174,2],[52,41],[32,-32],[-4,-27],[28,-17],[29,8],[68,55],[48,-2],[-36,-77],[-7,-48],[-14,-10],[1,-37]],[[35581,27779],[-5,-509]],[[36459,28414],[-19,-526]],[[8998,31771],[4,-4],[175,-2]],[[9177,31765],[-1,-143]],[[8996,31627],[2,144]],[[8887,33192],[233,0],[21,47],[0,28],[28,6],[22,41],[-1,19],[169,-2],[-1,64],[-59,7],[-2,81],[-26,41],[-42,17],[3,28],[-22,100],[-14,29],[-37,10],[-2,54],[70,1],[1,72],[-212,-1],[-35,-17],[0,-52],[-42,-2],[-51,50]],[[9782,34192],[5,-36],[33,-3],[-3,-219],[-44,-64],[1,-39],[44,-14],[0,-204],[13,-136],[21,-31],[0,-120]],[[9852,33326],[-105,1],[1,-215],[-35,-16],[-2,-209],[1,-131]],[[9712,32756],[0,-93]],[[9055,31195],[11,23],[3,245]],[[9197,31194],[-88,1],[-30,9],[-24,-9]],[[8884,31626],[84,-2]],[[9055,31195],[-14,-12],[-36,30],[-30,66],[-94,66]],[[41366,25951],[-33,3],[-3,-32],[-50,5]],[[40757,25755],[79,27]],[[41172,25648],[-26,32],[-26,5],[5,37],[-62,9]],[[40394,27987],[35,10],[111,-3],[55,-13],[129,-43],[70,-9],[92,5],[63,32],[37,38]],[[41120,27896],[-37,-48],[-82,-49]],[[41001,27799],[0,1]],[[41001,27800],[-77,60],[-21,-6],[-41,10],[-15,-22],[-11,-41],[-25,0],[-25,19],[-59,5],[-40,-28],[-19,-24]],[[40668,27773],[-274,214]],[[39309,25950],[-32,22],[-35,9],[-8,19],[-37,16],[-23,31],[-37,35],[-40,26],[-16,54]],[[40567,25725],[72,13]],[[39281,25785],[-70,0]],[[39037,25803],[-20,-61],[-13,-10],[-66,-10],[-68,-18]],[[40453,24874],[81,-68],[21,-9],[62,-3],[20,-8],[10,-26]],[[40934,26603],[-63,12],[-66,20]],[[29189,10446],[67,20],[13,25],[-4,66],[4,84],[15,14],[59,0],[42,-11],[26,11],[47,5],[15,29],[3,35],[35,60],[57,11],[29,11],[17,26],[-13,38],[-44,17],[-10,15],[-33,136],[14,25],[26,17],[17,51]],[[29571,11131],[42,28],[33,74],[1,47],[17,25],[62,17],[26,45],[9,147],[20,130],[-1,34],[-31,65],[5,81],[1,218],[-3,35],[-60,214],[-3,25],[1,167],[29,42],[11,369],[5,29],[54,168],[119,-1],[4,176],[237,-5],[6,337],[-34,39],[1,183],[19,12],[49,0],[0,71],[227,-2],[48,8],[35,45],[58,53],[42,-7],[23,-15],[46,7],[5,-31],[23,-9],[32,25],[75,-5],[39,-30],[41,5],[62,-28],[-6,38],[30,68],[24,25],[-7,23],[-29,35]],[[26671,14897],[94,-4],[34,25],[32,-14],[127,-1],[32,22],[27,0],[29,-19],[41,11],[45,-9],[135,56],[110,24],[53,36],[92,-5],[6,-31],[61,-53],[18,-7],[0,-42],[-24,-45],[29,-41],[-6,-67],[87,-12],[3,-72],[31,-14],[-1,-30],[40,-30],[3,-59],[-14,-37],[19,-22],[4,-36],[30,-23],[10,-27],[42,-35],[50,-18]],[[27910,14318],[13,-43],[24,-14],[7,-70],[-13,-24],[-10,-61],[5,-13],[-44,-28],[-15,-48],[-73,-54],[-52,-9],[-58,-18],[77,-86],[28,-6],[44,-40],[34,-61],[16,-72],[20,-8],[0,-104],[27,-41],[11,-34],[43,-32],[47,-20],[6,-29],[55,-9],[135,16],[13,-9],[17,-47],[62,-25],[109,-1],[35,-6],[20,-20],[18,-45],[44,-64],[3,-24],[-16,-58],[26,-30],[90,-18],[116,22],[113,-2],[37,37],[12,30],[114,134],[71,112],[78,93]],[[29199,13489],[-9,-18],[-7,-293],[34,10],[43,-14],[78,-2],[50,-10],[-2,-97],[-34,0],[-1,-72],[241,-7],[-7,-286],[36,-3],[-5,-70],[-171,4],[-63,16],[-27,21],[-173,4],[-13,14],[2,72],[-17,23],[-263,4],[-34,18],[-13,-25],[-25,-8],[-24,-99],[-18,-26],[-107,-47],[-17,-16],[-29,-59],[-36,-41],[-42,-106],[-59,-90],[-30,-79]],[[28457,12207],[-382,4],[6,28],[-49,111],[-18,86],[-103,0],[-41,37],[-216,0],[-17,-42],[-61,-38],[-92,1],[-9,21],[-29,24],[-26,0],[-34,-59],[-48,-54],[-56,4],[-13,43],[-28,38],[-21,-1],[-26,32],[-221,-1],[1,28],[34,51],[0,350],[-34,17],[1,44],[-15,16],[-77,0],[-31,13],[-46,51],[-47,30],[-53,-6],[-40,13]],[[26666,13048],[2,264],[-4,0],[3,288],[-10,54],[8,945]],[[27910,14318],[42,42],[85,43],[102,83],[50,-3],[31,-11],[65,0],[23,-19],[57,-5],[48,-32],[70,-14],[73,32],[68,4],[36,26],[49,-20],[25,-3],[42,-44],[11,-52],[-6,-16],[1,-63],[19,-2],[39,29],[46,-2],[46,14],[27,-22],[38,-79],[-18,-30],[30,-31],[10,-29],[-15,-47],[42,9],[26,-5],[19,-54],[13,-1],[16,-39],[21,-5],[41,-98],[50,-16],[19,3],[54,-21],[29,10],[26,-28]],[[29360,13822],[-18,-8],[-22,-32],[-53,-198],[-10,-23],[-58,-72]],[[27235,15905],[392,-7],[726,-19]],[[29614,15843],[2,-637],[-1,-271],[-31,50],[-172,3],[0,-28],[31,-30],[47,-28],[58,-43],[-1,-63],[67,-4],[-1,-367],[-8,-47]],[[29605,14378],[-108,-476],[-33,-39],[-104,-41]],[[29605,14378],[144,-3],[2,128],[12,50],[251,-3],[10,-48],[11,-10],[55,-14],[108,-3],[62,26],[8,10],[67,-2],[16,-11],[61,-87],[17,-7]],[[29571,11131],[-34,43],[-59,5],[-41,58],[-26,21],[-18,43],[-47,17],[-12,62],[-19,32],[-32,16],[-31,29],[-22,39],[30,66],[-6,47],[-21,22],[-11,36],[-57,13],[-25,-2],[-45,13],[-23,21],[-32,5],[-45,59],[-32,13],[-99,-36],[-137,-30],[-32,7],[-50,42],[-69,20],[-20,32],[-26,11],[-25,63],[-36,34],[-7,-30],[-17,-19],[-22,1],[-19,23],[-37,-5],[-23,-35],[-42,20],[-23,-35]],[[28279,11852],[-17,42],[8,56],[18,22],[55,28],[26,23],[36,99],[41,46],[11,39]],[[28279,11852],[10,-33],[-6,-57],[-13,-28],[-42,-62],[-44,-37],[-27,-34],[-11,-34],[-14,-80],[-22,-30],[-69,-59],[-25,-27],[-37,24],[-32,4],[-37,29],[-25,51],[-66,47],[-2,20],[-52,45],[-71,-13],[-18,-44],[6,-25],[-39,-49],[28,-28],[3,-30],[22,-15],[58,-7],[20,-11],[-30,-46],[-1,-60],[10,-36],[18,-11],[27,-44],[-10,-26],[0,-81],[119,-63],[136,-54],[25,-27],[45,-123],[35,-41],[35,-15],[37,-27],[34,-58],[13,-64],[14,-26],[44,-27],[54,-12],[56,-51]],[[26672,10514],[8,306],[9,384],[1,168]],[[26690,11372],[-1,130]],[[26689,11502],[8,518],[4,376],[3,48],[-44,-1],[1,129],[4,307],[1,169]],[[41168,24866],[13,44],[36,40],[47,17],[33,27],[60,79]],[[41195,25183],[-3,-36],[-34,-38],[-31,-18],[-27,-33]],[[19256,11189],[-85,32],[-46,54],[-34,23]],[[19716,12267],[260,-4],[182,-7],[238,-7],[138,-1]],[[20531,12064],[-18,-1053],[-2,-210]],[[19707,11399],[2,256],[71,44],[-45,16],[-38,-10]],[[19715,11978],[1,145],[-34,1],[3,145],[31,-2]],[[17580,11266],[-32,-26],[-122,-162],[-60,-31],[-4,-168]],[[17765,14108],[-10,-333],[-24,-22],[1,-33],[-15,-18],[-4,-145],[19,-29],[2,-54],[9,-18],[-11,-356],[209,-5],[-7,-250],[-26,-1],[-10,-39],[-4,-140]],[[41542,25297],[31,43]],[[37393,21829],[-175,5],[-201,-2],[-646,6],[0,12],[-148,-24],[-79,-2],[-724,0]],[[35406,21824],[25,28],[23,46],[56,38],[43,5],[6,40],[-19,45],[-10,71],[25,19],[82,13],[29,10],[14,36],[-24,33],[-38,14],[-19,-12],[-30,-41],[-25,-6],[-31,19],[-24,-28],[-34,1],[-14,14],[43,63],[22,51],[48,28],[3,34],[-17,29],[-41,18],[-33,46],[-13,43],[-96,36],[-25,4]],[[41809,26911],[77,-27],[89,-11]],[[10897,31502],[54,78],[44,73],[22,59],[14,88],[19,58],[46,79],[33,40],[28,20],[83,36],[170,-17],[91,8],[41,-13],[51,-28],[37,-38],[22,-37],[23,-59],[22,-31],[63,-51],[33,-21],[33,-9]],[[12641,31108],[-6,-167]],[[9769,29210],[-179,9]],[[9161,30824],[124,34]],[[8979,30640],[-60,8]],[[8919,30648],[17,67],[16,31],[31,0]],[[9161,29955],[-3,-71],[-26,1],[-4,-66]],[[9085,29821],[6,138]],[[9383,30232],[6,143]],[[9319,30377],[-2,-71]],[[9383,30232],[-69,3]],[[9323,30091],[-14,16],[5,128]],[[9101,30173],[-47,2]],[[8993,30106],[2,71]],[[19293,22385],[-25,-23],[-59,-16],[-18,-66],[-25,-9],[-23,12],[-41,5],[-44,-29],[-42,-82],[-44,5],[-36,12],[-24,-19],[-21,-52],[-24,-10],[13,-36],[-16,-25],[5,-25],[-9,-33],[47,-69],[43,-32],[102,-7],[11,-19],[7,-54],[-31,-50],[-7,-65],[-16,-50],[-47,-33],[-3,-48],[32,-31],[13,-61],[39,-16],[-5,-71],[17,-21],[67,-41],[-3,-31],[16,-28],[42,-25],[-4,-39],[41,-36],[25,-1],[24,-21],[2,-57],[-19,-15],[-6,-91],[-28,-61],[-10,-36],[-46,-55],[-58,-14],[-39,-44],[-28,-50],[9,-18],[-8,-36],[21,-17],[13,-38],[-11,-14],[-43,2],[-8,-37],[25,-17],[5,-50],[-9,-44]],[[18303,20480],[29,70],[108,-3],[22,18],[-13,42],[8,19],[39,27],[3,19],[-33,33],[-113,-15],[-104,-3],[-59,14],[-37,43],[1,63],[24,53],[-4,41],[-29,39],[-1,20],[62,92],[2,37],[-13,33],[-54,50],[-14,25],[30,45],[48,95],[21,85],[32,0],[33,-35],[67,-2],[28,21],[22,-18],[46,22],[28,45],[6,166],[-22,13],[-10,32],[4,62],[14,16],[-53,46],[-2,14],[-43,15],[-30,20],[-11,40],[31,36],[-6,11],[-64,-8],[-9,10],[20,43],[29,14],[-37,63],[-18,99]],[[17225,21775],[9,86],[17,96],[26,15],[49,-15],[51,-74],[34,-30],[50,-31],[75,-10],[163,7],[55,16],[25,-12],[40,-40],[26,-45],[5,-70],[42,-96],[28,-19],[49,-5],[54,81],[-10,74],[-29,71],[-37,41],[-85,52],[-62,21],[-16,26],[10,75],[17,67],[40,108],[34,47],[-1,31],[-28,40],[-45,22],[-115,3],[-54,11],[-24,15],[-4,29],[10,32],[27,36],[73,53],[35,32],[103,20],[32,0]],[[17190,20530],[16,480],[13,287],[4,45],[17,433],[-15,0]],[[17225,21775],[-106,4],[12,69],[-18,11],[-71,-4]],[[46303,2051],[25,-17],[76,-74],[60,-51],[99,-57],[42,-31],[85,-87],[68,-102],[34,-68],[10,-38],[4,-79],[-10,-123],[-12,-34],[-56,-67],[-82,-47]],[[46646,1176],[-48,108],[-20,36],[-55,64],[-42,31],[-82,48]],[[46399,1463],[-2,321],[-20,76],[-23,-2],[-28,-46],[-100,-1],[10,64],[2,67],[18,37],[-3,44],[11,16],[39,12]],[[35332,22521],[-21,-68],[-16,-25],[-78,-73],[-63,-46],[-25,-25],[-136,-223],[-19,-24],[-127,-128],[-46,-85]],[[24305,20465],[7,-62],[-25,-27],[0,-36],[-36,-15],[-2,-142],[-25,-25],[-50,-11],[-71,18],[-37,-19],[-96,-10],[-66,17],[-26,30],[-50,6],[-15,-19],[18,-66],[1,-39],[-13,-114],[-29,-44],[-36,-1],[-30,15],[-13,-20],[22,-18],[4,-34],[-19,-70],[19,-26],[-8,-32],[-24,-48],[-36,-2]],[[23206,19708],[8,51],[-12,30],[14,33],[2,57],[-15,43],[-1,33],[-34,48],[-4,42],[-27,-15],[-38,4]],[[46327,14383],[24,-25],[99,0],[9,-37]],[[46459,14321],[8,-18],[-12,-119],[-13,-23]],[[46442,14161],[-26,-22],[-11,-44],[-49,-81],[-37,-100],[-58,-71],[-21,-37],[-2,-49]],[[45946,13728],[-41,4],[-81,23],[38,33],[34,-11],[4,41],[34,28],[23,-1],[-11,50],[-38,15],[35,83],[44,15],[47,43],[15,-16],[31,34],[42,21],[61,-4],[51,39],[13,22],[-1,111],[14,40],[52,15],[14,20],[1,50]],[[46442,14161],[168,-462]],[[46610,13699],[-69,-27],[-35,0],[-71,19],[-49,-8],[-24,18],[-59,7],[-36,-23],[-8,-23],[-25,-13]],[[46610,13699],[43,-118]],[[46653,13581],[76,-210]],[[46729,13371],[-55,4],[-46,-49],[-30,-15],[-32,1],[-14,-34],[-50,-10],[-20,-23],[-54,7],[-25,14],[-27,45],[-41,-15],[-63,8]],[[46962,13103],[23,-56],[61,-48],[-37,-6],[-64,11],[-9,-96]],[[46936,12908],[-41,9],[-166,454]],[[46729,13371],[46,-30],[81,-72],[37,-17],[61,-45],[-1,-103],[9,-1]],[[18975,6362],[16,-31],[-42,-45],[18,-29],[-1,-71],[-17,-10],[0,-43]],[[18949,6133],[-24,-38],[-4,-44]],[[18921,6051],[-22,6],[-55,-8],[-149,8],[-2,47],[-52,-4]],[[46962,13103],[103,-14],[30,-41]],[[47095,13048],[14,-90],[-6,-35]],[[47103,12923],[-82,-5],[-39,-21],[-46,11]],[[24004,41022],[0,59],[9,39],[25,63],[27,161],[114,-2]],[[36884,28443],[-6,-182],[12,-34],[-29,-30],[-4,-79],[-11,-29],[11,-20],[0,-108]],[[36857,27961],[0,-200]],[[36857,27761],[-2,-49],[-16,-37],[-19,-21],[-1,-77],[16,-32],[6,-49],[29,-25]],[[36870,27471],[-39,-45],[-58,-14],[-114,18],[-72,37],[-43,2],[-113,-11]],[[37120,28257],[-34,-22],[-12,-20],[-78,-50],[-1,-61],[-34,-2],[1,-141]],[[36962,27961],[-105,0]],[[20122,8081],[7,-28],[21,-19],[-20,-75],[-42,-19],[-6,-37],[-28,-21],[-15,-36],[-16,-67],[-26,-30],[8,-38],[-38,-35],[-8,-27],[27,-33],[4,-40],[17,-33],[-31,-92],[46,-97]],[[20022,7354],[23,-37],[14,-43],[-4,-77]],[[20055,7197],[-8,20],[-41,11],[-56,-1],[-68,-11],[-34,25],[-47,6],[-32,-6],[-40,-24],[-63,16],[-12,11],[-37,-8],[-25,-45],[-30,-36],[-10,-53],[-12,-17],[-35,-5],[-25,21],[-17,35],[-23,0]],[[19440,7136],[-51,-21],[-18,-29],[-39,-15]],[[19332,7071],[-49,-4],[-14,10],[0,89],[-19,16],[-29,-7],[-41,19],[-36,7],[-11,-45],[-40,27],[-34,-7],[-34,-34],[-65,-17]],[[18960,7125],[-38,51],[8,79],[-7,47],[24,33],[-10,43],[-33,37],[-59,-5],[-28,10],[-44,79],[-43,3],[-13,-22],[-36,-15]],[[20705,6338],[-70,-10],[-81,-3],[-35,17],[-23,52],[14,108],[-14,47],[-34,65],[14,86],[34,67],[8,38],[-5,24],[-39,3],[-33,-8],[-83,-35],[-40,-4],[-73,3]],[[20211,6784],[-3,37],[49,17],[19,19],[-6,21],[-33,25],[-21,-2],[-13,35],[25,5],[20,26],[44,8],[34,34],[-18,20],[-29,-2],[-25,53],[18,26],[-59,83],[-51,44],[-40,25],[-33,50],[0,58],[-31,3],[-36,-15]],[[20000,7075],[-1,38],[35,-6],[20,12],[1,78]],[[19759,6917],[-107,31],[-74,10],[-10,24],[73,27],[18,27],[-17,14],[-39,1],[-39,-19],[-87,30],[-33,51],[-4,23]],[[18921,6051],[12,-46],[-1,-36],[-20,-39],[-41,-18],[-75,27],[-64,-2],[-39,-15],[-56,9]],[[19332,7071],[-3,-437],[-7,-43],[2,-53]],[[19324,6538],[-34,56],[-50,2],[-130,14],[-13,130],[-12,24],[34,135],[-1,46],[-16,7],[-43,44],[-9,19],[-60,14],[-21,33],[3,29],[-12,34]],[[19324,6538],[-3,-42],[-17,-34]],[[19324,6538],[63,-12]],[[19402,6370],[-15,-36],[-41,-27],[-47,-2]],[[19299,6305],[-16,78],[-1,27]],[[18949,6133],[35,10],[29,-14],[22,-31],[52,-27],[36,6],[35,43],[4,28],[-24,72],[-8,61],[29,51],[49,13],[91,-40]],[[19299,6305],[19,-90],[-2,-32],[-42,-46],[-20,-32],[-34,-127],[4,-39],[30,-37],[9,-53],[19,-31],[26,-10],[65,14],[42,-19]],[[19415,5803],[-18,-52],[-2,-29],[25,-39],[9,-96],[14,-33],[-5,-47],[-24,-29],[-21,-57],[-4,-37],[41,-85],[-5,-51],[4,-71],[11,-27],[1,-101],[-24,-84]],[[19417,4965],[-91,0]],[[19411,6364],[15,-27],[39,-9],[33,-38],[39,-6],[24,-36],[31,-8],[29,-77],[-126,-66],[-60,45],[-37,45],[-13,-27],[27,-96],[18,-39],[-8,-61],[22,-43],[-5,-67],[-24,-51]],[[18345,14089],[15,-56],[-7,-189],[9,-41],[142,-404],[5,-36],[-16,-514],[1,-13],[47,-191]],[[18541,12645],[-87,1],[-3,-47],[-239,4],[-35,24],[1,29],[-159,5],[-19,5]],[[19305,12399],[-2,-113],[-10,-290]],[[19027,12223],[2,74]],[[19017,12399],[288,0]],[[19010,12639],[26,-12],[309,-10],[246,-4]],[[19591,12613],[136,-4],[-4,-164]],[[19723,12445],[-83,-37],[-58,-10],[-277,1]],[[19017,12399],[-19,46],[5,173],[7,21]],[[18359,11950],[-100,1],[-3,-73],[-176,3]],[[18069,11506],[68,-2],[55,-24],[64,-58],[8,31],[-4,60],[162,-3]],[[18422,11510],[-5,-176]],[[18071,11578],[199,135],[25,13],[57,6]],[[18352,11732],[39,0]],[[18424,11660],[-2,-150]],[[18976,11111],[29,2],[7,66],[2,103],[63,-3],[14,19]],[[46785,10346],[30,-4],[22,-31],[814,6],[234,3],[-4,368],[15,-6],[139,1],[-1,81],[16,10],[111,-27],[59,-4],[39,-19],[33,-41],[35,-25],[14,-33],[-5,-83],[7,-39],[27,-5]],[[48370,10498],[3,-96],[23,-52],[38,-45],[108,-82],[124,-46],[112,-55],[62,-38],[44,-33],[29,-32]],[[47488,8956],[-8,23],[8,28],[-1,129],[-4,5],[-205,-1],[-56,-5],[-28,4],[-226,8]],[[46495,8551],[-134,-3],[-311,-12]],[[46994,12300],[154,-1],[1,70],[196,0],[20,-25],[33,-3],[21,18],[28,-23],[24,35],[46,-12],[50,2],[19,49]],[[47586,12410],[72,16],[65,3],[75,-28],[18,-35],[3,-44],[-16,-59],[-47,-115]],[[47756,12148],[-34,-2],[-47,11],[-64,4],[-58,-11],[-129,2],[7,-16],[5,-93],[-71,-7],[-81,-3],[-36,-6],[5,-124],[35,-5],[0,-70],[-35,13],[-28,46],[-23,7],[-25,-14],[-13,51],[19,23],[-6,39],[-28,3],[-44,-17],[-18,2],[-30,23],[-16,36]],[[46793,11174],[273,-1],[43,173],[46,12],[34,-16],[33,-54],[-4,289],[23,-7],[13,76],[27,-9],[54,-2],[71,-26],[2,-97],[31,-13],[28,-30],[68,-1],[40,-8],[46,-27],[74,15],[19,21],[8,43],[-10,89],[-26,45],[8,46],[13,20],[4,64],[30,21],[15,-5],[66,19]],[[47822,11811],[10,-27],[68,-135],[67,-130],[24,-91],[73,-137],[84,-130],[45,-51],[148,-115],[36,-50],[41,-86],[24,-85],[-8,-89],[-33,-111],[-31,-76]],[[47350,8636],[-322,-2]],[[47756,12148],[-11,-67],[38,-147],[6,-38],[33,-85]],[[40075,26119],[-2,-90],[-15,-21],[5,-57],[-27,-44],[8,-49],[-4,-61],[22,-25],[23,-46],[0,-28]],[[40363,26721],[4,-20],[-42,-7],[-7,-42],[33,-7],[0,-60],[49,-76],[-2,-27],[21,-41]],[[40419,26441],[-60,-6]],[[40217,26481],[12,18],[23,77],[19,86]],[[39785,26525],[26,13],[125,-11]],[[40419,26441],[40,1],[43,23]],[[40651,26480],[0,-1]],[[40647,26281],[-288,4]],[[41764,25065],[-48,-111]],[[41245,26980],[-49,46]],[[39628,25668],[144,1]],[[39599,25483],[1,45],[22,15],[-12,31],[33,64],[-15,30]],[[40127,25704],[22,5],[28,30],[53,23],[37,-10],[59,20],[28,0]],[[40358,26119],[-1,-71]],[[40357,26048],[-3,-276]],[[40644,26089],[0,-26]],[[40644,26063],[-216,3],[-44,-5],[-27,-13]],[[41734,28249],[37,-28],[160,-90]],[[41385,27941],[-15,29]],[[39241,24792],[-1,-27]],[[23356,36566],[30,-1],[34,-32],[1,50],[-11,51],[32,16],[19,-25],[22,-3],[160,-5],[29,-3],[9,97],[20,13],[204,-7],[8,44],[13,14],[9,66],[19,9],[-12,44],[-13,-2],[-27,35],[24,40],[40,3],[7,36],[64,120],[17,47],[4,41],[14,46],[-12,75],[1,52],[-26,54],[-37,12],[-34,73],[0,52],[-40,9],[-49,-23],[4,157],[-11,31],[-73,92],[-14,33],[6,175],[-21,61],[3,33],[24,50],[166,-4],[6,-36],[41,-2],[26,39],[11,84],[-6,19],[440,-15],[-39,69],[-63,79],[-14,30],[8,85],[61,4],[46,-15],[84,-5],[80,26],[90,-8]],[[24730,38546],[-7,-55],[24,-44],[-6,-177],[-15,-28],[6,-32],[-22,-35],[14,-43],[225,-6],[16,69],[-12,74],[204,-2],[5,10],[49,-12],[118,-2],[35,-49],[-16,-50],[11,-26],[37,-17],[128,-6],[3,143],[32,-1],[13,35],[71,-11],[98,6],[-1,-34],[286,-6],[-1,-73],[192,0],[159,-4]],[[26376,38170],[-3,-184],[-11,-439],[-7,-160],[-4,-144],[-21,-571],[-9,-356],[-2,-144],[-7,-213],[-3,-287]],[[25522,36975],[14,27],[-20,27],[-9,35],[3,45],[14,3],[21,49],[-17,20],[29,24],[30,43],[-29,8],[-30,33],[10,41],[24,25],[-17,57],[-38,19],[-6,-35],[-67,3],[-2,-35],[-69,1],[-17,-33],[-126,3],[3,53],[-27,-6],[-15,22],[-51,27],[-52,-5],[-28,-21],[-165,4],[-73,3],[-19,-37],[-3,-111],[-6,-71],[-27,-99],[-105,0],[-3,-33],[37,-30],[-12,-29],[24,-20],[63,2],[-11,-36]],[[24750,36948],[-130,4],[-16,-17],[-2,-28],[50,-20],[38,-56],[-11,-17],[3,-50],[-48,-24],[-3,-74],[-34,1],[-26,-15],[-50,-91],[-3,-141],[-10,-7],[-29,-88],[-28,-28],[-7,-24],[-29,0],[-8,-107],[17,-71],[56,-1],[39,-49],[15,-59],[38,6],[44,-7],[157,-3],[203,-2],[-15,158],[0,40],[16,109],[2,52],[-10,91],[8,64],[35,5],[6,52],[106,-2],[2,72],[194,-4],[11,-6],[5,-66],[315,-6],[-30,36],[-21,-3],[-16,29],[13,31],[-20,15],[-15,40],[-38,-5],[2,67],[-18,41],[32,3],[17,51],[-24,11],[-18,27],[10,20],[-18,28],[15,45]],[[39275,27290],[48,-2]],[[39150,27167],[-39,-29]],[[39054,27216],[99,40],[38,35]],[[38983,27471],[77,-1],[17,10],[91,-2]],[[39186,27389],[-51,7],[-62,-9],[-59,-31]],[[38030,28929],[44,64],[32,13],[92,3],[31,-28],[8,-23],[-18,-33],[-65,-29],[-8,-38],[15,-15],[56,9],[23,-11],[-10,-43],[25,-10],[28,16],[52,-22],[15,-54],[71,52],[-30,43],[-50,13],[-30,-15],[-27,33],[24,27],[53,33],[48,-16],[28,-38],[26,-5],[72,16],[-18,17],[-22,47],[-60,45],[0,38],[26,18],[234,4]],[[38695,29040],[1,-79],[29,-28],[90,-112],[24,-17],[62,-63],[56,-122],[39,-44],[92,-49],[186,-107],[33,-26],[70,-3],[64,7]],[[39441,28397],[4,-65],[-1,-94],[84,-1],[321,5],[143,-3],[7,-48]],[[39985,27928],[-45,-35]],[[39836,27884],[-213,-56]],[[38453,28136],[-45,65],[-65,77],[-44,64]],[[38595,27551],[35,43]],[[38042,27971],[3,59],[38,49],[4,48]],[[37928,27750],[-6,-26],[-21,-18],[-68,-18],[-52,-45],[-32,-6],[-31,-28],[-50,3],[-37,-31]],[[37514,27674],[-126,103]],[[37388,27777],[32,0],[398,-23],[110,-4]],[[39441,28397],[27,3],[74,26],[34,19],[62,57],[78,95],[73,75],[13,18],[72,39],[59,78],[95,150],[33,88],[-6,56],[13,50],[45,73],[28,59],[33,30],[41,24],[87,34],[51,-9],[32,6],[77,-36],[79,-1],[98,-11],[103,-35],[73,-35],[277,-145],[63,-49],[80,-48],[61,-21],[76,-47],[26,-6],[88,-1],[81,6],[105,-14],[54,-22],[44,4],[51,-14],[64,-45],[86,-39],[56,-34],[72,-69],[120,-126],[55,-14],[150,-80],[55,-34],[89,-75],[86,-43],[63,-48],[140,-85],[30,-57],[2,-60],[-42,-222],[-23,-92]],[[40394,27987],[-22,-13],[-61,-66],[-137,-216]],[[40174,27692],[-59,45]],[[40115,27737],[26,248],[15,58]],[[40066,27775],[49,-38]],[[10998,37075],[28,2],[279,-6]],[[11343,34189],[3,203],[-4,29],[-31,7],[6,336],[-50,-6],[-22,10],[-2,33],[-102,1],[-2,36],[-179,2],[-16,15],[-3,59],[5,283],[-71,0]],[[10984,34193],[-268,-1]],[[23413,11597],[66,-1],[3,55],[64,-15],[20,-28],[7,-49],[77,-1],[64,10],[37,-10],[33,11],[41,-8],[55,17],[40,-2],[6,-43],[-4,-91],[8,-24],[52,-8],[101,-4],[-9,68],[91,-2],[37,-74],[-7,-41],[15,-24],[21,-71],[21,1],[10,146],[9,44],[29,70],[62,53],[8,-4],[272,-10],[8,-35],[54,-2],[6,-16],[34,-21],[63,-1],[5,72],[545,-5],[176,-4],[24,20],[4,30],[27,23],[8,25],[3,145]],[[25599,11793],[68,4],[50,41],[69,-21],[50,-9],[74,-65],[44,-58],[45,-28],[21,-1],[51,-22],[58,-4],[66,-52],[41,-75],[25,-1],[25,28],[300,-8],[-2,-71],[69,-2],[2,54],[34,-1]],[[26690,11372],[-196,15],[-50,-18],[-89,-87],[-64,-36],[-281,-53],[-41,-2],[9,-27],[-42,-8],[-76,-36],[-44,-5],[-75,-38],[-24,-39],[-59,-39],[-24,-24],[-48,-17],[-2,-56],[-68,3],[-2,-73],[-63,1],[-4,-16],[-4,-147],[-23,-85],[-7,-42]],[[25599,11793],[2,70],[-22,32],[-8,31],[-39,42],[-7,115],[27,57],[-9,30],[-30,34],[5,36],[-26,31],[8,32],[25,21],[5,100],[-12,56],[7,35],[-24,51],[-13,53],[-34,25],[6,50],[3,99],[14,21],[42,32],[47,25],[0,78],[-18,45],[1,20],[23,22],[40,95],[2,42],[-49,31],[-12,37],[-31,12],[-35,40],[-47,1],[-39,-35],[-119,8],[-43,-5],[-33,-12],[-43,-54],[-12,-25],[-169,-63],[-37,-50],[-7,-33],[-44,-78],[-6,-34],[-18,-32],[-46,-42],[-17,-43],[-40,-25],[-49,71],[19,103],[18,60],[-2,118],[9,79],[40,13],[6,208],[-70,3],[-20,11],[-19,32],[-34,11],[-33,-20],[-32,5],[-2,-69],[-20,-36],[-822,20],[-195,6],[-13,-36],[-39,8],[-80,67],[-74,27]],[[10088,10465],[120,-2]],[[11472,10448],[-3,-141],[-17,-14],[16,-37],[-14,-527],[-273,0],[-269,6],[3,143],[-135,2],[-4,-143],[-131,4],[-22,18],[-31,0],[-45,-17],[-24,-38],[-235,6],[-57,-5],[-19,-17]],[[41150,27682],[-149,117]],[[40932,27702],[10,27],[39,56],[20,15]],[[41080,27600],[-59,46],[-6,-7],[-83,63]],[[40877,27610],[6,19],[49,73]],[[40990,27498],[-98,34],[-45,3]],[[40847,27535],[-8,13],[36,47],[2,15]],[[40664,27432],[152,92],[31,11]],[[26376,38170],[8,277],[12,656]],[[27844,39100],[-4,-60],[35,-25],[-9,-347],[-144,7],[-5,-143],[-217,8],[-7,-277],[-26,-9],[-249,7],[-13,-576],[-4,-212],[272,-176],[129,5],[18,19],[27,-9],[32,-35],[12,9]],[[27691,37286],[8,-38],[56,2],[-4,-156],[-143,3],[-13,-579],[13,0],[-6,-286]],[[17334,33487],[81,2],[271,-2],[0,-283],[-68,-1],[2,-164],[-68,0],[-3,25],[-67,-1],[0,-139],[-137,-6],[-93,1],[1,-90],[-41,-126]],[[17212,32703],[-81,0],[0,36],[-146,-9],[-2,475],[-3,174],[0,109],[105,1],[181,-3],[68,1]],[[17248,35759],[2,-419],[143,2],[3,-445],[11,-97],[-5,-452],[-5,-34],[6,-55],[-3,-65],[-1,-135],[4,-194],[-6,-54],[-64,-146],[1,-178]],[[17212,32703],[-51,-147],[180,0]],[[15705,31763],[-84,-35],[-61,2],[-73,20],[-76,12],[-54,-2],[-94,-24]],[[15258,34874],[0,463],[3,118],[3,277]],[[27691,37286],[-21,42],[18,46],[345,-8],[578,-11],[0,-34],[106,-2],[5,-34],[68,-2],[2,134],[108,10],[3,211],[18,3],[265,-4],[-5,-275],[8,-24],[-3,-133],[277,1],[285,-5]],[[24730,38546],[20,26],[12,486],[34,12],[-5,60],[-28,30],[-30,52],[5,17],[-34,39],[-9,26],[9,60],[-1,38],[17,125],[-11,29],[20,24],[14,126],[28,79],[11,54],[-24,31],[0,45],[19,34]],[[25522,36975],[-47,-5],[-197,6],[1,55],[-61,1],[-84,-7],[-81,2],[0,-12],[-95,1],[-3,-37],[-66,-4],[-42,8],[-65,21],[-2,-56],[-30,0]],[[8929,28605],[-97,7]],[[8832,28612],[0,217]],[[41319,7814],[2,257],[-41,-26],[-40,-11],[26,56],[-11,96],[-21,-14],[-18,-33],[-35,-38],[-21,-8],[-19,31],[-23,-13],[-53,22],[-78,1],[-21,15],[44,24],[54,80],[-2,37],[38,4],[49,35],[41,67],[130,-5],[4,16],[10,540],[-67,40],[-27,-18],[-41,-7],[-12,-42],[-39,6],[-26,28],[-49,23],[-62,-12],[-161,-11],[-48,-20],[-24,-2],[-41,-35],[-25,-11],[-20,43],[-59,60],[3,204]],[[40684,7899],[-300,8],[-24,-12]],[[40677,7645],[-50,8],[1,-36],[-46,-2],[-137,224],[-133,0]],[[9446,28359],[-280,16],[6,77],[10,211]],[[8832,28180],[0,432]],[[12872,5722],[18,573]],[[14174,6249],[-7,-214],[-66,4],[-5,-203],[4,-9],[89,-30],[48,31],[27,34],[19,-30],[30,19],[33,-5],[19,-18],[26,2],[32,-22],[27,20],[14,-29],[65,-5],[70,-31],[21,33],[25,6],[25,22],[16,-37],[59,-24],[14,6],[79,-28],[88,-2],[16,-16],[1,-50],[16,-55],[25,-14],[25,21],[230,-11]],[[15516,5221],[-25,-9],[-22,13],[-37,69],[-23,29],[-26,15],[-27,-11],[0,-26],[59,-136],[0,-28],[-37,-21],[-80,14],[-30,-11],[-14,-37],[20,-61],[25,-47]],[[15299,4974],[-326,-1],[-529,-2],[0,3],[-249,-1],[-386,0],[-958,-3]],[[12851,4970],[1,106],[20,646]],[[21541,4963],[-356,0],[-403,3],[-275,0],[-145,-2],[-124,1],[-274,-3],[-378,1],[-169,2]],[[21191,10791],[3,7],[13,624],[0,89],[70,-1],[2,106],[47,53],[5,23],[-23,12],[-27,31],[-22,53],[-71,76]],[[32967,20873],[-80,143],[-187,-3],[-31,36],[-21,2],[-35,-34],[-38,19],[-41,-22],[-175,-2],[2,108],[-143,1],[-4,49],[-12,23],[-31,6]],[[10284,32520],[119,292]],[[10403,32812],[152,369]],[[10555,33181],[325,1],[1,51],[-45,24],[10,39],[-26,29]],[[11294,32912],[-51,-16],[-91,1],[-31,-8],[-233,-133],[-126,-83],[-196,-81],[-58,-19],[-119,-23],[-33,-14],[-76,-61]],[[10258,32465],[26,55]],[[5573,40142],[-198,-3],[0,-19],[-36,-17],[-53,-3],[-19,-46],[-43,-12],[-28,-18],[-2,-27],[-37,1],[-4,-20],[-79,-1],[-1,-127],[-20,-15],[-158,0],[-316,3],[-42,7],[-28,-5],[-108,2],[2,129],[5,47],[1,127],[-10,75],[1,42],[-10,22]],[[4390,40284],[35,64],[23,13],[105,0],[3,141],[73,1],[-3,86],[-1,270],[4,430],[-299,8],[-275,8],[-212,2],[2,-190],[-53,20],[-88,55],[-16,-28],[-60,1],[-2,-275],[-5,-22],[-1,-201],[-420,6],[-48,-11],[-210,0],[-51,24]],[[2891,40686],[-4,65],[-24,54],[-28,26],[-42,21],[-104,16],[-32,11],[-28,24],[-30,45],[-15,69],[-3,67],[-20,57],[-33,35],[-47,27],[-89,32],[-39,30],[-42,43],[-64,81],[-35,84],[-2,50],[11,57],[25,55],[34,47],[16,38],[11,53],[2,52],[-22,81],[-46,75],[-47,37],[-65,21],[-105,-7],[-66,3],[-61,19],[-80,58],[-69,37],[-66,12],[-17,25]],[[4390,40284],[-30,-8],[-144,49],[-43,-11],[-32,-59],[-73,-94],[-33,-31],[-32,-60],[-4,-83],[-23,-18],[-45,62],[-16,40],[-31,18],[-789,11],[-35,8],[-106,67],[-55,2],[-221,-66]],[[2678,40111],[-5,31],[10,65],[27,38],[48,54],[13,34],[0,59],[-16,80],[17,59],[34,40],[52,41],[22,31],[11,43]],[[5915,38564],[-69,22],[-57,5],[-39,-10],[-27,-23],[-43,-61],[-12,-44],[8,-93],[-14,-50],[-26,-32],[-38,-30],[-32,-11],[-86,-3],[-75,-10],[-109,-20],[-75,4],[-39,12],[-62,37],[-95,41],[-77,10],[-103,48],[-38,37],[-23,52],[-5,34],[9,76],[-12,48],[-17,23],[-61,28],[-43,-1],[-94,-52],[-55,-16],[-76,1],[-74,29],[-32,25],[-14,26],[-5,38],[6,41],[23,49],[13,45],[-5,88],[-31,50],[-57,32],[-57,14],[-82,-6],[-43,2],[-35,10],[-67,36],[-56,62],[-32,56],[-60,87],[-19,16],[-131,67],[-91,61],[-31,39],[-19,58],[1,51],[-9,55],[-22,48],[-44,38],[-79,24],[-59,34],[-78,91],[-78,32],[-54,0],[-143,-43],[-65,-1],[-85,35],[-34,25],[-40,40],[-20,31],[-26,64],[-18,76]],[[6908,36728],[-1,-42],[-22,-103]],[[9831,31804],[35,94]],[[10023,32187],[56,-81]],[[10079,32106],[49,-58]],[[8889,32407],[22,-1],[45,-43],[54,-6]],[[9010,32357],[-5,-35],[-32,-110],[-6,-87]],[[8967,32125],[-82,0]],[[10345,31826],[13,-4],[104,-2],[26,6],[1,66],[-21,5],[0,64],[-6,74],[-42,3],[0,62],[-60,-3],[-11,7]],[[10349,32104],[45,93]],[[9351,32121],[72,-30],[34,-6],[138,11]],[[9422,31792],[1,111]],[[9423,31903],[16,26],[4,46],[-20,21],[-75,3]],[[9348,31999],[3,122]],[[9010,32357],[23,-1],[44,-22]],[[9077,32334],[-1,-68]],[[9076,32266],[-1,-142]],[[9075,32124],[-108,1]],[[9076,32266],[50,3],[85,-29],[27,-19],[30,-49],[21,-22]],[[9289,32150],[-86,-14],[-33,-12],[-95,0]],[[9289,32150],[62,-29]],[[9348,31999],[-204,6]],[[9144,32005],[-70,0]],[[9074,32005],[1,119]],[[10293,31993],[31,48],[25,63]],[[9077,32334],[139,-1],[2,72]],[[9852,33326],[275,-1],[17,4],[158,-3],[313,0]],[[10615,33326],[-60,-145]],[[10403,32812],[-29,-60],[-241,0],[1,72],[-208,0],[-8,-18],[-28,0],[-32,-18],[-7,-35],[-139,3]],[[10284,32520],[-4,89],[-429,2],[-6,-53]],[[9392,31132],[-39,-32],[-53,-83],[-26,-33],[-66,-51],[-56,-25]],[[9051,30850],[-126,-73],[-62,9],[-26,25]],[[8837,30811],[-9,28],[8,39],[18,30],[106,134],[16,61],[2,81],[-15,35],[-24,21],[-59,27]],[[27046,25774],[-30,-21],[29,-65],[-1,-78]],[[27044,25610],[-60,23],[-39,29],[-35,16],[-44,9],[10,30],[4,106],[-26,54],[-39,29],[-137,74],[-12,28]],[[9283,31905],[140,-2]],[[9660,30199],[57,-65],[27,-8],[52,-35],[33,-37]],[[9829,30054],[6,129],[8,19]],[[10601,30872],[-80,-24]],[[10280,30692],[5,130],[-2,46],[5,110]],[[8922,30127],[12,53]],[[8904,30110],[-67,3]],[[8837,30113],[0,73]],[[8950,29965],[-115,5]],[[8835,29970],[2,143]],[[10231,30981],[-6,-71],[10,0],[-2,-91],[-32,-14],[-5,-31],[-29,1],[-2,-72],[-37,-3]],[[45975,6243],[-1,-160],[42,-25],[98,-21],[-4,-92],[-1,-135],[559,0]],[[46668,5810],[1,-425],[136,-1],[25,76],[35,-24],[-43,-56],[-16,-69],[109,1],[49,7],[47,-9]],[[47011,5310],[32,-85],[73,-125],[42,-56],[33,-53],[35,-71],[31,-45],[48,-48],[39,-54],[9,-33],[-2,-83],[-10,-50],[-18,-53],[-29,-49],[-80,-76],[-42,-51],[-13,-38],[-1,-77],[22,-69],[86,-127],[43,-67],[85,-154],[28,-65],[5,-47],[-27,-135],[-44,-112],[-28,-38],[-69,-54],[-47,-18],[-53,-6]],[[47159,3371],[0,229],[-69,0],[2,71],[-70,-2],[-1,26],[-61,37],[-94,95],[-65,206],[-143,74],[-48,-15],[-51,-35],[-117,-54],[-90,-17],[-67,-2],[-25,8],[-70,5],[-30,8],[-79,54],[-31,38]],[[46050,4097],[49,153],[17,46],[143,195],[0,106],[-6,4],[-132,-3],[1,74],[-149,-1]],[[45973,4671],[0,260],[4,246],[-1,60],[-23,32],[9,125],[3,109],[-5,11],[-137,1],[-109,8],[-144,-6],[-269,-4],[-142,-1],[-2,144],[-138,-1],[0,-144],[-141,1],[-159,-5],[3,7],[13,302],[3,429]],[[47360,5753],[-55,30],[-37,8],[-90,-10],[-65,-26],[-49,-37],[-58,-70],[-29,-55],[-12,-40],[-4,-61],[21,-93],[29,-89]],[[46668,5810],[0,34],[109,-57],[39,3],[122,34],[-11,132],[247,-1],[44,4],[1,32],[-51,259],[-2,60],[-9,19],[48,131],[143,0],[1,-392],[7,-86],[-16,-97],[85,6],[-41,-70],[-24,-68]],[[47978,7558],[-360,-10],[-407,-2],[2,-141],[-1,-221],[-335,-2],[-18,-18],[4,-33],[-18,-20],[-54,3],[-308,-4],[-221,-6],[-4,190],[-7,242],[-273,-9]],[[46050,4097],[-32,60],[-65,33],[-50,19]],[[45903,4209],[0,169],[69,2],[1,291]],[[48805,6291],[-33,6],[-90,-10],[-41,-12],[-125,-55],[-46,-49],[-32,-60],[-11,-43],[-22,-180],[-17,-77],[-53,-132],[-39,-88],[-12,-42],[-2,-54],[-13,-88],[-52,-136],[-30,-96],[-30,-107],[-31,-94],[-76,-137],[-76,-103],[-88,-98],[-34,-30],[-83,-40],[-56,-2],[-36,8],[-72,37],[-43,57],[-17,83],[17,67],[39,118],[30,66],[59,80],[33,73],[30,98],[9,73],[-18,124],[-38,117],[-29,62],[-25,39],[-62,38],[-117,30],[-72,8],[-41,11]],[[45903,4209],[-110,55],[-41,4],[-55,-16],[-41,-39],[-12,-36],[-8,-88],[3,-52],[-17,-17],[-40,-1],[-1,-24],[33,-30],[-6,-50],[-17,-54],[-23,-15],[-28,5],[-22,31],[-36,13],[-12,-38],[-42,1],[-204,-1],[-130,7],[-371,-1],[-62,1],[-149,-4],[-142,1],[-163,11],[-66,0],[-133,12]],[[26819,24946],[70,69],[30,54],[21,25],[34,21],[19,25],[6,40],[14,31],[69,68]],[[27293,25280],[11,-44],[-10,-34],[-1,-84]],[[27042,25583],[-48,10],[-75,-23],[-121,-15],[-31,0],[-139,18]],[[26628,25573],[12,42],[25,45],[-18,26],[-16,65],[-37,64],[-28,36],[-18,0],[-34,26],[-16,32],[-21,11]],[[26628,25573],[-71,23],[-51,-11],[-37,-31],[-30,-4],[-30,9]],[[9822,10757],[-8,-288]],[[6995,36796],[127,1]],[[7122,36797],[0,-142]],[[31310,29165],[35,-1],[38,33],[45,-9],[42,-50],[13,-90],[29,-22],[68,-16],[61,-35],[18,19],[44,-16],[23,31],[29,-11],[21,26],[35,16],[29,-33],[29,4],[-11,33],[54,1],[-15,50],[40,21],[26,1],[21,50],[32,-18],[16,4],[61,-43],[26,-38],[52,-2],[15,34],[76,42],[6,26],[36,-1],[-1,-36],[143,-6],[3,110],[8,11],[84,-126],[45,-1],[4,-37],[173,-8],[5,-36],[141,-4],[3,146],[105,7]],[[33017,29191],[74,-1],[-7,-327],[-18,-5],[-1,-32],[-18,-4],[-6,-344],[-13,-35],[36,-49],[13,-33],[10,-71],[-22,-36],[12,-94]],[[33146,30019],[17,-39],[407,-1],[181,5],[139,14],[91,-12],[64,-2],[3,73],[105,-1]],[[33017,29191],[0,32],[17,18],[-10,44],[-1,47],[19,15],[-6,28],[15,34],[21,19],[-17,46],[7,34],[-22,40],[9,48],[-16,44],[26,42],[-8,37],[-16,27],[17,14],[3,28],[22,16],[-10,22],[9,86],[20,2],[0,32],[13,33],[37,40]],[[31336,29969],[69,-2],[9,-37],[30,-2],[-2,-50],[58,-2],[20,86],[34,0],[6,71],[61,-1],[8,7],[1,64],[219,-3],[-5,-144],[248,-8],[4,-35],[99,0],[5,240],[61,15],[278,-18],[-1,91],[2,135],[287,-14],[52,-55],[44,-2],[14,-23],[63,-24],[2,32],[37,5],[54,-68],[20,17],[30,-17],[22,-33],[49,30],[20,52],[60,27],[9,-48],[-72,-46],[-61,-77],[11,-54],[-31,-40],[-4,-19]],[[40640,25772],[4,291]],[[39494,25666],[108,2]],[[39602,25668],[26,0]],[[39506,25344],[14,35],[-7,32],[-20,30],[0,124]],[[39602,25668],[-43,50],[-50,22],[-18,26],[-50,29],[-13,25]],[[19623,14048],[-9,-490]],[[19614,13558],[-92,-68],[-36,-44],[-63,-29],[-40,28],[-48,0],[-2,-17],[-62,10],[-75,-26],[-102,4],[-29,5],[-43,-11],[-32,1],[-5,-177],[6,-29],[-110,0],[-8,-286],[-137,4],[-5,-142],[9,-34],[-11,-38],[4,-21],[28,-24]],[[18761,12664],[-29,19],[-72,-48],[-20,7],[-99,3]],[[40668,27773],[209,-163]],[[8838,30505],[41,-6],[-7,55],[47,94]],[[8979,30640],[-3,-83],[-29,-37]],[[8947,30520],[-8,-3],[-6,-121]],[[8933,30396],[-89,4],[-7,6]],[[8837,30406],[1,99]],[[8838,30505],[0,228],[-1,78]],[[9098,30645],[-44,-8]],[[7333,37225],[17,0],[1,-71]],[[7351,37154],[11,-81]],[[7362,37073],[-116,6]],[[31371,21243],[-96,5],[-203,6],[-9,5],[-20,97],[-23,14],[-43,-3],[-89,-35],[-8,-31],[-42,-6],[-236,8],[-3,34],[-138,2],[0,-19],[-35,-6],[0,-49],[-149,-6],[-19,31],[-10,76],[1,46],[-37,4],[-13,33],[-17,3],[-7,39],[-44,25]],[[28415,19912],[-411,4],[-14,5],[-107,6],[-389,17],[-94,8],[-126,1],[-102,4],[0,12]],[[18197,10865],[3,127],[34,-1],[27,23],[2,66],[77,-2],[3,68]],[[19723,12445],[-7,-178]],[[18610,11508],[158,-2]],[[18589,11437],[21,71]],[[18422,11510],[188,-2]],[[18761,12664],[13,-7],[60,21],[32,-5]],[[18866,12673],[-1,-82],[9,-4],[-1,-64],[7,-6],[-2,-70],[-18,-1],[-1,-47]],[[18652,12399],[-8,57],[-68,77],[-14,27],[-21,85]],[[19602,13076],[2,-27],[20,-43],[25,-1],[35,34],[399,-10],[35,4],[1,53],[19,48],[-15,40],[33,32],[2,36],[103,-1],[-3,-107],[74,-6],[30,-32],[69,-1]],[[19591,12613],[11,463]],[[19602,13076],[3,173],[9,309]],[[18610,11508],[1,66]],[[18791,11940],[1,68]],[[18357,11878],[-5,-146]],[[18866,12673],[49,3],[35,-24],[60,-13]],[[47081,12794],[49,5],[29,27],[34,15],[82,2],[-10,20],[4,40]],[[47269,12903],[91,-12],[-6,-28],[30,-4]],[[47384,12859],[-18,-48],[-6,-57],[24,-73],[46,-74],[53,-76],[45,-52],[48,-71],[10,2]],[[46994,12300],[-3,44],[-2,181],[44,84],[42,107],[6,78]],[[46459,14321],[47,1],[118,87],[70,17],[139,86],[0,-38],[20,-63],[15,-14],[57,-25],[47,-4],[58,-27],[34,35],[58,17],[97,36],[-4,-51],[7,-80],[65,-28],[59,-19],[24,3],[46,-14],[26,3],[33,23],[53,-2],[87,-45],[69,74],[50,4],[17,28],[37,26],[57,52]],[[47845,14403],[83,-109],[28,-49],[43,-102],[57,-176],[43,-149],[3,-59],[-12,-74],[-33,-162],[-13,-79],[-28,-77],[-32,-38],[-44,-15],[-71,-33],[-176,-14],[-73,-25],[-39,-26]],[[47581,13216],[-24,10],[-23,-8],[3,-30],[-93,-48],[-35,34],[-25,-4],[-4,-29],[-58,9]],[[47021,13465],[-14,-54],[-25,-28],[-30,2],[-38,-16],[-10,41],[-21,29],[-50,23],[-26,28],[-75,35],[-34,2],[-24,17],[-21,37]],[[47103,12923],[120,-15]],[[47081,12794],[22,129]],[[44761,14858],[49,-9],[20,18],[85,10],[43,-38],[42,-16],[65,-5],[16,-34],[29,-22],[80,-20],[56,7],[70,32],[37,4],[28,-9],[119,-2],[3,-41],[-7,-31],[33,0],[20,21],[36,-3],[66,-45],[2,-100],[60,-7],[18,-17],[17,20],[9,83],[64,-27],[180,-2],[11,-15],[-8,-70],[12,-35],[-13,-118],[40,0],[26,20],[141,0],[18,-8],[99,-16]],[[46051,13346],[2,-19],[-21,-94],[-47,6],[-35,32],[-34,10],[-185,6],[-38,6],[-36,-44],[1,-34],[-45,25],[-12,16],[-87,0],[-13,48],[3,32],[-30,9],[-12,30],[21,5],[28,59],[-31,48],[-14,50],[28,15],[13,56],[-12,17],[-2,38],[-16,16],[-82,12],[-71,-18],[0,44],[-14,92],[0,30],[-55,69],[-16,45],[-24,12],[-14,-18],[-66,7],[-2,-57],[-38,-36],[-49,-10],[3,30],[-9,31],[-48,0],[-55,19],[-26,25],[-75,-2],[-25,18],[-44,2],[-12,-26]],[[47335,15520],[1,-87],[40,-216],[40,-72],[21,-24],[41,-78],[21,-51],[19,-77],[25,-71],[35,-73],[114,-199],[26,-37],[127,-132]],[[46266,13253],[-29,-240],[7,-51],[-22,-192],[7,-96],[13,-55],[78,-61],[6,-27],[-12,-57],[-22,-29],[-1,-20],[23,-49],[-1,-100],[-20,-96],[-15,-100],[-38,-42],[-7,-76]],[[47168,13172],[-53,-22],[-20,-102]],[[47581,13216],[-14,-17],[-30,-64],[-16,-20],[-83,-71],[-30,-56]],[[47408,12988],[-41,15],[-63,-1]],[[10646,22208],[70,-2],[-2,-90],[35,41],[16,30],[21,-56],[-4,-141],[130,-3]],[[10912,21987],[791,-25],[251,-7],[825,-26],[86,-2]],[[13057,21922],[-4,-129],[-36,-956]],[[13017,20837],[-14,-351],[-10,-317]],[[10484,20350],[35,935],[-125,91],[-2,33],[-35,11],[23,35],[-2,21],[39,21],[51,-5],[17,19],[31,-2],[13,44],[9,291],[33,50],[28,24],[42,75],[1,71],[-34,3],[3,103],[34,3],[1,35]],[[47408,12988],[-14,-61],[-10,-68]],[[9225,29670],[81,-5],[19,8],[71,-13]],[[9256,29561],[-8,39],[-23,43],[0,27]],[[9476,28789],[130,-10],[130,-6]],[[10294,24488],[-16,-5],[-7,-337],[139,-3],[-6,-286],[-139,4],[-16,-656],[-4,-202],[321,-7],[-3,-143],[241,-5],[8,-8],[-62,-82],[-17,-52]],[[10733,22706],[-9,-358],[-77,2],[9,-21],[-7,-48],[5,-48],[-8,-25]],[[8786,20401],[3,455],[1,425],[5,417],[3,287],[-2,577],[0,351],[-4,449],[-1,693],[1,286],[3,186]],[[10733,22706],[102,-2],[-9,69],[46,-6],[-1,-64],[76,-3],[20,-18],[41,-19],[16,4],[41,-19],[16,-69],[-11,-37],[15,-31],[38,-27],[10,-24],[-13,-55],[10,-28],[-36,-38],[-24,-8],[7,-24],[-14,-72],[-23,-27],[-23,-61],[-23,-12],[-13,-27],[-59,-40],[-10,-81]],[[41297,24184],[4,-30],[94,-4],[10,-60],[-37,-80],[-35,-14],[-18,-31],[6,-37]],[[6680,43134],[74,-1],[-2,-54],[40,-5],[36,8]],[[41767,27311],[23,-99]],[[41397,24310],[3,110],[6,35]],[[41575,24329],[-22,-117],[-32,-124],[-29,-56],[-24,-26],[-108,-91],[-25,-33]],[[47159,3371],[-116,9],[-161,45],[-143,7],[-39,-8],[-38,-17],[-39,-44],[-30,-64],[-3,-65],[7,-22],[57,-115],[90,-64],[118,-92],[44,-50],[178,-101],[84,21],[33,-28],[23,-45],[15,-109],[-1,-89],[-29,-35],[-55,-17],[-55,27],[-38,8],[-46,-6],[-74,-65],[-28,-16],[-74,-27],[-114,-14],[-66,12],[-101,40],[-93,47],[-41,14],[-70,11],[-36,-1],[-166,-22],[-62,12],[-57,32]],[[46033,2540],[-19,32],[-99,-1],[-20,-72],[-47,-1],[-3,-44],[-84,-8],[-14,-117]],[[45747,2329],[-38,23],[-32,3],[41,87],[-75,-16],[-44,-4],[2,75],[-165,1],[-2,11],[-65,48],[-191,-203]],[[45178,2354],[-372,0],[-153,-3],[-413,7],[-233,8]],[[45455,49],[-678,-8]],[[44777,41],[-2,374],[136,0],[-1,323],[10,33],[-112,1],[0,109],[114,-1],[55,26],[-1,152],[339,1],[0,-69],[-54,-58],[53,-17],[0,-285],[138,2],[3,-583]],[[46194,2134],[109,-83]],[[46399,1463],[-182,104],[-37,32],[-196,255],[2,18],[-2,198],[184,1],[26,63]],[[45747,2329],[-62,-70],[-31,51],[-55,-87],[-23,-13],[-131,1],[-275,-3],[-1,125],[9,21]],[[46033,2540],[-36,-21],[-51,-106],[0,-33],[43,-57],[53,-58],[99,-89],[53,-42]],[[46646,1176],[-117,-78],[-112,-32],[-111,-44],[-67,-33],[-44,-39],[-49,-72],[-9,-21],[-14,-100],[-19,-204],[-21,-174],[-10,-48],[-30,-86],[-61,-87],[-39,-66],[-9,-40],[-479,-3]],[[44777,41],[-464,-5],[-290,-1]],[[9115,30530],[-58,3],[-2,-36]],[[9055,30497],[-12,23],[-69,-6],[-27,6]],[[27841,17492],[-5,69],[20,21],[-17,40],[16,15],[-9,49],[5,50],[-11,55],[-57,1]],[[27339,18672],[-14,26],[-1,106],[-5,36],[46,54],[-8,26],[-61,51],[-38,25],[19,34],[47,13],[52,-55],[34,-7],[87,21],[46,-11],[23,-22],[11,-41],[-19,-113],[55,-11],[34,4],[35,28],[81,30],[66,40],[20,-20],[-3,-35],[11,-54],[-23,-35],[-44,-23],[-29,-3],[-27,-17],[-86,-7],[-70,-48],[-27,-58],[4,-32],[70,-40],[41,-7],[20,24],[60,7],[24,-33],[40,-6],[49,19],[48,53],[15,52],[5,70],[24,23],[48,1],[103,-83],[24,-15],[66,-22],[40,3],[44,30],[16,25],[15,77],[-8,66],[-36,76],[1,40],[14,30],[74,72],[35,54],[22,5]],[[27687,17477],[-43,-10],[-29,23],[24,38],[-11,24],[5,34],[-77,6],[-24,-24]],[[9143,31910],[1,95]],[[8885,31839],[114,2]],[[8999,31841],[-1,-70]],[[8999,31841],[-1,167],[41,6],[35,-9]],[[9178,31789],[-1,-24]],[[37697,19478],[-26,5],[-4,-58],[7,-36],[17,-18],[-15,-84],[-18,3],[-41,-17],[-12,-40],[-39,-31],[-19,-28],[-37,-11],[-25,-45],[1,-20],[-30,-50],[-4,-60],[62,-28],[-5,-37],[34,-19],[112,-30]],[[37655,18874],[-43,-52],[-21,0],[-27,-29],[-80,2],[-30,12],[-90,-4],[-24,-33],[-48,-25],[-44,5],[-24,-7],[-17,-21],[-23,-4],[-26,-54],[-29,-26],[-50,2],[-41,-42],[-9,10],[14,37],[-17,53],[-4,41],[-21,23],[-7,62],[6,56],[-31,11],[-23,-38],[-52,27],[1,65],[-58,-11],[-47,1],[-90,16],[-71,-18],[-22,2],[-106,41],[-71,38],[-40,-7],[-109,36],[-100,-12],[-81,-23],[-60,-37],[-28,-10],[-50,-3],[-60,-34],[-44,-7],[-56,29],[-99,13],[-98,26],[-58,6],[-81,-7],[-45,21]],[[37655,18874],[63,15],[35,66],[34,34],[5,-68],[22,-50]],[[37814,18871],[-3,-116],[6,-44],[-25,-97],[27,-47],[62,-44],[34,-62],[1,-30],[33,-34],[10,-68],[-15,-43],[2,-35],[-68,-75],[42,-20],[83,-4],[1,-35],[54,-55],[74,11],[22,43],[65,36],[61,-31],[29,6],[7,16],[51,-2],[48,6],[40,18],[27,-20],[7,-25],[91,-16],[27,13],[5,40],[46,-3],[67,-15],[28,-27],[34,-9],[57,-48]],[[37814,18871],[44,224],[92,-11],[31,33],[49,24],[116,11],[35,8],[34,22],[42,123],[16,62],[49,81],[9,45],[38,93]],[[9565,30727],[76,19],[3,-23],[50,3],[61,18],[-14,-107]],[[9741,30637],[-29,11],[-173,6]],[[9741,30637],[3,-29]],[[9534,30511],[5,144]],[[9534,30511],[-93,5]],[[9044,30390],[5,47],[-11,26],[17,34]],[[8934,30396],[-1,0]],[[8837,30257],[0,149]],[[36429,27171],[-3,-204],[-1,-282]],[[36425,26685],[-1,-26]],[[7351,37154],[270,2]],[[7689,36833],[-51,0],[-67,29],[-59,2],[-88,28],[-53,26]],[[7371,36918],[-1,106],[-8,49]],[[7371,36918],[-43,1],[-50,-23],[-78,-7]],[[7200,36889],[-16,9],[-111,82]],[[7200,36889],[41,-38],[32,-75],[-1,-21],[-116,41],[-34,1]],[[37514,29848],[154,3],[4,-47],[49,-12],[55,-52],[28,-43],[45,-34],[13,-31],[29,0],[62,-34],[45,-15],[95,24],[35,-21],[-32,-236],[33,13],[61,-10],[21,5],[31,34],[35,23],[97,-1],[85,-10],[11,-14],[42,-17],[-3,-22],[23,-62],[2,-34],[29,-5],[16,23],[31,0]],[[38610,29273],[39,-95],[9,-51],[37,-87]],[[38528,30832],[31,-148],[-7,-104],[-32,-50],[-34,-33],[-57,-69],[-22,-43],[-13,-57],[-73,-74],[-8,-31],[15,-71],[28,-44],[56,-131],[62,-122],[18,-45],[9,-47],[74,-134],[23,-111],[-3,-180],[15,-65]],[[11309,15162],[-8,-28],[16,-23],[27,19],[51,16],[2,-40],[-3,-93],[209,-8],[-10,-217],[140,-5],[-8,-216],[-131,4],[0,-148],[-276,11],[-31,4],[-114,-1]],[[11173,14437],[-143,3],[-1,152],[17,433],[138,-4],[6,144],[119,-3]],[[11309,15162],[23,0],[12,282],[8,303],[5,279],[3,290]],[[11160,13428],[-5,18],[8,262],[4,559],[6,170]],[[8760,13524],[0,401],[3,437],[0,255],[3,250],[0,216],[-4,280],[2,213],[-3,73],[0,299],[-2,153],[0,283]],[[37075,27953],[-8,6],[-105,2]],[[27664,4971],[-318,-1],[-179,-2],[-575,-4],[-353,-4],[-315,0],[-186,-3],[-77,5],[-256,1],[-119,4]],[[14310,30458],[1,127],[9,28],[1,54],[-11,39],[4,40],[10,276],[-21,18],[23,51],[6,155],[24,105],[25,40],[4,33],[-31,30],[-12,26],[3,43],[-59,9],[-29,-29],[-39,34]],[[16582,4975],[-382,-1],[-708,2],[-193,-2]],[[10343,29104],[33,-146]],[[11016,37932],[2,503],[40,4],[0,83],[35,-13],[2,133],[69,38],[2,10],[4,389],[447,-13],[268,0]],[[36425,26685],[68,-98],[58,-1],[30,-14],[59,3],[41,63],[39,16],[21,24],[20,41],[64,2],[23,9],[22,40],[17,10],[35,-7],[48,33],[96,20],[49,29],[27,5],[37,-19],[19,-25],[43,-10],[37,9],[47,-15],[75,-17],[47,-87],[51,-9],[43,-24],[53,6],[90,4]],[[36870,27471],[48,30],[28,31],[72,3],[23,-5],[48,-32],[30,-9],[45,-31],[17,-2]],[[37181,27456],[50,-23],[46,-40],[61,-10],[134,-35],[18,-15]],[[37885,27379],[3,0]],[[37888,27379],[150,-2],[109,-4]],[[37181,27456],[19,17],[16,94],[50,49],[3,27],[-24,35],[-6,73],[6,18]],[[37888,27379],[-4,7],[1,138],[21,29],[32,2],[45,41],[2,61],[-11,29],[-2,40],[-23,24]],[[36857,27761],[72,-10],[57,13],[81,44],[26,4]],[[15754,20420],[42,18],[67,12],[85,-20],[34,4],[29,22],[89,41],[32,-3],[31,-18],[115,13],[20,20],[-22,64],[10,36],[-3,42],[41,98],[28,8],[40,-12],[116,-110],[47,-10],[42,45],[-1,42],[-17,61],[-34,25],[-75,-3],[-54,-21],[-14,2],[-56,69],[-19,34],[-28,30],[-21,68],[6,64],[3,98],[-5,64],[20,72],[5,92],[-22,63],[-8,162],[51,47],[98,8],[88,38],[59,41],[33,-31],[20,-129],[10,-46],[32,-51],[42,-21],[53,-14],[25,8],[27,24],[29,47],[49,121],[-7,38],[-83,97],[-17,25]],[[16700,18966],[-21,34],[-37,13],[3,67],[-28,33],[-33,2],[-80,51],[-30,1],[-2,-62],[-21,-21],[-31,1],[-24,-35],[-32,1],[-2,-68],[-10,-15],[-2,-59],[-216,6],[2,88],[-46,16],[-35,-12],[-64,65],[-39,-8],[-30,-47],[-35,-20],[-98,2],[5,141],[-28,4],[-9,34],[-26,2],[-6,36],[-80,-6],[-57,9],[-2,-71],[-133,6],[-10,-244],[-16,10],[-83,-4],[-49,-24],[-14,38],[-17,19],[37,40],[3,44],[-7,54],[-40,41],[-76,24],[-59,3],[-37,10],[-45,0],[-51,28],[22,12],[53,7],[51,42],[17,36],[40,18],[32,-31],[52,17],[36,29],[9,25],[-13,40],[54,20],[53,8],[3,105],[-16,108],[9,15],[46,17],[53,-11],[21,-32],[-50,-15],[81,-10],[32,69],[-7,50],[-23,31],[-45,20],[-49,1],[-151,-10],[0,40],[20,42],[77,64],[58,12],[57,0],[29,-12],[25,32],[4,31],[-75,85],[-21,39],[-14,46],[91,76],[42,27],[42,18],[45,63],[44,80],[31,23]],[[15754,20420],[-18,40],[-29,-8],[-57,-60],[-13,-4],[-59,15],[-43,-27],[-77,-22],[-64,8],[-23,15],[-37,1],[-16,73],[-131,5],[0,36],[-31,17],[-6,38],[-63,8],[5,121],[-127,3],[-11,15],[1,60],[-152,7],[-23,-7],[1,36],[-102,12],[-27,12],[-56,56],[-22,38],[-34,6],[-238,11],[-4,18],[-65,3],[-5,-17],[-32,0],[-6,-142],[-109,4],[-46,-12],[18,-57],[-3,-76],[-194,8],[-145,11],[5,118],[-53,24],[-646,30]],[[10577,6989],[26,-44],[-3,-48],[35,-18],[73,-21],[45,-32],[5,-64],[38,-85],[13,-67]],[[10809,6610],[-22,11],[-39,0],[-56,-19],[-34,-18],[-50,-52],[-32,6],[-70,-32],[-26,1],[-39,-61],[-37,-11],[-29,-32],[-20,-6],[-201,-132],[-80,-38],[-42,51],[-42,97],[15,55],[-102,9],[-48,0],[-20,-17],[-3,-72],[-68,3]],[[19425,30761],[0,72],[35,0],[1,47],[68,-2]],[[19529,30878],[0,-69]],[[19529,30809],[-35,-20],[-1,-64],[-69,-2],[1,38]],[[22140,31888],[-48,7],[-21,-7],[-76,-57],[-55,-5],[-2,-55],[-215,5],[-4,-344],[-36,-19],[-125,2],[-159,7],[-311,20],[-68,2],[3,70],[19,55],[-14,48],[4,118],[-156,5],[-3,74],[-151,6],[-15,-6],[-142,15],[-57,2],[-13,-15],[-1,-58],[-137,6],[-14,-7],[-67,22],[-66,3],[-5,-10],[-70,2]],[[19529,30878],[4,99],[23,29]],[[19756,30925],[-31,-5],[24,-32],[-30,-20],[-7,-38],[-57,-13],[-55,2],[-1,-23],[-70,2],[0,11]],[[19337,30640],[24,50],[27,0],[3,71],[34,0]],[[10809,6610],[28,-25],[45,-10],[58,-21],[47,29],[34,1],[24,-18],[67,-2],[34,13],[45,40],[48,-11],[3,-26],[-11,-37],[13,-59],[-22,-63],[-48,-19],[-49,-54],[-12,-56],[-24,-19],[-11,-40],[-43,-26],[-6,-49],[26,5],[41,24],[108,-5],[56,-17],[47,15],[93,-18],[24,-16],[33,27],[25,-1],[14,-24]],[[11496,6148],[-12,-31],[-37,-12],[-4,-47],[-9,-16],[-40,-19],[-2,-19],[27,-21],[19,-51],[-24,-15],[-11,-50],[-58,6],[-38,-16],[-51,48],[-7,21],[-53,-16],[-62,18],[8,-26],[12,-90],[-20,-55],[-12,-130],[-31,-1],[-23,-26],[-55,14],[-56,-2],[-51,5],[-80,-19],[-28,10]],[[11496,6148],[-19,40],[-24,8],[-60,49],[-24,2],[-16,35],[34,20],[42,-5],[39,10],[35,-45],[22,5],[40,-26],[60,53],[55,34],[57,-24],[35,42],[31,9],[22,48],[36,27],[12,-11],[64,-5],[37,-31],[-17,-41],[3,-32],[75,-74],[32,-9],[2,-33],[61,-26],[52,-35],[35,-67],[-7,-21],[30,-50],[56,-3],[2,-39],[18,-21],[20,-54],[62,-61],[43,1],[100,-4],[77,-32],[29,-6],[62,-28],[51,-2],[44,-18],[42,9],[26,-15]],[[12851,4970],[-506,0],[-592,4],[-317,3],[-16,-2],[-479,3]],[[41695,25554],[64,67]],[[41800,25593],[66,-44]],[[41802,21070],[20,-27],[10,-41],[47,-87],[35,-38],[57,-48],[17,-21],[84,-77],[78,-54],[30,-28],[181,-131],[50,-22],[60,42],[46,10],[68,-42],[58,-30],[37,-30],[45,-23],[20,-26],[13,-47],[3,-43],[-4,-88],[11,-24],[83,-101]],[[41924,19216],[-24,-20],[-22,0],[-11,-29],[-47,-50],[-82,28],[-13,22],[-27,15],[-40,-16],[-20,-23],[-53,6],[-36,29],[-78,-27],[-34,-39],[-81,-12],[-52,-52],[-16,21],[-34,145],[-22,38],[-11,60],[20,56],[-52,36],[-20,56],[-45,23]],[[41699,26083],[24,-2],[4,28]],[[41701,25940],[-12,-78]],[[41779,25930],[-16,-106]],[[42065,25522],[-25,-14]],[[41894,26955],[18,-39],[67,-10]],[[25835,29343],[-3,-117]],[[10245,32122],[-113,1],[-53,-17]],[[9365,29803],[7,143],[-40,2]],[[9329,29808],[-97,5]],[[9232,29813],[7,139]],[[9085,29821],[-70,4]],[[8944,29830],[-99,5],[-11,5]],[[8834,29840],[1,130]],[[8944,29830],[-5,-144]],[[8939,29686],[-106,6]],[[8833,29692],[1,148]],[[9080,29678],[-141,8]],[[9225,29670],[-5,1]],[[9075,29571],[5,107]],[[9179,29530],[-105,5]],[[9074,29535],[1,36]],[[9075,29571],[-140,7]],[[8935,29578],[4,108]],[[8935,29578],[-70,4],[-33,-14]],[[8832,29568],[1,124]],[[8935,29578],[-5,-143]],[[8830,29440],[2,128]],[[9074,29535],[-4,-107]],[[27057,25529],[-16,1],[-50,-24],[-28,-1],[-26,-32],[18,-53],[-147,-211]]],"transform":{"scale":[0.00013209862276397026,0.0001011875232815478],"translate":[-95.774704,35.995745]},"objects":{"Tract_29_2025":{"type":"GeometryCollection","geometries":[{"arcs":[[0,1,2,3,4,5,6,7]],"type":"Polygon","properties":{"id":"14000US29063080200"}},{"arcs":[[8,9,10,11,12]],"type":"Polygon","properties":{"id":"14000US29189221201"}},{"arcs":[[13,14,15,16,17,18,19,20]],"type":"Polygon","properties":{"id":"14000US29189221621"}},{"arcs":[[21,22,23,24]],"type":"Polygon","properties":{"id":"14000US29189210200"}},{"arcs":[[25,26,27,28,29]],"type":"Polygon","properties":{"id":"14000US29071800201"}},{"arcs":[[-24,30,31,32]],"type":"Polygon","properties":{"id":"14000US29189210300"}},{"arcs":[[33,34,35,36,37]],"type":"Polygon","properties":{"id":"14000US29009960402"}},{"arcs":[[38,39,40,41,42,43,44,45,46,47]],"type":"Polygon","properties":{"id":"14000US29165030308"}},{"arcs":[[48,49,50,-42]],"type":"Polygon","properties":{"id":"14000US29165030211"}},{"arcs":[[51,-49,-41]],"type":"Polygon","properties":{"id":"14000US29165030210"}},{"arcs":[[52,53,54]],"type":"Polygon","properties":{"id":"14000US29101980000"}},{"arcs":[[55,56,57,58,59,60,61,62,63,64,65]],"type":"Polygon","properties":{"id":"14000US29101960900"}},{"arcs":[[66,67,68,-56,69]],"type":"Polygon","properties":{"id":"14000US29101960200"}},{"arcs":[[70,71,72,73,74,75]],"type":"Polygon","properties":{"id":"14000US29101960600"}},{"arcs":[[76,77,78,79,80,81]],"type":"Polygon","properties":{"id":"14000US29213480402"}},{"arcs":[[82,83,84,85]],"type":"Polygon","properties":{"id":"14000US29213480501"}},{"arcs":[[86,87,88,89,90]],"type":"Polygon","properties":{"id":"14000US29213480106"}},{"arcs":[[91,92,93,94,95,96,97]],"type":"Polygon","properties":{"id":"14000US29213480301"}},{"arcs":[[98,99,100,101]],"type":"Polygon","properties":{"id":"14000US29135385400"}},{"arcs":[[102,103,104,105,106,107],[108]],"type":"Polygon","properties":{"id":"14000US29135385100"}},{"arcs":[[109,-108,110,111,112,-101]],"type":"Polygon","properties":{"id":"14000US29135385300"}},{"arcs":[[-109]],"type":"Polygon","properties":{"id":"14000US29135385200"}},{"arcs":[[113,114,115,116,117,118,119]],"type":"Polygon","properties":{"id":"14000US29071800401"}},{"arcs":[[120,121,122,123,124]],"type":"Polygon","properties":{"id":"14000US29071800702"}},{"arcs":[[125,126,127,128,129]],"type":"Polygon","properties":{"id":"14000US29510115100"}},{"arcs":[[130,131,132,133,134]],"type":"Polygon","properties":{"id":"14000US29510110400"}},{"arcs":[[135,136,137,138,139,140,141]],"type":"Polygon","properties":{"id":"14000US29051020200"}},{"arcs":[[142,143,144,145,146]],"type":"Polygon","properties":{"id":"14000US29189210702"}},{"arcs":[[147,148,149,150,151,152]],"type":"Polygon","properties":{"id":"14000US29189210803"}},{"arcs":[[153,154,155,156,157]],"type":"Polygon","properties":{"id":"14000US29189210921"}},{"arcs":[[158,159,160,161,162,163,164]],"type":"Polygon","properties":{"id":"14000US29187950105"}},{"arcs":[[165,166,167,168,169,170,171,172,173,174]],"type":"Polygon","properties":{"id":"14000US29187950701"}},{"arcs":[[175,176,-162,-175,177,178,179,180,181,182]],"type":"Polygon","properties":{"id":"14000US29187950402"}},{"arcs":[[183,184,185,186]],"type":"Polygon","properties":{"id":"14000US29510107600"}},{"arcs":[[187,188,189,190,191,192]],"type":"Polygon","properties":{"id":"14000US29510111100"}},{"arcs":[[193,194,195,196,-188,197,198]],"type":"Polygon","properties":{"id":"14000US29510111200"}},{"arcs":[[199,200,201,-196]],"type":"Polygon","properties":{"id":"14000US29510111300"}},{"arcs":[[202,203,204,205,206,207]],"type":"Polygon","properties":{"id":"14000US29019001803"}},{"arcs":[[208,209,210,211,212,213,214,215]],"type":"Polygon","properties":{"id":"14000US29019001602"}},{"arcs":[[216,217,218]],"type":"Polygon","properties":{"id":"14000US29019002000"}},{"arcs":[[219,220,221,222,223]],"type":"Polygon","properties":{"id":"14000US29510112200"}},{"arcs":[[224,225,226,227,228,-128]],"type":"Polygon","properties":{"id":"14000US29510115400"}},{"arcs":[[-227,229,230,231,232]],"type":"Polygon","properties":{"id":"14000US29510115500"}},{"arcs":[[-232,233,234,235,236]],"type":"Polygon","properties":{"id":"14000US29510115600"}},{"arcs":[[237,-192,238,239,240]],"type":"Polygon","properties":{"id":"14000US29510119200"}},{"arcs":[[241,-239,-191,242,243,244,245]],"type":"Polygon","properties":{"id":"14000US29510119300"}},{"arcs":[[-132,246,247,248,249,250]],"type":"Polygon","properties":{"id":"14000US29510120200"}},{"arcs":[[251,252,253,254,255,256,257]],"type":"Polygon","properties":{"id":"14000US29510114200"}},{"arcs":[[258,-130,259,260]],"type":"Polygon","properties":{"id":"14000US29510114300"}},{"arcs":[[261,262,-247,-131,263]],"type":"Polygon","properties":{"id":"14000US29510110500"}},{"arcs":[[264,265,266,267,-200,-195,268]],"type":"Polygon","properties":{"id":"14000US29510110100"}},{"arcs":[[269,-262,270,-267]],"type":"Polygon","properties":{"id":"14000US29510110200"}},{"arcs":[[271,-198,-193,-238,272,-222]],"type":"Polygon","properties":{"id":"14000US29510112300"}},{"arcs":[[273,274,275,276,277,278]],"type":"Polygon","properties":{"id":"14000US29510116100"}},{"arcs":[[279,280,281,282,283,284,-274,285,-254]],"type":"Polygon","properties":{"id":"14000US29510116200"}},{"arcs":[[286,287,288,289,290,291]],"type":"Polygon","properties":{"id":"14000US29510116400"}},{"arcs":[[292,293,294,295,296]],"type":"Polygon","properties":{"id":"14000US29510107300"}},{"arcs":[[297,298,299,300,301,302]],"type":"Polygon","properties":{"id":"14000US29189217300"}},{"arcs":[[303,-303,304,305]],"type":"Polygon","properties":{"id":"14000US29189217400"}},{"arcs":[[306,307,308,309]],"type":"Polygon","properties":{"id":"14000US29189217851"}},{"arcs":[[310,311,312,313]],"type":"Polygon","properties":{"id":"14000US29183311603"}},{"arcs":[[314,-311,315]],"type":"Polygon","properties":{"id":"14000US29183311604"}},{"arcs":[[316,317,318,319]],"type":"Polygon","properties":{"id":"14000US29183311738"}},{"arcs":[[320,321,322,323]],"type":"Polygon","properties":{"id":"14000US29183311740"}},{"arcs":[[324,325,-320,326,327]],"type":"Polygon","properties":{"id":"14000US29183311737"}},{"arcs":[[328,329,-324,330,331]],"type":"Polygon","properties":{"id":"14000US29183311739"}},{"arcs":[[332,333,334,335,336]],"type":"Polygon","properties":{"id":"14000US29183312207"}},{"arcs":[[337,-337,338]],"type":"Polygon","properties":{"id":"14000US29183312208"}},{"arcs":[[339,-339,-336,340,341,342]],"type":"Polygon","properties":{"id":"14000US29183312209"}},{"arcs":[[343,344,345,346,347,348,349]],"type":"Polygon","properties":{"id":"14000US29141470503"}},{"arcs":[[350,351,352,-345,353]],"type":"Polygon","properties":{"id":"14000US29141470402"}},{"arcs":[[354,355,356,357,-346,-353]],"type":"Polygon","properties":{"id":"14000US29141470401"}},{"arcs":[[-349,358,359,360]],"type":"Polygon","properties":{"id":"14000US29141470502"}},{"arcs":[[-358,361,362,-347]],"type":"Polygon","properties":{"id":"14000US29141470501"}},{"arcs":[[363,-70,-66,364,365]],"type":"Polygon","properties":{"id":"14000US29037060700"}},{"arcs":[[366,-365,-65,367,368,369]],"type":"Polygon","properties":{"id":"14000US29037061200"}},{"arcs":[[-112,370,371,372,373,374,375,376,377,378]],"type":"Polygon","properties":{"id":"14000US29131962600"}},{"arcs":[[379,380,381,382,383,384,385,-78,386],[387]],"type":"Polygon","properties":{"id":"14000US29067950200"}},{"arcs":[[-388]],"type":"Polygon","properties":{"id":"14000US29067950500"}},{"arcs":[[388,389,390,391,392,393,394,-384]],"type":"Polygon","properties":{"id":"14000US29067950100"}},{"arcs":[[395,396,397]],"type":"Polygon","properties":{"id":"14000US29510105200"}},{"arcs":[[398,399,400,-224,-396,401]],"type":"Polygon","properties":{"id":"14000US29510105300"}},{"arcs":[[402,403,404,-400]],"type":"Polygon","properties":{"id":"14000US29510105400"}},{"arcs":[[405,406,407,408,409]],"type":"Polygon","properties":{"id":"14000US29510104200"}},{"arcs":[[410,411,412,413,414,415]],"type":"Polygon","properties":{"id":"14000US29510103600"}},{"arcs":[[416,417,-402,-398,418,-407,419]],"type":"Polygon","properties":{"id":"14000US29510105198"}},{"arcs":[[420,421,422,423,424,425,426,427]],"type":"Polygon","properties":{"id":"14000US29003010300"}},{"arcs":[[428,429,430,-8,431,432,433,-422]],"type":"Polygon","properties":{"id":"14000US29003010400"}},{"arcs":[[434,-432,-7,435,436,437,438,439,-425]],"type":"Polygon","properties":{"id":"14000US29003010100"}},{"arcs":[[440,441,442,443,444],[445]],"type":"Polygon","properties":{"id":"14000US29133950100"}},{"arcs":[[-446]],"type":"Polygon","properties":{"id":"14000US29133950200"}},{"arcs":[[-443,446,447,448],[449]],"type":"Polygon","properties":{"id":"14000US29133950300"}},{"arcs":[[450,451,452,453,454,455]],"type":"Polygon","properties":{"id":"14000US29051010600"}},{"arcs":[[456,457,458,459,460,-136,461,462]],"type":"Polygon","properties":{"id":"14000US29051020400"}},{"arcs":[[463,464,465,466,467,468,-139]],"type":"Polygon","properties":{"id":"14000US29051020198"}},{"arcs":[[-462,-142,469,-372,470]],"type":"Polygon","properties":{"id":"14000US29051020300"}},{"arcs":[[471,472,473,474,475,-457,476,-106]],"type":"Polygon","properties":{"id":"14000US29051020600"}},{"arcs":[[-107,-477,-463,-471,-371,-111]],"type":"Polygon","properties":{"id":"14000US29051020500"}},{"arcs":[[-454,477,478,479]],"type":"Polygon","properties":{"id":"14000US29051010500"}},{"arcs":[[480,481,482,483,484]],"type":"Polygon","properties":{"id":"14000US29055450104"}},{"arcs":[[485,486,-465,487,488]],"type":"Polygon","properties":{"id":"14000US29051010300"}},{"arcs":[[489,490,491,492,493,494]],"type":"Polygon","properties":{"id":"14000US29047020300"}},{"arcs":[[-494,495,496,497,498]],"type":"Polygon","properties":{"id":"14000US29047020400"}},{"arcs":[[-497,499,500,501,502]],"type":"Polygon","properties":{"id":"14000US29047020500"}},{"arcs":[[503,504,505,506,-501]],"type":"Polygon","properties":{"id":"14000US29047020602"}},{"arcs":[[507,508,509,510,511,512]],"type":"Polygon","properties":{"id":"14000US29047020603"}},{"arcs":[[-301,513,514,515,516,517,518]],"type":"Polygon","properties":{"id":"14000US29189217000"}},{"arcs":[[519,520,521,-514,-300]],"type":"Polygon","properties":{"id":"14000US29189217200"}},{"arcs":[[522,523,524,525,526,527,528]],"type":"Polygon","properties":{"id":"14000US29159480400"}},{"arcs":[[529,530,531,-525,532,533,534,535]],"type":"Polygon","properties":{"id":"14000US29159480100"}},{"arcs":[[-61,536,537,-529,538,539,540]],"type":"Polygon","properties":{"id":"14000US29159480300"}},{"arcs":[[541,542,543,-534]],"type":"Polygon","properties":{"id":"14000US29159480600"}},{"arcs":[[544,545,546,547,548]],"type":"Polygon","properties":{"id":"14000US29159481100"}},{"arcs":[[549,550,551,552,553]],"type":"Polygon","properties":{"id":"14000US29055450402"}},{"arcs":[[554,555,556,557,-550,558]],"type":"Polygon","properties":{"id":"14000US29055450401"}},{"arcs":[[559,560,561,562]],"type":"Polygon","properties":{"id":"14000US29095007600"}},{"arcs":[[563,564,565,566,-483]],"type":"Polygon","properties":{"id":"14000US29055450103"}},{"arcs":[[567,568,569,570,571]],"type":"Polygon","properties":{"id":"14000US29189211500"}},{"arcs":[[572,573,574,575,576,-569]],"type":"Polygon","properties":{"id":"14000US29189211600"}},{"arcs":[[577,578,579,580,-576,581]],"type":"Polygon","properties":{"id":"14000US29189211700"}},{"arcs":[[582,583,584,-467,585,586]],"type":"Polygon","properties":{"id":"14000US29027070701"}},{"arcs":[[-586,-466,-487,587]],"type":"Polygon","properties":{"id":"14000US29027070702"}},{"arcs":[[588,589,590,-583,591,592]],"type":"Polygon","properties":{"id":"14000US29027070601"}},{"arcs":[[593,594,595,596,597,-584,-591]],"type":"Polygon","properties":{"id":"14000US29027070602"}},{"arcs":[[598,599,600,601]],"type":"Polygon","properties":{"id":"14000US29027070301"}},{"arcs":[[-601,602,-596,603]],"type":"Polygon","properties":{"id":"14000US29027070302"}},{"arcs":[[604,605,606,607,608]],"type":"Polygon","properties":{"id":"14000US29189220802"}},{"arcs":[[609,610,-609,611,-11]],"type":"Polygon","properties":{"id":"14000US29189220803"}},{"arcs":[[612,613,614,615,616]],"type":"Polygon","properties":{"id":"14000US29189221332"}},{"arcs":[[617,618,-317,-326,619]],"type":"Polygon","properties":{"id":"14000US29183311712"}},{"arcs":[[620,621,622,623]],"type":"Polygon","properties":{"id":"14000US29077001302"}},{"arcs":[[624,625,626,627,628]],"type":"Polygon","properties":{"id":"14000US29077000400"}},{"arcs":[[629,630,631,632,633]],"type":"Polygon","properties":{"id":"14000US29077000700"}},{"arcs":[[634,635,636,637,-631]],"type":"Polygon","properties":{"id":"14000US29077000800"}},{"arcs":[[638,639,640,641,642]],"type":"Polygon","properties":{"id":"14000US29165030101"}},{"arcs":[[643,644,645,646,647]],"type":"Polygon","properties":{"id":"14000US29165030700"}},{"arcs":[[648,-47,649,650,651,652]],"type":"Polygon","properties":{"id":"14000US29165030306"}},{"arcs":[[653,654,-639]],"type":"Polygon","properties":{"id":"14000US29165030102"}},{"arcs":[[655,656,657,658,659,-641]],"type":"Polygon","properties":{"id":"14000US29165030002"}},{"arcs":[[660,661,662,663,-654,-643,664,-652,665]],"type":"Polygon","properties":{"id":"14000US29165030103"}},{"arcs":[[666,667,668,669,-52,-40,670,671]],"type":"Polygon","properties":{"id":"14000US29165030201"}},{"arcs":[[672,673,674,675]],"type":"Polygon","properties":{"id":"14000US29217950400"}},{"arcs":[[676,677,-675,678,679,680,681]],"type":"Polygon","properties":{"id":"14000US29217950500"}},{"arcs":[[682,683,684,-673,685,-677,686]],"type":"Polygon","properties":{"id":"14000US29217950200"}},{"arcs":[[687,688,689,690,-680]],"type":"Polygon","properties":{"id":"14000US29217950600"}},{"arcs":[[-685,691,692,693,694,-688,-679,-674]],"type":"Polygon","properties":{"id":"14000US29217950100"}},{"arcs":[[-686,-676,-678]],"type":"Polygon","properties":{"id":"14000US29217950300"}},{"arcs":[[695,696,697,698,699]],"type":"Polygon","properties":{"id":"14000US29095005100"}},{"arcs":[[700,701,702,703,-697]],"type":"Polygon","properties":{"id":"14000US29095005300"}},{"arcs":[[704,705,706,707,708]],"type":"Polygon","properties":{"id":"14000US29095005400"}},{"arcs":[[-708,709,710,-703]],"type":"Polygon","properties":{"id":"14000US29095005500"}},{"arcs":[[-699,711,712,713]],"type":"Polygon","properties":{"id":"14000US29095006700"}},{"arcs":[[714,715,716,717,718,719]],"type":"Polygon","properties":{"id":"14000US29095007400"}},{"arcs":[[720,-563,721,-717]],"type":"Polygon","properties":{"id":"14000US29095007500"}},{"arcs":[[722,723,724,725,-561,726]],"type":"Polygon","properties":{"id":"14000US29095007700"}},{"arcs":[[727,728,729,730]],"type":"Polygon","properties":{"id":"14000US29021002400"}},{"arcs":[[731,732,733,734]],"type":"Polygon","properties":{"id":"14000US29021001000"}},{"arcs":[[735,736,737,738,739,740,741,742,743]],"type":"Polygon","properties":{"id":"14000US29095014300"}},{"arcs":[[744,745,746,747,748,749,750,751,752,753]],"type":"Polygon","properties":{"id":"14000US29095014903"}},{"arcs":[[754,755,756,757,758]],"type":"Polygon","properties":{"id":"14000US29095002300"}},{"arcs":[[759,760,761,762]],"type":"Polygon","properties":{"id":"14000US29095010002"}},{"arcs":[[763,764,765]],"type":"Polygon","properties":{"id":"14000US29095012000"}},{"arcs":[[766,767,-760,768]],"type":"Polygon","properties":{"id":"14000US29095009800"}},{"arcs":[[769,-769,770,771]],"type":"Polygon","properties":{"id":"14000US29095009900"}},{"arcs":[[772,773,774,775,776,777,778,779]],"type":"Polygon","properties":{"id":"14000US29095009600"}},{"arcs":[[-771,-763,780,781,782]],"type":"Polygon","properties":{"id":"14000US29095010001"}},{"arcs":[[783,784,785,786,-283,787]],"type":"Polygon","properties":{"id":"14000US29510117400"}},{"arcs":[[788,789,790,791]],"type":"Polygon","properties":{"id":"14000US29189221506"}},{"arcs":[[792,793,-154,794]],"type":"Polygon","properties":{"id":"14000US29189210927"}},{"arcs":[[795,796,797,798,799]],"type":"Polygon","properties":{"id":"14000US29137960100"}},{"arcs":[[800,801,802,803,804,805,806]],"type":"Polygon","properties":{"id":"14000US29137960300"}},{"arcs":[[807,-800,808,809,-805]],"type":"Polygon","properties":{"id":"14000US29137960200"}},{"arcs":[[810,811,812,813,814,815]],"type":"Polygon","properties":{"id":"14000US29111970300"}},{"arcs":[[816,817,-780,818,-768]],"type":"Polygon","properties":{"id":"14000US29095009700"}},{"arcs":[[-819,-779,819,820,821,-761]],"type":"Polygon","properties":{"id":"14000US29095010103"}},{"arcs":[[-782,822,823,824]],"type":"Polygon","properties":{"id":"14000US29095010105"}},{"arcs":[[825,826,827,828]],"type":"Polygon","properties":{"id":"14000US29095012501"}},{"arcs":[[829,830,831,832,-827]],"type":"Polygon","properties":{"id":"14000US29095012502"}},{"arcs":[[833,834,835,-249]],"type":"Polygon","properties":{"id":"14000US29510126700"}},{"arcs":[[836,837,-834,-248,-263]],"type":"Polygon","properties":{"id":"14000US29510109700"}},{"arcs":[[838,839,840,841,842]],"type":"Polygon","properties":{"id":"14000US29510106200"}},{"arcs":[[-186,843,844,-837,-270,-266,845]],"type":"Polygon","properties":{"id":"14000US29510109600"}},{"arcs":[[846,847,848,849,850,851]],"type":"Polygon","properties":{"id":"14000US29510118100"}},{"arcs":[[852,853,854,855]],"type":"Polygon","properties":{"id":"14000US29510106400"}},{"arcs":[[856,857,858,859,860,861]],"type":"Polygon","properties":{"id":"14000US29189222000"}},{"arcs":[[862,863,-605,-611,864,865]],"type":"Polygon","properties":{"id":"14000US29189221900"}},{"arcs":[[866,-792,867,868,869,-20]],"type":"Polygon","properties":{"id":"14000US29189222100"}},{"arcs":[[870,871,872,873,874,875]],"type":"Polygon","properties":{"id":"14000US29221460101"}},{"arcs":[[876,877,878,879,-874]],"type":"Polygon","properties":{"id":"14000US29221460102"}},{"arcs":[[880,881,882,883]],"type":"Polygon","properties":{"id":"14000US29021000702"}},{"arcs":[[884,885,886,887,888]],"type":"Polygon","properties":{"id":"14000US29209090502"}},{"arcs":[[889,890,891]],"type":"Polygon","properties":{"id":"14000US29161890301"}},{"arcs":[[892,893,894,895]],"type":"Polygon","properties":{"id":"14000US29161890401"}},{"arcs":[[896,897,-892,898,899]],"type":"Polygon","properties":{"id":"14000US29161890302"}},{"arcs":[[900,901,-897,902,-894]],"type":"Polygon","properties":{"id":"14000US29161890402"}},{"arcs":[[-580,903,904,905,906,907,908]],"type":"Polygon","properties":{"id":"14000US29189212500"}},{"arcs":[[-570,-577,-581,-909,909,910,911]],"type":"Polygon","properties":{"id":"14000US29189212600"}},{"arcs":[[912,913,914,915,916,917]],"type":"Polygon","properties":{"id":"14000US29189218015"}},{"arcs":[[-614,918,919,920,921,922]],"type":"Polygon","properties":{"id":"14000US29189220447"}},{"arcs":[[923,924,925,-812,926]],"type":"Polygon","properties":{"id":"14000US29111970100"}},{"arcs":[[-926,927,928,-813]],"type":"Polygon","properties":{"id":"14000US29111970400"}},{"arcs":[[929,930,-927,-811,931]],"type":"Polygon","properties":{"id":"14000US29111970200"}},{"arcs":[[932,933,934,935,936,937]],"type":"Polygon","properties":{"id":"14000US29169470401"}},{"arcs":[[-543,938,939,-547,940]],"type":"Polygon","properties":{"id":"14000US29159480900"}},{"arcs":[[941,942,943,944]],"type":"Polygon","properties":{"id":"14000US29145020502"}},{"arcs":[[945,946,947,948,949,950,951]],"type":"Polygon","properties":{"id":"14000US29145020602"}},{"arcs":[[-434,952,-423]],"type":"Polygon","properties":{"id":"14000US29003010202"}},{"arcs":[[-953,-433,-435,-424]],"type":"Polygon","properties":{"id":"14000US29003010201"}},{"arcs":[[953,954,955,956,957,958]],"type":"Polygon","properties":{"id":"14000US29077005700"}},{"arcs":[[959,960,961,-924,-931,962]],"type":"Polygon","properties":{"id":"14000US29045950200"}},{"arcs":[[963,964,-961,965,-963,-930,966]],"type":"Polygon","properties":{"id":"14000US29045950100"}},{"arcs":[[-960,-966]],"type":"Polygon","properties":{"id":"14000US29045950300"}},{"arcs":[[-544,-941,-546,967]],"type":"Polygon","properties":{"id":"14000US29159480800"}},{"arcs":[[968,969,970,971,972]],"type":"Polygon","properties":{"id":"14000US29189220702"}},{"arcs":[[-608,973,-973,974,-612]],"type":"Polygon","properties":{"id":"14000US29189220703"}},{"arcs":[[975,976,977,978]],"type":"Polygon","properties":{"id":"14000US29095014701"}},{"arcs":[[979,980,981,982,-976,983]],"type":"Polygon","properties":{"id":"14000US29095014702"}},{"arcs":[[984,-746,985]],"type":"Polygon","properties":{"id":"14000US29095014902"}},{"arcs":[[-753,986,987,988,989]],"type":"Polygon","properties":{"id":"14000US29095014904"}},{"arcs":[[990,991,992,993,994]],"type":"Polygon","properties":{"id":"14000US29197470200"}},{"arcs":[[995,996,997,-992]],"type":"Polygon","properties":{"id":"14000US29197470100"}},{"arcs":[[998,999,1000,1001,1002,1003,1004]],"type":"Polygon","properties":{"id":"14000US29149480100"}},{"arcs":[[-1004,1005,1006,1007]],"type":"Polygon","properties":{"id":"14000US29149480200"}},{"arcs":[[-1003,1008,1009,-1006]],"type":"Polygon","properties":{"id":"14000US29149480300"}},{"arcs":[[1010,1011,1012,1013,1014,1015]],"type":"Polygon","properties":{"id":"14000US29189217941"}},{"arcs":[[-1015,1016,1017,1018,1019]],"type":"Polygon","properties":{"id":"14000US29189217942"}},{"arcs":[[1020,1021,1022,1023]],"type":"Polygon","properties":{"id":"14000US29189218300"}},{"arcs":[[1024,1025,1026,1027,1028]],"type":"Polygon","properties":{"id":"14000US29189218500"}},{"arcs":[[-1028,1029,-866,1030,-1022]],"type":"Polygon","properties":{"id":"14000US29189218600"}},{"arcs":[[-122,-21,-870,1031,1032,1033]],"type":"Polygon","properties":{"id":"14000US29189221502"}},{"arcs":[[1034,1035,1036,1037,1038,1039,1040]],"type":"Polygon","properties":{"id":"14000US29107090401"}},{"arcs":[[-1036,1041]],"type":"Polygon","properties":{"id":"14000US29107090402"}},{"arcs":[[1042,1043,1044,1045,1046,1047,-392]],"type":"Polygon","properties":{"id":"14000US29091090102"}},{"arcs":[[1048,1049,1050,1051,1052]],"type":"Polygon","properties":{"id":"14000US29059480301"}},{"arcs":[[-1048,1053,1054,-393]],"type":"Polygon","properties":{"id":"14000US29091090101"}},{"arcs":[[1055,-1053,1056,1057,1058]],"type":"Polygon","properties":{"id":"14000US29059480302"}},{"arcs":[[1059,1060,1061]],"type":"Polygon","properties":{"id":"14000US29091090801"}},{"arcs":[[1062,-1060,1063]],"type":"Polygon","properties":{"id":"14000US29091090802"}},{"arcs":[[1064,1065,1066]],"type":"Polygon","properties":{"id":"14000US29153470101"}},{"arcs":[[-386,1067,-1067,1068,-79]],"type":"Polygon","properties":{"id":"14000US29153470102"}},{"arcs":[[1069,-937,1070,1071,1072,1073,1074,1075]],"type":"Polygon","properties":{"id":"14000US29169470602"}},{"arcs":[[1076,1077,-933,1078,1079]],"type":"Polygon","properties":{"id":"14000US29169470402"}},{"arcs":[[1080,-1079,-938,-1070,1081]],"type":"Polygon","properties":{"id":"14000US29169470501"}},{"arcs":[[1082,-1081,1083]],"type":"Polygon","properties":{"id":"14000US29169470502"}},{"arcs":[[-1078,1084,1085,-934]],"type":"Polygon","properties":{"id":"14000US29169470288"}},{"arcs":[[1086,1087,1088,1089,1090,1091,1092,1093,1094]],"type":"Polygon","properties":{"id":"14000US29183312001"}},{"arcs":[[1095,1096,-935,-1086]],"type":"Polygon","properties":{"id":"14000US29169470289"}},{"arcs":[[1097,1098,-1073,1099]],"type":"Polygon","properties":{"id":"14000US29169470601"}},{"arcs":[[1100,1101,1102,1103,1104,1105]],"type":"Polygon","properties":{"id":"14000US29183311422"}},{"arcs":[[1106,1107,1108,1109,1110,1111,1112]],"type":"Polygon","properties":{"id":"14000US29183310903"}},{"arcs":[[1113,1114,1115,1116,1117,1118,1119,-322,1120]],"type":"Polygon","properties":{"id":"14000US29183311322"}},{"arcs":[[1121,-314,1122,-618,1123,1124,1125,1126]],"type":"Polygon","properties":{"id":"14000US29183311802"}},{"arcs":[[1127,1128,1129,1130,1131,1132,1133]],"type":"Polygon","properties":{"id":"14000US29183311001"}},{"arcs":[[1134,1135,-1113,1136,1137,1138]],"type":"Polygon","properties":{"id":"14000US29183311212"}},{"arcs":[[1139,-1128,1140,1141,-1111]],"type":"Polygon","properties":{"id":"14000US29183310902"}},{"arcs":[[1142,1143,1144,1145,1146,1147]],"type":"Polygon","properties":{"id":"14000US29183311103"}},{"arcs":[[-1104,1148,1149,1150,-1114,1151]],"type":"Polygon","properties":{"id":"14000US29183311312"}},{"arcs":[[1152,1153,1154,1155,1156,1157,1158,1159]],"type":"Polygon","properties":{"id":"14000US29211480200"}},{"arcs":[[1160,1161,1162,1163,-957]],"type":"Polygon","properties":{"id":"14000US29077002502"}},{"arcs":[[1164,1165,1166,1167,-170,1168,1169,1170,1171,1172]],"type":"Polygon","properties":{"id":"14000US29123960300"}},{"arcs":[[-1172,1173,1174,-1169,-169,1175,1176,1177,1178,1179,1180]],"type":"Polygon","properties":{"id":"14000US29123960100"}},{"arcs":[[1181,-1155]],"type":"Polygon","properties":{"id":"14000US29211480300"}},{"arcs":[[1182,1183,1184,1185,1186,-1156,-1182,-1154]],"type":"Polygon","properties":{"id":"14000US29211480100"}},{"arcs":[[1187,1188,1189,1190,1191,1192,1193,1194]],"type":"Polygon","properties":{"id":"14000US29223690400"}},{"arcs":[[-1179,1195,1196,1197,-1190,1198]],"type":"Polygon","properties":{"id":"14000US29223690100"}},{"arcs":[[1199,1200,-1188,1201]],"type":"Polygon","properties":{"id":"14000US29223690300"}},{"arcs":[[1202,-1180,-1199,-1189,-1201]],"type":"Polygon","properties":{"id":"14000US29223690200"}},{"arcs":[[-250,-836,1203,1204,1205,1206]],"type":"Polygon","properties":{"id":"14000US29510126600"}},{"arcs":[[1207,1208,1209,-552,1210,1211,1212,1213,1214]],"type":"Polygon","properties":{"id":"14000US29065960100"}},{"arcs":[[1215,1216,1217]],"type":"Polygon","properties":{"id":"14000US29047021003"}},{"arcs":[[1218,1219,-331,-323,-1120,1220,-1143,1221]],"type":"Polygon","properties":{"id":"14000US29183311124"}},{"arcs":[[1222,-1135,1223,1224]],"type":"Polygon","properties":{"id":"14000US29183311203"}},{"arcs":[[-327,-319,1225,-332,1226,1227,1228]],"type":"Polygon","properties":{"id":"14000US29183311732"}},{"arcs":[[-951,1229,1230,1231]],"type":"Polygon","properties":{"id":"14000US29145020700"}},{"arcs":[[1232,1233,1234,1235,1236]],"type":"Polygon","properties":{"id":"14000US29145020900"}},{"arcs":[[-950,1237,1238,1239,-1237,1240,1241,1242,-1230]],"type":"Polygon","properties":{"id":"14000US29145020800"}},{"arcs":[[-1236,1243,1244,1245,1246,-1241]],"type":"Polygon","properties":{"id":"14000US29145021000"}},{"arcs":[[-949,1247,-1234,1248,1249,-1238]],"type":"Polygon","properties":{"id":"14000US29145020300"}},{"arcs":[[-1250,1250,-1239]],"type":"Polygon","properties":{"id":"14000US29145020100"}},{"arcs":[[-1251,-1249,-1233,-1240]],"type":"Polygon","properties":{"id":"14000US29145020200"}},{"arcs":[[-359,-348,1251,1252,1253]],"type":"Polygon","properties":{"id":"14000US29029951201"}},{"arcs":[[1254,1255,1256,1257,1258]],"type":"Polygon","properties":{"id":"14000US29029950302"}},{"arcs":[[1259,1260,1261,1262,1263,1264,1265]],"type":"Polygon","properties":{"id":"14000US29029950802"}},{"arcs":[[-363,1266,1267,1268,1269,-1252]],"type":"Polygon","properties":{"id":"14000US29029951202"}},{"arcs":[[1270,1271,1272,1273,1274]],"type":"Polygon","properties":{"id":"14000US29095000800"}},{"arcs":[[1275,-1275,1276,1277]],"type":"Polygon","properties":{"id":"14000US29095000900"}},{"arcs":[[1278,1279,1280]],"type":"Polygon","properties":{"id":"14000US29095000600"}},{"arcs":[[1281,-1281,1282,-1272]],"type":"Polygon","properties":{"id":"14000US29095000700"}},{"arcs":[[1283,-1277,-1274,1284,1285,1286]],"type":"Polygon","properties":{"id":"14000US29095001800"}},{"arcs":[[-1273,-1283,-1280,1287,1288,1289,1290,-755,-1285]],"type":"Polygon","properties":{"id":"14000US29095001900"}},{"arcs":[[1291,1292,1293,1294]],"type":"Polygon","properties":{"id":"14000US29189220442"}},{"arcs":[[1295,1296,1297,1298,1299,1300,1301]],"type":"Polygon","properties":{"id":"14000US29189220501"}},{"arcs":[[1302,1303,1304,1305]],"type":"Polygon","properties":{"id":"14000US29510101200"}},{"arcs":[[1306,1307,1308,1309,1310,1311]],"type":"Polygon","properties":{"id":"14000US29189214800"}},{"arcs":[[1312,1313,1314,1315,1316,1317,1318,1319]],"type":"Polygon","properties":{"id":"14000US29189215001"}},{"arcs":[[-791,1320,1321,1322,1323,1324,1325,-868]],"type":"Polygon","properties":{"id":"14000US29189217921"}},{"arcs":[[1326,1327,1328,1329,-1,-431]],"type":"Polygon","properties":{"id":"14000US29075960200"}},{"arcs":[[1330,1331,1332,1333,-1329]],"type":"Polygon","properties":{"id":"14000US29075960100"}},{"arcs":[[1334,1335,1336,1337,1338]],"type":"Polygon","properties":{"id":"14000US29047021401"}},{"arcs":[[-228,1339,1340,1341,-1305,1342]],"type":"Polygon","properties":{"id":"14000US29510101300"}},{"arcs":[[-233,-237,1343,1344,-1340]],"type":"Polygon","properties":{"id":"14000US29510101400"}},{"arcs":[[1345,-1341,-1345,1346,1347,1348]],"type":"Polygon","properties":{"id":"14000US29510101500"}},{"arcs":[[1349,1350,1351,1352]],"type":"Polygon","properties":{"id":"14000US29183310301"}},{"arcs":[[1353,1354,1355,1356,1357,1358,1359]],"type":"Polygon","properties":{"id":"14000US29015460300"}},{"arcs":[[-539,-528,1360,1361,-1355,1362]],"type":"Polygon","properties":{"id":"14000US29015460100"}},{"arcs":[[-1362,1363,-350,-361,1364,1365,-1356]],"type":"Polygon","properties":{"id":"14000US29015460400"}},{"arcs":[[1366,-540,-1363,-1354,1367]],"type":"Polygon","properties":{"id":"14000US29015460200"}},{"arcs":[[1368,1369,1370,1371,1372,1373,1374,1375,1376,1377]],"type":"Polygon","properties":{"id":"14000US29041470100"}},{"arcs":[[1378,1379,1380,1381,1382,1383,1384,1385]],"type":"Polygon","properties":{"id":"14000US29107090602"}},{"arcs":[[1386,1387,-945,1388,1389,-946,1390]],"type":"Polygon","properties":{"id":"14000US29145020601"}},{"arcs":[[1391,1392,1393,-1389,-944]],"type":"Polygon","properties":{"id":"14000US29145020501"}},{"arcs":[[1394,1395,1396,-575,1397]],"type":"Polygon","properties":{"id":"14000US29189211101"}},{"arcs":[[1398,1399,1400,-582,-1397]],"type":"Polygon","properties":{"id":"14000US29189211102"}},{"arcs":[[1401,1402,1403]],"type":"Polygon","properties":{"id":"14000US29177080201"}},{"arcs":[[-1404,1404,1405,1406]],"type":"Polygon","properties":{"id":"14000US29177080202"}},{"arcs":[[1407,-1402,-1407,1408,1409]],"type":"Polygon","properties":{"id":"14000US29177080001"}},{"arcs":[[1410,1411,1412,1413,-1410,1414,1415]],"type":"Polygon","properties":{"id":"14000US29177080002"}},{"arcs":[[1416,1417,1418,1419,1420]],"type":"Polygon","properties":{"id":"14000US29125880298"}},{"arcs":[[1421,1422,1423,1424,1425,1426,1427]],"type":"Polygon","properties":{"id":"14000US29207470100"}},{"arcs":[[1428,1429,1430,1431,1432,1433,1434,1435]],"type":"Polygon","properties":{"id":"14000US29207470800"}},{"arcs":[[-1425,1436,1437,1438,1439,1440,1441]],"type":"Polygon","properties":{"id":"14000US29207470400"}},{"arcs":[[-1426,-1442,1442,-1430,1443]],"type":"Polygon","properties":{"id":"14000US29207470300"}},{"arcs":[[-1197,1444,-1427,-1444,-1429,1445]],"type":"Polygon","properties":{"id":"14000US29207470200"}},{"arcs":[[1446,-1440,1447,1448,1449,1450,-1433]],"type":"Polygon","properties":{"id":"14000US29207470700"}},{"arcs":[[1451,-1441,-1447,-1432]],"type":"Polygon","properties":{"id":"14000US29207470600"}},{"arcs":[[-1443,-1452,-1431]],"type":"Polygon","properties":{"id":"14000US29207470500"}},{"arcs":[[1452,1453,-1165,1454,1455]],"type":"Polygon","properties":{"id":"14000US29093950200"}},{"arcs":[[-1455,-1173,-1181,-1203,-1200,1456,1457]],"type":"Polygon","properties":{"id":"14000US29093950400"}},{"arcs":[[1458,1459,1460,-1166,-1454]],"type":"Polygon","properties":{"id":"14000US29093950300"}},{"arcs":[[1461,1462,1463,-1459,-1453,1464,-1212]],"type":"Polygon","properties":{"id":"14000US29093950100"}},{"arcs":[[1465,1466,-557,1467]],"type":"Polygon","properties":{"id":"14000US29055450302"}},{"arcs":[[-484,-567,1468,1469,-1462,-1211,-551,-558,-1467,1470]],"type":"Polygon","properties":{"id":"14000US29055450200"}},{"arcs":[[1471,1472,-727,-560,-721,1473]],"type":"Polygon","properties":{"id":"14000US29095006300"}},{"arcs":[[1474,1475,1476,1477,1478,1479]],"type":"Polygon","properties":{"id":"14000US29095012200"}},{"arcs":[[1480,1481,1482,1483]],"type":"Polygon","properties":{"id":"14000US29095012904"}},{"arcs":[[1484,1485,1486,1487,1488]],"type":"Polygon","properties":{"id":"14000US29095012802"}},{"arcs":[[1489,1490,1491,1492]],"type":"Polygon","properties":{"id":"14000US29095013003"}},{"arcs":[[-1492,1493,1494,1495,1496,1497,1498,1499]],"type":"Polygon","properties":{"id":"14000US29095013100"}},{"arcs":[[1500,1501,1502,-1495]],"type":"Polygon","properties":{"id":"14000US29095013203"}},{"arcs":[[1503,1504,1505,1506,1507,1508]],"type":"Polygon","properties":{"id":"14000US29019001202"}},{"arcs":[[1509,1510,1511,1512,1513]],"type":"Polygon","properties":{"id":"14000US29019002100"}},{"arcs":[[1514,1515,-1024,1516,1517,1518]],"type":"Polygon","properties":{"id":"14000US29189218201"}},{"arcs":[[1519,-309,1520,1521,1522,1523,1524]],"type":"Polygon","properties":{"id":"14000US29189217852"}},{"arcs":[[1525,1526,1527,1528,1529,1530]],"type":"Polygon","properties":{"id":"14000US29189215141"}},{"arcs":[[1531,1532,1533,1534,1535,1536,1537,1538]],"type":"Polygon","properties":{"id":"14000US29189215400"}},{"arcs":[[1539,1540,1541,-1343,-1304,1542]],"type":"Polygon","properties":{"id":"14000US29510102500"}},{"arcs":[[1543,1544,1545]],"type":"Polygon","properties":{"id":"14000US29005950200"}},{"arcs":[[1546,1547,1548,1549,-1544]],"type":"Polygon","properties":{"id":"14000US29005950100"}},{"arcs":[[1550,1551,1552,1553,1554,1555]],"type":"Polygon","properties":{"id":"14000US29113810100"}},{"arcs":[[1556,-553,-1210,1557,1558,-1215,1559,1560,1561,1562,1563]],"type":"Polygon","properties":{"id":"14000US29065960200"}},{"arcs":[[-1558,-1209,1564]],"type":"Polygon","properties":{"id":"14000US29065960400"}},{"arcs":[[-1565,-1208,-1559]],"type":"Polygon","properties":{"id":"14000US29065960300"}},{"arcs":[[1565,1566,1567]],"type":"Polygon","properties":{"id":"14000US29017950200"}},{"arcs":[[-1178,1568,-1568,1569,-1428,-1445,-1196]],"type":"Polygon","properties":{"id":"14000US29017950300"}},{"arcs":[[1570,1571,1572,1573,1574,-1566,-1569,-1177]],"type":"Polygon","properties":{"id":"14000US29017950100"}},{"arcs":[[1575,1576,1577,1578]],"type":"Polygon","properties":{"id":"14000US29175490500"}},{"arcs":[[1579,1580,1581,1582,1583,1584]],"type":"Polygon","properties":{"id":"14000US29039870101"}},{"arcs":[[-689,-695,1585,1586,-1585,1587,1588,1589]],"type":"Polygon","properties":{"id":"14000US29039870102"}},{"arcs":[[1590,1591,-1140,-1110]],"type":"Polygon","properties":{"id":"14000US29183310901"}},{"arcs":[[-1119,-1144,-1221]],"type":"Polygon","properties":{"id":"14000US29183311114"}},{"arcs":[[1592,-257,1593,-261,1594,1595]],"type":"Polygon","properties":{"id":"14000US29510114102"}},{"arcs":[[1596,-292,1597,-276]],"type":"Polygon","properties":{"id":"14000US29510116302"}},{"arcs":[[1598,1599,1600,1601,-214,1602,1603,-472,-105]],"type":"Polygon","properties":{"id":"14000US29019001702"}},{"arcs":[[1604,1605,1606]],"type":"Polygon","properties":{"id":"14000US29053950400"}},{"arcs":[[1607,1608,-1605,1609]],"type":"Polygon","properties":{"id":"14000US29053950200"}},{"arcs":[[-532,1610,1611,1612,1613,-99,1614,-526]],"type":"Polygon","properties":{"id":"14000US29053950500"}},{"arcs":[[1615,-1610,-1607,-1613]],"type":"Polygon","properties":{"id":"14000US29053950300"}},{"arcs":[[-1606,-1609,1616,-207,1617,-103,-110,-100,-1614]],"type":"Polygon","properties":{"id":"14000US29053950100"}},{"arcs":[[-1373,1618,-801,1619,-1578,1620,1621,1622,1623]],"type":"Polygon","properties":{"id":"14000US29175490100"}},{"arcs":[[-1622,1624,-1576,1625,1626]],"type":"Polygon","properties":{"id":"14000US29175490400"}},{"arcs":[[1627,-1626,-1579,-1620,-807,1628,1629,1630,1631,1632]],"type":"Polygon","properties":{"id":"14000US29175490600"}},{"arcs":[[-1621,-1577,-1625]],"type":"Polygon","properties":{"id":"14000US29175490300"}},{"arcs":[[-1623,-1627,-1628,1633]],"type":"Polygon","properties":{"id":"14000US29175490200"}},{"arcs":[[1634,-1016,-1020,1635,-1325,1636]],"type":"Polygon","properties":{"id":"14000US29189217932"}},{"arcs":[[1637,1638,1639,1640,1641,1642,1643]],"type":"Polygon","properties":{"id":"14000US29189215201"}},{"arcs":[[1644,1645,-1012,1646,1647,1648]],"type":"Polygon","properties":{"id":"14000US29189217802"}},{"arcs":[[1649,1650,1651,1652,-1521,-308]],"type":"Polygon","properties":{"id":"14000US29189217841"}},{"arcs":[[1653,1654,1655,1656,1657,1658]],"type":"Polygon","properties":{"id":"14000US29043020202"}},{"arcs":[[1659,1660,1661,1662,1663,1664]],"type":"Polygon","properties":{"id":"14000US29025950202"}},{"arcs":[[-1663,1665,1666,-1413,1667]],"type":"Polygon","properties":{"id":"14000US29025950201"}},{"arcs":[[-798,1668,1669,1670,1671,1672,1673]],"type":"Polygon","properties":{"id":"14000US29173470300"}},{"arcs":[[1674,1675,1676,1677,1678,-1671]],"type":"Polygon","properties":{"id":"14000US29173470200"}},{"arcs":[[1679,1680,1681,-1677]],"type":"Polygon","properties":{"id":"14000US29173470100"}},{"arcs":[[1682,1683,1684,1685,-1418,1686]],"type":"Polygon","properties":{"id":"14000US29151490400"}},{"arcs":[[-140,-469,1687,1688,-1687,-1417,1689]],"type":"Polygon","properties":{"id":"14000US29151490300"}},{"arcs":[[-585,-598,1690,1691,1692,1693,-1688,-468]],"type":"Polygon","properties":{"id":"14000US29151490100"}},{"arcs":[[-1694,1694,1695,-1683,-1689]],"type":"Polygon","properties":{"id":"14000US29151490200"}},{"arcs":[[1696,1697,1698,1699,1700,1701]],"type":"Polygon","properties":{"id":"14000US29189212102"}},{"arcs":[[1702,1703,-790,1704]],"type":"Polygon","properties":{"id":"14000US29189221624"}},{"arcs":[[1705,1706,1707,-1018]],"type":"Polygon","properties":{"id":"14000US29189218102"}},{"arcs":[[1708,1709,1710,1711]],"type":"Polygon","properties":{"id":"14000US29189220001"}},{"arcs":[[1712,1713,1714,-1709,1715,1716]],"type":"Polygon","properties":{"id":"14000US29189220002"}},{"arcs":[[1717,1718,1719,1720,1721]],"type":"Polygon","properties":{"id":"14000US29099700603"}},{"arcs":[[1722,1723,1724,1725,1726,1727]],"type":"Polygon","properties":{"id":"14000US29201780200"}},{"arcs":[[-1231,-1243,1728,1729,1730,1731,1732]],"type":"Polygon","properties":{"id":"14000US29119070200"}},{"arcs":[[-1732,1733,1734,1735]],"type":"Polygon","properties":{"id":"14000US29119070300"}},{"arcs":[[1736,1737,1738,1739]],"type":"Polygon","properties":{"id":"14000US29095013615"}},{"arcs":[[1740,-159,1741,1742]],"type":"Polygon","properties":{"id":"14000US29187950300"}},{"arcs":[[-1464,1743,1744,-182,1745,-1460]],"type":"Polygon","properties":{"id":"14000US29187950600"}},{"arcs":[[-450]],"type":"Polygon","properties":{"id":"14000US29133950400"}},{"arcs":[[1746,1747,-17]],"type":"Polygon","properties":{"id":"14000US29189221627"}},{"arcs":[[1748,1749,1750,1751]],"type":"Polygon","properties":{"id":"14000US29043020402"}},{"arcs":[[1752,1753,1754,-1656]],"type":"Polygon","properties":{"id":"14000US29043020206"}},{"arcs":[[1755,1756,1757,1758,1759]],"type":"Polygon","properties":{"id":"14000US29043020309"}},{"arcs":[[1760,1761,-1753,-1655]],"type":"Polygon","properties":{"id":"14000US29043020207"}},{"arcs":[[1762,1763,-1760,1764,-1762]],"type":"Polygon","properties":{"id":"14000US29043020307"}},{"arcs":[[1765,1766,1767,-380,1768,-1750,1769,1770]],"type":"Polygon","properties":{"id":"14000US29043020401"}},{"arcs":[[1771,-1751,-1769,-387,-77,1772,1773,1774]],"type":"Polygon","properties":{"id":"14000US29043020502"}},{"arcs":[[1775,1776,-1771,1777,1778,-1757]],"type":"Polygon","properties":{"id":"14000US29043020310"}},{"arcs":[[1779,1780,1781,1782]],"type":"Polygon","properties":{"id":"14000US29510125500"}},{"arcs":[[1783,1784,1785,1786,1787,1788]],"type":"Polygon","properties":{"id":"14000US29099700402"}},{"arcs":[[-1765,-1759,1789,-1754]],"type":"Polygon","properties":{"id":"14000US29043020308"}},{"arcs":[[1790,1791,1792]],"type":"Polygon","properties":{"id":"14000US29079960400"}},{"arcs":[[1793,1794,1795,1796,-1792,1797,1798,1799,1800,1801]],"type":"Polygon","properties":{"id":"14000US29079960200"}},{"arcs":[[1802,-1793,-1797]],"type":"Polygon","properties":{"id":"14000US29079960300"}},{"arcs":[[1803,1804,-1159,1805,1806,-1798,-1791,-1803,-1796]],"type":"Polygon","properties":{"id":"14000US29079960100"}},{"arcs":[[1807,1808,1809,-1308,1810,1811,1812]],"type":"Polygon","properties":{"id":"14000US29189213203"}},{"arcs":[[1813,1814,-625,1815]],"type":"Polygon","properties":{"id":"14000US29077000501"}},{"arcs":[[1816,1817,1818,-179]],"type":"Polygon","properties":{"id":"14000US29187950902"}},{"arcs":[[-993,-998,1819,1820,1821,1822,1823,1824,1825,1826,1827]],"type":"Polygon","properties":{"id":"14000US29001950100"}},{"arcs":[[-1827,1828,1829,1830,1831]],"type":"Polygon","properties":{"id":"14000US29001950300"}},{"arcs":[[-1826,1832,1833,-1829]],"type":"Polygon","properties":{"id":"14000US29001950400"}},{"arcs":[[1834,1835,1836]],"type":"Polygon","properties":{"id":"14000US29001951000"}},{"arcs":[[1837,-994,-1828,-1832,1838,1839,-1824,1840,1841,1842,-1186]],"type":"Polygon","properties":{"id":"14000US29001950200"}},{"arcs":[[-1830,-1834,1843,-1835,1844]],"type":"Polygon","properties":{"id":"14000US29001950900"}},{"arcs":[[-1782,1845,1846,1847]],"type":"Polygon","properties":{"id":"14000US29510125600"}},{"arcs":[[-1205,1848,-1846,-1781,1849]],"type":"Polygon","properties":{"id":"14000US29510125700"}},{"arcs":[[1850,1851,1852,1853,1854]],"type":"Polygon","properties":{"id":"14000US29510123300"}},{"arcs":[[1855,1856,1857,1858,-290]],"type":"Polygon","properties":{"id":"14000US29510124100"}},{"arcs":[[1859,-786,1860,1861,-1856,-289]],"type":"Polygon","properties":{"id":"14000US29510124200"}},{"arcs":[[-1862,-1854,1862,-1857]],"type":"Polygon","properties":{"id":"14000US29510124300"}},{"arcs":[[1863,1864,-1161,-956]],"type":"Polygon","properties":{"id":"14000US29077002402"}},{"arcs":[[1865,1866,1867]],"type":"Polygon","properties":{"id":"14000US29189221424"}},{"arcs":[[1868,1869,1870,1871,1872,1873]],"type":"Polygon","properties":{"id":"14000US29095014120"}},{"arcs":[[1874,1875,-1851,1876]],"type":"Polygon","properties":{"id":"14000US29510123200"}},{"arcs":[[-1863,-1853,1877,1878,1879,-1858]],"type":"Polygon","properties":{"id":"14000US29510124600"}},{"arcs":[[1880,1881,-1415,-1409,-1406,1882,1883,1884,1885]],"type":"Polygon","properties":{"id":"14000US29177080300"}},{"arcs":[[-1667,1886,1887,1888,1889,-1883,-1405,-1403,-1408,-1414]],"type":"Polygon","properties":{"id":"14000US29177080100"}},{"arcs":[[-342,1890,1891,-1222,-1148,1892,-15,1893,1894,1895]],"type":"Polygon","properties":{"id":"14000US29183980000"}},{"arcs":[[1896,1897,-1091]],"type":"Polygon","properties":{"id":"14000US29183312094"}},{"arcs":[[1898,1899,1900,-1107,-1136,-1223,1901,-1149,-1103]],"type":"Polygon","properties":{"id":"14000US29183312400"}},{"arcs":[[1902,1903,1904,1905,1906]],"type":"Polygon","properties":{"id":"14000US29099700115"}},{"arcs":[[1907,1908,1909,1910,1911]],"type":"Polygon","properties":{"id":"14000US29099700117"}},{"arcs":[[-1787,1912,1913,1914,1915,1916]],"type":"Polygon","properties":{"id":"14000US29099700504"}},{"arcs":[[1917,1918,1919,1920]],"type":"Polygon","properties":{"id":"14000US29099700207"}},{"arcs":[[1921,1922,1923,1924,1925]],"type":"Polygon","properties":{"id":"14000US29099700119"}},{"arcs":[[1926,1927,1928,1929,1930]],"type":"Polygon","properties":{"id":"14000US29099700209"}},{"arcs":[[1931,1932,1933,-1931,1934,-1918]],"type":"Polygon","properties":{"id":"14000US29099700211"}},{"arcs":[[1935,1936,1937,1938]],"type":"Polygon","properties":{"id":"14000US29099700802"}},{"arcs":[[1939,1940,1941,1942,1943,1944]],"type":"Polygon","properties":{"id":"14000US29099701404"}},{"arcs":[[1945,-1910,1946,1947,-1907,1948,1949,1950]],"type":"Polygon","properties":{"id":"14000US29099700114"}},{"arcs":[[1951,1952,-1909,1953,-1925]],"type":"Polygon","properties":{"id":"14000US29099700118"}},{"arcs":[[1954,-1912,1955]],"type":"Polygon","properties":{"id":"14000US29099700116"}},{"arcs":[[1956,-1920,1957,1958,1959,1960,-1914]],"type":"Polygon","properties":{"id":"14000US29099700503"}},{"arcs":[[-1935,-1930,1961,-1958,-1919]],"type":"Polygon","properties":{"id":"14000US29099700206"}},{"arcs":[[1962,1963,1964,-1922,-1928,1965]],"type":"Polygon","properties":{"id":"14000US29099700208"}},{"arcs":[[1966,1967,-1966,-1927,-1934]],"type":"Polygon","properties":{"id":"14000US29099700210"}},{"arcs":[[1968,-1788,-1917,1969]],"type":"Polygon","properties":{"id":"14000US29099700401"}},{"arcs":[[-910,-908,1970,1971,1972]],"type":"Polygon","properties":{"id":"14000US29189212701"}},{"arcs":[[1973,1974,-1309,-1810]],"type":"Polygon","properties":{"id":"14000US29189213301"}},{"arcs":[[-923,1975,1976,1977,-615]],"type":"Polygon","properties":{"id":"14000US29189220449"}},{"arcs":[[1978,1979,1980,1981,1982,1983]],"type":"Polygon","properties":{"id":"14000US29189216201"}},{"arcs":[[-917,1984,1985,1986,-1014,1987]],"type":"Polygon","properties":{"id":"14000US29189218013"}},{"arcs":[[1988,1989,1990,1991,1992,-1981,1993]],"type":"Polygon","properties":{"id":"14000US29189215902"}},{"arcs":[[1994,1995,-1698,1996]],"type":"Polygon","properties":{"id":"14000US29189212003"}},{"arcs":[[1997,1998,1999,2000,-860]],"type":"Polygon","properties":{"id":"14000US29189221339"}},{"arcs":[[-2000,2001,-919,-613]],"type":"Polygon","properties":{"id":"14000US29189221338"}},{"arcs":[[2002,2003,2004,2005,2006]],"type":"Polygon","properties":{"id":"14000US29189219601"}},{"arcs":[[2007,2008,-1714,2009]],"type":"Polygon","properties":{"id":"14000US29189219801"}},{"arcs":[[2010,-1977,2011,2012,2013,2014,2015]],"type":"Polygon","properties":{"id":"14000US29189220451"}},{"arcs":[[-922,2016,2017,2018,-2012,-1976]],"type":"Polygon","properties":{"id":"14000US29189220450"}},{"arcs":[[-2016,2019,2020,2021,-1905,2022]],"type":"Polygon","properties":{"id":"14000US29189220452"}},{"arcs":[[-1711,2023,2024,2025,-1297,2026]],"type":"Polygon","properties":{"id":"14000US29189220102"}},{"arcs":[[-145,2027,2028,-22,2029]],"type":"Polygon","properties":{"id":"14000US29189210102"}},{"arcs":[[2030,-1302,2031,2032,2033,2034]],"type":"Polygon","properties":{"id":"14000US29189220504"}},{"arcs":[[2035,2036,-149,2037]],"type":"Polygon","properties":{"id":"14000US29189210808"}},{"arcs":[[2038,2039,-417,2040,2041]],"type":"Polygon","properties":{"id":"14000US29189216102"}},{"arcs":[[2042,2043,2044,-2036]],"type":"Polygon","properties":{"id":"14000US29189210807"}},{"arcs":[[-1701,2045,2046,2047]],"type":"Polygon","properties":{"id":"14000US29189212201"}},{"arcs":[[2048,-1972,2049,2050,2051]],"type":"Polygon","properties":{"id":"14000US29189213701"}},{"arcs":[[-2006,2052,2053,2054,-2008,2055]],"type":"Polygon","properties":{"id":"14000US29189219802"}},{"arcs":[[2056,2057,2058,2059]],"type":"Polygon","properties":{"id":"14000US29189219501"}},{"arcs":[[-1301,2060,-2032]],"type":"Polygon","properties":{"id":"14000US29189220503"}},{"arcs":[[2061,2062,2063,-1808,2064]],"type":"Polygon","properties":{"id":"14000US29189213104"}},{"arcs":[[2065,2066,2067,2068,2069,2070]],"type":"Polygon","properties":{"id":"14000US29047022301"}},{"arcs":[[2071,2072,2073,-706,2074]],"type":"Polygon","properties":{"id":"14000US29095016600"}},{"arcs":[[2075,2076,2077,2078,-1316,2079]],"type":"Polygon","properties":{"id":"14000US29189214902"}},{"arcs":[[2080,-918,-1988,-1013]],"type":"Polygon","properties":{"id":"14000US29189218016"}},{"arcs":[[2081,2082,2083,2084,-1990]],"type":"Polygon","properties":{"id":"14000US29189214100"}},{"arcs":[[2085,2086,-2082,-1989,2087,2088]],"type":"Polygon","properties":{"id":"14000US29189214200"}},{"arcs":[[2089,2090,-2089,2091,2092,2093]],"type":"Polygon","properties":{"id":"14000US29189214300"}},{"arcs":[[2094,2095,2096,-2090,2097,2098,2099]],"type":"Polygon","properties":{"id":"14000US29189214400"}},{"arcs":[[-2098,-2094,2100,2101,2102]],"type":"Polygon","properties":{"id":"14000US29189214500"}},{"arcs":[[2103,2104,2105,2106,2107]],"type":"Polygon","properties":{"id":"14000US29047021307"}},{"arcs":[[2108,2109,2110,2111,-2104,2112]],"type":"Polygon","properties":{"id":"14000US29047021309"}},{"arcs":[[2113,2114,-489,2115,-478,-453]],"type":"Polygon","properties":{"id":"14000US29051020700"}},{"arcs":[[-1673,2116,2117]],"type":"Polygon","properties":{"id":"14000US29007950100"}},{"arcs":[[2118,2119,2120]],"type":"Polygon","properties":{"id":"14000US29007950600"}},{"arcs":[[2121,2122,2123,-2119,2124]],"type":"Polygon","properties":{"id":"14000US29007950500"}},{"arcs":[[2125,2126,2127,-2066,2128,-511]],"type":"Polygon","properties":{"id":"14000US29047022302"}},{"arcs":[[2129,-512,-2129,-2071,2130,2131,2132,2133,-505]],"type":"Polygon","properties":{"id":"14000US29047022200"}},{"arcs":[[2134,2135,2136,-1411,2137,2138,2139,2140]],"type":"Polygon","properties":{"id":"14000US29047021806"}},{"arcs":[[-2139,2141,2142,2143,2144]],"type":"Polygon","properties":{"id":"14000US29047021701"}},{"arcs":[[-983,2145,-754,-990,2146,2147,2148,2149,2150,-977]],"type":"Polygon","properties":{"id":"14000US29095014804"}},{"arcs":[[2151,2152,-1873,2153,2154,2155]],"type":"Polygon","properties":{"id":"14000US29095013916"}},{"arcs":[[2156,2157,2158,-1502]],"type":"Polygon","properties":{"id":"14000US29095013210"}},{"arcs":[[-1286,-759,2159,2160,2161]],"type":"Polygon","properties":{"id":"14000US29095016000"}},{"arcs":[[2162,2163,2164,-1874,-2153,2165,2166]],"type":"Polygon","properties":{"id":"14000US29095989100"}},{"arcs":[[2167,-890,-898,2168,2169,2170,-559,-554,-1557,2171]],"type":"Polygon","properties":{"id":"14000US29161891000"}},{"arcs":[[2172,2173,2174]],"type":"Polygon","properties":{"id":"14000US29105960600"}},{"arcs":[[-2174,2175,2176,2177]],"type":"Polygon","properties":{"id":"14000US29105960500"}},{"arcs":[[2178,2179,2180,2181,2182]],"type":"Polygon","properties":{"id":"14000US29037061002"}},{"arcs":[[2183,2184,-901,-893,2185,2186]],"type":"Polygon","properties":{"id":"14000US29161890500"}},{"arcs":[[-2186,-896,2187,2188,-2168,2189]],"type":"Polygon","properties":{"id":"14000US29161890700"}},{"arcs":[[-899,-891,-2189,2190]],"type":"Polygon","properties":{"id":"14000US29161890900"}},{"arcs":[[-895,-903,-900,-2191,-2188]],"type":"Polygon","properties":{"id":"14000US29161890800"}},{"arcs":[[2191,2192,-2187,-2190,-2172,-1564,2193,2194,2195]],"type":"Polygon","properties":{"id":"14000US29161890600"}},{"arcs":[[-2170,2196]],"type":"Polygon","properties":{"id":"14000US29161890200"}},{"arcs":[[2197,2198,2199,2200,2201,-555,-2171,-2197,-2169,-902,-2185]],"type":"Polygon","properties":{"id":"14000US29161890100"}},{"arcs":[[-1722,2202,2203,-1939,2204,2205,2206]],"type":"Polygon","properties":{"id":"14000US29099700605"}},{"arcs":[[-821,2207,2208,-1493,-1500,2209,2210,2211]],"type":"Polygon","properties":{"id":"14000US29095010203"}},{"arcs":[[-2210,-1499,2212,2213,2214]],"type":"Polygon","properties":{"id":"14000US29095010204"}},{"arcs":[[-778,2215,2216,-2208,-820]],"type":"Polygon","properties":{"id":"14000US29095010201"}},{"arcs":[[2217,2218,2219,-2074]],"type":"Polygon","properties":{"id":"14000US29095003800"}},{"arcs":[[2220,2221,2222,2223,2224]],"type":"Polygon","properties":{"id":"14000US29095008700"}},{"arcs":[[2225,2226,2227,2228]],"type":"Polygon","properties":{"id":"14000US29095011406"}},{"arcs":[[2229,2230,2231,2232,2233]],"type":"Polygon","properties":{"id":"14000US29095011800"}},{"arcs":[[2234,2235,2236,2237,2238,2239]],"type":"Polygon","properties":{"id":"14000US29095013502"}},{"arcs":[[2240,2241]],"type":"Polygon","properties":{"id":"14000US29157470300"}},{"arcs":[[-168,2242,2243,2244,2245,-2242,2246,2247,-1571,-1176]],"type":"Polygon","properties":{"id":"14000US29157470200"}},{"arcs":[[2248,-2245,2249,2250,2251,-1572,-2248]],"type":"Polygon","properties":{"id":"14000US29157470500"}},{"arcs":[[2252,-2250,-2244,2253]],"type":"Polygon","properties":{"id":"14000US29157470100"}},{"arcs":[[-2241,-2246,-2249,-2247]],"type":"Polygon","properties":{"id":"14000US29157470400"}},{"arcs":[[2254,2255,-1331,-1328,2256,2257]],"type":"Polygon","properties":{"id":"14000US29227960100"}},{"arcs":[[-240,-242,2258,2259]],"type":"Polygon","properties":{"id":"14000US29510119102"}},{"arcs":[[-516,2260,2261,-410,2262,-411,2263,2264,2265]],"type":"Polygon","properties":{"id":"14000US29510126800"}},{"arcs":[[2266,-297,2267,2268,2269,-187,-846,-265,2270,-854,2271,-841]],"type":"Polygon","properties":{"id":"14000US29510126900"}},{"arcs":[[2272,2273,2274,2275,-31,-23,-2029,2276,2277,-844,-185,2278]],"type":"Polygon","properties":{"id":"14000US29510127000"}},{"arcs":[[2279,2280,-1783,-1848,2281,2282,-1875,2283,2284]],"type":"Polygon","properties":{"id":"14000US29510127400"}},{"arcs":[[2285,2286,2287,2288,2289,2290,2291]],"type":"Polygon","properties":{"id":"14000US29037060004"}},{"arcs":[[-2291,2292,2293,2294,2295]],"type":"Polygon","properties":{"id":"14000US29037061300"}},{"arcs":[[2296,-2284,-1877,-1855,-1861,-785]],"type":"Polygon","properties":{"id":"14000US29510123100"}},{"arcs":[[2297,2298,2299,2300,2301]],"type":"Polygon","properties":{"id":"14000US29201781202"}},{"arcs":[[2302,-2301,2303,2304]],"type":"Polygon","properties":{"id":"14000US29201781201"}},{"arcs":[[-647,2305,2306,2307,2308,-48,-649,2309]],"type":"Polygon","properties":{"id":"14000US29165030401"}},{"arcs":[[2310,2311,2312,2313,2314,-873,2315]],"type":"Polygon","properties":{"id":"14000US29099701101"}},{"arcs":[[-1929,-1926,-1954,-1908,-1955,2316,2317]],"type":"Polygon","properties":{"id":"14000US29099700113"}},{"arcs":[[-1970,-1916,2318,-2316,-872,2319]],"type":"Polygon","properties":{"id":"14000US29099701102"}},{"arcs":[[-1978,-2011,-2023,-1904,2320,2321]],"type":"Polygon","properties":{"id":"14000US29099700111"}},{"arcs":[[-2315,2322,2323,2324,2325,2326,-877]],"type":"Polygon","properties":{"id":"14000US29099701401"}},{"arcs":[[2327,2328,-2324,2329]],"type":"Polygon","properties":{"id":"14000US29099701300"}},{"arcs":[[2330,2331,-1867,-1967,-1933,2332,2333]],"type":"Polygon","properties":{"id":"14000US29099700303"}},{"arcs":[[2334,-1921,-1957,-1913,-1786]],"type":"Polygon","properties":{"id":"14000US29099700302"}},{"arcs":[[2335,2336,2337,-1941,2338,2339,-1937]],"type":"Polygon","properties":{"id":"14000US29099700700"}},{"arcs":[[-1960,2340,2341,-1718,-2207,2342,2343]],"type":"Polygon","properties":{"id":"14000US29099700604"}},{"arcs":[[2344,2345,2346,-715,2347]],"type":"Polygon","properties":{"id":"14000US29095007301"}},{"arcs":[[-2213,-1498,2348,2349,2350,2351]],"type":"Polygon","properties":{"id":"14000US29095013301"}},{"arcs":[[2352,-1287,2353,2354]],"type":"Polygon","properties":{"id":"14000US29095015402"}},{"arcs":[[2355,2356,-2355,2357,2358]],"type":"Polygon","properties":{"id":"14000US29095015401"}},{"arcs":[[2359,2360,2361,2362,2363,2364,-1476,2365]],"type":"Polygon","properties":{"id":"14000US29095011601"}},{"arcs":[[2366,2367,2368]],"type":"Polygon","properties":{"id":"14000US29095013417"}},{"arcs":[[-751,2369,2370]],"type":"Polygon","properties":{"id":"14000US29095014009"}},{"arcs":[[2371,2372,2373,2374]],"type":"Polygon","properties":{"id":"14000US29095015701"}},{"arcs":[[2375,2376,-980,2377]],"type":"Polygon","properties":{"id":"14000US29095011408"}},{"arcs":[[2378,2379,2380,2381,2382,2383,-2288,2384]],"type":"Polygon","properties":{"id":"14000US29095018102"}},{"arcs":[[2385,2386,2387,-2373]],"type":"Polygon","properties":{"id":"14000US29095015702"}},{"arcs":[[2388,2389,2390,2391]],"type":"Polygon","properties":{"id":"14000US29095016802"}},{"arcs":[[2392,2393,-2345,2394]],"type":"Polygon","properties":{"id":"14000US29095007302"}},{"arcs":[[2395,2396,2397,2398]],"type":"Polygon","properties":{"id":"14000US29095013705"}},{"arcs":[[2399,2400]],"type":"Polygon","properties":{"id":"14000US29163460400"}},{"arcs":[[2401,2402,2403,2404,2405]],"type":"Polygon","properties":{"id":"14000US29095014122"}},{"arcs":[[2406,2407,2408,-1869,-2165]],"type":"Polygon","properties":{"id":"14000US29095014125"}},{"arcs":[[2409,-2228,2410,2411,-2376,2412]],"type":"Polygon","properties":{"id":"14000US29095011409"}},{"arcs":[[2413,2414,-2156,2415,2416]],"type":"Polygon","properties":{"id":"14000US29095013801"}},{"arcs":[[2417]],"type":"Polygon","properties":{"id":"14000US29095013902"}},{"arcs":[[2418,2419,2420,2421]],"type":"Polygon","properties":{"id":"14000US29009960302"}},{"arcs":[[2422,2423,-2420,2424]],"type":"Polygon","properties":{"id":"14000US29009960301"}},{"arcs":[[-2421,-2424,2425,2426,2427,2428,2429,-35,2430]],"type":"Polygon","properties":{"id":"14000US29009960202"}},{"arcs":[[-2429,2431,2432,2433,2434,2435]],"type":"Polygon","properties":{"id":"14000US29009960102"}},{"arcs":[[2436,2437,2438,2439,-2432,-2428]],"type":"Polygon","properties":{"id":"14000US29009960101"}},{"arcs":[[2440,-2422,-2431,-34,2441,-1246]],"type":"Polygon","properties":{"id":"14000US29009960201"}},{"arcs":[[2442,2443]],"type":"Polygon","properties":{"id":"14000US29163460100"}},{"arcs":[[-1678,-1682,2444,-2444,2445,2446,2447,-2400,2448]],"type":"Polygon","properties":{"id":"14000US29163460200"}},{"arcs":[[-2447,2449,-1552,2450,2451]],"type":"Polygon","properties":{"id":"14000US29163460500"}},{"arcs":[[-1679,-2449,-2401,-2448,-2452,2452,2453,2454,2455,-2117,-1672]],"type":"Polygon","properties":{"id":"14000US29163460300"}},{"arcs":[[-592,-587,-588,-486,-2115,2456,2457,2458]],"type":"Polygon","properties":{"id":"14000US29027070800"}},{"arcs":[[2459,2460,2461,-1591,-1109,2462]],"type":"Polygon","properties":{"id":"14000US29183310700"}},{"arcs":[[2463,2464,-1142,2465,2466,2467,2468]],"type":"Polygon","properties":{"id":"14000US29183311211"}},{"arcs":[[-211,2469,2470,2471,2472,2473,2474,2475]],"type":"Polygon","properties":{"id":"14000US29027070100"}},{"arcs":[[-602,-604,-595,2476]],"type":"Polygon","properties":{"id":"14000US29027070400"}},{"arcs":[[-2476,-599,-2477,-594,-590,2477,-212]],"type":"Polygon","properties":{"id":"14000US29027070500"}},{"arcs":[[2478,-1691,-597,-603,-600,-2475]],"type":"Polygon","properties":{"id":"14000US29027070200"}},{"arcs":[[2479,2480,2481,2482,2483]],"type":"Polygon","properties":{"id":"14000US29077005001"}},{"arcs":[[2484,2485,2486,2487,2488,2489]],"type":"Polygon","properties":{"id":"14000US29186960300"}},{"arcs":[[2490,-2488]],"type":"Polygon","properties":{"id":"14000US29186960200"}},{"arcs":[[-2490,2491,-2254,-2243,-167,2492]],"type":"Polygon","properties":{"id":"14000US29186960400"}},{"arcs":[[-397,-223,2493,2494,2495,-408,-419]],"type":"Polygon","properties":{"id":"14000US29510112100"}},{"arcs":[[-284,-787,-1860,-288,2496]],"type":"Polygon","properties":{"id":"14000US29510116500"}},{"arcs":[[2497,2498,2499,2500,2501]],"type":"Polygon","properties":{"id":"14000US29077003300"}},{"arcs":[[2502,2503,2504,2505]],"type":"Polygon","properties":{"id":"14000US29077000200"}},{"arcs":[[2506,2507,2508,2509,-1763,-1761,2510]],"type":"Polygon","properties":{"id":"14000US29077004003"}},{"arcs":[[2511,2512,2513,2514,2515]],"type":"Polygon","properties":{"id":"14000US29021000400"}},{"arcs":[[2516,2517,2518,2519]],"type":"Polygon","properties":{"id":"14000US29127960500"}},{"arcs":[[2520]],"type":"Polygon","properties":{"id":"14000US29127960300"}},{"arcs":[[2521,2522,2523,2524,2525,2526]],"type":"Polygon","properties":{"id":"14000US29097010301"}},{"arcs":[[2527,2528,2529,2530]],"type":"Polygon","properties":{"id":"14000US29097010602"}},{"arcs":[[2531,2532,2533,2534,2535,2536,2537]],"type":"Polygon","properties":{"id":"14000US29097011202"}},{"arcs":[[2538,2539,-91,2540,2541,2542,-886,2543]],"type":"Polygon","properties":{"id":"14000US29209090605"}},{"arcs":[[2544,2545,2546,-634,2547,2548,-1814,2549]],"type":"Polygon","properties":{"id":"14000US29077000600"}},{"arcs":[[2550,2551,2552,2553,-1038,2554]],"type":"Polygon","properties":{"id":"14000US29107090300"}},{"arcs":[[-1352,2555,2556,2557,2558,2559]],"type":"Polygon","properties":{"id":"14000US29183310302"}},{"arcs":[[-271,-264,-135,2560,-201,-268]],"type":"Polygon","properties":{"id":"14000US29510110300"}},{"arcs":[[2561,-1727,2562,2563,-1423]],"type":"Polygon","properties":{"id":"14000US29201780300"}},{"arcs":[[2564,2565,2566,2567,2568,2569]],"type":"Polygon","properties":{"id":"14000US29101960102"}},{"arcs":[[2570,-1384,2571,-2570,2572,-68,2573]],"type":"Polygon","properties":{"id":"14000US29101960101"}},{"arcs":[[-54,2574,2575,-2567,2576,-59,2577]],"type":"Polygon","properties":{"id":"14000US29101960702"}},{"arcs":[[-2569,2578,-75,2579,2580,2581,2582,-57,-69,-2573]],"type":"Polygon","properties":{"id":"14000US29101960302"}},{"arcs":[[-2568,-2576,2583,-55,-2578,-58,-2583,2584,-76,-2579]],"type":"Polygon","properties":{"id":"14000US29101960301"}},{"arcs":[[-71,-2585,-2582,2585]],"type":"Polygon","properties":{"id":"14000US29101960502"}},{"arcs":[[-2575,-53,-2584]],"type":"Polygon","properties":{"id":"14000US29101960701"}},{"arcs":[[-74,2586,2587,-2580]],"type":"Polygon","properties":{"id":"14000US29101960402"}},{"arcs":[[2588,-72,-2586,-2581,-2588]],"type":"Polygon","properties":{"id":"14000US29101960501"}},{"arcs":[[-73,-2589,-2587]],"type":"Polygon","properties":{"id":"14000US29101960401"}},{"arcs":[[-438,2589,2590,2591,2592]],"type":"Polygon","properties":{"id":"14000US29021000200"}},{"arcs":[[-2512,2593,-2592,2594,2595,2596]],"type":"Polygon","properties":{"id":"14000US29021000500"}},{"arcs":[[-2591,2597,-883,2598,2599,2600,2601,-2595]],"type":"Polygon","properties":{"id":"14000US29021000600"}},{"arcs":[[2602,2603,2604]],"type":"Polygon","properties":{"id":"14000US29085470300"}},{"arcs":[[2605,2606,2607,2608,2609,2610,-2605,2611,2612]],"type":"Polygon","properties":{"id":"14000US29085470100"}},{"arcs":[[2613,2614,2615,2616,2617,2618,2619]],"type":"Polygon","properties":{"id":"14000US29181870100"}},{"arcs":[[-2618,2620,2621,2622]],"type":"Polygon","properties":{"id":"14000US29181870400"}},{"arcs":[[-2619,-2623,2623,2624]],"type":"Polygon","properties":{"id":"14000US29181870300"}},{"arcs":[[-1002,2625,-2620,-2625,2626,-1009]],"type":"Polygon","properties":{"id":"14000US29181870200"}},{"arcs":[[2627,-2514,2628,2629,2630,2631,-731,2632,2633]],"type":"Polygon","properties":{"id":"14000US29021003001"}},{"arcs":[[2634,-734,2635,-2630]],"type":"Polygon","properties":{"id":"14000US29021003002"}},{"arcs":[[-2033,-2061,-1300,2636,2637,-1292]],"type":"Polygon","properties":{"id":"14000US29189220300"}},{"arcs":[[2638,-143,2639]],"type":"Polygon","properties":{"id":"14000US29189210704"}},{"arcs":[[-150,-2037,-2045,-2640,2640]],"type":"Polygon","properties":{"id":"14000US29189210806"}},{"arcs":[[2641,-1583,2642,-2484,2643,2644]],"type":"Polygon","properties":{"id":"14000US29057480100"}},{"arcs":[[2645,-1589,2646,-2645,2647,2648]],"type":"Polygon","properties":{"id":"14000US29057480200"}},{"arcs":[[2649,-144,-2639,-2044,2650]],"type":"Polygon","properties":{"id":"14000US29189210703"}},{"arcs":[[-2634,2651,2652,-644,2653]],"type":"Polygon","properties":{"id":"14000US29021002900"}},{"arcs":[[2654,2655,2656,2657,2658,-645,-2653]],"type":"Polygon","properties":{"id":"14000US29021002800"}},{"arcs":[[-1375,2659,2660,2661,2662]],"type":"Polygon","properties":{"id":"14000US29041470200"}},{"arcs":[[-1374,-1624,-1634,-1633,2663,2664,-2660]],"type":"Polygon","properties":{"id":"14000US29041470300"}},{"arcs":[[2665,2666,2667,2668,2669,-573,-568,2670]],"type":"Polygon","properties":{"id":"14000US29189211201"}},{"arcs":[[-794,2671,2672]],"type":"Polygon","properties":{"id":"14000US29189210928"}},{"arcs":[[-1996,2673,-294,2674,-1699]],"type":"Polygon","properties":{"id":"14000US29189212101"}},{"arcs":[[2675,-2601,2676,2677,-733]],"type":"Polygon","properties":{"id":"14000US29021000900"}},{"arcs":[[-2596,-2602,-2676,-732,2678]],"type":"Polygon","properties":{"id":"14000US29021001100"}},{"arcs":[[-2678,2679,2680,-2636]],"type":"Polygon","properties":{"id":"14000US29021001500"}},{"arcs":[[-2513,-2597,-2679,-735,-2635,-2629]],"type":"Polygon","properties":{"id":"14000US29021001200"}},{"arcs":[[-439,-2593,-2594,-2516,2681]],"type":"Polygon","properties":{"id":"14000US29021000300"}},{"arcs":[[-881,2682,-436,-6,2683,2684,-2658,2685,2686,2687]],"type":"Polygon","properties":{"id":"14000US29021002700"}},{"arcs":[[-1131,2688,2689,2690,-1813,2691,2692,-1526,2693]],"type":"Polygon","properties":{"id":"14000US29189215143"}},{"arcs":[[-2693,2694,2695,-1527]],"type":"Polygon","properties":{"id":"14000US29189215144"}},{"arcs":[[2696,-2100,2697,2698,-2078]],"type":"Polygon","properties":{"id":"14000US29189214601"}},{"arcs":[[-1317,2699,2700,2701]],"type":"Polygon","properties":{"id":"14000US29189215004"}},{"arcs":[[2702,2703,2704,-739]],"type":"Polygon","properties":{"id":"14000US29095014203"}},{"arcs":[[2705,-2305,2706,2707]],"type":"Polygon","properties":{"id":"14000US29201780700"}},{"arcs":[[2708,2709,-959,2710,2711,2712]],"type":"Polygon","properties":{"id":"14000US29077001100"}},{"arcs":[[2713,2714,2715]],"type":"Polygon","properties":{"id":"14000US29117480500"}},{"arcs":[[2716,-2714,2717,2718]],"type":"Polygon","properties":{"id":"14000US29117480300"}},{"arcs":[[-1799,-1807,2719,-1378,2720,2721,-2715,-2717,2722]],"type":"Polygon","properties":{"id":"14000US29117480100"}},{"arcs":[[-1800,-2723,-2719,2723,-2721,-1377,2724,2725,2726,2727]],"type":"Polygon","properties":{"id":"14000US29117480200"}},{"arcs":[[-2718,-2716,-2722,-2724]],"type":"Polygon","properties":{"id":"14000US29117480400"}},{"arcs":[[2728,2729,-1160,-1805,2730,2731]],"type":"Polygon","properties":{"id":"14000US29129470100"}},{"arcs":[[-2731,-1804,-1795,2732]],"type":"Polygon","properties":{"id":"14000US29129470200"}},{"arcs":[[-1482,-1488,2733,-743,2734,2735,2736,2737,2738]],"type":"Polygon","properties":{"id":"14000US29095014400"}},{"arcs":[[2739,2740,2741,2742,2743,2744]],"type":"Polygon","properties":{"id":"14000US29047021303"}},{"arcs":[[2745,2746,2747,2748,-208,-1617,-1608,-1616,-1612,2749]],"type":"Polygon","properties":{"id":"14000US29089960200"}},{"arcs":[[2750,-2747]],"type":"Polygon","properties":{"id":"14000US29089960300"}},{"arcs":[[2751,2752,-2664,-1632,2753,-2748,-2751,-2746]],"type":"Polygon","properties":{"id":"14000US29089960100"}},{"arcs":[[2754,-2519,2755,-1676,2756]],"type":"Polygon","properties":{"id":"14000US29127960900"}},{"arcs":[[2757,2758,-2517,2759,2760]],"type":"Polygon","properties":{"id":"14000US29127960400"}},{"arcs":[[-929,2761,-2761,2762,-2757,-1675,-1670,2763],[-2521]],"type":"Polygon","properties":{"id":"14000US29127960100"}},{"arcs":[[2764,-814,-2764,-1669,-797,2765]],"type":"Polygon","properties":{"id":"14000US29127960200"}},{"arcs":[[2766,2767,2768,2769,2770,2771,2772,-2574,-67,-364]],"type":"Polygon","properties":{"id":"14000US29037060500"}},{"arcs":[[2773,2774]],"type":"Polygon","properties":{"id":"14000US29037060100"}},{"arcs":[[2775,-2775,2776,-2292,2777,2778]],"type":"Polygon","properties":{"id":"14000US29037060001"}},{"arcs":[[2779,2780,-2182,2781,-370,2782,2783]],"type":"Polygon","properties":{"id":"14000US29037061100"}},{"arcs":[[-2181,2784,-2767,-366,-367,-2782],[2785,2786]],"type":"Polygon","properties":{"id":"14000US29037060800"}},{"arcs":[[2787,-2295,2788,-2183,-2781,2789]],"type":"Polygon","properties":{"id":"14000US29037061001"}},{"arcs":[[-1629,-806,-810,2790,-2125,-2121,2791,2792,-2471,2793,-217,2794]],"type":"Polygon","properties":{"id":"14000US29007950300"}},{"arcs":[[-2120,-2124,2795,2796,-2792]],"type":"Polygon","properties":{"id":"14000US29007950700"}},{"arcs":[[-809,-799,-1674,-2118,-2456,2797,-2472,-2793,-2797,2798,-2122,-2791]],"type":"Polygon","properties":{"id":"14000US29007950200"}},{"arcs":[[-2799,-2796,-2123]],"type":"Polygon","properties":{"id":"14000US29007950400"}},{"arcs":[[2799,2800,2801,2802,2803,-183,-1745,2804]],"type":"Polygon","properties":{"id":"14000US29187950401"}},{"arcs":[[2805,2806,-2803]],"type":"Polygon","properties":{"id":"14000US29187951002"}},{"arcs":[[-164,2807,-2806,-2802,2808]],"type":"Polygon","properties":{"id":"14000US29187951102"}},{"arcs":[[2809,-176,-2804,-2807]],"type":"Polygon","properties":{"id":"14000US29187951001"}},{"arcs":[[-2808,-163,-177,-2810]],"type":"Polygon","properties":{"id":"14000US29187951101"}},{"arcs":[[-878,-2327,2810,-1743,2811,2812]],"type":"Polygon","properties":{"id":"14000US29187950104"}},{"arcs":[[2813,-172,2814,-1818]],"type":"Polygon","properties":{"id":"14000US29187950801"}},{"arcs":[[-180,-1819,-2815,-171,-1168,2815]],"type":"Polygon","properties":{"id":"14000US29187950703"}},{"arcs":[[-173,-2814,2816]],"type":"Polygon","properties":{"id":"14000US29187950802"}},{"arcs":[[-2326,2817,2818,2819,-160,-1741,-2811]],"type":"Polygon","properties":{"id":"14000US29187950106"}},{"arcs":[[-181,-2816,-1167,-1461,-1746]],"type":"Polygon","properties":{"id":"14000US29187950702"}},{"arcs":[[-2812,-1742,-165,-2809,-2801,2820]],"type":"Polygon","properties":{"id":"14000US29187950103"}},{"arcs":[[-2500,2821,-2545,2822,2823]],"type":"Polygon","properties":{"id":"14000US29077001800"}},{"arcs":[[2824,2825,-2546,-2822,-2499]],"type":"Polygon","properties":{"id":"14000US29077001900"}},{"arcs":[[2826,-1219,-1892,2827]],"type":"Polygon","properties":{"id":"14000US29183311151"}},{"arcs":[[-437,-2683,-884,-2598,-2590]],"type":"Polygon","properties":{"id":"14000US29021000100"}},{"arcs":[[-628,2828,2829,2830,2831]],"type":"Polygon","properties":{"id":"14000US29077001500"}},{"arcs":[[2832,-2823,-2550,-1816,2833,2834]],"type":"Polygon","properties":{"id":"14000US29077001700"}},{"arcs":[[2835,2836,-2835,2837,2838]],"type":"Polygon","properties":{"id":"14000US29077003100"}},{"arcs":[[-2501,-2824,-2833,-2837,2839]],"type":"Polygon","properties":{"id":"14000US29077003200"}},{"arcs":[[2840,2841,-1513,2842,2843,2844,-1506,2845]],"type":"Polygon","properties":{"id":"14000US29019000600"}},{"arcs":[[2846,2847,2848,2849]],"type":"Polygon","properties":{"id":"14000US29077003600"}},{"arcs":[[2850,2851,2852]],"type":"Polygon","properties":{"id":"14000US29109470602"}},{"arcs":[[2853,2854,2855,2856,2857,-1051,2858]],"type":"Polygon","properties":{"id":"14000US29105960101"}},{"arcs":[[2859,2860,2861,2862,2863,-2856]],"type":"Polygon","properties":{"id":"14000US29105960201"}},{"arcs":[[-1264,2864,2865,2866,2867,-2854,2868]],"type":"Polygon","properties":{"id":"14000US29105960102"}},{"arcs":[[2869,-1082,-1076,2870,2871,2872,-2862,2873,-2866]],"type":"Polygon","properties":{"id":"14000US29105960202"}},{"arcs":[[-2868,2874,2875,-2175,-2178,2876,-2860,-2855]],"type":"Polygon","properties":{"id":"14000US29105960302"}},{"arcs":[[-2867,-2874,-2861,-2877,-2177,2877,-2875]],"type":"Polygon","properties":{"id":"14000US29105960301"}},{"arcs":[[2878,2879,2880,2881,2882]],"type":"Polygon","properties":{"id":"14000US29031880700"}},{"arcs":[[2883,2884,-1382]],"type":"Polygon","properties":{"id":"14000US29107090601"}},{"arcs":[[2885,-2034,-1295,2886,-2018]],"type":"Polygon","properties":{"id":"14000US29189220441"}},{"arcs":[[-415,2887,-252,2888]],"type":"Polygon","properties":{"id":"14000US29510103700"}},{"arcs":[[-2265,2889,-258,-1593,2890,2891]],"type":"Polygon","properties":{"id":"14000US29510103800"}},{"arcs":[[2892,-2709,2893,-2829]],"type":"Polygon","properties":{"id":"14000US29077001200"}},{"arcs":[[-2894,-2713,-621,2894]],"type":"Polygon","properties":{"id":"14000US29077001301"}},{"arcs":[[-285,-2497,-287,-1597,-275]],"type":"Polygon","properties":{"id":"14000US29510116301"}},{"arcs":[[-2259,-246,2895,2896]],"type":"Polygon","properties":{"id":"14000US29510119101"}},{"arcs":[[-256,2897,-126,-259,-1594]],"type":"Polygon","properties":{"id":"14000US29510114101"}},{"arcs":[[-133,-251,-1207,2898,2899,2900]],"type":"Polygon","properties":{"id":"14000US29510127100"}},{"arcs":[[-414,2901,2902,-280,-253,-2888]],"type":"Polygon","properties":{"id":"14000US29510127200"}},{"arcs":[[-849,2903,2904,-2285,-2297,-784,2905]],"type":"Polygon","properties":{"id":"14000US29510127300"}},{"arcs":[[2906,-2899,-1206,-1850,-1780,-2281,2907]],"type":"Polygon","properties":{"id":"14000US29510127500"}},{"arcs":[[2908,2909,2910,2911]],"type":"Polygon","properties":{"id":"14000US29019000300"}},{"arcs":[[-1876,-2283,2912,-1878,-1852]],"type":"Polygon","properties":{"id":"14000US29510127600"}},{"arcs":[[2913,2914,2915,2916,2917,2918,-2526]],"type":"Polygon","properties":{"id":"14000US29097011900"}},{"arcs":[[2919,2920,-2649,2921,2922,2923,2924,2925]],"type":"Polygon","properties":{"id":"14000US29097012100"}},{"arcs":[[2926,-2924,2927,2928,2929,-2917]],"type":"Polygon","properties":{"id":"14000US29097012000"}},{"arcs":[[2930,2931,-2522,2932,2933]],"type":"Polygon","properties":{"id":"14000US29097010200"}},{"arcs":[[2934,-2933,2935,2936,2937,2938]],"type":"Polygon","properties":{"id":"14000US29097010100"}},{"arcs":[[-2778,-2296,-2788,2939]],"type":"Polygon","properties":{"id":"14000US29037060202"}},{"arcs":[[2940,2941,-2179,-2789,-2294]],"type":"Polygon","properties":{"id":"14000US29037060305"}},{"arcs":[[2942,-2786]],"type":"Polygon","properties":{"id":"14000US29037060904"}},{"arcs":[[2943,2944,2945,2946,2947]],"type":"Polygon","properties":{"id":"14000US29113810306"}},{"arcs":[[-2945,2948,2949,2950,2951,2952]],"type":"Polygon","properties":{"id":"14000US29113810310"}},{"arcs":[[2953,2954,2955,2956]],"type":"Polygon","properties":{"id":"14000US29069360500"}},{"arcs":[[2957,2958,2959,2960,2961]],"type":"Polygon","properties":{"id":"14000US29069360800"}},{"arcs":[[-2961,2962,-2956,2963,2964,2965,2966,2967,2968]],"type":"Polygon","properties":{"id":"14000US29069360900"}},{"arcs":[[-1434,2969,2970,2971]],"type":"Polygon","properties":{"id":"14000US29069360200"}},{"arcs":[[-2970,-1451,2972,2973]],"type":"Polygon","properties":{"id":"14000US29069360100"}},{"arcs":[[2974,-2964,-2955]],"type":"Polygon","properties":{"id":"14000US29069360600"}},{"arcs":[[2975,-2971,-2974,2976,2977,-2965,-2975,-2954,2978,-2959,2979]],"type":"Polygon","properties":{"id":"14000US29069360400"}},{"arcs":[[2980,2981,2982,2983,2984,2985]],"type":"Polygon","properties":{"id":"14000US29097012201"}},{"arcs":[[2986,-2920,2987,2988,-2982]],"type":"Polygon","properties":{"id":"14000US29097012202"}},{"arcs":[[-2985,2989,-2532,2990]],"type":"Polygon","properties":{"id":"14000US29097011302"}},{"arcs":[[-2990,-2984,2991,2992,2993,-2533]],"type":"Polygon","properties":{"id":"14000US29097011301"}},{"arcs":[[2994,-2914,-2525,2995]],"type":"Polygon","properties":{"id":"14000US29097011501"}},{"arcs":[[2996,2997,2998,-942,-1388]],"type":"Polygon","properties":{"id":"14000US29097010902"}},{"arcs":[[2999,-2938,3000,-2528,3001]],"type":"Polygon","properties":{"id":"14000US29097010601"}},{"arcs":[[-2983,-2989,3002,3003,-2915,-2995,3004,-2992]],"type":"Polygon","properties":{"id":"14000US29097011502"}},{"arcs":[[-2537,3005,3006,-2997,-1387,3007]],"type":"Polygon","properties":{"id":"14000US29097010901"}},{"arcs":[[-2994,3008,3009,-2931,3010,-2534]],"type":"Polygon","properties":{"id":"14000US29097011201"}},{"arcs":[[-3010,3011,-2523,-2932]],"type":"Polygon","properties":{"id":"14000US29097010302"}},{"arcs":[[3012,3013,3014,3015,3016]],"type":"Polygon","properties":{"id":"14000US29095013707"}},{"arcs":[[3017,3018,3019,-1385,-2571,-2773,-2237],[-2418]],"type":"Polygon","properties":{"id":"14000US29095013917"}},{"arcs":[[-2737,3020,-1740,3021,3022]],"type":"Polygon","properties":{"id":"14000US29095013614"}},{"arcs":[[3023,3024,-1486,3025]],"type":"Polygon","properties":{"id":"14000US29095012702"}},{"arcs":[[-2408,3026,3027,-2406,3028]],"type":"Polygon","properties":{"id":"14000US29095014121"}},{"arcs":[[3029,-3017,3030,3031]],"type":"Polygon","properties":{"id":"14000US29095013708"}},{"arcs":[[3032,-2239,3033,3034,-2382]],"type":"Polygon","properties":{"id":"14000US29095018101"}},{"arcs":[[3035,3036,-3013,-3030,-1738]],"type":"Polygon","properties":{"id":"14000US29095013613"}},{"arcs":[[-978,-2151,3037,3038,3039,3040,3041]],"type":"Polygon","properties":{"id":"14000US29095014503"}},{"arcs":[[3042,3043,3044,-2163,3045,-3039]],"type":"Polygon","properties":{"id":"14000US29095019302"}},{"arcs":[[-3038,-2150,3046,3047,-3043]],"type":"Polygon","properties":{"id":"14000US29095019301"}},{"arcs":[[-988,3048,3049,-2402,-3028,3050]],"type":"Polygon","properties":{"id":"14000US29095014128"}},{"arcs":[[3051,-3051,3052,3053,3054]],"type":"Polygon","properties":{"id":"14000US29095014127"}},{"arcs":[[3055,-3055,3056,-3048]],"type":"Polygon","properties":{"id":"14000US29095014123"}},{"arcs":[[-3057,-3054,3057,-3044]],"type":"Polygon","properties":{"id":"14000US29095014124"}},{"arcs":[[-2368,3058,-2211,-2215,3059,3060,3061]],"type":"Polygon","properties":{"id":"14000US29095013418"}},{"arcs":[[-3045,-3058,-3053,-3027,-2407,-2164]],"type":"Polygon","properties":{"id":"14000US29095014126"}},{"arcs":[[3062,-3041,-2703,-738]],"type":"Polygon","properties":{"id":"14000US29095014504"}},{"arcs":[[-2705,3063,3064,-740]],"type":"Polygon","properties":{"id":"14000US29095014206"}},{"arcs":[[3065,-2398,3066,3067,3068,-2235,-3015]],"type":"Polygon","properties":{"id":"14000US29095013804"}},{"arcs":[[3069,-2154,-1872,3070,-3018,-2236,-3069]],"type":"Polygon","properties":{"id":"14000US29095013918"}},{"arcs":[[-3065,3071,3072,-741]],"type":"Polygon","properties":{"id":"14000US29095014205"}},{"arcs":[[-3050,3073,-2370,3074,3075,-2403]],"type":"Polygon","properties":{"id":"14000US29095014008"}},{"arcs":[[3076,-2133,3077,3078,3079]],"type":"Polygon","properties":{"id":"14000US29095011001"}},{"arcs":[[3080,3081,3082,-2364]],"type":"Polygon","properties":{"id":"14000US29095011502"}},{"arcs":[[3083,3084,-714,3085,3086,-2390]],"type":"Polygon","properties":{"id":"14000US29095016801"}},{"arcs":[[3087,3088,-2360,3089,-2231]],"type":"Polygon","properties":{"id":"14000US29095011701"}},{"arcs":[[-3083,3090,3091,-2365]],"type":"Polygon","properties":{"id":"14000US29095011501"}},{"arcs":[[3092,-2416,3093,-3067,-2397]],"type":"Polygon","properties":{"id":"14000US29095013803"}},{"arcs":[[3094,3095,-2413,-2378,3096,-3091,-3082]],"type":"Polygon","properties":{"id":"14000US29095011410"}},{"arcs":[[3097,-2417,-3093,-2396,3098]],"type":"Polygon","properties":{"id":"14000US29095013706"}},{"arcs":[[-3079,3099,3100,3101,-3088,-2230,3102]],"type":"Polygon","properties":{"id":"14000US29095011002"}},{"arcs":[[3103,-2361,-3089,-3102]],"type":"Polygon","properties":{"id":"14000US29095011602"}},{"arcs":[[-3090,-2366,-1475,3104,-2232]],"type":"Polygon","properties":{"id":"14000US29095011702"}},{"arcs":[[-833,3105,-3024,3106]],"type":"Polygon","properties":{"id":"14000US29095012703"}},{"arcs":[[-2412,3107,-981,-2377]],"type":"Polygon","properties":{"id":"14000US29095011407"}},{"arcs":[[-1465,-1456,-1458,3108,3109,-1213]],"type":"Polygon","properties":{"id":"14000US29179380100"}},{"arcs":[[-3109,-1457,-1202,-1195,3110,3111,3112]],"type":"Polygon","properties":{"id":"14000US29179380200"}},{"arcs":[[-1584,-2642,-2647,-1588]],"type":"Polygon","properties":{"id":"14000US29039870300"}},{"arcs":[[3113,-1586,-694]],"type":"Polygon","properties":{"id":"14000US29039870200"}},{"arcs":[[3114,3115,-2544,-885,3116]],"type":"Polygon","properties":{"id":"14000US29209090201"}},{"arcs":[[3117,3118,-3117,-889,3119,-2433,-2440]],"type":"Polygon","properties":{"id":"14000US29209090202"}},{"arcs":[[3120,-86,3121,3122]],"type":"Polygon","properties":{"id":"14000US29209090402"}},{"arcs":[[3123,3124,3125,3126,3127,3128,-3115,-3119,3129]],"type":"Polygon","properties":{"id":"14000US29209090101"}},{"arcs":[[3130,-2541,3131,3132,3133,-83,-3121,3134]],"type":"Polygon","properties":{"id":"14000US29209090604"}},{"arcs":[[3135,3136,-2542,-3131]],"type":"Polygon","properties":{"id":"14000US29209090603"}},{"arcs":[[-2543,-3137,3137,-887]],"type":"Polygon","properties":{"id":"14000US29209090501"}},{"arcs":[[-3129,3138,3139,3140,-2539,-3116]],"type":"Polygon","properties":{"id":"14000US29209090606"}},{"arcs":[[-3120,-888,-3138,-3136,-3135,-3123,3141,3142]],"type":"Polygon","properties":{"id":"14000US29209090401"}},{"arcs":[[3143,3144,-3130,-3118,-2439]],"type":"Polygon","properties":{"id":"14000US29209090102"}},{"arcs":[[-1049,-1056,3145,3146,3147]],"type":"Polygon","properties":{"id":"14000US29059480200"}},{"arcs":[[3148,-2610,3149,-1265,-2869,-2859,-1050,-3148,3150]],"type":"Polygon","properties":{"id":"14000US29059480100"}},{"arcs":[[3151,3152]],"type":"Polygon","properties":{"id":"14000US29081950300"}},{"arcs":[[3153,3154,-3153,3155,3156,-1332,-2256]],"type":"Polygon","properties":{"id":"14000US29081950200"}},{"arcs":[[3157,3158,3159,3160]],"type":"Polygon","properties":{"id":"14000US29029950201"}},{"arcs":[[3161,3162,-2290]],"type":"Polygon","properties":{"id":"14000US29037060003"}},{"arcs":[[-2943,-2787]],"type":"Polygon","properties":{"id":"14000US29037061400"}},{"arcs":[[3163,3164,3165,3166,-1080,-1083,3167]],"type":"Polygon","properties":{"id":"14000US29169470102"}},{"arcs":[[3168,3169,3170,-1533,3171]],"type":"Polygon","properties":{"id":"14000US29189215500"}},{"arcs":[[3172,-2101,-2093,3173,3174,3175,3176,-3170]],"type":"Polygon","properties":{"id":"14000US29189215700"}},{"arcs":[[3177,3178,-3151,-3147,3179,3180,3181]],"type":"Polygon","properties":{"id":"14000US29167960201"}},{"arcs":[[-1582,3182,3183,3184,3185,-2480,-2643]],"type":"Polygon","properties":{"id":"14000US29167960402"}},{"arcs":[[3186,3187,-3182,3188,3189]],"type":"Polygon","properties":{"id":"14000US29167960101"}},{"arcs":[[3190,-3190,3191,3192,-3183,-1581]],"type":"Polygon","properties":{"id":"14000US29167960102"}},{"arcs":[[3193,3194,3195,3196,-3185]],"type":"Polygon","properties":{"id":"14000US29167960401"}},{"arcs":[[-3181,3197,-3192,-3189]],"type":"Polygon","properties":{"id":"14000US29167960202"}},{"arcs":[[-3180,-3146,-1059,3198,3199]],"type":"Polygon","properties":{"id":"14000US29167960301"}},{"arcs":[[-3193,-3198,-3200,3200,-3194,-3184]],"type":"Polygon","properties":{"id":"14000US29167960302"}},{"arcs":[[3201,-2732,-2733,-1794,3202,-3156,-3152,-3155]],"type":"Polygon","properties":{"id":"14000US29081950100"}},{"arcs":[[3203,-2911,3204,3205,-2844]],"type":"Polygon","properties":{"id":"14000US29019002200"}},{"arcs":[[-2881,3206,3207,3208,3209]],"type":"Polygon","properties":{"id":"14000US29031880800"}},{"arcs":[[3210,3211,-1821]],"type":"Polygon","properties":{"id":"14000US29103960200"}},{"arcs":[[-3212,3212,-967,-932,-816,3213,3214,3215,-1822]],"type":"Polygon","properties":{"id":"14000US29103960100"}},{"arcs":[[-357,3216,3217,-1267,-362]],"type":"Polygon","properties":{"id":"14000US29029950101"}},{"arcs":[[3218,3219,3220,3221,-1255,-1269]],"type":"Polygon","properties":{"id":"14000US29029951102"}},{"arcs":[[-356,3222,3223,3224,-3217]],"type":"Polygon","properties":{"id":"14000US29029950102"}},{"arcs":[[3225,3226,3227,3228,-1266,-3150,-2609]],"type":"Polygon","properties":{"id":"14000US29029950801"}},{"arcs":[[-1257,3229,3230,3231]],"type":"Polygon","properties":{"id":"14000US29029950402"}},{"arcs":[[3232,-3161,3233,-3220]],"type":"Polygon","properties":{"id":"14000US29029950202"}},{"arcs":[[-3218,-3225,3234,-3158,-3233,-3219,-1268]],"type":"Polygon","properties":{"id":"14000US29029951101"}},{"arcs":[[-1253,-1270,-1259,3235,-3228,3236]],"type":"Polygon","properties":{"id":"14000US29029950701"}},{"arcs":[[-3236,-1258,-3232,3237,-1260,-3229]],"type":"Polygon","properties":{"id":"14000US29029950301"}},{"arcs":[[-1256,-3222,3238,3239,-3230]],"type":"Polygon","properties":{"id":"14000US29029950401"}},{"arcs":[[-360,-1254,-3237,-3227,3240]],"type":"Polygon","properties":{"id":"14000US29029950702"}},{"arcs":[[3241,3242,-1789,-1969,3243,3244]],"type":"Polygon","properties":{"id":"14000US29071800801"}},{"arcs":[[3245,3246,3247,3248,3249,3250,-3205,-2910,3251]],"type":"Polygon","properties":{"id":"14000US29019001001"}},{"arcs":[[-2749,-2754,-1631,3252,3253,3254,-203]],"type":"Polygon","properties":{"id":"14000US29019001901"}},{"arcs":[[3255,-3252,-2909,-1511]],"type":"Polygon","properties":{"id":"14000US29019000200"}},{"arcs":[[3256,3257,3258,3259,-2669]],"type":"Polygon","properties":{"id":"14000US29189210925"}},{"arcs":[[-156,3260,3261,3262,3263]],"type":"Polygon","properties":{"id":"14000US29189210923"}},{"arcs":[[3264,3265,-904,-579]],"type":"Polygon","properties":{"id":"14000US29189211802"}},{"arcs":[[3266,3267,3268,3269,3270,-724]],"type":"Polygon","properties":{"id":"14000US29095017100"}},{"arcs":[[3271,3272,3273,3274,-2158,3275,-2738,-3023,3276,3277,3278,-2380,3279]],"type":"Polygon","properties":{"id":"14000US29095988300"}},{"arcs":[[-2763,-2760,-2520,-2755]],"type":"Polygon","properties":{"id":"14000US29127960600"}},{"arcs":[[-2518,-2759,3280,-1680,-2756]],"type":"Polygon","properties":{"id":"14000US29127960800"}},{"arcs":[[3281,3282,-3278]],"type":"Polygon","properties":{"id":"14000US29095018200"}},{"arcs":[[-51,3283,3284,3285,3286]],"type":"Polygon","properties":{"id":"14000US29165030207"}},{"arcs":[[-2496,3287,-847,3288,-412,-2263,-409]],"type":"Polygon","properties":{"id":"14000US29510104500"}},{"arcs":[[3289,-2233,3290,-764,3291]],"type":"Polygon","properties":{"id":"14000US29095011900"}},{"arcs":[[-3092,3292,3293,3294,-1477]],"type":"Polygon","properties":{"id":"14000US29095012300"}},{"arcs":[[3295,-1479,3296,-736,3297,-831,3298,3299]],"type":"Polygon","properties":{"id":"14000US29095012400"}},{"arcs":[[-828,-3107,-3026,3300,3301]],"type":"Polygon","properties":{"id":"14000US29095012600"}},{"arcs":[[-3266,3302,3303,3304,-905]],"type":"Polygon","properties":{"id":"14000US29189211900"}},{"arcs":[[3305,-1702,-2048,3306,-2050]],"type":"Polygon","properties":{"id":"14000US29189212300"}},{"arcs":[[-907,3307,-1697,-3306,-1971]],"type":"Polygon","properties":{"id":"14000US29189212400"}},{"arcs":[[3308,3309,3310,3311,3312,3313]],"type":"Polygon","properties":{"id":"14000US29023950500"}},{"arcs":[[3314,3315,-3314,3316,3317,3318]],"type":"Polygon","properties":{"id":"14000US29023950800"}},{"arcs":[[-3311,3319,3320,-1436,3321,3322,3323]],"type":"Polygon","properties":{"id":"14000US29023950600"}},{"arcs":[[-2617,3324,-3318,3325,-3312,-3324,3326,-2621]],"type":"Polygon","properties":{"id":"14000US29023950900"}},{"arcs":[[3327,3328,-3319,-3325,-2616]],"type":"Polygon","properties":{"id":"14000US29023950202"}},{"arcs":[[3329,3330,3331,3332,3333]],"type":"Polygon","properties":{"id":"14000US29019001503"}},{"arcs":[[3334,-28,3335,3336,3337,3338,3339,3340]],"type":"Polygon","properties":{"id":"14000US29071800104"}},{"arcs":[[3341,3342,3343,3344,-3339]],"type":"Polygon","properties":{"id":"14000US29071800103"}},{"arcs":[[3345,3346,-3344,3347,-3242,3348]],"type":"Polygon","properties":{"id":"14000US29071800802"}},{"arcs":[[3349,-3340,-3345,-3347,3350,3351,3352]],"type":"Polygon","properties":{"id":"14000US29071800606"}},{"arcs":[[-3343,3353,-124,3354,3355,-3243,-3348]],"type":"Polygon","properties":{"id":"14000US29071800703"}},{"arcs":[[-118,3356,3357,3358,3359]],"type":"Polygon","properties":{"id":"14000US29071800404"}},{"arcs":[[3360,-3351,-3346,3361,3362,3363]],"type":"Polygon","properties":{"id":"14000US29071800903"}},{"arcs":[[3364,-125,-3354,-3342,-3338]],"type":"Polygon","properties":{"id":"14000US29071800101"}},{"arcs":[[-3358,3365,3366,-3364,3367,3368,3369,3370]],"type":"Polygon","properties":{"id":"14000US29071800501"}},{"arcs":[[3371,-3341,-3350,3372,3373,3374]],"type":"Polygon","properties":{"id":"14000US29071800603"}},{"arcs":[[-116,3375,3376,3377,3378]],"type":"Polygon","properties":{"id":"14000US29071800301"}},{"arcs":[[3379,-3374,3380,-3352,-3361,-3367]],"type":"Polygon","properties":{"id":"14000US29071800605"}},{"arcs":[[-3373,-3353,-3381]],"type":"Polygon","properties":{"id":"14000US29071800604"}},{"arcs":[[-117,-3379,3381,-3375,-3380,-3366,-3357]],"type":"Polygon","properties":{"id":"14000US29071800403"}},{"arcs":[[-3362,-3349,-3245,3382]],"type":"Polygon","properties":{"id":"14000US29071800904"}},{"arcs":[[3383,-30,-3377]],"type":"Polygon","properties":{"id":"14000US29071800302"}},{"arcs":[[3384,-1894,-14,-121,-3365,-3337]],"type":"Polygon","properties":{"id":"14000US29071800102"}},{"arcs":[[3385,-3359,-3371,3386,-481,3387]],"type":"Polygon","properties":{"id":"14000US29071800502"}},{"arcs":[[-123,-1034,3388,-3355]],"type":"Polygon","properties":{"id":"14000US29071800704"}},{"arcs":[[-1915,-1961,-2344,3389,-2311,-2319]],"type":"Polygon","properties":{"id":"14000US29099700502"}},{"arcs":[[3390,3391,3392,-3034,-2238,-2772,3393,-2768,-2785]],"type":"Polygon","properties":{"id":"14000US29037060402"}},{"arcs":[[-3035,-3393,3394]],"type":"Polygon","properties":{"id":"14000US29037060401"}},{"arcs":[[-3163,3395,3396,3397,-2941,-2293]],"type":"Polygon","properties":{"id":"14000US29037060306"}},{"arcs":[[-2289,-2384,3398,-3396,-3162]],"type":"Polygon","properties":{"id":"14000US29037060307"}},{"arcs":[[-2770,3399]],"type":"Polygon","properties":{"id":"14000US29037060601"}},{"arcs":[[-3394,-2771,-3400,-2769]],"type":"Polygon","properties":{"id":"14000US29037060602"}},{"arcs":[[-3397,-3399,-2383,-3395,-3392,3400]],"type":"Polygon","properties":{"id":"14000US29037060309"}},{"arcs":[[-3398,-3401,-3391,-2180,-2942]],"type":"Polygon","properties":{"id":"14000US29037060308"}},{"arcs":[[3401,3402,3403,3404,3405]],"type":"Polygon","properties":{"id":"14000US29189219300"}},{"arcs":[[3406,-3405,3407,-2060,3408,-606,-864]],"type":"Polygon","properties":{"id":"14000US29189219400"}},{"arcs":[[-2007,-2056,-2010,-1713,3409,3410]],"type":"Polygon","properties":{"id":"14000US29189219700"}},{"arcs":[[-2009,-2055,3411,-2024,-1710,-1715]],"type":"Polygon","properties":{"id":"14000US29189219900"}},{"arcs":[[-719,3412,3413,3414]],"type":"Polygon","properties":{"id":"14000US29095008300"}},{"arcs":[[-3291,-3105,-1480,-3296,3415,-765]],"type":"Polygon","properties":{"id":"14000US29095012100"}},{"arcs":[[3416,3417,3418,-3075,-750,3419,3420,-1386,-3020]],"type":"Polygon","properties":{"id":"14000US29095014002"}},{"arcs":[[3421,3422,3423,-710]],"type":"Polygon","properties":{"id":"14000US29095005602"}},{"arcs":[[3424,-2330,-2323,-2314]],"type":"Polygon","properties":{"id":"14000US29099701200"}},{"arcs":[[3425,-2339,-1940,3426,3427]],"type":"Polygon","properties":{"id":"14000US29099700900"}},{"arcs":[[-1962,-2318,3428,3429,-2341,-1959]],"type":"Polygon","properties":{"id":"14000US29099700107"}},{"arcs":[[3430,3431,-382,3432]],"type":"Polygon","properties":{"id":"14000US29225470401"}},{"arcs":[[-2148,3433]],"type":"Polygon","properties":{"id":"14000US29095989200"}},{"arcs":[[3434,-1057,-1052,-2858,3435,3436,3437,3438]],"type":"Polygon","properties":{"id":"14000US29225470102"}},{"arcs":[[-3436,-2857,-2864,3439,3440,3441,3442,3443]],"type":"Polygon","properties":{"id":"14000US29225470101"}},{"arcs":[[-3438,3444,3445,-3442,3446,-3431,3447,3448,3449,3450]],"type":"Polygon","properties":{"id":"14000US29225470302"}},{"arcs":[[-3437,-3444,3451,-3445]],"type":"Polygon","properties":{"id":"14000US29225470202"}},{"arcs":[[3452,3453,3454,3455,3456,3457,-205]],"type":"Polygon","properties":{"id":"14000US29019001402"}},{"arcs":[[3458,3459,3460]],"type":"Polygon","properties":{"id":"14000US29189218401"}},{"arcs":[[3461,3462,3463,-1322]],"type":"Polygon","properties":{"id":"14000US29189217943"}},{"arcs":[[3464,3465,3466,3467]],"type":"Polygon","properties":{"id":"14000US29019001604"}},{"arcs":[[-213,-2478,-589,3468,-1603]],"type":"Polygon","properties":{"id":"14000US29019001703"}},{"arcs":[[-1604,-3469,-593,-2459,3469,-473]],"type":"Polygon","properties":{"id":"14000US29019001704"}},{"arcs":[[-3333,3470,3471]],"type":"Polygon","properties":{"id":"14000US29019001508"}},{"arcs":[[3472,-3471,-3332,3473,3474,-3454]],"type":"Polygon","properties":{"id":"14000US29019001507"}},{"arcs":[[-3331,3475,3476,-3465,3477,-3247,-3474]],"type":"Polygon","properties":{"id":"14000US29019001506"}},{"arcs":[[-3458,3478,3479,-1504,3480]],"type":"Polygon","properties":{"id":"14000US29019001807"}},{"arcs":[[-3255,-3334,-3472,-3473,-3453,-204]],"type":"Polygon","properties":{"id":"14000US29019001401"}},{"arcs":[[3481,-218,-2794,-2470,-210,3482,-3476,-3330,-3254]],"type":"Polygon","properties":{"id":"14000US29019001903"}},{"arcs":[[3483,3484,3485,-2041,-420,3486,3487]],"type":"Polygon","properties":{"id":"14000US29189216300"}},{"arcs":[[3488,3489,-1984,3490,3491,-1536]],"type":"Polygon","properties":{"id":"14000US29189216500"}},{"arcs":[[-1537,-3492,3492,3493,-298,-304,3494]],"type":"Polygon","properties":{"id":"14000US29189216600"}},{"arcs":[[-3206,-3251,3495,3496,3497]],"type":"Polygon","properties":{"id":"14000US29019001105"}},{"arcs":[[-1508,3498,-3497,3499,3500,3501]],"type":"Polygon","properties":{"id":"14000US29019001107"}},{"arcs":[[-3500,3502,3503]],"type":"Polygon","properties":{"id":"14000US29019001109"}},{"arcs":[[-3496,-3250,3504,-1601,-3503]],"type":"Polygon","properties":{"id":"14000US29019001106"}},{"arcs":[[-3468,3505,-3478]],"type":"Polygon","properties":{"id":"14000US29019001505"}},{"arcs":[[-3483,-209,3506,-3466,-3477]],"type":"Polygon","properties":{"id":"14000US29019001603"}},{"arcs":[[-1630,-2795,-219,-3482,-3253]],"type":"Polygon","properties":{"id":"14000US29019001904"}},{"arcs":[[3507,-215,-1602,-3505,-3249]],"type":"Polygon","properties":{"id":"14000US29019001004"}},{"arcs":[[-1507,-2845,-3498,-3499]],"type":"Polygon","properties":{"id":"14000US29019001108"}},{"arcs":[[3508,-3501,-3504,-1600]],"type":"Polygon","properties":{"id":"14000US29019001110"}},{"arcs":[[-3481,-1509,-3502,-3509,-1599,-104,-1618,-206]],"type":"Polygon","properties":{"id":"14000US29019001806"}},{"arcs":[[3509,-2257,-1327,-430,3510,3511,3512,3513,3514]],"type":"Polygon","properties":{"id":"14000US29147470500"}},{"arcs":[[3515,-2258,-3510,3516,-1548]],"type":"Polygon","properties":{"id":"14000US29147470100"}},{"arcs":[[-3517,-3515,3517,3518,-3511,-429,-421,3519,-1549]],"type":"Polygon","properties":{"id":"14000US29147470200"}},{"arcs":[[3520,-3513,3521]],"type":"Polygon","properties":{"id":"14000US29147470400"}},{"arcs":[[3522,3523,-2506,3524,-626,-1815,-2549]],"type":"Polygon","properties":{"id":"14000US29077000502"}},{"arcs":[[-3506,-3467,-3507,-216,-3508,-3248]],"type":"Polygon","properties":{"id":"14000US29019001003"}},{"arcs":[[3525,3526,-3488,3527,-520,-299,-3494]],"type":"Polygon","properties":{"id":"14000US29189216700"}},{"arcs":[[3528,-2853,3529,3530]],"type":"Polygon","properties":{"id":"14000US29109470601"}},{"arcs":[[3531,-2205,-1938,-2340,-3426]],"type":"Polygon","properties":{"id":"14000US29099700801"}},{"arcs":[[-2329,3532,-1944,3533,-2818,-2325]],"type":"Polygon","properties":{"id":"14000US29099701403"}},{"arcs":[[-2701,3534,3535,3536]],"type":"Polygon","properties":{"id":"14000US29189215005"}},{"arcs":[[-1811,-1307,3537,-2080,-1315,3538]],"type":"Polygon","properties":{"id":"14000US29189213204"}},{"arcs":[[3539,3540,3541,3542]],"type":"Polygon","properties":{"id":"14000US29189210501"}},{"arcs":[[-3260,3543,-1398,-574,-2670]],"type":"Polygon","properties":{"id":"14000US29189211202"}},{"arcs":[[-535,-968,-545,3544]],"type":"Polygon","properties":{"id":"14000US29159480700"}},{"arcs":[[-548,-940,3545,-523,-538,3546]],"type":"Polygon","properties":{"id":"14000US29159481000"}},{"arcs":[[-939,-542,-533,-524,-3546]],"type":"Polygon","properties":{"id":"14000US29159480500"}},{"arcs":[[-1512,-2912,-3204,-2843]],"type":"Polygon","properties":{"id":"14000US29019000500"}},{"arcs":[[-202,-2561,-134,-2901,3547,-189,-197]],"type":"Polygon","properties":{"id":"14000US29510127700"}},{"arcs":[[-244,3548,-2908,-2280,-2905,3549]],"type":"Polygon","properties":{"id":"14000US29510127800"}},{"arcs":[[-1517,-1023,3550,-9,3551,3552]],"type":"Polygon","properties":{"id":"14000US29189221100"}},{"arcs":[[-2659,-2685,3553,3554,3555,3556,3557,-2306,-646]],"type":"Polygon","properties":{"id":"14000US29165030602"}},{"arcs":[[3558,3559,-656,-640,-655,-664,-3285]],"type":"Polygon","properties":{"id":"14000US29165030004"}},{"arcs":[[-44,3560,-3286,-663,3561,3562]],"type":"Polygon","properties":{"id":"14000US29165030216"}},{"arcs":[[3563,-3562,-662,3564]],"type":"Polygon","properties":{"id":"14000US29165030215"}},{"arcs":[[3565,-666,-651]],"type":"Polygon","properties":{"id":"14000US29165030309"}},{"arcs":[[-3558,3566,-2307]],"type":"Polygon","properties":{"id":"14000US29165030502"}},{"arcs":[[3567,3568,-671,-39,-2309]],"type":"Polygon","properties":{"id":"14000US29165980000"}},{"arcs":[[-43,-3287,-3561]],"type":"Polygon","properties":{"id":"14000US29165030214"}},{"arcs":[[3569,3570,3571,-3559,-3284]],"type":"Polygon","properties":{"id":"14000US29165030212"}},{"arcs":[[3572,3573,-672,-3569,3574,-3557]],"type":"Polygon","properties":{"id":"14000US29165030601"}},{"arcs":[[-46,3575,-3565,-661,-3566,-650]],"type":"Polygon","properties":{"id":"14000US29165030310"}},{"arcs":[[-3572,3576,3577,-657,-3560]],"type":"Polygon","properties":{"id":"14000US29165030003"}},{"arcs":[[-3567,-3575,-3568,-2308]],"type":"Polygon","properties":{"id":"14000US29165030501"}},{"arcs":[[-670,3578,-3570,-50]],"type":"Polygon","properties":{"id":"14000US29165030213"}},{"arcs":[[-368,-64,3579,3580,3581,3582,3583]],"type":"Polygon","properties":{"id":"14000US29083950300"}},{"arcs":[[3584,3585,-3582]],"type":"Polygon","properties":{"id":"14000US29083950500"}},{"arcs":[[-3583,-3586,3586,3587,3588,3589,3590,3591,3592]],"type":"Polygon","properties":{"id":"14000US29083950400"}},{"arcs":[[-62,-541,-1367,3593]],"type":"Polygon","properties":{"id":"14000US29083950100"}},{"arcs":[[-3580,-63,-3594,-1368,-1360,3594,-3588,3595]],"type":"Polygon","properties":{"id":"14000US29083950200"}},{"arcs":[[-3581,-3596,-3587,-3585]],"type":"Polygon","properties":{"id":"14000US29083950600"}},{"arcs":[[3596,-3299,-830,-826,3597]],"type":"Polygon","properties":{"id":"14000US29095010600"}},{"arcs":[[3598,3599,3600,-2356,3601,3602]],"type":"Polygon","properties":{"id":"14000US29095000300"}},{"arcs":[[3603,-843,3604,3605,3606,3607,-404]],"type":"Polygon","properties":{"id":"14000US29510106100"}},{"arcs":[[3608,3609,-2065,-2691,3610]],"type":"Polygon","properties":{"id":"14000US29189213102"}},{"arcs":[[3611,3612,3613,-2096,3614,3615]],"type":"Polygon","properties":{"id":"14000US29189213500"}},{"arcs":[[-2047,3616,-840,3617,3618]],"type":"Polygon","properties":{"id":"14000US29189213800"}},{"arcs":[[-405,-3608,3619,-220,-401]],"type":"Polygon","properties":{"id":"14000US29510105500"}},{"arcs":[[-2084,3620,-3618,-839,-3604,-403,-399,-418,-2040,3621]],"type":"Polygon","properties":{"id":"14000US29189213900"}},{"arcs":[[-856,3622,3623,-3606,3624]],"type":"Polygon","properties":{"id":"14000US29510106500"}},{"arcs":[[-3624,3625,-199,-272,-221,-3620,-3607]],"type":"Polygon","properties":{"id":"14000US29510106600"}},{"arcs":[[-2272,-853,-3625,-3605,-842]],"type":"Polygon","properties":{"id":"14000US29510106300"}},{"arcs":[[3626,3627,-2268,-296]],"type":"Polygon","properties":{"id":"14000US29510107200"}},{"arcs":[[-3623,-855,-2271,-269,-194,-3626]],"type":"Polygon","properties":{"id":"14000US29510106700"}},{"arcs":[[-3628,3628,3629,-2269]],"type":"Polygon","properties":{"id":"14000US29510107400"}},{"arcs":[[-3630,3630,-2279,-184,-2270]],"type":"Polygon","properties":{"id":"14000US29510107500"}},{"arcs":[[3631,-1595,-260,3632,-1541,3633,-2053]],"type":"Polygon","properties":{"id":"14000US29510102200"}},{"arcs":[[3634,-2846,-1505,-3480]],"type":"Polygon","properties":{"id":"14000US29019001201"}},{"arcs":[[-1193,3635,3636,3637,-3328,-2615,3638]],"type":"Polygon","properties":{"id":"14000US29023950201"}},{"arcs":[[-3368,-3363,-3383,3639]],"type":"Polygon","properties":{"id":"14000US29071800901"}},{"arcs":[[-1175,3640,-1170]],"type":"Polygon","properties":{"id":"14000US29123960201"}},{"arcs":[[-1596,-3632,-2005,3641,-2891]],"type":"Polygon","properties":{"id":"14000US29510103100"}},{"arcs":[[-416,-2889,-2890,-2264]],"type":"Polygon","properties":{"id":"14000US29510103400"}},{"arcs":[[-3455,-3475,-3246,-3256,-1510,3642]],"type":"Polygon","properties":{"id":"14000US29019000900"}},{"arcs":[[3643,3644,-3309,-3316,3645]],"type":"Polygon","properties":{"id":"14000US29023950400"}},{"arcs":[[-1560,-1214,-3110,-3113,3646,3647,3648]],"type":"Polygon","properties":{"id":"14000US29203470100"}},{"arcs":[[3649,3650,-3648,3651,-1000,3652]],"type":"Polygon","properties":{"id":"14000US29203470200"}},{"arcs":[[3653,-2530,3654,-943,-2999]],"type":"Polygon","properties":{"id":"14000US29097010700"}},{"arcs":[[-2536,3655,-2939,-3000,3656,-3006]],"type":"Polygon","properties":{"id":"14000US29097011000"}},{"arcs":[[-3011,-2934,-2935,-3656,-2535]],"type":"Polygon","properties":{"id":"14000US29097011100"}},{"arcs":[[-1224,-1139,3657,3658,3659,3660]],"type":"Polygon","properties":{"id":"14000US29183311294"}},{"arcs":[[3661,3662,-305,-302,-519,3663,3664,-3403]],"type":"Polygon","properties":{"id":"14000US29189218901"}},{"arcs":[[-1700,-2675,-293,-2267,-3617,-2046]],"type":"Polygon","properties":{"id":"14000US29189212202"}},{"arcs":[[3665,3666,3667,3668,-2674,-1995]],"type":"Polygon","properties":{"id":"14000US29189212004"}},{"arcs":[[-1147,3669,3670,3671,3672,3673,3674,3675,3676]],"type":"Polygon","properties":{"id":"14000US29189221630"}},{"arcs":[[3677,-1868,-2332,3678]],"type":"Polygon","properties":{"id":"14000US29189221425"}},{"arcs":[[3679,-1986,3680,-1518,-3553,3681,3682,-1707]],"type":"Polygon","properties":{"id":"14000US29189218104"}},{"arcs":[[-3683,3683,-3678,3684]],"type":"Polygon","properties":{"id":"14000US29189221426"}},{"arcs":[[-3662,-3402,3685,3686]],"type":"Polygon","properties":{"id":"14000US29189218902"}},{"arcs":[[-916,3687,-1519,-3681,-1985]],"type":"Polygon","properties":{"id":"14000US29189218014"}},{"arcs":[[3688,-3484,-3527,3689]],"type":"Polygon","properties":{"id":"14000US29189216402"}},{"arcs":[[-3676,-1650,-307,3690]],"type":"Polygon","properties":{"id":"14000US29189221631"}},{"arcs":[[3691,-1649,-1522,-1653]],"type":"Polygon","properties":{"id":"14000US29189217854"}},{"arcs":[[-152,-1399,-1396,3692]],"type":"Polygon","properties":{"id":"14000US29189211002"}},{"arcs":[[-3259,-153,-3693,-1395,-3544]],"type":"Polygon","properties":{"id":"14000US29189211001"}},{"arcs":[[3693,3694,-3616,3695,-1310,-1975]],"type":"Polygon","properties":{"id":"14000US29189213302"}},{"arcs":[[3696,3697,3698,3699,-3674]],"type":"Polygon","properties":{"id":"14000US29189215236"}},{"arcs":[[3700,-517,-2266,-2892,-3642,-2004,3701]],"type":"Polygon","properties":{"id":"14000US29189219602"}},{"arcs":[[3702,-3702,-2003,3703,-2058]],"type":"Polygon","properties":{"id":"14000US29189219502"}},{"arcs":[[-1983,3704,-3690,-3526,-3493,-3491]],"type":"Polygon","properties":{"id":"14000US29189216401"}},{"arcs":[[-1982,-1993,3705,-3485,-3689,-3705]],"type":"Polygon","properties":{"id":"14000US29189216202"}},{"arcs":[[-3175,3706,-1979,-3490,3707]],"type":"Polygon","properties":{"id":"14000US29189215801"}},{"arcs":[[3708,3709,-3612,-3695]],"type":"Polygon","properties":{"id":"14000US29189213402"}},{"arcs":[[-1992,3710,-2042,-3486,-3706]],"type":"Polygon","properties":{"id":"14000US29189216101"}},{"arcs":[[3711,-1349,3712,-1298,-2026]],"type":"Polygon","properties":{"id":"14000US29189220101"}},{"arcs":[[3713,3714,-2277,-2028,-2650,3715]],"type":"Polygon","properties":{"id":"14000US29189210101"}},{"arcs":[[3716,3717,-3613,-3710]],"type":"Polygon","properties":{"id":"14000US29189213401"}},{"arcs":[[-3176,-3708,-3489,-1535,3718]],"type":"Polygon","properties":{"id":"14000US29189215803"}},{"arcs":[[-1987,-3680,-1706,-1017]],"type":"Polygon","properties":{"id":"14000US29189218105"}},{"arcs":[[-2696,3719,-1313,3720,3721,-1528]],"type":"Polygon","properties":{"id":"14000US29189215145"}},{"arcs":[[3722,3723,3724,3725,3726]],"type":"Polygon","properties":{"id":"14000US29189221337"}},{"arcs":[[-1312,3727,-2076,-3538]],"type":"Polygon","properties":{"id":"14000US29189214901"}},{"arcs":[[-1320,3728,3729,-3721]],"type":"Polygon","properties":{"id":"14000US29189215146"}},{"arcs":[[-2064,3730,-1809]],"type":"Polygon","properties":{"id":"14000US29189213103"}},{"arcs":[[-911,-1973,-2049,3731,3732]],"type":"Polygon","properties":{"id":"14000US29189212702"}},{"arcs":[[-3171,-3177,-3719,-1534]],"type":"Polygon","properties":{"id":"14000US29189215802"}},{"arcs":[[3733,3734,-1530,3735,-1638,3736]],"type":"Polygon","properties":{"id":"14000US29189215233"}},{"arcs":[[-2051,-3307,-3619,-3621,-2083,-2087,3737]],"type":"Polygon","properties":{"id":"14000US29189213702"}},{"arcs":[[-3700,-1651,-3675]],"type":"Polygon","properties":{"id":"14000US29189215235"}},{"arcs":[[-3737,-1644,3738,-3698]],"type":"Polygon","properties":{"id":"14000US29189215234"}},{"arcs":[[-3726,-2035,-2886,-2017,-921,3739]],"type":"Polygon","properties":{"id":"14000US29189220448"}},{"arcs":[[-1652,-3699,3740,-1645,-3692]],"type":"Polygon","properties":{"id":"14000US29189217853"}},{"arcs":[[-3727,-3740,-920,-2002,-1999,3741]],"type":"Polygon","properties":{"id":"14000US29189221336"}},{"arcs":[[-2092,-2088,-1994,-1980,-3707,-3174]],"type":"Polygon","properties":{"id":"14000US29189215901"}},{"arcs":[[3742,-2952,3743,3744,3745,3746]],"type":"Polygon","properties":{"id":"14000US29113810308"}},{"arcs":[[-3641,-1174,-1171]],"type":"Polygon","properties":{"id":"14000US29123960202"}},{"arcs":[[-1555,3747,3748,-2949,-2944,3749]],"type":"Polygon","properties":{"id":"14000US29113810309"}},{"arcs":[[3750,-2454,3751,-1556,-3750,-2948,3752,3753,3754,3755]],"type":"Polygon","properties":{"id":"14000US29113810205"}},{"arcs":[[-2451,-1551,-3752,-2453]],"type":"Polygon","properties":{"id":"14000US29113810206"}},{"arcs":[[-2946,-2953,-3743,3756]],"type":"Polygon","properties":{"id":"14000US29113810305"}},{"arcs":[[-3754,3757,3758]],"type":"Polygon","properties":{"id":"14000US29113810204"}},{"arcs":[[-3758,-3753,-2947,-3757,-3747,3759,3760,3761]],"type":"Polygon","properties":{"id":"14000US29113810203"}},{"arcs":[[3762,-1095,3763,-3744,-2951]],"type":"Polygon","properties":{"id":"14000US29113810307"}},{"arcs":[[3764,3765]],"type":"Polygon","properties":{"id":"14000US29115490400"}},{"arcs":[[-749,3766,-1380,3767,-3420]],"type":"Polygon","properties":{"id":"14000US29095014004"}},{"arcs":[[3768,-1489,-1481,3769,3770]],"type":"Polygon","properties":{"id":"14000US29095012804"}},{"arcs":[[-2409,-3029,-2405,3771,-3418,3772,-1870]],"type":"Polygon","properties":{"id":"14000US29095014111"}},{"arcs":[[3773,3774,3775,3776,3777,3778,3779,3780,-3270]],"type":"Polygon","properties":{"id":"14000US29095016300"}},{"arcs":[[-2979,-2957,-2963,-2960]],"type":"Polygon","properties":{"id":"14000US29069360700"}},{"arcs":[[-1435,-2972,-2976,3781,-3322]],"type":"Polygon","properties":{"id":"14000US29069360300"}},{"arcs":[[-2962,-2969,3782]],"type":"Polygon","properties":{"id":"14000US29069361000"}},{"arcs":[[-1806,-1158,3783,3784,-2720]],"type":"Polygon","properties":{"id":"14000US29115490200"}},{"arcs":[[-1157,-1187,-1843,3785,3786,3787,-3765,3788,-3784]],"type":"Polygon","properties":{"id":"14000US29115490100"}},{"arcs":[[-3785,-3789,-3766,-3788,3789,-1369]],"type":"Polygon","properties":{"id":"14000US29115490300"}},{"arcs":[[-3787,3790,-1370,-3790]],"type":"Polygon","properties":{"id":"14000US29115490500"}},{"arcs":[[-1721,-1950,3791,-2337,3792,-2203]],"type":"Polygon","properties":{"id":"14000US29099700607"}},{"arcs":[[3793,3794,-3280,-2379,3795,3796]],"type":"Polygon","properties":{"id":"14000US29095013416"}},{"arcs":[[3797,3798,3799,3800,-776,3801,3802]],"type":"Polygon","properties":{"id":"14000US29095980101"}},{"arcs":[[3803,-3273,3804,-2350]],"type":"Polygon","properties":{"id":"14000US29095013309"}},{"arcs":[[3805,-2160,-758,3806,3807,3808,-2219]],"type":"Polygon","properties":{"id":"14000US29095016500"}},{"arcs":[[-2404,-3076,-3419,-3772]],"type":"Polygon","properties":{"id":"14000US29095014006"}},{"arcs":[[-2131,-2070,3809,3810,3811,3812,3813,3814]],"type":"Polygon","properties":{"id":"14000US29095015100"}},{"arcs":[[-3064,-2704,-3040,-3046,-2167,3815,3816,-3072]],"type":"Polygon","properties":{"id":"14000US29095018500"}},{"arcs":[[3817,-3796,-2385,-2287]],"type":"Polygon","properties":{"id":"14000US29095013410"}},{"arcs":[[-3279,-3283,-3031,-3016,-2240,-3033,-2381]],"type":"Polygon","properties":{"id":"14000US29095013504"}},{"arcs":[[-3793,-2336,-1936,-2204]],"type":"Polygon","properties":{"id":"14000US29099700606"}},{"arcs":[[3818,-2321,-1903,-1948]],"type":"Polygon","properties":{"id":"14000US29099700122"}},{"arcs":[[-3429,-2317,-1956,-1911,-1946,3819,3820]],"type":"Polygon","properties":{"id":"14000US29099700120"}},{"arcs":[[3821,3822,3823,-2333,-1932,-2335,-1785]],"type":"Polygon","properties":{"id":"14000US29099700306"}},{"arcs":[[3824,-2334,-3824]],"type":"Polygon","properties":{"id":"14000US29099700305"}},{"arcs":[[-1953,-616,-2322,-3819,-1947]],"type":"Polygon","properties":{"id":"14000US29099700121"}},{"arcs":[[-3390,-2343,-2206,-3532,-3428,3825,-2312]],"type":"Polygon","properties":{"id":"14000US29099701001"}},{"arcs":[[-3826,-3427,-1945,-3533,-2328,-3425,-2313]],"type":"Polygon","properties":{"id":"14000US29099701002"}},{"arcs":[[-3821,3826,-1719,-2342,-3430]],"type":"Polygon","properties":{"id":"14000US29099700124"}},{"arcs":[[-3827,-3820,-1951,-1720]],"type":"Polygon","properties":{"id":"14000US29099700123"}},{"arcs":[[3827,-857,3828,-1964]],"type":"Polygon","properties":{"id":"14000US29099700212"}},{"arcs":[[-3829,-862,-1923,-1965]],"type":"Polygon","properties":{"id":"14000US29099700213"}},{"arcs":[[3829,3830,3831,3832,-3124,-3145,3833]],"type":"Polygon","properties":{"id":"14000US29043020101"}},{"arcs":[[3834,3835,-1129,-1592]],"type":"Polygon","properties":{"id":"14000US29183311004"}},{"arcs":[[3836,-1228,3837,3838]],"type":"Polygon","properties":{"id":"14000US29183311154"}},{"arcs":[[-3838,-1227,-1220,-2827,3839]],"type":"Polygon","properties":{"id":"14000US29183311152"}},{"arcs":[[3840,3841,-329,-1226]],"type":"Polygon","properties":{"id":"14000US29183311735"}},{"arcs":[[-313,3842,-1101,3843,-1123]],"type":"Polygon","properties":{"id":"14000US29183311602"}},{"arcs":[[3844,3845,3846,3847,3848]],"type":"Polygon","properties":{"id":"14000US29183312195"}},{"arcs":[[3849,3850,3851]],"type":"Polygon","properties":{"id":"14000US29183310201"}},{"arcs":[[-2143,3852,-1881,3853]],"type":"Polygon","properties":{"id":"14000US29047021704"}},{"arcs":[[3854,3855,3856,3857]],"type":"Polygon","properties":{"id":"14000US29047021105"}},{"arcs":[[3858,3859,-2109,-2743]],"type":"Polygon","properties":{"id":"14000US29047021312"}},{"arcs":[[3860,-2740,3861,-667]],"type":"Polygon","properties":{"id":"14000US29047021314"}},{"arcs":[[-2138,-1416,-1882,-3853,-2142]],"type":"Polygon","properties":{"id":"14000US29047021703"}},{"arcs":[[3862,3863,3864,-3859,-2742]],"type":"Polygon","properties":{"id":"14000US29047021311"}},{"arcs":[[3865,3866,3867,-3670,-1146]],"type":"Polygon","properties":{"id":"14000US29183311132"}},{"arcs":[[-3262,3868,3869,-3257,-2668,3870]],"type":"Polygon","properties":{"id":"14000US29189210926"}},{"arcs":[[3871]],"type":"Polygon","properties":{"id":"14000US29199480200"}},{"arcs":[[3872,-964,-3213,-3211,-1820,-997],[-3872]],"type":"Polygon","properties":{"id":"14000US29199480100"}},{"arcs":[[-3540,-146,-2030,-25,-33,3873,3874]],"type":"Polygon","properties":{"id":"14000US29189210600"}},{"arcs":[[-3409,-2059,-3704,-3411,3875,-969,-974,-607]],"type":"Polygon","properties":{"id":"14000US29189220801"}},{"arcs":[[3876,-3874,-32,-2276,3877,-3667,3878]],"type":"Polygon","properties":{"id":"14000US29189210400"}},{"arcs":[[-2577,-2566,3879,3880,-536,-3545,-549,-3547,-537,-60]],"type":"Polygon","properties":{"id":"14000US29159480200"}},{"arcs":[[-1657,-1755,3881,3882,3883]],"type":"Polygon","properties":{"id":"14000US29043020204"}},{"arcs":[[3884,3885,3886,-1659,3887,-3126,3888]],"type":"Polygon","properties":{"id":"14000US29043020201"}},{"arcs":[[3889,-1752,-1772,3890,3891]],"type":"Polygon","properties":{"id":"14000US29043020303"}},{"arcs":[[-1790,-1758,-1779,3892,-3892,3893,-3882]],"type":"Polygon","properties":{"id":"14000US29043020304"}},{"arcs":[[-1658,-3884,3894,-3127,-3888]],"type":"Polygon","properties":{"id":"14000US29043020205"}},{"arcs":[[3895,3896,3897,-3889,-3125,-3833]],"type":"Polygon","properties":{"id":"14000US29043020102"}},{"arcs":[[-1778,-1770,-1749,-3890,-3893]],"type":"Polygon","properties":{"id":"14000US29043020302"}},{"arcs":[[-3812,3898,-986,-745,-2146,-982,-3108,-2411,-2227]],"type":"Polygon","properties":{"id":"14000US29095017700"}},{"arcs":[[-3816,-2166,-2152,-2415,3899]],"type":"Polygon","properties":{"id":"14000US29095018600"}},{"arcs":[[3900,-3080,-3103,-2234,-3290,3901,3902]],"type":"Polygon","properties":{"id":"14000US29095015600"}},{"arcs":[[-3902,-3292,-766,-3416,3903,3904,-3778]],"type":"Polygon","properties":{"id":"14000US29095017000"}},{"arcs":[[3905,-2358,-2354,-2162,3906,-2072,3907,3908]],"type":"Polygon","properties":{"id":"14000US29095016100"}},{"arcs":[[-3908,-2075,-705,3909,3910]],"type":"Polygon","properties":{"id":"14000US29095016200"}},{"arcs":[[-3781,3911,3912,3913,-3800,3914]],"type":"Polygon","properties":{"id":"14000US29095017500"}},{"arcs":[[3915,-3775,3916,-3808]],"type":"Polygon","properties":{"id":"14000US29095016400"}},{"arcs":[[3917,3918,-700,-3085,3919]],"type":"Polygon","properties":{"id":"14000US29095016700"}},{"arcs":[[3920,3921,3922,-701,-696,-3919]],"type":"Polygon","properties":{"id":"14000US29095017800"}},{"arcs":[[-777,-3801,-3914,3923,-3771,3924,3925,-2216]],"type":"Polygon","properties":{"id":"14000US29095017200"}},{"arcs":[[-704,-711,3926,-1472,3927]],"type":"Polygon","properties":{"id":"14000US29095016900"}},{"arcs":[[-781,-762,-822,-2212,-3059,-2367,-823]],"type":"Polygon","properties":{"id":"14000US29095017300"}},{"arcs":[[-3926,3928,-1490,-2209,-2217]],"type":"Polygon","properties":{"id":"14000US29095017400"}},{"arcs":[[3929,3930,-3867,3931]],"type":"Polygon","properties":{"id":"14000US29183311150"}},{"arcs":[[3932,3933,3934,3935,3936,3937]],"type":"Polygon","properties":{"id":"14000US29077004107"}},{"arcs":[[-3106,-832,-3298,-744,-2734,-1487,-3025]],"type":"Polygon","properties":{"id":"14000US29095017600"}},{"arcs":[[3938,-3099,-2399,-3066,-3014,-3037,3939]],"type":"Polygon","properties":{"id":"14000US29095018000"}},{"arcs":[[3940,-2558,3941,-3611,-2690,3942,3943]],"type":"Polygon","properties":{"id":"14000US29183310502"}},{"arcs":[[3944,3945,-2463,-1108,-1901,3946]],"type":"Polygon","properties":{"id":"14000US29183310802"}},{"arcs":[[3947,-3944,3948,-3835,-2462]],"type":"Polygon","properties":{"id":"14000US29183310501"}},{"arcs":[[-2559,-3941,-3948,-2461,3949]],"type":"Polygon","properties":{"id":"14000US29183310601"}},{"arcs":[[-3844,-1106,3950,-619]],"type":"Polygon","properties":{"id":"14000US29183311734"}},{"arcs":[[-1124,-620,-325,3951]],"type":"Polygon","properties":{"id":"14000US29183311907"}},{"arcs":[[-3947,-1900,3952]],"type":"Polygon","properties":{"id":"14000US29183310801"}},{"arcs":[[-1112,-2465,3953,-1137]],"type":"Polygon","properties":{"id":"14000US29183312300"}},{"arcs":[[3954,3955]],"type":"Polygon","properties":{"id":"14000US29141470300"}},{"arcs":[[-1615,-102,-113,-379,3956,-351,3957,-3955,3958,-527]],"type":"Polygon","properties":{"id":"14000US29141470100"}},{"arcs":[[-1361,-3959,-3956,-3958,-354,-344,-1364]],"type":"Polygon","properties":{"id":"14000US29141470200"}},{"arcs":[[3959,3960,3961,-3042,-3063,-737,-3297]],"type":"Polygon","properties":{"id":"14000US29095014501"}},{"arcs":[[-3295,3962,-3960,-1478]],"type":"Polygon","properties":{"id":"14000US29095014601"}},{"arcs":[[3963,-3961,-3963,-3294]],"type":"Polygon","properties":{"id":"14000US29095014603"}},{"arcs":[[-3097,-984,-979,-3962,-3964,-3293]],"type":"Polygon","properties":{"id":"14000US29095014604"}},{"arcs":[[-2603,-2611,-3149,-3179,3964]],"type":"Polygon","properties":{"id":"14000US29085470502"}},{"arcs":[[3965,3966,-2612,-2604,-3965,-3178,-3188]],"type":"Polygon","properties":{"id":"14000US29085470501"}},{"arcs":[[-470,-141,-1690,-1421,3967,3968,-373]],"type":"Polygon","properties":{"id":"14000US29131962502"}},{"arcs":[[-3957,-378,3969,3970,-375,3971,3972,-352]],"type":"Polygon","properties":{"id":"14000US29131962702"}},{"arcs":[[-377,3973,-3970]],"type":"Polygon","properties":{"id":"14000US29131962901"}},{"arcs":[[-3224,3974,3975,3976,3977,-3159,-3235]],"type":"Polygon","properties":{"id":"14000US29131962801"}},{"arcs":[[-3972,-374,-3969,3978,-3164,3979,-3976,3980]],"type":"Polygon","properties":{"id":"14000US29131962802"}},{"arcs":[[-376,-3971,-3974]],"type":"Polygon","properties":{"id":"14000US29131962902"}},{"arcs":[[-3968,3981,3982,-3165,-3979]],"type":"Polygon","properties":{"id":"14000US29131962501"}},{"arcs":[[-3973,-3981,-3975,-3223,-355]],"type":"Polygon","properties":{"id":"14000US29131962701"}},{"arcs":[[-3005,-2996,-2524,-3012,-3009,-2993]],"type":"Polygon","properties":{"id":"14000US29097011400"}},{"arcs":[[-2988,-2926,3983,3984,-3003]],"type":"Polygon","properties":{"id":"14000US29097011600"}},{"arcs":[[-3984,-2925,-2927,3985]],"type":"Polygon","properties":{"id":"14000US29097011700"}},{"arcs":[[3986,3987,3988,3989,-1005,-1008,3990,3991]],"type":"Polygon","properties":{"id":"14000US29091090600"}},{"arcs":[[3992,-3650,3993,-1046]],"type":"Polygon","properties":{"id":"14000US29091090200"}},{"arcs":[[-394,-1055,3994,3995,-3992,3996,3997]],"type":"Polygon","properties":{"id":"14000US29091090400"}},{"arcs":[[3998,-3989,3999,-1064,-1062,4000,-3987,-3996]],"type":"Polygon","properties":{"id":"14000US29091090500"}},{"arcs":[[-1054,-1047,-3994,-3653,-999,-3990,-3999,-3995]],"type":"Polygon","properties":{"id":"14000US29091090300"}},{"arcs":[[-1061,-1063,-4000,-3988,-4001]],"type":"Polygon","properties":{"id":"14000US29091090700"}},{"arcs":[[4001,4002,4003,-1776,-1756,-1764,-2510,4004]],"type":"Polygon","properties":{"id":"14000US29077003801"}},{"arcs":[[4005,-2832,4006,4007]],"type":"Polygon","properties":{"id":"14000US29077005801"}},{"arcs":[[4008,4009,4010,-1865,4011]],"type":"Polygon","properties":{"id":"14000US29077003701"}},{"arcs":[[4012,4013,4014,-2502,-2840,4015,4016,4017]],"type":"Polygon","properties":{"id":"14000US29077004304"}},{"arcs":[[4018,4019,4020,-3935]],"type":"Polygon","properties":{"id":"14000US29077004108"}},{"arcs":[[4021,4022,4023,4024,4025,-3885,-3898,4026]],"type":"Polygon","properties":{"id":"14000US29077004804"}},{"arcs":[[-4017,4027,4028,-4022,4029,4030]],"type":"Polygon","properties":{"id":"14000US29077004805"}},{"arcs":[[4031,-3938,4032,4033,-4025]],"type":"Polygon","properties":{"id":"14000US29077004105"}},{"arcs":[[-3936,-4021,-2511,-1654,4034]],"type":"Polygon","properties":{"id":"14000US29077004109"}},{"arcs":[[4035,4036,4037,-3930,4038]],"type":"Polygon","properties":{"id":"14000US29183311149"}},{"arcs":[[4039,4040,-2507,-4020]],"type":"Polygon","properties":{"id":"14000US29077004004"}},{"arcs":[[4041,-2662,4042,4043,4044,-2553],[4045,4046,4047]],"type":"Polygon","properties":{"id":"14000US29195090200"}},{"arcs":[[-1039,-2554,-4045,4048,-530,-3881,4049]],"type":"Polygon","properties":{"id":"14000US29195090700"}},{"arcs":[[-752,-2371,-3074,-3049,-987]],"type":"Polygon","properties":{"id":"14000US29095014905"}},{"arcs":[[-2711,-958,-1164,4050,4051]],"type":"Polygon","properties":{"id":"14000US29077002600"}},{"arcs":[[-622,-2712,-4052,4052,4053,4054]],"type":"Polygon","properties":{"id":"14000US29077002700"}},{"arcs":[[-623,-4055,-4040,4055]],"type":"Polygon","properties":{"id":"14000US29077002800"}},{"arcs":[[4056,-4056,-4019,4057]],"type":"Polygon","properties":{"id":"14000US29077002900"}},{"arcs":[[-1347,-1344,-236,4058,4059]],"type":"Polygon","properties":{"id":"14000US29510101800"}},{"arcs":[[-1540,4060,-2054,-3634]],"type":"Polygon","properties":{"id":"14000US29510102100"}},{"arcs":[[-2467,4061,-1133,4062,4063,4064]],"type":"Polygon","properties":{"id":"14000US29183311145"}},{"arcs":[[-3931,-4038,4065,-4064,4066,-3671,-3868]],"type":"Polygon","properties":{"id":"14000US29183311148"}},{"arcs":[[4067,4068,4069,4070,4071,4072]],"type":"Polygon","properties":{"id":"14000US29031880402"}},{"arcs":[[-2468,-4065,-4066,-4037]],"type":"Polygon","properties":{"id":"14000US29183311147"}},{"arcs":[[-2466,-1141,-1134,-4062]],"type":"Polygon","properties":{"id":"14000US29183311146"}},{"arcs":[[4073,-2850,4074,-2825,-2498,-4015,4075]],"type":"Polygon","properties":{"id":"14000US29077005600"}},{"arcs":[[-637,4076,-4012,-1864,-955,4077]],"type":"Polygon","properties":{"id":"14000US29077002300"}},{"arcs":[[4078,-2482,4079,4080,-4018,-4031,4081,-3831,4082]],"type":"Polygon","properties":{"id":"14000US29077004900"}},{"arcs":[[-1685,4083,4084,4085,-3386,4086,-2200,4087]],"type":"Polygon","properties":{"id":"14000US29073960500"}},{"arcs":[[4088,4089]],"type":"Polygon","properties":{"id":"14000US29073960100"}},{"arcs":[[-4085,4090]],"type":"Polygon","properties":{"id":"14000US29073960400"}},{"arcs":[[-1693,4091,-4089,4092,4093,-120,4094,-1695]],"type":"Polygon","properties":{"id":"14000US29073960200"}},{"arcs":[[-1696,-4095,-119,-3360,-4086,-4091,-4084,-1684]],"type":"Polygon","properties":{"id":"14000US29073960300"}},{"arcs":[[-2648,-2644,-2483,-4079,4095,4096,4097,-2922]],"type":"Polygon","properties":{"id":"14000US29109470100"}},{"arcs":[[-2928,-2923,-4098,4098,4099,4100,4101,-3531,4102,-2437,-2427,4103,4104,4105]],"type":"Polygon","properties":{"id":"14000US29109470300"}},{"arcs":[[-3895,-3883,-3894,-3891,-1775,4106,-3139,-3128]],"type":"Polygon","properties":{"id":"14000US29043020501"}},{"arcs":[[4107,-3755,-3759,-3762,4108,4109,4110]],"type":"Polygon","properties":{"id":"14000US29219820104"}},{"arcs":[[-3761,4111,4112,-4109]],"type":"Polygon","properties":{"id":"14000US29219820105"}},{"arcs":[[4113,4114,4115,4116,4117]],"type":"Polygon","properties":{"id":"14000US29219820109"}},{"arcs":[[4118,-4111,4119,4120,4121,4122,-114,-4094,4123]],"type":"Polygon","properties":{"id":"14000US29219820203"}},{"arcs":[[4124,4125,-26,-3384,-3376,-115,-4123]],"type":"Polygon","properties":{"id":"14000US29219820204"}},{"arcs":[[-4104,-2426,-2423,4126]],"type":"Polygon","properties":{"id":"14000US29109470401"}},{"arcs":[[4127,-4105,-4127,-2425,-2419,-2441,-1245]],"type":"Polygon","properties":{"id":"14000US29109470402"}},{"arcs":[[4128,-4096,-4083,-3830,4129,-2851,-3529,-4102]],"type":"Polygon","properties":{"id":"14000US29109470502"}},{"arcs":[[-3530,-2852,-4130,-3834,-3144,-2438,-4103]],"type":"Polygon","properties":{"id":"14000US29109470501"}},{"arcs":[[-4097,-4129,-4101,4130,-4099]],"type":"Polygon","properties":{"id":"14000US29109470201"}},{"arcs":[[-4100,-4131]],"type":"Polygon","properties":{"id":"14000US29109470202"}},{"arcs":[[-632,-638,-4078,4131,-2504,4132]],"type":"Polygon","properties":{"id":"14000US29077000900"}},{"arcs":[[-3111,-1194,-3639,-2614,4133]],"type":"Polygon","properties":{"id":"14000US29035960100"}},{"arcs":[[-3652,-3647,-3112,-4134,-2626,-1001]],"type":"Polygon","properties":{"id":"14000US29035960200"}},{"arcs":[[-3313,-3326,-3317]],"type":"Polygon","properties":{"id":"14000US29023950700"}},{"arcs":[[-2302,-2303,-2706,4134]],"type":"Polygon","properties":{"id":"14000US29201781300"}},{"arcs":[[-4132,-954,-2710,4135]],"type":"Polygon","properties":{"id":"14000US29077001000"}},{"arcs":[[4136,4137,-333,-338,-340,4138,4139]],"type":"Polygon","properties":{"id":"14000US29183311908"}},{"arcs":[[-5,4140,4141,-3554,-2684]],"type":"Polygon","properties":{"id":"14000US29049960400"}},{"arcs":[[4142,-1665,4143]],"type":"Polygon","properties":{"id":"14000US29049960100"}},{"arcs":[[-3157,-3203,-1802,4144,4145,4146,-1333]],"type":"Polygon","properties":{"id":"14000US29061470100"}},{"arcs":[[-4145,-1801,-2728,4147,-1661,4148]],"type":"Polygon","properties":{"id":"14000US29061470200"}},{"arcs":[[-3094,-2155,-3070,-3068]],"type":"Polygon","properties":{"id":"14000US29095013904"}},{"arcs":[[4149,-513,-2130,-504,-500]],"type":"Polygon","properties":{"id":"14000US29047020604"}},{"arcs":[[-1217,4150,4151,4152,-508,-4150,-496,-493]],"type":"Polygon","properties":{"id":"14000US29047020901"}},{"arcs":[[4153,-2107,4154,-509,-4153]],"type":"Polygon","properties":{"id":"14000US29047020902"}},{"arcs":[[-1184,4155]],"type":"Polygon","properties":{"id":"14000US29171960200"}},{"arcs":[[4156,-995,-1838,-1185,-4156,-1183,-1153,-2730]],"type":"Polygon","properties":{"id":"14000US29171960100"}},{"arcs":[[-4,4157,4158,4159,4160,-4141]],"type":"Polygon","properties":{"id":"14000US29049960300"}},{"arcs":[[4161,-4120,-4110]],"type":"Polygon","properties":{"id":"14000US29219820106"}},{"arcs":[[-4113,-4118,4162,-4121,-4162]],"type":"Polygon","properties":{"id":"14000US29219820107"}},{"arcs":[[-3760,-3746,4163,-4114,-4112]],"type":"Polygon","properties":{"id":"14000US29219820108"}},{"arcs":[[4164,4165,-491,4166]],"type":"Polygon","properties":{"id":"14000US29047021001"}},{"arcs":[[4167,-3555,-4142,-4161,4168,4169,4170,-3863,-2741,-3861,-3574]],"type":"Polygon","properties":{"id":"14000US29047021900"}},{"arcs":[[-4168,-3573,-3556]],"type":"Polygon","properties":{"id":"14000US29047022000"}},{"arcs":[[4171,-498,-503,4172]],"type":"Polygon","properties":{"id":"14000US29047020201"}},{"arcs":[[-3578,4173,-495,-499,-4172,4174,-658]],"type":"Polygon","properties":{"id":"14000US29047020202"}},{"arcs":[[-3528,-3487,-406,-2262,4175,-521]],"type":"Polygon","properties":{"id":"14000US29189216800"}},{"arcs":[[4176,-3686,-3406,-3407,-863,-1030,-1027]],"type":"Polygon","properties":{"id":"14000US29189218800"}},{"arcs":[[-3664,-518,-3701,4177]],"type":"Polygon","properties":{"id":"14000US29189219100"}},{"arcs":[[-2641,-147,-3543,-1400,-151]],"type":"Polygon","properties":{"id":"14000US29189210805"}},{"arcs":[[4178,-157,-3264,4179,4180,4181,4182]],"type":"Polygon","properties":{"id":"14000US29189211334"}},{"arcs":[[-3677,-3691,-310,-1520,4183,-1747,-16,-1893]],"type":"Polygon","properties":{"id":"14000US29189221629"}},{"arcs":[[-3665,-4178,-3703,-2057,-3408,-3404]],"type":"Polygon","properties":{"id":"14000US29189219200"}},{"arcs":[[-3460,4184,-1029,-1021,-1516]],"type":"Polygon","properties":{"id":"14000US29189218402"}},{"arcs":[[-1748,-4184,-1525,4185,-1703,4186,-18]],"type":"Polygon","properties":{"id":"14000US29189221626"}},{"arcs":[[-3682,-3552,-13,4187,-858,-3828,-1963,-1968,-1866,-3684]],"type":"Polygon","properties":{"id":"14000US29189221423"}},{"arcs":[[-861,-2001,-617,-1952,-1924]],"type":"Polygon","properties":{"id":"14000US29189221335"}},{"arcs":[[-2698,-2099,-2103,4188]],"type":"Polygon","properties":{"id":"14000US29189214602"}},{"arcs":[[4189,4190,-1561,-3649,-3651,-3993,-1045]],"type":"Polygon","properties":{"id":"14000US29215480201"}},{"arcs":[[-2872,4191,4192,4193,4194,4195]],"type":"Polygon","properties":{"id":"14000US29215480301"}},{"arcs":[[4196,4197,-4193]],"type":"Polygon","properties":{"id":"14000US29215480302"}},{"arcs":[[-1075,4198,-2195,4199,4200,-4197,-4192,-2871]],"type":"Polygon","properties":{"id":"14000US29215480101"}},{"arcs":[[-4194,-4198,-4201,4201,-1562,-4191,4202,4203]],"type":"Polygon","properties":{"id":"14000US29215480202"}},{"arcs":[[-4195,-4204,4204,-1043,-391,4205,4206,4207]],"type":"Polygon","properties":{"id":"14000US29215480401"}},{"arcs":[[-4203,-4190,-1044,-4205]],"type":"Polygon","properties":{"id":"14000US29215480402"}},{"arcs":[[-2194,-1563,-4202,-4200]],"type":"Polygon","properties":{"id":"14000US29215480102"}},{"arcs":[[4208,-2027,-1296,-2031,-3725]],"type":"Polygon","properties":{"id":"14000US29189220602"}},{"arcs":[[-3876,-3410,-1717,4209,-970]],"type":"Polygon","properties":{"id":"14000US29189220701"}},{"arcs":[[-1163,-4002,4210,-4053,-4051]],"type":"Polygon","properties":{"id":"14000US29077003900"}},{"arcs":[[4211,-3450,4212,-1766,-1777,-4004,4213,-4010,4214]],"type":"Polygon","properties":{"id":"14000US29077004700"}},{"arcs":[[-4030,4215,-3896,-3832,-4082]],"type":"Polygon","properties":{"id":"14000US29077004803"}},{"arcs":[[-3186,-3197,4216,-4080,-2481]],"type":"Polygon","properties":{"id":"14000US29077005002"}},{"arcs":[[-1306,-1342,-1346,-3712,-2025,4217]],"type":"Polygon","properties":{"id":"14000US29510101100"}},{"arcs":[[-3640,-3244,-2320,-871,4218,-565,4219,-3369]],"type":"Polygon","properties":{"id":"14000US29071801000"}},{"arcs":[[-3378,-29,-3335,-3372,-3382]],"type":"Polygon","properties":{"id":"14000US29071800202"}},{"arcs":[[-3669,4220,-2273,-3631,-3629,-3627,-295]],"type":"Polygon","properties":{"id":"14000US29510108100"}},{"arcs":[[4221,-1885,4222,-747,-985,-3899,-3811]],"type":"Polygon","properties":{"id":"14000US29095015000"}},{"arcs":[[-3925,-3770,-1484,4223,-3929]],"type":"Polygon","properties":{"id":"14000US29095012903"}},{"arcs":[[4224,-1278,-1284,-2353,-2357,-3601]],"type":"Polygon","properties":{"id":"14000US29095001000"}},{"arcs":[[-2375,4225,4226]],"type":"Polygon","properties":{"id":"14000US29095001100"}},{"arcs":[[-722,4227,-2221,4228]],"type":"Polygon","properties":{"id":"14000US29095008100"}},{"arcs":[[-3910,-709,-702,-3923]],"type":"Polygon","properties":{"id":"14000US29095005200"}},{"arcs":[[-3917,-3774,-3269,4229]],"type":"Polygon","properties":{"id":"14000US29095005801"}},{"arcs":[[-2220,4230,-3422,-707]],"type":"Polygon","properties":{"id":"14000US29095005601"}},{"arcs":[[-4231,-3809,-4230,4231,-3423]],"type":"Polygon","properties":{"id":"14000US29095005700"}},{"arcs":[[-4232,-3268,4232]],"type":"Polygon","properties":{"id":"14000US29095006000"}},{"arcs":[[-3927,-3424,-4233,-3267,-723,-1473]],"type":"Polygon","properties":{"id":"14000US29095006100"}},{"arcs":[[-698,-3928,4233,-712]],"type":"Polygon","properties":{"id":"14000US29095006500"}},{"arcs":[[-713,-4234,-1474,-716,-2347,4234]],"type":"Polygon","properties":{"id":"14000US29095006600"}},{"arcs":[[-1357,-1366,4235,-2607,4236]],"type":"Polygon","properties":{"id":"14000US29015460802"}},{"arcs":[[4237,-1358,-4237,-2606,4238]],"type":"Polygon","properties":{"id":"14000US29015460701"}},{"arcs":[[-1365,-3241,-3226,-2608,-4236]],"type":"Polygon","properties":{"id":"14000US29015460801"}},{"arcs":[[-3595,-1359,-4238,4239,-3589]],"type":"Polygon","properties":{"id":"14000US29015460702"}},{"arcs":[[4240,4241,4242]],"type":"Polygon","properties":{"id":"14000US29155470400"}},{"arcs":[[-3370,4243,-482,-3387]],"type":"Polygon","properties":{"id":"14000US29071801102"}},{"arcs":[[-4244,-4220,-564]],"type":"Polygon","properties":{"id":"14000US29071801101"}},{"arcs":[[-3234,-3160,-3978,4244,-1262,4245,-3239,-3221]],"type":"Polygon","properties":{"id":"14000US29029950600"}},{"arcs":[[-3240,-4246,-1261,-3238,-3231]],"type":"Polygon","properties":{"id":"14000US29029950500"}},{"arcs":[[-4245,-3977,-3980,-3168,-1084,-2870,-2865,-1263]],"type":"Polygon","properties":{"id":"14000US29029950900"}},{"arcs":[[4246,4247,4248,-4068,4249]],"type":"Polygon","properties":{"id":"14000US29031880401"}},{"arcs":[[-4249,4250,4251,-4069]],"type":"Polygon","properties":{"id":"14000US29031880501"}},{"arcs":[[-4252,4252,4253,4254,-4070]],"type":"Polygon","properties":{"id":"14000US29031880502"}},{"arcs":[[4255,4256,4257]],"type":"Polygon","properties":{"id":"14000US29031881301"}},{"arcs":[[-90,4258,4259,4260,-3132]],"type":"Polygon","properties":{"id":"14000US29213480108"}},{"arcs":[[4261,4262,4263,-4256]],"type":"Polygon","properties":{"id":"14000US29031881302"}},{"arcs":[[-1836,-1844,-1833,-1825,-1840,4264]],"type":"Polygon","properties":{"id":"14000US29001950502"}},{"arcs":[[-1831,-1845,-1837,-4265,-1839]],"type":"Polygon","properties":{"id":"14000US29001950501"}},{"arcs":[[-4164,-3745,-3764,-1094,4265,4266,4267,4268,-4115]],"type":"Polygon","properties":{"id":"14000US29183312003"}},{"arcs":[[-1093,4269,4270,-4266]],"type":"Polygon","properties":{"id":"14000US29183312002"}},{"arcs":[[-45,-3563,-3564,-3576]],"type":"Polygon","properties":{"id":"14000US29165030208"}},{"arcs":[[-3551,-1031,-865,-610,-10]],"type":"Polygon","properties":{"id":"14000US29189221000"}},{"arcs":[[-4107,-1774,4271,4272,4273,4274,4275,4276,-3140]],"type":"Polygon","properties":{"id":"14000US29213480204"}},{"arcs":[[-1773,-82,4277,-95,4278,-4272]],"type":"Polygon","properties":{"id":"14000US29213480404"}},{"arcs":[[4279,-4273,-4279,-94]],"type":"Polygon","properties":{"id":"14000US29213480403"}},{"arcs":[[-4274,-4280,-93,4280]],"type":"Polygon","properties":{"id":"14000US29213480203"}},{"arcs":[[-4261,4281,-3133]],"type":"Polygon","properties":{"id":"14000US29213480107"}},{"arcs":[[-4276,4282,4283]],"type":"Polygon","properties":{"id":"14000US29213480208"}},{"arcs":[[-3141,-4277,-4284,4284,-87,-2540]],"type":"Polygon","properties":{"id":"14000US29213480206"}},{"arcs":[[-88,-4285,4285,-98,4286,4287]],"type":"Polygon","properties":{"id":"14000US29213480205"}},{"arcs":[[-4282,-4260,4288,4289,4290,4291,-84,-3134]],"type":"Polygon","properties":{"id":"14000US29213480503"}},{"arcs":[[-4287,-97,4292,-4290]],"type":"Polygon","properties":{"id":"14000US29213480504"}},{"arcs":[[-89,-4288,-4289,-4259]],"type":"Polygon","properties":{"id":"14000US29213480109"}},{"arcs":[[-3196,4293,4294,-4013,-4081,-4217]],"type":"Polygon","properties":{"id":"14000US29077005100"}},{"arcs":[[-4275,-4281,-92,-4286,-4283]],"type":"Polygon","properties":{"id":"14000US29213480207"}},{"arcs":[[4295,-4077,-636,4296,-2848,4297]],"type":"Polygon","properties":{"id":"14000US29077002200"}},{"arcs":[[4298,4299,4300,-4298,4301]],"type":"Polygon","properties":{"id":"14000US29077004500"}},{"arcs":[[-4016,-2836,4302,-4028]],"type":"Polygon","properties":{"id":"14000US29077004306"}},{"arcs":[[4303,4304,-3933,-4032,-4024]],"type":"Polygon","properties":{"id":"14000US29077004202"}},{"arcs":[[4305,4306,-4008,4307,-4304,-4023]],"type":"Polygon","properties":{"id":"14000US29077004201"}},{"arcs":[[4308,-4211,-4005,-2509]],"type":"Polygon","properties":{"id":"14000US29077004002"}},{"arcs":[[-4216,-4027,-3897]],"type":"Polygon","properties":{"id":"14000US29077004802"}},{"arcs":[[-2564,4309,4310,-441,4311,-2298,-4135,-2708,4312,-1437,-1424]],"type":"Polygon","properties":{"id":"14000US29201780400"}},{"arcs":[[4313,4314,4315,-1724]],"type":"Polygon","properties":{"id":"14000US29201780100"}},{"arcs":[[-1726,4316,4317,-4310,-2563]],"type":"Polygon","properties":{"id":"14000US29201781000"}},{"arcs":[[-4312,-445,4318,-2299]],"type":"Polygon","properties":{"id":"14000US29201780600"}},{"arcs":[[-4316,4319,-4317,-1725]],"type":"Polygon","properties":{"id":"14000US29201781100"}},{"arcs":[[-3739,4320,-913,-2081,-1646,-3741]],"type":"Polygon","properties":{"id":"14000US29189217702"}},{"arcs":[[-3729,-1319,4321,4322,-1640,4323]],"type":"Polygon","properties":{"id":"14000US29189215102"}},{"arcs":[[-3722,-3730,-4324,-1639,-3736,-1529]],"type":"Polygon","properties":{"id":"14000US29189215103"}},{"arcs":[[4324,-3734,-3697,-3673]],"type":"Polygon","properties":{"id":"14000US29189215231"}},{"arcs":[[-4323,4325,-3536,4326,-3172,-1532,4327,-1641]],"type":"Polygon","properties":{"id":"14000US29189215301"}},{"arcs":[[-1348,-4060,4328,-2637,-1299,-3713]],"type":"Polygon","properties":{"id":"14000US29189220200"}},{"arcs":[[-2063,-571,-912,-3733,4329,-3717,-3709,-3694,-1974,-3731]],"type":"Polygon","properties":{"id":"14000US29189221800"}},{"arcs":[[-2692,-1812,-3539,-1314,-3720,-2695]],"type":"Polygon","properties":{"id":"14000US29189213202"}},{"arcs":[[-975,-972,-3723,-3742,-1998,-859,-4188,-12]],"type":"Polygon","properties":{"id":"14000US29189221202"}},{"arcs":[[4330,-1647,-1011,-1635,4331]],"type":"Polygon","properties":{"id":"14000US29189217931"}},{"arcs":[[4332,-3461,-1515,-3688,-915]],"type":"Polygon","properties":{"id":"14000US29189218012"}},{"arcs":[[-1643,4333,4334,-4333,-914,-4321]],"type":"Polygon","properties":{"id":"14000US29189217701"}},{"arcs":[[-3728,-1311,-3696,-3615,-2095,-2697,-2077]],"type":"Polygon","properties":{"id":"14000US29189214700"}},{"arcs":[[-1642,-4328,-1539,4335,4336,-4334]],"type":"Polygon","properties":{"id":"14000US29189215302"}},{"arcs":[[-2672,-793,4337,-3716,-2651,-2043,-2038,-148,-3258,-3870,4338]],"type":"Polygon","properties":{"id":"14000US29189210912"}},{"arcs":[[-4063,-1132,-2694,-1531,-3735,-4325,-3672,-4067]],"type":"Polygon","properties":{"id":"14000US29189215105"}},{"arcs":[[-3389,-1033,4339,-3822,-1784,-3356]],"type":"Polygon","properties":{"id":"14000US29189221503"}},{"arcs":[[4340,4341,4342,-802,-1619,-1372],[4343,4344]],"type":"Polygon","properties":{"id":"14000US29121960300"}},{"arcs":[[-3659,4345,-2469,-4036,4346,-1117,4347]],"type":"Polygon","properties":{"id":"14000US29183311221"}},{"arcs":[[4348,-3661,4349,-1115,-1151]],"type":"Polygon","properties":{"id":"14000US29183311391"}},{"arcs":[[4350,4351,4352,-3852,4353,-1350,4354,-3945,-3953,-1899,-1102,-3843,-312,-315,4355,-1088]],"type":"Polygon","properties":{"id":"14000US29183311500"}},{"arcs":[[4356,-1105,-1152,-1121,-321,-330,-3842]],"type":"Polygon","properties":{"id":"14000US29183311721"}},{"arcs":[[-1089,-4356,-316,-1122,4357]],"type":"Polygon","properties":{"id":"14000US29183311801"}},{"arcs":[[4358,-4137,4359,4360]],"type":"Polygon","properties":{"id":"14000US29183311903"}},{"arcs":[[4361,-3714,-4338,-795,-158,-4179,4362,4363,4364,-3850,-4353]],"type":"Polygon","properties":{"id":"14000US29183310100"}},{"arcs":[[-2557,4365,-4364,-3609,-3942]],"type":"Polygon","properties":{"id":"14000US29183310400"}},{"arcs":[[-4075,-2849,-4297,-635,-630,-2547,-2826]],"type":"Polygon","properties":{"id":"14000US29077005500"}},{"arcs":[[-4061,-1543,-1303,-4218,-3412]],"type":"Polygon","properties":{"id":"14000US29510102300"}},{"arcs":[[-129,-229,-1542,-3633]],"type":"Polygon","properties":{"id":"14000US29510102400"}},{"arcs":[[4366,-4144,-1664,-1668,-1412,-2137,4367,-4158]],"type":"Polygon","properties":{"id":"14000US29049960202"}},{"arcs":[[-4368,-2136,4368,-4159]],"type":"Polygon","properties":{"id":"14000US29049960201"}},{"arcs":[[4369,4370,-4207,4371,-389,-383,-3432]],"type":"Polygon","properties":{"id":"14000US29229490300"}},{"arcs":[[-4206,-390,-4372]],"type":"Polygon","properties":{"id":"14000US29229490400"}},{"arcs":[[-2863,-2873,-4196,-4208,-4371,4372,-3440]],"type":"Polygon","properties":{"id":"14000US29229490100"}},{"arcs":[[-4373,-4370,-3447,-3441]],"type":"Polygon","properties":{"id":"14000US29229490200"}},{"arcs":[[-1394,4373,-2918,-2930,4374,-947,-1390]],"type":"Polygon","properties":{"id":"14000US29145020402"}},{"arcs":[[-2929,-4106,-4128,-1244,-1235,-1248,-948,-4375]],"type":"Polygon","properties":{"id":"14000US29145020401"}},{"arcs":[[-3263,-3871,-2667,4375,-4180]],"type":"Polygon","properties":{"id":"14000US29189211301"}},{"arcs":[[4376,-4181,-4376,-2666,4377]],"type":"Polygon","properties":{"id":"14000US29189211331"}},{"arcs":[[4378,-4378,-2671,4379,4380]],"type":"Polygon","properties":{"id":"14000US29189211332"}},{"arcs":[[-4380,-572,-2062,4381]],"type":"Polygon","properties":{"id":"14000US29189211402"}},{"arcs":[[4382,-3215,4383,4384,-803,-4343]],"type":"Polygon","properties":{"id":"14000US29205450300"}},{"arcs":[[4385,4386]],"type":"Polygon","properties":{"id":"14000US29033960300"}},{"arcs":[[-2726,4387,-4387,4388,-2551,4389,-1888,4390]],"type":"Polygon","properties":{"id":"14000US29033960200"}},{"arcs":[[-4386,-4388,-2725,-1376,-2663,-4042,-2552,-4389]],"type":"Polygon","properties":{"id":"14000US29033960100"}},{"arcs":[[4391,-2766,-796,-808,-804,-4385]],"type":"Polygon","properties":{"id":"14000US29205450200"}},{"arcs":[[-3214,-815,-2765,-4392,-4384]],"type":"Polygon","properties":{"id":"14000US29205450100"}},{"arcs":[[-1841,-1823,-3216,-4383,-4342,4392]],"type":"Polygon","properties":{"id":"14000US29121960100"}},{"arcs":[[4393,-4344]],"type":"Polygon","properties":{"id":"14000US29121960400"}},{"arcs":[[-4394,-4345]],"type":"Polygon","properties":{"id":"14000US29121960500"}},{"arcs":[[-3786,-1842,-4393,-4341,-1371,-3791]],"type":"Polygon","properties":{"id":"14000US29121960200"}},{"arcs":[[-1318,-2702,-3537,-4326,-4322]],"type":"Polygon","properties":{"id":"14000US29189215003"}},{"arcs":[[-824,-2369,-3062,4394,4395]],"type":"Polygon","properties":{"id":"14000US29095013407"}},{"arcs":[[-1191,-1198,-1446,-3321,4396]],"type":"Polygon","properties":{"id":"14000US29023950102"}},{"arcs":[[-1192,-4397,-3320,-3310,-3645,4397,-3636]],"type":"Polygon","properties":{"id":"14000US29023950101"}},{"arcs":[[-4398,-3644,4398,-3637]],"type":"Polygon","properties":{"id":"14000US29023950301"}},{"arcs":[[-4399,-3646,-3315,-3329,-3638]],"type":"Polygon","properties":{"id":"14000US29023950302"}},{"arcs":[[-3060,-2214,-2352,-3794,4399]],"type":"Polygon","properties":{"id":"14000US29095013401"}},{"arcs":[[-4395,-3061,-4400,-3797,-3818,-2286,-2777,-2774,-2776,4400]],"type":"Polygon","properties":{"id":"14000US29095013405"}},{"arcs":[[-2878,-2176,-2173,-2876]],"type":"Polygon","properties":{"id":"14000US29105960400"}},{"arcs":[[-3443,-3446,-3452]],"type":"Polygon","properties":{"id":"14000US29225470201"}},{"arcs":[[4401,-37,4402,-2435,4403,4404,4405]],"type":"Polygon","properties":{"id":"14000US29009960401"}},{"arcs":[[-96,-4278,-81,4406,-4291,-4293]],"type":"Polygon","properties":{"id":"14000US29213480302"}},{"arcs":[[-3448,-3433,-381,-1768,4407]],"type":"Polygon","properties":{"id":"14000US29225470402"}},{"arcs":[[-3449,-4408,-1767,-4213]],"type":"Polygon","properties":{"id":"14000US29225470301"}},{"arcs":[[-3388,-485,-1471,-1466,4408,-2201,-4087]],"type":"Polygon","properties":{"id":"14000US29055450101"}},{"arcs":[[-4409,-1468,-556,-2202]],"type":"Polygon","properties":{"id":"14000US29055450301"}},{"arcs":[[4409,4410,4411,-2140,-2145,4412,-1336,4413]],"type":"Polygon","properties":{"id":"14000US29047021811"}},{"arcs":[[-3525,-2505,-4136,-2893,-627]],"type":"Polygon","properties":{"id":"14000US29077000300"}},{"arcs":[[-1545,-1550,-3520,-428,4414,4415,4416]],"type":"Polygon","properties":{"id":"14000US29087960100"}},{"arcs":[[-4416,4417,4418]],"type":"Polygon","properties":{"id":"14000US29087960200"}},{"arcs":[[-4418,-4415,-427,4419]],"type":"Polygon","properties":{"id":"14000US29087960300"}},{"arcs":[[-2633,-730,4420,-2655,-2652]],"type":"Polygon","properties":{"id":"14000US29021002500"}},{"arcs":[[4421,-2105,-2112,4422,4423,-2127]],"type":"Polygon","properties":{"id":"14000US29047020802"}},{"arcs":[[-669,4424,4425,4426,-3579]],"type":"Polygon","properties":{"id":"14000US29047021214"}},{"arcs":[[-4413,-2144,-3854,-1886,-4222,-3810,-2069,4427,4428,-1337]],"type":"Polygon","properties":{"id":"14000US29047021602"}},{"arcs":[[4429,-2108,-4154,-4152,4430,4431,4432]],"type":"Polygon","properties":{"id":"14000US29047021210"}},{"arcs":[[-4422,-2126,-510,-4155,-2106]],"type":"Polygon","properties":{"id":"14000US29047020803"}},{"arcs":[[4433,4434,4435,4436,-4426]],"type":"Polygon","properties":{"id":"14000US29047021213"}},{"arcs":[[4437,4438,-4436]],"type":"Polygon","properties":{"id":"14000US29047021211"}},{"arcs":[[-4439,4439,-4433,4440,4441,4442]],"type":"Polygon","properties":{"id":"14000US29047021209"}},{"arcs":[[4443,-4428,-2068]],"type":"Polygon","properties":{"id":"14000US29047021601"}},{"arcs":[[4444,-2744,-2113,-4430,-4440,-4438,-4435]],"type":"Polygon","properties":{"id":"14000US29047021212"}},{"arcs":[[4445,4446,-4411,4447,-4170]],"type":"Polygon","properties":{"id":"14000US29047021810"}},{"arcs":[[-4448,-4410,4448,-3864,-4171]],"type":"Polygon","properties":{"id":"14000US29047021807"}},{"arcs":[[-4414,-1335,-2110,-3860,-3865,-4449]],"type":"Polygon","properties":{"id":"14000US29047021808"}},{"arcs":[[-659,-4175,-4173,-502,-507,4449,-3599,4450,4451]],"type":"Polygon","properties":{"id":"14000US29047022100"}},{"arcs":[[-4160,-4369,-2135,-4446,-4169]],"type":"Polygon","properties":{"id":"14000US29047021809"}},{"arcs":[[-2141,-4412,-4447]],"type":"Polygon","properties":{"id":"14000US29047021812"}},{"arcs":[[-3470,-2458,4452,4453,-474]],"type":"Polygon","properties":{"id":"14000US29051010901"}},{"arcs":[[-3862,-2745,-4445,-4434,-4425,-668]],"type":"Polygon","properties":{"id":"14000US29047021313"}},{"arcs":[[4454,-4431,-4151,-1216,-3856]],"type":"Polygon","properties":{"id":"14000US29047021104"}},{"arcs":[[4455,-3598,-829,-3302,-3912,-3780]],"type":"Polygon","properties":{"id":"14000US29095010500"}},{"arcs":[[-3904,-3300,-3597,4456]],"type":"Polygon","properties":{"id":"14000US29095010702"}},{"arcs":[[-3779,-3905,-4457,-4456]],"type":"Polygon","properties":{"id":"14000US29095980802"}},{"arcs":[[-3813,-2226,4457,-3095,-3081,-2363,4458]],"type":"Polygon","properties":{"id":"14000US29095011300"}},{"arcs":[[-2229,-2410,-3096,-4458]],"type":"Polygon","properties":{"id":"14000US29095011405"}},{"arcs":[[-1118,-4347,-4039,-3932,-3866,-1145]],"type":"Polygon","properties":{"id":"14000US29183311122"}},{"arcs":[[-3086,-4235,-2346,-2394,4459]],"type":"Polygon","properties":{"id":"14000US29095006900"}},{"arcs":[[-2391,-3087,-4460,-2393,4460,4461]],"type":"Polygon","properties":{"id":"14000US29095007100"}},{"arcs":[[-4461,-2395,-2348,-720,4462,4463]],"type":"Polygon","properties":{"id":"14000US29095007200"}},{"arcs":[[-2132,-3815,4464,-3100,-3078]],"type":"Polygon","properties":{"id":"14000US29095011100"}},{"arcs":[[-3814,-4459,-2362,-3104,-3101,-4465]],"type":"Polygon","properties":{"id":"14000US29095011200"}},{"arcs":[[-1449,4465,4466,4467,4468,4469,4470]],"type":"Polygon","properties":{"id":"14000US29143960400"}},{"arcs":[[4471,-4467,4472]],"type":"Polygon","properties":{"id":"14000US29143960300"}},{"arcs":[[-4313,-2707,-2304,-2300,-4319,-444,-449,4473,-1438]],"type":"Polygon","properties":{"id":"14000US29143960100"}},{"arcs":[[-4470,4474,4475]],"type":"Polygon","properties":{"id":"14000US29143960600"}},{"arcs":[[-1439,-4474,-448,4476,-4473,-4466,-1448]],"type":"Polygon","properties":{"id":"14000US29143960200"}},{"arcs":[[-2973,-1450,-4471,-4476,4477,-2977]],"type":"Polygon","properties":{"id":"14000US29143960500"}},{"arcs":[[4478,-480,4479,-137,-461]],"type":"Polygon","properties":{"id":"14000US29051010401"}},{"arcs":[[-2457,-2114,-452,-4453]],"type":"Polygon","properties":{"id":"14000US29051010902"}},{"arcs":[[-4454,-451,4480,4481,-475]],"type":"Polygon","properties":{"id":"14000US29051010802"}},{"arcs":[[-4480,-479,-2116,-488,-464,-138]],"type":"Polygon","properties":{"id":"14000US29051010402"}},{"arcs":[[-3614,-3718,-4330,-3732,-2052,-3738,-2086,-2091,-2097]],"type":"Polygon","properties":{"id":"14000US29189213600"}},{"arcs":[[-4482,4482,-458,-476]],"type":"Polygon","properties":{"id":"14000US29051010801"}},{"arcs":[[-3007,-3657,-3002,-2531,-3654,-2998]],"type":"Polygon","properties":{"id":"14000US29097010800"}},{"arcs":[[-2529,-3001,-2937,4483,-1392,-3655]],"type":"Polygon","properties":{"id":"14000US29097010500"}},{"arcs":[[-2936,-2527,-2919,-4374,-1393,-4484]],"type":"Polygon","properties":{"id":"14000US29097010400"}},{"arcs":[[-729,4484,4485,-2656,-4421]],"type":"Polygon","properties":{"id":"14000US29021002300"}},{"arcs":[[4486,4487,-4124,-4093,-4090,-4092,-1692,-2479]],"type":"Polygon","properties":{"id":"14000US29139970300"}},{"arcs":[[4488,-3756,-4108,-4119,-4488,4489]],"type":"Polygon","properties":{"id":"14000US29139970400"}},{"arcs":[[-2474,4490,-4490,-4487]],"type":"Polygon","properties":{"id":"14000US29139970200"}},{"arcs":[[-2798,-2455,-3751,-4489,-4491,-2473]],"type":"Polygon","properties":{"id":"14000US29139970100"}},{"arcs":[[-155,-2673,-4339,-3869,-3261]],"type":"Polygon","properties":{"id":"14000US29189210924"}},{"arcs":[[-971,-4210,-1716,-1712,-4209,-3724]],"type":"Polygon","properties":{"id":"14000US29189220601"}},{"arcs":[[-869,-1326,-1636,-1019,-1708,-3685,-3679,-2331,-3825,-3823,-4340,-1032]],"type":"Polygon","properties":{"id":"14000US29189221421"}},{"arcs":[[-4336,-1538,-3495,-306,-3663,-3687,-4177,-1026,4491]],"type":"Polygon","properties":{"id":"14000US29189217500"}},{"arcs":[[-3463,4492,4493,-4332,-1637,-1324,4494]],"type":"Polygon","properties":{"id":"14000US29189217923"}},{"arcs":[[-1648,-4331,-4494,4495,-1523]],"type":"Polygon","properties":{"id":"14000US29189217807"}},{"arcs":[[-4176,-2261,-515,-522]],"type":"Polygon","properties":{"id":"14000US29189216900"}},{"arcs":[[-2079,-2699,-4189,-2102,-3173,-3169,-4327,-3535,-2700]],"type":"Polygon","properties":{"id":"14000US29189215600"}},{"arcs":[[-3195,-3201,-3199,4496,4497,4498,-4294]],"type":"Polygon","properties":{"id":"14000US29077005202"}},{"arcs":[[-2085,-3622,-2039,-3711,-1991]],"type":"Polygon","properties":{"id":"14000US29189216000"}},{"arcs":[[-4186,-1524,-4496,-4493,-3462,-1321,-1704]],"type":"Polygon","properties":{"id":"14000US29189217806"}},{"arcs":[[-4337,-4492,-1025,-4185,-3459,-4335]],"type":"Polygon","properties":{"id":"14000US29189217600"}},{"arcs":[[-4183,4499,-4381,-4382,-3610,-4363]],"type":"Polygon","properties":{"id":"14000US29189211401"}},{"arcs":[[-3434,-2147,-989,-3052,-3056,-3047,-2149]],"type":"Polygon","properties":{"id":"14000US29095014806"}},{"arcs":[[4500,-4226,4501,4502,4503,4504]],"type":"Polygon","properties":{"id":"14000US29095015300"}},{"arcs":[[-4451,-3603,-2386,-2372,-4227,-4501,4505]],"type":"Polygon","properties":{"id":"14000US29095015200"}},{"arcs":[[-3602,-2359,-3906,4506,-2387]],"type":"Polygon","properties":{"id":"14000US29095015900"}},{"arcs":[[-2677,-2600,4507,4508,4509,-2680]],"type":"Polygon","properties":{"id":"14000US29021001600"}},{"arcs":[[-1686,-4088,-2199,4510,-1419]],"type":"Polygon","properties":{"id":"14000US29125880100"}},{"arcs":[[-3982,-1420,-4511,-2198,-2184,-2193,4511]],"type":"Polygon","properties":{"id":"14000US29125880300"}},{"arcs":[[-4033,-3937,-4035,-3887,4512]],"type":"Polygon","properties":{"id":"14000US29077004106"}},{"arcs":[[-4011,-4214,-4003,-1162]],"type":"Polygon","properties":{"id":"14000US29077003802"}},{"arcs":[[-4054,-4309,-2508,-4041]],"type":"Polygon","properties":{"id":"14000US29077004005"}},{"arcs":[[-4301,4513,-4215,-4009,-4296]],"type":"Polygon","properties":{"id":"14000US29077003702"}},{"arcs":[[4514,-624,-4057,4515]],"type":"Polygon","properties":{"id":"14000US29077001402"}},{"arcs":[[-4034,-4513,-3886,-4026]],"type":"Polygon","properties":{"id":"14000US29077004104"}},{"arcs":[[4516,-4516,-4058,-3934,-4305]],"type":"Polygon","properties":{"id":"14000US29077003004"}},{"arcs":[[4517,4518,-4074,4519,-4499]],"type":"Polygon","properties":{"id":"14000US29077004402"}},{"arcs":[[4520,-3439,-3451,-4212,-4514,-4300,4521]],"type":"Polygon","properties":{"id":"14000US29077004601"}},{"arcs":[[-4497,-1058,-3435,-4521,4522]],"type":"Polygon","properties":{"id":"14000US29077004602"}},{"arcs":[[-2830,-2895,-4515,4523]],"type":"Polygon","properties":{"id":"14000US29077001401"}},{"arcs":[[4524,-633,-4133,-2503,-3524]],"type":"Polygon","properties":{"id":"14000US29077000102"}},{"arcs":[[-4007,-2831,-4524,-4517,-4308]],"type":"Polygon","properties":{"id":"14000US29077003003"}},{"arcs":[[-4303,-2839,4525,-4306,-4029]],"type":"Polygon","properties":{"id":"14000US29077004305"}},{"arcs":[[-4520,-4076,-4014,-4295]],"type":"Polygon","properties":{"id":"14000US29077004303"}},{"arcs":[[-2838,-2834,-629,-4006,-4307,-4526]],"type":"Polygon","properties":{"id":"14000US29077005802"}},{"arcs":[[4526,-4302,-2847,-4519]],"type":"Polygon","properties":{"id":"14000US29077004401"}},{"arcs":[[-4523,-4522,-4299,-4527,-4518,-4498]],"type":"Polygon","properties":{"id":"14000US29077005201"}},{"arcs":[[4527,4528,4529,-4314,4530]],"type":"Polygon","properties":{"id":"14000US29031881400"}},{"arcs":[[-2548,-4525,-3523]],"type":"Polygon","properties":{"id":"14000US29077000101"}},{"arcs":[[-4248,4531,4532,4533,-2879,4534,-4253,-4251]],"type":"Polygon","properties":{"id":"14000US29031880600"}},{"arcs":[[4535,-3209,-4528,4536]],"type":"Polygon","properties":{"id":"14000US29031881600"}},{"arcs":[[4537,-4250,-4073,4538,-1574]],"type":"Polygon","properties":{"id":"14000US29031880200"}},{"arcs":[[-2252,4539,-4532,-4247,-4538,-1573]],"type":"Polygon","properties":{"id":"14000US29031880100"}},{"arcs":[[-1575,-4539,-4072,4540,-1728,-2562,-1422,-1570,-1567]],"type":"Polygon","properties":{"id":"14000US29031880300"}},{"arcs":[[-4071,-4255,-4257,-4264,-4537,-4531,-1723,-4541]],"type":"Polygon","properties":{"id":"14000US29031881500"}},{"arcs":[[-4535,-2883,4541,-4262,-4258,-4254]],"type":"Polygon","properties":{"id":"14000US29031881200"}},{"arcs":[[-2880,-4534,4542,4543,-3207]],"type":"Polygon","properties":{"id":"14000US29031880900"}},{"arcs":[[4544,4545,-3592,4546,4547,-692,-684,4548]],"type":"Polygon","properties":{"id":"14000US29013070400"}},{"arcs":[[-4544,4549,-4529,-3208]],"type":"Polygon","properties":{"id":"14000US29031881000"}},{"arcs":[[-4542,-2882,-3210,-4536,-4263]],"type":"Polygon","properties":{"id":"14000US29031881100"}},{"arcs":[[-3022,-1739,-3032,-3282,-3277]],"type":"Polygon","properties":{"id":"14000US29095013612"}},{"arcs":[[4550,-3802,-775,4551]],"type":"Polygon","properties":{"id":"14000US29095008900"}},{"arcs":[[-3805,-3272,-3795,-2351]],"type":"Polygon","properties":{"id":"14000US29095013313"}},{"arcs":[[-1497,4552,-3274,-3804,-2349]],"type":"Polygon","properties":{"id":"14000US29095013307"}},{"arcs":[[-1503,-2159,-3275,-4553,-1496]],"type":"Polygon","properties":{"id":"14000US29095013208"}},{"arcs":[[-1491,-4224,-1483,-2739,-3276,-2157,-1501,-1494]],"type":"Polygon","properties":{"id":"14000US29095012906"}},{"arcs":[[-2784,4553,4554,-4549,-683,4555]],"type":"Polygon","properties":{"id":"14000US29013070200"}},{"arcs":[[4556,-4545,-4555]],"type":"Polygon","properties":{"id":"14000US29013070300"}},{"arcs":[[-2783,-369,-3584,-3593,-4546,-4557,-4554]],"type":"Polygon","properties":{"id":"14000US29013070100"}},{"arcs":[[-2015,4557,-2020]],"type":"Polygon","properties":{"id":"14000US29189220446"}},{"arcs":[[4558,-3522,-3512,-3519]],"type":"Polygon","properties":{"id":"14000US29147470302"}},{"arcs":[[-3514,-3521,-4559,-3518]],"type":"Polygon","properties":{"id":"14000US29147470301"}},{"arcs":[[-3305,-3879,-3666,-1997,-3308,-906]],"type":"Polygon","properties":{"id":"14000US29189212002"}},{"arcs":[[-1401,-3542,4559,-3303,-3265,-578]],"type":"Polygon","properties":{"id":"14000US29189211801"}},{"arcs":[[-4187,-1705,-789,-867,-19]],"type":"Polygon","properties":{"id":"14000US29189221625"}},{"arcs":[[-3541,-3875,-3877,-3304,-4560]],"type":"Polygon","properties":{"id":"14000US29189210502"}},{"arcs":[[-3464,-4495,-1323]],"type":"Polygon","properties":{"id":"14000US29189217944"}},{"arcs":[[4560,-1294,4561,-2021,-4558,-2014]],"type":"Polygon","properties":{"id":"14000US29189220445"}},{"arcs":[[-4377,-4379,-4500,-4182]],"type":"Polygon","properties":{"id":"14000US29189211333"}},{"arcs":[[-4478,-4475,-4469,4562,4563,4564,4565,-2966,-2978]],"type":"Polygon","properties":{"id":"14000US29155470100"}},{"arcs":[[4566,4567]],"type":"Polygon","properties":{"id":"14000US29155470600"}},{"arcs":[[4568,-4243,4569]],"type":"Polygon","properties":{"id":"14000US29155470300"}},{"arcs":[[-4565,4570]],"type":"Polygon","properties":{"id":"14000US29155470200"}},{"arcs":[[-4566,-4571,-4564,4571,-4570,-4242,4572,-4568,4573,-2967]],"type":"Polygon","properties":{"id":"14000US29155470500"}},{"arcs":[[-2019,-2887,-4561,-2013]],"type":"Polygon","properties":{"id":"14000US29189220443"}},{"arcs":[[-2374,-2388,-4507,-3909,4574,4575,-4502]],"type":"Polygon","properties":{"id":"14000US29095015800"}},{"arcs":[[-1099,4576,-1096,-1085,-1077,-3167,4577,-2196,-4199,-1074]],"type":"Polygon","properties":{"id":"14000US29169470286"}},{"arcs":[[-3983,-4512,-2192,-4578,-3166]],"type":"Polygon","properties":{"id":"14000US29169470101"}},{"arcs":[[-936,-1097,-4577,-1098,4578,-1071]],"type":"Polygon","properties":{"id":"14000US29169470390"}},{"arcs":[[-4579,-1100,-1072]],"type":"Polygon","properties":{"id":"14000US29169470389"}},{"arcs":[[-4441,-4432,-4455,-3855,4579]],"type":"Polygon","properties":{"id":"14000US29047021103"}},{"arcs":[[4580,4581,-4167,-490,-4174,-3577]],"type":"Polygon","properties":{"id":"14000US29047021204"}},{"arcs":[[-3907,-2161,-3806,-2218,-2073]],"type":"Polygon","properties":{"id":"14000US29095003700"}},{"arcs":[[4582,-4442,-4580,-3858,4583,-4165,-4582]],"type":"Polygon","properties":{"id":"14000US29047021101"}},{"arcs":[[-4219,-876,4584,4585,-1469,-566]],"type":"Polygon","properties":{"id":"14000US29221460200"}},{"arcs":[[-4586,4586,4587,-2805,-1744,-1463,-1470]],"type":"Polygon","properties":{"id":"14000US29221460500"}},{"arcs":[[4588,-879,-2813,-2821,-2800,-4588]],"type":"Polygon","properties":{"id":"14000US29221460400"}},{"arcs":[[-875,-880,-4589,-4587,-4585]],"type":"Polygon","properties":{"id":"14000US29221460300"}},{"arcs":[[4589,4590,-1289]],"type":"Polygon","properties":{"id":"14000US29095002000"}},{"arcs":[[-1290,-4591,4591,-3903,-3777,4592]],"type":"Polygon","properties":{"id":"14000US29095002100"}},{"arcs":[[-1291,-4593,4593,-756]],"type":"Polygon","properties":{"id":"14000US29095002200"}},{"arcs":[[-4575,-3911,-3922,4594]],"type":"Polygon","properties":{"id":"14000US29095004300"}},{"arcs":[[-4576,-4595,-3921,-3918,4595,-4503]],"type":"Polygon","properties":{"id":"14000US29095004400"}},{"arcs":[[-757,-4594,-3776,-3916,-3807]],"type":"Polygon","properties":{"id":"14000US29095003400"}},{"arcs":[[-4504,-4596,-3920,-3084,-2389,4596]],"type":"Polygon","properties":{"id":"14000US29095004600"}},{"arcs":[[-4163,-4117,4597,4598,-4125,-4122]],"type":"Polygon","properties":{"id":"14000US29219820201"}},{"arcs":[[4599,-2687,4600,4601,-4509]],"type":"Polygon","properties":{"id":"14000US29021001700"}},{"arcs":[[-2681,-4510,-4602,4602,4603,-2631]],"type":"Polygon","properties":{"id":"14000US29021001800"}},{"arcs":[[-4604,4604,-4485,-728,-2632]],"type":"Polygon","properties":{"id":"14000US29021002100"}},{"arcs":[[-4605,-4603,-4601,-2686,-2657,-4486]],"type":"Polygon","properties":{"id":"14000US29021002200"}},{"arcs":[[4605,4606,-4351,-1087,-3763,-2950,-3749]],"type":"Polygon","properties":{"id":"14000US29113810402"}},{"arcs":[[-1554,4607,-4606,-3748]],"type":"Polygon","properties":{"id":"14000US29113810401"}},{"arcs":[[4608,4609]],"type":"Polygon","properties":{"id":"14000US29011960300"}},{"arcs":[[-4609,4610,-690,-1590,-2646,-2921,4611]],"type":"Polygon","properties":{"id":"14000US29011960100"}},{"arcs":[[-681,-691,-4611,-4610,-4612,-2987,-2981,4612]],"type":"Polygon","properties":{"id":"14000US29011960200"}},{"arcs":[[-1092,-1898,-3845,4613,-4270]],"type":"Polygon","properties":{"id":"14000US29183312096"}},{"arcs":[[-385,-395,-3998,4614,-1065,-1068]],"type":"Polygon","properties":{"id":"14000US29153470200"}},{"arcs":[[-2885,-1040,-4050,-3880,-2565,-2572,-1383]],"type":"Polygon","properties":{"id":"14000US29107090500"}},{"arcs":[[-1889,-4390,-2555,-1037,-1042,-1035,4615]],"type":"Polygon","properties":{"id":"14000US29107090200"}},{"arcs":[[-748,-4223,-1884,-1890,-4616,-1041,-2884,-1381,-3767]],"type":"Polygon","properties":{"id":"14000US29107090100"}},{"arcs":[[-3949,-3943,-2689,-1130,-3836]],"type":"Polygon","properties":{"id":"14000US29183311003"}},{"arcs":[[-4354,-3851,-4365,-4366,-2556,-1351]],"type":"Polygon","properties":{"id":"14000US29183310202"}},{"arcs":[[-36,-2430,-2436,-4403]],"type":"Polygon","properties":{"id":"14000US29009960500"}},{"arcs":[[-2434,-3143,4616,-4404]],"type":"Polygon","properties":{"id":"14000US29009960600"}},{"arcs":[[-3924,-3913,-3301,-1485,-3769]],"type":"Polygon","properties":{"id":"14000US29095012803"}},{"arcs":[[-2736,4617,-3940,-3036,-1737,-3021]],"type":"Polygon","properties":{"id":"14000US29095013606"}},{"arcs":[[-3773,-3417,-3019,-3071,-1871]],"type":"Polygon","properties":{"id":"14000US29095014112"}},{"arcs":[[-3768,-1379,-3421]],"type":"Polygon","properties":{"id":"14000US29095014005"}},{"arcs":[[-506,-2134,-3077,-3901,-4592,-4590,-1288,-1279,-1282,-1271,-1276,-4225,-3600,-4450]],"type":"Polygon","properties":{"id":"14000US29095015500"}},{"arcs":[[-3073,-3817,-3900,-2414,-3098,-3939,-4618,-2735,-742]],"type":"Polygon","properties":{"id":"14000US29095017900"}},{"arcs":[[4618,-4146,-4149,-1660,-4143,-4367,-3]],"type":"Polygon","properties":{"id":"14000US29063080102"}},{"arcs":[[-1330,-1334,-4147,-4619,-2]],"type":"Polygon","properties":{"id":"14000US29063080101"}},{"arcs":[[-4355,-1353,-2560,-3950,-2460,-3946]],"type":"Polygon","properties":{"id":"14000US29183310602"}},{"arcs":[[-1138,-3954,-2464,-4346,-3658]],"type":"Polygon","properties":{"id":"14000US29183311296"}},{"arcs":[[-4599,4619,-1895,-3385,-3336,-27,-4126]],"type":"Polygon","properties":{"id":"14000US29183312204"}},{"arcs":[[-4116,-4269,4620,4621,-4139,-343,-1896,-4620,-4598]],"type":"Polygon","properties":{"id":"14000US29183312206"}},{"arcs":[[4622,4623,-3839,-3840,-2828,-1891,-341,-335]],"type":"Polygon","properties":{"id":"14000US29183311153"}},{"arcs":[[4624,-3847,-4360,-4140,-4622]],"type":"Polygon","properties":{"id":"14000US29183312193"}},{"arcs":[[-3951,-4357,-3841,-318]],"type":"Polygon","properties":{"id":"14000US29183311733"}},{"arcs":[[-1897,-1090,-4358,-1127,-4361,-3846]],"type":"Polygon","properties":{"id":"14000US29183312095"}},{"arcs":[[-1125,-3952,-328,-1229,-3837,-4624,4625]],"type":"Polygon","properties":{"id":"14000US29183311904"}},{"arcs":[[-4359,-1126,-4626,-4623,-334,-4138]],"type":"Polygon","properties":{"id":"14000US29183311909"}},{"arcs":[[4626,-3848,-4625,-4621,-4268]],"type":"Polygon","properties":{"id":"14000US29183312192"}},{"arcs":[[4627,-3590,-4240,-4239,-2613,-3967,4628]],"type":"Polygon","properties":{"id":"14000US29185480300"}},{"arcs":[[-3591,-4628,4629,-4547]],"type":"Polygon","properties":{"id":"14000US29185480100"}},{"arcs":[[-4548,-4630,-4629,-3966,-3187,-3191,-1580,-1587,-3114,-693]],"type":"Polygon","properties":{"id":"14000US29185480200"}},{"arcs":[[-4148,-2727,-4391,-1887,-1666,-1662]],"type":"Polygon","properties":{"id":"14000US29025950100"}},{"arcs":[[4630,4631,-1730]],"type":"Polygon","properties":{"id":"14000US29119070401"}},{"arcs":[[-882,-2688,-4600,-4508,-2599]],"type":"Polygon","properties":{"id":"14000US29021000701"}},{"arcs":[[4632,4633,4634]],"type":"Polygon","properties":{"id":"14000US29195090600"}},{"arcs":[[-2661,-2665,-2753,4635,-4043]],"type":"Polygon","properties":{"id":"14000US29195090100"}},{"arcs":[[-4634,4636,-4047,4637]],"type":"Polygon","properties":{"id":"14000US29195090400"}},{"arcs":[[4638,-4635,-4638,-4046]],"type":"Polygon","properties":{"id":"14000US29195090500"}},{"arcs":[[-4044,-4636,-2752,-2750,-1611,-531,-4049]],"type":"Polygon","properties":{"id":"14000US29195090800"}},{"arcs":[[-4637,-4633,-4639,-4048]],"type":"Polygon","properties":{"id":"14000US29195090300"}},{"arcs":[[-4632,4639,4640,-1734,-1731]],"type":"Polygon","properties":{"id":"14000US29119070402"}},{"arcs":[[-4641,4641,-4406,4642,-1735]],"type":"Polygon","properties":{"id":"14000US29119070101"}},{"arcs":[[-1242,-1247,-2442,-38,-4402,-4642,-4640,-4631,-1729]],"type":"Polygon","properties":{"id":"14000US29119070102"}},{"arcs":[[4643,-278,4644,-230,-226]],"type":"Polygon","properties":{"id":"14000US29510115300"}},{"arcs":[[-3985,-3986,-2916,-3004]],"type":"Polygon","properties":{"id":"14000US29097011800"}},{"arcs":[[-3534,-1943,4645,-2486,4646,-2819]],"type":"Polygon","properties":{"id":"14000US29186960101"}},{"arcs":[[-2820,-4647,-2485,-2493,-166,-161]],"type":"Polygon","properties":{"id":"14000US29186960102"}},{"arcs":[[-174,-2817,-1817,-178]],"type":"Polygon","properties":{"id":"14000US29187950901"}},{"arcs":[[4647,-2896,-245,-3550,-2904,-848,-3288,-2495]],"type":"Polygon","properties":{"id":"14000US29510118600"}},{"arcs":[[-3289,-852,4648,-2902,-413]],"type":"Polygon","properties":{"id":"14000US29510113500"}},{"arcs":[[-4649,-851,4649,-281,-2903]],"type":"Polygon","properties":{"id":"14000US29510117100"}},{"arcs":[[-1598,-291,-1859,-1880,4650,-234,-231,-4645,-277]],"type":"Polygon","properties":{"id":"14000US29510115700"}},{"arcs":[[-190,-3548,-2900,-2907,-3549,-243]],"type":"Polygon","properties":{"id":"14000US29510121200"}},{"arcs":[[-255,-286,-279,-4644,-225,-127,-2898]],"type":"Polygon","properties":{"id":"14000US29510115200"}},{"arcs":[[4651,-2274,-4221,-3668]],"type":"Polygon","properties":{"id":"14000US29510108200"}},{"arcs":[[-3878,-2275,-4652]],"type":"Polygon","properties":{"id":"14000US29510108300"}},{"arcs":[[-273,-241,-2260,-2897,-4648,-2494]],"type":"Polygon","properties":{"id":"14000US29510112400"}},{"arcs":[[-3457,4652,-2841,-3635,-3479]],"type":"Polygon","properties":{"id":"14000US29019001300"}},{"arcs":[[-4271,-4614,-3849,-4627,-4267]],"type":"Polygon","properties":{"id":"14000US29183312194"}},{"arcs":[[-4584,-3857,-1218,-492,-4166]],"type":"Polygon","properties":{"id":"14000US29047021004"}},{"arcs":[[-1339,4653,-4423,-2111]],"type":"Polygon","properties":{"id":"14000US29047021404"}},{"arcs":[[-4427,-4437,-4443,-4583,-4581,-3571]],"type":"Polygon","properties":{"id":"14000US29047021208"}},{"arcs":[[-4654,-1338,-4429,-4444,-2067,-2128,-4424]],"type":"Polygon","properties":{"id":"14000US29047021403"}},{"arcs":[[-3271,-3915,-3799,4654,-725]],"type":"Polygon","properties":{"id":"14000US29095007802"}},{"arcs":[[-726,-4655,-3798,4655,4656]],"type":"Polygon","properties":{"id":"14000US29095007900"}},{"arcs":[[-562,-4657,-2222,-4228]],"type":"Polygon","properties":{"id":"14000US29095008000"}},{"arcs":[[-718,-4229,4657,-3413]],"type":"Polygon","properties":{"id":"14000US29095008200"}},{"arcs":[[-4463,-3415,4658,4659]],"type":"Polygon","properties":{"id":"14000US29095008400"}},{"arcs":[[-4659,4660,4661,4662]],"type":"Polygon","properties":{"id":"14000US29095008500"}},{"arcs":[[-3414,-4658,-2225,4663,-4661]],"type":"Polygon","properties":{"id":"14000US29095008600"}},{"arcs":[[-2223,-4656,-3803,-4551,4664]],"type":"Polygon","properties":{"id":"14000US29095008800"}},{"arcs":[[4665,-2224,-4665,-4552,-774,4666,4667]],"type":"Polygon","properties":{"id":"14000US29095009000"}},{"arcs":[[-4664,-4666,4668,4669]],"type":"Polygon","properties":{"id":"14000US29095009100"}},{"arcs":[[-4662,-4670,4670,4671]],"type":"Polygon","properties":{"id":"14000US29095009200"}},{"arcs":[[-4671,4672,-770,4673]],"type":"Polygon","properties":{"id":"14000US29095009300"}},{"arcs":[[-4669,-4668,4674,-817,-767,-4673]],"type":"Polygon","properties":{"id":"14000US29095009400"}},{"arcs":[[-4675,-4667,-773,-818]],"type":"Polygon","properties":{"id":"14000US29095009500"}},{"arcs":[[-1902,-1225,-4349,-1150]],"type":"Polygon","properties":{"id":"14000US29183311311"}},{"arcs":[[-4483,-4481,-456,4675,-459]],"type":"Polygon","properties":{"id":"14000US29051010701"}},{"arcs":[[-4676,-455,-4479,-460]],"type":"Polygon","properties":{"id":"14000US29051010702"}},{"arcs":[[-3456,-3643,-1514,-2842,-4653]],"type":"Polygon","properties":{"id":"14000US29019000700"}},{"arcs":[[-850,-2906,-788,-282,-4650]],"type":"Polygon","properties":{"id":"14000US29510117200"}},{"arcs":[[-4350,-3660,-4348,-1116]],"type":"Polygon","properties":{"id":"14000US29183311331"}}]}}}