{"type":"Topology","arcs":[[[25273,32850],[358,9],[1,-30],[65,-1],[-6,30],[58,-1],[91,6]],[[25840,32863],[0,-60],[92,-90],[61,-1],[115,3],[-2,123],[117,6],[0,31],[88,7]],[[26311,32882],[29,4],[106,-35],[0,-10],[56,1],[177,9]],[[26679,32851],[1,0]],[[26680,32851],[8,-188],[9,-293],[2,-238],[-434,0]],[[26265,32132],[-258,1]],[[26007,32133],[-147,0],[-212,2],[-361,1]],[[25287,32136],[-6,480],[-8,234]],[[28429,27232],[19,24],[24,-22],[19,20]],[[28491,27254],[-4,-67],[18,-15]],[[28505,27172],[-49,-34],[-6,25],[-42,16]],[[28408,27179],[21,53]],[[28640,27237],[76,-146],[230,-319],[135,-105]],[[29081,26667],[-103,-75],[-76,41],[-207,223],[-101,111]],[[28594,26967],[10,52],[-52,180]],[[28552,27199],[36,19],[52,19]],[[28298,27168],[5,5]],[[28303,27173],[21,19],[35,3],[26,-25]],[[28385,27170],[-48,-54],[14,-21]],[[28351,27095],[-30,24],[-5,27],[-18,22]],[[20510,22799],[63,2],[574,-6],[1,-235],[5,-302],[-4,-171],[-9,-60]],[[21140,22027],[-1,-118],[-3,-477],[1,-117]],[[21137,21315],[-229,-2],[-37,-13],[-29,-3],[-53,-45],[5,177],[1,124],[-231,-2],[1,130],[-40,-21],[-17,25],[-11,74],[4,28],[3,243],[-1,274],[7,495]],[[19306,18553],[119,0],[-2,120],[374,0],[3,-39],[30,12],[1,-206],[60,0],[193,-7],[4,-68],[28,15],[-9,32],[24,29],[-18,27],[26,43],[-2,40],[-134,3],[1,47],[12,43],[1,64],[-17,33],[-3,187],[-5,113],[-3,116],[44,1],[1,111]],[[20034,19269],[164,-6],[127,-1],[344,4]],[[20669,19266],[6,-232],[8,-245],[3,-244]],[[20686,18545],[7,-130],[2,-131],[-4,-329]],[[20691,17955],[-8,-29],[-77,4],[-2,-60],[-144,5],[1,90],[25,37],[3,34],[-23,20],[-63,2],[-1,-60],[-29,-2],[-3,-58],[-358,15],[-138,4],[-95,2],[1,-120],[-176,-5],[-20,13],[-20,-9],[-51,6],[-24,-8],[-174,-1]],[[19315,17835],[-1,150],[-4,216],[-4,352]],[[30926,4892],[24,-33],[32,-90],[72,-90],[33,3],[19,-7]],[[31106,4675],[-23,-67],[-37,14],[-11,-30],[14,-6],[-17,-48],[7,-30]],[[31039,4508],[-44,18],[6,17],[-30,14],[-25,0]],[[30946,4557],[0,44],[-23,1],[-11,33]],[[30912,4635],[12,22],[10,59],[-20,37],[-72,48],[5,17],[79,74]],[[31039,4508],[28,-13],[12,32],[37,-15],[4,35],[14,40],[-1,18],[26,10]],[[31159,4615],[38,-19]],[[31197,4596],[-42,-118],[38,-16],[-6,-48],[8,-47]],[[31195,4367],[-86,-18],[-105,-32],[-44,-52],[-9,-27],[0,-45],[-37,-98],[-5,-44],[-42,-61]],[[30867,3990],[-51,4],[-31,26]],[[30785,4020],[1,42],[6,20],[46,57],[10,45],[-7,70],[10,81],[8,13],[58,41],[17,7],[41,-5],[24,15],[14,24],[26,78]],[[28652,4322],[462,0],[203,1]],[[29317,4323],[0,-183],[0,-178],[-74,-30],[-37,-9],[-1,-79],[140,0],[-1,-117],[-10,-104],[-18,-34],[-1,-22],[10,-37],[-8,-26],[-1,-145],[1,-464],[-2,-11]],[[29315,2884],[-663,1]],[[28652,2885],[-1,297],[1,155],[1,446],[-1,539]],[[29317,4323],[124,-3],[98,1],[211,7],[23,-13],[48,11],[164,-4]],[[29985,4322],[64,0],[15,7],[38,-17],[66,30],[39,24],[36,5],[44,-31],[44,13],[18,11],[21,-5],[24,-32],[22,-18],[-1,-44],[-15,-32],[1,-35],[21,0],[31,-26],[32,-33],[36,-6],[30,5],[27,16],[66,1]],[[30644,4155],[2,-121],[17,-15],[122,1]],[[30867,3990],[-4,-61],[-27,-77],[-2,-60]],[[30834,3792],[-35,-10],[-93,-63],[-61,-26],[1,-94],[-111,0],[-1,-112],[2,-284],[1,-177],[-7,-24],[-62,-119]],[[30468,2883],[-277,1],[-231,-1],[-144,1],[-32,-1],[-179,2],[-114,-1],[-176,0]],[[30715,5017],[68,-45],[22,-6],[31,4],[23,-8],[67,-70]],[[30912,4635],[-41,7],[-64,29],[12,-30],[-17,-25],[14,-8]],[[30816,4608],[-30,-49]],[[30786,4559],[-56,65],[-39,19],[-62,57],[-19,37],[-23,26],[2,58],[-36,49],[-18,19],[2,29],[106,2],[15,34],[57,63]],[[18229,25266],[18,10],[13,-23],[18,-5],[44,22],[24,-4],[22,16],[23,4],[2,41],[23,21],[38,-29],[10,20],[36,22],[21,5],[28,30],[33,-12],[14,17],[12,34],[30,25],[40,13],[32,18],[35,35],[29,0],[31,29],[35,-9],[21,35],[42,-10],[18,31],[14,6],[18,-20],[20,-3],[31,15],[28,-2]],[[19032,25598],[1,-133],[3,-138],[0,-163],[-3,-132]],[[19033,25032],[-81,-34],[-89,-54],[-59,-29],[-62,-55],[-45,-33],[-87,-113],[-17,-15],[-55,-21],[-47,-23],[-21,-24],[-39,5]],[[18431,24636],[-8,30],[-1,47],[31,7],[-3,40],[-19,19],[-34,0],[-21,11],[-26,-20],[-12,6],[-37,-23],[-80,0],[1,56],[9,26],[-8,45],[1,42],[-15,42],[-3,75],[6,24],[41,60],[11,77],[-4,31],[-31,35]],[[31106,4675],[53,-60]],[[31197,4596],[57,-33],[30,-33],[32,-68],[20,-32],[73,-49],[11,-3]],[[31420,4378],[0,-18],[-30,-4],[-62,-30],[-29,-7],[-72,2],[-20,18],[-12,28]],[[21711,11513],[37,27],[20,5]],[[21768,11545],[0,-74]],[[21768,11471],[0,-45]],[[21768,11426],[-57,0]],[[21711,11426],[0,14]],[[21711,11440],[0,73]],[[22137,12113],[32,8]],[[22169,12121],[5,-8]],[[22174,12113],[42,-90]],[[22216,12023],[-23,0]],[[22193,12023],[-43,0]],[[22150,12023],[-14,0]],[[22136,12023],[1,90]],[[22038,12083],[1,44]],[[22039,12127],[41,0],[0,-14]],[[22080,12113],[0,-90]],[[22080,12023],[-43,0]],[[22037,12023],[-24,0]],[[22013,12023],[4,22],[21,38]],[[20857,41858],[86,23],[27,27],[16,33],[11,50],[1,61],[-25,50],[-29,127],[10,27],[15,9],[44,-1],[83,9],[28,14],[28,35],[39,30],[44,21]],[[21235,42373],[-17,-25],[-5,-26],[3,-70]],[[21216,42252],[0,-301]],[[21216,41951],[-60,0],[-2,-50],[-13,-10]],[[21141,41891],[-28,0],[-19,-16],[0,-30],[-29,-32],[0,-26],[-19,-15],[-183,1],[-7,4],[1,81]],[[21235,42373],[51,34],[12,1],[27,-46],[18,-5],[65,18],[68,-1],[23,19],[29,49],[39,-22],[9,29]],[[21576,42449],[28,-2],[-4,-64],[-10,-1],[-1,-102],[-138,0],[6,-31]],[[21457,42249],[-183,2],[20,21],[-23,9],[-9,-30],[-46,1]],[[22278,12652],[80,0],[17,4],[9,24]],[[22384,12680],[1,-177]],[[22385,12503],[-55,-1],[-2,61],[-9,0]],[[22319,12563],[-40,-2],[0,48]],[[22279,12609],[-1,43]],[[21626,13176],[18,0]],[[21644,13176],[117,0]],[[21761,13176],[-9,-34],[33,-21],[8,-34],[28,-27],[-2,-13]],[[21819,13047],[-70,29],[-58,7]],[[21691,13083],[-65,93]],[[21591,13084],[100,-1]],[[21691,13083],[38,-86]],[[21729,12997],[-77,-1]],[[21652,12996],[-56,1]],[[21596,12997],[-5,87]],[[21819,13047],[-24,-48],[-2,-56]],[[21793,12943],[-59,9],[-5,45]],[[20785,12610],[16,25]],[[20801,12635],[26,-22],[36,-7]],[[20863,12606],[0,-60],[37,-1],[20,8],[-3,-93]],[[20917,12460],[5,-29],[-36,-13]],[[20886,12418],[-30,-9],[-48,1],[-1,192],[-22,8]],[[20802,13718],[115,-2],[280,-1]],[[21197,13715],[-3,-120],[113,0]],[[21307,13595],[-1,-121]],[[21306,13474],[-64,2],[0,-28]],[[21242,13448],[-78,32]],[[21164,13480],[-223,158],[-139,80]],[[3679,20931],[117,2],[352,-3],[454,-1],[341,1],[182,-1],[277,0]],[[5402,20929],[-1,-354],[1,-367],[70,0],[-3,-236],[-1,-192],[2,-300],[-2,-241],[2,-482]],[[5470,18757],[-342,-3],[-392,-5],[-220,1],[-506,4],[-426,1],[0,88],[-32,-5],[-24,-16],[-28,23],[-115,-6],[-54,-5]],[[3331,18834],[0,25],[28,20],[0,28],[22,13],[-1,24],[28,46],[64,46],[25,32],[41,75],[29,45],[45,32],[30,36],[19,49],[14,65],[-2,35],[17,51],[8,145],[-9,44],[14,34],[-2,64],[9,31],[-3,30],[14,17],[2,108],[17,80],[-26,11],[6,42],[28,19],[-5,89],[12,58],[8,71],[-19,39],[-3,58],[-14,9],[-14,43],[-12,112],[0,103],[-7,117],[-11,36],[9,65],[-13,50]],[[5470,18757],[0,-241],[-1,-120],[1,-360],[5,-725]],[[5475,17311],[-223,0],[-52,-3],[-68,3],[-422,-1]],[[4710,17310],[-313,0],[-384,0],[-447,2],[-113,-2],[-217,4],[-236,-1],[-423,1],[-336,2]],[[2241,17316],[-119,159],[4,38],[21,43],[12,82],[33,121],[31,66],[34,35],[29,11],[34,32],[94,78],[49,30],[104,84],[82,57],[15,15],[50,83],[130,96],[87,60],[54,31],[79,39],[81,53],[56,52],[58,68],[31,72],[26,36],[15,77]],[[26225,4330],[39,21],[21,-1],[34,-16],[63,-2]],[[26382,4332],[6,-46],[24,-57],[2,-17]],[[26414,4212],[-13,-3],[-49,-59],[-26,-8]],[[26326,4142],[-58,55],[-6,44],[-38,33],[-5,15],[6,41]],[[3274,41858],[167,1],[416,-4],[106,2],[187,-1],[370,3],[207,4]],[[4727,41863],[59,-2],[179,2],[198,1],[286,5]],[[5449,41869],[6,-426],[-1,-63],[5,-121],[4,-245],[122,3],[3,-218],[-2,-269],[2,-122],[-141,2],[-1,-103],[-8,-472],[-4,-131],[9,-118],[-2,-122],[286,-644],[3,-45]],[[5730,38775],[-58,0]],[[5672,38775],[-120,4],[-126,19],[-115,-3],[-119,1],[-118,-3],[-121,0],[-118,6],[-65,-5],[-52,3],[-223,0],[-89,-1],[-61,-4],[-95,-2],[-151,1]],[[4099,38791],[-109,-2],[-168,-1],[-95,2],[-108,-2],[-122,0]],[[3497,38788],[0,361],[-121,1],[0,179],[121,1],[1,241],[-1,242],[-3,240],[0,119],[-31,-7],[-34,19],[-53,-12],[1,242],[-103,1]],[[3274,40415],[0,360],[1,112],[-1,249],[1,238],[-1,317],[0,167]],[[3497,38788],[-175,1],[-307,-4],[-639,0],[-441,-2],[-120,3],[-401,-4],[-200,2]],[[1214,38784],[-7,904],[209,0],[646,-1],[226,1],[121,-1],[242,1],[-2,481],[-1,246],[384,-1],[242,1]],[[420,41860],[252,0],[424,3],[360,-3],[362,-6],[304,1],[546,2]],[[2668,41857],[606,1]],[[1214,38784],[-240,-1],[-240,2],[-221,-1]],[[513,38784],[43,12],[16,17],[-3,34],[-28,18],[-29,-8],[-16,12],[0,19],[38,43],[11,29],[29,22],[-6,20],[-25,28],[12,24],[41,11],[14,23],[-34,13],[-23,24],[1,20],[21,9],[23,-5],[19,-23],[19,-54],[22,-6],[15,21],[-6,26],[-22,30],[-24,16],[-66,29],[-25,-3],[-34,-29],[-14,13],[22,34],[42,20],[27,8],[23,-6],[47,-28],[14,14],[-5,18],[-48,23],[-50,4],[-30,28],[17,25],[32,3],[12,18],[-27,20],[-33,-2],[-12,27],[20,19],[54,26],[33,-4],[17,21],[-32,44],[-1,18],[27,5],[13,18],[-18,18],[-48,12],[-49,0],[-7,25],[11,13],[39,5],[49,-9],[19,21],[-10,27],[32,10],[18,23],[-6,32],[-25,54],[-14,14],[-27,-8],[-33,-31],[-14,32],[54,66],[23,-4],[28,-34],[21,-3],[16,12],[-3,20],[-39,28],[-23,9],[-12,30],[23,24],[-18,25],[-24,-5],[-19,-17],[-25,6],[-1,18],[20,47],[17,16],[32,0],[45,17],[10,19],[-27,27],[-49,8],[-34,-7],[-20,-18],[-18,20],[24,27],[49,18],[18,45],[-5,31],[-30,15],[-42,3],[-5,23],[25,28],[-1,15],[-41,17],[-18,44],[-48,35],[-4,20],[8,31],[20,11],[66,-7],[9,26],[-20,34],[10,20],[22,3],[-4,29],[-60,-21],[-35,17],[-21,19],[4,39],[-38,13],[6,23],[20,13],[58,4],[20,10],[25,37],[47,34],[-4,32],[-34,34],[-13,35],[-15,-6],[-18,-34],[-37,-7],[-12,31],[25,22],[70,18],[27,-6],[34,-34],[17,-4],[11,26],[-13,23],[-55,32],[-44,13],[-18,22],[3,19],[38,8],[38,-20],[26,6],[12,15],[7,38],[-5,25],[-29,23],[-28,-6],[-36,-39],[-30,-4],[-18,9],[3,34],[77,46],[33,43],[5,52],[-12,26],[-63,-1],[-28,36],[-7,26],[12,27],[30,5],[46,-28],[23,13],[-3,24],[-32,15],[-33,-1],[-59,-18],[-41,-1],[-17,9],[-4,25],[17,16],[76,15],[33,20],[16,25],[29,5],[-4,28],[-25,24],[-48,22],[-24,34],[3,86],[40,-7],[30,6],[47,46],[8,20],[-23,21],[-17,-1],[-49,-27],[-34,-4],[-29,23],[-5,41],[12,31],[50,10],[14,33],[-24,22],[-57,17],[-29,15],[-13,16]],[[19605,25528],[21,9],[74,-2],[21,19],[5,145],[4,169],[-4,180],[59,5],[2,236],[119,2],[118,-3],[115,0],[24,57],[19,4],[20,28],[67,38],[17,-23],[25,-3],[26,32],[42,-12],[15,-20],[36,12],[27,54],[27,-1],[27,11],[4,-19],[-11,-24],[21,-24],[24,9],[36,-2],[261,0],[0,175],[21,34],[92,1],[10,30],[111,1],[1,116],[22,3],[-12,43],[-11,18],[1,34],[1,221],[-21,65],[2,47],[40,18],[21,30],[-27,54],[32,27],[-7,20],[-32,3],[-22,13],[3,25],[17,-2],[0,39],[-24,17],[32,58],[36,27],[-9,18],[-18,2],[11,40],[-25,21],[46,5],[9,29],[9,57],[-32,47],[23,25],[-1,37],[29,8],[-10,23],[11,32],[-32,3],[-4,41],[14,36],[-11,17],[233,1],[0,124],[0,382],[23,-16],[30,3],[34,-24],[13,-50],[15,-14],[33,-8],[11,-19],[24,-10],[22,-29],[31,-28],[31,17],[61,61],[75,71],[8,17],[1,105],[13,16],[34,-2],[13,14],[1,68],[26,17],[0,64],[22,26],[10,34],[-2,78],[-12,42],[11,30],[0,217],[-9,43],[-12,11],[-121,79]],[[21761,29283],[192,-11],[208,-5],[201,-7],[115,-3],[399,8],[347,2]],[[23223,29267],[-4,-240],[-1,-120],[-3,-122],[-3,-298],[-1,-300],[-6,-239],[0,-239],[-3,-239],[-3,-120],[-1,-239]],[[23198,27111],[-7,-138],[-5,-341]],[[23186,26632],[-130,3],[-222,-3],[7,349],[5,129],[1,116],[-132,6],[-44,-1],[0,-27],[-15,-6],[-37,11],[-22,-45],[-18,-9],[-7,-32],[-27,-6],[-37,-36],[-15,59],[-36,-23],[-50,-19],[-30,32],[-31,21],[-65,-37],[-8,39],[-19,-2],[-36,-46],[-24,-47],[-27,-22],[-20,-37],[-56,-6],[-24,13],[1,19],[-19,49],[-32,-38],[-63,-57],[-14,-5],[-96,-98],[43,-39],[-16,-46],[6,-15],[-15,-24],[-20,0],[-25,-20],[-17,-39],[5,-28],[-7,-29],[35,5],[2,-102],[-9,-31],[-39,-43],[-9,-37],[-3,-267],[1,-191]],[[21776,25970],[1,-156],[-51,-13],[-381,0],[-8,-27],[-23,-15],[-31,-76],[-31,-1],[-25,-54],[3,-93],[-6,-85],[-29,-29],[0,-75],[-13,-36],[-35,15],[-30,28],[-43,-15],[-16,3],[-11,-22],[-29,-15],[-26,-67],[10,-33],[-18,-24],[-3,-21],[27,-66],[-44,-38],[2,-20],[-30,-16],[-25,-25],[-24,-49],[-15,0]],[[20872,24945],[-25,0],[-68,-20],[-119,3],[-32,16],[-73,2],[-14,18],[-49,25],[-57,62]],[[20435,25051],[-31,15],[-202,-1],[-187,-5],[-59,12],[-40,-14],[-38,-1]],[[19878,25057],[-2,91],[-29,-1],[-8,28],[22,19],[52,81],[-33,26],[-24,9],[-11,-11],[-39,-6],[-46,7],[-29,-3],[-44,-26],[-24,-24],[-19,17],[-3,20],[-30,19],[-4,116],[1,102],[-3,7]],[[19032,25598],[82,14],[62,31],[42,-3],[0,33]],[[19218,25673],[73,19],[22,2],[2,-131],[23,-24],[250,-2],[17,-9]],[[19878,25057],[-97,-1],[-15,5],[-26,32],[-10,-34],[-1,-98]],[[19729,24961],[-58,41],[-4,-69],[-75,0],[-25,-52],[-17,-70],[-52,-4],[-36,6],[-22,15],[-29,-16],[-21,7],[-34,-40],[-14,-32],[-21,-9],[-29,-27],[-29,-46],[-10,23],[-6,64],[-7,21],[0,68],[-29,28],[-24,-5],[-3,37],[7,30],[-40,-5],[-23,-14],[-16,-32],[-3,-52],[-17,-25],[-36,-29],[-5,-18],[-19,-3]],[[19032,24753],[-3,183],[4,96]],[[19229,27412],[4,509],[3,448],[-2,208],[3,356],[-1,115],[-4,181],[1,72]],[[19233,29301],[257,-4],[226,-5],[69,-3],[120,0],[107,2],[241,4],[508,-8],[107,0],[325,-5],[235,0]],[[21428,29282],[333,1]],[[19218,25673],[-1,138],[-1,391],[8,688],[-3,83],[8,439]],[[5449,41869],[123,0],[242,-4],[127,-1],[187,-4],[316,-4],[74,2],[337,-1],[315,-10],[133,-3],[82,1],[188,-2],[209,-12],[106,-2],[237,3],[243,-4]],[[8368,41828],[114,-4],[187,-1],[419,-5]],[[9088,41818],[7,-56],[2,-183],[0,-120],[-6,-303],[1,-58],[-4,-119],[-3,-241],[0,-114],[7,-246],[47,1],[1,-216],[-2,-564],[-3,-178],[0,-220]],[[9135,39201],[0,-420]],[[9135,38781],[-174,1],[-306,-2],[-234,2],[-119,-3],[-360,-4],[-369,-2],[-695,-3],[-139,4],[-119,1],[-342,-3],[-118,9],[-123,5],[-121,2],[-54,-14],[-132,1]],[[22346,13783],[3,37],[12,24]],[[22361,13844],[272,-1],[1,241]],[[22634,14084],[0,120]],[[22634,14204],[114,-2]],[[22748,14202],[-3,-481]],[[22745,13721],[-114,2],[-1,-60]],[[22630,13663],[-57,1],[0,15],[-29,2],[-37,-47]],[[22507,13634],[9,36],[0,54],[-143,2],[-19,16],[-8,41]],[[21197,14259],[25,-21],[53,-55],[40,-33],[51,-52]],[[21366,14098],[-9,-15],[14,-41],[2,-33]],[[21373,14009],[-32,31],[-91,56],[-17,21],[-40,89]],[[21193,14206],[-22,29]],[[21171,14235],[26,24]],[[2436,45646],[728,0],[443,0],[508,-1],[514,0]],[[4629,45645],[0,-895],[4,-342],[0,-626],[-3,-243],[2,-242],[97,0]],[[4729,43297],[4,-117],[-5,-52],[-3,-304],[2,-37],[-2,-206],[-5,-106],[-1,-130],[4,-109],[1,-222],[3,-151]],[[2668,41857],[0,109],[0,494],[1,113],[1,487],[-2,120],[-546,-1],[-300,-1],[0,109],[-4,24],[-17,21],[-40,28],[-18,30],[-9,78],[-20,69],[119,1],[-1,118],[124,0],[-2,360],[0,224],[9,22],[-9,20],[1,216],[245,1],[1,117],[2,3],[241,0],[0,494],[-1,234],[-7,299]],[[420,41860],[-16,59],[9,22],[17,2],[24,-20],[86,-2],[20,23],[-20,21],[-52,7],[-73,-3],[-39,14],[-20,16],[3,25],[14,10],[97,15],[21,13],[16,43],[-15,33],[-45,6],[-4,32],[27,5],[40,-14],[14,5],[13,35],[2,54],[-21,15],[-38,-1],[2,31],[47,6],[24,40],[25,24],[-15,23],[-33,-7],[-31,6],[-8,24],[14,18],[34,9],[52,-15],[21,19],[-11,22],[-24,22],[23,17],[40,-39],[26,8],[-6,22],[-49,48],[-12,32],[20,21],[19,1],[53,-30],[22,9],[9,19],[-2,30],[-12,28],[-22,23],[45,42],[4,30],[38,53],[-3,34],[-38,-1],[-4,22],[39,23],[5,26],[-10,80],[10,21],[42,-9],[3,32],[-75,30],[-29,24],[-25,42],[-22,25],[0,33],[47,12],[3,17],[-49,27],[-14,19],[-24,59],[-59,42],[2,24],[24,4],[19,21],[-7,19],[-45,2],[-25,16],[3,16],[27,35],[3,34],[-11,32],[-24,6],[-33,-6],[-17,9],[-18,43],[6,20],[33,20],[10,36],[-32,52],[-40,22],[13,22],[35,11],[16,24],[-18,9],[-46,6],[-3,19],[14,36],[-16,14],[-26,-6],[-37,9],[-17,22],[24,17],[34,-5],[10,29],[-25,16],[-29,-7],[-21,-24],[-25,-4],[1,29],[73,34],[31,7],[20,18],[-7,25],[-34,10],[-24,-6],[-26,6],[-45,27],[-39,-8],[1,21],[46,21],[14,47],[-29,38],[-3,38],[30,7],[21,14],[4,32],[-14,38],[-27,24],[33,5],[13,25],[-33,41],[1,44],[-27,16],[-30,-6],[-9,10],[12,25],[58,60],[-16,22],[-55,-3],[-33,18],[-17,29],[13,32],[-17,51],[27,-9],[22,3],[10,28],[-19,26],[-75,33],[-18,16],[-14,39],[11,50],[-14,26],[-22,9],[-15,24],[13,43],[15,22],[-13,23],[-27,-1],[-22,23],[-6,34],[2,53],[-31,5],[-11,12],[14,69],[23,52],[-16,16],[-43,14],[-5,26],[7,31],[-3,58],[4,43],[27,39],[35,33],[-34,10],[-5,26],[25,19],[435,0],[491,-1],[728,0],[726,-1]],[[16148,25987],[498,5],[22,21],[-2,13],[29,69],[23,-4],[-3,-19],[29,-4],[22,21],[8,-39],[-24,-40],[-10,-30],[10,-12],[77,-2],[52,5],[78,15],[97,-9],[18,13],[27,0]],[[17099,25990],[20,-9],[68,9],[96,0],[-28,-48]],[[17255,25942],[-1,-72]],[[17254,25870],[-294,-3],[-5,-22],[17,-23],[5,-38],[-17,-144],[9,-53],[-19,-53],[-7,-44],[-64,22],[-29,25],[-5,14],[9,47],[-21,52],[-19,-7],[-30,14],[-65,14],[-19,10],[-31,31],[-44,17],[0,16],[-59,4],[-101,0],[-3,-19],[44,-38],[18,6],[-12,-49],[7,-10],[-9,-48],[13,-16],[18,9],[21,-43],[-7,-41],[-27,2],[-28,-42],[17,-60],[-29,-8],[-47,-31]],[[16441,25361],[-32,-17],[-21,2],[-1,-42],[12,-11],[-26,-27],[-55,5],[-65,-5],[-79,-1],[-20,-21]],[[16154,25244],[-2,104],[1,121],[-3,102],[-3,304],[1,112]],[[16745,23680],[26,6],[58,28]],[[16829,23714],[-9,-46],[19,-25],[32,16],[0,-162],[-17,-36],[-128,-99]],[[16726,23362],[-18,35],[-32,10],[-34,26],[-28,0],[-50,-22],[-43,-68],[-19,5],[-39,-11],[-30,-24],[-56,17],[-11,-6]],[[16366,23324],[-11,15],[-40,24],[10,30],[53,9],[-12,38],[18,10],[128,0],[-1,58],[106,0],[22,7],[97,64],[9,16],[0,85]],[[17785,25420],[25,-7],[69,12],[34,-4],[30,-32],[5,-29],[61,-2],[9,-47],[49,19],[48,-10],[10,-37],[26,-7],[16,24],[41,-54],[21,20]],[[18431,24636],[-42,0],[-29,-10],[-21,-15]],[[18339,24611],[-42,-46],[-29,-45],[-87,-59],[-35,5],[-52,39],[-16,5],[-207,1],[0,109],[-9,17],[9,20],[0,29],[-13,5],[-42,-19],[-20,-16],[-20,38],[3,22],[-56,-11],[-23,-18],[-7,-43],[-15,-34],[-28,-20],[-47,-22]],[[17603,24568],[-19,55],[-24,24],[-25,14],[-1,36],[-30,37],[-46,33],[-3,13],[13,32],[38,37],[13,32],[-11,43],[12,17],[36,0],[3,34],[32,40],[-19,32],[-27,82],[8,30],[41,12],[43,-18],[59,55],[-2,29],[14,22],[34,10],[43,-7],[35,23],[1,45],[-32,-2],[-21,7],[-15,20],[22,33],[-15,21],[25,11]],[[17328,24384],[24,26],[80,37],[35,32],[25,5],[50,0],[46,39],[15,45]],[[18339,24611],[0,-125],[-4,-109],[-3,-18],[9,-257],[-2,-171],[-6,-170],[2,-317]],[[18335,23444],[-24,-5],[-31,-21],[-30,4],[-41,22],[-33,3],[-46,-10],[-48,13],[-38,-1],[-4,33],[-17,8],[-115,0],[-34,-20],[-19,1],[-37,-22],[-29,-1],[-35,-21],[-115,-1],[0,-59]],[[17639,23367],[-232,-2],[0,126],[-236,-1]],[[17171,23490],[1,67],[-14,45],[-42,70]],[[17116,23672],[-32,47],[-43,17],[156,136],[28,20],[-29,20],[-12,24],[26,29],[-49,18],[-22,33],[-60,-14],[-16,22],[11,46],[27,35],[18,35],[13,43],[32,32],[4,32],[21,38],[8,42],[-6,26],[16,22],[78,12],[43,-3]],[[16167,23580],[87,-13],[52,5],[41,8],[178,67],[35,8],[104,16],[81,9]],[[16366,23324],[-41,-45],[-25,-17],[-15,-25],[-27,-11],[-16,-18],[-31,13],[-19,-19],[-24,-47]],[[16168,23155],[0,345],[-1,80]],[[19032,24753],[9,-398],[-2,-82],[-2,-687]],[[19037,23586],[-29,27],[-22,-1],[-80,22],[-45,-21],[-44,-1],[-34,-13],[-34,13],[1,-183],[-50,-1],[-177,4],[-45,23],[-47,4],[-96,-15]],[[17029,24538],[4,-160],[-26,-78]],[[17007,24300],[-12,-36],[-2,-42],[16,-60],[-1,-62],[-5,-41]],[[17003,24059],[-3,-72],[-17,-46],[-43,-62],[-44,-38],[-45,-22],[-39,-36],[-5,16],[-30,32],[-3,55],[-31,51]],[[16743,23937],[-126,0],[-35,20],[-22,0],[-36,-21],[-195,-2]],[[16329,23934],[9,47],[-1,74],[116,0],[-51,60],[-4,23],[2,51],[-14,35],[-89,87],[19,5],[31,-16],[70,46],[50,20],[23,15],[107,42],[60,20],[152,45],[42,4],[46,46],[132,0]],[[17254,25870],[0,-53],[6,-83],[-5,-47],[2,-140],[14,-81],[-6,-25],[-27,-39],[-5,-26],[-2,-172],[-28,-1],[-105,5],[-21,-30],[-102,-1],[-1,-29],[-76,0],[-16,21],[-25,12],[-26,68],[-20,20],[-101,-1]],[[16710,25268],[-87,-1],[-4,-124],[-62,-1],[-49,-6],[-2,131],[41,2],[2,55],[-62,3],[-46,34]],[[23576,1503],[2,-116],[18,0]],[[23596,1387],[0,-97]],[[23596,1290],[-26,6],[-47,34],[-22,40],[-7,27],[7,29],[-10,29]],[[23491,1455],[30,31],[27,15],[28,2]],[[23264,2170],[238,1],[348,1],[155,0],[592,2],[1,-296],[-1,-66],[2,-362]],[[24599,1450],[1,-269],[2,-455],[-370,2],[-580,-1],[-388,-2]],[[23264,725],[1,421]],[[23265,1146],[151,0],[262,1]],[[23678,1147],[83,0],[-14,157],[12,23]],[[23759,1327],[49,-67],[20,19],[37,52],[9,25],[1,91]],[[23875,1447],[62,-1],[53,-15],[38,-5],[15,50],[0,109],[-31,-3],[-25,-21],[-5,-18],[-40,-14],[-14,-28],[-20,-17],[-35,-8],[0,274],[-75,-1],[-10,-22],[-25,-21],[-9,21],[-20,15],[-29,1],[-9,-23],[-95,-2],[-8,-8],[0,-46],[-12,-8],[-46,-12],[-105,-45],[-34,-17],[-91,-37]],[[23305,1545],[-14,11],[-27,-3]],[[23264,1553],[1,135],[-1,482]],[[23661,1231],[5,12],[26,8],[9,37],[-5,20],[-19,-1],[1,65],[-14,15]],[[23664,1387],[1,49],[37,28],[-6,21],[-18,17]],[[23678,1502],[55,-1],[46,-37],[22,-11],[36,-3]],[[23837,1450],[-41,-54],[-40,-32],[-6,-19],[9,-18]],[[23678,1147],[-25,24],[-20,6],[9,43],[19,11]],[[25263,1446],[0,106],[0,473],[1,502],[0,248]],[[25264,2775],[331,1],[216,-1],[210,2]],[[26021,2777],[246,-2],[130,2],[201,0]],[[26598,2777],[0,-612]],[[26598,2165],[-1,-113],[-2,-530],[0,-352],[0,-441]],[[26595,729],[-221,-1],[0,-118],[-167,-1],[-166,0],[0,60],[-221,-3],[0,59],[-8,1],[-547,-1],[-2,556],[0,165]],[[23875,1447],[-38,3]],[[23678,1502],[-102,1]],[[23491,1455],[-39,26],[-33,-54],[-20,-16],[-23,14],[-4,33],[-20,37],[-12,34],[-35,16]],[[23263,2896],[20,0]],[[23283,2896],[226,0],[589,1],[49,2],[780,-2],[336,0]],[[25263,2897],[1,-122]],[[25263,1446],[-221,1],[-126,-1],[-37,3],[-96,-1],[-184,2]],[[23264,2170],[-1,428],[0,298]],[[22301,11758],[43,-1]],[[22344,11757],[49,-55],[43,-35]],[[22436,11667],[-50,0]],[[22386,11667],[-85,0]],[[22301,11667],[0,91]],[[16161,24535],[62,0],[-4,20],[44,77],[30,5],[10,-18],[21,8],[17,29],[22,0],[-37,-45],[-23,-42],[-3,-51],[10,-69],[36,1],[41,-11],[44,5],[54,26],[22,33],[24,14],[8,19],[85,-10],[28,7],[23,23],[52,2],[9,6],[-1,95]],[[16735,24659],[293,-2],[1,-119]],[[16329,23934],[-79,2],[-87,-8]],[[16163,23928],[3,304],[-3,64],[-2,239]],[[7596,17194],[-128,0],[-23,-12],[-63,91],[-6,14],[-98,144],[-90,-2],[-112,1]],[[7076,17430],[0,121],[-115,1],[1,111],[-2,422],[2,68],[144,-2],[430,1],[-2,-621],[-8,-40],[17,0],[-12,-38],[-3,-47],[7,-37],[65,21],[-7,-38],[3,-158]],[[7596,17194],[686,0]],[[8282,17194],[0,-481],[0,-481],[1,-359]],[[8283,15873],[-344,0],[-456,1]],[[7483,15874],[-228,0]],[[7255,15874],[0,120],[-113,1],[-2,480],[0,119],[-1,360],[-2,240],[-113,0],[0,116],[-4,0],[-1,120],[57,0]],[[5470,18757],[458,-1],[73,1],[157,-2],[653,-1],[381,1],[83,2],[32,-2],[338,2],[91,-1],[485,2]],[[8221,18758],[1,-174],[-1,-183],[1,-350],[1,-421],[-1,-320],[60,0],[0,-116]],[[7255,15874],[-226,1],[-345,-3],[-303,-2],[-151,1]],[[6230,15871],[-342,0],[-348,5],[2,834],[-1,100],[-1,501],[-65,0]],[[23264,1387],[0,166]],[[23596,1290],[29,-26],[23,-1],[13,-32]],[[23265,1146],[-1,241]],[[26595,729],[0,-241],[2,-455],[1,-25]],[[26598,8],[-86,-1],[-474,-1],[-46,1],[-614,-1],[-515,-1],[-539,-1],[-476,-1],[-583,-1]],[[23265,2],[0,240],[-1,246],[0,237]],[[23596,1387],[68,0]],[[23050,11785],[125,-1]],[[23175,11784],[0,-60]],[[23175,11724],[-84,1]],[[23091,11725],[-41,0]],[[23050,11725],[0,60]],[[23247,11485],[27,0]],[[23274,11485],[72,0],[12,-20],[9,-42]],[[23367,11423],[-33,-14],[-46,2]],[[23288,11411],[0,62],[-27,0],[-14,12]],[[1344,36086],[113,0],[490,-5],[6,-35],[17,3],[5,27],[20,1],[-4,-46],[36,-8],[29,-35],[0,94],[52,2],[184,-4],[477,0],[236,-1],[90,1],[391,-1],[119,1],[478,1],[120,-1]],[[4203,36080],[122,3],[145,-1]],[[4470,36082],[-52,-9],[-7,-23],[42,-20],[-38,-22],[-27,-39],[15,-31],[-19,-3],[-25,25],[-46,1],[-1,-17],[28,-21],[15,0],[23,-19],[-22,-16],[-57,2],[-1,-28],[11,-18],[35,-20],[-36,-39],[13,-43],[-6,-35],[-19,-22],[-24,-2],[-26,10],[-19,-7],[4,-30],[-26,-51],[1,-336],[-1,-273],[1,-361],[173,-2],[-3,-600],[-1,-348],[-3,-255],[0,-240]],[[4372,33190],[-238,-1],[-32,2],[-682,-1],[-12,2],[-166,-1],[-183,-5],[-233,3],[-476,0],[-12,-1],[-172,1]],[[2166,33189],[-26,27],[4,38],[21,-3],[32,9],[-20,23],[-29,-4],[8,31],[26,-11],[23,19],[-12,19],[-18,-1],[-36,-19],[-40,9],[-44,111],[36,1],[20,16],[30,44],[-7,17],[-34,-8],[-15,17],[10,17],[42,2],[27,-36],[22,12],[-5,18],[-27,20],[-40,13],[-7,18],[26,12],[25,27],[-7,24],[-41,13],[-15,23],[13,13],[32,0],[34,34],[-11,17],[-68,-34],[-28,12],[-12,30],[16,16],[35,-19],[44,8],[-3,23],[-43,28],[26,24],[14,25],[-2,27],[19,59],[-4,11],[-46,25],[32,8],[6,31],[-21,10],[-6,18],[11,26],[-6,29],[-20,19],[-39,7],[-9,13],[-32,4],[14,28],[-42,4],[-4,12],[22,27],[-22,11],[3,16],[-16,53],[-33,43],[0,11],[30,19],[1,67],[-21,19],[-7,47],[12,49],[-25,54],[21,17],[0,15],[-43,-10],[-13,9],[1,31],[-17,65],[-1,32],[-14,18],[-22,-23],[-23,5],[14,34],[-24,62],[-13,6],[-18,-19],[-20,15],[33,18],[17,28],[-6,13],[-38,14],[5,42],[-15,22],[-26,-24],[-26,5],[3,19],[51,29],[13,29],[-31,15],[-3,26],[-33,43],[-11,23],[5,26],[19,30],[0,42],[-9,14],[-46,22],[8,20],[27,-13],[14,14],[-40,22],[-7,35],[19,26],[-28,19],[-33,33],[-4,18],[-49,-2],[-4,17],[18,17],[-27,10],[-23,28],[-20,6],[20,39],[23,10],[-6,23],[-29,17],[-21,42],[-31,-17],[-17,0],[0,31],[-19,22],[-39,24],[-7,24],[34,-7],[22,15],[-14,47],[-1,42],[22,4],[0,26],[-29,3],[-8,19],[8,23],[-17,21],[-10,37],[-40,6],[9,30],[-32,9],[22,19],[-16,23]],[[3335,35445],[36,-28],[0,-181],[361,-1],[-6,22],[1,79],[-5,25],[-28,18],[-2,22],[32,18],[2,15]],[[3726,35434],[27,7],[2,17],[-53,33],[-7,46],[32,0],[-1,181],[-238,0],[-35,-3],[-201,0],[2,-144],[36,-6],[19,5],[10,-17],[-21,-27],[-29,-21],[17,-13],[18,19],[29,-18],[2,-48]],[[22766,11657],[14,16],[16,34],[10,48],[18,30]],[[22824,11785],[127,1]],[[22951,11786],[0,-60]],[[22951,11726],[-1,-242]],[[22950,11484],[-105,3]],[[22845,11487],[18,26],[7,33],[-61,0],[-2,40],[-41,71]],[[6615,28745],[346,0],[110,1],[5,6],[0,108],[236,0],[0,-112]],[[7312,28748],[3,-603],[-2,-241],[-3,-244],[-4,-238],[0,-60],[23,0]],[[7329,27362],[-7,-60],[-15,-6],[2,-74],[-40,-79],[-21,-5],[-51,-47],[1,-26],[-30,-1],[1,-124],[-51,1],[1,-86],[-6,-16],[1,-139]],[[7114,26700],[-381,4]],[[6733,26704],[1,123],[-39,0],[-24,7],[4,30],[23,30],[10,30],[24,38],[-3,78],[10,20],[43,12],[5,13],[-1,56],[29,44],[-51,8],[-16,18],[-42,-37],[-29,12],[-4,65],[15,26],[-1,28],[92,0],[-16,50],[-46,41],[-16,1],[-23,28],[-73,62],[6,360],[2,59],[-119,6],[2,120],[96,4],[49,-9],[86,-41],[1,158],[-25,11],[-20,-12],[-166,0],[-21,92],[1,149],[117,-1],[1,362]],[[21954,12937],[7,56],[11,35]],[[21972,13028],[105,-5]],[[22077,13023],[85,-9]],[[22162,13014],[1,-28]],[[22163,12986],[-56,1]],[[22107,12987],[-30,0],[0,-120],[-27,-15]],[[22050,12852],[1,-61],[-25,0],[1,-45]],[[22027,12746],[-63,-1]],[[21964,12745],[15,68],[-8,63]],[[21971,12876],[-17,61]],[[22060,13816],[0,32]],[[22060,13848],[83,-1]],[[22143,13847],[-11,-60]],[[22132,13787],[-22,-3],[-10,-23],[-41,4]],[[22059,13765],[1,51]],[[22061,13966],[55,1]],[[22116,13967],[0,-40],[7,-20],[110,0]],[[22233,13907],[-1,-59]],[[22232,13848],[-89,-1]],[[22060,13848],[1,118]],[[23415,16702],[15,4],[46,-19],[100,-2],[35,10],[109,3],[43,18],[77,-1],[42,-22],[50,-5],[145,-8],[26,23]],[[24103,16703],[1,-353]],[[24104,16350],[-342,6],[-344,-1]],[[23418,16355],[0,121],[-4,133],[1,93]],[[24104,16350],[4,-247],[4,-116],[4,-208],[21,-12]],[[24137,15767],[-37,-35],[-15,-35],[-41,-27],[0,-20],[-56,-14],[-20,13],[-52,-3],[15,-24]],[[23931,15622],[-152,-1],[-115,1],[-229,6]],[[23435,15628],[-5,241]],[[23430,15869],[-1,59],[-7,183],[-4,244]],[[23416,17076],[121,-1],[279,0],[171,2],[114,-1],[2,-373]],[[23415,16702],[1,189],[3,63],[-3,122]],[[22107,12987],[1,-135]],[[22108,12852],[-58,0]],[[22163,12986],[0,-22]],[[22163,12964],[1,-112]],[[22164,12852],[-21,-1]],[[22143,12851],[-35,1]],[[22143,12851],[0,-59],[8,-45]],[[22151,12747],[-56,0]],[[22095,12747],[-68,-1]],[[5624,14273],[10,10],[25,-10],[49,-52],[8,-28],[31,-36],[14,4],[17,-19],[28,-10],[31,-31],[75,-35],[7,-14],[130,-18],[30,15],[34,7],[34,-12],[96,-48],[40,-24],[21,-54]],[[6304,13918],[36,-18],[23,-44],[47,-29],[55,0],[3,-12],[84,-46],[18,-19],[42,16],[36,-19],[28,-33]],[[6676,13714],[0,-16],[36,-45],[25,-52],[18,-18],[13,-32],[30,-31],[13,-42],[30,-1],[20,-10],[17,-23],[7,-25],[-19,-5],[20,-36],[34,-7],[69,-110]],[[6989,13261],[0,-139],[-3,-127],[0,-116],[-2,-482],[1,-122],[-140,1],[-5,-117],[-62,0],[-19,-10],[-29,-1],[-22,13],[-64,0],[1,118],[-343,1]],[[6302,12280],[-272,0],[-410,-2],[1,171],[0,540],[3,500],[0,398],[-7,79],[7,57],[0,250]],[[4365,14683],[123,4],[66,-14],[2,-23],[18,-13],[7,-21],[20,-6]],[[4601,14610],[19,-30],[50,6],[5,7],[54,3],[12,-5],[25,16],[48,5],[24,-26],[37,0],[19,9],[14,-15],[29,-9],[20,13],[44,-7],[30,-24],[26,-11],[8,-14],[67,3],[9,-17],[23,-12],[8,20],[31,4],[105,-30],[-26,-40],[-3,-34],[33,-4],[32,-110],[26,0],[24,-16],[21,-3],[10,16],[63,-36],[54,-8],[19,15],[26,-14],[37,11]],[[6302,12280],[-1,-120],[0,-242],[-165,1],[-4,-119],[166,-1],[2,-16],[0,-224],[63,0],[-3,-291],[5,-320],[-3,-116]],[[6362,10832],[-310,4],[-259,2]],[[5793,10838],[-109,0],[-684,-4],[-338,2],[-289,2]],[[4373,10838],[-1,556],[-1,147],[-1,600],[-1,843],[1,105],[-2,152],[1,115],[-2,135],[3,214],[-3,260],[2,116],[-1,71],[-3,531]],[[6989,13261],[97,-98],[7,-11],[371,-397],[39,-15],[14,-14],[9,-42],[18,4],[1,-40],[33,-11],[3,19],[24,-6],[7,-37],[12,-19],[-5,-26],[22,-15],[17,-29],[-3,-12],[60,-31],[40,-34],[52,-64],[25,8],[1,-29],[21,-19],[8,-43],[-2,-27]],[[7860,12273],[-3,-74],[23,-70],[49,3],[37,-100],[45,-18],[65,5],[27,-15],[15,-29],[23,-4],[15,12],[4,37],[44,-30],[-2,-15],[33,-8],[4,12],[-12,32],[59,-45],[0,27],[23,-13],[8,-25],[-19,-13],[44,-21]],[[8342,11921],[-3,-370],[-298,1],[-120,2],[-194,0],[-2,-305],[-6,-412]],[[7719,10837],[-114,0],[-342,-3],[-49,2],[-90,-2],[-192,0],[-385,-3],[-185,1]],[[22057,13515],[1,118]],[[22058,13633],[78,-20],[95,-50]],[[22231,13563],[0,-76]],[[22231,13487],[-72,-2]],[[22159,13485],[-87,0]],[[22072,13485],[-16,1]],[[22056,13486],[1,29]],[[21693,14214],[218,-4]],[[21911,14210],[-8,-78],[0,-45]],[[21903,14087],[-88,3],[-123,2]],[[21692,14092],[0,26],[-15,20],[0,18],[16,58]],[[22630,13663],[-1,-59]],[[22629,13604],[0,-61],[-114,1],[0,30],[56,0],[1,60],[-65,0]],[[22745,13721],[29,-2]],[[22774,13719],[-1,-117],[-29,0],[-1,-119]],[[22743,13483],[-38,0]],[[22705,13483],[-18,0]],[[22687,13483],[0,29],[-29,0],[1,91],[-30,1]],[[22231,13487],[43,-2]],[[22274,13485],[-1,-145]],[[22273,13340],[-21,5],[-68,2]],[[22184,13347],[-25,0]],[[22159,13347],[0,138]],[[21894,13443],[30,-2],[32,8],[3,-13],[36,1],[-15,48]],[[21980,13485],[76,1]],[[22072,13485],[3,-19],[0,-125]],[[22075,13341],[1,-174]],[[22076,13167],[-64,0],[-17,33],[-12,-10]],[[21983,13190],[10,120],[-36,43]],[[21957,13353],[-37,30],[-20,26],[-6,34]],[[22075,13341],[20,6],[64,0]],[[22184,13347],[2,-181]],[[22186,13166],[-110,1]],[[22273,13340],[1,-115]],[[22274,13225],[0,-25]],[[22274,13200],[0,-35]],[[22274,13165],[-88,1]],[[21882,12023],[0,17]],[[21882,12040],[0,13]],[[21882,12053],[57,0]],[[21939,12053],[56,0]],[[21995,12053],[7,-30]],[[22002,12023],[-7,0]],[[21995,12023],[-56,0]],[[21939,12023],[-57,0]],[[21995,12023],[0,-58]],[[21995,11965],[-57,0]],[[21938,11965],[1,58]],[[22002,12023],[11,0]],[[22037,12023],[1,-58]],[[22038,11965],[-24,0]],[[22014,11965],[-19,0]],[[22080,12023],[0,-58]],[[22080,11965],[-28,0]],[[22052,11965],[-14,0]],[[22080,12023],[56,0]],[[22150,12023],[1,-73]],[[22151,11950],[-28,0]],[[22123,11950],[-43,0]],[[22080,11950],[0,15]],[[22123,11950],[0,-45]],[[22123,11905],[0,-60]],[[22123,11845],[-42,1]],[[22081,11846],[-1,104]],[[21768,11816],[37,-8]],[[21805,11808],[-11,-30],[21,-25],[24,-5],[33,15]],[[21872,11763],[9,-9]],[[21881,11754],[0,-30]],[[21881,11724],[-113,1]],[[21768,11725],[0,45]],[[21768,11770],[0,46]],[[22123,11845],[42,1]],[[22165,11846],[0,-91]],[[22165,11755],[-85,1]],[[22080,11756],[1,90]],[[22165,11755],[-1,-126]],[[22164,11629],[-35,21],[-49,0]],[[22080,11650],[0,106]],[[22164,11629],[2,-10]],[[22166,11619],[0,-17]],[[22166,11602],[-42,3],[-3,-21],[13,-39]],[[22134,11545],[-24,0]],[[22110,11545],[-25,-2]],[[22085,11543],[-6,17],[1,90]],[[22165,11755],[44,3],[92,0]],[[22301,11667],[-53,-1],[0,-45],[-82,-2]],[[22361,13844],[37,46],[11,31],[-11,37]],[[22398,13958],[-14,25]],[[22384,13983],[39,19],[26,46],[25,22],[4,16],[156,-2]],[[22044,12304],[29,26]],[[22073,12330],[22,-19]],[[22095,12311],[16,-10]],[[22111,12301],[-16,-30],[-51,33]],[[20647,11551],[109,3],[49,4]],[[20805,11558],[64,-5],[58,0]],[[20927,11553],[-31,-52],[-44,-31]],[[20852,11470],[-116,-23],[-27,-20],[-23,4],[-1,17],[-38,34]],[[20647,11482],[0,69]],[[20647,11439],[0,43]],[[20852,11470],[-11,-55],[2,-105]],[[20843,11310],[-14,3],[-70,1],[-60,-7],[0,-31],[-52,2]],[[20647,11278],[0,30]],[[20647,11308],[0,131]],[[21713,12162],[0,12]],[[21713,12174],[0,88],[57,0],[0,30]],[[21770,12292],[97,-39],[19,8],[53,5]],[[21939,12266],[0,-2]],[[21939,12264],[-72,-59],[-20,-6]],[[21847,12199],[-66,-25],[-42,-5],[-6,-41],[-20,-14]],[[21713,12114],[0,48]],[[21321,11547],[69,-11]],[[21390,11536],[-3,-16],[16,-17],[15,-33],[-2,-14]],[[21416,11456],[-6,-16],[8,-27],[20,-16],[2,-72],[15,-18]],[[21455,11307],[-63,0],[0,-16],[-32,1],[-17,15],[-19,0]],[[21324,11307],[2,59],[-3,68],[-2,113]],[[21591,11425],[98,1],[22,14]],[[21711,11426],[1,-120]],[[21712,11306],[-118,1]],[[21594,11307],[-3,118]],[[21768,11471],[120,-1],[8,14]],[[21896,11484],[-16,-89]],[[21880,11395],[-105,1],[-7,7]],[[21768,11403],[0,23]],[[21880,11395],[-1,-14]],[[21879,11381],[3,-75]],[[21882,11306],[-58,1]],[[21824,11307],[-56,0]],[[21768,11307],[0,96]],[[21895,11540],[91,-1],[28,5]],[[22014,11544],[1,-89]],[[22015,11455],[-75,0],[-29,29],[-15,0]],[[21896,11484],[-1,56]],[[22015,11455],[0,-30]],[[22015,11425],[0,-45]],[[22015,11380],[-136,1]],[[22015,11380],[-1,-15]],[[22014,11365],[0,-60]],[[22014,11305],[-49,2]],[[21965,11307],[-83,-1]],[[22014,11544],[71,-1]],[[22110,11545],[-4,-3],[0,-117]],[[22106,11425],[-91,0]],[[22106,11425],[0,-44]],[[22106,11381],[0,-15]],[[22106,11366],[-92,-1]],[[22106,11366],[0,-61]],[[22106,11305],[-57,0]],[[22049,11305],[-35,0]],[[21592,10840],[19,16],[97,50]],[[21708,10906],[98,39]],[[21806,10945],[0,-21]],[[21806,10924],[-41,-24],[0,-69]],[[21765,10831],[-173,0]],[[21592,10831],[0,9]],[[16025,19274],[508,6],[116,0],[234,3]],[[16883,19283],[117,1],[234,0]],[[17234,19284],[12,-307],[2,-118],[2,-304]],[[17250,18555],[-104,2],[-153,-4],[-85,1],[-298,-1]],[[16610,18553],[-9,15],[-58,44],[-10,40],[-28,62],[14,42],[-3,28],[-34,22],[-12,23],[11,39],[-5,17]],[[16476,18885],[-72,43],[-20,0],[-36,25],[-59,15],[-36,44],[-8,40],[1,39],[-23,8],[-30,-27],[-28,7],[-37,34],[-58,71],[-23,38],[-22,52]],[[21612,1440],[-16,-134],[-50,-49],[-10,9]],[[21536,1266],[-38,17],[-7,37],[55,1],[0,41],[-44,0],[-25,8],[-34,22],[-59,45],[-4,26]],[[21380,1463],[-1,132],[100,-13],[145,-41],[-12,-101]],[[21464,13995],[109,-63],[81,-58]],[[21654,13874],[46,-32],[73,-56]],[[21773,13786],[-1,-88],[57,-3],[-21,-50]],[[21808,13645],[-64,28],[-29,36]],[[21715,13709],[-99,72],[-46,87],[-24,36],[-81,26]],[[21465,13930],[-1,65]],[[21662,13953],[0,18]],[[21662,13971],[39,-53],[74,-9]],[[21775,13909],[0,-30],[32,-1],[8,-30],[-7,-12],[6,-45],[90,-82]],[[21904,13709],[-15,-6]],[[21889,13703],[-24,10],[-92,73]],[[21654,13874],[6,16],[2,63]],[[21775,13909],[2,33],[11,20]],[[21788,13962],[61,-43],[56,-58],[1,-64]],[[21906,13797],[0,-52],[5,-34]],[[21911,13711],[-7,-2]],[[22863,14203],[165,-2],[290,0]],[[23318,14201],[-72,-90],[-38,-28],[-75,-32]],[[23133,14051],[-78,-33],[-144,-71]],[[22911,13947],[8,17],[-61,0],[1,120],[4,119]],[[22234,14088],[86,0]],[[22320,14088],[6,-30],[18,-18],[15,-28],[25,-29]],[[22398,13958],[-80,4],[1,17],[-56,4],[-29,-13]],[[22234,13970],[0,118]],[[22320,14088],[1,89],[29,29]],[[22350,14206],[284,-2]],[[22774,13719],[32,20],[37,42],[20,58],[48,108]],[[23133,14051],[9,-20],[1,-129]],[[23143,13902],[-58,1],[0,-61],[113,0],[1,-150],[28,0]],[[23227,13692],[0,-30]],[[23227,13662],[-223,0],[-30,-30],[-115,0],[1,-150]],[[22860,13482],[-117,1]],[[23227,13662],[1,-81],[-17,-56],[12,-44]],[[23223,13481],[-279,1]],[[22944,13482],[-84,0]],[[21315,12038],[94,35]],[[21409,12073],[4,-10]],[[21413,12063],[-34,-50],[-36,-105]],[[21343,11908],[-7,5]],[[21336,11913],[-22,0],[0,30]],[[21314,11943],[1,95]],[[21544,12113],[80,23]],[[21624,12136],[-16,-52],[-2,-31]],[[21606,12053],[0,-69]],[[21606,11984],[-47,-38]],[[21559,11946],[-6,8],[0,79]],[[21553,12033],[-1,51],[-8,29]],[[21624,12136],[89,26]],[[21713,12114],[0,-60]],[[21713,12054],[-107,-1]],[[21713,12054],[-1,-31]],[[21712,12023],[0,-21]],[[21712,12002],[-31,-4],[-76,-38]],[[21605,11960],[1,24]],[[21712,12002],[-1,-97]],[[21711,11905],[0,-29]],[[21711,11876],[-56,0],[0,-10]],[[21655,11866],[-34,-15],[-27,22]],[[21594,11873],[0,42],[11,45]],[[21903,14087],[1,-104]],[[21904,13983],[-23,-12],[-33,-4]],[[21848,13967],[-32,1],[-18,12],[-10,-18]],[[21788,13962],[-70,46],[-44,48]],[[21674,14056],[-26,36],[44,0]],[[21438,14149],[61,1]],[[21499,14150],[24,-29],[4,-30]],[[21527,14091],[-33,0],[-1,-60],[-29,1],[0,-31]],[[21464,14001],[0,-6]],[[21465,13930],[-36,27]],[[21429,13957],[-2,28],[8,25],[3,139]],[[21375,14453],[5,-30],[33,0],[-1,-29],[29,0],[0,-57],[56,1],[3,-36],[25,-28],[29,0]],[[21554,14274],[0,-61]],[[21554,14213],[-29,1],[-13,-22],[-3,-43],[-10,1]],[[21438,14149],[0,11],[-57,28]],[[21381,14188],[-5,28],[27,45],[-33,15],[5,26],[-12,18]],[[21363,14320],[11,43],[-36,24],[8,45],[24,2],[5,19]],[[21335,14317],[28,3]],[[21381,14188],[10,-24],[-3,-22],[-14,-13],[-8,-31]],[[21197,14259],[9,14],[0,58],[23,-10],[90,-9],[16,5]],[[21998,10323],[90,85]],[[22088,10408],[73,48]],[[22161,10456],[0,-3]],[[22161,10453],[4,-39]],[[22165,10414],[-4,-2],[-1,-185]],[[22160,10227],[-14,3]],[[22146,10230],[-51,45],[-52,17],[-45,31]],[[22855,10950],[88,0],[7,6]],[[22950,10956],[-2,-125]],[[22948,10831],[-47,-2],[-93,1]],[[22808,10830],[4,65],[34,-14],[24,15],[-17,25],[2,29]],[[22500,10592],[112,-1]],[[22612,10591],[58,0]],[[22670,10591],[28,-22],[-11,-42],[-17,5],[0,-63]],[[22670,10469],[0,-33],[-13,-10]],[[22657,10426],[-10,34],[-33,18],[-28,-58],[-43,-16],[-24,26],[-18,8]],[[22501,10438],[-4,124],[3,30]],[[22670,10469],[103,-4],[26,-18],[41,1],[14,-10]],[[22854,10438],[-9,-60]],[[22845,10378],[-43,18],[-23,-7],[-27,-30],[-46,-2],[-36,-10]],[[22670,10347],[0,61],[-13,18]],[[21966,10292],[32,31]],[[22146,10230],[-12,-7],[-45,14],[-48,6],[-20,16],[-56,13]],[[21965,10272],[1,20]],[[24355,10354],[17,-6],[77,7],[37,22],[23,2],[70,-25]],[[24579,10354],[0,-253]],[[24579,10101],[-189,1],[-16,19]],[[24374,10121],[-15,47]],[[24359,10168],[-1,87]],[[24358,10255],[-3,99]],[[24071,10222],[194,0]],[[24265,10222],[35,0],[2,-89]],[[24302,10133],[-60,-31],[-84,0]],[[24158,10102],[-84,0]],[[24074,10102],[-3,120]],[[22443,9987],[226,0]],[[22669,9987],[0,-119],[-112,0]],[[22557,9868],[-113,-1]],[[22444,9867],[-1,120]],[[22216,12023],[53,-118]],[[22269,11905],[-76,0]],[[22193,11905],[0,30]],[[22193,11935],[0,88]],[[22216,12023],[5,0]],[[22221,12023],[79,0]],[[22300,12023],[0,-118]],[[22300,11905],[-31,0]],[[22300,12023],[29,0]],[[22329,12023],[0,-57],[14,0]],[[22343,11966],[0,-60]],[[22343,11906],[-43,-1]],[[22343,11966],[84,0]],[[22427,11966],[-4,-59]],[[22423,11907],[-66,-1]],[[22357,11906],[-14,0]],[[21712,12023],[61,0],[32,16],[37,-15]],[[21842,12024],[10,-41],[-2,-48]],[[21850,11935],[-17,-25],[-18,-9],[7,-49],[-17,-44]],[[21768,11816],[0,89],[-57,0]],[[21842,12024],[3,17]],[[21845,12041],[37,-1]],[[21882,12023],[0,-58]],[[21882,11965],[-1,-30]],[[21881,11935],[-31,0]],[[22014,11965],[0,-60]],[[22014,11905],[-76,0]],[[21938,11905],[0,60]],[[22151,11950],[14,-15],[28,0]],[[22193,11905],[-70,0]],[[18946,14063],[-107,0],[-16,-26],[-21,-13],[-33,-6],[-26,9],[-25,21],[-11,-15],[-12,-40],[1,-51]],[[18696,13942],[-20,17],[-54,59],[-24,20]],[[18598,14038],[-1,86],[128,-1],[78,96],[13,28],[14,57],[144,-2],[1,-119],[-29,0],[0,-120]],[[18593,13352],[36,-24],[-4,-33],[31,-28],[30,14],[17,-21],[-4,-37],[11,-27],[26,21],[15,-26],[-1,-22],[33,-19],[-15,-26],[18,-19],[3,-22],[26,14],[13,-15],[25,8],[25,-7],[11,16],[2,45],[34,21],[17,-8]],[[18942,13157],[0,-318],[53,5],[32,-5],[0,-89],[36,-3],[217,0]],[[19280,12747],[0,-361],[-3,-117]],[[19277,12269],[-1,-3]],[[19276,12266],[-40,3],[-413,4],[-60,-5],[-166,2]],[[18597,12270],[1,181],[-1,178],[-4,304],[1,57]],[[18594,12990],[-2,61],[1,301]],[[19855,14453],[64,-16],[53,-49],[46,-22],[114,-33],[45,-25],[64,-56]],[[20241,14252],[0,-3]],[[20241,14249],[6,-31],[-7,-31],[-16,-14],[-25,3],[-3,20],[-33,16],[-17,-33],[-29,12],[-43,0]],[[20074,14191],[-1,24],[-113,-14],[2,111],[-113,4]],[[19849,14316],[1,98],[5,39]],[[17917,12876],[114,-2],[166,1],[59,-3],[113,-1],[-4,60],[1,61],[228,-2]],[[18597,12270],[-489,1],[-190,4]],[[17918,12275],[-3,177],[2,424]],[[21711,11804],[0,72]],[[21768,11770],[-57,1]],[[21711,11771],[0,33]],[[21881,11935],[29,0],[-1,-30],[29,0]],[[22014,11905],[0,-60]],[[22014,11845],[-76,-1]],[[21938,11844],[-41,0],[-16,-65],[-9,-16]],[[22193,11905],[0,-75]],[[22193,11830],[-21,0],[-7,16]],[[22269,11905],[28,-60]],[[22297,11845],[-48,0],[0,-15],[-56,0]],[[986,37044],[348,1],[1,-121],[121,0],[0,-110],[-6,-8]],[[1450,36806],[-17,21],[-37,9],[-131,-3],[-79,-31],[-66,-10]],[[1120,36792],[10,25],[-3,26],[-15,10],[-52,12],[-28,24],[-13,35],[18,56],[-17,39],[-34,25]],[[3335,35445],[31,9],[-24,33],[9,38],[21,-9],[-1,-38],[20,-24],[39,32],[14,31],[53,-1],[-8,-31],[-25,-8],[5,-19],[25,-18],[-20,-26],[4,-16],[27,-14],[29,13],[5,30],[-19,19],[29,11],[8,24],[21,4],[10,-32],[7,-48],[39,13],[44,-3],[26,31],[22,-12]],[[5756,35351],[353,2],[119,2],[238,0],[308,4],[411,0],[241,4],[358,-1]],[[7784,35362],[-4,-52],[-1,-65],[4,-120],[-1,-112],[3,-35],[2,-217],[3,-124],[138,4],[1,-450],[1,-196],[-1,-170],[2,-231],[2,-40],[0,-361]],[[7933,33193],[-341,-1],[-21,-3],[-192,0],[-99,2],[-296,-1],[-479,0]],[[6505,33190],[-118,1],[-122,-1],[-41,3],[-429,2]],[[5795,33195],[1,119],[-1,253],[4,222],[-1,360],[-1,85],[0,196],[2,139],[-3,56],[-97,5],[1,119],[-60,2],[0,122],[50,-2],[27,19],[42,-20],[-2,119],[0,361],[-1,1]],[[1208,36703],[39,12],[12,-25],[21,2],[50,-26],[-12,-42],[17,-6],[18,22],[25,-17],[50,2],[28,-17],[8,-20],[23,-11],[9,-48],[-26,-8],[18,-34],[47,2]],[[1535,36489],[-16,-29],[-2,-81],[-6,-15],[-69,83],[-219,-4]],[[1223,36443],[-34,31],[3,24],[20,16],[1,23],[-21,26],[49,7],[4,18],[-12,35],[-37,28],[29,16],[2,17],[-19,19]],[[22222,12351],[2,-2]],[[22224,12349],[11,-9]],[[22235,12340],[-25,-49]],[[22210,12291],[-27,-15]],[[22183,12276],[-5,1]],[[22178,12277],[28,59],[16,15]],[[21976,12385],[43,8]],[[22019,12393],[33,-28]],[[22052,12365],[21,-35]],[[22044,12304],[-19,19]],[[22025,12323],[-45,48],[-4,14]],[[21991,12292],[34,31]],[[22111,12301],[18,-10]],[[22129,12291],[47,-15]],[[22176,12276],[-10,-25],[-23,-30]],[[22143,12221],[-10,-18]],[[22133,12203],[-18,13]],[[22115,12216],[-50,20]],[[22065,12236],[-63,41],[-11,15]],[[19275,11786],[114,5],[0,-31],[32,1],[72,31],[36,21],[47,12],[52,-1],[32,-15],[28,5]],[[19688,11814],[4,-23],[36,9],[34,-12],[70,11],[34,-35],[88,-1]],[[19954,11763],[1,-215]],[[19955,11548],[-78,0],[-26,3],[-128,-5],[-68,2],[-37,-4]],[[19618,11544],[-346,2]],[[19272,11546],[3,240]],[[19328,11667],[2,-59],[28,0],[0,-34],[38,34],[49,0],[1,123],[-114,-2],[-4,-62]],[[21536,13712],[130,-2]],[[21666,13710],[10,-19],[-2,-55],[-10,-37],[0,-30],[10,-34]],[[21674,13535],[0,-52]],[[21674,13483],[-43,7],[-71,24]],[[21560,13514],[0,30],[-22,84],[-2,84]],[[22134,11545],[28,0],[6,-60],[11,-9],[-17,-36],[0,-44]],[[22162,11396],[-31,0],[-25,-15]],[[22386,12353],[-1,-64]],[[22385,12289],[0,-34]],[[22385,12255],[-102,45]],[[22283,12300],[-27,22]],[[22256,12322],[-21,18]],[[22224,12349],[162,4]],[[21309,11810],[115,58]],[[21424,11868],[7,4]],[[21431,11872],[2,-34],[47,12],[0,-58]],[[21480,11792],[-171,0]],[[21309,11792],[0,18]],[[22143,12221],[22,-3],[0,-51]],[[22165,12167],[-12,4]],[[22153,12171],[-16,-1]],[[22137,12170],[-4,33]],[[21509,10859],[16,107]],[[21525,10966],[23,-18],[45,1]],[[21593,10949],[-1,-109]],[[21592,10831],[0,-79],[-27,-30]],[[21565,10722],[-39,-7],[-28,8],[11,136]],[[21593,10949],[0,58]],[[21593,11007],[30,-11],[53,7],[33,16]],[[21709,11019],[-1,-113]],[[22280,12249],[52,-31],[-7,-26],[20,-26],[-44,-14]],[[22301,12152],[-16,19]],[[22285,12171],[-8,22],[3,56]],[[20641,13721],[90,-2]],[[20731,13719],[28,-40],[22,-62],[59,-106]],[[20840,13511],[-25,-10],[-10,-25],[-1,-58],[-109,1],[-10,-6]],[[20685,13413],[-46,11]],[[20639,13424],[0,176],[2,121]],[[20846,11220],[8,-40],[16,-38],[0,-32]],[[20870,11110],[-38,1],[-41,-10],[-42,-27],[-59,-18],[-18,-26],[-21,-8]],[[20651,11022],[157,179],[38,19]],[[21558,13355],[85,1]],[[21643,13356],[1,-91]],[[21644,13265],[-40,-2],[-17,-15],[-28,-5]],[[21559,13243],[-1,112]],[[22210,12291],[23,-14],[23,45]],[[22283,12300],[-9,-27],[6,-24]],[[22285,12171],[-12,10],[-48,17],[-15,25],[-2,33],[-25,20]],[[21270,11099],[10,-8],[45,9]],[[21325,11100],[0,-1]],[[21325,11099],[1,-150]],[[21326,10949],[-39,13],[-19,19],[-51,35],[-33,7],[-29,17]],[[21155,11040],[-9,48],[41,38],[28,2],[21,-29],[34,0]],[[21326,10949],[-1,-171]],[[21325,10778],[-28,43],[-60,35],[-34,-6],[-50,21]],[[21153,10871],[-1,25],[11,42],[-7,19],[-1,83]],[[20639,14379],[-2,-288],[6,-254],[0,-29]],[[20643,13808],[-27,35],[-5,51],[-11,27],[-99,124],[-18,15],[-120,79],[-122,110]],[[20241,14252],[18,10],[6,-28],[78,32],[30,-1],[41,37],[16,32],[67,-1],[28,49],[18,-14],[30,-3],[3,-41],[12,-23],[22,3],[12,25],[-8,20],[25,30]],[[20639,13175],[22,-6],[26,-24],[22,-11],[41,5]],[[20750,13139],[0,-143]],[[20750,12996],[-111,0]],[[20639,12996],[0,179]],[[20840,13511],[28,-72],[14,-23],[56,-61],[45,-36]],[[20983,13319],[-13,-3]],[[20970,13316],[-30,-12]],[[20940,13304],[-24,-2],[-24,10],[-16,24],[-31,18],[-40,3],[1,-45]],[[20806,13312],[-58,0],[0,13],[-24,15],[-28,-4],[0,57],[-11,20]],[[21519,11239],[7,68]],[[21526,11307],[68,0]],[[21594,11307],[0,-111]],[[21594,11196],[-1,-189]],[[21525,10966],[-10,78],[19,64],[-18,92],[3,39]],[[20940,13304],[-8,-61],[-42,-14],[0,-81],[-6,-20]],[[20884,13128],[-25,20],[-72,4],[-37,-13]],[[20750,13139],[0,80],[14,26],[35,18],[7,49]],[[20639,13175],[-1,135],[-34,12],[35,36],[0,66]],[[19783,13705],[36,24],[21,5]],[[19840,13734],[27,-10],[24,18],[51,26],[14,24],[36,34],[1,67],[-9,18],[-62,55],[-11,29],[-19,21],[-13,42],[10,33],[44,11],[21,23],[31,64],[30,-1],[8,-37],[12,-16],[37,2],[4,20],[-13,16],[11,18]],[[20643,13808],[-2,-87]],[[20641,13721],[-287,-2],[-344,-1],[-1,-61],[-58,0]],[[19951,13657],[-169,-1],[1,49]],[[21082,12632],[22,1],[19,-51],[21,16],[58,-2],[0,38]],[[21202,12634],[111,1]],[[21313,12635],[0,-121]],[[21313,12514],[0,-131]],[[21313,12383],[-44,15],[-39,-2],[-9,-9],[-50,13]],[[21171,12400],[-24,100],[-22,39],[-43,56],[0,37]],[[20864,12997],[186,0]],[[21050,12997],[-19,-88],[-4,-69]],[[21027,12840],[-1,-25]],[[21026,12815],[-72,-1],[-26,-4],[-65,5]],[[20863,12815],[1,182]],[[20970,13316],[16,-6],[5,-32],[15,-38],[-9,-24],[19,-57],[-41,-42],[0,-42]],[[20975,13075],[-33,8],[-41,27],[-17,18]],[[21026,12815],[-1,-127]],[[21025,12688],[-15,5],[-100,1],[-35,24],[-12,1]],[[20863,12719],[0,96]],[[20646,11021],[5,1]],[[20870,11110],[29,-10]],[[20899,11100],[1,-46],[7,-28],[-6,-17],[-24,-18],[-15,-49],[-51,2],[-49,10],[-48,-2],[-67,-21]],[[20647,10931],[-1,90]],[[21203,12210],[56,17]],[[21259,12227],[34,1],[-7,-24],[0,-50],[28,-1],[-1,-79]],[[21313,12074],[-35,14],[-39,-24],[-38,-8]],[[21201,12056],[2,154]],[[21313,12074],[2,-36]],[[21314,11943],[-29,0],[0,15],[-29,0],[1,75],[-57,-5]],[[21200,12028],[1,28]],[[21761,13176],[16,0]],[[21777,13176],[93,0]],[[21870,13176],[5,-109],[-2,-37]],[[21873,13030],[0,-36],[-19,-27]],[[21854,12967],[-62,-56]],[[21792,12911],[1,32]],[[21870,13176],[108,-1],[1,-26],[-16,-30],[-4,-23],[11,-42],[9,-7]],[[21979,13047],[-7,-19]],[[21972,13028],[-47,5],[-52,-3]],[[21644,13265],[0,-89]],[[21626,13176],[-23,0]],[[21603,13176],[-43,37],[0,21]],[[21560,13234],[-1,9]],[[21666,13710],[49,-1]],[[21808,13645],[22,-55],[36,-43]],[[21866,13547],[12,-26]],[[21878,13521],[-7,-9]],[[21871,13512],[-41,21],[-156,2]],[[21336,11913],[-15,-60]],[[21321,11853],[-89,41],[-32,0]],[[21200,11894],[0,34],[9,19],[19,0],[0,27],[-28,0],[-21,18]],[[21179,11992],[-3,24],[24,12]],[[21939,12385],[37,0]],[[21991,12292],[-16,-15],[2,-23]],[[21977,12254],[-38,-10]],[[21939,12244],[0,20]],[[21939,12266],[0,16]],[[21939,12282],[-3,39],[3,64]],[[21085,13477],[3,-36],[-3,-59],[-10,-19],[-6,-45]],[[21069,13318],[-36,6],[-36,-2]],[[20997,13322],[8,36],[-4,119],[84,0]],[[21085,13477],[79,3]],[[21242,13448],[35,-5],[0,-28],[21,-5],[7,-40]],[[21305,13370],[-1,-16]],[[21304,13354],[-136,4],[-36,-14],[-23,-18],[-40,-8]],[[21888,12445],[17,0]],[[21905,12445],[43,0],[0,56]],[[21948,12501],[66,0]],[[22014,12501],[-5,-58]],[[22009,12443],[-2,-20],[12,-30]],[[21939,12385],[-51,0]],[[21888,12385],[0,60]],[[6526,5784],[151,-2],[189,3],[59,-2],[427,-1],[609,0],[168,1],[262,-4],[126,0],[172,-5],[174,-3],[274,5]],[[9137,5776],[311,0],[416,4]],[[9864,5780],[2,-723]],[[9866,5057],[-476,-1],[-304,2],[0,-241],[76,-1],[7,-28],[28,-30],[0,-302],[-167,1],[0,-120],[-459,0],[-156,0],[1,-61],[-167,1],[-1,121],[-167,0],[-27,-11],[7,34],[-16,16],[-26,8],[-19,20],[-21,-7],[-13,-30],[-30,8],[-50,-6],[-7,27],[-19,-7],[0,-112]],[[7860,4338],[-299,2],[-369,0],[-111,1],[0,121],[-201,-1],[-358,1]],[[6522,4462],[2,409],[2,913]],[[22176,12276],[2,1]],[[22285,12171],[-41,-16]],[[22244,12155],[-50,0],[-29,12]],[[20975,13075],[34,-22],[-6,-26],[28,1],[22,-21]],[[21053,13007],[-3,-10]],[[20864,12997],[-114,-1]],[[20295,12329],[16,-1],[-2,-55],[17,6],[27,-10],[30,2],[5,13],[27,0],[32,21],[32,-16],[29,4],[-24,33],[0,22],[-40,-7],[-18,-11],[-48,33],[-26,-9],[-57,9]],[[20295,12363],[0,90]],[[20295,12453],[109,-6],[234,3]],[[20638,12450],[-1,-151]],[[20637,12299],[0,-30],[-113,1],[-2,-67],[-27,-6],[21,-23],[7,-53],[0,-88]],[[20523,12033],[-1,-122],[-84,-92]],[[20438,11819],[-8,-9],[-105,-2],[-20,47]],[[20305,11855],[76,56],[-2,58],[-93,31]],[[20286,12000],[-65,71],[-34,30],[-46,56],[4,19],[28,9],[66,-3],[0,148],[56,-1]],[[38413,35300],[-13,2],[-60,-44],[-24,7],[-22,-13],[-3,-23],[-45,-2],[-54,-10],[-60,-5],[-80,-14],[-25,-1],[-17,-23],[-54,-13],[-99,-12],[-15,-13],[-76,-17],[-22,-28],[-4,-33],[-46,-17],[-123,-21],[-41,-19],[-25,-2],[-31,-26],[-70,-28],[-76,-24],[-32,-6]],[[37296,34915],[-8,30],[-27,19],[-30,52],[8,19],[-20,34],[7,62],[20,24],[9,34],[23,55],[35,42],[-7,36],[-15,23],[20,53],[-6,18],[15,26],[3,23],[-22,32],[-3,31],[-35,97],[5,65],[17,55],[-18,40],[1,85],[-12,44],[-15,5],[20,33],[23,-9],[44,4],[37,-14],[37,-4],[51,12],[36,14],[35,22],[36,7],[20,-6],[16,-20],[31,-12],[85,-3],[55,-8],[91,1],[15,5],[57,-5],[43,-12],[50,1],[93,-8],[55,-24],[13,-27],[30,-42],[19,-59],[7,-63],[10,-40],[1,-58],[18,-16],[98,0],[14,-31],[37,-9],[22,-29],[-12,-53],[-47,-28],[-62,-49],[-4,-70],[32,0],[59,11],[7,-30]],[[34515,32906],[43,33],[23,7],[12,25],[42,32],[8,21],[26,14],[51,38],[16,20],[59,56],[18,6],[13,24],[47,49],[41,33],[28,9],[26,37],[64,32],[14,15],[45,4],[29,24],[25,30],[-2,33],[65,76],[90,79],[31,16],[18,23],[23,7],[13,30],[36,27],[67,32],[30,23],[52,60],[45,20],[29,33],[20,9],[28,27],[33,17],[59,52],[33,20],[20,34],[47,46],[57,26],[51,32],[34,33],[47,28],[72,58],[75,31],[49,39],[30,10],[18,15],[43,20],[22,16],[44,7],[55,27],[41,14],[24,26],[55,32],[14,13],[36,13],[50,39],[143,71],[99,64],[50,27],[82,30],[62,26],[44,70],[35,36],[57,29],[25,4]],[[38413,35300],[40,27],[31,3],[18,-8],[55,24],[35,22],[137,48],[18,11]],[[38747,35427],[15,14],[39,16],[123,32],[86,8],[68,-17],[70,12],[29,54],[27,28],[49,24],[29,23],[88,21],[58,2],[48,10],[43,-2],[23,-10],[36,21],[49,10],[51,32],[29,7],[34,-3],[40,-35],[13,-5],[29,24],[-17,41],[-10,45],[52,12],[24,-4],[36,15],[22,21],[48,11],[26,-7],[17,7],[44,-2],[20,26],[32,4],[19,19],[96,33],[31,4],[76,22],[32,33],[-19,15],[11,22],[28,-2],[16,17],[50,-7],[59,27],[47,31],[-19,22],[55,9],[-3,27],[-16,32],[17,21],[37,21],[29,-10],[24,21],[53,8],[15,21],[18,3],[32,-31],[9,21],[30,7],[16,24],[49,30],[16,2],[659,-429],[606,-395]],[[42190,35480],[-92,-209],[-129,-293],[-324,-744],[-61,-139],[-234,-542],[-154,-357],[-384,-873],[-152,-347],[-225,-512],[-239,15],[-694,30],[-773,31],[-616,24],[-258,10],[-436,16],[-694,20],[-164,9],[-529,-369],[-251,-175]],[[35781,31075],[-30,47],[-414,620],[-289,422],[-405,595],[-102,118]],[[34541,32877],[-26,29]],[[9866,5057],[0,-234],[-1,-487]],[[9865,4336],[1,-440],[0,-283],[-3,-149],[2,-13],[-1,-335],[1,-224]],[[9865,2892],[-724,0]],[[9141,2892],[2,293],[-8,29],[-26,39],[91,0],[0,361],[-335,0],[-1,-116],[-221,1],[-116,-5],[0,120],[-146,1],[-521,1],[0,331],[0,391]],[[6521,2901],[3,493],[1,155],[-1,190],[0,210],[-2,393]],[[6522,4342],[0,120]],[[9141,2892],[-115,-1],[-209,2],[-171,-1],[-274,2],[-119,-2],[-283,3],[-36,-1]],[[7934,2894],[-187,2],[-110,-1],[-239,2],[-97,4],[-172,-3],[-345,4],[-194,-1]],[[6590,2901],[-69,0]],[[26021,2777],[25,31],[117,174],[116,162],[24,21],[143,67],[45,41],[-1,-318],[167,0],[-1,-61]],[[26656,2894],[-58,1],[0,-118]],[[26231,5051],[376,-1]],[[26607,5050],[-12,-29],[8,-53],[-48,8],[-7,-28],[34,-76],[4,-21],[-11,-16],[-18,31],[-18,2],[-30,18],[-40,-53],[4,-20]],[[26473,4813],[-96,2]],[[26377,4815],[-108,0]],[[26269,4815],[-12,52],[-12,117],[-14,67]],[[26414,4212],[-14,-96],[23,-44],[13,-35],[19,-27],[35,-34],[31,-15]],[[26521,3961],[-5,-107]],[[26516,3854],[-137,0],[2,158],[-2,45],[10,37],[-37,5],[-30,-5],[4,48]],[[27320,5048],[108,0],[362,-3],[194,-1]],[[27984,5044],[278,0],[278,-5],[110,0]],[[28650,5039],[2,-297],[0,-420]],[[28652,2885],[-115,0]],[[28537,2885],[-270,0],[-391,1],[-184,4],[-368,3]],[[27324,2893],[-2,120],[1,358],[-1,238]],[[27322,3609],[-2,719]],[[27320,4328],[0,360]],[[27320,4688],[0,360]],[[26502,4665],[27,-3],[43,-19]],[[26572,4643],[-15,-94],[53,-33],[53,-1],[15,8]],[[26678,4523],[-34,-51],[-22,-17],[-76,-1],[-25,8]],[[26521,4462],[-15,19],[3,30]],[[26509,4511],[16,46],[-5,37],[-20,23],[2,48]],[[25263,2897],[62,0],[0,471],[0,596],[1,371]],[[25326,4335],[277,-1]],[[25603,4334],[154,-1],[123,1]],[[25880,4334],[0,-119],[99,-1],[13,23],[-1,-132],[1,-491],[110,1],[386,-1],[17,37]],[[26505,3651],[20,-12],[21,2],[-1,-97],[20,-20],[91,2],[0,88],[127,-2],[509,-3],[30,0]],[[27324,2893],[-668,1]],[[26639,4228],[66,25],[59,0],[-1,78]],[[26763,4331],[94,-1],[24,-5],[47,5],[59,-2]],[[26987,4328],[1,-459],[-4,-5]],[[26984,3864],[-10,15],[-54,48],[-60,89],[-12,15],[-59,33],[-43,30],[-67,60],[-22,30],[-18,44]],[[26535,26690],[56,2],[-6,-31],[70,-1],[0,15],[58,-1],[17,-50],[6,-37],[36,5]],[[26772,26592],[-12,-37]],[[26760,26555],[-40,-1],[-7,-22],[-1,-123],[23,-81]],[[26735,26328],[-30,6],[-38,38],[-56,4],[-13,16],[-27,-16],[-48,1],[20,74],[10,20],[1,135],[-6,28],[-28,55],[15,1]],[[23198,27111],[347,2],[233,-5],[237,-1],[116,4],[235,-4],[235,0],[117,2],[234,11],[59,1]],[[25011,27121],[4,-141],[-3,-238],[1,-243],[-3,-113],[1,-124],[531,1]],[[25542,26263],[-8,-24],[6,-19],[-6,-27],[-23,-23],[2,-26],[16,-32],[43,-72],[-2,-183],[-16,-17],[-42,1],[-29,-20],[0,-162],[-103,1],[0,-121],[-54,1],[0,-359],[-176,-1],[1,-239],[-174,0]],[[24977,24941],[-233,-1],[0,-118],[-114,1],[1,-302],[-176,5],[0,-181],[-58,1],[2,-121]],[[24399,24225],[-231,2],[-631,3],[-303,-1]],[[23234,24229],[-3,156],[0,246],[2,268],[-4,410],[-1,246],[6,118],[-44,0],[-7,297],[1,9]],[[23184,25979],[-2,30],[-4,365],[5,138],[3,120]],[[26362,27100],[59,3],[173,0],[118,-6]],[[26712,27097],[0,-280],[26,-18],[-2,-32],[-17,-1],[3,-47],[37,-30],[-6,-29],[22,-27],[-3,-41]],[[26535,26690],[0,50],[-8,15],[-53,0],[-36,26],[-21,62]],[[26417,26843],[2,36],[-43,90],[-20,59],[0,58],[6,14]],[[22418,10710],[61,120]],[[22479,10830],[131,1]],[[22610,10831],[1,-120]],[[22611,10711],[-193,-1]],[[22541,11524],[57,-44],[33,-4],[51,10],[163,1]],[[22845,11487],[-9,-19],[0,-67],[-15,-45],[0,-50]],[[22821,11306],[-91,0]],[[22730,11306],[-79,-2],[-88,2]],[[22563,11306],[-124,1]],[[22439,11307],[-11,29],[56,50],[11,29],[37,25],[14,19],[-24,41],[19,24]],[[22274,10857],[9,36],[24,25],[71,40]],[[22378,10958],[6,-9]],[[22384,10949],[-17,-16],[18,-27],[0,-75]],[[22385,10831],[-73,1]],[[22312,10832],[-38,0]],[[22274,10832],[0,25]],[[23005,11726],[45,-1]],[[23091,11725],[0,-239]],[[23091,11486],[-107,-2]],[[22984,11484],[8,47],[14,27],[-1,168]],[[22951,11786],[54,-1],[0,30]],[[23005,11815],[28,-9]],[[23033,11806],[17,-21]],[[23005,11726],[-54,0]],[[11778,10821],[4,-604],[0,-120],[111,-2],[138,1],[154,-2],[276,2]],[[12461,10096],[1,-429],[0,-294],[171,2],[498,7]],[[13131,9382],[4,-427],[1,-183],[-111,-3],[0,-120],[-58,0],[-5,-43],[13,-27],[16,-9],[-7,-24],[-47,26],[-27,2],[-26,-32],[4,-18],[22,-28],[29,-17],[40,-4]],[[12979,8475],[-3,-29],[-35,-2],[-33,-10],[-33,6],[-10,30],[-38,34],[-26,1],[-7,21],[-17,5],[-27,-15],[-21,31],[-39,-5],[-21,30],[-57,5],[-7,14],[9,34],[-32,-5],[-17,20],[-43,-8],[-26,28],[0,26],[-34,-9],[-23,20],[-8,-32],[-19,16],[-55,-23],[-20,3],[0,20]],[[12337,8681],[28,22],[3,13],[-29,12],[-21,-18],[-8,-30],[-16,9],[6,22],[-6,27],[-27,-14],[-20,54],[-41,7],[-13,-14],[-35,14],[-8,30],[-43,5],[5,36],[-34,12],[-22,33],[-37,14],[-14,-3],[-10,-24],[-17,-11],[-23,20],[-63,2]],[[11892,8899],[-9,16],[15,22],[32,7],[9,20],[-28,4],[-34,-15],[-13,58],[-11,17],[-23,-7],[-35,23],[-17,46],[-42,23],[-23,-20],[-17,10],[-4,38],[-21,11],[-52,43],[-26,66],[-31,4],[-23,32],[-31,15],[-42,-21],[-25,12],[2,20],[-45,13],[-7,31],[-29,10],[-7,27],[-20,25],[-50,43],[-21,6],[-13,42],[-27,-10],[-30,54],[-19,-2],[-38,35],[-3,15],[-26,22]],[[11108,9634],[-1,202],[1,35],[-1,226],[0,361],[-2,362],[114,2],[334,2],[100,-2],[125,-1]],[[13131,9382],[0,348],[-2,374],[448,-2],[232,2]],[[13809,10104],[171,-1],[283,0],[227,-2]],[[14490,10101],[1,-363],[1,-345],[-1,-258],[0,-481],[28,0],[1,-504],[0,-212]],[[14520,7938],[-129,0],[-392,2],[-248,0],[-100,3]],[[13651,7943],[-4,9],[-37,-12],[-33,21],[3,17],[-41,32],[-11,26],[-40,29],[-6,84],[-25,-17],[-16,30],[-29,20],[-27,-12],[-19,41],[-24,6],[-27,20],[-46,-1],[-24,-18],[-8,22],[-18,19],[-32,10],[-9,19]],[[13178,8288],[-31,21],[-12,40],[-29,5],[6,41],[-4,29],[-13,20],[-24,-2],[-12,-27],[-29,-1],[10,24],[-17,28],[-44,9]],[[11778,10821],[225,1],[455,-1]],[[12458,10821],[106,1],[0,-124],[113,5],[1,-242],[-112,-3],[0,-120],[-106,0],[1,-242]],[[13805,11556],[539,-1]],[[14344,11555],[123,-1],[519,2],[210,2]],[[15196,11558],[26,0],[-2,-119],[0,-251],[1,-233]],[[15221,10955],[1,-142],[-2,-287],[1,-343],[-1,-78]],[[15220,10105],[-315,-2],[-415,-2]],[[13809,10104],[1,298],[0,361],[-2,543],[-3,250]],[[10033,11547],[503,2],[211,0],[306,1]],[[11053,11550],[387,-1],[194,2],[371,0],[297,1]],[[12302,11552],[154,2]],[[12456,11554],[0,-354],[2,-379]],[[11108,9634],[-10,35],[-21,20],[-30,-4],[-14,-20],[-15,1],[-9,-23],[-27,-3],[-43,-16],[-17,6],[-47,2],[-75,10],[-1,29],[-45,27],[-31,42],[-19,14],[-8,22],[0,46],[11,36],[-20,38],[-34,10],[-35,-12],[-48,26],[-40,8],[-28,-3],[-14,14],[-22,-9],[-33,20]],[[10433,9950],[-27,22],[-26,-4],[-45,19],[-24,22],[14,20],[0,25],[-32,-13],[-32,14],[-5,21],[-23,-1],[-26,56],[19,11],[-2,24],[-35,25],[-21,25],[-21,10],[-23,23],[-36,-20],[-7,35],[-28,27]],[[10053,10291],[-17,-2],[-52,34],[-17,-1],[-64,-20],[-17,2],[-22,25],[-6,38],[-26,3],[-18,34],[-33,24],[-29,-30]],[[9752,10398],[-1,46],[-1,404],[-2,55],[0,367],[3,63],[1,212],[281,2]],[[12456,11554],[185,0],[274,3],[79,2],[131,-1],[651,-2]],[[13776,11556],[29,0]],[[23724,19953],[150,-2]],[[23874,19951],[-1,-115],[55,-3],[9,-61],[41,-14],[-10,-41],[-43,-13],[-16,-16],[-5,-25],[-35,-45],[1,-19],[26,-11],[-15,-40],[1,-23],[-15,-39],[-6,-60],[-21,-10],[-60,-67],[-22,-99],[1,-144],[-33,-8],[-25,15],[1,91],[-16,-1],[-32,-27],[-44,-2]],[[23610,19174],[20,57],[-1,40],[-41,2],[-1,30],[19,7],[2,21],[24,6],[14,61],[47,145],[26,269],[4,57],[1,84]],[[24399,24225],[111,0],[151,-4]],[[24661,24221],[-23,-60],[16,-13],[35,14],[55,0],[0,-119],[40,0],[-19,-40],[-35,-99],[-33,-56],[-51,-102],[-1,-24],[12,-35],[29,-10],[1,-186],[64,27],[-2,19],[23,6],[40,-27],[42,15],[26,19],[14,26],[17,-14],[-15,-44],[-72,-115],[-23,-28],[0,-115],[-172,-2],[0,-359]],[[24629,22899],[-276,3],[-17,19],[-54,3],[0,-22],[-103,1],[-18,-4],[-58,5],[-165,2],[-349,-1],[0,-238],[-1,-115],[-93,0],[-23,16],[-89,0],[-34,17],[-28,-11],[-29,-24],[-54,-6]],[[23238,22544],[-1,280],[3,681],[-2,297],[0,186],[-4,241]],[[23239,21985],[18,15],[113,3],[218,-1],[172,1],[173,-4],[158,2],[18,-19],[-1,-193]],[[24108,21789],[-3,-279],[42,-15],[13,-36],[70,0],[-1,-36],[10,-26],[22,4],[21,-37],[-14,-28],[23,-46],[-35,-52],[3,-34],[13,-34],[-10,-65],[-11,-32],[0,-31],[20,-39],[34,-25],[17,-30],[38,-29],[23,-32],[25,-13],[19,-32]],[[24427,20842],[-44,2],[-256,-3],[-3,-32],[-20,-22],[0,-126],[0,-410],[0,-303],[-230,3]],[[23724,19953],[-418,4],[-114,2],[-1,-124],[-229,3],[-125,-1],[-11,-6],[-42,-56],[-36,1]],[[22748,19776],[0,119]],[[22748,19895],[-3,697],[486,3],[0,239],[2,629],[5,386],[1,136]],[[24427,20842],[21,-33],[14,-38],[-35,-50],[24,-11],[-3,-48],[12,-16],[0,-37],[-29,-40],[18,-33],[33,-15],[21,-30],[-6,-15],[4,-35],[39,-52],[33,-35],[64,-28],[29,-33],[28,-3],[29,9],[101,-20],[24,-22],[19,8],[31,-46],[11,-85],[39,-68],[26,-28],[-6,-24],[3,-58],[45,5],[19,-17],[-17,-39],[-6,-71],[-11,-25],[11,-26],[-2,-46],[-20,-28],[-18,-49],[-7,-52],[6,-17],[30,-25]],[[25001,19566],[-19,-92],[-31,-40],[-31,-7],[-17,-21],[-42,-35],[-19,-30],[-3,-25],[17,-67],[26,-66],[1,-38],[-22,-44],[-37,-27],[-20,-23],[-25,-44],[-17,-61],[-10,-79],[-18,-74],[-78,-87],[-22,-15],[-15,-36],[-25,-28],[-34,-15],[-50,-42],[-22,-30],[-39,-7],[-28,-23]],[[24421,18510],[-319,0],[-520,4]],[[23582,18514],[-166,2]],[[23416,18516],[3,477],[1,2],[173,-1],[0,108],[17,72]],[[23416,18516],[-229,0],[-35,2],[-401,-3]],[[22751,18515],[-2,357],[1,241],[-1,222],[-1,441]],[[24661,24221],[131,2],[106,-2]],[[24898,24221],[889,-2]],[[25787,24219],[286,1],[241,-2],[329,0],[469,-3],[242,0],[111,-3]],[[27465,24212],[-1,-350],[0,-421],[3,-85],[-3,-217],[-3,-303],[3,-125],[0,-260],[-2,-170],[2,-117],[-3,-34]],[[27461,22130],[-14,11],[-74,0],[-59,3],[-45,27],[-60,0],[-16,17],[0,89],[-12,15],[-230,1],[-240,0],[-447,2],[-223,0]],[[26041,22295],[-231,2],[-253,2],[2,364],[-4,116],[-213,2],[-356,0],[-241,-1],[1,119],[-7,3],[-110,-3]],[[26041,22295],[17,-60],[-11,-70],[-1,-38],[31,-11],[4,-34],[17,-18],[1,-19],[-24,-11],[0,-52],[11,-37],[-17,-25],[7,-95],[-7,-13],[-296,2],[-217,-2],[-232,2]],[[25324,21814],[-127,0],[-162,4],[-183,-2],[-225,1],[1,362],[-115,2],[0,119],[-16,-16],[-4,-24],[-16,-15],[-54,-4],[-87,0],[-24,-41],[-38,-40],[-28,-36],[-66,-113],[-17,-61],[-1,-161],[-54,0]],[[23239,21985],[0,78]],[[23239,22063],[0,148],[-2,183],[1,150]],[[23553,12562],[14,27],[-1,97]],[[23566,12686],[24,12],[33,-3]],[[23623,12695],[0,-165]],[[23623,12530],[-28,-8],[-42,-1],[0,41]],[[23454,12550],[71,4],[28,8]],[[23623,12530],[0,-22]],[[23623,12508],[0,-60]],[[23623,12448],[-56,-1],[0,-30],[-14,-1],[0,30],[-98,-1],[-1,105]],[[21823,6576],[33,17],[22,4],[153,2]],[[22031,6599],[0,-44]],[[22031,6555],[-8,-8],[-55,-1],[0,-9]],[[21968,6537],[-20,0],[-15,-15],[-29,-59],[-12,9],[-14,-37]],[[21878,6435],[-39,50],[-14,38],[-2,52]],[[21823,6575],[0,1]],[[22551,8065],[143,0]],[[22694,8065],[-5,-40],[-27,-14],[-9,-45],[-17,-36],[-10,0]],[[22626,7930],[-72,-1],[6,17],[1,89],[-10,30]],[[22188,10107],[141,0]],[[22329,10107],[2,-187]],[[22331,9920],[-113,-37]],[[22218,9883],[-2,184],[-28,40]],[[14431,15154],[138,1],[111,-2],[387,6],[110,-2]],[[15177,15157],[56,-1]],[[15233,15156],[-4,-111],[-4,-128],[3,-238],[-1,-98],[-27,-50],[2,-67],[1,-326],[-5,-177]],[[15198,13961],[-227,-2],[-2,-207],[4,-34],[-233,0],[-1,-119],[229,0],[-1,-177],[-36,-29],[-21,-25],[0,-32],[38,-26],[37,-44],[43,8],[-1,-155],[113,3]],[[15140,13122],[0,-262],[-5,-77],[4,-31],[29,-91],[2,-134],[22,-48],[6,-27],[1,-168]],[[15199,12284],[-2,-350],[-1,-376]],[[14344,11555],[1,482],[113,-1],[1,362],[56,1],[-1,116],[86,5],[0,121],[-57,3],[0,115],[30,-4],[26,5],[1,26],[-28,19],[-3,189],[1,184],[-165,0],[1,104],[-10,15],[-32,6],[-16,38],[-1,138],[2,120],[56,0],[-1,102],[0,307],[-2,310],[-1,296],[-2,5],[-79,0],[-5,5],[1,116],[28,-1],[1,121],[57,-2],[1,146],[-18,7],[-10,21],[0,64],[56,-2],[0,60]],[[15198,13961],[-3,-120],[2,-182]],[[15197,13659],[-70,0],[-35,-13],[-34,-39],[19,-17],[0,-71],[-24,-18],[1,-137],[30,-66]],[[15084,13298],[44,-65],[11,-32],[1,-79]],[[15233,15156],[342,1],[280,5],[2,-231],[-1,-133]],[[15856,14798],[-58,-2],[2,-56],[22,-19],[6,-31],[29,-28],[0,-212],[24,-27],[-1,-320],[3,-6],[111,-78],[31,-1],[-1,-60],[-87,-2],[0,-177],[12,-3],[132,2],[-1,-60],[-29,-7],[4,-170],[-2,-180],[-55,-2],[-3,-64],[-1,-121],[18,-4],[73,-27],[48,-9],[3,-16],[-3,-148],[-23,0],[-12,-31],[-101,2],[-2,-57],[3,-86],[-44,-26],[-13,-31],[-1,-314],[-3,-47],[2,-104]],[[15939,12276],[-115,0],[-625,8]],[[15084,13298],[2,60],[245,0],[33,35],[-168,55],[1,211]],[[13748,15158],[128,-1],[170,1],[144,-3],[241,-1]],[[13776,11556],[0,242],[3,492],[0,237],[3,480],[0,331],[-1,35],[2,352]],[[13783,13725],[-3,240],[-1,471],[-33,0],[2,722]],[[15856,14798],[103,-4],[234,6],[171,1],[57,-1],[115,8]],[[16536,14808],[2,-265],[2,-106],[20,0],[5,-350],[0,-369]],[[16565,13718],[-1,-478],[0,-452],[-1,-37],[1,-299],[0,-171]],[[16564,12281],[-227,1],[-398,-6]],[[22984,11484],[-34,0]],[[23175,11724],[1,-151]],[[23176,11573],[0,-78]],[[23176,11495],[-29,-9]],[[23147,11486],[-56,0]],[[22297,11845],[7,-15]],[[22304,11830],[22,-47],[18,-26]],[[21768,11725],[0,-60]],[[21768,11665],[-57,1]],[[21711,11666],[0,105]],[[21881,11724],[0,-60],[-28,0],[0,-30]],[[21853,11634],[-85,1]],[[21768,11635],[0,30]],[[21881,11754],[56,0]],[[21937,11754],[0,-120]],[[21937,11634],[-84,0]],[[21937,11754],[76,1]],[[22013,11755],[0,-104]],[[22013,11651],[0,-47],[-84,0]],[[21929,11604],[8,30]],[[22013,11755],[67,1]],[[22080,11650],[-67,1]],[[21424,11913],[-1,119]],[[21423,12032],[56,1]],[[21479,12033],[-1,-55],[9,-42],[37,2]],[[21524,11938],[6,-15],[-99,-51]],[[21424,11868],[0,45]],[[21479,12033],[74,0]],[[21559,11946],[-35,-8]],[[4099,38791],[-2,-431],[2,-232],[0,-268],[0,-334],[101,0],[0,-354],[1,-128]],[[4201,37044],[1,-414],[-1,-96],[2,-213],[0,-241]],[[1344,36086],[1,49],[-8,43],[-40,39],[20,35],[-20,18],[-61,9],[-26,10],[-12,18],[24,16],[5,16],[-39,43],[3,28],[30,20],[2,13]],[[1535,36489],[33,45],[-98,82],[-15,34],[1,137],[-6,19]],[[986,37044],[-1,16],[25,42],[-12,40],[32,104],[0,31],[-14,16],[-38,24],[-8,20],[-1,38],[-11,57],[20,24],[-2,15],[-29,8],[-22,34],[21,63],[-14,150],[-25,58],[-49,32],[-18,20],[-24,45],[-37,58],[-28,4],[-2,22],[19,24],[7,39],[-4,39],[-11,19],[-33,12],[-8,16],[39,17],[2,18],[-36,29],[-5,37],[-20,13],[-37,-7],[-19,10],[12,47],[-3,39],[-29,61],[-11,39],[-3,34],[10,25],[25,7],[4,17],[-24,21],[-56,14],[-38,-19],[-16,26],[41,62],[81,41],[19,18],[-2,23],[-33,11],[-62,-27],[-31,25],[-7,41],[-12,26],[5,22]],[[16853,10712],[169,-2],[132,-3],[109,3],[159,-2],[1,-179],[57,0],[0,-61],[-100,-2],[-236,2],[-4,-239],[-114,2],[3,154],[-5,21],[54,43],[30,40],[-17,23],[0,47],[-56,0],[-28,12],[-139,129],[-15,12]],[[23903,10920],[39,58],[17,45],[1,47]],[[23960,11070],[113,0],[0,-134],[-6,-23],[-44,-78]],[[24023,10835],[-50,38],[-70,47]],[[24190,10577],[24,9],[86,3],[-1,30]],[[24299,10619],[0,215],[3,472]],[[24302,11306],[-1,482]],[[24301,11788],[0,242]],[[24301,12030],[94,-1],[130,0],[142,-2],[86,2]],[[24753,12029],[-1,-149],[27,-1],[-1,-149],[6,0],[2,-71],[41,-4]],[[24827,11655],[-29,-22],[-10,-52],[5,-42],[25,-58],[30,-59],[4,-25],[-30,-74],[-3,-67],[5,-44],[15,-80],[-3,-49],[-34,-57],[-3,-55],[-35,-59],[-14,-45],[-7,-84],[-14,-58],[-11,-22],[-48,-59],[-24,-39],[-28,-75],[-14,-95],[-2,-44],[16,-16],[20,-34]],[[24638,10341],[-59,13]],[[24355,10354],[-13,4],[-31,67],[-32,38]],[[24279,10463],[-34,59],[-39,47],[-16,8]],[[23624,13478],[208,0],[125,-1],[150,0]],[[24107,13477],[188,0]],[[24295,13477],[4,-480]],[[24299,12997],[0,-90]],[[24299,12907],[0,-155]],[[24299,12752],[-454,-2]],[[23845,12750],[0,90]],[[23845,12840],[2,223]],[[23847,13063],[0,113],[-3,171],[-2,7],[-54,-1],[-2,56],[-27,-1],[-1,30],[-28,1],[1,-71],[-57,0],[-27,9],[0,37],[-23,0]],[[23624,13414],[0,64]],[[2545,27946],[31,0]],[[2576,27946],[0,-42],[39,0],[0,-59]],[[2615,27845],[-1,-65]],[[2614,27780],[2,-117]],[[2616,27663],[0,-61],[-68,0]],[[2548,27602],[-41,40],[-35,21],[10,10],[39,-13],[12,30],[-29,30],[35,8],[19,-16],[20,11],[-30,29],[-7,26],[40,24],[-13,22],[-22,-11],[-22,7],[4,31],[34,-16],[0,30],[-26,22],[-9,25],[18,34]],[[19938,2228],[0,-565],[0,-219]],[[19938,1444],[-444,4],[0,120],[-220,2]],[[19274,1570],[0,241],[110,-2],[0,241],[-110,1],[0,120],[220,-2],[37,-5],[32,24],[34,54],[8,2],[0,-75],[222,-1],[0,60],[111,0]],[[16611,2167],[0,337],[2,388]],[[16613,2892],[271,0],[94,-2],[223,3],[182,0]],[[17383,2893],[446,-1],[142,2]],[[17971,2894],[0,-117],[-24,-29],[-2,-201],[-1,-868],[0,-113]],[[17944,1566],[-225,-1],[-160,1],[-230,-1],[-39,101],[-38,45],[-16,28],[0,52],[-6,27],[-57,98],[-27,40],[-40,31],[-28,53],[-7,37],[-67,0],[-31,-31],[-4,-26],[-31,-31],[-22,-2],[-1,60],[-192,1],[-114,-1]],[[16609,2047],[3,32],[-1,88]],[[16609,726],[0,316],[1,264],[-1,140]],[[16609,1446],[1,361],[-1,240]],[[17944,1566],[-1,-121]],[[17943,1445],[-8,-40],[7,-24],[0,-45],[-27,-10],[-1,-157],[-28,-23],[0,-226],[13,-15],[30,0],[13,-15],[-2,-402],[-1,-421],[1,-63]],[[17940,4],[-446,1],[-515,0],[-370,1]],[[16609,6],[-1,363],[1,357]],[[17275,1206],[68,0],[3,-51],[17,-22],[-7,-20],[5,-36],[44,-3],[-45,-56],[38,-63],[12,-5],[23,23],[26,-13],[-2,-16],[15,-27],[29,5],[10,62],[-15,43],[109,0],[4,-15],[33,1],[-2,29],[-21,11],[-3,28],[23,64],[-31,2],[0,130],[-81,44],[-35,11],[-132,-2],[-43,10],[-42,30],[0,-164]],[[17971,2894],[243,0],[524,-1],[94,-1],[443,0]],[[19275,2892],[222,-1],[362,1],[80,1]],[[19939,2893],[1,-6],[-2,-338],[0,-321]],[[19274,1570],[-83,-1],[-27,-5],[6,-51],[-6,-63],[-30,8],[-24,-2],[-53,-35],[-2,-31],[-111,-1],[2,57],[-111,0],[-2,-57],[-101,0],[-122,-4],[0,180],[-276,-1],[-1,-60],[-166,0],[0,-60],[-224,1]],[[19938,1444],[-1,-303],[1,-214],[0,-518],[-1,-407]],[[19937,2],[-307,0],[-544,0],[-655,1],[-491,1]],[[2615,27845],[29,0],[0,59],[133,0]],[[2777,27904],[88,-123]],[[2865,27781],[-137,0]],[[2728,27781],[-114,-1]],[[15029,1373],[22,0],[252,-29],[81,-32],[27,-44]],[[15411,1268],[5,-14],[-4,-39],[22,-39],[2,-28],[-15,-20],[-2,-21],[-45,2],[-18,-22],[-106,-1]],[[15250,1086],[-110,3],[-1,120],[-111,-1],[1,165]],[[15411,1268],[90,-1],[1,-53],[-10,-23],[-46,-36],[0,-9],[55,1]],[[15501,1147],[-2,-118],[2,-182],[-250,0],[-1,239]],[[2850,28142],[60,0]],[[2910,28142],[348,3]],[[3258,28145],[0,-53],[14,-49],[0,-56],[-14,-50],[0,-32],[-113,-1],[-176,0]],[[2969,27904],[0,60],[-59,-1],[1,28],[-59,3],[0,10]],[[2852,28004],[-2,138]],[[2674,28020],[2,120]],[[2676,28140],[174,2]],[[2852,28004],[-178,1]],[[2674,28005],[0,15]],[[2580,28134],[34,5],[62,1]],[[2674,28020],[-68,1],[-17,8],[-41,-1]],[[2548,28028],[-1,27],[60,-21],[13,47],[-38,19],[-2,34]],[[2969,27904],[-192,0]],[[2777,27904],[-48,63]],[[2729,27967],[-27,27],[-28,11]],[[26520,4281],[14,48],[23,-3]],[[26557,4326],[23,-22],[16,-38],[14,-15],[6,-32]],[[26616,4219],[-29,-7],[-67,0]],[[26520,4212],[0,69]],[[21904,12561],[108,0]],[[22012,12561],[2,-60]],[[21948,12501],[-43,0]],[[21905,12501],[-1,60]],[[22077,12591],[88,0]],[[22165,12591],[0,-30]],[[22165,12561],[0,-44]],[[22165,12517],[-54,-3],[-18,-19]],[[22093,12495],[0,66],[-16,0]],[[22077,12561],[0,30]],[[21770,12502],[0,57]],[[21770,12559],[34,-53],[23,-22]],[[21827,12484],[0,-42]],[[21827,12442],[-57,1]],[[21770,12443],[0,59]],[[6434,8663],[563,0],[1,-103],[449,-3],[0,92],[17,14],[158,0],[411,-4],[85,1],[2,-44],[111,0],[0,26],[28,-16],[12,34],[409,-1],[283,-1],[114,-2]],[[9077,8656],[53,-2]],[[9130,8654],[3,-106],[-2,-115],[4,-757],[-1,-438],[1,-132]],[[9135,7106],[-220,-1],[-118,3],[-106,-3],[-119,0],[0,123],[-260,0],[-244,-1],[4,-123],[-282,2],[-114,-2],[-112,0],[0,124],[-183,0],[-33,-2],[-16,45],[-48,-11],[-58,0],[-1,-30],[-112,0],[0,-121],[-119,-3],[-106,2],[0,124],[-109,2],[-340,2]],[[6439,7236],[0,489],[-2,238],[-1,339],[-2,361]],[[8069,7725],[1,-136],[224,1],[-1,121],[60,1],[18,61],[0,50],[-22,9],[-1,61]],[[8348,7893],[0,179],[-170,0],[0,113],[-13,21],[-46,-13],[-109,0],[-1,-121],[-113,-1],[0,-54],[53,-52]],[[7949,7965],[-14,-14],[-148,0],[1,-120],[111,-1],[0,-120],[47,5],[80,0],[43,10]],[[6364,9385],[137,-1],[308,-1],[63,2],[277,3],[457,0],[337,-1],[339,-4],[115,0]],[[8397,9383],[230,-1],[228,3],[224,-4],[-1,-249],[1,-113],[-2,-363]],[[6434,8663],[-70,3],[0,243],[-2,252],[2,224]],[[8348,7893],[-268,-2],[-27,-29]],[[8053,7862],[-80,85],[-24,18]],[[8053,7862],[-12,-13],[27,-29],[1,-95]],[[9135,7106],[4,-660],[-1,-187]],[[9138,6259],[-225,-4],[0,-242],[224,4]],[[9137,6017],[0,-241]],[[6526,5784],[-82,1]],[[6444,5785],[-1,311],[-2,132],[-1,524]],[[6440,6752],[1,187],[-2,297]],[[9138,6259],[-1,-242]],[[26382,4332],[109,1]],[[26491,4333],[1,-38],[28,0],[0,-14]],[[26520,4212],[-106,0]],[[26381,4421],[110,-35]],[[26491,4386],[0,-53]],[[26382,4332],[-1,89]],[[26383,4513],[98,0],[9,14]],[[26490,4527],[19,-16]],[[26521,4462],[23,-19],[10,-23],[-13,-50]],[[26541,4370],[-50,16]],[[26381,4421],[2,92]],[[26616,4219],[19,-21],[5,-33],[-7,-30],[18,-36],[-10,-25],[-14,2],[-23,-58],[-25,-37],[0,-39]],[[26579,3942],[-56,19]],[[26523,3961],[2,114],[-15,88],[10,49]],[[26523,3961],[-2,0]],[[26214,4475],[167,-54]],[[26225,4330],[-1,93],[-82,5],[-114,20],[-7,8]],[[26021,4456],[30,23],[34,13],[55,4],[74,-21]],[[23339,12744],[9,5],[95,0],[19,8],[44,-4],[92,-14],[25,-13]],[[23623,12726],[0,-31]],[[23566,12686],[-56,-1],[0,-15],[-56,0],[0,-120]],[[23454,12550],[-113,-1]],[[23341,12549],[-2,195]],[[23623,12448],[0,-99]],[[23623,12349],[-113,-56]],[[23510,12293],[0,92],[-112,0]],[[23398,12385],[-47,0]],[[23351,12385],[6,12],[-6,48],[-10,0],[0,104]],[[23623,12349],[-1,-142]],[[23622,12207],[1,-60]],[[23623,12147],[0,-118]],[[23623,12029],[0,-4]],[[23623,12025],[-40,1],[-73,14]],[[23510,12040],[0,105]],[[23510,12145],[0,148]],[[21634,12752],[21,22],[26,13]],[[21681,12787],[62,0]],[[21743,12787],[22,0],[3,-41]],[[21768,12746],[2,-94]],[[21770,12652],[0,-90]],[[21770,12562],[0,-3]],[[21770,12559],[-45,63]],[[21725,12622],[-16,33],[-25,32],[11,7],[-23,33],[-13,-8],[-25,33]],[[21597,12630],[13,37],[4,54],[20,31]],[[21725,12622],[-40,0]],[[21685,12622],[-88,0],[0,8]],[[21685,12592],[0,30]],[[21770,12502],[-86,0],[1,90]],[[21313,12997],[169,0]],[[21482,12997],[-2,-31],[-54,0],[0,-31],[10,-29]],[[21436,12906],[-29,14],[-48,14],[-46,-1]],[[21313,12933],[0,64]],[[21436,12906],[16,-23],[16,23]],[[21468,12906],[0,-62],[14,-6]],[[21482,12838],[-32,3],[-41,18],[-96,-1]],[[21313,12858],[0,75]],[[21482,12838],[-14,-24],[0,-30]],[[21468,12784],[14,-60]],[[21482,12724],[-82,0],[-87,4]],[[21313,12728],[0,130]],[[21482,12724],[1,-91]],[[21483,12633],[-14,0]],[[21469,12633],[-156,2]],[[21313,12635],[0,93]],[[23176,11573],[56,2]],[[23232,11575],[43,0]],[[23275,11575],[-1,-90]],[[23247,11485],[-71,0],[0,10]],[[23275,11575],[35,-5],[-2,25],[25,27]],[[23333,11622],[12,-18],[57,-31],[25,-28]],[[23427,11545],[23,-66]],[[23450,11479],[-40,-13],[-43,-43]],[[22160,10227],[169,0]],[[22329,10227],[0,-120]],[[22188,10107],[-29,0]],[[22159,10107],[1,120]],[[23288,11411],[0,-75],[15,-1]],[[23303,11335],[-15,-29],[1,-82],[12,-32]],[[23301,11192],[-105,-4],[-23,-11]],[[23173,11177],[-5,59],[-21,35],[33,116],[-1,36],[-32,63]],[[24072,10281],[216,0]],[[24288,10281],[-25,-2],[2,-57]],[[24071,10222],[1,59]],[[23252,11784],[35,-60],[17,-60],[29,-42]],[[23232,11575],[0,60],[-14,0],[-2,89],[18,17],[-27,43]],[[23207,11784],[45,0]],[[22275,11033],[47,27],[-16,39],[5,12],[53,11],[21,32],[24,73],[28,48],[2,32]],[[22563,11306],[-45,-131],[22,-4],[29,19],[41,0],[-1,-119]],[[22609,11071],[-133,0],[-40,-53]],[[22436,11018],[-25,-32],[-33,-28]],[[22274,10857],[1,176]],[[22611,10711],[1,-120]],[[22500,10592],[-97,0]],[[22403,10592],[-72,1]],[[22331,10593],[-21,0]],[[22310,10593],[55,52],[53,65]],[[22385,10831],[61,-2],[21,29],[2,32]],[[22469,10890],[47,-5]],[[22516,10885],[-18,-20],[-19,-35]],[[22418,10710],[-108,1]],[[22310,10711],[-3,84],[5,37]],[[21995,10603],[48,35],[61,19]],[[22104,10657],[-2,-35],[-14,-35],[14,-21],[4,-41]],[[22106,10525],[-110,1]],[[21996,10526],[-1,77]],[[22104,10657],[27,9],[30,21]],[[22161,10687],[0,-214]],[[22161,10473],[-32,-7],[-4,29],[-16,8],[-3,22]],[[21713,10348],[30,-1],[45,59],[31,11],[37,21]],[[21856,10438],[-1,-110],[25,-65],[3,-36]],[[21883,10227],[0,-120]],[[21883,10107],[-112,1]],[[21771,10108],[-56,0]],[[21715,10108],[-2,240]],[[22387,9628],[57,0],[1,59],[112,1]],[[22557,9688],[34,0],[20,-27],[26,-75],[31,-57]],[[22668,9529],[-2,-141]],[[22666,9388],[-280,0]],[[22386,9388],[1,240]],[[28038,26762],[128,136]],[[28166,26898],[0,-101],[-52,-2],[3,-55],[13,-33]],[[28130,26707],[-32,-9],[-57,6],[-13,-11]],[[28028,26693],[-39,-11],[49,80]],[[22670,10591],[191,-1]],[[22861,10590],[87,0]],[[22948,10590],[396,-1]],[[23344,10589],[106,0]],[[23450,10589],[16,-15],[39,-17],[29,2],[33,23],[49,5],[62,-25]],[[23678,10562],[3,-179],[-1,-158],[1,-123],[-285,3],[-1,60],[-51,1],[0,11],[-55,0],[-1,-71],[-135,0],[-41,4],[-79,-3],[-249,-2]],[[22784,10105],[20,34],[2,52],[23,36]],[[22829,10227],[3,0]],[[22832,10227],[43,1],[34,14],[22,39],[17,7],[116,-2],[1,121],[-139,0],[-51,32],[-21,-1]],[[22672,10288],[110,-1]],[[22782,10287],[-1,-61]],[[22781,10226],[-110,1]],[[22671,10227],[1,61]],[[22781,10226],[48,1]],[[22784,10105],[-115,-1]],[[22669,10104],[-1,0]],[[22668,10104],[3,123]],[[24358,10255],[-41,20],[-29,6]],[[24072,10281],[-1,151],[93,-1],[20,-15],[0,38],[37,-40],[58,49]],[[24359,10168],[-57,-35]],[[27930,27030],[73,0],[24,-8]],[[28027,27022],[5,-28],[19,-30],[-18,-23],[-12,-30],[-38,-44],[-8,-38]],[[27975,26829],[-9,-10]],[[27966,26819],[-8,-18],[-28,-17],[-45,-8]],[[27885,26776],[0,180],[45,1],[0,73]],[[27975,26829],[37,24],[34,15],[29,24],[46,9],[7,14],[38,0]],[[28166,26915],[0,-17]],[[28038,26762],[-72,57]],[[15030,1446],[221,0],[0,48],[47,-4],[121,1],[0,15],[69,-1],[11,18],[19,0],[9,-18],[193,-1],[1,-85],[111,1]],[[15832,1420],[1,-197],[-1,-76],[-142,-1],[-189,1]],[[15029,1373],[1,73]],[[13240,1455],[335,1],[334,-1],[61,3],[303,-6],[13,-17],[65,-38],[-5,-47],[36,-18],[315,-1],[1,119],[205,-4],[127,0]],[[15832,1420],[93,-3],[131,0],[-1,17],[56,-36],[18,-7],[146,-1],[2,30],[110,-2],[0,27],[222,1]],[[16609,726],[-318,2],[-294,0],[-51,-3],[-555,2],[0,-117],[-141,-3],[0,120],[-395,1],[-392,4],[0,-61],[-221,0],[0,62],[-69,0],[-265,2],[0,-120],[-223,1],[2,173],[-1,67],[-110,1],[-1,-121],[-335,0]],[[13240,736],[0,719]],[[13241,2180],[3,-5],[663,4],[1,-119],[114,-4],[106,0],[-1,121],[93,-1],[18,-18],[0,-44],[165,-1],[4,-61],[166,0],[1,120],[546,-6],[265,-2],[308,-1],[315,1],[170,2],[433,1]],[[13240,1455],[1,725]],[[13241,2893],[249,1],[668,-1],[585,0],[358,0],[526,0],[310,0]],[[15937,2893],[346,0],[330,-1]],[[13241,2180],[0,713]],[[16609,6],[-793,1],[-616,1],[-358,1],[-6,-1],[-247,1],[-49,1],[-511,2],[-194,1],[-595,-1]],[[13240,12],[0,415],[0,309]],[[16564,12281],[-3,-721],[19,0]],[[16580,11560],[-3,-129],[-2,-233],[0,-63],[0,-361]],[[16575,10774],[-218,-2],[-10,11],[-1,51],[-447,-1],[0,60],[-113,1],[0,-181],[-114,0],[1,122],[-85,-1],[-34,50],[6,27],[0,46],[-339,-2]],[[15831,11439],[-45,-89],[0,-104],[60,7],[35,-32],[19,-4]],[[15900,11217],[56,-11],[34,-15],[46,-3],[19,19],[18,2],[24,18],[26,3],[35,-34],[74,-1],[-17,24],[-65,72],[-24,49],[-3,20],[2,54],[10,80],[129,-1],[31,4],[0,63],[-66,0],[-39,23]],[[16190,11583],[6,98],[-183,-3],[-72,1]],[[15941,11679],[-92,0],[-83,59],[-16,0],[2,-35],[-14,-34],[0,-40],[-7,-37],[1,-31],[-15,-28],[-44,1],[-1,-94],[159,-1]],[[16564,12281],[477,-6],[126,2],[73,-1]],[[17240,12276],[449,-1],[229,0]],[[17918,12275],[-2,-360],[1,-44],[0,-199],[3,-117],[11,0],[-1,-87]],[[17930,11468],[-16,18],[-98,1],[0,45],[-12,33],[0,45],[-21,15],[-32,-4],[-49,-19],[-12,-49],[-181,1],[-254,2],[-112,0],[1,-123],[-451,2],[1,125],[-114,0]],[[16575,10774],[59,0],[2,-55],[-1,-127],[30,-6],[26,-28],[0,-86],[-108,1],[-9,-5],[1,-358]],[[16575,10110],[0,-69],[-4,-545],[0,-112]],[[16571,9384],[-174,2],[-222,-1],[-55,2],[-223,-2]],[[15897,9385],[-179,-1],[-294,-3],[-203,0],[1,361],[-2,363]],[[17930,11468],[2,-54],[-2,-110],[0,-479]],[[17930,10825],[0,-117],[-3,-601]],[[17927,10107],[-259,-1],[-415,1],[-3,1],[-314,1],[-208,2],[-153,-1]],[[20626,7952],[1,597]],[[20627,8549],[0,116]],[[20627,8665],[10,0]],[[20637,8665],[160,1],[186,-1],[332,1]],[[21315,8666],[281,2],[379,-1]],[[21975,8667],[-1,-57],[1,-420]],[[21975,8190],[-57,0],[-2,-240],[-54,-1],[-1,-30],[-36,-8],[-39,-31],[-22,-7],[-21,4],[-59,41],[-70,28],[-34,2],[-56,15],[-31,-2],[-30,8],[-40,-8],[-66,18],[-53,-1]],[[21304,7978],[0,150],[53,1],[0,45],[-9,27],[-16,4],[-36,-35],[-21,8],[-2,20],[-26,-9],[-168,0],[0,-211]],[[21079,7978],[0,-31],[-170,0],[-54,-5],[-11,5],[-85,-2],[-133,2]],[[20626,7947],[0,5]],[[21304,7978],[-135,3],[-16,-3],[-74,0]],[[21968,6537],[0,-126],[55,6],[60,-35]],[[22083,6382],[-1,-104],[-18,-14],[-119,1],[-56,150],[-11,20]],[[22031,6555],[25,-8],[13,21]],[[22069,6568],[17,-34],[-37,-59],[15,-31],[23,-6],[22,-38]],[[22109,6400],[9,-25],[-21,-7],[-14,14]],[[22225,6557],[-51,16],[-83,-1],[-22,-4]],[[22031,6599],[-1,103],[-6,32],[-1,102]],[[22023,6836],[2,47],[30,-19],[16,5],[15,-40],[24,6],[7,25],[22,-3],[23,46],[30,5],[7,-20],[-9,-17],[3,-44],[21,-28],[42,-38],[1,-43],[27,-32],[33,-7],[15,-23],[74,0],[-14,-26],[-49,-16],[-45,24],[-27,-10],[8,-31],[-19,-25],[-26,12],[-9,-27]],[[22225,6557],[-13,-11],[7,-21],[28,-11],[-34,-23],[3,-29],[11,-14],[-19,-40],[-18,20],[-81,-28]],[[21882,12382],[6,3]],[[21939,12282],[-51,9],[-6,32]],[[21882,12323],[0,59]],[[22108,12414],[15,-37],[26,14]],[[22149,12391],[-36,-69],[-18,-11]],[[22052,12365],[15,28],[41,21]],[[21929,11604],[-34,-64]],[[21895,11540],[-127,5]],[[21768,11545],[0,90]],[[22301,11667],[-1,-69]],[[22300,11598],[-108,-1],[-26,5]],[[22278,12748],[105,0]],[[22383,12748],[1,-68]],[[22278,12652],[0,96]],[[30207,37156],[2,121],[-8,542],[4,235],[6,482],[0,495]],[[30211,39031],[40,-4],[14,-51],[13,-2],[31,38],[91,-1],[20,35],[26,10],[14,-43],[28,-18],[38,5],[-3,44],[27,-3],[66,-24],[55,-15],[28,-47],[-10,-53],[-51,-60],[-16,-81],[7,-12],[33,23],[43,9],[25,-18],[1,-89],[-13,-52],[1,-28],[20,-43],[22,-1],[8,-29],[-9,-34],[-1,-46],[-23,-59],[-23,-12],[-8,-33],[-14,-16],[1,-23],[46,-8],[62,26],[1,24],[55,23],[-8,-40],[-22,-48],[60,-37],[78,14],[5,23],[47,21],[12,-12],[-11,-27],[28,-32],[6,-17],[39,-56],[140,43],[144,2],[74,37],[91,13],[35,-44],[-92,-79],[-33,-224],[15,-77],[-16,-71],[44,-42],[144,83],[297,121],[130,-13],[82,18],[21,-10],[-2,-40],[49,-87],[3,-25],[42,-7],[89,42],[126,29],[70,72],[42,32],[32,-22],[82,40],[57,14],[20,-32],[39,2],[27,25],[50,5],[48,-6],[95,11],[77,38],[50,0],[95,44],[82,100],[38,26],[73,30],[138,184],[30,-21],[45,25],[113,124],[105,73],[-4,22],[-25,22],[126,51],[29,48],[32,18],[65,24],[29,17],[22,39],[31,24],[36,-15],[58,17],[15,34],[20,-2],[21,25],[19,-2],[35,11],[52,6],[24,-10]],[[34466,38914],[-2,-157],[3,-144],[0,-190],[-1,-59],[2,-486],[39,0],[1,-494],[-1,-127],[-4,-116],[-7,-360],[0,-362],[33,-2],[-4,-107],[0,-242],[-2,-463],[1,-334],[-1,-284],[-5,-220],[-1,-128],[3,-116],[0,-325],[-3,-153],[1,-138],[0,-558],[-2,-153],[-1,-290]],[[34541,32877],[-305,-382],[-540,-565],[-48,-67]],[[33648,31863],[-34,58],[-20,18],[-12,34],[-23,21],[-70,14],[-25,18],[-26,45],[-28,20],[-22,34],[-38,36],[-33,75],[-37,55],[-56,-21],[-36,-42],[-38,-18],[2,-65],[-16,-33],[-52,-39],[-11,-53],[-40,-38],[-31,-21],[-28,-30],[-81,-39],[-17,-25],[-28,-17],[-10,-20],[-2,-113],[2,-95],[-21,-58],[13,-26],[16,-59],[25,-63],[-16,-67],[0,-30],[-19,-2],[-52,-42],[-65,-16],[-39,-30],[-41,-15],[-61,-41],[-67,-27],[-141,2],[-110,0],[-10,-12],[0,-67],[-11,-11],[-110,-1],[32,-13],[21,3],[21,-14],[28,-42],[7,-30],[15,-25],[-74,-96],[33,-77],[18,-6],[36,-35],[33,-8],[9,-12],[18,-78],[44,-51],[45,-72]],[[32415,30501],[-364,-415],[-53,-53],[-109,-5],[-30,-38]],[[31859,29990],[-24,54],[-24,-20],[-38,3],[-104,-44],[-130,-1],[-28,40],[-6,46],[-25,34],[-174,1],[-1,84],[-19,-2],[-24,22],[-46,2],[-61,-23],[-76,18],[-21,10],[-57,61],[-20,10],[-30,-3],[2,538],[0,365],[3,51],[-3,152],[2,74],[-1,192],[1,186],[21,68],[51,188],[0,25],[-15,70],[-2,36],[-28,38],[20,22],[45,12],[4,26],[25,47],[11,60],[-19,39],[-15,75],[-23,86],[5,183],[22,128],[2,33],[-11,86],[-38,82],[-5,49],[7,46],[-9,119],[1,282],[-1,236],[3,10],[56,125],[-1,82],[-8,24],[6,49],[63,73],[29,86],[10,94],[-23,-3],[-29,-48],[-22,5],[-26,-45],[-4,-24],[-19,-30],[-32,-33],[-73,-39],[-29,1],[-25,15],[-18,-11],[-65,17],[-65,55],[-12,22],[-85,2],[-40,24],[-35,-16],[-16,13],[-23,-8],[-37,8],[-32,-21],[-28,-2],[-9,20],[-25,21],[-21,8],[-72,-12],[-61,14]],[[30235,34352],[-4,43],[-4,120],[-6,59],[3,120],[-5,218],[-4,81]],[[30215,34993],[-6,60],[0,90],[-4,209],[-1,241],[-3,238],[0,121],[7,180],[4,181],[2,240],[4,61],[-5,59],[-1,302],[-5,181]],[[30233,29258],[-2,719],[13,-1],[1,720]],[[30245,30696],[3,240],[-5,360],[0,119],[4,239],[1,486],[6,0],[1,121],[6,173],[-1,420],[-2,61],[4,120],[-5,61],[2,123],[-2,60],[6,272],[-6,119],[1,182],[-5,121],[1,61],[-13,241]],[[30241,34275],[-6,77]],[[31859,29990],[-84,-109],[-97,-19],[-89,-85],[-6,-12],[-62,11],[-80,-107],[-69,-137],[-75,-18],[-124,-144]],[[31173,29370],[-42,44],[-35,15],[-21,18],[-38,-3],[-11,23],[-57,32],[-17,3],[-132,0],[0,-91],[9,-31],[-120,0],[-7,-10],[1,-218],[15,-13],[31,38],[52,-46],[31,-9],[22,10],[16,19],[10,42],[13,7],[56,-5],[32,8],[28,-46]],[[31009,29157],[-151,-121],[-87,25],[-177,-186],[-196,-238],[-12,-56],[-154,-124]],[[30232,28457],[1,380],[-2,61],[2,118],[0,242]],[[21117,10121],[22,-31],[52,-17]],[[21191,10073],[-15,-34],[-17,-15],[-65,-32]],[[21094,9992],[-111,-73]],[[20983,9919],[0,28],[-27,30],[19,17],[26,6],[8,17],[39,20],[63,62],[6,22]],[[21519,10349],[130,0]],[[21649,10349],[11,-38],[-18,-7],[1,-25],[-23,-25],[-48,1],[-33,14],[-13,-30],[-27,-18]],[[21499,10221],[-9,7],[-1,87],[30,34]],[[21544,10500],[35,0],[52,27]],[[21631,10527],[41,0]],[[21672,10527],[-16,-34],[2,-31],[26,-77],[3,-37]],[[21687,10348],[-38,1]],[[21519,10349],[25,31],[0,120]],[[21319,9027],[115,3],[224,-2],[0,60],[111,3],[112,-3],[113,0]],[[21994,9088],[-2,-361],[0,-60]],[[21992,8667],[-17,0]],[[21315,8666],[5,241],[-1,120]],[[21431,9988],[2,117]],[[21433,10105],[113,3],[169,0]],[[21771,10108],[0,-300]],[[21771,9808],[-2,-243]],[[21769,9565],[0,-179]],[[21769,9386],[-225,1],[-113,-2]],[[21431,9385],[-1,43],[-24,50],[-3,20],[7,46],[-6,30],[4,53],[25,55],[0,232],[-2,74]],[[21687,10348],[26,0]],[[21433,10105],[33,73],[33,43]],[[19286,9408],[11,-41],[0,-44],[-25,0],[1,-301],[178,-4],[32,-27],[20,-4],[5,31],[109,2],[24,5],[26,-35],[8,-28],[-5,-297]],[[19670,8665],[-176,-3],[-674,-1]],[[18820,8661],[-116,-1],[-221,1]],[[18483,8661],[-5,20],[25,46],[22,10],[24,-19],[-5,-38],[7,-14],[36,17],[0,53],[-22,18],[-26,9],[14,55],[36,29],[-15,30],[-40,8],[1,15],[38,26],[-8,41],[16,41],[-45,30],[33,17],[24,48],[33,-11],[20,26],[-2,21],[37,-4],[1,20],[-18,25],[22,9],[13,-33],[14,-3],[47,31],[3,25],[15,20],[18,46],[-7,22],[38,16],[33,-36],[0,26],[-16,15],[5,27],[20,-10],[15,-41],[9,-8],[101,85],[16,35],[38,0],[50,16],[28,-9],[14,-40],[52,21],[22,20],[20,31],[17,-27],[-8,-30],[27,5],[16,15]],[[21325,10669],[-2,-200]],[[21323,10469],[-18,0],[-12,31],[-32,-6],[-99,17],[-41,11],[-107,42],[-48,24],[-35,3],[0,27]],[[20931,10618],[-2,167],[1,7],[107,-33],[27,-5],[121,-1],[23,-5],[83,-54],[34,-25]],[[21320,9387],[111,-2]],[[21769,9386],[225,2]],[[21994,9388],[1,-121],[-1,-179]],[[21319,9027],[0,180],[2,61],[-1,119]],[[21191,10073],[23,-11],[38,-40],[67,-37]],[[21319,9985],[4,-31],[-27,-43],[-2,-42],[-66,2],[-17,21],[-90,99],[-27,1]],[[18680,11549],[592,-3]],[[19272,11546],[2,-308]],[[19274,11238],[-29,-13],[-81,0],[-72,11],[-30,-22],[-22,-2],[11,-25],[-1,-58],[46,-2],[11,-10]],[[19107,11117],[-87,-49],[-379,-237]],[[18641,10831],[-35,0]],[[18606,10831],[-1,308],[2,295],[18,0],[0,60],[33,1],[22,37],[0,17]],[[20197,10784],[-1,51]],[[20196,10835],[87,-1],[36,11],[10,-35]],[[20329,10810],[27,2],[3,20],[36,-3],[0,-65]],[[20395,10764],[-37,-4],[-40,-21],[-9,-34],[1,-46],[-8,-15],[-35,13],[-56,-8]],[[20211,10649],[-16,60],[2,75]],[[19973,10837],[1,157]],[[19974,10994],[37,-16]],[[20011,10978],[23,-27],[29,-45],[102,-104],[32,-18]],[[20211,10649],[-4,-11],[32,-43]],[[20239,10595],[-144,3],[-124,-1],[2,240]],[[18598,12030],[171,-2],[0,-54],[21,35],[5,54],[13,40],[30,19],[12,17],[28,-30],[57,-3],[42,-29],[70,-55],[70,-13],[119,18],[40,0]],[[19276,12027],[-1,-241]],[[18680,11549],[-81,0],[-2,39],[0,349],[1,93]],[[19276,12266],[0,-239]],[[18598,12030],[-1,240]],[[20196,11099],[24,50],[2,109]],[[20222,11258],[57,-1],[0,-100],[41,27],[18,-41],[22,-10]],[[20360,11133],[-5,-31],[6,-89],[29,-6],[0,-24]],[[20390,10983],[-36,-14],[-75,-9],[-28,-9],[-57,-29]],[[20194,10922],[-2,71],[4,106]],[[19274,11238],[22,-8],[-26,-46]],[[19270,11184],[-88,-25],[-75,-42]],[[20011,10978],[45,27],[140,94]],[[20194,10922],[2,-87]],[[20085,11250],[22,-20],[33,-19],[29,9],[25,39],[28,-1]],[[19974,10994],[-21,4],[-7,33],[28,2],[4,89],[-1,77],[52,1],[-2,60],[54,-1],[4,-9]],[[20560,11275],[26,6],[34,21],[27,6]],[[20647,11278],[-1,-143]],[[20646,11135],[-26,9],[-13,-15],[-60,1]],[[20547,11130],[1,52],[19,26],[5,31],[-12,36]],[[20081,11350],[69,-25],[27,-6],[45,0]],[[20222,11319],[55,0],[43,-5]],[[20320,11314],[53,3],[80,-4],[45,-8]],[[20498,11305],[35,-21],[27,-9]],[[20547,11130],[-187,3]],[[20085,11250],[-4,100]],[[20390,10983],[3,-118],[-64,-55]],[[22149,12391],[15,29]],[[22164,12420],[1,-37],[21,-2]],[[22186,12381],[3,-14],[-38,-70],[-22,-6]],[[21770,12319],[56,4]],[[21826,12323],[56,0]],[[21770,12292],[0,27]],[[22065,12236],[-21,-30],[-3,-19]],[[22041,12187],[-1,0]],[[22040,12187],[0,12],[-44,26]],[[21996,12225],[-19,29]],[[20719,11861],[2,49],[28,16],[0,22],[-28,1],[1,52],[28,-1],[0,66]],[[20750,12066],[13,-24],[14,4],[24,28],[6,21]],[[20807,12095],[45,-58],[34,-34],[69,-4],[41,-37],[9,1]],[[21005,11963],[0,-3]],[[21005,11960],[-31,-8],[-30,-18],[-84,-17]],[[20860,11917],[-52,-35],[-89,-21]],[[20984,12274],[162,2],[113,-2]],[[21259,12274],[0,-47]],[[21203,12210],[-221,1]],[[20982,12211],[2,63]],[[21179,11992],[-34,-11],[-47,-6],[-54,-17],[-39,2]],[[21005,11963],[0,22],[-17,74],[-6,152]],[[20986,12316],[22,17],[24,3],[1,59],[70,24]],[[21103,12419],[42,-8],[26,-11]],[[21313,12383],[1,-72]],[[21314,12311],[1,-38]],[[21315,12273],[-56,1]],[[20984,12274],[2,42]],[[4487,15278],[2,-232],[84,1],[22,11],[33,4],[31,-16],[1,-241],[57,0],[-1,-120],[-48,0],[-36,10],[-19,13],[-9,-22],[-24,-26],[3,-22],[18,-28]],[[4365,14683],[-1,264],[-19,22],[-5,33],[-25,54],[-34,40],[-10,60]],[[4271,15156],[103,1],[-1,120],[114,1]],[[6230,15871],[-6,-109],[-1,-59],[2,-509],[3,-149],[-2,-483],[0,-120],[78,-1],[-1,-367],[1,-156]],[[4487,15278],[1,99],[-2,139],[1,135],[-4,225],[-228,3],[2,118],[-1,108],[0,250],[-1,245],[457,-9],[0,62],[-8,34],[8,62],[-2,561]],[[4271,15156],[-37,87],[-21,36],[-9,40],[-22,42],[-17,54],[-72,70],[-48,25],[-31,34],[-31,25],[-51,24],[-83,21],[-90,42],[-33,23],[-60,28],[-33,28],[-91,62],[-46,19],[-57,29],[-33,-3],[-57,12],[-47,-9],[-33,12],[-66,-11],[-45,13],[-56,-1],[-19,9],[-34,33],[-41,50],[-38,59],[-37,68],[-74,121],[-40,46],[-30,81],[-12,63],[-25,52],[-1,32],[-10,35],[-41,112],[-59,148],[-42,53],[-8,21],[-48,58],[-21,45],[-50,78],[-45,39],[-186,255]],[[26090,33411],[50,-6]],[[26140,33405],[13,-15],[-1,-44],[19,-22],[-20,-12],[-16,-39],[-45,55],[0,83]],[[26294,32969],[29,0],[8,59],[-7,67],[59,-1],[-1,43],[59,17],[-1,178],[-2,119],[250,3]],[[26688,33454],[-8,-243],[0,-118],[-2,-180],[1,-62]],[[26311,32882],[-17,87]],[[27636,33573],[230,3],[13,-114],[3,-121],[-239,-3],[-4,116],[1,61],[-4,58]],[[28798,34278],[4,-241],[-6,-480]],[[28796,33557],[-1,-101],[13,-337],[-120,-2],[-122,-7],[-216,-5],[-111,0],[-123,-6]],[[28116,33099],[-7,183],[-3,179],[-2,60],[-19,35],[-1,117],[3,63],[-1,187],[-8,109],[12,120],[-4,119],[120,-2],[236,4],[237,2],[119,3]],[[22838,12384],[112,0]],[[22950,12384],[0,-82]],[[22950,12302],[-67,-14],[-46,-35]],[[22837,12253],[1,131]],[[21172,14507],[52,7]],[[21224,14514],[64,-116],[23,-23],[24,-58]],[[21171,14235],[-8,6]],[[21163,14241],[14,27],[-23,9],[0,162],[15,35],[3,33]],[[22748,14202],[115,1]],[[22063,14270],[1,118]],[[22064,14388],[1,188]],[[22065,14576],[43,-8],[110,2],[26,5]],[[22244,14575],[-4,-65],[110,-1],[-2,-133],[2,-170]],[[22350,14206],[-114,0]],[[22236,14206],[-174,1]],[[22062,14207],[1,63]],[[26541,4370],[16,-44]],[[25880,4334],[112,-1]],[[25992,4333],[25,1],[22,13],[60,0],[20,-11],[50,-13],[30,-2],[26,9]],[[26516,3854],[-32,-105],[0,-30],[21,-68]],[[26541,4370],[46,-12],[42,5],[26,-31],[108,-1]],[[26639,4228],[-23,-9]],[[26984,3864],[4,-54],[-25,14],[-99,83],[-43,15],[-138,23],[-76,-8],[-28,5]],[[16650,15021],[107,21],[17,29],[30,11],[34,-13],[18,16],[36,1],[8,11],[27,-9],[19,5],[11,-19],[30,-24],[20,-56],[-3,-22],[19,-19],[29,6],[23,-8],[18,25],[22,-2],[105,94]],[[17220,15068],[2,-376],[-1,-76],[-22,-58],[-5,-37],[-12,-25],[2,-28],[-11,-31],[260,-1]],[[17433,14436],[294,-1],[120,-4]],[[17847,14431],[35,-1],[2,-144],[31,-1],[0,-151]],[[17915,14134],[1,-181],[-1,-28],[2,-211]],[[17917,13714],[-338,2],[-341,-1]],[[17238,13715],[-553,3],[-9,4],[-111,-4]],[[16536,14808],[-3,114],[39,25],[-14,42],[25,21],[55,-1],[12,12]],[[12227,28399],[0,-120],[-59,0],[-7,44]],[[12161,28323],[-19,17],[-33,1],[0,-184],[-117,-2],[0,61],[-59,-1],[0,61],[-59,-1],[-1,61],[89,2],[30,-10],[0,192],[104,-2],[-15,45],[-13,18],[54,-1],[11,6],[35,-8],[60,0],[-12,-46],[12,-16],[-1,-117]],[[11416,32473],[225,-2],[117,1],[597,-10],[212,-1],[150,1],[120,-6],[575,-6],[193,-1],[168,5],[193,-4],[61,-3],[143,4]],[[14170,32451],[94,1]],[[14264,32452],[-3,-244],[-4,-361],[0,-120],[44,-2],[-1,-352]],[[14300,31373],[2,-242],[-2,-191],[0,-399],[-1,-306]],[[14299,30235],[-24,11],[4,32],[-25,-3],[-47,16],[-17,13],[-6,29],[3,82],[-3,238],[0,360],[-1,120],[-36,1],[-27,-29],[-51,0],[-5,-90],[-119,2],[-10,74],[-65,8],[20,69],[-18,21],[4,49],[-10,14],[-48,10],[-44,-25],[-33,-34],[-11,-31],[-37,21],[-27,-2],[-16,17],[-74,-7],[-28,37],[-29,24],[-46,1],[-2,-240],[-87,1],[0,-161],[5,-22],[-47,0],[-122,6],[-27,7],[-32,19],[-29,45],[-14,78],[-40,-10],[-31,-23]],[[13047,30963],[-54,35],[-30,7],[-34,29],[-368,4],[-46,-29],[-153,0],[1,-26],[-19,-10],[-19,8],[-33,-1],[-10,22],[-31,-7],[-32,20],[-4,16],[-79,14],[-35,-18],[0,24],[20,59],[-16,41],[-21,3],[-266,0],[3,-121],[-151,3],[-177,1]],[[11493,31037],[-3,85],[2,230],[-1,396],[-73,1],[0,181],[-2,16],[1,195],[-1,332]],[[14299,30235],[0,-149],[4,-161],[0,-141],[-4,-223],[0,-307]],[[14299,29254],[-61,-38],[-176,-78],[3,38],[-10,13],[-51,-3],[-29,55],[-39,-25],[-88,0],[-18,-21],[0,-79],[-27,-39],[0,-32],[-32,-6],[1,60],[-60,4],[-355,-1],[2,-97],[-14,-20],[-25,-14],[-16,-20],[-3,-28],[-48,0],[-42,-13],[-65,17],[-134,0],[-3,60],[-71,0],[-11,4]],[[12927,28991],[-7,14],[0,63],[-12,16],[-52,24],[-26,18],[-26,4],[-28,-15],[50,103],[2,47],[12,24],[37,37],[13,24],[0,49],[7,20],[29,32],[78,34],[30,48],[81,75],[7,18],[-1,77],[3,128],[-1,224],[-3,164],[10,42],[-7,68],[-8,17],[-3,55],[8,25],[0,71],[-32,47],[-53,4],[-30,-10],[-42,-1],[-23,-10],[-28,36],[2,94],[-4,140],[48,26],[55,65],[34,75]],[[12227,28399],[54,5],[102,41],[84,22],[22,9],[58,36],[16,6],[137,2],[102,-5]],[[12802,28515],[30,-6],[74,-39],[22,-5],[-1,-216],[1,-34],[37,-2],[2,-62],[74,-15],[44,12],[117,2],[57,85],[-2,81],[12,15],[73,-1],[22,-10],[22,9],[161,-2],[34,10],[46,-10],[68,-34],[36,1],[3,-28],[237,-2],[3,120],[353,-2]],[[14327,28382],[-4,-308],[-2,-655]],[[14321,27419],[-313,3],[-188,0],[-205,-1]],[[13615,27421],[-304,2],[-118,3],[-73,5],[-334,-2],[-312,4],[-107,-1],[-143,3]],[[12224,27435],[0,121],[25,4],[2,65],[15,24],[46,9],[28,16],[26,0],[9,19],[-1,35],[-19,5],[-14,20],[-7,119],[-31,44],[-19,41],[-26,-3],[6,55],[-18,15],[-23,62],[-39,59],[-20,8],[0,45],[-27,13],[-11,15],[22,60],[-8,25],[21,12]],[[11491,29170],[106,-2],[3,-117],[59,-1],[16,-8],[-2,-40],[11,-12],[61,-14],[30,-16],[29,0],[18,-30],[42,-1],[-9,60],[160,-1],[0,-120],[230,0],[38,-8],[26,8],[63,0],[37,-16],[51,17],[107,-2],[26,-20],[43,-81],[19,-10],[41,0]],[[12696,28756],[106,-4],[36,-15],[35,12],[55,-2],[0,-118],[-117,4],[0,-86],[-9,-32]],[[12224,27435],[-164,-3],[-214,0],[-204,-1],[-114,-3]],[[11528,27428],[0,89],[2,137],[1,491],[1,243],[-1,120],[2,80],[-1,280],[-45,-1],[4,124],[0,179]],[[14299,29254],[0,-157],[2,-240],[29,0],[-3,-183]],[[14327,28674],[0,-292]],[[12696,28756],[0,94],[36,15],[45,-3],[32,29],[39,15],[25,35],[30,17],[24,33]],[[11493,30314],[1,244],[-2,118],[1,361]],[[11491,29170],[1,181],[-4,196],[-2,26],[1,259],[7,363],[-1,119]],[[29746,36590],[21,4],[36,44],[42,29],[47,17],[64,6],[25,-14],[53,-5],[-1,-179],[-147,-2],[0,-19],[-26,0],[0,-26],[-35,-1],[4,46],[-62,-2],[-2,30],[26,32],[-41,3],[-4,37]],[[25840,32863],[31,3],[89,-4],[2,-59],[31,-1],[-8,181],[-7,121]],[[25978,33104],[52,-13],[56,-7],[60,3],[3,-60],[57,2],[0,-60],[88,0]],[[14211,6494],[0,-120],[-3,-234],[-83,-2],[-14,49],[-15,13],[-28,5],[1,54],[-181,0],[-20,36],[-24,6]],[[13844,6301],[0,283],[3,394],[109,5],[113,0],[0,-121],[112,0],[2,-121],[-1,-184],[29,-39],[0,-24]],[[17315,15154],[31,32],[8,26],[40,61],[42,28],[29,-9],[24,36],[-20,13],[-16,35],[14,8],[6,25],[28,55],[33,32],[-13,17],[6,19],[-18,12],[-1,55],[41,31],[7,44],[17,15],[17,40],[26,32],[-13,43],[19,22],[30,62],[13,1],[12,33],[-7,22],[22,23],[27,-3]],[[17719,15964],[29,-53],[58,-37],[27,-55],[18,-17],[30,-8],[58,14],[15,-27],[-36,-44],[7,-36],[33,3],[1,40],[21,32],[27,9],[48,-14],[21,-18],[24,-52],[37,-26],[84,-83],[16,-6],[27,20],[15,31],[19,12],[23,-11],[70,15],[26,-6]],[[18417,15647],[21,-6],[33,-23],[18,-74],[42,-34],[61,-34]],[[18592,15476],[0,-230]],[[18592,15246],[1,-214],[-1,-117],[1,-122]],[[18593,14793],[-110,4],[-109,-5],[-76,2],[-58,-2],[-111,0],[-171,-7],[-53,3]],[[17905,14788],[1,155],[1,212],[-155,-3],[-274,1]],[[17478,15153],[-85,3],[-78,-2]],[[22554,11906],[57,0]],[[22611,11906],[0,-120]],[[22611,11786],[-57,0]],[[22554,11786],[0,120]],[[22667,11786],[0,120]],[[22667,11906],[37,0]],[[22704,11906],[29,-27],[-9,-34],[0,-60],[-15,-60],[-35,-31]],[[22674,11694],[-7,-5]],[[22667,11689],[0,97]],[[22704,11906],[20,0]],[[22724,11906],[49,-1]],[[22773,11905],[8,-14],[0,-83],[7,-23],[31,8]],[[22819,11793],[6,-8]],[[22825,11785],[-1,0]],[[22766,11657],[-27,55],[-30,-28],[-27,-14]],[[22682,11670],[-8,24]],[[22773,11905],[52,0]],[[22825,11905],[1,-90],[-7,-22]],[[22825,11905],[12,11]],[[22837,11916],[57,37]],[[22894,11953],[0,-40]],[[22894,11913],[1,-40],[-13,-12],[4,-41]],[[22886,11820],[-27,-11],[-34,-24]],[[22886,11820],[35,18],[38,58]],[[22959,11896],[19,-14],[17,11],[1,-75],[9,-3]],[[22062,18517],[230,0],[231,-3],[228,1]],[[22751,18515],[-1,-175],[2,-66],[-2,-940]],[[22750,17334],[-56,-37],[-30,-12],[-31,-3],[-85,-23],[-26,5],[-2,58],[0,244],[-57,-3],[-172,0],[-2,120],[-25,0]],[[22264,17683],[-89,0],[-1,42],[6,55],[-1,159],[-7,70],[7,21],[1,249],[-2,180],[-115,-2],[-1,60]],[[20697,17331],[65,-4],[563,-6],[54,1]],[[21379,17322],[-1,-237],[90,-2],[24,-28],[-2,-335],[4,-305],[0,-69],[4,-100],[-3,-244],[1,-117]],[[21496,15885],[-41,-1],[-240,2],[-116,-2],[-275,4],[-118,6]],[[20706,15894],[-2,238]],[[20704,16132],[-1,238]],[[20703,16370],[-1,420]],[[20702,16790],[0,299]],[[20702,17089],[-5,242]],[[22274,13225],[105,3]],[[22379,13228],[57,0],[1,-60],[61,0]],[[22498,13168],[11,-60],[1,-45],[-4,-55]],[[22506,13008],[-2,0]],[[22504,13008],[-50,-5],[-63,-15]],[[22391,12988],[-65,-2]],[[22326,12986],[-3,60],[0,140],[-27,14],[-22,0]],[[22277,12990],[49,-4]],[[22391,12988],[2,-30],[-15,0],[1,-30],[10,-30],[1,-30]],[[22390,12868],[-64,-1]],[[22326,12867],[-49,-1]],[[22277,12866],[0,97]],[[22277,12963],[0,27]],[[22390,12868],[32,8],[68,0],[6,-7]],[[22496,12869],[28,-1],[0,-60],[-28,0],[0,-60]],[[22496,12748],[-113,0]],[[22383,12748],[0,60],[-57,0],[0,59]],[[22504,13008],[-9,-90],[1,-49]],[[22385,12503],[27,25],[22,10],[179,0]],[[22613,12538],[2,0]],[[22615,12538],[-1,-95]],[[22614,12443],[-115,0]],[[22499,12443],[-57,0]],[[22442,12443],[-14,15],[-42,-1]],[[22386,12457],[-1,44]],[[22385,12501],[0,2]],[[23036,12149],[9,54]],[[23045,12203],[28,1]],[[23073,12204],[0,-60],[65,1]],[[23138,12145],[-27,-23],[-2,-32],[16,-3]],[[23125,12087],[-47,-26]],[[23078,12061],[-19,-4]],[[23059,12057],[-27,18]],[[23032,12075],[4,74]],[[22385,12186],[169,-101]],[[22554,12085],[22,-1]],[[22576,12084],[0,-27],[-19,-4]],[[22557,12053],[-21,3],[-66,25]],[[22470,12081],[-48,2],[-26,27],[-11,-3]],[[22385,12107],[0,79]],[[22557,12053],[19,-13],[0,-32]],[[22576,12008],[-52,6]],[[22524,12014],[-54,0]],[[22470,12014],[0,67]],[[22576,12084],[21,0]],[[22597,12084],[32,0]],[[22629,12084],[38,0]],[[22667,12084],[57,0]],[[22724,12084],[0,-52]],[[22724,12032],[0,-7]],[[22724,12025],[-56,0],[0,-16]],[[22668,12009],[-57,-1]],[[22611,12008],[-35,0]],[[22724,12084],[113,0]],[[22837,12084],[0,-37]],[[22837,12047],[-38,-7]],[[22799,12040],[-61,-1],[-14,-7]],[[22837,12084],[56,1]],[[22893,12085],[0,-43]],[[22893,12042],[-28,-2]],[[22865,12040],[-28,7]],[[22893,12085],[57,0]],[[22950,12085],[3,-36],[-11,-19]],[[22942,12030],[-12,10],[-37,2]],[[22865,12040],[0,-31]],[[22865,12009],[-42,0]],[[22823,12009],[-24,0]],[[22799,12009],[0,31]],[[22942,12030],[-4,-22],[-20,-12]],[[22918,11996],[-1,12],[-52,1]],[[15357,6862],[67,-106]],[[15424,6756],[-30,-22],[-12,-21],[-37,-27]],[[15345,6686],[-24,40],[36,29],[-61,97],[12,-2],[39,28],[10,-16]],[[11836,6492],[232,2],[103,4],[112,-1],[224,2],[111,-2]],[[12618,6497],[-3,-119],[0,-120],[235,0],[102,-1],[-1,-183]],[[12951,6074],[-110,3],[-4,-302],[-74,0],[0,-243],[4,-365],[333,2],[1,-120]],[[13101,5049],[-558,-1],[-308,2],[-359,0]],[[11876,5050],[-3,360],[-1,361],[-43,1]],[[11829,5772],[1,64],[6,656]],[[23571,13756],[61,309],[18,66],[-2,68]],[[23648,14199],[179,-1],[197,0],[85,-1]],[[24109,14197],[2,-62],[-3,-438]],[[24108,13697],[-45,10],[-10,11],[-213,1],[-24,-31],[-108,1],[-26,-14],[-23,-2],[-72,45],[-23,0],[7,38]],[[23997,11787],[77,0]],[[24074,11787],[1,-141]],[[24075,11646],[-49,-12],[-16,3],[-36,29]],[[23974,11666],[10,45],[2,33],[14,2],[-3,41]],[[23627,11193],[72,-4],[183,2]],[[23882,11191],[-2,-28],[-10,-28],[14,-19],[-6,-45]],[[23878,11071],[-123,0],[-21,-7]],[[23734,11064],[-68,80],[-39,41]],[[23627,11185],[0,8]],[[23429,14201],[0,1]],[[23429,14202],[219,-3]],[[23571,13756],[-19,7],[-23,24],[-103,27]],[[23426,13814],[3,387]],[[23629,14609],[52,8],[62,0]],[[23743,14617],[67,1],[27,15],[25,-2],[85,-71],[24,-16],[48,-15],[22,5],[34,22],[36,0]],[[24111,14556],[-1,-359]],[[24110,14197],[-1,0]],[[23648,14199],[-25,335],[6,75]],[[24300,12546],[38,128],[-14,16],[-1,23],[23,38]],[[24346,12751],[45,0]],[[24391,12751],[134,-3]],[[24525,12748],[-2,-81],[-27,-54],[-12,-60],[-11,-24],[80,27],[91,44],[19,-1]],[[24663,12599],[21,-107],[14,0],[43,-66],[29,-36]],[[24770,12390],[-140,-1],[-220,2],[-110,-1]],[[24300,12390],[0,156]],[[24299,12907],[20,-6],[132,-1],[-3,17],[26,5],[5,-30]],[[24479,12892],[-88,-141]],[[24346,12751],[-47,1]],[[23627,11220],[0,86]],[[23627,11306],[280,0]],[[23907,11306],[-2,-115],[-23,0]],[[23627,11193],[0,27]],[[23652,11546],[86,0]],[[23738,11546],[111,0]],[[23849,11546],[141,0],[18,-5],[67,6]],[[24075,11547],[113,-2],[0,90]],[[24188,11635],[0,152]],[[24188,11787],[113,1]],[[24302,11306],[-395,0]],[[23627,11306],[-1,212],[19,0],[15,-30],[22,0],[-1,45],[-29,13]],[[24074,11787],[57,0]],[[24131,11787],[57,0]],[[24188,11635],[-69,2],[-44,9]],[[22462,33578],[30,11],[42,-18],[55,1],[166,-4],[116,1],[159,-1],[14,-20],[21,20],[114,-2],[5,-19]],[[23184,33547],[-5,-110],[3,-42],[-6,-195],[-10,-117],[-1,-120],[-8,-117],[-4,-238],[-1,-239],[3,-117],[13,-120]],[[23168,32132],[-119,-2],[-14,77],[-10,8],[-60,-73],[-13,41],[-3,85],[-29,-26],[-70,-40],[-53,-14],[-43,-6],[-110,-46],[-31,-9],[-27,-18],[-40,-51],[-48,-56],[-37,22],[-13,32],[-32,-4],[11,26],[-15,14],[26,27],[7,23],[36,26],[6,19],[-6,30],[9,25],[-156,4]],[[22334,32246],[-1,237],[118,-1],[1,121],[-3,244],[8,447],[3,123],[-19,30],[-6,50],[11,52],[16,29]],[[21370,30548],[0,34],[30,42],[0,112],[-29,4],[0,53],[30,12],[3,157]],[[21404,30962],[37,41],[-20,27],[-1,24],[-14,39],[1,61],[112,0],[3,33],[16,33],[19,2],[11,29],[-23,23],[-10,24],[27,21],[14,-5],[47,52],[16,6],[-5,41],[22,11],[-10,17],[27,44]],[[21673,31485],[32,18],[41,-66],[44,0],[24,19],[49,-10],[13,-20],[27,-11],[60,23],[-2,-46],[33,1],[53,-49],[61,-25],[41,12],[39,-6],[60,-50],[96,-17],[88,30],[35,25],[-9,24],[44,39],[8,16],[-2,36],[13,20],[58,5],[62,-96],[21,-5],[44,23],[3,21],[-10,26],[57,-13],[52,19],[24,46],[19,-12],[15,11],[27,-6],[5,-21],[22,-15],[62,1],[10,9],[20,58],[-32,29],[0,48],[26,-1],[40,48],[43,78],[4,22],[69,71],[17,28]],[[23179,31822],[-1,-125],[-6,-183],[1,-119]],[[23173,31395],[0,-301],[4,-422],[-6,-597],[-1,-119],[57,-1],[3,-150],[-3,-538]],[[23227,29267],[-4,0]],[[21428,29282],[-1,118],[-4,98],[-21,11],[-55,47],[-49,86],[-109,1],[-4,31],[-88,-2],[-6,268],[11,32],[2,37],[-27,55],[-1,128],[-59,33]],[[21017,30225],[-1,215],[2,14],[-30,40],[139,1],[134,-1],[21,5],[0,25],[85,0],[3,24]],[[22748,15884],[95,-1],[177,2],[56,-8],[96,-1],[72,-3],[186,-4]],[[23435,15628],[1,-65],[-6,-266],[1,-142]],[[23431,15155],[-349,4],[-228,0],[-109,1]],[[22745,15160],[-5,301]],[[22740,15461],[0,60],[9,127],[-1,236]],[[5916,38336],[14,21],[40,-3],[17,-15],[50,-28],[18,-20],[15,7]],[[6070,38298],[20,-36],[22,15],[7,-35],[46,1],[-11,-23],[28,-12],[4,-22],[35,-18],[20,1],[20,-21],[-1,-33]],[[6260,38115],[-169,8],[-188,0]],[[5903,38123],[-3,185],[16,28]],[[24770,12390],[7,-35],[22,-60],[15,-6]],[[24814,12289],[4,-51]],[[24818,12238],[-67,1],[2,-210]],[[24301,12030],[-1,360]],[[24074,11936],[1,94]],[[24075,12030],[113,1]],[[24188,12031],[-1,-95],[-33,-5],[-23,-26],[0,-118]],[[24074,11787],[-10,73],[10,76]],[[24188,12031],[113,-1]],[[24479,12892],[64,0]],[[24543,12892],[-1,-17]],[[24542,12875],[-8,-57],[-1,-54],[-8,-16]],[[23430,14593],[42,42],[16,45],[142,-1]],[[23630,14679],[-1,-70]],[[23429,14202],[2,285],[-1,106]],[[24075,11547],[0,99]],[[23904,11788],[93,-1]],[[23974,11666],[-79,3],[-45,-3]],[[23850,11666],[51,83],[3,39]],[[20454,33267],[4,-20],[44,-37],[24,102],[21,31],[35,-5],[19,22],[26,8],[37,21],[21,-17],[51,-21],[55,-15],[44,9],[36,53],[36,-10],[5,-42],[26,17],[17,40],[3,27],[13,22],[22,-4],[43,22],[97,-17],[15,13],[50,-1],[50,-20],[58,-2],[31,-22],[46,-6],[12,16],[33,-2],[31,25]],[[21459,33454],[14,-30],[-23,-41],[-96,-5],[-14,-3],[-8,-290],[46,-6],[13,-14],[-4,-155],[-7,-20],[-83,62],[-14,5],[-136,-1],[-26,15],[-22,35],[-30,13],[-83,1],[7,-40],[25,-18],[12,-82],[3,-89],[-16,-25],[8,-11],[1,-39],[-7,-46],[9,-39],[-10,-33],[13,-35],[9,-70],[-7,-15],[60,1],[3,-237],[2,-3],[131,-1],[15,-15],[0,-36]],[[21244,32187],[-30,-7],[-37,-27],[-79,6],[-56,-35],[-17,-30],[-34,7],[-21,-22],[-17,5],[-38,-27],[-46,17],[-24,31],[-13,0],[-21,-27],[-28,-18]],[[20783,32060],[-9,20],[-38,-11],[-38,8],[-42,-30],[-26,-1],[-77,27],[-36,-3],[-21,-13],[-26,8],[-51,3],[-38,19],[-67,-5]],[[20314,32082],[-27,61],[-1,135],[-19,53],[-45,69],[-1,14],[26,42],[3,39],[-26,30],[-19,63],[-39,61],[13,43],[-11,38],[-46,65]],[[20122,32795],[23,29],[64,-14],[49,52],[-10,24],[9,23],[32,29],[-1,52],[5,32],[21,33],[35,20],[22,34],[20,58],[19,32],[17,2],[11,21],[1,27],[15,18]],[[20314,32082],[31,-60],[17,-152]],[[20362,31870],[-39,11],[-40,-12],[-24,-13],[-25,14],[-118,-1],[-181,4],[-21,-13],[-14,20],[-39,-2],[-20,12],[-4,34],[-34,38],[-29,6],[-32,-9],[-9,7]],[[19733,31966],[-9,58],[8,43],[-21,11],[-13,-25],[0,-38],[-27,-1],[-20,26],[-33,13],[-33,36],[4,18],[-3,83],[15,2],[-2,72],[-23,17],[-24,30],[28,-1],[-2,21],[11,23],[35,8],[61,25],[43,24],[35,29],[-23,19],[-50,-30],[-42,0],[0,53],[-27,8],[-141,2],[5,71],[-14,27],[-28,15],[-14,25],[3,69],[31,99],[40,8],[28,-1],[32,17],[15,18],[29,-1],[27,16],[34,-5],[36,7],[35,-9],[55,17],[13,17],[35,-52],[34,-21],[35,-13],[24,-35],[16,-5],[24,-25],[107,106],[6,25],[29,-33],[5,-34]],[[15682,33553],[220,7],[142,2],[115,-5],[133,-4],[21,16],[19,-16],[63,-3],[146,-1],[-15,27],[2,19],[-54,46],[-76,40],[-25,27],[-1,22],[-64,60],[22,29],[3,38],[12,20],[48,3],[11,30],[-1,248],[2,290],[-10,62],[-6,116],[475,3],[456,2],[477,1],[187,3],[293,2],[67,1],[92,-2],[89,2],[3,-252],[-4,-231],[-2,-234],[1,-130],[21,-7],[36,-32],[12,-31],[9,-49],[28,-33],[61,-36],[17,-22],[4,-31],[250,-1],[140,5]],[[19101,33554],[-2,-91]],[[19099,33463],[-10,-268],[2,-734],[2,-52],[4,-455],[-2,-152],[28,-1],[0,-61],[-26,0],[-2,-97],[96,0],[23,-14],[27,-2],[132,8],[146,-4],[0,-59]],[[19519,31572],[-2,-181],[2,-56],[0,-179],[-418,5],[2,-127],[3,-49],[-2,-94],[-7,0]],[[19097,30891],[2,15],[-19,20],[7,28],[-10,33],[-30,-9],[-11,56],[35,32],[0,68],[33,36],[10,31],[21,-14],[19,19],[35,2],[-1,18],[-27,17],[0,23],[16,17],[8,51],[44,21],[-8,29],[-17,29],[-17,50],[-24,-5],[10,30],[-7,15],[5,30],[68,-13],[1,60],[-37,3],[-12,23],[-20,-10],[-40,13],[-26,-19],[-9,15],[-45,-25],[-2,24],[-34,2],[0,-16],[24,-18],[-11,-21],[-20,32],[-29,-42],[-23,26],[6,41],[-46,-4],[-22,5],[-16,-21],[-22,6],[-5,28],[-20,18],[15,37],[-25,-1],[-1,-19],[-26,-4],[-7,46],[-37,1],[-27,-8],[12,-18],[-48,-2],[-53,9],[-20,26],[7,25],[-26,21],[-4,-36],[7,-50],[-22,-30],[1,-42],[-16,-7],[-30,-37],[-9,-1]],[[18522,31550],[-15,10],[-22,-10],[-9,-32],[-18,15],[-7,26],[-33,-9],[-2,34],[-36,12],[-23,-13],[-18,2],[0,28],[-46,40],[5,29],[-23,8],[-32,-8],[-9,35],[-22,12],[0,18],[-45,18],[-27,22],[14,13],[-22,51],[-32,13],[-72,9],[-13,23],[-31,15],[-36,33],[-6,-19],[-38,8],[-20,22],[-43,9],[2,52],[-32,8],[-23,16],[0,29],[-22,14],[8,30],[-23,31],[-3,48],[19,44],[-16,79],[-1,53],[7,20],[29,7],[32,22],[13,22],[-14,29],[-37,21],[-28,35],[-1,17],[-44,66],[-47,50],[-16,27],[-69,190],[-33,62],[-85,78],[-127,23],[-40,-19],[-694,-318],[-265,-123],[-132,-76],[-32,-2],[-48,20],[-60,37],[-39,15],[-71,7],[-36,14],[-26,41],[-24,0],[-10,-31],[-27,7],[-20,-12],[-35,48],[-49,2],[-14,17],[32,13],[4,16],[-34,43],[-36,4]],[[15674,32740],[4,364],[5,330],[-1,119]],[[9865,2892],[55,0]],[[9920,2892],[1,-361],[2,-361],[-4,-122],[-2,-517],[-1,-205],[-3,-120],[-2,-240],[-1,-240]],[[9910,726],[-215,0],[-116,2],[-106,-1],[1,121],[-111,0]],[[9363,848],[0,242],[-88,0]],[[9275,1090],[-12,29],[326,316],[-6,14],[-291,3],[-153,0],[-1,-240],[-223,0],[22,-31],[34,-32]],[[8971,1149],[-137,-3],[13,-55],[-43,-1],[1,-241],[94,3],[5,-23],[26,-34]],[[8930,795],[-73,-65]],[[8857,730],[-59,-2],[-421,3],[-245,-5],[1,121],[-167,-1]],[[7966,846],[4,242],[56,1],[0,234],[2,186],[-1,60],[-111,-1],[6,660],[0,325],[-1,100],[3,227],[10,14]],[[8930,795],[152,138],[27,10],[-4,44],[-18,22],[13,13]],[[9100,1022],[27,26],[24,14],[53,-1],[33,29],[38,0]],[[9363,848],[-119,1],[-107,9],[0,-120],[-109,3],[-112,-9],[-59,-2]],[[6583,609],[46,0],[29,37],[37,-1],[36,40],[20,34],[33,21],[18,-17],[18,12],[17,-18],[26,-8],[7,18],[24,-6],[53,7],[195,-1],[321,2],[118,-2],[331,-1],[1,120],[53,0]],[[9910,726],[-1,-324],[1,-161],[0,-231]],[[9910,10],[-128,-3],[-5,-2],[-122,-1],[-647,0],[-403,0],[-563,0],[-528,1],[-481,0],[-448,1]],[[6585,6],[-1,120],[2,77],[-2,165],[-1,241]],[[6585,1449],[1,22],[0,339],[2,88],[-1,154],[1,179],[0,421],[2,249]],[[6583,609],[0,379],[2,461]],[[2525,25982],[18,-2],[598,2],[469,1],[235,-1]],[[3845,25982],[247,0],[282,1],[545,1],[400,0]],[[5319,25984],[0,-477],[1,-288]],[[5320,25219],[1,-565]],[[5321,24654],[1,-232],[0,-515],[4,-695],[-1,-120],[25,0]],[[5350,23092],[61,0],[-1,-268],[-4,-44],[1,-411],[0,-718]],[[5407,21651],[0,-240],[-4,-180],[-1,-302]],[[3679,20931],[-8,43],[21,83],[13,31],[32,92],[23,21],[16,35],[5,42],[7,9],[-5,71],[3,38],[16,53],[-16,26],[5,54],[-13,59],[-2,32],[-21,26],[-23,56],[37,15],[-11,23],[-29,5],[-12,51],[4,61],[-16,15],[-6,46],[-10,23],[-25,31],[-6,32],[22,70],[-5,28],[8,56],[-7,15],[-48,49],[-25,-21],[-8,30],[18,5],[-13,41],[18,15],[1,18],[-17,22],[15,10],[-7,43],[22,1],[7,30],[-4,23],[-25,13],[10,17],[-8,45],[-24,14],[5,35],[-21,12],[6,25],[-17,49],[5,30],[-12,31],[6,17],[-4,36],[40,20]],[[3596,22783],[21,-27],[19,22],[21,-11],[23,9],[62,-30],[11,4],[26,-22],[25,-6],[1,49],[-66,85],[67,0],[0,46],[81,10],[-40,11],[-20,33],[-18,-9],[-12,22],[-24,-4],[-31,46],[23,24],[-1,19],[-105,13],[9,27],[-50,0],[-16,34],[-5,27],[-26,0]],[[3571,23155],[-9,18],[-43,9],[4,16],[34,15],[3,17],[-26,20],[12,29],[1,34],[10,20],[6,55],[-21,14],[8,90],[-34,5],[-17,38],[-60,36],[-2,15],[20,32],[-61,30],[-9,39],[-43,-12],[-29,-19],[-20,7],[-14,47],[3,20],[25,18],[-33,15],[-36,28],[-6,26],[-18,22],[-42,32],[4,31],[-14,30],[4,38],[-36,34],[14,26],[-20,36],[-21,57],[-14,9],[-28,-17],[-14,33],[28,24],[-7,18],[-72,-12],[-10,31],[50,-2],[-11,45],[-48,-36],[-13,9],[13,27],[-2,67],[-26,-4],[5,24],[20,35],[-46,-9],[-27,8],[-11,43],[15,38],[-27,3],[0,23],[33,0],[5,21],[-19,8],[-2,18],[28,2],[-3,44],[-30,6],[25,30],[-50,33],[42,29],[-26,7],[-18,-22],[-23,14],[3,31],[-54,46],[22,13],[-32,17],[-8,16],[30,16],[-14,16],[20,15],[-1,34],[-29,9],[11,19],[-20,9],[35,41],[-26,20],[-1,22],[24,8],[-20,27],[3,16],[-16,33],[16,3],[-8,30],[-32,-7],[15,38],[-15,52],[12,18],[-42,26],[28,10],[16,-11],[13,26],[-33,-7],[-26,9],[27,32],[6,20],[-19,10],[11,30],[-32,3],[-9,20],[32,4],[3,33],[18,39],[-10,32],[-40,7],[30,35],[-24,3],[-27,-9],[-3,24],[24,7],[9,47],[-12,30],[-22,-12],[-29,20],[8,23],[19,-5],[12,29],[-48,-1],[-13,33],[-29,-21],[-4,37],[6,30],[-28,9],[-8,22],[30,14],[-49,48],[2,14],[34,4],[-2,26],[-22,-11],[-52,37],[-9,16],[25,13],[7,25]],[[3596,22783],[30,17],[7,29],[-35,-7],[-22,27],[13,33],[-20,30],[-22,14],[19,49],[9,51],[-4,24],[-25,29],[26,36],[-1,40]],[[23450,11479],[18,-113],[6,-18]],[[23474,11348],[-20,-1],[-2,-23],[-80,0],[1,11],[-70,0]],[[23474,11348],[14,-43],[3,-55]],[[23491,11250],[-1,-17]],[[23490,11233],[-61,2],[-4,-44],[-79,1],[0,-61],[-34,0]],[[23312,11131],[-11,61]],[[23490,11233],[-17,-131]],[[23473,11102],[-29,8],[-29,-9],[-3,-31],[-65,-22],[-20,7],[-20,-15]],[[23307,11040],[-13,23],[18,68]],[[22949,11307],[1,177]],[[23173,11177],[1,-23],[-9,-69],[10,-65]],[[23175,11020],[-27,23],[-32,15],[-63,15],[-45,21],[-37,37],[-22,13]],[[22949,11144],[0,163]],[[16877,17315],[51,25],[37,38]],[[16965,17378],[48,-13]],[[17013,17365],[28,-30]],[[17041,17335],[13,-35],[12,-83]],[[17066,17217],[2,-5]],[[17068,17212],[-21,-14],[-21,8],[-83,1]],[[16943,17207],[-57,0]],[[16886,17207],[-1,67],[-19,4],[11,37]],[[5319,25984],[386,1],[218,-2],[-3,122]],[[5920,26105],[118,-3],[115,1],[4,-67],[-4,-54],[182,-1],[366,-3],[0,-5]],[[6701,25973],[5,-358],[1,-422]],[[6707,25193],[-117,-1],[-174,5],[-1,53],[-214,3],[-27,14],[-52,-10],[-107,9],[-349,-1],[-115,1],[-26,-17],[-7,-35],[-14,-23],[-57,14],[-34,17],[-55,-8],[-38,5]],[[8890,25969],[176,1],[2,107],[14,17],[-14,27],[0,30],[116,-2],[0,-24],[31,-65],[3,-36],[18,-45],[6,-38],[-1,-90],[59,0],[89,40],[23,19],[21,40],[8,-24],[20,-5],[26,27],[22,-11],[102,12],[27,-3],[59,-46],[69,38],[10,16],[29,5],[3,18],[37,-8],[30,1],[7,-21],[87,40],[11,-21],[36,2],[23,-8],[56,-30],[35,-3],[34,-24],[25,7],[26,-21],[29,-6],[25,8],[2,34],[-11,29],[7,18],[130,2],[14,-18],[30,18],[209,-1],[25,3],[28,22],[25,7],[91,0],[40,-31],[130,-1],[187,2],[350,0]],[[11526,25977],[43,0]],[[11569,25977],[-2,-224],[2,-283],[1,-273]],[[11570,25197],[-231,-4],[-117,3],[-112,-1],[-3,63],[-116,2],[-45,-3],[-13,-16],[-1,-104],[-44,-3],[-243,1],[0,239],[-291,-1],[-186,-2],[0,-229],[-226,122],[-28,22],[-44,56],[-35,12],[-16,-4],[1,-64],[-45,-22],[-8,-13],[-180,0],[-5,-121],[-135,0],[-2,120],[-202,-1],[1,120],[-350,0]],[[8894,25369],[-2,241],[-2,359]],[[22516,10885],[54,37],[8,27],[0,33],[10,33],[21,27]],[[22609,11042],[-5,-72],[6,-21],[47,0],[19,6],[47,-5]],[[22723,10950],[0,-82],[17,-37]],[[22740,10831],[-130,0]],[[15466,6691],[38,28],[16,0]],[[15520,6719],[21,-1],[18,28],[30,-13],[-7,-21],[-38,0],[-8,-21],[23,-32],[11,-31],[19,-18],[27,27],[10,-25],[-32,-13],[-5,-17],[20,-16],[23,15],[29,-33],[25,-13],[-4,-18],[16,-24]],[[15698,6493],[-27,3],[-20,14],[-9,25],[-30,-12],[-46,-27],[-8,65]],[[15558,6561],[-33,36],[-59,94]],[[23430,14916],[182,-1]],[[23612,14915],[82,-1]],[[23694,14914],[-23,-46],[10,-7],[-46,-71],[-5,-41]],[[23630,14749],[0,-70]],[[23430,14593],[0,323]],[[23630,14749],[13,-24],[31,-11],[43,16],[20,-19],[30,-9],[-6,-24],[-17,-14],[-1,-47]],[[24108,13697],[-1,-220]],[[23624,13478],[-200,2]],[[23424,13480],[2,334]],[[24111,14556],[0,354]],[[24111,14910],[449,1],[263,-1],[127,-2]],[[24950,14908],[-33,-28],[-39,-14],[-18,-23],[8,-77],[14,-34],[23,-32],[11,-42],[-10,-54],[-29,-41],[-7,-40],[15,-94],[0,-64],[10,-38],[17,-35],[2,-41]],[[24914,14251],[-234,2],[0,-61],[-202,2],[-150,0],[-107,3],[-111,0]],[[23624,13307],[0,107]],[[23847,13063],[-61,12],[-20,19],[-31,5],[-3,28],[-52,-37],[-57,-13]],[[23623,13077],[1,230]],[[23623,12998],[37,-14],[44,-48],[0,-26],[33,-7],[1,-34],[51,0],[0,-28],[56,-1]],[[23845,12750],[-15,-8],[-16,-32],[-21,-19]],[[23793,12691],[-34,-19]],[[23759,12672],[-24,2],[-1,44],[-24,10],[-49,6],[-38,12]],[[23623,12746],[0,123]],[[23623,12869],[0,120]],[[23623,12989],[0,9]],[[23623,12998],[0,79]],[[23623,12147],[146,-1]],[[23769,12146],[80,2]],[[23849,12148],[56,0],[-1,-119]],[[23904,12029],[-2,0]],[[23902,12029],[-136,0]],[[23766,12029],[-136,-3],[-7,3]],[[23766,12029],[-6,-88],[-20,-62],[-29,-42]],[[23711,11837],[-86,-117]],[[23625,11720],[0,64]],[[23625,11784],[-2,241]],[[23427,11545],[74,0]],[[23501,11545],[13,0]],[[23514,11545],[112,1],[0,31]],[[23626,11577],[26,0],[0,-31]],[[23627,11220],[-45,0],[-11,30],[-80,0]],[[23902,12029],[3,-72],[-2,-134],[1,-35]],[[23904,11788],[-51,1],[-61,31],[-65,13]],[[23727,11833],[-16,4]],[[23904,12029],[171,1]],[[24074,11936],[-80,-1],[-16,-9],[5,-25],[-1,-59],[-8,-17],[21,-12],[2,-26]],[[23727,11833],[-2,-63],[10,-22],[1,-70]],[[23736,11678],[2,-132]],[[23626,11577],[-1,143]],[[26595,729],[130,2],[66,0],[471,0]],[[27262,731],[363,-1],[-1,-58],[53,-2],[4,-26],[19,-9],[30,4],[33,-12],[1,43],[165,-1],[1,60],[165,0],[2,61],[249,-1],[1,-60],[26,-37],[0,-81],[95,0],[16,-12],[0,-40],[19,-9],[91,0],[0,155],[16,25],[137,-1],[19,-10],[27,-86],[16,-81],[61,-2],[1,170],[29,10],[137,0],[-1,-180],[111,-1],[0,121],[111,-1],[6,-30],[99,1],[10,30],[52,0],[10,57],[29,48],[17,15],[416,-1]],[[29897,789],[0,-343],[-24,-21],[-31,-85],[0,-118],[-37,-32],[9,-21],[-1,-77],[-7,-34],[1,-48]],[[29807,10],[-215,1],[-223,-1],[-278,1],[-166,-1],[-182,1],[-168,-1],[-136,1],[-303,0],[-164,-2],[-117,1],[-499,-1],[-207,1],[-205,-2],[-179,2],[-167,-2]],[[26598,2165],[47,3],[3,20],[59,0],[4,15],[52,-1],[3,31],[243,-3],[16,-25],[14,7],[0,25],[17,-1],[36,-49],[13,-34],[28,20],[-8,44],[32,5],[11,15],[43,12],[18,-6],[-20,-49],[1,-212],[-29,-18],[-22,2],[-17,-34],[12,-5],[-3,-254],[0,-162],[110,0]],[[27261,1511],[1,-128],[29,0],[1,-177],[3,-115],[-34,0],[0,-182],[1,-178]],[[28537,2885],[2,-19],[125,-46],[40,-33],[2,-22],[-106,0],[-4,-18],[-25,-17],[5,-41],[-5,-23],[31,-20],[1,-51],[32,-41],[-23,-34],[-26,-24],[28,-37],[-31,-16],[-11,-17],[8,-53],[29,3],[-12,-35],[-1,-174]],[[28596,2167],[-1,-100],[-6,-16],[-22,-4],[0,-117],[10,-3],[102,1],[-1,-57],[-19,-3],[-33,-40],[9,-25],[27,-36],[4,-45],[-17,-55],[-21,-21],[-33,-15],[-1,-100],[-24,13],[-14,-6],[-191,-2],[-60,-25],[-27,-5],[-220,-1],[-32,3],[-169,0],[-23,2],[-151,0],[-25,7],[-33,41],[-24,12],[-98,-1],[-24,-20],[-29,-10],[-134,-16],[-55,-12]],[[30468,2883],[120,0]],[[30588,2883],[-1,-91],[1,-478]],[[30588,2314],[-38,9],[-11,-40],[-28,4],[-32,-39],[-3,-33],[3,-49],[-20,-4],[-1,-28],[-25,-2],[-26,-25],[-28,2],[18,33],[-5,37],[14,36],[-4,38],[5,44],[-19,76],[-29,-1],[-16,-40],[-40,-27],[-9,-23],[-34,0],[-30,8],[-23,-8],[-66,-1],[-23,23],[-48,25],[-37,-33],[-40,-21],[-41,-6],[-33,16],[-36,26],[-44,1],[3,28],[-16,10],[-51,-43],[-24,-4],[17,-46],[-40,10],[-55,3],[-8,9],[-2,36],[-19,9],[-15,21],[-4,24],[-63,14],[-25,24],[-33,74],[-24,16],[-2,26],[-63,-3],[-18,28],[-28,2],[1,-139],[-1,-176],[-12,-12],[-37,-5],[-47,48],[-30,1],[-34,-18],[-22,-50],[-40,-12],[-47,-2],[-4,-28],[28,-46],[-22,-11],[-38,9],[-32,-3],[-19,9],[-26,-11],[-30,0],[-15,36],[-17,-3],[-4,-29]],[[28921,2108],[-4,18],[-52,-15],[-36,25],[-119,0],[-8,12],[-57,18],[-49,1]],[[28921,2108],[10,-20],[-3,-27],[10,-14],[31,-17],[56,-20],[23,-26],[14,-39],[31,-16],[1,-21],[15,-14],[61,5],[28,-17],[-2,-34],[7,-41],[-28,-5],[-23,-27],[-25,12],[-32,30],[-29,-40],[8,-27],[51,-1],[3,-15],[24,-20],[23,-3],[21,42],[52,-37],[13,-41],[38,-30],[46,-9],[15,-33],[45,-36],[6,-53],[13,-34],[12,-56],[25,-1],[26,23],[39,1],[10,-24],[51,-9],[115,1],[37,32],[129,0],[14,15],[41,-1],[0,-107],[-13,-12],[15,-35],[13,-9],[-16,-23],[1,-60],[-19,-8],[19,-70],[-16,-2],[-10,-34],[3,-34],[22,-49],[-35,-13],[-3,-42],[27,-43],[3,-27],[-17,-17],[0,-87]],[[21913,12127],[25,60]],[[21938,12187],[1,-45]],[[21939,12142],[0,-44]],[[21939,12098],[0,-45]],[[21882,12053],[8,30],[23,44]],[[21413,12063],[10,-31]],[[21424,11913],[-27,4],[-54,-9]],[[22081,11846],[-28,-1]],[[22053,11845],[0,60]],[[22053,11905],[-1,60]],[[19308,13126],[25,11],[13,-22],[35,-7],[56,19],[26,49],[28,23],[-5,58],[19,19],[3,36],[29,89],[47,73],[26,23],[27,45],[9,38],[36,45],[28,17],[30,54],[15,11]],[[19755,13707],[28,-2]],[[19951,13657],[1,-659]],[[19952,12998],[-307,-6],[-359,-5]],[[19286,12987],[20,27],[0,40],[20,43],[-18,29]],[[21053,13007],[10,54],[-6,86],[6,46],[22,10]],[[21085,13203],[58,-8]],[[21143,13195],[2,-199]],[[21145,12996],[-48,0],[-9,-7],[-38,8]],[[21480,12213],[81,-1]],[[21561,12212],[-17,-39],[-6,-42],[6,-18]],[[21544,12113],[-65,-19]],[[21479,12094],[1,119]],[[22014,12501],[79,-6]],[[22093,12495],[0,-54]],[[22093,12441],[-84,2]],[[22301,12152],[31,-39]],[[22332,12113],[-88,0]],[[22244,12113],[0,42]],[[19952,12998],[85,-3],[57,1],[321,1],[224,-1]],[[20639,12996],[-1,-193],[9,-8]],[[20647,12795],[-9,0],[0,-224]],[[20638,12571],[0,-121]],[[20295,12453],[-169,3],[-173,0]],[[19953,12456],[-2,480],[1,62]],[[20708,11715],[108,58],[44,12]],[[20860,11785],[52,12]],[[20912,11797],[-14,-25],[0,-95],[7,-42]],[[20905,11635],[-43,17],[-62,7]],[[20800,11659],[-21,7],[-19,18],[-52,31]],[[20912,11797],[77,18],[43,13]],[[21032,11828],[5,-61],[6,-25]],[[21043,11742],[-59,-61],[-64,-45],[-15,-1]],[[20634,11718],[46,-7],[28,4]],[[20800,11659],[1,-93],[4,-8]],[[20647,11551],[-15,0]],[[20632,11551],[2,167]],[[21827,12502],[78,-1]],[[21905,12501],[0,-56]],[[21888,12445],[-43,10],[-18,29]],[[21827,12484],[0,18]],[[22165,12441],[0,60]],[[22165,12501],[56,0]],[[22221,12501],[57,0],[41,62]],[[22385,12501],[-54,-35],[-32,-8],[-58,12],[-18,-18],[-7,-50],[10,-21],[-32,0]],[[22194,12381],[-8,0]],[[22164,12420],[1,21]],[[21882,12382],[-55,-1]],[[21827,12381],[0,61]],[[22093,12441],[15,0]],[[22108,12441],[0,-27]],[[22108,12441],[57,0]],[[21613,14572],[0,60]],[[21613,14632],[170,0]],[[21783,14632],[-2,-227],[-4,-16],[34,-12],[26,-24]],[[21837,14353],[2,-81]],[[21839,14272],[-92,3],[-193,-1]],[[21554,14274],[0,67],[6,38],[48,55],[4,12],[1,126]],[[20701,14936],[59,0]],[[20760,14936],[-2,-111],[6,-22],[55,-45],[25,-12],[13,-28],[20,-16],[40,-18],[9,-15],[0,-111]],[[20926,14558],[0,-162],[-114,53],[-33,19],[-31,34],[-56,39]],[[20692,14541],[6,275],[3,120]],[[20760,14936],[297,-1]],[[21057,14935],[9,-37],[30,-51],[-1,-39],[2,-136],[2,-9]],[[21099,14663],[-3,-53],[-23,-12],[-27,-27],[-5,-28],[-57,0],[0,15],[-58,0]],[[21224,14514],[157,-1],[0,60]],[[21381,14573],[19,-3],[2,-30],[25,-35],[-18,-24],[-27,-10],[-7,-18]],[[22948,12809],[108,1],[0,-64],[9,0]],[[23065,12746],[-25,-22],[0,-183]],[[23040,12541],[0,-37]],[[23040,12504],[-90,0]],[[22950,12504],[0,12]],[[22950,12516],[-2,233]],[[22948,12749],[0,60]],[[23040,12504],[2,-120]],[[23042,12384],[-92,0]],[[22950,12384],[0,120]],[[23040,12541],[63,-9],[45,0],[23,7]],[[23171,12539],[31,11],[30,0]],[[23232,12550],[-29,-64],[-28,-40],[-4,-61]],[[23171,12385],[-56,0]],[[23115,12385],[-73,-1]],[[23226,12749],[110,2]],[[23336,12751],[3,-7]],[[23341,12549],[-109,1]],[[23171,12539],[-1,146],[57,0],[-1,64]],[[23351,12385],[-66,1]],[[23285,12386],[-114,-1]],[[28385,27170],[23,9]],[[28505,27172],[47,27]],[[28594,26967],[-104,-1],[-46,-4],[-49,-30]],[[28395,26932],[-98,104]],[[28297,27036],[54,59]],[[28617,27603],[19,-7],[8,-24],[60,0]],[[28704,27572],[-3,-20]],[[28701,27552],[-10,-5],[-83,-96],[-6,-4]],[[28602,27447],[-4,45]],[[28598,27492],[-17,21],[0,61],[6,23],[30,6]],[[28166,26915],[1,72],[47,37]],[[28214,27024],[46,21],[37,-9]],[[28395,26932],[-70,-45],[-30,-41],[0,-54],[10,-23],[-26,-77],[-14,-8],[-36,7],[-67,33],[-32,-17]],[[22233,13907],[1,63]],[[22346,13783],[-114,3]],[[22232,13786],[0,62]],[[15424,6756],[42,-65]],[[15558,6561],[-35,7],[-17,-24],[-50,-29],[-37,-12],[-14,13],[-1,33],[-8,18],[-29,-6],[-58,24]],[[15309,6585],[5,66],[31,35]],[[21325,11099],[41,40],[3,-19],[27,-43],[5,-29],[28,-27],[18,33],[7,40],[-2,28],[23,82],[24,25],[20,10]],[[21509,10859],[-102,0],[0,70],[-25,20],[-56,0]],[[21197,13715],[111,-2]],[[21308,13713],[-1,-118]],[[21827,12381],[-57,1]],[[21770,12382],[0,61]],[[22165,12517],[0,-16]],[[21025,12688],[-20,-97],[18,4],[26,-12],[22,-33],[-8,-26],[12,-35],[20,-5],[1,-50],[7,-15]],[[20986,12316],[9,108],[-20,0],[0,40],[-58,-4]],[[20863,12606],[0,113]],[[20523,12033],[72,0],[20,59],[21,31],[64,0],[15,-8],[35,-49]],[[20719,11861],[-59,-24],[0,-46],[-14,-31],[-14,1],[0,-44]],[[20632,11717],[-55,-12],[0,57],[-28,0],[0,30],[-46,2],[-5,-12]],[[20498,11782],[-34,11],[-26,26]],[[22162,11396],[-1,-90]],[[22161,11306],[-55,-1]],[[21770,12652],[56,0]],[[21826,12652],[1,-90]],[[21827,12562],[-57,0]],[[21462,13101],[42,-3],[59,-13]],[[21563,13085],[28,-1]],[[21596,12997],[-89,0]],[[21507,12997],[-45,104]],[[20294,11550],[24,4],[42,30]],[[20360,11584],[23,24],[15,-19],[27,5],[13,15],[26,-1],[4,28],[52,31],[0,40],[-28,27],[-2,40],[8,8]],[[20632,11717],[2,1]],[[20632,11551],[-160,-2]],[[20472,11549],[-102,0]],[[20370,11549],[-56,1]],[[20314,11550],[-20,0]],[[21938,11965],[-56,0]],[[21806,10924],[36,28],[14,2],[16,-25],[-11,-15],[-7,-35],[10,-27],[-22,-20]],[[21842,10832],[-12,-22],[-24,0],[-41,-24],[0,45]],[[21591,13084],[-3,88],[15,4]],[[21554,14213],[139,1]],[[21674,14056],[-11,4],[-1,-89]],[[21662,13953],[-42,50]],[[21620,14003],[-93,88]],[[16764,31105],[35,18],[7,-18],[45,-13],[31,8],[22,-33],[18,13],[27,-2],[26,10],[32,-26],[16,-27],[5,-31],[32,-35],[34,-1],[29,12],[67,-21],[14,15],[56,21],[21,-2],[38,19],[27,-32],[28,-5],[63,16],[63,-10],[39,4],[27,10],[13,18],[64,25],[27,24],[-4,16],[41,37],[26,1],[46,-22],[66,-12],[32,9],[26,39],[20,2],[41,-11],[19,-19],[1,-20],[31,-40],[30,-3],[42,-35],[16,-5],[11,-28],[30,14],[20,29],[41,24],[12,23],[-3,36],[53,174],[-1,32],[16,23],[38,9],[9,44],[45,38],[92,45],[20,40],[37,24],[-1,24]],[[19097,30891],[20,-37],[60,-18],[21,-33],[23,-20],[20,19],[-2,-481]],[[19239,30321],[0,-363],[-1,-284],[-5,-373]],[[19229,27412],[-551,4],[-400,2],[-47,-1]],[[18231,27417],[71,105],[-4,24],[-26,20],[4,34],[21,49],[1,128],[-3,118],[-3,35],[-12,55],[14,71],[0,67],[8,42],[-6,36],[-1,180],[4,321],[4,8],[4,76],[5,29],[-53,31],[-34,3],[-45,11],[-102,0],[-14,-14],[-2,-26],[-43,-26],[-31,-32],[-46,-2],[-49,11],[-13,-3],[-32,63],[-22,8],[-3,28],[-14,11],[-9,38],[14,11],[2,47],[-17,0],[1,35],[14,44],[23,52],[-1,39],[-33,21],[-38,105],[19,32],[40,29],[4,48],[-7,18],[5,38],[-288,-36],[-163,19],[17,8],[13,23],[6,67],[-15,33],[33,25],[-22,49],[1,19],[30,71],[-3,50],[-27,33],[20,15],[-9,28],[-35,41],[-39,79],[29,112],[-10,46],[-20,9],[-4,26],[30,6],[-4,25],[-33,2],[-24,45],[2,22],[-12,25],[4,19],[-19,29],[-10,54],[-16,2],[-27,26],[-51,-12],[-56,9],[-33,-15],[-22,23],[-31,19],[-43,-8],[3,80],[-26,188],[-14,40],[-124,198],[-50,105],[-20,71]],[[14300,31373],[122,-5],[-1,59],[92,-1],[-11,-118],[89,0],[29,-12],[44,-2],[105,-12],[61,-25],[32,-22],[38,-15],[18,-48],[158,-168],[2,-23],[-63,-135],[-7,-31],[-1,-72],[78,-1],[26,-10],[-1,-57],[-9,-54],[-7,-160],[114,-4],[82,5],[265,3],[135,6],[221,1]],[[15911,30472],[-21,-147],[-10,-106],[-15,-124],[1,-30],[15,-102],[29,-119],[22,-102],[14,-177],[-15,-73],[-17,-6],[2,-25],[44,-7],[-1,-164],[66,-8],[18,-7],[31,-26],[37,2],[34,-7],[40,-56],[15,-13],[4,-111]],[[16204,29064],[-50,-36],[-38,-2],[-25,6],[-58,-11],[-13,-32],[-29,-42],[-20,-8],[-14,-20],[-33,-22],[-49,16],[-92,35],[-6,7],[-79,12],[-39,-5],[-37,8],[-36,-7],[-17,17],[-18,3],[-82,-47],[-62,8],[-25,-4],[-32,17],[-15,-3],[-30,28],[-10,29],[-59,39],[-29,-8],[-65,1],[-32,11],[-50,-25],[-8,-24],[-21,16],[-33,10],[-33,-4],[23,-40],[44,-50],[25,-18],[6,-15],[-8,-52],[-19,-7],[-24,-56],[-18,-30]],[[14994,28759],[-61,-1],[-25,-71],[-2,-45],[-29,-7],[-39,11],[-48,-1],[-21,-11],[-59,-1],[-10,-5],[-25,-47],[-13,-9],[-73,-1],[0,-16],[-34,-9],[-9,46],[0,42],[-33,30],[-38,-1],[-61,12],[-66,8],[-21,-9]],[[14994,28759],[83,0],[-8,-91],[12,-119],[15,-30],[54,6],[32,-7],[44,0],[29,6],[42,20],[44,-7],[32,-19],[58,0]],[[15431,28518],[-2,-340],[-22,-21],[-208,1],[-2,-482],[228,1],[17,19],[33,17],[16,17],[41,5],[41,-11],[25,12],[65,1],[3,46],[10,14],[350,-1]],[[16026,27796],[-1,-72],[-55,-49],[-5,-28],[-34,-70],[13,-103],[21,-39],[116,-1]],[[16081,27434],[0,-93],[-4,-48],[1,-220]],[[16078,27073],[-119,1],[-241,1],[-2,-142],[-11,-30],[-3,-36],[-15,-24],[4,-28],[20,-19],[2,-58],[21,-25],[-101,-1],[-573,0],[-22,8],[-27,-7],[7,373],[-6,9],[12,39],[42,0],[11,11],[-4,49],[-53,3],[4,178],[-157,-1],[-43,-9],[-66,6],[-43,0],[-28,17],[-14,22],[-21,12],[-31,5],[-116,-4],[-184,-4]],[[15911,30472],[17,73],[25,58],[59,92],[48,59],[66,58],[78,55],[40,23],[26,24],[1,-80],[28,2],[33,17],[64,72],[45,65],[6,24],[29,55],[23,22],[52,91],[32,3],[21,17],[36,-31],[11,-28],[41,-5],[12,-22],[60,-11]],[[18231,27417],[-295,2],[-132,-4],[-333,0],[-181,5],[-187,8]],[[17103,27428],[-461,3],[-46,-1],[-152,2],[-79,-1],[-284,3]],[[16026,27796],[30,8],[1,82],[26,1],[36,28],[82,-1],[2,237],[310,-3],[36,9],[30,-17],[35,-1],[66,29],[46,-21],[194,-4],[205,0],[-1,38],[-10,26],[-62,67],[-10,26],[-31,32],[-46,26],[-11,28],[-17,14],[-61,6],[-31,31],[31,53],[59,74],[7,34],[-7,65],[-15,25],[16,21],[37,4],[28,41],[18,37],[0,72],[-168,4],[-24,32]],[[16827,28899],[-13,36],[-38,27],[-25,55],[-22,3],[-29,-16],[-39,-12],[-52,-1],[-55,9],[-43,19],[-124,-27],[-35,-36],[-19,-2],[-34,15],[-7,26],[-19,16],[-28,41],[-22,21],[-19,-9]],[[16078,27073],[-1,-167],[-11,-193],[-2,-234],[0,-128],[4,-115],[0,-247],[80,-2]],[[16154,25244],[-25,-23],[-30,0],[-18,12],[-23,-5],[-9,-31],[-57,-46],[-29,-2],[-23,14],[-9,70],[13,30],[-403,-1],[-202,1],[-237,-3],[-125,0],[-226,-3],[1,-116],[-234,-2]],[[14518,25139],[-169,-2],[-1,120],[-428,-1],[-25,-70],[8,-20],[-21,-48],[-48,20],[-15,23],[-36,-29],[-35,-4],[-28,-29],[-18,-31],[-33,-4],[-10,-13]],[[13659,25051],[-4,445],[0,174],[-3,306],[-31,7],[0,115]],[[13621,26098],[-1,360],[-2,244],[-3,719]],[[14264,32452],[234,0],[148,3],[233,3],[75,0],[293,8],[311,-1],[115,1],[4,139],[-3,135]],[[21145,12996],[168,1]],[[21313,12858],[-111,7]],[[21202,12865],[-42,-3],[-36,-17],[-97,-5]],[[21202,12865],[-2,-71],[1,-67]],[[21201,12727],[-35,3],[-59,-16],[-39,-22]],[[21068,12692],[-24,-9],[-19,5]],[[9135,38781],[1,-299],[3,-99],[4,-504],[1,-268],[-1,-93],[53,0]],[[9196,37518],[3,-183],[0,-177],[1,-360]],[[9200,36798],[-239,3],[-173,6],[-158,1],[-137,6]],[[8493,36814],[-2,236],[-123,0],[-265,2],[-223,0],[-256,1],[-326,-1],[-179,-3],[-57,2],[-120,-3],[-187,-2],[-170,0],[-126,-2]],[[6459,37044],[-2,63],[2,179],[-94,-2],[-7,5],[4,117],[-4,105],[-95,0],[-2,222],[-1,382]],[[6070,38298],[-9,29],[-17,11],[1,27],[-19,0],[6,242],[-121,0],[-20,-15],[-16,12],[-19,-15],[-17,15],[-53,-1],[-2,-120]],[[5784,38483],[-61,-1],[-2,-121],[-59,-1]],[[5662,38360],[-119,-4],[6,120],[-4,192],[4,53],[118,-6],[5,60]],[[5916,38336],[-44,8],[0,42],[-34,0],[-25,46],[1,45],[-30,6]],[[5662,38360],[-3,-241],[190,3],[-9,-28],[27,-2],[12,-13],[-21,-18],[-27,-6],[-11,-20],[12,-33],[69,0],[2,121]],[[6459,37044],[-79,-1],[-80,3],[-68,-4],[-122,-3],[-243,1],[-14,-1],[-222,-2],[-413,2],[-315,4],[-468,-1],[-234,2]],[[19099,33463],[17,21],[4,22],[21,27],[36,-9],[26,27],[24,7],[23,26],[25,1],[11,-24],[24,-11],[-2,-26],[10,-18],[48,-33],[48,-9],[5,27],[29,18],[29,-6],[19,19],[-1,36],[8,20],[-6,25],[17,9],[24,-9],[25,3],[21,-9],[40,92],[75,-1],[18,19],[-2,205],[6,13],[81,-25],[39,-23],[97,-108],[1,-40],[-13,-33],[1,-63],[13,-62],[23,-49],[22,-18],[21,15],[54,8],[47,39],[131,1],[13,19],[50,-4],[34,-9],[40,27],[23,6],[-4,-29],[9,-73],[27,-54],[10,-77],[0,-76],[14,-30]],[[19733,31966],[-18,-16],[-1,-142],[-23,-22],[0,-98],[-51,2],[-4,-174],[-4,-13]],[[19632,31503],[-113,69]],[[21712,11306],[-3,-163]],[[21709,11143],[0,-45]],[[21709,11098],[-38,-1],[-13,36],[-36,14],[-17,44],[-11,5]],[[21709,11019],[0,79]],[[21709,11143],[34,-11],[80,-1]],[[21823,11131],[1,-60],[77,-1]],[[21901,11070],[14,-36]],[[21915,11034],[-34,-24],[-40,-42],[-35,-23]],[[26030,8913],[0,-25],[23,-25],[40,-1],[66,49],[52,16],[34,-28],[31,-18],[74,-30],[49,17],[27,2],[36,-17]],[[26462,8853],[-79,-17],[-30,-21],[35,-32],[29,-13],[63,-20],[51,-36],[81,-37],[-5,-45],[-9,-24],[-42,-48],[-71,-26],[-124,-22],[-56,3],[-34,16],[-30,21],[-52,1]],[[26189,8553],[6,65],[8,21],[28,38],[10,77],[-6,11],[-59,32],[-26,24]],[[26150,8821],[-31,29],[-49,-30],[-4,-18],[-30,7],[-33,-46],[-27,-8],[-6,-18],[-33,-8]],[[25937,8729],[3,87],[19,22],[13,37],[22,34],[36,4]],[[25026,10081],[67,-71],[111,-116],[32,-26],[45,-52],[56,-82],[63,-76],[50,-44],[90,-48],[42,-25],[56,-85],[9,-40],[0,-46],[-17,-56],[4,-48],[15,-21],[33,-16],[37,6],[31,-3],[33,-33],[29,-17],[10,-35],[22,-16],[18,9],[24,34],[46,-14],[39,-59],[25,-56],[39,-61],[6,-30],[-11,-41]],[[25937,8729],[-6,-21],[-27,-42]],[[25904,8666],[-32,-40],[-43,15],[-23,-13],[-38,-2],[-30,12],[-40,-5],[0,-154],[-113,2],[0,-63],[-20,3],[-34,19],[-7,18],[-24,16],[-12,21],[-61,-1],[-11,13],[11,46],[-10,23],[-25,-6],[-12,16],[-29,18],[-25,-8],[-19,7],[-73,-2],[-26,37],[27,43],[16,-2],[20,20],[-14,19],[-24,14],[13,16],[-21,20],[33,58],[20,17],[45,5],[35,26],[15,0],[21,22],[-12,28],[4,46],[-19,35],[-61,9],[-25,-3],[30,57],[-20,11],[-24,39],[-34,21],[-41,1],[3,91],[21,12],[22,-1],[29,-18],[49,10],[45,43],[0,91],[-9,22],[-34,19],[3,-27],[-16,-21],[-57,36],[-3,35],[-20,29],[-21,18],[-6,25],[-18,3],[-52,95],[-36,36],[-22,42],[-6,25],[-40,-2]],[[25024,9703],[2,213],[0,165]],[[20395,30879],[208,4]],[[20603,30883],[-1,-121],[-11,-53],[-34,-38]],[[20557,30671],[-222,-3]],[[20335,30668],[1,156],[12,25],[47,30]],[[19101,33554],[19,1],[-2,75],[14,33],[26,11],[72,0],[10,13],[2,157],[-1,149],[-3,29],[47,25],[93,0],[-1,247],[1,174],[43,2],[23,21],[34,-11],[49,15],[30,-24],[3,-25],[59,-10],[27,2],[141,-3],[14,6],[22,-22],[-19,-67],[0,-158],[11,-28],[66,-1],[71,-16],[2,37],[20,15],[-9,15],[2,48],[28,24],[22,62],[15,0],[28,23],[14,0],[44,66],[16,-21],[20,-6],[15,-53],[32,-12],[16,-30],[-6,-15],[7,-50],[11,-20],[-9,-61],[21,-40],[15,-7],[65,-5],[31,13],[46,3],[1,33],[19,2],[60,30],[3,34],[24,17],[23,3],[13,21],[17,-12],[33,7],[0,32],[39,36],[-5,31],[20,17],[5,21],[24,21],[-5,36],[-11,22],[-29,23],[-20,39],[27,60],[9,34],[-70,96],[-28,21]],[[20547,34759],[77,1],[5,24],[24,34],[39,18],[-2,65],[-59,22],[-10,43],[-45,47],[7,19],[-19,59],[6,53],[-47,27],[1,19],[20,9],[-13,33],[13,9],[-9,48],[11,33],[46,17],[34,43],[53,4],[46,-7],[106,4],[52,-27],[21,7],[23,24],[5,21],[37,38],[8,40],[30,13],[7,31],[39,0],[32,-17],[40,-4],[21,-21],[13,-32],[42,-21],[19,9],[3,20],[29,13],[9,26],[14,6],[23,40],[-29,50],[4,38],[-60,24],[15,29],[2,28],[16,10],[2,28],[-25,20],[-34,77],[-30,53],[-17,43],[-15,22],[-55,22],[1,121],[-4,188],[5,13],[39,33],[-34,24],[4,74],[-4,26]],[[21079,36472],[376,-3],[75,-2],[710,-3],[176,-4],[196,0],[118,-3],[113,1],[246,-9]],[[23089,36449],[0,-117],[-16,-460],[0,-192],[4,-118],[3,-179],[-2,-59],[3,-59],[2,-237],[114,-2],[1,-184],[-3,-121],[-5,-65],[-5,-137],[0,-140],[-4,-144],[3,-60],[5,-173],[0,-78],[-4,-357]],[[23185,33567],[-1,-20]],[[22462,33578],[7,23],[0,183],[-17,49],[-40,22],[-63,-16],[-35,8],[-36,-34],[-11,-25],[-15,-9],[-56,0],[-46,-36],[-21,-12],[-24,-28],[-31,0],[4,-33],[-7,-24],[3,-50],[-41,-15],[-26,3],[-51,66],[-47,11],[-30,71],[-58,16],[-63,28],[-16,14],[-45,12],[-24,17],[-22,77],[-60,38],[-14,-14],[-60,15],[-14,-7],[13,-27],[-6,-35],[-35,-17],[-16,-395]],[[15659,35625],[3,442]],[[15662,36067],[240,4],[394,-3],[300,0],[284,2],[125,2],[285,2],[694,7],[695,-4],[49,-2],[500,-3]],[[19228,36072],[0,-199],[2,-456],[7,-349],[135,-3],[80,2],[288,-6],[144,-2],[173,1],[122,-2],[162,-5],[1,119],[26,-15],[7,16],[85,-1],[0,-117],[48,-1],[0,-232],[-50,-1],[89,-62]],[[15682,33553],[7,362],[-10,58],[-5,60],[-1,235],[-3,179],[-1,179],[-5,0]],[[15664,34626],[-7,385],[1,456],[1,158]],[[20783,32060],[1,-190],[25,-10],[5,-26],[57,-3],[5,-56],[83,0],[0,-166],[-29,-14],[2,-145]],[[20932,31450],[-40,-53],[-11,-56],[20,-108],[-10,-129],[9,-71],[237,1],[79,-34],[42,-11],[77,-26],[69,-1]],[[21370,30548],[-94,59],[-25,24],[-67,45]],[[21184,30676],[-37,25],[-249,141],[-32,58],[-24,13],[-38,5],[-138,68]],[[20666,30986],[-25,10],[-54,2],[0,8],[-114,0],[-33,8],[-48,33]],[[20392,31047],[-91,78],[-39,22],[-112,54]],[[20150,31201],[3,100],[22,34],[9,56],[-22,63],[2,53],[47,0],[10,-30],[117,0],[97,6],[141,-4],[-8,19],[-149,125],[-20,56],[-26,38],[-1,53],[-10,100]],[[20520,31043],[0,-11],[93,0],[0,-17],[43,0],[0,17],[40,0],[-1,60],[-58,1],[-10,13],[-48,0],[0,-52],[-60,0],[1,-11]],[[22334,32246],[-149,-2],[-27,31],[-1,57],[-10,22],[9,19],[-1,169],[-192,0],[-39,64],[-20,18],[-14,64],[-36,33],[-22,-12],[-74,-10],[-11,-29],[21,-13],[19,-43],[-13,-35],[-30,-2],[0,-41],[-32,-18],[-69,22],[-134,0],[1,-358],[-2,-4],[-92,-3],[-52,2],[-28,-26],[-24,-1],[-34,17],[-9,-12],[-25,32]],[[23168,32132],[12,-1],[1,-193],[-2,-116]],[[21673,31485],[-11,29],[-32,17],[-27,23],[-29,35],[-41,69],[-13,9],[-25,-20],[-77,-99],[-27,-23],[-44,-18],[-74,-11],[-15,-14],[-73,0],[-57,-17],[-20,-17],[-41,-1],[-56,-7],[-79,10]],[[20150,31201],[-58,34],[-46,21],[-172,110],[-111,63],[-102,61],[-29,13]],[[19228,36072],[0,169],[3,267],[282,-2],[0,-11],[121,2],[119,-1],[454,2],[150,3],[147,-8],[491,-19],[84,-2]],[[20392,31047],[-28,-18],[-86,2],[1,-51],[29,-32],[13,-31],[14,-7],[45,0],[15,-31]],[[20335,30668],[26,-75],[28,-50],[52,-60],[36,-49],[-15,-40]],[[20462,30394],[-7,14],[-44,17],[-1,31],[-42,43],[-17,11],[-16,-47],[1,-280],[-149,-2],[-34,15],[-41,-7],[-76,-22],[-59,4],[-37,-9],[-28,10],[-77,-23],[-13,6],[8,89],[38,30],[27,6],[8,30],[24,11],[27,42],[-13,28],[-39,-19],[-66,-17],[-24,-2],[-16,12],[-44,19],[-50,13],[-35,2],[-29,-9],[-18,-22],[-32,-12],[-14,6],[-12,30],[-29,-7],[-28,5],[-21,15],[-23,-28],[-20,-1],[-83,-61],[-79,-2],[-40,8]],[[20462,30394],[-6,-77],[128,-1],[60,-32],[28,-4],[47,-28],[16,-23],[43,-5],[33,25],[16,0],[29,-21],[12,-64],[82,-6],[32,17],[35,50]],[[20603,30883],[41,0],[18,8],[4,95]],[[21184,30676],[-323,-3],[-304,-2]],[[3258,28145],[-4,120],[117,-1],[55,-3],[62,5],[118,2],[235,0]],[[3841,28268],[3,-718]],[[3844,27550],[1,-120],[-4,-482]],[[3841,26948],[-381,-1],[-512,717]],[[2948,27664],[-83,117]],[[2576,27946],[69,0],[0,9],[83,0],[1,12]],[[21043,11742],[3,-50],[19,-80]],[[21065,11612],[11,-58]],[[21076,11554],[-19,-1]],[[21057,11553],[-44,1]],[[21013,11554],[-86,-1]],[[20793,12273],[13,0]],[[20806,12273],[178,1]],[[20807,12095],[-1,59],[29,14],[56,0],[0,46],[-47,0],[-14,26],[-35,4],[-2,29]],[[21201,12727],[112,1]],[[21202,12634],[-1,93]],[[27461,22130],[-1,-75],[1,-289],[-1,-187],[-2,-127],[0,-85],[-19,-11],[-62,-9],[-30,-20],[-29,-2],[-58,-34],[-31,-48],[-16,-60],[-3,-34],[-24,-37],[-3,-23],[7,-52],[-11,-59],[-27,-32],[-7,-60],[-42,-25],[-23,-2],[-59,9],[-61,29],[-49,15],[-54,40],[-43,24],[-59,-4],[-62,-31],[-21,-15],[-37,-42],[-11,-36],[0,-22],[-41,-72],[-11,-36],[2,-27],[-21,-25],[-30,-17],[-11,-23],[6,-30],[12,-10],[-18,-33],[-46,-27],[-44,8],[-18,14],[-45,1],[-58,35],[-95,32],[-31,0],[-30,-16],[-40,-34],[-44,-64],[-23,-18],[-5,-60],[5,-31],[-8,-39],[-20,-9],[-36,-2],[-31,-18],[-37,-3],[-39,-18],[-49,-37],[-63,-5],[-42,-26],[-41,-31],[-39,7],[-28,-21],[-24,3],[-23,14],[-17,-7]],[[25541,20201],[-17,18],[-15,-13],[-39,17],[-15,-9],[-15,23],[-35,7],[-18,22],[10,24],[-13,27],[-5,42],[20,22],[9,26],[-6,23],[-24,16],[9,24],[-3,25],[-27,34],[14,11],[1,44],[22,19],[45,55],[-5,19],[11,19],[-7,23],[-16,6],[-20,31],[6,18],[-1,36],[28,26],[-11,27],[9,40],[-11,27],[-24,8],[-7,26],[1,34],[-12,27],[15,53],[20,51],[7,38],[-5,57],[6,22],[-51,47],[-20,4],[-27,-18],[-5,39],[-16,15],[19,41],[-29,10],[8,40],[21,18],[1,372]],[[25541,20201],[-4,-20],[9,-45],[-4,-12],[-91,0],[-22,-14],[-38,-40],[-22,-15],[-33,-35],[3,-38],[-65,-42],[-18,-18],[-56,-35],[-31,-5],[-34,-31],[-41,-63],[-13,-9],[-47,-95],[-12,-15],[-31,-69],[10,-34]],[[23042,12384],[3,-122]],[[23045,12262],[-30,-3],[0,-25],[-65,0]],[[22950,12234],[0,68]],[[23285,12386],[0,-60]],[[23285,12326],[-3,-39],[-11,-9]],[[23271,12278],[-38,33],[-3,14],[-30,0],[0,-30],[-28,0]],[[23172,12295],[0,15],[-28,0],[0,-15],[-28,-1]],[[23116,12294],[-1,91]],[[22950,12234],[0,-22]],[[22950,12212],[-113,-1]],[[22837,12211],[0,42]],[[23045,12262],[29,2],[42,30]],[[23116,12294],[0,-89]],[[23116,12205],[-43,-1]],[[23045,12203],[0,59]],[[23172,12295],[0,-60]],[[23172,12235],[0,-30]],[[23172,12205],[-56,0]],[[23271,12278],[6,-12]],[[23277,12266],[12,-25]],[[23289,12241],[-3,-5]],[[23286,12236],[-114,-1]],[[22724,12232],[45,2],[68,19]],[[22837,12211],[0,-44]],[[22837,12167],[-85,8],[-28,6]],[[22724,12181],[0,51]],[[23036,12149],[-88,-2]],[[22948,12147],[2,65]],[[23623,12349],[135,47]],[[23758,12396],[-2,-45],[11,-144]],[[23767,12207],[-145,0]],[[23381,12938],[19,51]],[[23400,12989],[223,0]],[[23623,12869],[-57,-1]],[[23566,12868],[0,60],[-173,2],[-12,8]],[[23566,12868],[-198,1]],[[23368,12869],[-13,0]],[[23355,12869],[9,51],[17,18]],[[23453,13247],[69,31]],[[23522,13278],[-16,-42],[-22,-75],[-48,-82]],[[23436,13079],[-27,15],[0,15]],[[23409,13109],[1,60],[-11,30],[54,0],[0,48]],[[23227,13109],[182,0]],[[23436,13079],[-36,-90]],[[23355,12869],[-102,0]],[[23253,12869],[0,23],[-24,40],[32,32],[-6,26],[-1,59],[-27,1]],[[23227,13050],[0,59]],[[23200,12169],[52,18],[25,25],[9,24]],[[23289,12241],[-6,-95]],[[23283,12146],[-41,-1],[-14,-15]],[[23228,12130],[-28,0]],[[23200,12130],[0,39]],[[23277,12266],[93,-1]],[[23370,12265],[0,-22],[14,-22],[0,-29],[-43,0],[0,-46]],[[23341,12146],[-58,0]],[[22612,12353],[57,1],[0,30]],[[22669,12384],[56,1]],[[22725,12385],[0,-37]],[[22725,12348],[-42,6],[0,-26],[-15,-4],[0,-75],[-54,-1],[-3,-15]],[[22611,12233],[0,30]],[[22611,12263],[1,90]],[[23625,11784],[-113,-1]],[[23512,11783],[-1,212]],[[23511,11995],[-1,30]],[[23510,12025],[0,15]],[[22962,12016],[17,-9],[50,33]],[[23029,12040],[12,-19],[25,17],[-7,19]],[[23078,12061],[20,-51]],[[23098,12010],[-46,-23]],[[23052,11987],[-21,-14]],[[23031,11973],[-8,14],[-25,-6],[-30,11]],[[22968,11992],[-9,18]],[[22959,12010],[0,1]],[[22959,12011],[3,5]],[[22950,12085],[-2,62]],[[23032,12075],[-19,-9]],[[23013,12066],[-42,-33],[-9,-17]],[[22959,12011],[-17,19]],[[22490,13484],[3,-136]],[[22493,13348],[-115,0]],[[22378,13348],[-1,107],[-25,29]],[[22352,13484],[138,0]],[[22493,13348],[1,-135],[4,-45]],[[22379,13228],[-1,120]],[[22274,13485],[78,-1]],[[22378,13348],[-38,-8],[-19,7],[-48,-7]],[[22724,12009],[75,0]],[[22823,12009],[0,-29]],[[22823,11980],[0,-36]],[[22823,11944],[-99,1]],[[22724,11945],[0,64]],[[22277,12990],[-3,175]],[[17785,25420],[13,35],[-5,24],[27,12],[5,29],[-16,27],[40,12],[22,23],[32,2],[10,64],[-30,39],[-23,-3],[-24,-36],[-34,-6],[0,33],[20,24],[-33,27],[10,24]],[[17799,25750],[3,16],[24,17],[11,21],[40,31],[9,20],[42,-9],[17,14],[39,-27],[18,27],[17,-6],[50,41],[-2,42],[-18,7],[1,23],[-60,13],[3,113],[-9,8],[-53,3],[3,112],[-134,12],[-35,48],[1,47],[20,32],[31,26],[19,55],[53,28],[1,56],[-70,31],[2,80],[-13,9],[-48,-14],[-6,-23],[-33,39],[-22,6],[4,97],[27,-1],[8,15],[84,1],[-4,108],[-12,10],[-228,3],[-93,4],[-25,-12],[-19,-47],[-84,2],[-19,11],[-40,42],[-31,9]],[[17268,26890],[-141,0],[-6,21],[-14,188],[-26,61],[20,80],[3,75],[-5,69],[4,44]],[[16921,23716],[9,20],[25,0],[-1,89],[11,13],[29,0],[0,54],[12,31],[2,25],[15,39],[-17,28],[-3,44]],[[17007,24300],[11,1],[50,35],[43,4],[31,20],[8,24],[28,24],[43,-8],[40,2],[50,19],[17,-37]],[[17116,23672],[-71,3],[-134,1],[10,40]],[[2728,27781],[2,-118]],[[2730,27663],[-114,0]],[[2948,27664],[-218,-1]],[[3841,26948],[-1,-188],[1,-295],[4,-483]],[[2525,25982],[-29,-10],[-36,16],[17,25],[12,37],[26,12],[-26,20],[-19,32],[20,22],[-25,28],[-21,14],[-1,29],[11,19],[-8,45],[-19,24],[18,7],[21,-15],[4,36],[-26,20],[-3,32],[24,14],[17,-25],[24,14],[-1,53],[18,23],[-28,9],[27,49],[-9,31],[-26,47],[41,22],[-27,16],[26,23],[-19,24],[20,31],[-14,18],[29,18],[-5,26],[16,12],[-1,24],[-21,-5],[-8,31],[20,48],[-30,34],[11,33],[-2,40],[9,26],[-23,5],[0,44],[10,24],[-14,27],[51,-17],[14,27],[-55,11],[-19,22],[-3,23],[32,-2],[5,29],[-14,6],[-30,-19],[-30,11],[53,67],[-23,27],[-21,0],[-10,23],[14,29],[-38,25],[26,9],[3,63],[-9,20],[-20,7],[-7,17],[15,18],[-2,45],[15,22],[30,12],[3,33],[63,-17]],[[23319,8069],[-2,121],[1,217],[2,25]],[[23320,8432],[35,-10],[34,15],[50,-10],[27,9],[54,-2],[26,14],[76,11],[47,-15],[18,-19],[48,-1],[13,10],[30,-11],[9,-30],[2,-32],[19,6],[27,40],[47,-9],[27,8],[47,25],[11,21]],[[23967,8452],[24,-92],[-59,6],[0,-31],[-27,-50],[-5,-72],[20,-48],[6,-43],[26,21],[3,31],[33,4],[1,47],[13,16],[30,0],[27,-8],[12,14],[16,-16],[33,1],[30,-30],[28,2],[17,-23],[60,0],[31,20],[45,40],[11,21],[25,20],[0,54],[-29,24],[-4,57],[-19,6],[12,72],[-23,5],[-52,32],[-8,33],[-47,27],[-26,29],[-20,2],[-27,19],[17,20]],[[24141,8662],[325,0],[179,-1]],[[24645,8661],[-22,-58],[13,-24],[35,-24],[31,-7],[15,-37],[27,-16],[27,2],[41,-61],[-10,-76],[-21,0],[-5,-18],[-2,-175],[-28,-40],[3,-50],[18,-27],[34,-31],[6,-39],[17,-15],[7,-25],[-27,-36],[22,-59],[1,-26],[-24,-48],[2,-54],[16,-31],[-7,-47],[4,-40],[14,-65],[22,-33],[-3,-30],[-38,-75],[-22,-55],[-126,-117]],[[24665,7224],[-16,-41]],[[24649,7183],[-26,41],[-576,4],[-30,-3],[-2,-22],[-21,4],[-12,22],[-269,0],[-13,-17],[-49,18],[-336,2]],[[23315,7232],[2,598],[2,239]],[[28120,27331],[103,1],[26,-35],[44,-14],[21,-19],[7,-25],[-26,-53],[8,-13]],[[28298,27168],[-36,-40],[-22,-40],[-57,-33],[-10,2]],[[28173,27057],[-46,32],[-6,35],[-1,207]],[[16651,16586],[49,84],[31,68],[32,91],[10,21],[52,74],[12,23],[8,67]],[[16845,17014],[49,-1],[14,-9],[39,-1],[52,-7]],[[16999,16996],[-1,-90],[-86,1],[0,-105],[-30,-54],[-1,-157]],[[16881,16591],[-230,-5]],[[21394,10246],[30,56],[5,45]],[[21429,10347],[90,2]],[[21433,10105],[-110,1],[0,87],[59,38],[12,15]],[[20478,10775],[19,-19],[36,26],[4,50],[53,1]],[[20590,10833],[26,-31],[-3,-22],[13,-85]],[[20626,10695],[-139,0],[-34,-17]],[[20453,10678],[-3,29],[27,21],[1,47]],[[20626,10695],[24,0]],[[20650,10695],[0,-98]],[[20650,10597],[-144,-1],[-44,14],[-32,0],[0,30],[23,38]],[[26150,8821],[-21,-19],[-20,-31],[-2,-49],[-14,-38],[-26,-24]],[[26067,8660],[-37,-4],[-31,4],[-85,2],[-10,4]],[[24645,8661],[44,0],[2,216],[-1,382],[0,120]],[[24690,9379],[224,-2],[112,0],[-2,118],[3,121],[-3,87]],[[26067,8660],[-61,-63],[-1,-29],[-13,-24]],[[25992,8544],[-20,-9],[0,-40],[-20,-49],[0,-26],[-10,-52],[11,-42],[14,-2],[15,-42],[68,-68],[-36,-28],[-13,-29],[-13,-60],[1,-38],[29,-32],[16,-66],[-1,-387],[0,-362]],[[26033,7212],[-196,1],[-472,5],[-440,2],[-260,4]],[[23967,8452],[22,-3],[-1,26],[0,187],[153,0]],[[24649,7183],[-4,-15],[1,-219],[10,-30],[36,-37],[-10,-25],[-57,-40],[-35,-11],[-1,-179],[111,-2],[-1,-120]],[[24699,6505],[-2,-241],[-2,-258],[-22,-76],[1,-23],[53,-123]],[[24727,5784],[-176,3],[-473,0],[-124,1]],[[23954,5788],[-270,0],[-374,-2]],[[23310,5786],[0,361],[3,482],[2,603]],[[24699,6505],[277,-5],[328,-4],[30,19],[32,-33],[10,26],[65,-20],[7,6],[171,-2],[171,0],[51,-10],[-4,-22],[1,-90],[39,-2],[45,16],[58,46],[52,-1]],[[26032,6429],[0,-658]],[[26032,5771],[-282,2]],[[25750,5773],[-428,3]],[[25322,5776],[-355,4],[-240,4]],[[25992,8544],[33,14],[26,-21],[17,1],[14,-18],[39,-26],[15,-30],[17,-8],[36,18],[-5,30],[5,49]],[[26462,8853],[81,-30],[89,-71],[35,-10],[56,49],[60,14],[53,-12],[81,-12],[129,13],[38,-2],[77,-15],[64,-26],[39,-26],[37,-34],[28,-36],[18,-37],[18,-77],[16,-35],[25,-39],[5,-28],[-2,-106],[4,-28],[21,-47],[41,-76],[48,-64],[31,-34],[52,-48],[43,-34],[59,-35],[39,-44]],[[27747,7923],[-335,3]],[[27412,7926],[-39,1],[-330,2],[-9,1],[-332,2],[0,-120],[-2,-439],[0,-163],[-386,0],[-281,2]],[[26033,7212],[0,-248],[-1,-81],[1,-181],[-1,-273]],[[26008,29267],[112,-1],[239,-7],[118,1],[116,-4],[233,-1],[235,-7],[236,2],[118,-1]],[[27415,29249],[-2,-240],[1,-119],[0,-229]],[[27414,28661],[-46,-9],[-33,6],[-14,13],[-35,-28],[-29,-15],[-44,28],[-31,1],[0,-96],[-3,-151],[-67,1],[-147,1],[-19,-18],[0,-80],[-14,-19],[-101,-2],[1,-117],[-59,2],[-55,-4],[-30,-12],[-41,0],[-39,10],[-127,2],[-2,-103],[0,-307],[-135,16],[-256,-4],[-77,11]],[[26011,27787],[-2,281],[3,248],[0,290],[-3,420],[-1,241]],[[17066,17217],[25,-6],[45,2],[-14,29],[88,-1],[35,-11],[5,-11]],[[17250,17219],[149,52],[33,5],[51,-1],[6,-183]],[[17489,17092],[-232,0]],[[17257,17092],[-101,-1]],[[17156,17091],[-37,35]],[[17119,17126],[-26,26],[-25,60]],[[16996,17534],[18,-21],[2,-88],[53,-55]],[[17069,17370],[-28,-35]],[[17013,17365],[-30,19],[-64,54],[-21,58]],[[16898,17496],[-6,16],[14,23],[16,-4],[74,3]],[[16996,17534],[16,21],[13,-5],[48,23],[171,2]],[[17244,17575],[3,-139]],[[17247,17436],[-77,-17],[-53,-3],[-48,-46]],[[27414,28661],[2,-310],[-1,-541]],[[27415,27810],[0,-360],[118,0]],[[27533,27450],[2,-35],[10,-43],[-1,-55],[-9,-41],[1,-185]],[[27536,27091],[-120,0]],[[27416,27091],[-124,8],[-222,-1],[-68,1],[-166,-3],[-124,1]],[[26362,27100],[12,32],[19,24],[93,76],[44,28],[14,18],[-8,48],[-15,11],[-46,1],[-46,9],[-35,24],[-2,39],[6,24],[-9,73],[-33,29],[-21,10],[-50,-8],[-59,-31],[-45,-7],[-73,27],[-25,14],[-45,51],[-7,36],[-21,27],[1,132]],[[26680,32851],[130,7],[109,0],[366,-4],[119,-2]],[[27404,32852],[1,-301],[1,-60],[-1,-360],[710,2],[-2,303],[-2,122],[10,297],[1,62],[-6,182]],[[28796,33557],[616,1],[83,-2],[0,241],[-3,120],[0,121],[16,186],[3,53],[124,-5],[247,-2],[120,1],[119,-3],[120,7]],[[30245,30696],[-434,0]],[[29811,30696],[3,37],[-15,27],[5,46],[-38,73],[-32,12],[-16,26],[1,56],[19,42],[46,25],[47,38],[29,2],[3,36],[-29,10],[0,49],[-34,5],[3,47],[8,15],[-7,31],[-23,21],[-125,3],[-69,-1],[-51,8],[-19,-7],[-79,-88],[-54,-12],[-17,-25],[-39,-8],[-47,13],[-47,-22],[-89,11],[-59,-33],[-55,-17],[-33,-31],[-77,-21],[-28,3],[-46,18],[-44,-39],[-81,-39],[-25,-27],[-150,-131],[-18,-2],[1,77],[-14,46],[5,45],[-55,51],[-24,34],[-79,64],[-112,79],[-17,20],[-40,29],[-15,4],[-185,-2],[-100,-3],[-19,15],[-11,31],[-8,44],[19,59],[6,35],[-1,61],[-281,-3],[-72,1],[-2,110],[-5,9],[-49,0],[-7,60],[-49,14],[-39,-20],[-83,-56],[-45,-22],[-35,0],[-42,24],[-3,176],[-91,4],[-30,21],[3,43],[-1,116],[-117,2],[-180,0],[-39,-2],[-171,5],[-44,10],[-20,-8],[-104,0],[-6,-2],[-65,54],[-38,60]],[[27415,29249],[0,4],[701,2],[1,71]],[[28117,29326],[60,7],[19,16],[54,3],[30,-5],[7,-24],[-9,-14],[-1,-41],[16,-88],[-6,-41],[-29,-81],[-7,-88],[-14,-70],[0,-148],[-4,-20],[-26,-55],[2,-31],[26,-52],[1,-60]],[[28236,28534],[-116,0],[1,-465],[-1,-137]],[[28120,27932],[-235,0],[0,-60]],[[27885,27872],[-233,-1],[0,61],[-118,0],[0,-121],[-119,-1]],[[30233,29258],[-71,1],[-635,-1],[2,-244],[-1,-217],[2,-58],[0,-204],[-268,1],[-320,-2],[-118,0]],[[28824,28534],[-588,0]],[[28117,29326],[-1,370],[-56,0],[-16,9],[-27,35],[57,47],[38,21],[4,17],[0,145],[344,2],[129,-2],[117,2],[356,3],[114,-1],[358,4],[3,480],[-1,239],[275,-1]],[[23047,42555],[577,-32],[165,64],[28,-10],[-1,-182],[113,-12],[109,-88],[86,-11],[527,-264],[395,-198],[392,57],[128,-30],[37,-169],[15,-36],[-8,-31],[10,-10],[-32,-32],[-6,-20],[27,-28],[-20,-21],[-36,-12],[-55,4],[-39,15],[-41,-44],[-135,9],[-72,-21],[-13,-85],[-45,-98],[4,-21],[-23,-61],[136,-160],[137,-30],[40,-30],[443,34],[219,60],[122,4],[42,-2],[73,-100],[28,-47],[41,-17],[5,-25],[31,-55],[106,-38],[0,-107],[-112,-242],[37,-165],[64,-132]],[[26546,40136],[-21,-17],[-13,-33],[-3,-57],[10,-23],[-3,-128],[3,-82],[-29,-35],[-13,-48],[-11,-9],[-77,-35],[-75,-15],[-83,-33],[6,-24],[-59,-21],[-38,11],[-24,-13],[-40,-6],[-32,70],[-10,4],[-48,-26],[-19,-26],[9,-25],[-49,-49],[-12,13],[-24,-26],[-46,-10],[-25,-11],[-16,-22],[21,-31],[21,-76],[-112,3],[-88,17],[-33,1],[-27,-12],[7,-57],[17,-24],[15,-38],[-12,-43],[4,-38],[23,5],[25,-6],[20,-21],[-18,-66],[-2,-28],[-25,-2],[-40,10],[-13,21],[-41,20],[-26,4],[12,-36],[18,-5],[35,-30],[24,-47],[20,-28],[8,-28],[-17,-27]],[[25620,38898],[-45,18],[-35,-12],[-142,-21],[-72,20],[-80,0],[-37,10],[-48,-18],[-39,-24],[-78,4],[-43,-22],[-32,4],[-10,-27],[6,-72],[7,-16],[32,-43],[8,-18],[0,-71],[-35,-77],[-40,-28],[-44,-5],[-38,-20],[-76,-8],[-23,-19],[-10,-53],[11,-64],[-10,-25],[-33,-17],[-60,-14],[-53,-27],[-40,3],[-61,-22],[-81,-45],[-13,-22],[11,-33],[25,-17],[40,-5],[24,-14],[18,-39],[-1,-146],[-7,-23],[-26,-13],[-14,-19],[4,-31],[-6,-27],[-9,-112],[9,-62],[-85,1],[-30,-9],[-45,0],[-20,-7],[-24,-40],[-2,-73],[-29,-29],[-31,-3],[-138,0],[-64,-59],[-2,-13],[1,-108],[-3,-115],[6,-113],[-30,7],[-202,5],[-361,1],[0,62],[-17,28],[-14,4],[-295,3]],[[23089,37168],[-40,1],[1,60]],[[23050,37229],[3,58],[-5,244],[-4,119],[-1,260],[-41,-1],[-3,485],[1,143],[-2,90],[-2,483],[-2,249],[17,0],[-2,121],[0,120],[1,480],[4,300],[2,60],[3,345],[7,0],[4,180],[-2,60],[4,329],[1,153],[3,114],[7,774],[4,98],[0,62]],[[26008,29267],[-2,240],[-6,240],[1,216],[-5,0],[1,241],[-1,300],[2,302],[2,245],[1,238],[4,125],[-3,185],[3,179],[1,180],[3,62],[-2,113]],[[28215,36400],[0,18],[123,-1],[232,0],[237,4],[3,59],[-7,294],[0,243],[-6,122],[686,7],[362,6],[362,4]],[[30215,34993],[-243,-1],[-181,-3],[-238,-9],[-180,-3],[-116,11],[-118,4],[-119,-4],[-118,3],[-115,-2]],[[28787,34989],[-117,-3],[-472,-9],[-118,-2]],[[28080,34975],[5,120],[7,240],[2,359],[118,0],[120,3],[60,-2],[178,1],[191,4],[19,33],[26,77],[19,34],[-4,27],[-103,9],[-28,17],[-53,1],[-33,8],[-35,29],[-9,26],[8,30],[-11,25],[14,39],[-5,20],[-36,11],[67,27],[-21,10],[-2,37],[-24,16],[-38,4],[-6,40],[-42,6],[-39,35],[-53,12],[-37,-4],[-35,46],[-31,3],[0,18],[-43,43],[-11,21]],[[26546,40136],[33,-68],[60,-99],[27,-59],[27,-31],[35,-5],[28,-47],[27,-32],[77,-197],[48,-94],[-2,-20],[49,-70],[-19,-23],[24,-15],[-3,-27],[20,-41],[10,-5],[2,-38],[19,-44],[24,-17],[26,0],[22,-10],[10,24],[33,25],[5,13],[53,16],[43,30],[23,-15],[28,24],[27,4],[41,27],[191,32],[60,32],[-22,69],[-92,71],[-25,51],[8,39],[-14,17],[-32,86],[38,148],[-64,84],[9,54],[50,9],[37,157],[146,100],[227,-50],[26,-32],[57,6],[-5,18],[21,33],[49,-12],[12,-14],[80,26],[-4,25],[10,19],[85,51],[95,20],[7,-80],[293,-13],[41,-7],[30,36],[62,12],[65,-1],[36,-89],[21,-24],[-16,-17],[5,-74],[52,-14],[38,-61],[170,-38],[-71,-196],[5,-87],[27,-54],[4,-125],[96,-43],[48,-102],[15,-5],[12,-25],[31,36],[-13,13],[14,29],[61,-1],[27,-11],[0,-24],[34,-29],[-9,-12],[-48,-5],[6,-42],[-15,-17],[8,-30],[40,2],[34,-25],[17,0],[25,32],[91,21],[35,18],[50,-14],[71,6],[48,-87],[93,-69],[18,-101],[106,15],[52,12],[19,-7],[95,20],[7,-28],[26,-18],[62,-27]],[[28215,36400],[-32,20],[-27,1],[-67,-9],[-358,-1],[-117,2],[-33,3],[-205,3],[3,-61],[1,-176],[-3,-233],[2,-256]],[[27379,35693],[-236,3],[-115,4]],[[27028,35700],[-4,68],[11,49],[-14,83],[2,110],[-28,38],[-45,22],[-65,25],[-130,68],[-26,43],[-35,5],[-24,35],[-59,15],[-15,-9],[-22,33],[-8,101],[14,24],[42,31],[8,95],[-8,17],[-60,23],[-59,0],[-25,26],[-7,36],[12,19],[-4,95],[29,91],[0,39],[-24,53],[-19,17],[-12,38],[-3,32],[12,23],[43,47],[46,24],[15,0],[45,22],[7,26],[15,8],[24,-14],[20,4],[53,-14],[8,35],[-65,36],[-36,27],[14,47],[-27,34],[-9,28],[-22,3],[-27,24],[10,34],[-12,40],[-40,55],[-7,18],[-51,34],[-7,34],[34,20],[5,41],[15,24],[-14,28],[-20,15],[1,31],[-31,76],[-2,20],[-50,109],[-34,56],[2,34],[-20,21],[-10,43],[-18,22],[7,38],[-25,31],[-9,57],[-44,74],[-33,27],[-30,10],[-23,35],[-32,-2],[-6,34],[-29,10],[-22,25],[7,30],[-26,6],[-24,30],[-3,29],[-18,-4],[-10,34],[5,28],[-32,-12],[-6,42],[-17,25],[-27,16],[-13,-7],[-29,42],[-43,6],[-39,38],[-17,49],[0,36],[30,5],[9,31],[-27,4],[-11,31],[-33,-1],[-33,-17],[-8,-13],[-28,-6],[-15,10],[-43,-10]],[[27028,35700],[-9,-24],[3,-23],[18,-24],[24,-55],[1,-20],[-87,31],[-74,-7],[-75,-1],[-18,-7],[-53,-44],[-22,-8],[-77,-11],[-15,-7],[-34,-37],[-17,-10],[-61,1],[-27,6],[-72,0],[-88,-34],[-20,-1],[-84,33],[-117,15],[-76,40],[-52,20],[-50,9],[1,167],[-3,159],[-10,205],[-28,8],[-52,0],[-59,40],[-61,22],[-62,43],[-25,7],[-424,-1]],[[25223,36192],[-32,26],[-11,21],[-51,211],[-267,2],[-118,-1],[-1,-172],[-11,-1],[-23,-32],[-31,7],[-31,-5],[-21,12],[-16,-12],[-24,20],[-11,55],[9,51],[-12,28],[13,22],[-19,25],[-73,0],[-125,4],[-196,8],[-206,4],[-175,5],[-485,1],[-203,-1],[-14,2]],[[23089,36472],[0,696]],[[28120,27932],[121,1],[-3,-50]],[[28238,27883],[-1,-177],[17,-32],[94,-78],[9,-24],[30,-1],[1,-20],[23,-66],[12,-16]],[[28423,27469],[-7,-25],[-59,0],[0,-23],[-24,4],[-3,27],[-209,-1]],[[28121,27451],[-1,61],[-188,173],[-22,8],[-143,0],[3,36],[18,40],[33,43],[65,0],[-1,60]],[[28080,34975],[-473,-3],[-205,2]],[[27402,34974],[-32,0],[11,140],[1,92],[-2,250],[1,117],[-2,120]],[[28121,27451],[-59,1],[-294,0],[-1,120],[-233,-2],[-1,-120]],[[28121,27451],[-1,-120]],[[28173,27057],[8,-13]],[[28181,27044],[-60,-51],[-56,-5],[-21,31],[-17,3]],[[27930,27030],[-75,2],[-57,59],[-28,0]],[[27770,27091],[-234,0]],[[28423,27469],[28,-18]],[[28451,27451],[30,-32],[16,-33],[0,-32]],[[28497,27354],[-16,14],[-21,-36],[-27,-19],[22,-24],[-40,-46],[14,-11]],[[22724,12122],[113,0]],[[22837,12122],[0,-38]],[[22724,12084],[0,38]],[[22065,15645],[0,91],[28,-1],[-3,119],[-26,0],[0,31]],[[22064,15885],[308,1],[147,2]],[[22519,15888],[115,1],[114,-5]],[[22740,15461],[-116,2],[0,-60],[-114,1],[0,-54],[-31,-30],[-10,-48],[-15,-48]],[[22454,15224],[-231,1],[0,181],[-160,1]],[[22063,15407],[2,238]],[[22745,15160],[2,-241]],[[22747,14919],[-354,4]],[[22393,14923],[-10,44],[-26,44],[-2,34],[29,25],[30,33],[38,56],[2,65]],[[21380,15644],[85,0],[0,-25]],[[21465,15619],[-26,-5],[-1,-25],[143,-2],[1,59],[28,-1]],[[21610,15645],[-3,-201],[-3,-30],[5,-57],[0,-189],[2,-241]],[[21611,14927],[-169,4]],[[21442,14931],[-61,1]],[[21381,14932],[0,120],[-1,592]],[[5402,20929],[689,-1],[229,0],[1,82],[38,-11],[75,-39],[1,-33],[345,-1],[1,-559],[0,-162],[198,-1],[-25,-59],[-4,-62],[176,0],[2,119],[5,2],[175,-1],[308,-1],[355,-2],[189,0]],[[8160,20200],[60,0],[1,-470],[-1,-137],[2,-530],[-1,-305]],[[5407,21651],[398,0],[252,-2],[374,1],[637,0],[398,-1]],[[7466,21649],[693,-7]],[[8159,21642],[-1,-391],[1,-390]],[[8159,20861],[2,-522],[-1,-139]],[[20706,15536],[2,116]],[[20708,15652],[359,-5],[313,-3]],[[21381,14932],[-113,2],[-211,1]],[[20701,14936],[2,255],[2,103],[1,242]],[[21839,14272],[33,-2],[73,10],[17,8],[29,-11],[72,-7]],[[22062,14207],[-151,3]],[[23431,15155],[-1,-239]],[[23429,14201],[-111,0]],[[22748,14202],[1,481]],[[22749,14683],[-2,236]],[[22614,12443],[55,1],[0,-60]],[[22612,12353],[2,30],[-115,0],[0,60]],[[23426,12145],[84,0]],[[23510,12025],[-56,1]],[[23454,12026],[0,67],[-28,0],[0,52]],[[22278,12748],[-1,118]],[[22583,12194],[28,11]],[[22611,12205],[35,-8]],[[22646,12197],[-17,-43],[0,-70]],[[22597,12084],[-1,52],[-14,0],[1,58]],[[22724,12009],[0,16]],[[23285,12326],[113,-1]],[[23398,12325],[0,-60]],[[23398,12265],[-28,0]],[[23336,12751],[9,57],[-5,31],[28,0],[0,30]],[[23623,12746],[0,-20]],[[22611,11906],[56,0]],[[22667,11786],[-56,0]],[[23436,13079],[32,-8],[18,-35],[36,-12],[36,19],[38,-10],[27,-35]],[[23138,12145],[0,19],[33,2]],[[23171,12166],[29,3]],[[23200,12130],[0,-15],[-45,-7]],[[23155,12108],[-30,-21]],[[22725,12385],[113,-1]],[[22724,12232],[0,48],[16,54],[-15,14]],[[23172,12205],[-1,-39]],[[23398,12265],[28,0]],[[23426,12265],[0,-120]],[[23426,12145],[-57,1]],[[23369,12146],[-28,0]],[[23426,12265],[30,0],[54,28]],[[22385,12289],[36,-29],[31,-14],[99,-15],[60,0]],[[22611,12231],[0,-26]],[[22583,12194],[-57,-2],[0,-48],[28,0],[0,-59]],[[22385,12186],[0,69]],[[22646,12197],[22,-4]],[[22668,12193],[-1,-109]],[[22668,12193],[56,-12]],[[22724,12181],[0,-59]],[[22837,12167],[56,-4]],[[22893,12163],[0,-78]],[[22837,12122],[0,45]],[[9196,37518],[188,1],[237,-1],[479,-1],[120,1],[119,-3],[480,-2],[342,0],[-97,-126],[-47,-124],[-33,-76],[-38,-101],[-9,-37],[-17,-38],[0,-31],[-26,-102],[-6,-109],[13,-115],[14,-53],[26,-69],[18,-36],[57,-80],[25,-18],[68,-33],[12,-15],[72,-29],[76,-20],[90,-15],[-2,-519]],[[11357,35767],[-1,-167],[-1,-518],[-2,-147],[1,-299],[22,0]],[[11376,34636],[30,0],[1,-133],[-1,-224],[2,-367]],[[11408,33912],[-238,3],[0,61],[-44,1],[-15,-9],[-44,-2],[-17,12],[-117,0],[1,-60],[-102,1],[-93,4],[-35,14],[-42,-14],[-246,-3],[-102,0]],[[10314,33920],[-197,1],[-48,75],[-4,45],[-180,0],[-287,-5],[-239,1]],[[9359,34037],[0,240],[-2,125],[3,236],[-141,0],[0,241],[-3,354],[-4,136],[1,289],[-4,278],[-4,501],[-5,361]],[[22893,12163],[55,-16]],[[23226,13177],[35,19],[78,21]],[[23339,13217],[114,30]],[[23227,13109],[-1,68]],[[22832,13350],[85,0],[0,31],[28,0],[-1,101]],[[23223,13481],[2,-11],[1,-293]],[[23227,13109],[-280,-1]],[[22947,13108],[-59,2]],[[22888,13110],[-1,1]],[[22887,13111],[3,74],[-38,1],[-19,30],[-1,134]],[[23227,13050],[-1,-61],[-278,0]],[[22948,12989],[-1,119]],[[22721,12946],[88,-29],[0,42],[129,0],[9,8]],[[22947,12967],[1,-158]],[[22948,12749],[-21,1]],[[22927,12750],[-205,-2]],[[22722,12748],[-1,198]],[[22490,13484],[197,-1]],[[22705,13483],[2,-40],[-14,-11],[24,-32],[1,-51]],[[22718,13349],[-225,-1]],[[20686,18545],[528,-21],[164,-9]],[[21378,18515],[419,2],[265,0]],[[22264,17683],[5,-36],[-17,-31],[-19,-17],[-22,13],[-7,-35],[-13,-29],[-61,30],[-21,2],[-22,-26],[24,-22],[7,-19],[-19,-43],[-8,-35],[0,-111],[-28,2],[0,-94],[-31,-27]],[[22032,17205],[-82,-1]],[[21950,17204],[-120,4],[-19,7],[-155,102],[-23,9],[-180,-1],[-74,-3]],[[20697,17331],[-6,479],[0,145]],[[22406,16362],[0,58],[28,2],[-1,118],[28,7],[-1,110],[-30,9],[-26,33],[0,85]],[[22404,16784],[133,0],[11,12],[1,105],[-29,7],[-3,56],[31,0],[4,91],[52,1],[7,26],[28,7]],[[22639,17089],[55,-6],[0,30],[28,0],[0,30],[28,0]],[[22750,17143],[0,-60],[93,1],[430,-4],[142,-5],[1,3]],[[23416,17078],[0,-2]],[[22519,15888],[2,55],[-26,12],[5,36],[-9,19],[-1,56],[-11,4],[-72,1],[-4,5],[1,156],[2,130]],[[16088,23054],[-3,22],[8,25],[17,11],[14,-37],[20,2],[17,68],[7,10]],[[16726,23362],[15,-26],[20,-10],[29,3],[17,-31],[42,14],[36,-2],[52,27],[1,158],[233,-5]],[[17639,23367],[1,-108],[25,-58],[29,-33],[4,-16],[2,-257],[-1,-102],[-8,-19],[-33,-5],[-17,-28],[0,-214],[-6,-360],[4,-119]],[[17639,22048],[-59,0],[-171,-3],[-210,-1],[-260,9]],[[16939,22053],[-269,0],[-184,2],[-215,-1],[-113,-2],[-30,2],[-222,0]],[[15906,22054],[20,64],[-6,37],[2,39],[29,25],[1,25],[-77,118],[-34,29],[-9,51],[-22,20],[-22,46],[5,45],[3,95],[30,37],[0,41],[23,17],[33,2],[42,30],[43,66],[46,26],[9,40],[-11,23],[28,37],[51,17],[20,39],[-22,31]],[[9371,33197],[164,1],[167,-1],[281,1],[95,2],[407,1],[177,2],[-4,485],[-120,33],[-60,25],[-1,29],[-16,3],[-30,44],[-82,68],[-35,11],[0,19]],[[11408,33912],[2,-245],[-1,-108],[2,-179],[4,-199],[3,-476],[-2,-232]],[[11493,30314],[-118,0],[-276,-3],[-199,0],[-118,-3]],[[10782,30308],[-118,-2],[-252,0],[-219,-4],[-344,6],[-93,-1],[-101,-4],[-283,2]],[[9372,30305],[1,241],[-2,149],[1,70],[-3,144],[1,213],[1,742],[3,296],[-2,651],[-1,386]],[[9371,33197],[-16,-1]],[[9355,33196],[4,164],[-1,167],[0,346],[1,164]],[[13211,5050],[222,2],[161,0],[299,5],[330,0],[323,1],[333,-1],[342,0],[320,-2],[170,1],[226,0]],[[15937,5056],[-1,-241],[0,-480]],[[15936,4335],[-83,-1],[-19,-4],[-41,11],[-17,-6],[-398,0],[0,61],[-89,-1],[-18,-16],[-4,-37],[-14,-7],[-272,2],[-47,-1],[-375,1],[-644,-1],[-383,-2],[-317,-4]],[[13215,4330],[0,239],[-1,180],[0,181],[-3,120]],[[13215,3609],[-1,236],[1,238],[0,247]],[[15936,4335],[0,-1]],[[15936,4334],[1,-422],[-1,-178],[1,-721],[0,-120]],[[13241,2893],[-27,0]],[[13214,2893],[1,361],[-1,314],[1,41]],[[14322,3978],[1,-117],[111,-1],[1,-17],[288,126],[-11,18],[0,231],[-165,-1],[-115,6],[-1,-114],[2,-117],[-57,-13],[-54,-1]],[[12424,13789],[-1,-264]],[[12423,13525],[-9,1]],[[12414,13526],[-29,-9],[-152,-30]],[[12233,13487],[-93,-18]],[[12140,13469],[-80,-16],[-20,3],[-186,71]],[[11854,13527],[0,79],[114,4],[1,205],[82,1],[35,30],[110,2],[-1,-151],[76,4],[40,-10],[7,37],[-10,61],[116,0]],[[15431,28518],[178,0],[36,31],[32,10],[20,16],[94,1],[38,-15],[26,0],[53,15],[25,17],[73,-26],[26,-1],[19,-23],[26,-1],[14,12],[27,2],[-2,-48],[7,-15],[43,-28],[79,-2],[16,-10],[3,-40],[17,-20],[47,-2],[115,-33],[41,14],[56,58],[31,13],[40,25],[10,51],[16,28],[21,14],[30,33],[33,25],[4,34],[22,19],[7,50],[23,35],[30,57],[20,85]],[[15656,24087],[6,67],[27,19],[38,3],[25,9],[39,29],[10,51],[13,16],[30,16],[10,32],[-5,62],[8,59],[24,18],[77,19],[13,7],[33,42],[45,0],[-19,44],[3,25],[0,172],[125,-1]],[[16158,24776],[3,-241]],[[16163,23928],[0,-67],[4,-281]],[[16088,23054],[-26,-9],[-23,27],[9,21],[29,35],[-13,37],[-25,36],[-56,38],[-18,0],[-38,-23],[-13,6],[-11,36],[-14,16],[-20,42],[-17,-31],[-17,-16],[-22,21],[24,25],[-13,28],[-38,5],[-20,18],[-2,39],[-12,13],[-52,30],[-64,21],[-9,34],[-21,7],[-34,-17],[-47,11],[-35,-13],[-23,-19]],[[15467,23472],[0,36],[-8,15],[1,53],[6,69],[-14,15],[14,26],[-2,120],[7,67],[27,34],[46,16],[22,34],[30,8],[32,45],[26,-2],[5,37],[-3,42]],[[21792,12911],[2,-34]],[[21794,12877],[-30,0],[1,-75]],[[21765,12802],[-22,-15]],[[21681,12787],[-30,-1]],[[21651,12786],[1,210]],[[21854,12967],[10,-30],[90,0]],[[21971,12876],[-94,0]],[[21877,12876],[-83,1]],[[24299,12997],[80,-7],[28,-16],[1,107],[-2,35],[57,-8],[20,-10]],[[24483,13098],[12,-32],[36,-51],[4,-108],[8,-15]],[[24483,13098],[39,-12],[37,8],[42,-11],[48,44],[32,10],[52,8]],[[24733,13145],[-43,-40],[-26,-50],[-16,-19],[-15,-42],[-2,-31],[8,-39]],[[24639,12924],[-23,-36],[-38,-12],[-36,-1]],[[24639,12924],[26,-52],[21,-29],[40,-36]],[[24726,12807],[-120,0],[1,-62],[-82,3]],[[23758,12396],[30,6],[61,3]],[[23849,12405],[0,-257]],[[23769,12146],[-2,61]],[[12150,13408],[46,9],[23,-5]],[[12219,13412],[-23,-43],[1,-93]],[[12197,13276],[-48,-4],[0,38],[-10,31],[-21,6],[0,23],[39,0],[-7,38]],[[12540,12942],[30,-7],[50,4],[21,36],[-14,41],[39,52],[18,4],[43,-32],[39,-7],[16,-22],[0,-22],[47,-17],[30,-23],[22,15],[19,0],[55,40],[37,1],[-6,52],[100,53],[14,49],[2,564]],[[13102,13723],[227,0],[454,2]],[[12302,11552],[0,364],[113,1],[2,64],[2,543],[57,0],[0,328],[65,3],[-1,87]],[[11015,15877],[1,0]],[[11016,15877],[171,-1],[342,1],[172,-2]],[[11701,15875],[345,-2],[228,2],[110,-2]],[[12384,15873],[1,-159],[-2,-124],[-2,-407]],[[12381,15183],[-2,-33],[-12,-43],[2,-28],[13,-56],[1,-90],[-2,-163],[0,-268],[8,-26],[16,-16]],[[12405,14460],[-55,-7],[-26,12],[-48,-6],[6,-130],[-106,-1],[-53,-5],[-59,-29],[-93,0],[-1,89],[-203,-2],[-22,-4],[0,-57],[-114,7],[-55,-1],[-1,89],[6,19],[-124,-2],[-393,0]],[[11064,14432],[-48,1],[1,356],[-2,312],[0,460],[0,316]],[[12140,13469],[10,-61]],[[12197,13276],[0,-74]],[[12197,13202],[-77,-11],[-37,2],[0,117],[-114,-1],[0,61],[-226,-7],[1,121],[110,5],[0,38]],[[12384,15873],[426,4],[316,2],[549,-2],[74,1]],[[13749,15878],[-1,-50],[0,-670]],[[13102,13723],[1,240],[24,0],[25,16],[20,1],[9,27],[32,65],[0,131],[2,121],[-110,-4],[-66,1],[-27,12],[-31,4],[-18,11],[-56,-10],[-2,7],[15,209]],[[12920,14554],[33,12],[16,19],[24,0],[33,41],[37,14],[107,30],[-7,34],[13,14],[1,139],[-28,0],[-43,28],[-41,-5],[1,121],[-3,167],[-22,22],[-31,1],[-39,-32],[-26,11],[-23,-26],[-15,20],[5,33],[-27,3],[-10,15],[-41,-7],[-3,18],[-70,-1],[-34,-28],[-24,-9],[-21,-23],[-60,-10],[-100,2],[-33,14],[-56,13],[-52,-1]],[[11064,13717],[-2,361],[2,205],[0,149]],[[12405,14460],[28,-25],[11,-27]],[[12444,14408],[0,-80],[-18,-78],[-1,-40],[79,-2],[0,-200],[-16,-46],[-12,-16],[-38,-25],[-14,-25],[0,-107]],[[12197,13202],[31,13],[171,214],[13,28],[2,69]],[[12423,13525],[0,-157],[110,-3],[0,-114],[7,-7],[106,0],[0,-120],[-133,1],[-90,3],[-1,-121]],[[12422,13007],[-336,0],[-231,-3],[-213,-1],[-580,-9]],[[11062,12994],[0,451],[2,272]],[[12422,13007],[1,-76],[60,0],[57,11]],[[11053,11550],[-1,355],[2,367],[3,300],[1,56],[4,366]],[[12219,13412],[-2,29],[28,1],[3,35],[-15,10]],[[12444,14408],[31,-5],[36,-17],[70,0],[-5,115],[31,20],[61,0],[32,25],[45,4],[-3,27],[9,62],[30,5],[33,-18],[38,-10],[28,-19],[27,-41],[13,-2]],[[7329,27362],[85,0],[35,16],[32,-15],[76,-1]],[[7557,27362],[53,0],[0,-32],[11,-53],[13,-17],[31,-5],[28,-16],[24,6],[38,-8],[2,-24],[99,16],[3,197],[29,23]],[[7888,27449],[8,-5]],[[7896,27444],[87,-71],[62,-16],[10,-8],[32,-53],[42,-37],[2,-111],[-33,-1],[30,-58],[9,-31],[57,-74],[19,-63],[19,-25],[21,-12],[-1,-31],[-13,-18],[-23,-74],[6,-38],[-18,0],[-47,-16],[-15,11],[-37,-24]],[[8105,26694],[-85,2],[-277,0]],[[7743,26696],[-424,2],[-205,2]],[[15941,11679],[-1,-65],[-5,-20],[0,-55]],[[15935,11539],[-69,-1],[1,-19],[-36,-80]],[[16190,11583],[-19,7],[-68,1],[-39,-7],[-43,0],[2,-44],[-88,-1]],[[15900,11217],[0,227],[10,16],[26,10],[-1,69]],[[18592,15246],[103,-2],[17,-9],[109,-113],[31,-4],[8,-84],[0,-33],[-85,-1],[-2,-109],[-10,-35],[12,-26],[0,-46],[57,1],[-1,-60],[183,0]],[[19014,14725],[156,1],[4,51],[48,-51],[66,-34],[9,0],[75,-34],[255,-78]],[[19627,14580],[1,-154]],[[19628,14426],[-142,1],[-200,-2]],[[19286,14425],[-173,-1],[-195,0],[-324,1],[-3,60]],[[18591,14485],[2,308]],[[18592,15476],[16,-19],[4,-44],[12,-33],[33,-52],[79,-66],[54,-7],[37,-12],[48,1],[50,-14],[28,-56],[54,-51],[16,-36],[61,-56],[60,-20]],[[19144,15011],[-12,-14],[-33,-69]],[[19099,14928],[-36,-104],[-49,-99]],[[17238,13715],[1,-226],[1,-20],[-1,-476],[1,-359],[0,-358]],[[17917,13714],[1,-363],[-1,-475]],[[18573,13706],[23,1]],[[18596,13707],[25,-15],[18,-24],[-13,-21],[62,0],[-12,-16],[0,-36],[37,9],[4,33],[-1,68],[134,1]],[[18850,13706],[95,-1]],[[18945,13705],[114,-1],[226,2]],[[19285,13706],[439,9],[31,-8]],[[19308,13126],[-9,53],[-15,26],[-21,7],[-22,-10],[-17,19],[-57,16],[-26,13],[13,-50],[-39,-27],[-34,6],[-41,-24],[-22,0],[-12,17],[-17,-17],[-47,2]],[[18593,13352],[2,57],[1,209],[-45,2],[19,44],[3,42]],[[18696,13942],[33,-25],[19,-38],[36,-87],[66,-86]],[[18596,13707],[2,331]],[[19273,5057],[279,2],[0,-63],[54,-21],[-1,-25],[30,-28],[21,0],[60,44],[13,42],[31,-13],[26,-25],[47,-2],[-1,114],[49,-10],[48,7],[32,-7],[88,-44],[35,-12],[-3,45],[36,-1],[31,-29],[128,-2],[1,-30],[122,2],[101,0]],[[20500,5001],[1,-301],[195,0],[0,-241],[195,1],[0,96],[-36,40],[-23,43],[59,1],[0,108]],[[20891,4748],[49,-6],[6,24],[1,145],[-36,1],[-26,30],[-22,3],[-1,57],[-224,-1]],[[20638,5001],[-26,0]],[[20612,5001],[-1,584],[1,196]],[[20612,5781],[9,0]],[[20621,5781],[227,2],[144,0],[289,0]],[[21281,5783],[0,-600]],[[21281,5183],[2,-604],[0,-348],[-2,-241],[0,-375]],[[21281,3615],[-472,0],[-195,1],[0,48],[-54,-7],[-41,5],[-24,24],[-28,49],[-21,1],[0,-239],[-390,-3],[0,242],[-112,-1],[1,603],[-289,-1],[-384,0]],[[19272,4337],[0,480],[1,240]],[[8564,12029],[1,123],[3,95]],[[8568,12247],[1,22],[291,-2],[167,1],[397,-2],[272,-1]],[[9696,12265],[-3,-481],[340,3],[0,-240]],[[9752,10398],[-23,-15],[-22,10],[-5,55],[2,30],[10,17],[-33,47],[-22,7],[-30,19],[-23,-27],[2,-34],[-38,8],[2,35],[-18,7],[-28,-17],[-31,10],[-8,31],[42,5],[-12,31],[-2,35],[24,5],[45,-3],[81,29],[5,16],[-36,47],[-34,13],[-52,48],[-80,7],[-31,-1],[-31,8],[26,28],[26,38],[-4,31],[-44,35],[-44,21],[-44,11],[-38,48],[7,36],[-20,34],[-23,24],[-18,-12],[-36,13],[-95,22],[21,39],[-24,26],[-45,-14],[-35,12],[-6,30],[10,44],[-9,28],[-26,37],[-32,12],[-36,76],[-8,-26],[-15,-14],[-25,11],[-28,39],[-42,45],[26,13],[8,19],[-11,21],[-29,-17],[-24,10],[-25,33],[-47,20],[9,46],[-6,17],[-38,36],[-34,-42]],[[8628,11651],[-63,122],[4,52],[-4,51],[-1,153]],[[6676,13714],[174,-1],[439,-2],[380,0]],[[7669,13711],[420,0],[556,-3],[499,-2],[219,3],[227,1]],[[9590,13710],[113,1],[433,6],[252,2],[464,-1],[212,-1]],[[11062,12994],[-256,0],[-428,1],[-114,-2],[-227,-2],[-339,-4],[-1,-241],[-1,-481]],[[8568,12247],[-22,19],[-25,-1],[-65,25],[-2,101],[-110,0],[0,-150],[-15,3],[-10,27],[-459,2]],[[31173,29370],[-8,-10],[-28,-100],[-128,-103]],[[33648,31863],[-392,-539],[-210,-179],[-1,-30],[-89,0],[-370,-515],[-129,-51],[-42,-48]],[[21992,8667],[309,0],[760,-3],[259,0]],[[23320,8664],[0,-232]],[[23319,8069],[-219,1],[-168,-2],[-119,-5]],[[22813,8063],[-119,2]],[[22551,8065],[-185,1]],[[22366,8066],[-32,-1],[-360,5],[1,120]],[[23678,10562],[61,-18],[54,9],[80,37],[12,20],[31,25],[37,-2],[67,-51],[45,-9],[39,1],[63,7],[23,-4]],[[24074,10102],[-56,0],[1,-120],[-1,-240],[0,-360]],[[24018,9382],[-372,-1],[-199,6],[-22,-3],[-82,0]],[[23343,9384],[-225,1]],[[23118,9385],[-57,0],[1,52],[19,68],[-189,2],[0,150],[-112,0]],[[22780,9657],[0,330],[-111,0]],[[22669,9987],[0,117]],[[5799,30302],[472,5]],[[6271,30307],[0,-121],[119,1],[-1,-242],[118,2],[3,-123],[1,-241],[-3,-120],[5,-482],[1,-121],[-17,-27],[1,-86],[117,-2]],[[6733,26704],[-136,3],[-376,1],[-77,-1],[-116,2],[-117,-2]],[[5911,26707],[-8,419],[0,48],[-6,256],[9,423],[-1,57],[4,119]],[[5909,28029],[3,62],[2,224],[-1,545],[-108,0],[-4,556],[1,43],[-2,239],[-1,604]],[[7595,27485],[34,52],[39,27],[16,23],[-36,34],[-5,27],[4,50],[8,27],[-15,58],[147,-2],[1,124],[80,-3]],[[7868,27902],[20,-22],[-5,-134],[-14,-45],[-19,-82],[7,-19],[42,-7],[-3,-149]],[[7888,27449],[-112,78],[-25,-7],[-2,-38],[-154,3]],[[7557,27362],[20,80],[18,43]],[[7312,28748],[239,0],[235,-1],[60,-31],[177,1]],[[8023,28717],[1,-454],[-118,0],[0,-119],[118,-1],[-6,-241],[-150,0]],[[10147,28799],[-8,61],[162,1],[132,0],[279,2],[72,-1],[1,58],[26,2],[13,-13],[44,16],[153,0],[0,157],[-9,30],[9,27],[-7,52],[15,37],[87,77],[7,15],[-3,74],[14,30],[2,46],[-118,-3],[-94,-6],[-16,-7],[-10,58],[4,23],[-1,286],[12,7],[220,2],[3,112],[13,51],[-10,38],[-2,41],[-31,-3],[-72,3],[-3,29],[-14,14],[5,40],[-4,27],[-48,6],[-16,-11],[-28,9],[-18,29],[-86,-16],[-40,4],[0,105]],[[11528,27428],[-3,-241],[-2,-360],[1,-122]],[[11524,26705],[-352,-4],[-116,-7],[-226,3],[-286,-2],[-51,3],[-69,-4],[-162,-1]],[[10262,26693],[-9,16],[3,163],[-8,59],[-3,122],[-88,0],[-48,-13],[-58,11],[15,63],[7,74],[-22,54],[-14,52],[-3,78],[-22,41],[-4,120],[77,-1],[36,43],[-5,14],[24,26],[-2,26],[21,32],[-14,32],[-7,33],[-17,31],[-121,9],[2,7],[2,230],[9,121],[117,-2],[-5,109],[-14,48],[30,53],[-9,36],[9,52],[-3,52],[-17,44],[29,64],[0,90],[-11,45],[9,24],[-1,48]],[[6271,30307],[237,1]],[[6508,30308],[272,-2],[441,0],[66,-2]],[[7287,30304],[324,-9],[235,-1],[212,1],[147,3],[165,0],[431,5],[78,-2],[137,4],[356,0]],[[10147,28799],[-249,-6],[-117,0],[-119,2],[-229,-7],[-12,-41],[-109,-10],[-27,-13],[-28,-27],[-17,-30],[-18,-4],[-27,23],[-35,16],[-25,1],[-30,39],[-56,2],[-18,-7],[-89,-1],[-21,-12],[-28,-39],[-86,0],[-19,-9]],[[8788,28676],[-61,11],[-63,3],[-45,-10],[-76,5],[-189,-1],[-81,20],[-55,0],[-32,17],[-32,7],[-39,-11],[-92,0]],[[10262,26693],[-108,0],[-139,-2],[-51,7],[-68,3],[-176,3],[-175,-4],[-125,-9],[-467,-3]],[[8953,26688],[0,120],[-87,-1],[0,120],[-29,0],[-1,174],[22,30],[19,10],[18,29],[3,48],[-42,14],[-17,25],[-5,155],[0,120],[2,113],[-24,16],[1,46],[-208,-35],[5,238],[20,29],[41,41],[-1,69],[9,26],[-5,38],[13,26],[30,0],[11,10],[2,38],[21,21],[18,50],[-13,25],[-1,69],[9,24],[19,20],[-1,81],[25,48],[-23,58],[0,80],[4,13]],[[8953,26688],[-105,-1],[-357,1],[-386,6]],[[31513,845],[28,35],[29,47],[41,41],[52,0],[30,10],[0,350],[205,2],[123,0],[30,-36],[10,-43],[-12,-33],[8,-46],[14,-5],[7,-34],[13,-16],[34,-17],[6,-21],[29,36],[27,-2],[8,-11],[23,15],[23,0],[2,-55],[-22,-16],[-27,-38],[-18,-10],[-86,2],[-20,-50],[-36,11],[-18,17],[-17,-15],[-75,0],[-10,8],[0,-97],[-9,-24],[-184,-2],[-172,1],[-36,-4]],[[22159,10107],[-27,0]],[[22132,10107],[-164,0]],[[21968,10107],[6,43],[-8,66]],[[21966,10216],[-1,56]],[[22403,10592],[-15,-48],[0,-85]],[[22388,10459],[-60,-1]],[[22328,10458],[3,135]],[[22161,10453],[150,139],[-8,0]],[[22303,10592],[7,1]],[[22328,10458],[2,-110]],[[22330,10348],[-93,0],[-37,24],[-35,42]],[[32850,2884],[216,0]],[[33066,2884],[16,-44],[20,-33],[11,-107],[15,-52],[10,-54],[18,-27],[3,-38],[16,-32],[11,-68],[15,-22]],[[33201,2407],[-14,1],[-157,-4],[-66,1],[-5,19],[16,28],[-9,74],[-14,46],[-28,15],[-16,-14],[-24,-1],[-17,27],[-34,13],[-5,36],[-46,39],[-11,39],[13,49],[18,34],[29,33],[19,42]],[[31914,2883],[620,0],[102,1],[214,0]],[[33201,2407],[87,-123],[-1,-28],[-16,-39],[-46,-180],[2,-107],[-20,-71],[-14,-33],[-29,-46],[-11,-34],[4,-118],[-15,-81],[-12,-87],[7,-22],[-11,-37],[7,-57],[2,-54],[13,-25],[24,-23],[12,-36]],[[33184,1206],[-188,-1],[-420,1],[0,119],[-17,2],[-254,1],[-173,3],[1,119],[-219,1]],[[31914,1451],[-1,431],[2,243],[0,470],[-1,288]],[[30586,1445],[459,-1],[136,2],[321,2],[233,3],[179,0]],[[33184,1206],[-2,-55],[-29,-90],[3,-33],[-5,-66],[21,-45],[38,-54],[29,-26],[91,-105],[22,-34],[7,-44],[-8,-111],[-9,-26],[-35,-56],[-17,-49],[3,-73],[36,-61],[21,-75],[16,-19],[27,-18],[39,-42],[5,-16],[-2,-99],[-137,-1],[-105,5],[-36,-1],[-418,-2],[-157,1],[-30,-2],[-115,3],[-286,-3],[-249,2],[-363,-2],[-369,2],[-37,-3],[-544,3]],[[30589,11],[-1,3],[-1,188],[1,817],[0,245],[-2,181]],[[30588,2883],[211,1],[386,-1],[52,1],[630,1],[47,-2]],[[30586,1445],[3,571],[-1,298]],[[16944,20732],[230,3],[119,-3],[118,1],[206,-2],[24,13],[1,-133],[463,2],[234,-2],[234,-4],[466,3]],[[19039,20610],[114,-4],[116,-1]],[[19269,20605],[5,-245],[-3,-121],[-1,-232],[3,-10],[9,-297],[-1,-63],[5,-31],[8,-212]],[[19294,19394],[2,-120]],[[19296,19274],[-343,0],[-115,4],[-115,-1],[-104,5],[-232,4]],[[18387,19286],[-58,3],[-291,3],[-285,-5],[-459,-4],[-60,1]],[[16883,19283],[0,61],[28,0],[0,49],[29,17],[0,118],[59,0],[-3,491],[3,114],[2,186],[2,64],[-69,-3],[-163,4],[0,227],[-2,49],[6,17],[51,41],[4,14],[114,0]],[[21651,12786],[-50,-2]],[[21601,12784],[-31,66]],[[21570,12850],[-24,55]],[[21546,12905],[-39,92]],[[14387,20902],[1,260]],[[14388,21162],[135,3],[6,22],[20,24],[62,41],[47,9],[37,-6],[21,14],[27,-4],[36,15],[-2,127],[1,118],[115,-2],[118,1],[1,156],[7,23],[35,5],[47,-28],[-1,-25],[35,-21],[22,37],[25,2],[-5,85],[-3,200],[9,17],[38,22],[10,21],[-1,155],[27,43],[-4,68],[6,36],[-5,46],[-25,56],[1,120],[-2,150],[9,24],[19,7],[67,2],[21,23],[5,151],[14,20],[-14,60],[2,67],[6,118],[-3,52],[-4,193]],[[15350,23409],[40,18],[10,26],[29,45],[16,2],[22,-28]],[[15906,22054],[8,-60],[-28,-52],[10,-33],[-13,-26],[5,-27],[24,-17],[23,-31],[-2,-25],[68,-61],[13,-34],[19,-27],[16,-42],[32,-51],[54,-11],[9,-14],[-9,-33],[0,-66],[-13,-39],[6,-36],[-33,-35],[2,-31],[28,-10],[8,-15],[-33,-51],[-10,-43],[-1,-32],[-33,-68],[-4,-28],[24,-38],[-5,-33],[-28,-27],[-25,-37],[-17,-74],[-19,-13],[-34,-57],[5,-27]],[[15953,20750],[-67,4],[0,-15],[-58,-1],[5,-224],[-57,-1],[-7,-30],[19,-23],[20,-42],[-5,-13],[6,-47],[17,-8]],[[15826,20350],[-10,-76],[4,-17]],[[15820,20257],[4,-15],[-2,-66],[41,-39],[-2,-50]],[[15861,20087],[-48,-12],[-26,33],[-60,66],[-21,45],[-1,99],[-375,0],[2,-120],[-201,1],[2,-240],[-68,-1],[-23,9],[-89,74],[-51,32],[-18,5],[-41,35],[-66,38],[-16,31],[-20,15],[13,20],[-65,38],[-39,-6],[-20,7],[-32,-1],[-27,17],[-34,5],[-49,-17],[-14,-12],[-9,-31],[-23,-30],[0,-31],[-15,-23],[-15,-39]],[[14412,20094],[0,99],[-29,0],[4,480],[0,229]],[[16939,22053],[2,-220],[-16,-16],[-82,0],[-19,-21],[4,-219],[115,-1],[2,-239],[-1,-259],[1,-108],[-1,-238]],[[16025,19274],[-16,16],[0,26],[27,34],[39,15],[5,32],[-31,24],[-22,34],[-7,61],[-8,28],[-31,60],[42,66],[-2,42],[-26,41],[-11,31],[-45,101],[-19,65],[-26,31],[-23,44],[-10,62]],[[15820,20257],[186,-1],[2,27],[-1,142],[23,15],[96,-1],[2,-57],[58,-3],[2,230],[-88,1],[0,68],[-9,31],[-51,32],[-31,9],[-56,0]],[[14357,23643],[53,-59],[37,-1],[67,-91],[13,-31],[29,7],[9,-23],[21,2],[26,37],[19,5],[18,-24],[36,-3],[49,-20],[70,-70],[77,-40],[16,-33],[32,3],[30,-23],[57,-16],[98,50],[21,-6],[17,11],[13,28],[34,6],[24,14],[42,-11],[34,16],[10,36],[17,11],[24,-9]],[[14388,21162],[0,367],[2,515],[0,241],[-2,296],[3,30],[0,112],[-4,342],[1,29],[-30,1],[1,300]],[[14359,23395],[-2,248]],[[17639,22048],[126,1],[157,-2],[361,3],[76,-1],[166,3],[153,-3],[361,0]],[[19039,22049],[0,-244],[-1,-412],[0,-643],[1,-140]],[[14411,19531],[1,563]],[[16476,18885],[-387,-1],[-259,1]],[[15830,18885],[-437,0],[-249,-7],[-126,0],[-116,-4],[-111,3],[-122,0],[-259,-3]],[[14410,18874],[-1,251],[2,406]],[[15826,20350],[9,39],[37,65],[50,36],[19,20],[-1,50],[23,27],[21,63],[8,40],[-39,60]],[[11236,2891],[215,-2],[201,2]],[[11652,2891],[504,0],[8,2],[468,-3],[360,0],[222,3]],[[13240,12],[-165,0],[-26,-3],[-82,-1],[-60,4],[-662,0],[-334,1]],[[11911,13],[-5,180],[112,0],[-1,75],[-26,35],[25,82],[1,49],[-111,-5],[1,181],[-1,390],[-14,51],[14,21],[0,197],[0,180],[-332,3],[0,120],[-110,1]],[[11464,1573],[-1,361],[-213,2],[-13,18],[-1,222],[-95,-1],[-16,17],[-1,344],[0,125],[112,30],[0,200]],[[12338,1184],[8,-22],[-5,-18],[0,-54],[12,-7],[0,-233],[111,1],[0,-237],[65,-1],[2,-16],[20,-20],[19,4],[31,21],[9,25],[-6,40],[-29,21],[3,15],[-13,32],[1,19],[-21,27],[-7,30],[25,22],[-2,32],[13,28],[1,212],[0,226],[-168,-2],[0,-27],[-27,-5],[-4,-84],[-36,-16],[-2,-13]],[[9920,2892],[429,-1],[561,2],[326,-2]],[[11464,1573],[0,-60],[-85,2],[-142,75],[1,-332],[0,-523],[-162,-1],[-446,-4],[-2,-109],[2,-370],[-1,-243]],[[10629,8],[-237,-1],[-368,-2],[-2,3],[-112,2]],[[11911,13],[-174,-3],[-164,-2],[-71,5],[-242,-2],[-187,3],[-34,-5],[-410,-1]],[[23029,12040],[-16,26]],[[19274,5779],[115,2],[186,0],[322,-2],[150,3],[212,-3],[118,2],[235,0]],[[20612,5001],[-112,0]],[[19273,5057],[0,121]],[[19273,5178],[1,240],[-1,220],[1,141]],[[21281,3615],[-1,-321],[0,-178],[0,-223]],[[21280,2893],[-609,-1],[-597,1],[-135,0]],[[19275,2892],[-1,120],[0,361],[-1,656],[-1,308]],[[20891,4748],[-92,13],[-79,21],[1,69],[-74,3],[-8,13],[1,86],[-2,48]],[[35781,31075],[-444,-306],[-694,-478],[-355,-249],[-292,-204],[-772,-542],[-355,-248],[-309,-222],[-694,-497],[-279,-171],[-231,-148],[-184,-105],[-694,-407],[-256,-152]],[[30222,27346],[3,664],[7,447]],[[22218,9883],[1,-119],[-6,-13]],[[22213,9751],[-77,-4]],[[22136,9747],[-2,24],[10,36],[-37,1],[-2,120]],[[22105,9928],[-1,104],[-8,46],[36,29]],[[21309,11792],[0,-29]],[[21309,11763],[1,-90]],[[21310,11673],[-115,2],[-2,50]],[[21193,11725],[87,68],[29,17]],[[20983,13319],[14,3]],[[21304,13354],[2,-214]],[[21306,13140],[-38,18],[-68,23],[-57,14]],[[21085,13203],[-32,17],[-30,50],[-40,49]],[[20295,12363],[-23,0],[0,-31],[23,-3]],[[20286,12000],[-45,26],[-29,-27],[-91,-22],[-32,-2],[-21,-30],[-77,4]],[[19991,11949],[0,70],[-36,29]],[[19955,12048],[-1,227]],[[19954,12275],[-1,181]],[[20863,12719],[-20,0],[-32,18],[-56,1],[-83,29]],[[20672,12767],[-25,28]],[[21309,11810],[12,43]],[[20801,12635],[-129,132]],[[19277,12269],[5,-3],[446,4],[226,5]],[[19955,12048],[-62,13],[-11,-28],[-40,0],[-1,-31],[-34,1],[-78,-30],[-1,-70]],[[19728,11903],[-2,-76],[-38,-13]],[[21070,11160],[28,-3]],[[21098,11157],[25,-1],[37,-16],[35,20],[30,-2],[38,-34],[7,-25]],[[21155,11040],[-52,-6],[-15,-15],[-23,7]],[[21065,11026],[26,33],[-35,8],[-20,18],[8,58],[26,17]],[[21871,13512],[-16,-30],[-31,-13],[-59,5]],[[21765,13474],[-91,9]],[[21082,12632],[-14,60]],[[20899,11100],[91,-44],[67,-23],[8,-7]],[[21153,10871],[-47,30],[-18,-16],[-6,-34],[-18,-20],[-28,-10],[-34,-3],[-18,22],[-20,7],[-67,-19],[-31,3],[-14,26],[-34,-27],[-13,2],[-22,39],[-14,7],[-16,-16],[-2,-21],[-17,-10]],[[20734,10831],[-48,-1],[-36,-20],[0,24]],[[20650,10834],[-3,97]],[[22386,12457],[0,-104]],[[22222,12351],[-28,30]],[[22385,11591],[1,76]],[[22436,11667],[25,0]],[[22461,11667],[19,-35],[1,-27],[17,-24],[32,-7]],[[22530,11574],[24,-2],[-7,-47]],[[22547,11525],[-6,-1]],[[22541,11524],[-29,26],[-33,-75],[-36,17],[-58,37],[0,62]],[[21864,12127],[49,0]],[[21845,12041],[20,36],[-12,23],[11,27]],[[21995,12098],[1,44]],[[21996,12142],[43,0]],[[22039,12142],[0,-15]],[[22038,12083],[-43,0]],[[21995,12083],[0,15]],[[21939,12098],[56,0]],[[21995,12083],[0,-30]],[[22315,12064],[14,-11],[0,-30]],[[22221,12023],[-7,27],[21,17],[80,-3]],[[22436,11018],[25,-8],[9,-59]],[[22470,10951],[-86,-2]],[[21431,9988],[-109,1],[-3,-4]],[[21117,10121],[73,76],[23,12],[16,21],[24,13],[44,11],[29,14],[19,20],[21,-38],[28,-4]],[[23850,11666],[-35,4],[-46,-8],[-33,16]],[[23849,11546],[1,120]],[[24818,12238],[13,-51],[36,-26],[34,-76],[21,-118],[1,-36],[-12,-72],[-27,-144],[-11,-28],[-46,-32]],[[21827,12381],[-1,-58]],[[21770,12319],[0,25]],[[21770,12344],[0,38]],[[22041,12187],[56,0],[18,29]],[[22137,12170],[-41,-2]],[[22096,12168],[-57,1]],[[22039,12169],[0,2]],[[22039,12171],[1,16]],[[22039,12142],[0,27]],[[22096,12168],[1,-55]],[[22097,12113],[-17,0]],[[21939,12142],[57,0]],[[22165,12747],[39,45],[27,44],[3,15]],[[22234,12851],[-1,14],[44,1]],[[22278,12748],[-56,-1]],[[22222,12747],[-57,0]],[[21765,13474],[4,-18],[-25,-12],[-26,-27],[-56,2],[-13,-27],[-6,-36]],[[21558,13355],[2,159]],[[21878,13521],[10,-16],[6,-62]],[[21957,13353],[-92,2]],[[21865,13355],[-110,1]],[[21755,13356],[-112,0]],[[21032,11828],[23,8],[50,4],[66,44]],[[21171,11884],[-13,-30],[8,-15],[-3,-36],[28,-7],[2,-71]],[[21193,11725],[-64,-51],[-64,-62]],[[22097,12113],[40,0]],[[21827,12562],[63,-1]],[[21890,12561],[14,0]],[[21827,12502],[0,60]],[[22385,12107],[0,-44]],[[22385,12063],[-28,24]],[[22357,12087],[-25,26]],[[7784,35362],[0,121],[3,117],[0,245],[-1,242],[118,1],[176,-1],[57,2],[291,2],[67,-1],[-2,219],[1,197],[-2,124],[1,184]],[[9355,33196],[-48,3],[-41,-2],[-305,-4],[-210,0],[-22,-1],[-301,-1],[-162,-1],[-304,3]],[[7962,33193],[-29,0]],[[23401,13480],[23,0]],[[23624,13307],[-57,-10],[-45,-19]],[[23339,13217],[0,43],[57,0],[20,20],[-25,64],[-5,92],[15,44]],[[22659,12963],[62,-17]],[[22722,12748],[-89,0]],[[22633,12748],[-80,0]],[[22553,12748],[1,88],[11,17],[22,-3],[36,18],[44,0],[-3,77],[-5,18]],[[23223,13481],[178,-1]],[[22720,13111],[167,0]],[[22888,13110],[14,-46],[-26,-6],[-18,-64],[-39,-5],[-98,0]],[[22721,12989],[-1,122]],[[22948,12989],[-1,-22]],[[22721,12946],[0,43]],[[23253,12869],[-100,0],[-40,22],[0,-141]],[[23113,12750],[-48,-4]],[[22583,11630],[6,-24],[93,64]],[[22766,11657],[-42,-41],[-40,-53],[-58,-21],[-26,-18],[-37,-7],[-16,8]],[[22530,11574],[18,28],[35,28]],[[23226,12749],[-113,1]],[[22470,12014],[-1,-107]],[[22469,11907],[-46,0]],[[22427,11966],[-11,57],[-8,22],[-23,18]],[[22469,11907],[29,0]],[[22498,11907],[0,-121]],[[22498,11786],[0,-15]],[[22498,11771],[-77,-1]],[[22421,11770],[8,76],[-6,61]],[[20016,15356],[20,-1],[9,24],[5,175],[-17,37]],[[20033,15591],[10,37],[59,2],[21,-26],[69,7],[0,-71]],[[20192,15540],[14,-45],[-4,-51],[-10,-19],[50,-50],[46,-25],[14,-21],[9,-41],[33,-30],[31,26],[55,12]],[[20430,15296],[-13,-177],[-19,-35]],[[20398,15084],[-75,-1],[-18,24],[-49,2],[-33,7],[0,-35],[-204,30]],[[20019,15111],[-1,183],[-2,62]],[[22506,13008],[97,-5],[56,-40]],[[22553,12748],[-57,0]],[[22583,11657],[39,0],[45,32]],[[22583,11630],[0,27]],[[25991,4429],[30,27]],[[25992,4333],[-1,96]],[[26315,4696],[11,-31]],[[26326,4665],[22,-63],[25,-60]],[[26373,4542],[10,-29]],[[26214,4475],[-33,148],[0,57],[38,2],[31,13],[65,1]],[[26326,4665],[51,0]],[[26377,4665],[82,-1]],[[26459,4664],[6,-14],[-20,-38],[-23,-15]],[[26422,4597],[-45,-18],[-4,-37]],[[26422,4597],[1,-29],[42,-6],[25,-35]],[[26459,4664],[43,1]],[[21005,11960],[-1,-36],[24,-64],[4,-32]],[[20860,11785],[-14,19],[12,44],[2,69]],[[21416,11456],[47,0],[0,-30],[60,0],[37,-10],[31,9]],[[21526,11307],[-71,0]],[[10279,19351],[100,2],[12,-11],[0,-49],[116,0],[0,91],[60,-1],[-5,27],[1,121]],[[10563,19531],[114,0],[1,133],[10,44],[-9,31],[1,63]],[[10680,19802],[57,0]],[[10737,19802],[94,-2],[111,-34],[200,-87],[111,-27],[21,-3],[151,1],[1,150],[105,0],[15,11],[17,39],[93,-57]],[[11656,19793],[-2,-225],[2,-279],[1,-419]],[[11657,18870],[0,-121]],[[11657,18749],[-203,1],[-215,-2],[-452,1],[-395,0],[-88,1]],[[10304,18750],[-5,57],[-26,54],[-5,23],[11,51],[1,284],[-1,132]],[[8159,20861],[329,-2],[-22,50],[-2,47],[78,-45],[20,-21],[1,97],[-14,27],[-30,87],[215,-2],[1,-90],[-12,-26],[39,-5],[44,30],[89,0],[12,3],[0,-154],[69,0],[22,19],[34,-4],[42,-56],[7,31],[37,47],[13,24],[151,1],[0,-61],[144,1],[0,60],[174,2],[0,-56]],[[9600,20865],[3,-69],[-2,-146],[-60,1],[2,-267],[1,-186],[-58,0],[1,-207],[32,-32]],[[9519,19959],[51,-56],[20,-32],[24,-67],[11,-15],[33,-17],[54,-7],[6,-16],[-14,-79],[0,-107],[-76,3],[-5,-3],[3,-85],[-78,1],[-33,-8],[-19,-13],[-35,-39],[-27,-9],[-295,7],[-28,-9],[-36,-26],[-40,-9],[-24,23],[-15,44],[-31,20],[-36,0],[-30,-11],[-45,-1],[0,-151],[-58,-2],[0,-540]],[[8796,18755],[-575,3]],[[23320,8664],[26,0],[-1,191],[-4,3],[0,166],[2,209],[0,151]],[[24018,9382],[111,-1],[561,-2]],[[22161,10687],[30,26]],[[22191,10713],[82,-2]],[[22273,10711],[0,-120],[30,1]],[[22161,10456],[0,17]],[[21883,10107],[85,0]],[[21968,10107],[-16,-113],[-15,-50]],[[21937,9944],[-19,-52],[-8,-36],[-2,-48]],[[21908,9808],[-137,0]],[[22609,11071],[18,0]],[[22627,11071],[-18,-29]],[[22469,10890],[1,61]],[[22750,17334],[2,-68],[-2,-123]],[[22639,17089],[-42,30],[-52,70],[-36,18],[-43,-2]],[[22466,17205],[-202,-2]],[[22264,17203],[-123,3],[-109,-1]],[[21950,17204],[-2,-358]],[[21948,16846],[1,-409],[-13,-74],[165,0],[77,-1],[228,0]],[[22064,15885],[-168,0],[-327,-2],[-73,2]],[[4371,6994],[154,-1],[0,-121],[112,-2],[134,1],[426,9],[301,0],[20,-12],[18,-39],[20,-10],[187,0],[19,-13],[4,-28],[21,-20],[198,-6],[332,-1],[123,1]],[[6444,5785],[-168,1],[-187,2],[-229,1],[-292,3],[-327,0],[-590,-3],[-274,-1],[-11,-1]],[[4366,5787],[3,874],[-1,215],[3,118]],[[4373,9393],[12,-2],[820,-4],[366,5]],[[5571,9392],[113,1],[320,-3],[360,-5]],[[4371,6994],[-2,104],[1,337],[1,542],[0,326],[-1,261],[1,104],[2,725]],[[17899,5874],[6,-21],[-28,-20],[-12,-26],[18,-16],[12,22],[17,3],[14,-31],[-2,-38],[-16,-2]],[[17908,5745],[-18,-2]],[[17890,5743],[-35,-24],[-28,-43],[-38,-18],[-95,-2],[-37,11],[-51,33]],[[17606,5700],[-37,22],[-57,62],[83,1],[155,-2],[0,22],[-17,22],[27,4],[9,-14],[28,-7],[34,24],[25,8],[-10,32],[53,0]],[[11524,26705],[-2,-121],[0,-179],[2,-124],[2,-304]],[[8890,25969],[-31,0],[-24,26],[-20,2],[-51,-25],[-45,-3],[-113,-1],[-363,1],[-4,43],[-14,15]],[[8225,26027],[-89,55],[-70,28],[-68,51],[-43,73],[-5,39],[-11,20],[-32,25],[-97,12],[-21,21],[-4,17],[7,72],[-9,44],[-35,44],[1,44],[-17,67],[11,57]],[[16999,16996],[26,-17]],[[17025,16979],[41,-73]],[[17066,16906],[6,-21],[27,-160]],[[17099,16725],[7,-32],[45,-112],[-7,-44],[-20,21],[-37,15],[-206,18]],[[17255,25942],[23,10],[5,-19],[22,-31],[-16,-21],[6,-14],[30,-23],[21,-6],[59,1],[42,19],[35,-5],[17,-18],[21,29],[34,6],[12,16],[54,-27],[21,4],[16,-20],[56,12],[15,35],[25,-4],[11,-55],[33,-15],[-11,-25],[-1,-25],[14,-16]],[[16735,24659],[1,190],[-8,32],[9,26],[-13,116],[13,1],[1,124],[-30,0],[2,120]],[[16743,23937],[-35,-34],[-26,-70],[-6,-29],[13,-97],[23,-17],[33,-10]],[[17268,26890],[-1,-121],[28,0],[1,-59],[-5,-14],[3,-63],[13,-21],[-1,-32],[12,-35],[-8,-28],[10,-27],[-15,-18],[15,-19],[23,79],[6,-49],[-8,-39],[6,-32],[15,-17],[1,-35],[-31,-51],[2,-60],[17,-12],[-18,-19],[-13,7],[-12,-33],[-28,-27],[-46,-19],[-22,16],[4,-45],[-44,-3],[-7,-23],[26,-24],[-40,-25],[-35,6],[-1,-57],[-16,-1]],[[19855,14547],[113,0],[1,-92],[-19,-5],[0,-22],[97,-1]],[[20047,14427],[408,0],[0,60],[132,0],[50,-7]],[[20637,14480],[43,-37],[-25,-12],[-12,-20],[-4,-32]],[[19855,14453],[0,94]],[[21776,25970],[174,-73],[39,-58],[28,16],[198,76],[150,41],[2,-53],[113,-2],[232,1],[29,9],[75,11],[15,11],[111,-1],[5,-30],[28,-1],[8,13],[25,-1],[42,19],[74,-4],[1,30],[59,5]],[[23239,22063],[-458,1],[-106,1]],[[22675,22065],[20,30],[-3,39],[28,14],[28,39],[43,27],[33,30],[-9,16],[8,33],[-19,11],[-257,1],[-2,5],[1,236],[-232,3],[1,239],[-2,120],[-228,0],[-2,64],[3,51],[-3,126],[2,105],[16,109],[0,144],[-16,52],[0,146],[-21,65],[-5,31],[5,43],[21,68],[-1,195],[-3,156],[1,197],[-11,27],[-33,34],[-13,38],[2,147],[-187,-4],[-111,1],[-136,-2],[-102,4],[-132,-3],[-85,3],[-103,-4],[-234,2],[-12,6],[-13,30],[0,140],[-9,23],[-31,43]],[[19037,23353],[18,31],[32,36],[23,16],[45,20],[81,8],[26,8],[30,22],[81,131],[9,30],[-5,85],[-1,173],[5,256],[22,51],[5,25],[1,90],[87,1],[233,-2],[118,2],[123,-7],[116,1],[-1,76],[-5,18],[-22,14],[-71,15],[-20,37],[-1,238],[-13,21],[-38,4],[-38,15],[-32,-1],[-50,41],[-50,10],[-16,16],[0,127]],[[20435,25051],[1,-213],[1,-331],[-2,-110],[2,-134],[0,-402],[-4,-76],[-1,-331],[0,-267],[1,-57],[-1,-187],[1,-119],[33,0],[0,-26]],[[20466,22798],[-592,-14]],[[19874,22784],[-413,-10],[-344,-6]],[[19117,22768],[-15,46],[-30,-13],[-23,14],[-13,37],[1,501]],[[19037,23353],[0,233]],[[22501,10438],[-84,4]],[[22417,10442],[-29,-4],[0,21]],[[22501,10438],[-1,-211]],[[22500,10227],[-85,0]],[[22415,10227],[-29,0]],[[22386,10227],[0,140],[22,19],[-6,24],[15,32]],[[22386,10227],[-57,0]],[[22329,10227],[1,121]],[[16158,24776],[-4,468]],[[26572,4643],[24,-10],[39,-4],[65,-41],[8,-39]],[[26708,4549],[-30,-26]],[[26377,4815],[0,-150]],[[26315,4696],[-45,118]],[[26270,4814],[-1,1]],[[26473,4813],[23,-15],[-7,-32],[-21,-31],[7,-23],[31,-17],[-4,-30]],[[25325,4515],[166,0],[0,89],[110,0],[2,-270]],[[25326,4335],[0,59]],[[25326,4394],[-1,121]],[[26607,5050],[180,0],[533,-2]],[[27320,4688],[-256,0],[-20,-16],[-1,-30],[-15,-14],[-109,1],[-15,-14],[-11,-30],[-121,-33],[-64,-3]],[[21965,11307],[-1,-177]],[[21964,11130],[1,-35],[-20,-31],[10,-12],[0,-42]],[[21955,11010],[-35,0]],[[21920,11010],[-5,24]],[[21901,11070],[-18,60],[1,151],[-2,25]],[[21655,11866],[-1,-81]],[[21654,11785],[-57,1]],[[21597,11786],[0,6]],[[21597,11792],[-3,81]],[[18591,14485],[-88,-19],[4,-39],[-169,-1],[-66,-21],[-48,-36],[-23,-2],[-18,-23],[-56,-27],[-78,32],[-9,-26],[-29,-28],[0,-54],[-6,-33],[14,-45],[-48,-32],[-27,9],[-29,-6]],[[17847,14431],[0,61],[57,-1],[1,297]],[[19286,14425],[-1,-319],[1,-280]],[[19286,13826],[-1,-120]],[[18945,13705],[1,358]],[[18573,13706],[-161,3],[-5,-2],[-265,6],[-225,1]],[[17220,15068],[95,86]],[[17478,15153],[4,-92],[1,-110],[34,-55],[28,-32],[9,-26],[-24,-59],[-16,-11],[-26,3],[-34,24],[-86,3],[-4,-18],[8,-48],[-12,-54],[116,-1],[4,-70],[-29,-48],[-1,-17],[-25,-22],[-12,-22],[5,-55],[15,-7]],[[19628,14426],[113,1],[1,118],[113,2]],[[19849,14316],[-1,-32]],[[19848,14284],[-113,1],[-15,-31],[27,1],[20,-29],[21,-6],[11,-25],[-14,-12],[-28,-49],[-15,-49],[-21,-11],[-46,0],[-2,-97],[-17,-53],[-40,-8],[-1,-55],[-70,-27],[-47,-4],[-166,-1],[-46,-3]],[[19627,14922],[57,16],[46,45],[20,-10],[13,-29],[36,-34],[33,-9],[47,7],[54,-6],[36,8],[47,-5]],[[20016,14905],[62,0],[52,-22],[46,-6],[90,4],[44,-7],[38,18],[12,17],[4,34],[11,13],[23,-1]],[[20398,14955],[0,-169],[-80,2],[-145,67],[-33,2],[-2,-191],[-3,-31],[-38,1],[-22,-11],[-21,-22],[1,-115],[-8,-61]],[[19627,14580],[0,13]],[[19627,14593],[-1,41],[1,288]],[[19848,14284],[-2,-208],[-4,-180],[-2,-162]],[[19286,12987],[-5,-35],[-1,-205]],[[19099,14928],[81,-23],[102,-48],[52,-9],[38,-46],[29,-26],[226,-183]],[[19144,15011],[65,-43],[44,-37],[72,-29],[25,-4],[46,25],[51,18],[101,0],[79,-19]],[[20398,14955],[15,-12],[17,-79],[8,-15]],[[20438,14849],[18,-40],[3,-22],[7,-114],[5,-18],[62,-77],[50,-11],[28,-24],[31,-45]],[[20642,14498],[-5,-18]],[[8342,11921],[18,-11],[4,-19],[31,-25],[5,-17],[38,-48],[-10,-11],[2,-37],[12,-37],[-26,-17],[29,-28],[35,-3],[13,-16],[74,4],[31,-16],[30,11]],[[10053,10291],[-10,-8],[0,-70],[-32,-18],[-33,13],[-34,-25],[-8,11],[-24,-17],[-2,49],[-38,-12],[-18,12],[-20,-5],[-37,40],[-13,-36],[-22,-14],[-18,-31],[-27,-10],[-63,-5],[-12,17],[-40,-13],[-15,48],[-22,-15],[-14,-27],[19,-14],[-18,-17],[-26,-9],[1,-49],[-30,-1],[-29,-16],[-51,0],[-7,31],[-36,11],[-22,-9],[-162,1],[-112,2],[-454,2],[-226,-1]],[[8398,10106],[0,728],[-419,3],[-260,0]],[[10433,9950],[-2,-201],[1,-50],[0,-525],[1,-164],[-1,-132],[0,-229]],[[10432,8649],[-355,1],[-205,1],[-109,-1],[-281,1],[-284,4],[-68,-1]],[[8397,9383],[0,300],[1,423]],[[5571,9392],[0,121],[226,0],[0,241],[-114,0],[-3,610],[103,98],[12,29],[1,70],[-3,277]],[[4373,9393],[0,597],[2,124],[-3,263],[1,159],[-2,177],[2,125]],[[15237,15818],[56,3],[107,-1],[2,54],[6,5],[273,3],[141,1],[5,5],[0,56],[82,1]],[[15909,15945],[0,-30],[110,1],[27,-21],[38,19],[38,-17],[20,3],[54,23],[18,24],[65,0],[3,-64],[52,18],[23,1],[17,-13],[47,0]],[[16421,15889],[-1,-107],[14,-14],[176,1]],[[16610,15769],[8,0],[0,-125],[-4,-235],[2,-90],[-5,-4],[-76,0],[-1,-268],[66,-20],[41,1],[9,-7]],[[15177,15157],[1,383],[-16,23],[-41,14],[-1,240],[117,1]],[[8564,12029],[-104,-2],[-1,-6],[-91,1],[-25,9],[-1,-110]],[[19959,11930],[4,18],[28,1]],[[20305,11855],[-46,34],[-28,-52],[-50,-47],[-1,-29]],[[20180,11761],[-55,1],[-76,44]],[[20049,11806],[13,76],[-21,8],[-65,-1],[-20,10],[3,31]],[[19959,11930],[-58,3],[-90,-4],[-83,-26]],[[20049,11806],[-24,1],[-42,-44],[-29,0]],[[27874,26520],[17,42],[27,0],[16,-16]],[[27934,26546],[30,-38],[-7,-44],[-16,-15],[-3,-27],[-30,-13],[-24,-35],[-51,-21],[0,20]],[[27833,26373],[0,54],[21,35],[20,58]],[[27885,26776],[-40,-6]],[[27845,26770],[-76,-33],[1,354]],[[28491,27254],[37,43]],[[28528,27297],[20,24]],[[28548,27321],[92,-84]],[[14487,43478],[61,-14],[47,-45],[52,-30],[28,-29],[27,-42],[21,-17],[106,-17],[70,6],[38,-13],[18,-19],[40,-81],[31,-12],[46,3],[85,-9],[54,-21],[74,0],[87,-11],[42,-12],[60,-23],[32,4],[43,16],[47,51]],[[15596,43163],[2,-135],[-1,-232],[4,-295],[-1,-110],[3,-11],[0,-206],[-2,-223],[-4,-119],[-1,-238],[3,-358],[4,-177],[-2,-244],[1,-239],[3,-181]],[[15605,40395],[-306,-1],[-420,0]],[[14879,40394],[1,243],[-1,183],[1,237],[-1,234],[-5,70],[-1,109],[2,136],[-3,121],[0,108],[-308,-1],[-175,2],[-2,121],[-179,1],[-110,-6],[-319,1],[1,358],[0,293],[3,237],[-1,70],[-296,1],[-61,-1],[0,120],[240,0],[-6,113],[5,7],[104,0],[11,9],[-2,108],[-20,6],[0,68],[153,-55],[125,-41],[28,-4],[483,34],[0,82],[-12,37],[-36,33],[-17,7],[6,43]],[[1208,36703],[-37,36],[-34,21],[-17,32]],[[22722,11070],[159,-1],[10,4],[22,-49],[36,0]],[[22949,11024],[1,-68]],[[22855,10950],[-132,0]],[[22723,10950],[-1,120]],[[4100,30304],[358,-1]],[[4458,30303],[154,-1],[397,2],[322,0],[110,-1],[358,-1]],[[5909,28029],[-123,1],[-48,-5],[-123,5],[-174,-1],[-5,-208],[-2,-150],[-371,-1],[-215,-6],[-304,-5],[-165,4],[-11,-10],[1,-97],[-12,-14],[-53,-1],[-111,5],[-118,2],[-231,2]],[[3841,28268],[0,358],[-2,233],[260,1],[4,119],[2,301],[-2,178],[-3,121],[3,242],[-4,361],[1,122]],[[2215,30297],[89,0],[273,4],[471,3]],[[3048,30304],[465,0],[235,1],[352,-1]],[[2910,28142],[-1,120],[-116,-2],[0,121],[-56,0],[0,137],[-42,1],[-20,29],[0,74],[-244,-1]],[[2431,28621],[13,22],[-4,26],[-22,23],[20,18],[24,42],[2,15],[-30,18],[-23,-8],[-27,-29],[-20,19],[-35,11],[-17,21],[16,61],[-16,71],[-19,13],[21,26],[-13,23],[7,62],[-50,28],[-13,25],[5,46],[14,46],[22,38],[69,20],[-35,44],[-22,-4],[-8,24],[57,7],[19,33],[-23,9],[-13,-25],[-17,25],[26,53],[-15,19],[15,29],[-12,22],[-28,15],[11,34],[-32,-2],[9,22],[28,-10],[13,7],[-21,36],[-3,53],[-29,18],[18,16],[52,16],[5,14],[-23,18],[1,20],[20,17],[-18,25],[-30,-13],[-3,17],[41,10],[4,53],[-21,25],[30,32],[-3,31],[-18,-3],[-18,13],[12,34],[-15,31],[-32,28],[-23,-4],[-20,9],[10,19],[46,-7],[14,39],[-38,19],[26,42],[-13,41],[-26,18],[-2,22],[28,14],[-17,25],[-24,-8],[-23,17]],[[5911,26707],[3,-129],[6,-473]],[[21583,10709],[1,2]],[[21584,10711],[25,8],[45,-37],[22,-1],[32,37]],[[21708,10718],[-1,-127],[6,-65]],[[21713,10526],[-41,1]],[[21631,10527],[-2,41],[-28,32],[-9,21],[1,71],[-10,17]],[[20647,10109],[169,0],[1,120],[56,0],[2,180],[55,0]],[[20930,10409],[57,-1],[0,30],[56,1],[1,30],[54,1],[-1,-30]],[[21097,10440],[0,-29],[-55,-2],[0,-29],[23,0],[4,-29],[30,0],[-2,-61],[2,-91],[-2,-52],[20,-26]],[[20983,9919],[-1,-53],[-156,5],[-87,-1],[-40,-25],[-27,-32],[-27,-3]],[[20645,9810],[2,299]],[[21323,10408],[0,61]],[[21323,10469],[43,-9],[27,7],[79,3],[29,24],[43,6]],[[21429,10347],[-106,2],[0,59]],[[19963,9386],[163,1],[287,-1],[227,0]],[[20640,9386],[-1,-221],[2,-162],[-2,-43],[-2,-295]],[[20627,8665],[-193,-1],[-150,1]],[[20284,8665],[-331,2]],[[19953,8667],[7,361],[3,358]],[[20084,10354],[7,53],[15,0],[20,-38],[24,21],[10,20],[-14,23],[-55,28],[-5,22],[33,31],[56,11],[31,18],[27,35],[6,17]],[[20395,10764],[55,25],[28,-14]],[[20650,10597],[-1,-246]],[[20649,10351],[-116,5],[-113,-2],[-3,-121],[-104,4],[-45,-1],[5,60],[-51,-1],[-44,60],[-94,-1]],[[21325,10669],[0,109]],[[21325,10778],[24,-10],[30,14],[23,-12],[17,-88],[19,-13],[65,31],[20,0],[23,-24],[22,-1],[15,34]],[[22273,10711],[37,0]],[[22780,9657],[-1,-73]],[[22779,9584],[-42,-11],[-29,-24],[-40,-20]],[[22557,9688],[0,180]],[[22387,9747],[0,120],[57,0]],[[22387,9628],[0,119]],[[22779,9584],[-1,-86],[1,-352]],[[22779,9146],[-114,1],[1,241]],[[22415,10227],[-1,-120]],[[22414,10107],[-85,0]],[[6522,4342],[-223,1],[-335,0],[1,-121],[-110,2]],[[5855,4224],[-113,-1],[1,121],[-571,0]],[[5172,4344],[-45,2]],[[5127,4346],[-78,-1]],[[5049,4345],[-24,-14],[-33,12],[-7,-19],[-18,-10],[-22,14],[-28,-5],[-31,35],[-6,-19],[-53,1],[5,28],[-33,7],[-5,-42],[-29,-4],[-13,-28],[-22,-18],[-4,65],[-363,3]],[[4363,4351],[1,229],[0,352],[2,506],[0,349]],[[5172,4344],[1,-120],[124,2],[0,-241],[-124,-2],[-97,2]],[[5076,3985],[25,60],[-9,0],[0,61],[25,-1],[-1,207],[11,34]],[[6521,2901],[-222,-2],[-558,-2]],[[5741,2897],[0,121],[108,1],[5,5],[2,247],[0,229],[-112,1],[0,120],[-111,0],[0,362],[222,0],[0,241]],[[5076,3985],[-127,0],[-1,241],[91,1],[0,111],[10,7]],[[5741,2897],[-221,0],[-484,3],[-345,2],[-206,3],[-120,0]],[[4365,2905],[-2,43],[0,474],[0,673],[1,67],[-1,189]],[[21979,13047],[10,70],[-6,31],[0,42]],[[22076,13167],[1,-144]],[[22186,13166],[-4,-67],[-18,-52],[-2,-33]],[[21911,13711],[7,-31],[62,-195]],[[21866,13547],[16,21],[-6,19],[15,24],[-3,53],[9,7],[-8,32]],[[12951,6074],[31,-37],[36,1],[21,-11],[41,-6],[25,21],[25,-12],[8,24],[18,4],[33,-28],[20,-5],[5,43],[16,-8],[26,8],[34,1],[41,-26],[39,-6],[4,-22],[26,-7],[45,2],[33,-4],[23,13],[21,-19],[21,20],[52,-4],[14,42],[31,-9],[5,22],[43,30],[19,22],[-16,78],[14,7],[7,26],[-18,25],[3,19],[46,-7],[46,26],[21,-47],[24,17],[-5,17],[15,17]],[[14211,6494],[30,4],[6,36],[17,16],[20,-10],[25,17],[10,23],[38,29],[86,-4],[6,-29],[32,-18],[7,-23],[58,-20],[-3,-45],[13,-9],[29,23],[19,-1],[16,-33],[23,25],[14,-8],[14,-29],[29,37],[41,-26],[-11,-38],[42,1],[11,29],[46,-20],[9,40],[21,-4],[5,-42],[26,21],[-3,37],[19,28],[15,-27],[22,16],[23,-13],[22,11],[3,21],[33,6],[3,-15],[44,1],[10,56],[19,19],[9,29],[23,11],[-6,28],[11,5],[42,-39],[41,-4],[-1,-39],[12,-16],[28,18],[50,16]],[[15698,6493],[8,-19],[-9,-50],[32,-17],[32,-5],[13,-23],[27,-9],[48,-5],[1,-23],[22,-20],[15,9],[-4,22],[24,10],[14,-15]],[[15921,6348],[1,-564],[14,-4],[2,-114],[-1,-241],[0,-369]],[[13211,5050],[-110,-1]],[[12618,6497],[258,-3],[299,3],[1,373],[1,345],[2,569],[1,254],[-2,250]],[[13651,7943],[-3,-26],[-22,2],[-7,-22],[18,-5],[45,-34],[41,0],[3,-30],[23,2],[26,31],[52,25],[16,-17],[44,-25],[14,-26],[20,3],[6,-23],[20,-20],[6,-25],[20,-2],[87,7],[44,-44],[22,-7],[4,-20],[-11,-34],[-21,-11],[2,-23],[-17,-8],[21,-29],[17,15],[5,21],[37,-2],[20,-55],[-23,-22],[-42,10],[-3,-20],[23,-38],[25,40],[43,18],[33,-14],[26,-41],[-35,-51],[57,-20],[19,9],[5,35],[24,-13],[27,-33],[27,26],[17,6],[39,-17],[-23,-38],[50,9],[28,-7],[9,-26],[-3,-29],[29,-21],[13,18],[22,10],[40,-5],[32,10],[33,-8],[11,-17],[10,-52],[20,4],[17,-25],[14,34],[13,-11],[12,-41],[46,34],[39,1],[10,-32],[24,-2],[14,29],[12,-31],[18,-13],[13,-47],[42,4],[35,-3],[57,5],[16,-21],[0,-28],[13,-12],[47,-24],[17,0],[39,-23],[16,22],[-21,38],[13,17],[40,-25],[-7,-53],[11,-16],[29,-12],[19,-39],[31,-1],[15,-28],[52,-63],[20,-6],[25,11],[20,-2],[1,-38],[-12,-34]],[[15466,6849],[-35,-17],[-26,41],[-38,8],[-10,-19]],[[21308,13713],[55,0]],[[21363,13713],[173,-1]],[[21558,13355],[-212,1]],[[21346,13356],[-5,13]],[[21341,13369],[25,1],[13,107],[-73,-3]],[[21870,13176],[-2,108],[-3,71]],[[21560,13234],[-29,2]],[[21531,13236],[-128,1]],[[21403,13237],[-50,96],[-7,23]],[[21531,13236],[-2,-90],[33,-10],[1,-51]],[[21462,13101],[-59,136]],[[21373,14009],[17,-17]],[[21390,13992],[-29,-41]],[[21361,13951],[-130,0],[-5,-26],[-31,-48]],[[21195,13877],[-2,329]],[[13761,17312],[450,-2],[82,-2]],[[14293,17308],[28,-1],[0,-115],[116,1],[163,10],[1,41],[9,19],[-1,28],[49,18],[83,1],[-23,-42],[-22,-65],[87,-1],[278,-8]],[[15061,17194],[66,4],[38,-2]],[[15165,17196],[-5,-29],[19,-47],[3,-90],[-2,-73],[-48,-1],[-10,-15],[-2,-106],[3,-111],[-2,-120],[20,-26],[20,-10],[18,-28]],[[15179,16540],[-1,-33],[47,0],[3,-37],[3,-139],[-52,-22],[0,-73],[26,0],[-2,-34]],[[15203,16202],[-109,-25],[-126,-3],[-41,-11],[-109,-53],[-161,-30],[-192,-50],[-30,-28],[-3,-99]],[[14432,15903],[-188,0],[-41,-36],[-1,109],[-8,-6],[-50,8],[-35,-15],[-39,1],[-38,13],[-13,19],[-45,0],[1,-120],[-115,1]],[[13860,15877],[-1,178],[1,171],[-13,11],[-98,-1],[1,240],[29,0],[15,27],[-2,22],[25,47],[-3,23],[-53,0],[22,41],[8,42],[22,25],[-4,54],[8,23],[-10,40],[26,15],[2,266],[-4,3],[-99,0],[11,137],[18,71]],[[16656,17318],[4,1],[217,-4]],[[16886,17207],[-39,0],[-4,-59],[-107,25]],[[16736,17173],[-20,12],[-24,32],[-31,54],[-5,47]],[[16574,16944],[57,36],[73,33],[66,2],[75,-1]],[[16651,16586],[-70,-2],[-41,8]],[[16540,16592],[-37,24]],[[16503,16616],[36,-5],[2,210],[-27,0],[10,25],[-34,44],[84,54]],[[17096,17010],[31,1]],[[17127,17011],[9,-27],[33,23]],[[17169,17007],[3,-58],[-4,-51],[-7,-17],[-29,0],[2,-25],[16,-13],[8,-30],[19,-22],[1,-17],[18,-12],[16,-35]],[[17212,16727],[-5,-3],[-108,1]],[[17066,16906],[20,0],[10,104]],[[16723,17635],[0,30],[12,14],[123,0]],[[16858,17679],[4,-51],[-7,-35],[43,-97]],[[16965,17378],[-53,40],[-37,7],[-13,10],[-39,2],[-37,30],[-26,1],[-34,28],[-3,11],[0,128]],[[16443,17321],[25,29],[151,2]],[[16619,17352],[37,-34]],[[16736,17173],[-16,-15],[-7,-40]],[[16713,17118],[-37,4],[-13,-13],[-6,-46],[-28,6],[-22,-13],[-16,11],[-37,-15]],[[16554,17052],[-70,34],[23,21],[38,1],[26,15],[-29,15],[0,161],[-54,4],[-21,16],[-24,2]],[[16713,17118],[39,-4],[90,3]],[[16842,17117],[3,-103]],[[16574,16944],[-4,7],[-1,88],[-15,13]],[[17927,10107],[546,-2],[131,-1]],[[18604,10104],[-1,-362],[213,2],[111,-3],[346,2]],[[19273,9743],[1,-275]],[[19274,9468],[24,-52],[-12,-8]],[[18483,8661],[-8,-46],[41,8],[22,-30],[-3,-46],[32,-25],[39,1],[16,-63],[-14,-56],[5,-50],[-21,-19]],[[18592,8335],[-50,-26],[-22,-2],[12,79],[0,16],[-21,85],[-14,28],[-21,-5],[3,-28],[-10,-49],[-40,-9],[-106,1],[-1,147],[-48,71],[-30,18],[-321,1],[1,224],[11,32],[-10,30],[3,79],[-2,74],[0,281],[-113,1],[-1,59],[-111,0],[0,60],[-225,2],[-1,-149],[2,-27],[-86,0],[-5,56],[-81,0]],[[17305,9384],[-252,1],[-2,45],[-58,15],[-117,-1],[-72,-21],[-4,-38],[-229,-1]],[[22062,14207],[0,-120]],[[22062,14087],[-1,-113]],[[22061,13974],[-45,-2],[-15,22],[-56,21],[-41,-32]],[[21906,13797],[48,10]],[[21954,13807],[79,-120],[7,-20],[-2,-99],[5,-32],[14,-21]],[[20646,11135],[0,-114]],[[20650,10834],[-60,-1]],[[20021,16371],[85,-3],[139,-1]],[[20245,16367],[-1,-56],[69,1],[30,-5],[13,-16],[39,-13],[1,-24],[191,-1],[2,115],[110,-1],[4,3]],[[20704,16132],[-120,1],[-234,1],[-108,-3],[-151,3],[-24,7],[-63,7]],[[20004,16148],[-1,32],[-9,18],[-1,87],[9,42],[19,44]],[[19416,15361],[2,-60],[231,-3],[53,-13],[2,-47],[60,0],[29,-12],[46,-3],[-45,68],[-4,68],[226,-3]],[[20019,15111],[-1,-98]],[[20018,15013],[-80,31],[-175,81],[-15,20],[-25,55],[-22,10],[-352,2],[-107,16]],[[19242,15228],[-1,81],[29,23],[30,9],[39,24],[16,-5],[61,1]],[[20706,15894],[2,-242]],[[20706,15536],[-102,2],[-74,-37],[-9,-35],[-16,-23],[-6,-35],[-24,10],[-62,2],[-9,66],[6,55],[-58,8],[-42,-8],[-118,-1]],[[20033,15591],[-16,7],[0,56],[-45,0]],[[19972,15654],[-33,38],[-2,32],[-36,36],[9,98],[32,44],[42,25],[14,32],[-3,159],[9,30]],[[20692,14541],[2,-51]],[[20694,14490],[-52,8]],[[20438,14849],[18,23],[13,53],[-12,43],[16,0],[3,29],[31,26],[25,50],[1,167],[11,46],[-2,24],[-25,-10],[-66,0],[-21,-4]],[[18416,15775],[176,1],[15,8],[47,0],[52,-6],[-4,148],[-2,15],[-26,46],[-4,31],[146,0],[107,-2],[174,2],[119,-2]],[[19216,16016],[1,-114],[28,-17],[2,-195],[-23,-34]],[[19224,15656],[-233,3],[-4,-115],[-1,-131]],[[18986,15413],[0,-193],[11,-32],[97,-107],[50,-70]],[[18417,15647],[-1,128]],[[20245,16367],[-2,126],[-80,1],[-8,-32],[-68,0],[17,27],[28,95],[-3,209],[58,0],[28,5],[29,-9],[0,-25],[56,-1],[0,30],[184,0],[218,-3]],[[15897,9385],[1,-544],[336,0],[0,-181],[25,0],[-4,-176],[-167,0],[0,-179],[-147,-2],[4,-24],[-23,-53],[0,-286]],[[15922,7940],[-52,3],[-182,-2],[-316,-1],[-235,1],[-333,-4],[-284,1]],[[18592,8335],[-27,-17],[-3,-16],[30,-23],[-5,-23],[-23,-18],[-40,-61],[-5,-53],[-19,-50],[-15,-8],[-74,13],[-25,-42],[40,-15],[19,-31],[-10,-19],[-29,6],[-47,-34],[-12,-1]],[[18347,7943],[-334,0],[-29,-1],[-667,3]],[[17317,7945],[0,120],[-41,0],[-12,13],[0,527],[-113,-1],[1,42],[-18,31],[1,105],[112,0],[1,280],[-5,22],[5,50],[17,9],[95,3],[1,60],[-57,-1],[1,179]],[[17317,7945],[-163,-4],[-120,1],[-4,3],[-109,-2],[-328,0]],[[16593,7943],[-517,1],[-139,-1],[-15,-3]],[[13014,22361],[1,120],[56,4],[-1,56],[57,5],[-1,180],[-3,120],[1,120],[-7,122]],[[13117,23088],[347,2],[5,-121],[301,1],[32,27],[8,-28],[96,0],[18,18],[-1,53],[34,48],[35,4],[15,10],[-2,20],[50,31],[54,-1],[18,22],[-2,79],[17,20],[80,1],[20,16],[2,84],[27,21],[88,0]],[[14387,20902],[-24,3],[-22,15],[-150,0],[-3,33],[-41,2],[-17,-35],[-242,-2],[-247,1],[-377,-4]],[[13264,20915],[1,240],[-16,3],[-31,32],[-52,4],[-2,-40]],[[13164,21154],[-157,-1],[4,302],[-2,181],[-116,1],[-1,110],[9,10],[107,0],[-1,121],[7,483]],[[2545,27946],[-7,30],[32,25],[-22,27]],[[22234,14660],[66,2],[218,-7],[103,2],[72,-3],[-1,75],[29,-12],[28,-34]],[[22244,14575],[-10,85]],[[21611,14927],[111,-2],[242,1],[101,-1]],[[22065,14925],[1,-282]],[[22066,14643],[-27,-17],[-86,2]],[[21953,14628],[-170,4]],[[21613,14632],[-2,295]],[[21328,14611],[27,-7],[88,1],[0,-32],[170,-1]],[[21381,14573],[-27,3],[-26,35]],[[22277,12963],[-114,1]],[[17975,5482],[25,40]],[[18000,5522],[41,-31],[5,49],[-15,14],[11,16]],[[18042,5570],[22,-22],[20,-8],[-3,40],[-18,10],[16,53],[42,-2],[23,-20],[28,21]],[[18172,5642],[33,-27],[63,-9],[0,-68]],[[18268,5538],[-115,0],[-29,-60],[-22,0]],[[18102,5478],[-26,-15],[-47,-4],[-24,20],[-30,3]],[[22231,13563],[-1,103]],[[22230,13666],[2,120]],[[22507,13634],[-15,-42],[-2,-108]],[[22132,13787],[33,-13],[8,-16],[0,-62]],[[22173,13696],[-115,1]],[[22058,13697],[1,68]],[[21464,14001],[150,0],[6,2]],[[21953,14628],[0,-60],[-34,-22],[-82,-64],[0,-91]],[[21837,14391],[0,-38]],[[22236,14206],[-2,-118]],[[22234,14088],[-58,-1]],[[22176,14087],[-114,0]],[[22116,13967],[-3,30],[23,0],[37,36],[3,54]],[[22061,13966],[0,8]],[[21329,14637],[-1,-26]],[[21172,14507],[13,60],[-14,29],[-36,35]],[[21135,14631],[31,17],[21,-7],[44,8],[24,-38],[45,23],[29,3]],[[22066,14643],[-1,-67]],[[22064,14388],[-227,3]],[[22230,13666],[-57,0],[0,30]],[[21442,14931],[34,-102],[17,-2],[0,-23],[-31,14],[-29,4],[-20,41],[-40,5],[-36,-22],[-19,7],[-18,-30],[-2,-23],[-19,-24],[4,-59],[27,-15],[-5,-52],[24,-13]],[[21135,14631],[-36,32]],[[18268,5538],[56,0],[0,-126],[-13,-2],[-14,36],[-67,0],[-10,-30],[-2,-36],[-33,1]],[[18185,5381],[-42,44],[-41,53]],[[17889,5525],[12,-1],[59,28]],[[17960,5552],[15,0]],[[17975,5552],[25,-30]],[[17975,5482],[0,-17]],[[17975,5465],[-17,0],[-5,-20],[-26,9]],[[17927,5454],[-27,28],[-28,-1],[17,44]],[[30589,11],[-172,0],[-255,-1],[-155,1],[-200,-1]],[[23477,11070],[44,-6],[55,1],[10,5],[15,-61],[49,0],[0,40],[16,1],[13,19],[-2,56],[-50,60]],[[23734,11064],[37,-37],[32,-22],[100,-85]],[[24023,10835],[52,-36],[42,-35],[36,-20],[63,-70],[63,-49],[20,-6]],[[23450,10589],[-21,51],[-10,42],[6,62],[27,70],[60,102],[-35,154]],[[13035,19475],[292,0],[0,-45],[10,-10],[47,-10],[24,9],[322,-5],[1,61],[39,0],[16,-30],[53,-1],[1,30],[37,9],[27,-9],[142,-2],[31,38],[56,37],[9,-40],[-7,-36],[162,-1],[0,79],[38,-4],[27,6],[49,-20]],[[14410,18874],[-172,-3],[-330,0],[-181,3]],[[13727,18874],[-309,2],[-222,3],[-162,-4]],[[13034,18875],[-114,2],[-96,-2]],[[12824,18875],[-3,56],[-8,36],[-22,51],[-13,97],[23,52],[72,90],[11,62],[-5,39],[30,19],[17,31],[8,28],[-19,39],[120,0]],[[11569,23811],[241,-1],[456,0]],[[12266,23810],[113,-1],[90,1],[463,0],[147,-2]],[[13079,23808],[0,-358],[2,-121],[0,-225],[15,-16],[21,0]],[[13014,22361],[-116,1],[-234,0],[-347,-1],[0,120],[-185,-1],[-43,51],[-11,-50],[-168,-1],[-234,2],[-56,-1]],[[11620,22481],[3,121],[-3,120],[4,242],[-1,129],[-47,1]],[[11576,23094],[-3,236],[-4,301],[0,180]],[[11618,20915],[346,2],[280,-4],[13,30],[51,-2],[8,18],[93,-23],[17,-8],[56,-40],[63,-37],[48,-2],[8,-12],[0,-47],[17,-30],[36,-30],[226,2]],[[12880,20732],[19,-45],[-6,-17],[-28,-14],[-35,5],[1,-109],[115,0],[-1,-120],[-123,-1],[-13,-23],[-65,-39],[0,-58],[402,3]],[[13146,20314],[-68,-421],[-7,-24],[-33,-66],[0,-208],[-3,-120]],[[12824,18875],[-149,2],[-683,-5],[-118,-1],[-217,-1]],[[11656,19793],[7,340],[-1,58],[-41,1],[-2,421],[1,60],[-2,242]],[[12880,20732],[66,0],[36,-6],[22,-28],[0,93],[166,3],[-18,111],[12,249]],[[13264,20915],[12,-111],[6,-115],[-3,-14],[184,1],[1,-120],[58,0],[1,-85],[-93,12],[-51,12],[-144,-1],[1,-90],[-26,0],[-18,-19],[-16,3],[-23,-43],[-7,-31]],[[13079,23808],[326,-1],[305,0],[214,2]],[[13924,23809],[-1,-37],[28,-64],[21,-34],[27,-13],[17,12],[67,-19],[50,-3],[37,12],[28,-8],[33,5],[13,62],[29,20],[13,-13],[8,-57],[13,-17],[22,17],[28,-29]],[[22443,10106],[113,0]],[[22556,10106],[112,-2]],[[22443,9987],[0,33]],[[22443,10020],[0,86]],[[11623,21636],[-3,604],[0,241]],[[11618,20915],[3,240],[0,360],[2,121]],[[21908,9808],[19,0],[25,-26],[43,-4],[8,-21],[51,-39],[35,-2],[47,-30]],[[22136,9686],[-2,-97]],[[22134,9589],[-8,7],[-47,0],[-33,-18],[-29,3],[-140,-14],[-108,-2]],[[24374,10121],[-20,-64],[-2,-316]],[[24352,9741],[-225,0],[2,227],[28,37],[1,97]],[[22845,10378],[-14,-45],[-4,-37],[-45,-9]],[[22672,10288],[-2,59]],[[22556,10228],[115,-1]],[[22556,10106],[0,122]],[[22556,10228],[1,120],[113,-1]],[[22808,10830],[-68,1]],[[22331,9920],[22,26],[90,74]],[[22387,9747],[-167,0],[-7,4]],[[22718,13349],[2,-238]],[[24137,15767],[21,-25],[32,-10],[36,8],[102,1],[-21,60],[25,1],[56,16],[10,65],[10,24],[9,65],[19,32],[5,24],[30,17],[22,2],[22,-32],[-2,-69],[27,-98],[21,-19],[0,-79],[57,-1],[20,-39],[37,-37],[1,-45]],[[24676,15628],[-109,-1],[-13,29],[-20,17],[-65,20],[9,-28],[16,1],[4,-44],[-20,-1],[0,27],[-22,-1],[-27,13],[-10,-21],[-131,10],[-9,-18],[-28,3],[-22,-11],[-15,11],[-15,-16],[-47,1]],[[24152,15619],[-221,3]],[[21482,12997],[25,0]],[[21546,12905],[-78,1]],[[13621,26098],[-173,0],[-176,1],[-1,-120],[14,-12],[-4,-23],[17,-26],[-15,-25],[-14,33],[-27,32],[-21,4],[-17,-21],[-43,31],[-28,6],[-13,-20],[-59,22],[-138,1],[-100,-2],[-262,-2],[-454,0],[-1,243],[-54,1],[-6,-30],[-109,1],[0,-31],[-67,0],[3,-61],[-115,-1],[0,-122],[-189,0]],[[11570,24476],[-1,298]],[[11569,24774],[109,0],[49,3],[41,28],[147,0],[0,-45],[29,0],[0,15],[34,0],[-9,-31],[-225,-301],[21,0],[0,-29],[123,-1],[0,60],[50,10],[37,-10],[57,-1],[1,62],[115,-1],[1,-121],[116,0],[1,-602]],[[11569,23811],[0,422],[1,243]],[[13659,25051],[1,-152],[0,-304],[1,-186],[-2,-388],[22,-16],[23,13],[-3,19],[21,5],[29,-24],[-16,-30],[32,-21],[-4,-22],[9,-21],[21,17],[12,-37],[20,2],[17,36],[28,-39],[27,24],[24,9],[22,-27],[-16,-35],[-3,-65]],[[11569,24774],[1,423]],[[21480,11792],[117,0]],[[21597,11786],[-7,-61]],[[21590,11725],[-24,-10],[-14,-35],[-17,-21]],[[21535,11659],[0,73],[-116,2],[-32,19],[-2,10],[-76,0]],[[21535,11659],[-30,-17],[-31,-2],[-52,-26],[-30,-26],[4,-28],[-6,-24]],[[21321,11547],[-13,6]],[[21308,11553],[2,120]],[[21654,11785],[27,-4],[30,23]],[[21711,11666],[-117,0]],[[21594,11666],[-4,59]],[[8971,1149],[20,-19],[82,-89],[27,-19]],[[14518,25139],[-2,-102],[3,-259],[-166,-2],[-1,-290],[1,-108],[17,-35],[6,-45],[6,-221],[23,-38],[7,-27],[0,-184],[58,-16],[58,-5],[3,-200],[108,0],[55,-25],[27,-7],[150,1],[125,-3],[134,-1],[161,1],[-1,185],[8,48],[33,72],[-13,35],[-4,37],[-33,64],[-8,26],[4,28],[45,37],[1,-26],[20,-12],[37,-1],[14,17],[59,6],[11,13],[40,1],[45,9],[-6,35],[29,8],[18,-14],[32,-44],[34,-10]],[[16921,23716],[-92,-2]],[[19117,22768],[-81,-1],[2,-345],[0,-141],[1,-48],[0,-184]],[[27320,4328],[-276,2],[-32,-7],[-25,5]],[[22611,12231],[0,2]],[[23514,11545],[-2,238]],[[22234,14660],[-1,91],[58,1],[113,-3],[2,139],[-13,35]],[[15466,6849],[4,-48],[7,-21],[43,-61]],[[22832,13350],[-114,-1]],[[22060,13848],[-59,69],[-80,36],[-73,14]],[[22060,13816],[-53,-1],[-53,-8]],[[22065,14925],[188,0],[140,-2]],[[30816,4608],[66,-51],[64,0]],[[30644,4155],[-6,19],[7,39],[12,27],[16,11],[-1,28],[30,44],[24,79],[12,24],[18,69],[-1,27],[31,37]],[[29878,5755],[75,-67],[68,-38],[19,-16],[65,-118],[52,-41],[63,-41],[123,-56],[65,-60]],[[30408,5318],[-25,-51],[-50,-18],[-7,-36],[50,-60],[58,-97],[28,-91],[-38,15],[-65,-6],[-83,5],[-53,-5],[-35,-22],[-35,-8],[-12,-17],[-29,-4],[-25,-34],[-3,-25],[10,-17],[-25,-31],[1,-91],[11,-26],[1,-59],[7,-33],[1,-149],[-18,-16],[-73,1],[-15,-17],[1,-104]],[[28650,5039],[1,89],[0,253],[1,231],[-2,141],[5,2],[435,0],[230,1],[213,-1],[209,1],[136,-1]],[[30408,5318],[61,-46],[118,-16],[44,-17],[20,-16],[47,-70],[14,-79],[3,-57]],[[30834,3792],[128,1],[43,-16],[126,-115],[103,-127],[33,-54],[34,-29],[36,-10],[70,3],[44,-6],[65,-26],[31,-4],[76,10],[117,0],[35,12],[59,43],[60,25],[39,24],[35,13],[28,1],[157,-30],[37,12],[40,44],[76,30],[22,-5],[41,-42],[45,-31],[41,-16],[88,-16],[73,-35],[10,14],[32,6]],[[32658,3468],[55,-45],[30,-77],[32,-48],[63,-40],[25,-30],[30,-55],[13,-57],[9,-59],[44,-49],[30,-49],[43,-32],[34,-43]],[[31420,4378],[40,-1],[80,-13],[66,-26],[74,-7],[33,2],[58,-8],[57,-14],[27,-18],[40,-35],[79,-37],[74,12],[22,-4],[52,-32],[75,-31],[46,-40],[14,-24],[32,-93],[50,-58],[25,-39],[25,-58],[61,-37],[51,-43],[60,-83],[47,-56],[10,-22],[9,-69],[31,-76]],[[15165,17196],[62,2],[4,64],[35,-2],[19,19],[0,38],[60,-1],[24,-15],[33,4],[-13,-68],[7,-40],[77,13],[24,16],[19,0],[31,38],[30,-1],[8,-13],[24,-3],[23,15],[105,1],[17,48],[40,4],[-1,16],[15,38],[2,48],[25,15]],[[15835,17432],[37,-24],[57,-58]],[[15929,17350],[52,-41],[17,-27],[8,-69],[14,-32],[79,-95]],[[16099,17086],[22,-27]],[[16121,17059],[63,-76],[69,-117]],[[16253,16866],[-24,-79],[-24,-55],[-7,-5],[-128,1],[-219,-4]],[[15851,16724],[-55,0],[-3,-26],[-57,-5],[2,-91],[-128,1],[-2,55],[-25,16],[-8,18],[-74,-50],[-37,-39],[-53,-3],[-217,-2],[-2,-42],[-13,-16]],[[23501,11545],[-18,67],[-3,25],[-22,86],[-9,53],[-16,45],[-42,71],[-15,17]],[[23376,11909],[12,20],[28,22],[-3,23],[20,14],[32,-9],[23,15],[23,1]],[[21610,15645],[40,0],[415,0]],[[22063,15407],[-1,-182],[3,-300]],[[23980,32638],[-15,-53],[-5,-46],[-44,3],[-9,-5]],[[23907,32537],[-45,-1],[0,11]],[[23862,32547],[-1,55],[86,42],[22,-18],[11,12]],[[23829,32547],[33,0]],[[23907,32537],[9,-53],[-54,4],[2,-100],[-25,-18]],[[23839,32370],[-35,0],[0,59],[31,1],[-6,117]],[[24253,32933],[-129,5]],[[24124,32938],[-31,1]],[[24093,32939],[0,65],[10,176],[-37,0],[3,64],[97,0],[66,-3],[2,-64],[151,-4],[-3,-30],[67,7],[-4,-36],[-66,0],[-2,-61],[-60,6],[-55,-4],[-1,-30],[27,0],[-1,-31],[-28,0],[-6,-61]],[[25981,33582],[68,2]],[[26049,33584],[1,-73],[49,-7],[-4,-37],[45,-62]],[[26090,33411],[-38,10],[3,-31],[-73,2]],[[25982,33392],[-2,72],[5,57],[-4,61]],[[22948,10831],[1,-33],[-1,-208]],[[22861,10590],[14,23],[8,79],[-15,31],[-6,32],[-17,-6],[-26,12],[-25,-11],[-51,12],[-3,69]],[[18185,5381],[-29,-23],[-38,0],[10,-35],[-4,-31],[10,-49],[23,-34],[1,-32]],[[18158,5177],[-112,-1],[-1,55]],[[18045,5231],[57,6],[0,60],[-28,-9],[-1,69],[-28,0]],[[18045,5357],[0,49],[-28,-1],[-16,35],[-26,25]],[[17936,5350],[40,7],[69,0]],[[18045,5231],[-15,6],[-68,0]],[[17962,5237],[1,39],[-29,3],[5,40],[-3,31]],[[17936,5350],[0,71],[-27,9],[18,24]],[[20398,15084],[-8,-35],[0,-72],[8,-22]],[[20016,14905],[2,108]],[[17169,17007],[8,38],[-21,46]],[[17257,17092],[36,-39],[300,-382],[-102,2],[-182,-2]],[[17309,16671],[-117,-2],[-1,4]],[[17191,16673],[21,54]],[[24769,4400],[55,-1],[1,117],[15,35],[21,20],[26,8],[49,-1],[0,-60],[167,-1],[0,-120]],[[25103,4397],[0,-59],[56,-6],[-1,-115],[-390,3],[1,180]],[[23953,5125],[137,0],[246,-3],[151,13],[0,46],[168,-1],[0,-396],[1,-152],[0,-231]],[[24656,4401],[-2,-182],[0,-599],[-191,-1],[-103,1],[-405,0]],[[23955,3620],[0,282],[-1,695],[-1,121],[0,407]],[[23283,5786],[27,0]],[[23954,5788],[-1,-242],[80,-1],[65,3],[69,-2],[131,-17],[24,-7],[-2,-219],[-107,0],[-115,3],[-145,-1],[0,-180]],[[23955,3620],[-223,0],[-446,0]],[[23286,3620],[-2,361],[1,58],[-1,304]],[[23284,4343],[0,422],[0,541],[-1,480]],[[24656,4401],[113,-1]],[[25103,4397],[223,-3]],[[23283,2896],[2,9],[1,236],[0,479]],[[25322,5776],[3,-628],[0,-335],[0,-298]],[[21948,16846],[116,-2],[0,-49],[51,-4],[-26,-38],[-2,-24],[-26,15],[-12,-35],[-20,-3],[-6,-22],[26,-20],[18,-34],[20,6],[29,40],[28,29],[3,76],[63,-1],[22,4],[172,0]],[[21491,1260],[29,-8],[16,14]],[[21612,1440],[132,1],[2,-44],[17,-62],[0,-27],[-17,-76],[-3,-74],[-11,-51],[-34,-78],[-58,-96],[-33,26],[-115,1],[-1,151]],[[21491,1111],[7,24],[35,-35],[3,70],[-10,21],[-35,9]],[[21491,1200],[0,60]],[[21373,1259],[109,3],[9,-2]],[[21491,1200],[-130,-4],[-9,-38],[0,-49]],[[21352,1109],[-26,0],[-1,120],[-55,1],[12,22],[30,14],[59,-19],[2,12]],[[21491,1111],[-139,-2]],[[17876,5726],[-3,-40],[29,-6],[46,3],[18,-43],[8,-43],[-14,-45]],[[17889,5525],[-7,22],[0,47],[-13,0],[4,132],[3,0]],[[17241,17823],[465,4],[232,-4],[518,5]],[[18456,17828],[5,-117],[4,-187],[-1,-113],[2,-139],[-15,-100],[6,-73]],[[18457,17099],[-165,-2],[-460,-6],[-230,3],[-113,-2]],[[17250,17219],[-3,57],[0,160]],[[17244,17575],[-3,248]],[[19296,19274],[4,-53],[8,-419],[-2,-249]],[[19315,17835],[4,-594],[2,-145]],[[19321,17096],[-114,-2],[-202,4],[-369,1]],[[18636,17099],[-179,0]],[[18456,17828],[0,46],[-9,30],[-40,83],[-5,25],[0,95],[-1,146],[5,97],[-2,80],[9,126],[-13,126],[-1,289],[-3,192],[-9,123]],[[17241,17823],[4,243],[1,183],[4,185],[0,121]],[[11357,35767],[21,-2],[23,-16],[31,14],[17,-6],[44,7],[13,13],[50,2],[29,-11],[10,-28],[25,-24],[62,-4],[93,0],[43,27],[84,-18],[20,-9],[358,-2],[21,-3],[32,9],[50,-7],[33,16],[20,-22],[22,4],[92,-1],[243,1],[333,7],[141,-7],[241,7]],[[13508,35714],[29,-4],[220,-2],[79,-3],[35,4],[104,-1],[68,2],[49,-2],[14,-11],[4,-25],[-11,-26],[15,-37],[40,-38],[2,-25],[21,-13],[15,-34],[34,1],[29,-36],[-27,-2],[0,-118],[123,-5],[76,0],[23,12],[30,-11],[287,1],[178,2],[-2,121],[239,1],[140,-1],[119,1],[14,-7],[57,44],[76,75],[71,48]],[[15664,34626],[-356,-1],[-4,76],[-29,-3],[-23,-21],[-43,-3],[1,-26],[-28,-24],[-37,16],[-20,17],[-26,-4],[-33,22],[0,70],[-171,-4],[-176,0],[-12,-30],[-54,-1],[-8,31],[-207,-1],[-219,1],[-108,-2],[-10,18],[-73,10],[-48,18],[-48,-42],[-31,-6],[-55,-71],[-21,-19],[-46,-22],[-56,2],[-277,1],[-19,-1],[-238,1],[-6,26],[-49,-2],[-30,14],[-9,44],[-59,3],[-35,-23],[-56,-59],[-271,3],[-259,0],[-14,-36],[-46,1],[-15,34],[-43,-5],[-33,5],[-358,0],[-143,2],[-265,2],[-28,-6],[-55,14],[-39,-9]],[[22927,12750],[-35,-15],[-55,-57],[1,-146]],[[22838,12532],[-78,7],[-35,0]],[[22725,12539],[-2,120],[-12,40],[11,49]],[[22386,12353],[56,0]],[[22442,12353],[57,0],[-1,-90],[113,0]],[[22524,12014],[2,-49]],[[22526,11965],[0,-58]],[[22526,11907],[-28,0]],[[22526,11907],[28,-1]],[[22554,11786],[-56,0]],[[22918,11996],[-24,-13],[-71,-3]],[[23398,12385],[0,-60]],[[22611,12008],[0,-43]],[[22611,11965],[-85,0]],[[22968,11992],[-20,-24],[-54,-55]],[[22894,11953],[22,12],[43,45]],[[23031,11973],[-28,-17],[-44,-60]],[[23098,12010],[39,4],[53,-22]],[[23190,11992],[34,-20],[25,-30],[12,-32],[1,-57],[-10,-69]],[[23207,11784],[-25,39],[-24,22],[-36,17],[-32,6]],[[23090,11868],[-3,60],[-35,59]],[[22837,11916],[-14,28]],[[22058,13633],[0,64]],[[15129,17977],[76,1],[0,45],[15,14],[330,-1],[284,6]],[[15834,18042],[0,-297],[1,-313]],[[15061,17194],[0,61],[59,0],[27,-12],[29,-2],[1,27],[28,43],[1,124],[-45,-1],[0,22],[18,20],[61,26],[-91,47],[56,7],[21,20],[103,-12],[3,32],[-10,55],[-34,36],[-26,16],[2,91],[-70,62],[-14,6],[-9,34],[-24,5],[-17,-14],[-26,-1],[8,58],[19,7],[-2,26]],[[13034,18875],[1,-237],[-115,-3],[0,-120],[46,1],[30,-60],[23,-60],[-12,-22],[2,-25],[26,-32],[1,-60],[-1,-232],[34,-11],[23,4]],[[13092,18018],[3,-31],[-8,-12],[-42,0],[-10,-21],[1,-350],[0,-226],[-2,-66]],[[13034,17312],[-416,-3],[-458,0],[-38,46],[-4,73],[-92,1],[-176,-2],[-20,-19],[-1,-77],[-11,-26],[-115,1]],[[11703,17306],[-47,0],[3,361],[0,240],[-2,498],[0,344]],[[17097,17081],[19,12],[11,-18],[0,-64]],[[17096,17010],[1,71]],[[16610,15769],[54,61],[11,-7],[54,21],[32,-6],[49,8],[35,38],[202,-2],[1,-56],[54,-4],[1,-61],[28,-1],[0,32],[19,49],[-1,39],[69,-1],[0,319],[85,-93],[17,42],[98,0],[30,-33],[50,-65],[-4,27],[30,3],[13,12]],[[17537,16091],[39,6],[24,-7],[14,-34],[17,-19],[20,5],[30,20],[21,-5],[7,-26],[2,-44],[8,-23]],[[16099,17086],[19,29],[23,-1],[81,24],[40,4],[-2,-46],[23,-36],[-129,2],[-33,-3]],[[16253,16866],[36,-41],[73,-50],[20,-17],[121,-142]],[[16540,16592],[-4,-341],[0,-242],[-115,-1],[0,-119]],[[15909,15945],[163,4],[-11,53],[-20,20],[1,28],[20,42],[-7,14],[-28,12],[-41,35],[-13,-14],[-58,14],[-18,-7],[-17,28],[-1,35],[4,63],[40,6],[3,12],[-40,6],[-33,-2],[-3,130],[1,300]],[[15929,17350],[15,20],[20,10],[34,-61],[39,1],[178,-132],[12,27],[1,103],[10,3],[205,0]],[[17975,5552],[30,45],[37,-27]],[[19670,8665],[184,3],[99,-1]],[[20284,8665],[3,-117],[109,2],[231,-1]],[[20626,7952],[-17,-5],[-234,0],[-200,3],[-1,78],[-8,9],[-58,-2],[-47,-9],[0,-21],[-55,0],[-4,-24],[-25,-5],[-2,-31],[-86,1],[-160,-1],[-21,-36],[-20,-75],[36,-9],[-1,-301]],[[19723,7524],[-230,0],[-221,-3],[0,-300],[-224,0]],[[19048,7221],[-264,1],[-181,2]],[[18603,7224],[-2,353],[2,366],[39,-27],[69,-2],[-1,150],[-47,0],[-69,-9],[-4,23],[23,19],[8,28],[28,0],[43,26],[29,27],[48,34],[-59,1],[5,30],[19,53],[-4,6],[91,130],[14,34],[-2,118],[-13,77]],[[15921,6348],[36,-6],[27,-14],[-14,-33],[17,-9],[17,10],[6,28],[38,-31],[37,0],[-3,-45],[31,37],[38,-24],[10,-35],[35,-16],[11,27],[15,-23],[-17,-18],[14,-25],[52,-4],[50,-8],[9,-32],[-3,-23],[26,0],[-2,30],[19,7],[18,-39],[13,-14],[-8,-38],[38,3],[42,-39],[8,27],[28,-32],[21,9],[34,-8],[17,-27],[27,-3]],[[16608,5980],[7,-16],[-31,-23],[26,-16],[32,4],[18,-35],[30,23],[27,-11],[23,6],[-10,32],[10,9],[30,-27],[-21,-27],[4,-40],[26,-1],[21,-16],[-7,-17],[27,-10],[13,12],[48,8],[46,-37],[24,-8],[32,3],[41,-21],[68,-5],[60,-22],[29,19],[17,-4],[43,-56],[24,-15],[26,-6],[-1,-37],[48,-8],[14,18],[16,-13],[13,-27],[-6,-32],[40,7],[-4,-18],[20,-24],[33,2],[10,-35],[42,-7],[-3,-18],[63,-22],[47,25]],[[17623,5494],[15,11],[15,-12],[5,-39],[12,-17],[51,-5],[20,13],[7,56],[31,14]],[[17779,5515],[24,-84],[3,-36],[-7,-14],[-24,-1],[-27,-26],[19,-21],[2,-40],[-34,-25],[-14,-52],[-1,-28],[-51,-14],[-1,-32],[39,-13]],[[17707,5129],[-14,-47],[-18,-30],[-45,-25],[-26,0],[0,-90],[-111,-4],[-76,1],[-31,-16]],[[17386,4918],[-36,-12],[-112,-2],[7,209],[-140,1],[0,60],[-195,0],[-175,2],[-19,25],[-1,125],[-111,0],[0,-301],[-111,0],[-1,-248],[0,-264],[56,0],[0,-60]],[[16548,4453],[-168,0],[0,-59],[-162,0],[-8,-30],[-98,-4],[-66,4],[-32,-27],[-22,-9],[-56,6]],[[18605,6140],[146,-1],[299,1]],[[19050,6140],[224,0]],[[19274,6140],[0,-361]],[[19273,5178],[-112,-1],[-389,1],[-3,51],[-25,50],[-2,18],[-61,1],[-23,10]],[[18658,5308],[2,110],[-45,0],[-18,27],[-6,34],[-15,9],[1,51],[-85,0],[-1,107],[1,195],[17,2],[25,31],[35,17],[-3,48],[7,21],[30,1],[1,19],[19,3],[9,21],[0,50],[-28,57],[1,29]],[[17707,5129],[14,-11],[44,15],[43,-22],[38,1],[35,-11],[0,73],[56,0],[0,40],[25,23]],[[18158,5177],[80,0],[31,-46],[3,-62],[37,-32],[20,23],[31,-1],[244,0],[1,147],[7,16],[29,-2],[17,24],[-10,18],[-43,36],[42,0],[11,10]],[[19272,4337],[-594,1],[-347,0],[-48,-2],[-205,0],[-3,60],[-55,-3],[0,-35],[-27,-4],[-10,-19],[-44,0]],[[17939,4335],[-129,1],[-22,-3],[-25,23],[-4,15],[-74,-13],[-17,-23],[-174,0],[2,-165],[-27,-2],[-56,26],[-70,70],[-83,43],[-15,23]],[[17245,4330],[28,22],[0,163],[37,0],[28,30],[29,1],[13,14],[1,68],[16,62],[31,41],[-19,9],[-17,-42],[-19,-15],[3,-32],[-24,1],[-7,28],[-19,15],[12,45],[-47,-5],[-2,41],[-40,6],[-2,32],[20,31],[23,19],[35,-22],[18,15],[3,33],[27,-4],[0,-29],[27,-17],[8,38],[-22,40]],[[16548,4453],[0,-59],[167,1],[-11,-58],[10,-7],[0,-30],[29,16],[29,1],[15,17],[95,1],[3,60],[53,2],[0,57],[60,0],[14,-51],[10,-69],[214,0],[9,-4]],[[17939,4335],[0,-783],[-28,-6],[-27,-23],[0,74],[-15,16],[-486,1],[0,60],[-112,1],[1,-301],[114,2],[0,-185],[-3,-298]],[[17876,5726],[14,17]],[[17908,5745],[31,-3],[-9,27],[5,15],[53,17],[25,42],[97,-1],[-11,-97],[-16,-28],[55,-21],[15,-16],[19,-38]],[[17920,6141],[181,1],[225,-2],[81,4],[198,-4]],[[17899,5874],[-20,26],[-25,4],[-11,13],[0,70],[13,11],[35,-9],[11,4],[3,41],[-14,20],[0,32],[-8,27],[32,13],[5,15]],[[21306,13140],[7,-143]],[[4922,36079],[224,0],[493,-4],[232,1],[117,0],[6,-122],[178,1],[-4,121],[-5,244],[159,-1],[22,22],[-3,276],[-3,188],[5,120],[118,-1],[-2,120]],[[5756,35351],[-442,3],[-387,3],[-2,361],[-3,361]],[[4922,36079],[-427,2],[-25,1]],[[21570,12850],[-32,-4],[1,-62],[-71,0]],[[21601,12784],[-3,-62],[-38,-3]],[[21560,12719],[-18,5],[-60,0]],[[21483,12633],[114,-3]],[[21685,12592],[-86,1],[0,-21]],[[21599,12572],[-116,1],[-1,-8]],[[21482,12565],[-27,0],[0,-23],[-84,1],[-1,46],[28,-1],[0,30],[29,1],[0,-46],[14,0],[0,30],[28,0],[0,30]],[[21599,12572],[0,-60]],[[21599,12512],[-117,1]],[[21482,12513],[0,52]],[[21597,12630],[1,32],[-38,0],[0,57]],[[22222,12621],[-1,-60]],[[22221,12561],[-56,0]],[[22165,12591],[-1,30],[58,0]],[[21305,13370],[36,-1]],[[21765,12802],[113,-38]],[[21878,12764],[32,-12],[28,-29],[0,-10]],[[21938,12713],[-56,1],[-14,15],[-29,0],[-14,-17]],[[21825,12712],[0,34],[-57,0]],[[21938,12713],[31,8]],[[21969,12721],[25,-71]],[[21994,12650],[-104,1]],[[21890,12651],[-64,1]],[[21826,12652],[-1,60]],[[22095,12747],[0,-42],[-23,-24],[8,-53],[-3,-37]],[[22077,12561],[-65,0]],[[22012,12561],[-18,89]],[[21969,12721],[-5,24]],[[21890,12561],[0,90]],[[27416,27091],[1,-120],[-1,-179],[1,-266]],[[27417,26526],[1,-230]],[[27418,26296],[-37,1],[-23,15],[-53,-18],[-23,-23],[-15,-30],[-26,-25],[-25,13],[-58,-1],[-27,-31],[-25,1],[-36,-12],[-48,1],[-21,-8],[-32,1],[-19,13],[-31,-4],[-22,28],[-21,16],[-1,28],[-30,6],[-18,20],[-37,22],[-6,24],[19,12],[-10,30],[3,25],[-18,55],[11,19],[-5,18],[-53,10],[7,23],[15,3],[7,27]],[[25011,27121],[300,11],[120,0],[115,-16],[115,-5],[115,0],[118,-3],[412,-4],[56,-4]],[[26417,26843],[3,-255],[0,-210],[90,-1],[0,-31],[-30,1],[0,-40],[-49,-48],[-33,-3],[-152,3],[-117,-1]],[[26129,26258],[-120,2],[-235,2],[-155,-1],[-77,2]],[[22151,12747],[14,0]],[[22222,12747],[0,-96]],[[22222,12651],[0,-30]],[[22279,12609],[-22,6],[-14,22],[-21,14]],[[17191,16673],[2,-52],[-7,-12],[11,-33],[2,-33],[21,-12],[18,-33],[53,-48],[55,-23],[30,-36],[8,-19],[44,-47],[-2,-64],[-11,-50],[57,-30],[24,-3],[37,-19],[15,-31],[-11,-37]],[[16842,17117],[100,3]],[[16942,17120],[0,-77],[86,6]],[[17028,17049],[-3,-70]],[[16943,17207],[0,-30],[37,-15],[0,-34],[-9,-8]],[[16971,17120],[-29,0]],[[17119,17126],[-46,-18]],[[17073,17108],[-30,13],[-72,-1]],[[16610,18553],[57,-41],[54,-18],[67,-13],[7,-41],[-28,-31],[-21,-6],[-8,-15],[7,-43],[19,-30],[27,-27],[28,-18],[27,-114],[12,-77],[29,-13],[68,31],[16,-6],[-5,-29],[-34,-21]],[[16932,18041],[-181,3],[-230,-1],[0,-452]],[[16521,17591],[0,-62],[50,-99],[48,-78]],[[15834,18042],[-2,364],[0,118],[-2,361]],[[15129,17977],[8,31],[-9,20],[9,19],[-14,28],[-29,0],[3,24],[40,19],[-11,23],[-34,16],[-20,-21],[-143,-98],[-311,-7],[-116,1],[-149,-2]],[[14353,18030],[0,117],[-8,50],[55,38],[-11,39],[-20,5],[17,39],[5,28],[-27,4],[-28,-19],[16,64],[0,86],[23,1],[-10,28],[11,32],[29,35],[5,27],[0,270]],[[13727,18874],[-3,-90],[-1,-149],[-98,-1],[-19,-12],[20,-23],[-6,-29],[11,-29],[-3,-24],[-17,-35],[19,-57],[1,-31],[93,0],[0,-69],[-16,-25],[3,-30],[13,-24],[0,-117],[-17,-6],[16,-27],[5,-28],[22,-46],[8,-53],[-215,9],[-103,17],[-20,8],[-44,36],[-12,-4],[-225,0],[-47,-17]],[[15237,15818],[-7,38],[-21,31],[-4,20],[48,7],[36,-3],[-2,71],[-28,29],[-3,25],[-24,46],[3,32],[-24,16],[-8,31],[0,41]],[[17028,17049],[40,23]],[[17068,17072],[29,9]],[[19224,15656],[125,-1]],[[19349,15655],[-6,-18],[3,-57],[18,-53],[17,-32],[1,-28],[12,-50],[22,-56]],[[19242,15228],[-45,12],[-44,21],[-36,28],[-131,124]],[[17779,5515],[52,19],[58,-9]],[[20622,6441],[0,194],[2,357],[1,93],[0,142]],[[20625,7227],[321,1],[17,28],[19,6],[40,33],[27,8],[23,-2],[36,23],[81,-45],[61,-42],[35,-43],[15,-10],[63,-4],[28,-12],[30,-23],[74,4],[-5,17],[-23,15],[-2,48],[110,1],[367,0]],[[21942,7230],[0,-36],[12,-72],[-2,-44],[8,-33],[4,-76]],[[21964,6969],[-17,10],[-26,-41],[-21,-5],[-36,8],[-5,-10],[1,-90],[15,-27],[-32,-23],[-18,-36],[-4,-112],[2,-67]],[[21823,6575],[-69,-43],[-69,-64],[-31,20],[-46,10],[-48,-22],[-19,27],[-245,2],[0,-240],[55,1],[-1,-241],[-57,-1],[0,-156],[-7,-22],[-5,-63]],[[20621,5781],[2,319],[-1,341]],[[22023,6836],[-65,-1],[9,105],[-3,29]],[[21942,7230],[155,-1],[14,-4],[3,-29],[-8,-28],[2,-31],[68,0],[15,-5],[4,-37],[17,-18],[93,-1],[17,18],[5,73],[149,0],[2,81],[-1,39],[191,-1],[23,-53],[24,-6],[304,2],[39,54],[19,-3],[30,-50],[208,2]],[[23283,5786],[-617,-1],[-163,0],[-313,-1],[-477,0],[-432,-1]],[[22366,8066],[-1,-140],[1,-212],[1,-8],[-46,-57],[-31,-48],[18,-42],[26,10],[38,-7],[13,9],[6,35],[39,73],[46,57]],[[22476,7736],[42,-29],[32,-9],[21,7],[75,-1]],[[22646,7704],[110,2],[0,162]],[[22756,7868],[0,168],[57,27]],[[20625,7227],[0,273],[0,303],[1,144]],[[21994,9388],[104,0]],[[22098,9388],[119,-1],[16,13],[23,-12],[130,0]],[[22779,9146],[113,-1],[0,120],[226,0],[0,120]],[[23175,11784],[32,0]],[[18410,16492],[230,0]],[[18640,16492],[116,-4],[285,1],[123,2],[15,12],[61,-11],[29,1],[1,-205],[-57,0],[3,-272]],[[18416,15775],[-1,241],[-5,476]],[[20013,17096],[114,-3]],[[20127,17093],[335,-3]],[[20462,17090],[240,-1]],[[20021,16371],[-3,241],[-3,305],[-2,179]],[[19321,17096],[117,-1],[460,2],[115,-1]],[[20004,16148],[-46,-12],[-30,-2],[-274,3],[-58,30],[-145,-1],[2,-149],[-117,-1],[-37,13],[-42,-12],[-41,-1]],[[18640,16492],[-1,171],[0,252],[-3,184]],[[19349,15655],[158,-4],[227,4],[58,-1],[180,0]],[[18410,16492],[-20,-3],[-25,-19],[-31,3],[-26,20],[-125,-2],[-269,-1],[-39,-21],[-30,-9],[-121,-1],[-118,2],[1,30],[-117,1],[-104,-1],[-9,24],[-68,156]],[[21163,14241],[-33,20],[-28,-10],[-29,-2],[-37,24],[-42,8],[-34,35],[-33,11],[-64,-8],[-20,5],[-38,38],[-26,34],[-18,52],[-14,14],[-53,28]],[[20785,12610],[-31,-32],[-32,-6]],[[20722,12572],[-84,-1]],[[20722,12572],[0,-84],[29,-45],[-1,-139]],[[20750,12304],[-46,-33],[-8,30],[-59,-2]],[[20806,12273],[-5,8],[9,62],[52,20],[39,1],[-15,54]],[[20793,12273],[-43,-1],[0,32]],[[20731,13719],[71,-1]],[[23090,11868],[-41,0],[0,-62],[-16,0]],[[23313,12026],[33,1]],[[23346,12027],[52,-1],[23,8],[33,-8]],[[23376,11909],[-33,72],[-30,32]],[[23313,12013],[0,13]],[[23143,13902],[168,-1],[1,-59],[28,0],[0,-121],[-56,0],[0,-30],[-57,1]],[[22234,12851],[-70,1]],[[18048,6611],[45,29],[28,-2],[12,8],[26,44],[23,14],[24,-2],[38,91],[15,19],[-11,35]],[[18248,6847],[11,35],[12,14],[28,6],[4,23],[-13,42],[15,18],[36,-13],[18,36],[-19,51],[-18,21],[-30,23],[-51,13],[-15,27],[-4,24],[-22,5],[-4,18]],[[18196,7190],[-2,37],[38,28]],[[18232,7255],[13,-29],[27,-1],[46,59],[56,0],[37,-19],[7,-28],[35,-13],[150,0]],[[19048,7221],[0,-381],[-16,-21],[-33,-81],[-63,3],[1,-194],[5,-17],[38,-36],[33,-13],[36,-60],[1,-281]],[[17920,6141],[-41,0],[-12,25],[34,49],[30,-18],[7,31],[-8,19],[-34,42],[-20,1],[-26,-13],[-4,19],[19,28],[41,28],[11,40],[22,15],[-27,19],[13,24],[35,19],[36,-2],[23,85],[23,33],[6,26]],[[19274,6140],[239,1],[22,-4],[79,-56],[112,0],[0,60],[112,0],[0,127],[-1,354]],[[19837,6622],[378,0],[12,4],[20,-37],[78,2],[25,17],[11,29],[34,-10],[2,-30],[27,-9],[30,-28],[0,-28],[52,-1],[3,-12],[1,-72],[20,-4],[92,-2]],[[18232,7255],[3,16],[-12,31],[-33,18],[4,22],[17,9],[40,3],[-12,31],[-29,12],[48,16],[11,35],[0,28],[-10,53],[-18,24],[37,29],[36,-7],[9,13],[8,56],[18,42],[7,62],[24,81],[-4,41],[-21,20],[8,32],[-16,21]],[[19723,7524],[0,-302],[56,0],[1,-81],[29,-48],[1,-86],[-10,-51],[37,-57],[0,-277]],[[11408,33912],[174,2],[3,54],[33,37],[86,0],[18,-10],[-17,-20],[0,-50],[25,-32],[22,7],[49,-1],[66,-27],[58,21],[26,-6],[48,14],[54,-2],[69,18]],[[12122,33917],[0,-136],[-15,-20],[17,-16],[1,-195],[79,-2],[5,-13],[1,-107],[-204,2],[2,-237],[-1,-121],[121,-4],[169,-3],[28,9],[35,-1],[-13,60],[4,40],[11,24],[19,12],[47,-4],[20,-21],[49,-1],[9,24],[329,-159]],[[12835,33048],[1,-111],[-51,1],[-8,-5],[-1,-50],[-33,-56],[-27,-6],[0,-15],[30,-5],[28,21],[7,17],[43,-8],[5,-28],[24,-17],[26,16],[53,-22],[11,12],[28,-6],[19,-17],[0,-21],[21,-1],[23,-35],[-13,-43],[46,0],[30,24],[93,0]],[[13190,32693],[118,-2]],[[13308,32691],[59,-1],[-1,120],[60,-1],[-1,121],[102,2],[18,20],[13,-16],[109,1],[0,122],[121,-1],[158,-3]],[[13946,33055],[82,-5]],[[14028,33050],[59,-2],[0,-46],[7,-67],[-7,-27],[1,-97],[-54,0],[-8,-25],[-24,-25],[47,-45],[12,-2],[27,-33],[25,-15],[19,9],[2,23],[29,-6],[7,-241]],[[13070,33171],[52,0],[2,23],[21,50],[-7,42],[6,58],[46,6],[32,-16],[10,-56],[-3,-55],[1,-146]],[[13230,33077],[-117,-149],[-11,25],[-33,0],[-9,17],[-30,1],[-49,55],[0,31],[88,-1],[1,115]],[[13069,33901],[2,118],[51,0],[22,-10],[21,-23],[18,-33],[8,-31],[45,59],[41,11],[41,-6],[33,37],[53,-27],[52,5],[19,-3],[70,-28],[9,-20],[-7,-25],[18,-10],[34,23],[121,69],[-1,-110],[-59,-2],[2,-119],[-1,-113],[-4,-9],[-112,-1]],[[13545,33653],[-96,0],[-148,3],[-151,-121],[-7,57],[-13,33],[-21,34],[-37,1],[0,120],[-3,121]],[[12122,33917],[15,-5],[219,-5],[297,-4],[61,0]],[[12714,33903],[0,-119],[2,-116],[0,-113],[-28,-49],[-4,-83]],[[12684,33423],[0,-38],[32,-56],[0,-87],[112,-47],[7,-14],[0,-124]],[[12835,33057],[0,-9]],[[12714,33903],[119,-3],[236,1]],[[13545,33653],[0,-121],[146,2],[-2,-69],[-36,-28],[-26,-29],[-34,-12],[-20,17],[-29,-1],[1,-100],[-15,-20],[14,-31],[-1,-90]],[[13543,33171],[-163,2],[-16,-45]],[[13364,33128],[-15,1]],[[13349,33129],[-119,-52]],[[13070,33171],[-16,7]],[[13054,33178],[-103,1],[3,73],[0,87],[6,37],[-9,7],[0,38],[-116,-2],[-151,4]],[[13054,33178],[-1,-56],[-30,2],[-94,38],[-8,-25],[0,-80],[-86,0]],[[13349,33129],[-23,-39],[-1,-34],[-13,-53],[-22,-44],[-26,-40],[-21,-14],[-66,-7],[-5,-12],[17,-31],[1,-162]],[[13543,33171],[23,-8],[89,0],[18,8],[66,0],[43,-9],[18,6],[6,-28],[39,-29],[29,-3],[8,-26],[40,-12],[24,-15]],[[13308,32691],[-2,268],[21,42],[36,110],[1,17]],[[23207,12018],[22,-4],[-1,116]],[[23283,12146],[2,-75],[22,-1],[6,-44]],[[23313,12013],[-69,-27],[-47,17]],[[23197,12003],[10,15]],[[25991,4813],[106,-1],[173,2]],[[25991,4429],[0,184],[5,28],[-6,16],[1,156]],[[25750,5773],[75,-51],[-1,-58],[9,-71],[-10,-64],[2,-87],[-37,-41],[-16,-45],[2,-23],[40,19],[178,-1],[-1,-298]],[[25991,5053],[0,-240]],[[25991,5053],[240,-2]],[[26032,5771],[383,-2],[443,-3],[462,-2]],[[27320,5764],[0,-641],[0,-75]],[[21939,12244],[0,-50]],[[21939,12194],[-1,-7]],[[21864,12127],[-12,18],[2,28],[-7,26]],[[21996,12173],[43,-2]],[[21996,12142],[0,31]],[[22244,12113],[-70,0]],[[22169,12121],[4,6],[-20,44]],[[23155,12108],[39,-55],[13,-35]],[[23197,12003],[-7,-11]],[[23369,12146],[-1,-94],[-22,4],[0,-29]],[[22838,12532],[0,-148]],[[22725,12385],[0,154]],[[22611,11965],[0,-59]],[[22583,11657],[-35,2],[-26,44],[-24,53],[0,15]],[[22461,11667],[-35,35],[-5,68]],[[22633,12748],[-14,-19],[-9,-29],[3,-162]],[[22725,12539],[-110,-1]],[[22950,12516],[-48,3],[-64,13]],[[28824,28534],[0,-289],[1,-282]],[[28825,27963],[0,-62],[-28,18],[-39,14],[-168,-1],[0,-91],[-44,13]],[[28546,27854],[-72,28],[-236,1]],[[22442,12353],[0,90]],[[23980,32638],[15,24],[83,38],[20,5]],[[24098,32705],[37,-6],[176,-15],[7,-118],[-58,2],[-1,-60],[-177,18],[2,-59],[-11,-120],[-181,22],[-1,-30],[-27,3],[0,27],[-25,1]],[[27402,34974],[0,-189],[-1,-181],[1,-151],[62,-2],[-4,-53],[-28,-35],[-6,-56],[8,-72],[-36,-83],[11,-21],[-3,-54],[-14,-15],[-7,-38],[-17,0],[0,-30],[20,0],[10,-26],[-1,-64],[-59,0],[1,-121],[30,0],[2,-60],[-30,0],[0,-30],[60,-1],[-1,-121]],[[27400,33571],[-117,3],[-120,-1],[-1,31],[-59,1],[1,-31],[-59,1],[-126,-3],[-245,2]],[[26674,33574],[-125,-2],[-174,7],[-180,-2],[-117,9],[-29,-2]],[[25981,33582],[4,118],[-1,242],[-59,-4],[-148,0],[-40,2],[-117,-13],[-257,-6],[-32,2],[-71,-6]],[[25260,33917],[-7,243],[9,59],[4,60],[-3,120],[-1,97]],[[25262,34496],[108,5],[140,14],[42,30],[-27,32],[-44,95],[-10,58],[4,26],[42,133],[-10,48],[-30,52],[-55,2],[-28,12],[-15,-10],[-149,2],[-9,358],[1,126],[-3,181],[2,170],[-2,73],[3,68],[1,221]],[[30232,28457],[-117,-118],[-131,6],[-46,-68],[-330,-252]],[[29608,28025],[-41,57],[-47,44],[2,18],[-31,8],[-19,19],[-48,10],[-33,29],[-19,-3],[-24,42],[-29,2],[-21,-15],[-60,0],[0,-59],[-59,0],[0,-111],[-16,-29],[-139,-96],[-23,-7]],[[29001,27934],[-7,24],[-105,-5],[-19,10],[-45,0]],[[29001,27934],[0,-46],[-10,-24],[-47,-51]],[[28944,27813],[-28,-35],[-44,-28],[-32,-50],[-15,-8]],[[28825,27692],[-42,1]],[[28783,27693],[27,36],[3,21],[-52,3],[-35,24],[-7,-27],[1,-43],[-17,-26],[-28,11],[-8,17],[-37,-9],[-54,4],[-44,32]],[[28532,27736],[-3,23],[4,45],[14,0],[-1,50]],[[28798,34278],[-6,168],[2,61],[-5,180],[-2,302]],[[28214,27024],[-25,3],[-8,17]],[[28503,27319],[49,55]],[[28552,27374],[24,-22]],[[28576,27352],[-28,-31]],[[28528,27297],[-25,22]],[[25982,33392],[3,-108],[-8,-30],[-56,1],[0,-26],[32,-3],[0,-30],[32,-3],[-7,-89]],[[25273,32850],[0,179],[-1,297],[-3,241],[-9,350]],[[23865,32979],[-3,-21],[135,-5],[64,-13],[32,-1]],[[24124,32938],[-4,-117],[42,-44],[3,-28],[-13,-26],[-18,-13],[-36,-5]],[[23829,32547],[-9,39],[-30,28],[-2,23],[-32,-2],[-49,12],[-19,38],[-9,56],[-17,17],[-22,-1],[-33,64],[-23,19],[14,29],[32,4],[53,-21],[20,0],[44,-12],[32,1],[0,23],[17,54],[37,0],[32,61]],[[27845,26770],[25,-22],[5,-18],[-12,-29],[12,-42],[-20,-51],[1,-10],[-32,-22],[-13,-37],[20,-7],[31,4],[12,-16]],[[27833,26373],[-81,3],[-24,-37],[-24,-13],[-18,10],[-71,81],[-87,77],[-87,38],[-24,-6]],[[29608,28025],[-76,-45],[-342,-292],[-96,-70],[-103,-70]],[[28991,27548],[-61,64],[19,37],[0,75],[21,49],[0,40],[-26,0]],[[23185,33567],[352,-11],[365,1],[-6,-121],[-8,-120],[0,-61],[-8,-55],[-15,-221]],[[24253,32933],[121,-1],[62,4],[174,-7]],[[24610,32929],[4,-318],[-9,-141],[11,-29],[23,-28],[28,-61],[-72,-41],[-7,-128],[8,-51]],[[24596,32132],[-2,-258],[2,-480],[-237,2],[-122,-1],[-359,2],[-222,2],[-126,0],[-357,-4]],[[27404,32852],[-4,173],[1,127],[0,178],[-119,6],[-1,35],[8,37],[30,45],[82,0],[-1,118]],[[23227,29267],[218,1],[586,-2],[123,-4],[230,-3],[218,2],[153,-1],[325,8],[201,13],[29,5],[231,-10],[351,-8],[116,-1]],[[28028,26693],[-10,-41],[-23,-30],[-41,-30],[-2,-47]],[[27952,26545],[-18,1]],[[28783,27693],[-30,-51],[-22,-13],[-16,-55],[-11,-2]],[[28617,27603],[3,16],[-38,29],[-49,13],[-1,75]],[[27952,26545],[37,-18],[86,-4],[37,-43],[2,-34],[-8,-24],[-22,-27],[-35,-11],[-27,-18],[-72,-100],[20,-45],[-2,-35],[-27,-26],[-29,-17],[-23,-1],[-39,24],[-28,2],[-39,-24],[-39,-7],[-34,35],[-32,42],[-29,-11],[-35,-51],[-26,-2],[-12,17],[-9,39],[-22,9],[-27,0],[-16,15],[-7,58],[-21,6],[-6,-35]],[[27468,26259],[-7,-2],[-43,39]],[[21936,10587],[59,16]],[[21996,10526],[2,-78],[-2,-42],[92,2]],[[21966,10292],[1,39],[-7,35],[-25,73]],[[21935,10439],[-3,28],[4,120]],[[24596,32132],[330,3],[16,2],[345,-1]],[[26688,33454],[-10,60],[-4,60]],[[21140,22027],[125,6],[562,35],[140,5],[102,0],[15,-3],[229,-4],[231,0],[131,-1]],[[22748,19895],[-104,0],[-11,32],[-14,12],[-19,-11],[-24,-49],[-31,-9],[-27,-24],[-9,24],[-20,25],[0,96],[-82,-50],[-4,18],[-342,-2]],[[22061,19957],[-114,-1],[-1,58]],[[21946,20014],[-3,322],[2,208],[33,40],[17,12],[-1,32],[-18,39],[-3,37],[-15,68],[0,65],[-122,0],[-127,-11],[-109,7],[-144,4],[-47,19],[-43,-18],[-231,-1]],[[21135,20837],[0,371],[2,107]],[[21946,20014],[-49,-10],[-9,-15],[-46,-26],[-26,-29],[11,-28],[-25,-38],[0,88],[-86,-1],[-3,-182]],[[21713,19773],[-84,-3],[0,-39],[-20,-19],[-104,1],[-16,-19],[2,-341],[-112,-2],[0,-237],[-115,9],[-1,-241],[115,-8],[0,-359]],[[20669,19266],[-4,243],[-3,119],[-1,364],[0,114],[-4,239],[0,120],[5,133],[245,4],[230,-6],[-2,241]],[[22061,19957],[0,-306],[-22,-5],[-11,-32],[-17,-13],[-49,-61],[0,-22],[-21,-2],[-4,32],[-14,14],[-15,50],[-31,8],[-36,32],[-22,33],[-15,7],[12,40],[0,43],[-103,-2]],[[10657,45636],[192,-1],[733,0],[0,575],[0,790],[0,412],[-1,729],[0,694],[20,-32],[26,-19],[69,-39],[22,-26],[71,-32],[34,-2],[37,-11],[0,-13],[74,-19],[175,-66],[49,-1],[196,28],[140,103],[82,-10],[93,20],[30,-12],[239,-154],[14,-15],[157,-124],[134,-75],[98,-1],[112,-23],[-45,-104],[-6,-121],[156,-664],[-3,-137],[140,-641],[128,-181],[147,-712],[118,-570],[103,-499],[-5,-98],[-45,-27],[12,-46],[-16,-84],[42,-111],[-66,-38],[-25,-30],[-13,-63],[51,-125],[-5,-79],[6,-58]],[[14127,43924],[-27,14],[-37,39],[-2,19],[-307,-2],[0,122],[-117,-1],[-5,5],[0,115],[-425,-1],[-62,-1],[2,-237],[-4,-4],[-485,-2],[-271,-1],[-456,-4]],[[11931,43985],[-4,660],[-1,329],[-12,5],[-48,-55],[-65,-53],[-14,-26],[-36,-26],[-85,-47],[-57,-21],[-75,-3],[-46,-15],[-65,-12],[-93,-27],[-70,-6],[-85,-25],[-50,-2],[-47,7],[-60,18],[-21,18],[-34,15]],[[10963,44719],[-55,38],[-15,21],[-59,18],[-19,34],[-35,6],[-19,14],[22,30],[-34,42],[-42,41],[2,12],[-31,42],[-37,92],[-1,39],[42,48],[32,5],[26,15],[-16,19],[-31,2],[-24,13],[1,22],[-21,40],[8,30],[-7,20],[-25,33],[-8,58],[1,43],[51,117],[-12,23]],[[14127,43924],[22,-122],[21,-23],[57,-29],[54,-46],[38,-48],[46,-35],[37,-59],[0,-42],[23,-23],[62,-19]],[[14879,40394],[-209,1],[-121,-1],[-217,0],[-408,-4],[-485,1],[-313,-2],[-693,0],[-548,-4],[-381,0],[-243,-2],[0,356],[-5,121],[4,238],[0,397],[-4,332],[-232,-2],[-493,4]],[[10531,41829],[-1,471],[1,130],[-1,238],[1,241],[-1,120],[0,234],[223,-1],[211,2],[144,-2],[151,1],[262,-1],[215,2],[198,-1],[0,306],[-3,58],[-1,117],[1,241]],[[22627,11071],[92,184],[11,51]],[[22821,11306],[128,1]],[[22949,11144],[0,-120]],[[22722,11070],[-95,1]],[[21708,10718],[22,13],[64,-1],[53,17],[58,37],[21,8]],[[21926,10792],[2,1]],[[21928,10793],[5,-41],[3,-165]],[[21935,10439],[-79,-1]],[[21856,10438],[-10,124],[-62,-20],[-29,-16],[-42,0]],[[9600,20865],[27,1],[152,-6],[112,-2],[-2,120],[232,0],[1,-59],[88,-9],[27,8],[-1,-212],[115,3],[2,51],[36,9],[17,12],[1,20],[58,-2],[1,87],[102,-2],[51,6],[35,22],[43,3]],[[10697,20915],[0,-90],[-111,0],[-4,-30],[4,-73],[14,-38],[-12,-47],[1,-20],[23,-11],[0,-91],[-17,-12],[-20,-51],[-38,-44],[-13,-26],[-33,-37],[-35,-71],[-14,-7],[-17,-46],[-46,-35],[-18,-23]],[[10361,20163],[-43,26],[-17,-37],[-10,-34],[-71,-67],[-67,-70],[12,-11],[61,-23],[23,-18],[8,-20],[0,-48],[-148,0]],[[10109,19861],[-22,5],[-95,37],[-33,20],[-27,30],[-167,5],[-246,1]],[[20734,10831],[-42,-36],[10,-46],[15,-8],[10,-46]],[[20727,10695],[-77,0]],[[21496,15885],[-1,-111],[1,-143],[-31,-12]],[[21171,11884],[29,10]],[[17930,10825],[338,2],[338,4]],[[18606,10831],[-2,-414],[0,-313]],[[20097,11551],[197,-1]],[[20314,11550],[-5,-30],[-35,-98],[-45,-60],[-7,-43]],[[20081,11350],[0,29],[-29,4],[2,86],[-12,10],[25,44],[30,28]],[[19270,11184],[4,-47],[-17,-27],[18,-37],[0,-250]],[[19275,10823],[-208,4],[-276,2],[-122,0],[-28,2]],[[19273,9743],[0,377],[2,199],[-1,71],[1,433]],[[19275,10823],[96,4],[148,3],[198,5],[199,2]],[[19916,10837],[57,0]],[[20084,10354],[-22,-35],[-30,-35],[16,-58],[-21,-41],[5,-30],[32,3],[-5,-54],[22,-48],[23,-21],[-1,-15],[-38,-31],[-20,-5],[0,-35],[-36,-5],[-12,-35],[-25,-7]],[[19972,9902],[-34,21],[-13,-26],[-25,-17],[-24,46],[-33,2],[-54,-27],[-12,-35],[-30,-37],[-29,-48],[-54,-70],[-23,-10],[-38,1],[-27,-10],[-43,-31],[3,-19],[31,-28],[-31,-31],[-39,20],[-11,-30],[-47,-59],[-46,-4],[-41,-15],[-19,5],[-16,-20],[11,-17],[26,-14],[-3,-15],[-33,-10],[-19,33],[-25,11]],[[21076,11554],[120,0],[54,4],[58,-5]],[[21324,11307],[0,-21]],[[21324,11286],[-78,-1],[-23,3],[-44,24]],[[21179,11312],[-26,19],[-57,-13],[-43,-19],[-67,8]],[[20986,11307],[13,48],[31,30],[10,24],[0,47],[12,20],[5,77]],[[20986,11307],[-62,2],[-21,-4]],[[20903,11305],[44,67],[26,97],[40,85]],[[28713,27314],[40,30]],[[28753,27344],[60,65]],[[28813,27409],[62,59]],[[28875,27468],[116,80]],[[30222,27346],[-438,-262],[-589,-334],[-114,-83]],[[28640,27237],[73,77]],[[28598,27492],[-56,8],[-40,-15],[-30,1],[-21,-35]],[[24610,32929],[0,62],[9,59],[16,61],[5,64],[13,62],[-8,64],[0,251],[15,239],[1,125],[-6,124],[1,147],[-8,7],[6,41],[2,283],[24,-23],[51,-27],[32,-8],[77,-62],[35,12],[77,-24],[62,6],[26,-3],[40,-40],[32,4],[9,25],[28,24],[15,29],[28,34],[36,35],[34,-4]],[[23089,36449],[0,23]],[[28875,27468],[-18,87],[-1,77],[-31,1],[0,59]],[[28813,27409],[-112,99]],[[28701,27508],[11,13],[-11,31]],[[22668,12009],[-1,-103]],[[22724,11945],[0,-39]],[[26735,26328],[-3,-73],[10,-97],[-15,-24],[-281,1],[-24,-15],[-32,17],[-53,-4],[-142,-123],[-50,-41]],[[26145,25969],[-14,-6],[-2,295]],[[24977,24941],[-1,-298],[-71,-77],[3,-11],[51,-38],[16,-4],[65,-3],[-24,-38],[-34,-43],[-32,-63],[-52,-145]],[[27468,26259],[4,-247],[-1,-721],[-1,-359],[-2,-33],[0,-178],[-3,-509]],[[25787,24219],[0,322],[0,399],[219,0],[14,17],[0,91],[12,12],[43,0],[16,12],[1,569],[9,34],[0,82],[29,46],[1,125],[14,41]],[[14028,33050],[-8,233],[7,34],[-6,38],[121,0],[-2,66],[1,117],[89,-7],[253,12],[175,5],[35,8],[20,-6],[45,2],[109,11],[8,49],[16,18],[-16,35],[1,30],[-23,26],[1,15],[24,27],[1,34],[33,23],[12,34],[34,45],[11,40],[29,29],[-10,18],[0,33],[32,-22],[7,-16],[2,-57],[13,-24],[46,0],[67,6],[293,0],[-2,-116],[2,-75],[44,-33],[35,-10],[40,3],[-3,-91],[93,-30],[25,-1]],[[9135,39201],[377,2],[507,-1],[305,-4],[125,2],[3,60],[241,-1],[117,-3],[281,1],[176,-2],[30,-9],[31,12],[137,-30],[69,31],[9,19],[22,-6],[87,30],[50,59],[47,-25],[42,24],[108,46],[82,14],[57,3],[56,-6],[54,17],[12,11],[53,-10],[1,-54],[166,1],[36,-5],[44,-17],[29,12],[48,1],[73,8],[11,-28],[37,-4],[50,-31],[71,-2],[139,-65],[30,7],[48,-31],[26,-25],[173,2],[22,16],[21,-16],[92,-2],[112,-5],[7,3],[2,-210],[78,20],[29,20],[18,0],[99,33],[162,30],[58,3],[17,-21],[62,4],[4,-437],[59,-348],[-1,-65],[25,-162],[18,-194],[0,-121],[117,0],[0,-226],[4,-14],[28,-1],[2,-416],[-3,-294],[-26,-12],[-9,-18],[-24,1],[-52,20],[-32,4],[-32,14],[-31,-12],[-26,-29],[-37,-21],[-35,-39],[65,-12],[-10,-31],[-16,-12],[-4,-27],[-35,-9],[-9,-17],[6,-37],[11,-3],[4,-40],[-27,-24],[-39,-4],[-8,-18],[1,-50],[18,-27],[16,-3],[2,-33],[35,-22],[7,-23],[41,-30],[-53,-83],[-35,-14],[-179,-1],[-117,3],[16,-84],[-25,-37],[8,-14],[-23,-43],[9,-47],[-22,-27],[0,-33],[-31,-28],[-6,-57],[2,-107],[-17,-1]],[[10109,19861],[8,-51],[14,-10],[36,0]],[[10167,19800],[0,-34],[-54,5],[-3,-27],[-22,-2],[-27,-32],[-13,-39],[4,-20],[59,0],[-7,-19],[-38,-41],[99,-3],[0,-81],[114,-50]],[[10279,19457],[0,-106]],[[10304,18750],[-185,6],[-293,-2],[-265,-5],[-264,3],[-157,0]],[[9140,18752],[-344,3]],[[8159,21642],[525,-1],[152,0],[720,6],[182,0]],[[9738,21647],[203,0],[58,-1],[202,0],[189,-2],[187,0],[58,-1],[290,-1],[118,-2],[346,-1],[234,-3]],[[11618,20915],[-174,-1],[-290,2],[-109,3],[-122,0],[-226,-4]],[[10737,19802],[2,148],[-81,0],[-20,46],[2,46],[-34,16],[-27,-43],[-21,-15],[-103,-51],[-48,3],[-14,-14]],[[10393,19938],[0,51],[-53,120],[10,48],[11,6]],[[21713,10526],[0,-178]],[[19986,9822],[-1,31],[-13,49]],[[20649,10351],[-2,-242]],[[20645,9810],[-2,-243],[-3,-181]],[[19963,9386],[-1,120]],[[19962,9506],[-1,15],[60,1],[-1,45],[29,0],[5,-29],[62,0],[-40,49],[1,69],[23,-4],[33,15],[28,1],[1,22],[-84,1],[1,58],[-26,-1],[8,25],[24,28],[0,38],[-31,0],[-33,-42],[-35,25]],[[20931,10618],[-13,2],[-57,34],[-24,-15],[-54,-7],[-50,4]],[[20733,10636],[-6,59]],[[20733,10636],[-1,-62]],[[20732,10574],[1,-64],[47,-15],[38,-24],[28,-1]],[[20846,10470],[85,-1],[-1,-60]],[[19986,9822],[-24,-12],[-58,-1],[-1,-62],[57,0],[-2,-123],[3,-58],[-57,-1],[2,-59],[56,0]],[[20732,10574],[114,0],[3,-76],[-3,-28]],[[21323,10408],[-113,2],[1,60],[-57,1],[-1,-31],[-56,0]],[[21320,9387],[-222,-1],[-458,0]],[[22264,17203],[2,-153],[-21,-36],[-5,-21],[11,-47],[-4,-25],[21,-17],[-11,57],[28,47],[36,77],[127,-1],[18,62],[0,59]],[[28497,27354],[6,-35]],[[20510,22799],[-44,-1]],[[23931,15622],[-5,-58],[21,-26],[-2,-73],[6,-12]],[[23951,15453],[-38,-7],[-43,-27],[-92,3],[-49,-14],[-16,-25],[1,-39],[27,-32],[24,17],[31,-17],[-3,-15],[-36,-2],[3,-24],[25,-51],[-24,-7],[-102,2],[-112,-1],[4,-13],[44,-91],[13,-37],[3,-38],[-8,-68],[9,-52]],[[10680,19802],[-51,5],[-57,-11],[-42,6],[-159,1]],[[10371,19803],[-1,10]],[[10370,19813],[0,28],[-34,2],[-6,22],[30,11],[34,39],[-1,23]],[[10167,19800],[103,0],[14,25],[26,-12],[60,0]],[[10371,19803],[-10,0],[0,-48]],[[10361,19755],[-43,0],[9,-29],[-1,-75],[-8,-26],[-27,-32],[-10,-32],[-2,-104]],[[10361,19755],[18,-10],[17,-61],[28,-20],[25,-75],[114,2],[0,-60]],[[7287,30304],[0,34],[-28,51],[-7,26],[-1,473],[-1,573],[-1,287],[714,-7],[1,102],[3,65],[-3,23],[-1,376],[-2,35],[0,120],[-18,20],[0,46],[-39,14],[-13,14],[0,58],[31,0],[19,23],[21,67],[-59,-2],[0,183],[28,35],[1,32],[29,70],[1,171]],[[6508,30308],[0,348],[0,252],[0,239],[2,105],[0,474],[-1,60],[0,251],[-3,362],[0,242],[-1,549]],[[28660,27460],[41,48]],[[28753,27344],[-64,89],[-29,27]],[[28567,27417],[37,-33]],[[28604,27384],[-28,-32]],[[28552,27374],[-12,12],[27,31]],[[28567,27417],[35,30]],[[28602,27447],[23,-26]],[[28625,27421],[18,-17]],[[28643,27404],[-20,-24],[-19,4]],[[28625,27421],[35,39]],[[28713,27314],[-70,90]],[[21594,11666],[0,-129]],[[21594,11537],[-41,1],[-63,-20],[-100,18]],[[21711,11666],[0,-153]],[[21711,11513],[-70,0],[-47,23]],[[21594,11536],[0,1]],[[21594,11536],[-3,-111]],[[21842,10832],[13,-30],[64,10],[7,-20]],[[21584,10711],[-19,11]],[[20472,11549],[16,-35],[-2,-74]],[[20486,11440],[0,-28],[17,-44],[-5,-63]],[[20320,11314],[15,70],[16,41],[11,43],[1,54],[7,27]],[[4496,31868],[0,-110],[3,-16],[2,-102],[-44,-28],[1,-145],[0,-326],[0,-805],[0,-33]],[[3048,30304],[1,419],[-1,299],[113,-1],[-2,120],[-1,365],[1,117],[115,-2],[128,4],[111,1],[0,118],[102,3],[142,-2],[136,1],[1,120],[602,2]],[[4372,33190],[120,1]],[[4492,33191],[-3,-119],[4,-602],[-121,-1],[-2,-361],[126,1],[0,-241]],[[2215,30297],[30,49],[38,-15],[27,8],[-8,25],[-28,-3],[-3,22],[31,2],[25,15],[5,19],[-33,15],[10,57],[-42,4],[-7,28],[27,-4],[15,9],[13,57],[-19,3],[-39,-18],[-19,19],[15,14],[37,12],[-10,32],[-61,31],[-2,-42],[-24,4],[-2,25],[26,27],[30,43],[16,15],[-31,18],[35,18],[0,19],[-33,29],[2,18],[19,22],[-15,23],[-16,1],[-15,-40],[-15,-1],[-10,25],[9,12],[69,31],[-7,20],[-38,4],[-17,16],[8,18],[24,15],[30,-30],[14,28],[-34,41],[-20,38],[24,8],[13,21],[-29,44],[-25,-30],[-14,15],[33,39],[14,28],[1,26],[-64,1],[13,23],[31,-7],[27,17],[-8,19],[-49,-1],[-14,12],[6,23],[34,20],[-5,66],[-13,42],[-3,38],[41,56],[8,26],[24,20],[-27,49],[-46,-6],[7,28],[-19,8],[0,19],[29,13],[21,-2],[14,19],[-12,36],[31,6],[13,19],[-12,18],[-23,6],[-28,-34],[-20,-1],[-13,18],[18,27],[28,-2],[20,9],[20,42],[-24,25],[-34,3],[-7,22],[-22,22],[-4,26],[22,7],[-10,19],[32,27],[-64,7],[-6,28],[18,18],[-13,32],[-33,-2],[-2,23],[36,5],[40,-12],[35,26],[-12,19],[-31,-24],[-26,0],[-25,16],[6,20],[40,-2],[6,29],[-30,22],[12,15],[38,-17],[17,17],[-21,24],[24,33],[-12,25],[-29,-3],[-22,10],[5,19],[27,8],[20,25],[-31,28],[-39,18],[1,16],[25,6],[28,20],[-11,14],[-59,-21],[-19,8],[-18,33],[4,23],[-28,15],[21,29],[43,21],[-16,18],[-34,-5],[-3,20],[49,38],[-36,12],[-2,21],[24,4],[10,17],[-21,49],[14,28],[-12,17],[26,16],[-13,18],[-30,0],[-4,20],[27,5],[23,14],[-2,15],[-32,47],[-5,42],[33,19],[17,35],[-22,16],[-25,-4],[-24,-31],[-20,5],[32,54],[35,-8],[22,18],[-2,15],[-61,23],[16,19],[61,43],[5,14]],[[4492,33191],[356,3],[532,0],[415,1]],[[27412,7926],[12,-38],[45,-97],[30,-44]],[[27499,7747],[-36,-63],[-41,-34],[23,-24],[26,-90],[-5,-16],[-29,-9],[0,-55],[9,-12],[33,0],[3,-16],[0,-224],[-87,0],[-17,-36],[-7,-78],[-57,-51],[1,-39],[47,-6],[8,-10],[0,-237],[-14,-53],[23,-41],[62,9],[42,-4],[10,-16],[-47,-38],[-17,-53],[-20,-16],[-47,10],[-35,-7],[-42,-32],[26,-55],[2,-75],[12,-11],[28,-1],[15,-18],[-1,-149],[1,-13],[-53,0],[-1,-35],[8,-33],[49,4],[-22,-76],[17,-29],[1,-251],[-47,0]],[[27499,7747],[17,-20],[27,10],[26,-8],[71,12],[29,0],[7,-14],[52,-43],[39,-16],[21,7],[48,-3],[39,-13],[30,-25],[31,-15],[78,-4],[25,-8],[1,136]],[[28040,7743],[142,-43]],[[28182,7700],[3,-142],[-27,-35],[-9,-24],[-19,-12],[-40,-67],[-20,-20],[-39,-15],[-41,-3],[-30,22],[-50,-9],[-25,-23],[32,-22],[39,-1],[3,-20],[39,-32],[44,0],[41,-44],[55,-43],[14,-16],[0,-57],[21,-61],[36,-36],[20,-28],[-30,-5],[-74,-27],[-39,-25],[-18,-31],[-29,-25],[-1,-180],[-16,-19],[-36,-8],[4,-33],[-13,-56],[32,-41],[46,-37],[4,23],[29,-4],[26,-66],[36,-58],[-27,-30],[-28,-13],[-38,-33],[-4,-28],[12,-15],[0,-115],[5,-6],[68,0],[10,-15],[0,-101],[-21,-10],[-21,18],[-17,-1],[-18,-34],[16,-17],[29,11],[24,-6],[4,-16],[-19,-19],[18,-25],[-12,-14],[-8,-30],[3,-28],[-22,-13],[-68,0],[2,-222],[7,-13]],[[28045,5645],[-7,-2],[-166,1],[0,-119],[112,0],[0,-91],[-48,-30]],[[27936,5404],[-64,-33],[1,-86],[111,-1],[0,-58],[6,-42],[-6,-16],[0,-124]],[[28837,7424],[42,-45],[87,-53],[44,-17],[33,-5],[22,-12],[25,-27],[73,-49]],[[29163,7216],[-7,-31],[7,-67],[21,-10],[-2,-31],[16,-1],[9,-30],[0,-28],[-150,-3],[29,-97],[6,-97],[-51,-12],[-79,24],[-64,15],[-31,13],[-32,-4],[-51,12],[-40,1],[-16,11],[-38,46],[-12,21],[-45,44],[-22,13],[-29,2],[-49,31],[-26,6],[-48,-7],[-33,24],[-14,38],[17,39],[9,40],[-10,66],[20,11],[18,57],[-5,59],[-32,4],[7,35],[21,2],[15,20],[56,1],[68,-25],[47,-28],[32,-13],[11,13],[33,7],[49,77],[34,-40],[35,0]],[[27936,5404],[300,-1],[138,-2],[-1,119],[55,-1],[0,120],[-231,3],[-105,0],[-47,3]],[[28182,7700],[134,-22],[88,-24],[60,-60],[86,-26],[57,-22],[48,-33],[35,-7],[59,1],[45,-23],[43,-60]],[[29163,7216],[47,-6],[46,-21],[57,-50],[40,-56],[18,-35],[46,-65],[73,-46],[24,-34],[42,-110],[15,-55],[-4,-27],[-38,-59],[-21,-44],[2,-33],[24,-44],[63,-30],[35,-26],[31,-34],[7,-22],[-6,-63],[4,-21],[39,-57],[10,-29],[-4,-51],[-28,-93],[2,-34],[16,-40],[53,-80],[16,-31],[6,-27],[1,-57],[5,-18],[60,-33],[34,-30]],[[27747,7923],[45,-66],[17,-15],[54,-34],[33,-16],[144,-49]],[[20903,11305],[-60,5]],[[22014,11845],[39,0]],[[22013,11755],[1,90]],[[22357,12087],[-42,-23]],[[22595,7886],[31,44]],[[22756,7868],[-22,17],[-85,-2]],[[22649,7883],[-54,3]],[[23580,18101],[36,-16],[24,26],[40,6],[69,-1],[36,24],[14,-3],[47,46],[29,-3],[16,17],[15,-47],[13,-9],[27,30],[34,17],[11,-12],[32,2],[5,-41],[-8,-22],[11,-38],[-1,-43],[6,-30],[24,-24],[-6,-47],[-1,-55],[22,-7],[50,52],[25,-12],[-3,-15],[31,-28],[-12,-40],[-1,-31]],[[24165,17797],[-11,-34],[12,-27],[-6,-70],[8,-71],[20,-50],[3,-30],[-14,-43],[-8,-52],[0,-32],[17,-42],[-9,-91],[7,-28],[47,-41],[17,-21],[103,-12],[55,-3],[53,-26],[60,-17],[38,0]],[[24557,17107],[3,-158],[-1,-239],[-2,-120],[-2,-240]],[[24555,16350],[-222,0],[-101,2],[-128,-2]],[[23416,17078],[1,186],[-2,411],[-2,122],[167,0],[0,304]],[[24421,18510],[-43,-11],[-17,-45],[-60,-9],[-36,-39],[1,-46],[-15,-94],[9,-28],[-30,-69],[-7,-68],[0,-40],[-12,-86],[-20,-51],[-19,-115],[-7,-12]],[[23580,18101],[0,298],[2,115]],[[24676,15628],[4,-61],[22,-29],[60,-52],[-9,-60],[-59,-17],[-21,-18],[-80,0],[0,-15],[-29,0],[-39,-19],[-41,-13],[-33,-1],[-30,-12],[-46,0],[-107,-49],[-33,20],[-26,27]],[[24209,15329],[1,14],[-60,168],[2,108]],[[23951,15453],[37,-5],[22,-21],[37,7],[-18,-61],[-1,-61],[-12,-32],[-67,-89],[-15,-37],[-14,-57],[58,-7],[106,-1],[19,10]],[[24103,15099],[9,-29],[-1,-160]],[[24111,14910],[-165,0],[-252,4]],[[24209,15329],[-15,-21],[1,-55],[-26,-41],[-37,-21],[-12,-20],[-8,-57],[-9,-15]],[[6485,23453],[229,2]],[[6714,23455],[1,-60],[116,1],[0,-125],[6,-12],[55,4],[28,23],[17,25],[48,25],[27,0],[-6,-45],[-1,-172],[5,-10],[-27,-43],[-18,-19],[-29,-11],[-112,-2]],[[6824,23034],[0,50],[-8,9],[-155,0],[-104,41],[-20,-14],[-69,0]],[[6468,23120],[-15,13],[3,23],[20,26],[10,30],[-1,241]],[[22646,7704],[0,154],[3,25]],[[22595,7886],[-119,-150]],[[24352,9741],[226,-1],[1,361]],[[24638,10341],[53,-52],[114,-61],[90,-73],[33,-12],[59,-31],[39,-31]],[[16854,17824],[271,-2],[116,1]],[[16858,17679],[-11,60],[7,85]],[[16854,17824],[32,42],[4,23],[-4,111],[13,29],[33,12]],[[17068,17072],[-14,24],[19,12]],[[22162,11190],[5,74],[-2,42]],[[22165,11306],[274,1]],[[22275,11033],[-25,-19]],[[22250,11014],[-13,11],[-70,30],[-5,49]],[[22162,11104],[0,86]],[[22161,11306],[4,0]],[[22162,11190],[-113,0]],[[22049,11190],[0,115]],[[22049,11130],[0,60]],[[22162,11104],[-24,-32],[-61,-61]],[[22077,11011],[-29,-1]],[[22048,11010],[1,120]],[[23307,11040],[0,-17],[-53,-6],[-34,-16],[-4,-15]],[[23216,10986],[-41,34]],[[23216,10986],[71,-60],[25,-44],[0,-28],[20,-117],[12,-58],[0,-90]],[[23473,11102],[4,-32]],[[20360,11584],[-30,29],[6,43],[-5,12],[36,36],[-13,17],[-30,-23],[-30,-13],[-18,-21],[-80,9],[0,30],[-16,11],[0,47]],[[20843,11310],[3,-90]],[[21179,11312],[-7,-45],[-39,-51],[-28,-25],[-7,-34]],[[21070,11160],[-16,23],[-34,32],[-13,30],[-24,4],[3,58]],[[21324,11286],[1,-186]],[[13749,15878],[111,-1]],[[14432,15903],[-2,-272],[-114,3],[-1,-120],[132,-1],[1,-30],[-17,-2],[1,-50],[-1,-277]],[[13034,17312],[351,-2],[376,2]],[[11701,15875],[1,479],[1,590],[0,362]],[[14293,17308],[2,42],[2,198],[112,-2],[0,207],[-22,-14],[-53,2],[0,49],[-14,11],[2,24],[27,0],[3,14],[1,191]],[[9140,18752],[2,-296],[29,-5],[0,-116],[-29,-4],[2,-177],[-29,-2],[-4,-240],[28,0],[0,-362],[0,-241],[344,0],[0,182],[21,-17],[61,-11],[118,-1],[108,4]],[[9791,17466],[132,1],[45,-6],[41,-14],[41,19],[46,30],[44,42],[17,29],[35,1],[22,11],[68,-2]],[[10282,17577],[0,-179],[-3,-193],[2,-466],[20,-25],[287,-1],[31,-13],[33,-38],[22,-9],[104,2],[219,-3],[20,-26],[-1,-358],[7,-65],[-6,-62],[-1,-264]],[[11015,15877],[-456,-1],[-222,-2],[-228,0],[-229,-2]],[[9880,15872],[-215,-2],[-698,4],[-56,-1],[-115,2],[-165,0],[-176,-2],[-172,0]],[[10282,17577],[3,92],[114,1],[1,154],[8,27],[-8,19],[3,155],[-2,121],[-114,1]],[[10287,18147],[-1,121],[-5,287],[0,112],[4,28],[19,55]],[[9791,17466],[1,78],[-18,33],[49,0],[1,194],[43,-13],[20,3],[25,24],[21,49],[33,53],[-3,19],[32,0],[4,125],[0,59],[114,-1],[2,-61],[172,-1],[0,120]],[[2580,28134],[24,13],[2,15],[-33,8],[1,37],[29,17],[-20,24],[24,23],[25,-8],[9,35],[-4,21],[41,43],[-35,35],[16,19],[33,-10],[6,16],[-59,14],[8,25],[31,-10],[-4,23],[-20,9],[-3,22],[-74,-33],[0,-23],[-33,-2],[-56,25],[-2,39],[8,15],[-12,29],[4,25],[-9,25],[-36,-19],[-25,18],[15,17]],[[24715,12701],[8,-40],[-32,-3]],[[24691,12658],[8,43],[16,0]],[[24914,14251],[-10,-34],[-45,-46],[-10,-19],[-18,-89],[2,-72],[11,-22],[65,-67],[7,-29],[-5,-35],[17,-34],[-7,-40],[10,-57],[-1,-30],[-16,-43],[16,-36],[21,-125]],[[24951,13473],[-55,-1],[-222,10],[-115,2],[-2,-7],[-262,0]],[[24300,12546],[-12,-13],[-108,-81],[-32,-20],[-36,-9],[-101,-6],[-87,17],[-75,-1]],[[23849,12433],[-1,124],[-15,17],[-15,52],[-25,0],[0,65]],[[23849,12405],[0,28]],[[24726,12807],[40,-29],[47,-46],[31,-41]],[[24844,12691],[-122,-1],[-7,11]],[[24691,12658],[-26,-39],[-2,-20]],[[24609,12669],[0,-40],[57,1],[7,64],[-61,-9],[-3,-16]],[[24844,12691],[15,-37],[1,-19],[-38,-120],[-13,-52],[2,-60],[9,-55],[-6,-59]],[[23623,12508],[96,-2],[26,5],[27,-5],[-13,166]],[[21791,2185],[57,-20],[84,-1],[1,-234],[0,-429]],[[21933,1501],[0,-182],[40,-2],[17,-51],[0,-38],[15,-1],[20,-19],[-22,-11],[-18,-23],[2,-33],[-12,-25],[2,-51],[-8,-20],[11,-42],[-24,-18],[-25,-41],[11,-31],[-25,-14],[-1,-29],[16,-17],[-16,-15],[-36,0],[0,-79],[19,-43],[-52,1],[40,-49],[48,-35],[26,-35],[-54,-2],[-2,-66],[-26,-31],[1,-50],[55,-2],[0,-353],[-52,-4],[-4,-6],[-1,-84]],[[21878,0],[-553,1]],[[21325,1],[0,120],[28,0],[0,60],[-28,3],[1,296],[-54,0],[-4,30],[-26,0],[0,55],[20,5],[31,128],[2,109],[17,66],[0,85],[8,33],[33,49],[-1,69]],[[21380,1463],[-50,0],[-13,-63]],[[21317,1400],[-19,25],[-33,76],[-33,46],[-18,18]],[[21214,1565],[-1,383],[-10,7],[-18,95],[0,108],[4,7],[89,-2],[99,1],[222,1],[1,-122],[110,0],[0,82],[4,18],[36,51],[41,-9]],[[21280,2893],[542,1]],[[21822,2894],[131,0]],[[21953,2894],[-17,-68],[-1,-239],[-11,-42],[-81,-102],[-16,-35],[-2,-113],[-3,-21],[-31,-89]],[[21214,1565],[-49,-47],[-19,-13],[-37,-7],[-214,1],[-62,-20],[-54,-9],[-30,-10],[-34,-28],[-1,129],[-52,0],[-4,35],[-54,12],[0,-168],[-83,1],[0,42],[7,14],[-35,8],[0,55],[-111,1],[-27,-94],[-42,-3],[-40,32],[-17,5],[-67,0],[42,-35],[-20,-24],[-273,2]],[[21373,1259],[-3,25],[-41,100],[-12,16]],[[21933,1501],[55,0],[0,-60],[167,1],[2,-64],[55,-1],[152,3],[30,-5],[46,-31],[55,18],[68,12],[65,-8],[55,4],[77,16],[182,-2],[169,3],[153,0]],[[23265,2],[-74,0],[-524,-1],[-789,-1]],[[21953,2894],[331,0],[559,2],[420,0]],[[21325,1],[-495,0],[-628,0],[-265,1]],[[22105,9928],[-153,0],[-15,16]],[[22136,9747],[0,-61]],[[8670,23092],[120,0],[0,95],[53,47],[53,21],[34,6],[55,-5],[50,-16],[50,-39],[12,-17],[20,-50],[37,17],[48,-28],[7,-16],[35,-1],[17,24],[45,9],[58,2],[37,-35],[18,-52],[14,0],[22,-42],[1,-18],[41,-24],[13,34],[25,22],[150,64],[84,2],[251,-4],[365,4],[31,5],[23,-5],[206,1],[2,120],[58,0],[0,121],[116,-1],[-1,-88],[30,-3],[2,-29],[203,0],[-1,-109],[-12,-28],[-1,-116],[27,12],[89,0],[117,-4],[1,61],[106,-2],[11,-8],[35,17],[3,59],[146,-1]],[[9738,21647],[0,122],[-59,0],[1,146],[30,6],[-1,58],[-41,-9],[-5,7],[-70,0],[-2,237],[7,31],[-9,34],[-1,89],[1,240],[-167,-2],[-59,4],[3,-123],[-1,-120],[-433,-1],[-64,-31],[-51,6],[-25,25],[-1,28],[9,26],[19,8],[19,43],[-9,43],[19,5],[-1,326],[3,4],[106,5],[1,142],[-39,17],[-50,-1],[-33,-13],[-45,-8],[-121,13]],[[8669,23004],[4,11],[-3,77]],[[5350,23092],[318,39],[255,30],[81,23],[79,-14]],[[6083,23170],[0,-27],[50,-14],[12,-27],[-6,-20],[-23,-16],[28,-19],[-26,-33],[27,-7],[19,-50],[-2,-17],[16,-17],[22,-41],[-3,-24],[11,-25],[-3,-42],[9,-16],[-1,-63],[16,-36],[77,-2],[0,60]],[[6306,22734],[117,-1],[0,61],[59,0],[-1,21],[47,-44],[73,-89],[49,-57],[106,-133],[17,-16],[-2,73],[-11,18],[-61,61],[-20,43],[103,1],[36,30],[45,7],[-39,51],[-45,20],[-6,20],[-1,90],[-13,21],[-83,44],[-20,28],[0,32],[50,15],[72,0],[46,4]],[[6714,23455],[-2,361],[695,-2]],[[7407,23814],[2,-235],[-4,-4],[-74,0],[-19,-15],[-26,16],[-19,0],[-1,-121],[58,0],[1,-30],[28,-2],[1,-323],[81,-6]],[[7435,23094],[-1,-81],[29,-31],[0,-341],[-4,-25],[-38,-5],[-15,-17],[0,-189],[5,-38],[20,-15],[33,19],[108,-2],[3,-11],[4,-110],[1,-130],[26,-36],[7,-37],[-4,-38],[-79,-1],[-80,5],[56,-81],[18,-41],[-59,0],[1,-240]],[[8087,24410],[42,32],[35,47],[45,39],[229,2],[147,-1]],[[8585,24529],[145,-2],[40,14],[14,41],[23,5],[326,3],[-1,120],[111,2],[13,-40],[-8,-41],[2,-42],[107,1],[35,15],[43,-15],[83,2],[11,16],[4,35],[12,7],[158,2],[2,-120],[464,0]],[[10169,24532],[0,-450],[1,-221],[-4,-40],[-14,-7],[-98,1],[2,-119],[-115,-2],[1,-60],[-118,-1],[-2,182],[-230,-3],[1,-59],[-300,-4],[-20,11],[-25,53],[-161,-2],[-20,9],[-25,-8],[-254,1],[-2,-72]],[[8786,23741],[-15,-17],[-30,-4],[-39,5],[-86,0],[-24,-5],[-47,-25],[-57,-1],[-31,-16],[-14,-44],[-57,0],[0,65],[-40,50],[-35,32],[-11,31],[-64,-2],[-117,0],[-16,6]],[[8103,23816],[-1,163],[109,1],[-2,191],[-25,4],[-27,22],[-86,2],[5,46],[24,23],[-1,101],[-12,41]],[[10169,24532],[245,0],[232,2],[-1,-160],[13,5],[43,39],[11,17],[33,18],[22,-4],[27,11],[31,-14],[42,4],[55,25],[26,-5],[93,16],[33,-17],[19,-58],[125,1],[1,-46],[75,46],[158,4],[1,122],[117,-62]],[[8670,23092],[2,122],[11,43],[30,31],[-5,27],[2,61],[34,11],[1,12],[-28,16],[22,19],[31,41],[-24,33],[-20,9],[-36,41],[-1,26],[78,38],[10,58],[49,32],[-7,24],[-33,5]],[[7435,23094],[100,-2],[100,-20],[0,-59],[10,-28],[20,-10],[28,-28],[54,22],[62,0],[0,124],[136,-1],[19,11],[31,39],[58,18],[59,31],[23,-1],[36,-24],[40,-12],[-8,-19],[4,-37],[17,-6],[173,-1],[71,-16],[1,-46],[82,2],[25,-3],[57,-20],[36,-4]],[[6701,25973],[108,-20],[21,-11],[110,-88],[79,-59],[21,29],[6,24],[22,38],[1,40],[30,49],[-2,97],[5,21],[229,2],[224,0],[10,-121],[107,0],[8,18],[30,-18],[45,0],[-40,-41],[10,-43],[2,-46],[8,-20],[26,1],[46,27],[113,0],[-1,38],[7,17],[33,12],[28,22],[8,-10],[46,5],[25,17],[30,1],[0,16],[36,0],[7,56],[21,-9],[48,-1],[17,11]],[[8894,25369],[-135,-1],[-153,1]],[[8606,25369],[-250,-1],[-21,-3],[-95,0],[-56,5],[-70,-10],[-58,8],[-106,2],[-25,-21],[-5,-36],[-12,-20],[-42,-20],[-76,-17],[-74,-3],[-101,1],[-33,8],[-24,-8],[-165,2],[-25,24],[-65,-1],[-41,-12],[-19,2],[-45,32],[-42,13],[-182,0],[-19,16],[-34,-4],[-43,22],[-19,-7],[-9,-18],[0,-64],[-29,-5],[0,-61],[-114,0]],[[8585,24529],[8,26],[35,44],[61,48],[61,33],[33,34],[-2,170],[-56,1],[0,60],[-56,6],[-3,109],[-57,6],[-1,50],[11,18],[-12,53],[-1,182]],[[6083,23170],[55,-16],[0,178],[-2,238],[50,4],[17,-6],[39,-33],[10,-21],[1,-60],[232,-1]],[[6468,23120],[0,-43],[-20,-17],[-43,-1],[4,-17],[-98,-5],[-4,-120],[-1,-183]],[[5321,24654],[8,10],[161,0],[185,-3],[339,-1],[1,-121],[192,1],[33,59],[121,-1],[1,-60],[113,-1],[3,119],[113,-2],[2,-115],[6,-5],[111,-2],[116,3],[44,-10],[59,10],[13,-54],[0,-72],[26,-4],[18,10],[28,0],[13,-12],[21,13],[189,1],[52,-28],[114,-3],[4,30],[56,-1],[2,-59],[173,-3],[5,48],[20,12],[42,3],[54,34],[15,22],[20,2],[17,-15],[0,-48],[276,-1]],[[8103,23816],[-18,6],[-42,-19],[-24,7],[-321,2],[-291,2]],[[22221,12501],[0,60]],[[9864,5780],[59,-1]],[[9923,5779],[65,1],[272,-2],[449,-2],[274,-2],[113,1],[107,-2],[204,2],[366,-1],[56,-2]],[[11876,5050],[2,-120],[1,-599]],[[11879,4331],[-446,0],[-112,1],[-110,-5],[-112,5],[-107,2],[-333,-2],[-794,4]],[[13215,3609],[-334,2],[-163,-2],[-277,-2],[-227,2],[-172,2],[-164,0]],[[11878,3611],[0,117],[1,363],[0,240]],[[11878,3611],[-2,-350],[0,-63],[-92,-82],[-5,-51],[-19,-19],[19,-34],[-126,0],[-1,-121]],[[22385,11591],[-17,0],[-1,-26],[-30,0],[-37,33]],[[21755,13356],[1,-119],[17,-7],[4,-54]],[[21768,11307],[-56,-1]],[[21920,11010],[1,-120]],[[21921,10890],[8,-96]],[[21929,10794],[-1,-1]],[[20097,11551],[-142,-3]],[[20486,11440],[28,-1],[18,-33],[20,15],[27,-3],[23,28],[34,1],[11,-8]],[[34466,38914],[46,13],[9,19],[38,28],[16,19],[53,19],[-7,19],[151,137],[280,85],[63,8],[46,56],[117,70],[24,-45],[35,-22],[46,3],[106,52],[22,-6],[4,-21],[21,-14],[9,-40],[-11,-59],[12,-9],[15,-205],[3,-127],[-12,-79],[22,-29],[50,38],[-13,46],[27,9],[19,-44],[43,2],[32,-15],[18,-122],[18,-13],[25,-1],[15,-12],[24,8],[23,29],[22,-5],[10,-16],[-16,-95],[6,-18],[-16,-20],[-20,2],[-28,-19],[-16,-21],[-25,-16],[-8,-21],[17,-11],[35,7],[40,-10],[-10,-21],[-25,1],[-10,-22],[19,-21],[55,-30],[21,-53],[22,-8],[11,-18],[-2,-32],[32,-88],[0,-13],[54,-62]],[[36023,38101],[1,-51],[-65,-19],[2,-34],[19,-30],[37,-32],[33,-3],[22,8],[24,-6],[24,-18],[46,-5],[65,14],[42,3],[86,-2],[52,-18],[103,7],[48,-4],[78,20],[27,12],[99,26],[81,-5],[49,11],[66,-5],[86,-19],[44,-21],[50,-8],[29,-16],[49,-44],[83,-54],[69,-23],[59,-29],[61,-6],[24,-33],[14,-7],[78,-9],[40,-11],[87,-32],[34,-25],[74,-31],[85,-15],[31,-21],[82,-27],[36,-26],[37,-11],[15,-26],[1,-33],[21,-33],[42,-39],[41,-65],[29,-70],[27,-41],[40,-22],[20,-23],[62,-58],[5,-21],[-30,-40],[-12,-28],[7,-31],[0,-54],[-14,-45],[15,-43],[51,-35],[46,-37],[32,-51],[44,-37],[32,-20],[105,-45],[26,-18],[49,-42],[-4,-40],[6,-63],[-16,-95],[17,-93],[-2,-20],[-74,-64],[-105,-137],[-7,-13],[-57,-205],[-11,-52],[19,-57],[133,0],[0,-93],[11,-36],[39,-42],[2,-27],[16,-29],[-3,-26],[15,-26]],[[21409,12073],[70,21]],[[22357,11906],[0,-75],[-53,-1]],[[21937,11754],[1,90]],[[22556,10228],[-56,-1]],[[22134,9507],[56,0],[0,90],[141,1],[1,30],[55,0]],[[22098,9388],[31,78],[5,41]],[[22134,9589],[0,-82]],[[22414,10107],[29,-1]],[[36023,38101],[56,30],[214,12],[93,37],[248,25],[81,69],[61,3],[55,31],[82,13],[6,17],[45,34],[14,2],[21,-27],[58,16],[35,-7],[20,-39],[-79,-84],[13,-44],[16,-23],[43,-24],[221,28],[37,-16],[30,20],[49,-9],[14,22],[20,-19],[18,0],[36,25],[14,27],[36,5],[21,24],[30,-19],[54,-12],[27,-13],[23,-24],[27,-16],[154,53],[42,0],[55,-40],[39,-17],[8,-29],[15,-14],[40,-17],[6,19],[35,12],[76,2],[43,-8],[44,18],[6,29],[39,22],[70,12],[19,12],[45,0],[43,-22],[29,-29],[20,0],[82,35],[56,1],[59,-9],[110,41],[49,8],[48,-14],[33,-1],[86,16],[36,-2],[67,36],[68,-22],[75,5],[55,18],[46,-7],[24,-26],[33,-24],[35,-12],[136,3],[97,-28],[42,-23],[50,-17],[49,-38],[41,-20],[18,0],[48,-15],[34,-23],[25,-107],[22,-40],[34,12],[59,-88],[24,-72],[-13,-57],[-5,-59],[18,-60],[45,-15],[19,-13],[42,-13],[17,-43],[19,-27],[23,3],[61,-35],[17,17],[7,26],[26,-13],[53,12],[9,-39],[18,-31],[21,-9],[-10,-30],[32,-22],[-1,-24],[26,1],[13,-22],[60,-21],[30,-34],[37,0],[47,-14],[32,3],[37,-7],[17,36],[14,-1],[103,21],[17,37],[11,38],[22,4],[24,-22],[14,1],[15,35],[35,48],[9,44],[53,16],[21,-2],[11,-21],[47,7],[11,22],[18,8],[34,-6],[38,8],[17,33],[19,-17],[26,17],[41,-2],[20,6],[20,-9],[16,12],[29,-9],[16,-21],[44,17],[13,-26],[41,2],[1,-44],[44,21],[-2,-55],[44,7],[35,-35],[79,38],[13,-10],[72,15],[34,-35],[26,29],[24,-4],[26,-50],[26,-2],[7,15],[23,4],[23,-23],[12,11],[-10,29],[72,28],[39,-7],[20,33],[23,25],[12,-43],[-11,-22],[13,-26],[85,-24],[10,-12],[31,-7],[-1,-18],[26,-30],[56,17],[37,41],[356,84],[61,12],[32,-7],[-49,-115],[-44,-94],[-267,-599],[-152,-344],[-275,-625],[-88,-203]],[[4363,732],[140,-2],[88,1],[216,-3],[406,3],[706,-3],[0,419],[-105,0],[-117,16]],[[5697,1163],[2,147],[55,-2],[0,23],[56,0],[1,119]],[[5811,1450],[-1,120],[36,31],[63,0],[12,14],[-2,75],[1,90],[18,-11],[-3,-30],[12,-48],[33,0],[14,8],[39,-33],[25,-2],[14,17],[36,9],[36,-24],[-2,-215],[246,0],[197,-2]],[[6585,6],[-372,0],[-358,0],[-135,2],[-214,-1],[-456,0],[-118,-1],[-569,2],[0,357],[0,367]],[[5697,1163],[-52,-6],[-11,18],[-43,12],[-7,56],[-47,29],[-61,0],[2,181],[251,-3],[82,0]],[[4363,732],[-1,536],[1,351],[0,673],[3,390],[-1,223]],[[21561,12212],[67,-5],[6,-32]],[[21634,12175],[79,-1]],[[21195,13877],[2,-162]],[[22053,11905],[-39,0]],[[21877,12876],[1,-112]],[[21964,11130],[85,0]],[[22048,11010],[-93,0]],[[19618,11544],[25,-80],[45,-33],[21,-25],[45,-16],[51,-61],[3,-26],[55,-23],[0,-18],[16,-49],[24,-40],[14,-65],[-5,-58],[4,-29],[0,-184]],[[21961,5064],[247,0]],[[22208,5064],[24,-43],[3,-27],[24,-15],[10,-38],[14,3]],[[22283,4944],[28,-11],[0,-101]],[[22311,4832],[-28,0],[-36,13],[-8,-43],[-75,-59],[-11,-31],[43,-43],[10,-22]],[[22206,4647],[-57,-1],[-9,92],[-26,-6],[0,-31]],[[22114,4701],[-85,0],[2,91],[26,2],[0,119],[-50,0],[0,31],[-95,-2],[-17,19],[12,13],[-6,26],[23,46],[32,8],[5,10]],[[21281,5183],[36,-3],[16,-29],[53,1],[16,-13],[43,-17],[38,0],[17,-30],[112,1],[2,-31],[222,1],[0,62],[81,-1],[3,-58],[41,-2]],[[22114,4701],[-8,-38],[-35,-13],[-63,-65],[-6,-14],[1,-89],[-10,-18],[-43,-28],[1,-183],[-31,-45],[31,-1],[25,11],[149,0],[7,46],[26,75],[144,1],[21,-12],[23,4],[45,-12],[28,6],[13,19],[20,4],[48,20],[5,60],[79,-53],[16,-25],[17,-10],[332,2],[335,0]],[[23286,3620],[-56,0],[0,60],[-157,0],[-11,30],[-223,-1],[0,-90],[-557,-2],[-103,-1],[-230,0],[0,-301],[-111,0],[0,-180],[-112,0],[0,-120],[111,-1],[0,-105],[-15,-15]],[[22311,4823],[81,-1],[75,-129],[22,-43]],[[22489,4650],[-39,-5],[-89,4]],[[22361,4649],[-19,27],[-4,36],[-14,27],[-27,0],[0,84],[14,0]],[[22208,5064],[127,0],[-1,120],[166,0],[-46,-94],[-2,-25]],[[22452,5065],[-5,-62],[-23,-13],[-51,-46],[-35,8],[-56,22],[1,-30]],[[22311,4832],[0,-9]],[[22361,4649],[-155,-2]],[[22489,4650],[20,2],[108,-5],[-1,116],[109,1],[-1,241],[-90,-1],[-19,3],[-1,168],[-7,3],[-98,-106],[-15,-7],[-42,0]],[[4629,45645],[1092,0],[381,-1],[528,0],[933,-1],[614,-2]],[[8177,45641],[-11,-40],[-1,-327],[-3,-104],[-28,9],[-19,-46]],[[8115,45133],[-51,-22],[-7,-37],[-37,-13],[-72,-13],[-13,-12],[4,-30],[-32,-62],[-34,-28],[-12,-17],[-24,-9],[-25,-26],[-12,-30],[0,-91],[-237,0],[1,-629],[1,-91],[300,0],[304,0],[2,-119],[121,0],[1,-60],[41,1],[24,-19],[9,-25],[25,-15]],[[8392,43786],[6,-24],[17,-21],[2,-315],[2,-120],[-231,-1]],[[8188,43305],[-469,-4],[-17,5],[-14,23],[0,93],[-366,-1],[-122,0],[1,-120],[-166,0],[-210,-2],[-231,0],[-167,-1],[0,-124],[-232,1],[-41,10],[-140,20],[-151,0],[-2,93],[-250,0],[-117,1],[-407,-2],[-358,0]],[[8115,45133],[9,-28],[39,-33],[-2,-20],[-18,-12],[-6,-22],[38,-13],[22,-47],[31,-18],[20,-2],[61,-47],[13,-27],[31,-18],[19,-40],[20,-23],[-18,-41],[35,0],[0,-63],[29,-21],[64,3],[27,10],[63,5],[1,-82],[269,-57],[157,0],[0,-124]],[[9019,44413],[0,-384],[-121,-1],[-1,-89],[-19,35],[-31,23],[-31,-3],[-13,-14],[-25,2],[-43,56],[-38,24],[-6,24],[-36,-1],[0,45],[-24,7],[-35,-30],[-27,2],[-16,-22],[-27,9],[-15,-12],[-27,0],[-30,17],[-29,4],[-13,-9],[2,-257],[9,-52],[-31,-1]],[[9019,44413],[94,69],[14,7],[182,60],[124,14],[113,20],[27,8],[88,74],[16,8],[208,69],[186,25],[38,8],[2,-73],[118,0],[124,4],[263,1],[164,-1],[110,-86],[71,-44],[2,143]],[[10531,41829],[-116,1],[-66,-2],[-181,0],[-112,-2],[-130,1],[-231,-7],[-130,-2],[-230,0],[-160,-3],[-87,3]],[[8368,41828],[-5,180],[-7,357],[-3,288],[0,488],[-20,41],[-118,91],[-27,32]],[[8177,45641],[686,-1],[880,-2],[495,-1],[419,-1]],[[21429,13957],[-39,35]],[[16723,17635],[-25,5],[-54,-8],[-8,-41],[-115,0]],[[21482,12513],[-55,0]],[[21427,12513],[-114,1]],[[21427,12513],[-1,-197]],[[21426,12316],[-50,8],[-62,-13]],[[21599,12512],[0,-161]],[[21599,12351],[0,-27]],[[21599,12324],[-53,2],[-47,-11],[-45,-5],[-28,6]],[[21770,12344],[-9,18],[-27,4],[-49,-20],[-86,5]],[[21634,12175],[11,50],[-10,27],[-30,38],[-6,34]],[[21480,12213],[-52,-1]],[[21428,12212],[-114,2],[1,59]],[[21409,12073],[13,24],[-2,64],[10,21],[-2,30]],[[21996,12173],[-23,11]],[[21973,12184],[23,41]],[[21973,12184],[-34,10]],[[10491,6618],[226,0],[-2,-236],[217,-3],[113,0],[117,-5],[2,121],[292,-2],[380,-1]],[[9923,5779],[3,364],[-97,-2],[-20,-10],[0,372],[346,-4],[-1,120],[109,3],[228,-4]],[[11616,8741],[33,-41],[18,5],[17,-21],[23,-9],[4,20],[46,15],[18,-24],[30,-7],[1,-138]],[[11806,8541],[-2,-30],[-31,1]],[[11773,8512],[-107,1],[-4,-33],[-165,2],[-17,6],[4,35],[12,28],[-1,96],[122,-1],[-1,95]],[[11892,8899],[-27,-32],[-29,20],[-108,0],[1,-113],[-3,-7],[-110,0],[0,-26]],[[11773,8512],[5,-21],[2,-243],[0,-550],[56,1],[3,-726],[-3,-481]],[[10491,6618],[-1,699],[16,22],[77,1],[19,18],[-3,105],[-109,-3],[-1,672],[0,183],[-1,333],[-56,1]],[[12337,8681],[-36,-23],[-81,6],[-60,-18],[-160,0],[0,-101],[-194,-4]],[[21921,10890],[15,27],[32,-6],[24,9],[56,0],[0,30],[28,1],[1,60]],[[22250,11014],[-41,-54],[-48,-41],[-26,-34],[-110,-36],[-46,-4],[-13,-7],[-12,-29],[-25,-15]],[[24557,17107],[25,1],[58,14],[64,34],[65,13],[27,-2],[50,-38],[42,-51],[63,-37],[72,-70],[36,-29],[8,-21],[-10,-36],[2,-21],[-11,-50],[2,-57],[6,-36],[13,-19],[64,-61],[20,-40],[46,-70],[37,-82],[18,-52],[47,-46],[13,-46],[64,-35],[70,-29],[19,-17],[34,-107],[-1,-31],[-14,-69],[4,-18],[-10,-69],[19,-41],[-9,-26],[0,-44],[-11,-20],[1,-38],[-45,-23],[-32,-22],[-30,-35],[-28,-52]],[[25345,15629],[-113,-1],[-53,2],[-218,-1],[1,-9],[-55,0],[-2,9],[-115,-4],[-3,227],[-3,497],[-229,1]],[[18248,6847],[-90,58],[-1,-28],[-32,-17],[-55,-1]],[[18070,6859],[-27,1],[-1,90],[-24,22],[-3,52],[47,16],[164,2],[28,7],[-6,20],[-34,75],[-27,44],[9,2]],[[21823,11131],[1,176]],[[25345,15629],[-22,-52],[2,-25],[-57,-43],[-20,-25],[-25,-16],[-34,-42],[-7,-39],[25,-94],[3,-50],[-6,-22],[-27,-60],[-28,-43],[-27,-24],[-31,-38],[-41,-38],[-52,-73],[-16,-7],[-32,-30]],[[21216,41951],[240,-2],[2,16],[-1,284]],[[21576,42449],[26,96],[522,136],[262,-3],[131,-119],[31,-41],[489,38],[10,-1]],[[23050,37229],[-271,5],[-17,-14],[-7,-36],[-21,-31],[-22,6],[-28,-9],[-29,-22],[-24,-30],[-55,-12],[-30,31],[-6,45],[-20,30],[-20,9],[-37,-11],[-15,-18],[-31,-17],[-15,21],[-40,20],[-1,24],[-28,51],[-17,0],[-17,-20],[-32,64],[-15,10],[-26,-8],[-15,-17],[-35,19],[-8,22],[18,23],[-2,20],[-62,1],[-497,-2],[4,167],[0,121],[4,253],[-23,4],[-3,-22],[-22,-29],[-47,0],[-6,20],[11,59],[24,24],[-18,29],[-30,6],[-3,17],[21,42],[-29,12],[-18,-3],[-35,20],[-28,2],[-22,11],[-14,26],[-28,-3],[-27,19],[25,20],[-16,14],[-32,-15],[-20,4],[27,28],[-49,55],[-8,25],[-29,5],[25,42],[-25,32],[-25,15],[-54,-2],[-15,28],[-21,-17],[-64,63],[-30,-28],[-44,-24],[-21,27],[10,46],[-52,27],[-13,-8],[-1,-38],[-46,-8],[-29,8],[-25,28],[26,50],[-3,35],[29,6],[11,15],[8,36],[-4,31],[9,16],[31,-1],[12,27],[-33,20],[-29,6],[-1,28],[18,38],[22,7],[0,148],[-19,41],[-66,52],[-114,136],[-17,40],[-16,120],[-10,31],[-61,109],[-22,31],[-79,76],[-19,39],[0,99],[-189,1],[9,49],[4,92],[-70,0],[-38,-19],[-26,-6],[-52,13],[-65,1],[-20,24],[-62,1],[-49,26],[-39,-9],[-14,-19],[-66,7],[-27,13],[-37,5],[-42,13],[-218,0],[9,71],[21,41],[114,138],[155,141],[52,34],[62,-4],[216,0],[171,227],[-1,18],[22,20],[60,80],[16,5],[69,91],[177,246],[70,105],[71,117],[157,252],[207,337],[17,59]],[[18070,6859],[0,-59],[-67,0],[-29,-28],[-13,-1],[-1,-92],[-6,-23],[-42,-43],[-11,-21],[4,-47],[25,-41],[15,-1],[50,69],[25,29],[28,10]],[[17606,5700],[-31,-71],[0,-54],[-35,-18],[33,-17],[40,-27],[10,-19]],[[16608,5980],[-33,30],[-4,14],[20,43],[0,329],[115,18],[-26,25],[2,27],[15,37],[-4,57],[-12,26],[-44,63],[-9,63],[20,31],[5,29],[-4,31],[-35,54],[-21,10],[3,84],[52,4],[2,227],[-3,29],[-14,10],[-39,1],[1,122],[-2,258],[0,341]],[[15596,43163],[34,36],[16,27],[31,20],[54,-4],[95,12],[49,-8],[63,-37],[86,-20],[56,-6],[80,9],[111,48],[98,-20],[46,-18],[46,-48],[56,-7],[19,-20],[16,-41],[29,-44],[8,-23],[4,-45],[-22,-118],[0,-21],[21,-38],[36,-28],[61,-10],[52,-23],[54,-1],[82,13],[61,-5],[116,-18],[57,-20],[102,2],[73,-14],[89,0],[56,13],[48,-19],[80,5],[30,14],[31,2],[9,-20],[22,-5],[43,7],[51,-4],[43,-20],[33,-2],[126,20],[34,-3],[62,-20],[31,-3],[35,-13],[54,-1],[46,-10],[37,-26],[106,-12],[95,2],[19,20],[43,-6],[60,-18],[58,-6],[49,1],[32,-6],[121,-3],[64,-26],[17,-16],[23,-67],[44,-70],[22,-101],[24,-75],[38,-70],[12,-77],[-6,-48],[-16,-63],[-21,-54],[9,-49],[-4,-29],[-39,-50],[-3,-29],[13,-24],[28,-32],[45,-22],[54,-47],[30,-4],[146,6],[45,-7],[80,23],[45,-1],[58,-7],[54,8],[26,-3],[73,-24],[36,1],[48,12],[103,-3],[67,10],[22,11],[21,23],[21,55],[26,24],[30,1],[25,-42],[25,-22],[25,-11],[39,6],[49,46],[34,15],[51,-28],[27,-1],[88,22],[70,-2],[29,5],[33,16],[53,18],[55,6],[89,54],[32,10],[69,10]],[[15662,36067],[-1,242],[6,361],[-1,180],[1,197],[-1,464],[-33,0],[-6,241],[0,89],[8,154],[1,108],[-3,361],[2,119],[-2,240],[1,149],[-2,210],[1,242],[-3,239],[-6,732],[-19,0]],[[7483,15874],[1,-236],[114,-3],[1,-208],[-2,-242],[-1,-748],[74,-1],[-1,-124],[0,-360],[0,-241]],[[9880,15872],[0,-277],[-1,-202],[-224,-2],[-1,-360],[-114,-1],[0,-296],[0,-63],[-2,-241],[58,1],[-6,-423],[0,-298]],[[8907,14918],[59,7],[1,-12],[116,-5],[0,-119],[52,9],[7,9],[-1,66],[57,3],[-2,211],[3,65],[-114,0],[-1,137],[-15,-16],[-5,-24],[-14,-10],[-10,-38],[-42,-48],[-90,1],[0,-122],[55,1],[-37,-42],[-19,-73]],[[22274,10857],[-4,-18],[-35,-57],[-11,14],[-26,4],[-41,-11],[-9,-27],[13,-49],[30,0]],[[22273,10711],[1,121]],[[21966,10216],[-20,11],[-63,0]],[[22845,10378],[42,-4],[-30,-87],[-25,-60]],[[24951,13473],[34,-54],[-6,-26],[-24,-42],[-53,-43],[-39,-39],[-70,-78],[-60,-46]],[[21536,13712],[0,119],[-171,3]],[[21365,13834],[-4,117]],[[21365,13834],[-2,-121]],[[19294,19394],[171,2],[4,-120],[298,1],[115,-2],[152,-6]],[[20462,17090],[-19,16],[-1,44],[-12,37],[18,0],[10,-25],[35,61],[34,44],[-2,63],[-108,0],[-7,2],[-2,357],[-116,2],[1,-182],[-58,2],[-1,-30],[-27,0],[-4,-61],[14,-33],[-30,9],[11,-56],[-9,-9],[-65,2],[4,-91],[-1,-149]],[[19269,20605],[481,-2],[110,-3],[-3,242],[-55,4],[0,359],[104,-1],[26,-30],[160,-5],[1,158],[4,116],[-109,1],[-55,4],[23,51],[6,35],[-8,126],[-21,23],[-27,16],[-16,607],[-16,478]],[[23960,11070],[-82,1]]],"transform":{"scale":[0.00018009237199582035,0.00012050824203952078],"translate":[-97.23906300000002,43.499459]},"objects":{"Tract_27_2025":{"type":"GeometryCollection","geometries":[{"arcs":[[0,1,2,3,4,5,6,7]],"type":"Polygon","properties":{"id":"14000US27137013400"}},{"arcs":[[8,9,10,11]],"type":"Polygon","properties":{"id":"14000US27137002000"}},{"arcs":[[12,13,14,15]],"type":"Polygon","properties":{"id":"14000US27137002200"}},{"arcs":[[16,17,18,19]],"type":"Polygon","properties":{"id":"14000US27137002400"}},{"arcs":[[20,21,22]],"type":"Polygon","properties":{"id":"14000US27095970100"}},{"arcs":[[23,24,25,26,27,28]],"type":"Polygon","properties":{"id":"14000US27095170400"}},{"arcs":[[29,30,31,32,33]],"type":"Polygon","properties":{"id":"14000US27169670400"}},{"arcs":[[34,35,36,37,38,39]],"type":"Polygon","properties":{"id":"14000US27169670600"}},{"arcs":[[40,41,42,43]],"type":"Polygon","properties":{"id":"14000US27169671000"}},{"arcs":[[44,45,46,-39,47,48,49,-42]],"type":"Polygon","properties":{"id":"14000US27169670900"}},{"arcs":[[50,-34,51,52,53]],"type":"Polygon","properties":{"id":"14000US27169670200"}},{"arcs":[[54,55,56,57]],"type":"Polygon","properties":{"id":"14000US27035950701"}},{"arcs":[[58,-35,-31]],"type":"Polygon","properties":{"id":"14000US27169670500"}},{"arcs":[[59,60,-37]],"type":"Polygon","properties":{"id":"14000US27169670700"}},{"arcs":[[61,62,63,64,65,66]],"type":"Polygon","properties":{"id":"14000US27053024005"}},{"arcs":[[67,68,69,70,71,72,73]],"type":"Polygon","properties":{"id":"14000US27053125900"}},{"arcs":[[74,75,76,77,78,79]],"type":"Polygon","properties":{"id":"14000US27053126000"}},{"arcs":[[80,81,82,83,84]],"type":"Polygon","properties":{"id":"14000US27071790201"}},{"arcs":[[85,86,87,-82]],"type":"Polygon","properties":{"id":"14000US27071790202"}},{"arcs":[[88,89,90,91,92]],"type":"Polygon","properties":{"id":"14000US27053020102"}},{"arcs":[[93,94,95,96,97]],"type":"Polygon","properties":{"id":"14000US27053020301"}},{"arcs":[[98,99,100,101,102]],"type":"Polygon","properties":{"id":"14000US27053020303"}},{"arcs":[[-97,103,104,-100]],"type":"Polygon","properties":{"id":"14000US27053020304"}},{"arcs":[[105,106,107,108,109]],"type":"Polygon","properties":{"id":"14000US27053026611"}},{"arcs":[[110,111,112,113,114,115]],"type":"Polygon","properties":{"id":"14000US27053026707"}},{"arcs":[[116,117,118,119]],"type":"Polygon","properties":{"id":"14000US27155460100"}},{"arcs":[[-119,120,121,122,123]],"type":"Polygon","properties":{"id":"14000US27155460200"}},{"arcs":[[124,125,126,127]],"type":"Polygon","properties":{"id":"14000US27109001201"}},{"arcs":[[128,129,130,131,132,133,134,135]],"type":"Polygon","properties":{"id":"14000US27089080200"}},{"arcs":[[-135,136,137]],"type":"Polygon","properties":{"id":"14000US27089080400"}},{"arcs":[[138,139,-136,-138,140,141]],"type":"Polygon","properties":{"id":"14000US27089080300"}},{"arcs":[[142,143,144,145,146,147,148,149,150]],"type":"Polygon","properties":{"id":"14000US27001770100"}},{"arcs":[[-56,151,152,-151,153,154,155]],"type":"Polygon","properties":{"id":"14000US27001770300"}},{"arcs":[[156,157,158,-143,-153,159]],"type":"Polygon","properties":{"id":"14000US27001770200"}},{"arcs":[[160,161,162,163,164,-131]],"type":"Polygon","properties":{"id":"14000US27089080100"}},{"arcs":[[165,166,167,168,169,170,171,172]],"type":"Polygon","properties":{"id":"14000US27003050816"}},{"arcs":[[173,174,175,176,177]],"type":"Polygon","properties":{"id":"14000US27003050402"}},{"arcs":[[178,179,180,-129,-140,181]],"type":"Polygon","properties":{"id":"14000US27069090100"}},{"arcs":[[-182,-139,182]],"type":"Polygon","properties":{"id":"14000US27069090200"}},{"arcs":[[183,184,185,186,187,188]],"type":"Polygon","properties":{"id":"14000US27035950401"}},{"arcs":[[189,190,191,192]],"type":"Polygon","properties":{"id":"14000US27035951303"}},{"arcs":[[193,-58,194,195,196]],"type":"Polygon","properties":{"id":"14000US27035950702"}},{"arcs":[[197,-196,198,199,200,201,202]],"type":"Polygon","properties":{"id":"14000US27035950802"}},{"arcs":[[203,-193,204,205]],"type":"Polygon","properties":{"id":"14000US27035951304"}},{"arcs":[[-195,-57,-156,206,207,-199]],"type":"Polygon","properties":{"id":"14000US27035950801"}},{"arcs":[[208,209,210,211,212]],"type":"Polygon","properties":{"id":"14000US27035950901"}},{"arcs":[[213,214,-187]],"type":"Polygon","properties":{"id":"14000US27035950402"}},{"arcs":[[215,216,217,218]],"type":"Polygon","properties":{"id":"14000US27099000200"}},{"arcs":[[219,220,221,222,223,224,225,226,227]],"type":"Polygon","properties":{"id":"14000US27099001000"}},{"arcs":[[228,229,230,231,-224,232]],"type":"Polygon","properties":{"id":"14000US27099000410"}},{"arcs":[[233,234,235,236,237,238]],"type":"Polygon","properties":{"id":"14000US27099001400"}},{"arcs":[[-226,239,-231,240,-219,241]],"type":"Polygon","properties":{"id":"14000US27099000100"}},{"arcs":[[242,243,244,-234,245,-220,246]],"type":"Polygon","properties":{"id":"14000US27099001200"}},{"arcs":[[247,248,249,250,251]],"type":"Polygon","properties":{"id":"14000US27053011998"}},{"arcs":[[252,253,-213,254,255]],"type":"Polygon","properties":{"id":"14000US27035950902"}},{"arcs":[[256,257]],"type":"Polygon","properties":{"id":"14000US27149480200"}},{"arcs":[[-257,258,259,260,261,262]],"type":"Polygon","properties":{"id":"14000US27149480300"}},{"arcs":[[263,264,-259,-258,-263,265,266,-121]],"type":"Polygon","properties":{"id":"14000US27149480100"}},{"arcs":[[267,-227,-242,-218,268,-233,-223,269]],"type":"Polygon","properties":{"id":"14000US27099000900"}},{"arcs":[[-221,-246,-239,270,271,272]],"type":"Polygon","properties":{"id":"14000US27099001300"}},{"arcs":[[273,-229,-269,-217]],"type":"Polygon","properties":{"id":"14000US27099000800"}},{"arcs":[[274,275,276,277,278]],"type":"Polygon","properties":{"id":"14000US27037060101"}},{"arcs":[[279,280,281,282]],"type":"Polygon","properties":{"id":"14000US27037060401"}},{"arcs":[[283,284,285,286,287],[288,289]],"type":"Polygon","properties":{"id":"14000US27119020500"}},{"arcs":[[290,291,292,293,294,295]],"type":"Polygon","properties":{"id":"14000US27037060603"}},{"arcs":[[296,297,298,299,300]],"type":"Polygon","properties":{"id":"14000US27005450800"}},{"arcs":[[301,302,303,304,305,306,307,308,309,310]],"type":"Polygon","properties":{"id":"14000US27003051206"}},{"arcs":[[311,312,313,314,315]],"type":"Polygon","properties":{"id":"14000US27003050808"}},{"arcs":[[316,317,318,319,-313,320]],"type":"Polygon","properties":{"id":"14000US27003050807"}},{"arcs":[[321,322,323,324]],"type":"Polygon","properties":{"id":"14000US27025110302"}},{"arcs":[[-324,325,326,327,328,329]],"type":"Polygon","properties":{"id":"14000US27025110402"}},{"arcs":[[330,-322,331]],"type":"Polygon","properties":{"id":"14000US27025110301"}},{"arcs":[[332,333,-307]],"type":"Polygon","properties":{"id":"14000US27003051304"}},{"arcs":[[-306,334,335,336,337,-333]],"type":"Polygon","properties":{"id":"14000US27003051305"}},{"arcs":[[-334,-338,338,339,340,-308]],"type":"Polygon","properties":{"id":"14000US27003051400"}},{"arcs":[[341,342,343,344,345]],"type":"Polygon","properties":{"id":"14000US27073180100"}},{"arcs":[[346,347,-346,348,349,350,351]],"type":"Polygon","properties":{"id":"14000US27073180200"}},{"arcs":[[-345,352,353,354,355,-349]],"type":"Polygon","properties":{"id":"14000US27073180300"}},{"arcs":[[356,357,358,359,360,361,362]],"type":"Polygon","properties":{"id":"14000US27003050811"}},{"arcs":[[363,364,365,366]],"type":"Polygon","properties":{"id":"14000US27003050707"}},{"arcs":[[367,368,-172]],"type":"Polygon","properties":{"id":"14000US27003050901"}},{"arcs":[[-171,369,370,371,372,373,-368]],"type":"Polygon","properties":{"id":"14000US27003050902"}},{"arcs":[[-360,374,375,376,377,378]],"type":"Polygon","properties":{"id":"14000US27003051001"}},{"arcs":[[379,380,-362,381,382,383,384,385]],"type":"Polygon","properties":{"id":"14000US27003051101"}},{"arcs":[[386,-378,387,388,-383]],"type":"Polygon","properties":{"id":"14000US27003051102"}},{"arcs":[[-377,389,390,391,392,-388]],"type":"Polygon","properties":{"id":"14000US27003051103"}},{"arcs":[[393,394,395,396,397,398,399,400]],"type":"Polygon","properties":{"id":"14000US27053007700"}},{"arcs":[[-400,401,402,403]],"type":"Polygon","properties":{"id":"14000US27053008200"}},{"arcs":[[-399,404,-79,405,406,407,-402]],"type":"Polygon","properties":{"id":"14000US27053008300"}},{"arcs":[[-78,408,409,410,-406]],"type":"Polygon","properties":{"id":"14000US27053008400"}},{"arcs":[[411,-73,412,413,414,415,-409]],"type":"Polygon","properties":{"id":"14000US27053008500"}},{"arcs":[[-415,416,417,418,419]],"type":"Polygon","properties":{"id":"14000US27053009600"}},{"arcs":[[420,421,422,423,424,425,426]],"type":"Polygon","properties":{"id":"14000US27053010600"}},{"arcs":[[-419,427,428,429,430]],"type":"Polygon","properties":{"id":"14000US27053011000"}},{"arcs":[[-430,431,432,433]],"type":"Polygon","properties":{"id":"14000US27053011703"}},{"arcs":[[-433,434,435,436,437,438,439]],"type":"Polygon","properties":{"id":"14000US27053011704"}},{"arcs":[[440,-252,441,-435,-432]],"type":"Polygon","properties":{"id":"14000US27053011800"}},{"arcs":[[442,443,444,-167]],"type":"Polygon","properties":{"id":"14000US27003050819"}},{"arcs":[[445,446,447,448]],"type":"Polygon","properties":{"id":"14000US27053126101"}},{"arcs":[[449,450,451,452,453]],"type":"Polygon","properties":{"id":"14000US27053026013"}},{"arcs":[[454,-453,455,456,457,458]],"type":"Polygon","properties":{"id":"14000US27053026014"}},{"arcs":[[459,460,461,462,463,464,465]],"type":"Polygon","properties":{"id":"14000US27053105100"}},{"arcs":[[466,467,468,469,470]],"type":"Polygon","properties":{"id":"14000US27053023902"}},{"arcs":[[471,-66,472,473,474]],"type":"Polygon","properties":{"id":"14000US27053024003"}},{"arcs":[[475,476,477,478,-64]],"type":"Polygon","properties":{"id":"14000US27053024200"}},{"arcs":[[-478,479,480,481,482,483]],"type":"Polygon","properties":{"id":"14000US27053024300"}},{"arcs":[[484,485,486,487]],"type":"Polygon","properties":{"id":"14000US27053024400"}},{"arcs":[[-477,-487,488,489,490,-480]],"type":"Polygon","properties":{"id":"14000US27053024500"}},{"arcs":[[-491,491,492,493,494,-481]],"type":"Polygon","properties":{"id":"14000US27053024600"}},{"arcs":[[495,-439,496,497,-489,-486]],"type":"Polygon","properties":{"id":"14000US27053024700"}},{"arcs":[[-490,-498,498,499,500,-492]],"type":"Polygon","properties":{"id":"14000US27053024801"}},{"arcs":[[-501,501,502,503,-493]],"type":"Polygon","properties":{"id":"14000US27053024802"}},{"arcs":[[504,505,506,507,508,509]],"type":"Polygon","properties":{"id":"14000US27053025803"}},{"arcs":[[510,511,512,513,514,515]],"type":"Polygon","properties":{"id":"14000US27009020203"}},{"arcs":[[516,517,518]],"type":"Polygon","properties":{"id":"14000US27047180500"}},{"arcs":[[519,520,521,522,523,524]],"type":"Polygon","properties":{"id":"14000US27003050605"}},{"arcs":[[525,526,527,528,529,-521,530]],"type":"Polygon","properties":{"id":"14000US27003050607"}},{"arcs":[[531,532,533,534,-528]],"type":"Polygon","properties":{"id":"14000US27003050608"}},{"arcs":[[535,536,537,538]],"type":"Polygon","properties":{"id":"14000US27003050233"}},{"arcs":[[539,540,-444,541,542]],"type":"Polygon","properties":{"id":"14000US27003050820"}},{"arcs":[[543,544,-168,-445,-541]],"type":"Polygon","properties":{"id":"14000US27003050818"}},{"arcs":[[545,-538,546,547,548,549,550,-371]],"type":"Polygon","properties":{"id":"14000US27003050237"}},{"arcs":[[551,552,553,-550]],"type":"Polygon","properties":{"id":"14000US27003050236"}},{"arcs":[[554,555,556,557,558,559]],"type":"Polygon","properties":{"id":"14000US27053022301"}},{"arcs":[[560,561,562,563,564,565]],"type":"Polygon","properties":{"id":"14000US27053022700"}},{"arcs":[[566,-466,567,568,-562]],"type":"Polygon","properties":{"id":"14000US27053022801"}},{"arcs":[[-563,-569,569,570,571,572]],"type":"Polygon","properties":{"id":"14000US27053022802"}},{"arcs":[[-572,573,574,575,576,577]],"type":"Polygon","properties":{"id":"14000US27053022901"}},{"arcs":[[-366,578,579,580,581,582]],"type":"Polygon","properties":{"id":"14000US27003050712"}},{"arcs":[[583,584,585,586,-525,587,588]],"type":"Polygon","properties":{"id":"14000US27003050504"}},{"arcs":[[589,590,591,-584,592,593,594]],"type":"Polygon","properties":{"id":"14000US27003050505"}},{"arcs":[[595,-594,596,-174,597]],"type":"Polygon","properties":{"id":"14000US27003050401"}},{"arcs":[[598,599,600,601,602,603,604]],"type":"Polygon","properties":{"id":"14000US27037060754"}},{"arcs":[[605,606,607,608]],"type":"Polygon","properties":{"id":"14000US27037060752"}},{"arcs":[[609,610,611,612,613,614]],"type":"Polygon","properties":{"id":"14000US27037060840"}},{"arcs":[[-613,615,616,617,618]],"type":"Polygon","properties":{"id":"14000US27037061010"}},{"arcs":[[619,-605,620,621]],"type":"Polygon","properties":{"id":"14000US27037060753"}},{"arcs":[[622,623,624,625,626,627]],"type":"Polygon","properties":{"id":"14000US27037061109"}},{"arcs":[[628,629,630,631,632]],"type":"Polygon","properties":{"id":"14000US27037061111"}},{"arcs":[[633,634,635,636]],"type":"Polygon","properties":{"id":"14000US27037060832"}},{"arcs":[[-71,637,638,639,640]],"type":"Polygon","properties":{"id":"14000US27053108700"}},{"arcs":[[641,642,643,644,-638]],"type":"Polygon","properties":{"id":"14000US27053108800"}},{"arcs":[[645,646,647,648,-644]],"type":"Polygon","properties":{"id":"14000US27053108900"}},{"arcs":[[649,650,651,652,-648]],"type":"Polygon","properties":{"id":"14000US27053109000"}},{"arcs":[[-571,653,654,655,-421,656,-574]],"type":"Polygon","properties":{"id":"14000US27053109100"}},{"arcs":[[657,658,-394,659,660,661,-655]],"type":"Polygon","properties":{"id":"14000US27053108000"}},{"arcs":[[-403,-408,662,663,664]],"type":"Polygon","properties":{"id":"14000US27053109300"}},{"arcs":[[-414,665,-640,666,-417]],"type":"Polygon","properties":{"id":"14000US27053109700"}},{"arcs":[[667,668,669]],"type":"Polygon","properties":{"id":"14000US27171100705"}},{"arcs":[[670,671,672,673,674,675,676]],"type":"Polygon","properties":{"id":"14000US27171101001"}},{"arcs":[[677,678,679,680,681]],"type":"Polygon","properties":{"id":"14000US27171100807"}},{"arcs":[[682,-676,683,684]],"type":"Polygon","properties":{"id":"14000US27171101102"}},{"arcs":[[685,-575,-657,-427,686,687]],"type":"Polygon","properties":{"id":"14000US27053109800"}},{"arcs":[[-656,-662,688,-664,689,690,691,-422]],"type":"Polygon","properties":{"id":"14000US27053109900"}},{"arcs":[[-667,692,693,-428,-418]],"type":"Polygon","properties":{"id":"14000US27053110100"}},{"arcs":[[-639,694,695,-693]],"type":"Polygon","properties":{"id":"14000US27053110200"}},{"arcs":[[696,697,698]],"type":"Polygon","properties":{"id":"14000US27119020100"}},{"arcs":[[699,-289]],"type":"Polygon","properties":{"id":"14000US27119020700"}},{"arcs":[[700,701,702,703,704]],"type":"Polygon","properties":{"id":"14000US27119020900"}},{"arcs":[[705,706,707]],"type":"Polygon","properties":{"id":"14000US27119020300"}},{"arcs":[[708,709,710,711,712,713]],"type":"Polygon","properties":{"id":"14000US27053003802"}},{"arcs":[[714,715,716,-446,717,718]],"type":"Polygon","properties":{"id":"14000US27053126202"}},{"arcs":[[719,-718,-449,720,721,722,723,724,725,726]],"type":"Polygon","properties":{"id":"14000US27053126102"}},{"arcs":[[727,728,729,730,731,732],[733]],"type":"Polygon","properties":{"id":"14000US27053027703"}},{"arcs":[[734,735,736,737,738]],"type":"Polygon","properties":{"id":"14000US27053026824"}},{"arcs":[[-438,739,740,-499,-497]],"type":"Polygon","properties":{"id":"14000US27053024904"}},{"arcs":[[741,742,743,744,745,-710,746]],"type":"Polygon","properties":{"id":"14000US27053104001"}},{"arcs":[[747,748,749,750,751]],"type":"Polygon","properties":{"id":"14000US27053023402"}},{"arcs":[[-724,752,753,754,755]],"type":"Polygon","properties":{"id":"14000US27053104801"}},{"arcs":[[756,757,758,-510,759,760]],"type":"Polygon","properties":{"id":"14000US27053025909"}},{"arcs":[[761,762,763,-505,-759]],"type":"Polygon","properties":{"id":"14000US27053025704"}},{"arcs":[[764,765,766]],"type":"Polygon","properties":{"id":"14000US27053104902"}},{"arcs":[[767,768,769,770,771]],"type":"Polygon","properties":{"id":"14000US27053026717"}},{"arcs":[[772,773,774]],"type":"Polygon","properties":{"id":"14000US27053026025"}},{"arcs":[[775,776,777,778]],"type":"Polygon","properties":{"id":"14000US27053026828"}},{"arcs":[[779,-745,780,-767,781,-712]],"type":"Polygon","properties":{"id":"14000US27053104901"}},{"arcs":[[782,783,784,785,786]],"type":"Polygon","properties":{"id":"14000US27053026024"}},{"arcs":[[-786,787,788,789]],"type":"Polygon","properties":{"id":"14000US27053026027"}},{"arcs":[[790,791,-679,792]],"type":"Polygon","properties":{"id":"14000US27053026911"}},{"arcs":[[793,794,795,796]],"type":"Polygon","properties":{"id":"14000US27053026722"}},{"arcs":[[797,798,799,800,801,-770]],"type":"Polygon","properties":{"id":"14000US27053026718"}},{"arcs":[[802,803,804,805,-762,-758,806]],"type":"Polygon","properties":{"id":"14000US27053025908"}},{"arcs":[[-801,807,808,809]],"type":"Polygon","properties":{"id":"14000US27053026720"}},{"arcs":[[-771,-802,-810,-794,810]],"type":"Polygon","properties":{"id":"14000US27053026719"}},{"arcs":[[811,812,-680,-792,813,814,815]],"type":"Polygon","properties":{"id":"14000US27053026912"}},{"arcs":[[816,817,818,819,820,821]],"type":"Polygon","properties":{"id":"14000US27053026516"}},{"arcs":[[822,823,824,825,826]],"type":"Polygon","properties":{"id":"14000US27053026615"}},{"arcs":[[-808,-800,827,828]],"type":"Polygon","properties":{"id":"14000US27053026721"}},{"arcs":[[-826,829,830,831]],"type":"Polygon","properties":{"id":"14000US27053026614"}},{"arcs":[[832,-774,833,834,835]],"type":"Polygon","properties":{"id":"14000US27053026026"}},{"arcs":[[836,837,838,839]],"type":"Polygon","properties":{"id":"14000US27053026405"}},{"arcs":[[-839,840,-560,841,842]],"type":"Polygon","properties":{"id":"14000US27053026406"}},{"arcs":[[843,844,845,846,847,848,-104,-96]],"type":"Polygon","properties":{"id":"14000US27053020201"}},{"arcs":[[849,850,851,-846]],"type":"Polygon","properties":{"id":"14000US27053020202"}},{"arcs":[[-778,852,-94,853,854,855]],"type":"Polygon","properties":{"id":"14000US27053026827"}},{"arcs":[[856,-523,857,858,859,860,-736]],"type":"Polygon","properties":{"id":"14000US27053026826"}},{"arcs":[[-842,-559,861,862,863,864]],"type":"Polygon","properties":{"id":"14000US27053023201"}},{"arcs":[[865,-719,-720,866,867,868,-463,869,870]],"type":"Polygon","properties":{"id":"14000US27053126201"}},{"arcs":[[871,872,873]],"type":"Polygon","properties":{"id":"14000US27053026725"}},{"arcs":[[874,-115,875,876,877,-872]],"type":"Polygon","properties":{"id":"14000US27053026726"}},{"arcs":[[878,879,880,881,882,-715,-866,883,884]],"type":"Polygon","properties":{"id":"14000US27053126300"}},{"arcs":[[885,886,887,888,889,890]],"type":"Polygon","properties":{"id":"14000US27101900100"}},{"arcs":[[-723,891,-713,-782,892,893,-753]],"type":"Polygon","properties":{"id":"14000US27053104802"}},{"arcs":[[-809,-829,894,895,-823,896,-795]],"type":"Polygon","properties":{"id":"14000US27053026723"}},{"arcs":[[897,898,899,900,901,902,903,904,905]],"type":"Polygon","properties":{"id":"14000US27053027205"}},{"arcs":[[906,907]],"type":"Polygon","properties":{"id":"14000US27031480200"}},{"arcs":[[908,-907,909,910,911,912,913]],"type":"Polygon","properties":{"id":"14000US27031990000"}},{"arcs":[[-889,914,915,916,917]],"type":"Polygon","properties":{"id":"14000US27101900300"}},{"arcs":[[918,919,-890,-918,920,921,922]],"type":"Polygon","properties":{"id":"14000US27101900200"}},{"arcs":[[923,924,-236]],"type":"Polygon","properties":{"id":"14000US27109002100"}},{"arcs":[[925,926,927,928,929]],"type":"Polygon","properties":{"id":"14000US27109001703"}},{"arcs":[[-127,930,931,932]],"type":"Polygon","properties":{"id":"14000US27109001202"}},{"arcs":[[933,934,935,-44,936,937,938,939,940,941]],"type":"Polygon","properties":{"id":"14000US27109002000"}},{"arcs":[[942,943,944,945,946]],"type":"Polygon","properties":{"id":"14000US27109001601"}},{"arcs":[[947,948,949,950,951,-939,952,-924,-235,-245]],"type":"Polygon","properties":{"id":"14000US27109002200"}},{"arcs":[[953,954,955,956]],"type":"Polygon","properties":{"id":"14000US27109000901"}},{"arcs":[[957,958,959,960]],"type":"Polygon","properties":{"id":"14000US27017070200"}},{"arcs":[[-146,961,962,963,964,965,966,967]],"type":"Polygon","properties":{"id":"14000US27017070600"}},{"arcs":[[968,969,-958,970,971]],"type":"Polygon","properties":{"id":"14000US27017070100"}},{"arcs":[[972,973,974,975]],"type":"Polygon","properties":{"id":"14000US27037060733"}},{"arcs":[[976,977,978,979,980,981]],"type":"Polygon","properties":{"id":"14000US27037060605"}},{"arcs":[[982,983,984,985,986,987]],"type":"Polygon","properties":{"id":"14000US27037060721"}},{"arcs":[[988,-278,989,990,991]],"type":"Polygon","properties":{"id":"14000US27037060104"}},{"arcs":[[992,993,994,-279,-989,995,-293]],"type":"Polygon","properties":{"id":"14000US27037060102"}},{"arcs":[[996,997,998,999,1000,1001,1002]],"type":"Polygon","properties":{"id":"14000US27129790400"}},{"arcs":[[1003,1004,1005,1006,1007,1008,-999]],"type":"Polygon","properties":{"id":"14000US27129790600"}},{"arcs":[[1009,1010,-997]],"type":"Polygon","properties":{"id":"14000US27129790500"}},{"arcs":[[1011,1012,1013,1014,1015,-1005,1016]],"type":"Polygon","properties":{"id":"14000US27129790100"}},{"arcs":[[1017,1018,1019,1020,-1010,-1003,1021,1022,1023,1024]],"type":"Polygon","properties":{"id":"14000US27129790300"}},{"arcs":[[1025,1026,-1017,-1004,-998,-1011,-1021]],"type":"Polygon","properties":{"id":"14000US27129790200"}},{"arcs":[[1027,1028,1029]],"type":"Polygon","properties":{"id":"14000US27115950700"}},{"arcs":[[-966,1030,1031,1032,1033]],"type":"Polygon","properties":{"id":"14000US27115950200"}},{"arcs":[[1034,1035,1036,-1028,1037,1038,1039]],"type":"Polygon","properties":{"id":"14000US27115950500"}},{"arcs":[[-1029,-1037,1040,1041,1042,1043,1044]],"type":"Polygon","properties":{"id":"14000US27115950600"}},{"arcs":[[-1038,-1030,-1045,1045,1046]],"type":"Polygon","properties":{"id":"14000US27115950800"}},{"arcs":[[1047,1048,1049,1050,1051,1052,-1032]],"type":"Polygon","properties":{"id":"14000US27115950100"}},{"arcs":[[-1033,-1053,1053,1054,-1035,1055,1056]],"type":"Polygon","properties":{"id":"14000US27115950300"}},{"arcs":[[1057,1058,1059,1060]],"type":"Polygon","properties":{"id":"14000US27123042602"}},{"arcs":[[1061,-1061,1062,1063,1064]],"type":"Polygon","properties":{"id":"14000US27123042700"}},{"arcs":[[1065,1066,1067,1068,1069,1070]],"type":"Polygon","properties":{"id":"14000US27131070902"}},{"arcs":[[1071,1072,1073]],"type":"Polygon","properties":{"id":"14000US27131070601"}},{"arcs":[[1074,1075,1076,1077]],"type":"Polygon","properties":{"id":"14000US27037060819"}},{"arcs":[[1078,1079,1080,1081,1082,1083,-1013,1084]],"type":"Polygon","properties":{"id":"14000US27093560500"}},{"arcs":[[1085,1086,1087,-1082]],"type":"Polygon","properties":{"id":"14000US27093560400"}},{"arcs":[[-1086,-1081,1088,1089,1090,-1083,-1088,1091]],"type":"Polygon","properties":{"id":"14000US27093560200"}},{"arcs":[[1092,-1085,-1012,-1027,1093,1094]],"type":"Polygon","properties":{"id":"14000US27093560600"}},{"arcs":[[1095,1096,1097,1098,-1090]],"type":"Polygon","properties":{"id":"14000US27093560100"}},{"arcs":[[-996,-992,1099,-294]],"type":"Polygon","properties":{"id":"14000US27037060103"}},{"arcs":[[-277,1100,1101,1102,1103,-990]],"type":"Polygon","properties":{"id":"14000US27037060105"}},{"arcs":[[-694,-696,1104,1105,-248,-441,-429]],"type":"Polygon","properties":{"id":"14000US27053111100"}},{"arcs":[[-687,-426,1106,1107,1108]],"type":"Polygon","properties":{"id":"14000US27053111200"}},{"arcs":[[-425,1109,1110,1111,-1107]],"type":"Polygon","properties":{"id":"14000US27053111300"}},{"arcs":[[-424,1112,1113,1114,-1110]],"type":"Polygon","properties":{"id":"14000US27053111400"}},{"arcs":[[-1114,1115,1116,1117,1118]],"type":"Polygon","properties":{"id":"14000US27053111500"}},{"arcs":[[1119,-434,1120,-1117]],"type":"Polygon","properties":{"id":"14000US27053111600"}},{"arcs":[[1121,1122,1123,1124,-749,1125]],"type":"Polygon","properties":{"id":"14000US27053122500"}},{"arcs":[[1126,-565,1127,-1124]],"type":"Polygon","properties":{"id":"14000US27053122600"}},{"arcs":[[-141,-137,-134,1128,1129,-284,1130,-707,1131,-697,1132]],"type":"Polygon","properties":{"id":"14000US27119020400"}},{"arcs":[[1133]],"type":"Polygon","properties":{"id":"14000US27085950700"}},{"arcs":[[1134,1135,1136]],"type":"Polygon","properties":{"id":"14000US27163071209"}},{"arcs":[[1137,1138,1139,1140,1141,1142,1143,1144,-623,1145,1146]],"type":"Polygon","properties":{"id":"14000US27163071102"}},{"arcs":[[1147,1148,1149,1150,1151,1152,1153,1154,1155,1156]],"type":"Polygon","properties":{"id":"14000US27163070403"}},{"arcs":[[1157,1158,1159,1160,1161,1162]],"type":"Polygon","properties":{"id":"14000US27027020500"}},{"arcs":[[1163,1164,1165]],"type":"Polygon","properties":{"id":"14000US27043460600"}},{"arcs":[[1166,1167,1168,1169,1170,1171]],"type":"Polygon","properties":{"id":"14000US27043460200"}},{"arcs":[[1172,1173,-1171,1174,1175,1176,1177],[1178]],"type":"Polygon","properties":{"id":"14000US27043460300"}},{"arcs":[[-1170,1179,1180,1181,-1166,1182,-1175]],"type":"Polygon","properties":{"id":"14000US27043460100"}},{"arcs":[[-1183,-1165,1183,1184,-1176]],"type":"Polygon","properties":{"id":"14000US27043460500"}},{"arcs":[[-1179]],"type":"Polygon","properties":{"id":"14000US27043460400"}},{"arcs":[[1185,1186,1187,1188,-1160]],"type":"Polygon","properties":{"id":"14000US27027020600"}},{"arcs":[[1189,1190,1191]],"type":"Polygon","properties":{"id":"14000US27091790501"}},{"arcs":[[-1191,1192,1193]],"type":"Polygon","properties":{"id":"14000US27091790502"}},{"arcs":[[1194,1195,1196,1197,1198]],"type":"Polygon","properties":{"id":"14000US27027030112"}},{"arcs":[[1199,1200,-1199,1201,1202]],"type":"Polygon","properties":{"id":"14000US27027030300"}},{"arcs":[[1203,-1200,1204,1205]],"type":"Polygon","properties":{"id":"14000US27027020700"}},{"arcs":[[-1202,-1198,1206,1207,1208]],"type":"Polygon","properties":{"id":"14000US27027030400"}},{"arcs":[[1209,1210,1211,1212]],"type":"Polygon","properties":{"id":"14000US27109000300"}},{"arcs":[[1213,1214,-881,1215,1216]],"type":"Polygon","properties":{"id":"14000US27053101600"}},{"arcs":[[1217,1218,1219,1220,1221,1222]],"type":"Polygon","properties":{"id":"14000US27053101800"}},{"arcs":[[1223,1224,1225,1226,1227]],"type":"Polygon","properties":{"id":"14000US27053102000"}},{"arcs":[[1228,1229,1230,1231,1232],[1233,1234,1235]],"type":"Polygon","properties":{"id":"14000US27083360200"}},{"arcs":[[1236,1237,-1229,1238]],"type":"Polygon","properties":{"id":"14000US27083360100"}},{"arcs":[[1239,1240,-1235]],"type":"Polygon","properties":{"id":"14000US27083360500"}},{"arcs":[[-1241,1241,-1236]],"type":"Polygon","properties":{"id":"14000US27083360300"}},{"arcs":[[-1232,1242,1243,1244,-886,1245,1246,1247]],"type":"Polygon","properties":{"id":"14000US27083360600"}},{"arcs":[[1248,-1244]],"type":"Polygon","properties":{"id":"14000US27083360700"}},{"arcs":[[1249,1250,-1213,1251,-126]],"type":"Polygon","properties":{"id":"14000US27109000400"}},{"arcs":[[1252,1253,-1250,1254]],"type":"Polygon","properties":{"id":"14000US27109000500"}},{"arcs":[[1255,1256,-946,1257,1258,-1253,1259]],"type":"Polygon","properties":{"id":"14000US27109000600"}},{"arcs":[[-1212,1260,1261,1262]],"type":"Polygon","properties":{"id":"14000US27109001000"}},{"arcs":[[-1252,-1263,1263,-931]],"type":"Polygon","properties":{"id":"14000US27109001100"}},{"arcs":[[1264,-1255,-125,1265,1266]],"type":"Polygon","properties":{"id":"14000US27109001301"}},{"arcs":[[1267,1268,-1059,1269,1270,1271]],"type":"Polygon","properties":{"id":"14000US27123042401"}},{"arcs":[[-1271,-1065,1272,1273,1274,1275,1276]],"type":"Polygon","properties":{"id":"14000US27123042402"}},{"arcs":[[-1274,1277,1278,1279,1280,1281,1282,1283]],"type":"Polygon","properties":{"id":"14000US27123042501"}},{"arcs":[[-1058,-1062,-1270]],"type":"Polygon","properties":{"id":"14000US27123042601"}},{"arcs":[[1284,1285,1286,1287,1288,1289,1290,1291]],"type":"Polygon","properties":{"id":"14000US27053021200"}},{"arcs":[[1292,-1292,1293,1294]],"type":"Polygon","properties":{"id":"14000US27053021300"}},{"arcs":[[1295,-1294,-1291,-1224,1296]],"type":"Polygon","properties":{"id":"14000US27053021400"}},{"arcs":[[1297,1298,1299,1300]],"type":"Polygon","properties":{"id":"14000US27053021501"}},{"arcs":[[-1300,1301,1302,1303,1304]],"type":"Polygon","properties":{"id":"14000US27053021502"}},{"arcs":[[-1304,1305,1306,1307,1308]],"type":"Polygon","properties":{"id":"14000US27053021503"}},{"arcs":[[-1308,1309,1310,1311,1312]],"type":"Polygon","properties":{"id":"14000US27053021504"}},{"arcs":[[1313,1314,1315,-280,1316,-1102]],"type":"Polygon","properties":{"id":"14000US27037060302"}},{"arcs":[[1317,1318,1319,1320,-281,-1316]],"type":"Polygon","properties":{"id":"14000US27037060301"}},{"arcs":[[1321,1322,-1075,1323,1324]],"type":"Polygon","properties":{"id":"14000US27037060812"}},{"arcs":[[-1103,-1317,-283,1325,1326,1327,1328]],"type":"Polygon","properties":{"id":"14000US27037060506"}},{"arcs":[[1329,1330,-629,1331]],"type":"Polygon","properties":{"id":"14000US27037061106"}},{"arcs":[[1332,-1318,-1315,1333,1334]],"type":"Polygon","properties":{"id":"14000US27037060202"}},{"arcs":[[1335,-981,1336,1337,1338,-983,1339]],"type":"Polygon","properties":{"id":"14000US27037060725"}},{"arcs":[[-976,1340,-610,1341,1342,1343,1344]],"type":"Polygon","properties":{"id":"14000US27037060734"}},{"arcs":[[-986,1345,1346,1347,-973,1348,1349]],"type":"Polygon","properties":{"id":"14000US27037060735"}},{"arcs":[[1350,1351,1352,1353]],"type":"Polygon","properties":{"id":"14000US27037060737"}},{"arcs":[[1354,1355,1356,-1352]],"type":"Polygon","properties":{"id":"14000US27037060738"}},{"arcs":[[1357,1358,1359,1360,1361,1362]],"type":"Polygon","properties":{"id":"14000US27037060739"}},{"arcs":[[1363,1364,1365,1366,1367]],"type":"Polygon","properties":{"id":"14000US27037060902"}},{"arcs":[[1368,1369,1370,1371]],"type":"Polygon","properties":{"id":"14000US27137003400"}},{"arcs":[[1372,1373,1374,1375,1376,1377,1378,1379,1380,-616,-612]],"type":"Polygon","properties":{"id":"14000US27037061003"}},{"arcs":[[1381,1382,1383,1384]],"type":"Polygon","properties":{"id":"14000US27037061005"}},{"arcs":[[-1384,1385,-1379,1386,1387,1388]],"type":"Polygon","properties":{"id":"14000US27037061007"}},{"arcs":[[-1146,-628,1389,-1330,1390]],"type":"Polygon","properties":{"id":"14000US27037061102"}},{"arcs":[[-1390,-627,1391,-630,-1331]],"type":"Polygon","properties":{"id":"14000US27037061105"}},{"arcs":[[1392,1393,1394,1395,1396]],"type":"Polygon","properties":{"id":"14000US27137002900"}},{"arcs":[[1397,1398,-1369,1399,-1395]],"type":"Polygon","properties":{"id":"14000US27137003300"}},{"arcs":[[1400,1401,-1193,-1190,1402]],"type":"Polygon","properties":{"id":"14000US27091790600"}},{"arcs":[[1403,-1403,-1192,-1194,-1402,1404,-1173,1405,1406]],"type":"Polygon","properties":{"id":"14000US27091790300"}},{"arcs":[[1407,-1172,-1174,-1405,-1401,-1404,1408]],"type":"Polygon","properties":{"id":"14000US27091790200"}},{"arcs":[[1409,1410,-1167,-1408,1411]],"type":"Polygon","properties":{"id":"14000US27091790100"}},{"arcs":[[-1406,-1178,1412,1413]],"type":"Polygon","properties":{"id":"14000US27091790400"}},{"arcs":[[-1091,-1099,1414,1415,1416,-1014,-1084],[1417,1418,1419,1420]],"type":"Polygon","properties":{"id":"14000US27085950200"}},{"arcs":[[1421,1422,1423,1424,-1415]],"type":"Polygon","properties":{"id":"14000US27085950100"}},{"arcs":[[-1015,-1417,1425,1426,1427,1428]],"type":"Polygon","properties":{"id":"14000US27085950500"}},{"arcs":[[-1425,1429,1430,1431,-1426,-1416],[-1134]],"type":"Polygon","properties":{"id":"14000US27085950600"}},{"arcs":[[1432,1433,1434,1435,1436,1437,1438,1439,1440,1441]],"type":"Polygon","properties":{"id":"14000US27131070101"}},{"arcs":[[1442,-1440]],"type":"Polygon","properties":{"id":"14000US27131070102"}},{"arcs":[[1443,1444,-1069]],"type":"Polygon","properties":{"id":"14000US27131070801"}},{"arcs":[[-1068,1445,1446,1447,-1444]],"type":"Polygon","properties":{"id":"14000US27131070802"}},{"arcs":[[1448,-1446,-1067,1449,1450]],"type":"Polygon","properties":{"id":"14000US27131070702"}},{"arcs":[[-1449,1451,-1447]],"type":"Polygon","properties":{"id":"14000US27131070701"}},{"arcs":[[1452,-884,-871,1453,1454]],"type":"Polygon","properties":{"id":"14000US27053103400"}},{"arcs":[[1455,1456,-447,-717,1457]],"type":"Polygon","properties":{"id":"14000US27053103600"}},{"arcs":[[-1111,-1115,-1119,1458,1459,1460]],"type":"Polygon","properties":{"id":"14000US27053012001"}},{"arcs":[[-1118,-1121,-440,-496,-485,-1459]],"type":"Polygon","properties":{"id":"14000US27053012003"}},{"arcs":[[-436,-442,1461,1462]],"type":"Polygon","properties":{"id":"14000US27053012101"}},{"arcs":[[1463,1464,-89,1465]],"type":"Polygon","properties":{"id":"14000US27053020101"}},{"arcs":[[1466,1467,1468,-914,1469,1470,1471,1472,1473,1474]],"type":"Polygon","properties":{"id":"14000US27075370101"}},{"arcs":[[1475,1476,1477,-1473,1478,1479,1480,1481]],"type":"Polygon","properties":{"id":"14000US27075370102"}},{"arcs":[[1482,1483,1484,1485]],"type":"Polygon","properties":{"id":"14000US27139080907"}},{"arcs":[[1486,1487,1488]],"type":"Polygon","properties":{"id":"14000US27139080206"}},{"arcs":[[1489,1490,1491,1492,-1487,1493]],"type":"Polygon","properties":{"id":"14000US27139080209"}},{"arcs":[[1494,1495,1496,-1437,1497]],"type":"Polygon","properties":{"id":"14000US27139081103"}},{"arcs":[[1498,1499,-1362,1500,1501,1502,1503,1504]],"type":"Polygon","properties":{"id":"14000US27139081002"}},{"arcs":[[-1488,-1493,1505,-1363,-1500,1506]],"type":"Polygon","properties":{"id":"14000US27139080207"}},{"arcs":[[1507,1508,1509,1510]],"type":"Polygon","properties":{"id":"14000US27139081301"}},{"arcs":[[1511,1512,1513]],"type":"Polygon","properties":{"id":"14000US27139080304"}},{"arcs":[[1514,-1504,1515,1516,-1495,1517]],"type":"Polygon","properties":{"id":"14000US27139081102"}},{"arcs":[[-1484,1518,1519]],"type":"Polygon","properties":{"id":"14000US27139080908"}},{"arcs":[[1520,1521,1522,1523,1524,1525]],"type":"Polygon","properties":{"id":"14000US27019090304"}},{"arcs":[[1526,1527,1528,1529,1530]],"type":"Polygon","properties":{"id":"14000US27019091001"}},{"arcs":[[1531,1532,1533,-1531,1534,1535]],"type":"Polygon","properties":{"id":"14000US27019091002"}},{"arcs":[[1536,1537,-733,-1521,1538]],"type":"Polygon","properties":{"id":"14000US27019090101"}},{"arcs":[[-675,1539,-1537,1540]],"type":"Polygon","properties":{"id":"14000US27019090102"}},{"arcs":[[1541,1542,1543,1544,1545]],"type":"Polygon","properties":{"id":"14000US27019090902"}},{"arcs":[[1546,1547,-1523]],"type":"Polygon","properties":{"id":"14000US27019090303"}},{"arcs":[[1548,-1546,1549,-1527,-1534]],"type":"Polygon","properties":{"id":"14000US27019090801"}},{"arcs":[[1550,-1542,-1549,-1533,1551]],"type":"Polygon","properties":{"id":"14000US27019090802"}},{"arcs":[[1552,-458,1553,1554,1555]],"type":"Polygon","properties":{"id":"14000US27019090704"}},{"arcs":[[1556,1557,1558,1559,-1556,1560,-1543,-1551,1561]],"type":"Polygon","properties":{"id":"14000US27019090703"}},{"arcs":[[-1545,1562,-1528,-1550]],"type":"Polygon","properties":{"id":"14000US27019090901"}},{"arcs":[[1563,1564,1565,-721,-448,-1457]],"type":"Polygon","properties":{"id":"14000US27053103700"}},{"arcs":[[1566,1567,-1454,-870,-462,1568]],"type":"Polygon","properties":{"id":"14000US27053104100"}},{"arcs":[[-727,1569,1570,1571,1572,-867]],"type":"Polygon","properties":{"id":"14000US27053104400"}},{"arcs":[[1573,1574,1575,1576,1577,1578]],"type":"Polygon","properties":{"id":"14000US27053026302"}},{"arcs":[[1579,1580,-837,1581,1582]],"type":"Polygon","properties":{"id":"14000US27053026403"}},{"arcs":[[-1582,-840,-843,-865,1583,-1577,1584]],"type":"Polygon","properties":{"id":"14000US27053026404"}},{"arcs":[[1585,1586,-821,1587,1588,1589,-1580,1590]],"type":"Polygon","properties":{"id":"14000US27053026507"}},{"arcs":[[1591,-347,1592,1593]],"type":"Polygon","properties":{"id":"14000US27011950300"}},{"arcs":[[-122,-267,1594,-342,-348,-1592,1595]],"type":"Polygon","properties":{"id":"14000US27011950100"}},{"arcs":[[-1596,-1594,1596,-123]],"type":"Polygon","properties":{"id":"14000US27011950200"}},{"arcs":[[1597,1598]],"type":"Polygon","properties":{"id":"14000US27137013100"}},{"arcs":[[1599,1600,-3,1601]],"type":"Polygon","properties":{"id":"14000US27137013500"}},{"arcs":[[1602]],"type":"Polygon","properties":{"id":"14000US27137013800"}},{"arcs":[[1603,1604,1605]],"type":"Polygon","properties":{"id":"14000US27137014000"}},{"arcs":[[1606,1607,1608,1609]],"type":"Polygon","properties":{"id":"14000US27123030400"}},{"arcs":[[1610,1611,-598,-178,1612,1613]],"type":"Polygon","properties":{"id":"14000US27003050227"}},{"arcs":[[1614,-539,-546,-370,-170]],"type":"Polygon","properties":{"id":"14000US27003050229"}},{"arcs":[[1615,1616,1617,1618,1619,1620,1621]],"type":"Polygon","properties":{"id":"14000US27003050215"}},{"arcs":[[-1259,1622,-1210,-1251,-1254]],"type":"Polygon","properties":{"id":"14000US27109000100"}},{"arcs":[[1623,1624,-128,-933,1625,-951]],"type":"Polygon","properties":{"id":"14000US27109001203"}},{"arcs":[[1626,-954,1627,-1211,-1623]],"type":"Polygon","properties":{"id":"14000US27109000200"}},{"arcs":[[-1628,-957,1628,-1261]],"type":"Polygon","properties":{"id":"14000US27109000902"}},{"arcs":[[1629,1630,1631,1632,1633,1634,1635,-1097,1636]],"type":"Polygon","properties":{"id":"14000US27171100500"}},{"arcs":[[1637,1638]],"type":"Polygon","properties":{"id":"14000US27057070600"}},{"arcs":[[1639,1640,1641,1642,1643,1644,1645]],"type":"Polygon","properties":{"id":"14000US27057070100"}},{"arcs":[[-1644,1646,1647,1648]],"type":"Polygon","properties":{"id":"14000US27057070300"}},{"arcs":[[-1638,1649,1650,1651,1652,1653,1654]],"type":"Polygon","properties":{"id":"14000US27057070700"}},{"arcs":[[1655,1656,-1650,-1639,-1655,1657,1658]],"type":"Polygon","properties":{"id":"14000US27057070500"}},{"arcs":[[-1648,1659,1660,-1651,-1657,1661]],"type":"Polygon","properties":{"id":"14000US27057070400"}},{"arcs":[[1662,-1645,-1649,-1662,-1656,1663]],"type":"Polygon","properties":{"id":"14000US27057070200"}},{"arcs":[[1664]],"type":"Polygon","properties":{"id":"14000US27137015300"}},{"arcs":[[1665,1666,-1602,-2]],"type":"Polygon","properties":{"id":"14000US27137013300"}},{"arcs":[[1667,1668]],"type":"Polygon","properties":{"id":"14000US27015960500"}},{"arcs":[[1669,1670,1671,1672,1673,1674,1675,1676]],"type":"Polygon","properties":{"id":"14000US27171100300"}},{"arcs":[[1677,1678,1679,1680]],"type":"Polygon","properties":{"id":"14000US27123036400"}},{"arcs":[[1681,1682,1683,1684,1685]],"type":"Polygon","properties":{"id":"14000US27123036600"}},{"arcs":[[-1684,1686,1687,1688,1689,1690,-291,1691,1692]],"type":"Polygon","properties":{"id":"14000US27123036700"}},{"arcs":[[1693,1694,-1689]],"type":"Polygon","properties":{"id":"14000US27123036800"}},{"arcs":[[1695,1696,1697,1698,1699,-1690,-1695]],"type":"Polygon","properties":{"id":"14000US27123036900"}},{"arcs":[[-1700,1700,1701,-993,-292,-1691]],"type":"Polygon","properties":{"id":"14000US27123037000"}},{"arcs":[[1702,1703,1704,1705]],"type":"Polygon","properties":{"id":"14000US27059130200"}},{"arcs":[[1706,1707,1708,1709,1710,1711,1712,1713]],"type":"Polygon","properties":{"id":"14000US27059130600"}},{"arcs":[[1714,1715,1716,1717,1718,1719,1720,-391]],"type":"Polygon","properties":{"id":"14000US27123041105"}},{"arcs":[[1721,-1720,1722,1723,1724,1725,1726]],"type":"Polygon","properties":{"id":"14000US27123041106"}},{"arcs":[[-1724,1727,1728,1729,1730]],"type":"Polygon","properties":{"id":"14000US27123041107"}},{"arcs":[[-1719,1731,-1728,-1723]],"type":"Polygon","properties":{"id":"14000US27123041200"}},{"arcs":[[1732,1733,1734,1735,1736,1737,1738,1739]],"type":"Polygon","properties":{"id":"14000US27123041301"}},{"arcs":[[1740,1741,1742,1743,1744,1745,1746,1747]],"type":"Polygon","properties":{"id":"14000US27123033000"}},{"arcs":[[1748,1749,1750,1751,1752,1753]],"type":"Polygon","properties":{"id":"14000US27123033200"}},{"arcs":[[-1752,1754,1755,1756,1757]],"type":"Polygon","properties":{"id":"14000US27123033300"}},{"arcs":[[1758,1759,1760,1761,1762,1763,1764,1765,1766,-1755,-1751]],"type":"Polygon","properties":{"id":"14000US27123033400"}},{"arcs":[[1767,1768,1769,1770,-1763]],"type":"Polygon","properties":{"id":"14000US27123033500"}},{"arcs":[[1771,1772,1773,1774,-1769]],"type":"Polygon","properties":{"id":"14000US27123033600"}},{"arcs":[[1775,1776,1777,-1773]],"type":"Polygon","properties":{"id":"14000US27123033700"}},{"arcs":[[-1770,-1775,1778,1779,1780,1781]],"type":"Polygon","properties":{"id":"14000US27123033900"}},{"arcs":[[-1774,-1778,1782,1783,-1779]],"type":"Polygon","properties":{"id":"14000US27123034000"}},{"arcs":[[1784,1785,1786]],"type":"Polygon","properties":{"id":"14000US27015960300"}},{"arcs":[[1787,1788,1789,1790,1791,1792]],"type":"Polygon","properties":{"id":"14000US27015960600"}},{"arcs":[[1793,1794,1795,1796]],"type":"Polygon","properties":{"id":"14000US27163070208"}},{"arcs":[[1797,1798,1799,1800]],"type":"Polygon","properties":{"id":"14000US27163071024"}},{"arcs":[[1801,1802,1803,1804,1805]],"type":"Polygon","properties":{"id":"14000US27163071210"}},{"arcs":[[1806,1807,-1794,1808,1809]],"type":"Polygon","properties":{"id":"14000US27163070207"}},{"arcs":[[1810,1811,1812,1813,-1795,1814]],"type":"Polygon","properties":{"id":"14000US27163070108"}},{"arcs":[[1815,1816,1817,1818,1819,1820,1821]],"type":"Polygon","properties":{"id":"14000US27163070706"}},{"arcs":[[1822,1823,-1817,1824,-1152]],"type":"Polygon","properties":{"id":"14000US27163070604"}},{"arcs":[[1825,1826,1827,-1802,1828]],"type":"Polygon","properties":{"id":"14000US27163071211"}},{"arcs":[[1829,1830,1831,1832,1833,1834,-1140,1835,-1827,1836]],"type":"Polygon","properties":{"id":"14000US27163071019"}},{"arcs":[[1837,1838,-1834,1839,-1799]],"type":"Polygon","properties":{"id":"14000US27163071023"}},{"arcs":[[1840,1841,1842,1843]],"type":"Polygon","properties":{"id":"14000US27061480500"}},{"arcs":[[1844,1845,1846,1847,1848,1849,-144,-159,1850,1851]],"type":"Polygon","properties":{"id":"14000US27061480600"}},{"arcs":[[1852,-329,1853,1854,1855,1856]],"type":"Polygon","properties":{"id":"14000US27003051600"}},{"arcs":[[1857,1858,1859,1860]],"type":"Polygon","properties":{"id":"14000US27113090500"}},{"arcs":[[-1821,1861,1862,1863,-1142,1864]],"type":"Polygon","properties":{"id":"14000US27163070705"}},{"arcs":[[1865,1866,1867,-1838,1868]],"type":"Polygon","properties":{"id":"14000US27163071021"}},{"arcs":[[1869,-1141,-1835,-1839,-1868]],"type":"Polygon","properties":{"id":"14000US27163071020"}},{"arcs":[[1870,1871,1872,-1818,-1824]],"type":"Polygon","properties":{"id":"14000US27163070603"}},{"arcs":[[1873,1874,-1815,-1808,1875]],"type":"Polygon","properties":{"id":"14000US27163070107"}},{"arcs":[[-1840,-1833,1876]],"type":"Polygon","properties":{"id":"14000US27163071022"}},{"arcs":[[1877,-1801,1878,1879]],"type":"Polygon","properties":{"id":"14000US27163071025"}},{"arcs":[[1880,1881,1882,1883,1884,1885]],"type":"Polygon","properties":{"id":"14000US27061480403"}},{"arcs":[[-1885,1886,1887,1888]],"type":"Polygon","properties":{"id":"14000US27061480303"}},{"arcs":[[1889,1890,1891,1892,1893,1894,1895]],"type":"Polygon","properties":{"id":"14000US27061940000"}},{"arcs":[[-921,-917,1896,1897,1898,1899,1900,1901,1902,1903,1904]],"type":"Polygon","properties":{"id":"14000US27105105100"}},{"arcs":[[-1903,1905,1906,-1900,1907]],"type":"Polygon","properties":{"id":"14000US27105105500"}},{"arcs":[[1908,-1904,-1908,-1899,1909,1910,1911]],"type":"Polygon","properties":{"id":"14000US27105105300"}},{"arcs":[[1912,-922,-1905,-1909,1913]],"type":"Polygon","properties":{"id":"14000US27105105200"}},{"arcs":[[1914,1915,1916,1917,1918,1919,1920,-117,1921,1922,1923]],"type":"Polygon","properties":{"id":"14000US27167950100"}},{"arcs":[[-1923,1924]],"type":"Polygon","properties":{"id":"14000US27167950200"}},{"arcs":[[-282,-1321,1925,1926,-1326]],"type":"Polygon","properties":{"id":"14000US27037060402"}},{"arcs":[[-1927,1927,1928,1929,1930,-1327]],"type":"Polygon","properties":{"id":"14000US27037060502"}},{"arcs":[[-1930,1931,1932,1933]],"type":"Polygon","properties":{"id":"14000US27037060503"}},{"arcs":[[1934,-1100,-991,-1104,-1329,1935,1936,1937]],"type":"Polygon","properties":{"id":"14000US27037060505"}},{"arcs":[[1938,1939,1940,1941,1942,1943,1944,1945]],"type":"Polygon","properties":{"id":"14000US27145000901"}},{"arcs":[[1946,1947,1948,1949,-1917]],"type":"Polygon","properties":{"id":"14000US27111960300"}},{"arcs":[[1950,1951,1952,1953,1954]],"type":"Polygon","properties":{"id":"14000US27111960500"}},{"arcs":[[1955,1956,1957,1958,-974,-1348]],"type":"Polygon","properties":{"id":"14000US27037060729"}},{"arcs":[[1959,1960,1961,1962]],"type":"Polygon","properties":{"id":"14000US27015960102"}},{"arcs":[[1963,1964,1965,1966,-1874,1967]],"type":"Polygon","properties":{"id":"14000US27163070103"}},{"arcs":[[1968,-1811,-1875,-1967]],"type":"Polygon","properties":{"id":"14000US27163070104"}},{"arcs":[[-1809,-1797,1969,-1148,1970,1971]],"type":"Polygon","properties":{"id":"14000US27163070204"}},{"arcs":[[1972,1973,1974,1975,-1813]],"type":"Polygon","properties":{"id":"14000US27163070205"}},{"arcs":[[1976,-1156,1977,1978]],"type":"Polygon","properties":{"id":"14000US27163070301"}},{"arcs":[[1979,-1154,1980,1981,1982,1983,1984,1985]],"type":"Polygon","properties":{"id":"14000US27163070303"}},{"arcs":[[-1978,-1155,-1980,1986]],"type":"Polygon","properties":{"id":"14000US27163070304"}},{"arcs":[[-1092,-1087]],"type":"Polygon","properties":{"id":"14000US27093560300"}},{"arcs":[[1987,1988,1989,1990,1991,1992,-1280]],"type":"Polygon","properties":{"id":"14000US27163070910"}},{"arcs":[[-1993,1993,1994,1995,1996,-1281]],"type":"Polygon","properties":{"id":"14000US27163071001"}},{"arcs":[[1997,1998,1999,2000,-1837,-1826,2001,-1928,-1926,-1320]],"type":"Polygon","properties":{"id":"14000US27163071003"}},{"arcs":[[-1994,-1992,2002,2003,2004]],"type":"Polygon","properties":{"id":"14000US27163071006"}},{"arcs":[[-1991,2005,-1866,2006,-1878,-2003]],"type":"Polygon","properties":{"id":"14000US27163071010"}},{"arcs":[[-1869,-1798,-2007]],"type":"Polygon","properties":{"id":"14000US27163071011"}},{"arcs":[[-1995,-2005,2007,2008,-1830,-2001,2009]],"type":"Polygon","properties":{"id":"14000US27163071012"}},{"arcs":[[2010,2011,2012,2013,-271]],"type":"Polygon","properties":{"id":"14000US27045960500"}},{"arcs":[[2014,2015,-2011,-238]],"type":"Polygon","properties":{"id":"14000US27045960300"}},{"arcs":[[-953,-938,2016,2017,-2015,-237,-925]],"type":"Polygon","properties":{"id":"14000US27045960200"}},{"arcs":[[-937,-43,-50,2018,2019,2020,2021,-2017]],"type":"Polygon","properties":{"id":"14000US27045960100"}},{"arcs":[[-2018,-2022,2022,-2012,-2016]],"type":"Polygon","properties":{"id":"14000US27045960400"}},{"arcs":[[2023,2024,2025,2026,-396,2027]],"type":"Polygon","properties":{"id":"14000US27053106700"}},{"arcs":[[2028,-1122,2029,-557]],"type":"Polygon","properties":{"id":"14000US27053022302"}},{"arcs":[[-410,-416,-420,2030,2031,2032]],"type":"Polygon","properties":{"id":"14000US27053009500"}},{"arcs":[[2033,2034,-816,2035,2036,2037]],"type":"Polygon","properties":{"id":"14000US27053027001"}},{"arcs":[[2038,2039,2040,2041,-896]],"type":"Polygon","properties":{"id":"14000US27053026712"}},{"arcs":[[2042,2043,2044,2045]],"type":"Polygon","properties":{"id":"14000US27053022101"}},{"arcs":[[-882,2046,2047,2048]],"type":"Polygon","properties":{"id":"14000US27053002400"}},{"arcs":[[-766,2049,2050,2051,-893]],"type":"Polygon","properties":{"id":"14000US27053106400"}},{"arcs":[[2052,2053,2054,2055,-900,2056,2057]],"type":"Polygon","properties":{"id":"14000US27053027101"}},{"arcs":[[-815,-772,-811,-797,-2053,-2036]],"type":"Polygon","properties":{"id":"14000US27053027102"}},{"arcs":[[2058,2059,2060,2061,2062]],"type":"Polygon","properties":{"id":"14000US27053026205"}},{"arcs":[[2063,2064,2065,-2061]],"type":"Polygon","properties":{"id":"14000US27053026206"}},{"arcs":[[2066,-2063,2067,-450,2068,2069]],"type":"Polygon","properties":{"id":"14000US27053026207"}},{"arcs":[[2070,2071,-879,2072,2073]],"type":"Polygon","properties":{"id":"14000US27053102100"}},{"arcs":[[2074,2075,2076,-91,-1740,2077,2078,-1565,2079]],"type":"Polygon","properties":{"id":"14000US27053102600"}},{"arcs":[[-1226,-2073,-885,-1453,2080,2081]],"type":"Polygon","properties":{"id":"14000US27053102800"}},{"arcs":[[-2049,2082,2083,-1458,-716,-883]],"type":"Polygon","properties":{"id":"14000US27053103000"}},{"arcs":[[2084,-2080,-1564,-1456,-2084]],"type":"Polygon","properties":{"id":"14000US27053103100"}},{"arcs":[[2085,2086,2087,2088,2089,2090]],"type":"Polygon","properties":{"id":"14000US27003050220"}},{"arcs":[[2091,2092,2093,2094]],"type":"Polygon","properties":{"id":"14000US27003050223"}},{"arcs":[[2095,2096,2097,-2093]],"type":"Polygon","properties":{"id":"14000US27003050224"}},{"arcs":[[2098,2099,-595,-596,-1612]],"type":"Polygon","properties":{"id":"14000US27003050226"}},{"arcs":[[2100,2101,2102,2103,2104,2105,2106]],"type":"Polygon","properties":{"id":"14000US27123042101"}},{"arcs":[[-2104,2107,2108,2109]],"type":"Polygon","properties":{"id":"14000US27123042201"}},{"arcs":[[2110,2111,2112,2113,2114,-2108,-2103]],"type":"Polygon","properties":{"id":"14000US27123042202"}},{"arcs":[[2115,2116,-1272,2117,-2112,2118]],"type":"Polygon","properties":{"id":"14000US27123042301"}},{"arcs":[[-2118,-1277,2119,2120,-2113]],"type":"Polygon","properties":{"id":"14000US27123042302"}},{"arcs":[[-19,2121,-11,2122,-15,2123,2124,2125]],"type":"Polygon","properties":{"id":"14000US27137015600"}},{"arcs":[[2126,2127,2128,2129,2130]],"type":"Polygon","properties":{"id":"14000US27137015700"}},{"arcs":[[-1399,2131,2132,-2125,2133,-1370]],"type":"Polygon","properties":{"id":"14000US27137015800"}},{"arcs":[[-319,2134,-542,-443,-166,2135,2136]],"type":"Polygon","properties":{"id":"14000US27003050821"}},{"arcs":[[-1786,2137,-1963,2138,2139]],"type":"Polygon","properties":{"id":"14000US27015960200"}},{"arcs":[[2140,-807,-757,2141,-785]],"type":"Polygon","properties":{"id":"14000US27053025906"}},{"arcs":[[-1460,-488,-476,-63]],"type":"Polygon","properties":{"id":"14000US27053024100"}},{"arcs":[[2142,2143,-112]],"type":"Polygon","properties":{"id":"14000US27053026706"}},{"arcs":[[-1227,-2082,2144,2145]],"type":"Polygon","properties":{"id":"14000US27053002700"}},{"arcs":[[-1221,2146,-2075,-2085,-2083,-2048]],"type":"Polygon","properties":{"id":"14000US27053102500"}},{"arcs":[[-831,2147,-1586,2148,-108,2149]],"type":"Polygon","properties":{"id":"14000US27053026514"}},{"arcs":[[-903,2150,-1574,2151,2152,2153]],"type":"Polygon","properties":{"id":"14000US27053027400"}},{"arcs":[[-500,-741,2154,2155,-502]],"type":"Polygon","properties":{"id":"14000US27053024903"}},{"arcs":[[-72,-641,-666,-413]],"type":"Polygon","properties":{"id":"14000US27053108600"}},{"arcs":[[2156,2157,2158,-1289]],"type":"Polygon","properties":{"id":"14000US27053100700"}},{"arcs":[[2159,2160,-103,2161,2162]],"type":"Polygon","properties":{"id":"14000US27053026809"}},{"arcs":[[2163,2164,-2153,2165,-2070,2166,2167,2168,2169]],"type":"Polygon","properties":{"id":"14000US27053027504"}},{"arcs":[[-401,-404,2170,-660]],"type":"Polygon","properties":{"id":"14000US27053008100"}},{"arcs":[[-508,2171,2172]],"type":"Polygon","properties":{"id":"14000US27053025802"}},{"arcs":[[-854,-98,-99,2173]],"type":"Polygon","properties":{"id":"14000US27053020302"}},{"arcs":[[-592,2174,-367,-583,2175,-526,2176,2177,-585]],"type":"Polygon","properties":{"id":"14000US27003050609"}},{"arcs":[[2178,-1894,2179,2180,-157,2181,2182]],"type":"Polygon","properties":{"id":"14000US27021960100"}},{"arcs":[[-1643,2183,2184,2185,2186,-1660,-1647]],"type":"Polygon","properties":{"id":"14000US27021940001"}},{"arcs":[[-1661,-2187,2187,2188,2189,2190,2191,-1652]],"type":"Polygon","properties":{"id":"14000US27021960600"}},{"arcs":[[2192,-2183,2193,2194,-2190,2195,2196,-2185]],"type":"Polygon","properties":{"id":"14000US27021960200"}},{"arcs":[[-1653,-2192,2197,-189,2198,2199,2200,2201]],"type":"Polygon","properties":{"id":"14000US27021960700"}},{"arcs":[[2202,-1895,-2179,-2193,-2184,-1642]],"type":"Polygon","properties":{"id":"14000US27021940002"}},{"arcs":[[-2042,2203,-1301,-1305,2204,2205,-824]],"type":"Polygon","properties":{"id":"14000US27053026508"}},{"arcs":[[-825,-2206,2206,2207,2208,-830]],"type":"Polygon","properties":{"id":"14000US27053026509"}},{"arcs":[[-132,-165,2209,2210,2211,2212,2213,-1859,2214,2215,2216]],"type":"Polygon","properties":{"id":"14000US27113090100"}},{"arcs":[[-1858,2217,-2215]],"type":"Polygon","properties":{"id":"14000US27113090200"}},{"arcs":[[-133,-2217,2218,-1860,-2214,2219,-1129]],"type":"Polygon","properties":{"id":"14000US27113090300"}},{"arcs":[[-2216,-2218,-1861,-2219]],"type":"Polygon","properties":{"id":"14000US27113090400"}},{"arcs":[[2220,-1886,-1889,2221,2222,-1892]],"type":"Polygon","properties":{"id":"14000US27061480302"}},{"arcs":[[-474,2223,2224,2225,-805]],"type":"Polygon","properties":{"id":"14000US27053025605"}},{"arcs":[[2226,-2225,2227,2228,2229,2230,-506,-764]],"type":"Polygon","properties":{"id":"14000US27053025702"}},{"arcs":[[2231,2232,2233,2234,2235]],"type":"Polygon","properties":{"id":"14000US27049080201"}},{"arcs":[[2236,-2236,2237,2238,2239]],"type":"Polygon","properties":{"id":"14000US27049080202"}},{"arcs":[[2240,2241,2242,2243]],"type":"Polygon","properties":{"id":"14000US27061480804"}},{"arcs":[[2244,2245,2246,2247,2248,-1841,2249,-1881,-2221,-1891]],"type":"Polygon","properties":{"id":"14000US27061480401"}},{"arcs":[[2250,2251,2252,-2245,-1890,2253,2254]],"type":"Polygon","properties":{"id":"14000US27061480102"}},{"arcs":[[-1887,-1884,2255,2256,-1845,2257,2258,2259,2260,2261],[2262]],"type":"Polygon","properties":{"id":"14000US27061480902"}},{"arcs":[[-2250,-1844,2263,-1882]],"type":"Polygon","properties":{"id":"14000US27061480402"}},{"arcs":[[-1883,-2264,-1843,2264,-1847,2265,-2256]],"type":"Polygon","properties":{"id":"14000US27061481002"}},{"arcs":[[-1888,-2262,2266,-2222]],"type":"Polygon","properties":{"id":"14000US27061480301"}},{"arcs":[[2267,-2246,-2253]],"type":"Polygon","properties":{"id":"14000US27061480101"}},{"arcs":[[-1893,-2223,-2267,-2261,2268,-2244,2269,2270,-2180]],"type":"Polygon","properties":{"id":"14000US27061480702"}},{"arcs":[[-2271,2271,-1851,-158,-2181]],"type":"Polygon","properties":{"id":"14000US27061480701"}},{"arcs":[[-2263]],"type":"Polygon","properties":{"id":"14000US27061480901"}},{"arcs":[[-2266,-1846,-2257]],"type":"Polygon","properties":{"id":"14000US27061481001"}},{"arcs":[[2272,-2259,2273,-2242]],"type":"Polygon","properties":{"id":"14000US27061480803"}},{"arcs":[[-2260,-2273,-2241,-2269]],"type":"Polygon","properties":{"id":"14000US27061480805"}},{"arcs":[[-1197,2274,2275,2276,2277,2278,-1187,-1207]],"type":"Polygon","properties":{"id":"14000US27027030111"}},{"arcs":[[2279,-1208,-1186,-1159]],"type":"Polygon","properties":{"id":"14000US27027020400"}},{"arcs":[[-2062,-2066,2280,2281,2282,2283,2284,-451,-2068]],"type":"Polygon","properties":{"id":"14000US27053026208"}},{"arcs":[[2285,2286,-1583,-1585,-1576,2287]],"type":"Polygon","properties":{"id":"14000US27053026301"}},{"arcs":[[2288,-1313,-818,2289]],"type":"Polygon","properties":{"id":"14000US27053026511"}},{"arcs":[[-1054,-1052,2290,2291]],"type":"Polygon","properties":{"id":"14000US27115950401"}},{"arcs":[[-1055,-2292,2292,-1041,-1036]],"type":"Polygon","properties":{"id":"14000US27115950402"}},{"arcs":[[-1608,-2109,2293,2294,2295]],"type":"Polygon","properties":{"id":"14000US27123030500"}},{"arcs":[[-2114,-2121,2296,2297,2298,2299,2300]],"type":"Polygon","properties":{"id":"14000US27123030602"}},{"arcs":[[-1609,-2296,2301,2302,2303]],"type":"Polygon","properties":{"id":"14000US27123030800"}},{"arcs":[[2304,2305,2306,-1742,2307]],"type":"Polygon","properties":{"id":"14000US27123030900"}},{"arcs":[[-2300,2308,2309,2310,-2306]],"type":"Polygon","properties":{"id":"14000US27123031000"}},{"arcs":[[-2299,2311,2312,2313,2314,-2309]],"type":"Polygon","properties":{"id":"14000US27123031100"}},{"arcs":[[2315,-2304,2316,2317,2318]],"type":"Polygon","properties":{"id":"14000US27123031200"}},{"arcs":[[-2302,-2295,-2308,-1741,2319,2320]],"type":"Polygon","properties":{"id":"14000US27123031400"}},{"arcs":[[2321,2322,2323,-1278]],"type":"Polygon","properties":{"id":"14000US27163070911"}},{"arcs":[[2324,2325,-1985,2326,2327]],"type":"Polygon","properties":{"id":"14000US27123040302"}},{"arcs":[[-2328,2328,2329,2330]],"type":"Polygon","properties":{"id":"14000US27123040401"}},{"arcs":[[2331,2332,2333,2334]],"type":"Polygon","properties":{"id":"14000US27123040502"}},{"arcs":[[2335,-2334,2336,-2325,-2331,2337,2338,2339]],"type":"Polygon","properties":{"id":"14000US27123040503"}},{"arcs":[[2340,-2314,2341,2342,2343,2344]],"type":"Polygon","properties":{"id":"14000US27123031701"}},{"arcs":[[2345,2346,2347,-2342,-2313]],"type":"Polygon","properties":{"id":"14000US27123031702"}},{"arcs":[[2348,2349,2350,2351,2352,2353]],"type":"Polygon","properties":{"id":"14000US27123030201"}},{"arcs":[[-1282,-1997,2354,2355,2356,2357]],"type":"Polygon","properties":{"id":"14000US27123042504"}},{"arcs":[[2358,2359,-1746,2360,2361,2362,2363,2364,2365,2366]],"type":"Polygon","properties":{"id":"14000US27123034201"}},{"arcs":[[-1777,2367,-2320,-1748,2368,2369,-2367,2370]],"type":"Polygon","properties":{"id":"14000US27123042800"}},{"arcs":[[2371,2372,2373,2374]],"type":"Polygon","properties":{"id":"14000US27123040901"}},{"arcs":[[-2373,2375,-1716,2376]],"type":"Polygon","properties":{"id":"14000US27123040902"}},{"arcs":[[2377,-2374,2378,-376]],"type":"Polygon","properties":{"id":"14000US27123041001"}},{"arcs":[[-2379,-2377,-1715,-390]],"type":"Polygon","properties":{"id":"14000US27123041002"}},{"arcs":[[2379,-1781,2380,2381,2382,2383]],"type":"Polygon","properties":{"id":"14000US27123042900"}},{"arcs":[[-1721,-1722,2384,-392]],"type":"Polygon","properties":{"id":"14000US27123041104"}},{"arcs":[[-2194,-2182,-160,-152,-55,-194,2385,2386,2387]],"type":"Polygon","properties":{"id":"14000US27035950100"}},{"arcs":[[2388,-210,2389,-203,2390]],"type":"Polygon","properties":{"id":"14000US27035951000"}},{"arcs":[[-1189,2391,2392,-1161]],"type":"Polygon","properties":{"id":"14000US27027030108"}},{"arcs":[[-1188,-2279,2393,-2392]],"type":"Polygon","properties":{"id":"14000US27027030109"}},{"arcs":[[-1162,-2393,-2394,-2278,2394,-1915,2395]],"type":"Polygon","properties":{"id":"14000US27027030110"}},{"arcs":[[2396,2397,2398,2399,2400,2401,2402,2403]],"type":"Polygon","properties":{"id":"14000US27049080500"}},{"arcs":[[2404,-17,2405,2406]],"type":"Polygon","properties":{"id":"14000US27137002300"}},{"arcs":[[2407,2408,2409,2410]],"type":"Polygon","properties":{"id":"14000US27145000401"}},{"arcs":[[2411,2412,-1489,-1507,2413]],"type":"Polygon","properties":{"id":"14000US27139080204"}},{"arcs":[[2414,2415,2416,2417]],"type":"Polygon","properties":{"id":"14000US27139080500"}},{"arcs":[[-2417,2418,2419,2420]],"type":"Polygon","properties":{"id":"14000US27139080600"}},{"arcs":[[-2238,-2235,2421,2422]],"type":"Polygon","properties":{"id":"14000US27049080101"}},{"arcs":[[2423,2424,-2239,-2423,2425,2426,2427,-2401]],"type":"Polygon","properties":{"id":"14000US27049080400"}},{"arcs":[[2428,-2399]],"type":"Polygon","properties":{"id":"14000US27049080600"}},{"arcs":[[-2403,2429,2430,2431,2432,2433]],"type":"Polygon","properties":{"id":"14000US27049080700"}},{"arcs":[[2434,2435,2436,2437,2438,-2431]],"type":"Polygon","properties":{"id":"14000US27049080800"}},{"arcs":[[2439,-2233,2440,2441,2442,-2427]],"type":"Polygon","properties":{"id":"14000US27049080300"}},{"arcs":[[-2402,-2428,2443,-2435,-2430]],"type":"Polygon","properties":{"id":"14000US27049080900"}},{"arcs":[[-2426,-2422,-2234,-2440]],"type":"Polygon","properties":{"id":"14000US27049080102"}},{"arcs":[[2444,2445,2446,2447]],"type":"Polygon","properties":{"id":"14000US27137011101"}},{"arcs":[[2448,2449,2450,2451,2452,2453,-1943]],"type":"Polygon","properties":{"id":"14000US27009021201"}},{"arcs":[[2454,2455,-1941,2456,2457]],"type":"Polygon","properties":{"id":"14000US27009021103"}},{"arcs":[[2458,2459,2460,-2455]],"type":"Polygon","properties":{"id":"14000US27009021104"}},{"arcs":[[-2447,2461,2462,2463,2464,2465,-969,2466]],"type":"Polygon","properties":{"id":"14000US27137011102"}},{"arcs":[[-5,2467,2468,-1605,2469,-1477,2470,2471]],"type":"Polygon","properties":{"id":"14000US27137011401"}},{"arcs":[[2472,2473,2474,2475,2476,-2462,-2446]],"type":"Polygon","properties":{"id":"14000US27137010602"}},{"arcs":[[-2471,-1476,2477,2478,-2474,2479]],"type":"Polygon","properties":{"id":"14000US27137010601"}},{"arcs":[[2480,2481,2482,2483,2484]],"type":"Polygon","properties":{"id":"14000US27137015503"}},{"arcs":[[-6,-2472,-2480,-2473,-2445,2485]],"type":"Polygon","properties":{"id":"14000US27137011402"}},{"arcs":[[2486,-1475,2487,2488,2489],[-1665]],"type":"Polygon","properties":{"id":"14000US27137015401"}},{"arcs":[[2490,-1467,-2487,2491,2492,2493,-2482]],"type":"Polygon","properties":{"id":"14000US27137015502"}},{"arcs":[[-2483,-2494,2494,2495,2496]],"type":"Polygon","properties":{"id":"14000US27137015501"}},{"arcs":[[-2476,2497,2498,2499,2500]],"type":"Polygon","properties":{"id":"14000US27137000302"}},{"arcs":[[-2492,-2490,2501,2502]],"type":"Polygon","properties":{"id":"14000US27137015402"}},{"arcs":[[-2477,-2501,2503,-2463]],"type":"Polygon","properties":{"id":"14000US27137010301"}},{"arcs":[[-2504,2504,-2407,2505,2506,-1393,2507,2508,-2464]],"type":"Polygon","properties":{"id":"14000US27137010302"}},{"arcs":[[-2500,2509,2510,2511,-12,-2122,-18,-2405,-2505]],"type":"Polygon","properties":{"id":"14000US27137000301"}},{"arcs":[[2512,2513,-1768,2514]],"type":"Polygon","properties":{"id":"14000US27123032500"}},{"arcs":[[2515,2516,2517,-1857,2518,2519,2520]],"type":"Polygon","properties":{"id":"14000US27003050109"}},{"arcs":[[-2519,-1856,2521,2522,2523]],"type":"Polygon","properties":{"id":"14000US27003050111"}},{"arcs":[[2524,2525,2526,2527,2528,2529]],"type":"Polygon","properties":{"id":"14000US27003050114"}},{"arcs":[[2530,2531,-264,-118]],"type":"Polygon","properties":{"id":"14000US27051070200"}},{"arcs":[[2532,2533,2534,2535,-2531,-1921]],"type":"Polygon","properties":{"id":"14000US27051070100"}},{"arcs":[[2536,2537,-2530,2538,-2096,-2092,2539]],"type":"Polygon","properties":{"id":"14000US27003050116"}},{"arcs":[[-2090,2540,-1622,2541,-364,-2175,-591]],"type":"Polygon","properties":{"id":"14000US27003050208"}},{"arcs":[[-1855,2542,-1968,-1876,-1807,2543,-536,-1615,2544,2545,-2522]],"type":"Polygon","properties":{"id":"14000US27003050210"}},{"arcs":[[-1736,2546,-2349,2547]],"type":"Polygon","properties":{"id":"14000US27123041900"}},{"arcs":[[2548,-1283,-2358,2549,2550]],"type":"Polygon","properties":{"id":"14000US27123034702"}},{"arcs":[[-1725,-1731,-1464,2551]],"type":"Polygon","properties":{"id":"14000US27123041103"}},{"arcs":[[2552,2553,2554,-1760,2555]],"type":"Polygon","properties":{"id":"14000US27123032100"}},{"arcs":[[-1771,-1782,-2380,2556,-1764]],"type":"Polygon","properties":{"id":"14000US27123033800"}},{"arcs":[[2557,2558,2559,-2346,-2312,-2298]],"type":"Polygon","properties":{"id":"14000US27123030704"}},{"arcs":[[2560,-2329,-2327,-1984,2561,-1268,-2117]],"type":"Polygon","properties":{"id":"14000US27123040402"}},{"arcs":[[2562,-1682,2563,-1679]],"type":"Polygon","properties":{"id":"14000US27123036500"}},{"arcs":[[-2337,2564,-1986,-2326]],"type":"Polygon","properties":{"id":"14000US27123040301"}},{"arcs":[[2565,2566,-2345,2567,2568,-1744]],"type":"Polygon","properties":{"id":"14000US27123033100"}},{"arcs":[[-2351,2569,-1610,-2316,2570]],"type":"Polygon","properties":{"id":"14000US27123030300"}},{"arcs":[[-2307,-2311,2571,-2566,-1743]],"type":"Polygon","properties":{"id":"14000US27123031500"}},{"arcs":[[-2310,-2315,-2341,-2567,-2572]],"type":"Polygon","properties":{"id":"14000US27123031600"}},{"arcs":[[-2560,2572,2573,2574,2575,-2347]],"type":"Polygon","properties":{"id":"14000US27123031801"}},{"arcs":[[2576,-1284,-2549,-2574]],"type":"Polygon","properties":{"id":"14000US27123031802"}},{"arcs":[[-743,2577,2578,-2553,2579,-1749,2580]],"type":"Polygon","properties":{"id":"14000US27123031900"}},{"arcs":[[-2556,-1759,-1750,-2580]],"type":"Polygon","properties":{"id":"14000US27123032000"}},{"arcs":[[2581,2582,-1761,-2555]],"type":"Polygon","properties":{"id":"14000US27123032200"}},{"arcs":[[2583,2584,-2515,-1762,-2583]],"type":"Polygon","properties":{"id":"14000US27123032300"}},{"arcs":[[2585,2586,-1772,-2514,2587]],"type":"Polygon","properties":{"id":"14000US27123032600"}},{"arcs":[[2588,2589,2590,2591,2592,2593,-2211]],"type":"Polygon","properties":{"id":"14000US27029000300"}},{"arcs":[[2594,-2368,-1776,-2587]],"type":"Polygon","properties":{"id":"14000US27123032700"}},{"arcs":[[2595,2596,-2335,-2336,2597]],"type":"Polygon","properties":{"id":"14000US27123040504"}},{"arcs":[[2598,-553,2599,-2598,2600,2601,2602,2603]],"type":"Polygon","properties":{"id":"14000US27123040601"}},{"arcs":[[-2601,-2340,2604,2605]],"type":"Polygon","properties":{"id":"14000US27123040603"}},{"arcs":[[2606,2607,-2107,2608,2609,2610]],"type":"Polygon","properties":{"id":"14000US27123040704"}},{"arcs":[[2611,-373,2612,2613,-2372]],"type":"Polygon","properties":{"id":"14000US27123040705"}},{"arcs":[[2614,2615,-1706,2616,2617,2618,-1707,2619,-27]],"type":"Polygon","properties":{"id":"14000US27059130100"}},{"arcs":[[2620,2621,2622,2623,2624,-332,-325,-330,-1853,-2518,2625]],"type":"Polygon","properties":{"id":"14000US27059130400"}},{"arcs":[[2626,-205,-192,2627,-201,2628,2629,2630,2631]],"type":"Polygon","properties":{"id":"14000US27035951400"}},{"arcs":[[2632,-2592,2633,-1646,-1663,2634,2635,2636]],"type":"Polygon","properties":{"id":"14000US27029000200"}},{"arcs":[[-2593,-2633,2637,2638]],"type":"Polygon","properties":{"id":"14000US27029000100"}},{"arcs":[[2639,2640,2641,2642]],"type":"Polygon","properties":{"id":"14000US27165950100"}},{"arcs":[[2643,-2642,2644,2645,-1410,2646,2647],[2648]],"type":"Polygon","properties":{"id":"14000US27165950300"}},{"arcs":[[-2649]],"type":"Polygon","properties":{"id":"14000US27165950200"}},{"arcs":[[2649,2650,2651,2652,2653,2654]],"type":"Polygon","properties":{"id":"14000US27067780500"}},{"arcs":[[2655,-2196,-2189]],"type":"Polygon","properties":{"id":"14000US27021960302"}},{"arcs":[[2656,2657,-256,2658,-206,-2627,2659,2660]],"type":"Polygon","properties":{"id":"14000US27021960801"}},{"arcs":[[-101,-105,-849,2661,2662,2663,-1286,2664,2665]],"type":"Polygon","properties":{"id":"14000US27053020400"}},{"arcs":[[-848,2666,-311,2667,2668,-2662]],"type":"Polygon","properties":{"id":"14000US27053020500"}},{"arcs":[[-847,-852,-302,-2667]],"type":"Polygon","properties":{"id":"14000US27053020600"}},{"arcs":[[2669,2670,-1871,-1823,-1151]],"type":"Polygon","properties":{"id":"14000US27163070501"}},{"arcs":[[2671,2672,2673,-1872,-2671]],"type":"Polygon","properties":{"id":"14000US27163070502"}},{"arcs":[[-2674,2674,2675,-1873]],"type":"Polygon","properties":{"id":"14000US27163070602"}},{"arcs":[[2676,2677,-1989,2678,-2323]],"type":"Polygon","properties":{"id":"14000US27163070909"}},{"arcs":[[2679,2680,2681]],"type":"Polygon","properties":{"id":"14000US27067770900"}},{"arcs":[[2682,2683,-1094,-1026,-1020,2684]],"type":"Polygon","properties":{"id":"14000US27067781100"}},{"arcs":[[2685,2686,2687,2688,2689,2690,2691]],"type":"Polygon","properties":{"id":"14000US27067780200"}},{"arcs":[[-2654,2692,-2682,2693,2694]],"type":"Polygon","properties":{"id":"14000US27067780700"}},{"arcs":[[2695,2696,-1095,-2684,2697,2698,-2689]],"type":"Polygon","properties":{"id":"14000US27067780100"}},{"arcs":[[2699,-2691,2700,2701,-2655,-2695,2702,-2651,2703,2704,2705]],"type":"Polygon","properties":{"id":"14000US27067780600"}},{"arcs":[[-2705,2706,-2685,-1019,2707]],"type":"Polygon","properties":{"id":"14000US27067781200"}},{"arcs":[[2708,-2652,-2703,-2694,-2681]],"type":"Polygon","properties":{"id":"14000US27067781000"}},{"arcs":[[-2650,-2702,2709,-2698,-2683,-2707,-2704]],"type":"Polygon","properties":{"id":"14000US27067780400"}},{"arcs":[[-2699,-2710,-2701,-2690]],"type":"Polygon","properties":{"id":"14000US27067780300"}},{"arcs":[[2710,2711,2712,2713,2714,2715,-299]],"type":"Polygon","properties":{"id":"14000US27005450700"}},{"arcs":[[-2653,-2709,-2680,-2693]],"type":"Polygon","properties":{"id":"14000US27067780800"}},{"arcs":[[2716,2717,-1421]],"type":"Polygon","properties":{"id":"14000US27085950401"}},{"arcs":[[-1420,2718,-2717]],"type":"Polygon","properties":{"id":"14000US27085950402"}},{"arcs":[[-2719,-1419,2719]],"type":"Polygon","properties":{"id":"14000US27085950301"}},{"arcs":[[-2718,-2720,-1418]],"type":"Polygon","properties":{"id":"14000US27085950302"}},{"arcs":[[-1674,2720,2721,2722,2723,2724,2725]],"type":"Polygon","properties":{"id":"14000US27171100202"}},{"arcs":[[2726,2727,2728,-2721,-1673]],"type":"Polygon","properties":{"id":"14000US27171100203"}},{"arcs":[[-1636,2729,-1422,-1098]],"type":"Polygon","properties":{"id":"14000US27171101300"}},{"arcs":[[-1635,2730,-685,-1423,-2730]],"type":"Polygon","properties":{"id":"14000US27171101200"}},{"arcs":[[2731,2732,2733,2734,2735,-2034,2736,-671,2737]],"type":"Polygon","properties":{"id":"14000US27171100900"}},{"arcs":[[-669,2738,-2733,2739]],"type":"Polygon","properties":{"id":"14000US27171100701"}},{"arcs":[[2740,2741,2742,2743,2744,2745,2746,2747,2748,2749,2750]],"type":"Polygon","properties":{"id":"14000US27161790300"}},{"arcs":[[2751,2752,2753,-1025,2754,2755]],"type":"Polygon","properties":{"id":"14000US27023950300"}},{"arcs":[[2756,2757,2758,-2706,2759,-2753,2760,-353,-344]],"type":"Polygon","properties":{"id":"14000US27023950500"}},{"arcs":[[-2760,-2708,-1018,-2754]],"type":"Polygon","properties":{"id":"14000US27023950400"}},{"arcs":[[2761,-1480]],"type":"Polygon","properties":{"id":"14000US27075370400"}},{"arcs":[[2762,-1471]],"type":"Polygon","properties":{"id":"14000US27075370300"}},{"arcs":[[-1438,-1497,2763,2764,-2397,2765,2766,-1072,2767,2768]],"type":"Polygon","properties":{"id":"14000US27037061502"}},{"arcs":[[-1387,-1378,2769,-1147,-1391,-1332,-633,2770,2771,2772,2773,2774,2775]],"type":"Polygon","properties":{"id":"14000US27037061001"}},{"arcs":[[2776,2777,-301,2778,2779,2780]],"type":"Polygon","properties":{"id":"14000US27005450900"}},{"arcs":[[2781,2782,-2713,2783]],"type":"Polygon","properties":{"id":"14000US27005450500"}},{"arcs":[[-2784,-2712,2784]],"type":"Polygon","properties":{"id":"14000US27005450600"}},{"arcs":[[2785,2786,-2782,-2785,-2711,-298]],"type":"Polygon","properties":{"id":"14000US27005450400"}},{"arcs":[[2787,-2635,-1664,-1659,2788,2789,2790]],"type":"Polygon","properties":{"id":"14000US27005450100"}},{"arcs":[[2791,2792,2793,-2636,-2788,2794,2795,-2786,-297,-2778]],"type":"Polygon","properties":{"id":"14000US27005940000"}},{"arcs":[[-2795,-2791,2796,2797]],"type":"Polygon","properties":{"id":"14000US27005450200"}},{"arcs":[[-2787,-2796,-2798,2798,-2714,-2783]],"type":"Polygon","properties":{"id":"14000US27005450300"}},{"arcs":[[2799]],"type":"Polygon","properties":{"id":"14000US27055020500"}},{"arcs":[[-621,-604,-1325,2800,2801,2802,2803]],"type":"Polygon","properties":{"id":"14000US27037060742"}},{"arcs":[[-1343,2804,2805,2806]],"type":"Polygon","properties":{"id":"14000US27037060805"}},{"arcs":[[2807,2808,-1344,-2807,2809,2810,-602]],"type":"Polygon","properties":{"id":"14000US27037060806"}},{"arcs":[[2811,2812,2813]],"type":"Polygon","properties":{"id":"14000US27055020100"}},{"arcs":[[2814,-2814,2815,2816,2817]],"type":"Polygon","properties":{"id":"14000US27055020200"}},{"arcs":[[2818,-2817,2819,2820],[-2800]],"type":"Polygon","properties":{"id":"14000US27055020900"}},{"arcs":[[-2020,2821,-2818,-2819,2822]],"type":"Polygon","properties":{"id":"14000US27055020300"}},{"arcs":[[2823,2824,2825,2826,2827,2828,-512,2829]],"type":"Polygon","properties":{"id":"14000US27097780500"}},{"arcs":[[-102,-2666,2830,2831,2832,2833,-2162]],"type":"Polygon","properties":{"id":"14000US27053020700"}},{"arcs":[[2834,2835,2836,-2660,-2632,2837,2838,2839,2840,2841,2842]],"type":"Polygon","properties":{"id":"14000US27097780200"}},{"arcs":[[-2838,-2631,2843,-2830,-511,2844,-2841,2845]],"type":"Polygon","properties":{"id":"14000US27097780300"}},{"arcs":[[2846,-2836,2847,2848]],"type":"Polygon","properties":{"id":"14000US27097780100"}},{"arcs":[[-2630,2849,2850,-2824,-2844]],"type":"Polygon","properties":{"id":"14000US27097780400"}},{"arcs":[[2851,-2842,-2845,-516,2852,2853,2854]],"type":"Polygon","properties":{"id":"14000US27097780800"}},{"arcs":[[2855,-2846,-2840]],"type":"Polygon","properties":{"id":"14000US27097780600"}},{"arcs":[[-2856,-2839]],"type":"Polygon","properties":{"id":"14000US27097780700"}},{"arcs":[[2856,2857,-2647,-1412,-1409,-1407,-1414,2858,2859,2860],[2861]],"type":"Polygon","properties":{"id":"14000US27063480100"}},{"arcs":[[-1898,2862,-2861,2863,2864,-1910]],"type":"Polygon","properties":{"id":"14000US27063480200"}},{"arcs":[[-2860,2865,-2864]],"type":"Polygon","properties":{"id":"14000US27063480300"}},{"arcs":[[-2369,-1747,-2360,2866]],"type":"Polygon","properties":{"id":"14000US27123034203"}},{"arcs":[[2867,-2745,2868,-2741,2869,2870]],"type":"Polygon","properties":{"id":"14000US27161790100"}},{"arcs":[[-2750,2871,2872,-1181,2873]],"type":"Polygon","properties":{"id":"14000US27161790200"}},{"arcs":[[-2743,2874]],"type":"Polygon","properties":{"id":"14000US27161790400"}},{"arcs":[[-1481,-2762,-1479,-1472,-2763,-1470,-913,2875,2876]],"type":"Polygon","properties":{"id":"14000US27075990100"}},{"arcs":[[-2869,-2744,-2875,-2742]],"type":"Polygon","properties":{"id":"14000US27161790500"}},{"arcs":[[-2801,-1324,-1078,2877,2878,2879,2880]],"type":"Polygon","properties":{"id":"14000US27037060816"}},{"arcs":[[-752,2881,2882,2883,2884]],"type":"Polygon","properties":{"id":"14000US27053023401"}},{"arcs":[[2885,-873,-878,2886,2887,-2040,2888]],"type":"Polygon","properties":{"id":"14000US27053026724"}},{"arcs":[[-2057,-899,2889,-906,2890,2891,2892,2893]],"type":"Polygon","properties":{"id":"14000US27053027204"}},{"arcs":[[-796,-897,-827,-832,2894,2895,-2054]],"type":"Polygon","properties":{"id":"14000US27053026616"}},{"arcs":[[-734]],"type":"Polygon","properties":{"id":"14000US27053027702"}},{"arcs":[[-862,-558,-2030,-1126,-748,2896]],"type":"Polygon","properties":{"id":"14000US27053023202"}},{"arcs":[[-2150,-107,2897,-2895]],"type":"Polygon","properties":{"id":"14000US27053026617"}},{"arcs":[[-1540,-674,2898,-2893,2899,2900,-728,-1538]],"type":"Polygon","properties":{"id":"14000US27053027701"}},{"arcs":[[2901,2902,-787,2903,2904]],"type":"Polygon","properties":{"id":"14000US27053026023"}},{"arcs":[[-861,2905,2906,-737]],"type":"Polygon","properties":{"id":"14000US27053026825"}},{"arcs":[[-2208,-2290,-817,2907]],"type":"Polygon","properties":{"id":"14000US27053026515"}},{"arcs":[[-2226,-2227,-763,-806]],"type":"Polygon","properties":{"id":"14000US27053025703"}},{"arcs":[[-835,2908,-2904,-790,2909,2910,2911]],"type":"Polygon","properties":{"id":"14000US27053026028"}},{"arcs":[[-2078,-1739,2912,-747,-709,2913]],"type":"Polygon","properties":{"id":"14000US27053104002"}},{"arcs":[[2914,-250,2915,2916,2917,2918,2919]],"type":"Polygon","properties":{"id":"14000US27053980100"}},{"arcs":[[-1566,-2079,-2914,-714,-892,-722]],"type":"Polygon","properties":{"id":"14000US27053003801"}},{"arcs":[[2920,-2028,-395,-659,2921]],"type":"Polygon","properties":{"id":"14000US27053106600"}},{"arcs":[[2922,2923,2924,-75,2925,2926]],"type":"Polygon","properties":{"id":"14000US27053106900"}},{"arcs":[[2927,-2927,2928,-397,-2027]],"type":"Polygon","properties":{"id":"14000US27053107000"}},{"arcs":[[2929,-646,-643,2930]],"type":"Polygon","properties":{"id":"14000US27053107400"}},{"arcs":[[-1339,2931,2932,-984]],"type":"Polygon","properties":{"id":"14000US27037060749"}},{"arcs":[[-2414,-1499,2933,-1519,-1483,2934]],"type":"Polygon","properties":{"id":"14000US27139080906"}},{"arcs":[[-2004,-1880,2935,-2008]],"type":"Polygon","properties":{"id":"14000US27163071013"}},{"arcs":[[-1879,-1800,-1877,-1832,2936]],"type":"Polygon","properties":{"id":"14000US27163071016"}},{"arcs":[[2937,-1143,-1864]],"type":"Polygon","properties":{"id":"14000US27163071101"}},{"arcs":[[-2145,2938,-1567,2939,2940]],"type":"Polygon","properties":{"id":"14000US27053003200"}},{"arcs":[[-2081,-1455,-1568,-2939]],"type":"Polygon","properties":{"id":"14000US27053003300"}},{"arcs":[[-1571,2941,-725,-756,2942,2943,2944,2945]],"type":"Polygon","properties":{"id":"14000US27053005901"}},{"arcs":[[2946,-2944,2947,2948,-76,-2925]],"type":"Polygon","properties":{"id":"14000US27053005902"}},{"arcs":[[2949,-2923,-2928,-2026]],"type":"Polygon","properties":{"id":"14000US27053006800"}},{"arcs":[[2950,2951,-2552,2952,2953]],"type":"Polygon","properties":{"id":"14000US27003051502"}},{"arcs":[[-738,-2907,2954,-776,2955]],"type":"Polygon","properties":{"id":"14000US27053026823"}},{"arcs":[[-2906,-860,2956,-386,2957,2958,2959,-2955]],"type":"Polygon","properties":{"id":"14000US27053026822"}},{"arcs":[[2960,2961,2962,-2281,-2065]],"type":"Polygon","properties":{"id":"14000US27053026103"}},{"arcs":[[-2949,2963,-74,-412,-77]],"type":"Polygon","properties":{"id":"14000US27053125800"}},{"arcs":[[2964,2965,-1217,-2071,2966]],"type":"Polygon","properties":{"id":"14000US27053125700"}},{"arcs":[[-744,-2581,-1754,2967,2968,2969,-2050,-765,-781]],"type":"Polygon","properties":{"id":"14000US27053125600"}},{"arcs":[[-700,-290]],"type":"Polygon","properties":{"id":"14000US27119020600"}},{"arcs":[[2970,-2212,-2594,-2639,2971,2972,-702]],"type":"Polygon","properties":{"id":"14000US27119021000"}},{"arcs":[[2973,-1971,-1157,-1977,2974,-2332,-2597,2975]],"type":"Polygon","properties":{"id":"14000US27123040102"}},{"arcs":[[2976,-2611,2977,2978,2979]],"type":"Polygon","properties":{"id":"14000US27123040804"}},{"arcs":[[2980,-2976,-2596,-2600]],"type":"Polygon","properties":{"id":"14000US27123040101"}},{"arcs":[[2981,-2603,2982,2983]],"type":"Polygon","properties":{"id":"14000US27123040708"}},{"arcs":[[-2983,-2602,-2606,2984,-2607,2985]],"type":"Polygon","properties":{"id":"14000US27123040709"}},{"arcs":[[-2605,-2339,2986,2987,-2101,-2608,-2985]],"type":"Polygon","properties":{"id":"14000US27123040605"}},{"arcs":[[2988,-1692,2989,-2918,2990]],"type":"Polygon","properties":{"id":"14000US27123037604"}},{"arcs":[[-2338,-2330,-2561,-2116,2991,-2987]],"type":"Polygon","properties":{"id":"14000US27123040606"}},{"arcs":[[-2867,-2359,-2370]],"type":"Polygon","properties":{"id":"14000US27123034204"}},{"arcs":[[-1753,-1758,2992,2993,-651,2994,-2968]],"type":"Polygon","properties":{"id":"14000US27123043002"}},{"arcs":[[-2994,2995,2996,2997,2998,2999]],"type":"Polygon","properties":{"id":"14000US27123043001"}},{"arcs":[[3000,3001,3002,3003,3004,3005]],"type":"Polygon","properties":{"id":"14000US27141030504"}},{"arcs":[[-1718,3006,-2980,3007,-1729,-1732]],"type":"Polygon","properties":{"id":"14000US27123040805"}},{"arcs":[[3008,-1685,-1693,-2989,3009]],"type":"Polygon","properties":{"id":"14000US27123037603"}},{"arcs":[[3010,-1266,-1625,3011]],"type":"Polygon","properties":{"id":"14000US27109001302"}},{"arcs":[[3012,3013,3014,-1260,-1265,3015]],"type":"Polygon","properties":{"id":"14000US27109001401"}},{"arcs":[[3016,3017,3018,3019,-3014]],"type":"Polygon","properties":{"id":"14000US27109001501"}},{"arcs":[[3020,-1256,-3015,-3020]],"type":"Polygon","properties":{"id":"14000US27109001502"}},{"arcs":[[-3019,3021,-947,-1257,-3021]],"type":"Polygon","properties":{"id":"14000US27109001503"}},{"arcs":[[-1578,3022,-2064,-2060,3023]],"type":"Polygon","properties":{"id":"14000US27053026202"}},{"arcs":[[3024,-475,-804,3025,-469]],"type":"Polygon","properties":{"id":"14000US27053023903"}},{"arcs":[[3026,3027,3028,3029,3030,3031,3032,3033]],"type":"Polygon","properties":{"id":"14000US27041450800"}},{"arcs":[[3034,3035,3036,3037,-2532,-2536]],"type":"Polygon","properties":{"id":"14000US27041450200"}},{"arcs":[[3038,-2772,3039,-2424,-2400,-2429,-2398,-2765]],"type":"Polygon","properties":{"id":"14000US27037061402"}},{"arcs":[[3040,3041,3042,-2808,-601,3043,-1356]],"type":"Polygon","properties":{"id":"14000US27037060714"}},{"arcs":[[-1361,3044,3045,3046,3047,-1501]],"type":"Polygon","properties":{"id":"14000US27037060813"}},{"arcs":[[-2862]],"type":"Polygon","properties":{"id":"14000US27063480400"}},{"arcs":[[-1338,3048,3049,-1956,-1347,3050,-2932]],"type":"Polygon","properties":{"id":"14000US27037060716"}},{"arcs":[[-2197,-2656,-2188,-2186]],"type":"Polygon","properties":{"id":"14000US27021960301"}},{"arcs":[[-1705,3051,-2623,3052,3053,3054,-2617]],"type":"Polygon","properties":{"id":"14000US27059130302"}},{"arcs":[[-2619,3055,3056,-2626,-2517,3057,-1708]],"type":"Polygon","properties":{"id":"14000US27059130501"}},{"arcs":[[3058,-1247,3059,3060]],"type":"Polygon","properties":{"id":"14000US27081201002"}},{"arcs":[[3061,3062,-1239,-1233,-1248,-3059,3063]],"type":"Polygon","properties":{"id":"14000US27081201001"}},{"arcs":[[3064,3065,3066,3067]],"type":"Polygon","properties":{"id":"14000US27103480502"}},{"arcs":[[-2715,-2799,-2797,-2790,3068,-1951,3069,3070]],"type":"Polygon","properties":{"id":"14000US27111960102"}},{"arcs":[[3071,3072,3073,3074,-2410]],"type":"Polygon","properties":{"id":"14000US27145000402"}},{"arcs":[[-214,-186,3075,-2386,-197,-198,-2390,-209,-254,3076]],"type":"Polygon","properties":{"id":"14000US27035950502"}},{"arcs":[[-255,-212,3077,-204,-2659]],"type":"Polygon","properties":{"id":"14000US27035951301"}},{"arcs":[[-2191,-2195,-2388,3078,-184,-2198]],"type":"Polygon","properties":{"id":"14000US27035951700"}},{"arcs":[[3079,3080,3081,-793,-678,3082]],"type":"Polygon","properties":{"id":"14000US27171100806"}},{"arcs":[[-148,3083,-967,-1034,-1057,3084,3085]],"type":"Polygon","properties":{"id":"14000US27001770402"}},{"arcs":[[3086,-154,-150,3087,3088,3089,3090]],"type":"Polygon","properties":{"id":"14000US27001790504"}},{"arcs":[[-155,-3087,3091,-207]],"type":"Polygon","properties":{"id":"14000US27001790503"}},{"arcs":[[-968,-3084,-147]],"type":"Polygon","properties":{"id":"14000US27001770401"}},{"arcs":[[-1342,-615,3092,3093,-2805]],"type":"Polygon","properties":{"id":"14000US27037060822"}},{"arcs":[[-3093,3094,3095,3096,3097]],"type":"Polygon","properties":{"id":"14000US27037060823"}},{"arcs":[[-2806,-3094,-3098,3098,3099,-2810]],"type":"Polygon","properties":{"id":"14000US27037060824"}},{"arcs":[[-188,-215,-3077,-253,-2658,3100]],"type":"Polygon","properties":{"id":"14000US27035950501"}},{"arcs":[[-2387,-3076,-185,-3079]],"type":"Polygon","properties":{"id":"14000US27035950204"}},{"arcs":[[3101,3102,-944]],"type":"Polygon","properties":{"id":"14000US27109001602"}},{"arcs":[[-929,3103,-3017,-3013,3104,3105]],"type":"Polygon","properties":{"id":"14000US27109001701"}},{"arcs":[[-928,3106,-3022,-3018,-3104]],"type":"Polygon","properties":{"id":"14000US27109001702"}},{"arcs":[[3107,-949,3108,3109]],"type":"Polygon","properties":{"id":"14000US27109001800"}},{"arcs":[[-927,3110,-942,3111,-3102,-943,-3107]],"type":"Polygon","properties":{"id":"14000US27109001603"}},{"arcs":[[-495,3112,3113,3114,3115,-2230,3116]],"type":"Polygon","properties":{"id":"14000US27053125500"}},{"arcs":[[-577,3117,3118,3119,3120]],"type":"Polygon","properties":{"id":"14000US27053022902"}},{"arcs":[[-1675,-2726,3121,-1633,3122]],"type":"Polygon","properties":{"id":"14000US27171100707"}},{"arcs":[[-3122,-2725,3123,3124,-2735,3125,-670,-2740,-2732,3126,-1634]],"type":"Polygon","properties":{"id":"14000US27171100706"}},{"arcs":[[-3127,-2738,-677,-683,-2731]],"type":"Polygon","properties":{"id":"14000US27171101101"}},{"arcs":[[3127,-1677,3128,-1631]],"type":"Polygon","properties":{"id":"14000US27171100402"}},{"arcs":[[-1676,-3123,-1632,-3129]],"type":"Polygon","properties":{"id":"14000US27171100401"}},{"arcs":[[-3126,-2734,-2739,-668]],"type":"Polygon","properties":{"id":"14000US27171100704"}},{"arcs":[[-2724,3129,-3083,-682,3130,3131,-3124]],"type":"Polygon","properties":{"id":"14000US27171100804"}},{"arcs":[[3132,3133,3134,-3080,-3130,-2723,3135,3136]],"type":"Polygon","properties":{"id":"14000US27171100102"}},{"arcs":[[-3132,3137,-812,-2035,-2736,-3125]],"type":"Polygon","properties":{"id":"14000US27171100803"}},{"arcs":[[-3131,-681,-813,-3138]],"type":"Polygon","properties":{"id":"14000US27171100805"}},{"arcs":[[-2737,-2038,3138,-672]],"type":"Polygon","properties":{"id":"14000US27171101002"}},{"arcs":[[-2729,3139,-3136,-2722]],"type":"Polygon","properties":{"id":"14000US27171100206"}},{"arcs":[[3140,-3137,-3140,-2728]],"type":"Polygon","properties":{"id":"14000US27171100205"}},{"arcs":[[-3135,3141,3142,3143,-3081]],"type":"Polygon","properties":{"id":"14000US27171100101"}},{"arcs":[[3144,-2755,-1024,3145,3146,-355]],"type":"Polygon","properties":{"id":"14000US27173970100"}},{"arcs":[[-3146,-1023,3147,3148,-1230,-1238,3149]],"type":"Polygon","properties":{"id":"14000US27173970400"}},{"arcs":[[-350,-356,-3147,-3150,-1237,-3063,3150]],"type":"Polygon","properties":{"id":"14000US27173970300"}},{"arcs":[[-351,-3151,-3062,3151]],"type":"Polygon","properties":{"id":"14000US27173970200"}},{"arcs":[[3152,3153,3154,3155,-1637,-1096,-1089,-1080,3156]],"type":"Polygon","properties":{"id":"14000US27145011201"}},{"arcs":[[-2761,-2752,3157,-354]],"type":"Polygon","properties":{"id":"14000US27023950602"}},{"arcs":[[-2756,-3145,-3158]],"type":"Polygon","properties":{"id":"14000US27023950601"}},{"arcs":[[3158,-2891,-905,3159,3160,3161]],"type":"Polygon","properties":{"id":"14000US27053027203"}},{"arcs":[[-2892,-3159,3162,-2900]],"type":"Polygon","properties":{"id":"14000US27053027601"}},{"arcs":[[-2901,-3163,-3162,3163,-729]],"type":"Polygon","properties":{"id":"14000US27053027602"}},{"arcs":[[3164,3165,3166]],"type":"Polygon","properties":{"id":"14000US27137003700"}},{"arcs":[[-2508,-1397,3167,3168]],"type":"Polygon","properties":{"id":"14000US27137010100"}},{"arcs":[[3169,3170,3171,-16,-2123,-10]],"type":"Polygon","properties":{"id":"14000US27137001900"}},{"arcs":[[3172,3173,3174,3175]],"type":"Polygon","properties":{"id":"14000US27077460300"}},{"arcs":[[-698,-1132,-706,3176]],"type":"Polygon","properties":{"id":"14000US27119020200"}},{"arcs":[[3177,3178,-606,3179,3180]],"type":"Polygon","properties":{"id":"14000US27037060728"}},{"arcs":[[3181,3182,-2781,3183,-2276,3184]],"type":"Polygon","properties":{"id":"14000US27027030201"}},{"arcs":[[3185,3186,-3185,-2275,-1196,3187,3188]],"type":"Polygon","properties":{"id":"14000US27027030107"}},{"arcs":[[-2277,-3184,-2780,3189,-1947,-1916,-2395]],"type":"Polygon","properties":{"id":"14000US27027030202"}},{"arcs":[[3190,3191,3192,3193,-1491,3194]],"type":"Polygon","properties":{"id":"14000US27139080100"}},{"arcs":[[3195,3196,3197,-1486,3198,3199]],"type":"Polygon","properties":{"id":"14000US27139080903"}},{"arcs":[[3200,3201,-1494,-2413,3202]],"type":"Polygon","properties":{"id":"14000US27139080202"}},{"arcs":[[3203,3204,-1435,3205,3206,3207]],"type":"Polygon","properties":{"id":"14000US27139081200"}},{"arcs":[[3208,-1535,-1530,3209,-2418,-2421,3210,3211]],"type":"Polygon","properties":{"id":"14000US27139080700"}},{"arcs":[[3212,3213,-3195,-1490,-3202,-1512]],"type":"Polygon","properties":{"id":"14000US27139080201"}},{"arcs":[[3214,-1349,-1345,-2809,-3043]],"type":"Polygon","properties":{"id":"14000US27037060744"}},{"arcs":[[-635,-2775,3215,3216,-1365,3217]],"type":"Polygon","properties":{"id":"14000US27037060907"}},{"arcs":[[3218,-636,-3218,-1364,3219]],"type":"Polygon","properties":{"id":"14000US27037060906"}},{"arcs":[[-3217,3220,3221,-1366]],"type":"Polygon","properties":{"id":"14000US27037060904"}},{"arcs":[[-3099,-3097,3222,3223,-1323]],"type":"Polygon","properties":{"id":"14000US27037060828"}},{"arcs":[[-3060,-1246,-891,-920,3224,3225,3226,3227,3228,3229]],"type":"Polygon","properties":{"id":"14000US27117460100"}},{"arcs":[[-3227,3230,3231]],"type":"Polygon","properties":{"id":"14000US27117460200"}},{"arcs":[[-3225,-919,3232,3233]],"type":"Polygon","properties":{"id":"14000US27117460500"}},{"arcs":[[-3228,-3232,3234]],"type":"Polygon","properties":{"id":"14000US27117460300"}},{"arcs":[[-3229,-3235,-3231,-3226,-3234,3235,3236]],"type":"Polygon","properties":{"id":"14000US27117460400"}},{"arcs":[[3237,-384,3238,-303,-851]],"type":"Polygon","properties":{"id":"14000US27003051201"}},{"arcs":[[-389,3239,-304,-3239]],"type":"Polygon","properties":{"id":"14000US27003051202"}},{"arcs":[[-529,-535,3240,-380,-2957,-859,3241]],"type":"Polygon","properties":{"id":"14000US27003050709"}},{"arcs":[[3242,-1668,3243,-2139,-1962,3244,3245,-2640,3246,-1790]],"type":"Polygon","properties":{"id":"14000US27015960700"}},{"arcs":[[3247,-1008,3248,3249,-1787,-2140,-3244,-1669,-3243,-1789]],"type":"Polygon","properties":{"id":"14000US27015960400"}},{"arcs":[[-2144,3250,3251,-739,-2956,3252,3253,3254,-113]],"type":"Polygon","properties":{"id":"14000US27053026812"}},{"arcs":[[-2958,-385,-3238,-850,3255]],"type":"Polygon","properties":{"id":"14000US27053026815"}},{"arcs":[[-3253,-779,-856,3256,3257,3258]],"type":"Polygon","properties":{"id":"14000US27053026816"}},{"arcs":[[-3258,3259,-2160,3260]],"type":"Polygon","properties":{"id":"14000US27053026818"}},{"arcs":[[-3257,-855,-2174,-2161,-3260]],"type":"Polygon","properties":{"id":"14000US27053026819"}},{"arcs":[[-176,3261,3262,3263,3264]],"type":"Polygon","properties":{"id":"14000US27053026903"}},{"arcs":[[3265,3266,3267,3268,3269,3270,3271,3272]],"type":"Polygon","properties":{"id":"14000US27145011102"}},{"arcs":[[3273,-1946,3274,3275]],"type":"Polygon","properties":{"id":"14000US27145001003"}},{"arcs":[[3276,-2408,3277,3278,3279]],"type":"Polygon","properties":{"id":"14000US27145000502"}},{"arcs":[[3280,3281,3282,3283,-3074,3284]],"type":"Polygon","properties":{"id":"14000US27145000304"}},{"arcs":[[3285,3286,-2457,-1940,3287]],"type":"Polygon","properties":{"id":"14000US27145010103"}},{"arcs":[[3288,3289,-3276,3290,3291,3292]],"type":"Polygon","properties":{"id":"14000US27145001002"}},{"arcs":[[-3292,3293,3294,-3277,3295]],"type":"Polygon","properties":{"id":"14000US27145000501"}},{"arcs":[[-1432,3296,3297,3298,3299,-1511,3300,3301,3302,-1427]],"type":"Polygon","properties":{"id":"14000US27143170198"}},{"arcs":[[-2542,3303,3304,3305,-579,-365]],"type":"Polygon","properties":{"id":"14000US27003050711"}},{"arcs":[[3306,3307,-363,-381,-3241,-534]],"type":"Polygon","properties":{"id":"14000US27003050710"}},{"arcs":[[-1563,-1544,-1561,-1555,3308,-836,-2912,3309,-2415,-3210,-1529]],"type":"Polygon","properties":{"id":"14000US27019090702"}},{"arcs":[[3310,3311,-1711,3312,3313]],"type":"Polygon","properties":{"id":"14000US27141030105"}},{"arcs":[[3314,-3006,3315,3316,3317]],"type":"Polygon","properties":{"id":"14000US27141030409"}},{"arcs":[[-3313,-1710,3318,-2537,3319,-3002,3320,3321]],"type":"Polygon","properties":{"id":"14000US27141030106"}},{"arcs":[[-3320,-2540,-2095,3322,3323,-3143,3324,-3003]],"type":"Polygon","properties":{"id":"14000US27141030505"}},{"arcs":[[3325,3326,3327,3328,-2727,-1672,3329]],"type":"Polygon","properties":{"id":"14000US27141030407"}},{"arcs":[[-1712,-3312,3330]],"type":"Polygon","properties":{"id":"14000US27141030104"}},{"arcs":[[-1016,-1429,3331,3332,-1006]],"type":"Polygon","properties":{"id":"14000US27143170200"}},{"arcs":[[-3302,3333,3334,3335]],"type":"Polygon","properties":{"id":"14000US27143170400"}},{"arcs":[[-1428,-3303,-3336,3336,3337,-3332]],"type":"Polygon","properties":{"id":"14000US27143170300"}},{"arcs":[[3338,3339,-2848,-2835,3340,3341,3342]],"type":"Polygon","properties":{"id":"14000US27153790400"}},{"arcs":[[-1205,-1203,-1209,-2280,-1158,3343]],"type":"Polygon","properties":{"id":"14000US27027020300"}},{"arcs":[[3344,-2545,-169,-545,-1619,3345]],"type":"Polygon","properties":{"id":"14000US27003050216"}},{"arcs":[[3346,3347,3348,3349,-2087,3350]],"type":"Polygon","properties":{"id":"14000US27003050217"}},{"arcs":[[3351,-2091,-590,-2100,3352]],"type":"Polygon","properties":{"id":"14000US27003050219"}},{"arcs":[[-3240,-393,-2385,-1727,3353,-335,-305]],"type":"Polygon","properties":{"id":"14000US27003051203"}},{"arcs":[[3354,3355,3356,3357,3358,3359]],"type":"Polygon","properties":{"id":"14000US27013170400"}},{"arcs":[[-359,3360,3361,-2136,-173,3362,-2375,-2378,-375]],"type":"Polygon","properties":{"id":"14000US27003050829"}},{"arcs":[[-315,3363,3364,3365]],"type":"Polygon","properties":{"id":"14000US27003050827"}},{"arcs":[[3366,-2177,-531,-520,-587]],"type":"Polygon","properties":{"id":"14000US27003050611"}},{"arcs":[[-369,-374,-2612,-3363]],"type":"Polygon","properties":{"id":"14000US27003050828"}},{"arcs":[[-3350,3367,3368,-2088]],"type":"Polygon","properties":{"id":"14000US27003050238"}},{"arcs":[[-1621,3369,3370,3371,-3304]],"type":"Polygon","properties":{"id":"14000US27003050823"}},{"arcs":[[-3371,-543,-2135,-318,3372]],"type":"Polygon","properties":{"id":"14000US27003050824"}},{"arcs":[[-2178,-3367,-586]],"type":"Polygon","properties":{"id":"14000US27003050612"}},{"arcs":[[-1620,-544,-540,-3370]],"type":"Polygon","properties":{"id":"14000US27003050822"}},{"arcs":[[-3305,-3372,-3373,-317,3373]],"type":"Polygon","properties":{"id":"14000US27003050825"}},{"arcs":[[3374,-3353,-2099,-1611,3375,3376]],"type":"Polygon","properties":{"id":"14000US27003050240"}},{"arcs":[[-3349,3377,-1617,3378,-3368]],"type":"Polygon","properties":{"id":"14000US27003050239"}},{"arcs":[[-314,-320,-2137,-3362,3379,-3364]],"type":"Polygon","properties":{"id":"14000US27003050826"}},{"arcs":[[-2539,-2529,3380,-3377,3381,-2097]],"type":"Polygon","properties":{"id":"14000US27003050241"}},{"arcs":[[-3359,3382,3383]],"type":"Polygon","properties":{"id":"14000US27013170500"}},{"arcs":[[3384,3385,3386,-3355,3387,3388,3389]],"type":"Polygon","properties":{"id":"14000US27013170700"}},{"arcs":[[-2021,-2823,-2821,3390,-2013,-2023]],"type":"Polygon","properties":{"id":"14000US27045960600"}},{"arcs":[[-2324,-2679,-1988,-1279]],"type":"Polygon","properties":{"id":"14000US27163070912"}},{"arcs":[[3391,-1805,3392,-1137,3393,-1138,-2770,-1377,3394]],"type":"Polygon","properties":{"id":"14000US27163071400"}},{"arcs":[[3395,-2855,3396,3397,3398,3399]],"type":"Polygon","properties":{"id":"14000US27153790800"}},{"arcs":[[3400,3401,3402,-3339,3403,3404,3405]],"type":"Polygon","properties":{"id":"14000US27153790200"}},{"arcs":[[3406,3407,3408,-3400,3409,-3031,3410]],"type":"Polygon","properties":{"id":"14000US27153790700"}},{"arcs":[[3411,-3342,3412,-3408]],"type":"Polygon","properties":{"id":"14000US27153790600"}},{"arcs":[[3413,3414,-2849,-3340,-3403]],"type":"Polygon","properties":{"id":"14000US27153790100"}},{"arcs":[[3415,3416,-1388,-2776,-634,3417,3418]],"type":"Polygon","properties":{"id":"14000US27037060831"}},{"arcs":[[3419,-3404,-3343,-3412,-3407,3420]],"type":"Polygon","properties":{"id":"14000US27153790300"}},{"arcs":[[-3413,-3341,-2843,-2852,-3396,-3409]],"type":"Polygon","properties":{"id":"14000US27153790500"}},{"arcs":[[-3048,3421,3422,3423,-1502]],"type":"Polygon","properties":{"id":"14000US27037060834"}},{"arcs":[[-631,-1392,-626,3424,3425]],"type":"Polygon","properties":{"id":"14000US27037061112"}},{"arcs":[[-618,3426,-1382,3427]],"type":"Polygon","properties":{"id":"14000US27037061011"}},{"arcs":[[3428,-1389,-3417,3429]],"type":"Polygon","properties":{"id":"14000US27037060839"}},{"arcs":[[-3428,-1385,-3429,3430]],"type":"Polygon","properties":{"id":"14000US27037060838"}},{"arcs":[[-3180,-609,3431,-1958]],"type":"Polygon","properties":{"id":"14000US27037060751"}},{"arcs":[[-2878,-1077,3432,-3418,-637,-3219,3433]],"type":"Polygon","properties":{"id":"14000US27037060833"}},{"arcs":[[-2614,3434,-2984,-2986,-2977,-3007,-1717,-2376]],"type":"Polygon","properties":{"id":"14000US27123040801"}},{"arcs":[[3435,3436,3437,-327]],"type":"Polygon","properties":{"id":"14000US27025110501"}},{"arcs":[[3438,-2834,3439,-1302,-1299]],"type":"Polygon","properties":{"id":"14000US27053020801"}},{"arcs":[[-2789,-1658,-1654,-2202,3440,-1952,-3069]],"type":"Polygon","properties":{"id":"14000US27159480100"}},{"arcs":[[3441,3442,-3401,3443]],"type":"Polygon","properties":{"id":"14000US27159480300"}},{"arcs":[[-3441,-2201,3444,-3414,-3402,-3443,3445,-1953]],"type":"Polygon","properties":{"id":"14000US27159480200"}},{"arcs":[[-751,3446,-3120,3447,3448,3449,-2882]],"type":"Polygon","properties":{"id":"14000US27053023501"}},{"arcs":[[-2883,-3450,3450,-467,3451,3452]],"type":"Polygon","properties":{"id":"14000US27053023502"}},{"arcs":[[-3448,-3119,3453,-688,-1109,3454,3455]],"type":"Polygon","properties":{"id":"14000US27053023600"}},{"arcs":[[3456,-1906,-1902]],"type":"Polygon","properties":{"id":"14000US27105105600"}},{"arcs":[[-2200,3457,-2661,-2837,-2847,-3415,-3445]],"type":"Polygon","properties":{"id":"14000US27021960803"}},{"arcs":[[-2199,-3101,-2657,-3458]],"type":"Polygon","properties":{"id":"14000US27021960804"}},{"arcs":[[-1240,-1234,-1242]],"type":"Polygon","properties":{"id":"14000US27083360400"}},{"arcs":[[-211,-2389,3458,-190,-3078]],"type":"Polygon","properties":{"id":"14000US27035951200"}},{"arcs":[[-191,-3459,-2391,-202,-2628]],"type":"Polygon","properties":{"id":"14000US27035951100"}},{"arcs":[[-200,-208,-3092,-3091,3459,-2850,-2629]],"type":"Polygon","properties":{"id":"14000US27035951600"}},{"arcs":[[-945,-3103,-3112,-941,3460,-955,-1627,-1258]],"type":"Polygon","properties":{"id":"14000US27109002300"}},{"arcs":[[3461,-2352,-2571,-2319,-2584,-2582,-2554,-2579]],"type":"Polygon","properties":{"id":"14000US27123030202"}},{"arcs":[[-2355,-1996,-2010,-2000,3462]],"type":"Polygon","properties":{"id":"14000US27123042503"}},{"arcs":[[-2523,-2546,-3345,3463]],"type":"Polygon","properties":{"id":"14000US27003050234"}},{"arcs":[[-3250,3464,-1960,-2138,-1785]],"type":"Polygon","properties":{"id":"14000US27015960101"}},{"arcs":[[-372,-551,-554,-2599,3465,-2613]],"type":"Polygon","properties":{"id":"14000US27123040706"}},{"arcs":[[-3466,-2604,-2982,-3435]],"type":"Polygon","properties":{"id":"14000US27123040707"}},{"arcs":[[-3306,-3374,-321,3466,-580]],"type":"Polygon","properties":{"id":"14000US27003050702"}},{"arcs":[[-581,-3467,-312,3467,-3307,-533]],"type":"Polygon","properties":{"id":"14000US27003050704"}},{"arcs":[[3468,-3464,-3346,-1618,-3378,-3348]],"type":"Polygon","properties":{"id":"14000US27003050235"}},{"arcs":[[-53,3469,-32,-40,-47,3470]],"type":"Polygon","properties":{"id":"14000US27169670302"}},{"arcs":[[-33,-3470,-52]],"type":"Polygon","properties":{"id":"14000US27169670301"}},{"arcs":[[3471,3472,-45,-41,-936,3473]],"type":"Polygon","properties":{"id":"14000US27169670102"}},{"arcs":[[3474,-54,-3471,-46,-3473]],"type":"Polygon","properties":{"id":"14000US27169670101"}},{"arcs":[[3475,3476,-2812,-2815,-2822,-2019,-49]],"type":"Polygon","properties":{"id":"14000US27169670801"}},{"arcs":[[-38,-61,3477,-3476,-48]],"type":"Polygon","properties":{"id":"14000US27169670802"}},{"arcs":[[3478,3479,3480,3481,3482,3483,3484,-3269]],"type":"Polygon","properties":{"id":"14000US27145011305"}},{"arcs":[[-2356,-3463,-1999,3485,3486]],"type":"Polygon","properties":{"id":"14000US27123037403"}},{"arcs":[[3487,-2521,3488,-3347,-2527]],"type":"Polygon","properties":{"id":"14000US27003050115"}},{"arcs":[[3489,3490,3491]],"type":"Polygon","properties":{"id":"14000US27137012300"}},{"arcs":[[3492,-3491,3493,3494]],"type":"Polygon","properties":{"id":"14000US27137012500"}},{"arcs":[[3495,3496,3497]],"type":"Polygon","properties":{"id":"14000US27137012600"}},{"arcs":[[3498,3499,-1598,3500,3501]],"type":"Polygon","properties":{"id":"14000US27137013000"}},{"arcs":[[-3432,-608,3502,-1374,3503]],"type":"Polygon","properties":{"id":"14000US27037060732"}},{"arcs":[[-3388,-3360,-3384,3504,3505,3506,3507]],"type":"Polygon","properties":{"id":"14000US27013171202"}},{"arcs":[[3508,-3507,3509,3510]],"type":"Polygon","properties":{"id":"14000US27013171600"}},{"arcs":[[-3389,-3508,-3509,3511]],"type":"Polygon","properties":{"id":"14000US27013171101"}},{"arcs":[[-3316,-3005,3512,-3134,3513]],"type":"Polygon","properties":{"id":"14000US27141030503"}},{"arcs":[[3514,-2452,3515,3516,3517,-3283]],"type":"Polygon","properties":{"id":"14000US27141031500"}},{"arcs":[[3518,3519]],"type":"Polygon","properties":{"id":"14000US27039950500"}},{"arcs":[[3520,3521,3522]],"type":"Polygon","properties":{"id":"14000US27039950200"}},{"arcs":[[3523,-2433,3524,-3523,3525,3526,3527]],"type":"Polygon","properties":{"id":"14000US27039950300"}},{"arcs":[[-3526,-3522,3528,-3520,3529,-3109,-948,-244,3530]],"type":"Polygon","properties":{"id":"14000US27039950400"}},{"arcs":[[-2432,-2439,3531,-3110,-3530,-3519,-3529,-3521,-3525]],"type":"Polygon","properties":{"id":"14000US27039950100"}},{"arcs":[[3532,-2621,-3057]],"type":"Polygon","properties":{"id":"14000US27059130502"}},{"arcs":[[3533,-517,3534,3535,3536]],"type":"Polygon","properties":{"id":"14000US27047180600"}},{"arcs":[[3537,-3537,3538,3539]],"type":"Polygon","properties":{"id":"14000US27047180800"}},{"arcs":[[-3536,3540,-3539]],"type":"Polygon","properties":{"id":"14000US27047180900"}},{"arcs":[[3541,-3385,3542]],"type":"Polygon","properties":{"id":"14000US27103480600"}},{"arcs":[[3543,3544,3545,-2450,3546,-2460,3547]],"type":"Polygon","properties":{"id":"14000US27009020300"}},{"arcs":[[-2828,3548,-29,3549,3550,3551,-3545,3552]],"type":"Polygon","properties":{"id":"14000US27009020100"}},{"arcs":[[-2829,-3553,-3544,3553,-513]],"type":"Polygon","properties":{"id":"14000US27009020202"}},{"arcs":[[3554,3555,-2255,3556,-2590]],"type":"Polygon","properties":{"id":"14000US27007450400"}},{"arcs":[[-2333,-2975,-1979,-1987,-2565]],"type":"Polygon","properties":{"id":"14000US27123040200"}},{"arcs":[[-2610,3557,3558,3559]],"type":"Polygon","properties":{"id":"14000US27123041500"}},{"arcs":[[3560,3561,-2353,-3462,-2578,-742]],"type":"Polygon","properties":{"id":"14000US27123030100"}},{"arcs":[[-2115,-2301,-2305,-2294]],"type":"Polygon","properties":{"id":"14000US27123030601"}},{"arcs":[[-2303,-2321,-2595,-2586,-2317]],"type":"Polygon","properties":{"id":"14000US27123031300"}},{"arcs":[[-1757,3562,3563,3564,-2996,-2993]],"type":"Polygon","properties":{"id":"14000US27123034900"}},{"arcs":[[-3565,3565,-1681,3566,-2997]],"type":"Polygon","properties":{"id":"14000US27123036300"}},{"arcs":[[-2318,-2588,-2513,-2585]],"type":"Polygon","properties":{"id":"14000US27123032400"}},{"arcs":[[-1780,-1784,3567,-2381]],"type":"Polygon","properties":{"id":"14000US27123035500"}},{"arcs":[[-2120,-1276,3568,-2558,-2297]],"type":"Polygon","properties":{"id":"14000US27123030703"}},{"arcs":[[-3569,-1275,-2577,-2573,-2559]],"type":"Polygon","properties":{"id":"14000US27123030702"}},{"arcs":[[-1756,-1767,3569,3570,-3563]],"type":"Polygon","properties":{"id":"14000US27123035000"}},{"arcs":[[-2365,3571,-1698,3572]],"type":"Polygon","properties":{"id":"14000US27123035900"}},{"arcs":[[-3572,-2364,3573,-1701,-1699]],"type":"Polygon","properties":{"id":"14000US27123036000"}},{"arcs":[[-2362,3574,3575,-1335,3576,3577]],"type":"Polygon","properties":{"id":"14000US27123036100"}},{"arcs":[[-3568,-1783,-2371,-2366,-3573,-1697,3578,-2382]],"type":"Polygon","properties":{"id":"14000US27123035800"}},{"arcs":[[-2988,-2992,-2119,-2111,-2102]],"type":"Polygon","properties":{"id":"14000US27123042102"}},{"arcs":[[-530,-3242,-858,-522]],"type":"Polygon","properties":{"id":"14000US27003050606"}},{"arcs":[[-3365,-3380,-3361,-358,3579]],"type":"Polygon","properties":{"id":"14000US27003050810"}},{"arcs":[[3580,3581,-3479,-3268,3582]],"type":"Polygon","properties":{"id":"14000US27145010401"}},{"arcs":[[-3032,-3410,-3399,3583,3584,3585,3586]],"type":"Polygon","properties":{"id":"14000US27145011500"}},{"arcs":[[3587,-3281,3588]],"type":"Polygon","properties":{"id":"14000US27145000303"}},{"arcs":[[3589,3590,-1670,-3128,-1630,-3156]],"type":"Polygon","properties":{"id":"14000US27145011202"}},{"arcs":[[3591,-3482]],"type":"Polygon","properties":{"id":"14000US27145011307"}},{"arcs":[[-3484,3592,-3279,3593,-3154,3594]],"type":"Polygon","properties":{"id":"14000US27145011306"}},{"arcs":[[3595,-3293,-3296,-3280,-3593,-3483,-3592,-3481]],"type":"Polygon","properties":{"id":"14000US27145011308"}},{"arcs":[[-3356,-3387,3596]],"type":"Polygon","properties":{"id":"14000US27013170600"}},{"arcs":[[-1509,3597,-3207,3598,-1433,3599,3600,3601,3602]],"type":"Polygon","properties":{"id":"14000US27079950102"}},{"arcs":[[-3206,-1434,-3599]],"type":"Polygon","properties":{"id":"14000US27079950101"}},{"arcs":[[3603,3604,3605,3606,3607,3608,3609,-2645,-2641,-3246]],"type":"Polygon","properties":{"id":"14000US27013170900"}},{"arcs":[[3610,3611,3612,-2871,3613,3614]],"type":"Polygon","properties":{"id":"14000US27013170100"}},{"arcs":[[-3608,3615,-3510,-3506,3616,-3614,-2870,-2751,3617,3618,3619]],"type":"Polygon","properties":{"id":"14000US27013171300"}},{"arcs":[[-3610,3620,-3619,3621,-1168,-1411,-2646]],"type":"Polygon","properties":{"id":"14000US27013171500"}},{"arcs":[[-3620,-3621,-3609]],"type":"Polygon","properties":{"id":"14000US27013171000"}},{"arcs":[[3622,-3066,3623,-3357,-3597,-3386,-3542]],"type":"Polygon","properties":{"id":"14000US27013170300"}},{"arcs":[[3624,-3615,-3617,-3505,-3383,-3358,-3624,-3065,3625]],"type":"Polygon","properties":{"id":"14000US27013170200"}},{"arcs":[[-3618,-2874,-1180,-1169,-3622]],"type":"Polygon","properties":{"id":"14000US27013171400"}},{"arcs":[[-2888,3626,-2204,-2041]],"type":"Polygon","properties":{"id":"14000US27053026713"}},{"arcs":[[3627,-2213,-2971,-701,3628]],"type":"Polygon","properties":{"id":"14000US27125010100"}},{"arcs":[[-2220,-3628,3629,-285,-1130]],"type":"Polygon","properties":{"id":"14000US27125010200"}},{"arcs":[[-3440,-2833,3630,-1306,-1303]],"type":"Polygon","properties":{"id":"14000US27053020804"}},{"arcs":[[-3631,-2832,3631,3632,-1307]],"type":"Polygon","properties":{"id":"14000US27053020903"}},{"arcs":[[-1311,3633,-1295,-1296,3634,3635,3636]],"type":"Polygon","properties":{"id":"14000US27053021001"}},{"arcs":[[-3636,3637,3638,3639]],"type":"Polygon","properties":{"id":"14000US27053021002"}},{"arcs":[[-2831,-2665,-1285,-1293,3640,-3632]],"type":"Polygon","properties":{"id":"14000US27053021100"}},{"arcs":[[3641,3642,-1219,3643]],"type":"Polygon","properties":{"id":"14000US27053001100"}},{"arcs":[[-877,3644,-3254,-3259,-3261,-2163,-3439,-1298,-3627,-2887]],"type":"Polygon","properties":{"id":"14000US27053026807"}},{"arcs":[[3645,3646,3647,3648,-1287,-2664]],"type":"Polygon","properties":{"id":"14000US27053100200"}},{"arcs":[[3649,3650,3651,3652,3653,-3648]],"type":"Polygon","properties":{"id":"14000US27053100400"}},{"arcs":[[-309,-341,3654,-1223,3655,3656,-3651,3657]],"type":"Polygon","properties":{"id":"14000US27053100500"}},{"arcs":[[-3652,-3657,-1214,-2966,3658]],"type":"Polygon","properties":{"id":"14000US27053100900"}},{"arcs":[[-2466,3659,3660,3661,-959,-970]],"type":"Polygon","properties":{"id":"14000US27017070300"}},{"arcs":[[3662,-972,3663,3664,-963]],"type":"Polygon","properties":{"id":"14000US27017940000"}},{"arcs":[[-898,-2890]],"type":"Polygon","properties":{"id":"14000US27053027202"}},{"arcs":[[-3649,-3654,-2157,-1288]],"type":"Polygon","properties":{"id":"14000US27053000300"}},{"arcs":[[-340,3665,-2954,3666,3667,-3644,-1218,-3655]],"type":"Polygon","properties":{"id":"14000US27053000601"}},{"arcs":[[-2953,-1466,-93,3668,-3667]],"type":"Polygon","properties":{"id":"14000US27053000603"}},{"arcs":[[-3594,-3278,-2411,-3075,-3284,-3518,3669,-3590,-3155]],"type":"Polygon","properties":{"id":"14000US27145011400"}},{"arcs":[[-1222,-2047,-1215,-3656]],"type":"Polygon","properties":{"id":"14000US27053001700"}},{"arcs":[[-1216,-880,-2072]],"type":"Polygon","properties":{"id":"14000US27053002200"}},{"arcs":[[3670,3671,3672,-3072,-2409,-3295]],"type":"Polygon","properties":{"id":"14000US27145000601"}},{"arcs":[[-3275,-1945,3673,3674,-3671,-3294,-3291]],"type":"Polygon","properties":{"id":"14000US27145000701"}},{"arcs":[[-1944,-2454,3675,3676,-3674]],"type":"Polygon","properties":{"id":"14000US27145000801"}},{"arcs":[[-2853,-515,3677,3678,3679,-3289,-3596,-3480,-3582,3680]],"type":"Polygon","properties":{"id":"14000US27145010200"}},{"arcs":[[-2854,-3681,-3581,3681,3682]],"type":"Polygon","properties":{"id":"14000US27145010403"}},{"arcs":[[-3398,3683,-3584]],"type":"Polygon","properties":{"id":"14000US27145010600"}},{"arcs":[[-3485,-3595,-3153,3684,-3270]],"type":"Polygon","properties":{"id":"14000US27145011302"}},{"arcs":[[3685,3686,-3589,-3285,-3073,-3673]],"type":"Polygon","properties":{"id":"14000US27145000301"}},{"arcs":[[3687,3688,-3318,3689,-3328]],"type":"Polygon","properties":{"id":"14000US27141030406"}},{"arcs":[[3690,-3390,-3512,-3511,-3616,-3607]],"type":"Polygon","properties":{"id":"14000US27013170800"}},{"arcs":[[3691,3692,3693,3694,-1071,3695,-2747,3696]],"type":"Polygon","properties":{"id":"14000US27131070300"}},{"arcs":[[-1070,-1445,-1448,-1452,-1451,3697,-3694,3698,-2434,-3524,3699,-3696]],"type":"Polygon","properties":{"id":"14000US27131070400"}},{"arcs":[[-1441,-1443,-1439,-2769,3700,3701,3702,3703,-2766,-2404,-3699,-3693,3704]],"type":"Polygon","properties":{"id":"14000US27131070200"}},{"arcs":[[-1517,3705,3706,-1367,-3222,3707,-2773,-3039,-2764,-1496]],"type":"Polygon","properties":{"id":"14000US27037061501"}},{"arcs":[[3708,-1334,-1314,-1101,-276]],"type":"Polygon","properties":{"id":"14000US27037060201"}},{"arcs":[[3709,3710,-3326,3711]],"type":"Polygon","properties":{"id":"14000US27141030408"}},{"arcs":[[3712,3713,3714,-1713,-3331,-3311,3715]],"type":"Polygon","properties":{"id":"14000US27141030103"}},{"arcs":[[-3551,3716,-3716,-3314,3717,-3711,3718]],"type":"Polygon","properties":{"id":"14000US27141030201"}},{"arcs":[[-3690,-3317,-3514,-3133,-3141,-3329]],"type":"Polygon","properties":{"id":"14000US27141030410"}},{"arcs":[[3719,-3321,-3001,-3315,-3689]],"type":"Polygon","properties":{"id":"14000US27141030405"}},{"arcs":[[-3718,-3322,-3720,-3688,-3327]],"type":"Polygon","properties":{"id":"14000US27141030202"}},{"arcs":[[-3546,-3552,-3719,-3710,3720,-3516,-2451]],"type":"Polygon","properties":{"id":"14000US27141030301"}},{"arcs":[[-3004,-3325,-3142,-3513]],"type":"Polygon","properties":{"id":"14000US27141030506"}},{"arcs":[[-3517,-3721,-3712,-3330,-1671,-3591,-3670]],"type":"Polygon","properties":{"id":"14000US27141030302"}},{"arcs":[[-2094,-2098,-3382,-3376,-1614,3721,-3323]],"type":"Polygon","properties":{"id":"14000US27003050228"}},{"arcs":[[-2896,-2898,-106,3722,3723,-2055]],"type":"Polygon","properties":{"id":"14000US27053026605"}},{"arcs":[[-2056,-3724,3724,3725,-901]],"type":"Polygon","properties":{"id":"14000US27053026606"}},{"arcs":[[-109,-2149,-1591,-2287,3726]],"type":"Polygon","properties":{"id":"14000US27053026609"}},{"arcs":[[-3723,-110,-3727,-2286,3727,-3725]],"type":"Polygon","properties":{"id":"14000US27053026610"}},{"arcs":[[-116,-875,-874,-2886,-798,-769,3728]],"type":"Polygon","properties":{"id":"14000US27053026708"}},{"arcs":[[-3574,-2363,-3578,3729,-994,-1702]],"type":"Polygon","properties":{"id":"14000US27123037100"}},{"arcs":[[-3730,-3577,-3709,-275,-995]],"type":"Polygon","properties":{"id":"14000US27123037200"}},{"arcs":[[3730,3731,-2550,-2357,-3487,3732,3733]],"type":"Polygon","properties":{"id":"14000US27123037402"}},{"arcs":[[3734,-548]],"type":"Polygon","properties":{"id":"14000US27003050232"}},{"arcs":[[-3468,-316,-3366,-3580,-357,-3308]],"type":"Polygon","properties":{"id":"14000US27003050706"}},{"arcs":[[-2520,-2524,-3469,-3489]],"type":"Polygon","properties":{"id":"14000US27003050110"}},{"arcs":[[-3354,-1726,-2952,3735,-336]],"type":"Polygon","properties":{"id":"14000US27003051302"}},{"arcs":[[-337,-3736,-2951,-3666,-339]],"type":"Polygon","properties":{"id":"14000US27003051501"}},{"arcs":[[-361,-379,-387,-382]],"type":"Polygon","properties":{"id":"14000US27003051002"}},{"arcs":[[-582,-532,-527,-2176]],"type":"Polygon","properties":{"id":"14000US27003050602"}},{"arcs":[[-3369,-3379,-1616,-2541,-2089]],"type":"Polygon","properties":{"id":"14000US27003050222"}},{"arcs":[[-2528,-3351,-2086,-3352,-3375,-3381]],"type":"Polygon","properties":{"id":"14000US27003050218"}},{"arcs":[[3736,3737,3738,3739,-3602,3740,-3611,-3625,3741]],"type":"Polygon","properties":{"id":"14000US27079950600"}},{"arcs":[[3742,3743,-3697,-2746,-2868,-3613]],"type":"Polygon","properties":{"id":"14000US27079950400"}},{"arcs":[[-3334,-3301,-1510,-3603,-3740,3744]],"type":"Polygon","properties":{"id":"14000US27079950200"}},{"arcs":[[-3601,3745,-3743,-3612,-3741]],"type":"Polygon","properties":{"id":"14000US27079950500"}},{"arcs":[[-1442,-3705,-3692,-3744,-3746,-3600]],"type":"Polygon","properties":{"id":"14000US27079950300"}},{"arcs":[[3746,3747,3748,3749,3750,3751,3752,-1640,-2634]],"type":"Polygon","properties":{"id":"14000US27007450102"}},{"arcs":[[3753,3754]],"type":"Polygon","properties":{"id":"14000US27007450600"}},{"arcs":[[3755,3756]],"type":"Polygon","properties":{"id":"14000US27007450201"}},{"arcs":[[3757,3758,3759,3760,-3748]],"type":"Polygon","properties":{"id":"14000US27007450101"}},{"arcs":[[3761,-3757,3762,3763,3764,3765,-3754,3766,3767,-3759]],"type":"Polygon","properties":{"id":"14000US27007450202"}},{"arcs":[[-3768,3768,-3760]],"type":"Polygon","properties":{"id":"14000US27007450703"}},{"arcs":[[-3761,-3769,-3767,-3755,-3766,3769,-3749]],"type":"Polygon","properties":{"id":"14000US27007450704"}},{"arcs":[[-3764,3770,-3751,3771]],"type":"Polygon","properties":{"id":"14000US27007450705"}},{"arcs":[[-3765,-3772,-3750,-3770]],"type":"Polygon","properties":{"id":"14000US27007450706"}},{"arcs":[[3772,-2343,3773,-3734,3774,3775]],"type":"Polygon","properties":{"id":"14000US27123034601"}},{"arcs":[[3776,-3105,-3016,-1267,-3011,3777]],"type":"Polygon","properties":{"id":"14000US27109001403"}},{"arcs":[[-2438,3778,3779,-3778,-3012,-1624,-950,-3108,-3532]],"type":"Polygon","properties":{"id":"14000US27109001901"}},{"arcs":[[3780,-930,-3106,-3777,-3780]],"type":"Polygon","properties":{"id":"14000US27109001404"}},{"arcs":[[3781,3782,-3111,-926,-3781,-3779,-2437]],"type":"Polygon","properties":{"id":"14000US27109001902"}},{"arcs":[[-1570,-726,-2942]],"type":"Polygon","properties":{"id":"14000US27053105400"}},{"arcs":[[-464,-869,3783,3784,-2024,-2921,3785]],"type":"Polygon","properties":{"id":"14000US27053105500"}},{"arcs":[[3786,-2945,-2947,-2924,3787]],"type":"Polygon","properties":{"id":"14000US27053105700"}},{"arcs":[[-754,-894,-2052,3788,-69,3789]],"type":"Polygon","properties":{"id":"14000US27053106200"}},{"arcs":[[-568,-465,-3786,-2922,-658,-654,-570]],"type":"Polygon","properties":{"id":"14000US27053106500"}},{"arcs":[[-1745,-2569,3790,-3776,3791,-3575,-2361]],"type":"Polygon","properties":{"id":"14000US27123034400"}},{"arcs":[[-2568,-2344,-3773,-3791]],"type":"Polygon","properties":{"id":"14000US27123034500"}},{"arcs":[[-2348,-2576,3792,-3731,-3774]],"type":"Polygon","properties":{"id":"14000US27123034602"}},{"arcs":[[-3559,3793,-2570,3794]],"type":"Polygon","properties":{"id":"14000US27123041700"}},{"arcs":[[-2575,-2551,-3732,-3793]],"type":"Polygon","properties":{"id":"14000US27123034701"}},{"arcs":[[-3571,3795,-1678,-3566,-3564]],"type":"Polygon","properties":{"id":"14000US27123035100"}},{"arcs":[[-3775,-3733,-3486,-1998,-1319,-1333,-3576,-3792]],"type":"Polygon","properties":{"id":"14000US27123980000"}},{"arcs":[[-2998,-3567,-1680,-2564,-1686,-3009,3796]],"type":"Polygon","properties":{"id":"14000US27123037500"}},{"arcs":[[-2999,-3797,-3010,-2991,-2917,3797]],"type":"Polygon","properties":{"id":"14000US27123037601"}},{"arcs":[[-1730,-3008,-2979,3798,-1733,-90,-1465]],"type":"Polygon","properties":{"id":"14000US27123041302"}},{"arcs":[[-2978,-3560,3799,-1734,-3799]],"type":"Polygon","properties":{"id":"14000US27123041400"}},{"arcs":[[-2609,-2106,3800,-3558]],"type":"Polygon","properties":{"id":"14000US27123041601"}},{"arcs":[[-3801,-2105,-2110,-1607,-3794]],"type":"Polygon","properties":{"id":"14000US27123041602"}},{"arcs":[[-3800,-3795,-2350,-2547,-1735]],"type":"Polygon","properties":{"id":"14000US27123041800"}},{"arcs":[[-2479,3801,3802,3803,-2498,-2475]],"type":"Polygon","properties":{"id":"14000US27137010400"}},{"arcs":[[-1737,-2548,-2354,-3562,3804]],"type":"Polygon","properties":{"id":"14000US27123042001"}},{"arcs":[[-3494,-3490,3805,3806]],"type":"Polygon","properties":{"id":"14000US27137012400"}},{"arcs":[[-2495,-2493,-2503,3807,3808,3809,-3499,3810,3811,3812]],"type":"Polygon","properties":{"id":"14000US27137015200"}},{"arcs":[[-2478,-1482,3813,3814,3815,-3802]],"type":"Polygon","properties":{"id":"14000US27137010500"}},{"arcs":[[-3803,-3816,3816,3817,3818,3819,3820]],"type":"Polygon","properties":{"id":"14000US27137000100"}},{"arcs":[[-2488,-1474,-1478,-2470,-1604,3821]],"type":"Polygon","properties":{"id":"14000US27137014100"}},{"arcs":[[-2406,-20,-2126,-2133,3822,-2506]],"type":"Polygon","properties":{"id":"14000US27137002600"}},{"arcs":[[3823,3824,3825,-3171,3826]],"type":"Polygon","properties":{"id":"14000US27137001600"}},{"arcs":[[-3811,-3502,3827,-1666,-1,3828]],"type":"Polygon","properties":{"id":"14000US27137012800"}},{"arcs":[[3829,-3497,3830,-3806,-3492,-3493,3831]],"type":"Polygon","properties":{"id":"14000US27137012200"}},{"arcs":[[-2465,-2509,-3169,3832,-3167,3833,-3660]],"type":"Polygon","properties":{"id":"14000US27137010200"}},{"arcs":[[-3817,-3815,3834,3835]],"type":"Polygon","properties":{"id":"14000US27137000200"}},{"arcs":[[-2507,-3823,-2132,-1398,-1394]],"type":"Polygon","properties":{"id":"14000US27137003000"}},{"arcs":[[-2249,3836,-3832,-3495,-3807,-3831,-3496,3837,3838,3839,-1848,-2265,-1842]],"type":"Polygon","properties":{"id":"14000US27137012100"}},{"arcs":[[-3808,-2502,-2489,-3822,-1606,-2469,3840],[-1603]],"type":"Polygon","properties":{"id":"14000US27137013900"}},{"arcs":[[-1850,3841,-2448,-2467,-3663,-962,-145]],"type":"Polygon","properties":{"id":"14000US27137011200"}},{"arcs":[[-3168,-1396,-1400,-1372,3842,3843,-3165,-3833]],"type":"Polygon","properties":{"id":"14000US27137003600"}},{"arcs":[[-3820,3844,-2127,3845]],"type":"Polygon","properties":{"id":"14000US27137000500"}},{"arcs":[[-3834,-3166,-3844,3846,3847,-3661]],"type":"Polygon","properties":{"id":"14000US27137003800"}},{"arcs":[[3848,-1354,3849,-599,-620,3850,3851]],"type":"Polygon","properties":{"id":"14000US27037060711"}},{"arcs":[[-3840,3852,-7,-2486,-3842,-1849]],"type":"Polygon","properties":{"id":"14000US27137011300"}},{"arcs":[[-3841,-2468,-4,-1601,3853,-3809]],"type":"Polygon","properties":{"id":"14000US27137013600"}},{"arcs":[[-2274,-2258,-1852,-2272,-2270,-2243]],"type":"Polygon","properties":{"id":"14000US27061480801"}},{"arcs":[[-22,3854,-3085,-1056,-1040,3855,3856,3857,3858]],"type":"Polygon","properties":{"id":"14000US27065480100"}},{"arcs":[[-3858,3859,3860,-2615,-26,3861]],"type":"Polygon","properties":{"id":"14000US27065480200"}},{"arcs":[[-3857,3862,-3860]],"type":"Polygon","properties":{"id":"14000US27065480300"}},{"arcs":[[-3863,-3856,-1039,-1047,-1703,-2616,-3861]],"type":"Polygon","properties":{"id":"14000US27065480400"}},{"arcs":[[3863,3864,3865,3866]],"type":"Polygon","properties":{"id":"14000US27077460402"}},{"arcs":[[-3865,3867,-3176,3868,3869]],"type":"Polygon","properties":{"id":"14000US27077460401"}},{"arcs":[[3870,-979,3871,-1938,3872,-3178,3873]],"type":"Polygon","properties":{"id":"14000US27037060717"}},{"arcs":[[3874,3875,3876,-3852,3877,3878,-3193]],"type":"Polygon","properties":{"id":"14000US27037060710"}},{"arcs":[[-1353,-1357,-3044,-600,-3850]],"type":"Polygon","properties":{"id":"14000US27037060713"}},{"arcs":[[-980,-3871,-3049,-1337]],"type":"Polygon","properties":{"id":"14000US27037060726"}},{"arcs":[[-3050,-3874,-3181,-1957]],"type":"Polygon","properties":{"id":"14000US27037060727"}},{"arcs":[[3879,3880,3881,3882,-3036]],"type":"Polygon","properties":{"id":"14000US27041451000"}},{"arcs":[[-2911,3883,3884,-2419,-2416,-3310]],"type":"Polygon","properties":{"id":"14000US27139080400"}},{"arcs":[[-1709,3885,-2525,-2538,-3319]],"type":"Polygon","properties":{"id":"14000US27003050107"}},{"arcs":[[-3886,-3058,-2516,-3488,-2526]],"type":"Polygon","properties":{"id":"14000US27003050108"}},{"arcs":[[-1125,-1128,-564,-573,-578,-3121,-3447,-750]],"type":"Polygon","properties":{"id":"14000US27053023000"}},{"arcs":[[3886,-863,-2897,-2885,-2962]],"type":"Polygon","properties":{"id":"14000US27053023300"}},{"arcs":[[3887,3888,-3297,-1431]],"type":"Polygon","properties":{"id":"14000US27019091201"}},{"arcs":[[3889,-2170,3890,-1557,3891]],"type":"Polygon","properties":{"id":"14000US27019090501"}},{"arcs":[[-1524,-1548,3892,3893]],"type":"Polygon","properties":{"id":"14000US27019090302"}},{"arcs":[[3894,3895,3896,-1536,-3209,3897,3898,-3299]],"type":"Polygon","properties":{"id":"14000US27019091100"}},{"arcs":[[-2283,3899,-3452,-471,3900,3901,3902,3903]],"type":"Polygon","properties":{"id":"14000US27053026007"}},{"arcs":[[-2284,-3904,3904,3905]],"type":"Polygon","properties":{"id":"14000US27053026006"}},{"arcs":[[-1738,-3805,-3561,-2913]],"type":"Polygon","properties":{"id":"14000US27123042002"}},{"arcs":[[3906,3907,3908,3909,-3835,-3814,-2877,3910,-13,3911]],"type":"Polygon","properties":{"id":"14000US27137990100"}},{"arcs":[[-3804,-3821,-3846,-2131,3912,-2510,-2499]],"type":"Polygon","properties":{"id":"14000US27137000400"}},{"arcs":[[3913,-3812,-3829,-8,-3853,-3839]],"type":"Polygon","properties":{"id":"14000US27137012700"}},{"arcs":[[-3501,-1599,-3500,-3810,-3854,-1600,-1667,-3828]],"type":"Polygon","properties":{"id":"14000US27137013200"}},{"arcs":[[3914,-2496,-3813,-3914,-3838,-3498,-3830,-3837,-2248]],"type":"Polygon","properties":{"id":"14000US27137015100"}},{"arcs":[[-3818,-3836,-3910,3915]],"type":"Polygon","properties":{"id":"14000US27137000600"}},{"arcs":[[-2128,-3845,-3819,-3916,-3909,3916,3917]],"type":"Polygon","properties":{"id":"14000US27137000700"}},{"arcs":[[-3570,-1766,3918,-2563,-3796]],"type":"Polygon","properties":{"id":"14000US27123035200"}},{"arcs":[[-1765,-2557,-2384,3919,-1687,-1683,-3919]],"type":"Polygon","properties":{"id":"14000US27123035300"}},{"arcs":[[-2383,-3579,-1696,-1694,-1688,-3920]],"type":"Polygon","properties":{"id":"14000US27123035700"}},{"arcs":[[-3664,-971,-961,3920,3921]],"type":"Polygon","properties":{"id":"14000US27017070401"}},{"arcs":[[3922,-1048,-1031,-965]],"type":"Polygon","properties":{"id":"14000US27017070501"}},{"arcs":[[-3921,-960,-3662,-3848,3923,-1050,3924]],"type":"Polygon","properties":{"id":"14000US27017070402"}},{"arcs":[[-964,-3665,-3922,-3925,-1049,-3923]],"type":"Polygon","properties":{"id":"14000US27017070502"}},{"arcs":[[3925,-1896,-2203,-1641,-3753]],"type":"Polygon","properties":{"id":"14000US27007940002"}},{"arcs":[[-164,3926,-3555,-2589,-2210]],"type":"Polygon","properties":{"id":"14000US27007940001"}},{"arcs":[[-3883,3927,3928,3929,-3034,3930,3931,-3037]],"type":"Polygon","properties":{"id":"14000US27041450900"}},{"arcs":[[3932,3933,-3421,3934,-3880,-3035,-2535]],"type":"Polygon","properties":{"id":"14000US27041450100"}},{"arcs":[[-3881,-3935,-3411,-3030,3935,3936]],"type":"Polygon","properties":{"id":"14000US27041450500"}},{"arcs":[[-295,-1935,-3872,-978]],"type":"Polygon","properties":{"id":"14000US27037060606"}},{"arcs":[[-3194,3937,-1506,-1492]],"type":"Polygon","properties":{"id":"14000US27139080208"}},{"arcs":[[3938,-3898,-3212,3939,-3200,3940,-3204,3941,3942]],"type":"Polygon","properties":{"id":"14000US27139080802"}},{"arcs":[[-2910,-789,-3213,-1514,3943,3944,-3884]],"type":"Polygon","properties":{"id":"14000US27139080303"}},{"arcs":[[-3211,-2420,-3885,-3945,3945,3946,3947,-3196,-3940]],"type":"Polygon","properties":{"id":"14000US27139080305"}},{"arcs":[[-3899,-3939,3948,-3942,-3208,-3598,-1508,-3300]],"type":"Polygon","properties":{"id":"14000US27139081302"}},{"arcs":[[3949,-3947]],"type":"Polygon","properties":{"id":"14000US27139080306"}},{"arcs":[[-3944,-1513,-3201,3950,-3197,-3948,-3950,-3946]],"type":"Polygon","properties":{"id":"14000US27139080307"}},{"arcs":[[-3943,-3949]],"type":"Polygon","properties":{"id":"14000US27139080801"}},{"arcs":[[-3199,-1485,-1520,-2934,-1505,-1515,3951,-3941]],"type":"Polygon","properties":{"id":"14000US27139081001"}},{"arcs":[[-3952,-1518,-1498,-1436,-3205]],"type":"Polygon","properties":{"id":"14000US27139081101"}},{"arcs":[[-2618,-3055,3952,-3053,-2622,-3533,-3056]],"type":"Polygon","properties":{"id":"14000US27059130303"}},{"arcs":[[3953,-3827,-3170,-9,-2512]],"type":"Polygon","properties":{"id":"14000US27137001800"}},{"arcs":[[-149,-3086,-3855,-21,3954,-3088]],"type":"Polygon","properties":{"id":"14000US27001790501"}},{"arcs":[[-1854,-328,3955,3956,-1964,-2543]],"type":"Polygon","properties":{"id":"14000US27025110404"}},{"arcs":[[-3054,-3953]],"type":"Polygon","properties":{"id":"14000US27059130304"}},{"arcs":[[-3936,-3029,3957,3958,3959]],"type":"Polygon","properties":{"id":"14000US27041450601"}},{"arcs":[[3960,-3959,3961,3962,-3929]],"type":"Polygon","properties":{"id":"14000US27041450704"}},{"arcs":[[3963,-3027,-3930,-3963]],"type":"Polygon","properties":{"id":"14000US27041450703"}},{"arcs":[[-3962,-3958,-3028,-3964]],"type":"Polygon","properties":{"id":"14000US27041450602"}},{"arcs":[[-2972,-2638,-2637,-2794,3964]],"type":"Polygon","properties":{"id":"14000US27087940300"}},{"arcs":[[-703,-2973,-3965,-2793,3965]],"type":"Polygon","properties":{"id":"14000US27087940100"}},{"arcs":[[-2990,-296,-977,-2919]],"type":"Polygon","properties":{"id":"14000US27037060604"}},{"arcs":[[-3879,-1358,-3938]],"type":"Polygon","properties":{"id":"14000US27037060709"}},{"arcs":[[3966,-3917,-3908,3967]],"type":"Polygon","properties":{"id":"14000US27137001100"}},{"arcs":[[3968,3969,-3825,3970]],"type":"Polygon","properties":{"id":"14000US27137001200"}},{"arcs":[[3971,3972,3973,3974,-3969]],"type":"Polygon","properties":{"id":"14000US27137001300"}},{"arcs":[[3975,-3968,-3907,3976,-3974]],"type":"Polygon","properties":{"id":"14000US27137001400"}},{"arcs":[[-3826,-3970,-3975,-3977,-3912,-3172]],"type":"Polygon","properties":{"id":"14000US27137001700"}},{"arcs":[[-3449,-3456,3977,3978,-3451]],"type":"Polygon","properties":{"id":"14000US27053023700"}},{"arcs":[[-3978,-3455,3979,3980,3981]],"type":"Polygon","properties":{"id":"14000US27053023801"}},{"arcs":[[-1108,-1112,-1461,-62,-3980]],"type":"Polygon","properties":{"id":"14000US27053023802"}},{"arcs":[[-3979,-3982,3982,-3025,-468]],"type":"Polygon","properties":{"id":"14000US27053023901"}},{"arcs":[[-509,-2173,3983,-3875,-3192,3984,-760]],"type":"Polygon","properties":{"id":"14000US27053025805"}},{"arcs":[[-932,-1264,-1262,-1629,-956,-3461,-940,-952,-1626]],"type":"Polygon","properties":{"id":"14000US27109000903"}},{"arcs":[[-2168,3985,3986,-1559,3987]],"type":"Polygon","properties":{"id":"14000US27019090503"}},{"arcs":[[3988,-3182,-3187,3989]],"type":"Polygon","properties":{"id":"14000US27107960300"}},{"arcs":[[-287,3990,3991,-3990,-3186,3992]],"type":"Polygon","properties":{"id":"14000US27107960200"}},{"arcs":[[3993,-704,-3966,-2792,-2777,-3183,-3989,-3992]],"type":"Polygon","properties":{"id":"14000US27107960100"}},{"arcs":[[-2443,3994,3995,-3782,-2436,-2444]],"type":"Polygon","properties":{"id":"14000US27157490400"}},{"arcs":[[3996,3997,3998,3999,4000,-934,-3783,-3996]],"type":"Polygon","properties":{"id":"14000US27157490500"}},{"arcs":[[4001,4002]],"type":"Polygon","properties":{"id":"14000US27157490100"}},{"arcs":[[4003,-3999,4004,-4003,4005,-3474,-935,-4001]],"type":"Polygon","properties":{"id":"14000US27157490200"}},{"arcs":[[-4004,-4000]],"type":"Polygon","properties":{"id":"14000US27157490600"}},{"arcs":[[-2442,4006,-3997,-3995]],"type":"Polygon","properties":{"id":"14000US27157490300"}},{"arcs":[[-452,-2285,-3906,4007,-456]],"type":"Polygon","properties":{"id":"14000US27053026005"}},{"arcs":[[-1584,-864,-3887,-2961,-3023]],"type":"Polygon","properties":{"id":"14000US27053026101"}},{"arcs":[[-1579,-3024,-2059,-2067,-2166,-2152]],"type":"Polygon","properties":{"id":"14000US27053026201"}},{"arcs":[[4008,-2031,-431,-1120,4009]],"type":"Polygon","properties":{"id":"14000US27053110900"}},{"arcs":[[-3255,-3645,-876,-114]],"type":"Polygon","properties":{"id":"14000US27053026702"}},{"arcs":[[-2209,-2908,-822,-1587,-2148]],"type":"Polygon","properties":{"id":"14000US27053026505"}},{"arcs":[[-2051,-2970,4010,-2931,-642,-70,-3789]],"type":"Polygon","properties":{"id":"14000US27053107500"}},{"arcs":[[-4011,-2969,-2995,-650,-647,-2930]],"type":"Polygon","properties":{"id":"14000US27053107600"}},{"arcs":[[4011,-1073,-2767,-3704,4012,4013]],"type":"Polygon","properties":{"id":"14000US27131070501"}},{"arcs":[[4014,4015,4016,4017,-323,-331,-2625,4018]],"type":"Polygon","properties":{"id":"14000US27025110202"}},{"arcs":[[-1043,4019,-4015,4020]],"type":"Polygon","properties":{"id":"14000US27025110201"}},{"arcs":[[-3437,4021,4022]],"type":"Polygon","properties":{"id":"14000US27025110503"}},{"arcs":[[4023,4024,4025,-1965,-3957]],"type":"Polygon","properties":{"id":"14000US27025110403"}},{"arcs":[[-3956,-3438,-4023,4026,-4024]],"type":"Polygon","properties":{"id":"14000US27025110504"}},{"arcs":[[4027,4028,4029,4030]],"type":"Polygon","properties":{"id":"14000US27111961100"}},{"arcs":[[-3698,-1450,-1066,-3695]],"type":"Polygon","properties":{"id":"14000US27131070901"}},{"arcs":[[-4013,-3703,4031]],"type":"Polygon","properties":{"id":"14000US27131070503"}},{"arcs":[[-2768,-1074,-4012,4032,-3701]],"type":"Polygon","properties":{"id":"14000US27131070602"}},{"arcs":[[-4033,-4014,-4032,-3702]],"type":"Polygon","properties":{"id":"14000US27131070504"}},{"arcs":[[-632,-3426,4033,-624,-1145,4034,-2240,-2425,-3040,-2771]],"type":"Polygon","properties":{"id":"14000US27037061401"}},{"arcs":[[-2130,-3972,-3971,-3824,-3954,-2511,-3913]],"type":"Polygon","properties":{"id":"14000US27137000900"}},{"arcs":[[-2129,-3918,-3967,-3976,-3973]],"type":"Polygon","properties":{"id":"14000US27137001000"}},{"arcs":[[-2456,-2461,-3547,-2449,-1942]],"type":"Polygon","properties":{"id":"14000US27009021102"}},{"arcs":[[4035,-3548,-2459,-2458,-3287,4036]],"type":"Polygon","properties":{"id":"14000US27009020206"}},{"arcs":[[-514,-3554,-4036,4037,-3678]],"type":"Polygon","properties":{"id":"14000US27009020205"}},{"arcs":[[-3676,-2453,-3515,-3282,-3588,-3687,4038]],"type":"Polygon","properties":{"id":"14000US27145011600"}},{"arcs":[[4039,4040,-1336,4041,4042,4043]],"type":"Polygon","properties":{"id":"14000US27053025100"}},{"arcs":[[-503,-2156,4044,-4040,4045,4046]],"type":"Polygon","properties":{"id":"14000US27053025201"}},{"arcs":[[4047,-4046,-4044,4048,4049,4050]],"type":"Polygon","properties":{"id":"14000US27053025205"}},{"arcs":[[-1328,-1931,-1934,4051,4052,-1936]],"type":"Polygon","properties":{"id":"14000US27037060507"}},{"arcs":[[-3179,-3873,-1937,-4053,4053,-1375,-3503,-607]],"type":"Polygon","properties":{"id":"14000US27037060508"}},{"arcs":[[-1933,4054,-3395,-1376,-4054,-4052]],"type":"Polygon","properties":{"id":"14000US27037060509"}},{"arcs":[[-1907,-3457,-1901]],"type":"Polygon","properties":{"id":"14000US27105105400"}},{"arcs":[[-3951,-3203,-2412,-2935,-3198]],"type":"Polygon","properties":{"id":"14000US27139080905"}},{"arcs":[[-576,-686,-3454,-3118]],"type":"Polygon","properties":{"id":"14000US27053023100"}},{"arcs":[[-3160,-904,-2154,-2165,4055]],"type":"Polygon","properties":{"id":"14000US27053027501"}},{"arcs":[[-746,-780,-711]],"type":"Polygon","properties":{"id":"14000US27053103900"}},{"arcs":[[-2205,-1309,-2289,-2207]],"type":"Polygon","properties":{"id":"14000US27053026510"}},{"arcs":[[-457,4056,-775,-833,-3309,-1554]],"type":"Polygon","properties":{"id":"14000US27053026021"}},{"arcs":[[-3903,4057,-2902,4058]],"type":"Polygon","properties":{"id":"14000US27053026019"}},{"arcs":[[-2884,-3453,-3900,-2282,-2963]],"type":"Polygon","properties":{"id":"14000US27053026104"}},{"arcs":[[-3981,-67,-472,-3983]],"type":"Polygon","properties":{"id":"14000US27053024006"}},{"arcs":[[-3902,4059,-783,-2903,-4058]],"type":"Polygon","properties":{"id":"14000US27053026020"}},{"arcs":[[-240,-225,-232]],"type":"Polygon","properties":{"id":"14000US27099000600"}},{"arcs":[[-241,-230,-274,-216]],"type":"Polygon","properties":{"id":"14000US27099000300"}},{"arcs":[[4060,-3272,4061,-1093,-2697]],"type":"Polygon","properties":{"id":"14000US27145011000"}},{"arcs":[[-3586,4062,-3273,-4061,-2696,-2688,4063]],"type":"Polygon","properties":{"id":"14000US27145010900"}},{"arcs":[[-3675,-3677,-4039,-3686,-3672]],"type":"Polygon","properties":{"id":"14000US27145000602"}},{"arcs":[[-3682,-3583,-3267,4064]],"type":"Polygon","properties":{"id":"14000US27145010402"}},{"arcs":[[-3684,-3397,-3683,-4065,-3266,-4063,-3585]],"type":"Polygon","properties":{"id":"14000US27145010500"}},{"arcs":[[-3038,-3932,4065,4066,4067,-2686,4068,4069,-260,-265]],"type":"Polygon","properties":{"id":"14000US27121970300"}},{"arcs":[[4070,4071,-3033,-3587,-4064,-2687,-4068]],"type":"Polygon","properties":{"id":"14000US27121970100"}},{"arcs":[[-4071,-4067,4072]],"type":"Polygon","properties":{"id":"14000US27121970400"}},{"arcs":[[-3931,-4072,-4073,-4066]],"type":"Polygon","properties":{"id":"14000US27121970200"}},{"arcs":[[-3188,-1195,-1201,-1204,4073]],"type":"Polygon","properties":{"id":"14000US27027030106"}},{"arcs":[[-2936,-2937,-1831,-2009]],"type":"Polygon","properties":{"id":"14000US27163071014"}},{"arcs":[[4074,4075]],"type":"Polygon","properties":{"id":"14000US27163070801"}},{"arcs":[[-1966,-4026,-1973,-1812,-1969]],"type":"Polygon","properties":{"id":"14000US27163070105"}},{"arcs":[[-1796,-1814,-1976,4076,4077,-1149,-1970]],"type":"Polygon","properties":{"id":"14000US27163070206"}},{"arcs":[[-1981,-1153,-1825,-1816,4078,4079]],"type":"Polygon","properties":{"id":"14000US27163070405"}},{"arcs":[[4080,-4079,-1822,-1865,-1870,-1867,-2006,-1990,-2678]],"type":"Polygon","properties":{"id":"14000US27163070406"}},{"arcs":[[-2676,4081,4082,-4076,4083,-1819],[4084]],"type":"Polygon","properties":{"id":"14000US27163070703"}},{"arcs":[[-4075,-4083,4085,-1862,-1820,-4084]],"type":"Polygon","properties":{"id":"14000US27163070704"}},{"arcs":[[-4085]],"type":"Polygon","properties":{"id":"14000US27163070802"}},{"arcs":[[4086,-1982,-4080,-4081,-2677,-2322,-1273,-1064]],"type":"Polygon","properties":{"id":"14000US27163070906"}},{"arcs":[[-1269,-2562,-1983,-4087,-1063,-1060]],"type":"Polygon","properties":{"id":"14000US27163070907"}},{"arcs":[[4087,4088,4089,4090,-3541,-3535,-519,4091,4092,4093]],"type":"Polygon","properties":{"id":"14000US27047180700"}},{"arcs":[[-1182,-2873,4094,4095,4096,-4094,4097,-1164]],"type":"Polygon","properties":{"id":"14000US27047180200"}},{"arcs":[[-518,-3534,-3538,4098,-4092]],"type":"Polygon","properties":{"id":"14000US27047180400"}},{"arcs":[[4099,-270,-222,-273,4100,-4089]],"type":"Polygon","properties":{"id":"14000US27047181000"}},{"arcs":[[4101,-247,-228,-268,-4100,-4088,-4097]],"type":"Polygon","properties":{"id":"14000US27047180100"}},{"arcs":[[-4098,-4093,-4099,-3540,-4091,4102,-1184]],"type":"Polygon","properties":{"id":"14000US27047180300"}},{"arcs":[[-3882,-3937,-3960,-3961,-3928]],"type":"Polygon","properties":{"id":"14000US27041450702"}},{"arcs":[[-2811,-3100,-1322,-603]],"type":"Polygon","properties":{"id":"14000US27037060811"}},{"arcs":[[-3046,-2802,-2881,4103]],"type":"Polygon","properties":{"id":"14000US27037060814"}},{"arcs":[[-4104,-2880,4104,-3422,-3047]],"type":"Polygon","properties":{"id":"14000US27037060815"}},{"arcs":[[4105,-3405,-3420,-3934,4106,4107]],"type":"Polygon","properties":{"id":"14000US27111961500"}},{"arcs":[[4108,4109,4110,-4029,4111,4112,4113,-2533,-1920]],"type":"Polygon","properties":{"id":"14000US27111961700"}},{"arcs":[[4114,4115,4116,4117,4118]],"type":"Polygon","properties":{"id":"14000US27111961400"}},{"arcs":[[-4117,4119,-3444,-3406,-4106,4120]],"type":"Polygon","properties":{"id":"14000US27111961300"}},{"arcs":[[4121,-4107,-3933,-2534,-4114]],"type":"Polygon","properties":{"id":"14000US27111961600"}},{"arcs":[[4122,-3070,-1955,4123,4124,-1949]],"type":"Polygon","properties":{"id":"14000US27111960400"}},{"arcs":[[-4124,-1954,-3446,-3442,-4120,-4116,4125]],"type":"Polygon","properties":{"id":"14000US27111960600"}},{"arcs":[[4126,-4031,4127,-4110]],"type":"Polygon","properties":{"id":"14000US27111960900"}},{"arcs":[[4128,-4119,4129,-4112,-4028,-4127,-4109,-1919]],"type":"Polygon","properties":{"id":"14000US27111960800"}},{"arcs":[[-4030,-4111,-4128]],"type":"Polygon","properties":{"id":"14000US27111961000"}},{"arcs":[[-1950,-4125,-4126,-4115,-4129,-1918]],"type":"Polygon","properties":{"id":"14000US27111960700"}},{"arcs":[[-4130,-4118,-4121,-4108,-4122,-4113]],"type":"Polygon","properties":{"id":"14000US27111961200"}},{"arcs":[[-2943,-755,-3790,-68,-2964,-2948]],"type":"Polygon","properties":{"id":"14000US27053106000"}},{"arcs":[[-2779,-300,-2716,-3071,-4123,-1948,-3190]],"type":"Polygon","properties":{"id":"14000US27111960103"}},{"arcs":[[-3642,-3668,-3669,-92,-2077,4130]],"type":"Polygon","properties":{"id":"14000US27053101200"}},{"arcs":[[4131,4132,-1792,4133,4134,-915,-888]],"type":"Polygon","properties":{"id":"14000US27033270200"}},{"arcs":[[-1791,-3247,-2643,-2644,4135,4136,-4134]],"type":"Polygon","properties":{"id":"14000US27033270100"}},{"arcs":[[-4135,-4137,4137,-2857,-2863,-1897,-916]],"type":"Polygon","properties":{"id":"14000US27033270300"}},{"arcs":[[-4136,-2648,-2858,-4138]],"type":"Polygon","properties":{"id":"14000US27033270400"}},{"arcs":[[-251,-2915,4138,-1462]],"type":"Polygon","properties":{"id":"14000US27053012102"}},{"arcs":[[-1463,-4139,-2920,-982,-4041,-4045,-2155,-740,-437]],"type":"Polygon","properties":{"id":"14000US27053980000"}},{"arcs":[[-2960,4139,-844,-95,-853,-777]],"type":"Polygon","properties":{"id":"14000US27053026811"}},{"arcs":[[-3659,-2965,-2158,-3653]],"type":"Polygon","properties":{"id":"14000US27053100800"}},{"arcs":[[-65,-479,-484,4140,-473]],"type":"Polygon","properties":{"id":"14000US27053024004"}},{"arcs":[[-2231,-3116,4141,4142,4143,-3876,-3984,-2172,-507]],"type":"Polygon","properties":{"id":"14000US27053025801"}},{"arcs":[[-4008,-3905,-4059,-2905,-2909,-834,-773,-4057]],"type":"Polygon","properties":{"id":"14000US27053026015"}},{"arcs":[[-3726,-3728,-2288,-1575,-2151,-902]],"type":"Polygon","properties":{"id":"14000US27053027300"}},{"arcs":[[-3164,-3161,-4056,-2164,-3890,4144,-730]],"type":"Polygon","properties":{"id":"14000US27053027503"}},{"arcs":[[-2171,-665,-689,-661]],"type":"Polygon","properties":{"id":"14000US27053109200"}},{"arcs":[[-2926,-80,-405,-398,-2929]],"type":"Polygon","properties":{"id":"14000US27053007801"}},{"arcs":[[4145,-459,-1553,-1560,-3987]],"type":"Polygon","properties":{"id":"14000US27019090601"}},{"arcs":[[4146,4147,-910,-908,-909,-1469]],"type":"Polygon","properties":{"id":"14000US27031480102"}},{"arcs":[[-2045,-566,-1127,-1123,-2029,-556,4148]],"type":"Polygon","properties":{"id":"14000US27053022400"}},{"arcs":[[-2167,-2069,-454,-455,-4146,-3986]],"type":"Polygon","properties":{"id":"14000US27019090602"}},{"arcs":[[-3901,-470,-3026,-803,-2141,-784,-4060]],"type":"Polygon","properties":{"id":"14000US27053025905"}},{"arcs":[[-2142,-761,-3985,-3191,-3214,-788]],"type":"Polygon","properties":{"id":"14000US27053025907"}},{"arcs":[[-645,-649,-653,4149,-1105,-695]],"type":"Polygon","properties":{"id":"14000US27053110400"}},{"arcs":[[-4150,-652,-3000,-3798,-2916,-249,-1106]],"type":"Polygon","properties":{"id":"14000US27053110500"}},{"arcs":[[-691,-4010,-1116,4150]],"type":"Polygon","properties":{"id":"14000US27053110800"}},{"arcs":[[-614,-619,-3431,4151,-3095]],"type":"Polygon","properties":{"id":"14000US27037060841"}},{"arcs":[[4152,-1368,-3707,4153]],"type":"Polygon","properties":{"id":"14000US27037060836"}},{"arcs":[[-3424,4154,-4154,-3706,-1516,-1503]],"type":"Polygon","properties":{"id":"14000US27037060835"}},{"arcs":[[-3423,-4105,-2879,-3434,-3220,-4153,-4155]],"type":"Polygon","properties":{"id":"14000US27037060837"}},{"arcs":[[-3224,4155,-3419,-3433,-1076]],"type":"Polygon","properties":{"id":"14000US27037060830"}},{"arcs":[[-625,-4034,-3425]],"type":"Polygon","properties":{"id":"14000US27037061110"}},{"arcs":[[4156,-911,-4148]],"type":"Polygon","properties":{"id":"14000US27031480101"}},{"arcs":[[-4151,-1113,-423,-692]],"type":"Polygon","properties":{"id":"14000US27053010700"}},{"arcs":[[4157,4158,4159,-1914,-1912,4160]],"type":"Polygon","properties":{"id":"14000US27133570300"}},{"arcs":[[-4159,4161]],"type":"Polygon","properties":{"id":"14000US27133570200"}},{"arcs":[[-3236,-3233,-923,-1913,-4160,-4162,-4158,4162]],"type":"Polygon","properties":{"id":"14000US27133570100"}},{"arcs":[[4163,4164,-460,-567,-561,-2044]],"type":"Polygon","properties":{"id":"14000US27053022000"}},{"arcs":[[-3082,-3144,-3324,-3722,-1613,-177,-3265,4165,-111,-3729,-768,-814,-791]],"type":"Polygon","properties":{"id":"14000US27053026910"}},{"arcs":[[-407,-411,-2033,4166,-663]],"type":"Polygon","properties":{"id":"14000US27053109400"}},{"arcs":[[-2959,-3256,-845,-4140]],"type":"Polygon","properties":{"id":"14000US27053026814"}},{"arcs":[[-2159,-2967,-2074,-1225,-1290]],"type":"Polygon","properties":{"id":"14000US27053101300"}},{"arcs":[[-1220,-3643,-4131,-2076,-2147]],"type":"Polygon","properties":{"id":"14000US27053101900"}},{"arcs":[[-2669,4167,-3646,-2663]],"type":"Polygon","properties":{"id":"14000US27053000101"}},{"arcs":[[4168,-4051,4169,-3114]],"type":"Polygon","properties":{"id":"14000US27053025403"}},{"arcs":[[-2668,-310,-3658,-3650,-3647,-4168]],"type":"Polygon","properties":{"id":"14000US27053000102"}},{"arcs":[[-684,-1541,-1539,-1526,-3888,-1430,-1424]],"type":"Polygon","properties":{"id":"14000US27019090200"}},{"arcs":[[-1547,-1522,-732,4170,-3896,-3893]],"type":"Polygon","properties":{"id":"14000US27019090401"}},{"arcs":[[-731,-4145,-3892,-1562,-1552,-1532,-3897,-4171]],"type":"Polygon","properties":{"id":"14000US27019090402"}},{"arcs":[[-2169,-3988,-1558,-3891]],"type":"Polygon","properties":{"id":"14000US27019090502"}},{"arcs":[[-3889,-1525,-3894,-3895,-3298]],"type":"Polygon","properties":{"id":"14000US27019091202"}},{"arcs":[[4171,4172,4173,4174,4175,4176]],"type":"Polygon","properties":{"id":"14000US27147960400"}},{"arcs":[[-2749,4177,-4177,4178,-3527,4179,-4095,-2872]],"type":"Polygon","properties":{"id":"14000US27147960500"}},{"arcs":[[4180,4181,4182]],"type":"Polygon","properties":{"id":"14000US27147960700"}},{"arcs":[[4183,4184,-4173]],"type":"Polygon","properties":{"id":"14000US27147960300"}},{"arcs":[[-3531,-243,-4102,-4096,-4180]],"type":"Polygon","properties":{"id":"14000US27147960800"}},{"arcs":[[4185,-4183,4186,-4175]],"type":"Polygon","properties":{"id":"14000US27147960600"}},{"arcs":[[-3700,-3528,-4179,-4176,-4187,-4182,4187,-4184,-4172,-4178,-2748]],"type":"Polygon","properties":{"id":"14000US27147960100"}},{"arcs":[[-4188,-4181,-4186,-4174,-4185]],"type":"Polygon","properties":{"id":"14000US27147960200"}},{"arcs":[[-3630,-3629,-705,-3994,-3991,-286]],"type":"Polygon","properties":{"id":"14000US27119020800"}},{"arcs":[[-1959,-3504,-1373,-611,-1341,-975]],"type":"Polygon","properties":{"id":"14000US27037060731"}},{"arcs":[[4188,4189,4190,4191,4192,-180]],"type":"Polygon","properties":{"id":"14000US27135970200"}},{"arcs":[[4193,4194,-4191]],"type":"Polygon","properties":{"id":"14000US27135970300"}},{"arcs":[[-4195,4195,-3866,-3870,4196,-162,4197,-4192]],"type":"Polygon","properties":{"id":"14000US27135970400"}},{"arcs":[[-4193,-4198,-161,-130,-181]],"type":"Polygon","properties":{"id":"14000US27135970500"}},{"arcs":[[4198,-3867,-4196,-4194,-4190]],"type":"Polygon","properties":{"id":"14000US27135970100"}},{"arcs":[[-1046,-1044,-4021,-4019,-2624,-3052,-1704]],"type":"Polygon","properties":{"id":"14000US27025110100"}},{"arcs":[[-597,-593,-589,4199,-3262,-175]],"type":"Polygon","properties":{"id":"14000US27003050501"}},{"arcs":[[-4038,-4037,-3286,4200,-3679]],"type":"Polygon","properties":{"id":"14000US27145010101"}},{"arcs":[[-3271,-3685,-3157,-1079,-4062]],"type":"Polygon","properties":{"id":"14000US27145011101"}},{"arcs":[[-4201,-3288,-1939,-3274,-3290,-3680]],"type":"Polygon","properties":{"id":"14000US27145010104"}},{"arcs":[[-1312,-3637,-3640,4201,4202,-819]],"type":"Polygon","properties":{"id":"14000US27053021505"}},{"arcs":[[-4203,4203,4204,-1588,-820]],"type":"Polygon","properties":{"id":"14000US27053021601"}},{"arcs":[[-4202,-3639,4205,4206,4207,-4204]],"type":"Polygon","properties":{"id":"14000US27053021602"}},{"arcs":[[-3638,-3635,-1297,-1228,-2146,-2941,4208,-4206]],"type":"Polygon","properties":{"id":"14000US27053021700"}},{"arcs":[[-4209,-2940,-1569,-461,-4165,4209,-4207]],"type":"Polygon","properties":{"id":"14000US27053021800"}},{"arcs":[[-4205,-4208,-4210,-4164,-2043,4210,4211,-1589]],"type":"Polygon","properties":{"id":"14000US27053021900"}},{"arcs":[[-4211,-2046,-4149,4212]],"type":"Polygon","properties":{"id":"14000US27053022102"}},{"arcs":[[-1590,-4212,-4213,-555,-841,-838,-1581]],"type":"Polygon","properties":{"id":"14000US27053022200"}},{"arcs":[[-1572,-2946,-3787,4213,4214]],"type":"Polygon","properties":{"id":"14000US27053105204"}},{"arcs":[[-868,-1573,-4215,4215,-3784]],"type":"Polygon","properties":{"id":"14000US27053105201"}},{"arcs":[[4216,-1793,-4133,4217]],"type":"Polygon","properties":{"id":"14000US27127750600"}},{"arcs":[[4218,4219,4220]],"type":"Polygon","properties":{"id":"14000US27127750300"}},{"arcs":[[-1022,-1002,4221,-4221,4222,-4217,4223,-3148]],"type":"Polygon","properties":{"id":"14000US27127750400"}},{"arcs":[[-1001,4224,-4219,-4222]],"type":"Polygon","properties":{"id":"14000US27127750200"}},{"arcs":[[-3149,-4224,-4218,-4132,-887,-1245,-1249,-1243,-1231]],"type":"Polygon","properties":{"id":"14000US27127750500"}},{"arcs":[[-4220,-4225,-1000,-1009,-3248,-1788,-4223]],"type":"Polygon","properties":{"id":"14000US27127750100"}},{"arcs":[[4225,-4049,-4043,4226,-4143]],"type":"Polygon","properties":{"id":"14000US27053025301"}},{"arcs":[[-3115,-4170,-4050,-4226,-4142]],"type":"Polygon","properties":{"id":"14000US27053025302"}},{"arcs":[[-494,-504,-4047,-4048,-4169,-3113]],"type":"Polygon","properties":{"id":"14000US27053025401"}},{"arcs":[[4227,4228,-4017]],"type":"Polygon","properties":{"id":"14000US27025110700"}},{"arcs":[[-3738,4229,4230]],"type":"Polygon","properties":{"id":"14000US27103480300"}},{"arcs":[[4231,-482,-3117,-2229]],"type":"Polygon","properties":{"id":"14000US27053025601"}},{"arcs":[[-4141,-483,-4232,-2228,-2224]],"type":"Polygon","properties":{"id":"14000US27053025603"}},{"arcs":[[-4022,-3436,-326,-4018,-4229,4232,-1974,-4025,-4027]],"type":"Polygon","properties":{"id":"14000US27025110600"}},{"arcs":[[-84,4233,-87,4234,-2485,4235]],"type":"Polygon","properties":{"id":"14000US27071790300"}},{"arcs":[[-3337,-3335,-3745,-3739,-4231,4236,-3742,-3626,-3068,4237,-3605,4238]],"type":"Polygon","properties":{"id":"14000US27103480200"}},{"arcs":[[-3067,-3623,-3543,-3691,-3606,-4238]],"type":"Polygon","properties":{"id":"14000US27103480501"}},{"arcs":[[-1007,-3333,-3338,-4239,-3604,-3245,-1961,-3465,-3249]],"type":"Polygon","properties":{"id":"14000US27103480100"}},{"arcs":[[-4230,-3737,-4237]],"type":"Polygon","properties":{"id":"14000US27103480400"}},{"arcs":[[4239,-85,-4236,-2484,-2497,-3915,-2247,-2268,-2252,4240,-3174]],"type":"Polygon","properties":{"id":"14000US27071790500"}},{"arcs":[[-88,-4234,-83]],"type":"Polygon","properties":{"id":"14000US27071790100"}},{"arcs":[[-3216,-2774,-3708,-3221]],"type":"Polygon","properties":{"id":"14000US27037060905"}},{"arcs":[[-266,-262,4241,-2757,-343,-1595]],"type":"Polygon","properties":{"id":"14000US27151960400"}},{"arcs":[[-261,-4070,4242,-2758,-4242],[4243]],"type":"Polygon","properties":{"id":"14000US27151960300"}},{"arcs":[[-4069,-2692,-2700,-2759,-4243]],"type":"Polygon","properties":{"id":"14000US27151960100"}},{"arcs":[[-4244]],"type":"Polygon","properties":{"id":"14000US27151960200"}},{"arcs":[[-4144,-4227,-4042,-1340,4244,-3041,-1355,-1351,-3849,-3877]],"type":"Polygon","properties":{"id":"14000US27037060748"}},{"arcs":[[-2933,-3051,-1346,-985]],"type":"Polygon","properties":{"id":"14000US27037060750"}},{"arcs":[[4245,-987,-1350,-3215]],"type":"Polygon","properties":{"id":"14000US27037060743"}},{"arcs":[[-3878,-3851,-622,-2804,4246,-1359]],"type":"Polygon","properties":{"id":"14000US27037060745"}},{"arcs":[[-4247,-2803,-3045,-1360]],"type":"Polygon","properties":{"id":"14000US27037060746"}},{"arcs":[[-3427,4247,-1380,-1386,-1383]],"type":"Polygon","properties":{"id":"14000US27037061008"}},{"arcs":[[-4078,4248,-2672,-2670,-1150]],"type":"Polygon","properties":{"id":"14000US27163070404"}},{"arcs":[[-3096,-4152,-3430,-3416,-4156,-3223]],"type":"Polygon","properties":{"id":"14000US27037060829"}},{"arcs":[[-617,-1381,-4248]],"type":"Polygon","properties":{"id":"14000US27037061009"}},{"arcs":[[-988,-4246,-3042,-4245]],"type":"Polygon","properties":{"id":"14000US27037060747"}},{"arcs":[[-2889,-2039,-895,-828,-799]],"type":"Polygon","properties":{"id":"14000US27053026711"}},{"arcs":[[-4200,-588,-524,-857,-735,4249,4250,-3263]],"type":"Polygon","properties":{"id":"14000US27053026906"}},{"arcs":[[-3264,-4251,4251,-3251,-2143,-4166]],"type":"Polygon","properties":{"id":"14000US27053026907"}},{"arcs":[[-4250,-3252,-4252]],"type":"Polygon","properties":{"id":"14000US27053026908"}},{"arcs":[[-3139,-2037,-2058,-2894,-2899,-673]],"type":"Polygon","properties":{"id":"14000US27053027002"}},{"arcs":[[-4197,-3869,-3175,-4241,-2251,-3556,-3927,-163]],"type":"Polygon","properties":{"id":"14000US27007450500"}},{"arcs":[[-2254,-3926,-3752,-3771,-3763,-3756,-3762,-3758,-3747,-2591,-3557]],"type":"Polygon","properties":{"id":"14000US27007450300"}},{"arcs":[[4252,-24,-3549,-2827]],"type":"Polygon","properties":{"id":"14000US27095170500"}},{"arcs":[[-28,-2620,-1714,-3715,4253,-3713,-3717,-3550]],"type":"Polygon","properties":{"id":"14000US27095170600"}},{"arcs":[[-3714,-4254]],"type":"Polygon","properties":{"id":"14000US27095170700"}},{"arcs":[[4254,-3089,-3955,-23,-3859,-3862,-25,-4253,-2826]],"type":"Polygon","properties":{"id":"14000US27095970300"}},{"arcs":[[-3090,-4255,-2825,-2851,-3460]],"type":"Polygon","properties":{"id":"14000US27095970200"}},{"arcs":[[-4167,-2032,-4009,-690]],"type":"Polygon","properties":{"id":"14000US27053110000"}},{"arcs":[[-3785,-4216,-4214,-3788,-2950,-2025]],"type":"Polygon","properties":{"id":"14000US27053105600"}},{"arcs":[[-3633,-3641,-3634,-1310]],"type":"Polygon","properties":{"id":"14000US27053020902"}},{"arcs":[[-537,-2544,-1810,-1972,-2974,-2981,-552,-549,-3735,-547]],"type":"Polygon","properties":{"id":"14000US27003050230"}},{"arcs":[[-1828,-1836,-1139,-3394,-1136,4255,-1803]],"type":"Polygon","properties":{"id":"14000US27163071207"}},{"arcs":[[-1804,-4256,-1135,-3393]],"type":"Polygon","properties":{"id":"14000US27163071208"}},{"arcs":[[-1932,-1929,-2002,-1829,-1806,-3392,-4055]],"type":"Polygon","properties":{"id":"14000US27163071300"}}]}}}