{"type":"Topology","arcs":[[[19360,23466],[160,-31]],[[19520,23435],[-14,-45]],[[19506,23390],[-18,-57],[25,-80],[0,-46]],[[19513,23207],[-24,-6]],[[19489,23201],[-116,-39]],[[19373,23162],[-1,70],[-49,0]],[[19323,23232],[33,89],[4,145]],[[19506,23390],[81,1],[28,-12]],[[19615,23379],[-11,-197]],[[19604,23182],[-91,25]],[[19282,22925],[118,-62],[50,0]],[[19450,22863],[23,-33],[2,-117],[-11,-57],[-25,-54]],[[19439,22602],[-152,-3]],[[19287,22599],[-2,194]],[[19285,22793],[-3,132]],[[19133,22783],[109,-2],[43,12]],[[19287,22599],[-151,-1]],[[19136,22598],[-3,185]],[[17656,23971],[147,10]],[[17803,23981],[7,-16],[72,-90],[32,-29]],[[17914,23846],[171,-147],[47,-51],[17,-43]],[[18149,23605],[2,-145]],[[18151,23460],[-122,-78],[-44,-10],[-129,-17],[-26,9],[-47,42],[-29,11]],[[17754,23417],[-4,21],[-68,130],[7,38],[23,31]],[[17712,23637],[-17,51],[9,105],[-20,52],[-19,15],[10,31],[-45,48]],[[17630,23939],[26,32]],[[17555,24282],[102,-2]],[[17657,24280],[-19,-37],[-1,-64],[-9,-60],[46,1],[-19,-68],[1,-81]],[[17630,23939],[-44,32]],[[17586,23971],[2,68],[-54,114],[4,56],[17,73]],[[17469,23872],[7,21],[65,85],[9,35],[36,-42]],[[17712,23637],[-72,42],[-301,-3],[79,104],[34,32],[17,60]],[[17472,24446],[63,-79],[19,-50],[1,-35]],[[17469,23872],[-77,145],[-40,45],[-58,22]],[[17294,24084],[-7,32],[47,41],[17,71],[35,70],[55,80],[31,68]],[[17933,24187],[-3,-27],[23,-72],[-9,-22],[19,-62]],[[17963,24004],[-14,-21]],[[17949,23983],[-36,-82],[1,-55]],[[17803,23981],[-9,109],[-2,113],[-14,45],[-1,60]],[[17777,24308],[55,19],[39,-34],[58,-78],[4,-28]],[[13155,34747],[0,20],[64,0],[-4,65],[-28,36],[44,41],[0,101]],[[13231,35010],[51,9],[28,-36],[77,-137],[54,-36]],[[13441,34810],[2,-56],[21,-69]],[[13464,34685],[-101,-56],[-26,18]],[[13337,34647],[-46,23],[-61,-23]],[[13230,34647],[-5,43],[-32,19],[-38,1],[0,37]],[[17801,24835],[37,-62],[40,-113],[38,-62],[76,-69],[47,-50],[44,-63],[61,-109]],[[18144,24307],[0,-62]],[[18144,24245],[-43,-28],[-125,-10],[-43,-20]],[[17777,24308],[-115,-7],[-5,-21]],[[17472,24446],[32,90],[58,94],[65,148],[52,-47],[18,2],[100,77],[4,25]],[[24910,13724],[125,-19],[144,-32]],[[25179,13673],[71,-61],[38,-18],[-6,-341]],[[25282,13253],[-45,42],[-34,11],[-15,27],[-76,72],[-50,29],[-28,65],[-44,20],[-66,60],[2,51],[-16,94]],[[25282,13253],[31,-71],[-17,-64],[16,-52]],[[25312,13066],[-91,112],[-56,58],[-114,93],[-205,118],[-74,60],[-76,99]],[[24696,13606],[-2,28],[51,68],[25,16],[4,32],[136,-26]],[[25767,12601],[13,12],[41,-17],[38,30],[25,39],[20,4],[63,67],[46,-1],[79,19],[15,-22],[58,9],[43,-33],[32,13],[44,-12],[8,24],[35,-10],[52,1],[3,16],[58,4],[34,66],[38,15],[72,90],[4,44],[32,42],[49,25],[-14,18],[69,29],[35,30],[47,83],[23,21],[46,11],[21,23]],[[26896,13241],[2,-169],[7,-194],[1,-151]],[[26906,12727],[-5,-375],[-4,-20],[1,-211]],[[26898,12121],[-2,-146],[5,-141]],[[26901,11834],[1,-11],[-449,6]],[[26453,11829],[-3,1]],[[26450,11830],[-151,142],[-41,34],[-448,323],[-48,42],[-47,63],[-61,125]],[[25654,12559],[47,26],[30,-27],[26,10],[10,33]],[[14380,34644],[28,0],[72,40]],[[14480,34684],[14,-24],[36,-15]],[[14530,34645],[-32,-67]],[[14498,34578],[-100,-69],[-27,-29]],[[14371,34480],[10,32],[-1,132]],[[14663,34699],[73,41]],[[14736,34740],[13,7]],[[14749,34747],[45,-50],[-21,-30]],[[14773,34667],[-99,-49],[-25,-24]],[[14649,34594],[18,31],[-4,74]],[[14463,33574],[23,32],[36,24],[-8,27],[30,37],[43,31],[29,57],[0,31],[46,32]],[[14662,33845],[13,-6]],[[14675,33839],[-6,-26],[6,-73],[-5,-187]],[[14670,33553],[-91,-49]],[[14579,33504],[-7,15],[-54,39],[-55,16]],[[14846,34272],[11,28],[50,51],[18,69]],[[14925,34420],[39,18],[55,39]],[[15019,34477],[45,-27],[40,-38],[5,-54]],[[15109,34358],[-53,-65],[-41,-39],[10,-92],[-29,-45]],[[14996,34117],[-36,-50],[-58,9],[-27,33],[-45,-11]],[[14830,34098],[-20,61],[-1,31],[37,82]],[[15260,35965],[90,-22],[69,24],[90,9],[19,-18],[77,5]],[[15605,35963],[9,-25],[-7,-70],[-53,-21],[-62,31],[-37,-48]],[[15455,35830],[-65,18],[-58,-14],[-26,42],[-62,1],[-11,-21]],[[15233,35856],[-22,33],[49,76]],[[17949,23983],[141,0],[57,-7]],[[18147,23976],[2,-371]],[[16258,26529],[49,-1],[580,7],[265,1]],[[17152,26536],[34,-77],[75,-192],[114,-261],[48,-151],[27,-130],[27,-65],[60,-105],[12,-35],[20,-144],[65,-163]],[[17634,25213],[-80,-82],[-19,-7],[-168,-1],[-60,-5],[-51,-13],[-186,9],[-220,60],[-186,2],[-46,13],[-47,-2],[-41,-26],[-153,-9]],[[16377,25152],[-1,154],[-18,73],[5,38],[19,20],[68,1],[0,187],[-338,-3],[-53,-12],[-56,56],[-37,-9],[-13,30],[-34,30],[19,23],[66,42],[18,36],[35,33],[68,117],[33,35],[32,129],[21,30],[12,62],[39,89],[-16,29],[-13,85],[26,49],[-1,53]],[[17634,25213],[22,-64],[50,-185],[24,-46],[71,-83]],[[17294,24084],[-107,41],[-30,19],[-166,134],[-30,14],[-159,-1],[-79,18]],[[16723,24309],[-48,31],[-37,43],[-42,119],[-34,42],[-135,57],[-144,26],[-28,15],[-104,98]],[[16151,24740],[1,76],[-20,43],[-32,10],[-14,82],[19,53],[38,39],[43,-2],[21,43],[57,15],[113,53]],[[17634,25213],[41,21],[66,59],[85,45],[137,0],[59,-19],[61,-8],[56,7]],[[18139,25318],[3,-628]],[[18142,24690],[-1,-260],[2,-109]],[[18143,24321],[1,-14]],[[18134,26540],[2,-606]],[[18136,25934],[3,-616]],[[17152,26536],[217,1],[79,4],[452,7],[234,-8]],[[17963,24004],[49,28],[29,4],[37,93],[51,18],[16,23]],[[18145,24170],[2,-194]],[[18144,24245],[1,-75]],[[11944,34303],[32,-6],[13,52],[22,32],[55,50],[-34,21],[21,26],[11,61],[-22,17],[31,42],[-18,26],[29,40],[67,-8],[62,70],[36,2],[59,41],[19,43],[70,-77],[45,-19],[-49,-36],[86,-29],[44,9],[20,-96],[37,50],[24,-49],[41,16],[28,43],[33,-47],[69,0],[10,28],[38,-20],[19,17]],[[12842,34602],[-17,-46],[65,-68],[41,-80],[70,7]],[[13001,34415],[-1,-43],[-55,1],[-92,34],[-48,-15],[-22,-69],[18,-26],[-27,-19],[-11,-65],[-36,-17],[-21,-51]],[[12706,34145],[-39,-61],[-93,-12],[-41,12],[-19,-27],[-37,8],[-35,50],[-32,29],[-38,-2],[-27,-17],[-15,26],[-34,-31],[-54,-1],[3,38]],[[12245,34157],[-34,26],[-7,47],[-47,6],[-15,35],[-31,-28],[46,-42],[-21,-43],[-74,92],[-16,0],[2,-64],[-24,-14],[-43,27],[-8,59],[-47,-15],[-31,-40]],[[11895,34203],[-9,49],[58,51]],[[13558,33943],[81,114],[103,106]],[[13742,34163],[55,-90],[-3,-35],[-20,-23]],[[13774,34015],[-128,-143]],[[13646,33872],[-22,46],[-50,30],[-16,-5]],[[14310,33925],[55,70],[-4,61]],[[14361,34056],[45,16],[9,25],[56,21],[48,53],[53,26]],[[14572,34197],[61,38]],[[14633,34235],[-23,-67],[47,-25]],[[14657,34143],[1,-14]],[[14658,34129],[-32,-91],[40,-112],[17,-74]],[[14683,33852],[-8,-13]],[[14662,33845],[-17,9]],[[14645,33854],[-21,26],[-19,63],[-57,59],[-25,38],[-79,-27],[-128,-100]],[[14316,33913],[-6,12]],[[13912,34860],[6,9],[90,-6],[20,41]],[[14028,34904],[72,-9]],[[14100,34895],[-15,-11]],[[14085,34884],[-114,-71]],[[13971,34813],[-53,-35]],[[13918,34778],[-41,29],[35,53]],[[14693,37165],[66,19],[64,62],[32,-3],[17,21],[98,-4],[29,-23],[57,6],[10,-35],[52,-19],[16,-25],[-14,-45],[48,9],[35,-21]],[[15203,37107],[53,-1],[7,68],[80,-19],[30,-18],[88,39],[13,-50],[-31,-34],[25,-29],[104,-5],[-6,-48],[36,16],[39,-84],[3,-24],[-44,-30],[17,-39],[37,21],[55,-19],[16,-38]],[[15725,36813],[-34,-92]],[[15691,36721],[-22,-7],[-97,-114],[-76,-61],[-36,1],[-43,-37],[-12,-34],[-32,-16],[-31,-59]],[[15342,36394],[-25,-24],[-74,9],[-19,49],[-126,32]],[[15098,36460],[-27,-21],[-53,67],[-12,31],[-86,65],[-30,5],[-46,59]],[[14844,36666],[-15,27],[8,43],[-6,63],[-32,1],[10,45],[27,9],[-9,33],[-23,23],[16,51],[-52,44],[11,29],[-8,39],[-40,2],[4,36],[-16,41],[-26,13]],[[16134,35358],[75,-10],[62,-22],[34,28],[32,53],[51,55],[37,17],[32,-10]],[[16457,35469],[72,-43],[79,8],[33,-18]],[[16641,35416],[-61,-115],[2,-39]],[[16582,35262],[-16,-9],[-45,46],[-70,-16],[-55,41],[-31,-4],[19,-58],[-12,-46],[-35,0],[-37,-56],[-46,29],[-13,27],[-31,-32],[35,-34],[-23,-55],[9,-28],[-64,-32],[-85,-101],[-1,-88],[-29,-7],[-26,27]],[[16026,34866],[1,31],[-32,52],[-44,19],[-26,32]],[[15925,35000],[-56,41],[-30,51],[-36,-1]],[[15803,35091],[-92,-26],[-87,29]],[[15624,35094],[26,51],[-3,35],[46,39],[16,40],[26,12],[87,-18],[35,14],[51,55],[100,70],[38,4],[32,-41],[56,3]],[[15220,34922],[74,54],[79,81]],[[15373,35057],[137,12]],[[15510,35069],[57,-4]],[[15567,35065],[-14,-27],[-69,-59],[-123,-86],[-34,-52],[-6,-42],[-59,-7]],[[15262,34792],[-1,43]],[[15261,34835],[-1,70],[-40,17]],[[15462,35150],[26,5],[53,73],[31,31],[34,63]],[[15606,35322],[52,98]],[[15658,35420],[49,41],[11,40],[72,105],[30,26]],[[15820,35632],[40,10],[80,49],[96,98]],[[16036,35789],[-4,-30],[35,-59]],[[16067,35700],[81,-174],[3,-66],[-17,-102]],[[15624,35094],[-57,-29]],[[15510,35069],[-30,24],[-18,57]],[[12330,36029],[4,25],[58,109],[28,22],[45,2],[68,-30],[26,-1],[35,22]],[[12594,36178],[9,10],[27,93],[21,35],[88,39],[45,38],[-23,16],[-52,6],[-29,18],[44,88],[26,25],[34,-9],[31,-35],[60,-88],[27,13],[30,55],[-75,113],[22,17],[41,-27],[18,10],[10,107],[-47,50],[-67,31],[-4,25],[21,24],[39,-3],[37,-29],[28,16],[19,46],[65,9]],[[13039,36871],[13,-51],[26,-37],[69,-59],[44,-66],[25,-87],[11,-118]],[[13227,36453],[-59,-229],[-9,-59],[5,-87],[40,-104],[39,-39],[196,-155],[31,-31],[76,-97],[21,-19]],[[13567,35633],[-49,29],[-93,13],[-28,23],[-149,30],[-44,31],[-88,-6],[-144,-60],[-50,42],[-13,109]],[[12909,35844],[13,22],[-19,38],[4,31],[-61,-18],[-14,68],[-71,43],[-15,-26],[-33,17],[-34,-17],[-66,-3],[14,49],[-60,-1],[-39,-45],[-46,47],[-46,-4],[-24,29],[-57,-48],[-25,3]],[[15803,35091],[-43,-35],[-122,-121],[-234,-187],[-101,-64],[-44,-41]],[[15259,34643],[-1,30],[-42,-5]],[[15216,34668],[16,94],[30,30]],[[14530,34645],[61,68]],[[14591,34713],[16,-27],[56,13]],[[14649,34594],[-65,-47],[-81,-35],[-19,1]],[[14484,34513],[14,65]],[[13567,35633],[49,-20]],[[13616,35613],[-48,-51],[-44,-18],[-31,-31],[-20,-41],[42,-29],[41,3],[27,-36],[38,-12],[23,-87],[3,-56],[-17,-20]],[[13630,35235],[-34,7],[-40,-28],[-30,37],[-31,-1],[-42,19],[-10,-49],[-50,10],[-38,62],[-116,16],[2,21],[32,60],[-51,32],[-43,6],[-26,-31],[-21,41],[-43,15],[-13,39],[16,36],[-33,31],[-19,-44],[-50,-36],[-42,-45]],[[12948,35433],[-67,22],[0,-30],[-38,2],[39,81],[-69,16],[-22,40],[-2,36],[-28,39],[19,29],[-59,-5],[12,73],[33,22],[-23,25],[26,49],[57,-32],[19,2],[28,50],[36,-8]],[[12948,35433],[5,-38],[26,-64],[46,-88],[38,-38],[25,-60],[44,-11],[19,-21],[-2,-31],[24,-44],[58,-28]],[[13155,34747],[-115,3],[-35,27],[-93,-107],[-27,-14],[-43,-54]],[[11944,34303],[6,38],[-40,56],[-32,-18],[-29,-39],[-27,32],[-9,41],[-38,-34],[-15,10],[18,46],[32,25],[5,53],[-37,14],[-34,-23],[-31,5],[11,32],[49,15],[-61,51],[29,66],[-22,3],[-91,-42],[-25,59],[-50,8],[-14,-28]],[[11539,34673],[6,70],[57,4],[7,44],[50,65],[-1,56],[15,11],[37,77],[13,45],[76,44],[36,40],[19,57],[1,67],[-39,71],[-4,26],[-30,29],[0,51],[-19,85],[-52,5],[-2,68],[19,13],[39,-8],[47,23],[42,-48],[-6,-194],[18,-24],[127,32],[11,15],[-72,136],[-32,43],[22,41],[54,38],[149,-30],[62,-44],[23,-44],[22,-3],[38,64],[69,73],[77,40],[7,39],[-45,44],[-8,80],[-45,27],[-61,19],[-17,17],[43,42],[38,50]],[[14863,35946],[-7,41],[13,52],[-1,60],[10,32],[38,50],[50,33],[51,90],[59,42],[22,27],[0,87]],[[15342,36394],[33,-36],[23,-50],[47,-18]],[[15445,36290],[-22,-31]],[[15423,36259],[-47,-72],[-44,-125],[-72,-97]],[[15233,35856],[-83,-33],[-121,-101],[-1,-28],[-33,-22]],[[14995,35672],[-41,0],[-36,-21],[-27,14],[-34,-4],[-36,-34]],[[14821,35627],[-4,2]],[[14817,35629],[-20,38],[3,27],[29,64],[84,109],[-9,42],[-41,37]],[[15725,36813],[82,8],[30,-13],[74,15],[75,-39],[35,2]],[[16021,36786],[32,-10],[21,-33],[53,-26],[91,-10],[19,-18],[6,-53]],[[16243,36636],[-5,-13]],[[16238,36623],[-68,-22],[-85,26],[-13,66],[-60,-19],[-45,-73],[-52,-43]],[[15915,36558],[-14,2],[-82,57],[-54,15],[6,-56]],[[15771,36576],[-18,25],[-59,43],[30,61],[-33,16]],[[15771,36576],[-20,-92],[17,-47]],[[15768,36437],[-65,-7],[-40,-16],[-52,29],[-21,35],[-81,-114],[-64,-74]],[[13039,36871],[35,5],[68,77],[8,46],[-41,50],[23,26],[49,-23],[52,-53],[37,-59],[58,-39],[44,9],[0,42],[-64,43],[-19,36],[17,31],[54,50],[18,50],[32,-5],[26,-58],[38,9],[-7,65],[10,40],[44,5],[27,-13],[89,-14],[43,10],[12,29],[-3,45]],[[13689,37275],[44,50],[42,-18],[59,-7],[24,-19],[42,-7],[41,-23],[44,-111],[8,-39],[-31,-53],[10,-43],[58,-74],[3,-28],[50,-36],[38,-16],[-24,-45],[1,-69],[-9,-40],[5,-64]],[[14094,36633],[2,-82],[15,-67],[-18,-103],[6,-62],[29,-50],[20,-77],[7,-100]],[[14155,36092],[-32,1],[-73,-24],[-40,-38],[-42,-1],[-63,34],[-49,15],[-79,6],[-36,-49],[11,-54],[-27,1],[-64,-19]],[[13661,35964],[-33,9],[-43,64],[-57,38],[-32,7],[-52,30],[-14,66],[-59,63],[60,23],[-21,59],[-23,30],[-8,43],[-48,-17],[-41,-44],[-17,31],[49,48],[-23,48],[34,36],[-85,47],[-12,-22],[22,-53],[-31,-17]],[[13380,33974],[48,24]],[[13428,33998],[72,-54]],[[13500,33944],[-24,-23],[-93,-136]],[[13383,33785],[-13,-18],[-78,52]],[[13292,33819],[73,118],[15,37]],[[16250,47686],[150,-1]],[[16400,47685],[35,-65]],[[16435,47620],[-125,0],[62,-83]],[[16372,47537],[-123,-1]],[[16249,47536],[-5,51],[-59,100]],[[16185,47687],[65,-1]],[[16582,47816],[99,-3],[40,-9]],[[16721,47804],[-54,-122]],[[16667,47682],[-52,-105]],[[16615,47577],[-101,19],[-27,-6]],[[16487,47590],[-1,66],[22,43],[74,117]],[[14175,31785],[142,18],[176,-7]],[[14493,31796],[-16,-35]],[[14477,31761],[-5,-68],[21,-47]],[[14493,31646],[-1,-54],[12,-39]],[[14504,31553],[-123,-20],[-85,1],[-43,52],[-64,-8]],[[14189,31578],[-7,87],[-17,69],[10,51]],[[14053,33132],[52,15]],[[14105,33147],[71,33],[69,56],[127,139],[79,60],[128,69]],[[14579,33504],[13,-24],[-36,-33],[26,-25],[-54,-34],[18,-30],[12,-54]],[[14558,33304],[-97,1],[-3,-297],[-75,1]],[[14383,33009],[-277,6]],[[14106,33015],[3,42],[-47,52],[-9,23]],[[16615,47577],[78,-2],[11,-44]],[[16704,47531],[8,-23],[9,-133]],[[16721,47375],[-65,3]],[[16656,47378],[-102,3]],[[16554,47381],[-24,37],[-14,96],[-29,76]],[[347,21376],[59,-14],[82,-57],[40,-21],[-18,-39],[52,-84],[-11,-61],[25,-32],[46,7],[29,20],[67,-36],[52,50],[38,-12],[35,44],[42,-27],[25,20],[73,-28],[2,-34],[42,-8],[88,-63],[45,9],[31,-15],[50,57],[41,4],[58,-7],[6,-16],[64,18],[5,-39],[33,6],[7,-44],[49,-29],[-4,-21],[43,-14],[100,-65],[52,-2],[44,-21],[54,28],[40,-30],[71,19],[42,68],[51,5],[49,35],[76,-12],[6,19],[39,12],[9,51],[34,39],[62,13],[56,-10],[45,41],[24,-27],[30,-1],[19,-25],[72,41],[30,-15],[13,24],[32,-26],[29,26],[45,5],[25,30],[41,4],[82,21],[24,-28],[57,66],[6,20],[43,31],[23,35],[60,10],[42,24],[46,-23],[0,-35],[25,-17],[109,-6],[22,-34],[-9,-19],[42,-17],[29,2],[83,-55],[-8,-27],[88,-63],[21,3],[39,-23],[54,16],[39,-11],[17,-37],[-18,-34],[47,-10],[11,-22],[46,0],[23,15],[29,-33],[29,36],[23,-23],[66,15],[65,-39],[29,-71]],[[4017,20803],[-40,-87],[-33,-12],[-34,12],[-60,0],[-28,-26],[-7,-30],[-26,-191],[-16,-41],[-50,-92],[-17,-68],[12,-31],[45,-55],[18,-96],[-9,-20],[-89,-52],[-50,-52],[-56,-92],[-33,-16],[-66,57],[-59,37],[-59,3],[-39,-13],[-160,-122],[-29,-31],[-8,-41],[43,-103],[-6,-104],[-26,-108],[-3,-40],[34,-110],[84,-97],[79,-39],[21,2],[16,37],[-29,56],[18,50],[49,-30],[25,-60],[90,-85]],[[3519,19113],[61,-68],[-5,-18],[-63,-30],[-15,-36],[8,-55],[45,-88],[-7,-32],[-66,-53],[-24,4],[-44,76],[-31,26],[-63,13],[-69,-45],[-149,-107],[-11,-13],[48,-101],[19,-6],[35,24],[41,12],[36,-23],[51,-78],[47,-96],[27,-13],[109,89],[70,66],[50,-28],[55,-60],[5,-51],[-37,-33],[-75,31],[-51,0],[-29,-15],[-62,-86],[-40,-28],[-90,-17],[-56,6],[-71,-32],[-33,-5],[-56,9],[-53,-22],[-20,-75],[-27,-139],[-49,-137],[-14,-69],[-33,-46],[-74,-29],[-44,-50]],[[2765,17685],[-78,8],[-36,-18],[-59,-2],[-48,38],[-39,2],[-54,64],[-30,51],[-17,49],[-26,37],[-20,69],[-48,84],[-15,56],[-27,67],[-3,58],[-24,47],[2,25],[28,47],[43,31],[-4,45],[-38,52],[-51,38],[-12,34],[-59,80],[-56,23],[-26,78],[-61,130],[-41,56],[-53,104],[-33,125],[-13,77],[-33,46],[-30,65],[-7,104],[-20,70],[-55,-50],[-22,-31],[-39,9],[-67,109],[-45,16],[-62,45],[-37,-1],[-101,-97],[-68,-5],[12,137],[-7,30],[-3,112],[-12,52],[-48,76],[-56,-11],[-125,-5],[-58,15],[-37,36],[-5,63],[-57,-25],[-41,-6],[-34,-19],[-39,-1],[-54,26],[-76,3],[-16,10],[-51,80],[-86,58],[-4,84],[-43,66],[-22,-5],[-24,40],[10,35],[-15,45],[0,61],[-25,64],[-12,72],[-34,35],[-41,83]],[[278,20731],[69,645]],[[2765,17685],[-17,-47],[-8,-72],[-94,-165],[-59,-37]],[[2587,17364],[-23,33],[2,40],[-93,-27],[-12,-40],[-26,-27],[-72,10],[-17,-36],[-46,36],[1,33],[-34,31],[-21,-24],[-42,0],[-1,-40],[-31,-25],[-41,30],[-109,9],[-43,21],[-40,36],[-61,26],[-28,-34],[-37,0],[-31,23],[-43,3],[-59,30],[-64,-36],[-56,-69],[-30,9],[-4,24],[-52,10],[-50,-15],[-12,41],[-43,-36],[-122,-34],[-62,108],[-246,176],[-31,56],[-78,47],[-25,-17],[-54,11],[-28,-16],[-15,49],[-33,0],[-45,-61],[-77,-60],[-34,23],[-15,-44],[-43,-14],[-35,-50],[-18,-6],[0,-44],[-22,-54],[-40,-40],[2,-17],[-43,-26],[-71,-21],[2,-30],[-67,-39],[-28,-42],[-35,-7],[-13,50],[-62,46]],[[31,17344],[-12,327],[-12,200],[-7,244],[15,167],[43,408],[58,526],[37,364],[17,145],[52,477],[56,529]],[[2587,17364],[-13,-30],[4,-40],[52,-120],[68,-114],[13,-31],[19,-159],[40,-77],[91,-98],[49,-43],[38,-14],[47,22],[39,39],[57,38],[88,18],[63,-17],[102,-241],[3,-185],[6,-49],[35,-162]],[[3388,16101],[-323,-6],[-486,-1],[-657,-1],[-568,-1],[-481,-3],[-212,1],[-64,-3],[-238,2],[-282,-2]],[[77,16087],[-4,78],[-2,174],[-29,638],[-11,367]],[[16206,33176],[158,27],[78,3],[162,-9],[133,-16],[58,-2],[260,23]],[[17055,33202],[-10,-39],[-52,-45],[-38,-55],[-1,-22]],[[16954,33041],[-35,-96],[0,-47],[-17,-67],[8,-87]],[[16910,32744],[-12,16],[-56,-19],[-14,-25],[-65,-32],[-46,17],[-42,-53],[-48,28],[-8,-36],[-48,-8],[-60,-31],[10,-36],[-16,-22],[16,-40],[-51,-51],[-129,81]],[[16341,32533],[-39,74],[9,40],[30,22],[14,38],[-13,27],[-46,44],[1,45],[35,44],[-6,59],[-45,83],[-35,37],[-10,44],[-29,31],[-1,55]],[[14504,31553],[18,-38],[31,-127],[1,-32],[-19,-104],[-5,-125]],[[14530,31127],[-63,10],[-71,-20],[-173,9]],[[14223,31126],[-29,68],[-11,139],[4,44],[-20,60],[22,141]],[[14493,31646],[33,6],[47,-10],[89,-33],[37,-41],[-22,-186],[22,-44],[22,-15],[68,-10],[77,9],[61,-33],[-3,77]],[[14924,31366],[73,-165],[31,-42],[33,-27]],[[15061,31132],[-102,-36],[-110,1],[-54,-33],[-20,-1],[-62,39],[-68,5]],[[14645,31107],[-58,3],[-55,16]],[[14532,31126],[-2,1]],[[14699,31843],[81,-21],[45,-25],[50,-61],[38,3]],[[14913,31739],[52,3],[30,-21],[139,-12],[38,-15],[91,-2],[100,27],[68,2],[34,-28]],[[15465,31693],[41,-27],[40,-4],[49,-34],[86,2],[118,-73],[31,6],[21,-46],[3,-119]],[[15854,31398],[-471,-190],[-40,-10],[-96,-7],[-59,7],[-29,-6],[-98,-60]],[[14924,31366],[-88,264],[-18,34],[-77,107]],[[14741,31771],[-42,72]],[[20147,35718],[2,37],[-40,30],[-60,30]],[[20049,35815],[36,27],[335,-11],[300,-8],[79,13],[81,-8],[76,27],[69,-36],[69,-15],[115,22],[146,-6],[224,4]],[[21579,35824],[0,-29],[230,-3],[0,-86]],[[21809,35706],[-111,-63],[-61,-12],[-7,-54],[10,-106],[-3,-45],[-31,-46],[-76,-3],[-117,-34],[-8,-137]],[[21405,35206],[-51,-33],[-27,-30],[-30,-3],[-35,18],[-30,56],[-31,2],[7,-55],[-24,-8],[-38,24],[-4,61],[-44,57],[-28,-15],[15,-53],[-31,-45],[-48,29],[-27,3],[-28,26],[-39,11],[-28,36],[-47,16],[-16,-39],[-39,12],[-7,26],[-38,53],[-50,4],[-31,19]],[[20656,35378],[-57,68],[-11,26],[-36,18],[-42,-20],[-24,-53],[-39,43],[-44,-16],[-44,12],[-89,-3],[-28,-37],[27,-21],[0,-50],[-36,-5],[-34,42],[-39,-17],[-10,-54],[-18,-12],[-58,-1]],[[20074,35298],[-25,20],[-59,20],[-56,29],[-35,54],[10,67],[-13,44],[-61,72],[-10,54],[14,31],[35,30],[56,6],[132,-23],[39,-11],[46,27]],[[21399,35075],[6,131]],[[21809,35706],[6,-63],[387,-8],[239,2]],[[22441,35637],[425,1]],[[22866,35638],[96,1]],[[22962,35639],[-92,-45],[-84,-90],[-107,-62],[-32,-52],[-4,-82],[12,-27],[37,-24],[-74,-77],[-50,-39],[9,-26],[-19,-82],[-81,-36],[34,-80],[23,4],[88,-69],[-14,-29],[0,-55],[24,-35]],[[22632,34733],[-25,0],[-3,-455],[-128,-1]],[[22476,34277],[-7,37],[-54,64],[-22,37],[-47,-11],[-42,7],[-29,24],[-67,-8],[-20,21],[-37,-4],[-25,28],[22,67],[-34,29],[-12,33],[40,52],[1,54],[-23,-8],[-16,-35],[-63,23],[-84,-22],[-14,43],[-38,-20],[-52,-10],[-19,-19],[-47,11],[-19,21],[-16,69],[-33,32],[-19,46],[-42,-2],[-45,30],[-46,44],[-17,-21],[-53,26],[-30,45],[-5,37],[-51,44],[-12,34]],[[20435,36538],[54,64]],[[20489,36602],[438,-25],[268,-17],[129,-5],[10,-11]],[[21334,36544],[20,-45],[10,-51],[88,-81],[26,-44],[60,-52],[8,-36],[-9,-41],[2,-81],[50,-183],[-10,-106]],[[20049,35815],[-43,44],[15,56],[54,19],[85,4],[34,-5],[61,19],[23,30],[42,137],[-1,43],[-57,172],[-10,68]],[[20252,36402],[-16,26],[-58,51],[-110,58],[-65,41],[-26,30],[-15,42],[4,60],[39,53],[60,33],[63,17],[53,-5],[35,-24],[40,-73],[10,-107],[15,-31],[56,-36],[68,-13],[30,14]],[[20954,33417],[79,114],[58,8],[103,65],[70,38],[80,59],[29,36],[-23,48],[-33,5],[-87,72],[-33,54],[-69,36],[-64,59]],[[21064,34011],[-9,59],[-19,64],[47,29]],[[21083,34163],[81,33],[139,66],[1,53],[11,44],[35,78],[1,59],[13,42],[31,34]],[[21395,34572],[28,31],[15,51],[-16,151],[-33,74],[17,62],[-11,101],[4,33]],[[22476,34277],[-26,0],[-9,-605],[-150,-1],[-4,-148],[-162,-3],[-148,4],[-2,-138],[-18,-424]],[[21957,32962],[-13,-346],[-275,1]],[[21669,32617],[-486,9],[-300,10]],[[20883,32636],[41,3],[19,63],[79,67],[40,17],[15,117],[-14,66],[32,83],[40,35],[-41,57],[-45,30],[-11,23],[12,88],[-14,41],[-38,4],[-33,34],[-11,53]],[[18778,22858],[36,145],[28,58],[65,55],[28,14]],[[18935,23130],[-1,-49]],[[18934,23081],[-1,-63]],[[18933,23018],[10,-163]],[[18943,22855],[-134,-4],[-31,7]],[[14633,34235],[-2,21],[60,44],[234,120]],[[14846,34272],[-100,-36],[-46,-36],[-43,-57]],[[14316,33913],[40,-37]],[[14356,33876],[-8,-79],[33,-1],[0,-47],[-43,-13],[16,-33],[-44,-16],[0,-75],[38,-1]],[[14348,33611],[21,-11],[-52,-50],[-47,-5]],[[14270,33545],[-35,48],[-38,113],[16,95],[26,45],[71,79]],[[7029,47790],[39,48],[26,73],[4,69],[-12,50]],[[7086,48030],[125,53],[93,52],[55,7],[110,26]],[[7469,48168],[53,23],[44,8],[78,49]],[[7644,48248],[77,34],[58,38],[32,73],[46,42],[73,27]],[[7930,48462],[3,-189],[-8,-504],[-80,2]],[[7845,47771],[-312,9]],[[7533,47780],[-344,6]],[[7189,47786],[-160,4]],[[7042,47487],[181,-2]],[[7223,47485],[154,-3],[-2,150],[129,-2],[2,80],[26,5],[1,65]],[[7845,47771],[-3,-117],[0,-183]],[[7842,47471],[4,-302],[-77,2],[-2,-235],[4,-66],[-55,1],[-22,-24],[2,-103],[-25,-23],[-130,4],[-3,-134],[41,-26],[-3,-27],[-53,-90],[-14,-76],[-18,-26]],[[7491,46346],[-16,-35],[-58,5],[-95,89],[-76,11],[42,65],[-28,43],[-4,75],[46,75],[-2,19],[-81,122],[-61,151],[13,228],[-14,-8],[-163,-27]],[[6994,47159],[-2,169],[42,-10],[56,-27],[-2,139],[-46,57]],[[15266,47139],[105,30],[150,-7],[27,2]],[[15548,47164],[-2,-46]],[[15546,47118],[-78,-37]],[[15468,47081],[-316,-149]],[[15152,46932],[5,169],[109,38]],[[15094,46696],[42,-26],[91,-34],[152,-3],[75,-19]],[[15454,46614],[-5,-247],[-36,-1],[6,-118],[-16,-133]],[[15403,46115],[-33,-24],[-16,13],[-10,48],[1,77],[-44,60],[-19,-33],[-148,2],[1,59],[-20,45],[-53,39],[20,83],[6,196],[6,16]],[[16889,48131],[82,7],[79,52]],[[17050,48190],[182,99],[75,31],[52,36],[114,50],[46,39]],[[17519,48445],[24,-54],[67,-100]],[[17610,48291],[-2,-62],[-61,-79],[-34,-3],[-17,-44],[13,-25]],[[17509,48078],[-51,-8],[-10,-52],[-39,50],[-51,-18],[-153,2]],[[17205,48052],[-157,2],[-1,-43],[-158,39],[0,81]],[[17520,46269],[34,48],[4,40],[26,31],[64,3],[-18,26],[-2,76],[39,92],[22,5],[48,-33]],[[17737,46557],[18,-36],[5,-45],[22,-28],[45,-21],[58,2],[33,-12],[28,27],[50,9],[59,51],[50,-20],[50,-1],[62,16],[-4,-75],[12,-33],[35,-44],[25,-9]],[[18285,46338],[0,-154],[-13,-16],[-13,-73],[11,-63],[-7,-20],[15,-61],[-7,-78],[-90,2],[-3,36],[-23,22],[-34,-26],[-196,-10],[-6,-218],[1,-84],[-37,22]],[[17883,45617],[-115,167],[-38,126],[1,107],[-62,-10],[8,42],[-48,48],[-27,16],[-52,62],[-24,51],[-6,43]],[[16121,49736],[617,-6],[3,151],[147,0]],[[16888,49881],[127,-1],[6,-39],[47,0],[0,-76],[-10,-69],[49,0],[24,-38],[42,-22],[-73,-54],[-43,-4],[-1,-190],[21,-39],[10,-76]],[[17087,49273],[-540,0],[-357,2]],[[16190,49275],[4,153]],[[16194,49428],[1,155],[-77,1],[3,152]],[[15629,47842],[89,-1],[2,151],[78,0],[-30,75]],[[15768,48067],[166,-2]],[[15934,48065],[53,-76]],[[15987,47989],[53,-75]],[[16040,47914],[48,-75]],[[16088,47839],[49,-77]],[[16137,47762],[-342,2]],[[15795,47764],[-71,4],[-57,31],[-38,43]],[[14869,49234],[3,356],[1,303]],[[14873,49893],[311,-1]],[[15184,49892],[-2,-628],[-2,-206]],[[15180,49058],[-278,1],[-33,26]],[[14869,49085],[0,149]],[[15008,47321],[3,152]],[[15011,47473],[233,-2]],[[15244,47471],[-2,-78]],[[15242,47393],[-3,-150]],[[15239,47243],[-78,1]],[[15161,47244],[-146,1],[-7,76]],[[6263,1460],[34,-10]],[[6297,1450],[49,-23],[143,-33],[102,-3],[331,7]],[[6922,1398],[-15,-154]],[[6907,1244],[-67,-10],[-43,-39],[-119,-32],[-101,-22],[-136,-11],[-41,-12],[-39,4],[-112,-26],[-48,-19],[-146,-31],[-59,28],[-99,37],[-31,4],[-104,-7],[-62,-31],[-41,-7],[0,-117],[-9,-12],[-1,-118]],[[5649,823],[-701,26],[-283,2],[-132,-4],[-202,-18],[-182,-30],[-188,-39],[-72,-8],[-20,50],[85,118],[97,32],[204,16],[145,89],[82,91],[129,65],[77,13],[82,-5],[195,-118],[116,-65],[169,-21],[185,51],[222,83],[243,40],[222,48],[108,89],[34,118],[-1,14]],[[5062,5780],[30,-22],[76,-6],[37,-48],[54,-8],[71,-21],[1,-62],[10,-30],[53,-34],[1,-37],[72,0],[-1,-139],[-148,-19]],[[5318,5354],[-180,-27]],[[5138,5327],[-39,34],[-2,144],[-28,61],[19,15],[-13,51],[4,63],[13,33],[-44,31],[14,21]],[[8738,2645],[1,657],[23,9],[34,42],[11,91],[39,32]],[[8846,3476],[45,17],[16,-11],[39,14],[70,96],[68,-20],[26,-49],[31,-29]],[[9141,3494],[0,-26],[38,-30],[8,-60],[65,-77],[38,-22],[28,-39],[53,-6],[35,-40],[68,-24],[44,11],[36,-13],[59,-3],[91,-33],[34,-66],[3,-40],[-25,-49],[-79,-68],[-70,-50],[-72,-25],[-35,-27],[-39,-53],[-42,-15],[-83,10],[-64,-1],[-27,-15],[-30,-37],[-30,-75],[-23,-14],[-33,-49],[-5,-30],[24,-70],[-39,-68],[-57,-53],[-17,-30],[-6,-55],[11,-154],[-13,-30],[-94,-105],[-79,-23],[-72,-7],[-105,-2]],[[8637,1931],[-20,82],[-8,84],[48,-18],[29,-25],[97,101],[112,101],[24,64],[-6,25],[39,72],[45,38],[-17,51],[-18,5],[-3,61],[-55,32],[-46,-10],[-46,28],[-1,-54],[-73,0],[0,77]],[[5054,5783],[134,127],[45,-3],[18,15],[-6,41],[38,10],[15,37],[-43,102],[12,56],[57,-15],[49,10],[24,-8],[28,-34],[93,14],[51,-19],[122,-63],[91,0],[40,-14],[138,0],[27,55]],[[5987,6094],[26,-71],[-3,-81],[-41,-84],[11,-46],[-14,-15],[21,-44],[27,-167],[-27,-46],[8,-26],[-14,-44],[2,-51],[19,-69],[-26,-30],[22,-55]],[[5998,5265],[7,-44],[17,-28],[-33,-22],[-28,-65],[-71,-25],[-29,-2],[-42,-37],[-37,-4],[-37,-39],[-12,-50]],[[5733,4949],[-16,29],[-27,10],[-30,43],[-53,18],[-67,74],[-74,11],[-128,0]],[[5338,5134],[2,45],[-16,65],[-2,49],[10,50],[-14,11]],[[5062,5780],[-8,3]],[[5731,2981],[25,27],[62,8],[15,20],[-4,42],[17,19],[45,-15],[-6,36],[-28,58],[7,45],[21,25]],[[5885,3246],[16,20],[93,-20],[662,1]],[[6656,3247],[-1,-531]],[[6655,2716],[-620,-2],[-218,-2],[-30,11],[-74,80]],[[5713,2803],[16,37],[-14,49],[-32,24],[1,28],[47,40]],[[7251,1421],[67,76],[60,29],[68,70]],[[7446,1596],[36,26],[123,3],[169,-49],[74,-4]],[[7848,1572],[7,-161]],[[7855,1411],[-173,-71],[-67,26],[-49,-2],[-107,-50],[-97,-33],[-63,-43],[-34,18],[-18,28],[4,137]],[[7848,1572],[52,6],[-1,19]],[[7899,1597],[30,14],[22,42],[32,20],[53,7],[159,-29],[29,10],[145,109],[45,5]],[[8414,1775],[102,-8]],[[8516,1767],[10,-64],[20,-18]],[[8546,1685],[-40,-61],[-119,-76],[-93,-36],[-74,-7],[-75,-25],[-34,-42],[-23,11],[-76,-20],[-119,-8],[-38,-10]],[[6907,1244],[0,-86],[-10,-80],[8,-52]],[[6905,1026],[-439,-72],[-509,-95],[-148,-24],[-160,-12]],[[23871,37961],[91,8],[-1,23],[44,1],[56,-21],[15,-61],[73,-10],[21,51],[41,16]],[[24211,37968],[58,-90],[-15,-58],[-27,-29],[-13,-68],[-34,-45],[-120,-64],[-54,-14]],[[24006,37600],[-120,37],[-18,31]],[[23868,37668],[4,41],[-1,252]],[[14664,31960],[11,32],[55,100],[12,55],[-2,103]],[[14740,32250],[-3,66]],[[14737,32316],[69,-29],[35,7],[194,193]],[[15035,32487],[140,-3],[-151,-162],[-31,-46],[-13,-39],[-24,-29],[-96,-144],[-32,-63],[0,-25],[23,-34],[61,-45],[-12,-70],[-31,-29],[45,-11],[-1,-48]],[[14699,31843],[-27,57],[-8,60]],[[15061,31132],[44,-34]],[[15105,31098],[36,-272],[12,-45],[-6,-89],[-193,3],[5,-43],[63,-68],[-104,-39],[-248,-11]],[[14670,30534],[1,30],[-47,29],[-11,55],[25,57],[3,50],[23,41],[68,46],[-31,38],[-58,32],[2,195]],[[15035,32487],[74,74],[56,31],[58,69],[53,75],[67,32],[73,65],[85,51],[46,55]],[[15547,32939],[10,3]],[[15557,32942],[-18,-25],[21,-78],[43,-31],[76,7],[14,-21],[-13,-36],[34,-23],[46,11],[74,48],[20,-93]],[[15854,32701],[-43,-70],[-46,-47],[-22,-72],[-44,-25],[-18,-32],[-38,-35],[-54,-34],[3,-58],[-42,-24],[-42,-51],[-1,-29],[36,-51],[-1,-76],[-14,-24],[7,-61],[-43,-42],[-5,-80],[35,-62],[-1,-80],[-56,-55]],[[8344,31310],[189,14]],[[8533,31324],[2,-116],[-40,-39],[-4,-74],[-45,-57]],[[8446,31038],[-69,44],[-15,19]],[[8362,31101],[-20,143],[2,66]],[[8102,31333],[55,11]],[[8157,31344],[15,-61],[93,18],[79,9]],[[8362,31101],[-47,4],[-90,-34],[-44,7]],[[8181,31078],[-38,85],[-13,107],[-28,63]],[[18831,23235],[40,-30],[40,-54],[23,-9]],[[18934,23142],[1,-12]],[[18778,22858],[-10,-41]],[[18768,22817],[-37,30],[-32,153],[-2,41],[-59,-8]],[[18638,23033],[65,50],[53,20],[79,12],[-4,120]],[[18933,23018],[48,4]],[[18981,23022],[18,-39],[1,-51],[19,0]],[[19019,22932],[1,-75],[-36,-1]],[[18984,22856],[-41,-1]],[[19019,22932],[111,2]],[[19130,22934],[3,-151]],[[19133,22783],[-148,-3]],[[18985,22780],[-1,76]],[[19111,23025],[59,1],[71,-27],[74,3]],[[19315,23002],[93,-93],[50,-45]],[[19458,22864],[-8,-1]],[[19282,22925],[-74,20],[-78,29]],[[19130,22974],[-19,51]],[[19234,23096],[101,41],[38,25]],[[19489,23201],[-10,-32],[-33,-14],[-5,-50],[-22,-32],[-11,-69]],[[19408,23004],[-93,-2]],[[19315,23002],[-44,45],[-37,49]],[[24112,23441],[36,21],[-7,29],[62,59],[21,1],[41,35],[12,-22],[0,-68],[-11,-73],[56,33],[33,-39],[-16,-82],[9,-23],[-22,-130],[-21,-27]],[[24305,23155],[-21,48],[-24,20],[-49,-3],[25,58],[0,88],[-59,6],[-38,15]],[[24139,23387],[-27,54]],[[15088,33838],[38,53],[128,164],[87,96]],[[15341,34151],[153,-108]],[[15494,34043],[21,-15]],[[15515,34028],[-63,2],[-1,-151],[-30,1]],[[15421,33880],[-161,6]],[[15260,33886],[-112,4],[0,-12]],[[15148,33878],[-30,-39],[-30,-1]],[[7497,20586],[356,2],[491,2]],[[8344,20590],[-5,-70],[48,-106],[12,-66],[-11,-32],[39,-51],[3,-45],[50,-97],[31,-33],[49,-31],[4,-56],[21,-25],[-15,-40],[-53,-67],[31,-25],[-12,-20],[31,-20],[-15,-28],[19,-34],[-11,-22],[16,-29],[-13,-24],[6,-40],[-19,-15],[-16,-41],[1,-60],[-12,-37],[-23,-24],[-33,-75],[43,-7],[31,-27],[7,-37],[37,5],[13,-37],[65,5],[56,-17],[33,-22],[46,13]],[[8798,19253],[52,-186],[13,-33],[50,-56],[36,-24],[61,-4],[69,6],[82,-29],[172,-41]],[[9333,18886],[117,-68],[39,-59],[-1,-55],[-52,-45],[-31,-39],[-7,-45],[17,-42],[40,-62],[64,-24],[67,-50],[21,-31],[5,-46]],[[9612,18320],[-2,-29],[-41,-54],[-87,-11],[-82,10],[-82,20],[-35,22],[-71,69],[-61,31],[-71,22],[-61,43],[-66,72],[-82,35],[-113,-11],[-21,-14],[-92,-120],[-60,-27],[-114,-6],[-45,-22],[-13,-43],[6,-131],[-11,-52],[-51,-81],[-24,-81],[-23,-101],[-36,-107],[-11,-83],[10,-66],[20,-53],[25,-26],[114,-20],[112,-60]],[[8544,17446],[-496,-18],[-214,-3],[-325,-1],[0,53]],[[7509,17477],[-7,396],[-106,58],[-298,-3],[-8,1197]],[[7090,19125],[-2,112],[378,35],[20,-1],[-2,346],[-5,368],[-4,600],[22,1]],[[8344,20590],[30,0],[0,186],[-6,422],[-4,561],[-3,94],[39,70],[38,42],[45,15],[137,14],[54,-3],[31,-19],[69,15],[37,-29]],[[8811,21958],[62,-17],[61,2],[37,48],[85,8],[75,-53],[-14,-55],[29,-35],[61,-30],[4,-25],[36,-59],[22,9],[26,-23],[27,-1],[45,-61],[57,-4],[73,10],[27,17],[12,-56],[28,-19],[-22,-39],[31,-26],[-21,-27],[67,-6],[22,14],[30,-17],[11,-40],[-11,-34],[17,-21],[-8,-33],[56,-69],[46,-6],[-2,-65],[67,32],[27,-7],[90,25],[37,-30],[52,1],[22,-29],[26,10],[45,-42],[-25,-26],[17,-33],[-2,-35],[87,-19],[1,-43],[38,-11],[-6,-25],[42,-44],[15,-35],[34,-26],[41,44],[16,-39],[24,-17],[-1,-52],[48,-57],[21,-78],[27,26],[32,-18],[17,42],[31,-53],[51,31],[36,-71],[37,19],[25,-5],[-4,-59],[-12,-26],[-65,-97]],[[10671,20498],[-57,-71],[-22,-53],[19,-79],[27,-42],[60,-65],[112,-85],[20,-60],[-24,-174],[-12,-24],[-108,-77],[-80,-78],[-43,-34],[-65,-22],[-69,1],[-104,44]],[[10325,19679],[-70,51],[-71,77],[-79,95],[-61,60],[-14,71],[2,40],[31,105],[22,93],[47,156],[9,45],[-14,71],[-33,61],[-45,52],[-35,20],[-95,37],[-112,21],[-140,35],[-99,-3],[-60,-35],[-24,-27],[-19,-58],[-16,-135],[13,-43],[3,-129],[-8,-78],[-24,-131],[-4,-68],[3,-142],[-14,-84],[-22,-72],[-32,-73],[-69,-107],[-49,-40],[-42,-10],[-113,40],[-50,-27],[-45,-59],[-39,-31],[-105,-54],[-36,-42],[-16,-34],[-2,-74]],[[9612,18320],[35,12],[40,-10],[8,43],[39,50],[47,-12],[15,75],[11,21],[-32,41],[-3,58],[26,53],[20,6],[50,45],[56,11],[70,44],[36,2],[42,44],[19,-21],[40,4],[22,-18],[31,12],[27,44],[24,4],[16,38],[1,72],[37,6],[18,-31],[50,8],[68,25],[29,26],[27,-2],[26,28],[45,12],[27,-18],[17,43],[25,-4],[30,-49],[46,-3],[87,24],[82,-28],[30,-19],[49,16],[49,-49],[82,-2],[25,-62],[51,-22],[13,-46],[53,8],[-2,-37],[42,-27],[-1,-39],[97,-124],[51,-26],[31,-29],[4,-56],[-10,-52],[20,-58],[45,-12],[95,65],[52,22],[16,-31],[29,-23],[94,3],[32,-17],[17,-41],[43,-55],[46,-47],[38,0],[-11,41],[59,96],[-4,33],[23,30],[32,129],[-4,25],[21,51],[0,43],[-31,69],[23,107],[6,79],[21,37],[-11,22],[2,71],[26,83],[-7,44],[-19,17],[-35,66],[-33,10],[5,53],[-29,36],[5,26],[-35,81],[3,38],[25,78],[-20,21],[-11,49],[-33,54]],[[11925,19704],[1043,4],[101,-4],[393,6],[325,1]],[[13787,19711],[317,7],[126,-3],[-19,-134],[4,-332],[7,-426]],[[14222,18823],[-154,-6],[-299,1],[5,-310],[-2,-153],[5,-202],[9,-391],[-3,-155],[4,-146]],[[13787,17461],[-169,0],[-429,-6],[-292,-2],[-847,-8],[-274,-8],[-693,2],[-38,9]],[[11045,17448],[-87,21],[-143,4],[-48,-5],[-295,0],[-805,-8],[-136,-6],[-463,-7],[-209,0],[-147,3],[-153,-3]],[[8559,17447],[-15,-1]],[[16892,47226],[83,-2],[26,-19],[16,-34],[122,5]],[[17139,47176],[12,-37],[34,-23],[30,-56],[31,-83],[-1,-71],[12,-45],[39,-40],[3,-48],[-44,-10],[-16,-36]],[[17239,46727],[-21,10],[-4,45],[-44,43],[-49,-18],[-37,29],[-2,63],[-58,-17]],[[17024,46882],[-140,4]],[[16884,46886],[-6,0]],[[16878,46886],[1,43],[21,72],[11,90],[-13,41],[-6,94]],[[16878,50184],[5,3],[283,-3],[438,-2]],[[17604,50182],[0,-304],[41,-17],[1,-61],[16,-66],[9,-74],[15,-13],[93,-27],[0,-73],[33,-74],[33,-50],[2,-48],[-28,-26],[-126,1],[-29,-4],[-141,2],[1,126],[-41,0],[-54,-16],[-26,-34],[-61,0],[40,-40],[13,-40],[27,-40],[7,-46],[-49,-99],[2,-28],[57,-19],[25,23],[54,-9],[30,-45],[-8,-38]],[[17540,49043],[-171,2]],[[17369,49045],[-157,0],[-3,152],[-77,0],[-2,76],[-43,0]],[[16888,49881],[7,126],[-43,10],[20,52],[25,23],[1,68],[-20,24]],[[17610,48291],[79,-17],[67,-1],[1,51],[17,43],[-1,98],[-11,67],[-3,80],[10,47]],[[17769,48659],[81,-18],[64,6],[69,-27],[25,-32],[135,2],[0,-142],[37,-58],[-5,-96],[13,-49],[-6,-42],[58,31],[5,-34],[102,-12],[7,14],[109,-16],[64,78],[26,24],[-5,24],[5,84],[22,36],[53,53],[259,52]],[[18887,48537],[6,-22],[-32,-16],[-40,-50],[-8,-47],[-67,-16],[-11,-47],[3,-66],[-14,-20],[42,-38],[12,-65],[44,-9],[2,-61],[-30,-2],[-32,-67],[2,-70],[16,-90],[16,-25],[-13,-69]],[[18783,47757],[-3,-33],[-28,-32],[-3,-45],[-44,-53],[-35,-16],[-52,-42],[-1,-244]],[[18617,47292],[-63,78],[-25,66],[-59,51],[-13,113],[-29,-38],[-1,-50],[-41,-17],[-68,-81],[3,-44],[17,-35],[-84,-67],[-173,203],[-26,21],[-170,106]],[[17885,47598],[24,29],[-38,40],[-57,41],[4,62],[15,33],[46,17],[-8,83],[-59,52],[-42,70],[-53,28],[-89,-3],[-78,26],[-41,2]],[[14847,47173],[0,11]],[[14847,47184],[158,-14],[154,-2]],[[15159,47168],[78,-1],[29,-28]],[[15152,46932],[-309,-146]],[[14843,46786],[4,387]],[[16871,47581],[54,33],[49,14],[38,48],[54,42]],[[17066,47718],[45,-52]],[[17111,47666],[88,-16],[-1,-127],[-61,-11],[-6,-26],[38,-41],[-9,-24],[-74,4],[-35,-35],[16,-97]],[[17067,47293],[-74,-4],[-21,14],[-27,47],[-81,13]],[[16864,47363],[-45,6],[-2,84],[12,67],[53,45],[-11,16]],[[16721,47375],[118,-22],[25,10]],[[17067,47293],[84,-53],[44,-20],[21,-40]],[[17216,47180],[-77,-4]],[[16892,47226],[-138,2]],[[16754,47228],[-41,76],[-27,0],[1,38],[-31,13],[0,23]],[[15956,48442],[157,-1]],[[16113,48441],[95,2],[43,8],[79,49],[68,14],[344,-2]],[[16742,48512],[-5,-226],[-48,-152]],[[16689,48134],[-188,2]],[[16501,48136],[-155,2],[-3,-152]],[[16343,47986],[-109,2],[-35,9],[-69,-9],[-143,1]],[[15934,48065],[-53,75],[27,3],[46,37],[2,262]],[[16113,48835],[0,-394]],[[15956,48442],[-137,3],[-19,-17],[-1,-59],[-79,0]],[[15720,48369],[-262,374],[-175,314]],[[15283,49057],[462,-5],[-7,-75],[75,0],[95,-12],[20,-14],[33,-52],[47,0],[53,-25],[52,-39]],[[18285,46338],[39,-10],[90,-2],[41,-38],[72,-39],[83,-4],[115,-68],[59,10],[17,58],[27,36],[-9,23]],[[18819,46304],[83,-67],[-41,-13],[-5,-56],[37,-36]],[[18893,46132],[27,-11],[67,14],[49,-44],[66,-29],[-25,-41],[-11,-64],[46,-5],[-10,-25],[-99,-32],[-71,-1],[-38,-44],[-41,11],[-4,-29],[27,-54],[62,-1],[86,-23],[23,11],[24,-34],[-44,-70],[-12,-62],[16,-90],[-34,-23],[-83,-82],[-24,-51],[-2,-40],[-18,-21],[-3,-54],[-35,-3],[-10,-36],[-47,32],[-89,78],[-29,17],[-74,-25],[-37,-46],[-30,-10],[-39,35],[-78,39],[-22,-32],[-44,24],[-17,-18],[18,-45],[-11,-44],[33,-17],[5,-26],[-30,-65]],[[18331,45096],[-11,-15],[-65,-31],[-45,22],[-13,-14],[-57,-16],[-22,-43],[-93,-111],[-56,19],[-29,24],[-143,7]],[[17797,44938],[-3,58],[36,79],[15,53],[28,34],[9,92],[-24,21],[3,95],[-29,70],[112,3],[-14,72],[-35,1],[-20,39],[8,62]],[[16721,47804],[53,-21],[30,0],[41,37],[103,107],[42,15],[214,-19]],[[17204,47923],[-19,-26],[-23,-125],[-44,-77],[-7,-29]],[[17066,47718],[-35,18],[-15,-21],[-66,-37],[-145,2]],[[16805,47680],[-138,2]],[[16250,47797],[123,-1]],[[16373,47796],[6,-50],[21,-61]],[[16250,47686],[0,111]],[[14851,47669],[2,259]],[[14853,47928],[124,-1]],[[14977,47927],[197,-1]],[[15174,47926],[67,-6],[243,-1]],[[15484,47919],[-1,-173]],[[15483,47746],[-44,14],[-49,1],[-142,-30]],[[15248,47731],[-234,-53]],[[15014,47678],[-81,-15],[-82,4]],[[14851,47667],[0,2]],[[917,26904],[178,3],[-14,-28],[-47,-48],[11,-31],[28,-21],[71,-22],[195,3],[102,-13],[107,3],[34,15],[127,1],[1,76],[10,32],[68,48],[62,57],[55,22],[42,31],[23,-31],[65,-12],[32,-48],[47,-9],[63,4],[14,21],[64,-19],[39,38],[17,-19],[54,20],[102,-36],[61,-44],[50,8],[24,39],[76,-12],[32,-19],[46,-3],[57,-23],[41,14],[36,-20],[18,-35],[46,-23],[20,33],[68,-1],[-8,26],[82,-3],[38,-43],[33,-1],[41,-47]],[[3228,26787],[-205,-195],[-43,-44],[-231,-254],[-27,-33],[9,-36],[1,-136],[-28,-57],[-5,-34],[-41,-79],[-5,-72],[-46,-108],[-49,-126],[-6,-36],[4,-238],[-27,-46],[23,-12],[-33,-63],[-19,10],[-51,-87],[-39,-27],[-60,-18],[-76,-40],[-54,-49],[-101,-111]],[[2119,24896],[-108,43],[-41,26],[-96,-3],[-38,-10],[-41,13],[-268,-6],[-7,138],[-52,298],[-34,-19],[-17,45],[-38,-26],[-32,36],[-30,-31],[-82,20],[-21,34],[-68,72],[-48,-17],[10,47],[-25,1],[-64,-27],[-39,20],[-27,-9],[0,-27],[-48,-6],[-67,-36],[-20,25],[-36,-14],[-14,-50]],[[768,25433],[24,255],[29,279],[43,442],[15,177],[38,318]],[[3228,26787],[-14,-34],[35,-22],[-18,-19],[1,-64],[18,-64],[-49,-19],[-46,-84]],[[3155,26481],[-14,-45],[33,-47],[48,-37],[122,-57],[133,3],[69,26],[102,50],[35,55],[29,3],[57,-32],[32,-30],[5,-35],[-23,-27],[-76,-55],[-52,-55],[3,-53],[42,-71],[1,-54],[-20,-111],[-18,-35],[-47,-26],[-94,15],[-52,-36],[-19,-106],[1,-43],[17,-46],[141,-155],[41,-106],[42,-15],[94,40],[75,19],[141,9],[75,11],[87,35],[203,69],[71,61],[190,105],[67,-3],[70,53],[27,7],[57,-11],[34,-17],[58,-50],[41,-55],[20,-50],[136,27],[78,45],[29,5],[84,-10],[84,-3],[45,-70],[67,-30],[40,-56],[-11,-35],[-25,-21],[-42,-9],[-27,-37],[-14,-48],[-30,-17],[-21,13],[-39,78],[22,84],[-41,24],[-72,9],[-67,0],[-49,-57],[-60,-15],[-32,-41],[2,-67],[66,-41],[96,-98],[44,-73],[11,-46],[-3,-57],[10,-46],[-13,-72],[5,-64],[83,-104],[42,-23],[55,0]],[[5456,24724],[80,-30],[25,-37],[-6,-41],[-21,-36]],[[5534,24580],[-72,-30],[-26,-2],[-95,19],[-75,33],[-70,17],[-59,0],[-102,15],[-33,-5],[-77,-46],[-62,-64],[-52,-82],[-35,-41],[-127,-92],[-54,-132],[-44,-84],[-56,-49],[-110,-84],[-43,-14],[-129,-10],[-48,-36],[-63,-66],[-129,-67],[-86,-55],[-41,-50],[-35,-92],[-10,-53]],[[3801,23510],[-7,36],[-22,17],[-19,57],[-59,-21],[12,-57],[-28,-5],[-34,32],[4,42],[-49,-25],[-37,-6],[-36,24],[8,31],[74,14],[31,51],[3,40],[-17,49],[-2,54],[-19,9],[-35,-16],[-50,-4],[-54,9],[-10,-56],[-41,-2],[-30,17],[12,55],[-10,56],[7,53],[-25,20],[-38,-1],[-10,-57],[-83,-1],[-33,-10],[-78,12],[-7,37],[19,13],[59,-17],[15,69],[-36,15],[-4,34],[-37,70],[-25,12],[-21,-33],[-42,-24],[18,-23],[-66,-15],[-25,49],[-26,-10],[-10,-32],[-69,-5],[-54,47],[-4,-37],[-55,-27],[-53,27],[-23,38],[-41,-15],[-24,95],[42,30],[44,0],[32,24],[-43,96],[-44,29],[-18,24],[11,34],[-13,36],[9,38],[-39,12],[-14,32],[23,64],[-46,-6],[-17,17],[-55,-4],[-56,-16],[-40,15],[-36,-46],[-33,-11],[-29,10],[-21,29],[-46,2],[-2,22],[-48,16],[-50,41],[-35,11],[11,35],[6,86],[-25,22],[36,59]],[[7991,31618],[44,7]],[[8035,31625],[29,-2],[57,25]],[[8121,31648],[-2,-40]],[[8119,31608],[-7,-126]],[[8112,31482],[-34,2],[-19,-17]],[[8059,31467],[-16,50],[-52,101]],[[7997,31820],[138,45]],[[8135,31865],[-24,-10],[-14,-102],[15,-46]],[[8112,31707],[-78,5]],[[8034,31712],[0,22],[-25,72],[-25,8]],[[7984,31814],[13,6]],[[25347,27966],[1,310],[4,744],[-2,387]],[[25350,29407],[77,25],[88,-39],[25,15],[42,-24],[20,-52],[53,-3],[18,58],[17,9],[77,-28],[65,16],[43,-19],[27,9],[23,-31],[22,-59],[50,-39],[46,-12],[40,27],[27,-4],[52,31],[46,-6],[25,16],[55,3],[16,-15],[169,-57],[69,24],[24,27],[30,-29],[79,0],[21,-8]],[[26696,29242],[4,-53],[-60,1],[-66,-70],[-5,-34],[40,-21],[-3,-50],[-38,-94],[7,-49],[58,-80],[32,-59],[81,-22],[47,-45],[3,-83],[-36,5],[-54,27],[-12,33],[-56,-28],[-51,5],[-45,-12],[-33,5],[-36,-43],[-46,0],[37,-56],[23,-1],[20,-35],[-25,-44],[-117,-2],[-26,-7],[19,-80],[39,-65],[14,-45],[-3,-233],[2,-73],[36,-112],[82,-51],[41,-11],[96,0],[-28,-66],[-10,-84],[57,-17],[80,-13],[34,11],[113,-55],[7,-16],[92,-14],[31,-11],[40,12],[86,-189],[30,-12],[24,17]],[[27221,27323],[12,-39],[-2,-133],[42,-190],[-28,-150],[8,-34]],[[27253,26777],[-172,2]],[[27081,26779],[-69,0],[-3,75],[-76,-3],[0,75],[-150,3],[0,-152],[-192,0]],[[26591,26777],[-79,1]],[[26512,26778],[-182,1],[1,76],[-78,-1],[1,-74],[-82,-3],[-276,-5],[-324,-8],[0,77],[-76,-1],[0,-78],[-144,-3]],[[25352,26759],[1,221],[-1,378],[-5,608]],[[26696,29242],[25,55],[0,122],[27,43],[17,53],[6,107],[6,19],[92,-2],[33,-10],[58,-57],[6,-69],[38,-13],[107,0],[46,-18],[50,25],[39,4],[24,-23],[8,-49],[36,-19],[1,-50],[66,-18],[21,-33],[119,-33],[24,10],[34,-25],[6,-65],[35,-100],[28,-26],[61,1],[52,-75],[38,-2],[41,-17],[58,34],[46,-52],[42,-10],[73,1]],[[28059,28950],[-9,-20],[-65,-42],[-37,-3],[-15,-25],[-3,-58],[10,-49],[-15,-31],[17,-40],[-105,-71],[-34,-59],[-27,-9],[-12,-51],[-26,-27],[-1,-27],[-55,-49],[-11,-76],[101,-33],[69,-48],[35,-12]],[[27876,28220],[4,-21],[-15,-75],[1,-73],[-17,-92],[8,-71],[-14,-71],[-37,-20],[-2,-38],[34,-78],[6,-45],[-50,-80],[20,-14]],[[27814,27542],[-50,-43],[-36,26],[-37,4],[-29,-27],[-41,-15],[6,-31],[-15,-78],[-18,-34],[-85,33],[-23,29],[-46,-38],[-37,2],[-26,37],[-39,-6],[-11,-23],[-37,8],[-52,-71],[-17,8]],[[28652,28248],[64,7],[26,-50],[150,-2],[34,43],[11,32]],[[28937,28278],[10,-49],[-2,-74],[8,-30],[49,-61]],[[29002,28064],[-105,-116]],[[28897,27948],[-87,-79],[-90,4],[-36,32],[-37,6]],[[28647,27911],[-71,-11],[-5,82],[59,53],[23,-4],[80,58],[-50,20],[-57,40],[26,99]],[[22332,38169],[30,-47],[4,-93],[71,3],[77,23],[72,-4]],[[22586,38051],[37,-115],[98,-448],[20,-81],[63,-187]],[[22804,37220],[12,-33]],[[22816,37187],[-30,-3],[-7,-34]],[[22779,37150],[-29,8],[-65,-2],[0,88],[-17,3],[1,51],[-17,38],[-189,1],[-23,37],[-482,2]],[[21958,37376],[-22,41],[-8,71],[-12,41],[44,25],[47,59],[34,68],[1,21],[34,26],[4,39],[23,65],[-39,20],[96,130],[89,70],[25,46],[58,71]],[[21650,36694],[51,7]],[[21701,36701],[-38,-17],[-9,-29],[-1,-445],[5,-188],[189,-5],[2,-130],[67,16]],[[21916,35903],[-11,-57],[-17,-34],[141,-41],[58,-10],[159,-1],[182,-14]],[[22428,35746],[-5,-45],[18,-64]],[[21334,36544],[58,27],[72,46],[71,33],[26,30],[89,14]],[[23228,38063],[-1,-132],[-34,-44],[-3,-91],[30,-149],[43,-53]],[[23263,37594],[-56,-5],[-57,-17],[-34,1],[1,-122],[-47,-31],[-16,-42],[7,-41]],[[23061,37337],[-62,-56],[-32,-14],[-84,-21],[-2,-23],[-77,-3]],[[22586,38051],[92,20],[111,17],[103,52],[-1,-28],[40,8],[35,21],[37,5],[87,-24],[89,-19],[10,-24],[39,-16]],[[23891,36386],[139,1],[2,149],[148,-3],[5,76],[3,257],[0,450]],[[24188,37316],[29,42],[-5,35],[17,89],[-5,67],[-34,51],[-30,-35],[-50,-14],[-63,20],[-41,29]],[[24211,37968],[-15,38],[-23,-2],[-18,38],[0,40],[25,49],[41,-3],[30,99],[46,69],[33,29]],[[24330,38325],[43,-63],[89,18]],[[24462,38280],[0,-117],[-35,-58],[-70,-96],[8,-39],[27,-27],[14,-57],[81,-2],[23,11],[74,-33],[98,-13],[62,-60],[17,-49],[-33,-62],[0,-104],[-17,-28],[-25,-108],[0,-36],[19,-21],[-5,-67],[-29,-70],[-61,-82],[-62,-61],[-42,-3],[-6,-58],[43,-26],[5,-24],[-17,-66],[-34,1],[-12,-25],[25,-20],[4,-36],[20,-11],[-17,-112],[-18,-30],[26,-21],[-9,-27],[19,-63],[-1,-38],[21,-23],[-36,-68],[12,-85],[-45,-47],[-33,-76],[-54,-1],[-13,-55],[-48,-67],[-59,11],[-30,-35],[-47,-3],[-7,-18],[-58,-9],[-4,30],[-67,-13],[-56,-1],[-13,21]],[[23997,36103],[-2,118],[-26,32],[-10,38]],[[23959,36291],[-48,58],[-20,37]],[[22866,35638],[164,86],[138,101]],[[23168,35825],[95,10]],[[23263,35835],[155,5],[84,19],[79,26],[70,15]],[[23651,35900],[8,-268],[-80,1]],[[23579,35633],[-617,6]],[[23283,35988],[24,-28],[45,-14],[164,6],[138,-7]],[[23654,35945],[-3,-45]],[[23263,35835],[16,25],[11,59],[-7,69]],[[23958,36084],[39,19]],[[24462,38280],[91,-15],[28,26],[32,7],[40,30],[51,-4],[26,35],[19,-20],[51,-3],[24,-18],[51,-5],[71,-64],[22,61],[-1,25]],[[24967,38335],[455,-6],[-7,-454],[-154,3],[0,-144]],[[25261,37734],[0,-7],[-154,2],[-3,-150],[-148,-1],[-2,-241],[-2,-641],[0,-412],[-75,4],[-1,-75],[-36,0],[0,-37],[-38,2],[-2,-114],[-168,1],[-139,6],[5,-124]],[[24498,35947],[1,-31],[-308,7],[4,-146],[-113,4]],[[24082,35781],[-33,42],[9,37],[-97,3],[-3,221]],[[21916,35903],[71,29],[26,27],[141,-4],[0,19],[84,0],[116,37],[38,1],[34,36],[14,49],[55,76],[59,65]],[[22554,36238],[12,-48],[-12,-28],[20,-18],[118,23],[45,17]],[[22737,36184],[50,-40]],[[22787,36144],[10,-47],[-108,-238],[-56,11],[-94,-67],[-104,-7],[-7,-50]],[[23263,37594],[41,19],[71,17],[76,54],[95,87],[73,37]],[[23619,37808],[-10,-36],[19,-48],[-6,-47]],[[23622,37677],[-90,-87],[-21,-46],[-10,-59],[-50,-68],[-58,-104],[-9,-58]],[[23384,37255],[-42,-1],[-105,32],[-32,-33],[-90,-9],[1,46],[15,52],[-70,-5]],[[23622,37677],[46,-42],[75,4],[52,-10],[13,26],[30,-5],[30,18]],[[24188,37316],[0,7],[-227,3],[-116,-1]],[[23845,37325],[-228,2],[-42,18],[-66,-24],[-11,-69],[-110,3]],[[23388,37255],[-4,0]],[[23654,35945],[29,11],[138,84],[137,44]],[[24082,35781],[-43,2],[-2,-190],[-14,-265],[-120,-2],[-337,3]],[[23566,35329],[13,304]],[[1731,6416],[131,0],[18,23],[1,88]],[[1881,6527],[6,45],[-7,105]],[[1880,6677],[24,11],[89,-7],[30,10],[53,-8],[81,-44],[22,-51]],[[2179,6588],[1,-189]],[[2180,6399],[0,-133]],[[2180,6266],[-89,0],[-121,121],[-33,-69],[-17,-18],[-23,41],[-91,0],[-75,-12]],[[1731,6329],[0,87]],[[1593,5007],[6,-26],[342,-1]],[[1941,4980],[-13,-73],[0,-80],[-9,-31]],[[1919,4796],[-56,0],[-48,22],[-64,-25],[5,-50],[-15,-14],[-2,-51],[-82,-1],[-66,-8]],[[1591,4669],[1,84],[-75,2],[1,175],[19,28],[56,49]],[[2486,5774],[37,-22],[64,-7],[18,25],[27,-5]],[[2632,5765],[4,-121]],[[2636,5644],[-149,8]],[[2487,5652],[-1,122]],[[2038,4603],[261,-1]],[[2299,4602],[0,-152],[44,-15],[2,-51],[31,16],[-3,-91],[-68,11],[-47,33],[-29,46],[-77,64],[-113,52]],[[2039,4515],[-1,88]],[[2299,4602],[39,1]],[[2338,4603],[23,0]],[[2361,4603],[34,-97],[45,-27],[54,-85]],[[2494,4394],[-197,-173],[-66,-51],[-53,-33]],[[2178,4137],[-9,51],[-22,43],[-42,16],[-46,-53],[-27,-13],[1,133],[6,201]],[[1731,6329],[3,-306]],[[1734,6023],[-97,-25],[-9,11],[-60,-1],[-55,-23],[-101,-1],[-54,8],[-79,-39],[-45,-32],[-40,10],[-17,56],[0,32],[17,52],[7,112],[-13,90],[-23,11]],[[1165,6284],[46,47],[32,5],[41,125],[31,37],[12,42],[50,81],[42,3],[90,-18],[2,-38],[221,0],[-1,-152]],[[23098,43948],[0,45],[37,53],[36,27],[22,57]],[[23193,44130],[13,46],[85,109],[2,25],[32,31],[55,74],[14,0],[98,71],[45,53],[10,30],[58,50],[38,60]],[[23643,44679],[-36,-95],[29,-81],[71,-50],[113,15],[76,-3],[131,-16],[93,-52],[38,-2],[23,33]],[[24181,44428],[35,-26],[18,-40],[29,-8],[32,-34],[-34,-91],[-21,-26],[-150,-124],[-31,-37],[-35,-84],[10,-53],[34,-60],[44,-96],[9,-35],[-7,-60],[-22,-57],[-4,-78],[-21,-34],[-151,-79],[-87,-95],[-191,-357]],[[23638,42954],[-20,28],[-19,83],[-18,37],[-57,33],[-104,30],[-44,37],[-12,107],[-23,7],[-32,47],[-68,56],[-81,-90],[-35,-22],[-29,116],[0,102],[-35,52],[-23,17],[-52,79],[28,52],[-6,44],[97,133],[18,8],[5,43],[-30,-5]],[[21262,44854],[32,-9],[60,16],[34,-9],[35,11],[41,-36],[77,22],[38,63],[54,0],[36,-12],[36,9],[32,-13],[75,44],[22,-4],[31,30],[48,2],[1,43],[72,8],[41,51],[94,55]],[[22121,45125],[36,-5],[21,-25],[49,4],[42,38],[18,-20],[30,7],[25,-17],[31,13],[16,-33]],[[22389,45087],[41,-3],[9,-33],[51,-36],[51,-7],[73,-92],[33,-11],[57,-68],[40,7],[28,-46],[45,-50],[10,-33]],[[22827,44715],[35,-41],[54,-43],[-24,-72],[-1,-37],[36,-50],[35,28],[49,-21],[44,-5],[46,-87],[19,-23],[47,-101],[26,-133]],[[23098,43948],[-6,-4]],[[23092,43944],[-31,-4],[-90,19],[-67,38],[-77,9],[-68,45],[-57,9]],[[22702,44060],[-41,4],[-70,48],[-27,9],[-12,-42],[11,-31],[-67,-39],[-40,-8],[-77,29],[19,28],[-25,23],[-63,-46],[-32,0],[-38,-28],[-79,0],[-33,-9],[-31,-36],[-40,-15],[-20,-32],[-42,-14],[-81,-66],[-48,-1],[-19,28],[5,55],[-71,29],[-66,-10],[-72,53],[-25,-5],[-54,-66],[-27,0],[-26,70],[-61,27],[-58,47],[-61,-54],[-69,-8],[-20,47],[-56,13],[-81,32],[-28,34],[10,28],[-24,14],[-29,-33],[-36,8],[-19,31],[-30,-4],[-19,-39],[-43,-6],[-29,30],[-37,12],[-21,92]],[[20800,44259],[-1,96],[463,499]],[[14878,32936],[16,20]],[[14894,32956],[23,0],[-1,51],[29,-16],[47,-1],[1,37],[38,-1],[1,38],[114,-4],[1,113],[38,-2],[0,38],[38,-2],[0,-75],[39,-1],[18,36],[0,38],[42,0],[54,74],[38,-1],[36,35],[41,-2],[0,38],[37,33],[1,20],[38,57],[39,-1],[20,37],[57,74],[37,1],[0,37],[39,1],[0,-37],[77,1],[-1,-38],[-39,-1],[0,-76],[-38,-1],[1,-76]],[[15759,33380],[-39,0],[0,-38],[-38,0],[1,-224],[-77,1],[-1,-37],[-38,1],[0,-76],[-48,1],[0,-38],[-68,3],[0,-27]],[[15451,32946],[-39,-9],[0,-38],[-38,1],[0,-37],[-40,0],[-2,-38],[-72,1],[-3,-33],[-39,2],[2,-39],[-37,1],[0,-37],[-36,2],[-4,-79],[-189,7],[0,37],[37,0],[1,38],[-76,2],[1,111],[-37,8],[-2,90]],[[23396,46191],[258,198]],[[23654,46389],[212,304],[86,136]],[[23952,46829],[35,17],[50,-4],[22,20],[73,-42],[69,-1],[24,10],[43,-6],[24,18],[58,-12],[21,-38],[45,-28]],[[24416,46763],[94,-40],[37,-33],[78,1],[-2,-78],[27,-28],[38,-10],[53,-37],[23,-58],[29,-3],[15,-36],[-24,-30],[8,-37],[-30,-21],[7,-36],[-30,-3],[17,-48],[64,-31],[19,-18]],[[24839,46217],[-1,-39],[-23,-55],[-46,-61],[-40,-31],[-31,-71],[-19,-5],[-39,-41],[-7,-46],[-36,-51],[-55,-8],[-20,-46],[-55,-81]],[[24467,45682],[-44,-81],[-26,-28],[-63,-41]],[[24334,45532],[-72,33],[-19,22],[-3,99],[-9,35],[-67,118],[-80,-18],[-42,0],[-63,23],[-50,54],[-21,38],[-107,87],[-28,69],[-32,-10]],[[23741,46082],[-164,0],[0,38],[-73,13],[-49,58],[-59,0]],[[24181,44428],[65,92]],[[24246,44520],[36,-28],[87,91],[63,35],[59,4],[113,-77],[28,-44],[-5,-96],[30,-45],[75,-49],[40,-50],[43,-79],[95,-82],[83,-61],[56,-14]],[[25049,44025],[13,-29],[49,-45],[3,-17],[-42,-50],[-27,-2],[-20,-31],[18,-53],[-52,-41],[-22,-36],[-36,-3],[-21,28],[-30,2],[-7,-51],[-148,-24],[-42,-44],[3,-33],[-25,-15],[-14,-35],[-31,-24],[11,-41]],[[24629,43481],[-606,-607]],[[24023,42874],[-21,25],[-28,-8],[-27,35],[-34,14],[-71,12],[-117,56],[-36,-11],[-51,-43]],[[23643,44679],[14,6],[89,114],[92,78],[54,83],[39,12],[40,32],[26,41]],[[23997,45045],[-11,-38],[40,4],[25,-21],[43,-72],[54,-11],[35,-22],[61,-14],[37,44],[33,-56],[61,-49],[52,-51]],[[24427,44759],[-81,-95],[-100,-144]],[[22175,42614],[62,86],[27,54],[36,32],[89,125],[38,102],[39,64],[-24,21]],[[22442,43098],[68,98],[134,112],[130,176],[97,123],[7,21],[78,97],[43,72],[22,64],[41,21],[30,62]],[[24023,42874],[-265,-266],[-307,-2],[6,-202]],[[23457,42404],[-92,-6],[-45,9],[-175,51],[2,-462]],[[23147,41996],[-276,2],[-302,-1]],[[22569,41997],[-8,-2],[-530,-5],[-250,-1]],[[21781,41989],[-86,1]],[[21695,41990],[34,50],[42,41],[10,30],[82,78],[34,39],[29,52],[44,50],[8,54],[56,54],[11,22],[64,67],[66,87]],[[24839,46217],[0,23],[44,33],[71,183],[26,23],[50,190],[54,84],[33,27],[21,40],[47,52],[-25,37],[69,13],[66,112],[29,79],[75,70],[21,45],[0,36],[30,59],[5,32],[37,88],[62,-19],[32,-24],[25,32],[49,98]],[[25660,47530],[69,-379],[140,-753],[63,-377],[89,-478],[31,-194]],[[26052,45349],[-63,25],[-39,-29],[-6,-24],[26,-33],[-93,-40],[-36,-65],[-33,-19],[-27,-61],[-21,-3],[-46,37],[-27,0],[-38,-22],[10,-58],[-19,-59],[-59,3],[-35,-42],[-52,-27],[33,-50],[20,-13],[-4,-45],[9,-55],[-37,20],[-51,6],[-5,-29],[24,-35],[-6,-44],[-30,-8]],[[25447,44679],[-27,0],[-18,59],[-34,20],[25,35],[-1,24],[-58,17],[9,95],[-35,34],[5,36],[-31,24],[-58,14],[-30,-17],[-61,20],[4,48],[-18,49],[-37,15],[-47,-11],[-69,-34],[-26,54],[20,36],[44,2],[16,32],[-26,14],[-43,90],[-85,-10],[-3,16]],[[24863,45341],[-36,5],[-31,33],[-30,100],[-20,21],[-40,12],[-24,49],[-70,31],[-26,41],[-78,45],[-41,4]],[[23997,45045],[96,98],[58,44],[128,138],[14,36],[1,43],[33,48],[7,80]],[[24863,45341],[-234,-343],[-202,-239]],[[25447,44679],[-14,-12],[28,-64],[9,-60],[0,-65],[-36,-74],[-59,-36],[9,-51],[-77,-19],[-22,-14],[6,-62],[-55,-31],[-23,-48],[-22,-20],[-21,-58],[-9,-54],[-36,-7],[-59,39],[-17,-18]],[[14812,28451],[30,25],[29,-28],[95,-32],[118,45],[40,-104],[67,30],[66,-8],[91,33],[33,-54],[83,41],[44,47]],[[15508,28446],[60,-124],[23,-72],[35,-71],[19,-56],[2,-61],[-12,-47],[-7,-113],[-23,-26],[-4,-57]],[[15601,27819],[-8,-48],[-33,-45],[4,-53],[-28,-81],[12,-47],[58,-3],[0,-38],[31,-23],[46,-14],[2,-36],[44,-3],[31,-14],[57,4],[50,13],[32,-20],[69,13],[36,-18],[57,23],[34,-49]],[[16095,27380],[-34,-21],[-9,-36],[-68,-83],[-17,-66],[24,-52],[1,-108],[40,-58],[-4,-36],[-25,-10],[31,-66],[1,-57],[15,-39],[1,-44],[-46,-34],[10,-57],[1,-86]],[[16016,26527],[-533,-5],[8,-455],[-166,-2],[-156,-6],[-190,-3]],[[14979,26056],[-50,80],[-78,36],[-32,40],[-18,101],[-75,110],[-88,77],[-1,61],[15,25],[45,28],[0,45],[14,50],[-1,67],[31,90],[-5,54],[9,42],[-3,75],[48,48],[0,41],[61,133],[-21,1],[-86,103],[28,77],[-82,88],[-33,-4],[-34,16],[-48,-18],[-19,27],[51,48],[26,-9],[83,61],[2,29],[31,42],[-3,75],[12,24],[-11,75],[39,40],[12,68],[-20,59],[23,56],[1,61],[18,45],[-4,46],[17,49],[-21,30],[5,53],[-18,16],[13,34]],[[15601,27819],[142,8],[161,28],[66,24],[103,18],[101,11]],[[16174,27908],[41,20],[28,-34],[90,48],[48,-2],[76,13],[72,-3]],[[16529,27950],[138,-450]],[[16667,27500],[21,-68]],[[16688,27432],[-47,6],[-57,-11],[-29,-18],[-55,-1],[-40,10],[-31,-7],[-56,6],[-19,18],[-63,-1],[-27,-85],[-124,6],[-45,25]],[[12799,27882],[169,4],[166,-1],[256,5],[312,-1],[106,-3],[250,-12],[1,297],[-2,383]],[[14057,28554],[37,2],[87,33],[42,-32],[27,-56],[42,-39],[124,18],[84,-1],[33,-11],[24,20],[13,40]],[[14570,28528],[41,6],[48,-46],[69,-37],[63,-13],[21,13]],[[14979,26056],[-396,-6],[-863,44],[-27,-2]],[[13693,26092],[-297,-1],[-180,-3]],[[13216,26088],[-248,-5],[-156,0],[0,686]],[[12812,26769],[1,213],[-4,194],[-6,576],[-4,130]],[[16076,28731],[63,12],[52,-13],[12,-40],[76,-18],[101,-77],[38,-7],[49,-35],[79,-1],[43,-14],[3,-52],[26,-31],[54,-20],[35,34],[16,-36],[28,37],[62,2],[31,32],[18,-58],[25,12],[-26,37],[29,23],[26,-29],[42,55],[37,-25],[9,-72],[17,-43],[33,-7],[43,-28],[27,62],[18,-3],[26,-96],[24,-27],[13,60],[30,-24],[0,-22],[64,-12],[54,-28],[66,7],[39,-6],[37,-26],[2,-38],[29,9],[52,-51],[41,-8],[39,19],[13,30]],[[17671,28215],[66,-9],[59,-48],[27,-52],[14,-48],[-9,-31]],[[17828,28027],[-57,-45],[-27,-40],[-22,-60],[-6,-51]],[[17716,27831],[-42,-1],[-142,-24],[-65,-43],[-76,23],[-66,-26],[-106,-10],[-3,-15],[-56,2],[-13,46],[-59,21],[-33,34],[-15,-26],[-101,-38],[-39,-66],[-8,-43],[-96,-2],[-26,-117],[-22,-28],[-49,-19],[-32,1]],[[16529,27950],[-22,71],[-53,106],[-110,166],[-68,118]],[[16276,28411],[-119,209],[-81,111]],[[15216,29166],[87,-39],[77,19],[31,19],[40,88],[171,82],[89,27]],[[15711,29362],[157,-274],[66,-157],[37,-64],[105,-136]],[[16076,28731],[-52,18],[-48,6],[-46,32],[-75,-8],[8,-32],[2,-125],[-9,-36],[-40,-62],[-22,-16],[-64,0],[-62,-15],[-23,-17],[-95,-14],[-42,-16]],[[14570,28528],[9,63],[64,71],[63,51],[29,35],[50,16],[91,78],[27,59],[63,49],[74,19],[41,23],[36,5],[26,28],[34,115],[39,26]],[[15345,30287],[556,3],[499,5]],[[16400,30295],[9,-37],[-51,-23],[-34,-41],[20,-67],[14,-3],[95,16],[25,-17],[3,-34],[23,-40],[42,-28],[72,-29],[43,-64],[114,-74],[23,-67],[14,-15],[93,-9],[47,11],[93,49],[122,-14],[49,-26]],[[17216,29783],[-43,-168],[16,-44],[71,-107],[16,-46],[0,-40],[-15,-48],[-51,-59],[8,-90],[18,-95],[-8,-30],[-1,-75],[18,-79],[-16,-64],[37,-73],[40,-47],[2,-33],[26,-23],[49,-7],[43,-28],[27,-35],[16,-101],[54,-123],[11,-70],[23,-47],[33,-20],[81,-16]],[[15711,29362],[-118,199],[-73,112],[-128,278],[-14,57],[-24,233],[-12,46]],[[15342,30287],[3,0]],[[12757,23510],[86,0],[-1,86],[102,1],[7,25],[43,18]],[[12994,23640],[0,-127],[129,56],[4,-51],[20,-46],[-13,-66],[-29,15],[-49,1],[-41,-19],[-31,-36],[-65,-22],[3,-29]],[[12922,23316],[-21,45],[-56,51],[-40,1]],[[12805,23413],[-48,97]],[[1741,5452],[179,19],[43,11],[218,95]],[[2181,5577],[0,-224]],[[2181,5353],[-106,-3],[-54,-56],[-25,-38],[-13,-124]],[[1983,5132],[-92,-1],[0,70]],[[1891,5201],[-20,53],[-91,52],[-25,37],[-14,109]],[[16742,48512],[0,92]],[[16742,48604],[69,61],[49,-32],[33,9]],[[16893,48642],[9,-17],[52,-12],[54,-27],[46,-3],[-4,-393]],[[16889,48131],[-200,3]],[[16137,47762],[5,-8]],[[16142,47754],[-42,-38],[-13,-34]],[[16087,47682],[-7,-91],[17,-35],[-15,-17]],[[16082,47539],[-140,47]],[[15942,47586],[-28,42],[-73,56],[-47,24],[1,56]],[[14873,50196],[708,2],[284,-4],[260,0]],[[16125,50194],[-4,-458]],[[16121,49736],[-628,7]],[[15493,49743],[3,102],[14,46],[-326,1]],[[14873,49893],[0,303]],[[11755,24263],[166,2],[58,10],[33,46],[0,46],[58,56],[15,35],[1,63],[27,83],[27,17],[38,62],[-2,66],[47,36],[24,-9],[20,28],[-6,31],[22,25],[-9,88],[18,30],[-45,44],[17,56],[-12,44],[92,67],[30,5],[49,52],[43,21],[14,45],[58,47],[31,7],[37,40],[7,62],[-46,90],[12,33],[-32,52],[19,41],[-9,70],[28,118],[48,78],[33,68],[26,118],[-7,35],[12,29],[-44,90],[-1,33],[26,70],[-3,27],[69,179],[33,48],[9,67],[26,55]],[[13216,26088],[40,-61],[30,-60],[5,-59],[29,-10],[31,10],[48,-32],[-16,-30],[9,-65],[-19,-54],[-20,-19],[13,-36],[-6,-57],[-53,17],[-56,-11],[-12,-62],[-48,-68],[-11,-29],[13,-48],[-14,-43],[2,-37],[-16,-27],[32,-57],[2,-41],[-22,-18],[-90,-27],[-75,13],[-19,-73],[-7,-116],[-39,-107],[-44,-21],[-21,-133],[-13,-32],[15,-70],[-21,-68],[-42,-27],[-26,-87],[7,-12],[-42,-62],[69,-159]],[[12829,24210],[-15,-34],[26,-20],[18,-61],[-7,-33],[-23,-13],[2,-61],[-29,-82]],[[12801,23906],[-40,-22],[-18,16],[-40,-21],[-38,7],[-9,63],[-67,61],[-55,66],[-13,36],[-85,-1],[-25,-53],[-28,-23],[-12,-47],[-57,-36],[-15,-26],[15,-43],[-22,-12]],[[12292,23871],[-162,179],[-40,27],[-212,93],[-123,93]],[[6831,48116],[148,63],[-51,95]],[[6928,48274],[9,5]],[[6937,48279],[41,-20],[68,-129],[-2,-56],[17,-46]],[[7061,48028],[-66,-12],[-138,-49]],[[6857,47967],[-25,103],[-1,46]],[[7885,50317],[484,-6],[198,1],[345,-4],[209,1]],[[9121,50309],[-25,-41],[17,-60],[21,-101],[35,-52],[6,-43],[-27,-79],[7,-48],[17,-23],[-32,-66],[42,-34],[2,-109],[-19,-17],[-15,-114],[-55,-21],[-23,-87],[-35,7],[-24,-71]],[[9013,49350],[-40,53],[-36,26],[-58,12],[-45,31],[-23,32],[-108,62],[-41,86],[-41,4],[-85,-61],[-354,-90],[-33,-1],[-24,22],[-74,-3],[-64,-50],[-21,42],[-41,7],[-60,23],[-79,-22],[-40,62],[-28,-18],[-45,13],[-1,-39]],[[7672,49541],[-55,123],[5,32],[64,-22],[46,1],[26,13],[27,69],[-69,64],[-7,28],[-42,49],[8,37],[51,2],[31,34],[-67,54],[-25,47],[6,66],[30,-5],[23,-33],[85,-40],[27,12],[12,37],[-30,71],[-30,51],[18,29],[64,32],[15,25]],[[6793,48499],[25,11]],[[6818,48510],[96,-101],[57,6],[5,-22]],[[6976,48393],[21,-85]],[[6997,48308],[-56,20],[-20,-14],[16,-35]],[[6928,48274],[-108,-10],[-19,26]],[[6801,48290],[-14,40],[-36,-23],[-19,11],[11,42],[-15,40],[-40,6],[-52,-33],[-28,16],[31,44],[-2,42],[23,27],[39,-34],[94,31]],[[6997,48308],[40,-76],[27,1],[58,41],[-3,83]],[[7119,48357],[58,-79],[17,-49],[-9,-45],[91,32],[108,26],[62,29]],[[7446,48271],[23,-103]],[[7086,48030],[-25,-2]],[[4808,50340],[13,-37],[-4,-49],[32,-36],[76,-15],[32,-14],[121,-117],[25,-85],[36,-59],[57,-35],[49,-51],[65,-83],[67,-45],[40,-36],[138,-156],[-10,-20]],[[5545,49502],[-40,-66],[-38,-46],[-117,-95],[-52,-51],[-74,-35],[-41,-44],[-34,-82],[-87,-110],[-49,-82],[-45,-110],[-54,-91],[-45,-36],[-118,-42]],[[4751,48612],[-33,87],[-108,177],[-73,83],[-44,27],[-92,78],[-37,4],[-94,45],[-57,14],[-155,71],[-168,90],[-84,25],[-88,-5],[-66,-19],[-47,-23],[-77,-55],[-59,-24],[-48,-6],[-114,8],[-3,-25]],[[3304,49164],[-19,19],[-55,19],[-193,74],[-94,60],[-119,113],[-64,95],[-43,124],[-70,166],[-76,124],[-63,73],[-86,148],[-24,78],[-19,106],[409,-8],[457,-4],[920,-10],[643,-1]],[[6906,50319],[232,-3],[327,3],[178,-3],[242,1]],[[7672,49541],[12,-30],[-41,-67],[-37,-25],[-11,-28],[44,-27],[76,-10],[71,15],[36,20],[25,-21],[-55,-110],[2,-32],[24,-19],[37,-4],[86,20],[41,-22],[7,-72],[37,-124],[28,-115],[-16,-44],[-104,-8]],[[7934,48838],[-30,34],[-85,21],[-92,-42],[-42,-42],[-34,-69]],[[7651,48740],[-3,92],[3,136],[-188,1],[-41,26],[-65,3],[-83,33],[-95,13],[-52,32],[-81,2]],[[7046,49078],[5,36],[-169,2],[2,74],[-7,25],[-48,-29],[-93,-25],[-40,-4]],[[6696,49157],[1,69],[30,34],[27,67],[34,13],[11,60],[-5,48],[50,35],[33,46],[24,3],[23,63],[-14,48],[-18,9],[-45,85],[12,43],[-21,37],[-1,35],[-38,34],[-9,40],[32,67],[39,26],[-11,24],[28,40],[-21,27],[6,24],[-31,28],[-5,54],[23,35],[42,18],[14,50]],[[29575,24877],[94,7],[92,-20],[57,-5],[35,8],[80,-5],[91,0],[29,-12],[91,8],[78,35],[43,39]],[[30265,24932],[31,-82],[46,7],[23,-20],[30,-85],[43,-38],[-4,-27],[17,-24],[48,-13],[17,-26],[1,-40],[42,-39],[5,-48]],[[30564,24497],[-169,-3]],[[30395,24494],[-116,-4],[-241,-3],[0,-57]],[[30038,24430],[-34,39]],[[30004,24469],[-207,244],[-70,69],[-114,67],[-32,10]],[[29581,24859],[-6,18]],[[12149,22512],[83,81],[80,56],[53,18],[104,6],[51,-8],[37,-17],[141,-98],[56,-26],[30,-2],[26,26],[0,34]],[[12810,22582],[115,18],[51,-4],[5,-26],[49,-24],[9,29]],[[13039,22575],[58,18],[49,-30],[32,23],[5,28],[69,7],[140,7],[93,-8]],[[13485,22620],[36,-18],[242,-29],[29,-10],[-20,-32],[-5,-96],[-68,-78],[-28,-119],[-31,-25],[-37,-66],[-29,-14],[6,-54],[-21,-42],[13,-57],[55,5],[100,-31],[51,-43],[79,-38],[-42,-108],[-42,-71],[2,-149]],[[13775,21545],[0,-224]],[[13775,21321],[-16,-19],[-53,0],[-3,27],[-40,40],[6,23],[-35,24],[-33,59],[-29,11],[-17,29],[-74,37],[-20,30],[-68,23],[-80,62],[-48,-6],[-80,75],[-81,8],[-28,27],[-38,-27],[-61,14],[-66,43],[-54,-9],[-85,29],[-44,32],[-26,-8],[-15,-46],[-20,-21],[12,-50],[-1,-41],[-51,-39],[-64,26],[17,-62],[-57,-33],[-29,-2],[1,-34],[23,-12],[-1,-45],[-33,16],[-32,-17],[-60,-67],[-31,-3],[-9,43],[26,28],[6,40],[-19,16],[-66,-17],[-19,-86],[-50,-8],[-44,20],[35,66],[-29,24],[-66,-47],[-42,-6],[-15,-69]],[[12069,21419],[-61,10],[-88,7],[-41,11],[-79,44],[-143,95],[-47,45],[-24,64],[-12,71],[-39,87],[-16,113],[4,48],[23,55],[51,7],[99,-36],[74,-53],[47,-54],[51,-23],[171,35],[73,-9],[48,4],[37,14],[33,54],[9,74],[-3,60],[-14,37],[-69,58],[-18,24],[-12,126],[1,59],[25,66]],[[8804,22400],[452,5],[-8,394],[-2,300],[4,208],[0,258],[-7,651],[424,-2],[108,3],[257,-1]],[[10032,24216],[7,-21],[42,-39],[0,-73],[33,-5],[-3,-38],[27,-22],[2,-35],[-38,-22],[-2,-37],[-36,-66],[-9,-61],[-37,-28],[-2,-197],[-10,-19],[29,-39],[-22,-72],[19,-19],[8,-71],[37,-8],[32,-36],[40,-15],[20,-22],[-3,-92],[8,-47],[-5,-46],[-33,-57],[45,-74],[17,-58],[21,-32],[44,-11],[-1,-46],[-16,-37],[42,-36],[34,13],[52,-58],[52,-84],[-5,-57],[35,-63],[29,-4],[-1,-30],[34,-32],[-39,-54],[-58,-101],[10,-56],[-62,-21],[60,-93],[53,9],[6,-27],[-18,-38],[6,-51],[49,-5],[31,-46],[-39,-23],[22,-75],[41,-14],[-7,-27],[21,-26],[1,-43],[-30,-77],[-36,22],[-41,-11],[-4,-28],[40,-48],[9,-49],[53,16],[27,-9],[5,45],[53,8],[12,-17],[5,-68],[35,-16],[0,-95],[-31,-122],[28,-17],[-13,-34],[41,-17],[21,8],[48,-12],[64,3],[-56,-57],[12,-22],[87,-27],[21,-53],[69,-14],[-43,-69],[-52,-51],[86,-42],[69,-25],[46,-7],[68,23],[115,87],[51,20],[58,-42],[64,-82],[48,-28],[64,-15],[125,48],[96,10],[80,29],[139,92],[102,37],[46,33],[39,79],[1,52],[-20,70],[-37,69],[-90,93]],[[13775,21321],[-2,-112],[7,-164],[0,-116]],[[13780,20929],[0,-286],[7,-488],[2,-342],[-2,-102]],[[11925,19704],[-57,4],[-466,-1],[3,30],[31,22],[-23,32],[9,19],[-18,47],[16,14],[-42,38],[-38,-8],[-49,33],[-37,65],[51,66],[-7,24],[-56,0],[-9,32],[-59,36],[-8,24],[-58,-17],[-61,27],[-44,-8],[-95,85],[1,27],[-31,72],[16,22],[-46,29],[-41,62],[-44,10],[-57,-3],[-35,11]],[[8811,21958],[-7,442]],[[12801,23906],[28,-11],[9,-31]],[[12838,23864],[-76,-134],[-9,-49]],[[12753,23681],[-70,-1]],[[12683,23680],[-141,18],[-309,30]],[[12233,23728],[-1,65],[60,78]],[[27183,10845],[52,17],[51,30],[53,64],[34,68],[19,72]],[[27392,11096],[72,-81],[85,-62]],[[27549,10953],[112,-65],[55,-12],[-12,-64],[-78,-102],[-81,-182]],[[27545,10528],[-55,-95],[-53,-56],[-121,-74]],[[27316,10303],[-21,105],[-38,87]],[[27257,10495],[-35,95]],[[27222,10590],[-52,109],[-1,35],[14,111]],[[24630,11506],[34,19],[39,59],[9,46],[51,35],[24,-6],[96,30],[17,-11],[80,35],[41,-29],[44,18],[58,-1],[30,-18],[54,6],[6,-14],[52,5],[64,-28],[90,-57],[75,4],[123,-34],[107,-48],[42,-29],[100,-6],[26,-19],[58,20],[82,-11],[61,-22],[45,-39]],[[26138,11411],[12,-82]],[[26150,11329],[0,-73],[34,-113],[104,-28]],[[26288,11115],[41,9],[57,-32],[4,-69]],[[26390,11023],[7,-71],[19,-32]],[[26416,10920],[-34,-36],[-28,46],[-57,-1]],[[26297,10929],[-322,-19],[-173,-6]],[[25802,10904],[-385,-27],[-345,0],[-752,4]],[[24320,10881],[9,34],[28,-8],[-1,43],[41,-6],[6,32],[37,3],[13,54],[26,7],[3,67],[-16,31],[35,12],[-5,48],[21,25],[-10,81],[82,21],[61,94],[13,36],[-33,51]],[[29146,12048],[454,3],[201,5]],[[29801,12056],[0,-48],[-23,-108],[-25,-41],[-46,-51],[-28,-14],[-78,-17],[-22,-18],[-15,-38],[21,-26],[0,-70],[-9,-28],[13,-66],[28,-48],[27,-67],[11,-52],[45,-90],[20,-82],[-15,-47],[1,-78],[-12,-35],[-63,-74],[-10,-73],[5,-60]],[[29626,10825],[-31,12],[-42,-14],[-52,4],[-41,-9],[-78,2],[-178,-60],[-71,-58],[-54,11],[-58,104],[-31,14]],[[28990,10831],[-7,42],[-29,39],[5,79],[35,83],[5,72],[-80,-7],[26,42],[-179,6]],[[28766,11187],[5,177],[-2,62],[-11,47],[-29,34],[14,51],[60,112],[19,54],[47,10],[49,41],[66,92],[104,102],[58,79]],[[27119,11252],[39,-5],[44,17],[1,27],[56,-1],[50,12],[49,28],[50,5],[-3,57],[47,61],[58,22],[41,39]],[[27551,11514],[42,1],[20,21],[35,4],[20,-101],[-43,-17],[-28,-45],[-4,-57],[10,-85],[-28,-28],[-23,-125],[-5,-102]],[[27547,10980],[2,-27]],[[27392,11096],[-15,18],[-59,29],[-116,10]],[[27202,11153],[-50,16]],[[27152,11169],[-26,36],[-7,47]],[[27545,10528],[44,13],[67,-7],[85,-55],[47,-3],[81,-37],[31,-6]],[[27900,10433],[-6,-48],[-16,-32],[5,-71],[32,-31],[74,-37],[44,0],[85,-30],[117,-23],[46,-39],[21,-46],[-9,-29],[11,-40],[35,-76],[96,-87],[38,-11],[60,-40],[28,-40],[40,-33],[42,-82],[55,-31],[52,-92],[26,-11],[32,-39]],[[28808,9465],[-28,-82],[-19,-6],[-35,-74],[-57,-70],[-15,-86],[-27,-40],[-18,-76],[-82,-85],[-50,-44],[-18,-33]],[[28459,8869],[-285,-8],[-497,-8]],[[27677,8853],[-30,16],[-57,105],[-80,85],[-47,28],[-26,29],[-28,6],[-21,41],[-36,23],[-23,84],[-40,26],[-67,58],[-26,14],[38,62],[31,77],[10,48],[43,408],[0,328],[-2,12]],[[28808,9465],[2,47],[16,27],[-3,41],[-31,60],[6,85],[16,19],[11,54],[15,22],[7,60],[25,38],[105,71],[13,43],[-8,84],[-32,62],[-9,54],[29,31],[46,20],[-3,151],[38,55],[-34,30],[-41,68],[1,209],[13,35]],[[29626,10825],[5,-44],[36,-3],[39,-53],[-10,-157],[66,-49],[75,-6],[51,-18],[64,-86],[7,-22],[50,-52],[14,-31],[17,-79],[67,-128],[24,-6],[53,-55],[62,-40],[15,-56],[50,-85],[32,-135],[-22,-88],[58,-84],[34,-75],[59,-59],[25,-111],[-8,-103],[36,-75],[10,-71],[43,-51],[-5,-55],[-22,-81],[-495,-2],[-235,3],[-532,-1],[-164,3],[-401,-2],[-265,1]],[[27487,12108],[260,-11],[358,-19],[224,-8],[18,8],[56,-11],[151,-4]],[[28554,12063],[442,-17],[150,2]],[[28766,11187],[-103,3],[-63,-35],[-90,3],[-22,80],[11,47],[-100,33],[-58,-2]],[[28341,11316],[-45,0],[-58,-19],[-63,0],[-50,-15],[-97,-79],[-99,-64],[-117,-88],[-29,-43],[-123,-4],[-113,-24]],[[27551,11514],[-41,80],[-49,58],[-49,12],[-48,57],[-41,-2],[-20,24],[184,365]],[[14035,42074],[82,-10],[90,-1],[9,-42],[57,-120]],[[14273,41901],[77,-149]],[[14350,41752],[-55,-46],[-91,1],[-51,-18]],[[14153,41689],[-86,2],[-32,208],[8,96],[-8,79]],[[6470,4756],[189,0],[0,152],[55,-11],[20,-33],[39,-34],[14,-42],[29,-21],[20,-47],[2,-45],[16,-46],[65,-85],[41,-13],[25,-40],[26,-10],[18,-57],[-5,-33],[35,-55],[38,-35],[64,-29],[19,-22],[13,-51],[48,-44],[41,-6],[38,-26],[29,-34],[35,6],[46,-33],[14,-77],[-8,-50]],[[7436,3935],[-69,16],[-20,-8],[-79,-2],[-48,-23],[-63,-4],[-52,15],[0,75],[-223,-1]],[[6882,4003],[0,152],[-74,0],[0,38],[-43,1],[-68,119],[-1,64],[-38,2],[1,58],[-34,7],[-43,85]],[[6582,4529],[-112,227]],[[8112,31707],[76,-4],[-1,-50]],[[8187,31653],[-66,-5]],[[8035,31625],[-1,87]],[[8119,31608],[68,-4],[1,-44],[49,-28]],[[8237,31532],[101,-24]],[[8338,31508],[0,-28]],[[8338,31480],[-36,-5],[-64,25],[-51,-55]],[[8187,31445],[-5,33],[-70,4]],[[7215,48426],[80,47],[73,30],[133,31]],[[7501,48534],[70,26]],[[7571,48560],[27,-4],[56,-78],[8,-51],[-18,-179]],[[7446,48271],[-30,63],[-104,-53],[-55,102],[-42,43]],[[5545,49502],[24,-59],[18,-3],[39,-67],[37,-39],[17,-62],[-6,-51],[40,-63],[31,-30],[56,-30],[35,-36],[8,-27],[61,-35],[162,16],[21,-5],[72,13],[71,3]],[[6231,49027],[31,-14],[122,56],[50,-29],[35,-71],[-7,-90],[31,-54],[3,-36],[-47,-24],[35,-85],[48,-61],[61,7]],[[6593,48626],[34,-32],[14,-53],[82,10],[46,-23],[24,-29]],[[6801,48290],[15,-34],[38,-11],[-6,-24],[-91,48],[-45,-11],[11,-31],[108,-50],[0,-61]],[[6857,47967],[-117,-39],[-35,-26],[-62,-79]],[[6643,47823],[-10,-17]],[[6633,47806],[-49,-70],[-27,-52],[-48,-42],[-116,-28],[-34,-17]],[[6359,47597],[-84,-55],[-61,-10]],[[6214,47532],[-48,0],[-65,-13],[-116,-14],[-120,0],[-100,32],[-154,63],[-71,47],[-42,40],[-59,79],[-53,60],[-120,97],[-117,90]],[[5149,48013],[-77,74],[-69,55],[-82,55],[-54,58],[-64,126],[-23,75],[-29,156]],[[9121,50309],[129,-4],[159,0],[484,-8]],[[9893,50297],[-10,-11],[-5,-66],[14,-52],[36,-41],[-2,-54],[48,-34],[57,-59],[9,-57],[-46,-62],[-12,-55],[42,-21],[34,-31],[4,-50],[-33,-11],[-20,-40],[-27,-9],[-17,-35],[42,-33],[10,-23],[-42,-78],[-41,-19],[-13,-44],[-35,-16],[-40,27],[-18,-26],[4,-33],[-51,-23],[-20,-50],[-49,1],[-8,-19],[15,-44],[-11,-44],[-54,-30],[23,-59],[47,-55],[-13,-37],[-28,-16],[6,-29],[79,2],[34,-11],[3,-58]],[[9805,48892],[3,-22],[-55,-9],[25,-58],[36,-49],[-6,-25],[-59,-21],[-54,-70],[31,-88],[-13,-35],[-55,-37],[-11,-224]],[[9647,48254],[-144,-27],[-188,-13]],[[9315,48214],[18,108],[48,155],[66,42],[-4,34],[-58,28],[-19,25],[35,54],[-3,36],[-78,6],[-28,36],[-2,36],[48,88],[5,42],[-46,54],[-35,5],[-46,-90],[-31,4],[-14,98],[-33,27],[-41,60],[6,49],[19,42],[3,73],[-88,29],[-10,47]],[[9027,49302],[-14,48]],[[5998,5265],[56,-9],[222,-2]],[[6276,5254],[-6,-100],[5,-25],[60,-118],[5,-43],[20,-2],[110,-210]],[[6582,4529],[-223,-1],[0,-149]],[[6359,4379],[-390,0]],[[5969,4379],[-24,76],[-73,39],[-42,63],[-1,99],[-38,34],[-26,82],[8,55],[-41,99],[1,23]],[[8126,3518],[51,9],[26,31],[38,2],[38,23],[39,55],[22,46],[10,57],[48,51],[57,20],[116,-36],[62,-103],[51,-114],[49,-17],[49,-34],[25,-1],[39,-31]],[[8738,2645],[-259,1],[-1,-413],[-17,-35],[-15,-64],[13,-49],[41,-36],[-28,-19],[-40,-109],[-20,-99],[2,-47]],[[7899,1597],[-32,-6],[-51,11],[-25,30],[-12,38],[6,61],[-4,68],[-14,50],[-26,45],[-65,157],[6,55],[-14,45],[-75,36]],[[7593,2187],[-31,39],[-66,36],[3,48],[26,26],[-7,26],[22,24],[-11,60],[-15,13],[-15,130],[-55,38],[-5,44],[-18,47]],[[7421,2718],[-13,25],[-64,6],[-49,105],[1,36],[-17,16],[4,53],[20,28],[1,61],[-16,15],[-5,47],[19,63],[-200,0],[0,75]],[[7102,3248],[0,152],[983,2],[11,73],[30,43]],[[4700,3551],[75,117],[16,74],[44,100],[39,49],[37,69],[21,64]],[[4932,4024],[41,-10],[-6,-39],[-25,-45],[26,-10],[157,1],[43,6]],[[5168,3927],[0,-226]],[[5168,3701],[-2,-152]],[[5166,3549],[-253,-1],[-5,52],[-89,6],[-47,-47],[-11,-23],[-61,15]],[[12016,44683],[152,-8],[136,-3],[74,51],[64,21],[105,-27],[89,-44],[-5,-191],[-20,-93],[1,-52],[42,-52],[36,-11],[39,23],[57,51],[-9,-305]],[[12777,44043],[-49,-37],[-13,-31],[29,-62],[4,-36],[51,-59],[-12,-23],[9,-57],[50,-83],[29,-74],[-5,-57],[21,-37],[8,-116],[50,-106],[-6,-33],[-47,-55],[-4,-24]],[[12892,43153],[-734,6],[-159,15]],[[11999,43174],[0,462],[-1,129],[7,466],[11,452]],[[16311,47408],[129,41]],[[16440,47449],[34,-34],[20,12],[34,-48],[27,0]],[[16555,47379],[19,-91]],[[16574,47288],[-166,4]],[[16408,47292],[0,14],[-108,0]],[[16300,47306],[14,21],[-3,81]],[[16252,47306],[48,0]],[[16408,47292],[-3,-138]],[[16405,47154],[-157,2]],[[16248,47156],[4,150]],[[16405,47154],[-2,-76]],[[16403,47078],[-2,-76]],[[16401,47002],[-157,2],[4,152]],[[16574,47288],[17,-59]],[[16591,47229],[69,-154]],[[16660,47075],[-55,-18],[-39,0],[-84,21],[-79,0]],[[16660,47075],[45,-150]],[[16705,46925],[-4,-10],[-304,-75]],[[16397,46840],[4,162]],[[13797,45450],[48,-45],[260,-228],[42,-24],[74,-28],[15,-28],[-12,-420],[-77,1],[-1,-12]],[[14146,44666],[-43,6],[-51,-38],[-52,4],[-50,-47],[-54,-8],[-38,10],[-17,-38],[-36,-45],[-60,-13],[-64,-3],[-18,-29],[-24,88],[-83,-30]],[[13556,44523],[-33,39]],[[13523,44562],[15,41],[16,103],[-19,83],[-40,55],[-24,16],[-62,11],[-32,21],[3,50],[39,27],[36,-41],[0,-37],[45,-44],[101,-62],[83,47],[5,22],[58,52],[12,42],[30,52],[23,12],[5,47],[-29,34],[-13,50],[-25,40],[109,1],[-55,209],[-7,57]],[[13345,45460],[-15,84],[-39,72],[71,63]],[[13362,45679],[379,-186],[56,-43]],[[13523,44562],[-42,62],[-49,55]],[[13432,44679],[-10,22],[-78,99],[-16,28],[-41,121],[-11,65]],[[13276,45014],[-7,90],[24,51],[32,15],[23,29],[-47,36],[-16,72],[48,24],[28,49],[18,53],[-34,27]],[[9629,14696],[52,-8],[63,28],[118,-45],[22,14]],[[9884,14685],[94,-111],[30,5],[37,-32],[45,-96],[25,-27],[-7,-97]],[[10108,14327],[-9,-163],[-43,-80],[-157,-59],[-14,47],[-28,129],[36,26],[67,96],[-45,51],[-53,37],[-53,66],[-57,59],[-36,7],[-37,-11],[-36,-27],[-17,96],[10,56],[-7,39]],[[1520,32892],[55,-102],[54,-130],[35,-179],[61,-163],[13,-21],[71,-58],[16,-24],[9,-61],[-96,-302],[0,-29],[30,-25],[17,42],[43,21],[23,-36],[213,-164],[33,-30],[94,-157],[58,-46],[138,-48],[39,-26],[92,-101],[49,-62],[76,-75]],[[2643,31116],[70,-75],[64,-54],[37,-77],[33,-1],[9,-91],[16,-60],[35,-92],[29,-51],[108,56],[72,24],[3,-16],[58,-25],[90,-1],[87,-27],[42,-2],[39,-17],[49,-37],[64,-62],[-24,-41],[-115,-60],[-40,-1],[-36,-23],[-39,-67],[6,-56],[-22,-42],[-26,-93],[-39,-27],[2,-60],[-22,-73]],[[3193,29965],[-42,38],[-43,2],[-58,-19],[-19,-36],[-59,-2],[-19,41],[-45,1],[-64,-43],[28,-35],[-1,-29],[31,-23],[5,-28],[-105,-59],[-73,-2],[3,-38],[-41,-49],[-41,-81],[3,-76]],[[2653,29527],[-538,-10],[-681,-29],[-265,-9]],[[1169,29479],[7,92],[77,756],[40,379],[16,243],[18,95],[47,432],[17,199],[23,182],[15,164],[57,534],[34,337]],[[4085,32752],[55,-21],[45,7],[6,22],[56,-17],[129,-5],[41,-18],[58,14],[83,-18],[53,1]],[[4611,32717],[-3,-71],[-18,-27],[1,-54],[270,33],[27,9],[58,-110],[47,-55],[47,-12],[53,12],[82,-69],[35,-14],[41,13],[25,-69],[28,-18],[107,-46],[-2,-20],[87,-111],[68,17],[28,22]],[[5592,32147],[9,-331],[3,-317],[-8,-338]],[[5596,31161],[-22,-37],[-67,-31],[-36,-4],[-29,-57],[-87,23],[-23,-33],[-71,-19],[-74,-35],[-14,-34],[-40,-19],[-24,8],[-74,-28],[-50,-71],[-49,26],[-75,-26],[-13,-36],[-41,36],[-14,-46],[-41,-36],[-54,1],[-22,-41],[-43,-13],[-30,-48],[-3,-53],[-21,-20],[-16,-57],[-20,-6],[-64,-52],[-36,-56],[-3,-23],[-71,1],[-10,18],[-43,-17],[-27,4],[-43,-56],[-50,5],[-20,-21],[-53,21],[-24,-28],[-39,3],[-25,-30],[-78,-27],[-69,-43],[5,-29],[30,-15],[-14,-31],[-56,18],[-34,-22],[19,-42],[46,-39],[4,-38],[-26,-14],[-61,4],[1,-33],[-47,-13],[-27,26],[-21,-20],[-44,25],[-15,35],[-50,52],[-5,33],[-57,-4],[-55,18],[-22,-34],[19,-23],[39,12],[-11,-54],[-49,-10],[-14,37],[-27,-40],[44,-23],[-4,-21],[-48,-14],[-49,27],[-21,-29],[-45,-3],[-35,18],[-27,-15],[-38,22]],[[2643,31116],[10,81],[14,52],[8,132],[-47,30],[-43,58],[-1,88],[38,64],[13,55],[2,66],[-9,71],[19,51],[45,-23],[51,-8],[48,-39],[27,-47],[23,-61],[64,-35],[81,2],[112,-51],[30,-36],[76,12],[43,-11],[46,8],[59,-1],[51,29],[45,9],[129,44],[93,53],[66,17],[30,24],[-42,95],[-36,17],[10,46],[25,44],[27,8],[33,52],[46,0],[28,36],[-17,68],[-1,41],[37,33],[-1,45],[27,61],[28,9],[64,-8],[20,10],[21,46],[30,18],[21,44],[-28,63],[33,6],[4,156],[-16,50],[6,62]],[[8957,13876],[41,19],[16,21],[65,4],[32,-21],[130,-52],[66,-8],[41,11],[63,-1],[29,26],[3,71],[56,88],[43,-22],[391,-288]],[[9933,13724],[0,-5],[421,-371],[102,-98],[87,-44],[39,-37]],[[10582,13169],[-8,-25],[-32,-35],[-85,-25],[-101,-69],[-57,-88],[-23,-21],[-33,-69],[-79,-65],[-57,-132],[-63,-102],[-47,-32],[-55,-3],[-24,-23],[-6,-70],[-23,-56],[-48,-67],[-40,-137],[-78,-27],[-55,-41]],[[9668,12082],[2,41],[-10,85],[-70,51],[-37,43],[-20,38],[-40,16],[-34,47],[-6,64],[-37,40],[-7,90],[14,46],[-25,74],[27,117],[-5,41],[22,47],[50,69],[17,82],[18,42],[-89,44],[-3,66],[-20,98],[19,25],[-40,23],[-32,39],[-53,30],[-12,19],[-4,94],[-30,39],[-55,19],[-86,119],[-17,32],[-64,57],[-74,37],[-10,20]],[[7982,15694],[36,-50],[55,-98],[30,-73],[8,-143],[0,-92],[9,-98],[11,-43],[33,-68],[28,-34],[103,-74],[147,-138],[10,-50],[-8,-75],[42,-26],[15,12],[-12,46],[33,18],[46,6],[48,-31],[20,10],[90,-31],[23,7],[91,-41],[37,14],[49,-30],[18,33],[26,11],[47,-18],[24,18],[49,-33],[71,43],[65,60],[47,-14],[29,12],[37,-14],[40,37],[31,-8],[57,13],[40,-29],[23,7],[36,-26],[33,14],[30,-22]],[[10108,14327],[18,-95],[28,-93],[11,-56],[-21,-119],[-24,-39],[-160,-178],[-27,-23]],[[8957,13876],[-68,-31],[-14,11],[-96,-10],[-43,-41],[-105,-40],[-36,5],[-24,-35],[17,-24],[-35,-85],[-22,-17],[-44,-2],[-56,25],[-81,-118],[-11,-38],[-46,-46],[-120,-30],[-97,-37],[-30,2],[-25,-25],[-74,-50]],[[7947,13290],[-32,35],[-26,9]],[[7889,13334],[29,31],[31,81],[25,121],[35,105],[10,110],[-31,65],[-105,65],[-110,59],[-51,20],[-80,48],[-135,125],[-9,26],[14,44],[46,35],[135,52],[118,129],[53,49],[71,57],[56,36],[-3,98],[-6,1004]],[[9668,12082],[-76,-50],[-46,-45],[-39,-12],[-73,-73],[-22,-46],[-41,-40],[-86,-67],[-38,-57],[-39,-95],[-3,-41]],[[9205,11556],[-543,-3]],[[8662,11553],[85,149],[19,63],[30,40],[48,11],[21,25],[32,108],[25,48],[0,26],[42,61],[40,13],[7,36],[-48,25],[-1,54],[-14,20],[-45,1],[33,52],[44,99],[-82,0],[-46,15],[-60,69],[-19,49],[9,82],[-48,52],[-37,16],[-21,-15],[-47,20],[-27,64],[-94,22],[-36,33],[-67,10],[-51,62],[-36,19],[-6,119],[-33,24],[-8,29],[-63,4],[-21,23],[-62,-9],[-44,38],[-43,18],[-21,24],[-35,11],[-14,31],[6,38],[-18,9],[-9,49]],[[10325,19679],[-48,-58],[-35,-59],[-59,-18],[-12,-15],[-4,-56],[34,-39],[28,-62],[56,-72],[-30,-14],[-134,-126],[-80,-54],[-128,-29],[-98,-13],[-40,1],[-100,16],[-90,35],[-33,-14],[-89,-89],[-83,-60],[-47,-67]],[[4590,39096],[615,-11],[164,6],[225,-11]],[[5594,39080],[235,-12],[24,1],[284,-15],[321,-12],[467,3]],[[6925,39045],[-3,-38],[23,-31],[-5,-33],[33,-37],[-32,-105],[-36,-8],[-18,-45],[-66,-56],[-33,14],[-33,-4],[-69,15],[-51,-55],[45,-93],[-19,-18],[-64,0],[10,-36],[49,-33],[-18,-60],[37,-15],[-6,-110],[-29,-18],[-37,19],[-22,31],[-21,-37],[-67,-10],[1,-42],[77,-86],[15,-54],[15,-18],[12,-76],[-59,-17],[-28,11],[3,44],[-19,41],[-33,35],[-33,11],[-25,-16],[-9,-32],[14,-61],[19,-29],[17,-61],[-6,-58],[-33,-93],[-32,-26],[-65,-35],[-55,-41],[-53,-70],[-5,-25],[16,-58],[44,-42]],[[6271,37484],[-12,-46],[-42,-22],[-40,7],[-26,-26],[-15,-110],[-80,-64],[-15,26],[-39,-42],[-58,25],[-52,4],[-17,-32]],[[5875,37204],[-31,62],[-47,24],[-49,-1],[-49,49],[-40,54],[-30,-23],[-64,33],[-34,-7],[-37,10],[-25,25],[-48,-3],[-25,30],[-110,1],[-15,-32],[-52,14],[-42,26],[-33,-9],[-47,79],[-93,2],[-28,-7],[-71,18],[-54,23],[-29,-52],[-58,29],[-47,7],[-35,-19],[-63,-4],[-7,-16]],[[4612,37517],[-22,947]],[[4590,38464],[-3,167],[3,465]],[[6925,39045],[445,2]],[[7370,39047],[1,-416],[-2,-32],[98,-7],[255,-15],[278,-13],[29,1]],[[8029,38565],[260,-11],[1,-403],[7,-389]],[[8297,37762],[6,-305]],[[8303,37457],[-17,-25],[8,-59],[-21,-50],[-25,-16],[-39,0],[-12,-20],[-55,25],[-24,-74],[-31,-22],[-12,-35],[-33,-30],[-85,15],[-124,-47],[-50,-54],[-9,-25],[-62,-13],[-35,-26],[-38,-9],[-48,14],[-76,105],[-23,42],[-24,-3],[-113,58],[-12,33],[-32,37],[-18,-4],[-22,-47],[-24,-21],[16,-121],[-41,25],[-61,-1],[-36,20],[-18,29],[-38,13],[-18,22],[-51,12],[-14,31],[-48,35],[-1,22],[-28,39],[-53,13],[-12,-51],[-49,-66],[-63,-4],[-34,24],[-53,1]],[[6645,37249],[-19,39],[-54,23],[-60,42],[2,64],[-156,53],[-87,14]],[[8303,37457],[0,-113],[6,-287],[8,-321],[250,-5],[670,-25],[1,-902]],[[9238,35804],[-548,17],[-123,12],[-254,4],[-170,8]],[[8143,35845],[-321,12],[-415,28],[1,-302],[-308,-9],[0,-602],[-184,-6]],[[6916,34966],[-446,-15]],[[6470,34951],[-38,42],[13,82],[1,48],[-11,65],[31,39],[34,11],[-31,88],[-23,38],[-2,37],[-19,40],[3,69],[38,45],[-17,75],[2,74],[-21,95],[-36,38],[0,32],[-35,64],[-18,63],[-4,85],[-44,59],[32,17],[38,-16],[25,26],[51,5],[22,-43],[31,-23],[54,-19],[67,11],[65,1],[40,69],[-14,62],[54,27],[18,23],[7,52],[-30,31],[32,89],[-52,56],[-11,81],[-68,49],[-36,94],[-48,-13],[-94,41],[-9,79],[33,35],[33,57],[21,74],[-15,71],[37,52],[59,62],[10,59]],[[4636,35955],[85,23],[28,-29],[9,-31],[49,-8],[21,-42],[44,-30],[24,30],[7,52],[25,28],[5,41],[-11,42],[103,25],[126,0],[13,40],[52,34],[-5,48],[31,22],[15,34],[40,35],[8,30],[50,47],[-50,83],[32,117],[45,-5],[46,16],[17,25],[47,17],[41,0],[34,19],[84,-5],[9,181],[82,149],[28,40],[28,123],[77,98]],[[6470,34951],[-431,29],[-166,10],[-305,14]],[[5568,35004],[-157,6],[-145,-4],[-630,-10]],[[4636,34996],[0,959]],[[14411,32578],[33,4],[37,-17],[53,-40],[49,6]],[[14583,32531],[20,-35],[-18,-59],[3,-83],[-12,-15],[16,-51],[-10,-64]],[[14582,32224],[-89,6]],[[14493,32230],[-5,35],[-35,42],[-6,33]],[[14447,32340],[5,79],[-15,41],[-3,58],[-23,60]],[[14583,32531],[28,-9]],[[14611,32522],[26,6],[14,-29],[74,-26]],[[14725,32473],[12,-157]],[[14740,32250],[-16,-16],[-45,12],[-7,21],[-41,32],[-23,-78],[-26,3]],[[15854,31398],[23,-90],[-23,-20],[-33,-55],[-43,-119],[-16,-25],[24,-28]],[[15786,31061],[49,-32],[23,2],[82,-33],[63,-59],[53,21],[10,-38],[49,-43],[47,-63],[1,-59],[-34,-11],[36,-35],[-34,-47],[-1,-29],[39,-37]],[[16169,30598],[32,-28],[23,-2],[32,-44],[88,-27],[10,-49],[45,-73],[34,-7],[22,-47],[-40,-1],[-15,-25]],[[15345,30287],[-49,150],[-16,73],[-48,411],[-32,88],[-41,47],[-54,42]],[[16777,31907],[13,-16],[18,-66],[55,-44],[-34,-40],[39,-54],[-24,-34],[11,-60],[17,-6],[14,-48],[49,-5],[10,-42],[40,-21]],[[16985,31471],[-38,-73],[-60,-159],[-26,-29],[-31,-60],[-26,-85],[-43,-64],[-19,-48],[-27,-17],[-53,1],[-41,-15],[-17,60],[-44,10],[-63,-62],[-19,-42],[-30,-15],[-32,8],[-38,32],[-27,-4],[19,-41],[-22,-39],[5,-43],[-15,-51],[-81,-18],[-37,-20],[-15,-65],[2,-33],[-38,-1]],[[15786,31061],[45,19],[76,64],[73,14],[77,-8],[35,34],[63,25],[45,35],[68,85],[69,66],[43,80],[29,22],[137,65],[69,115],[38,78],[9,71],[17,31],[50,39],[48,11]],[[14670,30534],[-71,-6],[-15,-29],[-1,-79],[-8,-38],[20,-25],[53,-2],[37,-23],[23,-49]],[[14708,30283],[-140,-3]],[[14568,30280],[-58,14],[-158,10]],[[14352,30304],[-2,150],[15,69],[-78,19],[-54,5],[-63,28],[-14,18]],[[14156,30593],[65,64],[1,86],[202,186],[39,54],[40,20],[20,30],[9,93]],[[16689,48134],[-75,-225]],[[16614,47909],[-115,16]],[[16499,47925],[2,211]],[[16499,47925],[-64,-14],[-93,0]],[[16342,47911],[1,75]],[[16101,47341],[210,67]],[[16252,47306],[-140,5],[-11,30]],[[6366,25815],[48,72],[27,-3],[35,52],[16,42],[6,65],[26,78],[27,1],[30,58],[-5,51],[137,56],[57,10],[85,79],[27,13],[468,-4],[21,67],[53,82]],[[7424,26534],[33,-4],[65,-33],[65,14],[39,-5],[126,0],[44,-11],[36,5],[63,67],[61,31],[59,73]],[[8015,26671],[43,-10],[8,-59],[-12,-22],[4,-122],[76,-1],[0,-190],[27,-56],[8,-103],[-27,-26],[45,-77],[100,0],[58,-22]],[[8345,25983],[-1,-358]],[[8344,25625],[-69,1],[-15,64],[-29,-110],[-47,-65],[-1,-37],[-84,10],[-67,-14],[-54,-32],[-116,-15],[-108,10],[-6,11],[-116,57],[-91,61],[-96,23],[-84,2],[-69,-36],[-313,3],[-76,-2],[20,-49],[-25,-67],[-29,-19],[-13,-62],[-21,-25],[23,-35],[-58,10],[-2,-30],[-92,-10],[-16,-36],[-38,-42],[-75,-64],[-20,-30],[-5,-37],[-44,-11],[-53,19],[10,49],[-13,53],[-35,44],[-36,13],[-85,-18]],[[6296,25209],[33,41],[93,49],[52,6],[7,16],[-59,82],[-40,119],[-5,38],[-47,17],[-83,-19],[-46,-31],[-71,-17],[-57,-28],[-20,0],[-76,31],[-37,23],[-73,91],[-20,81],[-33,45],[-6,25],[35,48],[44,-8],[105,-3],[165,45],[96,-55],[72,-32],[41,42]],[[7715,26760],[22,-44],[92,-8],[42,6],[61,-20],[5,-20],[64,24],[14,-27]],[[7424,26534],[-6,41],[33,68],[-64,31],[31,19],[36,2],[-10,80],[10,61],[141,6],[26,-14],[17,-33],[42,-32],[35,-3]],[[14607,35160],[36,21],[-1,34]],[[14642,35215],[45,-13],[47,10],[66,-27]],[[14800,35185],[24,-8]],[[14824,35177],[-87,-96],[-45,-41]],[[14692,35040],[-16,28],[-60,-34]],[[14616,35034],[-7,5],[-2,121]],[[16805,47680],[-11,-75],[-2,-64],[18,-6]],[[16810,47535],[-106,-4]],[[2039,37884],[38,6],[64,-23],[197,-55],[18,43],[25,126],[64,64],[-11,49],[34,65],[43,52],[44,-23],[25,18],[36,-24],[66,-7],[45,3],[41,32],[46,12],[35,24],[14,34],[52,-3],[80,39],[67,56],[78,36]],[[3140,38408],[18,-28],[32,-120],[-27,-71],[-1,-36],[-18,-104],[13,-82],[-20,-58],[0,-46],[-46,-179],[31,-82],[64,-58],[22,-62],[1,-40],[-20,-183],[13,-71],[53,-59],[16,-50],[-2,-51],[85,-88],[7,-83],[-18,-35],[-8,-54]],[[3335,36768],[-33,-5],[-25,-22],[-42,1],[-65,-17],[-111,51],[-66,-44],[-26,2],[-16,-45],[-31,-21],[-70,1],[-46,-34],[-37,41],[-59,-34],[-33,56],[-63,-18],[-83,-32],[-38,-27],[-44,-60],[-24,-7],[-14,-49],[-30,16],[-39,-3],[-126,-71],[-24,-5],[-18,-31],[-28,-3],[-41,-66],[-27,3],[-117,-43],[-21,-131],[-57,-27],[-25,-26]],[[1856,36118],[54,514],[52,525],[54,507],[10,145],[13,75]],[[3140,38408],[40,19],[19,49],[38,37],[24,63],[150,-11],[85,19],[161,11],[252,-4],[46,-10],[86,-77],[16,-85],[25,-45],[44,-35],[64,15],[58,35],[73,10],[55,19],[103,0],[111,46]],[[4612,37517],[7,-342],[4,-55],[7,-297],[3,-212]],[[4633,36611],[-23,66],[-26,20],[-19,113],[-68,66],[-29,45],[-76,28],[-52,-58],[-33,-13],[-114,51],[-21,-30],[-39,-16],[-57,-47],[-51,-9],[-38,18],[-36,-34],[-31,-98],[-53,-50],[-34,-85],[-40,-36],[-22,8],[-74,60],[-93,12],[-108,43],[-116,8],[-28,41],[-17,54]],[[11994,11562],[814,3]],[[12808,11565],[7,-29],[-11,-66],[-37,-25],[5,-40],[28,-52],[-27,-104],[-26,-57],[7,-51],[-22,-17],[6,-50],[-6,-94],[-33,-10],[15,-39],[1,-41],[54,-112],[7,-41],[18,-18],[-11,-31],[5,-72],[-19,-27],[-9,-92],[-17,-28],[32,-29],[-17,-53],[11,-47],[3,-102],[-50,-54],[-44,2],[-35,-33],[-38,-1]],[[12605,10152],[-23,14],[-73,1],[-37,37],[-35,4],[-36,-12],[0,-105],[-89,-2],[-1,25],[-49,48],[-66,40]],[[12196,10202],[36,39],[-21,131],[-20,35],[17,45],[-22,62],[-87,102],[-16,103],[-19,11],[2,86],[-15,62],[10,43],[-1,125],[21,34],[-2,37],[-22,30],[-11,53],[36,143],[12,80],[19,29],[-94,73],[-25,37]],[[20085,23173],[43,1]],[[20128,23174],[172,2],[50,-7]],[[20350,23169],[138,-92],[47,-24],[15,-27]],[[20550,23026],[-224,-55],[-40,-7],[-123,-7],[-77,7]],[[20086,22964],[0,44],[-13,40],[11,54],[1,71]],[[4636,35955],[2,88],[-3,167],[2,184],[-4,217]],[[16888,34129],[3,-61],[53,-254],[12,16],[65,31],[19,36],[82,61],[120,-345]],[[17242,33613],[-41,-30],[-54,-89],[-48,-54],[-35,-121],[-9,-117]],[[16206,33176],[-47,-4],[-40,19],[-78,65]],[[16041,33256],[14,34],[121,123],[36,48],[68,73],[68,82],[96,76],[327,344],[63,35],[54,58]],[[14156,30593],[-29,6],[-15,54],[-32,13],[-5,31],[55,66],[-41,69],[97,-6],[-7,48],[37,84],[11,75],[-4,93]],[[14284,35390],[75,-3],[1,12]],[[14360,35399],[47,0],[41,32],[41,-43],[71,87]],[[14560,35475],[-7,-37],[-29,-18],[6,-34],[52,-9],[13,-28]],[[14595,35349],[47,-134]],[[14607,35160],[-38,-6],[-18,-28],[-32,0]],[[14519,35126],[-29,-19]],[[14490,35107],[-37,104],[-169,-94],[-91,-17]],[[14193,35100],[-54,32],[60,75],[85,183]],[[17239,46727],[-36,-66],[32,-26],[17,-59]],[[17252,46576],[-62,-46],[-33,22],[-10,46],[-53,17],[-77,1]],[[17017,46616],[7,266]],[[13992,35283],[34,16],[77,-4]],[[14103,35295],[22,5],[30,39],[63,44],[66,7]],[[14193,35100],[-160,-44],[-92,3],[-41,-33]],[[13900,35026],[-25,41],[-79,31],[-41,23]],[[13755,35121],[30,63],[49,13],[52,56],[28,16],[36,-11],[42,25]],[[14490,35107],[-82,-41],[-13,-20],[-68,-36],[-42,18],[8,-64]],[[14293,34964],[-50,-8],[-94,-31],[-49,-30]],[[14028,34904],[4,25],[-46,10],[-42,27],[-22,44],[-22,16]],[[14519,35126],[0,-33],[-26,-55],[-1,-72]],[[14492,34966],[-51,-13],[-60,10]],[[14381,34963],[-88,1]],[[14616,35034],[-17,-28],[-49,-27],[-58,-13]],[[14670,33553],[27,-78]],[[14697,33475],[51,-102]],[[14748,33373],[-59,2],[-1,-43],[-77,1]],[[14611,33333],[-1,-30],[-52,1]],[[15142,37418],[16,197],[38,164],[-2,63],[29,98],[-2,46],[10,45],[-17,153]],[[15214,38184],[8,-5]],[[15222,38179],[507,-353]],[[15729,37826],[-3,-24],[10,-124],[19,-145],[-13,-170],[3,-39],[49,-207],[9,-135],[-9,-33],[-69,-136]],[[15203,37107],[-11,73],[-36,68],[-18,73],[4,97]],[[15499,34537],[1,38],[22,23]],[[15522,34598],[63,-7],[38,40],[19,-12],[14,-44],[27,22],[-21,39],[62,26],[74,59],[46,78],[51,-5],[19,36],[36,4],[-24,55],[11,12],[64,-57],[25,22]],[[16026,34866],[21,-43],[-27,-36],[32,-53],[83,-117],[20,8],[27,-71],[37,4],[19,-15],[15,-53],[-107,-86]],[[16146,34404],[-312,-3],[0,-154],[-77,1]],[[15757,34248],[-78,2],[-1,-76],[-37,0],[-20,-36]],[[15621,34138],[-18,-1],[3,-111],[-91,2]],[[15494,34043],[15,29],[-19,45],[48,-3],[15,41],[-36,-3],[-43,15],[0,74]],[[15474,34241],[49,43],[-7,17],[28,85],[-11,25],[-76,39],[42,87]],[[16871,47581],[-61,-46]],[[10967,11547],[13,11]],[[10980,11558],[548,2]],[[11528,11560],[466,2]],[[12196,10202],[24,-35],[-7,-69],[47,-66],[-8,-55],[43,-36],[6,-87]],[[12301,9854],[-19,-30],[-35,-23],[0,-66],[-32,-63],[-3,-29],[-78,-22],[-28,-32],[1,-33]],[[12107,9556],[-6,-68],[-27,-78],[-58,12],[-13,-21],[17,-27],[-24,-27],[9,-46],[-58,23],[10,-50],[-19,-20],[6,-44],[-33,6],[-29,-33],[-22,-2],[-2,-55],[-26,-4],[-20,27],[10,32],[-21,19],[-33,-31],[20,-37],[-21,-36],[-86,-59],[14,-51],[-31,2],[-48,-43],[-67,-7],[-29,-54],[7,-35]],[[11527,8849],[-98,-2]],[[11429,8847],[-26,25],[-22,67],[-37,68],[-42,13],[-79,5],[-35,40],[-42,5],[-43,66],[5,25],[-47,106],[-23,33],[20,31],[3,45],[19,16],[-17,44],[20,36],[11,61],[-27,72],[-5,40],[-34,55],[-8,51],[16,36],[1,69],[-17,27],[-12,76],[20,32],[-14,32],[17,82],[20,21],[31,65],[6,59],[-12,97],[2,41],[-45,119],[-20,87],[-13,95],[0,70],[15,50],[34,42],[19,81],[23,60],[-12,109],[10,113],[-26,127],[-30,47],[-15,50],[-51,109]],[[7547,11391],[48,-32],[66,15],[31,-25],[38,1],[75,-16],[46,-29],[7,-25],[54,-10],[34,-22],[20,15],[24,-29],[51,-8],[94,16],[115,75],[20,43],[33,12],[22,29],[39,26],[110,6],[99,37],[10,14],[61,30],[18,39]],[[9205,11556],[890,3],[673,-2],[212,1]],[[10967,11547],[-80,-72],[-76,-55],[-339,-215],[-52,-44],[-459,-458],[-40,-36],[-62,-43],[-87,-49]],[[9772,10575],[-691,-390],[-63,-44],[-107,-88],[-80,-36],[-292,-89],[-59,-24],[-40,-27],[-360,-295],[-71,-44],[-129,-52],[-43,-27],[-106,-82],[-103,-60],[-77,-33]],[[7551,9284],[-1,261],[0,342],[-5,154],[4,115],[-2,173],[1,211],[-2,72],[1,779]],[[9772,10575],[14,-17],[-10,-87],[-24,-47],[5,-49],[-33,-112],[-33,-40],[17,-21]],[[9708,10202],[-29,-18],[-57,-10],[-44,-25],[-37,-47],[-3,-36],[24,-65],[-2,-29],[-35,-49],[-12,-73],[-32,-53],[-53,-41],[-21,-38],[-86,-70],[-49,-55],[-52,-1],[-63,-68],[-90,-60],[-95,16],[-63,32],[-92,4],[0,-77],[-186,1],[-8,-129],[-39,-2],[8,-114],[1,-86]],[[8593,9109],[2,-211],[-14,-60]],[[8581,8838],[-192,-3],[-245,3],[-28,-3],[-302,0],[-117,-2]],[[7697,8833],[-146,-1],[0,452]],[[11429,8847],[-439,-17],[-114,-8],[-130,16],[-124,-2],[-86,6],[-314,1],[-6,-6],[-189,0],[-37,5],[-225,-4]],[[9765,8838],[3,67],[23,85],[0,157]],[[9791,9147],[128,-2],[1,36],[32,57],[2,120],[8,47],[-20,35],[5,33],[59,9],[-31,34],[7,26],[-17,37],[-33,12],[-59,128],[-42,43],[-7,28],[-30,33],[-14,114],[-24,72],[28,84],[7,68],[-83,41]],[[9791,9147],[-64,1],[-661,-22],[-473,-17]],[[9765,8838],[-451,2],[-93,-4],[-167,2],[-473,0]],[[12605,10152],[21,-51],[-68,-102],[-71,-33],[-30,-44],[-40,4],[-19,-28],[-32,6],[-20,-25],[-45,-25]],[[456,22411],[693,-6],[222,-5],[308,3],[96,-2]],[[1775,22401],[292,-3],[258,2],[519,8],[649,6],[626,4],[657,13]],[[4776,22431],[17,-28],[-25,-75],[-2,-35],[18,-49]],[[4784,22244],[9,-73],[-43,-32],[-56,-8],[-41,14],[-1,40],[31,25],[27,46],[12,82],[-43,36],[-59,-10],[-22,-28],[-58,-34],[-72,-10],[-20,11],[-43,79],[-25,20],[-54,-25],[-58,-95],[-27,-17],[-76,27],[-54,-20],[-10,-21],[27,-99],[-22,-14],[-81,36],[-28,-6],[-9,-139],[15,-29],[44,-34],[35,-41],[9,-68],[-2,-63],[-55,-95],[-1,-52],[45,-87],[21,-74],[-8,-62],[-34,-83],[-2,-47],[39,-93],[9,-67],[-35,-159]],[[4068,20975],[-51,-172]],[[347,21376],[29,266],[20,172],[60,597]],[[20040,22289],[15,63],[41,82],[86,100],[12,37],[-3,150]],[[20191,22721],[131,2]],[[20322,22723],[20,-1]],[[20342,22722],[0,-4]],[[20342,22718],[1,-119],[-31,-100],[-41,-64],[-34,-23],[-8,-25],[6,-74],[-16,-47]],[[20219,22266],[-18,2],[-74,-23]],[[20127,22245],[-57,22],[-30,22]],[[20219,22266],[35,-6],[48,11],[199,62],[29,3],[45,37],[24,48],[29,6]],[[20628,22427],[19,-7],[-4,318]],[[20643,22738],[69,29],[69,4],[153,35],[1,-46]],[[20935,22760],[4,-233],[-8,-28],[-57,-79],[-8,-22],[1,-267],[-35,4],[-88,-22],[-116,-43],[-52,-7]],[[20576,22063],[-34,19],[-184,76],[-231,87]],[[20579,22945],[40,26],[28,-13],[28,27],[-8,43]],[[20667,23028],[66,0],[151,-22],[78,1],[69,18],[59,6],[67,-3]],[[21157,23028],[24,-76],[-4,-30],[-30,-62],[12,-71],[24,-59],[-20,-65],[17,-30],[-19,-19]],[[21161,22616],[-54,50],[-62,33],[-33,8],[-77,53]],[[20643,22738],[-75,-11]],[[20568,22727],[-24,94],[-2,47],[15,48],[22,29]],[[20747,23361],[23,35],[-45,30],[-18,32],[-48,17],[-18,36],[1,32],[40,24]],[[20682,23567],[29,34],[30,-10],[5,-58],[37,-8],[33,20],[54,7],[78,-1],[45,30],[19,-1]],[[21012,23580],[71,-92],[155,-46],[48,-2],[76,-20],[24,27],[-9,45],[19,50],[42,36],[32,14],[49,-3],[49,-25]],[[21568,23564],[14,-29],[10,-75],[25,10],[24,-18],[2,-30],[31,-21],[-28,-74],[23,-79],[-27,-54],[32,-35]],[[21674,23159],[-368,-125]],[[21306,23034],[-74,-9],[-75,3]],[[20667,23028],[-4,66],[-33,69],[9,27],[60,20],[-12,72],[24,43],[30,2],[6,34]],[[21674,23159],[12,-39],[25,-14],[30,-43],[12,-50],[74,-102],[-13,-33],[6,-51],[27,-74],[-8,-27],[27,-44],[118,-14]],[[21984,22668],[-9,-23],[-41,-46],[2,-30],[-56,-54],[-63,-46],[-71,-78],[-36,-14],[-7,-33],[-129,43]],[[21574,22387],[5,63],[-41,89],[-35,47],[-49,91],[-15,39],[-55,81],[-11,74],[-2,89],[-23,41],[-42,33]],[[21574,22387],[-327,145],[-23,16],[-63,68]],[[20342,22718],[20,-37],[266,-254]],[[13396,34248],[40,-17],[35,0],[13,-83],[52,41],[69,80],[48,29]],[[13653,34298],[12,-20]],[[13665,34278],[-44,-49],[-106,-152],[-14,4],[-73,-83]],[[13380,33974],[4,82],[-1,163],[13,29]],[[11599,31950],[30,27],[75,0],[1,38],[190,-3],[3,-146]],[[11898,31866],[-56,-17],[-37,-47],[-30,-57],[3,-71],[9,-22],[34,-17],[79,-63],[-10,-61],[60,-61],[0,-48],[103,-83],[-10,-56],[-32,-34],[30,-48],[8,-43],[-27,-37],[-6,-39],[14,-42],[-14,-30],[-11,-98],[7,-46],[32,-43],[3,-39]],[[12047,30764],[-46,-7],[-41,19],[-55,-14],[-56,0],[-59,-12],[-42,-21],[-54,225],[-44,41],[-46,19],[-42,123],[-20,22],[3,64],[-28,10],[-44,-4],[-77,33],[-38,77],[9,37],[-5,44],[13,36],[18,105],[-36,73],[-38,-43],[-105,-62]],[[11214,31529],[1,76],[384,345]],[[19134,22398],[26,30],[3,38]],[[19163,22466],[127,-70],[20,4]],[[19310,22400],[66,-128],[51,-78],[80,51],[152,2],[8,33]],[[19667,22280],[95,-53],[59,-85],[44,37],[52,-2],[22,24],[18,69],[22,30],[-2,29]],[[19977,22329],[63,-40]],[[20576,22063],[-29,-5],[-102,-51],[-33,-5],[-63,16],[-60,-30],[-21,18],[-53,3],[-31,28],[-61,-18],[-40,65],[-51,2],[-28,32],[-78,10],[-30,-4],[-149,-60],[-87,-23],[3,-21],[-80,-17],[-28,-47]],[[19555,21956],[-79,12],[-84,41],[-22,53],[-124,113],[-10,49],[-41,29],[-61,145]],[[10195,41419],[207,102],[86,51],[95,37],[41,29],[44,44],[63,26],[101,-5],[42,31],[32,4],[14,50],[23,34],[100,53],[53,-14],[108,50],[53,13]],[[11257,41924],[-8,-42],[51,-53],[32,-6],[4,-55],[31,-59],[2,-69],[-23,-55],[24,-106],[-3,-24],[-54,-55],[-60,-113],[-30,-48],[-17,-79],[-2,-71],[-52,-63],[-22,-105],[-37,-55],[-19,-52],[20,-58],[64,46],[42,1],[53,-49],[67,-46],[56,-52],[61,-91],[26,-89],[-15,-58],[-27,-20],[-20,-95],[34,-33],[-9,-55],[14,-75],[61,-68],[-37,-93]],[[11464,39979],[-84,-26],[-40,10],[-44,-9],[-64,-113],[-25,-73],[-48,13],[-26,40],[-73,41]],[[11060,39862],[-82,127],[-17,12],[-31,58],[-29,15],[-30,69],[-27,39],[-89,71],[-31,38],[2,70],[-46,13],[-47,28],[-22,53],[6,37],[23,30],[48,24],[2,77],[-44,26],[3,29],[39,53],[-6,77],[-41,10],[-80,-9],[-59,26],[-4,17],[39,30],[0,23],[-42,35],[-56,-22],[4,-62],[-24,-62],[-41,22],[-28,44],[-89,-11],[-35,26],[20,30],[-20,50],[50,56],[76,34],[10,45],[-47,150],[-37,39],[48,25],[82,106],[-8,19],[-79,-6],[-44,-18],[-37,-42],[-32,7],[-13,49]],[[9674,43040],[354,-7]],[[10028,43033],[277,-8],[415,-2]],[[10720,43023],[509,2],[310,-3],[461,2]],[[12000,43024],[-2,-756],[-7,-556]],[[11991,41712],[-27,-2],[-69,64],[-47,18],[-80,5],[-115,46],[-48,39],[-32,51],[-44,34],[-161,53],[-64,-2],[-23,-19],[-8,-53],[-16,-22]],[[10195,41419],[-64,50],[1,40],[36,26],[50,20],[0,81],[-22,21],[-57,-15],[-49,18],[-34,-8],[-9,85],[-29,31],[-5,30],[28,29],[13,52],[-33,7],[-67,-18],[-10,32],[-1,83],[-46,32],[-9,43],[1,60],[-19,1],[-6,-47],[-39,26],[-34,-17],[-28,37],[-33,19],[-10,46],[-31,38],[-32,18],[-5,33],[-37,52],[0,34],[53,4],[17,17],[12,62],[54,-7],[-18,41],[6,40],[-10,82],[-54,-18],[-7,33],[13,60],[23,29],[59,13],[1,73],[-15,21],[-74,-51],[-38,0],[-42,26],[-13,45],[24,36],[-35,28],[-47,0],[-49,-35],[-17,27],[40,43],[109,79],[67,34]],[[11991,41712],[-10,-492],[3,-500]],[[11984,40720],[-3,-762],[1,-112],[-344,9]],[[11638,39855],[-44,49],[-28,10],[-85,64],[-17,1]],[[13101,33782],[16,132],[82,36],[47,-9],[-20,117]],[[13226,34058],[10,64],[39,52]],[[13275,34174],[121,138]],[[13396,34312],[0,-64]],[[13292,33819],[-43,4],[-91,-132]],[[13158,33691],[-102,45]],[[13056,33736],[45,46]],[[13464,34685],[90,10],[114,-23],[23,5]],[[13691,34677],[-103,-151]],[[13588,34526],[-192,-214]],[[13275,34174],[22,71],[-49,37],[-48,51]],[[13200,34333],[14,27],[50,31],[35,56],[-13,33],[11,41],[21,20],[2,48],[17,58]],[[13015,34124],[35,67],[33,19],[8,23],[40,36],[7,48],[30,-4],[32,20]],[[13226,34058],[-26,11],[-86,-3],[-32,52],[-67,6]],[[13048,33445],[67,-37],[29,11],[59,79],[34,-23]],[[13237,33475],[-59,-87],[-13,-74],[13,-53]],[[13178,33261],[-82,-121],[1,-65],[22,-54]],[[13119,33021],[-112,-10],[-100,36]],[[12907,33047],[-125,54],[-29,36],[22,30],[141,136],[42,55],[32,19],[58,68]],[[11898,31866],[154,-3],[241,263],[96,0]],[[12389,32126],[343,-4]],[[12732,32122],[7,-154],[3,-227],[38,1],[0,-190],[-38,0],[0,-127]],[[12742,31425],[-36,-74],[4,-90],[29,-36],[-27,-26],[-39,32],[-22,-47],[-34,-33],[4,-29],[47,-21],[36,-45],[21,-50],[-11,-51],[18,-46],[-51,-38],[-67,7],[-2,-38],[70,-59],[-13,-28],[-32,-15],[-19,-55],[-34,-19],[-101,-98]],[[12483,30566],[-48,19],[-77,12],[-43,22],[-45,120],[-28,28],[-53,8],[-58,-11],[-84,0]],[[9254,29605],[413,8],[497,21],[6,193]],[[10170,29827],[49,636]],[[10219,30463],[27,-6],[38,-58],[64,-39],[29,-38],[-6,-37],[11,-37],[24,-23],[46,12],[28,35],[6,33],[41,-1],[98,96],[34,11],[58,-30],[44,-53],[11,-41],[78,-77],[14,-39],[53,-51],[22,-50],[44,-31],[57,-18],[26,-39],[59,-10],[70,-47],[51,-23],[42,-41]],[[11288,29861],[53,-20],[41,-61],[9,-32],[-8,-49],[5,-56],[-24,-52],[-4,-60],[-77,-39],[-55,-13],[2,-39],[-15,-37],[-53,-51],[-79,-50],[-15,-72],[-69,-33],[-19,-41],[-28,-26],[24,-100],[38,-69],[5,-59]],[[11019,28902],[-23,-66],[19,-65],[-9,-55],[22,-31],[6,-48],[34,-35],[25,-47],[-14,-102],[-96,-183],[-17,-23],[-189,-208],[-13,-28],[-45,-184]],[[10719,27827],[-561,-2],[-2,452],[-144,-4],[-752,-3]],[[9260,28270],[6,167]],[[9266,28437],[4,124],[-6,204],[-1,154],[3,357],[-6,241],[-6,88]],[[11736,28996],[62,3],[115,16],[77,-37],[192,-10],[112,-14],[23,-8],[341,-190],[43,-30],[51,-64],[82,-62],[78,-17],[27,18],[82,30],[74,38],[30,2],[9,56],[-34,62],[-23,12],[-46,67],[1,59],[24,16],[10,37],[-30,86],[-29,58],[-74,60],[-34,3],[-9,30],[-51,71],[34,41],[4,38],[-9,64],[7,47],[-8,29],[4,50],[56,71],[-7,22],[66,-3],[33,8],[64,-2],[94,21],[43,23],[81,21],[86,3],[179,32],[69,33],[88,5],[2,-24],[31,-14],[63,1],[28,-13],[146,-5],[61,30]],[[14054,29766],[2,-195],[1,-1017]],[[12799,27882],[-202,-4],[-202,-2],[-291,-4],[-236,-7],[-267,-1],[-147,5],[-218,-6],[-139,0]],[[11097,27863],[75,34],[31,35],[-39,34],[-15,51],[87,71],[65,18],[30,30],[7,41],[-13,38],[67,31],[17,-3],[35,37],[32,-50],[19,9],[-28,74],[-11,111],[61,-20],[16,-56],[32,3],[59,50],[37,11],[3,51],[39,22],[-3,61],[18,21],[58,-29],[33,18],[8,60],[-23,26],[-66,9],[-17,44],[-30,25],[-17,38],[70,110],[8,34],[-6,94]],[[11795,29484],[22,30],[54,41],[34,59],[31,35],[118,34],[-3,55],[12,40],[26,23],[99,-97],[26,9],[53,52],[52,16],[29,63],[5,29],[-39,44],[-52,19],[32,67],[-45,115],[17,56],[-4,47],[20,83],[29,14],[21,41],[60,43],[12,60],[33,56],[46,48]],[[12742,31425],[0,-3]],[[12742,31422],[1,-135],[191,0],[0,-40],[260,-3],[-1,-36],[43,-1],[3,-342],[-1,-276],[162,2],[-7,-206],[156,1],[0,-153],[123,3],[0,-34],[33,-15]],[[13705,30187],[0,-26],[156,0],[0,-76],[153,1]],[[14014,30086],[38,1],[2,-321]],[[11736,28996],[-15,85],[17,52],[-18,95],[3,98],[20,60],[52,98]],[[11019,28902],[26,-21],[71,3],[47,-10],[37,-31],[35,-10],[56,-39],[42,-2],[53,72],[28,66],[17,108],[14,48],[37,-35],[116,-54],[138,-1]],[[11097,27863],[-98,0],[-85,-30],[-195,-6]],[[11288,29861],[38,26],[35,-6],[14,-20],[91,18],[-9,-37],[28,-28],[44,6],[6,-24],[56,-32],[64,-76],[6,-22],[-35,-41],[103,-89],[61,-31],[5,-21]],[[15557,32942],[93,29],[256,168],[11,36],[33,28],[54,4],[37,49]],[[16341,32533],[-39,-195],[-98,45],[-63,47],[-97,48],[-68,57],[-46,94],[-21,30],[-55,42]],[[14907,33058],[64,66],[66,31],[115,71],[82,34],[50,31]],[[15284,33291],[80,24],[65,31],[35,6],[50,41],[59,75],[58,97],[40,44]],[[15671,33609],[38,41],[42,66],[52,102],[28,33],[24,58]],[[15855,33909],[45,-27]],[[15900,33882],[19,-47],[12,-117],[-16,-67],[-25,-59]],[[15890,33592],[-27,-33],[-25,-66],[-79,-113]],[[14894,32956],[13,32],[0,70]],[[15890,33592],[-3,-28],[16,-93],[19,-48]],[[15922,33423],[74,-121],[45,-46]],[[15547,32939],[-52,30],[-44,-23]],[[15757,34248],[0,-37],[79,0],[0,-38],[77,1],[1,-32],[49,-11]],[[15963,34131],[-77,-151],[-31,-71]],[[15855,33909],[-120,-9],[-36,2],[-42,19]],[[15657,33921],[49,73],[3,51],[-87,51],[-1,42]],[[15963,34131],[27,-31],[23,23],[30,-14],[22,27],[39,1],[3,83],[36,31],[37,0],[1,38],[38,1],[38,76],[-36,38]],[[16221,34404],[227,2],[1,74],[77,1],[0,74],[77,1],[0,151],[81,0]],[[16684,34707],[15,-217],[0,-35]],[[16699,34455],[-90,-77],[-83,-50],[-125,-134],[-117,-162],[-20,-39]],[[16264,33993],[-52,-17],[-30,10],[-53,-51],[-34,7],[-82,-44],[-113,-16]],[[12732,32122],[28,-1]],[[12760,32121],[359,-4],[1,72],[38,0],[0,34]],[[13158,32223],[37,4],[1,36],[39,1],[1,75],[191,-3],[0,76],[116,0],[1,38],[74,0],[0,190],[37,0],[1,39],[40,-1],[0,37],[77,2],[0,39],[45,0]],[[13818,32756],[-9,-46],[31,-57],[59,-88],[48,-56],[37,-7],[17,17]],[[14001,32519],[27,-27],[-17,-57],[-75,13],[-7,-33],[-26,-26],[34,-34],[-54,-14],[-60,31],[-10,-48],[57,-35]],[[13870,32289],[1,-25],[-37,-25],[-27,11],[-6,34],[-37,-24],[31,-30],[-37,-37],[-35,78],[-33,-39],[-77,-6],[-28,-10],[43,-42],[14,-26],[-12,-25],[-39,-28],[-32,-4],[-51,67],[-17,-24],[15,-44],[-28,-35],[20,-38],[-30,-11],[-5,37],[-30,12],[-43,-38],[6,-26],[-24,-26],[39,-60],[-37,-40],[-4,-57],[-23,-26]],[[13347,31782],[-41,19],[-4,-27],[-33,-31],[-42,-65],[-53,-3],[-10,-32],[-25,-12],[-44,9],[-1,45],[-32,4],[-14,-46],[3,-31],[-24,-28],[-25,1],[-13,-29],[2,-44],[-34,-32],[-29,29],[-56,17],[5,-27],[-13,-57],[46,-91],[-140,-32],[-22,10],[-4,32],[19,30],[47,4],[-16,37],[-52,-10]],[[14477,31761],[69,-12],[60,43],[40,4],[23,-17],[72,-8]],[[15515,34028],[66,-59],[75,-48]],[[15656,33921],[-34,-38],[-29,-61],[-68,-84],[-23,-11]],[[15502,33727],[-41,28],[-32,3],[-14,23],[24,38],[-19,26],[1,35]],[[15502,33727],[-47,-42]],[[15455,33685],[-31,-31],[-15,-40],[-57,-54],[-36,-14],[-49,3]],[[15267,33549],[-4,17],[11,122],[-34,90],[20,108]],[[13818,32756],[33,1],[-1,75],[37,11]],[[13887,32843],[1,27],[36,-1],[1,74],[77,-1],[0,76],[104,-3]],[[14383,33009],[-59,-46],[-36,-61],[-78,-25],[-13,-38],[49,-21],[-46,-60]],[[14200,32758],[-58,-3],[-28,13],[-55,-67],[-21,-41],[-21,-98],[-42,6],[-9,-26],[35,-23]],[[14611,33333],[35,-65],[44,-17],[27,-84],[19,-28]],[[14736,33139],[-36,-22],[-50,-60],[-33,-58]],[[14617,32999],[-45,-71],[-42,-89],[-60,-93],[-43,-2],[-40,-15],[-35,-64]],[[14352,32665],[-52,-13],[-19,14],[-81,92]],[[16331,36193],[96,101],[103,80],[53,27],[49,11],[60,2]],[[16692,36414],[82,10],[108,56],[52,41],[120,116],[51,74],[41,100]],[[17146,36811],[0,-54]],[[17146,36757],[0,-14]],[[17146,36743],[-45,-104],[-11,-74],[-28,-43],[-105,-119],[-65,-60],[-189,-129],[-60,-54],[-82,-103],[-39,-35],[-101,-57]],[[16421,35965],[-14,45],[6,117],[-3,46],[-15,14],[-64,6]],[[12706,34145],[40,-4],[26,-48],[70,-8],[8,-42]],[[12850,34043],[41,-33],[12,-26],[32,-10],[35,-40],[-29,-80],[7,-47],[39,-24],[114,-1]],[[13056,33736],[-73,-46],[-57,-94],[-51,36],[-27,-22],[-53,-1],[-24,-14]],[[12771,33595],[-23,38],[-53,3],[-61,18],[-10,-35],[-54,32],[-30,-14],[12,-49],[39,-24],[-38,-72],[-55,49],[-24,-2],[-24,48],[-57,10],[-13,26],[56,34],[-43,36],[-25,-3],[-51,32],[14,45],[-36,25],[-2,55],[-25,89],[22,17],[-13,45],[-39,36],[-53,8],[-9,49],[8,35],[61,31]],[[16641,35416],[9,56],[35,25],[51,14],[75,68],[18,-19],[40,20],[46,74]],[[16915,35654],[-3,-195]],[[16912,35459],[0,-81],[78,3],[0,-75],[77,-2]],[[17067,35304],[-107,-72],[-37,-2],[-93,-42]],[[16830,35188],[-68,9],[-55,28],[-60,-11],[-33,-21],[-53,18]],[[16561,35211],[44,11],[-23,40]],[[16561,35211],[-69,-12],[164,-187],[46,-6],[15,-28],[132,-20],[58,8],[8,-38]],[[16915,34928],[-80,1],[0,-72],[-78,0],[-1,-75],[-39,-1],[1,-38],[-36,-1],[2,-35]],[[16221,34404],[-75,0]],[[16021,36786],[43,29],[45,44],[32,0],[65,50],[49,12],[36,-7],[21,54],[-22,61],[8,77],[41,45],[21,44],[63,51],[73,71],[48,12],[10,31],[0,77],[40,58]],[[16594,37495],[90,0]],[[16684,37495],[309,-2],[1,-178]],[[16994,37315],[0,-128],[54,-1]],[[17048,37186],[-29,-12],[-41,-41],[-97,-24],[-48,-35],[-111,-61],[-57,-60],[-63,-56],[-55,-37],[-30,-2],[-84,-47]],[[16433,36811],[-70,-26],[-75,-96],[-36,-29],[-9,-24]],[[11686,13826],[82,0],[65,89],[86,83],[49,0],[58,-24]],[[12026,13974],[163,-74],[-35,-78],[34,-27],[28,-53],[74,-37],[9,-42],[82,-40],[43,-34],[28,-1],[81,-74],[111,-23],[64,-8],[71,-43],[10,-38],[46,-66],[64,-45],[49,-44],[36,12],[40,-29],[54,-16],[16,-42],[0,-45],[39,-92]],[[13133,13035],[9,-47],[75,42],[74,15],[26,19],[60,-11],[65,-43],[21,-61],[57,-75],[24,-41],[-5,-64],[29,-67],[-4,-34],[28,-12],[30,-42],[134,-153],[54,-95],[23,-103],[45,-29],[37,-54],[48,-48],[54,-89],[23,-73],[39,-26],[52,-124],[56,-74],[-63,-3],[-74,-21],[31,-44],[27,-66],[-5,-40]],[[14103,11572],[-560,-2],[-164,-4],[-411,-3],[-160,2]],[[11528,11560],[-19,91],[-33,29],[1,101],[-14,20],[50,91],[11,40],[-4,73],[11,30],[-19,79],[8,80],[-4,86],[16,31],[-19,56],[39,63],[3,61],[49,79],[-2,51],[33,34],[14,45],[-30,19],[22,29],[-4,54],[23,59],[-11,18],[21,41],[-23,30],[26,118],[4,108],[-12,44],[4,49],[20,-3],[-1,62],[26,36],[-18,42],[6,56],[14,23],[-9,134],[-32,70],[5,67],[14,39],[-8,31]],[[13133,13035],[29,39],[15,42],[44,58],[70,76],[29,49],[73,80],[33,112],[36,79],[23,105],[-1,28],[34,100],[60,112],[59,38]],[[13637,13953],[53,70],[7,26],[35,43],[30,13],[269,-4],[43,22],[39,61],[45,29],[47,49],[46,13],[54,-9],[85,9],[4,23]],[[14394,14298],[152,2],[150,-16],[506,3]],[[15202,14287],[296,-3],[97,1]],[[15595,14285],[2,-207],[-1,-339],[3,-224],[-1,-134],[232,-1],[17,-21],[-14,-49],[13,-50],[20,-26],[35,-15],[12,-23],[-32,-50],[18,-62],[30,-28],[10,-39],[-30,-21],[0,-77],[-80,-22],[-1,-48],[41,-29],[25,-92],[3,-43],[-62,-71],[-50,-9],[0,-46],[-31,-47],[-30,1],[-11,-28],[-38,-27],[-61,6],[-27,-28],[30,-50],[-23,-32],[5,-136],[1,-768],[7,-406],[-1,-194]],[[15606,10850],[-56,27],[-9,-47],[-112,10],[32,-50],[-22,-20],[-34,10],[-25,-17],[-35,19],[-40,-4],[-24,22],[4,41],[-17,34],[-44,2],[-26,-22],[-88,5],[-36,-58],[-24,-67]],[[15050,10735],[-26,12],[33,49],[4,50],[-31,8],[24,40],[-49,9],[-30,60],[59,40],[-64,38],[12,26],[55,57],[12,32],[-40,57],[-9,27],[3,77],[-33,55],[12,42],[-10,33],[46,41],[16,69],[12,8],[-698,8],[-245,-1]],[[10582,13169],[5,23],[88,83],[147,127],[44,65],[42,30],[25,46],[30,22],[169,30],[25,22],[25,59],[50,75],[-6,59],[39,68]],[[11265,13878],[51,40],[48,99],[138,223],[11,42],[-19,74],[-3,41],[19,84]],[[11510,14481],[18,-33],[33,-12],[26,-37],[53,-29],[15,-45],[-3,-52],[-26,-68],[11,-128],[51,-113],[-2,-138]],[[12026,13974],[81,25],[64,11],[50,-16],[37,37],[83,-17],[22,-30],[31,-4],[73,-73],[100,19],[68,-18],[38,0],[38,24],[-3,25],[101,-13],[-13,23],[64,58],[211,3],[189,32],[52,-23],[71,28],[72,-10],[54,-27],[49,-37],[79,-38]],[[2341,40529],[399,-15],[325,-7],[139,-7],[157,-3],[359,-11],[253,-5],[93,-7]],[[4066,40474],[215,-10],[-5,-302],[211,-4]],[[4487,40158],[102,-3],[1,-618],[-1,-160],[1,-281]],[[2039,37884],[31,228],[23,231],[30,235],[35,329],[33,262],[18,183],[42,353],[60,522],[30,302]],[[4636,34996],[-172,8]],[[4464,35004],[-299,15],[-210,8],[-244,4],[-265,16]],[[3446,35047],[-121,5],[-976,34],[-351,4],[-33,5],[-216,4]],[[1749,35099],[56,530],[9,71],[42,418]],[[15657,33921],[-1,0]],[[16264,33993],[-40,-143],[-14,-96],[-35,-71],[-87,-137],[-51,-63],[-26,-19],[-89,-41]],[[13441,34810],[39,16],[36,48],[100,1],[80,50],[16,28],[59,-9],[49,-24]],[[13820,34920],[22,-15]],[[13842,34905],[-23,-27],[-76,-120]],[[13743,34758],[-52,-81]],[[13805,34657],[34,13],[119,-4],[4,-33]],[[13962,34633],[-142,-178]],[[13820,34455],[-15,7],[0,195]],[[26132,25866],[28,-82],[26,-25],[27,-49],[8,-36],[34,-60],[1,-41]],[[26256,25573],[0,-42]],[[26256,25531],[-92,1],[-21,-7]],[[26143,25525],[-41,-18]],[[26102,25507],[-99,-44],[-36,-7]],[[25967,25456],[-143,-21]],[[25824,25435],[-19,78],[60,88],[-26,62],[-20,15],[-51,9],[-15,24],[54,39],[16,34],[35,-3],[90,9],[62,-43],[26,33],[5,40],[41,-8],[-3,40],[53,14]],[[17737,46557],[46,7],[31,42],[-4,38],[49,86],[46,-17],[28,56],[-14,46],[35,61],[23,2],[15,45],[36,45],[-49,41],[33,52],[-15,27],[55,49]],[[18052,47137],[40,41],[36,53],[-27,53],[-51,25],[-29,44],[-38,22],[-53,14],[-22,28],[-66,28],[-26,83],[18,43],[51,27]],[[18617,47292],[-7,-816],[209,-172]],[[8029,38565],[16,80],[39,49],[47,21],[30,27],[137,-75],[29,-40],[108,-13],[7,22],[113,16],[26,14],[7,91],[23,20]],[[8611,38777],[61,51],[79,-12],[45,-18],[14,21],[45,23],[25,-15],[-5,-40],[12,-93],[130,115],[63,-1],[60,-25],[146,30],[33,21],[-12,79],[16,12],[42,-7],[32,-25],[55,-16],[41,46],[9,32],[55,45],[2,67],[75,-50],[16,65]],[[9650,39082],[39,-5],[59,-29],[37,3],[68,27],[70,-7],[13,9]],[[9936,39080],[8,-26],[1,-111],[-5,-68],[0,-102],[36,-53],[49,-43],[70,-79]],[[10095,38598],[-25,-24],[-20,-86],[-23,-1],[-31,-45],[13,-62],[-11,-24],[33,-57],[-13,-59],[-129,47],[-57,-41],[-22,-31],[-1,-32],[38,-77],[33,-22],[-17,-55],[-76,-43],[-8,-18],[-5,-86],[-45,-5]],[[9729,37877],[-20,64],[-69,2],[-9,-59],[-41,-12],[-72,18],[-30,-7],[-74,25],[-43,3],[-76,-30],[-49,19],[-96,-44],[-30,-35],[-67,-33],[-27,-42],[-38,-20],[-27,-37],[-37,-9],[-42,-46],[-31,21],[-2,40],[-32,-8],[-28,17],[0,58],[-43,-1],[-19,40],[-27,3],[-15,42],[-104,-7],[-82,-52],[-62,-29],[-74,-17],[-66,21]],[[13290,38457],[35,11],[-24,87],[76,-39],[24,-25],[21,17],[-39,55],[15,30],[48,-45],[23,-5],[95,8],[76,51]],[[13640,38602],[30,12],[-35,32],[39,84],[-12,107],[-55,30],[10,84],[16,34],[30,20],[36,43],[18,5],[63,-32],[67,25],[124,24],[25,75],[-17,97],[64,23],[85,-36]],[[14128,39229],[26,-218],[20,-74],[53,-90],[128,-158],[47,-71],[23,-58],[61,-208]],[[14486,38352],[22,-65]],[[14508,38287],[-416,10],[-103,4],[-211,-130],[-251,-159],[-151,0]],[[13376,38012],[0,155],[-6,151],[-76,0],[-4,139]],[[13347,31782],[4,-36],[39,1],[16,36],[62,46],[27,5],[10,-41],[29,5],[25,36],[60,31],[29,-19],[114,18],[100,-24],[91,21],[65,-2],[32,-32],[59,-21],[63,-1]],[[14172,31805],[3,-20]],[[14156,30593],[-3,-60],[-32,-38],[-45,-34],[-56,-62],[-92,-138],[-61,-56],[-70,6],[-92,-24]],[[14725,32473],[9,93],[43,102],[54,91],[16,37],[3,99],[28,41]],[[13962,34633],[71,65]],[[14033,34698],[29,-47],[-8,-18]],[[14054,34633],[-72,-111]],[[13982,34522],[-65,-103],[-73,-87]],[[13844,34332],[0,123],[-24,0]],[[14054,34633],[29,-9],[4,40],[53,35]],[[14140,34699],[48,5],[39,-50],[-49,-49],[18,-26]],[[14196,34579],[-30,-23]],[[14166,34556],[-55,-41],[-67,-6]],[[14044,34509],[-19,18],[-43,-5]],[[14033,34698],[20,17]],[[14053,34715],[90,80],[18,5]],[[14161,34800],[135,3]],[[14296,34803],[7,-20]],[[14303,34783],[0,-36],[-75,2],[-59,-40],[-29,-10]],[[14303,34783],[41,12]],[[14344,34795],[25,-34],[11,-49]],[[14380,34712],[-58,-37],[-126,-96]],[[14344,34795],[63,13],[2,32]],[[14409,34840],[84,-2],[0,-63],[78,46]],[[14571,34821],[28,-49],[3,-39]],[[14602,34733],[-11,-20]],[[14480,34684],[-43,59],[-57,-31]],[[19907,22752],[139,-22]],[[20046,22730],[3,-128],[-30,-69],[-18,-11],[-76,-7],[-82,-41]],[[19843,22474],[-55,55]],[[19788,22529],[27,37],[1,42],[91,144]],[[15483,47746],[185,-68]],[[15668,47678],[1,-64],[21,-10],[-2,-59],[-35,-18],[-4,-34],[-94,-28]],[[15555,47465],[-27,61],[-48,66],[3,154]],[[16984,46266],[27,123]],[[17011,46389],[25,50]],[[17036,46439],[123,0],[5,-49],[54,-67]],[[17218,46323],[3,-26]],[[17221,46297],[0,-28],[-82,1],[10,-90],[-29,-25],[-15,-37],[1,-34],[-140,3]],[[16966,46087],[18,37],[-11,46],[10,42],[1,54]],[[15244,47471],[4,260]],[[15555,47465],[-2,-75]],[[15553,47390],[-154,-4],[-157,7]],[[15553,47390],[-2,-130]],[[15551,47260],[-103,-20],[-209,3]],[[5568,35004],[0,-137],[8,-126],[14,-933],[-2,-215],[2,-115],[-3,-373],[4,-591],[-2,-315],[3,-52]],[[4611,32717],[45,50],[9,76],[-16,54],[-14,87],[12,37],[-27,25],[-111,38],[0,137],[-4,29],[16,43],[-8,58],[-23,21],[35,28],[16,41],[-35,105],[13,59],[21,16],[-6,33],[13,25],[72,27],[64,48],[50,13],[37,61],[37,76],[13,60],[-1,75],[-27,66],[-54,56],[-41,69],[-54,53],[-13,33],[-28,9],[24,71],[-3,41],[-40,80],[7,68],[-11,86],[-25,53],[-55,51],[26,51],[-6,50],[-50,24],[8,66],[-13,38]],[[1551,33184],[97,-20],[55,31],[59,15],[91,6],[119,25],[25,-4],[167,-74],[12,-35],[46,-49],[33,-52],[58,-62],[32,-9],[60,39],[28,-7],[48,82],[66,27],[34,-31],[44,16],[5,30],[66,47],[43,-34],[52,23],[48,44],[60,0],[96,54],[51,16],[-3,17],[53,81]],[[3096,33360],[72,-38],[46,34],[29,3],[51,-18],[37,-72],[23,11],[68,-38],[51,-5],[38,-42],[8,-62],[20,-37],[19,-87],[102,-122],[17,-85],[68,56],[91,132],[51,57],[52,-69],[67,-35],[23,-49],[35,-43],[9,-77],[12,-22]],[[1520,32892],[31,292]],[[3096,33360],[83,55],[35,79],[-2,28],[46,53],[12,30],[38,13],[4,79],[-28,-1],[-32,26],[18,84],[-11,52],[-10,107],[7,32],[-2,79],[-13,55],[5,104],[-29,66],[-17,102],[-13,25],[29,28],[40,2],[12,68],[51,44],[0,48],[41,19],[8,20],[-28,55],[-7,66],[8,71],[12,23],[67,52],[30,71],[-4,52]],[[1551,33184],[143,1399],[55,516]],[[10095,38598],[75,-58],[48,-83],[55,-35],[54,-55],[17,-36],[171,-165],[28,-17]],[[10543,38149],[21,-27],[1,-60],[58,-168],[-7,-24]],[[10616,37870],[-28,-29],[-42,-6],[4,-22]],[[10550,37813],[-58,-46],[2,-36],[-30,-97],[-26,-26],[-129,-4],[-51,16],[-23,-32],[-8,-50],[-32,-16],[-18,-47],[-63,-48],[23,-73],[-50,-105]],[[10087,37249],[-27,17],[-38,76],[1,26],[-36,67],[-31,36],[-14,60],[-30,13],[-110,-49],[-41,17],[34,29],[-16,18],[8,36],[42,26],[-17,36],[6,42],[79,79],[-9,15],[-129,-1],[-15,7],[-15,78]],[[10616,37870],[36,-22],[32,-39],[-4,-61],[43,-7],[21,-35],[54,-25],[90,26],[36,-21],[12,61],[31,0],[31,-21],[21,31],[63,-39],[56,-23]],[[11138,37695],[74,13],[76,-5],[65,15],[2,28],[35,-3],[35,-23],[32,1],[62,24],[68,-30],[7,42],[30,19],[20,-19]],[[11644,37757],[-21,-45],[50,-44],[109,-78],[-1,-45],[-71,-87],[-44,-25],[-168,-5],[-37,-36],[14,-35],[208,-65],[28,-29],[-21,-138],[-50,-83],[15,-58],[80,-28],[9,-28],[-64,-70],[-5,-55],[95,-66],[49,-51],[49,-115],[32,-104]],[[11900,36467],[11,-52],[-20,-17],[-71,-21],[-54,14],[-31,28],[-5,42],[13,100],[-19,24],[-52,-36],[-55,-86],[-53,-14],[-96,21],[-39,-10],[-23,-107],[11,-21],[49,-23],[-4,-29],[-100,-18],[-116,-51],[-39,6]],[[11207,36217],[20,44],[-57,62],[-56,81],[-2,27],[-36,30],[-17,67],[-52,35],[-12,21],[-52,-13],[-2,29],[-28,12],[4,42],[25,6],[44,129],[3,33],[-22,84],[-33,78],[20,28],[44,-5],[38,45],[17,57],[26,42],[28,8],[23,129],[-99,3],[2,102],[-22,49],[-35,31],[-37,-18],[-67,-7],[-32,95],[-74,11],[-54,35],[-56,2],[-25,18],[-12,40],[-38,68],[-25,27],[-6,69]],[[11644,37757],[46,24],[17,24],[23,122]],[[11730,37927],[166,-40],[43,-19],[63,-53],[48,-17],[60,-5],[52,-38],[63,-99],[28,-31],[58,-40],[21,-30],[39,-95],[94,-129],[169,-83],[55,-17]],[[12689,37231],[1,-113],[-80,0],[5,-338]],[[12615,36780],[-64,18],[-56,43],[-11,35],[-51,0],[-64,34],[-54,-14],[-81,-44],[24,-81],[-57,-7],[-45,-27],[-35,9],[-34,-24],[-42,8],[8,-62],[28,-34],[-67,-110],[-56,-26],[-19,-35],[-39,4]],[[10884,36020],[27,65],[24,33],[44,28],[28,3],[64,-23],[24,-23],[47,-96],[21,-6],[54,42],[-43,59],[-54,43],[-64,99],[23,31],[45,-4],[83,-54]],[[12615,36780],[3,-113],[-154,1],[-4,-251]],[[12460,36417],[0,-51],[-308,6],[0,-301],[-456,4],[1,-153],[-308,4],[-2,-151],[-152,1],[-6,-84]],[[11229,35692],[-31,15],[-123,-14],[-75,26],[-51,67],[-61,106],[-12,77],[8,51]],[[12160,38787],[746,-12],[2,-236],[42,39],[48,-13],[13,-22],[10,-58],[28,-15],[100,-3],[42,13],[99,-23]],[[13376,38012],[-1,-150],[-18,0]],[[13357,37862],[-136,4],[3,-152],[-141,3]],[[13083,37717],[-67,36],[-60,23],[-41,2],[-45,46],[-56,31],[-134,8],[-24,31],[-38,20],[-31,-11],[-61,49],[-20,70],[-39,-9]],[[12467,38013],[-79,28],[-36,23],[-6,45],[64,100],[8,54],[-29,29],[-92,52],[-13,52],[15,50],[50,74],[28,30],[-9,35],[-23,0],[-95,-67],[-20,14],[-142,170],[-15,49],[87,36]],[[11789,47372],[77,14],[35,-2],[6,-51],[42,-43],[164,0],[0,96],[44,68],[24,22],[105,51],[85,36],[27,18],[152,44],[79,59]],[[12629,47684],[18,-18],[200,-3],[374,-13],[1,-151],[551,-11]],[[13773,47488],[-5,-36],[-34,-68],[55,-80],[-8,-43],[0,-87],[12,-28],[-42,-79],[-8,-71],[13,-37],[2,-57],[21,-4],[27,-65],[-3,-28],[28,-34],[9,-42]],[[13840,46729],[-2,-42],[57,-33],[-496,-177],[-12,-37],[-50,-27],[-129,-139]],[[13208,46274],[-1,2]],[[13207,46276],[-45,35],[-124,109],[-128,71]],[[12910,46491],[-100,64],[-90,92],[-63,30],[-73,-4],[-55,-20],[-38,14],[-72,65],[-55,40],[-149,86],[-77,72],[-22,34],[-73,65]],[[12043,47029],[-175,161],[-37,50],[-42,132]],[[11076,48378],[52,78],[28,58],[67,42],[65,9],[17,-12],[38,-57],[75,-93],[25,-17],[124,51],[65,-15],[59,-1],[93,12],[41,35],[1,59],[-26,50],[12,52],[103,59],[52,53],[32,50],[10,56],[1,65],[32,111],[-2,44],[-20,44],[-25,88],[24,90],[44,-2],[60,-45],[21,-4],[87,23]],[[12231,49261],[14,-103],[42,-65],[16,-63]],[[12303,49030],[57,-53],[118,-64],[71,-93]],[[12549,48820],[-51,-14],[-3,-414],[-2,-117],[-311,4],[0,26],[-35,11],[-51,33],[-69,2],[-2,-206]],[[12025,48145],[-58,15],[-80,2],[-58,10],[-89,31],[-112,7],[-259,27],[-126,6],[-246,-33],[-33,10],[-31,31]],[[10933,48251],[72,49],[71,78]],[[13956,49901],[25,71],[40,72],[8,41],[-10,36],[12,79]],[[14031,50200],[378,-4],[464,0]],[[14873,49893],[-492,0],[-412,4],[-13,4]],[[12025,48145],[-4,-345],[136,-80],[32,-12],[61,21],[103,4],[82,-10],[194,-39]],[[11789,47372],[-43,51],[-124,91],[-91,50],[-73,53],[-77,42],[-54,20],[-99,13],[-134,99],[-87,37],[-103,5]],[[10904,47833],[-137,-14],[-94,-39]],[[10673,47780],[-35,23],[-13,51],[-28,26],[-47,16],[-32,39],[2,56],[62,50],[136,47],[152,110],[63,53]],[[13840,46729],[190,-4],[3,153],[551,-8],[6,150]],[[14590,47020],[75,0],[3,34],[47,36],[21,77],[111,6]],[[14843,46786],[-6,-375],[-9,-305],[-12,-478]],[[14816,45628],[-90,19]],[[14726,45647],[-135,22],[-119,4],[-83,16],[-46,21],[-144,87],[-327,110],[-87,22],[-142,71]],[[13643,46000],[-172,118]],[[13471,46118],[-141,93],[-122,63]],[[13752,47930],[22,-17],[145,-48],[92,-4],[51,-14],[59,0],[205,-29],[61,-15],[43,-25]],[[14430,47778],[71,-58],[107,-24]],[[14608,47696],[-9,-52],[-33,-74],[-1,-90],[-90,-3],[-2,-151],[118,-2],[-1,-304]],[[13773,47488],[-1,44],[14,64],[21,21],[6,36],[-28,66],[61,47],[-95,76],[-40,66],[41,22]],[[14286,48239],[78,0]],[[14364,48239],[304,-2],[98,-3],[0,37],[92,-2]],[[14858,48269],[-5,-341]],[[14851,47669],[-79,11],[-100,3],[-64,13]],[[14430,47778],[10,12],[2,298],[-155,0],[-1,151]],[[13581,48093],[156,-2],[1,112],[168,38],[380,-2]],[[13752,47930],[-87,63],[-86,23]],[[13579,48016],[2,77]],[[14376,48839],[86,-1],[36,-54],[43,-36],[77,-2],[132,61],[42,4],[73,19]],[[14865,48830],[-7,-561]],[[14364,48239],[0,158],[7,147],[5,295]],[[14851,47667],[-3,-194]],[[14848,47473],[-1,-289]],[[14869,49234],[-17,36],[-91,33],[-9,-17],[-491,-1],[-190,10],[-280,4]],[[13791,49299],[-19,52],[4,75],[95,170],[27,146],[58,159]],[[22481,22056],[181,6],[-1,313],[24,0],[21,-70],[39,-27],[53,-9],[47,-36],[3,-49],[16,-15],[3,-76],[21,-31],[-19,-14],[4,-61],[-27,-1],[-11,-68],[19,-32],[-12,-45],[19,-75],[60,-23],[10,-43],[116,-83]],[[23047,21617],[22,-46],[-5,-60],[-37,-42],[-20,-2],[-45,-53],[-11,-85],[16,-24],[9,-72],[-7,-79],[138,7],[160,3],[37,-16],[77,-89],[-2,-82],[-23,-25],[-75,7],[-29,-26],[-27,-47],[21,-64],[16,-17],[27,-80],[43,-75],[9,-42],[26,-23],[0,-56],[-22,-55],[41,-15],[6,-34],[-27,-34],[-2,-51],[40,-39],[6,-24],[-27,-64],[71,33],[35,-22],[47,-71],[49,-2],[95,21],[116,0],[93,-44],[38,-30],[17,-43],[34,-11],[61,14],[127,1],[119,12],[18,-21],[30,26],[-4,44],[55,63],[40,26],[9,37],[24,30]],[[24456,20276],[17,-31],[20,-95],[2,-55],[27,-81],[46,-37],[64,-32],[80,-96],[19,-31],[113,-91],[22,-2]],[[24866,19725],[3,-40],[50,-25],[25,-77],[-35,-57],[-4,-25],[55,-113],[14,-13],[0,-47],[21,-30],[-16,-92],[14,-38],[27,-36],[1,-43],[26,-20],[18,-59],[-36,-38],[-94,-3],[28,-141],[62,-63],[88,-115]],[[25113,18650],[-32,-77],[-67,-63],[-29,-64],[-53,-45],[0,-48],[-70,-54],[0,-90],[-29,-31],[-15,-52],[-36,-63],[16,-24],[0,-47],[-14,-17]],[[24784,17975],[-878,2],[-296,-1],[0,454],[4,148],[4,298],[-295,-1],[-365,0]],[[22958,18875],[-170,1],[1,151],[-42,-1],[0,74],[-32,1],[-9,604],[-156,0],[-3,77],[-304,-2],[0,76],[-73,-2],[1,-37],[39,0],[-2,-38],[-226,-1],[0,-33],[-71,-2],[0,-37],[-75,0],[0,36],[-38,1]],[[21798,19743],[-9,938]],[[21789,20681],[-4,307],[-2,294],[-5,527],[111,1],[0,225],[592,21]],[[24833,32183],[54,-49],[49,-13],[59,16],[36,-11],[40,-55],[36,70],[45,20],[31,-28],[1,-34],[57,-26],[56,-65],[19,-38],[0,-34],[-64,-42],[-64,-57],[-14,-44],[9,-35],[32,-21],[75,-1],[52,13],[74,5],[62,-22],[34,-29],[50,74],[34,12],[6,24],[31,18],[38,-17],[26,4],[33,68],[74,32],[29,-54],[32,-22],[53,-14],[37,-34],[35,-57],[55,56],[12,-32],[73,-43],[56,95],[31,31],[17,-19],[6,-41],[32,-42],[97,8],[14,-36],[45,21],[28,-27],[29,24],[45,13],[22,74],[42,0],[65,-17],[52,-3],[51,-28],[46,-42],[40,-3]],[[26848,31726],[-28,-55],[-58,-64],[-29,-59],[-20,-71],[-28,-13],[-5,-63],[-49,-64],[-49,-27],[-10,-26],[-53,-65],[29,-144],[21,-37],[-26,-23],[-10,-84],[-28,-23],[51,-130]],[[26556,30778],[4,-79]],[[26560,30699],[-562,-4],[-166,-6],[-481,-8]],[[25351,30681],[-279,-5],[-253,-2]],[[24819,30674],[-3,150],[8,942],[38,-1],[4,150],[-39,1],[6,267]],[[21957,32962],[81,9],[58,39],[42,40],[114,64],[95,32],[72,76],[54,-14],[25,5],[47,34],[17,35],[42,38],[37,12],[49,-4],[49,19],[48,4],[110,-13],[42,-37],[82,8],[57,-3],[52,14],[95,8],[97,-6],[31,-47],[36,-103],[44,-39],[42,1],[59,22],[25,-94],[2,-42],[33,-36],[8,-80],[21,-27],[-74,0],[-30,-15],[50,-47],[2,-37],[-23,-41],[27,-150],[-8,-23],[88,-69],[52,-7],[46,54],[14,-24],[-11,-43],[36,-9]],[[23792,32466],[-27,-62],[-32,-35],[-30,-60],[-9,-54],[-22,-15],[-44,7],[-39,-11],[-51,-40],[-16,-56],[-56,34],[-75,-3],[-157,50],[-24,17],[-88,-58],[-40,-65],[-90,-74],[-54,-77]],[[22938,31964],[-56,53],[-22,10],[-64,-18],[-35,7],[-29,88],[-44,59],[-10,34],[28,114],[41,83],[56,4],[14,12],[-61,42],[-48,45],[-89,42],[-59,0],[-116,-50],[-130,-39],[-150,-71],[-45,-8],[-35,11],[-81,44],[-49,12],[-62,3],[-48,20],[-134,96],[-41,60]],[[29247,24429],[34,-32],[325,7],[33,-12]],[[29639,24392],[-26,-40],[-71,-43],[-21,-30],[6,-49],[41,-46],[62,-51],[73,-31]],[[29703,24102],[-182,-5],[-404,-5]],[[29117,24092],[-25,19],[-38,103],[18,18],[-41,72],[6,77],[-40,29],[0,42],[-50,41]],[[28947,24493],[110,-8],[29,-9],[131,-7],[30,-40]],[[21395,34572],[-34,23],[-55,-48],[2,-41],[-62,-40],[-19,-62],[-31,15],[-95,6],[-39,13],[-2,-36],[-23,-56],[-68,-33]],[[20969,34313],[-10,-15],[-44,1],[-122,-33],[-29,-25],[-135,27],[-56,-31],[20,-79],[49,-1],[-9,-53]],[[20633,34104],[-103,-39],[-137,-101],[-13,-34],[-22,-13],[-15,-65]],[[20343,33852],[23,-32],[-34,-21],[-15,-59]],[[20317,33740],[-39,52],[-98,-1],[-32,-17],[2,156],[12,52],[-20,58],[14,41],[-53,25]],[[20103,34106],[-39,54],[-11,51],[11,53],[-35,102],[114,71],[38,4],[88,50],[38,50],[41,80],[3,56],[35,-21],[131,-28],[35,21],[-21,72],[-4,85],[-20,43],[33,29],[102,-16],[25,99],[-11,417]],[[20969,34313],[-49,-96],[-2,-82]],[[20918,34135],[-58,-11],[-7,33],[-50,-27],[-36,2]],[[20767,34132],[-134,-28]],[[19298,34859],[62,30],[64,10],[38,-46],[-5,-44],[-24,-48],[-1,-52],[15,-33],[34,-31],[60,-13],[29,14],[129,45],[40,43],[-4,101],[49,137]],[[19784,34972],[40,37],[125,94],[97,45],[47,52],[7,36],[-26,62]],[[20103,34106],[-31,-4],[-110,31],[-94,11],[-125,51],[-30,-56],[-25,-19],[-83,-13],[-49,7],[-26,72],[-70,-29],[-17,2],[-55,51],[-59,11],[-39,-37],[-32,-7],[-54,56],[-11,31],[-45,10],[-17,83],[-28,9]],[[19103,34366],[-2,42],[24,71],[51,96],[65,41],[9,30],[-13,55],[13,93],[48,65]],[[26596,26052],[9,-53]],[[26605,25999],[-23,-58],[-29,-37]],[[26553,25904],[-68,-76],[-43,-92]],[[26442,25736],[-49,-55],[-43,-20],[0,-53]],[[26350,25608],[1,-34],[-95,-1]],[[26132,25866],[49,4],[31,18],[38,-5],[28,24],[82,33],[73,-13],[35,25],[11,29],[77,66],[40,5]],[[23624,40818],[105,-26],[68,-51],[89,-47],[40,1],[53,35],[44,148],[-9,52],[-43,68],[-55,46],[-42,46],[-42,21],[-6,26],[25,37],[120,25],[76,-4],[64,4],[126,27],[52,6],[48,-5],[69,-26],[118,88],[14,47],[-27,37],[-107,19],[-86,-4],[-93,24],[-62,39],[-81,84],[-64,58],[0,33],[-17,39],[-50,23],[-20,26],[4,41]],[[23935,41755],[130,-31],[49,-22],[113,-78],[75,-39],[120,-39],[81,-18],[142,-46],[137,-68],[127,-148],[94,-92],[13,-6],[146,-26],[59,-30],[45,-52],[97,-20],[91,9]],[[25454,41049],[-3,-83],[-46,-129],[46,-23],[17,-103],[42,-104],[30,-93],[55,-47],[8,-26],[-16,-52],[-2,-64],[-22,-71],[-46,-76],[10,-79],[-39,-90],[-16,-100],[17,-138],[19,-71],[28,-58],[-7,-147]],[[25529,39495],[-413,30],[-205,16],[-206,8],[-400,33],[-237,16]],[[24068,39598],[16,215],[-70,160],[-108,227],[-282,618]],[[24867,41959],[93,-20],[55,9],[23,24],[0,70],[30,80],[14,17],[55,23],[36,-1],[40,-30],[-15,-70],[-56,-113],[-15,-44],[0,-67],[21,-73],[63,-146],[52,-51],[56,-14]],[[25319,41553],[19,-112],[-7,-80],[8,-18],[48,-29],[26,-94],[16,-5],[7,-65],[-9,-38],[27,-63]],[[23935,41755],[50,60],[21,8],[112,-5],[167,43],[16,13],[61,94],[24,18],[112,28],[54,24],[33,-6],[166,-81],[116,8]],[[6226,43142],[413,-7],[228,-10]],[[6867,43125],[514,-21]],[[7381,43104],[3,-778]],[[7384,42326],[-1,-262]],[[7383,42064],[-66,-29],[-116,-14],[-71,-33],[-71,25],[-51,8],[-66,31],[-19,74],[3,78],[-22,60],[-24,15],[-8,35],[-22,20],[-27,63],[12,47],[-108,-2],[-41,21],[-17,25],[-58,-9],[-20,-24],[-42,45],[-43,-22],[-46,-6],[-121,-39],[-40,-26]],[[6299,42407],[-21,77],[-25,45],[12,41],[-30,27],[7,55],[-38,83],[-23,109],[-30,23],[33,23],[-16,35],[-70,-29],[-18,11],[-26,67],[33,49],[1,24],[32,25],[72,30],[-8,25],[42,15]],[[23576,38083],[37,-3],[59,22],[37,-12],[38,-45],[31,-22],[0,-33],[94,-8]],[[23872,37982],[-1,-21]],[[23619,37808],[15,22],[-15,39],[-42,57],[-1,157]],[[5864,41238],[31,19],[47,96],[-6,42],[-31,57],[2,23],[48,64],[10,33],[48,41],[31,65],[-21,41],[-2,31]],[[6021,41750],[33,38],[-22,20],[21,46],[-21,60],[-29,49],[4,31],[-25,29],[7,28],[47,62],[35,17],[62,58],[23,47],[-1,52],[29,64],[0,57],[66,-11],[49,10]],[[7383,42064],[-6,-287]],[[7377,41777],[-29,-17],[-45,-59],[-40,-10],[-33,-28],[3,-66],[22,-14],[-39,-54],[12,-20],[-24,-25],[-41,-68],[-1,-46],[-47,-12],[-27,-18],[-11,-35],[-53,-32],[-10,-35],[-37,22],[-40,-20],[-47,4],[-20,-35],[-7,-92],[-34,-39],[-19,4],[-7,60],[-39,-66],[-43,9],[-43,-17],[-17,60],[-26,-10],[-39,13],[-34,-46],[-33,27],[-167,31],[11,35],[-12,29],[17,29],[-81,5],[-75,-66],[-30,60],[-36,-22],[-48,-9],[-17,65],[-54,7],[-9,-36],[-59,8],[-5,-47],[-40,-17],[-38,-30],[-63,-29],[-7,16],[48,97]],[[7571,48560],[81,39],[-1,141]],[[7934,48838],[-6,-20],[32,-75]],[[7960,48743],[18,-31],[54,-22],[41,-38],[23,-46],[-1,-119]],[[8095,48487],[-21,-8],[-91,-1],[-53,-16]],[[13583,48335],[75,53],[172,80],[88,57],[45,50],[124,111],[60,33],[29,29],[21,58],[56,44],[13,-10],[110,-1]],[[13581,48093],[2,242]],[[12958,48049],[-1,-86],[262,-10]],[[13219,47953],[126,-5],[-2,-107],[235,-13],[1,188]],[[12629,47684],[42,43],[49,93],[40,35],[40,54],[28,53],[47,55],[49,26],[34,6]],[[26052,45349],[14,-59],[80,-430],[114,-600],[172,-936],[23,-144]],[[26455,43180],[-45,-7],[-24,-32],[-36,-13],[-34,-48],[-37,-21],[-34,1],[-35,-39],[-68,-34],[-49,-36],[-38,-47],[-101,-38],[-29,-57],[4,-73],[-35,-23],[-14,-46],[-55,9],[-28,34],[-39,14],[-15,-17],[38,-36],[4,-34],[-72,-27],[-66,55],[-49,-53],[-12,-26],[6,-37],[-54,-43],[-9,-36],[20,-35],[-9,-18],[-40,11],[-32,25],[-3,24],[-31,43],[-54,42],[-36,-13],[2,-23],[30,-17],[21,-50],[-29,-40],[-57,-24],[-34,-32],[-58,20],[-26,27],[-10,71],[-32,-24],[-51,-79],[-19,-10],[8,-48],[-10,-42],[-46,1],[2,-35],[-81,-3],[-11,31],[-48,-23]],[[24895,42249],[-7,38],[-84,38],[-59,57],[-32,64],[-32,20],[-4,28],[37,38],[76,29],[49,41],[-1,42],[-27,24],[-67,-29],[-29,5],[-38,69],[17,90],[-93,96],[-44,29],[-20,-1],[-55,61],[27,61],[51,18],[66,56],[31,45],[-1,84],[45,56],[-30,57],[8,105],[-50,11]],[[5740,50334],[341,-2],[146,-5],[321,-3],[358,-5]],[[6696,49157],[-24,-68],[-45,-14],[-27,-40],[7,-29],[38,-39],[-27,-53],[-4,-34],[42,-41],[19,-42],[-47,-42],[-4,-21],[45,-14],[-76,-94]],[[6231,49027],[-2,44],[-55,89],[23,53],[-7,59],[26,53],[-30,54],[0,57],[37,14],[20,42],[52,-2],[-48,102],[-32,34],[-35,16],[-41,69],[-47,28],[-61,62],[-73,1],[-4,21],[-88,8],[-9,49],[-115,4],[-16,152],[2,65],[17,160],[-5,73]],[[5510,39321],[218,-139],[67,15],[0,82],[29,19],[30,67],[56,27],[34,48],[27,21],[77,18],[99,4],[4,59]],[[6151,39542],[43,20],[208,17],[27,42],[30,12],[16,-30],[35,-18],[56,30],[42,2],[22,71],[1,43],[32,38],[84,-6],[34,32],[77,-30],[39,-39],[42,7],[33,46],[24,16],[19,-39],[-15,-95],[19,-30],[91,-20],[98,16],[76,-23],[85,-5]],[[7369,39599],[1,-552]],[[5594,39080],[-48,79],[-1,35],[-25,75],[-10,52]],[[7960,48743],[89,34],[84,20],[87,30],[53,26],[65,-4],[65,-20]],[[8403,48829],[258,-3],[320,22],[-13,-57],[-2,-87],[-10,-25],[-80,-91],[12,-29],[-4,-49],[19,-28],[-57,-150]],[[8846,48332],[-87,6],[-74,21],[-81,49],[-116,40],[-46,73],[-54,21],[-36,2],[-98,-29],[-95,9],[-64,-37]],[[5457,40016],[122,22],[75,28],[105,72],[47,22],[8,-42],[-12,-32],[2,-104],[65,3],[37,-14],[56,1],[45,-20],[69,-45],[41,-7],[37,-253],[-3,-105]],[[5510,39321],[-16,69],[-66,122],[35,45],[14,36],[-23,22],[11,46],[-2,50],[-26,62],[7,44],[-27,3],[-45,29],[12,83],[35,25],[38,59]],[[2352,40633],[60,0],[58,43],[46,7],[28,26],[36,68],[42,58],[26,62],[26,31],[60,29],[33,-3],[43,35],[47,-7],[64,13],[-17,31],[-1,72],[15,28],[-3,88],[-11,62],[39,34],[39,11],[24,37],[55,37],[30,6],[48,60],[57,17],[31,29],[13,39],[80,35],[14,53],[31,13],[39,52],[2,29],[28,23],[19,42]],[[3453,41793],[163,-71],[266,-143],[160,-49]],[[4042,41530],[-4,-151],[-14,-37],[-29,-15],[-135,-103],[-56,-33],[31,-31],[39,-19],[17,-25],[18,-92],[38,-29],[13,-53],[31,-52],[31,-36],[2,-82],[-11,-43],[-3,-70],[16,-12],[43,17],[19,-45],[44,-37],[-15,-25],[-40,-13],[19,-54],[-30,-16]],[[2341,40529],[11,104]],[[4042,41530],[73,-36],[76,-65],[75,-30],[-15,-61],[2,-43],[58,-1],[21,-11],[88,85],[14,61],[-13,89],[-18,36],[64,-23],[113,3],[34,-7],[68,36],[57,-10],[13,-36],[48,-28],[34,-32],[8,-33],[60,-1],[5,-36],[33,-5],[125,18],[48,15],[20,-66],[35,41],[68,13],[38,-20],[44,-41],[31,-48],[1,-26],[23,-62],[25,-4],[47,32],[25,-24],[11,-67],[25,-13],[42,61],[55,43],[9,29],[40,8],[-18,34],[22,24],[48,9],[58,-20],[6,-16]],[[5768,41302],[-73,-47],[-72,-62],[-8,-41],[36,-60],[-30,-52],[31,-65],[8,-42],[-69,-71],[-25,-54],[31,-95],[41,-46],[37,-80],[40,-28],[23,-83],[-34,-55],[-76,-33]],[[5628,40388],[-25,20],[-23,45],[-76,26],[-58,-7],[-25,35],[-61,44],[-48,68],[-71,21],[-67,-40],[-28,0],[-53,44],[-61,87],[-37,-50],[-56,-56],[-31,-57],[-33,-31],[-90,-50],[-46,-62],[-30,-25],[-20,-48],[-50,-9],[-50,-55],[-56,-11],[-5,-59],[-15,-44],[-26,-16]],[[9315,48214],[-61,-11],[-40,6]],[[9214,48209],[-71,37],[-136,49],[-161,37]],[[8403,48829],[66,91],[62,72],[59,48],[150,82],[128,116],[89,48],[54,2],[16,14]],[[4808,50340],[690,-2],[242,-4]],[[7501,48534],[-3,123],[-220,5]],[[7278,48662],[-179,1],[-29,-8]],[[7070,48655],[25,28]],[[7095,48683],[14,41],[-13,69],[-28,54],[-1,35],[-29,84]],[[7038,48966],[8,112]],[[19401,46138],[283,0]],[[19684,46138],[779,-10],[-8,-511],[-50,5],[104,-93],[-7,-72],[-50,-6]],[[20452,45451],[87,-4],[-69,-128],[19,-9]],[[20489,45310],[-58,-56]],[[20431,45254],[-89,94],[-48,19],[-76,-38],[-84,-133],[-69,21],[-37,48],[-90,5],[-105,40],[-2,-76],[-154,3],[8,-101],[14,-12],[-227,-6]],[[19472,45118],[10,55],[-4,44],[12,37],[52,63],[0,83],[9,59],[-60,80],[-9,29],[8,46],[44,55],[8,48],[-27,139],[-17,45],[-41,55],[-32,72],[-24,110]],[[20452,45451],[-39,1],[-1,-38],[40,1],[0,36]],[[7278,48662],[-144,-218],[-38,-18],[-18,-35]],[[7078,48391],[-3,2]],[[7075,48393],[-20,25],[21,84],[-33,96],[27,57]],[[7215,48426],[-64,-38],[-32,-31]],[[7119,48357],[-41,34]],[[18893,46132],[-1,3],[509,3]],[[19472,45118],[-100,-1],[-65,-5],[-92,19],[-72,-15],[-74,23],[-48,-42],[-41,-21],[-31,-31],[-213,0],[-146,-11],[-27,10],[-57,49],[-56,-19],[-51,20],[-39,-43],[-29,45]],[[17461,43408],[94,123],[40,33],[20,41],[4,95],[29,39],[-29,50],[-38,26]],[[17581,43815],[57,30],[37,-13],[40,16],[44,-2],[73,-30],[32,10],[-3,43],[101,26]],[[17962,43895],[-1,-65],[-20,-3],[-11,-52],[-78,-12],[-16,-58],[1,-77],[27,-1],[21,-63],[-6,-173],[-29,-52],[-61,-45],[-35,13],[-53,-3],[-152,-36],[-46,-37],[-97,-3]],[[17406,43228],[-3,35],[50,43],[8,102]],[[18480,42598],[41,-68],[41,-44],[94,-27],[73,-34],[96,28],[5,48]],[[18830,42501],[27,-51],[11,-56],[33,26],[14,-64],[20,-39],[100,5],[83,27],[54,29],[46,12],[102,39],[20,-119],[49,-75],[0,-37]],[[19389,42198],[-1,-1]],[[19388,42197],[-57,-54],[-98,-61],[-68,-73],[-55,10],[-41,49],[-82,3],[-77,-12],[-94,-39],[-40,-1],[-77,-35],[-56,4],[-87,-51],[-19,-23],[-59,13],[-45,-22],[-21,-100],[4,-37],[24,-44]],[[18440,41724],[-270,324],[-51,74]],[[18119,42122],[14,28],[73,59],[71,87],[-2,65],[44,66],[11,36],[44,12],[37,54],[11,48],[37,2],[21,19]],[[19388,42197],[-24,-55],[9,-20]],[[19373,42122],[28,-5],[65,-62],[66,-28],[25,-30],[62,-50],[3,-49],[-4,-201],[-13,-45],[-63,-44],[-1,-264]],[[19541,41344],[-442,-393]],[[19099,40951],[-11,25],[-38,31],[-30,59],[-25,29],[-53,24],[-77,101],[-270,325],[-155,179]],[[22568,26217],[48,-9],[37,30],[4,22],[95,3],[22,52],[22,3],[43,-25],[38,-69],[38,12],[10,-35],[-9,-39],[103,21],[71,2],[101,57],[-6,24],[30,26],[38,-19],[32,41],[9,37],[-19,29],[24,17],[35,-23],[67,-14],[54,-33],[18,-66],[36,5],[51,28],[26,51],[21,15],[34,-25],[60,6],[19,-20],[41,-2],[47,-16],[45,56],[7,24],[132,-6],[16,-25],[30,-9],[43,11],[47,-34],[120,15],[20,31],[24,-6]],[[24292,26360],[49,24],[37,57],[30,-21],[33,19],[8,-2]],[[24449,26437],[-9,0],[-2,-302],[2,-298],[8,-451]],[[24448,25386],[-149,-3],[1,-143],[-757,-8]],[[23543,25232],[-378,-4],[-115,-3],[0,39],[-36,-1],[11,55],[-35,6],[-111,-24],[-6,-28],[21,-47],[-35,-3],[4,-42],[-51,-4],[-42,-16],[-17,-43],[-20,-4]],[[22733,25113],[10,53],[-18,158],[-27,136],[0,120],[38,191]],[[22736,25771],[22,150],[-18,42],[-68,53],[-30,35],[-43,77],[-10,55],[-21,34]],[[21701,28572],[0,29]],[[21701,28601],[102,40],[25,24],[29,68],[40,47],[85,65],[39,37],[50,-50],[5,43],[24,0],[12,40],[35,0],[-6,56],[41,32],[-30,60]],[[22152,29063],[72,-19]],[[22224,29044],[22,0],[5,-45],[38,-80]],[[22289,28919],[67,-104],[31,-24],[-13,-34],[-150,-3],[-33,-62],[-38,-112],[-7,-71],[-11,-32],[-50,-83],[-22,-82],[13,-40],[33,-47],[12,-36],[5,-135],[-4,-114],[10,-97],[-19,-46],[34,-59],[-2,-49],[42,-61],[29,-77],[44,-29],[19,-27],[14,-59],[-1,-64],[-20,-52],[-10,-92],[6,-98],[25,-31],[-21,-45],[-28,-24]],[[22244,27030],[-76,1],[-7,148],[-151,1],[5,-148],[-308,1]],[[21707,27033],[0,378],[29,99],[-28,12],[-2,103],[-15,10],[-39,72],[20,36],[-11,45],[43,-2],[1,200],[-3,289],[-1,297]],[[22289,28919],[11,-8],[66,14],[67,-86],[39,-15],[32,-38],[20,-4],[50,33],[43,10],[24,-52],[27,-10],[9,-35],[110,-17],[41,-39]],[[22828,28672],[-42,-78],[-19,-53],[-44,-63],[-4,-62],[-46,-46],[-59,-120],[-12,-92],[29,-27],[61,-5],[-38,-38],[10,-68],[24,-29],[9,-46],[69,-76],[31,-13],[41,-62],[-13,-57],[-101,-100],[-20,-152],[-27,-71]],[[22677,27414],[-5,-45],[15,-27],[-11,-33],[-7,-75],[57,-71],[-15,-28],[0,-47],[-20,-60]],[[22691,27028],[-447,2]],[[22755,24745],[24,94],[-1,51],[-15,90],[-30,133]],[[23543,25232],[5,-453],[8,-447],[-454,-3],[-330,-9]],[[22772,24320],[-24,31],[-19,85],[9,105],[-5,76],[22,128]],[[6976,48393],[99,0]],[[25352,26759],[-149,-6],[-2,-146],[-613,-14],[2,-151],[-141,-5]],[[24292,26360],[-2,95],[12,52],[3,63],[41,47],[81,136],[-4,91],[42,65],[15,61],[34,71],[-64,68],[-81,77]],[[24369,27186],[-13,77],[-62,99],[-65,21],[-40,52],[60,57],[31,-10],[48,-35],[37,32],[28,-16],[2,-32],[42,10],[26,-27],[40,81],[-62,45],[-85,78],[-47,27],[68,73],[57,13],[52,1],[27,74],[-5,55],[38,8],[42,-6],[48,77],[38,-8],[94,19],[38,-19],[74,19],[16,22],[43,19],[16,30],[78,28],[17,19],[57,-6],[0,-38],[-20,-35],[-5,-49],[33,10],[75,3],[28,8],[129,4]],[[21697,29318],[76,15],[38,27],[43,-13],[52,31],[57,-10],[29,13],[54,-2],[37,-21],[15,-32],[-9,-49],[11,-110],[46,-51],[6,-53]],[[21701,28601],[-4,374],[0,343]],[[13048,33445],[101,137],[61,58]],[[13210,33640],[26,-38],[-9,-60],[10,-67]],[[7677,31706],[11,6]],[[7688,31712],[133,49],[62,16],[101,37]],[[7991,31618],[-74,48],[-32,-19]],[[7885,31647],[-98,4]],[[7787,31651],[-28,-8],[-53,-54]],[[7706,31589],[-35,3],[6,114]],[[7885,31647],[0,-152]],[[7885,31495],[-138,8],[39,73],[1,75]],[[6643,47823],[37,2],[34,18],[65,-59],[69,-4]],[[6848,47780],[144,-1],[37,11]],[[7029,47790],[-59,-67],[17,-83]],[[6987,47640],[-171,2]],[[6816,47642],[-140,2]],[[6676,47644],[-4,31],[26,34],[-27,100],[-38,-3]],[[6676,47644],[4,-133],[-34,-11],[-201,-1],[-4,39],[-82,0],[0,59]],[[22442,43098],[-21,-26]],[[22421,43072],[-127,112],[-60,32],[-5,-23],[-91,-5],[-17,-27],[-119,-38],[-30,-35],[-97,-19],[-40,15],[-17,27]],[[21818,43111],[-35,117],[-3,142],[13,82],[62,-20],[126,-95],[37,-44],[54,-1],[1,56],[-9,28],[22,40],[9,103],[104,-16],[32,20],[22,58],[-4,73],[56,1],[33,19],[44,46],[28,57],[11,61],[37,38],[46,22],[62,50],[60,32],[38,29],[38,51]],[[23997,45045],[-12,43],[-36,52],[-84,84],[-51,104],[-3,36],[17,63],[24,43],[-4,56],[-16,30],[-58,59],[-32,84],[-42,65],[-72,44],[-46,9]],[[23582,45817],[159,265]],[[20820,42852],[79,-5],[45,-22],[122,-101],[34,-16],[111,-5],[142,37],[129,15]],[[21482,42755],[18,-15],[-18,-46],[1,-32],[-42,-53],[35,-51],[12,-87],[28,-40],[31,-20],[25,-58],[36,3],[45,-12],[47,3],[27,18],[94,2],[65,31],[32,37],[30,78],[-4,29],[-54,75],[-26,56],[136,-7],[43,-8],[55,-24],[77,-20]],[[21695,41990],[-351,1],[-508,13]],[[20836,42004],[-5,260]],[[20831,42264],[-6,179],[1,82],[-6,327]],[[15055,35000],[14,34]],[[15069,35034],[99,2],[122,43],[31,-1]],[[15321,35078],[52,-21]],[[15220,34922],[-155,-111]],[[15065,34811],[-25,5],[-9,32],[33,22],[21,42],[-30,47],[0,41]],[[14492,34966],[50,-95]],[[14542,34871],[29,-50]],[[14409,34840],[-31,16],[-9,79],[12,28]],[[14293,34964],[-9,-32],[11,-52],[1,-77]],[[14161,34800],[-7,60],[16,23],[-85,1]],[[14053,34715],[-69,56],[-13,42]],[[13780,20929],[62,5],[45,-5],[47,-38],[41,-51],[50,-40],[54,-22],[271,2],[-1,125],[-5,65],[43,60],[35,6],[34,-32],[71,0],[28,-48],[60,-26],[95,-69],[58,-63],[50,-22],[88,-4],[65,-48],[79,27],[48,4],[9,-19],[38,5],[76,45],[74,1],[85,30],[48,89],[42,43],[50,26],[35,-9],[70,18],[54,33],[20,139],[-27,48],[-18,8],[6,56],[63,99],[-3,29],[90,33],[-40,42],[-4,59],[-74,126],[23,68],[59,-50],[25,-32],[10,-37],[51,-45],[26,-34],[-1,-29],[24,-57],[108,-34],[8,-57],[19,-11],[5,-39],[116,-43],[31,19],[54,-21],[61,-61],[35,-6],[15,-34]],[[16361,21153],[-49,-24],[139,-48],[9,-32],[60,-27],[9,-23]],[[16529,20999],[-51,-83],[-155,-185],[-32,-28],[-285,-171],[-21,-23],[-118,-266],[-37,-75],[-15,-64],[-17,-18],[-127,-82],[-37,-38],[-41,57],[4,43],[-41,-17],[-49,3],[-85,-32],[-4,-27],[-45,-5],[-71,-47],[33,-48],[-67,-26],[-49,-10],[-46,-54],[-69,-53],[-29,-14],[-45,-146],[6,-102],[-5,-40],[38,-50],[-28,-66],[48,-60],[89,-83],[45,-9],[37,-65],[57,-28],[90,-106],[101,-107],[21,-46]],[[15529,18828],[-572,-8],[-293,-3],[-153,9],[-289,-3]],[[3294,6258],[36,44],[15,37]],[[3345,6339],[78,-2]],[[3423,6337],[75,0]],[[3498,6337],[-2,-58]],[[3496,6279],[-43,14],[-27,-14],[-26,-64],[-30,-31]],[[3370,6184],[-76,74]],[[13588,34486],[28,29]],[[13616,34515],[43,-62],[88,-84]],[[13747,34369],[-82,-91]],[[13653,34298],[-41,64],[-25,69],[1,55]],[[14741,34605],[-49,-70],[0,-51]],[[14692,34484],[-43,-11],[-43,-23]],[[14606,34450],[-19,42],[32,37],[122,76]],[[14741,34605],[48,26]],[[14789,34631],[4,-16],[52,-2],[-1,-29]],[[14844,34584],[-3,-98],[7,-13]],[[14848,34473],[-66,-39],[-75,-77],[-15,-2]],[[14692,34355],[1,75],[13,29],[-14,25]],[[14844,34584],[55,-4],[48,-35],[37,-46],[35,-22]],[[14925,34420],[-21,23],[-56,30]],[[8059,31467],[8,-43]],[[8067,31424],[-123,-8],[-60,2]],[[7884,31418],[1,77]],[[28483,13815],[32,6],[59,49],[61,24],[48,42],[83,109],[41,12],[138,-85],[54,-11],[71,-36],[14,24],[42,27],[120,61],[56,37],[67,16],[113,67],[38,32],[27,70],[23,-18],[12,-42],[-4,-87],[29,0],[74,38],[56,-37],[94,0],[72,-28],[24,0],[7,65],[-8,85],[17,69],[39,-5],[59,-24],[26,-25],[65,-8],[-3,-40],[21,-17]],[[30150,14185],[-57,-117],[-50,-92],[-17,-63],[-32,-40],[-52,-163],[21,-96],[0,-59],[23,-64],[9,-80],[-7,-104],[-25,-23],[-23,21],[-25,-16],[-12,-35],[-6,-87],[-27,-44],[22,-113],[-6,-34],[-24,-49],[-15,-86],[-20,-36],[-26,-86],[-40,-84],[-3,-83],[14,-22],[43,-10],[-9,-136],[-20,-45],[49,-94],[0,-90],[-32,-73],[-2,-26]],[[28554,12063],[-1,115],[6,41],[-14,101],[8,38],[2,127],[14,97],[19,45],[-6,205],[-21,53],[-9,71],[9,47]],[[28561,13003],[14,54],[-6,261],[-122,113],[30,22],[73,4],[60,18],[54,40],[20,29],[-43,53],[-57,22],[-46,35],[-19,31],[-31,0],[-19,22],[0,48],[14,60]],[[26906,12727],[28,28],[45,7],[17,16],[77,25],[27,2],[73,-18],[75,8],[91,-13],[40,-21],[64,-6],[66,18],[66,-1],[63,11],[-10,33],[49,54],[25,41],[41,184],[104,-17],[34,2],[61,21],[170,-19],[152,5],[101,-37],[155,-43],[41,-4]],[[27487,12108],[-215,9],[-374,4]],[[28556,14058],[45,35],[54,91],[28,71],[3,50],[24,44],[0,37],[-17,73],[3,35],[44,50],[8,56],[26,96],[0,76],[-31,108],[47,46],[-7,70],[14,65],[-6,115]],[[28791,15176],[-39,102],[-23,39],[-14,93],[-31,69],[-6,56],[-15,38],[-72,130],[-16,74],[-16,33],[-3,59],[-23,41],[31,82],[-15,34],[10,71],[-30,18],[-8,25]],[[28521,16140],[150,-7],[57,84],[3,26],[-19,40],[4,89],[18,29],[1,42],[18,47],[6,51],[26,15],[40,-1],[61,45],[29,-11],[13,30],[65,40],[35,7],[43,64],[82,52],[-4,33],[23,39],[26,-4],[43,28],[76,-37],[85,-34],[12,-24],[38,-27]],[[29452,16756],[-15,-51],[63,-147],[24,-129],[-19,-22],[-12,-70],[-34,-55],[-3,-81],[11,-77],[-3,-55],[39,-57],[67,-40],[39,-97],[44,-42],[25,-41],[81,-98],[41,-22],[65,-20],[23,-37],[-43,-22],[-38,-96],[7,-25],[47,-12],[62,-81],[56,-46],[70,-36],[18,-32],[-26,-76],[-1,-31],[37,-25],[-1,-50],[-15,-77],[-3,-102],[27,-52],[-22,-81],[48,-100],[9,-47],[50,-83],[28,-28],[10,-69],[-14,-42],[-46,-96],[33,-52],[-10,-43],[-21,-26]],[[28483,13815],[3,35],[-11,45],[0,75],[23,30],[53,24],[5,34]],[[26912,15918],[-1,259],[383,-6],[165,1],[64,-6],[108,4],[128,-3],[76,-6],[538,-13],[148,-8]],[[28791,15176],[-31,-40],[-105,-32],[-26,90],[-69,54],[-65,-46],[-13,-39],[-72,-8],[-171,6],[-30,12],[-117,23],[-25,-26],[-14,-42],[-34,-52],[-13,-69],[-139,-48],[-45,3],[-27,-104],[-46,-59],[-5,-40],[-33,-46],[-3,-41],[53,-25],[92,-110],[60,-16],[45,-22],[40,7],[-14,-63],[36,-17],[61,-64],[43,-21],[37,-31],[92,-116],[41,-27],[-4,46],[17,144],[24,60],[34,-13],[54,-52],[62,-151],[39,-103],[36,-40]],[[28483,13815],[-39,0],[-55,24],[-100,2],[-4,78],[-74,-19],[-40,3],[-102,49],[-57,8],[-79,-7],[-74,41],[-109,34],[-112,55],[-39,4],[-63,-49],[-106,-39],[-123,-26],[-179,6],[-153,-21],[-37,0],[-25,-20]],[[26913,13938],[4,101],[0,334],[-6,301],[-4,600]],[[26907,15274],[4,338],[-4,134],[5,172]],[[26896,13241],[-3,183],[20,514]],[[6857,47967],[16,-41],[-2,-135],[-23,-11]],[[23052,45928],[344,263]],[[23582,45817],[-125,-206]],[[23457,45611],[-4,43],[-31,94],[-49,1],[-42,26],[-106,3],[-46,19],[-27,28],[-65,44],[-28,45]],[[23059,45914],[-7,14]],[[15129,35285],[49,76],[43,1],[25,33]],[[15246,35395],[57,-8],[74,45]],[[15377,35432],[3,-2]],[[15380,35430],[-45,-69]],[[15335,35361],[-74,-90],[56,-28]],[[15317,35243],[0,-56],[-19,-6]],[[15298,35181],[-63,38],[-59,21],[-25,-26],[-39,-14],[-26,7],[43,78]],[[15380,35430],[99,-52],[127,-56]],[[15462,35150],[-30,9],[-5,89]],[[15427,35248],[-1,30],[60,-1],[10,33],[-34,1],[-52,28],[-11,-29],[-64,51]],[[15427,35248],[-110,-5]],[[15241,35172],[57,9]],[[15321,35078],[-9,41],[-71,3],[0,50]],[[15069,35034],[30,36],[-19,32]],[[15080,35102],[68,34],[93,36]],[[19604,23182],[-3,-98],[20,-29],[1,-120]],[[19622,22935],[-76,-3],[-57,19],[-81,53]],[[6987,47640],[4,-152],[51,-1]],[[6994,47159],[-79,-3]],[[6915,47156],[-1,35],[-36,43],[-30,109],[-60,133],[25,11],[3,155]],[[13820,34920],[40,36],[40,70]],[[13912,34860],[-70,45]],[[13918,34778],[-52,-42],[-61,-16]],[[13805,34720],[-62,38]],[[16361,21153],[48,6],[63,62],[32,6],[23,27],[15,67],[44,48],[-75,168],[-33,126],[-9,138],[-17,62],[-34,65],[1,47],[82,1],[114,25],[116,-6],[71,4],[40,92],[59,40],[18,32],[-14,33],[28,50],[30,17],[20,33],[-3,26],[27,20],[-39,41],[-36,72],[-60,47],[-28,-14],[-41,31],[25,26],[20,74],[47,33],[-2,66],[96,7],[31,-6],[35,21]],[[17055,22740],[28,-17],[110,16],[205,42]],[[17398,22781],[17,-62],[52,41],[10,-39],[45,18],[37,-27],[-51,-16],[3,-32],[45,-20],[47,-73],[-42,-36],[-17,-57],[-43,-27],[3,-65],[-41,-8],[-15,-40],[39,-4],[-3,-41],[-24,-41],[35,-16],[-21,-30],[6,-33],[24,-12]],[[17504,22161],[-2,-31],[37,-8],[-36,-45],[58,-11],[-7,-28],[74,-27],[59,32],[43,10],[94,-62],[-4,-47],[28,1],[86,-53],[75,-15],[45,-35],[-10,-53],[49,-25],[27,8],[52,-28],[-1,-73],[7,-444]],[[18178,21227],[-1,-71],[4,-413],[6,-261],[4,-261],[1,-247],[-2,-80]],[[18190,19894],[-67,-78],[-27,-13],[-87,-6],[-74,-64],[-58,-41],[-62,-81],[-16,-57],[-7,-89],[-41,34],[-28,2],[-26,28],[-50,101],[-26,25],[3,28],[-25,19],[-18,83],[-44,85],[-17,49],[-28,44],[-44,18],[-33,-7],[-38,22],[9,20],[-2,67],[-37,45],[-43,12],[-8,41],[-28,9],[-4,26],[-31,3],[-32,43],[-40,19],[-40,70],[-45,6],[-14,31],[-45,47],[-33,77],[-63,41],[-64,-3],[-41,18],[-84,106],[-46,43],[-23,7],[-19,38],[-72,7],[2,26],[-23,34],[17,30],[-20,35],[16,38],[-5,42],[-30,25]],[[18190,19894],[4,-154]],[[18194,19740],[1,-72],[85,2],[1,-72],[-85,-2],[4,-233],[5,-523],[-75,10],[-305,-2]],[[17825,18848],[-387,-3],[-107,-7]],[[17331,18838],[-962,3]],[[16369,18841],[-840,-13]],[[13775,21545],[83,1],[257,-3],[190,4],[233,-1],[100,-4],[-2,133],[-65,-35],[-43,1],[-100,43],[-20,25],[-30,3],[-33,59],[-27,9],[-74,93],[3,45],[-58,53],[-25,45],[-4,43],[34,44],[30,17],[-10,24],[42,45],[28,-11],[27,31],[-12,32],[47,11],[52,42],[40,21],[61,68],[-97,29],[-118,11],[1,198],[149,55],[19,11],[144,57]],[[14597,22744],[-42,-42],[-11,-37],[6,-188],[37,-53],[46,-24],[111,11],[63,61],[158,271],[-64,289],[-16,17],[-2,50],[11,45],[-10,97],[9,38],[58,27],[47,-12],[51,-34],[54,-15],[66,-1],[69,27],[88,76],[43,56],[55,3],[27,-20],[1,-71],[-19,-50],[9,-111],[-8,-39],[7,-48],[32,-44],[11,-51],[25,-22],[126,-32],[95,-40],[43,1],[22,15],[100,101],[104,115],[16,47],[-17,83],[21,88],[34,34],[36,18],[52,7],[57,-9],[38,7],[52,40],[42,-9],[40,-74],[-5,-106],[-22,-87],[15,-59],[172,-134],[42,8],[20,59]],[[16592,23023],[56,75],[57,11],[43,-11],[102,-62],[97,2],[34,-30],[14,-29],[29,-190],[31,-49]],[[13556,44523],[35,-93],[-2,-38],[-130,1]],[[13459,44393],[-131,3],[-1,97],[62,9],[1,38],[18,31],[54,-23],[-21,60],[-9,71]],[[24598,13200],[48,-37],[32,-12],[193,-1],[25,-8],[75,-63],[24,-33],[40,-118],[-10,-29],[-59,-45],[-12,-35],[8,-36]],[[24962,12783],[-34,-19],[-113,0],[0,37],[-73,1],[-3,41],[-335,2],[42,49],[100,214],[34,30],[18,62]],[[30394,24124],[35,-8]],[[30429,24116],[60,-7],[65,-18],[12,-54],[21,-7]],[[30587,24030],[3,-32]],[[30590,23998],[-14,-22],[8,-35],[-50,3],[-12,-32],[-40,22],[-44,-58]],[[30438,23876],[-50,-39]],[[30388,23837],[-31,54],[19,23],[-12,49],[-34,0],[1,81],[30,27],[33,53]],[[3801,23510],[-28,-241],[1,-63],[-16,-87],[16,-32],[26,-15],[194,-21],[21,-15],[80,-105],[70,-59],[12,-25],[43,-37],[76,-40],[32,-8],[93,18],[33,-33],[29,-86],[106,-40],[33,-41],[54,-107],[100,-42]],[[1775,22401],[-2,78],[34,69],[-4,63],[35,57],[-8,56],[-4,381],[-14,167],[-42,103],[6,78],[12,41],[0,50],[49,115],[-1,56],[13,41],[-16,83],[-65,65],[-25,13],[-50,-48],[-48,1],[-48,13],[-60,-21],[-24,12],[-88,6],[-46,-19],[-48,-4],[-62,8],[-118,77],[-53,-5],[-114,14],[-90,89],[-79,-75],[-38,-26],[-101,-50],[-65,-27]],[[611,23862],[10,134],[48,485],[44,412],[30,308],[25,232]],[[456,22411],[67,676],[12,63],[26,239],[50,473]],[[590,4611],[18,49],[34,60],[11,58],[47,9],[14,-13],[60,23],[0,36],[-23,24],[75,2],[113,-56],[33,4],[36,-33],[56,0]],[[1064,4774],[16,-59],[54,-8],[42,16],[19,25],[61,27],[39,-4],[25,48],[37,28],[39,70],[30,10],[38,70],[31,15],[14,47],[44,90],[40,-19],[0,-123]],[[1591,4669],[0,-58],[24,-12],[13,-48]],[[1628,4551],[0,-60],[-37,-4],[0,-108],[-113,-20],[-65,-5],[-49,-21],[0,-34],[-35,-1],[-3,-37],[-34,1],[-10,-39],[-149,0],[1,-68],[31,-161],[52,-115],[1,-109],[-74,0],[-208,-14],[-159,18],[-149,-44]],[[628,3730],[-14,268],[7,98],[-8,21],[-11,159],[6,22],[-15,54],[8,19],[-5,170],[-6,70]],[[12894,45879],[137,-3],[30,33],[52,0]],[[13113,45909],[24,-169]],[[13137,45740],[-111,-16],[-59,1]],[[12967,45725],[-37,5],[-46,36],[-41,78]],[[12843,45844],[51,35]],[[12715,46031],[53,3],[205,-5]],[[12973,46029],[-11,-39],[-47,-87],[-21,-24]],[[12843,45844],[-29,52],[-99,135]],[[14968,33978],[31,100],[-3,39]],[[15109,34358],[98,-81],[88,-93]],[[15295,34184],[46,-33]],[[15088,33838],[-52,-25],[-80,42]],[[14956,33855],[16,71],[-4,52]],[[15334,34405],[2,-133]],[[15336,34272],[-39,-11],[-2,-77]],[[15109,34358],[77,-18],[0,28],[28,35],[41,9],[79,-7]],[[14697,33475],[72,53]],[[14769,33528],[21,-24],[54,0],[-3,43]],[[14841,33547],[38,20]],[[14879,33567],[17,-78],[22,-64]],[[14918,33425],[-1,-7]],[[14917,33418],[-1,-49],[-168,4]],[[15455,35830],[12,-79],[15,-14]],[[15482,35737],[-68,-6],[-4,-36],[-50,-16],[5,-54],[-29,-46],[-97,-8],[0,-61],[-18,0]],[[15221,35510],[-29,-1],[-47,-22],[-1,63]],[[15144,35550],[43,29],[1,83],[-52,-22],[-23,-23],[-58,-10],[-46,26],[-14,39]],[[22960,12313],[108,16],[47,-16],[79,-48]],[[23194,12265],[8,-5]],[[23202,12260],[-66,-59],[-20,-44]],[[23116,12157],[-29,-15],[-36,35],[-30,-25]],[[23021,12152],[-38,59],[-23,102]],[[12961,48395],[64,-51],[58,-58],[72,-40],[48,-2],[-1,-21]],[[13202,48223],[-69,-58],[-57,-34],[-31,-38],[-40,-28],[-47,-16]],[[12958,48049],[-1,214],[4,132]],[[11083,48801],[19,512],[2,288],[6,391],[3,278]],[[11113,50270],[754,-18],[354,-9],[259,-3],[223,-7]],[[12703,50233],[22,-34],[161,-41],[31,-47],[3,-75],[-18,-33],[-113,-63],[-76,-22],[-66,-70],[-50,-77],[12,-116],[-14,-131],[-41,-33],[-103,-56],[-35,-31],[-6,-42],[23,-45],[57,-29],[88,-24],[37,-44],[-18,-28],[-60,10],[-56,31],[-140,5],[-84,25],[-26,-2]],[[11076,48378],[0,205],[7,218]],[[19622,22935],[1,-86]],[[19623,22849],[-53,-103]],[[19570,22746],[-89,88],[-23,30]],[[19520,23435],[2,10]],[[19522,23445],[19,29],[111,8],[22,9]],[[19674,23491],[-13,-11],[-1,-120]],[[19660,23360],[-45,19]],[[19674,23491],[77,85],[62,-34],[41,-60],[33,-86]],[[19887,23396],[16,-51],[10,-88]],[[19913,23257],[-140,39],[-113,64]],[[3776,7591],[42,30]],[[3818,7621],[1,0]],[[3819,7621],[47,-50],[47,-19],[13,-30],[-20,-50],[1,-36],[-77,-86],[-4,-28]],[[3826,7322],[-166,-1],[53,124],[60,99],[3,47]],[[2899,7572],[27,-23],[8,-54],[41,-41],[35,-18],[-11,84],[13,102],[-11,104],[69,50],[88,0],[57,-39],[259,-2],[46,32],[90,99],[15,58],[23,-27],[51,-32],[47,-55],[-4,-25],[34,-28],[9,-42],[-3,-58],[36,-36]],[[3776,7591],[-201,-142],[-39,-47],[-49,-133],[-30,-56],[-53,-81]],[[3404,7132],[-36,-9],[-89,10],[-43,-29]],[[3236,7104],[-51,-22],[-59,28],[-22,21],[-88,7],[-52,31],[-42,0],[-22,58],[7,25],[-28,54]],[[2879,7306],[-13,44],[9,22],[2,65],[-20,40],[0,76],[42,19]],[[3826,7322],[53,-67],[25,-12],[-11,-37],[-44,-63],[-20,-13],[-32,-59],[2,-34],[-48,-15],[-59,-2],[-23,-21]],[[3669,6999],[-59,41],[-34,-2],[-43,20],[-43,35],[-4,28],[-39,-2],[-43,13]],[[482,7444],[67,-51],[58,-70],[44,-21],[28,-34],[16,-77],[11,-19],[96,-90],[46,-21],[64,-5],[73,-26],[51,-2],[19,-13],[153,-178],[27,-37]],[[1235,6800],[-37,-27],[-54,-68],[-36,-70],[-11,-52],[-1,-151]],[[1096,6432],[-20,28],[-50,35],[-93,19],[-50,1],[-65,18],[-38,-2],[-30,-37],[-63,2],[-57,52],[-26,36],[-56,41],[-34,15]],[[514,6640],[-32,804]],[[1871,7022],[110,-1],[5,40],[21,31],[82,80],[179,-5],[49,12],[55,-32],[40,-6],[35,28],[95,2],[-38,59],[36,89],[30,14],[37,-8],[32,-46],[28,-64],[5,-39],[32,-20],[36,53],[36,113],[65,2],[38,-18]],[[3236,7104],[-16,-21],[-42,-18],[-69,41],[-29,-3],[1,-57],[15,-29],[-107,-1],[-47,-29],[-84,-17],[-11,-25],[65,-133],[10,-50],[-21,-66]],[[2901,6696],[-71,17],[-37,17],[-55,3],[-38,-10],[-70,26]],[[2630,6749],[-54,56],[-92,30],[-61,-31],[-71,0],[-45,8],[-71,36],[-36,3],[-35,27],[-50,-7],[-20,11],[-35,-30],[-53,-20],[-56,21],[-70,150]],[[1881,7003],[-10,19]],[[1628,4551],[21,-24],[60,-30],[22,-21],[-67,-42],[-4,-362],[13,-31],[-93,-68],[24,-47],[-55,-55],[39,-98]],[[1588,3773],[-153,-72]],[[1435,3701],[-76,-24],[-290,-67],[-116,-42],[-313,-153]],[[640,3415],[-12,315]],[[2180,6266],[0,-334]],[[2180,5932],[-148,37],[-60,36],[-60,67],[-6,46],[-26,22],[-27,-15],[-48,-80],[-44,-32],[-27,10]],[[2523,5135],[61,29],[49,5]],[[2633,5169],[2,-193],[13,-29],[51,-40],[61,-35]],[[2760,4872],[-24,-67]],[[2736,4805],[-22,-19],[-59,-8],[-28,12]],[[2627,4790],[-9,59],[-32,54],[0,100],[-26,53],[-32,20],[-5,59]],[[1593,5007],[91,86],[88,45],[46,41],[73,22]],[[1983,5132],[-42,-152]],[[1064,4774],[10,24],[77,100],[25,46],[40,43],[79,132],[0,42],[43,25],[68,96],[32,30],[93,36],[121,84],[28,13],[61,7]],[[1621,2297],[0,75]],[[1621,2372],[149,4],[65,-9],[69,-24],[266,-177],[34,-8],[73,6],[123,33],[54,26],[63,51],[55,-15],[63,-3],[59,57],[26,-5],[24,23],[-10,31],[34,23],[-6,27],[22,26],[62,145],[8,44],[2,102],[-35,63],[-55,153]],[[2766,2945],[96,7],[95,-17],[15,25]],[[2972,2960],[48,21],[31,40],[40,21],[47,10],[17,36],[37,31],[11,40],[25,27],[37,0]],[[3265,3186],[7,-125],[21,-271],[-29,-186],[-5,-177],[-35,-82],[-4,-128],[-116,-164],[-30,-57],[-53,-58],[-27,-58],[-17,-76],[4,-64]],[[2981,1740],[-118,-1]],[[2863,1739],[-428,1],[-470,2],[-347,0],[3,555]],[[1794,3096],[92,1],[-1,150],[192,1],[29,51],[1,100],[148,0]],[[2255,3399],[0,-313],[-40,-65],[-9,-31],[-26,-23]],[[2180,2967],[-50,-35],[-75,-10],[-41,-42],[-24,61],[-196,155]],[[2981,1740],[7,-51],[85,-167],[274,-213],[262,-201],[-43,-265],[195,-274],[-48,-92],[-195,94],[-208,87],[-191,182],[-54,0],[0,202],[-559,-27],[-414,-85],[-626,-152],[-223,26],[-4,65],[6,82],[310,30],[410,114],[136,0],[300,68],[501,57],[84,49],[-34,198],[-89,272]],[[1235,6800],[48,58],[51,25],[19,26]],[[1353,6909],[252,-102],[78,-50],[45,-20],[73,-72],[80,-138]],[[1165,6284],[-49,59],[-20,89]],[[2180,6399],[45,-52],[33,-17],[136,-25],[107,-47]],[[2501,6258],[77,-52],[-27,-17],[9,-42],[-14,-75],[-24,-45],[-79,-18]],[[2443,6009],[-106,-59]],[[2337,5950],[-92,-39],[-65,21]],[[3404,7132],[-87,-133]],[[3317,6999],[-36,-55],[-29,-70],[-7,-51],[7,-69],[27,-93]],[[3279,6661],[44,-158]],[[3323,6503],[-41,-45],[-73,-10],[-26,-27],[-42,-12]],[[3141,6409],[-197,193],[-19,27],[-24,67]],[[417,8871],[88,-42],[61,-82],[12,-51],[16,-19],[111,-77],[27,7],[73,-49],[37,-41],[34,-9],[113,-88],[27,-62],[36,-36],[11,-59],[36,-104],[32,-27],[25,-45],[121,-75],[25,-22],[54,-14],[60,21],[55,5],[107,-33],[50,-33],[67,-83],[24,-1]],[[1719,7852],[7,-26],[58,-87],[5,-71],[-16,-108],[-18,-65],[-49,-82],[-12,-105]],[[1694,7308],[-57,21],[-19,-34],[-82,-31],[7,-47],[-19,-28],[-46,-28],[-3,-37],[18,-15],[0,-45],[-47,-19],[-30,-33],[-48,4],[-23,-14],[17,-66],[-9,-27]],[[482,7444],[-10,123],[-41,955],[-10,320],[-4,29]],[[24868,33288],[56,2],[9,-85],[98,-19],[48,-27],[12,10],[61,-14],[44,-34],[17,-34],[28,20],[35,-57],[-18,-33],[20,-42],[55,-15],[105,-74],[80,-86],[21,29],[-14,24],[20,22],[28,-22],[25,19],[-35,85],[72,15],[-3,53],[-13,46],[51,35],[80,-133],[47,-34],[43,-7],[25,43],[-24,68],[-51,59],[-16,29],[2,62],[53,-1],[74,54],[80,-32],[40,-58],[33,7],[-5,61],[58,-14],[14,40],[-42,44],[26,13],[39,-35],[50,-6],[18,12],[6,52],[-15,21],[-39,15],[24,33],[68,-54],[16,-33],[48,-7],[-23,50],[52,-13],[13,28],[55,-2],[12,31],[-11,104],[-40,24],[-19,31],[15,19],[40,-13],[56,0],[17,-37],[61,-70],[47,27],[-11,61]],[[26586,33545],[74,-79],[26,23],[37,-56],[5,-26],[49,-29],[29,-4],[29,-47],[20,-57],[53,-26],[18,-37],[-29,-20],[52,-36],[2,36],[37,-15],[42,21],[49,-42],[6,-42],[-8,-53],[10,-83],[-9,-59],[-23,-14],[-10,-82],[18,-73],[-10,-32],[8,-88],[14,-56],[19,-19],[87,-19],[51,-83],[-10,-35],[4,-61],[52,-41],[5,-25]],[[27283,32286],[-32,-13],[-47,-71],[-11,-39],[-46,-49],[-55,-109],[-40,-18],[-43,-77],[-43,-34],[1,-48],[-71,-74],[-48,-28]],[[24833,32183],[9,262],[5,295],[80,-2],[2,115],[-39,-1],[1,37],[38,0],[0,35],[-77,3],[16,361]],[[27283,32286],[63,32],[43,32],[47,54],[9,23],[64,26],[60,53],[49,2],[49,-25],[28,20],[110,18],[71,-24],[46,-92],[44,-46],[63,-11],[36,-16],[23,14],[80,-41],[50,15],[44,0]],[[28262,32320],[92,-566]],[[28354,31754],[-36,-6],[-22,64],[-50,20],[-24,-55],[-35,-41],[0,-54],[-23,-39],[-66,-39],[-93,-19],[-143,22],[-82,2],[-29,-54],[-15,-55],[-49,-26],[-39,-82],[47,-34],[23,-48],[39,-40],[63,-109],[-50,-21],[-102,-15],[-85,-3],[-71,20],[-87,3],[-57,-14],[-54,1],[-85,15],[-49,-44],[-103,2],[-29,-28],[-63,-17],[-22,-40],[-87,-11],[-74,-57],[-23,-33],[-62,-28],[-41,-41],[-53,-40],[-67,-32]],[[699,2084],[166,120],[63,42],[103,39],[113,16],[61,-19],[74,17],[69,-9],[223,11],[50,-4]],[[3265,3186],[97,165],[-10,95],[-67,238],[174,249]],[[3459,3933],[47,84],[-65,290],[-24,52]],[[3417,4359],[75,47],[88,74],[23,32],[31,66],[12,45],[5,73],[30,103]],[[3681,4799],[23,46],[-9,46],[-29,72],[-2,28],[23,52],[1,49],[-17,66],[52,39]],[[3723,5197],[260,-23],[287,-147]],[[4270,5027],[-22,-770],[-1,-112],[-26,-80],[-46,-31],[-17,-30],[-29,-282],[-29,-303],[-33,-328],[-44,-398],[-134,-1361],[-50,-524],[3,-31],[-5,-755]],[[3837,22],[-77,-19],[-129,-3],[-124,28],[-107,55],[-51,40],[-94,104],[-107,14],[-83,29],[-58,32],[-104,88],[-24,34],[-64,52],[-68,83],[-8,17],[-119,-15],[-141,-22],[-218,-42],[-296,-81],[-146,-30],[-100,-17],[-221,-22],[-64,-1],[-129,25],[-115,48],[-85,54],[-54,-95],[-52,-66],[-101,-93],[-116,-73],[-12,246],[-27,703],[-29,648],[-15,341]],[[20627,25772],[17,-66],[58,-34],[65,-49],[65,-33],[79,82],[38,30],[26,3],[-7,-54],[-22,-53],[39,-47],[3,-58],[-23,-37],[-34,-27],[33,-82],[-4,-25],[24,-43],[-15,-38],[24,-15]],[[20993,25226],[-75,-39],[-56,-41],[-57,-2],[-73,-23],[-92,-55],[-94,-22],[-55,-47],[-76,-20],[-59,-31],[-82,-3],[-71,-16],[-47,7],[-59,-29]],[[20097,24905],[-47,10]],[[20050,24915],[-25,58],[-48,36],[-46,16],[-29,47],[-43,40],[-123,54],[-66,71],[-38,71],[3,32],[-30,22],[-16,77],[-25,39],[-23,87],[-29,32],[-9,33],[-89,55],[-28,0]],[[19386,25685],[-17,20]],[[19369,25705],[83,105],[104,-36],[62,-5],[51,43],[-7,44],[42,55],[51,3],[-16,69],[18,43],[29,-21],[88,5],[22,-33],[20,24],[3,35],[73,-2],[5,-43],[24,-3],[44,19],[-1,20],[78,68],[7,-50],[62,26],[16,-56],[34,-4],[25,-31],[42,11],[39,-15],[17,48],[48,76],[24,4],[47,-15],[28,-81],[-5,-21],[-58,-71],[-19,-38],[-1,-39],[58,-5],[86,-28],[35,-34]],[[20627,25772],[43,94],[72,95],[42,112],[56,107],[54,40],[20,62],[55,27],[93,70],[11,20]],[[21073,26399],[39,1],[50,21],[49,2],[76,-15],[80,11],[61,29],[91,10],[65,-91],[22,-95],[75,-33],[52,-2],[26,-28],[83,-11],[27,-12],[63,-4],[97,-70],[28,-40],[5,-32],[57,-13],[55,-63],[39,-21],[2,-35],[-29,-51],[-9,-87],[51,-104],[-1,-43]],[[22227,25623],[16,-79],[-43,-84],[-42,-46],[-31,-58],[-66,-67],[-33,-57],[1,-39],[-171,29]],[[21858,25222],[-59,8],[-83,-28],[-68,-48],[-24,-8],[-84,-1],[-105,8],[-71,26],[-60,13],[-129,11],[-90,29],[-56,4],[-36,-10]],[[20030,41766],[36,39],[50,22],[58,-14],[25,19],[37,-14],[19,26],[44,22],[60,-2]],[[20359,41864],[127,-2]],[[20486,41862],[75,-226],[137,-345],[56,-186],[14,-75],[152,-6],[28,-46],[-84,-75],[-48,-52],[-17,-3],[-15,-58],[-80,-69],[-24,-43],[-2,-29]],[[20678,40649],[4,-31],[-80,0],[-123,-76],[-14,-21],[-7,-50],[-37,-45],[-9,-34],[-31,22]],[[20381,40414],[-31,45],[-33,4],[-79,-43],[-87,33],[3,57],[-42,113],[-8,76],[14,50],[12,197],[-21,55],[-28,28],[-2,177],[20,51],[-41,47],[-47,90],[22,63],[-29,110],[-6,147],[32,52]],[[21557,39921],[25,40],[23,84],[56,-2],[-6,50]],[[21655,40093],[12,26]],[[21667,40119],[68,-11],[38,-21]],[[21773,40087],[49,-18]],[[21822,40069],[-41,-43],[-17,-46],[1,-55],[16,-108]],[[21781,39817],[-4,-33]],[[21777,39784],[-41,39],[-20,-85],[-29,5],[-40,63],[-25,14]],[[21622,39820],[-31,39],[-4,58],[-30,4]],[[23147,41996],[1,-107],[12,-387]],[[23160,41502],[-38,-26],[-172,-191],[-126,-113],[-68,-66],[-24,-33],[-58,-44],[-53,-60],[-71,-39],[-66,-48],[-164,-140],[-202,-127],[-143,-120],[-90,-113]],[[21885,40382],[-29,49]],[[21856,40431],[-242,354]],[[21614,40785],[90,124],[97,105],[68,82],[54,54],[14,26],[-8,44],[132,172],[52,55],[110,98],[40,44],[214,298],[92,110]],[[23167,41071],[72,-8],[186,157],[131,38],[54,-38],[0,-37],[-34,-66],[-25,-98],[16,-86],[57,-115]],[[24068,39598],[-6,-81],[-12,-262],[-30,8]],[[24020,39263],[-49,13],[-396,77],[-141,24],[-93,28]],[[23341,39405],[-103,33],[-114,44],[-2,-75],[-66,1]],[[23056,39408],[-21,33],[26,21],[-25,24],[-33,82]],[[23003,39568],[89,-19],[37,2],[41,36],[10,24],[-43,13],[38,379],[-49,-1],[-23,-27],[-24,54],[-32,26],[-27,54],[-44,5],[-4,-32],[-23,-12],[-36,56],[-109,73],[-16,-31],[-6,-61],[-36,31],[-26,2],[8,-56],[-39,-39]],[[22689,40045],[-72,52],[-40,50],[13,102],[-10,69],[-13,32],[-67,80],[-7,29],[14,82],[38,45],[48,33],[115,25],[39,-11],[34,-37],[31,-53],[20,-54],[73,-104],[95,-99],[61,-27],[53,-10],[144,33],[28,14],[21,37],[24,141],[-7,89],[-20,44],[-57,51],[-94,58],[-47,58],[-121,72],[-33,41],[-15,54],[15,56],[100,95],[38,-1],[77,-20]],[[21885,40382],[27,-48],[37,46],[42,71],[46,-9],[79,0],[141,91],[2,-134],[-5,-31],[-109,-1],[0,-103],[-50,-45],[33,-97],[55,-73]],[[22183,40049],[-26,-12]],[[22157,40037],[-73,-1],[-109,78],[-82,27],[-22,-12],[-49,-60]],[[21773,40087],[18,33],[-57,25],[7,40],[144,197]],[[21371,39831],[21,-16],[38,2],[38,-33],[56,-72],[21,19]],[[21545,39731],[-6,-60],[-76,-1],[0,-38],[26,-30],[57,-17],[-60,-57],[-60,-46],[-4,-38]],[[21422,39444],[-36,-15],[-19,-61],[-14,-74],[-33,-23],[-57,19],[-39,0],[47,69],[62,45],[-3,108],[48,0],[-18,59],[-19,31],[-69,52],[18,28],[52,40],[43,44],[-22,41],[8,24]],[[22828,28672],[39,16],[41,-10],[31,23],[0,46],[-31,15],[-6,25],[32,56],[30,114],[54,24],[2,36],[-38,25],[-32,43],[16,41],[52,63],[50,-12]],[[23068,29177],[69,-26],[71,11],[57,-33],[17,-33],[47,-21],[45,-3],[38,19],[38,68],[24,20],[70,33],[32,6],[32,-13],[86,17],[21,58],[99,9],[24,14],[18,59],[-3,36],[17,31],[34,-5],[118,-47],[30,-54]],[[24052,29323],[-39,-29],[-52,-73],[-54,-58],[-34,-65],[5,-71],[31,-24],[58,-14],[35,-135],[21,-106],[-17,-51],[-32,-5],[-49,-27],[-64,-65],[-59,-114],[-16,-64],[-12,-98],[-26,-87],[0,-63],[24,-45],[-186,75],[-91,56],[10,-40],[56,-64],[32,-126],[-25,-41],[-15,-92],[-50,-82],[11,-59],[22,-15],[3,-39],[-27,-78],[28,-45],[32,-25],[-2,-25],[46,-23],[8,-36],[-9,-60],[31,-79],[-2,-101],[7,-43]],[[23651,27187],[-81,-13],[-37,28],[-57,-32],[-80,-5],[-39,-17],[-46,64],[-50,24],[-51,70],[-42,-17],[-56,6],[-43,-20],[-24,15],[-60,10],[-21,31],[-31,8],[-74,-16],[-66,45],[-35,-7],[-24,46],[-57,7]],[[23168,30651],[348,-1],[307,5],[170,5],[291,5],[382,8],[153,1]],[[25351,30681],[1,-716],[1,-228]],[[25353,29737],[-64,20],[-76,94],[-26,13],[-29,-61],[32,-58],[8,-61],[-51,-55],[-53,-106],[-55,-49],[-18,-43],[-31,-116],[13,-37],[-62,-50],[-58,-20],[-115,55],[-100,18],[-40,-28],[-39,-61],[-40,-36],[-80,-40],[-37,-10],[-29,18],[23,79],[-16,30],[5,42],[-19,35],[-11,83],[-37,42],[-29,5],[-93,-36],[-49,-54],[-51,-44],[-37,-68],[-25,-18],[-33,6],[-7,28],[30,47],[-2,22]],[[23068,29177],[10,29],[31,-12],[25,26],[-26,23],[-12,60],[-41,38],[-47,9],[-2,47],[-21,24],[-114,65],[55,35],[-37,32],[-66,3],[-15,33],[-68,40]],[[22740,29629],[-11,37],[35,34],[26,57],[-23,29],[4,49],[20,60],[38,9],[22,24],[-2,50],[11,24],[43,41],[-5,26],[-40,10],[-29,47],[12,16],[-44,31],[57,33],[-27,64],[39,48],[-25,27],[-36,5],[-34,31],[17,70],[-41,16],[-25,63],[34,17],[7,32],[57,-59],[42,12],[30,33],[53,7],[72,-20],[27,36],[75,-14],[-9,46],[58,31]],[[363,10043],[182,1],[320,-3],[247,6],[149,-3],[-2,121],[4,184],[114,1],[286,-3]],[[1663,10347],[3,-21],[-31,-22],[8,-77],[28,-56],[-9,-21],[-88,-81],[-44,-21],[-27,6],[-38,-20],[-29,-48],[-56,-2],[-80,-35],[-41,0],[16,-50],[47,-63],[27,-13],[-17,-40],[-64,-52],[2,-41],[25,-22],[-28,-56],[-38,-35],[-27,-64],[-41,-4],[-26,-68],[-27,-34],[6,-72],[20,-87],[51,-11],[1,-104],[-32,-38],[-15,-45],[46,13],[24,23],[34,7],[33,29],[63,1],[30,-17],[58,17],[24,33],[40,-4],[20,35],[70,-8],[53,8],[39,23],[-5,-47],[72,19],[37,56],[50,-9],[116,30],[32,77],[50,-48],[101,1],[36,-8],[1,-40],[23,-26],[52,1],[4,34],[51,5],[57,-37],[11,15],[51,4],[17,37],[-34,63],[0,26],[41,31],[45,0],[31,14],[-13,84],[22,36],[19,3],[0,66],[-54,37],[-7,72],[48,1],[13,67],[42,45],[62,-19],[18,17],[45,-1]],[[2707,9816],[59,-50],[1,-74],[13,-13],[110,19],[19,-40],[29,-23],[16,-33],[66,6],[31,22],[84,-59],[8,-30],[37,-17],[34,23],[54,4],[31,21],[49,-58],[39,1],[12,-23],[81,-10],[-11,-25],[-52,-54],[-33,-8],[-36,-36],[-81,-64],[-46,-82],[12,-35],[0,-53],[18,-57],[-31,-50],[9,-30],[-31,-28],[-53,-85],[0,-172],[-75,0],[2,-288]],[[3072,8415],[1,-186],[-80,0],[-53,-14],[-36,-23]],[[2904,8192],[-65,-32],[-79,-25],[-45,-7],[-29,-32],[-91,-35],[-40,14],[-57,-21],[-92,-3],[-57,9],[-70,36],[-118,23],[-93,9],[-31,-24],[-50,-10],[-108,-65],[-26,-24],[-27,4],[-61,-14],[-51,-21],[5,-122]],[[417,8871],[-24,520],[-11,199],[-19,453]],[[2904,8192],[-21,-80],[5,-54],[-4,-145],[4,-48],[-7,-54],[23,-88],[0,-37],[-16,-94],[11,-20]],[[1871,7022],[-52,94],[-125,192]],[[3669,6999],[-30,-69],[-58,14],[-15,17]],[[3566,6961],[-141,-32],[-31,44],[-53,31],[-24,-5]],[[2494,4394],[59,50],[112,75]],[[2665,4519],[-22,-233],[9,-37]],[[2652,4249],[-2,-38],[-72,-111],[-148,-123]],[[2430,3977],[-44,15],[-52,4],[-35,39],[-28,5],[-80,71],[-13,26]],[[2443,6009],[41,-20]],[[2484,5989],[2,-146]],[[2486,5843],[-75,-1]],[[2411,5842],[-74,0]],[[2337,5842],[0,108]],[[1608,3254],[134,-116],[52,-42]],[[2180,2967],[7,-21],[75,0],[15,-19],[173,-1],[35,19],[281,0]],[[1621,2372],[0,80],[-26,48],[-27,94],[0,21],[69,36],[-5,38],[17,34],[-79,118],[16,65],[-14,69],[-17,23],[-29,-2],[-12,60],[9,36],[-10,29],[14,39],[28,16],[53,78]],[[1435,3701],[0,-156]],[[1435,3545],[5,-148],[16,-9],[152,-134]],[[699,2084],[-43,948],[-16,383]],[[3106,4984],[25,7],[109,60]],[[3240,5051],[82,46]],[[3322,5097],[19,-30],[-9,-24],[-53,-24],[4,-46],[36,-51],[48,-10],[34,-59],[-12,-12]],[[3389,4841],[-49,-13],[-30,27],[-39,5],[-45,-8],[-31,-35],[-32,-65],[-9,-40],[9,-80]],[[3163,4632],[-64,31],[-35,-7],[-16,30],[30,11],[5,45],[-35,23],[-56,-8],[-23,29],[-22,-20],[-88,-1]],[[2859,4765],[100,129],[80,66],[67,24]],[[3531,5354],[113,-13]],[[3644,5341],[-97,-83],[-41,-26]],[[3506,5232],[25,122]],[[2432,10351],[353,-1],[305,3],[409,-2],[117,-3],[36,4],[314,1],[298,301],[135,-93],[5,-17]],[[4404,10544],[-11,-61],[16,-42],[53,-46],[54,-19],[61,4],[62,27],[43,-10],[14,-28],[-9,-43],[-31,-71],[-2,-99],[-18,-36],[-170,-243],[-59,-51],[-32,-39],[-6,-44],[9,-30],[47,-53],[28,-61],[31,-32]],[[4484,9567],[-1,-32],[-34,-32],[-49,27],[-22,0],[-44,-66],[-33,-20],[-52,-12],[-66,-3],[-12,-11],[-18,-89],[-27,-39],[-59,-44],[-14,-41],[20,-38],[31,-14],[68,-12],[20,-36],[-26,-45],[-29,0],[-89,60],[-43,8],[-24,-51],[6,-44],[33,-43],[50,-26],[82,12],[94,-36],[43,-64],[-4,-110],[6,-36],[-25,-17],[-63,11],[-1,-46],[-24,-1],[-41,41],[-4,18],[-58,27],[-31,-62],[-43,-41],[-72,-47],[0,-80],[-287,-1],[-29,-17],[-48,-5],[-30,-23],[-13,-39],[-39,-29],[-104,-9],[-51,-22],[-104,-1],[-35,18],[-48,-6],[-69,16]],[[2707,9816],[-55,46],[36,24],[2,43],[16,27],[-31,35],[-2,34],[39,5],[-1,75],[-50,38],[-18,34],[-61,50],[-36,-1],[-37,30],[-28,52],[-48,24],[-1,19]],[[2630,6749],[-87,-88],[85,-41],[0,-360]],[[2628,6260],[-52,0]],[[2576,6260],[-17,28],[-26,80],[-36,53],[-28,24],[-126,54],[-94,20],[-70,69]],[[1880,6677],[1,326]],[[3233,5375],[112,-10]],[[3345,5365],[-17,-76],[3,-77],[-19,-44],[10,-71]],[[3240,5051],[6,67],[16,64],[-2,51],[-27,45],[0,97]],[[3524,6500],[9,103]],[[3533,6603],[33,358]],[[3819,7621],[174,122],[120,101],[61,32],[191,40],[84,32],[118,77]],[[4567,8025],[0,-77],[-39,-83],[-78,-45],[-42,-37],[-64,-73],[-33,-56],[-26,-87],[12,-90],[36,-48],[122,-50],[56,-33],[55,-46],[35,-46],[49,-82]],[[4650,7172],[7,-34],[-3,-69],[-19,-36],[-43,-24],[-105,-7],[-118,-64],[-90,-31],[-39,-53],[8,-126],[-15,-30],[-58,-37],[-105,-32],[-51,-36],[-49,-69],[0,-23]],[[3970,6501],[-62,-78],[-50,-104],[-72,-219],[-35,7],[-130,-31]],[[3621,6076],[-77,261]],[[3544,6337],[-19,65],[-1,98]],[[2568,3694],[23,7],[242,1],[100,-4],[145,-1],[1,528]],[[3079,4225],[95,-28],[-16,-60],[66,-18],[29,-18],[-34,-64],[15,-36],[122,-84],[33,16],[70,0]],[[2972,2960],[-12,14],[22,58],[33,23],[24,90],[-18,25],[-109,-6],[-7,31],[-48,49],[-35,15],[-44,54],[-45,5],[-5,53],[-54,51],[-36,10],[-35,38],[-20,79],[-23,64],[21,49],[-13,32]],[[2760,4872],[24,40]],[[2784,4912],[109,160],[86,83],[47,55],[60,47]],[[3086,5257],[3,0]],[[3089,5257],[30,-96],[9,-137],[-22,-40]],[[2859,4765],[-45,21],[-61,3],[-17,16]],[[16781,46488],[3,134]],[[16784,46622],[82,-2]],[[16866,46620],[131,-3]],[[16997,46617],[13,-63],[-5,-59],[31,-56]],[[17011,46389],[-69,2],[-49,37],[-17,37],[-95,-26]],[[16781,46439],[0,49]],[[16095,17617],[46,0],[13,-37],[99,8],[0,49],[74,-33]],[[16327,17604],[17,-61],[-14,-91],[8,-10]],[[16338,17442],[-61,0],[-30,-14]],[[16247,17428],[-36,20],[-1,55],[-75,1],[-2,30],[-38,31],[0,52]],[[6214,47532],[0,-48],[21,-55],[-16,-50],[96,-45],[20,-33],[-4,-30],[-57,-41],[97,-21],[231,-45],[313,-8]],[[6915,47156],[-10,-59],[-36,-49],[-78,-16],[-39,-38],[-43,-113],[-413,-567],[-183,-245],[-193,-214]],[[5920,45855],[-436,8]],[[5484,45863],[-8,63],[-81,35],[-33,-32],[-46,13],[-52,59],[-41,-5],[-15,45],[-70,68],[-35,59],[-5,34],[-30,47],[-40,21],[-10,67],[4,53],[-14,80],[21,127],[-38,39],[-36,-1],[-35,33],[-6,60],[-34,21],[-6,54],[17,33],[46,49],[0,40],[30,36],[40,-16],[28,50],[6,61],[-10,48],[22,52],[39,28],[15,37],[-2,49],[20,46],[-6,160],[4,99],[-78,20],[1,159],[19,45],[-16,90],[100,124]],[[7491,46346],[45,-18],[-20,-22],[25,-21],[-2,-39],[-25,-48],[36,-34],[-18,-15],[-4,-57],[-49,-35],[-18,-50],[11,-23],[-27,-49],[-59,-50],[-1,-67]],[[7385,45818],[-438,13]],[[6947,45831],[-436,13]],[[6511,45844],[-591,11]],[[8382,32674],[39,-57],[12,-33],[38,-29],[45,-19],[14,-35],[-31,-82],[1,-66],[30,-43],[-4,-24],[18,-68],[-10,-79],[9,-40]],[[8543,32099],[-24,-30]],[[8519,32069],[-57,-73]],[[8462,31996],[-36,128],[-35,19],[-34,45],[-42,101],[-45,64],[-53,16]],[[8217,32369],[3,23],[54,60],[-7,69],[7,59],[24,20],[31,-11],[24,67],[29,18]],[[19921,23169],[164,4]],[[20086,22964],[-107,10],[-87,3]],[[19892,22977],[27,57],[10,57],[-8,78]],[[28354,31754],[43,-273],[52,-307],[78,-485]],[[28527,30689],[-511,1],[-669,2],[-301,2],[-486,5]],[[21249,27031],[70,2],[388,0]],[[22691,27028],[137,0],[-19,-34],[15,-66],[0,-51],[-14,-25],[-101,-102],[-3,-33],[27,-78],[-34,-78],[-36,-44],[-45,-16],[-33,-45],[-37,-155],[-1,-67],[21,-17]],[[22736,25771],[-43,61],[-36,-14],[-82,-14],[-30,31],[-41,11],[-5,-43],[-54,-16],[-41,11],[-34,-32],[-14,-61],[-28,-46],[-52,-8],[-49,-28]],[[21073,26399],[-35,39],[-8,38],[30,82],[61,46],[-24,92],[27,47],[29,28],[15,82],[64,31],[20,56],[-3,91]],[[22845,36771],[29,-9],[37,-46],[48,3],[39,-35],[47,-4],[2,44],[68,-1],[15,-19],[61,-3],[24,-12]],[[23215,36689],[-16,-45],[-3,-74],[12,-59]],[[23208,36511],[-83,-1],[-65,-69],[-33,-69]],[[23027,36372],[-63,-26]],[[22964,36346],[-1,44],[-31,12],[-11,31],[3,87],[-32,46],[-54,27],[-27,51],[31,53],[3,74]],[[2338,5672],[97,-17],[52,-3]],[[2487,5652],[0,-125]],[[2487,5527],[-148,80]],[[2339,5607],[-1,65]],[[3518,6038],[51,29],[52,9]],[[3970,6501],[18,-79],[-54,-116],[9,-42],[43,-35],[34,-42],[20,-41],[-11,-112],[5,-43],[41,-99],[60,-53],[16,-38],[6,-66],[-13,-46],[-40,-71]],[[4104,5618],[-17,-51],[24,-21],[45,-16],[61,-52],[19,-32],[19,-115],[18,-229],[-3,-75]],[[3723,5197],[-34,47],[12,39],[-30,17],[-18,48]],[[3653,5348],[19,44],[10,74]],[[3682,5466],[71,-10],[27,54],[9,70]],[[3789,5580],[7,40],[29,21],[-14,71],[-36,-13],[-19,50]],[[3756,5749],[-39,84],[-40,35]],[[3677,5868],[-88,79],[-8,-9]],[[3581,5938],[-19,-21],[-74,33],[-32,29]],[[3456,5979],[21,38],[41,21]],[[10032,24216],[404,8],[474,6],[113,27],[501,4]],[[11524,24261],[3,-19],[40,-54],[2,-163],[-21,-12],[-45,26],[-3,-33],[26,-31],[-37,-10],[-24,13],[-42,-2],[-30,-40],[-56,-34],[3,-27],[26,-15],[21,-54],[-1,-38],[-36,-34],[-50,1],[-13,-29],[17,-44],[64,-38],[-9,-48],[61,18],[26,-49],[63,-26],[17,-43],[-16,-25],[-54,-16],[-2,-46],[80,-5],[32,12],[25,48],[47,12],[23,-50],[1,-33],[-41,-97],[11,-30],[56,-23],[44,22],[34,41],[58,-46],[-1,-58],[22,-45],[-30,-16],[-32,-39],[-44,-16],[0,-22],[46,-52],[-4,-42],[19,-20],[52,-20],[22,-36],[-9,-27],[-91,-34],[20,-33],[54,19],[2,-55],[-15,-39],[68,-38],[41,3],[5,-30],[-18,-32],[-43,-30],[11,-16],[70,-17],[50,-3],[40,39],[-18,47],[47,63],[52,-3],[-1,-32],[16,-75],[-15,-58],[9,-11]],[[7711,33519],[70,-11],[61,27],[57,49],[39,67],[-41,-1],[-35,19],[6,44],[-78,41],[5,31],[30,20],[-50,68],[10,41],[-14,37],[-52,-14],[-30,23],[0,45],[28,33],[71,4],[38,-20],[31,30],[80,-6],[8,77],[9,11],[50,-25],[25,36],[-39,33],[-86,-35],[-20,12],[66,78],[0,33],[-69,13],[-50,39],[59,83],[-36,37],[-69,-10],[-59,53],[-12,63],[15,37],[45,48],[37,7],[28,32],[11,137],[41,41],[23,-11],[10,-56],[16,-26],[33,41],[9,35],[-99,59],[32,56],[-62,10],[43,44],[-46,29],[-63,119],[31,44],[-67,38],[-23,91],[-46,-19],[-7,20],[45,43],[67,35],[12,53],[46,9],[18,-32],[35,7],[6,30],[-37,48],[18,38],[15,75],[47,14],[75,42],[8,73],[72,32],[41,58]],[[9238,35804],[159,-5],[304,1],[1,-151],[462,3],[3,-758],[451,-13]],[[10618,34881],[50,-66],[7,-30],[-27,-55],[-41,-12],[-34,10],[-46,36],[-72,7],[-25,-23],[-2,-52],[31,-96],[-3,-44],[-28,-22],[-66,0],[-25,23],[-22,69],[-18,17],[-44,-2],[-54,-26],[-67,50],[-44,11],[-32,-17],[-8,-62],[-48,-105],[-40,-50]],[[9960,34442],[-69,-53],[-84,-116],[-99,-77],[-83,-127],[-58,-80],[-29,-74],[-21,-91],[-45,-147],[-29,-48],[-74,-83],[-31,-54],[-2,-38],[26,-72],[0,-34],[-52,-111],[-2,-29],[12,-100],[-18,-95],[23,-87],[22,-56],[36,-63],[82,-41],[45,-56],[8,-62],[-7,-83],[-15,-26],[-52,-17],[-95,-12],[-55,-21],[-42,-33],[-9,-37],[17,-57],[-6,-77],[-37,-60],[-54,-30],[-77,12],[-87,-9]],[[8999,32198],[-19,37],[-29,23],[-40,-15],[-12,67],[-25,-3],[-51,16],[-30,27],[-86,125],[19,58],[-13,129],[29,26],[3,25],[53,61],[1,94],[11,45],[34,25],[-48,69],[-3,40],[-63,29],[-24,-41],[-61,5],[-33,34],[-25,0],[-25,-48],[-49,-10],[-3,-20],[42,-83],[-31,-40],[-42,-12],[-63,-44],[-35,-9]],[[8381,32808],[-15,24],[-29,-9],[-28,-51],[-34,-19],[-27,20],[14,71],[-14,87],[12,45],[-31,63],[-30,7],[-33,-43],[-29,41],[-24,6],[-68,-14],[-24,40],[15,27],[58,28],[24,33],[-13,66],[-20,9],[-38,-41],[-22,5],[-27,54],[-49,-13],[-67,-80],[-59,-13],[-26,29],[-16,48],[-58,-31],[-58,-1],[-17,63],[9,31],[32,26],[99,57],[1,18],[-96,103],[18,25]],[[8543,32099],[86,55],[52,14],[157,28],[73,-5]],[[8911,32191],[-34,-67],[15,-35],[36,18],[23,-82],[-48,4],[-15,-24],[0,-53],[-49,-11],[1,-21]],[[8840,31920],[-119,-20],[-17,4]],[[8704,31904],[-44,11],[0,33],[20,24],[-19,24],[-26,-8],[-113,-9]],[[8522,31979],[4,34],[21,35],[-28,21]],[[8195,32301],[22,68]],[[8462,31996],[-90,-84],[-55,-26],[-34,-5]],[[8283,31881],[-5,43],[-18,34],[-39,26],[-111,30]],[[8110,32014],[1,61],[26,32],[6,37],[41,93],[11,64]],[[10194,31862],[24,-29],[22,10],[40,-23],[36,-54],[31,-22],[32,3],[13,52],[61,100],[33,13],[78,53],[39,-1],[40,19],[43,50],[73,11],[57,49],[46,29]],[[10862,32122],[35,-12],[71,15],[58,29],[31,-9],[43,-47],[-19,-70],[18,-64],[-19,-31],[35,-26],[19,-59],[22,-29],[-6,-53],[72,14],[38,17],[113,71],[163,126]],[[11536,31994],[63,-44]],[[11214,31529],[1,-465],[-2,-141],[-61,-1],[-385,13],[-281,13],[-184,-286]],[[10302,30662],[-16,-6],[-57,28],[13,35],[27,23],[31,61],[-11,48],[36,64],[10,46],[2,92],[-30,71]],[[10307,31124],[80,-8],[-8,77],[-51,41],[26,32],[-46,23],[-15,54],[-39,35],[26,35],[-8,62],[81,101],[6,23],[-22,56],[-38,32],[-54,5],[-23,33],[20,44],[-39,51],[-9,42]],[[8999,32198],[-43,-10],[-45,3]],[[8382,32674],[10,88],[-11,46]],[[7932,32302],[18,111],[2,74],[-10,40],[7,42]],[[7949,32569],[58,-14],[67,-64],[37,-20],[8,-43],[53,-54],[8,-59],[15,-14]],[[8110,32014],[-155,15],[-63,16]],[[7892,32045],[24,93],[28,78],[-14,53],[2,33]],[[6847,33409],[57,16],[30,32],[82,-6],[93,-39],[69,9],[53,-9],[18,-73],[23,-13],[79,-15],[7,-63],[95,-52],[27,-32],[40,-13],[22,25],[55,-9]],[[7597,33167],[4,-17]],[[7601,33150],[19,-96],[44,-267],[44,-189],[-3,-50]],[[7705,32548],[-13,-39],[-4,-58],[5,-88],[-9,-22],[-49,-58]],[[7635,32283],[-4,55],[-68,23],[-67,53],[-25,30]],[[7471,32444],[-7,67],[-18,46],[5,43],[-11,49],[3,46],[-25,57],[-47,26],[-33,55],[-74,42],[-37,1],[-41,46],[-28,46],[-8,43],[-60,76],[-27,8],[-76,-35],[-43,19],[-24,65],[-35,59],[-42,92],[4,114]],[[8533,31324],[159,13]],[[8692,31337],[36,-23],[35,-38],[11,-108],[26,-69],[35,-66]],[[8835,31033],[-36,-18],[-35,-55],[-47,-51],[-4,-38]],[[8713,30871],[-38,44],[-229,123]],[[6883,31335],[-25,91],[-8,65],[30,-12],[36,-52],[44,-22],[8,-42],[26,-21],[55,11],[14,23],[-43,75],[-5,45],[-50,42],[4,40],[34,4],[52,-45],[75,-28],[25,10],[-4,56],[4,82],[18,29],[38,-2],[65,-44],[125,-29],[36,5],[94,47],[146,43]],[[7706,31589],[-120,-153],[21,-28],[18,-55],[35,-66],[18,-86],[17,-49]],[[7695,31152],[-131,-47],[-65,-39],[-158,-119],[-35,-29],[-51,-66],[-44,-83]],[[7211,30769],[-56,20],[-61,44],[-55,30],[-35,38],[-21,45],[-49,35],[-52,118],[12,72],[-22,25],[-73,0],[-16,26],[17,29],[56,35],[27,49]],[[8692,31337],[61,16],[37,19]],[[8790,31372],[87,-13],[2,90],[16,47]],[[8895,31496],[59,-30],[24,0],[54,25],[40,-4]],[[9072,31487],[2,-24],[39,-94],[33,-54]],[[9146,31315],[77,-119],[51,-36],[28,-56],[-38,-9],[-25,-32],[-50,-7],[-125,5],[-39,-33],[-3,-30],[-90,-30],[-69,36],[-28,29]],[[8067,31424],[35,-91]],[[8181,31078],[-31,4],[-14,-59],[-139,7],[-76,-25]],[[7921,31005],[47,257],[-107,-53],[-71,-26]],[[7790,31183],[-19,58],[54,13],[39,39],[20,125]],[[7654,31947],[40,-9],[116,-42],[-6,88],[40,-35],[114,-4],[41,38]],[[7999,31983],[8,-34],[-40,-31],[39,-38],[-29,-36],[20,-24]],[[7688,31712],[4,37],[40,70],[-8,45],[-22,38],[-48,45]],[[16614,47909],[-32,-93]],[[16582,47816],[-50,13],[-112,-1],[-47,-32]],[[16373,47796],[-32,64],[1,51]],[[24868,33288],[16,284],[16,450],[3,530],[6,153]],[[24909,34705],[168,-6],[1080,-9]],[[26157,34690],[292,1],[273,-8],[414,-10],[333,-4]],[[27469,34669],[27,-42],[73,4],[16,-7],[-26,-72],[-36,2],[-84,54],[-75,8],[-52,-2],[-2,-33],[64,-12],[30,-20],[11,-31],[56,-28],[37,-57],[-4,-46],[-48,-17],[-43,37],[-56,17],[-72,-3],[6,-43],[27,-33],[-52,-20],[-52,27],[-29,-16],[23,-52],[-53,-30],[14,-19],[85,-63],[-42,-32],[-42,5],[-43,21],[-72,-19],[15,-64],[117,-70],[9,-19],[-38,-22],[-34,5],[-97,69],[-17,-12],[53,-71],[4,-25],[-29,-16],[-49,22],[-6,-22],[130,-136],[-16,-37],[-64,18],[-21,20],[-27,63],[-65,47],[-39,38],[-24,1],[7,-59],[21,-49],[-27,-18],[-21,24],[-40,-21],[-13,36],[-30,1],[-2,-36],[54,-75],[14,-58],[-32,-30],[-23,68],[-51,15],[-20,-48],[-54,-24],[-10,-19],[9,-57],[-25,-19],[-32,27],[-15,-22],[19,-27]],[[27469,34669],[-17,67],[40,24],[33,-4],[12,-34],[122,-68],[89,-27],[43,-1],[73,-70],[29,14]],[[27893,34570],[70,-439],[37,-205],[120,-733],[142,-873]],[[20121,43366],[30,-49],[23,-11],[53,21],[29,-56],[29,21],[64,12],[20,16],[92,-20],[19,-19],[106,-21],[57,-43],[51,-6],[63,-36],[58,13]],[[20815,43188],[1,-75]],[[20816,43113],[-139,2],[-39,-7],[-379,-178],[19,-22],[-36,-129],[10,-45],[-16,-58],[-23,-33]],[[20213,42643],[-106,38],[-43,-11],[-3,-35],[-63,0],[-18,10]],[[19980,42645],[-7,13]],[[19973,42658],[-110,204],[-15,87],[-43,87]],[[19805,43036],[27,30],[43,-4],[43,53],[-10,33],[22,14],[39,65],[3,37],[59,9],[34,30],[10,40],[46,23]],[[20162,42286],[71,-4],[7,23]],[[20240,42305],[24,-141],[32,-71],[21,-91],[-3,-40],[14,-16],[31,-82]],[[20030,41766],[-24,-8],[-50,-45],[-415,-369]],[[19373,42122],[46,5],[49,-41],[55,24],[67,-30],[34,44],[86,18],[22,-21],[68,35],[32,-19],[54,-4],[37,-30],[53,-9],[31,11],[38,53],[0,37],[24,10],[94,-1],[-1,82]],[[7546,27185],[13,-2],[0,113],[-7,65],[29,8],[22,46],[15,57],[66,44],[-15,40],[30,38],[-42,74],[30,39],[-21,48],[-51,149],[-49,190],[7,100],[40,167]],[[7613,28361],[42,-20],[36,-3],[96,26],[74,-4],[104,-44],[51,-54],[95,-19],[50,-19],[67,13],[49,56],[83,5],[49,14],[58,-36],[107,-41],[20,13],[53,-5],[40,13],[37,-18],[52,-8],[70,-91],[71,-13],[30,32],[65,13],[34,34],[32,81],[23,39],[53,66],[23,18],[89,28]],[[9260,28270],[-3,-360],[2,-92],[-447,-2],[-4,-142],[3,-297],[-1,-395],[1,-69],[-14,-188]],[[8797,26725],[-1,-719],[-451,-1],[0,-22]],[[7715,26760],[-6,29],[15,89],[-9,59],[-41,83],[-76,34],[-25,46],[-27,85]],[[5778,27839],[43,-3],[42,15],[153,-46],[84,3],[-6,-24],[26,-18],[75,-16],[41,25],[74,-39],[14,-29],[63,-14],[58,6],[44,17],[65,0],[-1,-46],[15,-18],[43,-6],[34,-28],[63,-3],[27,15],[45,-28],[33,-40],[47,13],[49,-19],[28,-51],[76,-48],[91,-18],[26,-26],[64,-18],[4,-37],[25,-35],[90,-81],[24,-33],[122,-8],[87,-16]],[[6366,25815],[41,78],[19,70],[-26,56],[-34,24],[-25,-4],[-59,-66],[-52,-25],[-37,-5],[-116,27],[-42,19],[-34,44],[-22,79],[13,34],[37,36],[22,62],[-7,38],[-58,68],[-29,97],[3,40],[26,56],[-25,82],[-23,6],[-53,-15],[-46,-29],[-42,-55],[-84,1],[-58,63],[-8,46],[17,83],[33,60],[46,26],[36,4],[63,-10],[19,8],[27,95],[-9,51],[-26,47],[-72,73],[-59,67],[-62,38],[-31,1],[-16,-27],[13,-51],[-17,-24],[-125,-4],[-89,-28],[-75,42]],[[5320,27093],[-10,28],[45,105],[96,-15],[27,10],[46,47],[35,8],[38,31],[32,70],[31,37],[76,27],[27,49],[-7,59],[54,55],[-40,58],[22,63],[-46,55],[32,59]],[[6420,28900],[4,-31],[31,-16],[39,43],[93,29],[52,33],[77,-1],[83,32],[10,-15],[51,-12],[102,61],[54,-11],[-6,-27],[26,-26],[49,-14],[69,35],[48,-8],[59,-52],[101,-39],[21,-23],[-38,-115],[-7,-65],[29,-70],[51,-57],[159,-115],[25,-30],[11,-45]],[[5778,27839],[-27,37],[-104,42],[-10,13],[9,52],[33,21],[67,-4],[-10,42],[-70,11],[-28,42],[-1,57],[11,18],[87,-7],[16,23],[-16,52],[-4,95],[49,4],[34,-35],[20,17],[2,48],[-25,25],[-49,24],[27,35],[25,-38],[52,-12],[14,24],[-12,49],[21,35],[35,-28],[57,37],[68,-37],[27,5],[38,68],[45,8],[19,-33],[27,-6],[25,60],[47,28],[-47,32],[-37,68],[-47,30],[2,77],[41,-6],[42,-25],[9,73],[49,38],[31,-72],[43,11],[-2,22],[-63,39],[20,17],[45,-17],[57,2]],[[8344,25625],[1,-271]],[[8345,25354],[-1,-255],[5,-312],[-2,-225],[5,-255],[-1,-101]],[[8351,24206],[-770,-4],[-115,-4],[-337,-5],[-416,0]],[[6713,24193],[-160,2],[2,451],[-740,0]],[[5815,24646],[16,24],[81,76],[30,66],[4,33],[-14,108],[-14,49],[19,47],[28,12],[36,-47],[23,3],[23,73],[-13,154],[33,30],[24,2],[70,-32],[29,-46],[-9,-56],[16,-44],[32,-2],[35,30],[32,83]],[[6668,29640],[160,-2],[318,-7],[397,-13]],[[7543,29618],[156,0],[622,-5],[246,1],[687,-9]],[[6420,28900],[22,6],[81,100],[20,38],[-10,23],[-33,12],[-114,-37],[-13,33],[11,24],[82,45],[-1,13],[-54,30],[-19,26],[4,64],[-30,45],[21,30],[62,-6],[46,-40],[21,47],[45,70],[67,-4],[68,6],[44,40],[10,39],[-9,40],[-53,43],[-20,53]],[[5414,2393],[203,2],[79,378],[17,30]],[[6655,2716],[0,-529],[85,0]],[[6740,2187],[19,-36],[8,-59],[-19,-20],[-16,-84],[15,-88]],[[6747,1900],[-9,-76],[-18,-39],[-33,-1],[-19,-50],[-54,6],[-42,-33],[-9,-63],[-53,-7],[-48,-38],[-74,-33],[-22,-45],[-50,-29],[-19,-42]],[[6263,1460],[-28,112],[-60,91],[-85,73],[-145,77],[-127,102],[-153,188],[-61,96],[-49,112],[-36,35],[-67,25],[-38,22]],[[16342,47911],[-39,1]],[[16303,47912],[-263,2]],[[16303,47912],[6,-76],[-221,3]],[[16250,47797],[-66,-7],[-42,-36]],[[16185,47687],[-98,-5]],[[6882,4003],[-150,0],[0,-43],[-21,-6],[-53,-59],[-34,-9],[-58,3],[-45,-27],[-47,-78],[-69,-66],[0,-21],[-47,-32]],[[6358,3665],[1,714]],[[5845,3927],[31,60],[24,7],[25,45],[11,43],[18,13],[-16,59]],[[5938,4154],[8,119],[23,106]],[[6358,3665],[-123,-43],[-34,11],[-8,36],[-89,4],[-79,-28],[-46,-29],[-28,-31],[-51,-77]],[[5900,3508],[-16,32],[-2,45],[-28,65],[0,85]],[[5854,3735],[-20,59],[12,59],[-1,74]],[[5354,4153],[584,1]],[[5845,3927],[-528,0]],[[5317,3927],[0,226],[37,0]],[[6740,2187],[362,1]],[[7102,2188],[448,1],[43,-2]],[[7446,1596],[-1,32],[-40,-1],[-5,77],[-38,-4],[1,47],[-16,35],[-24,10],[-67,2],[5,28],[-29,10],[-65,6],[-64,48],[-149,-1]],[[6954,1885],[0,38],[-75,8],[-58,-23],[-74,-8]],[[19389,42198],[283,253],[207,164]],[[19879,42615],[94,43]],[[19980,42645],[182,-349],[0,-10]],[[12984,43152],[216,-1],[612,-18]],[[13812,43133],[-60,-138],[-2,-43],[15,-32],[62,-77],[20,-40],[28,-126],[25,-65],[51,-100]],[[13951,42512],[51,-107],[54,-154],[6,-34],[-28,-97]],[[14034,42120],[-34,28],[-84,6],[-91,104],[-39,30],[-105,49],[-189,49],[-13,-27],[-33,-3]],[[13446,42356],[-81,50],[-22,-1],[-64,-39],[-62,-3]],[[13217,42363],[-23,64],[-63,14],[-60,103],[-12,117],[-71,204],[-7,33],[1,82],[17,109],[-15,63]],[[12000,43024],[-1,150]],[[12892,43153],[92,-1]],[[13217,42363],[18,-60],[-5,-91],[-47,-20],[3,-45],[-69,-111],[0,-96],[-62,-5],[-114,1],[-48,9],[-45,19],[-37,52],[-48,27],[3,-33],[-20,-29],[37,-51],[4,-20],[-30,-62],[-45,-28],[26,-41],[20,23],[17,-66],[-42,-23],[-25,20],[-38,-26],[-29,-85],[-27,23],[11,25],[-45,8],[20,-60],[-32,-18],[12,-24],[-29,-58],[32,-21],[-3,-47],[-31,4],[-43,-21],[13,-19],[28,-85],[22,39],[24,-19],[-28,-32],[13,-32],[-56,-10],[31,-54],[-72,-93]],[[12481,41128],[-57,-4],[2,-72],[-111,-20],[-18,-32],[1,-42],[-31,-93],[-134,-48],[-20,-28],[35,-36],[-29,-26],[-33,52],[-28,4],[-74,-63]],[[15889,42812],[30,94],[42,53],[-13,20],[1,109]],[[15949,43088],[155,0],[421,-4],[123,-4]],[[16648,43080],[244,-9],[485,-8]],[[17377,43063],[190,-3],[5,-139],[154,-2],[-2,-151],[75,0]],[[17799,42768],[-45,-116],[30,-1],[-1,-41]],[[17783,42610],[-290,9],[-52,-29],[1,-26],[-70,-61],[-30,40],[-69,21],[-76,-32],[0,-35],[-31,-44],[-21,-59],[25,-45],[-11,-29],[4,-41],[-34,-4],[-17,-21],[-81,-5],[-6,-31],[-31,-54],[-7,-56],[-75,-50]],[[16912,42058],[-3,30],[-59,17],[21,54],[-17,18],[-66,0],[-10,-26],[-109,29],[-25,33],[-54,36],[-34,45],[-47,0],[-32,-53],[-70,25],[-89,0],[-94,-18],[-15,-46],[-73,-35],[-10,-24],[-2,-81],[-60,57],[-71,26],[-39,38]],[[15954,42183],[25,9],[-13,50],[44,38],[-3,56],[-21,34],[6,23],[41,41],[-21,118],[-49,20],[-27,24],[-17,45],[-47,11],[30,47],[-13,113]],[[14034,42120],[1,-46]],[[14153,41689],[-5,-381],[194,-2]],[[14342,41306],[-7,-181],[-69,12],[-17,27],[-29,2],[-1,-149],[64,-30],[13,-44],[-17,-40]],[[14279,40903],[-82,-16],[-51,16],[0,-56]],[[14146,40847],[-40,-9],[-66,14],[-4,20],[-38,33],[-31,-21],[-64,-64],[-35,0],[-20,22],[-62,20],[-63,-25],[-47,14],[-30,-16]],[[13646,40835],[2,69],[30,58],[40,2],[34,26],[8,27],[38,-2],[24,22],[-68,61],[29,60],[36,5],[24,26],[4,29],[45,14],[19,37],[0,39],[-55,35],[-33,52],[-27,4],[-22,71],[-38,10],[-24,-26],[-35,76],[-42,41],[59,75],[-18,47],[-51,50],[-2,96],[-23,34],[-4,58],[40,36],[7,26],[-23,63],[-5,108],[-42,34],[-36,52],[-60,12],[-21,20],[-10,74]],[[12481,41128],[15,-17],[93,88],[20,-24],[35,35],[-5,46],[32,19],[71,-22],[55,-26],[11,-35],[25,-22],[26,-49],[79,-5],[81,-22],[59,13],[25,-7],[38,-43],[31,-12],[36,-47],[87,-47],[47,-64]],[[13342,40887],[14,-51],[54,-24],[-28,-21],[-58,14],[-32,-22],[-18,-37],[-10,-112],[-140,-103],[-43,-48],[-39,-76],[-61,-9],[-82,26],[-40,22]],[[12859,40446],[-53,19],[-49,-36],[-42,-69],[-15,-44],[-54,-11],[-61,52],[-43,-4],[-11,-34],[-57,-30],[-25,-25],[13,-28],[-12,-127],[-79,-70],[-21,-55],[5,-61],[18,-17],[51,-9],[2,-74],[-37,-7],[-19,28],[-54,-8],[-37,35],[4,38],[-39,-3],[-44,-56],[29,-41],[-10,-78],[-26,-35],[-60,11],[-37,-62],[-42,-8],[-1,-54],[44,-83],[-14,-17],[-51,5],[-38,-14]],[[11994,39474],[-15,31],[-61,24],[-30,26],[-100,8],[-25,16],[-19,52],[7,62],[-27,36],[-21,55],[-65,71]],[[12859,40446],[-18,-24],[-15,-57],[14,-67],[88,-107],[19,-87],[-2,-137],[-31,-81],[-6,-83],[-13,-35],[192,-5],[23,-21],[18,-57],[63,72],[30,70]],[[13221,39827],[55,-5],[12,-35],[58,-3],[27,-31],[66,-33],[13,-26],[-12,-44],[-61,-51],[-6,-60],[7,-31],[54,-46],[49,-55],[1,-49],[-28,-93],[-5,-62],[8,-32],[23,-13],[-1,-109],[8,-106],[33,-212],[0,-84],[16,-21],[43,-11],[49,3],[10,-16]],[[12160,38787],[13,25],[-91,67],[21,24],[48,7],[95,46],[-12,50]],[[12234,39006],[-19,82],[-64,93],[-26,25],[-78,48],[-10,27],[0,71],[-50,57],[-5,42],[12,23]],[[15652,41709],[48,2],[-28,86],[24,60],[-28,21],[4,24],[37,18],[24,52],[51,15],[39,-17],[4,43],[25,25],[61,29],[39,5],[-26,58],[29,21],[-1,32]],[[16912,42058],[-21,-9],[46,-51],[-5,-21],[-62,-53],[8,-41],[88,-40],[-31,-37],[-67,-29],[-53,-78],[-36,-6],[-61,-55],[4,-26],[-18,-54],[-39,-20],[-36,-55],[-10,-53],[-48,6],[27,-79],[-10,-21],[-53,-9]],[[16535,41327],[-37,-22],[-47,-84],[40,-36],[-12,-28],[-38,-7],[-41,-44],[-33,-3],[-20,43],[-41,44],[-29,0],[-58,-46],[-58,-27],[-26,-27],[16,-42],[-31,-19],[-25,20],[-57,-2],[-20,-12],[-9,-86],[-20,-75],[-104,-81],[-22,40],[-104,-55],[-42,-17],[-9,57],[4,66],[-38,-4],[-33,-61]],[[15641,40819],[-18,-14]],[[15623,40805],[19,44],[-9,59],[20,52],[-58,19],[-44,-23],[-16,-41],[-24,11],[-58,-53],[-34,6],[7,44],[49,30],[-11,34],[33,60],[-4,17],[57,46],[-52,15],[-8,57],[14,16],[42,2],[9,73],[43,21],[35,66],[-2,41],[47,8],[26,60],[-9,44],[11,25],[-14,80],[-47,50],[7,41]],[[2336,5132],[150,1]],[[2486,5133],[0,-310]],[[2486,4823],[-40,6],[-6,23],[-51,24],[-52,5]],[[2337,4881],[-1,251]],[[5168,3701],[670,-2],[16,36]],[[5900,3508],[4,-47],[-11,-33],[38,-28],[-27,-40],[13,-27],[-32,-87]],[[5731,2981],[-6,44],[-22,31],[-56,29],[-31,5],[-38,44],[-105,0],[-30,-13],[-31,26],[5,38],[-47,70],[-139,30],[-19,57],[2,23],[-37,48],[-11,40],[0,96]],[[19384,20888],[76,-19],[36,-31],[140,-62],[65,-4],[84,34],[54,38],[33,36],[14,61],[-26,23],[-2,53],[-24,-1],[5,66],[-34,35],[27,49],[-24,41],[9,15],[-62,65],[-31,12],[0,72],[-32,14],[-8,25],[14,79],[-8,69],[-14,35],[-5,57],[-31,76],[-25,44],[0,93],[-33,85],[-27,8]],[[21984,22668],[68,-35],[13,-50],[63,-13],[2,-51],[29,-34],[-12,-40],[21,-43],[6,-62],[41,-36],[7,-29],[38,-24],[1,-22],[90,-56],[91,-28],[43,-55],[-4,-34]],[[21789,20681],[-334,27],[-37,18],[-142,170],[-68,52],[-80,35],[-78,82],[-34,21],[-209,91],[-72,28],[4,-249],[10,-49],[37,-95],[-42,-8],[-60,19],[-180,-27],[-60,-43],[-82,-16],[-74,-86],[-69,-29]],[[20219,20622],[-151,-107],[-21,-56],[-5,-47],[-87,18],[-55,36],[-31,39],[-27,70],[-34,31],[-75,-37],[-46,-14],[-54,-3],[-100,20],[-50,-13],[-55,3],[-51,15],[-29,-2]],[[19348,20575],[-1,56],[34,124],[3,133]],[[16435,47620],[27,-43],[25,13]],[[16554,47381],[1,-2]],[[16440,47449],[-40,42],[-28,46]],[[16125,50194],[131,-3],[485,-4],[137,-3]],[[14968,48286],[47,11],[161,0]],[[15176,48297],[-2,-371]],[[14977,47927],[1,340],[-10,19]],[[16779,46316],[2,123]],[[16984,46266],[-205,9]],[[16779,46275],[0,41]],[[15484,47919],[27,-1],[47,-24],[71,-52]],[[15942,47586],[-68,21]],[[15874,47607],[-206,71]],[[16612,46321],[167,-5]],[[16779,46275],[44,-140],[0,-30],[-20,-166],[-32,-55]],[[16771,45884],[-80,53],[-79,22]],[[16612,45959],[2,135],[-23,17],[2,135],[19,75]],[[6922,1398],[178,6],[121,1],[30,16]],[[7855,1411],[-2,-78],[-10,-42],[5,-40]],[[7848,1251],[-556,-161],[-87,-30],[-300,-34]],[[8637,1931],[-70,-20],[-42,-51],[-11,-48],[2,-45]],[[8546,1685],[66,-22],[98,-2],[69,32],[95,-3],[49,7],[32,19],[51,10],[-20,-113],[-419,-127],[-18,1],[-144,-43],[0,-71]],[[8405,1373],[-242,-68],[-82,-27],[-148,-7],[-85,-20]],[[22632,34733],[239,3],[203,-2]],[[23074,34734],[-5,-73],[-148,-1],[-7,-153],[-155,0],[-1,-76],[465,2],[229,-4],[231,1],[0,148],[150,-2],[2,157],[456,-7],[209,-11],[409,-10]],[[24833,32183],[-50,64],[-17,60],[-31,20],[-56,100],[-20,5],[-28,-35],[-24,33],[-51,-12],[-5,27],[-42,0],[6,-35],[-37,-48],[-59,39],[36,25],[-40,20],[-95,-41],[-72,61],[-84,-6],[-32,29],[-63,-9],[-13,-39],[-23,-15],[-42,8],[-5,-39],[-62,64],[-43,-3],[-15,-29],[-32,3],[-42,36]],[[20249,31591],[0,5],[421,-8],[39,-4],[-1,76],[5,192],[3,254],[3,54],[11,478],[153,-2]],[[22938,31964],[-58,-54],[-60,-39],[-31,-56],[-90,-135],[-34,-38],[-46,-31],[-53,-19],[17,-90],[22,-30],[87,-30],[28,-60],[-3,-53],[10,-29],[-26,-74],[-24,-31],[24,-60],[-8,-71],[19,-38],[31,-9],[0,-49],[35,-71],[0,-23],[39,-43],[88,-7],[25,-48],[-22,-121]],[[22908,30655],[-247,2],[-668,3],[1,-153],[-223,2],[-81,-5]],[[21690,30504],[-2,149],[-531,1]],[[21157,30654],[-480,0],[-442,-3]],[[20235,30651],[4,174],[10,766]],[[23168,30651],[-260,4]],[[13202,48223],[30,-2]],[[13232,48221],[-13,-268]],[[12549,48820],[100,-142],[125,-93],[140,-142]],[[12914,48443],[47,-48]],[[18934,23142],[60,22],[11,26],[139,20]],[[19144,23210],[43,-33]],[[19187,23177],[13,-23]],[[19200,23154],[-41,-13]],[[19159,23141],[-52,-3],[-41,-55],[-132,-2]],[[19159,23141],[3,-74],[-52,-1],[1,-41]],[[19111,23025],[-130,-3]],[[19239,23461],[60,17],[61,-12]],[[19323,23232],[-88,-43],[-48,-12]],[[19144,23210],[4,46],[53,72],[12,111],[26,22]],[[19234,23096],[-34,58]],[[19130,22974],[0,-40]],[[18657,23341],[54,-50],[33,-20],[87,-36]],[[18638,23033],[-74,-30]],[[18564,23003],[-13,20],[-35,-22],[-15,33],[-10,116],[-35,140],[19,9],[83,-8],[21,7],[0,44],[78,-1]],[[16194,49428],[-394,6],[-313,-1],[6,310]],[[15014,47678],[-3,-205]],[[15008,47321],[-38,4],[-39,36],[-18,60],[-47,52],[-18,0]],[[17221,46297],[65,42],[35,8],[27,35],[46,-1],[31,-25]],[[17425,46356],[11,-47],[62,10],[21,-11],[1,-39]],[[17797,44938],[-23,-3],[-78,-58],[-53,-27]],[[17643,44850],[-58,43],[-98,2],[-118,24],[-247,166],[-47,46],[-16,41],[-6,71],[-103,224],[-26,43],[4,68]],[[16928,45578],[3,48],[-33,115],[-37,63],[-78,72]],[[16783,45876],[28,35],[35,9],[1,39],[68,35],[31,30],[20,63]],[[17369,48794],[-1,-207],[5,-55],[27,-21],[33,-56],[49,-29],[37,19]],[[16893,48642],[2,19],[56,32],[61,-5],[33,-19],[59,4],[65,17],[44,-7],[13,54],[71,54],[72,3]],[[15461,46858],[-7,-244]],[[15094,46696],[53,50],[3,119],[311,-7]],[[15468,47081],[-7,-223]],[[15403,46115],[-4,-174]],[[15399,45941],[-165,-163],[-59,-64]],[[15175,45714],[-34,-35],[-69,-34],[-152,-24],[-104,7]],[[15180,49058],[103,-1]],[[15720,48369],[-230,2],[-1,-76]],[[15489,48295],[-313,2]],[[15176,48297],[0,380],[4,381]],[[14352,30304],[-182,9],[-160,1],[4,-228]],[[16912,35459],[19,28],[156,139],[28,-3],[16,32],[81,80],[47,27],[46,13]],[[17305,35775],[104,-84]],[[17409,35691],[-34,-28],[-61,-69],[-94,-71],[-30,-54],[-8,-38]],[[17182,35431],[-14,-62],[-29,-30],[-70,-35]],[[17069,35304],[-2,0]],[[17182,35431],[170,34],[50,16],[147,66],[31,9]],[[17580,35556],[161,7],[133,42],[117,70],[58,25],[196,36],[208,9],[110,-21],[93,2],[50,10],[111,40],[133,15]],[[18950,35791],[-16,-38],[-84,-68]],[[18850,35685],[-39,-36],[-80,-151],[25,-33],[-7,-55],[-68,-53],[-24,-34],[-108,-60],[-20,-24],[-35,4],[-14,-37],[-76,-83],[-93,-40],[-5,-58],[-59,-60],[-18,-83],[-25,-3],[-6,-40],[-34,-13],[-2,-30],[-29,-24]],[[18133,34772],[-252,-1],[-353,3],[4,450],[-311,0]],[[17221,35224],[1,64]],[[17222,35288],[0,12],[-153,4]],[[20307,39350],[-12,-26],[15,-56],[-6,-49]],[[20304,39219],[-1,-38],[60,-59],[52,-22],[42,2],[27,-36],[19,-52],[18,-83],[-6,-48],[86,-25],[27,57],[31,3],[19,-26],[44,-1],[58,40],[30,-15],[8,-31],[-20,-58],[7,-70],[-19,-9],[26,-53],[57,-45],[21,-39],[-6,-44],[35,-78],[83,16],[61,-6],[64,36],[44,-1]],[[21171,38534],[46,-26],[52,-56],[22,-101],[-5,-29],[-90,-31]],[[21196,38291],[-15,-31]],[[21181,38260],[-55,25],[-55,13],[-52,-6],[-14,-29],[-59,-30],[-39,8],[2,-31],[-43,8],[-43,-6],[-81,61],[-44,-57],[-32,16],[-25,-31],[-36,-11],[-36,11],[-141,-79],[-10,-13],[-68,-13],[-89,-32],[-38,21],[-94,-17],[-101,-83],[-17,4],[-50,-28],[-44,8],[-101,-61],[-27,-28],[-70,-24],[-45,-54],[-29,8]],[[19645,37810],[-34,-10],[-75,-60],[-74,-21],[-29,-22],[-68,-19],[-57,-46],[20,62],[39,89],[2,53],[-17,15],[-75,8],[-46,14],[-46,-26],[-48,7],[-2,22],[-38,33],[-72,-36],[-90,-10],[-33,-9],[-26,-31],[-31,-13]],[[18845,37810],[-34,31],[-39,4],[-161,106]],[[18611,37951],[55,46],[96,109],[116,115],[115,120],[53,40],[282,168],[55,41],[160,156],[47,40],[79,51],[91,79],[126,152],[91,81],[72,74],[75,50],[183,77]],[[18450,38495],[61,50],[38,63],[66,25],[43,41],[48,17],[48,58],[20,39],[9,48],[-46,25],[-30,43],[-13,58],[14,43]],[[18708,39005],[28,63],[53,35],[28,-8],[27,50],[26,19],[14,32],[33,-1],[18,30],[-48,47],[17,33]],[[18904,39305],[-5,28],[38,70],[26,27],[1,36],[46,10],[50,56],[103,155],[53,69],[70,0],[39,58],[30,-7],[33,-52],[-6,-20],[25,-29]],[[19407,39706],[5,-36],[38,-33],[64,-18],[42,-50],[43,61],[63,38],[82,79],[61,7],[10,18],[58,23],[78,-9],[66,24],[16,-33],[67,-24],[-1,-64],[-25,-36],[71,-13],[47,-18],[25,-39],[73,-19],[17,-81],[-8,-58],[17,-45],[-9,-30]],[[18611,37951],[-135,91],[-24,22],[-50,-7],[-39,51],[6,91],[38,77],[11,42],[-1,55],[-19,28],[10,28],[37,36],[5,30]],[[13659,48989],[36,118],[24,48],[73,99],[-1,45]],[[14869,49085],[-4,-255]],[[13583,48335],[1,214],[-71,2]],[[13513,48551],[82,220],[64,218]],[[12703,50233],[815,-16],[281,-12],[232,-5]],[[13659,48989],[2,11],[-185,5],[-4,37],[-164,4],[-75,-10],[-30,-26],[-79,4],[35,-78],[-269,9],[-1,75],[-586,10]],[[13513,48551],[-168,3]],[[13345,48554],[-296,10],[-6,69],[-57,-2],[-37,-120],[-2,-41],[-33,-27]],[[5168,3927],[149,0]],[[5245,4758],[74,-1],[1,152],[147,-1],[0,68],[-88,91]],[[5379,5067],[-44,50],[3,17]],[[5354,4153],[-32,50],[3,28],[-88,52],[-51,-19],[-23,-23],[-47,-15]],[[5116,4226],[-12,39],[-6,74],[25,82],[-4,43],[23,19],[27,64],[76,21],[0,190]],[[7028,2715],[9,2],[384,1]],[[7102,2188],[0,187],[-38,5],[1,70],[-38,2],[1,263]],[[4104,5618],[97,-35],[56,-36],[79,-67],[78,-52],[47,-23],[86,-32],[240,-69],[86,-14]],[[4873,5290],[32,-27],[37,0]],[[4942,5263],[9,-70],[1,-100],[102,-3],[18,-57],[98,1],[19,52]],[[5189,5086],[18,-2],[93,-57],[79,40]],[[5245,4758],[-74,0],[0,151],[-172,0],[-51,123],[-106,-4]],[[4842,5028],[-572,-1]],[[6922,1398],[6,69],[21,68],[6,44],[-1,306]],[[6655,2716],[373,-1]],[[17493,14300],[621,2],[136,16],[3,-276],[9,-509],[39,18],[52,46],[38,51],[77,59],[-24,17],[21,44],[46,-3],[27,67],[20,6],[12,42],[-10,20],[49,11],[30,-6],[17,-26],[62,15],[13,36],[35,-27],[24,5],[44,63],[53,94],[34,22],[40,10],[-6,33],[43,52],[70,53],[49,21],[36,67],[-14,9]],[[19139,14332],[165,0],[18,-142],[4,-162],[6,-451],[8,0]],[[19340,13577],[-10,-10],[2,-113],[19,-35],[-10,-78],[15,-85],[1,-63],[13,-22],[-4,-93],[-13,-112],[-25,-86]],[[19328,12880],[-78,-5],[-72,-29],[-78,-55],[-91,-30],[-125,-57],[-34,-54],[-54,-70],[-42,-17],[-72,42],[-73,-20],[-53,0],[-58,-11],[-122,-44],[-48,-43],[-34,-48],[-33,-11],[-65,14],[-65,25],[-25,1],[-71,-34],[-36,8],[-44,30],[-38,55]],[[17917,12527],[34,50],[-1,69],[-40,77],[-2,74],[-31,0],[-43,62],[-82,53],[-139,8],[-40,58],[-33,19],[-9,-37],[16,-46],[-30,-35],[-18,-72],[-45,-20],[-38,-39],[-55,-6]],[[17361,12742],[-37,1],[-11,-24],[-62,-30],[-13,-32],[-39,0],[-36,25],[11,41],[-5,90],[-22,14],[-61,4],[-49,-9],[-36,36],[6,47],[53,14],[31,30],[7,49],[-22,30],[-2,48],[40,10],[8,29],[-46,16],[-27,34],[-42,18],[25,38],[-45,108],[45,16],[16,67],[-25,38],[37,5],[15,52],[-17,23],[12,35],[22,12],[-7,32],[36,65],[-28,20],[67,89],[6,45],[31,30],[-16,59],[26,15],[28,59],[31,31],[-15,40],[1,50],[41,27],[21,43],[51,16],[33,-5],[78,32],[-4,33],[21,42]],[[17330,12447],[39,12],[36,-20],[72,-14],[12,-79],[-25,-63],[-1,-193],[16,-27],[48,-14],[0,-26]],[[17527,12023],[-56,14],[-54,-16],[-64,-1],[-87,63],[-70,6],[-23,16],[-37,-26]],[[17136,12079],[-41,-19],[-65,34],[22,27],[34,4],[37,-22],[6,74],[-28,82],[-22,16],[-3,102],[28,17],[42,-32],[38,-3],[23,34],[44,-4],[40,20],[39,38]],[[19340,13577],[140,2],[-15,-151],[451,5],[147,-16]],[[20063,13417],[-21,-152],[14,-918]],[[20056,12347],[12,-897],[-3,-73]],[[20065,11377],[-73,55]],[[19992,11432],[-99,85],[-46,63],[-34,16],[-58,0],[27,44],[19,57],[11,71],[-24,1],[-68,-21],[-105,1],[-16,15],[-80,12]],[[19519,11776],[7,260],[-63,142],[-35,-4],[-56,-46],[1,-24],[-40,-111],[-52,-61],[-55,49],[-75,22]],[[19151,12003],[-5,59],[-16,71],[-1,132],[-13,49],[18,78],[18,31],[7,52],[27,68],[31,103],[10,52],[27,38],[46,126],[28,18]],[[19094,11710],[37,19],[36,40],[31,9],[63,-16],[113,0],[91,14]],[[19465,11776],[13,-115],[26,0],[1,-50],[38,-52],[-44,-80],[-24,-31]],[[19475,11448],[-92,-1],[-67,41],[-69,3],[-37,17],[-44,74],[1,50],[-67,0],[-93,31]],[[19007,11663],[36,7],[51,40]],[[16752,11582],[37,66],[42,46],[47,11],[45,38],[75,17],[102,66],[96,36],[-7,41],[-29,63],[1,44],[-25,69]],[[17527,12023],[2,-51],[56,-49],[20,-45],[-11,-34],[-2,-105],[-91,1],[-18,-54],[-18,-20],[-10,-47],[-56,-112],[3,-52],[24,-71],[23,-24],[34,-80],[13,-67],[73,-48],[8,-48],[-4,-46],[27,-57]],[[17600,11014],[-4,-57],[-25,-30],[21,-38],[0,-27]],[[17592,10862],[-32,6],[-15,38],[10,39],[-21,35],[-144,-1],[-82,34],[2,83],[-7,57],[88,-6],[1,281],[-139,8],[-5,46],[-37,29],[-17,-29],[-97,-5],[-80,-41],[-28,31],[-53,7],[-136,100],[-48,8]],[[17527,12023],[51,21],[169,0],[86,-17],[31,-30],[47,-22],[45,-64],[29,-13],[42,5]],[[18027,11903],[-29,-41],[-32,-99],[-24,-37],[-6,-32],[-42,-84],[-34,-200],[-36,-94],[-16,-72],[7,-32],[-48,-62],[-73,-38],[-25,-27],[-45,-23],[-24,-48]],[[19465,11776],[54,0]],[[19992,11432],[-2,-15],[-189,0],[-40,-6],[-18,61],[-33,-17],[-102,-6],[-133,-1]],[[4942,5263],[43,-16],[41,-2],[83,-79],[32,-19],[48,-61]],[[4650,7172],[148,57],[43,7],[97,-2],[-15,-97],[-16,-69],[0,-49],[-15,-61],[-16,-23],[-29,-83],[27,-24],[8,-46],[-2,-58],[-22,-90],[-22,-70],[-5,-114],[49,-130],[-10,-19],[-105,-78],[-27,-103],[-38,-122],[-6,-94],[10,-41],[24,-35],[0,-62],[35,-9],[39,15],[28,-47],[110,-11],[29,34],[63,2],[22,33]],[[5138,5327],[-221,-35],[-44,-2]],[[18027,11903],[21,84],[-27,26],[-20,57],[-56,98],[-18,46],[-41,62],[-13,41],[-5,69],[-24,88],[16,71],[57,-18]],[[19151,12003],[-10,-100],[2,-89],[-23,-49],[-28,-30],[2,-25]],[[19007,11663],[-30,-65],[-54,-39],[-2,-20],[-42,-26],[-27,-55],[4,-41],[-30,-51],[-68,-52],[-54,-62],[-1,-31],[-31,-39],[13,-39],[-53,-51],[-12,-36],[6,-50],[-24,-84],[1,-47],[-16,-22],[12,-42],[-13,-86],[-1,-75],[-18,-51],[-26,-16],[-11,-41],[-47,-33],[6,-30],[-22,-34],[-79,-15],[-50,-37],[-22,0],[-74,-32],[-12,-19],[-51,-13],[-34,-22],[-33,-67],[-21,1],[-21,-48],[-33,-21],[10,-44],[-20,-82],[-16,-9],[-2,-71],[-23,-37]],[[17986,9929],[2,-24],[-53,-61]],[[17935,9844],[-120,179],[-12,24],[-77,223],[-6,77],[14,90],[-2,81],[-12,69],[9,66],[52,131],[8,91],[-123,-35],[-74,22]],[[17986,9929],[32,-1],[72,49],[54,14],[11,24],[42,24],[22,-19],[36,22],[30,2],[48,46],[84,16],[18,20],[33,-3],[8,38],[35,44],[45,-1],[77,-36],[23,-28],[74,-22],[25,-49],[48,-21],[40,71],[28,73],[39,12],[45,-6],[16,-40],[34,-22],[14,30],[94,63],[71,74],[-16,-159],[-17,-67],[-2,-111],[29,-90],[51,75],[-2,46],[77,17],[32,33],[48,27],[29,-23],[70,-14],[118,-3],[63,-15],[156,30],[30,38],[31,1],[82,59],[106,8]],[[20069,10155],[3,-62],[16,-824],[2,-230],[5,-148],[30,0],[-3,-93]],[[20122,8798],[-352,1],[-98,2],[-158,-5],[-298,-2],[-240,5],[-500,3],[-127,-3],[-145,3],[-436,-7],[-32,2],[-366,-6],[-114,3],[-65,-4],[-196,10]],[[16995,8800],[12,64],[38,23],[-11,47],[3,98],[12,80],[-24,82],[55,73],[50,22],[20,71],[89,40],[45,68],[4,41],[25,24],[11,35],[30,-4],[31,32],[44,22],[30,50],[23,17],[20,44],[26,-2],[-11,50],[33,25],[40,-4],[17,-18],[120,10],[88,39],[11,23],[38,-11],[18,12],[53,-9]],[[15595,14285],[115,1],[112,-4],[447,1],[443,3],[603,8],[61,5]],[[17376,14299],[117,1]],[[17361,12742],[18,-28],[8,-97],[-59,-21],[-43,-46],[-5,-80],[36,-3],[14,-20]],[[16752,11582],[-47,-42],[-88,-26],[-45,0],[-56,-38],[-24,4],[-21,-26],[-29,7],[-36,-72],[-68,-54],[-20,-41],[4,-63],[-25,9],[-79,-31],[13,-50],[-50,-11],[-15,50],[-20,-1],[-66,-62],[71,-49],[-27,-43],[-54,-33],[-13,-25],[15,-34],[-46,-15],[-54,17],[-27,-36],[21,-23],[-56,-37],[-29,29],[-36,65],[-48,28],[4,-66],[-80,-70],[-14,-42],[-55,-15],[-46,64]],[[16419,39097],[40,7],[42,-20],[-9,-23],[8,-80],[-36,-6],[-35,-65],[-53,-8],[-24,-33],[25,-21],[79,-14],[21,-33],[57,-29],[9,-17],[53,-29],[27,2],[50,-63],[77,-15],[-19,-38],[-58,-41],[-10,-45],[-34,-51],[0,-46],[22,-10],[27,55],[67,-71],[70,35]],[[16815,38438],[-19,-23],[-10,-61],[-30,-28],[10,-46],[25,-23],[-23,-50],[8,-33],[-28,-51],[-14,-45],[3,-40],[40,-109],[27,-55]],[[16804,37874],[-117,0],[-3,-379]],[[16594,37495],[-233,-2],[-162,6],[-55,38],[2,-37],[-78,1],[-1,73],[23,0],[-361,252]],[[15729,37826],[94,127],[50,83],[15,48],[-5,68],[36,94],[-3,38],[52,121],[32,119],[-9,46],[19,67],[76,73],[38,49],[42,86],[38,40],[112,55],[23,21],[61,94],[19,42]],[[16815,38438],[37,39],[-21,25],[-46,21],[-30,54],[10,60],[49,39],[8,23],[109,114],[84,61],[31,6],[66,59],[36,24],[40,-1],[24,-34],[34,22],[30,66]],[[17276,39016],[65,-13],[40,-47],[43,-23],[81,-7],[25,-39]],[[17530,38887],[7,-62],[41,-27],[43,29],[-5,39],[41,0],[88,-23],[20,-18],[-17,-61],[88,-29],[-27,-69],[3,-40],[31,-25],[21,-39],[22,-134],[-34,-77],[-60,-69],[-30,-60],[-7,-36],[-36,-60],[100,-24]],[[17819,38102],[-65,-9],[-111,-25],[-16,1],[-58,-33],[-26,-25],[-37,6],[-17,-25],[-104,-6],[-60,-43],[-9,21],[-57,2],[-82,-93],[-373,1]],[[17530,38887],[252,210],[96,84],[116,12],[-9,29],[46,121]],[[18031,39343],[32,5],[99,-32],[54,-2],[86,-15],[115,-80],[79,-67],[65,-36],[147,-111]],[[18450,38495],[-33,-32],[-93,-63],[0,-35],[-62,-77],[-44,-25],[-21,-38],[-138,-98],[-59,-36],[-22,-36],[-25,14],[-36,-8],[-47,34],[-19,28],[-32,-21]],[[14486,38352],[48,28],[129,55],[117,75],[107,94],[58,14],[74,112],[63,54],[51,19],[92,63],[86,44],[65,103],[50,41],[92,9],[33,32],[12,38],[48,32],[74,72]],[[15685,39237],[82,49],[29,-30],[-16,-61],[24,-78]],[[15804,39117],[16,-33],[61,-16],[1,-17],[-56,-47],[-58,1],[-22,11],[-47,56],[-26,49],[-28,22],[-35,-5],[-32,-39],[-25,-50],[10,-27],[33,-8],[75,1],[16,-51],[22,-16],[72,15],[55,-26],[8,-42],[-52,-19],[-74,31],[-26,-15],[-7,-68],[-43,-68],[-33,-74],[-39,-31],[-114,-45],[-54,-83],[-75,-60],[34,-102],[-5,-35],[-70,-17],[-23,-18],[-13,-78],[-28,-34]],[[15214,38184],[-75,54]],[[15139,38238],[-51,36],[-389,7],[-191,6]],[[17291,39775],[26,29],[-9,36],[10,27],[45,-2],[-9,29],[24,14],[30,-19],[28,17],[-6,28],[81,2],[11,27],[-23,28],[104,12],[38,-7],[25,59],[38,28],[31,-48],[92,-28]],[[17827,40007],[81,-83],[5,-27],[93,14],[34,-60],[35,-38],[55,40],[48,58],[39,23],[53,48],[41,-22],[94,23],[74,-19],[45,-22],[54,51],[60,29],[88,77],[79,33],[41,29]],[[18846,40161],[-5,-235],[1,-145],[-25,-22],[-14,-73],[-41,-4],[21,-52],[-47,-42],[1,-31],[-61,-45],[18,-30],[-40,-36],[-40,-9],[-22,-62],[-80,-74],[392,4]],[[18031,39343],[-61,-33],[-56,11],[-47,-26],[-66,-24],[-51,11],[-140,105]],[[17610,39387],[-100,114],[-51,39],[-66,153],[-26,35],[-46,18],[-30,29]],[[15804,39117],[40,62],[-12,48],[35,52],[28,87],[99,-2],[38,25],[65,-48],[-5,-24],[-62,-5],[-7,-19],[44,-37],[44,6],[51,25]],[[16162,39287],[24,-15],[-1,-41],[42,-15],[58,8],[36,-6],[-26,-40],[15,-43],[60,38],[-22,53],[2,53],[34,35],[31,2],[34,-30],[-28,-63],[20,-43],[-30,-71],[8,-12]],[[14128,39229],[1,-1]],[[14129,39228],[33,-28],[38,-10],[-4,55],[45,56],[60,45],[46,46],[63,21],[16,-6],[61,-60],[54,-28],[25,21],[-49,89],[22,52],[89,-37],[67,12],[87,-28],[36,20],[19,37],[-37,29],[2,33],[58,28],[22,31],[82,-39],[18,38],[-44,13],[11,31],[96,8],[14,22],[-1,91],[43,47],[-29,63],[104,20]],[[15176,39900],[-38,-84],[2,-63],[-22,-31],[-20,-72],[28,7],[28,40],[42,3],[49,-22],[49,-4],[48,-40],[47,-24],[2,-63],[11,-34],[68,-16],[18,-50],[40,-64],[58,-36],[99,-110]],[[17810,40316],[155,248],[73,158],[114,165],[139,278],[333,-253],[133,-139],[106,-86],[67,-14]],[[18930,40673],[-85,-267],[1,-245]],[[17827,40007],[-10,29],[3,105],[-35,112],[25,63]],[[19099,40951],[-169,-278]],[[17810,40316],[-36,14],[-33,37],[-45,89],[-40,67],[-78,23],[-47,2],[-64,37],[-18,29],[-30,14]],[[17419,40628],[0,55],[37,53],[77,44],[81,15],[47,-18],[44,34],[9,36],[0,69],[14,25],[45,10],[37,-108],[30,-15],[35,19],[15,53],[-5,40],[19,29],[67,-32],[20,28],[-43,45],[-49,69],[18,40],[25,17],[34,88],[40,32],[81,8],[40,41],[14,70],[-14,85],[45,-7],[51,52],[9,36],[-22,55],[17,46],[69,7],[18,-40],[45,16],[12,48],[-11,23],[70,28]],[[16535,41327],[34,-78],[28,-40],[48,-108],[27,-27],[57,-97],[70,67],[80,-15],[49,6],[52,-49],[-14,-34],[10,-52],[17,-4],[2,-82],[97,0],[67,-37],[90,-28],[59,-53],[111,-68]],[[17419,40628],[-8,-36],[8,-45],[31,-86],[-3,-47],[-19,-35],[-72,43],[-104,81],[-26,-9],[-26,-55],[-15,-68],[-24,-11],[-32,51],[-29,26],[-40,-16],[-77,24],[45,24],[-33,57],[-17,1],[-54,-36],[-28,-48],[6,-101],[-30,-86],[-42,-71],[-31,6],[-7,54],[-31,22],[-21,-14],[-10,-37],[35,-37],[-1,-55],[-60,52],[-47,-27],[-24,8],[-25,-29],[30,-59],[-19,-26],[-53,11],[-10,-71],[-46,-17],[-9,-58],[-36,-18],[-46,-76],[-26,-28],[-65,24]],[[16328,39810],[-18,51],[-80,47],[-68,64],[-31,11],[0,48],[23,65],[-44,45],[-71,-4],[-47,7],[-5,19],[25,43],[52,53],[-36,13],[1,72],[-23,28],[-58,14],[-24,21],[12,28],[27,5],[23,57],[-65,53],[-25,-8],[-59,61],[-21,69],[-128,37],[-24,29],[0,59],[-23,22]],[[15176,39900],[65,12],[10,48],[-29,33],[13,29],[89,47],[83,60],[-17,52],[38,75],[23,8],[72,-38],[24,11],[47,56],[2,42],[-52,43],[-19,41],[45,108],[30,24],[44,11]],[[15644,40562],[2,-40],[71,-58],[30,25],[-10,48],[-56,62],[-13,32],[-97,138],[52,36]],[[16328,39810],[-6,-13],[35,-87],[6,-84],[-23,-78],[-25,-43],[-39,-13],[-63,-62],[-25,-8],[-7,-33],[12,-55],[-31,-47]],[[18850,35685],[12,-34],[32,-15],[44,11],[113,5],[76,-61],[43,5],[60,22],[-11,29],[47,19],[35,-5]],[[19301,35661],[14,-49],[41,-45],[12,-32],[21,-120],[-10,-47],[-41,-67]],[[19338,35301],[-84,-164],[-98,-162]],[[19156,34975],[-138,-188],[-36,-34],[-214,-121],[-78,-25],[-91,-58],[-19,-23],[-139,-228]],[[18441,34298],[0,474],[-308,0]],[[17409,35691],[99,82],[40,23],[199,176],[108,236]],[[17855,36208],[22,40],[44,52],[47,91],[50,-34],[120,0],[46,-23]],[[18184,36334],[23,-72],[54,-81]],[[18261,36181],[-75,-128],[-37,-42],[-54,-45],[-67,-26],[-68,-61],[-27,-14],[-67,-99],[-46,9],[-69,-10],[-84,-107],[-16,-53],[-57,-25],[-14,-24]],[[21181,38260],[9,-14],[66,-29],[54,-68],[8,-45],[-17,-31],[-70,-73],[-32,-54],[5,-115],[53,-94],[36,-32],[49,-72],[33,-70],[8,-86],[-29,-17],[-54,6],[-81,-28],[-70,-48],[-49,-53],[-48,-74],[-35,-24],[-120,-43],[-76,-62],[-77,-69],[-19,-36],[-5,-72],[-40,-27],[-51,14],[-29,32],[-39,1],[-56,-64],[-22,-72],[19,-131],[-1,-66],[-12,-42]],[[20435,36538],[-21,58],[-37,14],[4,116],[-42,161],[33,60],[0,49],[25,42],[35,128],[-42,94],[-50,-6],[-75,-21],[-79,-56],[-33,0],[-29,20],[-132,44],[-59,32],[-53,57],[-11,77],[-38,34],[-72,15],[-72,60],[6,37],[52,14],[7,26],[-23,82],[-25,20],[-34,-3],[-20,20],[17,31],[-22,67]],[[19312,36630],[48,2],[35,24],[65,93],[10,43],[46,-6],[33,-25],[-9,-46],[53,12],[33,-12],[-44,-76]],[[19582,36639],[-15,-5],[-45,-74],[-17,-43],[9,-67],[-62,-40],[33,-80],[-17,-100],[17,-160],[58,-77],[-6,-128]],[[19537,35865],[-128,-13],[-120,-3]],[[19289,35849],[-229,-44],[-110,-14]],[[18950,35791],[36,65],[-1,67],[10,52],[-81,179]],[[18914,36154],[-3,26],[24,23],[10,37],[109,125],[35,88],[13,47],[80,75],[53,18],[56,5],[21,32]],[[18737,37121],[37,78],[23,76],[51,65],[41,42],[-41,45],[-14,52],[9,44],[29,29],[4,89],[16,73],[-24,63],[-23,33]],[[20252,36402],[-74,-40],[-76,21],[-46,4],[-30,-20],[-53,-2],[-48,36],[-27,3],[-80,-63],[-55,78],[-35,25],[-24,52],[-8,65],[-18,11],[-30,-50],[-52,55],[-14,62]],[[19312,36630],[-109,32],[-72,2],[-57,-16],[-88,-58],[-61,-7],[-22,-26],[-14,-64],[-30,-8],[-41,24],[-7,27],[26,57],[24,27],[-17,38],[-44,-23],[-101,63],[-25,-7],[-35,65],[6,85],[35,12],[21,46],[42,43],[29,87],[2,35],[-37,57]],[[18845,37810],[-48,-21],[-96,-54],[-89,-72],[-40,-43],[-33,-57],[-53,-44],[-111,-60],[-151,13],[13,-123],[-50,-156],[-30,-24]],[[18157,37169],[-27,59],[-79,65],[-82,55],[-53,44],[-64,32],[-72,81],[-33,17],[-69,8]],[[17678,37530],[-51,8],[-74,56],[-33,3],[-52,-24],[-112,-4],[-78,-34],[-39,-26],[-31,-5],[-21,-38],[-49,-57],[-31,-15],[-54,-47],[-59,-32]],[[16915,35654],[2,336],[76,-2],[-1,151],[81,0],[-2,150],[77,-2],[-3,76],[1,380]],[[17146,36757],[44,73],[48,-3],[58,-59],[0,-38],[26,-21],[50,-5],[31,-70],[0,-37],[51,-68]],[[17454,36529],[20,-29],[31,-2],[20,-45]],[[17525,36453],[-27,-35],[-104,-209],[-37,-47],[-22,-52],[-21,-15],[-19,-62],[26,-29],[-51,-33],[-16,-24],[4,-33],[30,-51],[29,-14],[12,-28],[-24,-46]],[[18737,37121],[-98,-99],[-58,-65],[-88,-51],[-95,-107],[-43,-65]],[[18355,36734],[-71,-9],[-66,87],[-9,25],[13,40]],[[18222,36877],[18,42],[-4,42],[-52,62],[-5,53],[-22,93]],[[18441,34191],[0,107]],[[19156,34975],[34,-50],[37,-24],[31,6],[40,-48]],[[19103,34366],[-9,-51],[-29,-39],[-60,-39],[-89,-78],[-45,-118],[-68,-80],[-61,-115],[-33,-34],[-75,-25],[-75,-15],[-31,-46],[-58,-57],[-33,-51]],[[18437,33618],[4,246],[0,327]],[[19537,35865],[69,6],[79,-16],[175,-73]],[[19860,35782],[-107,-88],[-43,-21],[-90,2],[-52,-8],[-33,-34],[-86,-139],[-25,-80],[-21,-123]],[[19403,35291],[-65,10]],[[19301,35661],[-21,70],[9,118]],[[19860,35782],[123,-44],[164,-20]],[[19784,34972],[-52,25],[-85,-5],[-45,21],[-63,4],[-36,20],[-16,44],[-2,52],[-44,150],[-38,8]],[[17525,36453],[45,-60],[69,16],[75,-37],[13,-32],[51,-57],[77,-75]],[[17678,37530],[-128,-147],[-61,-102],[-36,-82],[-43,-66],[-42,-35],[-70,-42],[-50,-40],[-53,-85],[-49,-120]],[[17146,36811],[2,227],[-77,1],[1,146],[-24,1]],[[18261,36181],[36,-23],[33,-4],[91,17],[197,55],[59,25],[57,-1],[59,-23],[77,-59],[44,-14]],[[18184,36334],[0,61],[20,0],[32,78],[-4,55],[11,23],[36,13],[2,61],[80,35],[11,28],[-45,10],[28,36]],[[17454,36529],[29,52],[70,37],[67,94],[43,149],[-5,49],[14,28],[41,33],[48,19],[32,1],[142,-38],[117,-45],[116,2],[54,-33]],[[23279,23147],[62,44],[68,10],[148,-49],[115,-22],[68,14],[129,61],[35,29],[62,78],[27,21],[114,46],[32,8]],[[24305,23155],[57,-2],[36,35],[27,48],[41,-5],[1,78],[10,66]],[[24477,23375],[62,3],[45,75],[36,46],[31,-14],[11,67],[-15,8],[3,58],[-15,27],[-37,23]],[[24598,23668],[92,85],[36,22],[80,25],[5,79]],[[24811,23879],[1,10]],[[24812,23889],[31,-3],[25,-68]],[[24868,23818],[12,-28],[28,2],[26,-26]],[[24934,23766],[-20,-18],[-9,-55],[53,-54],[-2,-23],[30,-20],[-16,-37],[-55,-36],[-61,-19],[-72,-3],[-43,-34],[45,-16],[8,-21],[-19,-82],[4,-23],[-28,-62],[19,-37],[7,-249],[-25,-122],[-62,27],[-58,60],[-46,-8],[-11,26],[-36,5],[-12,26],[-87,-21],[-42,-63],[-75,7],[-28,12],[-66,-21],[-42,-53],[-67,-1],[-25,16],[-52,-1],[-75,21],[-7,26],[-66,-17],[-41,-32],[-60,8],[-51,40],[2,19],[-45,52],[-32,-2]],[[23666,22981],[-65,33],[-79,-3],[-40,11],[-50,54],[1,18],[-64,6],[-57,47],[-33,0]],[[22238,23810],[41,18],[41,45],[51,38],[36,5],[46,-23],[217,-22]],[[22670,23871],[27,-27],[46,0],[3,-67],[59,0],[88,-13],[0,-20],[71,1],[81,-11],[47,7],[201,54],[65,21],[54,8],[212,-2],[62,3],[132,26],[63,-1],[71,11],[181,60],[63,39],[1,-43],[-14,-56],[37,-89]],[[24220,23772],[2,-28],[-80,24],[18,-38]],[[24160,23730],[1,-38],[-14,-43],[-26,-21],[1,-103],[-54,-19],[-7,-23],[51,-42]],[[23279,23147],[-5,30],[-58,5],[-74,91],[-56,7],[-80,30],[-39,26],[-71,23],[-12,27],[-49,17],[-97,71],[-44,18],[-31,-3],[-40,32],[6,68],[-38,34],[-14,45],[-41,46],[-53,-3],[-31,-13],[-24,28],[-43,-2],[-25,-27],[-95,5],[-31,24],[12,29],[-16,23],[8,32]],[[22670,23871],[30,-22],[42,0],[82,19],[17,26],[-34,32],[32,42],[1,53],[35,51],[-2,33],[18,17],[111,25],[63,-10]],[[23065,24137],[35,10],[17,29],[-2,38],[42,0],[56,24],[20,-14],[25,-47],[48,22],[79,-10],[12,39],[33,-5],[35,-26],[16,28],[39,-34],[43,34],[63,11],[19,-16],[45,4],[56,-19],[41,29],[94,10],[48,24],[29,-3],[13,29],[57,-13],[18,24],[84,5],[37,17],[37,-50],[28,-1],[0,-34],[36,5],[41,-29],[12,44],[26,-17],[-6,-44],[22,-62],[43,-1],[53,25],[27,-7],[40,18],[4,-46],[21,-44],[42,-4],[31,-20],[30,3],[-19,-61],[3,-35],[26,-26],[85,-25],[42,-1],[21,-26]],[[24811,23879],[-121,-47],[-41,-1],[-14,24],[-63,61],[-62,80],[-11,-195],[-13,-49]],[[24486,23752],[-14,-16],[-39,34],[-15,35],[-36,15],[-28,43],[5,58],[-10,61],[-35,-33],[-13,-95],[12,-43]],[[24313,23811],[-10,8],[-83,-47]],[[6276,5254],[201,-1],[109,-17],[125,-43],[127,-26],[34,-12],[77,-42],[43,-14],[183,-16],[146,-25],[158,-35],[147,-13],[36,-15],[104,-58],[144,-62],[44,-31],[237,-202],[55,-39],[155,-70],[63,-11],[154,6],[64,-1],[124,-32],[64,-8],[192,9],[153,-11],[52,-13],[71,-28]],[[9338,4444],[-29,-9],[-25,-82],[5,-25],[-44,-10],[-31,-27],[-10,-53],[-37,-41],[-27,-3],[-2,-30],[-51,-103],[5,-54],[-42,-26],[-17,-25],[-1,-41],[15,-50],[-15,-13],[-5,-62],[26,-30],[45,-9],[81,-104],[-13,-30],[29,-42],[-40,-15],[3,-41],[-17,-25]],[[8126,3518],[-32,16],[-70,9],[21,48],[5,47],[-14,49],[-68,91],[-50,39],[-39,5],[-25,-26],[-71,26],[-61,6],[-27,-8],[-45,30],[-74,7],[-60,59],[-42,18],[-38,1]],[[6656,3247],[446,1]],[[2831,5377],[30,-69],[65,-13],[8,-28]],[[2934,5267],[-66,-7],[-85,-28]],[[2783,5232],[-35,-12]],[[2748,5220],[1,96],[-6,24]],[[2743,5340],[30,2],[58,35]],[[7381,43104],[310,-12],[307,-8],[307,-5]],[[8305,43079],[278,-2]],[[8583,43077],[23,-25],[-18,-68],[34,-55],[-22,-65],[13,-31],[9,-67],[-19,-108]],[[8603,42658],[-169,21],[-70,20],[-78,11],[-25,-7],[-144,12],[-45,-41],[-81,7],[-63,-22],[5,-57],[-14,-10],[-6,-51],[-26,-43],[-63,-33],[-70,-54],[-72,-17],[-34,-34],[-30,-12],[-16,-26],[10,-54],[-120,3],[-33,-5],[-39,57],[-36,3]],[[3089,5257],[119,89],[24,46]],[[3232,5392],[1,-17]],[[2669,5504],[189,0]],[[2858,5504],[-16,-62]],[[2842,5442],[-17,-45],[6,-20]],[[2743,5340],[-24,26],[-43,21]],[[2676,5387],[-13,25],[6,92]],[[14155,36092],[65,20],[75,-32]],[[14295,36080],[5,-49],[-19,-74],[0,-53],[-31,-32],[1,-92],[-10,-48],[5,-38],[-12,-45],[44,-99],[11,-60],[57,-55],[14,-36]],[[14103,35295],[5,38],[-10,66],[-35,81],[-53,7],[-33,29],[-25,4],[-62,-24],[-41,78]],[[13849,35574],[-28,58],[-51,78],[-23,62],[-83,163],[-3,29]],[[24866,19725],[58,-3],[68,-46],[29,-30],[11,-32],[8,-90],[148,-23],[21,9],[50,64],[68,4],[59,23],[-14,221],[-57,277],[6,21],[-32,79],[-43,27],[-51,50],[-58,0],[-3,142],[-65,36],[-52,76],[66,13],[38,47],[77,39],[28,32],[71,-25],[96,42],[72,19],[73,7],[18,36],[-49,64],[-1,47],[-17,53],[-19,24],[17,60],[-28,55],[1,76],[-30,43],[-22,81],[-84,145],[-58,67],[42,52],[30,78],[-1,45]],[[25337,21630],[362,1],[473,11],[584,2]],[[26756,21644],[24,-412],[8,-101],[22,-399],[152,1]],[[26962,20733],[1,-74],[-153,-1],[-2,-213],[-14,-329],[-8,-290],[3,-135]],[[26789,19691],[9,-117],[3,-205],[-300,-6],[-4,83],[-71,-1],[4,-84],[-258,3],[-112,-4],[3,-149],[-152,-1],[-46,-46],[-29,30],[-373,-11],[-60,4],[-55,-48],[10,-48],[-15,-61],[-23,-53],[-49,-40],[-15,-30],[-7,-98],[-40,-64],[-23,-12],[-31,-55],[-42,-28]],[[26901,11834],[58,-161]],[[26959,11673],[-60,-31],[-21,-43],[-48,-46],[-72,-29]],[[26758,11524],[-116,127],[-70,66]],[[26572,11717],[-119,112]],[[26959,11673],[122,-347]],[[27081,11326],[-71,8]],[[27010,11334],[-55,6],[-58,30],[-61,69]],[[26836,11439],[-78,85]],[[2487,5527],[61,-23],[121,0]],[[2676,5387],[-48,-35],[-57,-1]],[[2571,5351],[-84,0]],[[2487,5351],[0,176]],[[2341,5350],[146,1]],[[2487,5351],[-1,-218]],[[2336,5132],[5,218]],[[2571,5351],[3,-50],[47,-62],[12,-70]],[[2523,5135],[-37,-2]],[[2748,5220],[-115,-51]],[[8603,42658],[39,-19],[32,-70],[48,-59],[18,-35],[-15,-37],[28,-62],[51,-18],[-16,-38],[22,-115],[-13,-15],[-10,-95],[-23,-10],[2,-57],[-15,-61],[-46,-21],[-25,-42],[14,-15],[-13,-39],[-28,-15],[-6,-63],[5,-57],[94,-125],[-4,-58],[36,-54],[-10,-37],[-33,-6],[-20,-33],[-26,-8],[-34,-43],[-59,-11],[-28,12],[-46,-44],[-3,-50],[-30,-1]],[[8489,41257],[-42,-22],[-20,17],[-43,5],[-21,17],[-26,-15],[-65,6],[-106,-54],[-50,15],[-74,63],[-62,17],[-105,82],[-43,86],[-71,29],[-128,15],[-26,-40],[-52,-45],[-10,-50],[-30,-47],[-45,-37],[-35,-9],[-12,-26],[6,-44],[-13,-25],[-51,-18]],[[7365,41177],[5,211],[7,389]],[[8489,41257],[18,-34],[52,26],[42,-52],[96,29],[51,-8]],[[8748,41218],[-12,-27],[14,-73],[16,-42],[77,-32],[14,-75],[-13,-20],[4,-79],[-6,-32],[31,-103],[28,-7],[34,-33],[49,-97],[-1,-44],[23,-28],[66,5],[38,-11],[74,-69],[14,-104],[71,-20],[12,-38],[75,-51],[-2,-43],[-45,-41],[-11,-29],[7,-41],[-27,-57],[-33,-29],[-21,-62],[-45,-54]],[[9179,39882],[-296,9],[-316,-1],[-502,31]],[[8065,39921],[-150,9],[-238,9],[-153,1],[-155,8]],[[7369,39948],[1,450],[-3,300],[-2,479]],[[13805,34657],[1,13]],[[13806,34670],[-1,50]],[[15259,34643],[-44,-31],[36,-24],[-23,-30],[8,-24],[68,14],[42,45],[31,-18],[7,-28],[34,2],[19,-38]],[[15437,34511],[-43,4],[-27,-58],[-33,-52]],[[15019,34477],[60,57],[13,23],[124,111]],[[12689,37231],[0,39],[73,-1],[1,302],[153,-1],[-1,152],[168,-5]],[[13357,37862],[38,-110],[60,-70],[11,-66],[39,-33],[33,-42],[-8,-67],[19,-30],[50,-35],[2,-38],[18,-53],[27,-41],[43,-2]],[[12594,36178],[-26,50],[3,55],[-77,40],[-11,60],[-23,34]],[[14471,37542],[37,4]],[[14508,37546],[57,-11],[17,-44],[-52,0],[-29,-28],[-12,-55],[54,4],[9,-41],[26,-21],[12,-49],[-30,-37],[45,-5]],[[14605,37259],[-21,-78],[-66,-124],[-7,-50],[36,-83],[32,-105],[1,-29],[-23,-62],[-8,-72],[13,-103]],[[14562,36553],[-58,-26],[-40,2]],[[14464,36529],[-66,8],[-91,-21],[-32,-19],[-62,31],[-65,68],[-54,37]],[[13689,37275],[-29,48],[-3,32],[61,75],[61,26],[22,-43],[-26,-33],[13,-30],[35,-29],[38,16],[24,112],[21,35],[69,53],[52,60],[20,5],[31,-50],[-9,-44],[17,-96],[28,-18],[41,17],[9,42],[-20,96],[26,54],[54,-38],[37,9],[36,71],[0,74],[13,43],[103,-15],[9,-42],[-27,-26],[-14,-46],[90,-91]],[[14352,32665],[-12,-89]],[[14340,32576],[-26,-39],[-49,-53],[6,-81]],[[14271,32403],[-9,-61],[15,-115],[-12,-55]],[[14265,32172],[-112,62],[-36,0],[-34,-18],[-45,12],[-42,-6],[-43,57],[-52,-3],[-31,13]],[[29290,18077],[0,13]],[[29290,18090],[44,0]],[[29334,18090],[56,0]],[[29390,18090],[44,-93],[6,-61],[-44,-67],[-19,-79],[-43,-51],[27,-84],[-6,-54],[-31,-51],[41,-80],[31,-21],[14,-29],[-21,-18],[25,-67]],[[29414,17335],[-74,23],[-38,42],[-132,53],[-91,17],[-23,19],[-54,15],[-89,52],[-30,-12],[-45,0]],[[28838,17544],[8,62],[6,177],[5,19],[131,-64],[3,38],[44,-23],[39,20],[17,26],[57,20],[124,148],[19,55],[-1,55]],[[26962,20733],[311,6],[419,-1],[612,12]],[[28304,20750],[-18,-50],[31,-75],[59,-32],[-4,-25],[84,-37],[22,-3],[15,-33],[-81,-2],[0,-45],[99,5],[-4,-37],[40,-20],[-5,-27],[26,-65],[-3,-40],[28,-15],[35,-47],[51,1],[56,-27],[16,-55],[21,-24],[53,-18],[14,-42],[41,-37],[-29,-45],[28,-19],[9,-52],[56,-30],[81,3],[226,0],[324,4],[1,74],[74,2],[-1,-75],[298,7],[133,-1]],[[30080,19868],[-8,-104],[-17,-66],[11,-38],[36,-54],[-1,-19],[-39,-24],[16,-55],[65,-55],[-43,-24],[-14,-31],[13,-44],[-11,-28],[-74,-69],[-42,-118],[1,-45],[-25,-69],[12,-40],[24,-32],[8,-37],[-16,-39],[-54,-34],[-82,-17],[-32,-49],[19,-32],[23,-103],[28,-47],[-51,-29],[-69,-93],[-50,-22],[-18,-23],[-19,-69],[-94,-57],[29,-39],[14,-40],[-33,-10],[12,-66],[-22,-31],[-34,-11],[-140,2],[-13,-17]],[[29334,18090],[10,39],[2,63],[-55,66],[-74,49],[-40,39],[-23,41],[-52,63],[-15,75],[-31,37],[-50,34]],[[29006,18596],[-110,62],[-54,35],[-54,55],[-76,88],[-103,77],[-176,82],[-101,86],[-172,72],[-51,56],[-86,60],[-27,35],[-162,72]],[[27834,19376],[-64,-25],[-22,9],[-64,-10],[-39,-21],[-15,40],[-31,42],[-34,-17],[-53,22],[-73,-12],[-54,4],[-98,73],[-34,3],[-37,-21],[-96,2],[-38,53],[-33,17],[-15,39],[-47,17],[-198,100]],[[27580,18187],[59,0],[44,19],[121,78],[70,63],[31,21],[114,45],[50,7],[45,-8],[48,-25],[28,-28],[111,-136],[48,-25],[122,-32],[90,2],[178,-14],[39,-16],[308,-198],[74,-12],[35,17],[55,120],[40,12]],[[28838,17544],[-23,4],[-66,41],[-57,5],[-47,-32],[-67,33],[-143,42],[-29,30],[-90,27],[-51,-4],[-85,46],[-52,-7],[-69,17],[-51,-4],[-75,-59],[-74,-9],[-26,11],[-36,-5],[-20,-23],[-63,-18],[-63,14],[-54,-24],[-49,-53]],[[27548,17576],[-65,49],[-23,48],[-13,70],[-37,74],[-6,43],[23,17],[63,76],[3,54],[70,116],[17,64]],[[27834,19376],[10,-49],[-40,-49],[-42,-97],[13,-67],[29,-61],[-7,-130],[-68,-24],[-31,-29],[-30,-48],[-53,-24],[-54,-38],[-41,-42],[-4,-60],[30,-38],[7,-51],[-14,-103],[-26,-64],[4,-15],[62,-57],[21,-51],[-2,-38],[-18,-54]],[[27548,17576],[47,-62],[36,-116],[11,-63],[12,-20],[-54,-79],[-27,-53],[-75,-74],[-51,-31],[-34,-7],[-21,77],[-8,58],[-27,-15],[-79,-63],[-39,-51],[-38,-14],[-51,-35],[-74,-8],[-144,-69],[-113,-27],[-26,43],[-61,62]],[[26732,17029],[-47,48],[-62,154],[-82,135],[-45,35],[-65,197],[-57,16],[-30,34],[-3,42],[-39,11],[-81,-3],[-60,-60],[-19,-39],[-22,23],[-54,18],[-52,51],[-34,17],[-19,29],[-21,69],[-14,147],[-69,-27],[-67,2],[-75,-29],[-11,-19],[2,-129],[-27,-65],[-16,-15],[-82,-35],[-46,-14],[6,69],[-31,134],[-30,29],[-63,12],[-39,22],[-56,72],[-45,81],[-58,55],[-35,108],[-1,38],[23,14],[68,73],[-35,28],[-22,52],[-18,121],[-31,55],[-55,65]],[[24400,16533],[90,97],[57,50],[53,13],[64,46],[18,36],[26,88],[-5,74],[36,34],[-26,30],[-7,54],[-33,31],[-7,70],[-26,56],[12,25],[-10,34],[16,65],[-21,16],[26,68],[19,79],[-5,62],[-23,55],[-46,69],[14,43],[66,93],[36,73],[47,51],[13,30]],[[26732,17029],[-13,-25],[-43,-29],[-26,-47],[-52,-73],[-11,-35],[2,-58],[29,-77],[1,-36]],[[26619,16649],[-7,-82],[-23,-71],[-139,-102],[-53,-15],[-76,-58],[-57,-17],[-28,-55],[5,-34],[-24,-42],[-164,-27],[-114,-6],[-64,41],[-78,71],[-30,42],[-40,-1],[-99,31],[-24,84],[-26,39],[-69,57],[-19,82],[-42,70],[9,53],[-45,-29],[-57,-20],[-52,-62],[-54,-104],[-39,7],[-42,29],[-79,109],[-51,-22],[-69,-60],[-55,-75],[-41,-39],[-94,-103],[-85,-30],[-53,-34],[-51,2],[-19,-27],[-72,-39],[-41,-62],[-44,38],[-53,11]],[[24361,16199],[-29,30],[20,30],[2,70],[16,11],[-3,74],[8,44],[21,39],[4,36]],[[29414,17335],[1,-56],[-12,-52],[6,-133],[-6,-29],[-37,-42],[-42,-62],[33,-48],[104,-92],[9,-27],[-18,-38]],[[26912,15918],[-22,31],[-1,49],[11,71],[-66,87],[-3,68],[10,29],[-12,109],[18,69],[-7,109],[-17,37],[-73,75],[-42,-5],[-89,2]],[[26907,15274],[-445,12],[-290,-4],[-165,-7]],[[26007,15275],[-435,-17],[-153,-4],[-928,4],[-163,2],[-342,-1]],[[23986,15259],[101,59],[61,90],[26,121],[62,65],[26,49],[7,56],[-20,70],[22,6],[-3,109],[-10,129],[-29,23],[24,52],[31,5],[25,57],[52,49]],[[29006,18596],[-2,-33],[-84,-47],[-69,-21],[-8,-26],[13,-42],[55,-74],[9,-45],[-3,-60],[115,-117],[41,-4],[43,-23],[173,2],[1,-16]],[[3370,6184],[30,-30]],[[3400,6154],[-49,-18]],[[3351,6136],[-67,-52]],[[3284,6084],[-67,90]],[[3217,6174],[77,84]],[[3351,6136],[43,-46],[7,-33],[-51,-17]],[[3350,6040],[-19,-16]],[[3331,6024],[-47,60]],[[9884,14685],[85,1],[69,23],[66,-11],[57,21],[33,-7],[90,-41],[62,-21],[63,17],[15,-17],[79,-17],[148,-53],[44,9],[50,-8],[41,-38],[16,-33],[50,-69],[12,-43],[-2,-100],[20,-86],[25,-24],[69,-27],[33,17],[26,-18],[6,-26],[46,-49],[3,-25],[60,-96],[25,-16],[46,-63],[44,-7]],[[10240,15995],[15,-19],[57,0],[82,18],[40,-3],[8,30],[25,18],[53,-23],[45,-42],[37,9],[32,-67],[83,41],[68,-6],[118,-37],[27,17],[57,11],[33,-44],[-9,-68],[29,-79],[-6,-117],[72,-20],[49,-27],[86,-101],[23,-5],[40,32],[75,18],[124,-2],[125,-19],[40,-32],[56,-2],[44,20]],[[11768,15496],[-29,-167],[19,-107],[-29,-73],[-4,-71],[-24,-114],[-11,-24],[-60,-72],[-22,-39],[-39,-107],[-17,-97],[11,-64],[-9,-32],[-44,-48]],[[9629,14696],[-5,19],[-64,39],[-50,-6],[-43,49],[-55,5],[-34,74],[-5,63],[-17,76],[89,28],[-84,64],[44,130],[27,14],[48,-6],[65,71],[67,40],[63,72],[-34,79],[32,37],[24,7],[20,89],[46,39],[9,63],[70,70],[-10,20],[15,37],[30,22],[43,82],[70,-4],[0,-21],[60,20],[-5,21],[89,21],[17,-18],[38,12],[51,-9]],[[3086,5821],[1,4]],[[3087,5825],[0,2]],[[3087,5827],[89,-71],[114,-53]],[[3290,5703],[-8,-80]],[[3282,5623],[-133,21],[-97,-13]],[[3052,5631],[34,190]],[[8417,16661],[-12,632],[153,-4],[1,158]],[[11045,17448],[-1,-13],[81,-41],[-5,-32],[26,-80],[30,-34],[-29,-31],[9,-41],[-3,-62],[-41,-68],[8,-35],[-70,-31],[-20,10],[-31,-20],[12,-30],[-23,-39],[-86,-25],[5,-33],[-27,-40],[-32,-10],[-32,13],[-9,-36],[-54,-46],[-12,7],[-56,-27],[-19,-39],[-41,6],[-58,-22],[-8,36],[-55,-9],[-9,23],[-54,15],[-47,-44],[-32,18],[0,-60],[34,-80],[-18,-25],[10,-98],[-25,-47],[-3,-50],[12,-23],[-36,-56],[-5,-49],[-33,-25],[-8,-34],[-31,-40],[3,-63],[-22,-43]],[[7982,15694],[-4,384],[447,8],[-4,345],[-4,230]],[[6829,13046],[60,10],[45,24],[142,138],[33,23],[99,28],[68,7],[61,-18],[88,-91],[62,-54],[88,-30],[42,2],[42,16],[53,34],[22,25],[53,89],[102,85]],[[7547,11391],[-40,5],[-40,-15],[-49,10],[-15,-16],[-45,23],[-30,-8],[-46,47],[-30,-5],[-48,13],[-67,34],[-38,50],[-85,43],[-5,28],[-40,31],[-58,81],[-22,77],[-98,24],[-1,33],[-30,38],[-1,25],[-35,26],[-27,43],[-38,5],[-111,-11],[-9,15],[-69,7],[-55,-10],[-38,-47],[-51,3],[-41,22],[-10,-22],[-42,-1]],[[6233,11939],[-23,27],[-65,33],[-31,26],[-36,66],[-9,35],[-9,96],[4,43],[23,46],[121,111],[24,49],[-8,77],[8,63],[26,22],[38,-2],[30,-20],[23,-76],[-8,-47],[-6,-102],[8,-33],[55,-43],[66,-1],[82,36],[45,40],[15,33],[7,165],[-30,87],[-4,60],[24,35],[39,30],[35,42],[50,124],[26,50],[44,29],[32,6]],[[13787,17461],[4,-470],[5,-334]],[[13796,16657],[-49,-3],[-57,-36],[-52,-7],[-88,-25],[-34,-28],[-84,-42],[-13,-47],[-50,-4],[-9,-21],[-52,-20],[-46,0],[-82,-26],[-35,-19],[-26,-41],[-57,-38],[-53,12],[-80,-50],[-70,-15],[-62,8],[-42,-17],[-189,46],[-29,24],[-29,-26],[-32,-63],[-45,-61],[-5,-123],[23,-71],[4,-39],[22,-51],[-77,-78],[-50,-2],[-70,-34],[-43,-79],[-50,-58],[-21,-9],[-118,-5],[-90,-34],[-53,-43],[-57,-3],[-67,-17],[-11,-16]],[[15455,33685],[6,-65],[31,21],[167,-1],[12,-31]],[[15284,33291],[62,120],[-4,37],[-75,101]],[[16777,31907],[10,57],[24,24],[34,9],[48,59],[18,68],[-12,70],[2,226],[18,77],[-17,87],[-25,35],[-2,73],[35,52]],[[16954,33041],[39,8],[33,-32],[49,-13],[36,27],[61,17],[45,-5],[42,-54],[56,-16],[25,-57],[81,-33],[-16,-62],[17,-57],[20,-26],[59,13],[10,26],[48,32],[28,-33],[-12,-16],[0,-55],[21,-43],[31,-10],[32,-61],[35,-41],[32,-55],[44,-27],[-52,-38],[-25,-31],[15,-63],[47,0],[5,-44],[30,-10],[15,-56],[26,-27],[-28,-39],[-52,-20],[83,-34],[2,-24]],[[17836,32082],[-52,13],[-45,-25],[-58,-108],[-17,-68],[15,-81],[27,-62],[7,-80],[-10,-30]],[[17703,31641],[-48,-42],[-39,5],[-78,53],[-47,3],[-47,-27],[-16,-23],[-86,-185]],[[17342,31425],[-48,0],[-19,-14],[-80,2],[-33,-18],[-47,22],[-53,13],[-46,37],[-31,4]],[[14736,33139],[65,25],[106,72]],[[14907,33236],[2,-1]],[[14909,33235],[-8,-77],[6,-100]],[[14611,32522],[-12,65],[19,84],[45,66],[15,0],[45,89],[-33,28],[-1,22],[-44,55],[22,46],[-50,22]],[[14261,32137],[46,-9],[85,12],[22,-8]],[[14414,32132],[-35,-108],[0,-106],[32,-31],[110,1],[-2,-29],[-26,-63]],[[14172,31805],[10,119],[22,54],[37,30],[5,73],[15,56]],[[14907,33236],[28,110],[-18,72]],[[14918,33425],[1,170],[152,-4],[1,76],[32,-1],[7,36],[37,-1],[0,177]],[[15267,33549],[-94,-51],[-78,-73],[-17,-35],[-39,-47],[-130,-108]],[[14411,32578],[-71,-2]],[[3587,5623],[6,54]],[[3593,5677],[85,-28]],[[3678,5649],[22,-59]],[[3700,5590],[-2,-7]],[[3698,5583],[-73,-20],[-43,8]],[[3582,5571],[5,52]],[[4554,11807],[36,17],[40,51],[-2,52],[-29,34],[-46,13],[-33,27],[-44,81],[8,29],[37,23],[71,-12],[72,2],[34,-10],[32,-38],[48,-14],[36,15],[16,23],[-2,81],[26,67],[-13,76],[13,51],[26,13],[56,-27],[21,-42],[-11,-25],[-40,-27],[-1,-52],[27,-18],[43,8],[19,35],[-2,50],[22,54],[59,64],[-1,66],[30,74],[38,46],[4,35],[-35,86],[41,125],[7,91],[-12,22],[-37,-23],[31,-53],[-11,-37],[-65,-34],[-49,75],[-63,27],[-69,-14],[-23,-24],[1,-30],[34,-79],[-17,-13],[-52,43],[-44,-3],[-87,-44],[-38,0],[-7,38],[54,26],[43,45],[4,65],[37,43],[153,-16],[61,39],[0,52],[-20,28],[-56,22],[-32,1],[-36,-32],[-47,0],[-9,28],[56,86],[91,66],[0,19]],[[4948,13254],[25,24],[-17,70],[-39,27],[-10,33],[58,16],[18,-23],[35,24],[41,-6],[99,4],[92,-5],[21,22],[57,-1],[17,14],[55,-23],[39,56],[42,26],[38,-53],[43,-6],[44,40],[26,77],[24,34],[30,91],[-11,32],[11,33],[-59,48],[54,17],[32,53],[40,36],[12,47],[-48,60],[-24,61],[-13,74],[-65,87],[19,28],[10,46],[-11,64],[-32,47],[-13,52],[5,32],[-52,171],[18,65],[-7,47],[23,81],[-11,69],[-21,26],[-2,33],[-20,39],[-12,78],[-33,5],[-92,-33],[-74,-52]],[[5310,15041],[37,116],[44,73]],[[5391,15230],[58,70],[82,57],[67,74],[37,52],[72,54],[81,34],[104,-80],[65,2],[47,-21],[44,-47],[49,3],[-61,-90],[-80,-99],[-54,-116],[-3,-88],[19,-97],[-14,-64],[15,-85],[21,-51],[2,-82],[29,52],[-3,26],[67,30],[116,29],[27,-92],[45,-91],[-12,-54],[52,12],[40,-21],[32,14],[21,33],[49,-11],[16,39],[69,33],[19,37],[-13,59],[25,23],[55,-25],[36,17],[138,-61],[26,-39],[41,4],[45,-59],[-34,-27],[-32,-78],[-27,-27],[-32,-67],[-69,-45],[-27,-40],[-3,-54],[11,-55],[-12,-29],[-3,-53],[44,-25],[26,-44],[27,-13],[85,-65],[9,-29],[39,-73],[8,-82],[-29,-59],[-13,-65],[9,-64],[34,-64],[-8,-76],[-1,-88],[-74,-120],[17,-63],[2,-101],[20,-59]],[[6233,11939],[-5,-22],[-52,-16],[-74,41],[-75,-3],[-63,55],[-21,55],[-8,85],[-33,27],[-25,-1],[-29,-36],[-8,-49],[7,-40],[54,-54],[64,-94],[10,-47],[36,-32],[40,-19],[18,-30],[-16,-44],[-77,-51],[-63,-11],[-147,92],[-63,3],[-26,-38],[-19,-107],[-29,-61],[-66,-32],[-7,13],[-64,29],[-29,-16],[2,-49],[41,0],[47,18],[1,-25],[45,-60],[-14,-33],[-52,-49],[5,-33],[72,-53],[2,-25],[-50,-33],[-64,97],[-38,23],[-34,0],[-29,-17],[-32,-44],[1,-52],[50,-100],[72,-51],[2,-56],[-35,-28],[-57,13],[-48,52],[-38,63],[-46,-11],[-8,-26],[22,-79],[-4,-32],[-25,-32],[-22,-4],[-25,26],[-33,9],[-1,42],[-33,-11],[-26,-29],[-34,-16],[-24,-28],[-19,15],[-43,4],[-45,-84],[-37,-11],[17,-27],[-41,-18],[-65,5],[-70,40],[-61,-2],[-53,32]],[[4636,10857],[-32,83],[-1,34],[17,27],[68,47],[6,69],[12,25],[64,43],[3,26],[-42,45],[-48,79],[-25,54],[-30,24],[-88,13],[-52,24],[-52,85],[-57,9],[-43,-35],[-52,5],[3,35],[50,49],[42,55],[44,17],[39,0],[58,-37],[41,-1],[18,43],[-38,80],[13,52]],[[5879,19116],[415,-2]],[[6294,19114],[12,-98],[41,-108],[20,-34],[49,-30],[26,-35],[4,-64],[36,-134],[-15,-127],[-35,-271],[-38,-409]],[[6394,17804],[-15,-149],[-6,-163],[-10,-71],[-100,38],[-43,-32],[-21,3],[-48,48],[-20,33],[-43,35],[-23,46]],[[6065,17592],[29,31],[35,61],[-32,22],[-71,71],[-8,17],[-66,-5],[-26,20],[-62,3],[-3,36],[25,65],[25,29],[21,48],[42,49],[50,-8],[36,52],[17,71],[68,103],[37,19],[98,-9],[28,14],[-6,74],[6,60],[-5,57],[9,71],[-47,-4],[-64,19],[-26,17],[-51,85],[-62,54],[-30,65],[-46,48],[12,38],[-5,43],[12,25],[-47,46],[-18,44],[-59,71],[-2,22]],[[6294,19114],[72,-2],[724,13]],[[7509,17477],[-59,0],[-58,13],[-15,15],[-7,70],[-13,36],[-35,-20],[-43,7],[-40,-15],[-72,-13],[-42,-43],[-114,-18],[-85,-28],[-33,-41],[-21,34],[-46,157],[-72,93],[-19,73],[-58,48],[-44,14],[-47,61],[-32,-22],[-32,-56],[-33,-32],[-54,7],[12,-51],[-8,-125],[-39,30],[9,33],[-15,100]],[[24329,21632],[742,1],[266,-3]],[[24456,20276],[-39,59],[-3,39],[-135,173],[-9,21],[-1,102],[23,0],[-2,132],[-18,70],[23,43],[33,111],[31,66],[1,21],[-19,130],[-12,332],[0,57]],[[23047,21617],[304,7],[221,3]],[[23572,21627],[153,4],[604,1]],[[2842,5442],[23,-17]],[[2865,5425],[32,-32],[151,-41]],[[3048,5352],[-114,-85]],[[14271,32403],[59,-10],[50,-40],[67,-13]],[[14493,32230],[1,-131]],[[14494,32099],[-43,10],[-37,23]],[[14261,32137],[4,35]],[[3147,6120],[70,54]],[[3284,6084],[-32,-26],[-81,-135]],[[3171,5923],[-39,36],[-28,0]],[[3104,5959],[8,115],[35,46]],[[3331,6024],[-69,-57],[-7,-36]],[[3255,5931],[10,-78]],[[3265,5853],[-61,34],[-33,36]],[[3423,5954],[23,-57],[25,-114]],[[3471,5783],[-18,4]],[[3453,5787],[-83,102],[-27,-6]],[[3343,5883],[-12,44]],[[3331,5927],[92,27]],[[3350,6040],[15,-25],[63,-24]],[[3428,5991],[-5,-37]],[[3331,5927],[-76,4]],[[5591,30987],[123,14],[146,-20],[54,-47],[58,-24],[41,-7],[125,23],[62,59],[83,66],[60,38],[45,106],[153,134],[31,69],[75,9],[40,-23],[38,-2],[42,-36],[70,10],[-15,-68],[61,47]],[[7211,30769],[74,-18],[50,38],[-7,67],[21,34],[51,-7],[45,-66],[50,-6],[41,19],[28,28],[35,3],[26,-28],[8,-48],[-9,-31],[-54,-85],[-35,-43],[-2,-66],[-12,-68],[12,-64],[16,-19],[97,18],[43,14],[61,33],[34,-18]],[[7784,30456],[39,-21],[-13,-49],[-63,-60],[-18,-38],[-70,-66],[-61,-34],[-82,15],[-74,-3],[-25,-25],[18,-66],[43,-61],[-34,-23],[-73,-4],[-19,-36],[12,-45],[40,-53],[-3,-59],[71,-103],[-19,-19],[-74,-35],[-34,17],[-38,78],[1,88],[-105,39],[-35,-25],[-8,-93],[-13,-25],[-43,-23],[-41,32],[7,72],[-30,19],[-21,-15],[-33,-52],[-50,-100],[-26,-11],[-46,24],[-25,64],[-48,-7],[-30,-44],[-25,-3],[-35,25]],[[6701,29731],[8,22],[-343,-2],[-16,-2],[-349,0],[-200,-2],[-158,5],[6,407]],[[5649,30159],[0,383],[-66,1],[3,285],[5,159]],[[7999,31983],[40,16],[46,2],[25,13]],[[8283,31881],[-95,5],[-53,-21]],[[8840,31920],[23,-61],[71,-15],[-23,-47],[-30,-16],[63,-62],[27,72],[45,-14],[11,-20]],[[9027,31757],[-44,-21],[-75,-65],[-112,-36]],[[8796,31635],[-19,64],[-99,6],[6,38],[-7,97],[27,64]],[[7582,33395],[23,178],[21,37],[40,-34],[22,-42],[23,-15]],[[7949,32569],[18,67],[-8,128],[-40,82],[-15,92],[-19,-4],[-52,39],[-17,34],[-32,7],[-36,-25],[-30,27],[-30,75],[-54,48],[-33,11]],[[7597,33167],[-21,104],[-3,58],[9,66]],[[8492,31920],[30,59]],[[8796,31635],[-46,-24]],[[8750,31611],[-58,-15]],[[8692,31596],[-45,12]],[[8647,31608],[-74,69],[-41,1]],[[8532,31678],[-1,29],[47,1],[0,54],[-49,11],[0,88],[-37,59]],[[5591,30987],[5,174]],[[5596,31161],[51,-8],[47,57],[-6,39],[34,18],[-2,40],[28,6],[-1,78],[24,19],[21,39],[57,44],[3,26],[-22,42],[39,93],[69,43],[26,5],[14,36],[-3,33],[20,38],[34,1],[48,78],[20,74],[30,0],[16,62],[24,7],[-61,70],[-8,26],[23,39],[40,34],[-33,16],[-4,53],[38,16],[74,14],[41,24],[26,56],[25,21]],[[6328,32400],[97,-27],[139,-19],[92,-23],[70,-31],[223,-135],[110,-64],[159,-81],[64,-16],[99,-15]],[[7381,31989],[101,-9],[173,47]],[[7655,32027],[-9,-43],[8,-37]],[[7655,32027],[94,27]],[[7749,32054],[59,11],[84,-20]],[[9960,34442],[55,-1],[-1,-147],[189,-5],[-3,-145],[265,-12],[1,-154],[153,-10],[-1,-70],[116,-2],[0,-78],[45,2],[-3,-68]],[[10776,33752],[-3,-86],[152,-5],[1,-303],[151,0],[-1,-78],[153,-2],[1,-156],[23,0]],[[11253,33122],[-46,-40],[-4,-52],[-41,-65],[-25,-66],[-27,-39],[-25,-55],[-108,-89],[-36,-17],[-31,-80],[-7,-50],[-30,-44],[-23,-16],[-49,-5],[-30,-28],[-27,-49],[26,-48],[27,-77],[-1,-31],[64,-32],[22,-38],[3,-34],[-23,-45]],[[10194,31862],[-20,-4],[5,-86],[-47,17],[-89,2],[-20,30],[-43,-25],[22,-54],[-38,-52],[-69,65],[-65,19],[-25,-47],[-54,51],[29,46],[-65,32],[-33,1],[-17,60],[-81,22],[-6,-20],[26,-28],[-30,-14],[-30,44],[2,29],[-103,-15],[28,-22],[-42,-113],[-20,17],[-47,4],[-77,61],[-34,-23],[8,-61],[69,12],[3,-22],[-64,-28],[-6,-21],[-48,-58],[6,-28],[-55,7],[-4,33],[-79,16],[-35,16]],[[9046,31725],[-19,32]],[[9046,31725],[-32,-15],[-8,-33],[48,-1],[-26,-45],[32,-16],[15,-49],[24,-27],[-1,-39],[-26,-13]],[[8895,31496],[-42,17],[-31,32],[27,17],[-61,24],[-38,25]],[[1734,5864],[103,5],[32,-6],[93,-46],[64,-62],[127,-57],[71,-19],[114,-7]],[[2339,5607],[-44,13],[-37,-7],[-77,-36]],[[1741,5452],[-7,76],[0,336]],[[21701,36701],[526,-11],[192,2],[0,-70]],[[22419,36622],[-2,-386],[137,2]],[[14166,34556],[-11,-28],[-3,-123]],[[14152,34405],[-56,-38]],[[14096,34367],[-97,-61]],[[13999,34306],[-2,154],[47,49]],[[14773,34667],[16,-36]],[[14606,34450],[-91,-76]],[[14515,34374],[-32,59]],[[14483,34433],[1,80]],[[15637,35689],[39,90],[29,91]],[[15705,35870],[50,15]],[[15755,35885],[80,-20],[98,5]],[[15933,35870],[46,-25],[57,-56]],[[15820,35632],[-109,13],[-78,-7]],[[15633,35638],[4,51]],[[24625,12127],[75,9],[75,54],[32,91],[42,24],[53,52],[25,66],[39,-2],[-1,-36],[34,-1],[0,-27],[186,139]],[[25185,12496],[9,-81],[46,7],[32,39],[68,43],[40,35],[14,-28],[64,46],[71,5],[16,17],[49,-4],[60,-16]],[[26450,11830],[-150,2],[-4,-201],[0,-223],[-96,12],[-62,-9]],[[24630,11506],[-14,30],[-5,91],[-10,47],[4,35]],[[24605,11709],[-14,44],[8,60],[30,53],[59,59],[24,43],[-54,49],[10,54],[-43,56]],[[24008,12189],[43,-50],[76,-26],[29,9],[44,37],[75,9],[40,21],[37,5],[77,-28],[26,-29],[43,-11],[127,1]],[[24605,11709],[-127,86],[-83,49],[-171,86],[-45,-51],[-11,-84],[-61,3],[-37,17]],[[24070,11815],[-5,56],[-25,30],[16,20],[-14,104],[-16,48],[9,32],[-42,7],[-11,33],[26,44]],[[25179,13673],[54,32],[27,28],[22,68],[60,86],[95,110],[39,99]],[[25476,14096],[29,58],[47,42],[218,-36],[72,-59],[36,-37],[56,-38],[56,10],[47,74],[26,74],[119,-60]],[[26182,14124],[-23,-39],[-26,-11],[-15,-53],[-22,-22],[-49,-16],[-12,-30],[-35,-16],[-7,-39],[-32,-38],[-17,-56],[-61,-81],[-11,-44],[-41,-24],[0,-54],[-26,-37],[-1,-42],[-37,-49],[0,-49],[30,-63],[8,-148],[23,-9],[26,-78],[26,-24],[34,-63],[5,-38],[-32,-33],[23,-57],[7,-49],[-27,-30],[-32,-8],[-18,-25],[-41,-3],[-21,-58],[-3,-95],[-8,-42]],[[25185,12496],[-1,28],[-26,33],[-5,55]],[[25153,12612],[14,48],[-49,82],[51,106],[24,2],[29,35],[42,25],[17,70],[39,56],[-8,30]],[[24364,13463],[13,49],[-8,84],[43,109],[11,78],[-7,64],[26,93],[40,42],[31,13],[6,55],[81,91],[67,23],[43,3],[29,52],[32,-3],[49,-60],[56,73],[81,-10],[26,11],[34,40],[117,-23],[88,22],[191,-36],[33,-93],[30,-44]],[[24696,13606],[-35,-6],[-11,-28],[-45,-54],[-31,-73],[-37,-9],[-26,10],[-61,-37],[-15,-28],[-48,-17],[-3,-43],[45,-18]],[[24429,13303],[-64,0],[-1,160]],[[23607,11881],[1,18]],[[23608,11899],[6,248]],[[23614,12147],[4,195]],[[23618,12342],[2,148]],[[23620,12490],[1,62]],[[23621,12552],[301,-2],[-3,-180],[93,-30],[11,-52],[-22,-70],[7,-29]],[[24070,11815],[-61,22],[-50,-20],[-66,-61],[-68,-26],[-36,33],[-51,10],[-55,-14],[-11,94],[-65,28]],[[26182,14124],[38,1],[3,26],[49,48],[12,25],[-18,21],[1,80],[32,30],[17,85],[-8,17],[34,65],[40,39],[-38,27],[-13,27],[-1,57],[-52,48],[-19,-8],[-46,26],[-24,44],[-32,23],[-49,16],[-41,35],[6,45],[-33,33],[-21,45],[-10,49],[-47,67],[18,113],[27,67]],[[23626,14947],[0,312]],[[23626,15259],[360,0]],[[24364,13463],[5,30],[-78,2],[1,110],[-188,-1],[0,38],[-35,0],[0,51],[-37,22],[-37,2],[0,-36],[-36,0],[1,39],[-76,0],[7,149],[-225,1],[-1,37],[-41,0]],[[23624,13907],[2,132],[0,908]],[[24320,10881],[-714,12]],[[23606,10893],[2,300],[-3,302],[4,277],[-2,109]],[[17218,47175],[6,47],[136,-2],[29,-14],[57,-1],[37,39],[-12,108],[-14,59],[4,57],[21,19],[24,54],[10,83],[17,42],[59,32],[2,84],[291,-184]],[[18052,47137],[-125,7],[-30,-12],[-29,-72],[-39,-47],[-4,-90],[-35,-68],[-11,-65],[-51,-31],[-255,0]],[[17473,46759],[-42,1],[2,154],[-28,79],[-49,58],[-54,26],[-51,45],[-33,53]],[[15144,35550],[-38,0],[-10,-75],[-67,2],[-38,19],[0,19],[-57,1],[-84,-87]],[[14850,35429],[7,92],[-25,1],[0,62],[-11,43]],[[15915,36558],[-2,-82],[40,-121],[19,-20]],[[15972,36335],[-46,-27]],[[15926,36308],[-52,-7],[-71,16],[-45,-5]],[[15758,36312],[10,125]],[[10219,30463],[6,79],[77,120]],[[16238,36623],[-53,-75],[-10,-48],[-37,-48],[-30,-69],[-26,-32]],[[16082,36351],[-110,-16]],[[3858,28092],[49,43],[-6,20],[35,27],[3,59],[69,26],[40,46],[61,38],[48,20],[34,104],[-5,58],[31,30],[-1,40],[31,67],[-14,24],[47,59],[34,23],[13,50],[56,24],[14,40],[57,55],[-3,37],[25,28],[17,54],[77,45],[64,14],[123,114],[120,81],[16,22],[46,123],[54,54],[59,100],[58,51],[36,-4],[57,-22],[38,54],[16,67],[8,87],[-5,122],[211,55],[115,72],[26,36],[37,24]],[[6701,29731],[-22,-17],[-11,-74]],[[5320,27093],[-18,-59],[36,-21],[3,-57],[-86,-4],[-16,-26],[-35,7],[-226,3]],[[4978,26936],[-24,279],[6,30],[178,394],[78,196],[6,36],[-44,42],[-104,52],[-96,131],[-57,57],[-90,58],[-91,-74],[-120,-123],[-57,-50],[-218,-163]],[[4345,27801],[-43,46],[-65,189],[-232,-62],[-28,-14],[-61,-59],[-59,-39],[1,230]],[[4978,26936],[-136,3],[-47,-15],[-48,-37],[-32,-12],[-85,-5],[-5,60],[-42,65],[-19,48],[-28,0],[-94,35],[-48,29],[-4,16],[-86,-46],[-8,21],[-54,41],[-61,34],[152,119],[22,22],[54,102],[228,200],[-28,39],[-8,49],[7,72],[-219,2],[-44,23]],[[13630,35235],[0,-29],[51,-5],[22,-70],[52,-10]],[[13742,34163],[104,107]],[[13846,34270],[45,-40],[108,76]],[[14096,34367],[34,-32],[65,-27]],[[14195,34308],[-77,-64],[-72,-21],[-60,-41],[-45,-45],[-6,-27]],[[13935,34110],[-82,-41],[-79,-54]],[[15482,35737],[38,-20],[17,-26],[100,-2]],[[15633,35638],[-52,-22],[-105,-82]],[[15476,35534],[-37,-59],[-62,-43]],[[15246,35395],[0,39],[-24,41],[-1,35]],[[15070,35288],[59,-3]],[[15080,35102],[-16,28],[6,158]],[[13992,35283],[-51,55],[-102,151],[-56,29]],[[13783,35518],[36,18],[30,38]],[[13616,35613],[54,-25],[77,-53],[36,-17]],[[3279,6661],[56,-8],[29,32],[96,16],[29,-25],[44,-73]],[[3524,6500],[-47,11],[-53,-62]],[[3424,6449],[-86,0]],[[3338,6449],[-15,54]],[[14494,32099],[86,-2],[7,-48],[19,-34],[58,-55]],[[3471,5756],[10,7]],[[3481,5763],[25,-29],[87,-57]],[[3587,5623],[-133,-8]],[[3454,5615],[-4,-1]],[[3450,5614],[1,51],[21,29],[-1,62]],[[3582,5571],[-10,-4]],[[3572,5567],[-124,-45]],[[3448,5522],[6,93]],[[3572,5567],[-9,-85]],[[3563,5482],[-114,14]],[[3449,5496],[-1,26]],[[3698,5583],[-16,-117]],[[3682,5466],[-119,16]],[[3700,5590],[89,-10]],[[3653,5348],[-9,-7]],[[3531,5354],[18,90],[14,38]],[[3531,5354],[-81,12]],[[3450,5366],[-58,16]],[[3392,5382],[58,50],[-1,64]],[[27010,11334],[-12,-11],[-3,-118]],[[26995,11205],[-102,18],[-124,3]],[[26769,11226],[6,96],[13,51],[48,66]],[[17783,42610],[78,-2],[-8,-99],[266,-387]],[[2783,5232],[1,-320]],[[3239,5507],[37,22],[6,94]],[[3282,5623],[94,-15],[74,6]],[[3448,5522],[-155,-54],[-21,-15]],[[3272,5453],[-35,2],[2,52]],[[2831,5847],[110,28],[26,-5],[119,-49]],[[3052,5631],[-61,-28],[-132,2]],[[2859,5605],[1,38],[27,2],[7,76]],[[2894,5721],[0,86],[-47,0],[-16,40]],[[2739,5968],[6,18],[3,276]],[[2748,6262],[251,-2]],[[2999,6260],[53,8],[40,-53],[55,-95]],[[3104,5959],[-17,-132]],[[3087,5825],[-57,46],[-61,70],[-27,13],[-154,8],[-49,6]],[[2484,5989],[205,-97]],[[2689,5892],[-21,-23]],[[2668,5869],[-20,3],[-107,-34],[-55,5]],[[2689,5892],[50,76]],[[2831,5847],[-66,10],[-76,35]],[[3265,5853],[35,-99]],[[3300,5754],[-10,-51]],[[2501,6258],[75,2]],[[2628,6260],[120,2]],[[26995,11205],[18,-3],[-3,-104]],[[27010,11098],[-77,-15],[-92,-73]],[[26841,11010],[-42,52],[-26,62],[-4,102]],[[27081,11326],[16,-45],[22,-29]],[[27152,11169],[-27,-37],[-24,0],[-33,27],[-33,-50]],[[27035,11109],[-25,-11]],[[8283,31881],[10,-48],[47,-60],[13,-55],[-7,-58]],[[8346,31660],[-33,2]],[[8313,31662],[-126,-9]],[[8417,16661],[-15,-13],[-58,-8],[-84,-30],[-45,6],[-91,-12],[-75,-53],[21,-21],[-36,-35],[-24,7],[-53,-11],[-43,45],[-63,-8],[-2,32],[-35,17],[-49,-9],[-27,12],[-64,-19],[-54,15],[-36,-12],[-25,18],[-33,70],[-8,52],[-59,20],[-33,76],[-30,4],[-55,32],[10,32],[-107,-1],[-71,26],[-43,-43],[-134,-85],[-125,36],[-7,-26],[25,-40],[-4,-22],[-32,-17],[-31,-58],[-41,-31],[-80,3],[-91,21],[-19,11],[-73,11],[-38,46],[-99,16],[-50,39],[-47,9],[-26,-36],[-38,31],[-78,-36],[-32,70],[-65,19],[-23,22],[-15,146],[-103,88],[-118,6],[-27,21],[-15,70],[-13,19],[-1,48],[-16,15]],[[5714,17246],[2,23],[28,37],[14,41],[24,21],[79,12],[47,38],[22,61],[69,62],[66,51]],[[4724,14264],[61,44],[24,2],[116,-188],[49,-45],[28,56],[9,69],[-8,81],[33,18],[44,-45],[54,130],[31,59],[57,71],[30,106],[-3,30],[-48,98],[-8,51],[7,26],[80,146],[30,68]],[[4948,13254],[-46,57],[-31,57],[-19,12],[-79,2],[-35,29],[-1,30],[37,26],[85,11],[51,39],[1,29],[-33,151],[7,32],[45,64],[52,121],[8,49],[-9,16],[-150,89],[-20,23],[-31,95],[-56,78]],[[3460,15871],[18,-23],[14,-53],[38,-33],[80,-44],[1,56],[-40,23],[-20,35],[17,77],[-22,56],[45,23],[58,-28],[34,18],[43,3],[3,33],[22,25],[-10,29],[27,15],[-7,44],[32,4],[35,54],[14,46],[0,69],[29,26],[-11,42],[14,13],[-19,45],[15,44],[50,4],[13,67],[27,-2],[17,31],[131,-59],[68,-14],[154,25],[225,-50]],[[4555,16472],[409,-86],[42,-18],[84,-58],[108,-147],[39,-22],[16,-121],[44,-145],[5,-34],[1,-179],[-5,-79],[3,-68],[-38,-49],[-16,-67],[-51,-47],[-20,-40],[-4,-43],[47,-9],[92,17],[33,-31],[47,-16]],[[4724,14264],[-52,50],[-33,9],[-213,30],[-42,23],[-23,40],[-35,24],[-113,33],[-149,92],[-62,14],[-112,85],[-43,77],[-34,44],[3,24],[63,0],[81,-38],[42,11],[7,47],[-38,56],[-49,25],[-84,-9],[-111,1]],[[3727,14902],[-91,39],[-106,75],[-59,69],[-9,47],[42,66],[8,44],[-61,91],[-25,54],[-23,93],[-5,100],[-33,71],[14,30],[73,14],[19,25],[1,85],[-12,66]],[[4872,16781],[8,-10],[67,7],[54,40],[30,11],[31,-15],[39,3],[39,18],[97,10],[43,28],[52,-1],[74,34],[75,9],[70,60],[42,19],[33,102],[20,28],[47,29],[22,61],[-1,32]],[[4555,16472],[12,9],[76,7],[71,-16],[68,-7],[28,123],[39,34],[-16,82],[39,77]],[[2341,5350],[0,1]],[[2341,5351],[-4,156],[2,100]],[[3183,4581],[62,-1],[17,21],[61,118],[85,0],[97,80]],[[3505,4799],[-111,-443]],[[3394,4356],[-35,22],[-25,55],[-65,26],[-29,24],[-57,98]],[[3389,4841],[36,-13],[17,21],[73,-13]],[[3515,4836],[-10,-37]],[[3183,4581],[-20,51]],[[14548,34319],[71,-11],[7,46],[66,1]],[[14572,34197],[-8,81],[-16,41]],[[14548,34319],[-33,55]],[[14302,34029],[23,24],[6,50],[-29,51],[1,80],[12,31],[37,40],[11,38]],[[14363,34343],[19,30],[51,38],[50,22]],[[14361,34056],[-7,-27],[-37,-19],[-15,19]],[[14850,34657],[41,22],[19,31],[82,64]],[[14992,34774],[73,37]],[[15261,34835],[-13,-21],[-43,-20],[-73,-49],[-71,-77],[-30,-21],[-17,-33],[-60,-21],[2,94],[-39,0],[0,-37],[-67,7]],[[20304,39219],[126,1],[42,20],[78,67],[38,4],[34,-18],[80,-1],[23,9],[4,54],[32,47],[81,68],[-40,47],[-36,63],[0,22],[-33,16]],[[20733,39618],[112,80],[53,49]],[[20898,39747],[146,207],[34,34],[25,51],[33,-18]],[[21136,40021],[26,-29]],[[21162,39992],[-3,-28],[25,-24],[-21,-26],[8,-32],[39,-55],[15,-6],[37,-54],[38,20],[21,33],[50,11]],[[21422,39444],[82,-55],[40,-58]],[[21544,39331],[-85,-65],[-38,-49],[-56,-26],[-146,-103],[-53,-53],[-33,-53],[-10,-36],[11,-86],[35,-64],[60,-65],[68,-85],[-12,-35],[-77,-23],[-29,-25],[-8,-29]],[[22183,40049],[62,38],[58,14],[103,-9],[18,-8],[95,-10],[38,-22],[25,-35],[23,-55],[14,-80],[31,-68],[59,-15],[87,42],[20,28],[-3,57],[-72,87],[-52,32]],[[23003,39568],[-28,15],[-63,-23],[-80,4],[-46,38],[-48,-2],[-43,18],[-37,44],[-100,54],[-45,13],[-169,-13]],[[22344,39716],[-74,10],[14,135],[-6,62],[-35,9]],[[22243,39932],[-68,24]],[[22175,39956],[21,26],[-45,29],[6,26]],[[22243,39932],[-194,-17],[13,-102]],[[22062,39813],[-131,121]],[[21931,39934],[113,20],[-13,25],[-46,19],[11,25],[79,-8],[66,-46],[34,-13]],[[21781,41989],[-86,-130],[-21,-42],[-44,-57],[-45,-92],[-86,-93],[-72,-102],[-84,-81],[-104,-107],[-49,-32],[-30,-32],[-28,-53],[-32,-26],[23,-52],[-24,-19],[-34,-53],[-52,-62],[-30,-25],[-99,-105]],[[20884,40826],[-53,-56]],[[20831,40770],[-84,-101],[-69,-20]],[[20486,41862],[355,-9],[-5,151]],[[3048,5352],[5,2]],[[3053,5354],[33,-97]],[[13137,45740],[60,8],[49,-12],[51,-24]],[[13297,45712],[65,-33]],[[13345,45460],[-9,19],[-69,29],[-68,-13],[-8,-76],[-73,0]],[[13118,45419],[4,152],[-157,4]],[[12965,45575],[2,150]],[[12811,45729],[1,61],[31,54]],[[12965,45575],[-2,-76],[-27,3],[-66,74],[-83,3]],[[12787,45579],[-9,29],[31,83],[2,38]],[[18470,27018],[178,-1],[158,3],[1,149],[154,-3],[-3,-147],[341,-3],[653,2],[76,5],[380,2],[73,-2],[250,6],[518,2]],[[19369,25705],[-32,39],[-118,50],[-117,149],[-11,28],[-59,72],[-69,11],[-68,86],[-86,170],[-83,108],[-26,43],[-32,76],[-35,105],[-35,51],[-14,62],[-57,143],[-24,89]],[[18503,26987],[-33,31]],[[18143,24321],[28,-44]],[[18171,24277],[76,-108],[52,-83],[56,-104],[54,12],[-34,43],[92,52],[36,37],[62,38],[18,20]],[[18583,24184],[89,101]],[[18672,24285],[0,-150],[23,-38],[47,-2],[8,-39],[-13,-53],[79,-267],[-24,-69]],[[18792,23667],[-54,28],[-80,2],[-28,-23],[-141,-1],[-3,-7]],[[18486,23666],[-87,-24],[-62,-9],[-74,3],[-11,-31],[33,-83],[-17,-33],[-24,-12],[-60,-5],[-33,-12]],[[18820,24716],[69,0],[31,15],[104,82],[54,31],[124,55],[34,8],[47,-10],[119,-78]],[[19402,24819],[-37,-103],[-73,-103]],[[19292,24613],[-45,-29],[-55,-60],[-63,-49],[-32,-61],[9,-59],[31,-17],[85,7],[85,-37],[21,-35],[-5,-25]],[[19323,24248],[-50,-65],[-38,-29],[1,-37],[-21,-8],[-69,43],[-45,96],[-19,28],[-35,16],[-34,-14],[0,-57],[40,-65],[8,-47],[-2,-58],[-22,-75],[-48,-105],[-59,-37],[-22,-27],[8,-32],[65,-36],[45,-69],[44,-113]],[[19070,23557],[-19,-62],[-26,-23],[-37,14],[-14,56],[-19,20],[-114,61],[-49,44]],[[18672,24285],[-5,50],[6,70],[29,64],[38,54],[38,29],[40,69],[2,95]],[[18465,24567],[50,21],[63,61]],[[18578,24649],[21,11],[177,62],[44,-6]],[[18583,24184],[-42,163],[-34,76],[-43,79],[1,65]],[[26630,10549],[33,4],[50,40],[46,25],[83,93],[13,59],[126,21],[-12,-45],[68,-1]],[[27037,10745],[-1,-50],[25,0],[10,-76],[77,-1],[7,-53],[67,25]],[[27257,10495],[-27,-2],[-66,-75],[-34,-19],[-17,-45],[3,-56],[-39,-44],[-20,-40],[-30,-22],[-80,-32],[-44,-34],[-6,-119],[-40,-10],[-41,75],[-61,92],[-33,6],[-29,52],[-34,27],[-15,65],[-19,29],[12,32],[-21,92],[32,38],[-18,44]],[[26769,11226],[-101,1],[-104,-34]],[[26564,11193],[0,96],[-44,22]],[[26520,11311],[0,207],[39,95],[0,73],[13,31]],[[27900,10433],[82,-15],[51,117],[-52,22],[-5,106],[-27,27],[31,62],[44,40],[-5,38],[198,-42],[45,3],[-13,128],[-48,26],[3,44],[-31,83],[-2,50],[73,71],[54,42],[43,81]],[[26150,11329],[90,15],[154,-1],[126,-32]],[[26564,11193],[-49,-25],[-146,-14],[-31,-19],[-46,2],[-4,-22]],[[26390,11023],[85,12],[54,-30],[31,1],[71,24],[0,-62],[33,-24],[63,-21],[114,87]],[[26841,11010],[95,-104]],[[26936,10906],[63,-56],[39,-16],[-1,-89]],[[26630,10549],[-32,-4],[-1,82],[-38,29],[-44,-42],[-66,-44],[14,45],[0,61],[-13,67],[52,34],[-21,76],[-17,9],[-48,58]],[[15658,35420],[-61,-3],[-38,8],[-15,33],[15,26],[-74,14],[-9,36]],[[14560,35475],[25,26],[81,117],[14,71]],[[14680,35689],[39,-1],[46,-20],[52,-39]],[[14850,35429],[26,-23],[0,-114]],[[14876,35292],[-53,4],[-4,-27]],[[14819,35269],[-30,23],[23,65],[-11,15],[-133,3],[-73,-26]],[[13846,34270],[-29,30],[27,32]],[[16705,46925],[13,-47]],[[16718,46878],[62,-218],[4,-38]],[[16781,46488],[-93,22],[-48,-6],[-6,-68],[-50,0]],[[16584,46436],[0,38],[-116,2],[2,76],[128,-3],[20,31],[23,120],[-6,73],[15,40],[-57,1],[-1,-37],[-38,0],[-1,-38],[-81,0],[1,37],[-77,0],[1,64]],[[19437,15214],[22,12],[51,62],[72,59],[38,19],[20,32],[-5,60],[40,50],[16,70],[91,68],[28,-35],[53,-47],[7,-60],[19,-45],[-9,-38],[-21,-14],[-16,-54],[11,-48],[-19,-50],[9,-41],[46,-83],[36,-13],[12,-24],[111,162],[36,-8],[29,-48],[69,0],[6,43]],[[20189,15243],[147,11],[150,2]],[[20486,15256],[17,-829],[-113,-1],[2,-76],[-336,-3],[0,-57]],[[20056,14290],[6,-519],[1,-354]],[[19139,14332],[-20,13],[36,131],[1,28],[-50,39],[-31,36],[215,260],[81,37],[136,14],[16,109],[-75,129],[-11,86]],[[17374,15345],[-1,300],[380,3]],[[17753,15648],[55,-44],[32,2],[84,45],[34,1],[56,-65],[33,-27],[19,-41],[39,-34],[14,-36],[26,-12],[42,-46],[78,-50],[28,-4],[41,-34],[-1,-32],[-22,-47],[-2,-31],[-70,-35],[46,-49],[-23,-31],[-28,-11],[-26,-32],[55,-66],[97,-33],[287,43],[11,84],[47,74],[3,85],[36,-3],[12,22],[123,31],[30,31],[2,22],[86,37],[26,27],[39,-2],[34,-93],[23,-32],[94,29],[64,8],[15,-19],[57,-3],[45,7],[42,-6]],[[19436,15278],[1,-64]],[[17376,14299],[-1,297],[-39,1],[-2,151],[42,-2],[-2,599]],[[19110,18886],[0,-33],[532,12],[444,2]],[[20086,18867],[16,-25],[33,-15],[2,-45],[33,-94],[-2,-51],[26,-54],[-6,-32],[42,-55],[-8,-55],[-15,-12],[22,-55],[-5,-66],[0,-120],[22,-94],[-10,-35],[-28,-22],[1,-53],[-20,-29],[7,-28],[-30,-56],[21,-36],[-27,-25],[0,-71],[-13,-70],[7,-50],[-23,-74],[29,-66],[-47,-87],[-47,-52],[6,-72],[-57,-43]],[[20015,17225],[-30,-11],[7,-36],[-63,-86],[-51,-43],[-26,-61],[-50,-45],[-41,66],[-17,51],[29,90],[46,68],[-66,-12],[-98,24],[-62,3],[-42,49],[-42,24],[-72,-4],[-41,-21],[-39,2],[-59,39],[-54,18],[-158,-1],[-98,-19],[-49,15],[-71,44]],[[18868,17379],[-76,9],[-121,48]],[[18671,17436],[19,163],[52,84],[6,74],[16,31],[45,45],[12,44],[25,38],[25,90],[-4,39],[8,79],[11,22],[102,68],[-8,75],[32,144],[-25,146],[1,30],[22,78],[-3,67],[21,42],[-9,42],[15,20],[76,29]],[[17830,17874],[23,45],[70,19],[90,32],[89,-27],[79,5],[42,-21],[64,11],[102,-46],[15,-20],[0,-41],[39,-102],[77,-51],[1,-111],[-28,-35],[76,-57],[102,-39]],[[18868,17379],[-21,-46],[-32,-30],[-36,-99],[4,-38],[23,-58],[2,-35],[30,-97],[4,-82],[21,-31],[76,-36],[52,-9],[44,-20],[11,-29],[-7,-42],[4,-78],[-9,-59],[201,1],[1,-106],[6,-16],[82,-113],[24,-64],[18,-15],[82,0],[1,-92],[-22,-100],[3,-346],[14,-169],[-11,-138],[3,-154]],[[17753,15648],[68,1],[2,304],[22,167],[2,175],[-5,428],[38,3],[0,150],[-38,0],[-1,595],[36,1],[0,40],[35,0],[0,75],[-38,0],[-1,37],[-34,0],[-9,250]],[[20015,17225],[0,-180],[450,5],[8,-154],[4,-191],[-4,-240],[2,-433],[2,-189],[-2,-118]],[[20475,15725],[-79,-26],[-35,-3],[-9,-84],[20,-47],[-26,-33],[-11,-38],[-54,-14],[-10,-40],[-39,-61],[-43,-23],[8,-37],[-14,-18],[6,-58]],[[18194,19740],[274,2],[263,5]],[[18731,19747],[367,3],[8,-151],[4,-713]],[[17830,17874],[1,48],[-1,803],[-5,123]],[[16190,49046],[388,-3],[11,-11],[15,-82],[20,-17],[119,0],[-2,-164],[1,-165]],[[16113,48835],[0,205],[77,6]],[[15161,47244],[-2,-76]],[[14968,48286],[-77,-17],[-33,0]],[[17369,48794],[0,251]],[[17540,49043],[271,-2],[27,-7],[-62,-90],[-14,-42],[41,-65],[4,-51],[-27,-67],[-11,-60]],[[15768,48067],[-283,2]],[[15485,48069],[4,226]],[[15484,47919],[1,150]],[[17425,46356],[8,29],[67,48],[11,24],[-4,85],[2,164],[-39,22],[3,31]],[[16082,47539],[20,-3]],[[16102,47536],[-1,-195]],[[16101,47341],[-237,-76]],[[15864,47265],[8,202],[2,140]],[[16612,46321],[-29,76],[1,39]],[[16783,45876],[-12,8]],[[17604,50182],[322,5],[56,-2],[292,8],[233,0],[523,-5]],[[19030,50188],[22,-64],[-3,-49],[-34,-45],[59,-10],[10,-30],[88,-50],[51,15],[2,-43],[19,-70],[67,-47],[41,4],[65,-68],[68,-16],[22,-85],[-18,-11],[30,-72],[-10,-28],[-43,-13],[-37,-29],[-55,17],[-13,60],[-26,4],[-44,85],[-61,12],[-17,43],[-24,13],[-64,-23],[-41,-45],[-55,-38],[-38,32],[-15,-24],[-71,18],[10,-73],[18,-46],[52,-30],[19,-49],[26,-35],[-66,-132],[-35,-9],[-58,2],[-16,-27],[-66,-43],[-16,-45],[3,-49],[-58,-98],[-38,-29],[52,-59],[-10,-25],[-6,-78],[88,-65],[23,-57],[-17,-75],[-15,-15],[60,-48],[32,-9]],[[16190,49275],[0,-229]],[[17204,47923],[88,-8],[-16,22],[-64,-2],[-36,9],[-30,27],[54,52],[5,29]],[[17218,47175],[-2,5]],[[17218,46323],[14,98],[-13,29],[40,26],[5,34],[-12,66]],[[15864,47265],[-71,-31],[-247,-116]],[[15548,47164],[-8,64],[11,32]],[[7189,47786],[-2,-151],[33,-1],[3,-149]],[[5708,20914],[64,3],[23,-20],[57,3],[50,37],[-1,22],[58,67],[47,18],[8,33],[43,72],[7,58],[24,18],[-43,124],[-22,95],[-31,109],[-6,84],[-17,69],[1,437],[-24,121],[-2,89],[92,4],[9,22],[84,-55],[58,-85],[78,-73],[94,-27],[145,-13],[320,-130],[81,-19]],[[6905,21977],[-3,-53],[-69,-180],[-23,-25],[-51,-21],[-22,-30],[-29,-76],[-50,-87],[130,-93],[59,-106],[57,-192],[9,-85],[13,-186],[34,-214],[37,-176]],[[6997,20453],[-41,10],[-100,-8],[-28,6],[-74,42],[-74,20],[-102,-20],[-39,23],[-57,15],[-74,1],[-41,38],[-10,53],[-44,12],[-11,25],[-49,-18],[-26,15],[-59,5],[-23,-33],[-65,-3]],[[6080,20636],[-32,-16],[-45,25],[-105,17],[-24,-38],[-33,3],[-32,27],[47,61],[37,69],[37,24],[47,70],[-27,8],[-52,-42],[-82,-9],[-119,1],[-15,30],[26,48]],[[5769,24576],[-16,-60],[56,-18],[-193,0],[0,-44]],[[5616,24454],[-25,8],[-18,36],[0,74],[-39,8]],[[5456,24724],[2,27],[71,125],[63,-12],[89,-4],[49,-15],[50,-64],[-53,-47],[-11,-44],[4,-86],[49,-28]],[[4784,22244],[62,10],[23,-24],[49,-24],[-20,-22],[31,-33],[22,14],[-12,44],[33,20],[74,-49],[7,29],[76,1],[27,45],[-22,37],[29,20],[19,-36],[50,22],[19,-21],[39,9],[21,58],[5,39],[38,0],[43,27],[-13,27],[-58,15],[8,21],[47,3],[20,24],[9,68],[33,42],[96,51],[35,-26],[55,12],[-6,34],[-42,24],[-37,34],[-49,79],[10,32],[25,18],[-14,59],[2,32],[130,235],[39,136],[44,352]],[[5731,23682],[4,22],[39,45],[37,29],[65,14],[34,-30],[55,-27],[51,5],[45,-15],[42,-98],[16,-73],[31,84],[-1,18],[30,48],[-30,76],[2,46],[30,-7],[165,1],[266,-4],[78,4]],[[6690,23820],[116,-76],[334,1],[0,-105],[-20,-105],[-5,-164],[4,-23],[75,-124],[9,-128],[11,-72],[-59,-128],[-161,-50],[-32,-6],[-92,-57],[-25,-22],[25,-37],[-9,-59],[-35,-11],[-38,-60],[-26,13],[-40,-23],[-22,24],[-22,-24],[7,-28],[63,-37],[25,-49],[-48,-35],[-91,-35],[-28,-45],[-8,-38],[40,-37],[77,-42],[168,-35],[20,-24],[2,-202]],[[5708,20914],[-64,52],[-105,14],[-9,22],[-65,15],[1,16],[-56,7],[-9,35],[-66,30],[-32,28],[-34,-13],[-31,24],[-17,43],[-47,-14],[-40,48],[-39,31],[-31,-8],[-28,49],[-48,-29],[-70,-57],[-4,-31],[-111,-53],[-15,-27],[-34,-13],[-33,39],[-78,31],[-53,-21],[-23,-22],[-32,-4],[-16,-37],[-42,-14],[-68,10],[-41,-27],[-8,-23],[-51,-12],[-39,14],[-112,-30],[-90,-12]],[[5769,24576],[16,8],[30,62]],[[6713,24193],[2,-153],[-25,-220]],[[5731,23682],[-40,-5],[-10,51],[-27,55],[2,551],[-5,38],[-35,82]],[[12829,24210],[31,25],[20,-39],[64,1],[-28,-82],[0,-35],[75,71],[49,15],[52,34],[12,51],[32,36],[1,19],[110,39],[118,33],[-9,24],[25,42],[-17,51],[7,45],[-21,11],[-21,105],[10,35],[-9,37],[-44,40],[44,70],[-5,27],[32,13],[42,53],[36,81],[88,-31],[53,-57],[44,50],[51,22],[41,4],[24,29],[-3,209],[82,18]],[[13815,25256],[45,-62],[-23,-23],[10,-61],[16,-17],[-21,-122],[-33,-17],[6,-26],[-26,-85],[32,-30]],[[13821,24813],[-26,-7],[-6,-31],[42,-12],[0,-65],[21,-43],[42,-46],[2,-62],[36,-22],[8,-27],[-10,-50],[55,-93],[19,-5],[-13,-48],[42,-41],[-13,-39],[-35,-6],[28,-35],[31,-11],[6,-42],[32,-21],[3,-40],[25,4],[-8,-52],[20,-61],[36,5],[21,-22],[21,-58],[-20,-41],[-35,-32],[-7,-48],[42,-4],[19,14],[43,-17]],[[14242,23755],[-17,-56],[-18,-24],[10,-24],[70,-55],[8,-57],[-29,-17],[-110,-3],[-35,-19],[-16,-73],[49,-115],[4,-54],[-9,-42],[-86,-48],[-72,-57],[-88,-84],[-104,-59],[-66,-23],[-99,-43],[-64,-10],[-56,13],[-51,40],[-58,87],[-29,27],[-43,12],[-69,7],[-161,46],[-41,22],[-71,74]],[[12991,23220],[-58,62],[-11,34]],[[12994,23640],[0,44],[-153,-1],[-3,181]],[[13693,26092],[-25,-42],[-6,-40],[28,-23],[-2,-28],[28,-11],[-20,-34],[-7,-51],[33,-44],[31,-90],[-18,-42],[14,-14],[-9,-40],[21,-18],[2,-103],[26,-37],[4,-73],[23,-51],[-16,-22],[20,-31],[-5,-42]],[[14242,23755],[47,-1],[74,-68],[116,-37],[29,-26],[-1,-33],[-26,-18],[-73,-7],[-41,-17],[-39,-32],[-6,-59],[21,-96],[30,-50],[59,-62],[32,-74],[25,-38],[104,-82],[70,-171],[0,-60],[-16,-32],[-50,-48]],[[13485,22620],[-100,109],[-180,172],[-21,16],[-112,58],[14,40],[-108,104],[-38,31],[51,70]],[[13039,22575],[-36,118],[-74,300],[1,49],[-39,62],[-63,253],[-23,56]],[[24934,23766],[25,0],[47,-41],[12,-50],[22,-5],[23,-42],[37,-9],[-15,-35],[42,-60],[18,-53],[38,-24],[13,-45],[76,-54],[54,-64],[-15,-23],[54,-48],[-6,-24],[54,-90],[17,-53],[52,13],[28,-32],[83,-30],[61,-63],[43,-23],[30,-48],[45,-18],[100,22],[48,-14],[13,-25],[75,9],[33,-30],[91,7],[8,31],[45,27],[33,-8],[88,15],[33,-10],[50,8],[18,23],[73,11],[29,25],[29,-2],[42,65],[3,19],[37,22],[52,12],[28,29],[-1,35],[36,39],[-13,58],[32,63]],[[26754,23276],[1,-90],[-5,-200],[-4,-495],[7,-570],[-2,-116],[5,-161]],[[23572,21627],[-65,100],[-73,77],[-37,58],[-35,88],[-71,61],[-25,78],[1,138],[19,55],[63,83],[16,99],[-22,68],[92,105],[26,57],[17,59],[35,37],[55,98],[28,6],[70,87]],[[24160,23730],[53,-20],[47,-31],[40,-58],[37,34],[25,-3],[54,-34],[22,7]],[[24438,23625],[-22,-31],[-4,-30],[16,-57],[69,3],[5,-41],[-34,-42],[9,-52]],[[24313,23811],[1,-50],[37,-44],[28,-3],[18,-25],[46,-16],[22,-29],[-27,-19]],[[21568,23564],[56,8],[61,69],[21,13],[65,-18],[42,12],[40,51],[-4,37],[-40,61],[-7,34],[26,59],[37,-2],[-2,-59],[37,-53],[50,4],[46,56],[-39,22],[-15,35],[20,21],[42,-4],[93,-51],[3,-29],[32,-47],[45,-1],[61,28]],[[24486,23752],[39,-13],[-37,-30],[25,-34],[-28,-41],[18,-27],[95,61]],[[24448,25386],[1,-144],[303,3],[2,-149],[287,-141],[312,-149],[103,-69],[138,-49]],[[25594,24688],[282,-139]],[[25876,24549],[-72,-127],[-58,-77],[-53,-57],[-60,-96],[-116,-110],[-41,-22],[-150,-30],[-130,-36],[-81,-32],[-90,-64],[-36,-38],[-121,-42]],[[23065,24137],[-22,52],[-80,-7],[-51,18],[-49,36],[-24,36],[-67,48]],[[25876,24549],[308,-150]],[[26184,24399],[81,-39],[390,3],[57,-1],[12,-173],[6,-190],[18,-364],[4,-176]],[[26752,23459],[2,-183]],[[20381,40414],[-22,-26],[-71,23],[-30,-4],[-63,-44],[-99,-85],[-173,-119],[-26,-29],[-47,-5],[-40,-24],[-68,-20],[-68,0],[-6,-56],[-49,-67],[-16,-44],[-40,-31],[-19,-36],[-72,-47],[-65,-94]],[[21170,40138],[4,12]],[[21174,40150],[84,42],[-26,26],[32,50],[42,26],[86,14],[31,14],[41,-5],[26,-56],[4,-40]],[[21494,40221],[-1,-7]],[[21493,40214],[-108,2],[-55,-16],[41,-41]],[[21371,40159],[-157,-6],[-44,-15]],[[14902,34879],[17,-15],[14,-50],[-4,-32]],[[14929,34782],[-33,-8],[-46,5],[-30,20]],[[14820,34799],[-1,6]],[[14819,34805],[-16,44]],[[14803,34849],[50,28],[49,2]],[[14380,34712],[0,-68]],[[14371,34480],[-43,-32],[-29,-4],[-31,21],[-32,-3],[-84,-57]],[[2653,29527],[-3,-96],[31,-57],[-1,-81],[13,-28],[87,-62],[-6,-38],[-63,-68],[-39,0],[-64,25],[-46,55],[-17,4],[-40,-35],[-5,-21],[18,-52],[42,-66],[89,-29],[9,-38],[-36,-73],[-38,-8],[-82,10],[-64,34],[-24,-6],[-10,-53],[-63,-53],[22,-70],[39,-34],[82,-29],[11,-13],[58,-182],[1,-152],[27,-70],[60,-30],[57,-74],[19,-11],[59,3],[19,-20],[6,-63],[-31,-73],[-75,-85],[-38,-4],[-59,10],[-33,-42],[31,-58],[66,-12],[74,27],[47,-49],[44,-14],[42,10],[24,63],[63,34],[42,-14],[67,-93],[22,-66],[42,-57],[61,-50],[48,-91],[33,-26],[26,0],[172,89]],[[3469,27545],[52,1],[46,-67],[31,-61],[1,-31],[-23,-49],[-36,-27],[-42,-76],[-31,-16],[-36,15],[-37,34],[-89,25],[-46,-7],[-59,-88],[5,-58],[23,-78],[-2,-80],[47,-112],[37,-36],[67,-47],[51,-69],[17,-54],[-24,-56],[-7,-51],[-100,-56],[-58,-19],[-57,5],[-44,-6]],[[917,26904],[47,494],[77,795],[6,84],[63,622],[59,580]],[[12229,32465],[82,1],[0,-38],[63,-1]],[[12374,32427],[15,0],[0,-301]],[[11536,31994],[-2,74],[-9,33],[24,39],[0,91],[87,110],[-12,50],[25,61],[72,8],[38,14],[57,-43],[73,28],[40,-19],[100,35],[74,-5],[94,-18],[32,13]],[[15070,35288],[-194,4]],[[14834,33730],[42,28],[24,61],[56,36]],[[14879,33567],[-17,81]],[[14862,33648],[-28,82]],[[4842,5028],[-12,-35],[15,-50],[45,-62],[5,-94],[-13,-89],[-6,-129],[36,-115],[43,-70],[18,-57],[9,-68]],[[4982,4259],[7,-68],[-31,-101],[-25,-43],[-1,-23]],[[4700,3551],[-18,-39],[3,-27],[27,-9],[79,-48],[35,-41],[30,-174],[18,-65],[33,-204],[11,-94],[25,-103],[39,-45],[402,-296],[30,-13]],[[8405,1373],[0,-492],[-428,-105],[-511,-139],[-200,-70],[-297,-28],[-321,-49],[-282,-54],[-187,-38],[-316,-57],[-266,-4],[-331,2],[-447,25],[-263,-13],[-141,-16],[-81,-3],[-58,15],[-142,-47],[-55,-96],[-38,-42],[-122,-100],[-82,-40]],[[15342,30287],[-381,-1],[-253,-3]],[[14902,34879],[50,22],[5,32],[28,2],[15,33],[55,32]],[[14992,34774],[-31,-12],[-32,20]],[[14850,34657],[-5,4]],[[14845,34661],[-18,52],[-7,86]],[[10307,31124],[-53,21],[-61,34],[-89,-6],[-29,18],[-54,9],[-47,-5],[-50,-40],[-50,-3],[-68,14],[-52,-5],[-43,29],[-61,21],[-30,-6],[-156,75],[-41,7],[-75,-12],[-51,10],[-24,46],[-127,-16]],[[8112,30714],[34,-5],[37,13],[39,37],[34,12],[81,7],[70,-36],[18,21],[35,-6],[21,24],[36,8],[11,41],[33,7],[77,-37],[51,11],[35,43]],[[8724,30854],[72,-112],[75,-91],[83,-175],[84,-254],[23,-30],[124,-72],[245,-77],[38,-7],[157,-6],[52,3],[49,-14],[168,-85],[63,-5],[37,-17],[69,-52],[107,-33]],[[7543,29618],[200,170],[25,37],[82,279],[24,53],[147,231],[21,48],[58,192],[12,86]],[[7784,30456],[43,42],[47,19],[18,22],[13,50],[70,12],[32,-4],[21,48],[27,-1],[31,61],[26,9]],[[7582,33395],[-39,51],[-171,123],[-4,24],[-47,98],[-41,143],[43,46],[-15,68],[6,79],[-24,50],[-90,6],[-76,81],[-24,43],[-55,41],[-32,48],[-25,63],[-8,52],[7,36],[-59,54],[-38,116],[-35,123],[-42,32],[38,28],[25,57],[-4,26],[44,83]],[[7695,31152],[95,31]],[[7921,31005],[-35,-196],[31,-12],[35,18],[23,-9],[83,-5],[60,4]],[[8118,30805],[-6,-91]],[[7471,32444],[-52,3],[-15,-24],[29,-85],[-15,-121],[11,-107],[-40,-42],[-8,-79]],[[6328,32400],[20,4],[21,37],[-58,48],[29,43],[-20,14],[-15,99],[-21,11],[10,92],[-24,35],[9,143],[27,18],[-44,58],[113,65],[22,6],[59,-24],[36,-63],[57,-39],[46,-45],[43,-26],[18,41],[2,63],[43,10],[21,27],[11,52],[-5,65],[-25,92],[29,27],[52,100],[63,56]],[[8338,31508],[72,-5],[39,-11],[100,23],[29,19],[45,2],[69,60]],[[8790,31372],[-96,13],[-121,7],[-59,-5],[-166,-42]],[[8348,31345],[4,40]],[[8352,31385],[-14,95]],[[8724,30854],[-11,17]],[[7705,32548],[67,-15],[100,-89],[7,-39],[35,-85],[18,-18]],[[7749,32054],[-102,127],[-16,89],[4,13]],[[8344,31310],[4,35]],[[8181,31078],[-2,-76],[-52,-141],[-9,-56]],[[11253,33122],[130,-1],[4,-226],[153,-1],[2,-150],[144,-5],[163,-1],[3,-157],[346,-1],[0,-56]],[[12198,32524],[-1,-58],[32,-1]],[[8340,31611],[144,5],[163,-8]],[[8338,31508],[2,103]],[[8147,31386],[19,11],[186,-12]],[[8157,31344],[-10,42]],[[5116,4226],[-68,12],[-26,16],[-40,5]],[[8147,31386],[9,34],[31,25]],[[8346,31660],[37,-2],[73,10]],[[8456,31668],[48,-3],[28,13]],[[8340,31611],[6,49]],[[8313,31662],[0,-47],[-50,6],[-26,-89]],[[5987,6094],[-7,147],[44,181],[50,79],[16,70],[81,96],[31,131],[-30,142]],[[6172,6940],[49,5],[139,3],[-3,201],[0,370],[-51,20],[-62,10]],[[6244,7549],[0,80],[32,1],[0,59],[35,33]],[[6311,7722],[32,7],[60,-24],[69,9],[78,-10],[63,-25],[55,-64],[143,-91],[45,-44],[81,3],[121,34],[71,3],[59,-8],[43,-23],[85,-4],[43,9],[21,-21]],[[7380,7473],[29,-41],[32,-20],[25,-57],[-17,-53],[7,-30],[81,-67],[15,-62],[97,-29],[24,-63],[7,-42],[70,-55],[93,-34],[44,-41],[42,-64],[6,-24],[69,-41],[57,-73],[54,-37],[9,-46],[27,-4],[21,-25],[-11,-64],[58,-84],[31,-30],[8,-122],[48,-74],[59,-48],[41,-16],[30,-31],[26,7],[27,-59],[30,-16],[35,-57],[172,-39],[34,-41],[8,-35],[31,-53],[60,-43],[51,-10],[21,-19],[80,11],[8,-23],[44,-23],[29,-43],[35,-20],[57,-4],[29,-51],[14,3],[70,-43],[59,-24],[35,-26],[5,-83],[27,-16],[1,-81],[51,-23],[8,-48],[-8,-23],[25,-63],[-11,-60],[16,-47],[1,-45],[-14,-31],[-14,-71],[16,-22],[-18,-66],[-79,-56],[2,-62],[-15,-12],[-8,-130],[-24,-32],[-14,-73]],[[4567,8025],[85,55],[75,35],[719,227],[73,21],[167,9],[42,9]],[[5728,8381],[38,-77],[11,-51],[146,-106],[41,-48],[37,-68],[41,-104]],[[6042,7927],[-40,-23],[-23,-40],[-2,-60],[55,-140],[-49,-22],[-23,-35],[-44,-17],[1,-70],[-12,-35]],[[5905,7485],[-38,-43],[-21,-87],[29,-12],[49,82],[23,20],[66,23],[101,8],[18,-40],[0,-102],[9,-66],[2,-194],[29,-134]],[[6042,7927],[37,23],[54,59],[45,77],[50,-2],[54,-35],[-11,-14],[168,-123],[-87,-88],[-45,-65],[4,-37]],[[6244,7549],[-47,13],[13,80],[-121,-61],[-184,-96]],[[4404,10544],[40,2],[64,-25],[77,16],[76,-7],[24,47],[-44,67],[-9,39],[16,72],[-12,102]],[[7551,9284],[-133,-50],[-51,-34],[-194,-157],[-116,-78],[-139,-123],[-163,-139],[-69,-50],[-98,-51],[-178,-71],[-64,-22],[-275,-65],[-193,-23],[-150,-40]],[[4567,8025],[14,51],[26,24],[55,24],[69,9],[101,58],[-13,77],[-23,35],[-86,40],[-21,18],[-27,103],[-20,24],[-40,19],[-45,7],[-68,-6],[-17,18],[35,73],[6,83],[26,36],[8,36],[-14,131],[-52,37],[-6,22],[52,49],[44,-4],[33,73],[-3,26],[-60,76],[-4,35],[37,50],[79,57],[31,52],[-4,137],[-28,51],[-35,16],[-92,-2],[-41,7]],[[7842,47471],[466,-13],[183,-3],[630,-17],[14,-12],[0,-55],[81,-83]],[[9216,47288],[-6,-25],[-80,-54],[-24,-38],[-63,-11],[-53,-38],[-10,-92],[28,-54],[60,-55],[-41,-56],[-1,-61],[37,-26],[-36,-32],[25,-50],[-8,-30],[-33,-22]],[[9011,46644],[-47,14],[-12,-25],[-38,-14],[-138,50],[-42,-14],[-29,-44],[16,-33],[40,-24],[10,-25],[-54,-16],[-11,-69],[-73,-41],[-32,5],[-27,-18],[-6,-29],[-39,-51],[2,-59],[-21,-61],[-47,-29],[0,-35],[-24,-6],[5,-36],[41,-7],[-24,-50],[41,-29],[0,-25],[-35,-57],[-30,6],[-34,-17],[-17,-95],[-34,-15],[-46,2]],[[8306,45797],[-450,10],[-176,2],[-232,10],[-63,-1]],[[5484,45863],[-586,13],[-193,1],[-300,12]],[[4405,45889],[-240,11],[-335,8],[-613,31],[-108,7],[-176,2]],[[2933,45948],[11,78],[31,276],[90,691],[34,238],[24,194],[18,228],[24,201],[53,466],[43,400],[24,266],[19,178]],[[9214,48209],[-20,-59],[22,-63],[-4,-33],[-43,-62],[-25,-56],[64,-6],[94,-57],[5,-26],[-14,-59],[-91,-77],[23,-76],[24,-37],[-25,-27],[-62,-13],[-8,-66],[-25,-34],[16,-23],[11,-81],[32,-17],[28,-49]],[[6613,43793],[54,-68],[60,-36],[24,-53],[1,-100],[119,-106],[31,-55],[-16,-53],[-38,-58],[-9,-74],[28,-65]],[[6226,43142],[-180,2]],[[6046,43144],[104,118],[43,74],[10,33],[22,139],[19,38],[38,45],[38,32],[72,-6],[26,13],[38,-11],[65,4],[4,91],[47,57],[41,22]],[[25751,42105],[41,-1],[181,28],[34,-18],[68,-60],[77,-90],[36,-122],[38,-74],[39,-18],[32,4],[18,71],[56,82],[37,33],[74,42],[118,41],[59,-28]],[[26659,41995],[72,-433],[61,-342],[11,-111],[71,-436],[118,-724],[8,-23],[62,-373]],[[27062,39553],[-77,1],[-2,-38],[-155,1],[-2,-37],[-561,-1]],[[26265,39479],[42,31],[36,52],[11,35],[-20,46],[-9,108],[-12,75],[-33,44],[-75,140],[7,99],[-24,33],[25,39],[-1,63],[-33,18],[-4,39],[21,40],[1,37],[34,73],[1,40],[45,49],[9,44],[-13,86],[9,21],[-5,54],[-36,66],[-49,46],[-24,42],[-1,32],[-112,15],[-92,27],[20,49],[-27,73],[-31,28],[-7,37],[19,32],[-22,55],[27,31],[-4,151],[17,66],[-17,44],[-5,85],[-41,24],[32,75],[-23,24],[2,39],[-73,-10],[-31,21],[-17,30],[-9,49],[29,44],[122,99],[-104,27],[-44,22],[-29,-3],[4,40]],[[24895,42249],[2,-41],[-29,-35],[20,-24],[-13,-29],[56,-11],[-4,-29],[40,-22],[-1,-47],[-63,4],[-36,-56]],[[23935,41755],[-54,10],[-57,124],[-38,107],[8,31],[64,84],[6,42],[-19,28],[-183,150],[-27,18],[-127,46],[-51,9]],[[23167,41071],[-7,431]],[[25319,41553],[66,6],[26,47],[-28,69],[-19,83],[-7,121],[26,47],[59,62],[41,32],[114,44],[118,38],[36,3]],[[26265,39479],[-52,0],[-5,-151],[-301,-10]],[[25907,39318],[5,151],[-306,21]],[[25606,39490],[-77,5]],[[18593,32750],[65,-6],[36,26],[30,-33],[47,-6],[41,9],[60,71],[-10,33],[63,32],[32,-13]],[[18957,32863],[-8,-43],[35,-45],[-21,-96],[-59,-84],[-84,-67],[32,-30],[6,-29],[39,-1],[51,-38],[-11,-48],[16,-84],[-17,-59],[34,-104],[-179,-1]],[[18791,32134],[-166,271],[-16,36],[54,16],[-77,92],[-17,36]],[[18569,32585],[48,34],[8,25],[-32,106]],[[17836,32082],[69,-18],[58,36],[36,60],[36,108],[-25,64],[-61,91],[-7,41],[12,32],[44,1],[60,-59],[34,-20],[67,-22],[51,-2],[98,28],[128,111],[121,47]],[[18557,32580],[12,5]],[[18791,32134],[162,-266]],[[18953,31868],[0,-1]],[[18953,31867],[-57,30],[-38,61],[-42,6],[-57,95],[-62,-7],[-23,-26],[-73,-18],[-55,-3],[-37,15],[-26,-25]],[[18483,31995],[-81,-48],[-89,-4],[-4,32],[-38,-6],[-55,29],[-30,-3],[-7,62],[21,60],[-78,-27],[-30,-36],[-92,-23],[-109,-11],[-69,14],[-44,-6],[-10,-84],[12,-53],[28,-70],[3,-51],[-30,-73],[3,-72],[-6,-35],[-75,51]],[[18953,31867],[102,-169],[9,-38],[-1,-88],[49,-6],[34,-18],[-1,-91]],[[19145,31457],[0,-22],[72,-47],[-20,-43],[-52,-21],[5,-158],[17,-22],[70,12],[60,31],[2,-89],[75,-19],[-1,37],[61,0]],[[19434,31116],[75,-54],[-14,-26],[27,-130]],[[19522,30906],[18,-90],[20,-166]],[[19560,30650],[-181,-4],[-337,-1],[-282,-5],[-349,-4],[-190,8]],[[18221,30644],[34,43],[85,126],[0,62],[40,122],[4,50],[106,0],[115,34],[161,-2],[-14,73],[-35,55],[7,45],[-29,19],[-181,-63],[-90,-8],[-76,0],[-155,-22],[2,173],[13,48],[84,59],[52,92],[22,-1],[56,34],[105,27],[77,3],[14,-22],[45,27],[-8,23],[28,38],[-23,24],[29,18],[4,32],[-25,41],[-48,37],[-54,28],[-24,-11],[-14,63],[-39,53],[-6,31]],[[18221,30644],[-264,-4],[-509,-4]],[[17448,30636],[24,57],[37,49],[34,22],[125,38],[42,31],[12,32],[-17,61],[-42,55],[-102,58],[-42,66],[-4,117],[-37,77],[-33,31],[-76,24],[-24,18],[-3,53]],[[20362,47774],[14,21],[31,111],[23,36],[104,68],[70,4],[28,30],[55,28],[29,2],[-11,140],[5,38],[147,470],[10,43],[51,328],[14,46],[71,128]],[[21003,49267],[40,-63],[-1,-94],[11,-66],[22,-74],[47,-108],[28,-20],[37,1],[57,-67],[71,-25],[70,-97],[48,-33],[66,-23],[61,-93],[19,-63],[-64,-97],[-38,-11],[19,-50],[-90,-67],[23,-72],[106,3],[2,-114],[12,-4],[195,33],[26,23],[-2,27],[64,35],[27,-34],[35,-18],[71,-13],[93,30],[4,21],[62,-2],[55,-63],[71,-20],[73,24],[25,-7],[36,-44],[-7,-83],[-16,-44],[39,-32],[80,4],[111,16],[58,-27],[-7,-56],[26,-33]],[[22668,47767],[-72,-62],[-72,-41],[-176,-134],[-207,-162]],[[22141,47368],[-80,33],[-122,64],[-79,73],[-15,51],[-70,149],[-16,13],[-139,33],[-29,2],[-31,31],[-47,-30],[-15,-22],[-53,-39],[-14,-42],[1,-128],[7,-76],[25,-57],[10,-74],[46,-51],[30,-106],[14,-30],[35,-136],[-25,-31],[-61,-11],[-40,26],[-65,-9],[-36,-40],[-56,-39]],[[21316,46922],[-79,37]],[[21237,46959],[-288,134],[-98,33],[-23,47],[-6,57],[-41,-78],[-116,-62]],[[20665,47090],[-25,34],[-45,106],[-29,1],[-29,21],[-32,52],[-25,19],[-19,49],[-2,41],[-45,39],[-42,60],[0,80],[-38,152],[28,30]],[[21179,50171],[525,-5],[723,-4],[151,1],[417,-5]],[[22995,50158],[32,-49],[66,-19],[20,-24],[11,-44],[66,-22],[51,-45],[8,-35],[50,-92],[12,-52],[18,-22],[83,-49],[51,1],[26,-12],[20,-39],[49,-41],[37,-60],[3,-24],[45,-23],[32,9],[32,-14],[31,-60],[71,-27]],[[23809,49415],[-62,-35],[-51,-45],[-264,-219],[-48,-60],[-178,-150],[-18,14],[-88,-27],[-40,-85],[-55,-36],[-6,-41],[-42,-41],[-16,-37],[-38,-25],[-52,-71],[99,-7],[49,-35],[190,-5],[-43,-65],[-288,-276],[-30,-37],[-138,-218],[-11,-125],[-11,-22]],[[21003,49267],[13,47],[34,264],[-11,71],[-63,76],[-9,40],[40,181],[16,39],[32,41],[60,57],[64,88]],[[20065,11377],[-2,-328],[4,-199]],[[20067,10850],[5,-136],[-3,-559]],[[16276,16614],[29,58],[-6,90],[15,79],[-19,63],[-44,62],[-12,70],[149,180],[-12,23],[-17,83],[0,41],[-21,79]],[[16327,17604],[32,-21],[97,-107],[38,18],[47,3],[53,125],[336,4],[-3,52],[36,15],[39,-12],[40,60],[-12,69],[17,48],[-9,55],[-3,121],[-20,37],[-17,66],[1,68],[17,37],[-9,53],[-47,42],[33,56],[53,105],[174,195],[111,145]],[[17374,15345],[-98,9],[-59,12],[-104,-3],[-100,9],[-46,18],[-264,59],[-29,3],[-191,3],[-50,-4],[-30,-14],[-124,-19],[-103,2]],[[16176,15420],[23,79],[42,45],[-2,39],[19,33],[11,58],[-21,21],[16,43],[36,10],[-15,79],[20,0],[1,89],[44,47],[-5,29],[-33,22],[-20,31],[26,58],[55,1],[39,21],[-14,48],[8,49],[29,35],[8,36],[28,41],[-42,115],[1,31],[-70,71],[-84,63]],[[15202,14287],[22,7],[66,55],[8,55],[-1,109],[15,47],[-14,62],[3,59],[-43,30],[-6,26],[19,87],[51,-16],[35,54],[32,4],[82,30],[-7,37],[26,58],[-15,27],[5,68],[-19,48],[-2,91],[28,70],[28,106],[-9,32],[14,24],[-2,71]],[[15518,15528],[70,1],[76,-35],[237,3],[88,-7],[127,-67],[60,-3]],[[16369,18841],[6,-47],[-17,-63],[-46,-27],[-49,-4],[-51,-48],[-22,-60],[-27,-24],[-19,-77],[0,-67],[-18,-100],[-41,-93],[-87,-113],[-14,-29]],[[15984,18089],[-110,10],[-121,-15],[-59,-22],[-65,-56],[-134,-76],[10,-30],[-46,-85],[-37,-55],[-7,-48],[-48,-125],[7,-21],[69,-73],[32,-58],[62,-23],[88,-9],[58,-34]],[[15683,17369],[-12,-35],[-24,-16],[-81,-15],[-40,-56],[-41,-38]],[[15485,17209],[-61,-29],[-65,-57],[-38,-59],[-39,-23],[-30,-61],[17,-45],[-80,-4],[-49,-26],[-17,-29],[-71,-29],[-47,-38],[-86,-21],[-28,4],[-121,56],[-20,91],[-52,-14],[-42,8],[-66,-9],[8,37],[-105,-41],[-51,-34],[-46,-18],[-77,-14],[-71,-31],[-50,4],[-240,-96],[-162,-74]],[[15485,17209],[17,-30],[36,-11],[84,-53],[27,-47],[53,3],[39,-34],[51,-3],[24,11],[66,2],[37,-66],[61,-35],[24,11],[64,-45],[4,-66],[65,-60],[44,-17],[-2,-38],[41,-78],[56,-39]],[[15518,15528],[-12,47],[-24,30],[-23,64],[8,26],[-35,57],[-22,-48],[-27,-34],[-16,55],[-56,41],[-97,-4],[-45,112],[-49,2],[-79,-153],[-48,-71],[-46,-54],[-58,54],[-27,57],[-22,16],[-50,5],[-68,105],[-57,9],[-52,-16],[-62,4],[-56,20],[-108,12],[-31,-3],[-66,-38],[-57,-70],[-40,-19],[-23,10],[-79,75],[-112,30],[-71,132],[-63,37],[-46,40]],[[13799,16058],[3,85],[1,246],[-5,79],[-2,189]],[[16095,17617],[34,50],[4,68],[-13,59],[-42,89],[-33,22],[-44,71],[-19,86],[2,27]],[[15683,17369],[97,-33],[74,14],[72,33],[-19,-105],[-32,-90],[19,-13],[68,-16],[62,16],[24,-10],[84,6],[28,74],[14,98],[73,85]],[[14394,14298],[-51,110],[-45,-9],[-80,46],[-11,38],[-34,8],[-28,33],[-1,74],[-28,125],[-43,5],[7,29],[-8,88],[-65,49],[17,16],[-34,66],[-37,16],[-2,68],[-26,58],[5,30],[-32,48],[3,46],[-39,11],[-9,33],[-28,32],[1,35],[-37,58],[-1,309],[-3,233],[14,105]],[[8345,25354],[298,55],[172,35],[-16,-93],[-19,-45],[-26,-17],[-13,-36],[69,0],[22,9],[129,110],[133,9],[8,116],[324,61],[338,2],[68,-30],[44,-37],[29,0],[21,-23],[21,-59],[23,-21],[78,100],[152,3],[0,-70],[121,0],[0,36],[69,0],[0,52],[60,-61],[82,-19],[91,-134],[71,-41],[25,-3],[33,32],[40,6],[-17,-79],[-2,-93],[12,-30],[60,-71]],[[10845,25018],[1,-26],[45,-32],[15,-44],[36,-43],[58,2],[102,-27],[-35,-38],[39,-9],[3,-31],[55,21],[56,-31],[58,22],[-2,-34],[-60,-9],[-2,-37],[41,-58],[5,-41],[-16,-49],[56,4],[43,-13],[-24,-88],[11,-39],[40,-10],[28,-27],[42,-19],[37,-44],[27,-54],[20,-3]],[[8804,22400],[-451,-3],[-4,364],[-8,386],[11,104],[-1,955]],[[16678,43939],[35,-7],[22,31],[99,46],[22,4],[35,-25],[36,4],[24,-45],[11,-73],[33,-15],[23,37],[49,36],[116,45],[48,11],[8,-26],[84,39],[32,32],[34,12]],[[17389,44045],[23,-33],[0,-30],[-26,-64],[39,-41],[2,-17],[42,-16],[69,-44],[43,15]],[[17461,43408],[-33,13],[-74,2],[-61,-14],[-32,4],[-57,26],[-103,16],[-70,-28],[-25,20],[-105,8],[-13,11],[-58,-20],[-88,24],[-40,-20],[-50,39]],[[16652,43489],[1,278],[25,172]],[[21798,19743],[9,-526],[4,-275],[-2,-63],[-69,-3],[-312,0]],[[21428,18876],[-728,-1],[-121,-6]],[[20579,18869],[-29,81],[-29,142],[-47,56],[-15,65],[-30,42],[-54,40],[-37,70],[1,49],[24,41],[6,91],[20,51],[3,73],[-22,91],[-1,68],[15,33],[-8,117],[-10,59],[10,76],[27,69],[-3,76],[-50,120],[-41,38],[-17,36],[-60,75],[1,59],[-14,35]],[[7697,8833],[20,-106],[26,-34],[11,-39],[-10,-27],[16,-76],[25,-46],[-1,-46],[-20,-43],[-4,-57],[-20,-37],[-18,-63],[-22,-41],[-28,-24],[-51,-122],[-2,-23],[-41,-91],[0,-24],[-26,-56],[-2,-32],[-56,-54],[1,-46],[13,-52],[-78,-73],[-9,-43],[-41,-105]],[[25153,12612],[-38,3],[-33,47],[-39,38],[-77,-12],[-4,95]],[[24598,13200],[-81,65],[-76,1],[-12,37]],[[23621,12552],[-1,275]],[[23620,12827],[-3,328],[-1,300],[8,452]],[[16995,8800],[-184,10],[-96,-2],[-520,-1],[-174,-3],[-310,-1]],[[15711,8803],[-2,61],[-102,0],[-1,629],[-4,640],[4,717]],[[21613,16834],[47,13],[40,25],[233,124],[34,72],[-38,48],[-54,91],[79,-25],[86,0]],[[22040,17182],[24,-69],[20,-119]],[[22084,16994],[4,-57],[29,-65],[-9,-108],[15,-93]],[[22123,16671],[5,-84],[19,-65],[-1,-48],[-130,0],[-35,24],[-133,3],[-54,22],[-63,45],[-39,51],[-38,168],[21,19],[-62,28]],[[14675,33839],[95,-50]],[[14770,33789],[64,-59]],[[14862,33648],[-124,-59],[-68,-36]],[[14371,34480],[-15,-88]],[[14356,34392],[-66,6],[-95,-90]],[[13747,34369],[73,86]],[[13742,34163],[-77,115]],[[13558,33943],[-14,-15],[-44,16]],[[13588,34526],[0,-40]],[[19863,22914],[29,63]],[[20086,22964],[-19,-139]],[[20067,22825],[-28,1],[-54,55],[-62,5],[-60,28]],[[17398,22781],[48,19],[12,67],[-25,92],[7,28],[49,27],[85,-26],[69,92],[56,50],[7,28],[-7,78],[30,77],[-19,80],[44,24]],[[18486,23666],[16,-13],[50,-164],[1,-65],[104,-83]],[[18564,23003],[-41,-10],[-35,20],[-19,51],[-36,-59],[-9,-37],[11,-53],[78,-159],[51,-67],[49,-33],[96,-28]],[[18709,22628],[32,-9]],[[18741,22619],[-40,-85]],[[18701,22534],[-21,-7],[-103,15],[-33,20],[-99,9],[-49,-11],[-32,26],[-47,-20],[-43,-32],[4,-49],[-13,-18],[-74,-38],[-70,-50],[-46,-22]],[[18075,22357],[-86,-20],[-62,4],[-92,-30],[-61,-52],[-34,-13],[-75,-11],[-41,-15],[-120,-59]],[[19070,23557],[29,23]],[[19099,23580],[5,-109],[90,82],[74,42]],[[19268,23595],[-18,-105],[-11,-29]],[[19570,22746],[132,-132]],[[19702,22614],[-55,-11]],[[19647,22603],[-45,-1]],[[19602,22602],[-163,0]],[[18701,22534],[-10,-89]],[[18691,22445],[-96,-9],[-330,-45],[-156,-25],[-34,-9]],[[19887,23396],[65,-6],[24,23],[40,-20],[101,6]],[[20117,23399],[-5,-64],[17,-53],[-17,-35],[-2,-41],[18,-32]],[[19921,23169],[-8,88]],[[19099,23580],[37,39],[19,62],[65,56],[23,49],[33,23],[88,-17],[22,-23],[59,-25],[18,-22],[28,-75],[38,-37]],[[19529,23610],[-192,-1],[-69,-14]],[[19323,24248],[29,-1],[34,-22],[78,28],[13,34],[-41,21],[-4,37],[19,12],[13,53],[52,-18],[54,-6],[30,-41],[84,-5],[-18,-78],[37,-13],[17,43],[30,-10],[72,-99],[-41,-10],[-19,-35],[-2,-45],[16,-26],[48,-3],[45,60],[29,1]],[[19898,24125],[11,-24],[1,-57],[24,-44],[46,-60],[15,-45],[32,-6],[59,52],[22,-1],[31,-57],[36,-23],[-6,-27],[-63,-36],[-43,-12],[-7,-27],[22,-27]],[[20078,23731],[1,-54],[56,-19],[-12,-35],[35,-40],[-18,-51],[1,-41],[-65,-22],[31,-22],[10,-48]],[[19522,23445],[-5,59],[12,106]],[[20579,18869],[-493,-2]],[[18731,19747],[47,92],[31,81],[96,67],[5,40],[34,41],[1,184],[-16,86],[53,129],[35,30],[143,8],[65,32],[30,0],[18,32],[31,14],[44,-8]],[[26390,25064],[79,-30],[42,10],[66,-3],[38,8],[81,42],[15,26],[-2,152]],[[26709,25269],[46,0],[29,-12],[100,-100],[89,-45],[107,-66],[51,0],[63,29],[114,23]],[[27308,25098],[122,-28],[111,-35],[62,-27],[42,-32],[53,-14],[53,4],[113,-23],[79,20],[-18,51]],[[27925,25014],[74,16]],[[27999,25030],[82,6],[83,20],[27,18],[39,60]],[[28230,25134],[29,-2],[42,-59],[25,-51],[10,-54],[-4,-84],[-10,-52],[-2,-77],[9,-44]],[[28329,24711],[8,-38],[-8,-121],[-14,-61],[13,-43],[43,-66],[34,-120],[33,-96],[67,-83]],[[28505,24083],[-538,-10],[-332,-6]],[[27635,24067],[-24,62],[-51,211],[-7,80],[8,77],[-16,141],[-261,-41],[-65,-4],[-15,16],[46,64],[58,136],[-9,46],[-53,-29],[-27,20],[-70,19],[-49,66],[-32,-25],[-59,-5],[-19,43],[-56,31],[-54,-27],[-22,-22],[-33,19],[-25,40],[-23,-19],[-53,27],[-12,-13],[-15,-62],[-42,-38],[-32,-6],[-107,1],[-24,18],[-27,-13],[-41,33],[-21,-24],[-37,-14],[-23,15]],[[26343,24890],[-18,16],[8,47],[51,87],[6,24]],[[8797,26725],[60,-22],[4,-22],[67,-62],[56,1],[27,-10],[77,24],[14,13],[106,-2],[-11,-67],[40,-87],[37,-16],[27,-63],[94,-3],[55,91],[95,27],[156,-5],[6,-66],[19,-45],[82,-52],[40,-8],[15,-26],[36,-24],[52,-59],[38,-76],[12,-56],[35,-5],[27,-58],[55,-72],[-4,-31],[15,-78],[30,-93],[72,38],[71,2],[71,24],[89,81],[39,58],[61,55],[13,25],[38,11],[111,63],[117,3]],[[10841,26133],[26,-82],[-36,-36],[-40,-11],[10,-48],[-52,-3],[-33,-52],[-4,-26],[39,-90],[73,-25],[35,-55],[40,-7],[11,-23],[-18,-92],[32,-25],[16,-34],[2,-58],[42,-26],[50,-47],[17,-30],[-18,-76],[-53,-20],[7,-20],[-38,-18],[9,-30],[-19,-28],[10,-28],[-33,-67],[-51,-2],[-20,-56]],[[11097,27863],[0,-72],[-62,-44],[1,-26],[-136,-80],[-17,-44],[-29,0],[-4,71],[-45,-2],[4,-30],[-46,-15],[-14,-41],[46,-18],[2,-25],[37,-15],[-56,-47],[-40,-8],[-43,-41],[-11,-24],[-44,-11],[-4,-56],[-77,-94],[-4,-29],[20,-49],[31,5],[40,27],[21,-56],[-23,-25],[21,-41],[-12,-46],[48,-66],[-16,-30],[9,-23],[-14,-42],[-45,4],[0,-124],[12,-43],[37,7],[52,-15],[-14,-54],[72,-19],[36,-30],[41,-56],[30,17],[22,-9],[-21,-49],[10,-47],[-10,-47],[-23,-30],[-42,3],[18,-54],[-45,-5],[-20,-40],[45,-38],[12,-64],[-6,-40]],[[26553,25904],[55,-26],[21,-25],[31,0],[13,-22],[49,-4],[15,-69],[-54,-51],[-58,-32]],[[26625,25675],[-14,32],[-33,19],[-107,0],[-29,10]],[[28329,24711],[108,9],[10,11],[86,-8],[43,-42],[97,52],[96,3],[60,16],[68,-108],[-10,-41],[33,-29],[7,-48],[20,-33]],[[29117,24092],[-612,-9]],[[29729,24323],[85,1]],[[29814,24324],[108,-12],[44,13],[26,36],[48,35]],[[30040,24396],[4,-128]],[[30044,24268],[7,-156]],[[30051,24112],[-171,-4]],[[29880,24108],[-150,-6]],[[29730,24102],[-1,221]],[[26512,26778],[-20,-42],[-54,-19],[-37,-30],[-108,-9],[-27,-21],[33,-44],[24,-5],[30,-38],[15,-45],[-26,-69],[-49,22],[-39,3],[-64,31],[73,-126],[12,-54],[-55,-3],[1,-21],[-56,-39],[-65,-20],[1,-143],[-43,-2],[-19,66],[-32,51],[-23,16],[-37,67],[-60,-13],[-79,-71],[-11,-21],[-66,-56],[-25,11],[-73,60],[12,29],[-1,64],[-23,-16],[-52,30],[-31,-22],[-46,23],[-35,-60],[-64,-53],[-41,-21],[-5,-31],[37,-43],[20,-46],[33,-19],[-23,-47],[6,-53],[44,-36],[-42,-50],[-15,18],[-75,-73],[40,-41],[25,-62],[-29,-17],[-90,-20],[-33,-17],[-11,-34],[21,-70],[-9,-37],[-40,-48],[105,6],[170,-50],[172,-8],[155,23]],[[25808,25433],[-4,-125],[-17,-65],[-27,-49],[-4,-89],[21,0]],[[25777,25105],[-39,-24],[-10,-22],[-45,-26],[-6,-49],[-16,-18],[45,-144],[9,-59],[-36,-31]],[[25679,24732],[-85,-44]],[[26436,25221],[173,160]],[[26609,25381],[192,100]],[[26801,25481],[187,94]],[[26988,25575],[-6,-22],[8,-97],[-13,-23],[-83,-39],[-111,-21],[-38,-55],[-33,-27],[-3,-22]],[[26390,25064],[1,72],[45,85]],[[25777,25105],[74,2],[31,13],[52,44],[52,65]],[[25986,25229],[87,-82],[-38,-10],[-16,-25],[63,-31],[5,-56],[-57,-20],[20,-34]],[[26050,24971],[-66,-35],[-141,-118],[-164,-86]],[[26630,25658],[47,20],[177,54]],[[26854,25732],[173,50]],[[27027,25782],[2,-17],[75,-20],[18,-22],[-40,-51],[-74,-9],[27,-63]],[[27035,25600],[-47,-25]],[[26801,25481],[-22,39],[-19,-43],[-28,-22],[-23,11],[-19,40],[-23,13],[38,53],[10,44],[-67,5],[-18,37]],[[27377,25605],[201,-149],[28,-50],[0,-76],[7,-32],[33,-37],[124,-78],[130,-123],[25,-46]],[[27308,25098],[3,164],[-7,178],[0,134],[64,0],[9,31]],[[27035,25600],[261,158]],[[27296,25758],[7,-87],[74,-66]],[[26625,25675],[5,-17]],[[26630,25658],[-146,-65]],[[26484,25593],[-47,-21]],[[26437,25572],[-18,22],[-69,14]],[[26591,26777],[9,-23],[71,-2],[17,-29],[-11,-40],[41,-60],[29,-72]],[[26747,26551],[-18,-82],[-48,-84],[-5,-46],[-36,-64],[-21,-65],[-4,-53],[-27,-38],[8,-67]],[[25824,25435],[-16,-2]],[[26050,24971],[70,33]],[[26120,25004],[56,30],[132,96]],[[26308,25130],[128,91]],[[26343,24890],[-95,-52],[-47,-72],[-24,-77],[23,-41],[-26,-39],[29,-73],[11,-53],[-22,-27],[-8,-57]],[[26747,26551],[46,-39],[64,-30],[72,-12],[60,-54],[15,-26],[4,-77],[23,-50],[-2,-39],[14,-59],[40,-52],[-6,-53]],[[27077,26060],[-8,-26],[12,-48],[-21,-66],[-76,11],[2,-80],[-8,-30],[59,3],[-10,-42]],[[26854,25732],[-17,12],[-10,54],[16,45],[-21,51],[-82,24],[-91,60],[-44,21]],[[26191,25196],[36,46],[41,28]],[[26268,25270],[7,-17],[0,-90],[33,-33]],[[26120,25004],[50,113],[21,79]],[[26609,25381],[-18,33]],[[26591,25414],[-1,46],[-29,20],[-80,2]],[[26481,25482],[3,111]],[[28230,25134],[18,61],[28,56],[18,85],[-3,34],[16,23],[57,13],[76,-17],[37,18]],[[28477,25407],[108,-27],[54,-5],[147,2],[32,-10],[135,-75],[43,-15],[106,-18],[162,-74],[77,-42],[149,-113]],[[29490,25030],[-9,-13],[66,-89],[28,-51]],[[29581,24859],[-111,-10],[-23,-77],[32,-58]],[[29479,24714],[-1,-66],[-44,-4],[-44,-65],[-66,-5],[-71,12],[-10,-11],[1,-68],[19,-52],[-16,-26]],[[28800,26937],[584,8]],[[29384,26945],[65,-46],[44,-1],[52,-21],[30,-44],[2,-30],[-28,-58],[-42,-48],[-14,-77],[35,-50],[-12,-37],[28,-157],[14,-44]],[[29558,26332],[-66,-6],[-28,10],[-40,64],[-36,-1],[-48,-39],[-33,9],[-35,-7]],[[29272,26362],[-52,-22],[-44,8],[-35,19],[-116,-48],[-62,-10],[-15,-12]],[[28948,26297],[-57,46],[-94,116],[-2,33],[32,71],[2,33],[-23,114],[-35,47],[3,74],[26,106]],[[28216,26932],[157,-1],[184,3]],[[28557,26934],[243,3]],[[28948,26297],[-44,5],[-45,-13],[-33,-50],[-67,-45],[-60,-27],[-27,-28],[-47,-18],[-60,-52],[-44,-17],[-14,-63]],[[28507,25989],[-14,24],[-10,148],[-19,82],[-47,49],[-76,44],[-8,76],[-53,65],[43,126],[-3,47],[-33,93],[-74,82],[3,107]],[[25967,25456],[-7,-96],[29,-69],[29,-28]],[[26018,25263],[-32,-34]],[[29272,26362],[26,-84],[-14,-133],[-19,-69],[0,-143],[9,-32],[41,-78],[62,-131],[74,-78],[17,-26],[58,-135],[14,-68],[27,-43],[7,-34],[-9,-85],[-44,-114],[-6,-43],[-25,-36]],[[28477,25407],[-71,50],[-9,61],[-30,30],[-3,73],[37,46],[0,85],[53,26],[35,-18],[41,0],[47,36],[-13,83],[-29,41],[-28,69]],[[29558,26332],[26,-42],[81,-45],[42,-38],[41,-55],[6,-57],[40,-69],[-11,-22],[-76,-38],[-62,-73],[38,-51],[14,-50],[69,-12],[59,27],[12,-44],[-28,-35],[-31,-17],[-5,-23],[31,-54],[45,-38],[13,-63],[1,-57],[24,-73],[94,-190],[29,-2],[59,-53],[3,-28],[58,-63],[42,-36],[6,-41],[44,-17],[43,-41]],[[27253,26777],[508,4],[231,0]],[[27992,26781],[3,-47],[-20,-132],[11,-59],[-5,-177],[2,-222],[-72,-35],[-32,-39],[-51,-31],[54,-37],[29,-33],[18,-115],[41,-45],[22,-67],[-1,-42],[-27,-6],[-48,-64],[-96,-69],[-46,-160],[12,-26],[-22,-63],[20,-7],[41,-54],[85,-48],[72,-72],[-7,-59],[24,-42]],[[27296,25758],[128,78],[38,35],[82,144],[50,79],[-41,21],[-71,14]],[[27482,26129],[52,7],[48,20],[43,31],[48,78],[-30,53],[-33,26],[-59,69],[-52,71],[-60,64],[-51,12],[-43,-38],[-37,1],[-18,39],[-46,65],[-163,152]],[[27992,26781],[72,0],[1,150],[151,1]],[[26361,25416],[144,1],[86,-3]],[[26436,25221],[-18,30],[-11,74],[-24,32],[-22,59]],[[29782,24527],[60,-10],[135,-48],[27,0]],[[30038,24430],[2,-34]],[[29814,24324],[-26,39],[-6,164]],[[26018,25263],[101,85]],[[26119,25348],[28,-62],[13,-55],[31,-35]],[[26256,25531],[76,0]],[[26332,25531],[0,-35]],[[26332,25496],[-76,-2]],[[26256,25494],[0,37]],[[26268,25270],[37,42],[23,60],[4,43]],[[26332,25415],[29,1]],[[26332,25531],[105,41]],[[26481,25482],[0,-8],[-149,-4]],[[26332,25470],[0,26]],[[29639,24392],[56,-35],[34,-34]],[[29730,24102],[-27,0]],[[26256,25494],[-113,-4],[0,35]],[[16102,47536],[147,0]],[[15080,35102],[-12,-7]],[[15068,35095],[-53,4],[-191,78]],[[14800,35185],[0,70],[19,14]],[[14645,33854],[-40,11],[-143,5],[-38,16],[-68,-10]],[[7497,20586],[-149,27],[-120,11],[-130,0],[-34,-37],[-67,-134]],[[13264,45000],[12,14]],[[13459,44393],[-43,-21],[-55,-77],[-116,-124],[-72,-43]],[[13173,44128],[-38,36],[7,79],[-11,34],[-34,47],[56,24],[-8,25],[-66,56]],[[13079,44429],[-21,20],[39,22],[43,85],[-10,15],[-58,-23],[-29,41],[15,27],[-12,32],[41,46],[4,25],[41,-6],[74,13],[4,15],[-64,45],[28,37],[-25,11],[-27,-32],[-21,40],[-45,47],[23,19],[48,-2],[-17,65],[53,-20],[80,13],[21,36]],[[14146,44666],[-3,-101]],[[14143,44565],[-7,-299],[-37,-4],[-14,-33],[-137,-5],[-60,-67],[-10,-21],[-69,-3],[-76,13],[27,-40],[-18,-54],[-62,4],[-68,-58],[-27,17],[-10,53],[-81,-20],[-9,-52],[-28,-22],[-61,52],[-44,-1],[28,-45],[-101,4],[-4,40],[-20,8],[-86,2],[19,64],[-15,30]],[[14116,40330],[26,99],[2,62]],[[14144,40491],[2,356]],[[14279,40903],[68,-33],[71,1],[47,-12],[90,7],[57,23],[50,-9],[69,-34],[177,-3],[19,32],[66,42],[154,-1],[0,-43],[25,-37],[35,9],[20,-39],[49,-16]],[[15276,40790],[4,-6]],[[15280,40784],[-14,-24],[-161,-104],[-87,-77],[-56,-40],[-144,-94],[-24,-25],[-79,-126],[-30,-30],[-21,-96],[-85,-46],[-155,-13],[-54,36],[-57,-9],[-31,16],[34,52],[8,68],[-31,-17],[-45,0],[-31,50],[-50,46],[-51,-21]],[[24318,38424],[41,55],[57,32],[41,13],[68,43],[44,7],[191,90],[-42,35],[-19,33],[-2,48],[45,92],[35,49]],[[24777,38921],[128,27],[66,37],[92,109],[49,23],[88,16],[57,27],[44,6],[259,291],[46,33]],[[25907,39318],[-21,-541],[-611,6],[0,-154],[-310,11],[2,-305]],[[24330,38325],[-19,52],[7,47]],[[23215,36689],[115,-10]],[[23330,36679],[-7,-32],[-32,-57],[6,-147]],[[23297,36443],[-75,0]],[[23222,36443],[-14,68]],[[17828,28027],[47,-25],[33,7],[19,69],[34,6],[57,-20],[48,-2],[83,9],[-9,42],[8,74],[21,16],[47,-4],[32,-16],[20,-35],[25,-2],[53,34],[44,0],[71,-27],[13,31],[83,40],[59,-84],[33,-17],[51,-2],[57,20],[34,-10],[25,14],[31,50],[31,-17],[36,2],[20,45],[29,-11],[31,24],[-26,46],[14,38],[-23,38],[19,18],[54,-3],[9,67],[45,42],[6,21],[51,33],[11,24],[63,-3],[21,63],[37,6],[-2,34],[48,11],[23,33],[57,12],[-4,46],[76,15],[1,37],[64,63],[15,52],[52,24],[17,50],[86,-11],[46,-21],[13,-22],[45,10],[-20,-43],[47,10],[14,53],[72,46],[19,-22],[76,-34],[83,64]],[[20103,29035],[103,-71],[34,10],[72,-41],[56,-4],[-7,-25],[58,-17],[50,24],[36,-45],[-22,-69],[79,-83],[58,-13],[2,-46],[76,-80],[48,73],[34,32],[87,5],[88,-23],[10,22],[40,25],[55,-5],[71,5],[-43,-71],[31,-6],[14,-26],[94,-2],[33,14],[97,-3],[35,11],[24,-10],[57,13],[65,-13],[23,-36],[50,-6],[64,19],[26,-21]],[[18470,27018],[-115,41],[-77,56],[-24,54],[-57,50],[-24,39],[-42,118],[-47,29],[-74,8],[-49,55],[-97,77],[-8,27],[30,35],[-33,30],[-48,-3],[-58,9],[-15,51],[-16,137]],[[17216,29783],[7,27],[-3,76],[4,121],[-21,41],[-16,87],[6,25],[72,47],[34,30],[17,34],[-9,42],[-32,63],[-12,83],[26,52],[137,86],[22,39]],[[19560,30650],[17,-3],[658,4]],[[21157,30654],[-36,-3],[1,-53],[-40,-7],[-13,-31],[11,-58],[20,-28],[-14,-66],[-45,11],[6,-50],[-36,-5],[-23,-27],[3,-32],[-28,-22],[-42,12],[-66,-50],[-55,3],[10,-38],[-17,-33],[-63,-36],[71,-17],[0,-19],[-34,-37],[-43,8],[18,-50],[-9,-49],[-49,-6],[17,-51],[-19,-17],[-53,-6],[16,-31],[-11,-19],[-49,-8],[20,-42],[-29,-33],[-19,-60],[-33,-24],[22,-24],[-17,-85],[-43,-29],[39,-37],[-45,-4],[-22,-17],[6,-30],[-65,-31],[-61,-56],[-41,5],[-11,31],[-49,-1],[-18,-45],[19,-18],[-48,-22],[4,-78],[-31,-1],[-20,-24],[15,-72],[30,-57],[-55,-47],[-30,-3]],[[21690,30504],[7,-930],[0,-256]],[[20475,15725],[75,47],[5,31],[37,19],[7,20],[50,15],[47,40],[-10,19],[31,27],[-4,24],[45,48],[-24,111],[63,30],[44,129],[-12,31],[-41,48],[-3,38],[47,8],[37,30],[64,97],[3,47],[60,46],[33,57],[47,46],[8,27]],[[21084,16760],[78,3],[55,-12],[26,17],[55,-16],[26,6],[45,36],[66,-11],[54,13],[45,30],[79,8]],[[22123,16671],[63,-47],[46,-60],[41,-32],[112,-130],[38,2]],[[22423,16404],[12,-18],[1,-60],[17,-56],[29,-54],[19,-164],[34,-73],[47,-62]],[[22582,15917],[8,-25],[-8,-83],[13,-35],[-37,-95],[9,-25],[-36,-32],[-55,-27],[-13,-33],[18,-43],[-40,-45],[2,-100],[-6,-80],[-21,-25]],[[22416,15269],[-645,4],[-36,-3],[-456,-3],[-599,-6],[-194,-5]],[[16878,46886],[-48,3],[-59,36]],[[16771,46925],[-5,247],[-12,56]],[[16754,47228],[-163,1]],[[12757,23510],[-4,171]],[[12634,23521],[57,16],[-2,106],[-6,37]],[[12805,23413],[-53,-24]],[[12752,23389],[-22,48],[-41,-19],[-39,6],[7,50],[-9,39]],[[12648,23513],[-14,8]],[[20342,22722],[226,5]],[[13342,40887],[21,-9],[66,16],[88,-16],[51,16],[32,-39],[5,-28],[41,8]],[[14144,40491],[-113,-110],[-84,-47],[-108,-112],[-132,-79],[-23,-21],[-40,-63],[-134,-124],[-41,-19],[-110,14],[-46,-1],[-39,-18],[-27,-27],[-26,-57]],[[13951,42512],[57,7],[86,-59],[45,-20],[68,-192],[33,-8],[80,23],[96,-56],[53,-1],[1,39],[42,112],[155,-2],[25,14]],[[14692,42369],[68,26],[20,-46],[29,-22],[9,-41],[-3,-115],[-39,-82],[-1,-34]],[[14775,42055],[-4,-235]],[[14771,41820],[-56,-9],[-59,11],[-130,-20],[2,54],[-11,92],[-27,35],[-44,-27],[-64,-25],[-17,-22],[-55,11],[-37,-19]],[[14116,40330],[-18,-78],[5,-71],[59,-140],[25,-99],[13,-89],[4,-78],[-7,-67],[-27,-95],[-49,-117],[-10,-60],[1,-54],[17,-154]],[[14775,42055],[142,-3],[16,37],[79,-6],[55,42],[32,49],[92,51],[114,22],[67,39],[77,54],[104,56],[3,161],[-24,23],[-2,44],[42,20],[48,41],[140,71],[54,0],[75,56]],[[15652,41709],[-64,12],[-626,92]],[[14962,41813],[-113,15],[-78,-8]],[[15156,43103],[58,0]],[[15214,43103],[72,-3],[311,-3],[352,-9]],[[14692,42369],[-32,118],[27,15],[-15,26],[8,55],[26,24],[-11,47],[55,-3],[42,-23],[46,3],[69,19],[9,102],[15,48],[60,35],[51,-5],[43,34],[35,-3],[31,58],[28,23],[-8,31],[9,67],[-19,12],[-5,51]],[[14350,41752],[39,-76]],[[14389,41676],[-12,-6],[45,-98],[10,-104],[26,-40],[-2,-124]],[[14456,41304],[-114,2]],[[14389,41676],[10,-9],[63,31],[35,-15],[47,-1],[34,-77],[69,-1]],[[14647,41604],[44,-18],[76,-1],[-2,-134],[-100,2],[20,-24],[1,-127],[-230,2]],[[14962,41813],[-31,-10],[38,-130],[52,-33],[17,-51],[-16,-16],[23,-110],[-3,-26],[-40,-11]],[[15002,41426],[-13,28],[-38,31],[11,35],[-24,65],[24,23],[-17,22],[-51,-1],[-16,54],[-20,25],[-61,-33],[-18,47],[-29,-3],[-10,-51],[-88,-39],[-5,-25]],[[22816,37187],[41,-123],[17,-26],[49,-35],[54,-14],[150,-31],[53,-31],[119,-129]],[[23299,36798],[-84,-109]],[[22845,36771],[-41,37]],[[22804,36808],[2,189],[-27,39],[0,114]],[[16419,39097],[21,46],[74,129],[91,81],[24,14],[23,-103],[-8,-33],[95,-19],[56,19],[27,45],[42,32],[-14,32],[-33,-12],[-41,3],[-14,38],[14,17],[39,1],[41,44],[25,62],[57,-19],[62,78],[0,58],[18,72],[-25,47],[13,30],[44,14],[31,-58],[30,-10],[64,-59],[112,111],[4,18]],[[17610,39387],[-91,-69],[-63,-27],[-51,-61],[-129,-214]],[[6080,20636],[2,-35],[40,-123],[0,-38],[-36,-92],[2,-120],[-29,-14],[-25,16],[-36,-13],[-63,7],[-76,-23],[-63,1],[-25,26],[-127,4],[-79,-58],[-65,-22],[-45,-26],[-30,10],[25,-85],[187,-126],[1,-60],[11,-72],[28,-1],[-3,-50],[21,-26],[-2,-33],[-24,-13],[2,-34],[-31,-21],[-48,5],[-18,21],[-37,-32],[-96,83],[-32,-11],[-47,16],[-11,-43],[58,1],[34,-27],[-3,-20],[54,-85],[37,-22],[7,-27],[63,-24],[22,-57],[25,-14],[-3,-41],[19,-29],[1,-33],[34,-23],[52,-9],[0,-23],[48,-10],[69,-60],[11,-35]],[[5879,19116],[-382,0],[-148,1],[-619,-7],[-520,0]],[[4210,19110],[-482,0],[-209,3]],[[13471,46118],[-43,-65],[-28,-30],[-66,2],[-4,-52]],[[13330,45973],[-157,0]],[[13173,45973],[3,129],[33,-5],[2,99],[-50,35],[46,45]],[[13264,45000],[-44,33],[-8,67],[-95,22],[-13,20]],[[13104,45142],[8,40],[6,237]],[[14726,45647],[-7,-23],[-67,17],[-90,5],[-12,-42],[6,-45],[20,-45],[-7,-82],[-54,23],[-3,-141],[-30,-31],[26,-128],[-1,-35],[-31,-52],[-9,-33],[-3,-91],[60,-41],[24,-37],[-62,-2],[-78,-60],[-14,-52],[-130,-77],[-3,-112]],[[14261,44563],[-118,2]],[[13362,45679],[8,29],[114,82],[62,11],[65,22],[54,27],[-26,46],[-10,53],[88,-23],[-74,74]],[[18741,22619],[82,-16]],[[18823,22603],[-14,-75],[-12,-171],[-13,-82],[-25,-86],[-49,-102],[-55,4],[31,60],[7,35],[-2,259]],[[24034,38493],[-81,-100],[-33,-46],[-61,-108],[-10,-67],[36,-1],[0,-97],[-13,-33],[0,-59]],[[23576,38083],[-50,19],[-27,41],[38,52],[75,26],[43,25],[-14,17],[-2,49],[20,63],[63,14],[110,37],[153,125],[57,19],[-8,-77]],[[23388,37255],[-53,-159],[10,-74],[-29,-77],[6,-103],[-23,-44]],[[23330,36679],[-6,105],[101,50],[1,-90],[-52,27],[-16,-54],[53,-43],[21,-3],[1,-49],[34,-46],[22,-54],[7,-45],[-12,-87]],[[23484,36390],[-29,-16],[-89,1]],[[23366,36375],[-69,-1],[0,69]],[[13001,34415],[67,-7]],[[13068,34408],[105,-41],[27,-34]],[[13015,34124],[-74,-5],[-37,6],[-54,-82]],[[13383,33785],[48,-32],[-24,-34]],[[13407,33719],[-81,-111]],[[13326,33608],[-65,43],[-33,10],[-18,-21]],[[13210,33640],[-52,51]],[[13407,33719],[98,-66]],[[13505,33653],[-34,-72],[2,-26]],[[13473,33555],[-38,-27]],[[13435,33528],[-109,80]],[[13646,33872],[-31,-54],[-12,-45],[-26,-15],[-19,-56],[-53,-49]],[[13435,33528],[-15,-64],[-48,-75],[-23,22],[-40,-11],[-28,46],[-44,29]],[[2707,43889],[50,-15],[37,19],[7,28],[41,19],[79,12],[-9,62],[13,32],[75,-43],[33,5],[60,-22],[8,-21],[59,-25],[28,3],[28,25],[54,-57],[46,-28],[22,-47],[42,16],[34,41],[67,-11],[9,19],[-6,106],[-57,38],[-26,33],[2,33],[37,13],[39,-2],[32,18],[19,59],[79,4],[49,22],[40,-32],[42,33],[6,24],[-27,52],[13,25],[-34,73],[38,17],[21,-32],[47,-41],[62,-22],[48,15],[4,-46],[96,-31],[-24,-30],[-36,-24],[24,-30],[81,-2],[86,30],[41,25],[62,18],[16,20],[-20,34],[-4,56],[36,3],[45,41],[70,-20],[89,40],[138,135],[17,-35],[-24,-45]],[[4611,44476],[21,-7],[71,-52],[43,-45],[44,-4],[-4,-33],[38,-41],[56,-14],[24,-40],[46,16],[-5,-36],[18,-34],[31,20],[77,-6],[-21,-26],[22,-17],[95,23],[28,-34],[-52,-17],[62,-42],[29,42],[24,-9],[21,-42]],[[5279,44078],[-25,-34],[19,-32],[10,-51],[40,-32],[21,-45],[-2,-37],[-91,-33],[-50,-72],[-102,-46],[-49,-49],[11,-37],[-20,-28],[-15,-51],[22,-38],[42,8],[23,-24],[-6,-39],[-30,-48],[33,-48],[39,30],[44,-1],[-7,-47],[51,-36],[-37,-49],[-5,-84]],[[5195,43155],[-501,13],[-462,15]],[[4232,43183],[-137,4],[-442,17],[-533,23],[-483,22]],[[2637,43249],[70,640]],[[6364,44790],[123,150]],[[6487,44940],[41,54]],[[6528,44994],[36,-35],[69,-26],[261,-5],[429,-13],[513,-15],[296,-7],[51,8],[31,-17],[13,-33],[72,-51]],[[8299,44800],[3,-18],[-5,-340]],[[8297,44442],[-29,-23],[-36,-70],[-29,-73],[1,-22],[-61,13],[-15,15],[-49,-16],[-59,16],[-26,-65],[-72,-9],[-149,-4],[-66,17],[-35,34],[-26,1],[-13,31],[-32,33],[4,31],[-50,20],[0,-35],[-29,-53],[-67,-7],[-41,-16],[-13,-40],[-54,-29],[-25,33],[-39,4],[-27,18],[-32,-32],[-52,-4],[-59,-109],[-28,-91],[-25,-26],[-55,-34],[-53,-6],[-34,-34],[-29,13],[-37,37],[-45,27],[-28,-18],[-63,16],[-122,4],[-37,19],[-47,-8]],[[6514,44000],[-42,29],[-74,74],[-81,6]],[[6317,44109],[-7,57],[21,92],[-1,462],[7,30],[27,40]],[[2770,44511],[98,-3],[102,-45],[85,46],[401,66],[45,4],[58,227],[31,47],[86,37],[151,153],[45,-5],[-19,-46],[53,19],[25,30],[24,-1],[36,28],[24,-1],[39,42],[59,-2],[37,89],[33,32],[67,-41],[21,-32],[34,-24],[40,-9],[68,23]],[[4413,45145],[73,-87],[76,-52],[42,-40],[78,20],[109,-5],[50,-16],[-24,-99],[0,-79],[-9,-25],[10,-44],[-20,-39],[-9,-56],[23,-38],[-12,-14],[-73,6],[-35,-39],[-26,-54],[-55,-8]],[[2707,43889],[63,622]],[[6511,45844],[-35,-78],[2,-165],[-28,-39]],[[6450,45562],[-96,22],[-19,-10],[-11,-73],[33,-45],[-24,-44],[-38,-30],[-87,-25],[-90,-55],[-47,-8],[20,-38],[-15,-47],[8,-23],[-23,-43],[-1,-99],[-9,-37],[30,-52],[-4,-43],[15,-17],[2,-99],[270,-6]],[[6317,44109],[-56,42],[-50,8],[-76,-4],[-49,18],[-59,-6],[-26,-15],[-86,-28],[-111,-19],[-91,-35],[-59,25],[-39,35],[-47,-10],[-75,-42],[-67,-15],[-36,6],[-66,-10],[-22,28],[-23,-9]],[[4413,45145],[-8,41],[21,20],[10,38],[43,77],[16,60],[32,1],[23,37],[2,29],[-43,6],[-53,27],[-31,73],[-60,34],[0,21],[41,75],[20,22],[-1,42],[21,15],[-46,67],[-8,35],[13,24]],[[8306,45797],[-2,-146],[0,-357]],[[8304,45294],[0,-287],[-5,-207]],[[6528,44994],[33,35],[78,69],[18,46],[-5,99],[25,180],[10,44],[21,28],[116,96],[39,50],[68,134],[16,56]],[[2770,44511],[20,210],[43,382],[100,845]],[[6487,44940],[-6,80],[49,113],[-27,11],[16,39],[-15,14],[0,90],[12,28],[1,76],[-39,1],[1,61],[-17,24],[-1,63],[-11,22]],[[13297,45712],[49,72],[3,78],[-19,76],[0,35]],[[12031,45733],[21,15],[96,-4],[34,36],[29,-30],[118,-10]],[[12329,45740],[482,-11]],[[12787,45579],[31,-59],[14,-52],[-6,-35],[14,-37],[-4,-93],[-38,-69],[-25,-8],[-44,-60],[-15,-51],[20,-34],[1,-38]],[[12735,45043],[-30,22],[-26,-49],[-29,-3],[-31,55],[18,40],[-29,32],[-27,7],[-69,-16],[-67,5],[-43,29],[-14,42],[-52,16],[-21,19],[-53,-25],[-51,18],[-35,-6],[-18,-51],[-83,-23],[-49,-61]],[[12026,45094],[4,301],[1,338]],[[15492,44727],[76,56],[87,53],[159,-5],[51,-45],[45,-21],[83,24],[36,25],[61,14],[201,-1],[97,31],[131,-5],[50,-6],[25,-18]],[[16594,44829],[26,-14],[141,-2],[32,-42]],[[16793,44771],[-24,-161],[-48,-355]],[[16721,44255],[-37,-9],[-24,-48],[-42,5],[-21,20],[-57,18],[-70,-21],[-68,-31],[-81,-13],[-41,-23],[-38,-70],[-23,14],[-44,67],[-34,-35],[-38,29],[-2,28],[-43,-13],[-41,7],[-11,-46],[-29,-4],[-36,-31],[-22,7],[-40,-20],[-31,15],[-60,-11],[-57,26],[-20,50],[10,39],[-29,40],[-10,41],[-26,23]],[[15656,44309],[-20,58],[15,18],[-13,43],[6,52],[-48,0],[0,42],[-66,23],[-46,6],[-26,24],[11,72],[38,46],[-15,34]],[[21815,17602],[101,70],[106,45],[37,-5],[18,30],[67,18],[68,46],[29,47],[29,16],[56,-1],[80,43],[35,7],[106,42],[20,-5]],[[22567,17955],[82,-48],[29,-9],[28,-31],[128,-37],[47,0],[29,12],[-1,-58],[-24,-12],[-43,-50],[-65,-33],[-67,-6],[-25,-72],[-27,-45],[14,-59],[-3,-92],[-22,-54],[69,-25],[5,-26],[-26,-61],[-55,-28],[-67,-61],[-19,-29]],[[22554,17131],[-24,15],[-53,68],[-107,7],[-153,-2]],[[22217,17219],[-155,2],[-26,4]],[[22036,17225],[-21,1],[3,45],[24,46],[-24,13],[-7,36],[-53,57],[-72,19],[-37,45],[-34,115]],[[22958,18875],[29,-84],[62,-103],[28,-77],[3,-29],[-26,-81],[37,-23],[-3,-29],[-61,-37],[-39,-3],[-20,-22],[-25,12],[-33,-34],[-27,7],[-13,-27],[-29,-1],[-16,-33],[-39,-18],[-18,-41],[-18,2],[-32,-33],[-33,-73],[-25,-8],[-52,-73],[0,-39],[-39,-32],[-2,-41]],[[21815,17602],[-34,-4],[-55,-56],[-20,-40],[-53,-17],[-16,-17],[-56,-9],[-51,22]],[[21530,17481],[-27,66],[3,21],[-24,52],[-15,78],[-16,12],[-41,97],[0,150],[51,50],[20,33],[27,16],[24,39],[29,92],[24,10],[23,128],[3,46],[-13,33],[-11,70],[14,43],[35,49],[-32,60],[-8,84],[-63,65],[-64,75],[-41,26]],[[21530,17481],[-50,-55],[0,-28],[-23,-37],[-48,-44],[-48,-22],[10,-30],[-11,-57],[9,-37],[-16,-42],[-36,-64],[1,-23],[-44,-18],[-13,-46],[-45,-17],[-86,-16],[-36,-59],[1,-44],[-17,-18],[6,-64]],[[24400,16533],[-25,57],[-64,72],[-29,24],[6,56],[-2,108],[-40,59],[-89,-3],[-37,7],[-65,39],[-76,4],[-26,-24],[-75,-22],[-12,-11],[-11,-59],[-56,-105],[-121,-76],[-105,-1],[-118,34],[-139,3],[-208,-32]],[[23108,16663],[-79,63],[-12,31],[-48,16],[-58,-1],[-43,23],[-57,50],[-24,46],[-4,98],[-66,55],[-1,30],[-52,3],[-34,29],[-76,25]],[[22582,15917],[26,78],[18,16],[39,75],[55,63],[19,56],[49,88],[67,60],[59,73],[34,29],[12,48],[31,67],[25,28],[47,26],[45,39]],[[23626,15259],[-755,5],[-455,5]],[[7095,48683],[-17,4],[-94,-64],[-30,3],[-39,-22]],[[6915,48604],[-30,145],[-80,-1],[-11,27],[7,42],[0,151],[80,-1],[-2,-150],[156,-1],[3,150]],[[14568,30280],[20,-41],[46,-61],[-4,-76],[11,-54],[44,-94],[39,-45],[24,-61],[17,-80],[51,-80],[58,-53],[27,-114],[20,-16],[62,3],[139,-41],[25,-114],[49,-154],[20,-33]],[[16688,27432],[39,-116],[70,-143],[132,-221],[106,-185],[117,-231]],[[16258,26529],[-242,-2]],[[18503,26987],[-371,0],[2,-447]],[[16276,28411],[-12,-31],[17,-108],[15,-46],[5,-67],[-6,-46],[-130,-2],[-38,90],[-1,83],[-22,54],[-100,-27],[-81,-38],[-12,-63],[51,-54],[58,-75],[126,-123],[28,-50]],[[13812,43133],[95,-3]],[[13907,43130],[338,-12],[911,-15]],[[15002,41426],[10,-108],[62,-32],[-16,-64],[54,-6],[29,-52],[38,51],[54,-25],[10,-21],[-19,-46],[-41,-21],[8,-23],[39,-6],[-31,-34],[6,-22],[45,-46],[-23,-63],[31,-43],[-18,-33],[36,-42]],[[15644,40562],[-11,37],[11,40],[-17,14],[-41,-7],[-38,97],[-53,-29],[-15,6],[10,66],[-35,2],[-33,23],[-48,-27],[-36,-44],[-33,12],[-25,32]],[[19133,33035],[45,38],[14,47],[54,39],[147,16],[60,-26],[79,33],[12,37],[42,1],[39,21],[32,-1],[11,29],[30,22],[59,19],[45,3],[23,-11],[57,-78],[61,11],[-3,19],[28,58],[34,18],[32,36],[15,39],[46,74],[16,38],[32,1],[63,43],[48,-7],[41,47],[-5,26],[-30,9],[18,34],[-17,36],[46,9],[10,25]],[[20343,33852],[90,4],[19,-47],[125,-39]],[[20577,33770],[43,-3],[39,-57],[-37,-37],[76,-51],[64,0],[102,-82],[-34,-28],[17,-24],[33,-5],[56,-60],[18,-6]],[[20249,31591],[-5,7],[15,27],[-43,51],[-85,27],[-55,-10],[-23,45],[9,35],[-36,4],[-17,66],[-71,-2],[-30,-15],[-108,5],[-18,19],[-7,46],[-35,13],[-19,33],[-92,7],[-58,14],[0,-30],[-34,-10],[-39,47],[-17,5]],[[19481,31975],[-14,30],[50,26],[9,41],[-15,16],[10,35],[-33,31],[-1,55],[-59,36],[-24,96],[-22,-14],[-57,76],[-11,56],[-58,53],[-43,22],[-37,-13],[-58,0],[-2,67],[-12,47],[95,38],[3,152],[-18,65],[-42,30],[11,64],[-20,51]],[[18957,32863],[29,77],[20,11],[63,2],[3,56],[33,-4],[28,30]],[[19481,31975],[-7,-61],[-53,-54],[-31,-61],[-52,-24],[-20,-23]],[[19318,31752],[-26,-47],[-80,28],[-153,76],[-51,37],[-55,22]],[[19318,31752],[69,19],[59,-16],[53,7],[58,-9],[82,0],[57,-35],[11,-68],[-86,-191]],[[19621,31459],[-63,-11],[-85,22],[52,-58],[-62,0]],[[19463,31412],[-13,42],[-113,9],[-58,-22],[-85,-2],[-49,18]],[[20918,34135],[165,28]],[[21064,34011],[-8,-29],[-69,11],[0,-38],[-31,1],[-3,-50],[-106,1],[-47,33],[-12,47],[-45,-49],[-20,-1]],[[20723,33937],[78,115],[-13,38],[-23,-3],[2,45]],[[19522,30906],[76,6],[63,38],[22,28],[-27,24],[-19,39],[56,47],[14,81],[-16,46],[-67,87]],[[19624,31302],[12,43],[31,-1],[0,34],[-41,14],[-35,-4],[30,71]],[[20723,33937],[-17,-25],[-99,-104],[-30,-38]],[[19434,31116],[16,10],[-2,140]],[[19448,31266],[150,-2],[2,37],[24,1]],[[19463,31412],[-14,-33],[-1,-113]],[[18593,32750],[-12,37],[-36,52],[-9,49],[28,75],[-1,26],[-31,64],[-2,55],[12,26],[40,28],[63,8],[42,-5],[60,21],[22,40],[-5,25],[-100,176],[-62,49],[-120,60],[-35,31],[-10,51]],[[15925,35000],[-117,-72],[-68,-49],[-115,-98],[-23,-29],[-74,-132],[-6,-22]],[[15499,34537],[-15,5],[-47,-31]],[[20501,42438],[64,-50],[86,-28],[38,-37],[103,-27],[39,-32]],[[20240,42305],[42,-15],[86,5],[52,37],[37,-1],[14,50],[30,57]],[[14063,33232],[94,237],[-6,38],[-37,65],[-25,81]],[[14089,33653],[24,145],[115,161],[74,70]],[[14270,33545],[-16,-64],[-57,-74],[-39,-103],[-37,-123],[-16,-34]],[[14053,33132],[-9,56],[19,44]],[[14348,33611],[77,-3],[38,-34]],[[16692,36414],[-10,35],[-60,110],[-78,95],[-48,32],[-36,49],[-27,76]],[[16331,36193],[-37,1],[-74,46],[-47,66]],[[16173,36306],[-20,28],[-43,21],[-28,-4]],[[14609,35956],[44,-6],[27,11],[33,44]],[[14713,36005],[56,6],[58,-21],[-35,-53],[71,9]],[[14680,35689],[-6,61],[-32,145],[-33,61]],[[15474,34241],[-29,42],[-35,-13],[-74,2]],[[14683,33852],[37,59],[40,44]],[[14760,33955],[51,48],[21,48],[-2,47]],[[14968,33978],[-30,-5],[-32,-42],[-63,-30],[-46,-53],[-27,-59]],[[16699,34455],[25,25],[38,1],[38,82],[25,-10],[43,14],[20,-438]],[[17055,33202],[203,64],[61,8],[96,-2],[65,-14],[97,-41],[93,-19],[242,-66],[37,-20],[149,-108],[393,-294],[31,-39],[35,-91]],[[16915,34928],[73,-2],[1,76],[229,-5],[3,227]],[[18441,34191],[-23,-10],[-55,23],[-47,1],[-34,25],[-7,53],[-25,38],[14,61],[-49,-35],[-56,-14],[-15,-18],[-91,-62],[-26,-64],[-32,-10],[-23,16],[-57,5],[-25,-42],[-2,-38],[-46,-35],[-33,-47],[-42,-15],[-27,-23],[-40,18],[-14,32],[-42,-8],[-52,-59],[-8,-27],[-90,5],[-35,-67],[-28,-35],[-41,-85],[-78,-75],[-24,-44],[-46,-42]],[[11730,37927],[44,69]],[[11774,37996],[57,35],[50,-4],[115,-21],[6,-52],[23,-21],[58,-25],[64,-67],[46,-30],[61,2],[28,47],[23,84],[-3,31],[28,24],[27,-5],[56,-53],[30,-10],[40,25],[7,40],[-23,17]],[[11546,38733],[28,53],[25,68],[52,50],[312,82],[84,-6],[63,-19],[36,11],[25,25],[63,9]],[[11774,37996],[-24,26],[-37,-34],[-34,9],[-35,91]],[[11644,38088],[-4,57],[-32,94],[-20,37],[18,38],[42,43],[-1,27],[-51,19],[-17,-12],[-15,-46],[-47,6],[-3,18],[37,58],[-1,36],[25,41],[25,62],[27,26],[-25,59],[-8,84],[-48,-2]],[[10346,38931],[47,31],[9,40],[47,-40],[25,-7],[46,28],[-6,16],[-48,23],[4,19],[82,4],[51,24],[21,-53],[31,22],[34,-21],[36,-71],[-10,-56],[16,-48],[40,6],[-13,32],[52,26],[21,23],[72,22]],[[10903,38951],[25,14],[26,-27]],[[10954,38938],[-34,-15],[-105,-268]],[[10815,38655],[-127,-325],[-129,36]],[[10559,38366],[-39,46],[-25,97],[-8,60],[66,-7],[64,14],[-12,88],[-19,53],[6,56],[-60,-13],[-61,19],[-125,152]],[[10815,38655],[68,-2],[168,-89],[-9,-47],[-57,-55],[27,-51],[28,-77],[35,-57]],[[11075,38277],[-15,-6],[1,-74]],[[11061,38197],[-179,80],[-98,2],[-27,-6],[-111,-77],[-84,-6],[-14,-11]],[[10548,38179],[-10,19],[-12,89],[16,19],[-4,52],[21,8]],[[10955,39863],[105,-1]],[[11546,38733],[-51,7],[-56,-24],[-45,-8],[-8,-47],[-18,-24],[29,-21],[42,0],[-30,-50],[-37,0],[-56,54],[-39,24],[-46,52],[-18,62],[19,49],[-7,19],[-43,24],[-67,-3],[-28,20],[-46,3],[-18,23],[-1,50],[-34,-15],[-34,10]],[[10903,38951],[-22,34],[-48,25],[-13,23],[16,79],[37,12],[-12,31],[40,26],[155,163],[14,27],[16,106],[-2,61],[-25,74],[-16,111],[-10,23],[-59,70],[-19,47]],[[10884,36020],[-31,11],[-33,75],[-2,44],[-24,24],[-37,-5],[-5,-27],[-44,-30],[-19,3],[-39,75],[-82,33],[-40,-41],[-45,23],[11,28],[96,7],[54,-7],[-22,47],[-6,163],[30,26],[-7,30],[-31,43],[1,57],[-35,10],[-1,26],[-77,50],[-13,-54],[-14,-7],[-48,48],[-58,-59],[-40,43],[-46,71],[-44,-41],[-42,6],[-26,20],[-21,-39],[-36,19],[13,62],[-20,36],[-23,78],[-3,62],[-34,49],[0,58],[-17,24],[2,43],[26,80],[42,22],[-7,43]],[[11075,38277],[49,-44],[27,-10],[34,-38],[41,-10],[62,11],[38,-32],[40,17],[28,31],[60,-8],[21,34],[66,33],[14,-58],[33,-57],[8,-44],[48,-14]],[[11138,37695],[-63,84],[-33,115],[-10,57],[-19,41],[-27,20],[-42,1],[15,33],[-11,70],[72,-12],[44,-29],[-3,122]],[[9179,39882],[188,-2],[363,1]],[[9730,39881],[-43,-55],[-67,-58],[-50,1],[-48,-51],[-49,-23],[-47,-34],[-30,-62],[27,-58],[-11,-35],[26,-13],[40,9],[65,-51],[58,15],[38,-39],[-37,-4],[8,-78],[-26,-52],[-18,-59],[56,1],[7,-59],[-22,-33],[27,-56],[16,-5]],[[8611,38777],[-16,71],[16,52],[-31,30],[-12,43],[-38,-22],[-45,76],[-32,15],[-25,-13],[-28,61],[-3,60],[9,44],[-22,24],[2,33],[-68,39],[-12,22],[-72,24],[-18,50],[-50,34],[-26,37],[-39,-5],[1,61],[18,42],[-4,67],[-49,39],[-9,52],[-6,151],[18,23],[-5,34]],[[9730,39881],[944,-13],[133,1],[148,-6]],[[10346,38931],[-23,-11],[20,-70],[-50,-61],[-46,-7],[-33,20],[-42,99],[-41,-2],[-57,-37],[-7,49],[44,2],[31,16],[-79,86],[-90,32],[40,52],[-5,20],[-72,-39]],[[7369,39599],[0,349]],[[1435,3545],[448,2],[0,75],[372,3]],[[2255,3625],[0,-226]],[[11229,35692],[-2,-20],[-60,-108],[4,-66],[64,-105],[31,-26],[45,-17],[21,-24],[-16,-46],[-88,-13],[-23,-14],[-86,-105],[-34,-24],[-48,-2],[-95,27]],[[10942,35149],[-50,3],[-30,-31],[-3,-77],[-34,-75],[-48,-67],[-30,-11],[-34,9],[-25,31],[-25,87],[-23,30],[-51,13],[-29,-30],[-17,-68],[20,-42],[55,-40]],[[10543,38149],[5,30]],[[12034,45936],[3,260]],[[12037,46196],[6,833]],[[12910,46491],[41,-115],[22,-37]],[[12973,46339],[-19,-6],[-258,7],[-2,-153]],[[12694,46187],[-1,-98],[16,-48]],[[12709,46041],[-146,-106],[-61,-38],[-32,-38],[-108,-73],[-33,-46]],[[12031,45733],[3,203]],[[13104,45142],[-53,9],[0,-30],[-113,-70],[-56,-23],[-9,-43],[-22,-13],[-14,66],[-16,27],[-42,-20],[-44,-2]],[[12777,44043],[75,36],[8,91],[40,8],[41,22],[33,2],[11,71],[23,43],[-3,42],[21,43],[54,-6],[-1,34]],[[14261,44563],[312,-8],[-4,-132],[-41,-77],[17,-28],[68,-21],[-22,-71],[-1,-34],[62,-72],[29,-15]],[[14681,44105],[20,-34],[44,-21],[79,-51],[29,-49],[-1,-20],[27,-54],[45,-35],[32,-39],[42,-30]],[[14998,43772],[-29,-23],[-78,-4],[-4,-58],[-50,-46],[-28,-40],[-51,-10],[-26,11],[-110,-17],[-45,-42],[-24,10],[-12,-45],[-43,-17],[-93,-7],[-18,-40],[6,-64],[-25,-24],[-73,-27],[-26,27],[-37,7],[-50,-27],[-14,-23],[-37,-12],[-20,-26],[-56,15],[-35,-34],[-24,19],[-69,-9],[-33,-70],[13,-66]],[[15175,45714],[21,-44],[109,-19],[54,-47],[31,-46],[-4,-63],[41,-68],[38,-34],[34,0],[62,39],[32,5],[8,-25],[-40,-46],[14,-86],[-24,-25],[-15,-73],[-55,-105],[-36,-23],[12,-35],[45,-15],[7,-18],[-60,-18],[43,-46],[0,-33],[-49,-136],[15,-21],[34,-5]],[[15656,44309],[-142,1],[-45,-19],[-46,12],[-56,-2],[-15,-39],[-16,-82],[-43,-33],[-107,-68],[-48,-19],[-49,-1],[-6,-17],[-67,-5],[-57,-43],[-113,16],[-49,22],[-59,50],[-38,3],[-19,20]],[[15423,36259],[39,-47],[29,11],[2,36],[30,24]],[[15523,36283],[13,-42],[48,-59]],[[15584,36182],[-4,-61],[-35,-59],[-2,-39],[30,-27],[32,-7]],[[15605,35989],[0,-26]],[[13821,24813],[61,2],[6,48],[20,5],[65,-40],[91,-32],[93,-40],[41,-7],[62,34],[17,-10],[42,19],[58,6],[47,27],[93,15],[20,10],[38,70],[92,81],[223,4],[62,-51],[10,-49],[23,-13],[95,32],[43,32],[30,6],[69,-22],[31,-34],[8,-39],[58,-6],[17,-34],[80,-52],[60,-29],[29,-25],[31,-50],[59,-32],[257,5],[243,-3],[39,25],[17,74]],[[16723,24309],[33,-36],[-18,-220],[-16,-29],[-13,-56],[-148,-176],[18,-48],[108,-49],[21,0],[24,-123],[-12,-61],[-23,-60],[16,-119],[-15,-82],[-26,-79],[-24,-20],[-38,0],[-46,24],[-35,2],[2,-29],[46,-62],[15,-63]],[[29782,24527],[-84,64],[-117,46],[-60,30],[-42,47]],[[10445,46785],[324,-102],[3,18],[-4,168],[89,0],[10,10],[7,98],[-20,31],[-1,98],[-12,30],[-4,123],[6,20],[52,42],[58,4],[2,85],[19,33],[-28,135],[13,38],[-53,133],[-2,84]],[[12037,46196],[-255,2],[-70,-9],[-82,8],[-122,1],[-244,-7]],[[11264,46191],[-234,1],[-55,11],[-37,20],[-59,-39],[-63,31],[-37,-4],[-37,-35],[-75,114],[1,42]],[[10668,46332],[-22,85],[-15,23],[-82,173],[-98,138],[-6,34]],[[8304,45294],[35,0],[25,29],[20,-29],[52,-103],[28,-9],[58,-67],[43,7],[58,24],[4,161],[84,-29],[2,36],[22,14],[70,-2],[72,-56],[33,-6],[54,15],[16,-37],[26,-15],[77,-1],[5,57],[13,30],[49,-19],[53,-3],[-5,-46],[96,-83],[168,-7],[-2,-77],[29,32],[66,10]],[[9555,45120],[-5,-118],[25,-24],[3,-52],[46,-65],[-42,-33],[-115,-45],[-85,1],[-6,-192],[-2,-318],[53,10],[31,-40],[68,-3],[21,9],[64,-1],[47,9],[51,-12],[31,9],[14,26],[77,-42],[21,22],[40,8],[14,39],[4,74],[91,48],[36,-79],[-12,-60],[34,-43],[80,-7],[45,12],[30,-32],[-23,-56],[-6,-73],[3,-61],[-10,-61],[-62,-145],[-5,-60],[-38,-38],[-21,-38],[-32,-25],[10,-71],[-28,-63],[-32,-39],[-22,-8],[-33,-63],[-27,-23],[34,-171],[-3,-52],[18,-36],[53,-28],[37,-46],[1,-31]],[[9674,43040],[-1091,37]],[[8305,43079],[-4,451],[-6,279],[-1,341],[3,292]],[[9555,45120],[9,45],[115,85],[-2,22],[39,39],[102,52],[-3,34],[45,54],[-1,24],[-52,39],[19,13],[228,-5],[75,19],[17,-21],[82,-59],[49,-16],[38,-1]],[[10315,45444],[84,-182],[-5,-348],[-3,-491],[196,-1],[57,-22],[55,-73],[53,-19],[242,-5],[90,-36]],[[11084,44267],[90,-3],[59,-28],[-11,-49],[-25,-23],[-1,-62],[-39,-63],[-95,-15],[-99,-7],[-1,-76],[12,-31],[-19,-28],[10,-52],[1,-64],[-14,-56],[-32,-45],[-13,-53],[-22,-51],[69,-76],[-19,-11],[-24,-71],[-26,-46],[-6,-40],[-48,-69],[-7,-44],[-28,-75],[-27,-21],[-49,-85]],[[11084,44267],[7,530]],[[11091,44797],[54,18],[71,-53],[12,-25],[117,6],[63,26],[17,28],[49,-50],[-3,-20],[56,-55],[32,25],[11,36],[53,-6],[24,-24],[104,8],[-44,51],[-24,78],[12,22],[32,1],[-13,40],[78,35],[41,-28],[2,38],[42,0],[46,-47],[53,48],[2,37],[17,31],[-18,49],[49,28]],[[12026,45094],[-10,-411]],[[11203,45138],[206,3],[4,226],[-93,-1],[-45,-16],[-13,19],[-3,183],[-26,0]],[[11233,45552],[42,39],[45,28],[37,36],[69,42],[60,13],[58,35],[21,0],[1,-113],[468,304]],[[11091,44797],[1,37],[76,1],[5,191],[30,80],[0,32]],[[10473,45505],[28,-21],[39,45],[26,-31],[-10,-22],[51,-38],[34,-1],[31,19],[64,73],[49,-4],[23,-43],[29,5],[16,-86],[47,-86],[55,6],[45,-12],[25,-25],[-6,-146],[25,-3],[34,58],[46,-4],[17,-16],[53,1],[9,-36]],[[10315,45444],[114,-1],[44,62]],[[9011,46644],[-3,-25],[63,-72],[-46,-44],[-16,-56],[-58,-53],[-6,-141],[14,-14],[69,54],[23,-11],[86,-71],[49,16],[55,0],[4,173],[40,49],[79,22],[83,-55],[17,-25],[58,3],[48,-43],[-15,-43],[-1,-41],[38,-161],[32,-4],[56,-46],[42,-2],[83,32],[22,1],[1,40],[44,1],[-17,47],[15,39],[-6,68],[64,-5],[7,-31],[66,8],[45,-31],[46,-1],[-15,-30],[36,-56],[36,-40],[27,-63],[81,9],[40,58],[0,21],[51,3],[77,42],[48,-12],[55,12]],[[10528,46166],[29,-77],[-5,-31],[-51,-33],[-18,-28],[-1,-95],[-28,-19],[-17,-138],[39,-1],[-15,-49],[-45,-28],[-6,-42],[-48,-40],[23,-29],[45,0],[43,-51]],[[19100,43511],[33,43],[48,-26],[109,-24],[23,-89],[157,-12],[29,6],[74,-32],[28,-37],[-24,-68],[23,-48],[17,-78],[25,-35],[81,-55],[38,-42]],[[19761,43014],[-29,19],[-26,-50],[-62,-39],[-46,-101],[31,-38],[-3,-22]],[[19626,42783],[-49,-5],[-39,10],[-47,42],[-55,35],[-74,17],[-68,29],[-21,24]],[[19273,42935],[-57,86],[-84,81],[-3,14],[-55,32],[-26,41],[-26,66],[-16,71]],[[19006,43326],[-4,74],[16,27],[82,84]],[[30482,22370],[41,-23],[3,-57],[21,-17],[64,4],[29,17],[23,-29],[34,-6],[129,30],[18,25],[56,19],[36,2],[27,17],[-1,39]],[[30962,22391],[39,-19],[83,-24],[71,-45],[80,-113],[40,-42],[88,-71],[51,-25],[51,-58],[41,-27],[48,-51],[-24,-35],[-62,16],[-26,-7],[-23,-40],[-2,-38],[-28,-18],[-89,0],[-62,11],[8,-55],[32,-7],[29,21],[34,-29],[-32,-71],[-38,-27],[-25,-43],[5,-52],[-22,-33],[-47,-27],[-75,-10],[-85,6],[-81,-7]],[[30941,21471],[-4,60],[-33,53],[-27,-32],[-38,40],[-49,2],[-18,74],[-51,43],[-3,16],[-54,54]],[[30664,21781],[-23,118],[-4,139],[-6,25],[-49,110],[-50,65],[-25,21],[-25,111]],[[29773,22250],[90,7],[234,92],[-27,99],[69,11],[50,-17],[34,5],[48,-16],[134,-75],[77,14]],[[30664,21781],[-33,35],[-9,32],[-38,38],[-21,2],[-45,41],[-22,-1],[-55,26],[-43,5],[-33,23],[-134,44],[-62,15],[-116,-27],[-52,10],[-45,24],[-93,16],[-42,19],[38,49],[-45,48],[-41,21],[0,49]],[[29880,24108],[9,-150],[-33,23],[-59,-63],[-36,2],[-16,-22],[3,-67],[-11,-137],[40,-51],[6,-40],[-21,-43],[-8,-59],[102,-13],[55,-46],[27,-10],[74,-3],[49,-43],[15,9]],[[30076,23395],[9,-5],[-48,-88],[-84,-78],[-39,-57],[-53,-40]],[[29861,23127],[-9,25],[-31,12],[-52,-4],[-29,18],[-55,17],[-13,116],[-16,78],[8,63],[-24,-2],[-14,98],[-26,31],[3,36],[-33,68],[5,20],[-24,44],[0,42],[-52,39],[0,18],[-64,88],[-19,56],[-3,42],[-57,11],[-11,-20],[-89,-7],[-30,25],[-67,10],[-37,17],[-5,24]],[[30169,23724],[59,23],[86,-25],[23,31],[39,74],[12,10]],[[30438,23876],[12,-30],[-1,-50],[30,1],[-15,-80],[4,-27],[44,-37],[67,-79],[-84,-194],[-4,-43]],[[30491,23337],[-28,-5],[-35,26],[-25,37],[-52,47],[-38,20],[-71,4],[-13,52],[-9,71]],[[30220,23589],[-7,68],[-21,45],[-23,22]],[[14664,36205],[14,79],[34,42],[36,69],[24,29],[9,33],[-9,59],[-18,29],[11,36],[33,30],[1,30],[45,25]],[[14713,36005],[-33,86],[-16,114]],[[14749,34747],[36,47],[34,11]],[[14845,34661],[-56,-30]],[[14363,34343],[-7,49]],[[16036,35789],[71,81],[106,177],[42,60],[76,86]],[[16421,35965],[-61,-39],[-100,-88],[-193,-138]],[[22036,17225],[4,-43]],[[22423,16404],[9,25],[-14,48],[-22,135],[1,126],[33,70],[10,57],[-132,53],[-130,45]],[[22178,16963],[12,46],[4,106],[25,54],[-2,50]],[[22084,16994],[94,-31]],[[19136,22598],[-147,-2]],[[18989,22596],[-4,184]],[[18982,22553],[7,43]],[[19136,22598],[2,-77],[25,-55]],[[19134,22398],[-53,6],[-28,-10],[-22,89],[-49,70]],[[18982,22553],[-18,42],[-75,-2],[-66,10]],[[18823,22603],[37,99],[73,117],[10,36]],[[18709,22628],[37,101],[22,88]],[[19921,23169],[-259,-2],[-58,15]],[[19892,22977],[-104,-6],[-166,-36]],[[19287,22599],[1,-147],[22,-52]],[[19439,22602],[40,-118],[88,-99],[35,-28],[39,-55],[26,-22]],[[13436,33047],[44,28],[23,66],[-37,45],[27,47],[33,15],[56,53]],[[13582,33301],[32,-6],[38,33],[29,6],[21,24],[39,-5],[63,-25],[26,16],[70,14],[-13,-68],[27,-30],[64,7],[43,21],[42,-56]],[[14053,33132],[-109,-24],[-117,0],[-45,-50],[-88,0],[1,-79],[-104,2],[-54,-19],[-27,-46],[-90,26]],[[13420,32942],[-23,63],[29,7],[10,35]],[[13887,32843],[-89,67],[-13,-41],[-88,-59],[-39,-15],[-116,-101],[-31,-2]],[[13511,32692],[-21,59],[-114,-44],[-65,-6],[22,39],[-43,12],[-1,24],[59,41],[29,69],[43,56]],[[13178,33261],[13,-36],[51,-61],[-23,-72],[9,-17],[61,-42],[147,14]],[[13511,32692],[-60,-55],[-16,-53],[-47,-45],[-23,-34],[2,-42],[-43,-22],[-143,-115],[-132,-61],[-3,-43],[70,8],[42,-7]],[[12760,32121],[9,35],[-33,109],[18,52],[3,58],[-11,48],[9,20],[39,24],[15,25],[78,59],[33,46],[7,94],[21,44],[12,59],[27,33],[71,61],[68,113],[-7,20]],[[12374,32427],[47,61],[486,559]],[[13935,34110],[10,-28],[33,-9],[1,-49],[-17,-48],[2,-115],[20,-53],[22,-20],[-16,-47],[1,-32],[27,-28],[71,-28]],[[13582,33301],[-7,47],[12,34],[-4,107],[-23,20],[-49,2],[-38,44]],[[10776,33752],[39,-22],[30,7],[30,31],[44,17],[44,0],[51,-24],[17,-52],[32,-29],[47,-22],[102,7],[38,-15],[54,15],[14,22],[-18,29],[7,80],[21,26],[47,31],[47,5],[33,-19],[40,-81],[48,-26],[35,5],[7,46],[-8,87],[24,21],[-9,79],[87,12],[32,20],[3,54],[-26,48],[35,87],[73,6],[33,-19],[66,25]],[[12771,33595],[-23,27],[-30,-2],[-40,-81],[-43,-47],[-27,-13],[-36,-39],[-33,-19],[-22,-35],[7,-25],[-31,-37],[1,-34],[29,-63],[-5,-51],[-24,-67],[34,5],[13,-56],[-79,-116],[-5,-27],[33,-10],[12,-32],[-47,-64],[-108,-116],[-81,-115],[-68,-54]],[[14758,34923],[45,-74]],[[14736,34740],[-24,42],[-89,-49],[-21,0]],[[14571,34821],[187,102]],[[19799,22779],[49,-18],[59,-9]],[[19788,22529],[-86,85]],[[19702,22614],[37,38],[60,127]],[[4872,16781],[-47,49],[-32,9],[-74,45],[-54,20],[-31,44],[0,28],[30,45],[-38,135],[-64,22],[-48,7],[-52,53],[-45,6],[-131,-84],[-31,-48],[-34,-17],[-74,-73],[-54,1],[-72,-28],[-120,30],[-3,57],[11,54],[-14,20],[-63,38],[-49,1],[-49,25],[-61,56],[54,58],[-3,74],[34,54],[42,23],[-1,29],[-52,51],[9,68],[48,64],[-63,37],[-37,69],[2,32],[-34,71],[-2,36],[-49,60],[80,61],[39,10],[99,-15],[28,7],[35,42],[226,79],[23,28],[7,36],[40,41],[114,91],[22,42],[1,409],[-32,66],[-15,95],[-13,26],[-49,45],[-16,45]],[[3460,15871],[-60,94],[-3,26]],[[3397,15991],[-9,110]],[[2894,5721],[-72,-40],[-129,-34],[-57,-3]],[[2632,5765],[0,47],[36,57]],[[3141,6409],[97,-95],[8,-20],[48,-36]],[[2999,6260],[26,77],[32,61],[84,11]],[[3338,6449],[13,-69],[-6,-41]],[[3506,5232],[-38,-38]],[[3468,5194],[-25,36],[-3,37],[16,77],[-6,22]],[[3515,4836],[29,-40],[88,23],[49,-20]],[[3417,4359],[-23,-3]],[[22737,36184],[56,32],[-27,46],[-1,87],[72,-16],[47,0],[43,16],[37,-3]],[[23027,36372],[-28,-50]],[[22999,36322],[9,-51],[31,12]],[[23039,36283],[-5,-81],[-38,0],[0,-37],[-116,-2],[0,-75],[-76,0],[-17,56]],[[23203,36038],[34,-26]],[[23237,36012],[35,-1]],[[23272,36011],[11,-23]],[[23168,35825],[-49,12],[-41,-16],[-70,-42],[-85,-31],[-1,32],[-52,28],[9,53],[30,24],[52,21],[40,34],[7,21],[70,32],[126,21],[-1,24]],[[23222,36443],[11,-55]],[[23233,36388],[-107,1],[-28,-10],[-99,-57]],[[23366,36375],[0,-74],[-41,-17],[17,-34],[7,-83]],[[23349,36167],[-17,-46],[-27,3],[-20,-100],[-13,-13]],[[23237,36012],[34,164],[-1,28],[-37,184]],[[2859,5605],[-1,-101]],[[2669,5504],[3,70],[-36,70]],[[3424,6449],[-1,-112]],[[19788,22529],[-52,-78],[-70,-61]],[[19666,22390],[-1,40]],[[19665,22430],[8,134],[-26,39]],[[6818,48510],[23,59],[74,35]],[[19602,22602],[-18,-39],[1,-66],[30,1],[8,-35],[-27,-4],[0,-39],[69,10]],[[19666,22390],[1,-110]],[[20550,23026],[117,2]],[[20579,22945],[-61,51],[-57,-49],[-24,-44],[-4,-40],[-46,-54],[-31,-4],[-40,-49],[6,-33]],[[20191,22721],[-108,-1],[-37,10]],[[20046,22730],[21,95]],[[19384,20888],[-2,45],[22,107],[-6,38],[-31,60],[-104,130],[-33,70],[-139,-1],[29,65],[3,86],[-156,-5],[-51,20],[-176,200],[-36,-106],[-9,-295],[-24,-51],[-57,-50],[-46,-63],[-30,-101],[-108,14],[-57,-9],[-85,54],[-82,92],[-28,39]],[[16997,46617],[20,-1]],[[9805,48892],[83,-12],[64,-18],[45,-1],[-6,-89],[-1,-206],[45,-11],[99,-5],[55,-30],[110,-36],[0,34],[-37,34],[269,-5],[-1,73],[46,80],[54,30],[130,-4],[52,27],[53,-17],[130,6],[32,28],[56,31]],[[10673,47780],[-157,-60],[-170,-20],[-309,365],[-99,108],[-229,88],[-62,-7]],[[17406,43228],[0,-22],[-64,-19],[6,-39],[29,-85]],[[16648,43080],[4,409]],[[19761,43014],[5,29],[39,-7]],[[19879,42615],[-25,36],[-98,37],[-43,42],[-54,16],[-33,37]],[[23566,35329],[-8,-148],[-462,-433],[-22,-14]],[[30400,24436],[26,-60],[-16,-30],[1,-34],[-21,-54],[-47,-19]],[[30343,24239],[-64,78],[-34,8]],[[30245,24325],[34,55],[68,12],[10,46],[43,-2]],[[29734,22891],[25,-22],[65,11],[36,-26],[51,-4],[30,10],[-11,52],[-37,53],[18,38],[-13,38],[-38,56],[1,30]],[[30076,23395],[69,67],[75,127]],[[30491,23337],[31,13],[18,-28],[70,-17],[10,-51],[22,-19],[43,-6]],[[30685,23229],[-11,-47],[19,-29],[101,-1],[24,-20],[-9,-31],[-36,-15],[-46,4],[-25,-18],[-6,-50],[24,-27],[-5,-28],[-78,-88],[-79,-60],[-26,-30],[-31,-88],[9,-86],[38,-62],[123,-33],[167,-78],[124,-51]],[[29773,22250],[-36,44],[3,42],[-44,69],[34,26],[-4,138],[-15,48],[-40,41],[-28,53],[-8,68],[7,34],[80,49],[12,29]],[[30051,24112],[2,-28],[66,14],[85,34]],[[30204,24132],[1,-36],[-27,-28],[25,-20],[-26,-95],[20,-98],[37,-37],[-65,-42],[-44,-20],[44,-32]],[[30204,24132],[26,7],[134,-8],[30,-7]],[[30400,24436],[-5,58]],[[30564,24497],[18,-39],[-8,-21],[29,-28],[-20,-47],[30,-84]],[[30613,24278],[-120,-18],[-26,15],[-44,-9],[-11,-38],[-61,0],[-8,11]],[[14730,34975],[28,-52]],[[14542,34871],[188,104]],[[15068,35095],[-264,-149],[-46,-23]],[[14730,34975],[-38,65]],[[16421,35965],[23,-55],[40,-29],[35,-3],[127,59],[23,-9],[-21,-39],[-3,-47],[-140,-141],[-2,-33],[-40,-104],[1,-24],[26,-27],[-33,-44]],[[14841,33547],[-4,13],[-60,2],[-8,-34]],[[24777,38921],[-88,-18],[-23,27],[-102,1],[-50,-37],[-102,-20],[-61,-50],[-71,-13],[-158,-62],[-54,-6],[-39,14],[-10,48],[15,55],[37,24],[66,72],[22,52],[11,81],[36,60],[-33,20],[-19,63],[-41,13],[-15,-11],[-60,11],[-18,18]],[[12634,23521],[-28,-12],[-88,-1],[-19,-13],[-68,14],[-120,49],[-76,16]],[[12235,23574],[-2,154]],[[23349,36167],[25,-49],[19,-11],[107,-21],[1,65],[143,88],[41,-7],[85,5],[109,17],[80,37]],[[24034,38493],[78,-12],[131,20],[36,-13],[39,-64]],[[23891,36386],[-54,-32],[-33,34],[-125,0]],[[23679,36388],[-17,57],[17,30],[36,15],[-10,30],[41,50],[39,22],[57,17],[29,68],[-83,56],[13,27],[53,-17],[26,32],[0,92],[-38,21],[23,27],[-1,47],[-20,21],[-6,85],[15,89],[-23,54],[88,43],[-73,71]],[[21880,38674],[9,21],[0,129],[153,-8],[0,224],[153,-10],[0,76],[152,1],[2,-151],[197,-1]],[[22546,38955],[108,1],[-1,379],[157,1],[1,74],[245,-2]],[[23341,39405],[-18,-34],[68,-18],[-1,-63],[77,-29],[6,-89],[-18,-53],[43,-77],[31,-87],[-76,-67],[13,-84],[-52,-35],[-22,-50],[-9,-70],[-22,-52],[-58,-42],[-45,-51],[-41,-99],[-66,-16],[-45,-68],[42,-51],[64,-48],[-15,-58],[32,-53],[-1,-48]],[[22332,38169],[-17,83],[-38,16],[-41,47],[-62,15],[-49,53],[-49,7],[-73,49],[-96,80],[-27,98],[0,57]],[[23679,36388],[-195,2]],[[23039,36283],[103,-159],[33,-20],[-58,-26],[-4,-59],[77,0],[13,19]],[[9893,50297],[402,-7],[818,-20]],[[23457,45611],[-341,-566],[-89,-168],[-24,-27],[-176,-135]],[[22389,45087],[14,28],[55,59],[96,66],[55,75],[79,78],[102,-127],[33,54],[89,1],[10,-15],[67,49],[-29,42],[-40,0],[-4,356],[94,121],[49,40]],[[23952,46829],[520,803],[170,6]],[[24642,47638],[119,104],[109,222],[54,84],[66,150],[1,145],[62,196],[31,5],[59,35],[35,46],[40,11],[34,30]],[[25252,48666],[31,29],[-10,47],[76,30],[66,60],[25,2]],[[25440,48834],[62,-380]],[[25502,48454],[-36,-43],[-28,-48],[-145,-377],[-9,-35],[-64,-394],[-10,-33],[-33,-41],[-451,-311],[-33,-32],[-260,-357],[-17,-20]],[[20818,43012],[41,1],[80,-53],[20,4],[17,38],[25,14],[67,4],[65,-26],[16,-26],[149,-80],[26,-52],[53,45],[24,36],[4,52],[36,10],[17,49],[51,29],[37,-23],[29,26],[33,-1],[8,24],[50,-5],[-3,63],[37,19],[39,-5],[79,-44]],[[22421,43072],[-37,-45],[-62,-48],[-107,-62],[-73,-20],[-277,-1],[-65,8],[-49,-29],[-146,-68],[-64,-38],[-59,-14]],[[20820,42852],[-2,160]],[[20818,43012],[-2,101]],[[20815,43188],[-6,313],[-8,309],[2,58]],[[20803,43868],[-1,126],[-78,0],[0,113],[78,0],[-2,152]],[[25502,48454],[129,-762],[29,-162]],[[22549,45552],[126,86],[377,290]],[[22121,45125],[28,51],[162,189],[162,121],[76,66]],[[16721,44255],[-43,-316]],[[15214,43103],[-1,57],[16,19],[1,47],[-25,30],[80,-2],[6,-25],[44,-2],[73,24],[15,41],[53,-4],[38,-39],[30,109],[20,21],[43,-20],[40,23],[58,58],[-4,35],[-31,38],[18,39],[-90,28],[-40,-3],[-60,-37],[-38,42],[-30,-1],[-35,64],[-28,25],[-95,49],[-29,-8],[-12,52],[-54,47],[-41,-13],[-117,-3],[-21,-22]],[[16170,45674],[55,94],[139,134],[81,35],[105,23],[62,-1]],[[16928,45578],[-24,-21],[1,-41],[-27,-184],[-37,-229],[-48,-332]],[[16594,44829],[1,167],[-82,64],[-41,67],[-12,46],[9,23],[58,45],[24,61],[27,30],[7,30],[-12,119],[-28,-2],[-68,-36],[-74,-22],[-127,2],[1,50],[-24,83],[-30,1],[-43,60],[-10,57]],[[15399,45941],[29,27],[98,49],[63,7],[113,-27],[78,-43],[35,-46],[17,-79],[-4,-76],[28,-64],[59,-47],[57,-20],[109,-13],[47,21],[42,44]],[[3496,6279],[1,-51],[-22,-86],[-1,-60]],[[3474,6082],[-74,72]],[[22740,29629],[-20,-14],[-6,-41],[-68,-58],[-69,25],[-31,-31],[-37,-19],[-37,-52],[-69,-42],[-58,-114],[-22,-90],[-32,-52],[-29,-26],[-38,-71]],[[15050,10735],[0,-18],[-37,-23],[-50,14],[-1,-76],[-40,-12],[-35,-27],[-61,-23],[-50,26],[-33,-12],[-26,-74],[3,-24],[42,-36],[23,-45],[5,-74],[-13,-69],[-57,11],[-56,46],[-80,2],[-16,-8],[11,-51],[-28,-38],[-26,9],[-19,44],[-45,14],[-77,-28],[-44,21],[-70,10],[-24,-41],[75,-96],[-51,5],[-70,19],[-31,-66],[-55,-27],[-16,35],[33,14],[-31,27],[-46,-45],[-37,-58],[-35,0],[9,-50],[-32,-9],[-34,-70],[5,-38],[-72,-39],[-21,-38],[-64,-16],[-51,50],[-72,18],[-35,19],[-8,-51],[50,-16],[-40,-57],[-56,30],[-60,5],[-42,42],[-55,-4],[-5,-42],[-19,-21],[13,-25],[-44,-27],[-16,-27],[-62,24],[-36,-40],[-34,-60],[-37,-9],[-38,-37],[-39,3],[-17,-62],[-106,47],[-51,64],[-35,-24],[-40,62],[-18,-13],[-5,-54],[-45,-21],[-29,4],[-16,42],[-49,21],[-26,-85],[-68,36],[-51,-37],[-68,11],[-71,-20],[-1,-42],[-20,-8],[-36,49],[-60,10],[-35,-27],[-18,5],[-36,40],[-79,-18]],[[15711,8803],[-142,1],[-168,20],[-122,2],[-69,-5],[-88,4],[-662,8],[-512,3],[-133,-2],[-192,1],[-642,11],[-51,6],[-172,1],[-275,-3],[-561,4],[-54,-7],[-139,8],[-202,-6]],[[13345,48554],[-90,-171],[-16,-47],[-5,-81]],[[13234,48255],[-2,-34]],[[13583,48335],[-43,-13],[-45,1],[-85,-43],[-16,-42],[-99,16],[-61,1]],[[25353,29737],[-3,-330]],[[24369,27186],[-31,-17],[-251,-2],[-31,14],[-89,74],[-25,4],[-31,-27],[-74,-22],[-46,3],[-114,-29],[-26,3]],[[3544,6337],[-46,0]],[[2627,4790],[-38,25],[-61,-5],[-42,13]],[[16866,46620],[6,144],[10,18],[2,104]],[[3044,5506],[195,1]],[[3272,5453],[-40,-61]],[[3053,5354],[-8,95]],[[3045,5449],[-1,57]],[[2411,5842],[75,-68]],[[2338,5672],[-1,170]],[[19799,22779],[64,135]],[[1983,5132],[191,1],[14,-5]],[[2188,5128],[68,-39],[31,5],[49,38]],[[2337,4881],[-59,10],[-29,-12],[-41,-69],[-106,-30],[-62,0]],[[2040,4780],[-2,11],[-119,5]],[[2181,5353],[160,-2]],[[2188,5128],[1,78],[-8,147]],[[2337,4881],[1,-278]],[[2038,4603],[2,177]],[[3343,5883],[34,-126],[76,30]],[[3471,5783],[10,-20]],[[3471,5756],[-50,-36],[-102,11],[-19,23]],[[2865,5425],[12,23],[168,1]],[[2858,5504],[186,2]],[[16771,46925],[4,-42],[-57,-5]],[[25261,37734],[28,4],[122,-27],[36,-66],[69,-17],[27,11],[35,-66],[59,-20],[38,1],[29,-16],[15,-46],[81,-60],[46,-58],[33,-6],[46,-38],[23,-52],[34,3],[16,-22],[39,-15],[60,-6],[39,-34],[30,-53],[21,-86],[8,-63],[20,12],[55,-45],[18,-64],[64,-13],[21,-20],[62,11],[9,-38],[66,-36],[-8,-36],[-31,-46],[9,-52],[61,-4],[54,32],[25,-6],[24,-96],[39,-23],[70,-2],[57,-18],[56,-34],[23,-30],[31,-2]],[[26920,36492],[-13,-44],[-42,-1],[-32,-28],[27,-24],[26,-45],[-64,-11],[-38,31],[-26,43],[-46,-21],[-9,-46],[50,-14],[42,-65]],[[26795,36267],[-105,-26],[-72,0],[-327,35],[-114,-11],[-97,-34],[-614,-225],[-49,-10],[-164,21],[-98,-29],[-37,-2],[-164,8],[-172,-13],[-58,-16],[-64,-35],[-64,-8],[-98,25]],[[26795,36267],[19,-25],[5,-54],[-18,-40],[34,-62],[6,-31],[-78,5],[-9,-23],[-51,36],[-71,-2],[-42,-40],[34,-64],[5,-51],[-26,-12],[-23,-74],[-30,1],[-18,39],[-29,-2],[-27,-79],[-51,18],[-16,29],[31,60],[9,55],[-49,10],[-2,-58],[-14,-35],[-56,-61],[-4,-38],[60,-85],[5,-46],[-75,-47],[33,-11],[-12,-51],[-53,-57],[-14,-54],[4,-75],[-30,-42],[3,-78],[-22,-81],[-77,-72],[-59,20],[-51,-18],[20,-53],[33,-52],[-26,-54],[50,-130],[30,-34],[14,-59]],[[27062,39553],[153,-922],[35,-197],[129,-797],[22,-127],[26,-173],[20,-112]],[[27447,37225],[-49,4],[-93,-28],[-11,-13],[10,-50],[-8,-42],[46,-97],[47,-27],[-6,-15],[-59,-2],[-38,10],[-33,30],[-23,-26],[16,-64],[52,-45],[28,-53],[-28,-38],[-43,50],[-48,12],[-40,-14],[-34,73],[-27,-25],[30,-26],[-22,-17],[-19,-63],[-21,-26],[-15,-95],[-16,-6],[-61,17],[-7,-30],[43,-49],[-6,-23],[-86,44],[3,-57],[-9,-42]],[[27447,37225],[197,-1182],[4,-16],[152,-908],[9,-63],[84,-486]],[[28059,28950],[24,88],[2,111],[24,76],[15,-13],[69,9],[20,-6],[33,-48],[17,-56],[83,-3],[98,51],[58,25],[16,26],[35,13],[-12,38],[0,105],[89,-24],[2,-38],[64,-79],[52,8],[29,-9]],[[28777,29224],[37,-223],[123,-723]],[[28652,28248],[-77,29],[-60,13],[-32,-4],[-53,20],[-114,12],[-39,-13],[-76,0],[-34,21],[-55,4],[-102,-9],[-43,-16],[-73,-46],[-18,-39]],[[2361,4603],[311,1],[-7,-85]],[[13113,45909],[-9,65]],[[13104,45974],[69,-1]],[[13104,45974],[-7,53]],[[13097,46027],[-20,152]],[[13077,46179],[-8,92],[-55,1],[-30,28],[-11,39]],[[12973,46029],[124,-2]],[[19799,22779],[-152,49],[-24,21]],[[18171,24277],[46,53],[48,41],[100,67],[43,46],[28,55],[29,28]],[[22755,24745],[-95,30],[-96,-21],[-111,16],[-65,-41],[-67,1],[-89,41],[-237,4],[-113,-8],[-30,19],[-24,82],[2,64],[-35,15],[-25,34],[56,41],[31,63],[1,137]],[[18142,24690],[86,-35],[26,-1],[43,-47],[6,48],[262,1]],[[18565,24656],[13,-7]],[[26102,25507],[2,-109],[15,-50]],[[27635,24067],[32,-598],[-280,-4]],[[27387,23465],[-635,-6]],[[10445,46785],[-69,24],[-67,44],[-105,0],[-111,30],[-35,27],[-119,51],[-544,18],[-2,105],[-44,38],[-64,68],[-69,98]],[[176,14093],[60,-50],[17,-67],[15,-27],[46,-39],[92,-20],[26,-24],[-4,-22],[23,-33],[74,-25],[34,11],[55,46],[18,42],[1,58],[24,70],[25,32],[-20,108],[-3,89],[-24,55],[-9,61],[105,-17],[32,3],[29,23],[50,-20],[44,25],[42,4],[43,-10],[66,88],[36,16],[69,94],[11,37],[50,72],[84,48],[37,6],[27,33],[71,41],[61,53],[50,20],[-19,61],[32,12],[26,46],[23,16],[41,83],[34,12],[40,-9],[44,47],[65,12],[58,-10],[23,57],[31,28],[69,38],[7,55],[47,69],[-33,67],[30,5],[21,33],[-2,28],[44,-5],[67,47],[59,23],[15,33],[69,-11],[18,52],[47,-21],[34,13],[34,-26],[25,47],[46,-29],[45,5],[30,-10],[14,-32],[54,-40],[46,26],[-13,28],[25,56],[19,-9],[45,32],[-19,40],[37,47],[86,-52],[34,-7],[78,67],[19,0],[20,76],[-14,22],[45,39],[18,-14],[30,29],[-12,57],[36,6],[-2,30],[35,10],[21,-22],[24,22],[48,-21],[16,-72],[58,4],[12,27],[34,0]],[[3727,14902],[-15,-12],[7,-97],[16,-42],[-9,-39],[-33,-50],[6,-54],[-26,-89],[-3,-30],[-31,-13],[-40,2],[-37,-48],[-68,-1],[-36,-15],[-62,-44],[-48,-74],[-35,-42],[-21,-49],[-47,-26],[29,-34],[-25,-34],[-56,-22],[-22,-54],[-14,-5],[-62,-130],[-9,-41],[38,-72],[-29,-6],[-19,-32],[-4,-55],[-33,-28],[8,-55],[-10,-16],[-59,15],[-28,-8],[-49,-71],[-62,-22],[-49,6],[-74,47],[-115,-59],[-37,-50],[-39,-18],[-21,-46],[-2,-34],[-58,-42],[-72,8],[-42,-24],[-44,13],[-58,-70],[-12,-66],[-34,-24],[-12,-49],[-63,26],[-55,-3],[-41,-11],[-19,42],[-68,17]],[[1924,13172],[-67,113],[-14,112],[-35,7],[-42,-8],[-38,12],[-8,22],[-64,-35],[-37,-38],[-45,-124],[-96,-84],[-63,3],[-40,-30],[-148,-21],[-54,-2],[-58,-37],[-22,-35],[-51,-38],[-22,-53],[-26,-25],[-114,-33],[-31,-20],[-18,42],[-33,155],[23,34],[5,46],[-22,41],[11,61],[-20,32],[-2,37],[-53,4],[-55,-47],[-98,0],[-67,6],[12,68],[-15,84],[-11,16],[-74,0],[-1,-64],[-222,0]],[[209,13373],[-14,244],[-4,229],[-15,247]],[[3345,5365],[47,17]],[[3392,5382],[-12,-63],[2,-187]],[[3382,5132],[-60,-35]],[[26332,25415],[0,55]],[[3468,5194],[-86,-62]],[[12648,23513],[-122,-57],[-315,-241]],[[12211,23215],[8,48],[-35,62],[11,42],[34,51],[8,28],[-2,128]],[[12752,23389],[-83,-54],[-68,-24],[-96,-16],[-107,-33],[-82,-44],[-28,-29],[-27,-61]],[[12261,23128],[-50,87]],[[13077,46179],[-383,8]],[[12715,46031],[-6,10]],[[20078,23731],[19,-38],[34,3],[36,27],[43,52],[48,0],[56,-14],[43,-43],[56,-6],[-12,-41],[10,-38],[30,-21],[68,20],[34,31],[58,9],[65,37],[8,-27],[-46,-70],[2,-26],[52,-19]],[[20747,23361],[-384,91],[-50,-53],[-10,-68],[56,-9],[10,-34],[1,-69],[-29,-5],[9,-45]],[[19843,22474],[138,-137],[-4,-8]],[[21494,40221],[63,-23]],[[21557,40198],[110,-79]],[[21655,40093],[-38,17],[-9,-39],[-121,8]],[[21487,40079],[7,45]],[[21494,40124],[-8,58],[7,32]],[[21545,39731],[63,16],[14,73]],[[21777,39784],[7,-73],[28,-48],[46,-35],[111,-48],[58,-60],[52,-76],[66,-72],[25,-38]],[[22170,39334],[17,-63],[-38,-35],[-74,4],[-66,-16],[-100,12]],[[21909,39236],[-103,44],[-127,105],[-53,6],[-31,-14],[-51,-46]],[[21614,40785],[-49,-55],[-23,-44]],[[21542,40686],[-20,45],[-74,71],[-39,18],[-2,52],[33,55],[-31,69],[-78,-30],[-32,-33],[-51,10],[-36,-23],[-3,-77],[-89,46],[-46,-15],[-8,-22],[-38,10],[-46,-33],[-35,0],[-33,-21],[-30,18]],[[23618,12342],[-95,-41],[-120,-20],[-101,-66],[-46,-10]],[[23256,12205],[-19,33],[-35,22]],[[23202,12260],[70,34],[26,33],[37,18],[76,75],[82,-3],[22,24],[51,14],[54,35]],[[22863,12594],[154,0],[61,68],[85,23],[94,3],[50,11],[-53,-97],[-13,-74],[-27,-53],[-35,-108],[15,-102]],[[22960,12313],[-94,185],[-87,82]],[[22779,12580],[84,14]],[[23614,12147],[-84,-30],[-29,-49],[-154,34],[-82,37],[-9,66]],[[10668,46332],[-28,-57],[-112,-109]],[[11264,46191],[-1,-149],[-20,-132],[-76,-122],[-25,-97],[9,-55],[25,-57],[3,-41],[54,14]],[[2512,12184],[56,23],[38,26],[93,-21],[25,8],[2,29],[91,17],[80,-44],[98,-32],[51,-24],[211,-1],[21,6],[46,56],[45,34],[62,9],[112,-52],[62,12],[85,1],[77,41],[80,32],[39,23],[1,41],[57,4],[53,-26],[37,13],[39,-10],[26,10],[56,-33],[50,2],[65,-39],[42,-56],[30,-6],[25,-44],[32,-22],[15,-100],[-39,-68],[-7,-39],[20,-45],[72,-59],[76,-23],[18,-20]],[[2432,10351],[-179,0]],[[2253,10351],[12,32],[-2,41],[25,46],[34,38],[56,36],[101,130],[83,36],[34,58],[9,46],[51,78],[19,58],[84,49],[42,71],[54,53],[11,72],[16,33],[-46,135],[-31,29],[-5,51],[-72,114],[-9,62],[11,48],[28,51],[-12,52],[7,18],[-6,89],[-10,51],[-20,36],[-92,129],[-45,50],[-53,21],[-15,20]],[[2512,12184],[-42,54],[-271,152],[-99,88],[-62,28],[-55,43],[-17,28],[20,61],[-9,52],[-40,111],[-29,118],[1,33],[27,169],[-12,51]],[[176,14093],[-55,1196],[-5,44],[-13,267],[-26,487]],[[2253,10351],[-590,-4]],[[363,10043],[-13,304],[-8,116],[-4,186],[-18,344],[-19,423],[2,60],[-7,92],[-49,976],[-9,149],[-29,680]],[[21557,39921],[-13,5],[-33,60],[-7,72],[-17,21]],[[3044,5506],[8,125]],[[2178,4137],[-258,-149],[-241,-163],[-91,-52]],[[2430,3977],[36,-15],[14,-49],[19,-13],[33,-50],[7,-79],[29,-77]],[[2568,3694],[-72,-64],[-15,-4],[-226,-1]],[[18139,25318],[82,9],[43,-17],[63,-59],[4,-40],[31,-29],[129,0],[38,-111]],[[18529,25071],[3,-32],[-23,-73],[18,-57],[25,-21],[45,-62],[-1,-45],[-38,-85],[7,-40]],[[2859,4765],[-87,-159],[-36,-40],[-71,-47]],[[26455,43180],[204,-1185]],[[22863,12594],[-14,33],[-61,67],[11,13],[66,0],[0,36],[38,12],[-34,101],[68,-43],[77,-10],[54,-34],[67,51],[50,3],[24,15],[28,-8],[59,17],[111,13],[26,-20],[115,-37],[41,23],[31,1]],[[30245,24325],[-49,-20],[-26,-31],[-59,-10],[-67,4]],[[1734,6023],[0,-159]],[[590,4611],[-10,251],[2,46],[-14,325],[-27,755],[-7,134],[-7,196],[-13,322]],[[3474,6082],[44,-44]],[[3456,5979],[-28,12]],[[3858,28092],[-50,7],[-38,-38],[-4,-33],[-40,-6],[13,-42],[-14,-38],[-71,-67],[-41,-21],[22,-54],[-22,-62],[17,-18],[13,-52],[-21,-28],[21,-27],[-33,-44],[-129,23],[-21,-15],[9,-32]],[[8492,31920],[-49,-63],[-3,-63],[17,0],[-1,-126]],[[21316,46922],[80,-7],[0,-13],[133,-4],[70,13],[100,49],[21,-19],[33,7]],[[21753,46948],[-113,-150]],[[21640,46798],[-87,-107],[-85,-64],[-29,-11]],[[21439,46616],[-61,-23],[-57,-11],[1,157],[-7,29],[-55,67],[-33,51],[-8,58],[18,15]],[[20067,10850],[599,6],[0,-111],[77,0],[0,19]],[[20743,10764],[0,94],[250,2],[498,18],[164,4]],[[21655,10882],[-29,-44],[-20,-136],[-13,-59],[10,-83],[40,-82],[51,-62],[86,-21],[51,-49],[42,-10],[41,-109],[25,-17],[16,-58],[39,-31],[-19,-46]],[[21975,10075],[-24,7],[-2,-83],[6,-49],[-58,-84],[15,-31],[-17,-31],[3,-117],[-7,-85],[-19,-97],[10,-70],[-24,-24],[5,-51],[97,-82],[57,0],[34,-21],[44,-71],[31,-28],[32,21],[48,-17],[6,-90],[38,-16],[4,-47],[-85,16],[2,-49],[35,-34],[18,-33],[-38,-41],[-18,6],[-47,-18],[-36,7],[-18,-35],[6,-41]],[[22073,8787],[-290,-1],[-12,2],[-496,3],[-45,-5],[-530,0],[-97,4],[-375,4],[-106,4]],[[26297,10929],[3,-526],[0,-283],[-2,-439],[-10,-491],[-13,-361]],[[26275,8829],[-440,-5],[-398,-4]],[[25437,8820],[9,43],[-14,25],[8,76],[-20,29],[18,51],[18,7],[8,79],[103,104],[22,40],[63,75],[29,105],[0,93],[-12,51],[-19,30],[7,45],[-23,45],[-3,264],[-47,29],[46,27],[10,73],[22,93],[-50,-1],[45,55],[-35,31],[-33,13],[-25,44],[50,120],[35,66],[47,39],[30,58],[9,43],[-3,85],[61,96],[9,51]],[[21975,10075],[5,-38],[53,-13],[41,-63],[69,-42],[37,18],[22,-48],[3,-41],[37,-27],[27,6],[64,-55],[10,76],[12,36],[-8,38],[21,46],[69,14],[52,28],[23,-16],[144,-41],[52,1],[56,-22],[25,-99],[43,39],[127,2],[39,-38],[21,-1],[115,-35],[31,-68],[14,-59]],[[23179,9673],[-33,-55],[39,-14],[19,-38],[-41,-35],[-44,-4],[-12,-45],[13,-16],[-43,-30],[-2,-16],[33,-52],[-29,-26],[-15,-170],[-20,-18],[-21,-67],[35,-40],[-11,-34],[60,-54],[29,14],[91,6],[55,-17],[37,-21],[-5,-37],[-39,24],[-29,-12],[28,-55],[-17,-62]],[[23257,8799],[-386,-6],[-798,-6]],[[23179,9673],[19,35],[35,30],[-57,93],[37,19],[8,59],[38,22],[45,-7],[-52,68],[-12,32],[29,48],[32,-28],[4,66],[43,52],[57,-3],[73,74],[34,-12],[19,37],[69,29],[-2,43],[48,44],[2,76],[-29,24],[1,42],[23,-4],[55,23],[7,17],[97,4],[61,12],[75,-14],[39,51],[36,-27],[36,43],[41,12],[11,57],[66,40]],[[24167,10730],[5,-19],[52,22],[31,-2],[44,-20],[67,-8],[39,-36],[49,-77],[9,-39],[22,-13],[122,-37],[-49,-91],[39,-36],[48,-22],[38,-4],[72,-50],[54,-117],[11,-43],[-9,-26],[9,-45],[24,-47],[0,-46],[14,-34],[9,-74],[-45,-138],[31,-96],[103,37],[72,4],[62,37],[153,5],[-25,-55],[-64,-78],[-5,-21],[1,-292],[-8,-28],[-41,-58],[-67,-58],[-20,-115],[-35,-82],[-32,-49],[-63,-63]],[[24884,8816],[-910,-5],[-2,-5],[-715,-7]],[[25437,8820],[-553,-4]],[[24167,10730],[57,83],[42,18],[23,32],[31,18]],[[21655,10882],[124,5],[290,1]],[[22069,10888],[245,5],[116,-2],[442,2],[734,0]],[[15758,36312],[-4,-18]],[[15754,36294],[-58,0],[-42,43],[-83,-22],[-48,-32]],[[3677,5868],[-26,-20]],[[3651,5848],[-30,-42],[-22,-56],[-6,-73]],[[3481,5763],[53,28],[47,147]],[[2652,4249],[318,-1],[109,-23]],[[27077,26060],[35,29],[46,-47],[36,-12],[52,-57]],[[27246,25973],[-49,-44],[44,-48]],[[27241,25881],[-20,-25],[-48,17],[-67,-61],[-79,-30]],[[12810,22582],[-45,103],[-116,162],[-39,38],[-54,75],[-30,84],[-44,-10],[-11,-52],[-64,-40],[-34,-4],[-41,22],[-64,100],[-7,68]],[[11524,24261],[231,2]],[[22514,11813],[30,22],[66,-3],[15,22],[47,9],[121,85],[49,38],[83,15],[66,117],[30,34]],[[23116,12157],[-27,-30],[-8,-105],[11,-36],[13,-148]],[[23105,11838],[-20,-53],[0,-83],[-23,-42],[-38,-23],[-44,-7],[-87,20],[-28,19],[-42,3],[-25,-49],[-63,-62],[-13,53],[-63,72],[-42,34],[-66,38],[-42,34]],[[22509,11792],[5,21]],[[20056,14290],[122,13],[130,-12],[65,-37],[67,-82],[88,-129],[58,-37],[0,44],[32,61],[22,72],[40,-25],[20,-29],[2,-33],[55,-90],[54,-9],[56,-46],[12,-51],[61,-61],[18,-5],[46,-97],[63,-35],[49,-46],[48,-5],[38,-43],[7,-28],[30,-8]],[[21239,13572],[24,-38],[-5,-38],[-30,-74],[-5,-52],[-28,-26],[10,-119],[21,-62],[-9,-36],[-62,-27],[-19,-41],[27,-14],[-8,-114],[-86,-98],[17,-25],[-23,-75],[-30,-18],[-55,8],[2,-32],[-30,-42],[-23,-75],[-26,-27],[5,-57],[14,-46],[-7,-76],[20,-41],[44,-5],[0,-39],[-28,-62],[-7,-69],[-46,-19],[-28,15]],[[20868,12148],[34,68],[-23,35],[24,34],[-1,46],[-19,6],[-47,111],[-82,67],[-72,22],[-23,-18],[-169,-3],[-64,-18],[-45,2],[-30,-19],[-17,-55],[-36,-28],[-56,0],[-74,-33],[-112,-18]],[[22493,12132],[25,145],[37,52],[67,43],[51,43],[29,56],[58,56],[-6,43],[25,10]],[[22514,11813],[-35,119],[-6,116],[20,84]],[[23105,11838],[56,-31],[27,-27],[44,10],[137,5],[71,21],[85,18],[36,19],[47,46]],[[22069,10888],[18,22],[-9,36],[32,30],[-3,20],[30,48],[7,39],[-16,59],[10,78],[22,42],[-1,61],[14,34],[31,27],[19,96],[65,119],[134,86],[45,33],[42,74]],[[20868,12148],[-13,-22],[-9,-59],[20,-44],[-19,-47],[-28,-36]],[[20819,11940],[-42,-63],[-25,-55],[-6,-40],[16,-54],[-20,-201],[-21,-72],[-56,-57],[-10,-51],[-37,-12],[-41,-57],[-40,-16],[35,-78],[27,-36],[32,7],[22,-21],[9,-56],[21,-17],[-15,-29],[-43,-20],[-15,-25],[51,-22],[-3,-21],[38,-58],[60,36],[31,-20],[-31,-22],[-37,-54],[3,-57],[21,-5]],[[20819,11940],[28,-13],[61,4],[26,15],[26,37],[85,18],[10,-41],[-3,-43],[88,4],[100,43],[49,32],[104,28],[43,-20],[12,33],[33,45],[238,10]],[[21719,12092],[98,5],[387,1],[75,39],[47,0],[73,-40],[94,35]],[[21928,14431],[21,32],[49,18],[14,41],[28,15],[55,55],[-1,28],[40,93],[47,28],[45,98],[48,55],[10,56],[39,48],[-6,21],[32,126],[18,38],[31,24],[18,62]],[[23626,14947],[-35,-27],[6,-40],[-30,-35],[-35,-22],[-46,-11],[-21,-37],[-26,1],[-39,-42],[-34,-19],[-82,-69],[-13,-84],[-36,-56],[4,-23],[-24,-36],[-40,26],[-68,-10],[-82,-91],[-63,-25],[-5,-36],[-29,-39],[14,-111],[-14,-41],[-68,-41],[-57,-74],[-18,-12],[-53,-5],[-4,-69],[-35,-47],[-10,-45],[8,-29],[-16,-25],[-35,11],[-57,-63],[-13,-28],[-113,-40],[-1,-59],[-22,-22],[-30,3],[-39,-53],[-21,14],[-17,-37],[-115,-64],[-47,-18],[-42,25],[-40,-69],[-49,-33]],[[22034,13340],[-9,60],[-30,114],[3,53],[-15,64],[-2,50],[-17,2],[-32,40],[3,432],[39,24],[5,66],[-14,51],[4,64],[-6,61],[-35,10]],[[21719,12092],[19,60],[-12,45],[-20,20],[-80,42],[-17,27],[40,28],[34,63],[67,59],[55,-32],[124,-5],[72,-16],[-6,81],[3,71],[21,55],[51,72],[11,42],[22,27],[16,174],[-4,67],[9,73],[5,121],[-42,76],[-37,48],[-16,50]],[[21239,13572],[29,42],[34,88],[-1,16],[42,74],[11,72],[28,30],[7,34],[39,41],[-5,26],[56,87],[35,44],[57,-8],[36,42],[16,1],[27,54],[64,9],[25,49],[40,-2],[63,73],[49,33],[37,54]],[[15838,36094],[16,58],[44,55],[28,101]],[[16082,36351],[-67,-106],[-55,-72],[-62,-106]],[[15898,36067],[-58,0],[-2,27]],[[5628,40388],[-40,-49],[-16,-35],[9,-27],[-10,-49],[-53,-49],[-20,-72],[-19,-28],[-22,-63]],[[5195,43155],[529,-10],[322,-1]],[[6021,41750],[-123,-94],[-37,-7],[-124,29],[-23,-1],[-73,25],[-50,31],[-135,0],[-21,13],[-13,43],[-64,28],[-12,26],[-48,45],[-74,34],[-66,43],[-12,25],[52,26],[-9,66],[0,68],[21,32],[-40,13],[37,30],[13,26],[-3,52],[-25,31],[-39,-9],[-34,37],[-26,-13],[-28,45],[-42,29],[-80,16],[-21,42],[-22,-38],[9,-41],[-46,-46],[-52,32],[-51,14],[-14,39],[-64,79],[-3,33],[-27,0],[-82,-66],[-43,9],[-53,34],[-51,16],[-53,36],[-88,80],[4,43],[32,9],[29,36],[-57,57],[2,65],[-41,21],[-100,83],[-37,-9],[-28,-54],[-24,-16],[-88,81],[-4,76],[-30,15]],[[3940,43069],[41,10],[41,41],[68,-17],[71,65],[41,-2],[30,17]],[[3940,43069],[-28,11],[-28,-80],[-47,-79],[-66,-2],[-52,-20],[23,-49],[36,-26],[4,-39],[48,-47],[79,-108],[31,-5],[-1,-56],[-13,-42],[-31,-39],[-20,-71],[14,-46],[-6,-37],[4,-64],[-15,-49],[-117,-3],[32,-79],[-16,-54],[15,-94],[-61,-29],[-73,21],[-66,-15],[-74,-50],[-47,-66],[-12,-59]],[[2352,40633],[53,510],[69,598],[13,151],[25,143],[10,178],[35,302],[80,734]],[[5864,41238],[-7,17],[-89,47]],[[10942,35149],[15,-60],[42,-45],[-12,-50],[-49,-10],[1,-20],[34,-34],[34,-13],[29,47],[41,-12],[35,-30],[23,0],[10,69],[24,-1],[34,-36],[-1,-35],[-50,-32],[-16,-37],[15,-81],[-9,-55],[32,9],[-9,64],[25,19],[36,-58],[20,-51],[71,-23],[52,74],[30,15],[46,-1],[31,-24],[34,-75],[29,10]],[[15752,36180],[2,114]],[[15838,36094],[-59,44],[-30,5]],[[15749,36143],[3,37]],[[14464,36529],[-13,-61],[29,-241],[38,-98],[91,-173]],[[14609,35956],[-34,-3],[-38,36],[-59,22],[-50,-2],[-39,33],[-40,12],[-24,22],[-30,4]],[[3710,5729],[46,20]],[[3678,5649],[-12,33],[22,36],[22,11]],[[3651,5848],[24,-21],[35,-98]],[[27241,25881],[63,-15],[2,-73],[-10,-35]],[[27246,25973],[31,29],[80,108],[63,17],[62,2]],[[15605,35989],[106,-3],[31,5]],[[15742,35991],[-11,-62],[-26,-59]],[[15888,36015],[72,13]],[[15960,36028],[1,-50],[-28,-108]],[[15755,35885],[63,62],[43,26],[27,42]],[[15742,35991],[-6,58],[13,94]],[[15898,36067],[-10,-52]],[[14508,38287],[11,-68],[-9,-121],[-3,-119],[6,-238],[-4,-56],[-38,-143]],[[22804,36808],[7,-48],[-30,-51],[-61,-67],[-56,-81],[-17,-39],[-32,19],[-47,-1],[-48,24],[-19,22],[-62,20],[-20,16]],[[21650,36694],[-33,12],[3,100],[-1,328],[38,58],[-1,111],[38,1],[-1,91],[39,22],[111,-4],[2,-36],[113,-1]],[[21196,38291],[142,-6],[3,114],[20,-1]],[[21361,38398],[222,-11],[-2,151],[232,-12],[2,152],[65,-4]],[[28647,27911],[-20,-109],[-18,-23],[-80,-32],[-76,-68],[-67,-44],[-53,-63],[-58,-53],[-32,36],[-59,-4],[-6,-41],[-34,-7],[-38,17],[-90,0],[-56,15],[-25,21],[-53,1],[-27,18],[-41,-33]],[[28527,30689],[79,-461],[171,-1004]],[[28897,27948],[1,-48],[14,-42],[43,-53],[34,-20],[24,-83],[43,-26],[-82,-29],[30,-92]],[[29004,27555],[-45,-80],[-60,-48],[-18,-71],[-48,-71],[-15,-62],[-110,-116],[-109,-92],[-42,-81]],[[29004,27555],[40,22],[50,43]],[[29094,27620],[56,-82],[58,-59],[36,-48],[28,-15],[54,-7],[17,-64],[42,-7],[51,-52],[26,-3],[34,-50],[-16,-26],[-56,-21],[-51,15],[-10,-42],[-37,-31],[-12,-26],[31,-102],[39,-55]],[[6613,43793],[-11,26],[-11,101],[-19,42],[-58,38]],[[20796,40232],[120,6],[8,-27],[38,-23],[71,-79],[130,5]],[[21163,40114],[-27,-93]],[[20898,39747],[-77,-4],[1,41],[-46,2],[3,82],[82,-2],[-2,30],[-60,37],[-26,27],[75,74],[-17,50],[21,30],[0,34],[-53,55],[-3,29]],[[14760,33955],[-18,50],[-5,52],[-18,41],[-47,10],[-14,21]],[[16173,36306],[-59,-43],[-34,-37],[14,-74],[-28,-24],[-47,-68],[-59,-32]],[[14724,37946],[104,60],[58,-49],[9,-31],[-22,-30],[-13,-62],[6,-47],[47,-19],[37,27],[21,98],[33,84],[-2,58],[-31,103],[28,25],[97,-102],[30,-2],[18,30],[-27,77],[22,72]],[[15142,37418],[-20,25],[-53,16],[-4,24],[-29,25],[-49,-4],[-65,-30],[-28,0],[-61,-22],[-44,-49],[-31,7],[-104,3],[-18,15],[-26,56],[5,65],[28,14],[2,38],[35,49],[41,32],[25,44],[13,62],[-13,71],[-17,41],[-5,46]],[[17222,35288],[-45,-8],[-77,-93],[-39,-17],[-47,-4],[-66,-69],[-34,18],[-47,-8],[-48,7],[22,54],[-11,20]],[[13616,34515],[111,114],[48,15],[31,26]],[[14562,36553],[55,-145],[27,-101],[20,-102]],[[14605,37259],[39,-65],[49,-29]],[[13068,34408],[54,76],[87,50],[-10,43],[29,36],[2,34]],[[14508,37546],[35,107],[32,46],[59,48],[23,40],[76,45],[-19,96],[10,18]],[[29734,22891],[-82,3],[-24,43],[-39,10],[-37,36],[-46,4],[-17,-14],[-83,-10],[-89,39],[-2,27],[-40,20],[-22,-12],[-78,-14],[-166,50],[-18,23],[-30,72],[-48,-15],[-46,38],[-52,-9],[-29,17],[-76,-7],[-49,4],[-17,-18],[-42,-10],[-44,15],[-108,54],[-44,31],[-25,3],[-23,-30],[-34,-7],[-38,11],[-86,-17],[-34,-22],[-48,-14],[-84,10],[-134,-31]],[[27900,23171],[-57,50],[-148,30],[-114,3],[-83,32],[-10,35],[-41,27],[-44,16],[-15,25],[-1,76]],[[30941,21471],[-82,15],[-52,-18],[-57,-68],[-3,-34],[46,-42],[86,3],[31,-56],[-18,-28],[-94,-48],[-141,-47],[-97,-39],[-68,-13],[-34,-27],[-36,-58],[-83,-76],[-61,-95],[-55,-60],[-52,-77],[-60,-48],[-34,-17],[-51,-51],[62,-195],[15,-92],[34,-98],[39,-75],[-16,-45],[-56,-33],[-23,-64],[15,-66],[-16,-51]],[[28304,20750],[-39,18],[-44,56],[-33,17],[-40,-6],[-52,45],[18,16],[-9,93],[19,37],[54,39],[-18,49],[-11,73],[7,19],[136,-1],[11,39],[-8,38],[0,182],[-16,51],[-14,142],[16,41],[-27,32],[-3,86],[-37,79],[-66,116],[10,20],[117,45],[349,106],[66,25],[41,37],[23,37],[4,49],[-39,44],[-35,26],[-34,74],[-43,65],[-32,31],[-48,-15],[-39,10],[-46,36],[-36,46],[-34,24],[-5,68],[12,34],[-62,6],[-56,22],[-172,49],[-188,11],[-69,36],[74,226],[-6,48]],[[30590,23998],[24,-90],[16,-26],[85,-53],[106,-29],[42,-77],[32,-133],[-74,-65],[-67,-42],[-14,-64],[5,-54],[25,-34],[51,-36],[11,-35],[-69,-2],[-41,15],[-37,-44]],[[27677,8853],[-405,-6],[-341,-7],[-656,-11]],[[22546,38955],[1,33],[-14,59],[3,201],[-10,40],[-40,43],[-69,45],[-44,84],[-52,68],[-34,33]],[[22287,39561],[40,1],[-1,49],[20,1],[-2,104]],[[10195,41419],[-67,-33],[-121,-34],[-93,3],[-67,30],[-71,-5],[-47,21],[-102,-5],[-82,24],[-39,28],[-37,-20],[-40,1],[-23,-37],[-30,3],[-61,-63],[-94,-9],[-44,-109],[-51,-27],[-70,-53],[-54,5],[-67,25],[-73,98],[-34,11],[-54,-22],[-26,-33]],[[30397,24191],[32,-19],[105,-17],[80,3]],[[30614,24158],[1,-22],[-27,-56],[-1,-50]],[[30429,24116],[-32,75]],[[30613,24278],[5,-30],[-4,-90]],[[30397,24191],[-42,29],[-12,19]],[[27035,11109],[-13,-26],[0,-49]],[[27022,11034],[-27,-60],[-59,-68]],[[27183,10845],[6,50],[-13,102]],[[27176,10997],[-2,77],[30,43],[-2,36]],[[27022,11034],[90,0],[64,-37]],[[20783,40261],[13,-29]],[[20733,39618],[-96,-71],[-23,62],[-8,82],[-38,27],[-23,53],[1,95],[-31,31],[61,49],[-29,64],[31,40],[-10,30],[22,47],[-15,44],[43,19],[31,-10],[37,19],[33,0],[5,65],[59,-3]],[[21544,39331],[18,-36],[-6,-66],[17,-89],[1,-83],[-36,-145],[-36,-17],[-2,-146],[-11,-55],[-128,-296]],[[21909,39236],[6,-36],[-19,-33],[3,-43],[-66,-80],[-4,-27],[23,-32],[3,-64],[-54,-49],[-49,-80],[-44,-50],[-26,-59],[57,-4],[75,29],[66,-34]],[[22170,39334],[20,23],[-18,49],[7,48],[-24,27],[-16,59],[1,35]],[[22140,39575],[41,-14],[106,0]],[[21753,46948],[109,2],[20,29],[62,13],[16,17],[-18,57],[-1,61],[-51,57],[35,20],[216,164]],[[22668,47767],[32,-41],[24,-79],[43,-86],[-13,-48],[31,-23],[-11,-30]],[[22774,47460],[-111,-74],[-45,-62],[-93,-112],[-47,-70],[-103,-208],[-53,-75],[-121,-140]],[[22201,46719],[-92,-81],[-123,-84]],[[21986,46554],[-66,67],[-280,177]],[[21986,46554],[-81,-82],[-55,-73],[-473,-518],[-109,-53],[-163,-48]],[[21105,45780],[-11,85],[12,88],[54,98],[55,55],[-37,19],[-49,1],[28,40],[78,71],[33,60],[28,18],[49,87],[87,87],[7,127]],[[23809,49415],[62,-29],[1,-16],[59,-12],[11,-33],[-9,-46],[30,-58],[-11,-36],[93,-76]],[[24045,49109],[-74,-51],[-42,-38],[-136,-173],[-130,-121],[-125,-140],[-122,-164],[-47,-82],[-206,-185],[-57,-92],[-62,-184],[-8,-87],[-34,-100],[-35,-58]],[[22967,47634],[-11,-18],[-85,-68],[-97,-88]],[[20489,45310],[67,142],[40,51],[74,70],[85,94],[66,30],[284,83]],[[21986,46554],[26,-27],[12,-36],[-39,-80],[-53,-55],[-38,-75],[-19,-54],[-21,-22],[-17,-56],[-55,-69],[13,-44],[72,-56],[1,-172],[26,-18],[91,-38],[29,-6],[10,-46],[-11,-62],[69,-84],[28,-49],[48,30],[21,78],[-1,167],[247,-164],[124,-64]],[[21262,44854],[-62,-40],[-46,-14],[-38,-43],[-74,-23],[-43,22],[-19,44],[20,75],[-9,49],[-28,16],[-39,46],[-12,54],[-24,33],[18,26],[-15,47],[-40,24],[62,75],[-22,80],[-39,-28],[-51,18],[-10,22],[27,40],[-24,29],[-25,0],[-51,-50],[-35,30],[-25,61],[-33,-9],[-2,-29],[-83,-56],[-51,-43]],[[24246,49240],[74,48],[43,39],[47,57],[27,51],[23,101],[-6,102],[-25,73],[-49,114],[-16,89],[38,186],[2,38]],[[24404,50138],[667,-12],[175,-5],[51,-341],[21,-186],[40,-241],[17,-120],[65,-399]],[[25252,48666],[-101,19],[-64,19],[39,32],[36,48],[18,99],[40,58],[11,33],[3,66],[-9,28],[-94,111],[-24,15],[-23,-23],[-30,4],[-22,-73],[-36,-20],[-30,-55],[3,-90],[-44,-21],[-17,-27],[-28,-6],[-49,-30],[-86,12],[-55,62],[-25,67],[-63,34],[-11,41],[-59,57],[5,19],[-22,114],[-32,36],[-31,2],[-45,-48],[-28,-15],[-133,6]],[[22201,46719],[40,-1],[83,19],[187,14],[39,-9],[43,9],[72,-21],[119,90],[87,24],[104,12],[22,-32],[-15,-31],[33,-81],[6,-46],[33,18],[62,-43],[40,14],[-2,-33],[-24,-15],[-21,-68],[-1,-130],[27,-7],[54,22],[60,3],[83,-26],[27,-16],[217,1],[37,32],[41,-29]],[[24045,49109],[201,131]],[[24642,47638],[26,44],[-31,39],[-56,22],[-9,28],[-69,16],[0,41],[-62,33],[-45,8],[-21,34],[-32,-12],[-127,45],[-43,62],[-100,14],[-5,-30],[-27,-37],[-61,-61],[50,-19],[2,-48],[-26,-54],[-33,-39],[4,-25],[-42,-15],[-23,8],[-49,-12],[-71,-62],[-40,-16],[-7,-28],[-45,16],[-36,-7],[-89,48],[-43,11],[-42,-21],[-57,-6],[-50,28],[-103,16],[-126,-11],[-124,8],[-63,-22]],[[19818,44514],[9,29],[85,163],[27,16],[89,86],[34,47],[80,144],[99,71],[70,89],[120,95]],[[20803,43868],[-54,-27],[-80,11],[-44,-49],[-181,0],[-22,31],[-45,8],[-59,-39],[-56,1],[-3,19],[-65,2],[-83,-30],[-6,-29],[-93,2],[3,42],[-52,15],[-61,-54],[-62,-26]],[[19840,43745],[-51,18],[-83,46],[-59,66]],[[19647,43875],[69,100],[27,81],[26,238],[19,119],[30,101]],[[20501,42438],[-102,87],[-97,60],[-31,28],[-58,30]],[[19818,44514],[-38,15],[-87,14],[-26,29],[-31,-65],[-158,-162],[-11,15],[-71,203],[-12,64],[-41,35],[-53,-3],[2,47],[18,60],[-3,30],[-23,53],[78,146],[110,123]],[[19647,43875],[-45,-26],[-57,-9],[-144,-8],[-93,17],[-89,-57],[-49,4],[-121,41],[-80,47]],[[18969,43884],[-42,40],[-54,89],[5,46],[28,102],[7,64],[-6,57],[-37,45],[-54,28],[-122,20],[-50,-5],[-93,-43],[-81,-26],[-95,1],[-60,14],[-49,20],[-126,72],[-40,31],[-144,139],[-56,76],[-49,45],[-85,35],[-66,46],[-57,70]],[[20121,43366],[12,60],[-26,42],[-46,29],[-13,30],[3,51],[-20,36],[-57,16],[-62,7],[-49,49],[-23,59]],[[18969,43884],[-105,-257]],[[18864,43627],[-125,-265],[-99,-95],[-110,-91]],[[18530,43176],[-83,96],[-36,13],[-57,40],[-42,46],[-53,22],[-7,42],[-21,12],[-27,51],[24,71],[-2,62],[-16,22],[6,42],[-24,39],[-46,43],[-67,124],[-50,53],[-67,-59]],[[17389,44045],[78,24],[39,0],[0,52],[-19,0],[-36,55],[-52,22],[-5,39],[39,10],[0,57],[-61,55],[-54,105],[-41,41],[-135,58],[-69,10],[-80,112],[-49,36],[-151,50]],[[19273,42935],[-60,-34],[-18,15],[-34,-32],[-44,-2],[-23,-49],[-59,-54],[-44,-15],[-47,-29],[-23,8],[-53,-55],[-18,-65],[6,-33],[-30,-26],[40,-64],[-36,1]],[[18480,42598],[8,42],[58,105],[-12,10],[58,58],[24,12],[24,47],[0,41],[22,40],[37,9],[46,42],[25,1],[10,49],[43,43],[26,51],[50,49],[9,32],[-18,57],[10,18],[46,2],[60,20]],[[17799,42768],[17,132],[16,15],[48,0],[53,49],[26,65],[72,52],[23,44],[-9,32],[29,31],[66,-38],[25,14],[45,-33],[2,-59],[19,-29],[84,-47],[29,-24],[47,1],[44,28],[25,31],[70,144]],[[18864,43627],[151,-47],[85,-69]],[[15584,36182],[24,17],[44,-3],[30,-15],[70,-1]],[[19386,25685],[-32,-51],[-28,-25]],[[19326,25609],[-164,119],[-68,37],[-85,15],[-32,13],[-111,16],[-77,-2]],[[18789,25807],[-86,7],[-53,28],[-96,65],[-45,19],[-75,13],[-110,-18],[-120,14],[-68,-1]],[[29002,28064],[73,-22],[69,42],[22,-16],[49,-78],[8,-27],[-13,-53],[-51,-15],[-36,-36],[-34,-79],[26,-52],[3,-42],[-27,-46],[3,-20]],[[22995,50158],[283,-2],[362,-6],[331,-4],[433,-8]],[[19030,50188],[540,-6],[17,-1],[760,-5],[832,-5]],[[20362,47774],[-4,32],[-63,17],[-37,26],[-53,-8],[-36,-19],[-8,-29],[-46,5],[-50,-23],[-19,-42],[-77,-3],[-95,-22],[-56,-19],[-23,-62],[-38,-7],[-44,-27],[-53,-63],[6,-30],[-48,0],[-7,-36],[-51,-37],[-141,-24],[-21,30],[-36,-1],[-63,-49],[-46,9],[-80,-25],[-47,6],[6,-42],[-69,-53],[-24,83],[-28,57],[-30,125],[-2,84],[-52,-26],[-29,3],[-32,68],[-15,77],[-27,-18],[-41,26]],[[19684,46138],[39,30],[17,37],[-16,41],[0,65],[39,32],[52,29],[48,-14],[49,-31],[86,42],[59,15],[49,2],[122,-18],[83,-6],[-12,36],[-13,93],[-26,87],[-79,133],[-62,114],[6,58],[-4,72],[86,2],[39,-33],[66,-35],[39,16],[96,127],[196,43],[22,15]],[[18529,25071],[127,1],[65,-14],[52,63],[13,71],[72,-70],[75,-85],[5,81],[38,51],[62,46]],[[19038,25215],[38,-59],[41,-28],[22,-65],[17,0],[60,-45],[75,-33],[46,-7],[47,-41],[24,5]],[[19408,24942],[1,-93],[-7,-30]],[[19292,24613],[30,-5],[11,-27],[-10,-60],[23,-26],[60,-17],[17,-28],[83,-2],[25,12],[6,34],[-36,86],[0,46],[233,6],[72,31],[49,-1]],[[19855,24662],[-16,-60],[17,-35],[46,-23],[-6,-22],[51,1],[9,52],[-11,69],[38,108],[45,62],[62,48],[7,43]],[[20993,25226],[-14,-74],[31,-73],[3,-36],[27,-18],[44,-5],[3,-54],[24,-23],[1,-36],[-37,-26],[9,-40],[-22,-63],[16,-95],[29,-24],[2,-48],[-19,-49],[2,-35],[17,-27]],[[21109,24500],[-65,-11],[-115,7],[-84,-14],[-60,14],[-94,-13],[-52,-17],[3,75],[-7,47],[-28,-27],[-109,-4],[-53,-36],[-10,-28],[-44,-7],[-27,16],[-20,-39],[-55,-57],[22,-85],[-38,-142],[3,-25],[-90,-14],[-27,-38],[-61,-31],[-41,50],[-58,-15],[-69,31],[-32,-12]],[[21109,24500],[-22,-42],[-7,-52],[-30,-44],[-1,-32],[27,-12],[2,-39],[19,-26],[-11,-21],[32,-46],[-7,-32],[12,-44],[-21,-31],[12,-27],[-20,-20],[27,-86],[-27,-21],[14,-23],[-36,-36],[25,-54],[20,-19],[-27,-37],[91,-100],[-35,-42],[-23,-1],[-29,-49],[-41,18],[-41,-2]],[[19326,25609],[-81,-77],[-9,-61],[38,-208],[69,-77],[31,-53],[26,-85],[8,-106]],[[19038,25215],[-52,92],[-17,51],[-33,47],[-77,81],[-42,4],[-14,16],[-17,65],[-20,20],[15,45],[2,151],[6,20]],[[20050,24915],[-117,34],[-70,-6],[-48,-36],[-22,-34],[-5,-38],[51,-1],[-6,-66],[83,-17],[-1,-40],[-33,-49],[-27,0]],[[21931,39934],[-61,-18],[-34,0],[-55,-99]],[[21162,39992],[66,41],[7,-20],[51,28],[-6,76],[87,3]],[[21367,40120],[127,4]],[[22140,39575],[-25,9],[-1,88],[-43,62],[-27,64],[18,15]],[[20831,40770],[44,-45],[26,-10],[42,55],[27,10],[6,-42],[33,-47],[44,-20],[33,-30],[12,-39],[-72,-82],[-5,-45],[12,-23],[-19,-29],[-44,-33],[39,-19],[-46,-37],[-93,-14],[-44,-21],[-43,-38]],[[21163,40114],[7,24]],[[21371,40159],[-4,-39]],[[21542,40686],[-52,-79],[-76,-100],[-54,-51],[-103,-62],[-106,-75],[-29,-29],[-33,-58],[1,-42],[84,0],[0,-40]],[[21557,40198],[14,33],[29,26],[123,18],[51,52],[82,104]]],"transform":{"scale":[0.00011360550167966001,0.00009657095486766088],"translate":[-88.473227,30.144425]},"objects":{"Tract_01_2025":{"type":"GeometryCollection","geometries":[{"arcs":[[0,1,2,3,4,5,6]],"type":"Polygon","properties":{"id":"14000US01101001800"}},{"arcs":[[7,8,9,-3]],"type":"Polygon","properties":{"id":"14000US01101001900"}},{"arcs":[[10,11,12,13,14]],"type":"Polygon","properties":{"id":"14000US01101002000"}},{"arcs":[[15,-14,16,17]],"type":"Polygon","properties":{"id":"14000US01101002100"}},{"arcs":[[18,19,20,21,22,23,24,25]],"type":"Polygon","properties":{"id":"14000US01001020700"}},{"arcs":[[26,27,-26,28,29]],"type":"Polygon","properties":{"id":"14000US01001020200"}},{"arcs":[[30,-29,-25,31]],"type":"Polygon","properties":{"id":"14000US01001020600"}},{"arcs":[[32,-30,-31,33,34]],"type":"Polygon","properties":{"id":"14000US01001020100"}},{"arcs":[[35,36,37,-20,38,39]],"type":"Polygon","properties":{"id":"14000US01001020400"}},{"arcs":[[40,41,42,43,44,45]],"type":"Polygon","properties":{"id":"14000US01073012304"}},{"arcs":[[46,47,48,-40,49,-27,-33,50]],"type":"Polygon","properties":{"id":"14000US01001020804"}},{"arcs":[[51,52,53]],"type":"Polygon","properties":{"id":"14000US01045020500"}},{"arcs":[[-54,54,55,56]],"type":"Polygon","properties":{"id":"14000US01045020700"}},{"arcs":[[57,58,59,60,61,62,63,64]],"type":"Polygon","properties":{"id":"14000US01045021400"}},{"arcs":[[65,66,67,68,69]],"type":"Polygon","properties":{"id":"14000US01073005103"}},{"arcs":[[70,71,72,73,74]],"type":"Polygon","properties":{"id":"14000US01073004902"}},{"arcs":[[75,76,77,78,79]],"type":"Polygon","properties":{"id":"14000US01073014409"}},{"arcs":[[80,81,82,83,84,85]],"type":"Polygon","properties":{"id":"14000US01073012905"}},{"arcs":[[86,87,88,89]],"type":"Polygon","properties":{"id":"14000US01073005909"}},{"arcs":[[90,91,-21,-38]],"type":"Polygon","properties":{"id":"14000US01001020501"}},{"arcs":[[92,93,94,95]],"type":"Polygon","properties":{"id":"14000US01001020902"}},{"arcs":[[-95,96,-51,-35,97,98,99]],"type":"Polygon","properties":{"id":"14000US01001020803"}},{"arcs":[[100,101,102,103,-47,-97]],"type":"Polygon","properties":{"id":"14000US01001020805"}},{"arcs":[[104,105,-101,-94,106]],"type":"Polygon","properties":{"id":"14000US01001020901"}},{"arcs":[[107,108,-91,-37]],"type":"Polygon","properties":{"id":"14000US01001020502"}},{"arcs":[[-49,109,-108,-36]],"type":"Polygon","properties":{"id":"14000US01001020503"}},{"arcs":[[110,111,112,113,114,115]],"type":"Polygon","properties":{"id":"14000US01073014001"}},{"arcs":[[116,117,118,119]],"type":"Polygon","properties":{"id":"14000US01073010500"}},{"arcs":[[120,121,122,123,124,125,126,-77,127,128,129]],"type":"Polygon","properties":{"id":"14000US01073014404"}},{"arcs":[[130,131,132,133,134,135]],"type":"Polygon","properties":{"id":"14000US01073003200"}},{"arcs":[[136,137,138,139,140,141,142]],"type":"Polygon","properties":{"id":"14000US01073011706"}},{"arcs":[[143,144,145,146,147,148,149,150]],"type":"Polygon","properties":{"id":"14000US01073012701"}},{"arcs":[[151,152,153,154,155,156]],"type":"Polygon","properties":{"id":"14000US01073005600"}},{"arcs":[[157,158,159,160,161,162,-151,163,-154,164]],"type":"Polygon","properties":{"id":"14000US01073012602"}},{"arcs":[[165,166,167,168,169,170]],"type":"Polygon","properties":{"id":"14000US01073012104"}},{"arcs":[[-155,-164,-150,171,172,173]],"type":"Polygon","properties":{"id":"14000US01073010803"}},{"arcs":[[-68,174,175,-75,176,177]],"type":"Polygon","properties":{"id":"14000US01073005000"}},{"arcs":[[-170,178,179,180,181]],"type":"Polygon","properties":{"id":"14000US01073012403"}},{"arcs":[[-171,-182,182,-41,183,-111,184,185]],"type":"Polygon","properties":{"id":"14000US01073012302"}},{"arcs":[[186,-141,187,188,189,-90,190,191,192,193]],"type":"Polygon","properties":{"id":"14000US01073011901"}},{"arcs":[[-139,194,195,196,197,198,199]],"type":"Polygon","properties":{"id":"14000US01073011205"}},{"arcs":[[-140,-200,200,201,-188]],"type":"Polygon","properties":{"id":"14000US01073011210"}},{"arcs":[[202,203,204,205,206,-168]],"type":"Polygon","properties":{"id":"14000US01073011600"}},{"arcs":[[207,208,209,210,211]],"type":"Polygon","properties":{"id":"14000US01073010100"}},{"arcs":[[212,213,214,215,216,217]],"type":"Polygon","properties":{"id":"14000US01089001302"}},{"arcs":[[218,219,220,221,222]],"type":"Polygon","properties":{"id":"14000US01089003000"}},{"arcs":[[223,224,225,226,227,228]],"type":"Polygon","properties":{"id":"14000US01117030610"}},{"arcs":[[229,230,231,232,233,234]],"type":"Polygon","properties":{"id":"14000US01073014410"}},{"arcs":[[-222,235,236,237,238,239]],"type":"Polygon","properties":{"id":"14000US01089003100"}},{"arcs":[[240,241,242,243,244]],"type":"Polygon","properties":{"id":"14000US01023956800"}},{"arcs":[[-244,245,246,247]],"type":"Polygon","properties":{"id":"14000US01023956900"}},{"arcs":[[-247,248,249,250]],"type":"Polygon","properties":{"id":"14000US01023957000"}},{"arcs":[[251,252,253,254,255]],"type":"Polygon","properties":{"id":"14000US01117030219"}},{"arcs":[[-228,256,257,258]],"type":"Polygon","properties":{"id":"14000US01117030611"}},{"arcs":[[259,260,261,262,263,-257,-227]],"type":"Polygon","properties":{"id":"14000US01117030613"}},{"arcs":[[264,265,266,267,-261,268,269]],"type":"Polygon","properties":{"id":"14000US01117030614"}},{"arcs":[[270,271,272,273,274,275,276]],"type":"Polygon","properties":{"id":"14000US01121010202"}},{"arcs":[[277,-274,278,279,280,281,282,283]],"type":"Polygon","properties":{"id":"14000US01121010102"}},{"arcs":[[284,285,286,-272,287,288]],"type":"Polygon","properties":{"id":"14000US01121010201"}},{"arcs":[[289,290,291,292,-284,293,294,295,296]],"type":"Polygon","properties":{"id":"14000US01121010400"}},{"arcs":[[297,298,299,300,301]],"type":"Polygon","properties":{"id":"14000US01101001100"}},{"arcs":[[302,-81,303,-124]],"type":"Polygon","properties":{"id":"14000US01073012914"}},{"arcs":[[-130,304,305,306,307]],"type":"Polygon","properties":{"id":"14000US01073014412"}},{"arcs":[[308,309,310,311,312,313,314,315]],"type":"Polygon","properties":{"id":"14000US01033020705"}},{"arcs":[[316,317,-314,318,319,320,321]],"type":"Polygon","properties":{"id":"14000US01033020706"}},{"arcs":[[322,323,324,325,326]],"type":"Polygon","properties":{"id":"14000US01089011028"}},{"arcs":[[327,328,329]],"type":"Polygon","properties":{"id":"14000US01089011201"}},{"arcs":[[330,331,332,333,334,335]],"type":"Polygon","properties":{"id":"14000US01089010801"}},{"arcs":[[336,337,338,339]],"type":"Polygon","properties":{"id":"14000US01089011301"}},{"arcs":[[340,341,342,343,344]],"type":"Polygon","properties":{"id":"14000US01089010304"}},{"arcs":[[345,346,347,348,349,350,351,352]],"type":"Polygon","properties":{"id":"14000US01089010626"}},{"arcs":[[353,354,355,356,357]],"type":"Polygon","properties":{"id":"14000US01089010406"}},{"arcs":[[358,359,360,361,362,363]],"type":"Polygon","properties":{"id":"14000US01089011025"}},{"arcs":[[364,365,366,367,368]],"type":"Polygon","properties":{"id":"14000US01003011419"}},{"arcs":[[369,370,371]],"type":"Polygon","properties":{"id":"14000US01003010706"}},{"arcs":[[372,373,374,375]],"type":"Polygon","properties":{"id":"14000US01003011603"}},{"arcs":[[376,377,378,379,380,-370,381]],"type":"Polygon","properties":{"id":"14000US01003010708"}},{"arcs":[[382,383,384,385,386]],"type":"Polygon","properties":{"id":"14000US01003011409"}},{"arcs":[[387,388,389,390]],"type":"Polygon","properties":{"id":"14000US01003011417"}},{"arcs":[[391,392,393,394,395,-390]],"type":"Polygon","properties":{"id":"14000US01003011414"}},{"arcs":[[396,397,-368]],"type":"Polygon","properties":{"id":"14000US01003011416"}},{"arcs":[[398,399,400,401]],"type":"Polygon","properties":{"id":"14000US01015002105"}},{"arcs":[[402,403,404,405,-265,406]],"type":"Polygon","properties":{"id":"14000US01117030616"}},{"arcs":[[-262,407,408,409]],"type":"Polygon","properties":{"id":"14000US01117030503"}},{"arcs":[[410,411,412,413,-266,-406]],"type":"Polygon","properties":{"id":"14000US01117030615"}},{"arcs":[[414,415,416,417]],"type":"Polygon","properties":{"id":"14000US01125012304"}},{"arcs":[[418,419,-418,420,421]],"type":"Polygon","properties":{"id":"14000US01125012404"}},{"arcs":[[422,423,-298,424,425,426]],"type":"Polygon","properties":{"id":"14000US01101001000"}},{"arcs":[[427,428,429,430,-301]],"type":"Polygon","properties":{"id":"14000US01101001200"}},{"arcs":[[-430,431,432,433,434]],"type":"Polygon","properties":{"id":"14000US01101001300"}},{"arcs":[[435,436,437,-11,438,439]],"type":"Polygon","properties":{"id":"14000US01101001500"}},{"arcs":[[440,-5,441,442,443]],"type":"Polygon","properties":{"id":"14000US01101001600"}},{"arcs":[[444,445,446]],"type":"Polygon","properties":{"id":"14000US01087232100"}},{"arcs":[[447,448,449,450,451,452,453]],"type":"Polygon","properties":{"id":"14000US01073012910"}},{"arcs":[[454,455,456,457,458,459,460,461]],"type":"Polygon","properties":{"id":"14000US01131035100"}},{"arcs":[[462,463,464,465,-456]],"type":"Polygon","properties":{"id":"14000US01131034700"}},{"arcs":[[466,467,468,469,470,471,472,-459]],"type":"Polygon","properties":{"id":"14000US01131035200"}},{"arcs":[[473,474,475,476,477,478]],"type":"Polygon","properties":{"id":"14000US01089001902"}},{"arcs":[[479,480,481,482,-342,483]],"type":"Polygon","properties":{"id":"14000US01089010302"}},{"arcs":[[484,485,486,487,488,489,-334]],"type":"Polygon","properties":{"id":"14000US01089010200"}},{"arcs":[[490,491,492,-327,493,494]],"type":"Polygon","properties":{"id":"14000US01089011021"}},{"arcs":[[495,496,497,498,499]],"type":"Polygon","properties":{"id":"14000US01089001801"}},{"arcs":[[-238,500,-499,501,502,-474,503,504]],"type":"Polygon","properties":{"id":"14000US01089001901"}},{"arcs":[[505,506,507,508,509,510,-348,511]],"type":"Polygon","properties":{"id":"14000US01089000403"}},{"arcs":[[512,-506,513,514,515]],"type":"Polygon","properties":{"id":"14000US01089010502"}},{"arcs":[[-339,516,517,518,519,520]],"type":"Polygon","properties":{"id":"14000US01089011400"}},{"arcs":[[-220,521,522,-497,523,524]],"type":"Polygon","properties":{"id":"14000US01089000901"}},{"arcs":[[525,526,-213,527]],"type":"Polygon","properties":{"id":"14000US01089000602"}},{"arcs":[[528,529,530,531,532,533,534,535,536]],"type":"Polygon","properties":{"id":"14000US01089010612"}},{"arcs":[[537,538,539,540]],"type":"Polygon","properties":{"id":"14000US01119011301"}},{"arcs":[[-539,541,542,543,544,545]],"type":"Polygon","properties":{"id":"14000US01119011302"}},{"arcs":[[546,547,548,549,550,551]],"type":"Polygon","properties":{"id":"14000US01125011902"}},{"arcs":[[552,553,554,555,556]],"type":"Polygon","properties":{"id":"14000US01125011402"}},{"arcs":[[557,558,559,560,561,562,563,564,565]],"type":"Polygon","properties":{"id":"14000US01017954001"}},{"arcs":[[566,567,568,569,-560]],"type":"Polygon","properties":{"id":"14000US01017954002"}},{"arcs":[[570,571,572,573,574]],"type":"Polygon","properties":{"id":"14000US01017954800"}},{"arcs":[[575,576,577,578,579,580]],"type":"Polygon","properties":{"id":"14000US01015002504"}},{"arcs":[[581,582,583,584,-279,-273,-287,585]],"type":"Polygon","properties":{"id":"14000US01015001502"}},{"arcs":[[586,587,588,-577,589]],"type":"Polygon","properties":{"id":"14000US01015002503"}},{"arcs":[[590,591,-400,592,593,594,595,596]],"type":"Polygon","properties":{"id":"14000US01015002002"}},{"arcs":[[597,598,599,600,601,-281]],"type":"Polygon","properties":{"id":"14000US01015001103"}},{"arcs":[[602,603,-600,604]],"type":"Polygon","properties":{"id":"14000US01015001102"}},{"arcs":[[605,-595,606,607,608,609,610]],"type":"Polygon","properties":{"id":"14000US01015002001"}},{"arcs":[[611,612,613,614,-584]],"type":"Polygon","properties":{"id":"14000US01015001501"}},{"arcs":[[615,616,617,618,-588]],"type":"Polygon","properties":{"id":"14000US01015001802"}},{"arcs":[[619,-401,-592,620,621,622,-618]],"type":"Polygon","properties":{"id":"14000US01015001801"}},{"arcs":[[-601,-604,623,-611,624,625]],"type":"Polygon","properties":{"id":"14000US01015001101"}},{"arcs":[[626,627,628,629,630,631,632]],"type":"Polygon","properties":{"id":"14000US01097006307"}},{"arcs":[[633,634,635,636]],"type":"Polygon","properties":{"id":"14000US01097006503"}},{"arcs":[[637,638,639,640]],"type":"Polygon","properties":{"id":"14000US01097980000"}},{"arcs":[[641,642,643]],"type":"Polygon","properties":{"id":"14000US01097006903"}},{"arcs":[[-643,644,645,646,647,648]],"type":"Polygon","properties":{"id":"14000US01097006904"}},{"arcs":[[-633,649,650,651]],"type":"Polygon","properties":{"id":"14000US01097006303"}},{"arcs":[[652,653,654,655,656]],"type":"Polygon","properties":{"id":"14000US01049960900"}},{"arcs":[[657,658,659,660,-653,661,662,663,664]],"type":"Polygon","properties":{"id":"14000US01049960500"}},{"arcs":[[665,666,667,668]],"type":"Polygon","properties":{"id":"14000US01117980000"}},{"arcs":[[669,670,671,672,673,674,675,676]],"type":"Polygon","properties":{"id":"14000US01049960200"}},{"arcs":[[677,678,679,680,681,-656]],"type":"Polygon","properties":{"id":"14000US01049961000"}},{"arcs":[[682,683,684,-678,-655]],"type":"Polygon","properties":{"id":"14000US01049961100"}},{"arcs":[[685,686,-662,-657,-682,687,688,689,690,691,692]],"type":"Polygon","properties":{"id":"14000US01049960800"}},{"arcs":[[-674,693,694,695,696,697]],"type":"Polygon","properties":{"id":"14000US01049961400"}},{"arcs":[[698,-675,-698,699,-684]],"type":"Polygon","properties":{"id":"14000US01049961200"}},{"arcs":[[-685,-700,-697,700,-679]],"type":"Polygon","properties":{"id":"14000US01049961300"}},{"arcs":[[701,702,703,704,705,706]],"type":"Polygon","properties":{"id":"14000US01021060600"}},{"arcs":[[707,708,709,710,711,-704]],"type":"Polygon","properties":{"id":"14000US01021060101"}},{"arcs":[[712,713,714,-707,715,716,717,718]],"type":"Polygon","properties":{"id":"14000US01021060500"}},{"arcs":[[719,720,721,722,-710,723,724]],"type":"Polygon","properties":{"id":"14000US01021060200"}},{"arcs":[[725,726,727,-702,-715,728]],"type":"Polygon","properties":{"id":"14000US01021060401"}},{"arcs":[[729,730,731,-720,-727,732,733]],"type":"Polygon","properties":{"id":"14000US01021060300"}},{"arcs":[[734,735,736,737]],"type":"Polygon","properties":{"id":"14000US01047956500"}},{"arcs":[[738,739,740,741,742]],"type":"Polygon","properties":{"id":"14000US01097006409"}},{"arcs":[[743,744,745,-331,746,-508]],"type":"Polygon","properties":{"id":"14000US01089010705"}},{"arcs":[[-352,747,748,749,750,751]],"type":"Polygon","properties":{"id":"14000US01089010625"}},{"arcs":[[752,753,754,755,-355,756]],"type":"Polygon","properties":{"id":"14000US01089010404"}},{"arcs":[[757,-718,758,759,760,761]],"type":"Polygon","properties":{"id":"14000US01047956202"}},{"arcs":[[762,763,764,765,766]],"type":"Polygon","properties":{"id":"14000US01077010200"}},{"arcs":[[767,768,769,770]],"type":"Polygon","properties":{"id":"14000US01077011602"}},{"arcs":[[771,772,773,774,-764,775,776]],"type":"Polygon","properties":{"id":"14000US01077010400"}},{"arcs":[[777,778,779,-310,780,-765,-775]],"type":"Polygon","properties":{"id":"14000US01077010100"}},{"arcs":[[781,782,783,784]],"type":"Polygon","properties":{"id":"14000US01077011300"}},{"arcs":[[785,-771,786,787,788,789,790]],"type":"Polygon","properties":{"id":"14000US01077011502"}},{"arcs":[[791,792,793,794,795,796,797]],"type":"Polygon","properties":{"id":"14000US01081042002"}},{"arcs":[[798,799,800,801,802,803,804]],"type":"Polygon","properties":{"id":"14000US01047957100"}},{"arcs":[[805,806,-804,807,808,-468,809,-464,810]],"type":"Polygon","properties":{"id":"14000US01047957000"}},{"arcs":[[-761,811,812,813,814,815]],"type":"Polygon","properties":{"id":"14000US01047956300"}},{"arcs":[[816,817,818,819,820,821,822]],"type":"Polygon","properties":{"id":"14000US01069040900"}},{"arcs":[[823,824,825,826,827,828,829,830,831]],"type":"Polygon","properties":{"id":"14000US01069040100"}},{"arcs":[[832,833,834,835,836]],"type":"Polygon","properties":{"id":"14000US01069041700"}},{"arcs":[[837,838,839,-818,840,841,842]],"type":"Polygon","properties":{"id":"14000US01069041400"}},{"arcs":[[-820,843,844,845,846,847]],"type":"Polygon","properties":{"id":"14000US01069042000"}},{"arcs":[[848,-835,849,-846]],"type":"Polygon","properties":{"id":"14000US01069041800"}},{"arcs":[[850,851,-837,852,853,-839,854]],"type":"Polygon","properties":{"id":"14000US01069041600"}},{"arcs":[[855,856,857,858]],"type":"Polygon","properties":{"id":"14000US01043964800"}},{"arcs":[[859,860,861,862]],"type":"Polygon","properties":{"id":"14000US01003010906"}},{"arcs":[[-555,863,864,-548,865]],"type":"Polygon","properties":{"id":"14000US01125011401"}},{"arcs":[[866,867,868,869,870,-550]],"type":"Polygon","properties":{"id":"14000US01125011901"}},{"arcs":[[871,872,873,-311,-780,874]],"type":"Polygon","properties":{"id":"14000US01077010800"}},{"arcs":[[-783,875,876,877,-777,878,-767,879,880,881,882,883,884]],"type":"Polygon","properties":{"id":"14000US01077011200"}},{"arcs":[[-769,885,886,887,888,889,890]],"type":"Polygon","properties":{"id":"14000US01077011700"}},{"arcs":[[-379,891,892,-863,893,894,895]],"type":"Polygon","properties":{"id":"14000US01003010903"}},{"arcs":[[896,-373,897,-393,898,899,900,901]],"type":"Polygon","properties":{"id":"14000US01003011601"}},{"arcs":[[902,903,904,905,906]],"type":"Polygon","properties":{"id":"14000US01003011202"}},{"arcs":[[907,908,909,910]],"type":"Polygon","properties":{"id":"14000US01103005201"}},{"arcs":[[911,912,913,914,915,916]],"type":"Polygon","properties":{"id":"14000US01089002100"}},{"arcs":[[917,-916,918,919,920]],"type":"Polygon","properties":{"id":"14000US01089002300"}},{"arcs":[[-920,921,922,923]],"type":"Polygon","properties":{"id":"14000US01089002400"}},{"arcs":[[-919,-915,924,925,926,-922]],"type":"Polygon","properties":{"id":"14000US01089002501"}},{"arcs":[[-923,-927,927,928,929]],"type":"Polygon","properties":{"id":"14000US01089002502"}},{"arcs":[[930,931,932,933]],"type":"Polygon","properties":{"id":"14000US01103005305"}},{"arcs":[[934,935,-934,936,937,938]],"type":"Polygon","properties":{"id":"14000US01103005306"}},{"arcs":[[939,940,941]],"type":"Polygon","properties":{"id":"14000US01099075902"}},{"arcs":[[942,943,944,945,946]],"type":"Polygon","properties":{"id":"14000US01107050401"}},{"arcs":[[947,948,949,950,-944,951]],"type":"Polygon","properties":{"id":"14000US01107050402"}},{"arcs":[[952,953,954,955]],"type":"Polygon","properties":{"id":"14000US01099076102"}},{"arcs":[[956,-942,957,-953,958,959,960]],"type":"Polygon","properties":{"id":"14000US01099075901"}},{"arcs":[[-959,-956,961,962,963]],"type":"Polygon","properties":{"id":"14000US01099076101"}},{"arcs":[[964,-457,-466]],"type":"Polygon","properties":{"id":"14000US01131034801"}},{"arcs":[[-465,-810,-467,-458,-965]],"type":"Polygon","properties":{"id":"14000US01131034802"}},{"arcs":[[965,966,967,968,969,970,971]],"type":"Polygon","properties":{"id":"14000US01057020100"}},{"arcs":[[972,973,974,975,976,977,-968]],"type":"Polygon","properties":{"id":"14000US01057020000"}},{"arcs":[[-977,978,979,980,981,982]],"type":"Polygon","properties":{"id":"14000US01057020400"}},{"arcs":[[983,-969,-978,-983,984,985,986]],"type":"Polygon","properties":{"id":"14000US01057020300"}},{"arcs":[[987,988,989,990,991]],"type":"Polygon","properties":{"id":"14000US01117030340"}},{"arcs":[[992,993,994,-404,995,-989]],"type":"Polygon","properties":{"id":"14000US01117030341"}},{"arcs":[[-268,996,997,998,-730,999,-408]],"type":"Polygon","properties":{"id":"14000US01117030502"}},{"arcs":[[1000,1001,-998,1002]],"type":"Polygon","properties":{"id":"14000US01117030703"}},{"arcs":[[-263,-410,1003,1004,1005,1006,1007]],"type":"Polygon","properties":{"id":"14000US01117030406"}},{"arcs":[[-509,1008,1009,1010]],"type":"Polygon","properties":{"id":"14000US01089000301"}},{"arcs":[[-510,-1011,1011,1012]],"type":"Polygon","properties":{"id":"14000US01089000302"}},{"arcs":[[1013,-917,-918,1014]],"type":"Polygon","properties":{"id":"14000US01089002200"}},{"arcs":[[1015,1016,1017,1018,1019,1020]],"type":"Polygon","properties":{"id":"14000US01065040401"}},{"arcs":[[1021,-1017,1022]],"type":"Polygon","properties":{"id":"14000US01065040402"}},{"arcs":[[1023,1024,1025,1026,1027,1028]],"type":"Polygon","properties":{"id":"14000US01073001600"}},{"arcs":[[-221,-525,1029,1030,-236]],"type":"Polygon","properties":{"id":"14000US01089001000"}},{"arcs":[[1031,1032,1033,1034]],"type":"Polygon","properties":{"id":"14000US01075030101"}},{"arcs":[[1035,-971,1036,1037,-1033]],"type":"Polygon","properties":{"id":"14000US01075030102"}},{"arcs":[[1038,1039,1040,1041]],"type":"Polygon","properties":{"id":"14000US01053970100"}},{"arcs":[[1042,1043,1044,1045,1046]],"type":"Polygon","properties":{"id":"14000US01101005407"}},{"arcs":[[-970,-984,1047,-1037]],"type":"Polygon","properties":{"id":"14000US01057020200"}},{"arcs":[[1048,1049,-252,1050,1051]],"type":"Polygon","properties":{"id":"14000US01117030215"}},{"arcs":[[-258,-264,-1008,1052]],"type":"Polygon","properties":{"id":"14000US01117030407"}},{"arcs":[[1053,1054,1055,1056,-1024,1057,1058,1059,1060]],"type":"Polygon","properties":{"id":"14000US01073000800"}},{"arcs":[[-476,1061,1062,1063]],"type":"Polygon","properties":{"id":"14000US01089002722"}},{"arcs":[[1064,1065,-1061,1066,1067,1068]],"type":"Polygon","properties":{"id":"14000US01073001100"}},{"arcs":[[-1067,-1060,1069,1070,-132,1071]],"type":"Polygon","properties":{"id":"14000US01073001200"}},{"arcs":[[-1059,1072,1073,1074,-1070]],"type":"Polygon","properties":{"id":"14000US01073001400"}},{"arcs":[[-1058,-1029,1075,-1073]],"type":"Polygon","properties":{"id":"14000US01073001500"}},{"arcs":[[-79,1076,1077,1078,1079,-232]],"type":"Polygon","properties":{"id":"14000US01073014408"}},{"arcs":[[1080,1081,1082,1083,-138,1084]],"type":"Polygon","properties":{"id":"14000US01073011301"}},{"arcs":[[1085,1086,1087,1088,1089,1090,-450,1091,1092]],"type":"Polygon","properties":{"id":"14000US01073012703"}},{"arcs":[[-524,-496,1093,-1030]],"type":"Polygon","properties":{"id":"14000US01089000902"}},{"arcs":[[1094,1095,1096,-1042,1097,1098,1099,1100,1101]],"type":"Polygon","properties":{"id":"14000US01053969900"}},{"arcs":[[1102,-963,1103,-1095,1104,1105,1106]],"type":"Polygon","properties":{"id":"14000US01053970400"}},{"arcs":[[-1106,1107,1108,1109,1110,1111]],"type":"Polygon","properties":{"id":"14000US01053970500"}},{"arcs":[[-1105,-1102,1112,1113,1114,-1108]],"type":"Polygon","properties":{"id":"14000US01053970300"}},{"arcs":[[-1115,1115,-1109]],"type":"Polygon","properties":{"id":"14000US01053970600"}},{"arcs":[[-1116,-1114,1116,-1110]],"type":"Polygon","properties":{"id":"14000US01053970700"}},{"arcs":[[-1041,1117,-1098]],"type":"Polygon","properties":{"id":"14000US01053970200"}},{"arcs":[[1118,1119,1120,1121,1122,-241,1123]],"type":"Polygon","properties":{"id":"14000US01023956700"}},{"arcs":[[1124,1125,1126,1127,1128,1129,1130]],"type":"Polygon","properties":{"id":"14000US01101005611"}},{"arcs":[[1131,1132,1133,1134,1135,-1130]],"type":"Polygon","properties":{"id":"14000US01101005608"}},{"arcs":[[1136,1137,1138,1139,-1134,1140,1141]],"type":"Polygon","properties":{"id":"14000US01101005503"}},{"arcs":[[1142,1143,1144,1145,1146,1147,-1138,1148]],"type":"Polygon","properties":{"id":"14000US01101005501"}},{"arcs":[[-1147,1149,1150,1151]],"type":"Polygon","properties":{"id":"14000US01101005504"}},{"arcs":[[-1148,-1152,1152,-1139]],"type":"Polygon","properties":{"id":"14000US01101005502"}},{"arcs":[[-1129,1153,-1132]],"type":"Polygon","properties":{"id":"14000US01101005612"}},{"arcs":[[1154,1155,1156,-208,1157]],"type":"Polygon","properties":{"id":"14000US01073013601"}},{"arcs":[[1158,1159,1160,1161]],"type":"Polygon","properties":{"id":"14000US01007010005"}},{"arcs":[[1162,1163,1164,1165,1166,-1131,-1136,1167,1168]],"type":"Polygon","properties":{"id":"14000US01101005610"}},{"arcs":[[1169,1170,1171,1172]],"type":"Polygon","properties":{"id":"14000US01133965502"}},{"arcs":[[1173,1174,1175,1176,1177,-1170,1178]],"type":"Polygon","properties":{"id":"14000US01133965501"}},{"arcs":[[-1178,1179,1180,1181,-1171]],"type":"Polygon","properties":{"id":"14000US01133965503"}},{"arcs":[[1182,1183,1184,1185,-1158,-212,1186,1187,1188]],"type":"Polygon","properties":{"id":"14000US01073013801"}},{"arcs":[[-44,1189,1190,1191,-1185,1192,1193]],"type":"Polygon","properties":{"id":"14000US01073013901"}},{"arcs":[[1194,-1193,-1184,1195]],"type":"Polygon","properties":{"id":"14000US01073013902"}},{"arcs":[[1196,1197,1198,1199,1200]],"type":"Polygon","properties":{"id":"14000US01073014105"}},{"arcs":[[1201,1202,1203,1204,1205,-1160]],"type":"Polygon","properties":{"id":"14000US01007010006"}},{"arcs":[[1206,1207,1208,1209,1210,1211,1212,1213]],"type":"Polygon","properties":{"id":"14000US01007010011"}},{"arcs":[[1214,1215,-713,1216,1217]],"type":"Polygon","properties":{"id":"14000US01007010007"}},{"arcs":[[1218,-1205,1219,1220,1221,1222,-1215,1223]],"type":"Polygon","properties":{"id":"14000US01007010008"}},{"arcs":[[1224,-1218,1225,-1211]],"type":"Polygon","properties":{"id":"14000US01007010009"}},{"arcs":[[1226,-1224,-1225,-1210]],"type":"Polygon","properties":{"id":"14000US01007010010"}},{"arcs":[[1227,-1051,-256,1228,-413]],"type":"Polygon","properties":{"id":"14000US01117030218"}},{"arcs":[[1229,1230,1231,1232,1233,1234,-667,1235]],"type":"Polygon","properties":{"id":"14000US01117030348"}},{"arcs":[[-668,-1235,1236,1237,-1228,-412,1238]],"type":"Polygon","properties":{"id":"14000US01117030349"}},{"arcs":[[-1090,1239,1240,1241,1242]],"type":"Polygon","properties":{"id":"14000US01117030221"}},{"arcs":[[1243,1244,1245,1246,1247,-1233,-1241]],"type":"Polygon","properties":{"id":"14000US01117030220"}},{"arcs":[[1248,1249,1250,1251,1252,1253,1254,-1220,-1204]],"type":"Polygon","properties":{"id":"14000US01117030350"}},{"arcs":[[1255,-269,-260,-226]],"type":"Polygon","properties":{"id":"14000US01117030612"}},{"arcs":[[-451,1256,1257,1258]],"type":"Polygon","properties":{"id":"14000US01117030347"}},{"arcs":[[-452,-1259,1259,1260,1261]],"type":"Polygon","properties":{"id":"14000US01117030346"}},{"arcs":[[1262,1263,-234,1264,1265,-1252]],"type":"Polygon","properties":{"id":"14000US01117030351"}},{"arcs":[[-233,-1080,1266,1267,1268,1269,-1265]],"type":"Polygon","properties":{"id":"14000US01117030352"}},{"arcs":[[1270,1271,1272,1273,1274,1275]],"type":"Polygon","properties":{"id":"14000US01073011109"}},{"arcs":[[-114,1276,1277,-1189,1278,1279]],"type":"Polygon","properties":{"id":"14000US01073014002"}},{"arcs":[[-146,1280,1281,1282,1283,1284,1285]],"type":"Polygon","properties":{"id":"14000US01073011002"}},{"arcs":[[-147,-1286,1286,1287,-1245,1288,-1088]],"type":"Polygon","properties":{"id":"14000US01073012704"}},{"arcs":[[1289,1290,1291,1292,1293,1294,-196]],"type":"Polygon","properties":{"id":"14000US01073011110"}},{"arcs":[[1295,1296,1297,1298,-1039,-1097,1299]],"type":"Polygon","properties":{"id":"14000US01035960400"}},{"arcs":[[1300,1301,1302,1303,1304,1305,1306,-1298]],"type":"Polygon","properties":{"id":"14000US01035960600"}},{"arcs":[[-955,1307,1308,1309,-1300,-1096,-1104,-962]],"type":"Polygon","properties":{"id":"14000US01035960300"}},{"arcs":[[-1301,-1297,1310]],"type":"Polygon","properties":{"id":"14000US01035960500"}},{"arcs":[[1311,1312,1313,-972,-1036,-1032,1314]],"type":"Polygon","properties":{"id":"14000US01075030000"}},{"arcs":[[-1034,-1038,-1048,-987,1315,1316,1317,1318]],"type":"Polygon","properties":{"id":"14000US01075030200"}},{"arcs":[[-1091,-1243,1319,-1257]],"type":"Polygon","properties":{"id":"14000US01117030212"}},{"arcs":[[-1234,-1248,1320,-1237]],"type":"Polygon","properties":{"id":"14000US01117030216"}},{"arcs":[[1321,1322,1323,1324,-1190,-43]],"type":"Polygon","properties":{"id":"14000US01073003500"}},{"arcs":[[1325,1326,1327]],"type":"Polygon","properties":{"id":"14000US01073003600"}},{"arcs":[[1328,1329,1330,1331,1332,1333,1334]],"type":"Polygon","properties":{"id":"14000US01081040602"}},{"arcs":[[1335,1336,-489,1337,-517,-338]],"type":"Polygon","properties":{"id":"14000US01089010902"}},{"arcs":[[1338,1339,1340,1341,1342,1343,-975]],"type":"Polygon","properties":{"id":"14000US01127021200"}},{"arcs":[[1344,1345,1346,1347,1348,1349]],"type":"Polygon","properties":{"id":"14000US01009050601"}},{"arcs":[[-1255,1350,1351,-229,-259,-1053,1352,-1221]],"type":"Polygon","properties":{"id":"14000US01117030408"}},{"arcs":[[-669,-1239,-411,-405,-995,1353]],"type":"Polygon","properties":{"id":"14000US01117030345"}},{"arcs":[[-1327,1354,1355,1356,1357,1358]],"type":"Polygon","properties":{"id":"14000US01073003802"}},{"arcs":[[1359,1360,1361,1362,1363,-1357]],"type":"Polygon","properties":{"id":"14000US01073003803"}},{"arcs":[[1364,1365,1366,1367,1368,-1360,-1356]],"type":"Polygon","properties":{"id":"14000US01073003900"}},{"arcs":[[-1369,1369,1370,1371,-1361]],"type":"Polygon","properties":{"id":"14000US01073004000"}},{"arcs":[[1372,1373,1374,1375,-175,-67,1376,-1371]],"type":"Polygon","properties":{"id":"14000US01073004200"}},{"arcs":[[1377,1378,1379,1380]],"type":"Polygon","properties":{"id":"14000US01101005605"}},{"arcs":[[1381,1382,1383]],"type":"Polygon","properties":{"id":"14000US01089001401"}},{"arcs":[[1384,1385,1386,1387,1388,1389]],"type":"Polygon","properties":{"id":"14000US01089002922"}},{"arcs":[[1390,-534,-1384,1391,1392,-361]],"type":"Polygon","properties":{"id":"14000US01089011012"}},{"arcs":[[-1393,1393,1394,-362]],"type":"Polygon","properties":{"id":"14000US01089011013"}},{"arcs":[[-1316,-986,1395,-949,1396]],"type":"Polygon","properties":{"id":"14000US01107050000"}},{"arcs":[[1397,1398,-952,-943,1399]],"type":"Polygon","properties":{"id":"14000US01107050300"}},{"arcs":[[-1317,-1397,-948,-1399,1400]],"type":"Polygon","properties":{"id":"14000US01107050100"}},{"arcs":[[1401,-1318,-1401,-1398]],"type":"Polygon","properties":{"id":"14000US01107050200"}},{"arcs":[[-1343,1402,1403,1404,1405,1406]],"type":"Polygon","properties":{"id":"14000US01127020100"}},{"arcs":[[1407,1408,1409,1410,1411,-1405]],"type":"Polygon","properties":{"id":"14000US01127021500"}},{"arcs":[[1412,1413,1414,1415,-1410]],"type":"Polygon","properties":{"id":"14000US01127021700"}},{"arcs":[[1416,-1411,-1416,1417,1418,1419]],"type":"Polygon","properties":{"id":"14000US01127021600"}},{"arcs":[[1420,-1350,1421,1422,1423,1424]],"type":"Polygon","properties":{"id":"14000US01127021900"}},{"arcs":[[1425,1426,1427,1428,1429,1430,1431,1432]],"type":"Polygon","properties":{"id":"14000US01083021101"}},{"arcs":[[1433,1434,1435,1436,1437,1438]],"type":"Polygon","properties":{"id":"14000US01083020403"}},{"arcs":[[1439,1440,-757,1441]],"type":"Polygon","properties":{"id":"14000US01083020103"}},{"arcs":[[-1438,1442,-1426,1443,1444,1445]],"type":"Polygon","properties":{"id":"14000US01083020404"}},{"arcs":[[-1429,1446,1447,-495,1448,1449,1450,1451,1452]],"type":"Polygon","properties":{"id":"14000US01083021203"}},{"arcs":[[1453,1454,1455,-1447,-1428,1456]],"type":"Polygon","properties":{"id":"14000US01083021202"}},{"arcs":[[1457,1458,1459,-529,1460,-1455,1461]],"type":"Polygon","properties":{"id":"14000US01083020803"}},{"arcs":[[1462,-1462,-1454,1463,1464]],"type":"Polygon","properties":{"id":"14000US01083020804"}},{"arcs":[[1465,1466,-1459,1467]],"type":"Polygon","properties":{"id":"14000US01083020805"}},{"arcs":[[-1461,-537,1468,1469,-491,-1448,-1456]],"type":"Polygon","properties":{"id":"14000US01083021201"}},{"arcs":[[-1442,-354,1470,1471]],"type":"Polygon","properties":{"id":"14000US01083020104"}},{"arcs":[[1472,1473,1474,1475,1476,1477,1478,1479,1480]],"type":"Polygon","properties":{"id":"14000US01011952500"}},{"arcs":[[1481,1482,1483,1484,1485,1486]],"type":"Polygon","properties":{"id":"14000US01111000600"}},{"arcs":[[-295,1487,1488,1489]],"type":"Polygon","properties":{"id":"14000US01027959000"}},{"arcs":[[1490,1491,1492,1493,1494]],"type":"Polygon","properties":{"id":"14000US01081042003"}},{"arcs":[[-275,-278,-293,1495,1496,1497,1498,1499,1500]],"type":"Polygon","properties":{"id":"14000US01121010301"}},{"arcs":[[1501,1502,1503,-1497]],"type":"Polygon","properties":{"id":"14000US01121010600"}},{"arcs":[[1504,1505,-276,-1501,1506,1507]],"type":"Polygon","properties":{"id":"14000US01121010302"}},{"arcs":[[1508,1509,1510,1511,1512,-1329,1513]],"type":"Polygon","properties":{"id":"14000US01081040901"}},{"arcs":[[1514,1515,1516,1517,1518]],"type":"Polygon","properties":{"id":"14000US01019955900"}},{"arcs":[[1519,1520,-1516,1521]],"type":"Polygon","properties":{"id":"14000US01019956000"}},{"arcs":[[1522,1523,1524,1525,1526,1527]],"type":"Polygon","properties":{"id":"14000US01093964001"}},{"arcs":[[1528,1529,-402,-620,-617,1530]],"type":"Polygon","properties":{"id":"14000US01015002104"}},{"arcs":[[1531,1532,-1527,1533,1534]],"type":"Polygon","properties":{"id":"14000US01093964002"}},{"arcs":[[1535,-788,1536,1537,1538,-312,-874]],"type":"Polygon","properties":{"id":"14000US01077011503"}},{"arcs":[[1539,-1468,-1458,-1463,1540]],"type":"Polygon","properties":{"id":"14000US01083020806"}},{"arcs":[[1541,1542,-1464,-1457,-1427,1543]],"type":"Polygon","properties":{"id":"14000US01083021102"}},{"arcs":[[-680,-701,-696,1544,1545,1546]],"type":"Polygon","properties":{"id":"14000US01019955702"}},{"arcs":[[1547,-791,1548,-877,1549]],"type":"Polygon","properties":{"id":"14000US01077011401"}},{"arcs":[[1550,1551,1552,-973,-967,1553]],"type":"Polygon","properties":{"id":"14000US01093964701"}},{"arcs":[[1554,1555,1556,-1538]],"type":"Polygon","properties":{"id":"14000US01077011605"}},{"arcs":[[1557,-1551,1558]],"type":"Polygon","properties":{"id":"14000US01093964702"}},{"arcs":[[1559,1560,1561,-1312,1562]],"type":"Polygon","properties":{"id":"14000US01093964402"}},{"arcs":[[1563,1564,1565,-1313,-1562]],"type":"Polygon","properties":{"id":"14000US01093964401"}},{"arcs":[[-890,1566,1567,-1556,1568]],"type":"Polygon","properties":{"id":"14000US01077011606"}},{"arcs":[[1569,-1550,-876,-782]],"type":"Polygon","properties":{"id":"14000US01077011402"}},{"arcs":[[-789,-1536,-873,1570,1571,1572,1573,1574]],"type":"Polygon","properties":{"id":"14000US01077011504"}},{"arcs":[[1575,1576,1577,1578,1579,1580],[1581]],"type":"Polygon","properties":{"id":"14000US01095030203"}},{"arcs":[[-1572,1582,1583,1584]],"type":"Polygon","properties":{"id":"14000US01077010902"}},{"arcs":[[-1571,-872,1585,1586,-1583]],"type":"Polygon","properties":{"id":"14000US01077010901"}},{"arcs":[[1587,-1581,1588,-519]],"type":"Polygon","properties":{"id":"14000US01095030205"}},{"arcs":[[1589,1590,1591,1592]],"type":"Polygon","properties":{"id":"14000US01095030501"}},{"arcs":[[1593,1594,1595,1596,1597,1598]],"type":"Polygon","properties":{"id":"14000US01095031002"}},{"arcs":[[1599,1600,1601,1602,-1597]],"type":"Polygon","properties":{"id":"14000US01095031001"}},{"arcs":[[1603,1604,1605,1606,1607,1608,1609]],"type":"Polygon","properties":{"id":"14000US01123962701"}},{"arcs":[[1610,1611,1612,1613,1614,1615,1616]],"type":"Polygon","properties":{"id":"14000US01123962302"}},{"arcs":[[1617,1618,1619,1620,-1615]],"type":"Polygon","properties":{"id":"14000US01123962301"}},{"arcs":[[1621,-1608,1622,1623]],"type":"Polygon","properties":{"id":"14000US01123962702"}},{"arcs":[[1624,-1584,-1587,-778,-774]],"type":"Polygon","properties":{"id":"14000US01077010600"}},{"arcs":[[-566,1625,-1605,1626,1627]],"type":"Polygon","properties":{"id":"14000US01123962600"}},{"arcs":[[1628,-1612,1629]],"type":"Polygon","properties":{"id":"14000US01123962100"}},{"arcs":[[1630,1631,-1197]],"type":"Polygon","properties":{"id":"14000US01073010402"}},{"arcs":[[1632,1633,-556,-866,-547,1634,1635,1636,1637]],"type":"Polygon","properties":{"id":"14000US01125011600"}},{"arcs":[[-1636,1638,1639]],"type":"Polygon","properties":{"id":"14000US01125011701"}},{"arcs":[[1640,1641,1642,1643,1644,1645,-881]],"type":"Polygon","properties":{"id":"14000US01033020300"}},{"arcs":[[-882,-1646,1646]],"type":"Polygon","properties":{"id":"14000US01033020400"}},{"arcs":[[-663,-687,1647,1648,1649]],"type":"Polygon","properties":{"id":"14000US01049960601"}},{"arcs":[[-676,-699,1650,1651]],"type":"Polygon","properties":{"id":"14000US01049960401"}},{"arcs":[[1652,1653,-693,1654,1655,1656]],"type":"Polygon","properties":{"id":"14000US01049960703"}},{"arcs":[[1657,1658,1659,-152,1660,1661]],"type":"Polygon","properties":{"id":"14000US01073002306"}},{"arcs":[[-1074,1662,1663,-1374,1664]],"type":"Polygon","properties":{"id":"14000US01073002900"}},{"arcs":[[-133,-1071,1665,-1367,1666]],"type":"Polygon","properties":{"id":"14000US01073003001"}},{"arcs":[[-1075,-1665,-1373,-1370,-1368,-1666]],"type":"Polygon","properties":{"id":"14000US01073003002"}},{"arcs":[[-134,-1667,-1366,1667]],"type":"Polygon","properties":{"id":"14000US01073003100"}},{"arcs":[[1668,1669,1670,1671,-469,-809]],"type":"Polygon","properties":{"id":"14000US01085781100"}},{"arcs":[[1672,1673,1674,1675,1676,1677]],"type":"Polygon","properties":{"id":"14000US01097004800"}},{"arcs":[[1678,1679,1680,-1156,1681]],"type":"Polygon","properties":{"id":"14000US01073010603"}},{"arcs":[[1682,1683,1684]],"type":"Polygon","properties":{"id":"14000US01073010701"}},{"arcs":[[-1683,1685,1686,1687,1688,1689]],"type":"Polygon","properties":{"id":"14000US01073010702"}},{"arcs":[[1690,-82,1691,-1688]],"type":"Polygon","properties":{"id":"14000US01073010703"}},{"arcs":[[-1639,-1635,-552,1692,1693,1694]],"type":"Polygon","properties":{"id":"14000US01125011800"}},{"arcs":[[1695,1696,-833,-852,1697,1698]],"type":"Polygon","properties":{"id":"14000US01067030600"}},{"arcs":[[1699,-1698,-851,1700,-60]],"type":"Polygon","properties":{"id":"14000US01067030500"}},{"arcs":[[1701,1702,1703,1704,-1696,1705]],"type":"Polygon","properties":{"id":"14000US01067030300"}},{"arcs":[[1706,-1703,1707,-1706,1708,1709,1710]],"type":"Polygon","properties":{"id":"14000US01067030100"}},{"arcs":[[-1702,-1708]],"type":"Polygon","properties":{"id":"14000US01067030200"}},{"arcs":[[-1709,-1699,-1700,-59,1711]],"type":"Polygon","properties":{"id":"14000US01067030400"}},{"arcs":[[1712,-1641,-880]],"type":"Polygon","properties":{"id":"14000US01033020200"}},{"arcs":[[1713,-677,-1652,1714,1715,1716]],"type":"Polygon","properties":{"id":"14000US01049960301"}},{"arcs":[[1717,1718,1719,1720,1721,1722,1723]],"type":"Polygon","properties":{"id":"14000US01073001902"}},{"arcs":[[-1721,1724,-158,1725,1726]],"type":"Polygon","properties":{"id":"14000US01073002000"}},{"arcs":[[-1727,1727,-1722]],"type":"Polygon","properties":{"id":"14000US01073002200"}},{"arcs":[[1728,-1723,-1728,-1726,-165,-153,-1660,1729]],"type":"Polygon","properties":{"id":"14000US01073002303"}},{"arcs":[[1730,1731,-1730,-1659]],"type":"Polygon","properties":{"id":"14000US01073002305"}},{"arcs":[[-4,-10,1732,1733,-442]],"type":"Polygon","properties":{"id":"14000US01101001700"}},{"arcs":[[-1644,1734,-322,1735,1736]],"type":"Polygon","properties":{"id":"14000US01033020600"}},{"arcs":[[1737,-1072,-131,1738,-1323]],"type":"Polygon","properties":{"id":"14000US01073003300"}},{"arcs":[[-1324,-1739,-136,1739,1740]],"type":"Polygon","properties":{"id":"14000US01073003400"}},{"arcs":[[1741,1742,1743,1744,1745,1746,-1670]],"type":"Polygon","properties":{"id":"14000US01085780800"}},{"arcs":[[-1747,1747,1748,1749,1750,1751,-1671]],"type":"Polygon","properties":{"id":"14000US01085781200"}},{"arcs":[[1752,1753,1754,-1742,-1669,-808,-803]],"type":"Polygon","properties":{"id":"14000US01085781000"}},{"arcs":[[-937,-933,1755,1756]],"type":"Polygon","properties":{"id":"14000US01103005303"}},{"arcs":[[1757,1758]],"type":"Polygon","properties":{"id":"14000US01045020801"}},{"arcs":[[1759,1760,1761,1762,1763,1764]],"type":"Polygon","properties":{"id":"14000US01113030700"}},{"arcs":[[-540,-546,1765,-1120,1766,1767]],"type":"Polygon","properties":{"id":"14000US01119011500"}},{"arcs":[[-1767,-1119,1768]],"type":"Polygon","properties":{"id":"14000US01119011600"}},{"arcs":[[1769,1770,-637,1771,1772,1773]],"type":"Polygon","properties":{"id":"14000US01097006505"}},{"arcs":[[1774,1775,1776,1777,1778]],"type":"Polygon","properties":{"id":"14000US01103000900"}},{"arcs":[[1779,1780,-1779,1781]],"type":"Polygon","properties":{"id":"14000US01103001000"}},{"arcs":[[1782,-84,1783,1784,-448,1785,1786]],"type":"Polygon","properties":{"id":"14000US01073012911"}},{"arcs":[[1787,1788,-1784,1789]],"type":"Polygon","properties":{"id":"14000US01073012802"}},{"arcs":[[1790,1791,1792,1793,1794,1795,-1078]],"type":"Polygon","properties":{"id":"14000US01073012913"}},{"arcs":[[-191,-89,1796,1797,1798,1799]],"type":"Polygon","properties":{"id":"14000US01073011904"}},{"arcs":[[1800,1801,1802,1803,1804]],"type":"Polygon","properties":{"id":"14000US01031011100"}},{"arcs":[[1805,1806,1807]],"type":"Polygon","properties":{"id":"14000US01083020500"}},{"arcs":[[1808,1809,1810,-1434,1811]],"type":"Polygon","properties":{"id":"14000US01083020300"}},{"arcs":[[-443,-1734,1812,1813,1814,-437]],"type":"Polygon","properties":{"id":"14000US01101003301"}},{"arcs":[[1815,1816,1817,1818,-8,-2]],"type":"Polygon","properties":{"id":"14000US01101005301"}},{"arcs":[[1819,1820,1821,-1818]],"type":"Polygon","properties":{"id":"14000US01101005302"}},{"arcs":[[1822,1823,1824,1825]],"type":"Polygon","properties":{"id":"14000US01097005601"}},{"arcs":[[1826,-1823,1827,1828,1829,1830]],"type":"Polygon","properties":{"id":"14000US01097005701"}},{"arcs":[[-1826,1831,1832,-1828]],"type":"Polygon","properties":{"id":"14000US01097005602"}},{"arcs":[[1833,1834,1835,1836]],"type":"Polygon","properties":{"id":"14000US01097006202"}},{"arcs":[[1837,-1830,1838,1839,1840,1841]],"type":"Polygon","properties":{"id":"14000US01097006107"}},{"arcs":[[-1773,1842,1843,1844,1845]],"type":"Polygon","properties":{"id":"14000US01097006504"}},{"arcs":[[-632,1846,1847,-650]],"type":"Polygon","properties":{"id":"14000US01097006306"}},{"arcs":[[1848,1849,1850,1851,1852]],"type":"Polygon","properties":{"id":"14000US01097003712"}},{"arcs":[[1853,-742,1854,-634]],"type":"Polygon","properties":{"id":"14000US01097006412"}},{"arcs":[[-743,-1854,-1771,1855]],"type":"Polygon","properties":{"id":"14000US01097006413"}},{"arcs":[[1856,1857,1858,1859,1860,1861,1862]],"type":"Polygon","properties":{"id":"14000US01097007204"}},{"arcs":[[1863,1864,1865]],"type":"Polygon","properties":{"id":"14000US01097006703"}},{"arcs":[[-1862,1866]],"type":"Polygon","properties":{"id":"14000US01097007203"}},{"arcs":[[-1835,1867,1868,-627,-652,1869]],"type":"Polygon","properties":{"id":"14000US01097006304"}},{"arcs":[[-631,1870,1871,1872,1873,-1847]],"type":"Polygon","properties":{"id":"14000US01097003410"}},{"arcs":[[-1829,1874,1875,1876,1877,1878,-1839]],"type":"Polygon","properties":{"id":"14000US01097006106"}},{"arcs":[[1879,1880,1881,-1868,-1834,1882]],"type":"Polygon","properties":{"id":"14000US01097006201"}},{"arcs":[[1883,1884,1885,-1482,1886]],"type":"Polygon","properties":{"id":"14000US01111000300"}},{"arcs":[[-1886,1887,1888,1889,-1483]],"type":"Polygon","properties":{"id":"14000US01111000400"}},{"arcs":[[1890,-1863,-1867,-1861,1891,1892,1893,1894,1895,1896,1897]],"type":"Polygon","properties":{"id":"14000US01097990000"}},{"arcs":[[1898,1899,1900,1901,1902,1903]],"type":"Polygon","properties":{"id":"14000US01051030600"}},{"arcs":[[1904,1905,1906,1907,-1899]],"type":"Polygon","properties":{"id":"14000US01051030500"}},{"arcs":[[1908,1909,1910,1911,1912]],"type":"Polygon","properties":{"id":"14000US01055011002"}},{"arcs":[[1913,1914,1915,1916,1917,1918,1919,1920]],"type":"Polygon","properties":{"id":"14000US01055001200"}},{"arcs":[[-690,1921,1922,1923,1924,1925]],"type":"Polygon","properties":{"id":"14000US01055010800"}},{"arcs":[[1926,-1519,1927,1928,1929,1930,1931,1932]],"type":"Polygon","properties":{"id":"14000US01055010602"}},{"arcs":[[1933,1934,1935,-1917,1936]],"type":"Polygon","properties":{"id":"14000US01055000200"}},{"arcs":[[1937,1938,1939]],"type":"Polygon","properties":{"id":"14000US01055010401"}},{"arcs":[[1940,1941,1942,1943,-1619]],"type":"Polygon","properties":{"id":"14000US01123962501"}},{"arcs":[[1944,-1486,1945,1946,-1942,1947,1948]],"type":"Polygon","properties":{"id":"14000US01123961900"}},{"arcs":[[1949,1950,1951,1952,1953,-1880,1954]],"type":"Polygon","properties":{"id":"14000US01097005900"}},{"arcs":[[-1954,1955,-1831,-1838,1956,-1881]],"type":"Polygon","properties":{"id":"14000US01097006104"}},{"arcs":[[-1875,-1833,1957,1958]],"type":"Polygon","properties":{"id":"14000US01097005500"}},{"arcs":[[-648,1959,1960,1961,1962]],"type":"Polygon","properties":{"id":"14000US01097007101"}},{"arcs":[[-1873,1963,1964,1965,1966,1967]],"type":"Polygon","properties":{"id":"14000US01097003404"}},{"arcs":[[1968,-1866,1969,-1858,1970]],"type":"Polygon","properties":{"id":"14000US01097007300"}},{"arcs":[[-1845,1971,1972,-1971,-1857,-1891,1973]],"type":"Polygon","properties":{"id":"14000US01097006600"}},{"arcs":[[1974,1975,1976,1977,1978,1979]],"type":"Polygon","properties":{"id":"14000US01097002000"}},{"arcs":[[1980,1981,1982]],"type":"Polygon","properties":{"id":"14000US01097001502"}},{"arcs":[[1983,1984,1985,-1952,1986]],"type":"Polygon","properties":{"id":"14000US01097005800"}},{"arcs":[[-1841,1987,1988,1989,-629,1990]],"type":"Polygon","properties":{"id":"14000US01097006102"}},{"arcs":[[1991,1992,-1976,1993]],"type":"Polygon","properties":{"id":"14000US01097002200"}},{"arcs":[[1994,1995,-1958,-1832,-1825,1996,1997,1998,1999,2000,2001]],"type":"Polygon","properties":{"id":"14000US01097003800"}},{"arcs":[[2002,2003,-1892,-1860,2004]],"type":"Polygon","properties":{"id":"14000US01097007103"}},{"arcs":[[2005,2006,2007,2008,-1980,2009,-1851]],"type":"Polygon","properties":{"id":"14000US01097003000"}},{"arcs":[[2010,2011,2012,2013,-1386,2014,2015]],"type":"Polygon","properties":{"id":"14000US01089002911"}},{"arcs":[[2016,2017,2018,2019]],"type":"Polygon","properties":{"id":"14000US01013952800"}},{"arcs":[[-884,2020,2021,2022,2023]],"type":"Polygon","properties":{"id":"14000US01033020902"}},{"arcs":[[-2022,-1736,-321,2024,2025,2026,2027]],"type":"Polygon","properties":{"id":"14000US01033020901"}},{"arcs":[[2028,2029,2030,2031,2032]],"type":"Polygon","properties":{"id":"14000US01125010405"}},{"arcs":[[2033,-1047,2034,2035]],"type":"Polygon","properties":{"id":"14000US01101005403"}},{"arcs":[[-1890,2036,2037,-1484]],"type":"Polygon","properties":{"id":"14000US01111000500"}},{"arcs":[[2038,-1616,-1621,2039,-1610,2040,-1906,2041]],"type":"Polygon","properties":{"id":"14000US01051030300"}},{"arcs":[[2042,2043,2044,2045,2046]],"type":"Polygon","properties":{"id":"14000US01015000400"}},{"arcs":[[2047,2048,2049,2050]],"type":"Polygon","properties":{"id":"14000US01097003607"}},{"arcs":[[2051,-2000,2052,2053,-1896,2054,2055,2056,2057,2058,2059,2060,2061]],"type":"Polygon","properties":{"id":"14000US01097001200"}},{"arcs":[[2062,2063,-805,-807]],"type":"Polygon","properties":{"id":"14000US01047956900"}},{"arcs":[[2064,-980,2065,2066,2067,2068,2069]],"type":"Polygon","properties":{"id":"14000US01125010102"}},{"arcs":[[2070,2071,2072,2073,2074,-2030]],"type":"Polygon","properties":{"id":"14000US01125010500"}},{"arcs":[[2075,-2032,2076,2077,2078]],"type":"Polygon","properties":{"id":"14000US01125010406"}},{"arcs":[[2079,2080,2081,-1162,2082,2083,2084]],"type":"Polygon","properties":{"id":"14000US01125010703"}},{"arcs":[[-2069,2085,-2071,-2029,2086]],"type":"Polygon","properties":{"id":"14000US01125010101"}},{"arcs":[[2087,2088,-2079,2089,2090]],"type":"Polygon","properties":{"id":"14000US01125010204"}},{"arcs":[[2091,2092,2093,2094,2095,2096]],"type":"Polygon","properties":{"id":"14000US01125010201"}},{"arcs":[[2097,2098,2099,2100,-416]],"type":"Polygon","properties":{"id":"14000US01125012305"}},{"arcs":[[2101,-1638,2102,2103,2104]],"type":"Polygon","properties":{"id":"14000US01125012501"}},{"arcs":[[2105,2106,2107,2108,2109,-2099]],"type":"Polygon","properties":{"id":"14000US01125010802"}},{"arcs":[[-1694,2110,-422,2111,2112,2113]],"type":"Polygon","properties":{"id":"14000US01125012403"}},{"arcs":[[2114,2115,-557,-1634,2116]],"type":"Polygon","properties":{"id":"14000US01125010404"}},{"arcs":[[-1012,-1010,2117,2118,2119]],"type":"Polygon","properties":{"id":"14000US01089000701"}},{"arcs":[[2120,2121,2122,2123,-1884]],"type":"Polygon","properties":{"id":"14000US01111000100"}},{"arcs":[[2124,2125,-1888,-1885,-2124]],"type":"Polygon","properties":{"id":"14000US01111000200"}},{"arcs":[[2126,2127,2128,2129,2130,2131,2132]],"type":"Polygon","properties":{"id":"14000US01095030801"}},{"arcs":[[2133,2134,-1909,2135,-1601,2136]],"type":"Polygon","properties":{"id":"14000US01095031100"}},{"arcs":[[2137,2138,-1213,2139,2140,-1018,-1022,2141]],"type":"Polygon","properties":{"id":"14000US01065040200"}},{"arcs":[[2142,-2142,-1023,-1016,2143,2144]],"type":"Polygon","properties":{"id":"14000US01065040300"}},{"arcs":[[2145,-2138,-2143,2146]],"type":"Polygon","properties":{"id":"14000US01065040100"}},{"arcs":[[-1020,2147,2148,2149,2150,2151]],"type":"Polygon","properties":{"id":"14000US01065040500"}},{"arcs":[[2152,2153,-1214,-2139,-2146,2154]],"type":"Polygon","properties":{"id":"14000US01065040000"}},{"arcs":[[2155,-386,2156,2157,2158,-365,2159]],"type":"Polygon","properties":{"id":"14000US01003011410"}},{"arcs":[[-511,-1013,2160,2161,-349]],"type":"Polygon","properties":{"id":"14000US01089000501"}},{"arcs":[[-2162,2162,-350]],"type":"Polygon","properties":{"id":"14000US01089000502"}},{"arcs":[[-2163,-2161,-2120,-526,2163,-748,-351]],"type":"Polygon","properties":{"id":"14000US01089000503"}},{"arcs":[[-2164,-528,-218,2164,-749]],"type":"Polygon","properties":{"id":"14000US01089000601"}},{"arcs":[[-894,-862,2165,2166]],"type":"Polygon","properties":{"id":"14000US01003010908"}},{"arcs":[[2167,2168,-895,-2167,2169,2170,2171]],"type":"Polygon","properties":{"id":"14000US01003010907"}},{"arcs":[[2172,-2168,2173,2174]],"type":"Polygon","properties":{"id":"14000US01003011103"}},{"arcs":[[2175,2176,-899,-392,-389,2177,2178,-2158]],"type":"Polygon","properties":{"id":"14000US01003011411"}},{"arcs":[[-1596,2179,2180,-2131,2181,-2137,-1600]],"type":"Polygon","properties":{"id":"14000US01095030902"}},{"arcs":[[2182,2183,2184,2185,2186,2187]],"type":"Polygon","properties":{"id":"14000US01043964400"}},{"arcs":[[-1177,2188,-910,2189,-2188,2190,2191,-1180]],"type":"Polygon","properties":{"id":"14000US01043964500"}},{"arcs":[[2192,2193,2194,2195,2196,2197,2198,2199]],"type":"Polygon","properties":{"id":"14000US01043964100"}},{"arcs":[[2200,-859,2201,2202,2203,2204,2205,-2186]],"type":"Polygon","properties":{"id":"14000US01043964700"}},{"arcs":[[-2192,2206,2207,2208,2209,-1181]],"type":"Polygon","properties":{"id":"14000US01043965600"}},{"arcs":[[-2209,2210,2211,-1345,-1421,2212,2213]],"type":"Polygon","properties":{"id":"14000US01043965700"}},{"arcs":[[2214,-2199,2215,2216,2217,2218]],"type":"Polygon","properties":{"id":"14000US01043965300"}},{"arcs":[[2219,2220,2221,2222]],"type":"Polygon","properties":{"id":"14000US01097003708"}},{"arcs":[[-906,2223,-2171,2224,-383,2225]],"type":"Polygon","properties":{"id":"14000US01003011102"}},{"arcs":[[2226,-1168,-1135,-1140,-1153,-1151,2227,-1481,2228,2229,2230]],"type":"Polygon","properties":{"id":"14000US01101005604"}},{"arcs":[[2231,-240,2232,-913,2233,-215]],"type":"Polygon","properties":{"id":"14000US01089001200"}},{"arcs":[[2234,-484,-341,-754]],"type":"Polygon","properties":{"id":"14000US01089010303"}},{"arcs":[[2235,2236,-531,2237]],"type":"Polygon","properties":{"id":"14000US01089010629"}},{"arcs":[[2238,-2015,-1385,2239,2240]],"type":"Polygon","properties":{"id":"14000US01089002923"}},{"arcs":[[2241,-353,-752,2242,2243,-1382,-533]],"type":"Polygon","properties":{"id":"14000US01089010627"}},{"arcs":[[2244,-2241,2245,2246,2247]],"type":"Polygon","properties":{"id":"14000US01089002803"}},{"arcs":[[-367,2248,-391,2249,2250,-397]],"type":"Polygon","properties":{"id":"14000US01003011418"}},{"arcs":[[-376,2251,-394,-898]],"type":"Polygon","properties":{"id":"14000US01003011604"}},{"arcs":[[-396,2252,2253,-2250]],"type":"Polygon","properties":{"id":"14000US01003011415"}},{"arcs":[[-283,2254,2255,-2121,-1887,2256,-1488,-294]],"type":"Polygon","properties":{"id":"14000US01027958900"}},{"arcs":[[2257,-296,-1490,2258,2259,2260,2261,2262]],"type":"Polygon","properties":{"id":"14000US01027959200"}},{"arcs":[[-1489,-2257,-1487,-1945,2263,-2259]],"type":"Polygon","properties":{"id":"14000US01027959100"}},{"arcs":[[-1807,2264,2265,-1542]],"type":"Polygon","properties":{"id":"14000US01083021000"}},{"arcs":[[-1437,2266,2267,-1808,-1544,-1443]],"type":"Polygon","properties":{"id":"14000US01083020402"}},{"arcs":[[-424,2268,2269,2270,2271,2272,-299]],"type":"Polygon","properties":{"id":"14000US01101000100"}},{"arcs":[[-2273,2273,2274,-428,-300]],"type":"Polygon","properties":{"id":"14000US01101000200"}},{"arcs":[[2275,-7,2276,-2270,2277]],"type":"Polygon","properties":{"id":"14000US01101000400"}},{"arcs":[[-2277,-6,-441,2278,-2271]],"type":"Polygon","properties":{"id":"14000US01101000500"}},{"arcs":[[-2272,-2279,-444,-436,-2274]],"type":"Polygon","properties":{"id":"14000US01101000600"}},{"arcs":[[-2275,-440,2279,-432,-429]],"type":"Polygon","properties":{"id":"14000US01101000700"}},{"arcs":[[2280,-427,2281,2282]],"type":"Polygon","properties":{"id":"14000US01101000900"}},{"arcs":[[-755,-345,2283]],"type":"Polygon","properties":{"id":"14000US01089010403"}},{"arcs":[[-536,2284,-359,2285,-1469]],"type":"Polygon","properties":{"id":"14000US01089011024"}},{"arcs":[[-1389,2286,2287,-340,-521,2288,2289,2290,2291]],"type":"Polygon","properties":{"id":"14000US01089011302"}},{"arcs":[[2292,-332,-746,2293]],"type":"Polygon","properties":{"id":"14000US01089010706"}},{"arcs":[[2294,-328,2295]],"type":"Polygon","properties":{"id":"14000US01089011202"}},{"arcs":[[-494,-326,2296,-2296,-330,2297,2298,2299,-1449]],"type":"Polygon","properties":{"id":"14000US01089011203"}},{"arcs":[[2300,-515,2301,2302,2303]],"type":"Polygon","properties":{"id":"14000US01089010504"}},{"arcs":[[-1353,-1007,2304,-1222]],"type":"Polygon","properties":{"id":"14000US01117030405"}},{"arcs":[[2305,2306,2307,2308,2309,-1283]],"type":"Polygon","properties":{"id":"14000US01115040104"}},{"arcs":[[-2309,2310,2311,2312,2313,2314,2315,2316]],"type":"Polygon","properties":{"id":"14000US01115040105"}},{"arcs":[[2317,2318,2319,2320,2321,2322,2323,2324]],"type":"Polygon","properties":{"id":"14000US01115040401"}},{"arcs":[[2325,2326,2327,2328,-2325,2329]],"type":"Polygon","properties":{"id":"14000US01115040402"}},{"arcs":[[2330,-1471,-358,2331,-1466,-1540,2332,2333]],"type":"Polygon","properties":{"id":"14000US01083020101"}},{"arcs":[[-1811,2334,-1440,-1472,-2331,2335,-1435]],"type":"Polygon","properties":{"id":"14000US01083020202"}},{"arcs":[[-2336,-2334,2336,2337,-2267,-1436]],"type":"Polygon","properties":{"id":"14000US01083020201"}},{"arcs":[[2338,-2174,-2172,-2224,-905]],"type":"Polygon","properties":{"id":"14000US01003011104"}},{"arcs":[[2339,2340,-380,-896,-2169,-2173,2341,2342]],"type":"Polygon","properties":{"id":"14000US01003010709"}},{"arcs":[[2343,-900,-2177,2344]],"type":"Polygon","properties":{"id":"14000US01003011504"}},{"arcs":[[2345,2346,2347,2348,-2340,2349,2350,-2054]],"type":"Polygon","properties":{"id":"14000US01003010710"}},{"arcs":[[-2178,-388,-2249,2351]],"type":"Polygon","properties":{"id":"14000US01003011413"}},{"arcs":[[-2159,-2179,-2352,-366]],"type":"Polygon","properties":{"id":"14000US01003011412"}},{"arcs":[[2352,-2345,-2176,-2157]],"type":"Polygon","properties":{"id":"14000US01003011503"}},{"arcs":[[2353,2354,2355,2356,2357,2358]],"type":"Polygon","properties":{"id":"14000US01039961600"}},{"arcs":[[2359,2360,2361]],"type":"Polygon","properties":{"id":"14000US01039962100"}},{"arcs":[[-2356,2362,2363,2364,2365,2366,2367,2368]],"type":"Polygon","properties":{"id":"14000US01039962400"}},{"arcs":[[2369,2370,2371,2372]],"type":"Polygon","properties":{"id":"14000US01039962600"}},{"arcs":[[2373,-2361,2374,2375,2376]],"type":"Polygon","properties":{"id":"14000US01039961800"}},{"arcs":[[2377,2378,-2375]],"type":"Polygon","properties":{"id":"14000US01039961900"}},{"arcs":[[2379,-2367,2380,-2371]],"type":"Polygon","properties":{"id":"14000US01039962700"}},{"arcs":[[2381,-2348]],"type":"Polygon","properties":{"id":"14000US01003010711"}},{"arcs":[[-1999,2382,-382,-372,2383,-2346,-2053]],"type":"Polygon","properties":{"id":"14000US01003010707"}},{"arcs":[[-2379,2384,-2357,-2369,2385,-2373,2386,2387,2388,-2376]],"type":"Polygon","properties":{"id":"14000US01039962300"}},{"arcs":[[-2388,2389,2390,2391,2392]],"type":"Polygon","properties":{"id":"14000US01039963000"}},{"arcs":[[2393,2394,-2359,2395,-2362,-2374,2396,-1305]],"type":"Polygon","properties":{"id":"14000US01039961700"}},{"arcs":[[2397,2398,2399,-1291,2400,2401]],"type":"Polygon","properties":{"id":"14000US01009050701"}},{"arcs":[[2402,2403,2404,2405,-2399]],"type":"Polygon","properties":{"id":"14000US01009050103"}},{"arcs":[[2406,2407,-2326,2408,-2405]],"type":"Polygon","properties":{"id":"14000US01009050107"}},{"arcs":[[2409,2410,2411,-1082,2412,2413,-1348]],"type":"Polygon","properties":{"id":"14000US01009050603"}},{"arcs":[[2414,2415,2416,-2327,-2408,2417,2418]],"type":"Polygon","properties":{"id":"14000US01009050105"}},{"arcs":[[-2412,2419,2420,-2402,-1083]],"type":"Polygon","properties":{"id":"14000US01009050702"}},{"arcs":[[2421,2422,2423,-2410,-1347]],"type":"Polygon","properties":{"id":"14000US01009050604"}},{"arcs":[[2424,2425,-2416,2426]],"type":"Polygon","properties":{"id":"14000US01009050302"}},{"arcs":[[-1603,2427,-2425,2428,2429]],"type":"Polygon","properties":{"id":"14000US01009050301"}},{"arcs":[[-2217,2430,2431,2432]],"type":"Polygon","properties":{"id":"14000US01009050501"}},{"arcs":[[2433,2434,-2218,-2433,2435,-2420,-2411,-2424]],"type":"Polygon","properties":{"id":"14000US01009050502"}},{"arcs":[[-2314,2436,2437,2438,2439,2440]],"type":"Polygon","properties":{"id":"14000US01115040209"}},{"arcs":[[2441,2442,2443,2444,-2311,-2308]],"type":"Polygon","properties":{"id":"14000US01115040110"}},{"arcs":[[2445,-285,2446,-2322]],"type":"Polygon","properties":{"id":"14000US01115040302"}},{"arcs":[[2447,2448,2449,2450,2451,2452]],"type":"Polygon","properties":{"id":"14000US01115040207"}},{"arcs":[[2453,-2323,-2447,-289,2454,-2448,2455]],"type":"Polygon","properties":{"id":"14000US01115040301"}},{"arcs":[[-2406,-2409,-2330,-2324,2456,2457,2458,-1292,-2400]],"type":"Polygon","properties":{"id":"14000US01115040503"}},{"arcs":[[2459,-1274,2460,2461,2462,-2306,-1282]],"type":"Polygon","properties":{"id":"14000US01115040108"}},{"arcs":[[-2457,-2454,2463,2464,2465]],"type":"Polygon","properties":{"id":"14000US01115040507"}},{"arcs":[[2466,-2440,2467,-1508,2468,2469]],"type":"Polygon","properties":{"id":"14000US01115040213"}},{"arcs":[[-2450,2470,2471,2472,-2438,2473]],"type":"Polygon","properties":{"id":"14000US01115040211"}},{"arcs":[[-2451,-2474,-2437,-2313]],"type":"Polygon","properties":{"id":"14000US01115040208"}},{"arcs":[[2474,-277,-1506,2475,-2472]],"type":"Polygon","properties":{"id":"14000US01115040210"}},{"arcs":[[-2473,-2476,-1505,-2468,-2439]],"type":"Polygon","properties":{"id":"14000US01115040212"}},{"arcs":[[2476,-2442,-2307,-2463]],"type":"Polygon","properties":{"id":"14000US01115040107"}},{"arcs":[[-2459,2477,2478,-1293]],"type":"Polygon","properties":{"id":"14000US01115040505"}},{"arcs":[[2479,-2452,-2312,-2445]],"type":"Polygon","properties":{"id":"14000US01115040109"}},{"arcs":[[-2464,-2456,-2453,-2480,-2444,2480]],"type":"Polygon","properties":{"id":"14000US01115040508"}},{"arcs":[[-2455,-288,-271,-2475,-2471,-2449]],"type":"Polygon","properties":{"id":"14000US01115040206"}},{"arcs":[[-2465,-2481,-2443,-2477,-2462,2481]],"type":"Polygon","properties":{"id":"14000US01115040506"}},{"arcs":[[2482,-446,2483,2484,2485,2486,2487,2488,2489,2490]],"type":"Polygon","properties":{"id":"14000US01087231602"}},{"arcs":[[2491,2492,2493,2494,-447,-2483,2495]],"type":"Polygon","properties":{"id":"14000US01087231601"}},{"arcs":[[2496,2497,-2487,2498,2499,2500,-2493]],"type":"Polygon","properties":{"id":"14000US01087231603"}},{"arcs":[[2501,2502,-374,-897,2503,-860,-893]],"type":"Polygon","properties":{"id":"14000US01003010904"}},{"arcs":[[2504,-901,-2344,-2353,-385]],"type":"Polygon","properties":{"id":"14000US01003011501"}},{"arcs":[[2505,2506,2507,2508,2509]],"type":"Polygon","properties":{"id":"14000US01097003202"}},{"arcs":[[2510,2511,2512,2513,-1525]],"type":"Polygon","properties":{"id":"14000US01133965700"}},{"arcs":[[2514,2515,-1994,-1975,-2009]],"type":"Polygon","properties":{"id":"14000US01097002100"}},{"arcs":[[2516,2517,2518,-2510,2519,2520]],"type":"Polygon","properties":{"id":"14000US01097003203"}},{"arcs":[[-206,2521,2522,-1054,-1066,2523,2524]],"type":"Polygon","properties":{"id":"14000US01073012001"}},{"arcs":[[-2478,-2458,-2466,-2482,-2461,-1273]],"type":"Polygon","properties":{"id":"14000US01115040504"}},{"arcs":[[2525,2526,2527,2528,2529,-1476]],"type":"Polygon","properties":{"id":"14000US01011952100"}},{"arcs":[[-62,2530,2531,2532,2533]],"type":"Polygon","properties":{"id":"14000US01069040302"}},{"arcs":[[2534,2535,2536,2537,-2532]],"type":"Polygon","properties":{"id":"14000US01069040301"}},{"arcs":[[2538,-2521,2539,2540,2541]],"type":"Polygon","properties":{"id":"14000US01097003704"}},{"arcs":[[2542,2543,-2220,2544]],"type":"Polygon","properties":{"id":"14000US01097003705"}},{"arcs":[[-2541,2545,-1849,2546,-2544]],"type":"Polygon","properties":{"id":"14000US01097003706"}},{"arcs":[[-2540,-2520,-2509,2547,-2546]],"type":"Polygon","properties":{"id":"14000US01097003707"}},{"arcs":[[-1534,-1526,-2514,2548,2549,2550]],"type":"Polygon","properties":{"id":"14000US01133965800"}},{"arcs":[[-2550,2551,2552,2553,2554,2555]],"type":"Polygon","properties":{"id":"14000US01133965900"}},{"arcs":[[-1740,-135,-1668,-1365,-1355,-1326,2556,2557]],"type":"Polygon","properties":{"id":"14000US01073003700"}},{"arcs":[[-173,2558,2559,-1790,-83,2560]],"type":"Polygon","properties":{"id":"14000US01073010804"}},{"arcs":[[-2401,-1290,-195,-1084]],"type":"Polygon","properties":{"id":"14000US01073011206"}},{"arcs":[[-1415,2561,-1423,2562,-203,-167,2563,-1418]],"type":"Polygon","properties":{"id":"14000US01073011500"}},{"arcs":[[2564,2565,2566,2567,2568,-204,2569]],"type":"Polygon","properties":{"id":"14000US01073011704"}},{"arcs":[[-1266,-1270,2570,2571,2572,2573,-1253]],"type":"Polygon","properties":{"id":"14000US01117030336"}},{"arcs":[[2574,2575,2576,2577,2578,2579]],"type":"Polygon","properties":{"id":"14000US01005950900"}},{"arcs":[[2580,2581,2582,-2577,2583,2584,2585,-2529]],"type":"Polygon","properties":{"id":"14000US01005950100"}},{"arcs":[[2586,-2580,2587,2588]],"type":"Polygon","properties":{"id":"14000US01005950600"}},{"arcs":[[-2586,2589,-2589,2590,2591,-2530]],"type":"Polygon","properties":{"id":"14000US01005950200"}},{"arcs":[[2592,-1477,-2592,2593,2594,2595]],"type":"Polygon","properties":{"id":"14000US01005950300"}},{"arcs":[[-2591,-2588,-2579,2596,-1704,-1707,2597,-2594]],"type":"Polygon","properties":{"id":"14000US01005950500"}},{"arcs":[[-2595,-2598,-1711,2598,2599,2600]],"type":"Polygon","properties":{"id":"14000US01005950400"}},{"arcs":[[-2585,2601,-2575,-2587,-2590]],"type":"Polygon","properties":{"id":"14000US01005950700"}},{"arcs":[[-2584,-2576,-2602]],"type":"Polygon","properties":{"id":"14000US01005950800"}},{"arcs":[[-1678,2602,2603,2604,2605,2606]],"type":"Polygon","properties":{"id":"14000US01097004000"}},{"arcs":[[-2605,2607,2608,2609]],"type":"Polygon","properties":{"id":"14000US01097004100"}},{"arcs":[[-1308,-954,-958,-941,2610]],"type":"Polygon","properties":{"id":"14000US01099076000"}},{"arcs":[[2611,2612,-1309,-2611,-940,2613]],"type":"Polygon","properties":{"id":"14000US01099075800"}},{"arcs":[[2614,2615,2616,2617,2618,2619]],"type":"Polygon","properties":{"id":"14000US01097002700"}},{"arcs":[[2620,-472,2621,-2614,-957,2622]],"type":"Polygon","properties":{"id":"14000US01099075700"}},{"arcs":[[2623,-960,-964,-1103,2624,2625]],"type":"Polygon","properties":{"id":"14000US01099076200"}},{"arcs":[[-471,2626,2627,-2612,-2622]],"type":"Polygon","properties":{"id":"14000US01099075600"}},{"arcs":[[-1261,2628,-1231,2629]],"type":"Polygon","properties":{"id":"14000US01117030331"}},{"arcs":[[2630,-254,2631,2632,2633,2634,-1001]],"type":"Polygon","properties":{"id":"14000US01117030800"}},{"arcs":[[-1268,2635,2636,2637,-1236,-666,-1354,-994,2638]],"type":"Polygon","properties":{"id":"14000US01117030315"}},{"arcs":[[2639,2640,-224,-1352,2641]],"type":"Polygon","properties":{"id":"14000US01117030607"}},{"arcs":[[2642,-1795,2643,-453,-1262,2644,-2637]],"type":"Polygon","properties":{"id":"14000US01117030304"}},{"arcs":[[-1269,-2639,-993,-988,2645,-2571]],"type":"Polygon","properties":{"id":"14000US01117030316"}},{"arcs":[[-2645,-2630,-1230,-2638]],"type":"Polygon","properties":{"id":"14000US01117030305"}},{"arcs":[[-1260,-1258,-1320,-1242,-1232,-2629]],"type":"Polygon","properties":{"id":"14000US01117030330"}},{"arcs":[[2646,2647,2648,2649,2650,2651]],"type":"Polygon","properties":{"id":"14000US01097001001"}},{"arcs":[[2652,2653,2654,2655,-2626,2656,2657]],"type":"Polygon","properties":{"id":"14000US01025958003"}},{"arcs":[[2658,2659,2660,2661]],"type":"Polygon","properties":{"id":"14000US01025957603"}},{"arcs":[[2662,-461,2663,-2660]],"type":"Polygon","properties":{"id":"14000US01025957604"}},{"arcs":[[2664,-2526,-1475,2665]],"type":"Polygon","properties":{"id":"14000US01011952202"}},{"arcs":[[2666,2667,-2666,-1474]],"type":"Polygon","properties":{"id":"14000US01011952201"}},{"arcs":[[2668,2669,2670,-2506,-2519]],"type":"Polygon","properties":{"id":"14000US01097003205"}},{"arcs":[[-2573,2671,-991,2672,2673,-2640,2674]],"type":"Polygon","properties":{"id":"14000US01117030320"}},{"arcs":[[-414,-1229,-255,-2631,-1003,-997,-267]],"type":"Polygon","properties":{"id":"14000US01117030701"}},{"arcs":[[2675,-2606,2676,2677,2678]],"type":"Polygon","properties":{"id":"14000US01097003901"}},{"arcs":[[-2677,-2610,2679,2680,2681]],"type":"Polygon","properties":{"id":"14000US01097003902"}},{"arcs":[[2682,2683,2684,2685,2686]],"type":"Polygon","properties":{"id":"14000US01097000701"}},{"arcs":[[-2609,2687,2688,-2687,2689,-2680]],"type":"Polygon","properties":{"id":"14000US01097000702"}},{"arcs":[[2690,-2105,2691,2692,2693,2694]],"type":"Polygon","properties":{"id":"14000US01125010303"}},{"arcs":[[2695,-2078,2696,-553,-2116]],"type":"Polygon","properties":{"id":"14000US01125010407"}},{"arcs":[[-2073,2697,2698,2699]],"type":"Polygon","properties":{"id":"14000US01125010803"}},{"arcs":[[2700,-2070,-2087,-2033,-2076,-2089,2701,-2093,2702]],"type":"Polygon","properties":{"id":"14000US01125010203"}},{"arcs":[[2703,-2074,-2700,2704,2705,2706,2707,2708]],"type":"Polygon","properties":{"id":"14000US01125012700"}},{"arcs":[[2709,2710,2711,2712,2713,-2117,-1633,-2102,-2691]],"type":"Polygon","properties":{"id":"14000US01125010302"}},{"arcs":[[2714,2715,-2090,-2696,-2115,-2714]],"type":"Polygon","properties":{"id":"14000US01125010403"}},{"arcs":[[-2086,-2068,2716,2717,2718,-2080,2719,2720,-2698,-2072]],"type":"Polygon","properties":{"id":"14000US01125010601"}},{"arcs":[[-2705,-2699,-2721,2721,-2108,2722]],"type":"Polygon","properties":{"id":"14000US01125010804"}},{"arcs":[[2723,-2051,2724,-739,2725]],"type":"Polygon","properties":{"id":"14000US01097006403"}},{"arcs":[[2726,2727,-612,-583]],"type":"Polygon","properties":{"id":"14000US01015981901"}},{"arcs":[[-1363,2728,2729,2730,2731]],"type":"Polygon","properties":{"id":"14000US01073005702"}},{"arcs":[[-177,-74,2732,-1686,-1685,2733,2734,2735]],"type":"Polygon","properties":{"id":"14000US01073005800"}},{"arcs":[[2736,2737,2738,2739,-161,2740,2741]],"type":"Polygon","properties":{"id":"14000US01073005903"}},{"arcs":[[2742,2743,-64,2744,-824,2745,2746]],"type":"Polygon","properties":{"id":"14000US01045021300"}},{"arcs":[[2747,-2747,2748,2749]],"type":"Polygon","properties":{"id":"14000US01045021102"}},{"arcs":[[-55,-53,2750,2751,2752,-65,-2744,2753,2754]],"type":"Polygon","properties":{"id":"14000US01045020300"}},{"arcs":[[2755,-2751,-52,-57,2756,2757]],"type":"Polygon","properties":{"id":"14000US01045020400"}},{"arcs":[[2758,2759,2760,2761,2762,2763,-2750,2764]],"type":"Polygon","properties":{"id":"14000US01045021101"}},{"arcs":[[2765,-2599,-1710,-1712,-58,-2753]],"type":"Polygon","properties":{"id":"14000US01045020200"}},{"arcs":[[2766,2767,-2600,-2766,-2752,-2756,2768,2769]],"type":"Polygon","properties":{"id":"14000US01045020100"}},{"arcs":[[-2765,-2749,-2746,-832,2770,2771]],"type":"Polygon","properties":{"id":"14000US01045021200"}},{"arcs":[[2772,-1337,2773,2774]],"type":"Polygon","properties":{"id":"14000US01089010905"}},{"arcs":[[-192,-1800,2775,2776]],"type":"Polygon","properties":{"id":"14000US01073010900"}},{"arcs":[[-199,2777,2778,2779,2780,-201]],"type":"Polygon","properties":{"id":"14000US01073011207"}},{"arcs":[[-2083,-1161,-1206,-1219,-1227,-1209,2781]],"type":"Polygon","properties":{"id":"14000US01007010001"}},{"arcs":[[-198,2782,2783,-2778]],"type":"Polygon","properties":{"id":"14000US01073011208"}},{"arcs":[[2784,-2694,2785,-2155,-2147,-2145,2786,2787,2788]],"type":"Polygon","properties":{"id":"14000US01063060102"}},{"arcs":[[-2788,2789]],"type":"Polygon","properties":{"id":"14000US01063060101"}},{"arcs":[[-181,2790,-1068,-1738,-1322,-42,-183]],"type":"Polygon","properties":{"id":"14000US01073012500"}},{"arcs":[[2791,2792,-2731,2793,2794,2795,-118]],"type":"Polygon","properties":{"id":"14000US01073013100"}},{"arcs":[[-1798,2796,-2742,2797,2798,-1719,2799]],"type":"Polygon","properties":{"id":"14000US01073000100"}},{"arcs":[[2800,-1724,-1729,-1732,2801]],"type":"Polygon","properties":{"id":"14000US01073000300"}},{"arcs":[[-2524,-1065,2802,2803]],"type":"Polygon","properties":{"id":"14000US01073012401"}},{"arcs":[[2804,-2803,-1069,-2791,-180]],"type":"Polygon","properties":{"id":"14000US01073012402"}},{"arcs":[[2805,-1995,2806,2807,2808,-1877]],"type":"Polygon","properties":{"id":"14000US01097005300"}},{"arcs":[[-2674,2809,-407,-270,-1256,-225,-2641]],"type":"Polygon","properties":{"id":"14000US01117030306"}},{"arcs":[[2810,2811,-2647,2812,2813,2814]],"type":"Polygon","properties":{"id":"14000US01097000901"}},{"arcs":[[-2813,-2652,2815,2816,2817]],"type":"Polygon","properties":{"id":"14000US01097000902"}},{"arcs":[[-2817,2818,2819,2820]],"type":"Polygon","properties":{"id":"14000US01097000903"}},{"arcs":[[-2816,-2651,2821,2822,-2819]],"type":"Polygon","properties":{"id":"14000US01097001002"}},{"arcs":[[-2650,2823,-2057,-2822]],"type":"Polygon","properties":{"id":"14000US01097001100"}},{"arcs":[[-2823,-2056,2824,-1981,2825]],"type":"Polygon","properties":{"id":"14000US01097001302"}},{"arcs":[[-2820,-2826,2826,2827,2828]],"type":"Polygon","properties":{"id":"14000US01097001400"}},{"arcs":[[-2537,2829,2830,2831]],"type":"Polygon","properties":{"id":"14000US01069040400"}},{"arcs":[[-2216,-2198,2832,-1598,-2430,-2431]],"type":"Polygon","properties":{"id":"14000US01009050400"}},{"arcs":[[-2508,2833,-2006,-1850,-2548]],"type":"Polygon","properties":{"id":"14000US01097003710"}},{"arcs":[[2834,2835,-2814,-2818,2836,2837]],"type":"Polygon","properties":{"id":"14000US01097002501"}},{"arcs":[[2838,-2620,2839,2840,2841]],"type":"Polygon","properties":{"id":"14000US01097003302"}},{"arcs":[[2842,2843,2844,-2679,2845,-2616,2846]],"type":"Polygon","properties":{"id":"14000US01097003402"}},{"arcs":[[2847,2848,2849,-1965]],"type":"Polygon","properties":{"id":"14000US01097003405"}},{"arcs":[[2850,-2847,-2615,-2839,2851]],"type":"Polygon","properties":{"id":"14000US01097003406"}},{"arcs":[[-2678,-2682,2852,2853,-2617,-2846]],"type":"Polygon","properties":{"id":"14000US01097002600"}},{"arcs":[[2854,-1989,2855,-2843,-2851,-2848,-1964,-1872]],"type":"Polygon","properties":{"id":"14000US01097003408"}},{"arcs":[[-2831,2856,2857,2858]],"type":"Polygon","properties":{"id":"14000US01069040500"}},{"arcs":[[-2536,2859,-843,2860,2861,-2857,-2830]],"type":"Polygon","properties":{"id":"14000US01069040600"}},{"arcs":[[-2697,2862,2863,2864,-864,-554]],"type":"Polygon","properties":{"id":"14000US01125011200"}},{"arcs":[[-2661,-2664,-460,-473,-2621,2865,2866]],"type":"Polygon","properties":{"id":"14000US01025957500"}},{"arcs":[[2867,-2654,2868]],"type":"Polygon","properties":{"id":"14000US01025957902"}},{"arcs":[[2869,2870,-2655,-2868,2871,2872]],"type":"Polygon","properties":{"id":"14000US01025957901"}},{"arcs":[[2873,-2866,-2623,-961,-2624,-2656,-2871,2874]],"type":"Polygon","properties":{"id":"14000US01025957800"}},{"arcs":[[-2050,-2542,-2543,2875,2876]],"type":"Polygon","properties":{"id":"14000US01097003703"}},{"arcs":[[2877,2878,2879]],"type":"Polygon","properties":{"id":"14000US01097001901"}},{"arcs":[[2880,2881,-2878,2882,-1978]],"type":"Polygon","properties":{"id":"14000US01097001902"}},{"arcs":[[2883,-1689,-1692,-303,-123,2884]],"type":"Polygon","properties":{"id":"14000US01073010704"}},{"arcs":[[-2734,-1684,-1690,-2884,2885]],"type":"Polygon","properties":{"id":"14000US01073010705"}},{"arcs":[[2886,2887,-2735,-2886,-2885,-122,2888]],"type":"Polygon","properties":{"id":"14000US01073010706"}},{"arcs":[[2889,2890,-1661,-157,2891]],"type":"Polygon","properties":{"id":"14000US01073010801"}},{"arcs":[[2892,2893,2894,2895,2896,-1940,2897,2898,-2319]],"type":"Polygon","properties":{"id":"14000US01055010402"}},{"arcs":[[-1935,2899,-1932,2900,2901,2902,2903]],"type":"Polygon","properties":{"id":"14000US01055010601"}},{"arcs":[[-2903,2904,2905,2906]],"type":"Polygon","properties":{"id":"14000US01055011200"}},{"arcs":[[-1655,-692,2907,2908,2909,-1911,2910]],"type":"Polygon","properties":{"id":"14000US01055011001"}},{"arcs":[[-2507,-2671,2911,2912,-2007,-2834]],"type":"Polygon","properties":{"id":"14000US01097003100"}},{"arcs":[[-1777,2913,2914,-935,2915,2916,2917]],"type":"Polygon","properties":{"id":"14000US01103005109"}},{"arcs":[[2918,-1778,-2918,2919,2920]],"type":"Polygon","properties":{"id":"14000US01103005108"}},{"arcs":[[2921,-2042,-1905,-1904,2922,2923]],"type":"Polygon","properties":{"id":"14000US01051030200"}},{"arcs":[[2924,2925,2926,2927,2928,2929,-22,-92,-109,-110,-48,-104]],"type":"Polygon","properties":{"id":"14000US01051031300"}},{"arcs":[[2930,2931,2932,2933,2934,-2928,2935]],"type":"Polygon","properties":{"id":"14000US01051031200"}},{"arcs":[[2936,2937,-2936,-2927,2938]],"type":"Polygon","properties":{"id":"14000US01051031100"}},{"arcs":[[-2119,-223,-2232,-214,-527]],"type":"Polygon","properties":{"id":"14000US01089000702"}},{"arcs":[[2939,2940,-822,2941]],"type":"Polygon","properties":{"id":"14000US01069040802"}},{"arcs":[[-2533,-2538,-2832,2942,2943,2944]],"type":"Polygon","properties":{"id":"14000US01069040204"}},{"arcs":[[2945,-853,-836,-849,-845]],"type":"Polygon","properties":{"id":"14000US01069041902"}},{"arcs":[[2946,-2944,2947,-826]],"type":"Polygon","properties":{"id":"14000US01069040205"}},{"arcs":[[-2745,-63,-2534,-2945,-2947,-825]],"type":"Polygon","properties":{"id":"14000US01069040203"}},{"arcs":[[2948,2949,2950,-2940,2951,-828]],"type":"Polygon","properties":{"id":"14000US01069040801"}},{"arcs":[[-819,-840,-854,-2946,-844]],"type":"Polygon","properties":{"id":"14000US01069041901"}},{"arcs":[[-2943,-2859,-2949,-827,-2948]],"type":"Polygon","properties":{"id":"14000US01069040206"}},{"arcs":[[-2741,-160,2952,-2798]],"type":"Polygon","properties":{"id":"14000US01073005302"}},{"arcs":[[2953,2954,-193,-2777,2955,2956,2957,-1056]],"type":"Polygon","properties":{"id":"14000US01073005500"}},{"arcs":[[-1358,-1364,-2732,-2793,2958]],"type":"Polygon","properties":{"id":"14000US01073005701"}},{"arcs":[[-929,2959,2960,-2011,2961,2962]],"type":"Polygon","properties":{"id":"14000US01089002801"}},{"arcs":[[2963,2964,2965,2966,-2363,-2355,2967]],"type":"Polygon","properties":{"id":"14000US01041963900"}},{"arcs":[[2968,2969,2970,-2968,-2354,-2395,2971]],"type":"Polygon","properties":{"id":"14000US01041963800"}},{"arcs":[[2972,2973,2974,2975,2976]],"type":"Polygon","properties":{"id":"14000US01041963400"}},{"arcs":[[2977,-2976,2978,-2970,2979]],"type":"Polygon","properties":{"id":"14000US01041963600"}},{"arcs":[[-2975,2980,2981,-2964,-2971,-2979]],"type":"Polygon","properties":{"id":"14000US01041963700"}},{"arcs":[[-1749,2982,2983,-2977,-2978,2984]],"type":"Polygon","properties":{"id":"14000US01041963500"}},{"arcs":[[2985,-744,-507,-513,2986]],"type":"Polygon","properties":{"id":"14000US01089010704"}},{"arcs":[[-2286,-364,2987,-492,-1470]],"type":"Polygon","properties":{"id":"14000US01089011026"}},{"arcs":[[-2332,-357,-2304,-2236,2988,-1467]],"type":"Polygon","properties":{"id":"14000US01089010503"}},{"arcs":[[2989,-482,2990,-485,-333,-2293]],"type":"Polygon","properties":{"id":"14000US01089010102"}},{"arcs":[[-2302,-514,-512,-347,2991,2992]],"type":"Polygon","properties":{"id":"14000US01089010631"}},{"arcs":[[-2992,-346,-2242,2993]],"type":"Polygon","properties":{"id":"14000US01089010630"}},{"arcs":[[-2774,-1336,-337,-2288,2994]],"type":"Polygon","properties":{"id":"14000US01089010904"}},{"arcs":[[-2243,-751,2995,2996,2997,2998]],"type":"Polygon","properties":{"id":"14000US01089001404"}},{"arcs":[[-2962,-2016,-2239,-2245,2999]],"type":"Polygon","properties":{"id":"14000US01089002804"}},{"arcs":[[-2246,-2240,-1390,-2292,3000]],"type":"Polygon","properties":{"id":"14000US01089002924"}},{"arcs":[[3001,3002,-486,-2991,-481]],"type":"Polygon","properties":{"id":"14000US01089010101"}},{"arcs":[[-756,-2284,-344,3003,-2987,-516,-2301,-356]],"type":"Polygon","properties":{"id":"14000US01089010405"}},{"arcs":[[-535,-1391,-360,-2285]],"type":"Polygon","properties":{"id":"14000US01089011023"}},{"arcs":[[-523,3004,-335,-490,-2773,3005,-502,-498]],"type":"Polygon","properties":{"id":"14000US01089010802"}},{"arcs":[[-1009,-747,-336,-3005,-522,-219,-2118]],"type":"Polygon","properties":{"id":"14000US01089000203"}},{"arcs":[[-503,-3006,-2775,-2995,-2287,-1388,3006,-1062,-475]],"type":"Polygon","properties":{"id":"14000US01089010903"}},{"arcs":[[-1394,-1392,-1383,-2244,-2999,3007,-324,3008]],"type":"Polygon","properties":{"id":"14000US01089001403"}},{"arcs":[[-2989,-2238,-530,-1460]],"type":"Polygon","properties":{"id":"14000US01089010628"}},{"arcs":[[-343,-483,-2990,-2294,-745,-2986,-3004]],"type":"Polygon","properties":{"id":"14000US01089010703"}},{"arcs":[[-363,-1395,-3009,-323,-493,-2988]],"type":"Polygon","properties":{"id":"14000US01089011027"}},{"arcs":[[-316,3009,-317,-1735,-1643]],"type":"Polygon","properties":{"id":"14000US01033020704"}},{"arcs":[[3010,3011,3012,3013]],"type":"Polygon","properties":{"id":"14000US01091973001"}},{"arcs":[[3014,3015,-544,3016]],"type":"Polygon","properties":{"id":"14000US01091972901"}},{"arcs":[[3017,3018,3019,-3011,3020,-1122]],"type":"Polygon","properties":{"id":"14000US01091973002"}},{"arcs":[[3021,-2151,3022,-3019,3023,-3015]],"type":"Polygon","properties":{"id":"14000US01091972902"}},{"arcs":[[3024,3025,3026,3027,3028,-736,3029,-812,-760]],"type":"Polygon","properties":{"id":"14000US01047956101"}},{"arcs":[[-717,3030,-3025,-759]],"type":"Polygon","properties":{"id":"14000US01047956102"}},{"arcs":[[-3028,3031,-1753,-802,3032]],"type":"Polygon","properties":{"id":"14000US01047957302"}},{"arcs":[[-737,-3029,-3033,-801,3033]],"type":"Polygon","properties":{"id":"14000US01047957301"}},{"arcs":[[-2490,3034,3035,-2527,-2665,-2668,3036]],"type":"Polygon","properties":{"id":"14000US01087232300"}},{"arcs":[[3037,3038,-2484,-445,-2495]],"type":"Polygon","properties":{"id":"14000US01087231900"}},{"arcs":[[-2501,3039,-3038,-2494]],"type":"Polygon","properties":{"id":"14000US01087231700"}},{"arcs":[[3040,-2496,-2491,-3037,-2667,-1473,-2228,-1150,-1146]],"type":"Polygon","properties":{"id":"14000US01087232200"}},{"arcs":[[3041,-2485,-3039,-3040,-2500]],"type":"Polygon","properties":{"id":"14000US01087232000"}},{"arcs":[[-1623,-1607,3042,3043,3044,-2488,-2498,3045]],"type":"Polygon","properties":{"id":"14000US01087231500"}},{"arcs":[[3046,3047,3048,-3035,-2489,-3045]],"type":"Polygon","properties":{"id":"14000US01087231400"}},{"arcs":[[-2499,-2486,-3042]],"type":"Polygon","properties":{"id":"14000US01087231800"}},{"arcs":[[-2426,-2428,-1602,-2136,-1913,3049,-2328,-2417]],"type":"Polygon","properties":{"id":"14000US01055011100"}},{"arcs":[[3050,3051,3052,3053,3054]],"type":"Polygon","properties":{"id":"14000US01055000500"}},{"arcs":[[3055,3056,3057,3058,3059]],"type":"Polygon","properties":{"id":"14000US01073004701"}},{"arcs":[[-1362,-1372,3060,-70,3061,-2729]],"type":"Polygon","properties":{"id":"14000US01073005200"}},{"arcs":[[-946,3062,3063,-542,-538,3064]],"type":"Polygon","properties":{"id":"14000US01119011400"}},{"arcs":[[3065,3066,-1202,-1159,-2082,3067]],"type":"Polygon","properties":{"id":"14000US01125010603"}},{"arcs":[[-315,-318,-3010]],"type":"Polygon","properties":{"id":"14000US01033020703"}},{"arcs":[[-2776,-1799,-2800,-1718,-2801,3068,-2956]],"type":"Polygon","properties":{"id":"14000US01073000400"}},{"arcs":[[3069,-1786,-454,-2644,-1794,3070,3071]],"type":"Polygon","properties":{"id":"14000US01073012907"}},{"arcs":[[-2351,3072,3073,-903,3074,-2160,-369,-398,-2251,-2254,3075,-1897]],"type":"Polygon","properties":{"id":"14000US01003990000"}},{"arcs":[[-409,-1000,-734,3076,-1004]],"type":"Polygon","properties":{"id":"14000US01117030504"}},{"arcs":[[-1089,-1289,-1244,-1240]],"type":"Polygon","properties":{"id":"14000US01117980100"}},{"arcs":[[3077,-1662,-2891,3078,-3056]],"type":"Polygon","properties":{"id":"14000US01073004702"}},{"arcs":[[-3079,-2890,3079,3080,-3057]],"type":"Polygon","properties":{"id":"14000US01073004800"}},{"arcs":[[-1377,-66,-3061]],"type":"Polygon","properties":{"id":"14000US01073005101"}},{"arcs":[[-2720,-2085,3081,-2109,-2722]],"type":"Polygon","properties":{"id":"14000US01125010706"}},{"arcs":[[3082,3083,-1207,-2154,3084]],"type":"Polygon","properties":{"id":"14000US01125010704"}},{"arcs":[[-2693,3085,-3085,-2153,-2786]],"type":"Polygon","properties":{"id":"14000US01125010705"}},{"arcs":[[-981,-2065,-2701,3086]],"type":"Polygon","properties":{"id":"14000US01125010104"}},{"arcs":[[-2104,3087,-2113,3088,3089,-3086,-2692]],"type":"Polygon","properties":{"id":"14000US01125012504"}},{"arcs":[[-2097,3090,-2712,3091]],"type":"Polygon","properties":{"id":"14000US01125010305"}},{"arcs":[[3092,-2706,-2723,-2107,3093,3094,3095,-869]],"type":"Polygon","properties":{"id":"14000US01125012306"}},{"arcs":[[-2110,-3082,-2084,-2782,-1208,-3084,3096,-2100]],"type":"Polygon","properties":{"id":"14000US01125010707"}},{"arcs":[[-2095,3097,-2091,-2716,3098]],"type":"Polygon","properties":{"id":"14000US01125010206"}},{"arcs":[[-2096,-3099,-2715,-2713,-3091]],"type":"Polygon","properties":{"id":"14000US01125010304"}},{"arcs":[[-3094,-2106,-2098,-415,3099]],"type":"Polygon","properties":{"id":"14000US01125012307"}},{"arcs":[[-2112,3100,-3089]],"type":"Polygon","properties":{"id":"14000US01125012505"}},{"arcs":[[3101,3102,-3068,-2081,-2719]],"type":"Polygon","properties":{"id":"14000US01125010604"}},{"arcs":[[3103,-2707,-3093,3104]],"type":"Polygon","properties":{"id":"14000US01125012101"}},{"arcs":[[-985,-982,-3087,-2703,-2092,-3092,-2711,-950,-1396]],"type":"Polygon","properties":{"id":"14000US01125010105"}},{"arcs":[[-2702,-2088,-3098,-2094]],"type":"Polygon","properties":{"id":"14000US01125010205"}},{"arcs":[[3105,-3095,-3100,-420,3106]],"type":"Polygon","properties":{"id":"14000US01125012408"}},{"arcs":[[-2350,-2343,3107,-3073]],"type":"Polygon","properties":{"id":"14000US01003010800"}},{"arcs":[[-870,-3096,-3106,3108]],"type":"Polygon","properties":{"id":"14000US01125012406"}},{"arcs":[[3109,3110,-2708,-3104,3111]],"type":"Polygon","properties":{"id":"14000US01125012102"}},{"arcs":[[-865,-2865,3112,-867,-549]],"type":"Polygon","properties":{"id":"14000US01125012002"}},{"arcs":[[-2864,-3112,-3105,-868,-3113]],"type":"Polygon","properties":{"id":"14000US01125012001"}},{"arcs":[[-551,-871,-3109,-3107,-419,-2111,-1693]],"type":"Polygon","properties":{"id":"14000US01125012407"}},{"arcs":[[3113,3114,3115,3116,3117,-2502,-892,-378]],"type":"Polygon","properties":{"id":"14000US01003010400"}},{"arcs":[[-3108,-2342,-2175,-2339,-904,-3074]],"type":"Polygon","properties":{"id":"14000US01003011201"}},{"arcs":[[-2170,-2166,-861,-2504,-902,-2505,-384,-2225]],"type":"Polygon","properties":{"id":"14000US01003011000"}},{"arcs":[[3118,3119,3120,3121,-3114,-377,-2383,-1998]],"type":"Polygon","properties":{"id":"14000US01003010300"}},{"arcs":[[3122,-3116,3123,-3121]],"type":"Polygon","properties":{"id":"14000US01003010500"}},{"arcs":[[-907,-2226,-387,-2156,-3075]],"type":"Polygon","properties":{"id":"14000US01003011300"}},{"arcs":[[-2384,-371,-381,-2341,-2349,-2382,-2347]],"type":"Polygon","properties":{"id":"14000US01003010704"}},{"arcs":[[3124,-2657,-2625,-1107,3125,-3119,3126,-1985]],"type":"Polygon","properties":{"id":"14000US01003010100"}},{"arcs":[[-320,3127,3128,3129,3130,-2025]],"type":"Polygon","properties":{"id":"14000US01033020802"}},{"arcs":[[-784,-885,-2024,3131,3132,3133]],"type":"Polygon","properties":{"id":"14000US01033021000"}},{"arcs":[[-313,-1539,-1557,-1568,3134,-3128,-319]],"type":"Polygon","properties":{"id":"14000US01033020801"}},{"arcs":[[3135,-1523,3136,3137]],"type":"Polygon","properties":{"id":"14000US01059973702"}},{"arcs":[[3138,3139,3140,3141]],"type":"Polygon","properties":{"id":"14000US01019956101"}},{"arcs":[[-681,-1547,3142,-1522,3143,-688]],"type":"Polygon","properties":{"id":"14000US01019955802"}},{"arcs":[[-3144,-1515,-1927,3144,-1922,-689]],"type":"Polygon","properties":{"id":"14000US01019955801"}},{"arcs":[[3145,-3142,3146,3147,3148,-1517,-1521]],"type":"Polygon","properties":{"id":"14000US01019956102"}},{"arcs":[[3149,3150,3151,3152]],"type":"Polygon","properties":{"id":"14000US01121011301"}},{"arcs":[[3153,3154,-3152,3155,3156,3157,3158,-2633]],"type":"Polygon","properties":{"id":"14000US01121011302"}},{"arcs":[[-3158,3159,3160,3161,3162,3163,3164]],"type":"Polygon","properties":{"id":"14000US01121011502"}},{"arcs":[[-2634,-3159,-3165,3165,3166]],"type":"Polygon","properties":{"id":"14000US01121011501"}},{"arcs":[[3167,3168,3169,3170,3171,3172,3173]],"type":"Polygon","properties":{"id":"14000US01071950601"}},{"arcs":[[3174,3175,3176,-3169,3177]],"type":"Polygon","properties":{"id":"14000US01071950301"}},{"arcs":[[-2368,-2380,-2370,-2386]],"type":"Polygon","properties":{"id":"14000US01039962500"}},{"arcs":[[-2387,-2372,-2381,-2366,3178,3179,-2390]],"type":"Polygon","properties":{"id":"14000US01039962800"}},{"arcs":[[-2358,-2385,-2378,-2360,-2396]],"type":"Polygon","properties":{"id":"14000US01039962000"}},{"arcs":[[3180,-2018,3181,-1750,-2985,-2980,-2969,3182,3183]],"type":"Polygon","properties":{"id":"14000US01013953200"}},{"arcs":[[3184,3185,-3183,-2972,-2394,-1304]],"type":"Polygon","properties":{"id":"14000US01013953500"}},{"arcs":[[-1672,-1752,3186,3187,3188,3189,-2627,-470]],"type":"Polygon","properties":{"id":"14000US01013953000"}},{"arcs":[[-3190,3190,-3184,-3186,3191,3192]],"type":"Polygon","properties":{"id":"14000US01013953300"}},{"arcs":[[-3187,-1751,-3182,-2017,3193]],"type":"Polygon","properties":{"id":"14000US01013952700"}},{"arcs":[[3194,-2019,-3181,-3191,-3189]],"type":"Polygon","properties":{"id":"14000US01013953100"}},{"arcs":[[-3192,-3185,-1303,3195]],"type":"Polygon","properties":{"id":"14000US01013953400"}},{"arcs":[[-3194,-2020,-3195,-3188]],"type":"Polygon","properties":{"id":"14000US01013952900"}},{"arcs":[[-2149,3196,3197,-2063,-806,3198]],"type":"Polygon","properties":{"id":"14000US01105687100"}},{"arcs":[[3199,3200,-1590,3201,3202]],"type":"Polygon","properties":{"id":"14000US01095030402"}},{"arcs":[[-2229,-1480,3203,3204,3205]],"type":"Polygon","properties":{"id":"14000US01101005700"}},{"arcs":[[-766,-781,-309,-1642,-1713]],"type":"Polygon","properties":{"id":"14000US01033020100"}},{"arcs":[[-3126,-1112,3206,-3117,-3123,-3120]],"type":"Polygon","properties":{"id":"14000US01003010200"}},{"arcs":[[-3124,-3115,-3122]],"type":"Polygon","properties":{"id":"14000US01003010600"}},{"arcs":[[-56,-2755,3207,-1758,3208,-2757]],"type":"Polygon","properties":{"id":"14000US01045020802"}},{"arcs":[[-2769,-2758,-3209,-1759,-3208,-2754,-2743,-2748,-2764,3209,3210]],"type":"Polygon","properties":{"id":"14000US01045020000"}},{"arcs":[[-2397,-2377,-2389,-2393,3211,3212]],"type":"Polygon","properties":{"id":"14000US01039962900"}},{"arcs":[[3213,3214,3215,3216]],"type":"Polygon","properties":{"id":"14000US01109189003"}},{"arcs":[[3217,3218,-3072,3219,-78]],"type":"Polygon","properties":{"id":"14000US01073012908"}},{"arcs":[[-2730,-3062,3220,3221,-2794]],"type":"Polygon","properties":{"id":"14000US01073013002"}},{"arcs":[[-1681,3222,-1359,-2959,-2792,3223]],"type":"Polygon","properties":{"id":"14000US01073013200"}},{"arcs":[[-1157,-3224,-117,3224,-209]],"type":"Polygon","properties":{"id":"14000US01073013300"}},{"arcs":[[-1192,3225,-1682,-1155,-1186]],"type":"Polygon","properties":{"id":"14000US01073013400"}},{"arcs":[[3226,-2035,3227,3228]],"type":"Polygon","properties":{"id":"14000US01101005409"}},{"arcs":[[3229,-23,-2930,3230,-2283,3231,3232,3233,3234,3235,-1744]],"type":"Polygon","properties":{"id":"14000US01101006000"}},{"arcs":[[-2935,3236,3237,3238,-2278,-2269,-423,-2281,-3231,-2929]],"type":"Polygon","properties":{"id":"14000US01101000300"}},{"arcs":[[-438,-1815,3239,3240,3241,3242,-12]],"type":"Polygon","properties":{"id":"14000US01101002800"}},{"arcs":[[3243,3244,-3235]],"type":"Polygon","properties":{"id":"14000US01101006100"}},{"arcs":[[3245,3246,-1043,-2034,3247,-1821]],"type":"Polygon","properties":{"id":"14000US01101005402"}},{"arcs":[[3248,3249,-3238]],"type":"Polygon","properties":{"id":"14000US01101005102"}},{"arcs":[[3250,3251,3252,-3246,-1820,-1817,3253,-3249,-3237,-2934]],"type":"Polygon","properties":{"id":"14000US01101005101"}},{"arcs":[[-2230,-3206,3254,-2973,-2984,3255]],"type":"Polygon","properties":{"id":"14000US01101005800"}},{"arcs":[[-439,-15,-16,-433,-2280]],"type":"Polygon","properties":{"id":"14000US01101001400"}},{"arcs":[[3256,3257,3258,3259,3260,3261,3262,3263,3264,3265]],"type":"Polygon","properties":{"id":"14000US01081042104"}},{"arcs":[[-1019,-2141,3266,3267,-3197,-2148]],"type":"Polygon","properties":{"id":"14000US01105687002"}},{"arcs":[[-1212,-1226,3268,-3267,-2140]],"type":"Polygon","properties":{"id":"14000US01105687001"}},{"arcs":[[3269,3270,-1511]],"type":"Polygon","properties":{"id":"14000US01081041102"}},{"arcs":[[3271,-1494,3272,-3263]],"type":"Polygon","properties":{"id":"14000US01081042103"}},{"arcs":[[3273,3274,3275,3276,3277,3278,3279]],"type":"Polygon","properties":{"id":"14000US01081042008"}},{"arcs":[[-1626,-565,3280,3281,3282,3283,-3043,-1606]],"type":"Polygon","properties":{"id":"14000US01081041002"}},{"arcs":[[3284,3285,3286,3287,-3257,3288]],"type":"Polygon","properties":{"id":"14000US01081040501"}},{"arcs":[[3289,3290,3291,-3283]],"type":"Polygon","properties":{"id":"14000US01081040607"}},{"arcs":[[3292,3293,3294,3295,-3287,3296]],"type":"Polygon","properties":{"id":"14000US01081041101"}},{"arcs":[[3297,-3259,3298]],"type":"Polygon","properties":{"id":"14000US01081041702"}},{"arcs":[[-3296,3299,3300,-3299,-3258,-3288]],"type":"Polygon","properties":{"id":"14000US01081041701"}},{"arcs":[[-3271,3301,3302,3303,3304,-1512]],"type":"Polygon","properties":{"id":"14000US01081040904"}},{"arcs":[[-564,3305,3306,-1514,-1335,3307,-3281]],"type":"Polygon","properties":{"id":"14000US01081041001"}},{"arcs":[[-3284,-3292,3308,3309,3310,-3289,-3266,3311,-3047,-3044]],"type":"Polygon","properties":{"id":"14000US01081040502"}},{"arcs":[[3312,3313,-3294,3314,-1509,-3307]],"type":"Polygon","properties":{"id":"14000US01081041104"}},{"arcs":[[3315,3316,-3310,3317]],"type":"Polygon","properties":{"id":"14000US01081040401"}},{"arcs":[[-3303,-3297,-3286,3318,3319,3320]],"type":"Polygon","properties":{"id":"14000US01081040202"}},{"arcs":[[3321,3322,3323,-798,3324,3325,-1495,-3272,-3262]],"type":"Polygon","properties":{"id":"14000US01081041902"}},{"arcs":[[3326,3327,3328,3329,3330]],"type":"Polygon","properties":{"id":"14000US01081041803"}},{"arcs":[[3331,3332,-3331,3333,3334]],"type":"Polygon","properties":{"id":"14000US01081041802"}},{"arcs":[[-3308,-1334,3335,3336,-3290,-3282]],"type":"Polygon","properties":{"id":"14000US01081040605"}},{"arcs":[[-3334,-3330,3337,-3323,3338]],"type":"Polygon","properties":{"id":"14000US01081041903"}},{"arcs":[[-3329,3339,-792,-3324,-3338]],"type":"Polygon","properties":{"id":"14000US01081041901"}},{"arcs":[[-562,3340,3341,-3260,-3298,-3301,3342,3343]],"type":"Polygon","properties":{"id":"14000US01081041703"}},{"arcs":[[3344,-3335,-3339,-3322,-3261,-3342]],"type":"Polygon","properties":{"id":"14000US01081041801"}},{"arcs":[[3345,-3319,-3285,3346]],"type":"Polygon","properties":{"id":"14000US01081040402"}},{"arcs":[[3347,-796,3348,-3275,3349]],"type":"Polygon","properties":{"id":"14000US01081042009"}},{"arcs":[[3350,3351,-3318,-3309,-3291,-3337]],"type":"Polygon","properties":{"id":"14000US01081040606"}},{"arcs":[[-1510,-3315,-3293,-3302,-3270]],"type":"Polygon","properties":{"id":"14000US01081041103"}},{"arcs":[[3352,3353,3354,3355]],"type":"Polygon","properties":{"id":"14000US01081040802"}},{"arcs":[[3356,3357,-3347,-3311,-3317]],"type":"Polygon","properties":{"id":"14000US01081040403"}},{"arcs":[[3358,-3304,-3321,3359,3360,-3354]],"type":"Polygon","properties":{"id":"14000US01081040201"}},{"arcs":[[3361,-3280,3362,-1492]],"type":"Polygon","properties":{"id":"14000US01081042007"}},{"arcs":[[-1331,-3356,3363]],"type":"Polygon","properties":{"id":"14000US01081040801"}},{"arcs":[[-1513,-3305,-3359,-3353,-1330]],"type":"Polygon","properties":{"id":"14000US01081040903"}},{"arcs":[[3364,-216,-2234,-912,-1014,-2997]],"type":"Polygon","properties":{"id":"14000US01089001500"}},{"arcs":[[-2957,-3069,-2802,3365,3366,-1026,3367]],"type":"Polygon","properties":{"id":"14000US01073000500"}},{"arcs":[[-2958,-3368,-1025,-1057]],"type":"Polygon","properties":{"id":"14000US01073000700"}},{"arcs":[[3368,-305,-129]],"type":"Polygon","properties":{"id":"14000US01073014405"}},{"arcs":[[-545,-3016,-3024,-3018,-1121,-1766]],"type":"Polygon","properties":{"id":"14000US01091973400"}},{"arcs":[[-3023,-2150,-3199,-811,-463,-455,3369,-3012,-3020]],"type":"Polygon","properties":{"id":"14000US01091973100"}},{"arcs":[[3370,-938,-1757,3371,3372,3373]],"type":"Polygon","properties":{"id":"14000US01103005302"}},{"arcs":[[-3372,-1756,-932,3374,3375]],"type":"Polygon","properties":{"id":"14000US01103005304"}},{"arcs":[[3376,3377,-2204,3378,3379,3380]],"type":"Polygon","properties":{"id":"14000US01043965401"}},{"arcs":[[3381,3382,-3148,3383,-607,-594,3384]],"type":"Polygon","properties":{"id":"14000US01015002200"}},{"arcs":[[3385,3386,3387,3388,-2044]],"type":"Polygon","properties":{"id":"14000US01015000300"}},{"arcs":[[3389,3390,-1617,-2039,-2922,3391,-722]],"type":"Polygon","properties":{"id":"14000US01037961200"}},{"arcs":[[3392,-3166,-3164,3393,-2262,3394,-3390,-721,-732]],"type":"Polygon","properties":{"id":"14000US01037961100"}},{"arcs":[[-2261,3395,-1630,-1611,-3391,-3395]],"type":"Polygon","properties":{"id":"14000US01037961000"}},{"arcs":[[3396,3397,-3217,3398,3399,3400,3401,-2965,-2982]],"type":"Polygon","properties":{"id":"14000US01109189200"}},{"arcs":[[-1031,-1094,-500,-501,-237]],"type":"Polygon","properties":{"id":"14000US01089001700"}},{"arcs":[[-504,-479,3402,3403]],"type":"Polygon","properties":{"id":"14000US01089001903"}},{"arcs":[[-239,-505,3404,-925,-914,-2233]],"type":"Polygon","properties":{"id":"14000US01089002000"}},{"arcs":[[-3030,-735,3405,-813]],"type":"Polygon","properties":{"id":"14000US01047956400"}},{"arcs":[[3406,-814,-3406,-738,3407,3408,3409]],"type":"Polygon","properties":{"id":"14000US01047956600"}},{"arcs":[[3410,-1141,-1133,-1154,-1128]],"type":"Polygon","properties":{"id":"14000US01101005607"}},{"arcs":[[-2208,3411,-2205,-3378,3412,-2211]],"type":"Polygon","properties":{"id":"14000US01043965502"}},{"arcs":[[3413,3414,3415,3416,-856,-2201,-2185]],"type":"Polygon","properties":{"id":"14000US01043964902"}},{"arcs":[[-3413,-3377,3417,-2422,-1346,-2212]],"type":"Polygon","properties":{"id":"14000US01043965501"}},{"arcs":[[3418,-2200,-2215,3419,3420,-3416]],"type":"Polygon","properties":{"id":"14000US01043964201"}},{"arcs":[[3421,3422,-2193,-3419,-3415,3423]],"type":"Polygon","properties":{"id":"14000US01043964202"}},{"arcs":[[-858,3424,3425,3426,-2202]],"type":"Polygon","properties":{"id":"14000US01043965002"}},{"arcs":[[3427,3428,-3426]],"type":"Polygon","properties":{"id":"14000US01043965001"}},{"arcs":[[-3421,3429,3430,-3428,-3425,-857,-3417]],"type":"Polygon","properties":{"id":"14000US01043964901"}},{"arcs":[[-579,3431,3432,-2043,3433,3434]],"type":"Polygon","properties":{"id":"14000US01015001600"}},{"arcs":[[3435,-2419,3436,-2403,-2398]],"type":"Polygon","properties":{"id":"14000US01009050104"}},{"arcs":[[-3437,-2418,-2407,-2404]],"type":"Polygon","properties":{"id":"14000US01009050106"}},{"arcs":[[-1123,-3021,-3014,3437,3438,3439,-242]],"type":"Polygon","properties":{"id":"14000US01091973300"}},{"arcs":[[-3013,-3370,-462,-2663,-2659,-3438]],"type":"Polygon","properties":{"id":"14000US01091973200"}},{"arcs":[[-1430,-1453,3440,3441,3442]],"type":"Polygon","properties":{"id":"14000US01103000100"}},{"arcs":[[-2916,-939,-3371,3443,3444]],"type":"Polygon","properties":{"id":"14000US01103005103"}},{"arcs":[[-1451,3445,3446,-3375,-931,-936,3447]],"type":"Polygon","properties":{"id":"14000US01103005404"}},{"arcs":[[-3244,-3234,3448,3449]],"type":"Polygon","properties":{"id":"14000US01101005902"}},{"arcs":[[3450,-1529,3451]],"type":"Polygon","properties":{"id":"14000US01015002101"}},{"arcs":[[-619,-623,3452,-3432,-578,-589]],"type":"Polygon","properties":{"id":"14000US01015001700"}},{"arcs":[[3453,3454,3455,-3387]],"type":"Polygon","properties":{"id":"14000US01015000200"}},{"arcs":[[3456,3457,-1195,3458,-1277,-113]],"type":"Polygon","properties":{"id":"14000US01073010001"}},{"arcs":[[-3459,-1196,-1183,-1278]],"type":"Polygon","properties":{"id":"14000US01073010002"}},{"arcs":[[-211,3459,3460,3461,3462,-1187]],"type":"Polygon","properties":{"id":"14000US01073010200"}},{"arcs":[[-3461,3463,3464,3465,3466]],"type":"Polygon","properties":{"id":"14000US01073010301"}},{"arcs":[[-3225,-120,3467,-3464,-3460,-210]],"type":"Polygon","properties":{"id":"14000US01073010302"}},{"arcs":[[-3462,-3467,3468,-1632]],"type":"Polygon","properties":{"id":"14000US01073010401"}},{"arcs":[[3469,3470,3471,3472,3473,3474]],"type":"Polygon","properties":{"id":"14000US01059973600"}},{"arcs":[[3475,3476,3477,3478,3479,3480,3481]],"type":"Polygon","properties":{"id":"14000US01059973300"}},{"arcs":[[3482,3483,-3470,3484]],"type":"Polygon","properties":{"id":"14000US01059973500"}},{"arcs":[[-3132,-2023,-2028,3485,3486,-3482,3487,-3471,-3484,3488]],"type":"Polygon","properties":{"id":"14000US01059973100"}},{"arcs":[[-2026,-3131,3489,3490,-3478,3491]],"type":"Polygon","properties":{"id":"14000US01059972900"}},{"arcs":[[-3133,-3489,-3483,3492]],"type":"Polygon","properties":{"id":"14000US01059973400"}},{"arcs":[[-2027,-3492,-3477,3493,-3486]],"type":"Polygon","properties":{"id":"14000US01059973000"}},{"arcs":[[-3441,-1452,-3448,-2915,3494]],"type":"Polygon","properties":{"id":"14000US01103000200"}},{"arcs":[[-2613,-2628,-3193,-3196,-1302,-1311,-1296,-1310]],"type":"Polygon","properties":{"id":"14000US01035960200"}},{"arcs":[[3495,3496,-2921,3497,3498,3499]],"type":"Polygon","properties":{"id":"14000US01103005107"}},{"arcs":[[3500,3501,3502,3503,3504]],"type":"Polygon","properties":{"id":"14000US01103005701"}},{"arcs":[[-883,-1647,-1645,-1737,-2021]],"type":"Polygon","properties":{"id":"14000US01033020500"}},{"arcs":[[3505,3506,3507,3508,3509]],"type":"Polygon","properties":{"id":"14000US01109188900"}},{"arcs":[[-3204,-1479,3510,-3506,3511,3512]],"type":"Polygon","properties":{"id":"14000US01109188700"}},{"arcs":[[-2974,-3255,-3205,-3513,3513,-3397,-2981]],"type":"Polygon","properties":{"id":"14000US01109188800"}},{"arcs":[[-3511,-1478,-2593,3514,3515,-3507]],"type":"Polygon","properties":{"id":"14000US01109188600"}},{"arcs":[[3516,-3515,-2596,-2601,-2768,3517,-3401]],"type":"Polygon","properties":{"id":"14000US01109189300"}},{"arcs":[[-1574,3518,3519]],"type":"Polygon","properties":{"id":"14000US01077011102"}},{"arcs":[[-1006,3520,-729,-714,-1216,-1223,-2305]],"type":"Polygon","properties":{"id":"14000US01021060404"}},{"arcs":[[-712,3521,-93,3522,-705]],"type":"Polygon","properties":{"id":"14000US01021060701"}},{"arcs":[[-3392,-2924,3523,-107,-3522,-711,-723]],"type":"Polygon","properties":{"id":"14000US01021060702"}},{"arcs":[[-1005,-3077,-733,-726,-3521]],"type":"Polygon","properties":{"id":"14000US01021060403"}},{"arcs":[[-725,3524,-708,-703,-728]],"type":"Polygon","properties":{"id":"14000US01021060103"}},{"arcs":[[-724,-709,-3525]],"type":"Polygon","properties":{"id":"14000US01021060104"}},{"arcs":[[3525,3526,-3424,-3414,-2184]],"type":"Polygon","properties":{"id":"14000US01043964300"}},{"arcs":[[-3427,-3429,-3431,3527,-3379,-2203]],"type":"Polygon","properties":{"id":"14000US01043965100"}},{"arcs":[[-2191,-2187,-2206,-3412,-2207]],"type":"Polygon","properties":{"id":"14000US01043964600"}},{"arcs":[[-3420,-2219,-2435,3528,-3380,-3528,-3430]],"type":"Polygon","properties":{"id":"14000US01043965200"}},{"arcs":[[3529,-1499,3530,3531,-297,-2258,3532,3533]],"type":"Polygon","properties":{"id":"14000US01121011100"}},{"arcs":[[3534,-3534,3535,3536,-3156,-3151]],"type":"Polygon","properties":{"id":"14000US01121011400"}},{"arcs":[[3537,3538,3539,-3160,-3157,-3537]],"type":"Polygon","properties":{"id":"14000US01121011700"}},{"arcs":[[-1503,3540,-291,3541,3542]],"type":"Polygon","properties":{"id":"14000US01121010900"}},{"arcs":[[-3536,-3533,-2263,-3394,-3163,3543,3544,-3538]],"type":"Polygon","properties":{"id":"14000US01121011600"}},{"arcs":[[-1504,-3543,3545,-3531,-1498]],"type":"Polygon","properties":{"id":"14000US01121010700"}},{"arcs":[[3546,3547,-3544,-3162]],"type":"Polygon","properties":{"id":"14000US01121012000"}},{"arcs":[[-3540,3548,-3547,-3161]],"type":"Polygon","properties":{"id":"14000US01121011900"}},{"arcs":[[-2469,-1507,-1500,-3530,-3535,-3150,3549]],"type":"Polygon","properties":{"id":"14000US01121011200"}},{"arcs":[[-1496,-292,-3541,-1502]],"type":"Polygon","properties":{"id":"14000US01121010500"}},{"arcs":[[-3542,-290,-3532,-3546]],"type":"Polygon","properties":{"id":"14000US01121011000"}},{"arcs":[[-172,-149,3550,-1086,3551,-2559]],"type":"Polygon","properties":{"id":"14000US01073010806"}},{"arcs":[[3552,-1656,-2911,-1910,-2135,3553]],"type":"Polygon","properties":{"id":"14000US01095031200"}},{"arcs":[[3554,3555,-2889,-121,-308,3556,-230,3557]],"type":"Polygon","properties":{"id":"14000US01073014415"}},{"arcs":[[-3557,-307,3558,-80,-231]],"type":"Polygon","properties":{"id":"14000US01073014414"}},{"arcs":[[-1294,-2479,-1272,3559]],"type":"Polygon","properties":{"id":"14000US01073011116"}},{"arcs":[[-197,-1295,-3560,-1271,3560,3561,-2783]],"type":"Polygon","properties":{"id":"14000US01073011117"}},{"arcs":[[3562,3563,-194,-2955,3564]],"type":"Polygon","properties":{"id":"14000US01073012003"}},{"arcs":[[-2560,-3552,-1093,3565,-1788]],"type":"Polygon","properties":{"id":"14000US01073012804"}},{"arcs":[[3566,3567,-85,-1783,3568,-3218,-127]],"type":"Polygon","properties":{"id":"14000US01073012916"}},{"arcs":[[-1321,-1247,3569,-1052,-1238]],"type":"Polygon","properties":{"id":"14000US01117030211"}},{"arcs":[[3570,-3154,-2632,-253]],"type":"Polygon","properties":{"id":"14000US01117030103"}},{"arcs":[[3571,-2315,-2441,-2467,3572,-1049,-3570,-1246,-1288]],"type":"Polygon","properties":{"id":"14000US01117030900"}},{"arcs":[[-3573,-2470,-3550,-3153,-3155,-3571,-1050]],"type":"Polygon","properties":{"id":"14000US01117030102"}},{"arcs":[[3573,3574,-1424,-2562,-1414]],"type":"Polygon","properties":{"id":"14000US01127021800"}},{"arcs":[[-3494,-3476,-3487]],"type":"Polygon","properties":{"id":"14000US01059973200"}},{"arcs":[[3575,-2213,-1425,-3575,3576,3577]],"type":"Polygon","properties":{"id":"14000US01127020801"}},{"arcs":[[3578,3579,3580,3581,3582]],"type":"Polygon","properties":{"id":"14000US01127020302"}},{"arcs":[[-3582,3583,3584,3585,3586]],"type":"Polygon","properties":{"id":"14000US01127020301"}},{"arcs":[[3587,-1172,-1182,-2210,-2214,-3576,3588,-3580,3589]],"type":"Polygon","properties":{"id":"14000US01127020802"}},{"arcs":[[-1406,-1412,-1417,3590]],"type":"Polygon","properties":{"id":"14000US01127021400"}},{"arcs":[[-3585,3591,-3577,-3574,-1413,-1409,3592]],"type":"Polygon","properties":{"id":"14000US01127020600"}},{"arcs":[[-2554,3593,3594,-1340,3595]],"type":"Polygon","properties":{"id":"14000US01127021000"}},{"arcs":[[-3589,-3578,-3592,-3584,-3581]],"type":"Polygon","properties":{"id":"14000US01127020700"}},{"arcs":[[3596,-3590,-3579,3597,-1341,-3595]],"type":"Polygon","properties":{"id":"14000US01127020900"}},{"arcs":[[-2555,-3596,-1339,-974,-1553,3598]],"type":"Polygon","properties":{"id":"14000US01127021100"}},{"arcs":[[3599,3600,-1864,-1969,-1973]],"type":"Polygon","properties":{"id":"14000US01097006704"}},{"arcs":[[-1344,-1407,-3591,-1420,3601,3602,-2066,-979,-976]],"type":"Polygon","properties":{"id":"14000US01127021300"}},{"arcs":[[-3586,-3593,-1408,-1404,3603]],"type":"Polygon","properties":{"id":"14000US01127020400"}},{"arcs":[[-3598,-3583,-3587,-3604,-1403,-1342]],"type":"Polygon","properties":{"id":"14000US01127020200"}},{"arcs":[[3604,3605,-1432,3606,3607,3608,3609,-3496,3610]],"type":"Polygon","properties":{"id":"14000US01103005101"}},{"arcs":[[-2920,-2917,-3445,3611,-3498]],"type":"Polygon","properties":{"id":"14000US01103005105"}},{"arcs":[[-1953,-1986,-3127,-1997,-1824,-1827,-1956]],"type":"Polygon","properties":{"id":"14000US01097005702"}},{"arcs":[[-1957,-1842,-1991,-628,-1869,-1882]],"type":"Polygon","properties":{"id":"14000US01097006305"}},{"arcs":[[3612,-3373,-3376,-3447,3613,3614,3615,-3526,-2183,-2190,-909]],"type":"Polygon","properties":{"id":"14000US01103005500"}},{"arcs":[[-1450,-2300,3616,-3505,3617,-3614,-3446]],"type":"Polygon","properties":{"id":"14000US01103005405"}},{"arcs":[[-190,3618,3619,3620,3621,-87]],"type":"Polygon","properties":{"id":"14000US01073005910"}},{"arcs":[[3622,-99,3623,-1754,-3032,-3027]],"type":"Polygon","properties":{"id":"14000US01001021100"}},{"arcs":[[-716,-706,-3523,-96,-100,-3623,-3026,-3031]],"type":"Polygon","properties":{"id":"14000US01001021000"}},{"arcs":[[-797,-3348,3624,-3325]],"type":"Polygon","properties":{"id":"14000US01081042006"}},{"arcs":[[3625,-1444,-1433,-3606,3626,3627,3628]],"type":"Polygon","properties":{"id":"14000US01079979100"}},{"arcs":[[-3479,-3491,3629,3630,-1174,3631,-2512,3632]],"type":"Polygon","properties":{"id":"14000US01079979900"}},{"arcs":[[3633,3634,3635,-1175,-3631]],"type":"Polygon","properties":{"id":"14000US01079979800"}},{"arcs":[[3636,3637,3638,-911,-2189,-1176,-3636]],"type":"Polygon","properties":{"id":"14000US01079979700"}},{"arcs":[[3639,3640,-3611,-3500,-3638,3641]],"type":"Polygon","properties":{"id":"14000US01079979600"}},{"arcs":[[3642,-3642,-3637,-3635,3643]],"type":"Polygon","properties":{"id":"14000US01079979400"}},{"arcs":[[-3130,3644,3645,-3644,-3634,-3630,-3490]],"type":"Polygon","properties":{"id":"14000US01079979300"}},{"arcs":[[3646,3647,3648,3649,3650]],"type":"Polygon","properties":{"id":"14000US01095030701"}},{"arcs":[[3651,3652,3653,3654]],"type":"Polygon","properties":{"id":"14000US01113030905"}},{"arcs":[[3655,-3655,3656]],"type":"Polygon","properties":{"id":"14000US01113030904"}},{"arcs":[[-1493,-3363,-3279,3657,3658,3659]],"type":"Polygon","properties":{"id":"14000US01113030906"}},{"arcs":[[3660,-1764,3661,3662,3663]],"type":"Polygon","properties":{"id":"14000US01113030601"}},{"arcs":[[3664,-142,-187,-3564,3665]],"type":"Polygon","properties":{"id":"14000US01073011709"}},{"arcs":[[3666,-3058,-3081,3667,-2733,-73]],"type":"Polygon","properties":{"id":"14000US01073004901"}},{"arcs":[[-3221,-69,-178,-2736,-2888,3668]],"type":"Polygon","properties":{"id":"14000US01073005104"}},{"arcs":[[3669,-1276,3670,-162]],"type":"Polygon","properties":{"id":"14000US01073011108"}},{"arcs":[[-3512,-3510,3671,-3214,-3398,-3514]],"type":"Polygon","properties":{"id":"14000US01109189001"}},{"arcs":[[-3508,-3516,-3517,-3400,3672,3673]],"type":"Polygon","properties":{"id":"14000US01109189102"}},{"arcs":[[3674,-3673,-3399,-3216]],"type":"Polygon","properties":{"id":"14000US01109189002"}},{"arcs":[[-3509,-3674,-3675,-3215,-3672]],"type":"Polygon","properties":{"id":"14000US01109189101"}},{"arcs":[[-434,-18,3675,3676]],"type":"Polygon","properties":{"id":"14000US01101002201"}},{"arcs":[[3677,-3676,3678,-1163,3679]],"type":"Polygon","properties":{"id":"14000US01101002202"}},{"arcs":[[-431,-435,-3677,-3678,3680,3681]],"type":"Polygon","properties":{"id":"14000US01101002300"}},{"arcs":[[3682,-425,-302,-3682,-3449,-3233]],"type":"Polygon","properties":{"id":"14000US01101002400"}},{"arcs":[[-3250,-3254,-1816,-1,-2276,-3239]],"type":"Polygon","properties":{"id":"14000US01101002500"}},{"arcs":[[-1819,-1822,-3248,3683,-9]],"type":"Polygon","properties":{"id":"14000US01101002600"}},{"arcs":[[-3684,-2036,3684,-1733]],"type":"Polygon","properties":{"id":"14000US01101002700"}},{"arcs":[[-2282,-426,-3683,-3232]],"type":"Polygon","properties":{"id":"14000US01101003000"}},{"arcs":[[-17,3685,-1164,-3679]],"type":"Polygon","properties":{"id":"14000US01101003100"}},{"arcs":[[-13,3686,-1165,-3686]],"type":"Polygon","properties":{"id":"14000US01101003200"}},{"arcs":[[3687,3688,-3558,3689,3690]],"type":"Polygon","properties":{"id":"14000US01073014209"}},{"arcs":[[-3690,-235,-1264,3691,3692]],"type":"Polygon","properties":{"id":"14000US01073014208"}},{"arcs":[[-1199,3693,-3691,-3693,3694,-1250,3695]],"type":"Polygon","properties":{"id":"14000US01073014206"}},{"arcs":[[-3692,-1263,-1251,-3695]],"type":"Polygon","properties":{"id":"14000US01073014205"}},{"arcs":[[-1200,-3696,-1249,-1203,-3067,3696]],"type":"Polygon","properties":{"id":"14000US01073014207"}},{"arcs":[[-3468,-119,-2796,3697,-3555,-3689,3698,-3465]],"type":"Polygon","properties":{"id":"14000US01073014303"}},{"arcs":[[3699,-115,-1280,3700,-3102,-2718]],"type":"Polygon","properties":{"id":"14000US01073014106"}},{"arcs":[[3701,-3059,-3667,-72,3702,-1375,3703]],"type":"Polygon","properties":{"id":"14000US01073004502"}},{"arcs":[[3704,-1381,3705,3706]],"type":"Polygon","properties":{"id":"14000US01101005606"}},{"arcs":[[-3439,-2662,-2867,-2874,3707]],"type":"Polygon","properties":{"id":"14000US01025957601"}},{"arcs":[[-246,-243,-3440,-3708,-2875,-2870,3708,3709,-249]],"type":"Polygon","properties":{"id":"14000US01025957700"}},{"arcs":[[-2849,-2852,-2842,3710,-639,3711]],"type":"Polygon","properties":{"id":"14000US01097003501"}},{"arcs":[[3712,-2607,-2676,-2845,3713]],"type":"Polygon","properties":{"id":"14000US01097004900"}},{"arcs":[[-2809,3714,-1673,-3713,-1878]],"type":"Polygon","properties":{"id":"14000US01097005000"}},{"arcs":[[-2827,-1983,3715,3716]],"type":"Polygon","properties":{"id":"14000US01097001501"}},{"arcs":[[-2879,-2882,3717,-1894,3718]],"type":"Polygon","properties":{"id":"14000US01097001800"}},{"arcs":[[3719,-2046,3720,3721,3722,-614]],"type":"Polygon","properties":{"id":"14000US01015001300"}},{"arcs":[[3723,3724,3725,-605,-599,3726]],"type":"Polygon","properties":{"id":"14000US01015001201"}},{"arcs":[[-2045,-3389,3727,3728,-3721]],"type":"Polygon","properties":{"id":"14000US01015000500"}},{"arcs":[[-3456,3729,3730,-3725,3731,-3728,-3388]],"type":"Polygon","properties":{"id":"14000US01015000800"}},{"arcs":[[-3711,-2841,3732,-2517,3733]],"type":"Polygon","properties":{"id":"14000US01097003502"}},{"arcs":[[-2808,3734,-1674,-3715]],"type":"Polygon","properties":{"id":"14000US01097005100"}},{"arcs":[[-50,-39,-19,-28]],"type":"Polygon","properties":{"id":"14000US01001020300"}},{"arcs":[[-776,-763,-879]],"type":"Polygon","properties":{"id":"14000US01077010300"}},{"arcs":[[-1586,-875,-779]],"type":"Polygon","properties":{"id":"14000US01077010700"}},{"arcs":[[-3241,-3706,3735,3736,3737]],"type":"Polygon","properties":{"id":"14000US01101005614"}},{"arcs":[[-3519,-1573,-1585,-1625,-773,3738]],"type":"Polygon","properties":{"id":"14000US01077011000"}},{"arcs":[[-3243,3739,-3737,3740,-3687]],"type":"Polygon","properties":{"id":"14000US01101002902"}},{"arcs":[[-3228,-1046,3741,-1137,3742,-1126,3743,3744]],"type":"Polygon","properties":{"id":"14000US01101005412"}},{"arcs":[[-3236,-3245,-3450,-3681,-3680,-1169,-2227,3745,-1745]],"type":"Polygon","properties":{"id":"14000US01101005904"}},{"arcs":[[-1142,-3411,-1127,-3743]],"type":"Polygon","properties":{"id":"14000US01101005411"}},{"arcs":[[-3539,-3545,-3548,-3549]],"type":"Polygon","properties":{"id":"14000US01121011800"}},{"arcs":[[3746,-1063,-3007,-1387,-2014]],"type":"Polygon","properties":{"id":"14000US01089002912"}},{"arcs":[[-790,-1575,-3520,-3739,-772,-878,-1549]],"type":"Polygon","properties":{"id":"14000US01077011101"}},{"arcs":[[3747,-1812,-1439,-1446,3748,-888]],"type":"Polygon","properties":{"id":"14000US01077011802"}},{"arcs":[[-770,-891,-1569,-1555,-1537,-787]],"type":"Polygon","properties":{"id":"14000US01077011603"}},{"arcs":[[-3202,-1593,3749,-2195,3750]],"type":"Polygon","properties":{"id":"14000US01095030401"}},{"arcs":[[3751,-2132,-2181,3752,-3648]],"type":"Polygon","properties":{"id":"14000US01095030903"}},{"arcs":[[-602,-626,3753,-2255,-282]],"type":"Polygon","properties":{"id":"14000US01121010101"}},{"arcs":[[3754,3755,3756]],"type":"Polygon","properties":{"id":"14000US01113030403"}},{"arcs":[[3757,-3659,3758,-3663,3759,3760,-3652,-3656,3761]],"type":"Polygon","properties":{"id":"14000US01113030903"}},{"arcs":[[-3278,3762,3763,-3664,-3759,-3658]],"type":"Polygon","properties":{"id":"14000US01113030907"}},{"arcs":[[3764,-1765,-3661,-3764]],"type":"Polygon","properties":{"id":"14000US01113030602"}},{"arcs":[[3765,-794,3766,3767,-3755]],"type":"Polygon","properties":{"id":"14000US01113030404"}},{"arcs":[[-1376,-3703,-71,-176]],"type":"Polygon","properties":{"id":"14000US01073004501"}},{"arcs":[[3768,-3704,-1664,3769]],"type":"Polygon","properties":{"id":"14000US01073002701"}},{"arcs":[[-1027,-3367,3770,-3769,3771]],"type":"Polygon","properties":{"id":"14000US01073002402"}},{"arcs":[[-3366,-1731,-1658,-3078,-3060,-3702,-3771]],"type":"Polygon","properties":{"id":"14000US01073002401"}},{"arcs":[[-1787,-3070,-3219,-3569]],"type":"Polygon","properties":{"id":"14000US01073012917"}},{"arcs":[[-3671,3772,-144,-163]],"type":"Polygon","properties":{"id":"14000US01073011115"}},{"arcs":[[-1275,-2460,-1281,-145,-3773]],"type":"Polygon","properties":{"id":"14000US01073011114"}},{"arcs":[[-3220,-3071,-1793,3773,-1791,-1077]],"type":"Polygon","properties":{"id":"14000US01073012918"}},{"arcs":[[-1928,-1518,-3149,-3383,3774]],"type":"Polygon","properties":{"id":"14000US01015002300"}},{"arcs":[[-3222,-3669,-2887,-3556,-3698,-2795]],"type":"Polygon","properties":{"id":"14000US01073014304"}},{"arcs":[[-815,-3407,3775,3776]],"type":"Polygon","properties":{"id":"14000US01047956800"}},{"arcs":[[3777,-596,-606,-624,-603,-3726,-3731]],"type":"Polygon","properties":{"id":"14000US01015001000"}},{"arcs":[[3778,-3385,-593,-399,-1530,-3451]],"type":"Polygon","properties":{"id":"14000US01015002102"}},{"arcs":[[-621,-591,3779,3780]],"type":"Polygon","properties":{"id":"14000US01015981903"}},{"arcs":[[3781,3782,-1930,3783,-590,-576,3784]],"type":"Polygon","properties":{"id":"14000US01015002502"}},{"arcs":[[-3433,-3453,-622,-3781,3785,-3454,-3386]],"type":"Polygon","properties":{"id":"14000US01015000700"}},{"arcs":[[-3723,3786,-3727,-598,-280,-585,-615]],"type":"Polygon","properties":{"id":"14000US01015001202"}},{"arcs":[[3787,-1809,-3748,-887]],"type":"Polygon","properties":{"id":"14000US01077011801"}},{"arcs":[[-1716,3788,-660,3789]],"type":"Polygon","properties":{"id":"14000US01049960303"}},{"arcs":[[3790,3791,3792,3793,3794,-672]],"type":"Polygon","properties":{"id":"14000US01049960102"}},{"arcs":[[3795,-1649,3796,-1653,3797]],"type":"Polygon","properties":{"id":"14000US01049960701"}},{"arcs":[[-3789,-1715,-1651,-683,-654,-661]],"type":"Polygon","properties":{"id":"14000US01049960402"}},{"arcs":[[-664,-1650,-3796,3798,-2128,3799,3800]],"type":"Polygon","properties":{"id":"14000US01049960602"}},{"arcs":[[-3797,-1648,-686,-1654]],"type":"Polygon","properties":{"id":"14000US01049960702"}},{"arcs":[[-3795,3801,-694,-673]],"type":"Polygon","properties":{"id":"14000US01049960101"}},{"arcs":[[3802,-1717,-3790,-659,3803]],"type":"Polygon","properties":{"id":"14000US01049960302"}},{"arcs":[[-3618,-3504,3804,-3203,-3751,-2194,-3423,3805,-3615]],"type":"Polygon","properties":{"id":"14000US01103005601"}},{"arcs":[[-3806,-3422,-3527,-3616]],"type":"Polygon","properties":{"id":"14000US01103005602"}},{"arcs":[[3806,-2247,-3001,-2291,3807,-3502,3808]],"type":"Polygon","properties":{"id":"14000US01103005703"}},{"arcs":[[-2299,3809,-3809,-3501,-3617]],"type":"Polygon","properties":{"id":"14000US01103005704"}},{"arcs":[[-3499,-3612,-3444,-3374,-3613,-908,-3639]],"type":"Polygon","properties":{"id":"14000US01103005202"}},{"arcs":[[3810,3811,-2603,-1677]],"type":"Polygon","properties":{"id":"14000US01097007500"}},{"arcs":[[-2260,-2264,-1949,3812,-1613,-1629,-3396]],"type":"Polygon","properties":{"id":"14000US01123962000"}},{"arcs":[[-1118,-1040,-1299,-1307,3813,-1099]],"type":"Polygon","properties":{"id":"14000US01053969802"}},{"arcs":[[-3814,-1306,-3213,3814,-1100]],"type":"Polygon","properties":{"id":"14000US01053969801"}},{"arcs":[[3815,3816,-2265,-1806,-2268,-2338]],"type":"Polygon","properties":{"id":"14000US01083020600"}},{"arcs":[[-2337,-2333,3817,-3816]],"type":"Polygon","properties":{"id":"14000US01083020700"}},{"arcs":[[-1947,3818,-558,-1628,3819,-1943]],"type":"Polygon","properties":{"id":"14000US01123962400"}},{"arcs":[[-3813,-1948,-1941,-1618,-1614]],"type":"Polygon","properties":{"id":"14000US01123962200"}},{"arcs":[[-1620,-1944,-3820,-1627,-1604,-2040]],"type":"Polygon","properties":{"id":"14000US01123962502"}},{"arcs":[[-2807,-2002,3820,-1675,-3735]],"type":"Polygon","properties":{"id":"14000US01097005200"}},{"arcs":[[-2547,-1853,3821,-2221]],"type":"Polygon","properties":{"id":"14000US01097003711"}},{"arcs":[[-477,-1064,-3747,-2013,3822]],"type":"Polygon","properties":{"id":"14000US01089002721"}},{"arcs":[[3823,-2838,3824,-2515,-2008,-2913,3825,3826]],"type":"Polygon","properties":{"id":"14000US01097002900"}},{"arcs":[[-1967,3827,-641,-2048,3828]],"type":"Polygon","properties":{"id":"14000US01097003602"}},{"arcs":[[-640,-3734,-2539,-2049]],"type":"Polygon","properties":{"id":"14000US01097003606"}},{"arcs":[[-1966,-2850,-3712,-638,-3828]],"type":"Polygon","properties":{"id":"14000US01097003608"}},{"arcs":[[-3229,-3745,-1378,-3705,3829]],"type":"Polygon","properties":{"id":"14000US01101005410"}},{"arcs":[[-1855,3830,3831,-2223,3832,3833,-635]],"type":"Polygon","properties":{"id":"14000US01097006804"}},{"arcs":[[3834,-2876,-2545,-3832,3835]],"type":"Polygon","properties":{"id":"14000US01097006410"}},{"arcs":[[-1990,-2855,-1871,-630]],"type":"Polygon","properties":{"id":"14000US01097003409"}},{"arcs":[[-2725,-2877,-3835,-740]],"type":"Polygon","properties":{"id":"14000US01097006411"}},{"arcs":[[-3833,3836,-645,-642,3837]],"type":"Polygon","properties":{"id":"14000US01097006803"}},{"arcs":[[-2690,-2686,3838,-2684,3839,-2811,3840,-2853,-2681]],"type":"Polygon","properties":{"id":"14000US01097000801"}},{"arcs":[[-2685,-3839]],"type":"Polygon","properties":{"id":"14000US01097000802"}},{"arcs":[[-3836,-3831,-741]],"type":"Polygon","properties":{"id":"14000US01097006408"}},{"arcs":[[-3826,-2912,-2670,3841]],"type":"Polygon","properties":{"id":"14000US01097003207"}},{"arcs":[[3842,-3827,-3842,-2669,-2518]],"type":"Polygon","properties":{"id":"14000US01097003206"}},{"arcs":[[-3404,3843,-2960,-928,-926,-3405]],"type":"Polygon","properties":{"id":"14000US01089002600"}},{"arcs":[[-3844,-3403,-478,-3823,-2012,-2961]],"type":"Polygon","properties":{"id":"14000US01089002701"}},{"arcs":[[3844,3845,3846,-609]],"type":"Polygon","properties":{"id":"14000US01029959600"}},{"arcs":[[-3754,-625,-610,-3847,3847,-2122,-2256]],"type":"Polygon","properties":{"id":"14000US01029959700"}},{"arcs":[[-3147,-3141,3848,3849,-3845,-608,-3384]],"type":"Polygon","properties":{"id":"14000US01029959500"}},{"arcs":[[-3846,-3850,3850,-2125,-2123,-3848]],"type":"Polygon","properties":{"id":"14000US01029959800"}},{"arcs":[[3851,3852,-571,3853,-568]],"type":"Polygon","properties":{"id":"14000US01017953900"}},{"arcs":[[3854,-1960,-647]],"type":"Polygon","properties":{"id":"14000US01097006902"}},{"arcs":[[-2436,-2432,-2429,-2427,-2415,-3436,-2421]],"type":"Polygon","properties":{"id":"14000US01009050200"}},{"arcs":[[-3442,-3495,-2914,-1776,3855,3856]],"type":"Polygon","properties":{"id":"14000US01103000300"}},{"arcs":[[-3443,-3857,3857,3858,3859,-3607,-1431]],"type":"Polygon","properties":{"id":"14000US01103000400"}},{"arcs":[[3860,-3858,-3856,-1775,-1781]],"type":"Polygon","properties":{"id":"14000US01103000800"}},{"arcs":[[-3685,-3227,-3830,3861,-1813]],"type":"Polygon","properties":{"id":"14000US01101003304"}},{"arcs":[[3862,-2939,-2926]],"type":"Polygon","properties":{"id":"14000US01051031001"}},{"arcs":[[-1907,-2041,-1609,-1622,3863]],"type":"Polygon","properties":{"id":"14000US01051030402"}},{"arcs":[[3864,3865,-2937,-3863,-2925,-103]],"type":"Polygon","properties":{"id":"14000US01051031002"}},{"arcs":[[-1333,3866,-3351,-3336]],"type":"Polygon","properties":{"id":"14000US01081040603"}},{"arcs":[[-3265,3867,3868,-3048,-3312]],"type":"Polygon","properties":{"id":"14000US01081042101"}},{"arcs":[[-1567,-889,-3749,-1445,-3626,3869,-3135]],"type":"Polygon","properties":{"id":"14000US01079979201"}},{"arcs":[[3870,-3709,-2873,3871,3872,3873]],"type":"Polygon","properties":{"id":"14000US01129044000"}},{"arcs":[[3874,3875,3876,-1993]],"type":"Polygon","properties":{"id":"14000US01097002301"}},{"arcs":[[-1796,-2643,-2636,-1267,-1079]],"type":"Polygon","properties":{"id":"14000US01117030314"}},{"arcs":[[-2646,-992,-2672,-2572]],"type":"Polygon","properties":{"id":"14000US01117030317"}},{"arcs":[[-990,-996,-403,-2810,-2673]],"type":"Polygon","properties":{"id":"14000US01117030319"}},{"arcs":[[-3360,-3320,-3346,-3358,3877]],"type":"Polygon","properties":{"id":"14000US01081040300"}},{"arcs":[[-2828,-3717,3878,-3876]],"type":"Polygon","properties":{"id":"14000US01097002302"}},{"arcs":[[-2266,-3817,-3818,-1541,-1465,-1543]],"type":"Polygon","properties":{"id":"14000US01083020900"}},{"arcs":[[-3776,-3410,3879,3880]],"type":"Polygon","properties":{"id":"14000US01047956701"}},{"arcs":[[-3880,-3409,3881,3882]],"type":"Polygon","properties":{"id":"14000US01047956702"}},{"arcs":[[-3860,3883,-3608]],"type":"Polygon","properties":{"id":"14000US01103000600"}},{"arcs":[[-3884,-3859,-3861,-1780,3884,-3609]],"type":"Polygon","properties":{"id":"14000US01103000700"}},{"arcs":[[-3862,-3707,-3240,-1814]],"type":"Polygon","properties":{"id":"14000US01101003303"}},{"arcs":[[3885,-1143,3886,-1044,-3247,-3253]],"type":"Polygon","properties":{"id":"14000US01101005414"}},{"arcs":[[-1149,-3742,-1045,-3887]],"type":"Polygon","properties":{"id":"14000US01101005413"}},{"arcs":[[-3736,-1380,3887,-1166,-3741]],"type":"Polygon","properties":{"id":"14000US01101005613"}},{"arcs":[[-3242,-3738,-3740]],"type":"Polygon","properties":{"id":"14000US01101002901"}},{"arcs":[[-3053,3888,3889,-1915,3890,3891,3892]],"type":"Polygon","properties":{"id":"14000US01055000800"}},{"arcs":[[-1939,3893,-1920,3894,3895,3896,-2898]],"type":"Polygon","properties":{"id":"14000US01055001100"}},{"arcs":[[-2908,-691,-1926,3897,3898]],"type":"Polygon","properties":{"id":"14000US01055010900"}},{"arcs":[[-2762,3899,3900,3901]],"type":"Polygon","properties":{"id":"14000US01031011205"}},{"arcs":[[3902,-1801,3903,3904]],"type":"Polygon","properties":{"id":"14000US01031011203"}},{"arcs":[[-3900,-2761,3905]],"type":"Polygon","properties":{"id":"14000US01031011206"}},{"arcs":[[-3129,-3870,-3629,3906,-3645]],"type":"Polygon","properties":{"id":"14000US01079979202"}},{"arcs":[[-3907,-3628,3907,-3640,-3643,-3646]],"type":"Polygon","properties":{"id":"14000US01079979502"}},{"arcs":[[-3627,-3605,-3641,-3908]],"type":"Polygon","properties":{"id":"14000US01079979501"}},{"arcs":[[3908,-2658,-3125,-1984,3909,3910]],"type":"Polygon","properties":{"id":"14000US01129044200"}},{"arcs":[[-3872,-2872,-2869,-2653,-3909,3911]],"type":"Polygon","properties":{"id":"14000US01129044100"}},{"arcs":[[-250,-3710,-3871,3912]],"type":"Polygon","properties":{"id":"14000US01129043900"}},{"arcs":[[-3873,-3912,-3911,3913,-1950,3914]],"type":"Polygon","properties":{"id":"14000US01129044300"}},{"arcs":[[-3891,-1914,3915]],"type":"Polygon","properties":{"id":"14000US01055001000"}},{"arcs":[[-2619,-2835,-3824,3916]],"type":"Polygon","properties":{"id":"14000US01097002800"}},{"arcs":[[-1772,-636,-3834,-3838,-644,-649,3917,-1843]],"type":"Polygon","properties":{"id":"14000US01097006501"}},{"arcs":[[-1844,-3918,-1963,3918,3919,-3600,-1972]],"type":"Polygon","properties":{"id":"14000US01097006702"}},{"arcs":[[-329,-2295,-2297,-325,-3008,-2998,-1015,-921,-924,-930,-2963,-3000,-2248,-3807,-3810,-2298]],"type":"Polygon","properties":{"id":"14000US01089011100"}},{"arcs":[[3920,3921,-3865,-102]],"type":"Polygon","properties":{"id":"14000US01051030901"}},{"arcs":[[-3469,-3466,-3699,-3688,-3694,-1198]],"type":"Polygon","properties":{"id":"14000US01073014301"}},{"arcs":[[-3885,-1782,-2919,-3497,-3610]],"type":"Polygon","properties":{"id":"14000US01103005106"}},{"arcs":[[-2165,-217,-3365,-2996,-750]],"type":"Polygon","properties":{"id":"14000US01089001301"}},{"arcs":[[-2799,-2953,-159,-1725,-1720]],"type":"Polygon","properties":{"id":"14000US01073002100"}},{"arcs":[[-2222,-3822,-1852,-2010,3922,-3855,-646,-3837]],"type":"Polygon","properties":{"id":"14000US01097006802"}},{"arcs":[[-1546,3923,-3139,-3146,-1520,-3143]],"type":"Polygon","properties":{"id":"14000US01019955701"}},{"arcs":[[-3210,-2763,-3902,-1802,-3903,3924]],"type":"Polygon","properties":{"id":"14000US01031011204"}},{"arcs":[[-3766,-3757,3925,-3276,-3349,-795]],"type":"Polygon","properties":{"id":"14000US01113030402"}},{"arcs":[[-1836,-1870,-651,3926,-2726,-1856,-1770,3927]],"type":"Polygon","properties":{"id":"14000US01097006407"}},{"arcs":[[-1865,-3601,-3920,-2005,-1859,-1970]],"type":"Polygon","properties":{"id":"14000US01097007201"}},{"arcs":[[-2608,-2604,-3812,3928,-2062,3929,-2688]],"type":"Polygon","properties":{"id":"14000US01097007700"}},{"arcs":[[-3877,-3879,-3716,-1982,-2825,-2055,-1895,-3718,-2881,-1977]],"type":"Polygon","properties":{"id":"14000US01097007400"}},{"arcs":[[-945,-951,-2710,-2695,-2785,3930,-3063]],"type":"Polygon","properties":{"id":"14000US01063060000"}},{"arcs":[[-3064,-3931,-2789,-2790,-2787,-2144,-1021,-2152,-3022,-3017,-543]],"type":"Polygon","properties":{"id":"14000US01063060200"}},{"arcs":[[-2031,-2075,-2704,3931,-3110,-2863,-2077]],"type":"Polygon","properties":{"id":"14000US01125012600"}},{"arcs":[[-2709,-3111,-3932]],"type":"Polygon","properties":{"id":"14000US01125012800"}},{"arcs":[[-1637,-1640,-1695,-2114,-3088,-2103]],"type":"Polygon","properties":{"id":"14000US01125011703"}},{"arcs":[[-3101,-421,-417,-2101,-3097,-3083,-3090]],"type":"Polygon","properties":{"id":"14000US01125012503"}},{"arcs":[[-3744,-1125,-1167,-3888,-1379]],"type":"Polygon","properties":{"id":"14000US01101005609"}},{"arcs":[[-3172,3932,3933,3934,3935]],"type":"Polygon","properties":{"id":"14000US01071950800"}},{"arcs":[[3936,3937,3938,3939,3940,-2391,-3180]],"type":"Polygon","properties":{"id":"14000US01061050100"}},{"arcs":[[-830,3941,3942,3943]],"type":"Polygon","properties":{"id":"14000US01061050600"}},{"arcs":[[3944,3945,3946,-3940]],"type":"Polygon","properties":{"id":"14000US01061050300"}},{"arcs":[[3947,3948,3949,-3946]],"type":"Polygon","properties":{"id":"14000US01061050400"}},{"arcs":[[-831,-3944,3950,-3949,3951]],"type":"Polygon","properties":{"id":"14000US01061050500"}},{"arcs":[[3952,3953,-2771,-3952,-3948,-3945,-3939]],"type":"Polygon","properties":{"id":"14000US01061050200"}},{"arcs":[[-3080,-2892,-156,-174,-2561,-1691,-1687,-3668]],"type":"Polygon","properties":{"id":"14000US01073010802"}},{"arcs":[[-207,-2525,-2804,-2805,-179,-169]],"type":"Polygon","properties":{"id":"14000US01073012103"}},{"arcs":[[-202,-2781,3954,3955,-3619,-189]],"type":"Polygon","properties":{"id":"14000US01073011209"}},{"arcs":[[-2060,3956,3957,-2812,3958]],"type":"Polygon","properties":{"id":"14000US01097000500"}},{"arcs":[[-2840,-3917,-3843,-3733]],"type":"Polygon","properties":{"id":"14000US01097003301"}},{"arcs":[[-1848,-1874,-1968,-3829,-2724,-3927]],"type":"Polygon","properties":{"id":"14000US01097006402"}},{"arcs":[[-1962,3959,-2003,-3919]],"type":"Polygon","properties":{"id":"14000US01097007102"}},{"arcs":[[-1332,-3364,-3355,-3361,-3878,-3357,-3316,-3352,-3867]],"type":"Polygon","properties":{"id":"14000US01081040700"}},{"arcs":[[3960,3961,3962,-3314]],"type":"Polygon","properties":{"id":"14000US01081041300"}},{"arcs":[[-2854,-3841,-2815,-2836,-2618]],"type":"Polygon","properties":{"id":"14000US01097002502"}},{"arcs":[[-3914,-3910,-1987,-1951]],"type":"Polygon","properties":{"id":"14000US01097006000"}},{"arcs":[[-1840,-1879,-3714,-2844,-2856,-1988]],"type":"Polygon","properties":{"id":"14000US01097006103"}},{"arcs":[[-3923,-1979,-2883,-2880,-3719,-1893,-2004,-3960,-1961]],"type":"Polygon","properties":{"id":"14000US01097007000"}},{"arcs":[[-3882,-3408,-3034,-800,3963]],"type":"Polygon","properties":{"id":"14000US01047957200"}},{"arcs":[[3964,-762,-816,-3777,-3881,-3883,-3964,-799,-2064]],"type":"Polygon","properties":{"id":"14000US01047956201"}},{"arcs":[[-1254,-2574,-2675,-2642,-1351]],"type":"Polygon","properties":{"id":"14000US01117030337"}},{"arcs":[[-2635,-3167,-3393,-731,-999,-1002]],"type":"Polygon","properties":{"id":"14000US01117030704"}},{"arcs":[[3965,-1804,3966,3967,3968]],"type":"Polygon","properties":{"id":"14000US01031010900"}},{"arcs":[[-2967,3969,3970,3971,-2364]],"type":"Polygon","properties":{"id":"14000US01031010500"}},{"arcs":[[3972,-3904,-1805,-3966,3973]],"type":"Polygon","properties":{"id":"14000US01031011000"}},{"arcs":[[-3968,3974,-2759,-2772,-3954,3975]],"type":"Polygon","properties":{"id":"14000US01031010800"}},{"arcs":[[-1803,-3901,-3906,-2760,-3975,-3967]],"type":"Polygon","properties":{"id":"14000US01031011300"}},{"arcs":[[-3972,3976,3977,-3937,-3179,-2365]],"type":"Polygon","properties":{"id":"14000US01031010600"}},{"arcs":[[3978,3979,-3974,-3969,-3976,-3953,-3938,-3978]],"type":"Polygon","properties":{"id":"14000US01031010700"}},{"arcs":[[3980,-3518,-2767,3981,3982]],"type":"Polygon","properties":{"id":"14000US01031010200"}},{"arcs":[[-3982,-2770,-3211,-3925,-3905,-3973,-3980,3983]],"type":"Polygon","properties":{"id":"14000US01031010300"}},{"arcs":[[-3977,-3971,3984,-3983,-3984,-3979]],"type":"Polygon","properties":{"id":"14000US01031010400"}},{"arcs":[[-3402,-3981,-3985,-3970,-2966]],"type":"Polygon","properties":{"id":"14000US01031010100"}},{"arcs":[[3985,-2779,-2784,3986,3987]],"type":"Polygon","properties":{"id":"14000US01073011805"}},{"arcs":[[-3566,-1092,-449,-1785,-1789]],"type":"Polygon","properties":{"id":"14000US01073012805"}},{"arcs":[[-3625,-3350,-3274,-3362,-1491,-3326]],"type":"Polygon","properties":{"id":"14000US01081042005"}},{"arcs":[[-1566,3988,-1559,-1554,-966,-1314]],"type":"Polygon","properties":{"id":"14000US01093964600"}},{"arcs":[[-3473,3989,-3137,-1528,-1533,3990,3991]],"type":"Polygon","properties":{"id":"14000US01093964100"}},{"arcs":[[-3474,-3992,3992,-1560,3993]],"type":"Polygon","properties":{"id":"14000US01093964200"}},{"arcs":[[-3991,-1532,3994,-1564,-1561,-3993]],"type":"Polygon","properties":{"id":"14000US01093964300"}},{"arcs":[[-3989,-1565,-3995,-1535,-2551,-2556,-3599,-1552,-1558]],"type":"Polygon","properties":{"id":"14000US01093964500"}},{"arcs":[[-3603,3995,-185,-116,-3700,-2717,-2067]],"type":"Polygon","properties":{"id":"14000US01073014107"}},{"arcs":[[3996,-3955,-2780,-3986,3997,3998]],"type":"Polygon","properties":{"id":"14000US01073011806"}},{"arcs":[[-2569,3999,4000,-2522,-205]],"type":"Polygon","properties":{"id":"14000US01073011708"}},{"arcs":[[-148,-1087,-3551]],"type":"Polygon","properties":{"id":"14000US01073010807"}},{"arcs":[[4001,-2058,-2824,-2649,4002]],"type":"Polygon","properties":{"id":"14000US01097000200"}},{"arcs":[[4003,-4003,-2648,-3958]],"type":"Polygon","properties":{"id":"14000US01097000401"}},{"arcs":[[-2059,-4002,-4004,-3957]],"type":"Polygon","properties":{"id":"14000US01097000402"}},{"arcs":[[-3930,-2061,-3959,-3840,-2683,-2689]],"type":"Polygon","properties":{"id":"14000US01097000600"}},{"arcs":[[-1959,-1996,-2806,-1876]],"type":"Polygon","properties":{"id":"14000US01097005400"}},{"arcs":[[-3963,4004,-3300,-3295]],"type":"Polygon","properties":{"id":"14000US01081041400"}},{"arcs":[[4005,-3343,-4005,-3962]],"type":"Polygon","properties":{"id":"14000US01081041600"}},{"arcs":[[-563,-3344,-4006,-3961,-3313,-3306]],"type":"Polygon","properties":{"id":"14000US01081041200"}},{"arcs":[[-2837,-2821,-2829,-3875,-1992,-2516,-3825]],"type":"Polygon","properties":{"id":"14000US01097002400"}},{"arcs":[[-88,-3622,4006,4007,-2737,-2797,-1797]],"type":"Polygon","properties":{"id":"14000US01073005905"}},{"arcs":[[4008,4009,-2739,4010]],"type":"Polygon","properties":{"id":"14000US01073005907"}},{"arcs":[[4011,-3998,-3988,4012,-4011,-2738,-4008]],"type":"Polygon","properties":{"id":"14000US01073005908"}},{"arcs":[[-1422,-1349,4013,-2570,-2563]],"type":"Polygon","properties":{"id":"14000US01073011402"}},{"arcs":[[-580,-3435,4014,-2727,-582,4015]],"type":"Polygon","properties":{"id":"14000US01015981902"}},{"arcs":[[-3455,-3786,-3780,-597,-3778,-3730]],"type":"Polygon","properties":{"id":"14000US01015000900"}},{"arcs":[[-1929,-3775,-3382,-3779,-3452,-1531,-616,-587,-3784]],"type":"Polygon","properties":{"id":"14000US01015002400"}},{"arcs":[[-4015,-3434,-2047,-3720,-613,-2728]],"type":"Polygon","properties":{"id":"14000US01015001400"}},{"arcs":[[-3729,-3732,-3724,-3787,-3722]],"type":"Polygon","properties":{"id":"14000US01015000600"}},{"arcs":[[-2321,4016,4017,-3785,-581,-4016,-586,-286,-2446]],"type":"Polygon","properties":{"id":"14000US01015002600"}},{"arcs":[[-3854,-575,4018,-569]],"type":"Polygon","properties":{"id":"14000US01017954200"}},{"arcs":[[-1946,-1485,-2038,4019,-3852,-567,-559,-3819]],"type":"Polygon","properties":{"id":"14000US01017953800"}},{"arcs":[[-4019,-574,4020,4021,-3332,-3345,-3341,-561,-570]],"type":"Polygon","properties":{"id":"14000US01017954300"}},{"arcs":[[-4022,4022,4023,-3327,-3333]],"type":"Polygon","properties":{"id":"14000US01017954700"}},{"arcs":[[-98,-34,-32,-24,-3230,-1743,-1755,-3624]],"type":"Polygon","properties":{"id":"14000US01001020801"}},{"arcs":[[-3633,-2511,-1524,-3136,4024,-3480]],"type":"Polygon","properties":{"id":"14000US01059973703"}},{"arcs":[[4025,4026,-2895,4027]],"type":"Polygon","properties":{"id":"14000US01055010201"}},{"arcs":[[-3488,-3481,-4025,-3138,-3990,-3472]],"type":"Polygon","properties":{"id":"14000US01059973701"}},{"arcs":[[-3701,-1279,-1188,-3463,-1631,-1201,-3697,-3066,-3103]],"type":"Polygon","properties":{"id":"14000US01073014104"}},{"arcs":[[-1676,-3821,-2001,-2052,-3929,-3811]],"type":"Polygon","properties":{"id":"14000US01097007600"}},{"arcs":[[-304,-86,-3568,4028,-125]],"type":"Polygon","properties":{"id":"14000US01073012921"}},{"arcs":[[-3987,-3562,4029,-4009,-4013]],"type":"Polygon","properties":{"id":"14000US01073011112"}},{"arcs":[[-4030,-3561,-3670,-2740,-4010]],"type":"Polygon","properties":{"id":"14000US01073011113"}},{"arcs":[[-4029,-3567,-126]],"type":"Polygon","properties":{"id":"14000US01073012920"}},{"arcs":[[4030,-2413,-1081,4031]],"type":"Polygon","properties":{"id":"14000US01073011303"}},{"arcs":[[-1284,-2310,-2317,4032]],"type":"Polygon","properties":{"id":"14000US01073011003"}},{"arcs":[[4033,-2557,-1328,-3223,-1680]],"type":"Polygon","properties":{"id":"14000US01073010604"}},{"arcs":[[-2568,4034,-3666,-3563,-4000]],"type":"Polygon","properties":{"id":"14000US01073011707"}},{"arcs":[[-1285,-4033,-2316,-3572,-1287]],"type":"Polygon","properties":{"id":"14000US01073011004"}},{"arcs":[[-1191,-1325,-1741,-2558,-4034,-1679,-3226]],"type":"Polygon","properties":{"id":"14000US01073010605"}},{"arcs":[[-4001,-3565,-2954,-1055,-2523]],"type":"Polygon","properties":{"id":"14000US01073012004"}},{"arcs":[[4035,-143,-3665,-4035,-2567]],"type":"Polygon","properties":{"id":"14000US01073011710"}},{"arcs":[[-45,-1194,-3458,4036]],"type":"Polygon","properties":{"id":"14000US01073012306"}},{"arcs":[[-184,-46,-4037,-3457,-112]],"type":"Polygon","properties":{"id":"14000US01073012307"}},{"arcs":[[4037,-4032,-1085,-137,-4036,-2566]],"type":"Polygon","properties":{"id":"14000US01073011304"}},{"arcs":[[-1076,-1028,-3772,-3770,-1663]],"type":"Polygon","properties":{"id":"14000US01073002702"}},{"arcs":[[-4014,-2414,-4031,-4038,-2565]],"type":"Polygon","properties":{"id":"14000US01073011401"}},{"arcs":[[-3774,-1792]],"type":"Polygon","properties":{"id":"14000US01073012919"}},{"arcs":[[-3868,-3264,-3273,-3660,-3758,4038,4039]],"type":"Polygon","properties":{"id":"14000US01113031000"}},{"arcs":[[-4039,-3762,-3657,-3654,4040,-2582,4041]],"type":"Polygon","properties":{"id":"14000US01113031200"}},{"arcs":[[-1763,4042,-3760,-3662]],"type":"Polygon","properties":{"id":"14000US01113030800"}},{"arcs":[[-3049,-3869,-4040,-4042,-2581,-2528,-3036]],"type":"Polygon","properties":{"id":"14000US01113031100"}},{"arcs":[[-1701,-855,-838,-2860,-2535,-2531,-61]],"type":"Polygon","properties":{"id":"14000US01069041500"}},{"arcs":[[-829,-2952,-2942,-821,-848,4043,-3942]],"type":"Polygon","properties":{"id":"14000US01069042100"}},{"arcs":[[-2901,-1931,-3783,4044,4045]],"type":"Polygon","properties":{"id":"14000US01055010505"}},{"arcs":[[-2513,-3632,-1179,4046,-2552,-2549]],"type":"Polygon","properties":{"id":"14000US01133965602"}},{"arcs":[[4047,4048,-1761,4049]],"type":"Polygon","properties":{"id":"14000US01113030200"}},{"arcs":[[-3768,4050,-4048,4051]],"type":"Polygon","properties":{"id":"14000US01113030300"}},{"arcs":[[-3926,-3756,-4052,-4050,-1760,-3765,-3763,-3277]],"type":"Polygon","properties":{"id":"14000US01113030500"}},{"arcs":[[-2862,4052,4053,-2950,-2858]],"type":"Polygon","properties":{"id":"14000US01069040700"}},{"arcs":[[-841,-817,4054,4055]],"type":"Polygon","properties":{"id":"14000US01069041000"}},{"arcs":[[4056,-4055,-823,-2941,-2951,-4054]],"type":"Polygon","properties":{"id":"14000US01069041100"}},{"arcs":[[-2861,-842,-4056,-4057,-4053]],"type":"Polygon","properties":{"id":"14000US01069041200"}},{"arcs":[[4057,-4028,-2894,4058]],"type":"Polygon","properties":{"id":"14000US01055010202"}},{"arcs":[[4059,-4017,-2320,-2899]],"type":"Polygon","properties":{"id":"14000US01055010504"}},{"arcs":[[-4060,-3897,4060,-4018]],"type":"Polygon","properties":{"id":"14000US01055010503"}},{"arcs":[[-3896,4061,4062,-4045,-3782,-4061]],"type":"Polygon","properties":{"id":"14000US01055010506"}},{"arcs":[[-4047,-1173,-3588,-3597,-3594,-2553]],"type":"Polygon","properties":{"id":"14000US01133965601"}},{"arcs":[[-3934,4063,-3170,4064,4065,4066,4067]],"type":"Polygon","properties":{"id":"14000US01071950901"}},{"arcs":[[-3935,-4068,4068,4069]],"type":"Polygon","properties":{"id":"14000US01071950902"}},{"arcs":[[4070,4071,4072,-4065,-3177]],"type":"Polygon","properties":{"id":"14000US01071950302"}},{"arcs":[[4073,-4069,4074,-3804,-658,4075]],"type":"Polygon","properties":{"id":"14000US01071951102"}},{"arcs":[[-3171,-4064,-3933]],"type":"Polygon","properties":{"id":"14000US01071950602"}},{"arcs":[[4076,4077,-3793,4078]],"type":"Polygon","properties":{"id":"14000US01071950101"}},{"arcs":[[-4067,4079,-670,-1714,-3803,-4075]],"type":"Polygon","properties":{"id":"14000US01071951101"}},{"arcs":[[-4072,4080,-4079,-3792,4081]],"type":"Polygon","properties":{"id":"14000US01071950102"}},{"arcs":[[4082,-1579,-4076,-665,-3801,4083,4084,4085]],"type":"Polygon","properties":{"id":"14000US01095030102"}},{"arcs":[[-3799,-3798,-1657,-3553,4086,-2129]],"type":"Polygon","properties":{"id":"14000US01095030803"}},{"arcs":[[-2130,-4087,-3554,-2134,-2182]],"type":"Polygon","properties":{"id":"14000US01095030804"}},{"arcs":[[-1580,-4083,4087]],"type":"Polygon","properties":{"id":"14000US01095030204"}},{"arcs":[[-520,-1589,-4088,-4086,4088,4089,-2289]],"type":"Polygon","properties":{"id":"14000US01095030206"}},{"arcs":[[-3800,-2127,4090,-4084]],"type":"Polygon","properties":{"id":"14000US01095030101"}},{"arcs":[[-3808,-2290,-4090,4091,4092,4093,-1591,-3201,4094]],"type":"Polygon","properties":{"id":"14000US01095030302"}},{"arcs":[[-3650,4095,-1594,4096]],"type":"Polygon","properties":{"id":"14000US01095030601"}},{"arcs":[[4097,-4093,4098,-3651,-4097,-1599,-2833,-2197]],"type":"Polygon","properties":{"id":"14000US01095030602"}},{"arcs":[[-1592,-4094,-4098,-2196,-3750]],"type":"Polygon","properties":{"id":"14000US01095030502"}},{"arcs":[[-3805,-3503,-4095,-3200]],"type":"Polygon","properties":{"id":"14000US01095030301"}},{"arcs":[[4099,-3999,-4012,-4007,-3621]],"type":"Polygon","properties":{"id":"14000US01073011803"}},{"arcs":[[-3997,-4100,-3620,-3956]],"type":"Polygon","properties":{"id":"14000US01073011804"}},{"arcs":[[-3602,-1419,-2564,-166,-186,-3996]],"type":"Polygon","properties":{"id":"14000US01073012200"}},{"arcs":[[-3369,-128,-76,-3559,-306]],"type":"Polygon","properties":{"id":"14000US01073014406"}},{"arcs":[[-1217,-719,-758,-3965,-3198,-3268,-3269]],"type":"Polygon","properties":{"id":"14000US01105686800"}},{"arcs":[[-4089,-4085,-4091,-2133,-3752,-3647,-4099,-4092]],"type":"Polygon","properties":{"id":"14000US01095030702"}},{"arcs":[[-3649,-3753,-2180,-1595,-4096]],"type":"Polygon","properties":{"id":"14000US01095030904"}},{"arcs":[[-2923,-1903,4100,4101,4102,-105,-3524]],"type":"Polygon","properties":{"id":"14000US01051030101"}},{"arcs":[[-573,4103,-4023,-4021]],"type":"Polygon","properties":{"id":"14000US01017954600"}},{"arcs":[[-3381,-3529,-2434,-2423,-3418]],"type":"Polygon","properties":{"id":"14000US01043965402"}},{"arcs":[[-2303,-2993,-2994,-532,-2237]],"type":"Polygon","properties":{"id":"14000US01089010623"}},{"arcs":[[-4066,-4073,-4082,-3791,-671,-4080]],"type":"Polygon","properties":{"id":"14000US01071951000"}},{"arcs":[[-4077,-4081,-4071,-3176,4104]],"type":"Polygon","properties":{"id":"14000US01071950200"}},{"arcs":[[4105,-3178,-3168,4106,-487,-3003]],"type":"Polygon","properties":{"id":"14000US01071950400"}},{"arcs":[[[-1582]],[[-3173,-3936,-4070,-4074,-1578,-1577,4107]]],"type":"MultiPolygon","properties":{"id":"14000US01071950700"}},{"arcs":[[-488,-4107,-3174,-4108,-1576,-1588,-518,-1338]],"type":"Polygon","properties":{"id":"14000US01071950500"}},{"arcs":[[4108,4109,4110,-2931,-2938,-3866,-3922]],"type":"Polygon","properties":{"id":"14000US01051030902"}},{"arcs":[[4111,4112,-1900,4113,4114,-3251,-2933]],"type":"Polygon","properties":{"id":"14000US01051030702"}},{"arcs":[[4115,-1144,-3886,-3252,-4115]],"type":"Polygon","properties":{"id":"14000US01051030701"}},{"arcs":[[-4102,4116,-4110,4117]],"type":"Polygon","properties":{"id":"14000US01051030102"}},{"arcs":[[-4103,-4118,-4109,-3921,-106]],"type":"Polygon","properties":{"id":"14000US01051030103"}},{"arcs":[[-4101,-1902,4118,-4112,-2932,-4111,-4117]],"type":"Polygon","properties":{"id":"14000US01051030802"}},{"arcs":[[-1908,-3864,-1624,-3046,-2497,-2492,-3041,-1145,-4116,-4114]],"type":"Polygon","properties":{"id":"14000US01051030401"}},{"arcs":[[-1901,-4113,-4119]],"type":"Polygon","properties":{"id":"14000US01051030801"}},{"arcs":[[-1923,-3145,-1933,-2900,-1934]],"type":"Polygon","properties":{"id":"14000US01055010700"}},{"arcs":[[-1936,-2904,-2907,4119,-1918]],"type":"Polygon","properties":{"id":"14000US01055001300"}},{"arcs":[[4120,4121,-3892,-3916,-1921,-3894,-1938,-2897]],"type":"Polygon","properties":{"id":"14000US01055000900"}},{"arcs":[[-2905,-2902,-4046,-4063,4122]],"type":"Polygon","properties":{"id":"14000US01055001700"}},{"arcs":[[-3050,-1912,-2910,4123,-4059,-2893,-2318,-2329]],"type":"Polygon","properties":{"id":"14000US01055010300"}},{"arcs":[[4124,-3055,4125,-4121,-2896,-4027]],"type":"Polygon","properties":{"id":"14000US01055000600"}},{"arcs":[[-3746,-2231,-3256,-2983,-1748,-1746]],"type":"Polygon","properties":{"id":"14000US01101005903"}},{"arcs":[[-4124,-2909,-3899,4126,-3051,-4125,-4026,-4058]],"type":"Polygon","properties":{"id":"14000US01055010100"}},{"arcs":[[-1924,-1937,-1916,-3890,4127]],"type":"Polygon","properties":{"id":"14000US01055000300"}},{"arcs":[[-3893,-4122,-4126,-3054]],"type":"Polygon","properties":{"id":"14000US01055000700"}},{"arcs":[[-1919,-4120,-2906,-4123,-4062,-3895]],"type":"Polygon","properties":{"id":"14000US01055001600"}},{"arcs":[[-3898,-1925,-4128,-3889,-3052,-4127]],"type":"Polygon","properties":{"id":"14000US01055000400"}}]}}}