{"type":"Topology","arcs":[[[15232,20258],[-1,-105],[-6,-228]],[[15225,19925],[-70,-45],[-31,3],[-30,-31],[-74,-43],[-33,-4],[-5,-23],[-44,-18],[-40,2],[-1,-27],[-71,-7],[-46,1],[-54,-24],[-76,14],[-107,1],[-55,13]],[[14488,19737],[-1,22],[15,89],[-7,41],[21,115],[-15,26],[-66,-1],[-28,14],[-14,24]],[[14393,20067],[12,14],[66,0],[51,29],[55,39],[42,46],[25,9],[83,46],[53,-13],[12,21],[33,-5],[117,37],[17,31],[85,-6],[14,12],[54,-16],[27,-19],[55,-15],[38,-19]],[[11373,21085],[-1,352],[179,9],[157,2],[492,0],[164,-1]],[[12364,21447],[165,-16],[656,0],[338,2],[327,-2],[168,1],[322,-2]],[[14340,21430],[494,3],[324,-1],[166,3],[-1,-357],[-4,-176],[2,-328]],[[15321,20574],[-1,-200],[-87,1],[-1,-117]],[[14393,20067],[-78,-103],[-77,-21],[-40,-30],[-30,-48],[-32,-34],[-47,-27],[-45,-50],[-121,-103]],[[13923,19651],[-76,64],[-74,-2],[-60,22],[-38,22],[-18,-7],[-55,26],[-18,-3],[-97,-110],[-115,-52],[-81,-32],[-108,-56],[-65,-41],[-149,-84]],[[12969,19398],[-62,-27],[-91,-30],[-247,-92],[-285,-124],[-78,-15],[-42,5],[-148,55],[-96,58],[-37,14],[-67,49],[-40,21],[-47,7],[-65,-24],[-43,4],[-48,40],[-22,61],[-21,25],[-31,13],[-67,0],[-144,-68]],[[11288,19370],[3,495],[7,352],[2,163],[77,-1],[-4,706]],[[13949,39551],[39,5],[6,39],[203,-4],[36,47],[85,39],[64,14],[42,26]],[[14424,39717],[14,-58],[-14,-64],[35,-34],[50,-14],[21,-38],[-3,-185],[46,9],[30,-17],[-6,-45]],[[14597,39271],[-7,21],[-59,-6],[6,-63],[-22,-32],[-23,-11],[-63,22],[-14,13],[1,67]],[[14416,39282],[3,33],[-32,34],[-42,-8],[-37,-19],[-8,-30],[35,-24],[-10,-28],[24,-43],[1,-48],[-14,-15],[-55,-1],[-36,65],[-43,-13],[-14,-31],[0,-41],[-36,-24],[-62,-2],[-17,17],[-88,2]],[[13985,39106],[-24,19],[-3,117],[10,61],[-23,35],[4,213]],[[13666,39608],[60,-41],[68,-61],[3,46],[152,-1]],[[13985,39106],[-75,5],[1,43],[-259,5]],[[13652,39159],[-30,1],[2,176],[-9,0],[2,83],[22,61],[-2,56],[29,72]],[[3432,40812],[46,2],[39,22],[22,-6],[146,-5],[0,11]],[[3685,40836],[104,-2]],[[3789,40834],[-1,-67]],[[3788,40767],[-2,-119]],[[3786,40648],[-3,-238],[22,-22]],[[3805,40388],[-130,1],[5,261],[-168,5]],[[3512,40655],[-83,2]],[[3429,40657],[3,155]],[[2504,41790],[68,-41],[30,62],[10,48],[26,16],[46,-50],[19,2],[24,40],[55,-39],[28,-7],[25,14],[40,6],[9,44],[26,41],[27,5],[7,33],[36,20],[27,58]],[[3007,42042],[50,58],[46,-60],[6,-61],[47,-39],[38,44],[28,0]],[[3222,41984],[18,-39],[-26,-48],[-2,-36],[-30,-17],[-9,-39],[-25,-10],[-25,-78],[-26,-8],[-12,-72],[8,-29],[41,-13],[47,33],[7,45],[23,8],[22,-18],[34,10],[32,-18],[26,-38],[48,-2],[51,48],[10,-74],[12,-13],[2,-60],[-11,-15],[12,-46],[-21,-89],[6,-29],[-13,-62],[8,-29],[113,-53],[23,6]],[[3565,41199],[0,-39],[-95,-41],[-31,-39],[-1,-92],[31,-16],[-11,-53],[2,-43],[-26,-1],[-2,-63]],[[3432,40812],[-71,3],[-14,-7]],[[3347,40808],[-48,2],[-27,35],[0,29],[-59,53],[-59,1],[-12,13],[2,61],[-17,15],[-57,3],[-6,14],[3,76],[9,43],[-15,42],[-39,26]],[[3022,41221],[-53,31],[-15,20],[-13,59],[-47,58],[-86,7],[-25,23],[-46,78],[-21,56],[-116,3],[-4,61],[-53,53],[-8,21],[-50,37]],[[2485,41728],[-6,18],[25,44]],[[3786,40648],[299,-7]],[[4085,40641],[-22,-136],[-27,-123]],[[4036,40382],[-45,1]],[[3991,40383],[-186,5]],[[34530,27247],[210,-1],[322,6],[173,25],[187,-1]],[[35422,27276],[-7,-261],[-4,-12],[-168,1],[-96,-12],[-1,-88],[64,4],[-10,-57],[1,-86],[-9,-40],[37,5],[147,0],[144,-4],[3,-4],[-30,-178],[28,-1]],[[35521,26543],[114,-1],[47,25],[55,48],[71,-8],[16,34],[53,38],[-26,46],[-24,10],[5,34],[46,7],[16,15],[54,14],[24,-6],[-3,75],[-61,28],[54,61],[118,38],[25,19],[123,115]],[[36228,27135],[189,176],[45,21],[140,21]],[[36602,27353],[0,-134],[-13,-21],[-33,0],[-33,-36],[-33,-85],[-1,-38],[14,-108],[44,-94],[3,-28],[-18,-67],[54,-93],[80,-55],[40,-57],[13,-35],[2,-55],[-15,-90],[1,-105],[20,-60],[21,-40],[77,-76],[21,-43],[-12,-71]],[[36834,25962],[-142,6],[-475,9],[0,13],[-271,-4],[-210,0]],[[35736,25986],[-270,4],[-246,2],[-2,7],[-84,5],[-251,-8],[-84,-4],[-57,3]],[[34742,25995],[-16,59],[28,36],[-8,113],[-8,52],[-23,51],[1,47],[23,1],[10,61],[-14,22],[-46,32],[-44,65],[-9,55],[27,52],[-62,33],[7,29],[-32,28],[-15,57],[-57,55],[-13,26],[11,87],[-42,84],[12,37],[21,5],[7,106],[24,7],[6,52]],[[4253,38878],[209,-8]],[[4462,38870],[-5,-264]],[[4457,38606],[-7,0]],[[4450,38606],[-207,8]],[[4243,38614],[2,87],[12,92],[-4,85]],[[26756,28085],[-29,-30],[22,-51],[46,-44],[35,-57],[-17,-38],[103,-8]],[[26916,27857],[0,-95],[-82,-4],[-3,-204],[-4,-53],[-23,-52],[1,-57],[-17,-61],[-3,-95]],[[26785,27236],[-1,-37]],[[26784,27199],[-165,2],[-33,-8]],[[26586,27193],[-1,173],[121,-7],[-4,40],[-89,123],[-16,53],[-31,66],[-79,54],[-16,39],[5,77],[-32,114],[-16,43],[-101,147],[-17,39]],[[26310,28154],[20,-7],[18,24],[28,10],[23,-23],[34,2],[26,16],[16,-31],[34,17],[5,28],[28,-8],[10,29],[72,-65],[34,11],[30,-25],[29,5],[30,-15],[9,-37]],[[26057,27948],[22,10],[41,-62],[34,8],[11,27],[62,11],[26,88],[-2,36],[59,88]],[[26586,27193],[-81,2]],[[26505,27195],[-50,1],[-76,-11],[-196,11],[-175,-3],[-68,34]],[[25940,27227],[2,171],[0,196],[-43,14],[-9,41],[93,-3],[5,219],[37,2],[6,43],[45,-1],[-19,39]],[[18717,18913],[123,105]],[[18840,19018],[75,65],[101,79]],[[19016,19162],[11,-27]],[[19027,19135],[11,-22],[-3,-109],[-31,-25],[15,-63],[-2,-45],[22,-2],[8,-32]],[[19047,18837],[-12,-10]],[[19035,18827],[-70,3]],[[18965,18830],[-77,3],[3,70],[-168,7],[-6,3]],[[19032,19679],[52,21],[128,-7],[17,-19],[0,-55],[101,-59],[0,-100],[-45,-46],[-76,-62],[11,-7]],[[19220,19345],[-62,-37],[-69,-82],[-40,-38]],[[19049,19188],[5,134],[18,31],[-23,70],[-8,46],[-18,42],[6,39],[-13,65],[16,64]],[[21288,19127],[554,-8]],[[21842,19119],[222,-5],[-12,-882],[-3,-176]],[[22049,18056],[-329,7],[-604,10]],[[21116,18073],[39,299],[15,45],[31,47],[12,83],[-47,106],[-10,37],[7,57],[40,36],[0,134],[14,66],[19,36],[35,30],[28,40],[-11,38]],[[3556,31097],[-29,-39],[20,-31],[29,-10],[37,4],[29,25],[182,-4]],[[3824,31042],[-51,-83],[13,-5],[239,-7],[-2,-107],[41,-31]],[[4064,30809],[0,-124],[-5,-5],[-117,3],[4,-17],[37,-33],[-4,-128],[82,-4],[-2,-44],[-36,1],[-4,-33]],[[4019,30425],[-69,1],[-31,-18],[-23,5],[-69,-7],[-42,11],[-33,-5],[-12,-31],[-29,-26],[2,-45],[-39,21],[-35,95],[-85,3],[-9,-7],[-35,-106],[-26,13],[-26,74],[-9,7],[-4,66],[-41,1],[-6,-25],[-37,-31],[-1,-74],[-168,2]],[[3192,30349],[16,30],[36,20],[16,28],[8,44],[-19,65],[-28,39],[-33,16],[-17,23]],[[3171,30614],[-20,58],[20,37],[42,-11],[55,85],[25,15],[19,32],[73,-13],[13,-20],[35,-5],[57,30],[-7,36],[-61,36],[-24,51],[13,29],[43,1],[35,15],[-1,75],[-16,38],[9,45],[16,19],[37,-9],[22,-61]],[[20523,24423],[11,105],[-2,65],[-42,183]],[[20490,24776],[25,-2],[43,-42],[55,59],[23,55],[36,-54],[24,89],[23,26],[1,55],[38,-27]],[[20758,24935],[159,-113],[2,-49],[26,-19],[167,-4],[70,-5],[17,-12],[57,-78],[13,-49],[28,-39],[2,-28]],[[21299,24539],[-4,-18],[-45,-48],[-15,-61],[-22,-59],[-20,-32],[-86,-61],[-73,-72],[-31,-63],[6,-40],[18,-40],[74,-92],[7,-42],[30,-48],[15,-44],[-10,-26],[-4,-59],[-20,-35],[-84,8],[-78,0],[-83,-14],[-106,20],[-37,17],[-4,-277],[0,-95]],[[20727,23358],[-239,6]],[[20488,23364],[-38,45],[-30,52],[-13,79],[3,147],[11,80],[29,113],[9,62],[13,142],[42,148],[8,60],[1,131]],[[20637,19143],[131,-5],[325,-3]],[[21093,19135],[195,-8]],[[21116,18073],[-211,2],[-232,6]],[[20673,18081],[-11,0]],[[20662,18081],[-38,29],[12,18],[-20,26],[1,34],[-33,30],[-8,23],[-55,37],[-13,44],[20,24],[15,57],[0,188],[11,26],[71,86],[10,41],[39,50],[-4,83],[-39,48],[2,190],[4,28]],[[1502,30746],[26,-14],[55,-12],[53,9],[24,16],[-5,35],[36,36],[52,-2],[28,-25],[-3,-43],[19,-35],[-16,-54],[11,-30],[49,-33],[90,28],[51,-2],[68,13],[20,-22],[48,-24],[46,-2],[13,-22],[120,-7],[19,-12],[39,20],[15,30]],[[2360,30594],[36,-36],[38,-24],[14,-36],[-7,-249],[-18,-110],[13,-52],[-2,-63]],[[2434,30024],[-138,5],[-36,13],[7,-53],[-102,0],[-1,-44],[19,-1],[0,-49],[-74,-11],[24,-37],[-8,-23],[37,-17]],[[2162,29807],[-51,-37],[-41,-8],[-52,9],[-49,30],[-75,9],[-91,-10],[-36,-9],[-46,-28],[-82,-93]],[[1639,29670],[-74,564],[-20,177],[-43,335]],[[3230,32341],[6,55],[-8,21],[14,56],[-6,31],[42,71],[30,21],[39,74],[32,25],[3,39],[-20,76],[23,117],[26,-6],[30,27],[23,0],[33,-21],[11,-30],[50,-11],[38,17],[82,14],[25,68],[25,10],[31,103],[22,16],[20,53],[33,35],[12,68],[-23,33],[6,20]],[[3829,33323],[753,-30],[6,175],[70,-2]],[[4658,33466],[591,-18],[329,-12],[180,-8],[164,-1],[165,-5]],[[6087,33422],[281,-10],[204,-5]],[[6572,33407],[173,-4],[-6,-174],[-170,3],[-5,-176],[-488,15],[-8,-348],[-165,8],[-13,-525],[-164,6],[-180,3],[-378,11],[-112,1],[-1,-58]],[[5055,32169],[-21,-20],[-49,-22],[-41,-5],[-44,-28],[-47,13],[-39,20],[-39,-43],[-36,-3],[-36,-24],[-10,-23],[-54,-32],[-35,-11],[-35,-43],[-73,-12],[-16,-15],[-52,-19],[-9,-18],[14,-64],[-44,-47],[-2,-39],[-34,-50],[-31,-32],[-9,-35],[-64,-44],[-31,2],[-6,40],[-37,31],[-16,57],[-56,-61],[-12,-39],[-2,-82],[22,-28],[-98,-167],[-49,-41],[-18,-48],[-122,-195]],[[3556,31097],[50,-15],[16,42],[0,31],[-52,28],[-48,70],[-18,0],[-39,58],[6,108],[-11,14],[-82,14],[-46,2],[-15,36],[-38,-9],[-13,26],[-28,-19],[-34,-40],[-37,14],[-8,28],[52,77],[25,26],[-2,70],[11,60],[-3,65],[-15,66],[38,22],[-2,39],[20,46],[43,4],[18,21],[-6,55],[37,57],[30,18],[4,56],[-43,25],[-8,40],[-20,44],[-27,26],[-81,39]],[[1159,33401],[125,-1],[334,-11],[528,-12],[136,-2],[312,-8],[0,-10],[171,0],[181,-4],[495,-18],[166,-4],[222,-8]],[[3230,32341],[-41,-26],[-56,-14],[-67,-8],[-59,-47],[-23,-35],[0,-40],[-37,-32],[-34,-71],[-20,-17],[-23,-58],[-74,-52],[-28,-75],[-36,-17],[-26,-53],[-34,-12],[-13,-22],[-52,-9],[-8,-56],[-57,-43],[-104,-2],[-7,-45],[-69,4],[-33,-101],[-27,-38],[-7,-29],[-25,-6],[-7,-25],[3,-75],[20,-31],[7,-41],[-9,-37],[7,-44],[55,-119],[19,-23],[92,-5],[31,-26],[16,-45],[28,-36],[29,-17],[24,-32],[-9,-47],[-74,-31],[2,-84],[40,-37]],[[2544,30682],[-45,10],[-17,33],[-107,45],[-72,-32],[-21,-21],[62,-112],[16,-11]],[[1502,30746],[-51,373],[-34,282],[-30,231],[-44,363],[-118,886],[-66,520]],[[4019,30425],[-4,-164],[37,-32],[9,-67],[84,42],[2,-18],[51,1],[-7,-111],[-8,-325],[-81,17],[-38,-12],[-22,-30],[-5,-31],[-26,-26],[-22,-37],[-33,-9],[-5,-27],[35,-44]],[[3986,29552],[-21,-14],[-46,-7],[-40,18],[-55,-45],[-71,-6],[-22,-19],[-20,19],[9,23],[44,2],[11,12],[-16,38],[-10,49],[-45,28],[-47,-7],[-28,24],[21,27],[10,50],[-19,35],[-56,10],[-17,-38],[-21,-4],[-35,29],[7,52],[12,21],[-15,21],[-35,10],[-5,18],[33,40],[-45,51],[-3,31]],[[3461,30020],[-7,24],[-31,17],[-43,-5],[-18,15],[-53,-33],[-40,25],[-21,30],[-32,1],[-19,34],[30,42],[-7,87],[-28,92]],[[5055,32169],[-1,-116],[-17,-732]],[[5037,31321],[-32,-34],[-31,-57],[-34,-47],[-4,-46],[38,-71],[3,-64],[33,-31],[-1,-34],[20,-15],[-2,-116],[14,-32],[39,-51],[-14,-54],[-88,4],[-138,93],[-25,-20],[-32,8],[-21,-36],[-25,-3],[-25,26],[-55,6],[-28,-20],[-65,1],[-24,22],[-26,-3],[-45,-22],[-61,-2],[-43,-29],[-27,8],[-56,38],[-7,36],[-55,3],[-29,23],[-49,-9],[-29,24],[-49,-8]],[[2434,30024],[-4,-221]],[[2430,29803],[-198,36],[-24,-1],[-46,-31]],[[3171,30614],[-27,-9],[-19,-31],[-46,18],[-10,40],[-30,36],[-15,36],[-124,39],[-49,-11],[-34,-35],[-28,-2],[-44,24],[-17,-52],[-3,-44],[-42,-60],[-38,0],[-1,25],[-21,29],[-44,29],[-35,36]],[[14240,17510],[39,11],[40,24],[92,20],[48,49],[6,56],[23,86],[-6,44]],[[14482,17800],[1,66]],[[14483,17866],[40,0],[0,-23],[57,0],[20,-14]],[[14600,17829],[11,-63],[19,-11],[16,-40],[-23,-32],[-12,-145],[-68,-14],[6,-82]],[[14549,17442],[-48,-61],[-96,-55]],[[14405,17326],[17,42],[-64,75],[-120,-15]],[[14238,17428],[-24,-5],[-12,41],[9,24],[29,22]],[[2165,29092],[171,-4]],[[2336,29088],[2,-95],[7,-41],[-58,-2],[-3,-83]],[[2284,28867],[-104,3]],[[2180,28870],[3,89],[-21,1],[3,132]],[[26279,7581],[223,-18],[284,41],[142,18],[108,27],[31,12],[37,-13],[39,17]],[[27143,7665],[4,-336],[-1,-140],[111,-23],[77,-89],[-29,-9],[-2,-234],[-159,28],[-1,-128],[12,-11],[57,0],[9,-9],[-2,-243],[-45,-15],[-70,-13],[-109,-49],[-14,-21],[0,-181],[-161,-31],[-167,0]],[[26653,6161],[-2,92],[-25,25],[-50,101],[-93,2],[-248,17],[-129,12]],[[26106,6410],[73,178],[4,35],[4,514],[79,265],[5,21],[1,108],[7,50]],[[24275,6146],[61,28],[-5,30],[-41,0],[10,45],[-44,35],[-11,41],[13,45],[137,-2],[161,2],[-3,176],[3,176],[0,351],[-1,288]],[[24555,7361],[2,245],[-1,176],[2,352],[-1,177],[1,177]],[[24558,8488],[1,356],[-1,173],[0,530]],[[24558,9547],[304,0],[162,-3],[320,3],[165,-1],[321,2]],[[25830,9548],[332,1],[319,2],[176,0]],[[26657,9551],[-4,-64],[19,-61],[-14,-234],[36,-104],[-9,-93],[0,-45],[-10,-63],[-36,-42],[-9,-51],[-14,-36],[-39,-41],[-21,-52],[-71,-72],[-20,-29],[-10,-55],[2,-58],[-26,-69],[-34,-53],[0,-23]],[[26397,8306],[-20,8],[-18,32],[-38,0],[-39,23],[-65,-20],[-84,20],[22,-294]],[[26155,8075],[-96,11],[1,-58],[-23,8],[-95,51],[-42,-45],[-61,-19],[-20,10],[-43,-11],[-7,17],[-61,-8],[-25,-28],[-44,27],[-69,3],[-6,-14],[-41,-3],[31,-35],[93,-14],[36,-29],[82,-32],[45,-71],[72,-42],[26,-50],[4,-39],[-14,-14],[4,-49],[43,-147],[-14,-43],[-30,-42],[-17,3],[-35,-37],[-39,3],[-55,-39],[-1,-83],[-40,-24],[-39,2],[-34,-17],[-33,-39],[-11,-34],[-26,-5],[-55,-41],[27,-8],[45,7],[80,-8],[80,-54],[74,-73],[2,-89],[-2,-172],[-40,-43],[-2,-45],[34,-3],[16,-30],[40,-46],[4,-38],[34,-69],[198,-17]],[[26653,6161],[-3,-129],[6,-124],[-28,-63],[-18,-64],[7,-84],[-2,-104],[-38,0],[-4,-88],[-3,-258],[-29,-175],[-10,-86],[-2,-159],[11,-20],[6,-85]],[[26546,4722],[-58,-1],[-167,9],[-351,8],[-44,3],[-225,5],[-193,7],[-311,3],[-287,7],[-485,14]],[[24425,4777],[-43,88],[-49,69],[-18,51],[3,26],[25,52],[-13,62],[43,76],[33,32],[-23,23],[-8,45],[-32,-2],[-102,48],[-25,25],[-17,50],[-6,62],[52,82],[-1,35],[21,31],[54,28],[14,22],[-6,47],[-14,30],[-33,14],[-2,25],[-27,52],[10,35],[-3,53],[51,57],[34,15],[-18,70],[-2,38],[-29,7],[-19,21]],[[26657,9551],[105,-1],[214,3],[484,0],[340,-36],[323,-38],[323,-34]],[[28446,9445],[191,-21],[322,-12],[235,0]],[[29194,9412],[250,-1],[-10,-515]],[[29434,8896],[1,-37],[-6,-382],[-5,-459],[-6,-463]],[[29418,7555],[-3,-254],[7,0],[-8,-519]],[[29414,6782],[-4,-208],[-1,-169],[-3,-152],[28,-89],[1,-60],[-11,-29],[-22,-9],[-1,-151],[-9,-356],[-2,-171],[-7,-282]],[[29383,5106],[-5,-442]],[[29378,4664],[-165,9],[-226,6],[-210,4],[-369,11],[0,-8],[-186,5],[-329,4],[-445,14],[-162,-2],[-316,6],[-193,5],[-231,4]],[[27143,7665],[50,23],[51,-18],[144,20],[76,24],[52,2],[119,34],[53,12],[30,20],[115,110],[39,29],[52,65],[0,24],[-22,64],[3,69],[18,13],[22,55],[38,38],[-2,58],[-10,36],[7,38],[-16,51],[-90,17],[-26,28],[10,37],[-14,47],[15,36],[6,71],[1,132],[-32,1],[-53,-46],[-52,-6],[-32,-62],[-66,-60],[-9,-19],[-2,-139],[-14,-17],[-64,-26],[-30,-21],[-60,-60],[-14,-60],[-53,-7],[-39,-17],[-12,13],[-45,-18],[5,-29],[-19,-17],[-109,-6],[-22,19],[-67,-15],[-13,-17],[-60,-1],[-24,-28],[-25,-6],[-15,19],[-55,-24],[-41,12],[-43,26],[-58,-13],[-28,-17],[-26,3],[-15,-24],[-35,-2],[-9,-18],[-57,6],[-38,29],[-30,69],[-24,35],[-30,16],[-38,-1],[-14,34]],[[2007,29098],[66,-3]],[[2073,29095],[9,-31],[-40,2],[-7,-58],[-25,-9],[-2,-35],[30,-1],[-1,-88]],[[2037,28875],[-42,1]],[[1995,28876],[-140,6],[-9,7]],[[1846,28889],[68,90],[92,99],[1,20]],[[2073,29095],[92,-3]],[[2180,28870],[-143,5]],[[20837,21769],[7,-19],[84,-29],[40,-30],[55,-30],[121,-26],[30,-1]],[[21174,21634],[0,-48]],[[21174,21586],[-83,4],[-2,-87],[-24,-18],[-5,-50],[-32,-16]],[[21028,21419],[-23,11],[-58,59],[-37,7],[-66,53]],[[20844,21549],[-19,23],[-74,38],[-49,17]],[[20702,21627],[20,69],[20,22],[56,23],[39,28]],[[20038,21476],[38,27],[-19,54],[49,39],[11,22],[-9,37],[6,30],[4,126]],[[20118,21811],[13,2],[142,-29]],[[20273,21784],[-2,-57],[-19,-21]],[[20252,21706],[-36,-80],[16,-70],[0,-46],[-18,-41],[-57,-34]],[[20157,21435],[-86,-29]],[[20071,21406],[-33,70]],[[21963,21774],[27,-15],[127,-20]],[[22117,21739],[-15,-79],[27,-73],[-23,-34],[-22,-53]],[[22084,21500],[-178,16]],[[21906,21516],[-42,22]],[[21864,21538],[48,24],[3,90],[42,89],[6,33]],[[30514,3757],[105,50],[-1,61],[-14,57],[8,26],[34,40],[33,15],[9,26],[-44,7],[-40,32],[-31,45],[22,42],[73,44],[1,61],[-71,43],[-2,33],[28,43],[61,13],[10,20],[-8,57],[-54,17],[2,64],[-24,8],[-8,65],[29,23],[290,-8],[234,-10],[20,-19],[9,-148],[49,-59],[8,-20],[-14,-64],[-50,-100],[-41,-64],[-59,-136],[-18,-69],[-7,-108],[3,-59],[14,-84],[29,-74],[43,-86],[66,-82],[169,-115],[75,-40],[117,-42],[6,-48],[-78,4],[-106,46],[-92,57],[-10,-6],[0,-246],[-203,-6],[-118,-1],[-3,269],[-321,-3],[-5,6],[2,232],[-18,19],[-36,100],[-73,72]],[[2284,28867],[-4,-132]],[[2280,28735],[-229,7],[-8,-8]],[[2043,28734],[-51,18],[3,124]],[[2043,28734],[-7,-38]],[[2036,28696],[-45,11],[-154,5]],[[1837,28712],[4,124],[23,22],[-18,31]],[[2036,28696],[-5,-87]],[[2031,28609],[-43,5],[-1,-47],[-82,3],[-3,-111]],[[1902,28459],[-83,3]],[[1819,28462],[7,250],[11,0]],[[33726,38738],[19,-15],[43,45],[29,8],[28,39],[3,200],[43,48],[14,41],[55,42],[23,-1],[-7,-53],[0,-65],[216,-2],[92,203],[34,68],[5,70],[-38,37],[11,26],[-14,28],[-30,26],[-57,-1],[-32,-34],[-50,-28],[-23,23],[11,50],[-8,73],[40,44],[1,27],[62,50],[11,-16],[33,0],[45,56],[-72,35],[-22,2],[-2,75],[9,72],[-45,-2],[-39,-27],[-118,1],[-3,-44],[-45,1]],[[33948,39840],[-39,-1],[4,112]],[[33913,39951],[90,143],[38,112],[42,74],[4,73],[9,18],[58,23],[-17,74],[19,29],[-27,71],[-34,-1],[-36,87],[-45,46],[7,67],[-20,4],[-11,41],[-48,32],[-40,15],[-13,28],[-27,18],[-28,44],[25,75],[28,55],[35,29],[-36,39],[13,15],[7,50],[-12,25],[15,45],[-16,40],[5,40],[47,-9],[6,93],[-26,17],[10,38],[-24,55],[7,70],[36,41],[-11,47],[26,50],[-11,9],[16,589]],[[33974,42362],[346,1],[331,-3],[769,7],[7,-2],[206,-1]],[[35633,42364],[20,-11],[32,-83],[32,-27],[33,-1],[20,-17],[2,-29],[-17,-37],[30,-55],[-15,-23],[-30,-5],[9,-63],[-1,-44],[-17,-20],[6,-66],[-21,-73],[8,-85],[-40,-81],[2,-33],[34,-28],[52,1],[14,-29],[-46,-23],[-54,-8],[18,-49],[67,-12],[35,9],[9,34],[28,4],[3,-30],[44,-26],[-74,-39],[-34,5],[-4,-37],[-19,-45],[21,-11],[40,15],[29,-16],[117,-2],[-7,-482],[-9,-348],[-4,-242],[-5,-174],[-5,-318],[22,-35],[-23,-9],[-24,39],[-44,-11],[-9,39],[-36,-7],[-11,24],[-35,-28],[-57,2],[-24,-27],[-40,41],[12,32],[-25,9],[-29,52],[-35,3],[-15,-24],[7,-51],[-62,-23],[-77,26],[-4,-255]],[[35427,39557],[-7,-298],[-8,-325],[-8,-543],[-7,-257]],[[35397,38134],[-377,5],[-257,5],[-476,2],[-203,-2],[-222,1],[-243,3]],[[33619,38148],[-410,7]],[[33209,38155],[-12,49],[16,41],[29,21],[32,-4],[-2,64],[55,-37],[7,35],[-27,56],[45,44],[3,77],[44,20],[21,22],[28,-19],[41,-2],[45,-17],[17,19],[-26,57],[2,24],[26,18],[41,-9],[16,-22],[27,2],[30,33],[48,-22],[37,31],[-21,42],[-57,10],[4,43],[48,7]],[[20355,21342],[42,2],[32,-10],[81,-4]],[[20510,21330],[-1,-53],[14,-14]],[[20523,21263],[30,-41]],[[20553,21222],[-3,-67]],[[20550,21155],[-42,23],[-23,33],[-22,9],[-77,13],[-31,-3]],[[20355,21230],[-9,68],[9,44]],[[20647,21669],[54,-44]],[[20701,21625],[-3,-59],[15,-107],[-6,-72]],[[20707,21387],[-2,2]],[[20705,21389],[-41,32],[-75,16]],[[20589,21437],[6,27],[3,144],[49,61]],[[20701,21625],[1,2]],[[20844,21549],[-9,-291]],[[20835,21258],[-68,62],[-9,19],[-51,48]],[[20606,20819],[5,107],[12,36],[56,37],[21,40],[0,41]],[[20700,21080],[50,-3],[-2,-73],[60,-33],[-2,-18],[64,-6]],[[20870,20947],[-3,-137]],[[20867,20810],[-198,7],[-39,13],[-24,-11]],[[20167,23030],[33,-2],[7,28],[42,-35],[44,29],[-16,17],[42,30],[25,1],[15,21],[32,-13],[60,38],[-9,27],[26,13],[25,95],[-5,28],[-40,25],[-9,34],[49,-2]],[[20488,23364],[38,-49],[26,-77],[54,-285],[15,-37],[49,-35],[94,-30],[40,-40]],[[20804,22811],[-18,-15],[-49,-15],[-45,1],[-16,-52],[-27,-44],[-11,-67]],[[20638,22619],[-30,30],[-58,41],[-39,2],[-30,-16],[-25,-37]],[[20456,22639],[-17,16],[-64,1],[0,85],[-56,12],[-48,63],[-32,29],[-62,95],[-20,54],[10,36]],[[31808,1566],[-27,-44],[-25,-61],[-5,-33],[6,-143],[6,-31],[31,-31],[46,-28],[99,-47],[42,-53],[33,-63],[27,-22],[84,-19],[108,-47],[60,-61],[88,-69],[90,-88],[28,-49],[12,-63],[-23,-47],[-7,-57],[-23,-59],[7,-31],[-27,-54],[-74,-63],[-30,-15],[-98,-23],[-101,-65],[-20,-28],[-32,-96],[4,-76],[-650,8],[-131,-1],[-26,3],[-246,0],[-167,4],[-138,0]],[[30729,14],[19,62],[41,105],[3,20],[150,389],[-212,-10],[-177,-4],[31,24],[11,63],[-24,105],[77,140],[16,46],[23,36],[105,80],[79,131],[15,12],[8,52],[42,120],[9,39],[-33,34],[-5,63],[-21,100],[60,43],[17,20],[18,61],[112,2],[-13,32],[-9,56],[47,2],[151,-7],[476,-1],[12,-29],[0,-145],[44,-9],[-34,-51],[41,-29]],[[29383,5106],[34,112],[15,85],[170,844],[26,47],[332,275],[56,49],[36,74],[7,187]],[[30059,6779],[160,3],[162,-1],[-3,-195],[-6,-165],[-3,-177],[41,-1],[3,174],[120,-1],[-2,-89],[86,-3],[-5,-88],[100,-4],[310,-5]],[[31022,6227],[323,-9],[9,441],[20,2],[2,94],[78,-1]],[[31454,6754],[-1,-72],[37,-103],[81,-168],[31,-55],[38,-47],[83,-77],[77,-61],[101,-65],[24,-35],[8,-63],[-14,-28],[-91,-94],[-27,-35],[-49,-89],[-35,-77],[-7,-30],[-31,-35],[-48,-34],[-88,-36],[-65,-60],[-7,-14],[-8,-138],[-26,-47],[6,-20],[54,-23],[122,-33],[91,-6],[111,30],[74,28],[58,34],[34,34],[39,65],[24,27],[-11,43],[-4,63],[-42,150],[-14,121],[6,55],[20,62],[37,60],[46,9],[39,-11],[86,-48],[115,-80],[81,-72],[29,-37],[37,-63],[26,-59],[36,-130],[4,-77],[-16,-52],[-33,-52],[-52,-62],[-23,-41],[-1,-24],[-20,-25],[-48,-29],[-73,4],[-76,-26],[-163,-76],[-31,-23],[-38,-2],[-48,27],[-80,-19],[-60,6],[-47,-36],[-38,-66],[-10,-41],[6,-46],[20,-31],[84,-69],[58,-57],[96,-64],[104,-50],[144,-19],[59,0],[40,9],[48,21],[168,92],[77,71],[75,89],[43,66],[28,63],[12,88],[-1,60],[-22,88],[12,77],[18,47],[36,68],[38,46],[68,41],[77,9],[52,-23],[44,-39],[21,-47],[5,-172],[-13,-71],[-45,-92],[-91,-134],[-54,-65],[-114,-86],[-107,-123],[-71,-127],[-39,-52],[-24,-50],[-29,-41],[-40,-38],[-143,-107],[-16,-29],[11,-136],[-6,-50],[-19,-67],[20,-144],[2,-81],[-3,-115],[29,-65],[56,-76],[16,-40],[49,-60],[-2,-80],[-21,-62],[86,-74],[13,-21],[31,-106],[32,-73],[38,-46],[47,-44],[27,3],[23,64],[13,78],[37,71],[44,216],[23,58],[50,58],[33,19],[75,24],[105,-11],[35,-16],[38,-37],[22,-42],[12,-46],[-9,-90],[-29,-90],[-26,-104],[-34,-64],[-38,-49],[-54,-55],[-22,-54],[-27,-3],[-20,-68],[-56,5],[-16,-10],[-2,-33],[-29,-26],[-32,-2],[-132,-27],[33,-94],[40,-94],[70,-145],[33,-93],[11,-120],[-5,-160],[-18,-153],[-32,-149],[-36,-23],[-119,-48],[-94,-14],[-89,1],[-53,-5],[-190,16],[-23,11],[-16,41],[-67,77],[-38,18],[-52,3],[-131,-11],[-35,-16],[-46,-38],[-33,-46]],[[30729,14],[-247,2],[-225,4],[-25,-1],[-882,4]],[[29350,23],[0,575],[3,173],[-3,402],[1,134]],[[29351,1307],[-2,158],[1,842],[2,238],[0,435],[1,267],[9,479],[12,582],[4,356]],[[29414,6782],[327,-5],[154,3],[164,-1]],[[23147,22589],[15,23],[87,88],[91,129]],[[23340,22829],[-5,-32],[54,-29],[32,-7],[62,0],[32,-40],[-2,-139]],[[23513,22582],[-110,1]],[[23403,22583],[-77,0],[-20,-13]],[[23306,22570],[-16,14],[-74,3],[-49,9],[-20,-7]],[[21865,20226],[153,-6],[15,19],[2,52],[12,30],[29,29],[3,45],[52,-4],[38,6],[12,82],[14,31],[41,49],[91,48],[37,9],[33,56],[7,37],[25,26],[-13,31]],[[22416,20766],[29,20],[36,68],[0,39],[12,28],[20,0],[87,-47],[44,5]],[[22644,20879],[72,-61],[62,-24],[77,-68],[24,-29],[41,-69],[14,-36],[12,-83],[-6,-78],[-39,-194],[-13,-43],[-36,-77],[-6,-26],[-33,-66],[-54,-78],[-15,-31],[-20,-73],[0,-58],[18,-65]],[[22742,19720],[-95,-1],[-3,-65],[-15,-14],[-43,-8],[-166,4],[-13,-7],[-34,48],[-17,7],[-9,42],[-95,1],[19,-42],[6,-107],[17,-28],[-75,1],[-77,-24],[-143,5],[-113,27],[-50,2]],[[21836,19561],[-2,112],[6,83],[54,283],[-2,76],[-27,111]],[[20197,22336],[80,-44]],[[20277,22292],[14,-21],[77,-79],[30,-41],[22,-48],[34,-50],[60,-49],[38,-3],[66,22],[38,-1]],[[20656,22022],[32,-4]],[[20688,22018],[45,-13],[45,-33],[37,-64],[14,-61],[8,-78]],[[20647,21669],[-79,66],[-90,12]],[[20478,21747],[-46,24],[-98,32],[-61,-19]],[[20118,21811],[-54,4],[-56,44],[-108,37],[-116,10]],[[19784,21906],[-73,16]],[[19711,21922],[-1,56],[-11,16],[14,58],[3,81],[-4,46],[5,57],[14,54],[26,35],[72,59],[35,66],[22,-56],[61,-18],[20,19],[31,-18],[-21,-24],[18,-17],[23,11],[41,-15],[46,-38],[44,13],[20,-11],[28,40]],[[35427,39557],[167,-5],[337,9],[167,8],[172,-1],[680,-22],[159,-7],[343,-6],[0,-12],[335,-8],[167,-22]],[[37954,39491],[-1,-189],[-7,-218],[29,-51],[-76,-33],[-7,-35],[-15,-171],[16,-28],[0,-191],[46,-72],[20,-9],[34,-50],[-16,-31],[36,-52],[19,-5],[53,-61],[0,-32],[-33,-81],[-20,-99],[-35,-78],[-33,-26],[-13,-39],[-23,-36],[-78,-84],[-23,-88],[-7,-52],[-35,-49],[-39,-117],[-8,-59],[-40,-62],[-25,-58]],[[37673,37335],[-15,-60],[-69,-5],[-14,-21],[8,-44],[-11,-24],[52,-38]],[[37624,37143],[-4,-2]],[[37620,37141],[-145,-1],[-39,19],[-128,-3]],[[37308,37156],[-22,5],[-28,40],[-70,18],[-210,-20],[-63,-21],[-289,-26],[-464,5],[-174,5],[-505,9],[-157,1],[-53,-9]],[[35273,37163],[12,19],[-14,31],[23,71],[52,16],[21,29],[38,15],[30,23],[37,-3],[29,38],[43,-6],[7,50],[16,5],[17,84],[31,22],[11,25],[65,-11],[8,23],[56,43],[6,32],[-9,135],[9,31],[67,115],[141,144],[7,33],[-111,5],[-168,-1],[-300,3]],[[38552,37447],[243,202],[-33,17],[6,218],[-1,174],[4,304],[5,233],[69,0],[-7,76],[-12,60],[-46,93],[1,111],[-31,29],[-12,41],[-52,19],[-40,-4],[-8,63],[72,50],[74,-30],[33,-1],[12,65],[-22,7],[-21,38],[-33,7],[-31,23],[-10,24],[-40,-16],[-46,2],[-1,30],[4,178],[-16,11]],[[38613,39471],[177,-5],[167,-2],[333,-2],[160,7],[13,-2],[357,-3]],[[39820,39464],[134,-3],[-1,-175]],[[39953,39286],[0,-176],[-10,-2],[-2,-357],[289,1],[206,-1],[67,6],[654,4]],[[41157,38761],[-46,-11],[-7,-39],[-46,-19],[0,-44],[-35,-37],[0,-27],[-53,-14],[-10,-30],[-23,-2],[-57,21],[-17,-39],[-28,-31],[-3,-26],[-42,-46],[-18,-100],[-35,-63],[39,-70],[-8,-27],[6,-56],[-34,-23],[-4,-68],[-44,-14],[-13,-16],[-37,-9],[3,-32],[-40,-50],[-34,-26],[-68,1],[-56,-89],[-50,-19],[-12,-21],[-34,10],[-78,-24],[-71,-13],[-18,-17],[8,-41],[-39,-29],[1,-57],[-18,-57],[-50,-33],[-64,-9],[-39,-47],[-29,-12],[-10,-31],[16,-39],[-12,-34],[15,-16],[1,-55],[-93,-83],[-46,-14],[-25,-76],[27,-42],[-30,-31],[-14,-41],[10,-52],[-37,-2],[-24,-25]],[[39732,36865],[-118,69],[-80,18],[-287,3],[-414,2]],[[38833,36957],[3,178],[-166,0]],[[38670,37135],[3,266],[-22,0],[54,87],[-70,1],[-2,-44],[-81,2]],[[20835,21258],[37,-10]],[[20872,21248],[-6,-44]],[[20866,21204],[14,-14]],[[20880,21190],[-54,-3],[-47,-30],[-83,16]],[[20696,21173],[-3,0]],[[20693,21173],[12,216]],[[20866,21204],[145,-4],[152,-9]],[[21163,21191],[-2,-87]],[[21161,21104],[-1,-43]],[[21160,21061],[-138,5],[-9,-6]],[[21013,21060],[-62,48],[-19,35],[-51,46]],[[20881,21189],[-1,1]],[[23267,31413],[27,18],[92,25],[85,2],[68,48],[56,67],[61,24],[33,-15],[34,4],[107,56],[62,60],[43,0],[81,-20],[78,-43],[61,-1],[53,32],[70,1],[32,-14],[46,0],[51,15],[24,21],[52,28],[89,70],[83,35],[129,44],[42,6]],[[24826,31876],[-2,-104],[-14,-49],[16,-42],[30,-19],[27,-78],[26,-21],[47,-56],[-6,-78],[10,-29],[35,-44],[-2,-57],[-31,-128],[-21,-39],[0,-130],[-29,-32],[-34,-15],[-69,-54],[-48,-84],[-22,-25],[-51,-26],[-62,-6],[-22,-11],[-9,-74],[-42,-85],[-19,-23],[-41,-26],[-48,-45],[-51,16]],[[24394,30512],[5,123],[-38,11],[-111,-14],[-32,-9],[-81,-60],[-31,-10],[-29,30],[-25,48],[10,71],[-93,31],[-28,-4],[-25,-21],[-20,-35],[3,-50],[19,-49],[14,-79],[-6,-78],[-13,-60],[-39,-51],[-58,21]],[[23816,30327],[-58,36],[-93,11],[-6,17],[-3,140],[-28,50],[-25,19],[-79,18],[-67,-9],[-92,-21],[-29,-13],[-1,-40],[-102,-3]],[[23233,30532],[-309,-2],[-27,13],[-64,53],[-63,66],[-102,135],[-66,69],[-53,104],[-22,54]],[[22527,31024],[152,48],[13,22],[-4,99],[63,38],[100,30],[60,2],[56,-20],[36,1],[54,13],[58,36],[66,24],[59,58],[27,38]],[[24394,30512],[-38,26],[-36,-11],[-60,4],[-19,-14],[-25,-54],[-14,-13],[-130,11],[-8,-7],[-2,-81],[20,-2],[-2,-94],[33,-16],[18,-25],[-5,-72]],[[24126,30164],[-31,-13],[-219,15],[2,87],[-85,0],[23,74]],[[24394,30512],[-40,-72],[22,-57],[18,-13],[48,-2],[85,20],[54,5],[100,36],[100,59],[63,45],[42,4],[74,-24],[18,-17],[-5,-42],[25,-45],[-6,-63],[-15,-53],[-23,-21],[-24,-62],[-21,12],[3,59],[-40,51],[-17,0],[-9,-73],[-19,-30],[-36,-21],[-78,-3],[-56,-25],[-49,-5],[-30,-42]],[[24578,30133],[-29,41],[-41,38],[-23,6],[-104,-5],[-162,-17],[-93,-32]],[[23309,32792],[230,-5],[247,-4]],[[23786,32783],[246,-5],[305,-9],[306,-7],[258,-3]],[[24901,32759],[-28,-98],[-31,-11],[-26,-31],[-15,-40],[-1,-69],[22,-39],[-5,-86],[20,-23],[-2,-34],[23,-28],[33,-12],[52,-39],[14,-31],[-2,-65],[16,-16],[66,-3],[-14,-64],[-24,-27],[-32,-55],[-35,-41],[-24,-8],[-60,5],[-20,-22],[-2,-46]],[[23267,31413],[0,87],[-18,17],[59,84],[44,43],[2,41],[57,-1],[49,51],[-9,36],[23,26],[-15,59],[-27,31],[-17,1],[-41,43],[5,37],[18,20],[28,84],[21,19],[13,50],[-24,58],[1,74],[25,23],[2,28],[-24,43],[-97,78],[-1,60],[-13,34],[0,61],[-14,32],[-5,50],[13,71],[-13,39]],[[20872,21248],[10,67],[32,24],[12,44],[77,-8],[-1,-55],[111,0],[53,-8]],[[21166,21312],[-3,-121]],[[20065,9635],[477,-18],[328,-10],[357,-20]],[[21227,9587],[24,-82],[1,-87],[25,-6],[16,-32],[-18,-40],[4,-24],[-29,-20],[7,-31],[-30,-34],[11,-21],[-7,-60],[-24,-19],[-8,-39],[-20,-24],[8,-28],[-19,-16],[2,-59],[-9,-12],[32,-38],[-2,-38],[12,-32],[37,-24],[-21,-23],[-8,-34],[23,-22],[30,-50],[-17,-49],[-9,-73],[20,-41]],[[21258,8529],[-5,-38],[11,-48],[25,-46],[-12,-29],[19,-33],[40,-35],[23,-80],[-14,-104],[-22,-8],[9,-34],[-34,-69],[-4,-35],[8,-52],[27,-34],[-14,-19],[23,-56],[17,-20],[-1,-39],[-26,-43],[25,-71],[-4,-49],[-26,-28],[6,-31],[-11,-37],[-25,-30],[-19,-89],[10,-16],[-17,-71],[34,-71],[13,-77],[37,-90],[-9,-58],[-15,-45],[-6,-56],[-16,-17],[63,-84],[5,-53],[17,-63],[16,-29],[-26,-52],[12,-29],[-3,-46],[-18,-7],[-2,-34],[-39,-74],[5,-83],[17,-45],[29,-21],[27,-71],[-9,-41],[9,-50],[33,-55],[2,-26],[-17,-26],[-6,-58],[-37,-22],[-10,-54],[-36,-12],[0,-55],[15,-16],[-2,-40],[16,-15],[-9,-78],[-14,-11],[-47,-97],[-17,-14],[2,-59],[15,-14],[-18,-98],[-11,-31],[-38,-15],[-11,-35],[-21,-17],[-29,-78],[3,-37],[28,-43],[-23,-46],[-16,-63],[-42,-17],[-32,-43],[-27,-70],[-34,-35],[-6,-54],[8,-24],[-19,-54],[-7,-46],[-13,-15],[1,-64],[-29,-18],[-45,29],[-78,-45],[-4,-47],[15,-10],[19,-50],[-26,-33],[-23,-86],[16,-26],[-37,-57],[-11,-62],[4,-105],[37,4],[-6,-48],[-15,-38],[-6,-66],[15,-41],[-2,-30],[11,-33],[-9,-27],[38,-26],[44,-17],[41,-66],[33,18],[40,0],[35,-25],[32,-76]],[[21078,3571],[-48,34],[-37,-14],[-8,-90],[-31,-38],[-72,-23],[-39,-83],[-42,-30],[-121,-12],[-38,-8],[-65,-30],[-35,-6],[-117,-7],[-41,-14],[-50,-32],[-18,8],[8,50],[-19,30],[-18,-1],[-31,-32],[-40,-10],[-21,12],[6,49],[-16,42],[-26,20],[-35,47],[-31,-6],[-16,-43],[-30,18]],[[20047,3402],[-9,27],[-51,31],[-50,48],[2,34],[40,15],[83,60],[4,41],[-29,-6],[-39,-23],[-39,26],[49,64],[42,24],[19,22],[-1,46],[-29,20],[-44,-61],[-23,-12],[-28,13],[-8,61],[-28,41],[-14,36],[-28,14],[-43,-61],[-6,-34],[11,-27],[-31,-28],[-32,19],[-4,38],[-44,67],[-30,23],[-46,-12],[-38,-43],[-75,-40],[-54,-39],[-32,22],[-4,28],[19,39],[15,52],[34,27],[-1,26],[-21,15],[-24,-20],[-23,4],[-4,45],[-18,28],[8,43],[-7,23],[-30,21]],[[19386,4139],[64,97],[372,593],[9,34],[107,619],[31,1021],[12,38],[4,222],[-13,65],[0,60],[9,438],[0,131],[19,813],[5,148],[-3,25],[-53,181],[-5,103],[-19,75],[-9,151],[-37,75],[-2,124],[13,52],[91,224],[8,26],[-2,87],[48,34],[30,60]],[[5659,5377],[44,43],[42,-1],[21,56],[23,9],[-13,36],[35,42]],[[5811,5562],[54,-15],[21,26],[27,-22],[-26,-35],[69,-2],[-4,-174]],[[5952,5340],[-164,4],[-23,-10],[-42,-45],[-32,-1]],[[5691,5288],[-32,89]],[[1655,26177],[58,-30],[25,14],[19,-13],[5,-43],[43,10],[4,18],[32,14],[6,-33],[40,14],[7,-26],[37,30],[79,105],[53,-11],[30,31],[0,21],[58,38],[49,-46],[39,14],[16,35],[59,12],[20,50],[75,-29],[24,0],[-3,-98],[27,1],[26,18],[46,63],[46,2],[219,-6],[35,46],[39,30],[5,97]],[[2873,26505],[77,-2],[7,-34],[50,15],[85,2],[39,8],[50,31],[45,16],[57,0],[-15,-28],[15,-24],[-24,-20],[-53,-12],[-29,-19]],[[3177,26438],[-2,-24],[-24,-36],[-8,-35],[50,-123],[-14,-63],[17,-62],[26,-30],[7,-27],[-4,-110],[31,-35],[9,-27],[-2,-80]],[[3263,25786],[-108,3],[-7,22],[-41,26],[-11,-11],[-4,-124],[-41,0],[-2,-41],[-79,1],[-6,-39],[23,-6],[17,-67],[-3,-103],[-42,-9],[-2,-70],[-34,2],[-33,-12],[-95,0],[-9,20],[-82,-1],[-51,-8],[-68,1],[-7,38],[-86,3],[3,11],[5,208],[-173,9],[4,-22],[-5,-229],[12,-35],[76,-23],[78,-55],[29,-101],[-1,-31],[23,-42],[20,-113],[-38,-71],[-51,-109],[0,-51],[114,11],[56,26],[73,0],[1,-127],[26,5],[14,-18],[-1,-55],[-48,-21],[-79,-13],[0,-18],[31,-16],[54,-10],[-5,-212],[-36,-1],[-9,-86],[19,-55],[-53,-27],[-29,-29],[-55,-22],[-57,-3],[-27,10],[-167,9],[-3,35],[-57,16],[-65,38],[-42,11],[-71,28],[-85,19],[-4,-176],[-162,6],[3,163],[-53,3],[-71,-60],[-84,-18]],[[1602,24170],[9,373],[25,888],[19,746]],[[3263,25786],[-6,-289],[42,-130],[8,-63],[-11,-86],[-1,-59],[34,-36],[19,-68],[52,-78],[12,-8]],[[3412,24969],[-1,-68],[211,-7],[-8,-341],[-14,-739],[-66,-15],[-55,-31],[-65,-12],[-49,-47],[-58,-4],[-29,-26],[-62,-3],[-41,-10],[-19,9],[-94,-23],[-45,-26],[-26,11],[-38,-14],[-60,9],[-62,2],[-52,22],[-49,5],[-57,-19],[-30,-54],[-28,-19],[-58,-16],[-55,3],[-23,23],[-2,39],[-37,50],[-49,53],[-65,17],[-35,-7],[-22,11],[6,-147],[-20,-32],[-25,8],[-35,-9],[-97,-51],[-34,13],[-48,41],[-78,23],[-51,-50],[-23,-33],[-6,-30],[-39,-56],[-69,-59],[-71,10],[-19,13],[-77,13]],[[1583,23396],[2,98],[17,676]],[[1930,27867],[86,91],[19,25]],[[2035,27983],[147,-278]],[[2182,27705],[-47,-1],[-26,17],[-80,9],[-25,-14],[-37,0],[-8,23],[-39,35],[19,81],[-9,12]],[[2073,28165],[230,-6],[5,-63]],[[2308,28096],[2,-51],[-7,-297],[-4,-92],[81,-2],[4,42],[135,-3],[0,-89],[40,0],[0,-50]],[[2559,27554],[-38,-8],[34,-119],[-23,-19],[-62,-23],[-54,8],[-62,-6],[-18,21]],[[2336,27408],[-90,174]],[[2246,27582],[-64,123]],[[2035,27983],[18,38],[11,50],[9,94]],[[27670,33408],[28,-20],[101,-128],[23,-12],[20,-55],[31,-16],[74,-9],[73,25],[54,4],[98,-73],[25,-2],[36,-41],[26,-62],[34,-26],[37,-9],[38,12],[35,-34],[2,-24],[-29,-37],[-25,-51],[-40,-36],[11,-37],[79,-45],[27,-28]],[[28428,32704],[-43,-2],[-1,-41],[19,-82],[-2,-23],[28,-14],[-7,-35],[-32,40],[-8,-40],[-36,-5],[-33,22],[-28,3],[-11,-31],[77,-6],[26,-24],[22,15],[14,-29],[-36,-25],[17,-18],[-11,-27],[-58,-4],[-26,13],[-35,-33],[-24,22],[-60,-81],[-20,-12],[-35,35],[-24,-3],[6,-34],[-15,-21],[-96,25],[-12,23],[-62,12],[-25,25],[-41,17],[1,22],[-51,0],[-32,-21],[-63,2],[-68,-6],[-145,9]],[[27498,32372],[-23,17],[-2,26],[32,101],[0,60],[43,72],[6,228],[44,16],[22,24],[7,56],[81,6],[-1,34],[-18,124],[4,28],[33,23],[-40,15],[-9,18],[-7,188]],[[27745,35585],[217,-4],[343,-9],[234,-4]],[[28539,35568],[280,-11],[331,-9],[174,6],[-7,-356],[-7,-181],[323,-10],[321,-6],[189,-6],[164,-1]],[[30307,34994],[182,-1],[354,2]],[[30843,34995],[-14,-63],[-73,-46],[-24,-24],[-9,-53],[6,-40],[64,-47],[13,-40],[7,-51],[-12,-133],[-24,-16],[-130,2],[-52,-47],[-10,-62],[-22,-28],[-104,-38],[-12,-16],[-10,-53],[-2,-62],[-43,4],[-53,24],[-105,103],[-48,25],[-99,20],[-59,-14],[-87,-31],[-54,7],[-73,-31],[-66,-14],[-25,-25],[-31,-2],[-33,-23],[-43,-18],[-64,-5],[-41,-21],[-119,-34],[-50,-56],[-60,-15],[-70,3],[-72,-5],[-71,-16],[-52,-26],[-61,-4],[-86,-46],[-28,-59],[-28,-21],[-102,5],[-18,-12]],[[28694,33891],[3,53],[44,42],[-1,94],[41,14],[4,139],[35,28],[5,46],[-139,5],[-40,-12],[-42,9],[-192,6],[-5,-42],[-56,-6],[-29,-54],[-50,-31],[-157,3]],[[28115,34185],[-62,1],[-21,14],[-125,36],[-32,-8],[-129,8],[-78,-5],[-66,20],[-31,25],[-28,-45],[-51,22],[-2,20],[31,26],[-33,76],[-24,15],[-28,66]],[[27436,34456],[14,24],[2,41],[23,26],[50,29],[-43,40],[21,50],[4,39],[-33,19],[15,41],[-12,57],[31,3],[9,-36],[42,-6],[-10,66],[16,15],[63,-11],[18,33],[-35,47],[58,-2],[-3,40],[48,21],[1,52],[12,50],[-26,19],[1,33],[40,18],[7,24],[-20,21],[-35,67],[30,28],[-30,49],[50,-6],[18,15],[12,41],[-38,26],[-4,32],[22,37],[23,10],[-28,49],[-4,28]],[[25857,33275],[89,-46],[60,-20],[87,-16],[70,0],[90,10],[77,-16],[53,-4],[80,15],[121,69],[26,11],[105,66],[48,11],[49,-7],[63,-43],[16,-1],[95,17],[29,22],[25,37],[28,68],[16,11]],[[27084,33459],[32,3],[40,-22],[17,-36],[1,-69],[52,-12],[107,67],[72,19],[103,-13],[29,2],[88,21],[45,-11]],[[27498,32372],[0,-57],[10,-27],[29,-20],[-1,-21],[-69,-15],[-11,-34],[-40,-87],[-178,4],[-57,-17],[-121,39],[-8,13],[-42,-9],[-21,-29],[-71,1],[-19,31],[-1,39],[-41,-39],[-41,11],[-17,-25],[-49,-5],[-37,-24],[-11,-38],[-20,-18],[-8,50],[-19,3],[-4,43],[-28,-14],[-23,17],[-16,73],[-16,41],[-19,17],[-80,-15],[-17,-45],[-26,-19],[-52,46],[-11,26],[-45,0],[5,-27],[-30,-17],[-13,17]],[[26280,32241],[5,219],[4,365],[-43,0],[-116,-87],[-282,5]],[[25848,32743],[8,364],[1,168]],[[25733,34711],[484,498],[409,418],[142,-4],[174,-8],[83,-1]],[[27025,35614],[255,-9],[-1,-12],[171,-2],[295,-6]],[[27436,34456],[-54,33],[-36,11],[-60,-49],[-26,-54],[-56,-17],[-111,-118],[-53,-7],[-28,4],[-92,-13],[-17,-25],[52,-52],[42,-77]],[[26997,34092],[-17,-42],[-44,-40],[-36,-67],[15,-37],[20,0],[34,-30],[-17,-32],[12,-32],[34,-19],[13,-68],[32,-34],[25,-11],[11,-48],[26,-10],[14,-69],[-19,-9],[-16,-85]],[[25857,33275],[-55,85],[-68,73],[-66,27],[-69,60],[-14,46],[4,112],[-34,95],[-9,43],[1,111],[-14,95],[20,81],[39,77],[29,28],[66,96],[42,127],[3,34],[-11,64],[0,50],[12,132]],[[33735,39345],[0,54],[67,0],[-3,54],[2,122],[22,15],[1,31],[42,14],[1,49],[54,65],[-1,25],[28,66]],[[33726,38738],[29,24],[-30,43],[-69,39],[46,6],[29,30],[34,18],[-35,59],[19,66],[-3,47],[37,-8],[28,13],[7,40],[-34,18],[-9,23],[19,107],[-22,43],[-27,14],[-10,25]],[[33735,39345],[-42,45],[-51,4],[-66,49],[-30,54],[-32,13],[-26,30],[-29,63],[-6,67],[-53,14],[-158,0],[4,266],[85,2],[2,39],[46,68],[43,27],[67,24],[46,43],[6,36],[43,28],[-3,-183],[3,-11],[156,0],[48,-15],[0,-31],[115,-4],[10,-22]],[[24417,35492],[21,44],[30,33],[35,20],[46,12],[82,-8],[40,-18],[68,-50],[32,-35],[22,-54],[58,-86],[74,-97],[75,-70],[68,-48],[58,-70],[32,-30],[71,-49],[39,-40],[33,-51],[71,-27],[90,-2],[116,25],[66,-20],[30,-22],[32,-50],[27,-88]],[[25848,32743],[-165,4],[-623,10],[-159,2]],[[24901,32759],[17,44],[-5,62],[-22,46],[17,78],[73,109],[63,53],[55,92],[5,87],[-5,17],[-59,48],[-46,66],[-26,12],[-58,50],[-47,82],[-96,47],[-49,18],[-16,48],[-127,83],[-49,44],[-15,46],[-32,-12],[-49,55],[-78,36],[-41,-48],[-95,-18],[-57,4],[-65,29],[-30,38],[-43,78],[-7,49],[-110,107]],[[23904,34209],[31,-3],[-47,61],[-66,57],[2,17],[33,45],[-5,27],[-40,17],[-27,37],[48,63],[2,27],[-23,33],[12,12],[80,-28],[19,31],[-44,22],[-8,60],[9,48],[39,11],[53,-18],[55,16],[11,30],[-17,72],[45,93],[98,60],[-30,43],[11,45],[-28,2],[-15,31],[-22,9],[2,41],[29,16],[27,30],[41,-14],[18,53],[18,-47],[34,12],[49,-26],[96,133],[42,10],[10,24],[33,22],[-64,59],[2,50]],[[35749,24650],[131,-3],[73,-21],[-12,-40],[28,-50],[14,7],[18,-42],[3,-36],[23,-18],[11,-52],[25,-21],[16,-53],[-3,-20],[22,-47]],[[36098,24254],[-48,-22],[-175,-37],[-79,28],[-22,17],[-26,44],[-58,28],[-26,-2],[-80,-38]],[[35584,24272],[1,363],[116,14],[48,1]],[[32238,24226],[473,-7],[496,-11],[1,178],[5,164],[2,227],[-2,135],[9,371],[2,218],[6,211],[4,280]],[[33234,25992],[325,-5],[154,0],[349,-5],[160,9],[5,8],[163,-4],[150,2],[202,-2]],[[34742,25995],[17,-17],[1,-53],[36,-35],[-18,-12],[38,-32],[9,-38],[-23,-43],[21,-52],[-25,-18],[33,-33],[-12,-17],[-3,-54],[-17,-38],[9,-19],[-30,-30],[6,-55],[-4,-54],[35,-52],[-14,-38],[28,-25],[-4,-31],[12,-44],[-36,-56],[0,-32],[38,-56],[-16,-26],[-14,-57],[-16,-6],[-42,-52],[9,-27],[-30,-14],[20,-32],[-30,-39],[-66,-49],[-3,-64],[-19,-2],[-12,-32],[18,-33],[-4,-33],[-95,-45],[13,-56],[-27,-69],[22,-10],[-12,-31],[37,-43],[2,-33],[-36,-7],[15,-33],[-26,-45],[7,-30],[52,-32],[19,4],[22,-28],[-9,-26],[28,-43]],[[34646,24068],[5,-19],[35,-3],[35,-18],[-6,-68],[-34,-47],[-7,-33],[25,-22],[-21,-23],[37,-33],[17,-1],[2,-45],[28,-43],[38,-33],[2,-28],[84,-3],[35,17],[26,-62],[24,-83],[-7,-39],[36,-21],[43,3],[2,-38],[25,-11],[3,-64],[41,-34],[-19,-13],[-8,-35],[14,-23],[-11,-26],[-24,-10],[-17,-61],[0,-38],[57,-51]],[[35106,23060],[-201,1],[-416,4],[-330,0],[-167,9],[-326,22],[-329,21],[-139,12],[-491,-5],[-7,-539]],[[32700,22585],[-162,0]],[[32538,22585],[6,355],[2,187],[-248,-5],[-86,5],[2,175],[13,423],[11,501]],[[37000,25956],[1,22],[161,-7],[79,0],[-1,-15],[516,-15],[160,-1],[333,-7],[0,11]],[[38249,25944],[129,-2],[167,8],[327,23],[331,20]],[[39203,25993],[-11,-806],[-2,-81],[-2,-257],[2,-53],[-4,-395],[-4,-175],[-47,0],[-4,-575],[-4,-619]],[[39127,23032],[-501,5],[-163,0],[-333,6],[-326,8],[-84,-1],[-411,10],[-144,0]],[[37165,23060],[-23,64],[-36,121],[-3,94],[-50,-11],[-26,8],[-13,40],[6,69],[50,79],[19,63],[35,22],[73,11],[65,-4],[44,21],[50,55],[23,57],[7,102],[14,83],[-10,74],[-51,55],[-21,32],[-29,8],[-43,-22],[-36,-40],[6,-79],[-3,-42],[-13,-32],[-45,-27],[-24,6],[-19,27],[4,35],[52,56],[-12,48],[-50,30],[-9,15],[-3,53],[-19,34],[-44,10],[-22,-15],[-5,-35],[15,-44],[-46,-24],[-58,32],[-9,-105],[-94,-17],[-108,30],[-92,77],[10,-132],[-46,2],[-12,36],[18,41],[-3,41],[-45,62],[-5,19],[8,64],[-15,56],[18,47],[1,29],[-38,28],[-48,-13],[-29,-39],[-34,-11],[-61,10],[-39,-22],[-35,14],[-17,40],[13,37],[48,29],[40,53],[16,56],[-30,89],[-47,62],[151,138],[83,65],[4,42],[38,65],[35,29],[17,37],[10,69],[-3,45],[13,23],[42,21],[7,44],[42,79],[4,45],[32,41],[-15,77],[14,61],[39,42],[54,21],[47,-5],[72,-31],[36,-9],[56,0],[63,40],[28,36],[9,29],[-17,24],[-65,21],[-38,28],[-23,29],[-43,88],[3,31],[25,59]],[[35250,24146],[204,78],[130,48]],[[36098,24254],[18,-44],[5,-42],[-23,-48],[-26,-111],[1,-56],[45,-72],[18,-40],[-19,-18],[-24,18],[-27,67],[-41,36],[-27,6],[-46,47],[-49,9],[-14,-54],[-23,-47],[1,-68],[38,-46],[13,-56],[62,-60],[15,-29],[-10,-26],[-35,-45],[-20,-107],[12,-31],[0,-36],[-206,2],[2,177],[-67,3],[-14,16],[0,39],[-43,-28],[-20,30],[-195,124],[-70,1],[2,178],[-56,0],[-28,47],[-23,97],[1,49],[25,10]],[[35669,24854],[1,-30],[31,-24],[32,-42],[48,13],[4,-40],[-35,-59],[-1,-22]],[[35250,24146],[5,37],[17,29],[8,87],[52,-1],[1,179],[-48,1]],[[35285,24478],[-122,1],[1,179],[170,-1],[2,178],[12,29],[61,35],[-53,60],[-12,36],[52,6],[63,-24],[29,5],[14,-22],[34,-15],[65,-7],[31,9],[37,-15],[11,-35],[-11,-43]],[[38731,34833],[18,27],[42,96],[4,22],[31,38],[48,99],[8,6],[47,100],[27,47],[81,177],[57,68],[3,340],[-40,41]],[[39057,35894],[268,-2],[-10,27],[12,56],[-4,39],[22,70],[-11,79],[12,30],[41,38],[25,37]],[[39412,36268],[327,2],[218,4],[281,2]],[[40238,36276],[7,-582],[5,-350],[1,-210],[6,-331],[0,-246],[3,-116],[0,-350],[-5,-88],[0,-358]],[[40255,33645],[0,-590],[4,-374]],[[40259,32681],[-351,9],[-141,2],[-13,-3],[-321,5],[-205,9]],[[39228,32703],[-473,29],[-138,12]],[[38617,32744],[17,20],[40,-7],[7,14],[61,19],[23,29],[45,37],[10,56],[-12,17],[21,27],[26,6],[-6,54],[2,106],[-11,37],[44,17],[21,38],[23,-13],[33,26],[-4,34],[68,46],[48,14],[21,54],[56,-6],[43,49],[-20,31],[6,26],[31,22],[-5,38],[25,49],[21,8],[34,51],[-16,33],[18,28],[8,66],[-6,40],[13,12],[-7,87],[-29,4],[-43,46],[6,87],[-23,7],[-13,27],[-25,4],[-31,24],[-46,20],[-16,-19],[-66,1],[-44,21],[-15,-7],[-52,27],[-32,37],[5,29],[-38,4],[-52,68],[1,26],[-38,59],[-14,60],[-10,171],[-40,81],[33,69],[18,78]],[[33287,32963],[6,325],[10,200],[1,365],[5,276],[14,598],[4,199]],[[33327,34926],[468,-16],[350,-11],[168,-4],[498,-20],[6,528],[100,-4],[3,32],[18,27],[-34,19],[1,101],[-26,22],[50,24],[-4,35],[-34,1],[8,48],[25,-12],[31,13],[-8,56],[-25,-6],[3,42],[26,10],[29,55],[33,15],[6,26],[-14,23]],[[35005,35930],[278,-9],[29,-3],[182,2],[335,1],[135,-2]],[[35964,35919],[-7,-24],[7,-58],[36,-22],[-8,-38],[7,-28],[-9,-47],[-36,-41],[-10,-36],[-51,6],[-29,-62],[-14,-91],[9,-44]],[[35859,35434],[15,-85],[19,-37],[-1,-57],[-22,-39],[3,-29],[-17,-16],[2,-99],[-30,-43],[-2,-45],[-16,-37],[-160,2],[-5,-21],[-55,-3]],[[35590,34925],[-12,24],[-204,0],[-51,-77],[-44,-13],[-64,-8],[-72,-39],[1,-45],[-8,-301],[59,-2],[33,45],[171,-5],[21,44],[55,0],[-7,-381],[-38,-31],[-7,-117]],[[35423,34019],[-4,-97],[-36,-121],[73,-3],[168,0],[-4,-58],[1,-112]],[[35621,33628],[-6,-304],[-1,-225],[165,2],[163,0],[4,-44],[-2,-132],[195,-7],[154,-10],[0,-72],[190,-4]],[[36483,32832],[-17,-87]],[[36466,32745],[-173,2],[-186,-3],[-242,5],[-504,-2],[-66,2]],[[35295,32749],[-288,0],[-311,6],[-224,6],[-136,-1],[-219,3],[-251,6],[-152,6],[-207,1],[-16,3],[-206,6]],[[33285,32785],[2,178]],[[36483,32832],[0,88]],[[36483,32920],[156,-3],[297,-1],[174,-4],[4,353],[160,-4],[2,350],[53,5]],[[37329,33616],[102,-117],[18,18],[0,57],[17,5],[24,42],[292,9],[0,179],[4,6],[-1,348]],[[37785,34163],[287,6],[176,3],[60,6],[294,-19],[8,568],[27,38],[50,42],[22,32],[22,-6]],[[38617,32744],[-171,14]],[[38446,32758],[-174,13],[-249,-8]],[[38023,32763],[-142,-4]],[[37881,32759],[-328,-12],[-223,-10],[-107,-2],[-241,3],[-16,2]],[[36966,32740],[-304,1],[-196,4]],[[36380,35387],[67,-1],[9,58],[35,29],[35,0],[10,-52],[-14,-123],[1,-37],[16,-54],[63,0],[10,14],[1,62],[12,11],[296,-4]],[[36921,35290],[1,-124],[-27,-126],[-27,-59],[-47,-55],[-10,-25],[-6,-255],[18,-55],[-10,-7]],[[36813,34584],[-49,-31]],[[36764,34553],[-132,-82],[1,32],[-176,1],[-11,-19],[-62,4]],[[36384,34489],[9,356],[3,9]],[[36396,34854],[2,9],[4,206],[14,49],[-12,95],[1,149],[-25,25]],[[41290,26198],[162,-81]],[[41452,26117],[0,-147]],[[41452,25970],[-52,2]],[[41400,25972],[-109,0]],[[41291,25972],[-1,226]],[[38225,26944],[47,25],[43,97],[249,-6],[2,34],[78,11],[43,-1],[7,-43],[67,3],[49,-4],[5,172],[76,0],[58,-31],[43,12],[25,-20],[48,6],[87,-26],[72,30],[7,281]],[[39231,27484],[48,-44],[133,-186],[33,-27],[121,-12],[568,-321]],[[40134,26894],[60,-43],[14,-24],[6,-83]],[[40214,26744],[-11,-761]],[[40203,25983],[-166,1],[-494,6],[-149,0],[-191,3]],[[38249,25944],[8,420],[-40,-1],[8,581]],[[18276,2513],[48,2],[74,20],[64,5],[40,18],[127,28]],[[18629,2586],[0,-181]],[[18629,2405],[-3,-45],[-20,-19],[-15,-43],[-1,-41],[-39,-4],[-148,-52],[-37,-7],[-176,11]],[[18190,2205],[-3,17],[1,196],[44,30],[44,65]],[[21078,3571],[0,-31],[-18,-38],[-27,-13],[-30,-48],[-9,-68],[12,-15],[66,9],[43,-4],[32,-17],[46,-54],[45,10],[38,39],[18,-34],[-5,-67],[24,-49],[-16,-54],[16,-11],[72,-6],[30,5],[43,31],[8,25],[-37,53],[6,29],[28,5],[49,-16],[12,11],[9,59],[25,29],[19,3],[33,-30],[18,-49],[-3,-33],[-21,-64],[2,-17],[44,-21],[26,6],[47,50],[18,6],[75,-22],[27,-45],[-6,-80],[17,-21],[24,3],[64,27],[26,-8],[23,-37],[29,-24],[36,-13],[26,3],[29,28],[2,55],[24,14],[61,-44],[49,-20],[4,-27],[-6,-72],[-29,-69],[-43,-35],[-15,-22],[22,-44],[54,-21],[45,-26],[74,-2],[21,-25],[-15,-20],[-90,-17],[-24,-74],[4,-50],[33,-31],[34,10],[23,-13],[40,-81],[19,-6],[54,40],[19,-4],[24,-35],[20,0],[80,37],[17,28],[28,72],[31,-9],[7,-69],[-12,-93],[40,-61],[-46,-15],[-18,-41],[7,-25],[22,-10],[34,33],[23,-14],[-17,-64],[30,-3],[19,30],[17,-7],[-11,-63],[36,-28],[19,-43],[0,-24],[-41,-45],[-39,-22],[-8,-15],[25,-26],[65,-15],[32,22],[-22,49],[13,22],[47,-10],[45,29],[37,-15],[10,-21],[-32,-46],[18,-28],[73,30],[12,-11]],[[23056,1923],[2,-21],[27,-14],[114,21],[97,-37],[27,-90],[5,-61],[-28,-28],[-69,16],[0,-39],[38,-52],[13,-56],[-28,-64],[-18,-72],[-17,-30],[-36,-11],[-21,19],[-24,-13],[-4,-55],[-24,-39],[-47,-55],[-3,-62],[-17,-18],[-38,-9],[-1,-22],[44,-4],[32,7],[21,-23],[-23,-60],[8,-53],[19,-28],[26,-109],[0,-59],[41,15],[71,3],[22,-12],[10,-26],[-9,-36],[9,-55]],[[23275,691],[19,-54],[27,-44],[-13,-38],[-38,-16],[-4,-25],[44,-44],[10,-46],[-3,-62],[17,-34],[25,-16],[27,10],[35,32],[36,4],[70,-17],[46,-27],[8,-68],[24,-41],[-3,-41],[42,-61],[39,-23],[10,-35]],[[23693,45],[-599,6],[-332,6],[-476,4],[-566,9],[-82,3],[-143,0],[-584,7]],[[20911,80],[-29,30],[-6,45],[-26,56],[-48,85],[-31,26],[-55,78],[-10,25],[-36,34],[-35,7],[-49,45],[-32,46],[31,39],[10,69],[32,56],[11,62],[24,53],[2,59],[11,44],[15,114],[-46,-2],[-21,15],[3,57],[-18,69],[14,88],[26,30],[36,18],[44,-14],[62,42],[-36,35],[-70,40],[-40,50],[-58,5],[1,59],[-16,18],[-4,125],[-20,23],[-4,70],[-23,24],[-72,9],[-31,-27],[-32,25],[-55,-18],[-18,23],[-25,4],[-54,72],[-3,33],[-24,13],[-29,-7],[-22,17],[-40,7],[-46,73],[-43,54],[-3,28],[-71,43],[-20,34],[-24,5],[2,49],[-48,47],[-30,78],[-32,0]],[[19800,2367],[-46,60],[-54,32],[-28,36],[-28,12],[-23,29],[-25,49],[-26,37],[25,16],[14,48],[-20,37],[17,22],[12,81],[49,0],[9,23],[28,23],[-29,54],[4,31],[21,14],[-4,90],[-20,8],[-6,42],[20,71],[29,15],[19,-13],[45,62],[58,12],[38,29],[16,55],[71,37],[24,23],[38,-22],[19,22]],[[17993,4313],[42,0],[43,-36],[53,17],[63,-32],[34,25],[25,73],[53,18],[27,38],[75,-16],[45,-18],[29,-51],[53,-29],[33,-3],[40,19],[26,-4],[15,46],[15,7],[29,-28],[75,-14],[-30,40],[28,57],[43,57],[24,-5],[47,-51],[32,9],[56,-31],[11,40],[21,-4],[25,-37],[37,0]],[[19062,4400],[51,-64],[23,-4],[64,30],[38,26],[17,-15],[-8,-46],[8,-21],[65,-40],[51,2],[21,-15],[-33,-55],[-2,-28],[29,-31]],[[19800,2367],[-40,-6],[-82,2],[-116,-66],[-42,-10],[-38,-22],[-228,75],[-239,24],[-80,-16],[-102,17],[-54,-3],[-103,40],[-47,3]],[[18629,2586],[17,4],[11,56],[-26,23],[-10,39],[-25,15],[-18,51],[12,74],[18,38],[-23,40],[-30,15],[-33,71],[-36,18],[-17,-17],[-45,-15],[-45,-27],[-23,5],[-70,82],[-9,33],[0,65],[-44,-10],[-14,9],[-46,-39],[-8,15]],[[18165,3131],[-17,63],[-1,99],[-12,57],[-19,54],[-40,46],[-166,-103],[-89,2]],[[17821,3349],[0,133],[-19,15],[-19,56],[33,15],[35,1],[24,16],[-34,46],[-20,58],[-24,36],[13,36],[-27,38],[9,51],[-12,31],[36,16],[-4,37],[8,33],[-4,40],[-17,38],[21,21],[24,52],[57,47],[4,31],[-16,16],[13,27],[-11,31],[35,12],[20,-6],[32,13],[15,24]],[[18165,3131],[4,-51],[-5,-47],[3,-64],[-20,-89],[2,-86],[-1,-154]],[[18148,2640],[-35,-1],[-11,-44],[0,-44],[-21,0],[-59,39],[-52,11],[-52,20],[-112,81],[-54,62]],[[17752,2764],[21,24],[45,11],[31,-21],[37,31],[31,10],[27,30],[0,66],[70,91],[13,43],[59,42],[35,39],[44,1]],[[18276,2513],[-69,3]],[[18207,2516],[-6,49],[14,7],[-1,66],[-66,2]],[[17108,4494],[34,43],[9,29],[49,-1],[59,47],[11,37],[36,-2],[12,-18],[48,-15],[16,-14],[36,19],[59,-21],[53,14],[27,-20],[67,-6],[13,-28],[39,-19],[-5,-20],[18,-79],[71,-13],[42,-38],[69,20],[70,-10],[50,-20],[2,-66]],[[17821,3349],[-16,-6],[1,-56],[15,-29],[1,-33],[-48,-75],[-41,-29],[-9,31],[-85,84],[-13,30],[-10,65],[-37,49],[-15,35],[-43,28],[-129,2],[-16,16],[-21,59],[5,56],[-24,32],[-27,14],[-43,2],[-54,24],[-40,8],[-8,36],[-23,31],[-85,-52],[-11,49],[-27,19],[-36,44],[-6,31],[66,63],[22,67],[-27,-4],[-33,13],[-15,20],[-38,13],[-36,-3],[-10,33],[-48,56],[-1,44],[123,-3],[0,25],[24,26],[15,41],[34,139],[18,29],[-4,21],[42,32],[8,21],[-8,47]],[[17779,2469],[90,-3],[311,-4],[27,54]],[[18190,2205],[-96,9],[-17,-30]],[[18077,2184],[-54,5],[-76,30],[-7,20],[-37,9],[-30,-28],[-22,25]],[[17851,2245],[-16,68],[-34,11],[-36,45],[0,56],[14,44]],[[23785,39459],[85,-4],[298,-7]],[[24168,39448],[199,-7],[327,-8],[492,-6],[336,-3],[97,-4]],[[25619,39420],[15,-28],[32,-11],[54,2],[20,-43],[56,-3],[3,-39],[-22,-58],[65,-17],[29,-65],[5,-30],[30,-72],[-9,-79],[-31,0],[-18,-26],[-27,-7],[-32,-99],[18,-36],[73,-20],[12,-29],[-10,-44],[-29,-67],[61,-36],[61,0],[-1,-26],[-40,-69],[-3,-161],[-16,-56],[-26,-5],[-6,-38],[23,-3],[123,25],[56,26],[47,-14],[-7,-102],[-9,-24],[14,-45],[-9,-70],[-20,-23],[17,-23],[9,-48],[-53,-35],[-1,-32],[13,-30],[31,-36],[59,30],[18,-4],[34,56],[40,124],[31,-18],[15,-47],[38,-15],[19,-29],[0,-64],[15,-46],[21,-30],[-19,-78],[-38,-101]],[[26350,37602],[-17,-27],[-3,-77],[73,-41],[-22,-79],[-5,-84],[-39,-5],[-12,-14],[-13,-50],[-60,-9],[-17,-18],[-17,-141],[-16,-14],[-172,13],[-13,-12],[-5,-164],[40,-16],[-5,-173],[-7,-62],[-16,-38],[-46,-49],[-19,-68],[-21,-23],[-49,-35],[-71,-33],[-88,-7],[-11,-17],[-37,24],[-23,39],[-77,19],[-31,40],[-14,66],[-29,23],[-50,21],[-103,7],[-50,-26],[-28,-3],[-37,-22],[-31,-63],[-30,22],[-40,76],[-22,83],[-6,48],[13,37],[-53,101],[-2,43],[-26,-16],[-27,-34],[-31,-9],[-29,-41],[-70,-47],[-35,-15],[-91,11],[-38,-15],[-27,7],[-80,1],[20,69],[-6,52],[16,43],[2,47],[-27,27],[-3,67],[-12,75],[-22,14],[-13,41],[-52,-3],[27,-43],[-18,-27],[-51,52],[-30,48],[-33,-2],[-9,-21],[-7,-70],[-28,-23],[-91,38],[-53,-11],[-90,14],[-31,42],[-26,-9],[-21,-40],[-8,-39],[-35,-36],[-19,9],[-25,78],[-19,-26],[-19,7],[-48,47],[-4,-51],[-18,-4],[-13,36],[-29,9],[-43,-15],[-20,30],[-45,-3]],[[23712,37158],[-37,51],[-26,12],[-15,-38],[-26,-9],[-20,19],[25,41],[-10,82],[50,1],[30,40],[-4,74],[-13,17],[-68,17],[-15,35],[49,18],[50,-1],[21,37],[-13,13],[-52,-5],[-12,12],[18,41],[-29,35],[-43,85],[51,-8],[-6,52],[34,31],[-40,31],[-33,62],[1,31],[35,41],[-12,49],[90,-7],[-7,58],[-16,34],[36,-1],[7,32],[31,34],[13,33],[2,80],[37,13],[25,-19],[18,8],[23,-32],[19,34],[-16,38],[13,41],[3,44],[52,-65],[33,-8],[-1,99],[8,27],[22,5],[10,-39],[32,-11],[10,21],[-16,53],[10,53],[2,66],[-5,54],[-36,56],[47,39],[-3,49],[8,25],[-2,63],[17,50],[-26,49],[-38,44],[-11,37],[-2,46],[-13,38],[9,35],[-31,38],[-10,29],[-56,3],[-25,21],[-44,12],[-28,22],[-9,42],[1,92]],[[22875,39487],[310,-13],[173,-2],[348,-9],[79,-4]],[[23712,37158],[24,-24],[-43,-51],[-24,38],[-41,-14],[0,-39],[-14,-45],[31,-31],[20,-42],[0,-40]],[[23665,36910],[-24,53],[-73,60],[-45,11],[-62,-9],[-67,7],[-43,15],[-48,35],[-33,36],[-39,61],[-21,53],[-34,60],[-80,219],[-18,95],[-47,92],[-37,24],[-41,9],[-46,-9],[-64,-66],[-59,-45],[-66,-33],[-26,-20],[-40,1],[-73,36],[-16,20],[-17,103],[18,41],[-3,91],[-30,64],[-15,18]],[[22516,37932],[-35,15],[-148,-9],[13,504],[171,-4],[330,-11],[2,174],[6,250],[10,284],[4,188],[6,164]],[[23482,35837],[57,65],[19,64],[5,45],[-11,109],[-34,75],[-49,83],[-35,36],[-25,83],[3,64],[16,40],[37,50],[54,34],[47,15],[72,-12],[87,20],[60,40],[17,31],[0,65],[-11,24],[-59,72],[-67,70]],[[26350,37602],[13,-24],[34,-5],[39,12],[59,44],[34,-45],[-24,-24],[-46,-20],[29,-54],[41,-18],[16,30],[51,-43],[18,11],[13,-39],[35,-21],[58,-5],[-15,-55],[62,-12],[-9,-32],[-44,-27],[-1,-30],[22,-20],[51,-2],[45,-30],[-7,-34],[-31,-22],[28,-81],[47,23],[45,35],[4,-21],[-55,-59],[11,-49],[29,-4],[34,30],[14,47],[48,28],[43,-48],[15,18],[53,22],[36,-8],[34,15],[-2,54],[38,57],[-2,34],[17,18],[51,-45],[17,11]],[[27298,37214],[0,-179],[-6,-440],[-43,2],[-1,-45],[-43,1],[-1,-90],[86,-2],[-2,-134],[-254,4],[1,-178],[-2,-179],[-6,-175],[-2,-185]],[[24417,35492],[-23,-42],[-54,-65],[-56,-47],[-67,-30],[-37,-5],[-53,23],[-38,37],[-16,48],[3,48],[-6,70],[-15,55],[-45,49],[-27,16],[-66,0],[-25,-14],[-81,-89],[-90,-64],[-63,-28],[-113,-17],[-36,-13],[-43,0],[-74,21],[-41,22],[-30,28],[-24,36],[-17,45],[8,77],[22,70],[28,32],[99,48],[45,34]],[[25619,39420],[363,-11],[307,-6]],[[26289,39403],[407,-4],[168,-5],[338,-5]],[[27202,39389],[-6,-534],[167,-7],[-8,-532],[-46,1],[-5,-262]],[[27304,38055],[-2,-436],[-4,-405]],[[12447,27567],[69,-9],[45,2],[70,-17],[132,-76],[64,-79],[73,-51],[77,-96],[30,-20],[109,-14],[116,-35],[39,-28],[-2,-348]],[[13269,26796],[-4,-277],[36,-17],[-39,-88],[0,-38],[66,-25],[80,-70],[25,-8],[28,-36],[-19,-67],[12,-39],[47,-36],[66,-14],[-36,-75],[-50,-149],[-3,-28],[7,-121],[-20,-112],[3,-32],[59,4],[50,19],[87,7],[86,-7],[35,13],[109,4],[71,19],[121,4],[102,-13],[35,-10],[54,-2],[39,-33],[233,-2],[81,28],[71,54],[170,-7],[50,-10],[16,-48]],[[14937,25584],[-67,47],[-22,-40],[-29,-3],[-11,-35],[-54,5],[-40,-7],[-40,-21],[-14,-36],[17,-44],[28,-1],[11,-31],[22,0],[44,-21],[21,-95],[-19,-48],[-51,-34],[-55,-65],[-16,-27]],[[14662,25128],[-18,0]],[[14644,25128],[-47,44],[-76,4],[-18,-43],[-42,-36],[-114,5],[-16,51],[-28,11],[-7,40],[-30,-4],[-28,-30],[-31,-1],[-51,-21],[-31,-43],[-20,-3],[2,48],[-16,15],[-37,-34],[8,-38],[-30,-34],[-4,40],[-45,15],[-20,-29],[11,-24],[-53,-36],[22,-54],[-54,-24],[-3,-29],[-52,-12],[-38,6],[-21,17],[-14,-25],[-45,20],[-20,-25],[-73,30],[-34,-10],[-55,2],[-65,-9],[-43,12],[-31,-22],[-15,10],[2,44],[-18,42],[-68,-2],[-21,18],[7,29],[-71,54],[-24,7],[-50,-28],[-63,-22],[-24,-28],[-17,11],[9,53],[-68,-15],[-40,24],[-64,24],[-7,15],[-57,-10],[-19,5],[-14,34],[-28,35],[-15,-18],[-56,13],[-41,45],[-61,22],[-48,-36],[6,-70],[-47,0],[-24,-11],[-34,24],[-7,-31],[-46,0],[13,-29],[-19,-17],[-41,23],[-12,-21],[-45,-24],[-38,12],[-32,65],[-19,-17],[-47,-4],[-15,18],[-67,-27],[-28,8],[-13,58],[6,28],[-33,13],[-59,-50],[-30,1],[-34,-21],[35,-36],[-27,-48],[-21,2],[-13,47],[-46,-26],[4,-31],[-55,-7],[-17,-45],[-27,-8],[-54,-30],[-5,26],[-27,24],[-39,-30],[-67,-21],[-29,3],[-60,-42],[-28,0],[-21,-20]],[[11362,24914],[-12,26],[-2,49],[34,1],[20,22],[5,54],[-25,145],[6,16],[305,234],[91,80],[13,20],[43,115],[45,58],[6,90],[-36,-27],[-51,-13],[-94,-6],[-95,3],[-111,-24],[-38,-3],[-139,19],[-28,-10],[-101,11],[-35,-5],[-40,-24],[-41,1],[-27,17],[-30,126],[5,30],[27,56],[10,39],[-36,4],[18,68],[-85,2],[-68,12],[-7,49],[-29,22],[-118,1],[-62,8],[-16,-17],[-68,-6],[-15,-14],[-36,5],[-48,-12],[-82,21],[-8,27],[-35,17],[-20,37],[-21,-19],[-44,-11]],[[10287,26208],[2,100],[158,-3],[1,83],[91,-3],[2,258],[84,-2],[3,98],[162,-14],[0,87],[521,-17],[143,-6],[324,-8],[165,-2],[161,-7],[161,3],[172,-2],[9,697],[1,97]],[[8468,25784],[0,47],[137,-5],[268,-8],[4,175],[251,-7],[327,-5],[362,-13]],[[9817,25968],[298,-8],[5,175],[166,-3],[1,76]],[[11362,24914],[-21,-6],[-34,-51],[-26,-17],[-32,41],[-15,-20],[-55,23],[-72,-5],[-54,20],[-31,61],[-16,-18],[-29,9],[-5,-30],[-28,-33],[-19,1],[1,53],[-30,13],[-38,-64],[-19,-10],[-26,26],[-67,44],[-85,32],[-62,6],[-56,75],[-40,-18],[-22,10],[-6,48],[-43,18],[-42,-3],[-29,52],[-64,-20],[-19,4],[-40,-17],[9,42],[-49,-1],[-6,-54],[-12,-35],[-31,44],[-16,-12],[-29,27],[-50,-8],[-25,14],[-79,-18],[-54,2],[-34,48],[12,48],[-39,20],[6,33],[-41,-12],[-67,-45],[-41,2],[-4,35],[-42,16],[-23,63],[19,62],[-44,41],[-46,10],[-6,-42],[-41,-15],[-58,-1],[-18,10],[-55,-9],[-63,42],[-26,-10],[-91,3],[-6,27],[-27,-13],[-6,-26],[-36,10],[-50,38],[-109,-23],[-56,-4],[-62,29],[-74,22],[-56,-3],[-102,-54],[-67,-6],[-71,3],[-11,-12]],[[8461,25426],[7,358]],[[13269,26796],[78,40],[48,16],[70,-2],[91,3],[41,19],[18,-4],[13,-33],[55,25]],[[13683,26860],[45,-97],[19,-58],[10,-75],[-1,-94],[18,-56],[57,-112],[22,-28],[72,-56],[77,-17],[38,12],[52,35],[41,61],[51,41],[43,11],[33,-8],[54,-56]],[[14314,26363],[17,-67],[-20,-59],[-44,-42],[-15,-42],[14,-47],[24,-42],[6,-47],[-8,-37],[-23,-41],[-88,-48],[10,-58],[33,-60],[42,-40],[65,-47],[66,-37],[52,-23],[85,-5],[99,18],[61,35],[51,41],[37,52],[4,50],[-14,81],[-9,130],[3,67],[39,58],[153,67],[88,24],[180,35],[69,-1],[80,-25],[52,7],[50,28]],[[15473,26288],[59,36],[36,11],[69,5],[96,-1],[83,-15],[144,-67]],[[15960,26257],[-36,-7],[-84,0],[-89,-12],[-25,-12],[-48,-42],[-60,-89],[-72,-49],[-29,-31],[-57,-94],[-26,-34],[-90,-41],[-42,-10],[-36,-36],[-30,-10],[2,-29],[31,-46],[-26,-25],[-1,-40],[-24,-33],[-33,-18],[-58,-14],[-50,25],[-140,-26]],[[13402,17240],[44,-21],[39,-53],[50,47],[25,7],[27,30],[63,-7],[65,17],[42,-1],[17,16],[0,49],[47,33],[33,9],[18,-46],[42,19],[-32,86],[-26,17],[12,45],[66,-7],[22,-11],[72,15],[13,18]],[[14041,17502],[-1,-20],[54,-52],[42,-16],[48,4],[-4,-51],[7,-29],[20,-7],[41,14],[17,19],[1,29],[-28,35]],[[14405,17326],[-23,-18],[0,-34],[-16,-22],[-8,-71],[-83,-84],[-14,-73],[-68,50],[-34,1]],[[14159,17075],[-42,-14],[-46,5],[-42,16],[0,38],[-23,5],[-49,-22],[-104,-13],[-63,-1],[-22,13],[-26,-33],[-31,-11],[-76,-7],[-60,-20],[-109,-58],[-15,57],[4,131],[-32,31],[-23,1],[2,47]],[[2896,26898],[19,5],[202,-4],[12,-5],[116,-78],[71,-37],[77,-8],[38,-11],[23,-20]],[[3454,26740],[28,-24],[64,-10],[128,-57],[71,0],[54,-48],[97,-74],[69,-36],[-7,-22],[-93,-27],[-67,-6],[-2,-47],[-39,-37],[-8,-22],[-48,-7],[-5,13],[-62,49],[-48,19],[-65,12],[-14,22],[-34,5],[-72,-20],[-36,7],[-22,-13],[-68,28],[-98,-7]],[[2873,26505],[41,154],[45,26],[-1,94],[-8,74],[-13,23],[-41,22]],[[2559,27554],[35,36],[3,37],[78,53],[34,53],[19,10],[19,55],[20,11],[41,1],[38,30],[22,-2],[23,38],[42,3],[92,65],[-4,55],[7,46],[22,31]],[[3050,28076],[33,-23],[108,-22],[95,11],[141,29],[183,12],[35,-6],[56,-24],[111,-23],[68,-39]],[[3880,27991],[-13,-535],[-11,-146],[8,-71],[-10,-47],[-37,-32],[-15,-41],[-23,-36],[-54,-160],[-45,-58],[-62,-29],[-20,-19],[-67,-15],[-77,-62]],[[2896,26898],[-74,86],[-34,26],[-84,37],[-26,21],[-76,92],[-41,39],[-185,150],[-40,59]],[[3387,40658],[42,-1]],[[3512,40655],[-2,-86],[-41,1],[-3,-176]],[[3466,40394],[-84,2],[5,262]],[[3622,39786],[4,247],[13,14],[-9,82]],[[3630,40129],[-1,85]],[[3629,40214],[191,-4],[-1,-44],[118,-3],[65,18]],[[4002,40181],[10,-46]],[[4012,40135],[-1,-53],[-26,-14],[-4,-169],[-6,-43]],[[3975,39856],[-153,2],[-10,-3],[-2,-129],[-135,4],[-49,-25]],[[3626,39705],[-4,81]],[[5343,5351],[126,-2]],[[5469,5349],[-5,-177]],[[5464,5172],[-70,1],[-51,-31]],[[5343,5142],[0,209]],[[5486,5171],[217,-3]],[[5703,5168],[-3,-161]],[[5700,5007],[-76,30],[-90,1],[-9,32],[-61,-18]],[[5464,5052],[-26,58],[48,61]],[[23513,22582],[130,-4]],[[23643,22578],[-9,-177],[-2,-107]],[[23632,22294],[0,-4]],[[23632,22290],[-26,16],[-32,-3],[-36,18],[-41,-26],[-27,-5]],[[23470,22290],[2,114],[-163,2],[2,81],[40,-1],[47,15],[5,82]],[[23340,22829],[-2,2]],[[23338,22831],[31,50],[4,84],[14,20],[43,115]],[[23430,23100],[23,58],[27,-36],[37,-16],[57,-57],[6,-23],[37,-29],[7,-33],[29,-37]],[[23653,22927],[-10,-349]],[[22066,21908],[66,90],[34,15]],[[22166,22013],[17,27],[1,44]],[[22184,22084],[89,-2],[43,-65],[49,58],[62,3],[30,-50],[46,-3]],[[22503,22025],[-131,-190]],[[22372,21835],[-26,-13],[-82,2],[-51,-12],[-33,35],[-45,-34],[-21,25],[-3,47],[-40,6],[-5,17]],[[22180,22172],[195,-5]],[[22375,22167],[183,-7]],[[22558,22160],[82,-2],[7,-19]],[[22647,22139],[-98,-57],[-46,-57]],[[22184,22084],[-4,88]],[[22458,22443],[29,103]],[[22487,22546],[18,-39],[35,-21],[25,10],[17,-39],[49,-30],[33,4],[99,-19],[24,17],[36,-12],[-10,-34],[-86,12],[-6,-16],[5,-83],[-4,-57],[106,1]],[[22828,22240],[-35,-24],[-146,-77]],[[22558,22160],[3,170],[-18,39],[-85,74]],[[19476,22019],[50,-37],[43,6],[101,-52],[41,-14]],[[19784,21906],[3,-35],[21,-29],[45,-19],[53,-32],[8,-47],[28,-26],[9,-33],[-16,-52],[-3,-45],[12,-21],[50,-25],[31,-33],[13,-33]],[[20071,21406],[34,-62],[17,-68]],[[20122,21276],[-128,15],[-30,15]],[[19964,21306],[-28,18],[-79,81],[-66,45],[-38,34],[-58,11],[-142,98],[-66,33],[-18,29],[-25,16],[-10,49],[32,37],[-18,100],[11,34],[-6,39],[23,89]],[[10781,11001],[-7,-192],[-7,-251],[-13,-607],[-96,3],[-6,-268],[-6,-180],[-9,-383]],[[10637,9123],[-6,-221],[-9,-172],[-4,-285],[-8,-338]],[[10610,8107],[-105,3],[-38,-6],[-28,9],[-99,1],[-33,-21],[-78,-34],[-56,3],[-53,-21],[-9,19],[-101,30],[-30,73],[-17,68],[-30,7],[-60,-34],[-37,9]],[[9836,8213],[-24,10],[-66,-14],[-53,11],[-46,38],[-16,-20],[-23,2],[0,62],[23,22],[4,154],[-159,-152]],[[9476,8326],[-20,52],[-37,43],[-14,68],[34,55],[193,202],[9,15],[4,103],[16,205],[-5,73],[4,194],[-21,41],[-198,5],[-21,21],[6,254],[-20,132],[0,73],[7,50],[24,125],[-24,51],[1,55],[64,125],[29,73],[90,125],[65,6],[12,8],[9,56],[45,45],[54,46],[85,62],[47,23],[34,51],[15,45],[45,67],[95,72],[46,59],[31,26],[139,-4],[23,9],[31,32],[104,3],[78,-10],[47,4],[23,-9],[71,1],[43,-42],[42,-15]],[[7366,11218],[7,288],[5,232]],[[7378,11738],[7,353]],[[7385,12091],[3,89]],[[7388,12180],[184,-5],[156,-8],[341,-12],[39,-50],[64,-19],[54,13],[48,-19],[25,-33],[30,-17],[18,12],[67,-32],[59,-6],[59,10],[39,-32],[7,-19],[42,-31],[41,-14],[5,-23],[32,-24],[56,1],[61,-14],[83,-10],[22,12],[78,-15],[28,20],[21,-37],[-16,-16],[19,-24],[35,6],[8,-36],[52,-15],[20,11],[52,-46],[31,-49],[39,-15],[13,-62],[73,-2],[33,39],[34,-9],[93,17],[11,14],[33,-15],[3,-39],[52,-8],[44,-19],[22,33],[43,8],[26,-13],[-6,-38],[50,15],[46,-27],[30,1],[101,-66],[53,14],[11,28],[37,10],[38,-74],[-4,-58],[15,-10],[41,17],[47,-7],[66,31],[17,-11],[37,15],[38,-16],[1,37],[32,-13],[29,26],[-27,23],[-7,29],[39,5],[25,26],[35,-23],[70,10],[38,-26],[-20,97],[33,-6],[27,9],[36,32],[2,-53],[29,-11],[34,13],[10,35],[26,-34],[-2,-40]],[[10794,11548],[-10,-535],[-3,-12]],[[9476,8326],[-22,-21]],[[9454,8305],[-91,-86]],[[9363,8219],[-56,20],[-121,57],[-49,30],[-25,36],[-32,114],[-44,74],[1,89],[-13,54],[-93,218],[-9,61],[-25,43],[-61,77],[-14,30],[-16,72],[-19,29],[-54,29],[-19,53],[-29,43],[-69,36],[-8,28],[4,93],[-42,53],[-39,88],[-53,36],[-3,57],[-16,51],[-1,146],[4,65],[-6,25],[-89,154],[-23,52],[-49,4],[-25,12],[-81,13],[-31,-2],[-58,-22],[-72,0],[-111,65],[-67,-11],[-45,-56],[-15,-7],[-81,50],[-70,3],[-76,43],[-8,17],[2,52],[14,61],[-6,50],[-23,119],[-22,56],[-11,75],[-15,48],[-34,65],[-29,89],[-23,36],[-28,23],[-18,40]],[[7362,11055],[4,163]],[[10610,8107],[-5,-193],[-7,-176]],[[10598,7738],[-27,14],[-148,10],[-109,2],[-258,8],[-56,0],[-122,32],[-22,-28],[-302,9]],[[9554,7785],[3,90],[-22,88]],[[9535,7963],[87,-1],[2,89],[98,-4],[23,10],[52,45],[20,34],[19,77]],[[4012,40135],[121,3],[35,-26],[234,-8]],[[4402,40104],[-5,-264],[42,-2],[-2,-87]],[[4437,39751],[-52,-6],[-29,8],[-164,8],[-18,20],[-28,2]],[[4146,39783],[0,21],[-61,6],[-90,-1],[-15,7],[-5,40]],[[9535,7963],[-23,89],[20,8],[1,32],[-32,126],[-20,57],[-27,30]],[[2507,9087],[26,24],[14,28],[4,66],[23,33],[23,64],[24,21],[8,42],[17,33],[15,51],[29,15],[58,70],[22,10],[20,38],[-1,47],[48,61],[15,47],[3,92],[9,41],[29,19],[-2,29],[25,21]],[[2916,9939],[4,-26],[35,-6],[60,24],[48,63],[24,16],[56,-11],[18,-23],[15,-55],[42,-7],[28,-55],[26,-5],[27,31],[39,-27]],[[3338,9858],[48,15],[28,-36],[-6,-35],[12,-16],[34,-5],[33,-28],[38,-19],[-6,-47],[16,-17],[39,11],[18,-19],[27,10],[-7,70],[15,25],[35,18],[17,53],[33,-12],[5,-126],[33,-22],[39,60],[37,13],[76,12],[61,34],[53,-7],[25,-30],[-3,-34],[-33,-47],[19,-88],[-12,-41],[-29,-24],[-4,-36],[20,-15],[47,32],[55,17],[52,-5],[13,12],[-37,33],[22,30],[27,-15],[27,-35],[20,-75],[15,-16],[35,-8],[58,22],[-27,59],[38,25],[38,-35],[-2,-45],[29,-44],[40,-18],[18,12],[28,72],[12,8],[35,-22],[49,-16],[29,16],[-9,44],[22,23],[29,-19],[106,0],[47,-28],[36,-10],[54,-1],[34,-26],[0,-19],[424,-14],[-8,-348],[330,-8],[321,-13],[119,-6]],[[6125,9054],[18,-2]],[[6143,9052],[18,-27],[-2,-76],[24,-32],[-29,-12],[-57,-3],[-46,36],[-24,-16],[23,-47],[34,2],[3,-24],[-46,-33],[-13,-48],[19,-72],[23,-42],[5,-61],[27,-19],[25,25],[-2,39],[11,70],[-17,45],[21,26],[35,-14],[22,-72],[-19,-48],[-27,-42],[14,-36],[26,-21],[3,-38],[-39,-18],[-54,25],[-20,-4],[-29,-30],[-1,-36],[13,-26],[43,-47]],[[6107,8376],[-47,-24],[-19,7],[-43,-32],[-34,-37],[-39,43],[-11,45],[-35,-1],[-78,33],[-29,83],[3,109],[-37,24],[21,17],[-41,66],[-71,45],[-29,-14],[-108,-92],[-23,-11],[-13,-26],[-44,-15],[-14,-29],[-82,18],[-27,-17],[-38,36],[-35,77],[-114,68],[-26,-11],[-37,-50],[-10,45],[18,27],[-16,51],[-29,56],[-56,1],[-80,25],[-19,-34],[4,-38],[-39,-30],[-88,-16],[-22,11],[-81,-38],[-9,-18],[-54,-35],[5,-27],[-17,-46],[3,-50],[21,-34],[18,-71],[-5,-69],[-216,7]],[[4385,8405],[-178,7],[-6,-268],[-230,7],[-453,81],[-2,-57],[40,-4],[-3,-173]],[[3553,7998],[-332,11],[-145,15],[1,79],[15,149],[-9,30],[5,30],[-185,36],[-25,8],[-522,236],[25,26],[41,-27],[59,-23],[85,3],[52,42],[11,76],[23,50],[-4,26],[28,63],[-26,39],[-37,26],[2,29],[-48,41],[-20,4],[-37,35],[-7,20],[4,65]],[[1265,9514],[4,124],[3,238],[3,26],[3,206],[4,142],[8,401],[16,704]],[[1306,11355],[40,-14],[31,19],[21,37],[39,-25],[22,-66],[36,-35],[34,-12],[43,-47],[12,40],[-26,37],[4,28],[38,-11],[27,-69],[36,-6],[36,17],[50,-6],[22,-36],[124,-30],[25,10],[-14,35],[-17,84],[-25,26],[-43,7],[5,45],[25,13],[57,1],[39,11],[32,-19],[27,-29],[59,-14],[43,-1],[31,11],[31,-5],[40,-47],[4,-40],[-60,-96],[-20,-19],[-33,3],[-36,42],[-40,-17],[29,-53],[12,-39],[27,-6],[30,23],[35,-27],[8,-28],[-2,-61],[-25,-51],[-3,-65],[-24,-36],[18,-34],[91,-17],[44,-30],[46,-7],[60,-31],[9,-25],[-35,-50],[-19,-11],[-43,17],[-18,-17],[17,-43],[37,-1],[53,12],[46,-9],[82,23],[59,29],[37,1],[40,-50],[-49,-87],[11,-45],[37,-72],[49,-4],[32,24],[31,6],[29,-36],[-12,-17],[-53,-24],[5,-40],[42,9],[19,18],[29,1],[13,-24],[31,-11],[44,14],[32,-9],[13,-50],[-13,-39],[-24,-26],[2,-111],[18,-38],[66,-22],[-9,-51],[-47,3],[-16,-21]],[[2507,9087],[-67,-26],[-47,-3],[-84,16],[-31,18],[-23,-12],[-39,1],[-34,21],[-51,-17],[-25,2],[2,154],[-324,12],[-1,-44],[-250,9],[-72,114],[-75,75],[-121,107]],[[6107,8376],[0,-51],[-24,-47],[4,-45],[-7,-25],[-31,-40],[-6,-26],[30,-90],[100,-74],[54,-14],[23,-31],[1,-57],[15,-50],[30,-26],[26,4],[27,43],[28,20],[19,44],[-23,38],[13,39],[65,2],[33,23],[21,1],[45,-26],[-16,-60],[54,-32],[52,-47],[16,-53],[-35,-64],[-47,-13],[-46,-103],[-6,-36],[21,-12],[40,7],[26,41],[3,30],[21,26],[85,32],[38,-26],[47,-114],[44,-7],[22,19],[9,41],[25,20],[43,-10],[49,-24],[37,-38],[9,-31],[-10,-60],[2,-27],[31,-35],[47,-21],[18,4],[36,49],[35,-2],[32,-20],[37,-88],[18,-24],[28,-2],[47,34]],[[7362,7342],[9,-24],[-33,-46],[-25,-14],[-48,0],[-84,50],[-53,21],[-84,23],[-17,-1],[-70,-48],[-39,-64],[-2,-35],[-33,-65],[-22,-30],[-112,-77],[-51,-47],[-19,24],[19,49],[-7,46],[-15,29],[-40,34],[-17,-2],[-96,-74],[2,-36],[40,-41],[49,-19],[39,-64],[-17,-70],[-29,-14],[-38,9],[-66,114],[-49,21],[-29,4],[-45,-14],[-39,-54],[-33,-98],[-24,-63],[-13,-108],[-24,-27],[-40,-14],[-29,1],[-44,32],[-5,29],[-1,114],[-10,41],[-40,55],[-90,3],[-65,-37],[-30,-61],[10,-31],[60,-25],[23,-32],[4,-44],[-21,-56],[-23,-100],[-44,-64],[-30,-11],[-34,10],[-56,65],[-21,45],[-2,34],[37,89],[1,38],[-15,38],[-34,36],[-62,19],[-44,-12],[-53,-56],[-57,-38],[-109,-31],[-82,-33]],[[5341,6635],[-16,-4]],[[5325,6631],[12,375],[-15,46],[-217,288]],[[5105,7340],[40,22],[32,-9],[41,5],[38,35],[48,-4],[6,104],[170,-6],[11,428],[42,9],[7,269],[-26,16],[-37,7],[-63,0],[-89,27],[-117,2],[3,124],[-55,-7],[-65,8],[-36,-13],[-68,0],[-64,30],[-81,2],[-39,-14],[-78,-93],[-8,-19],[-33,0],[-56,-37],[-25,29],[-40,-3],[-30,-51],[-48,-38]],[[4485,8163],[-81,109],[-14,46],[-5,87]],[[5105,7340],[-125,164],[-206,277],[-289,382]],[[18472,42359],[617,1],[327,4]],[[19416,42364],[-4,-269],[1,-213],[-34,-650],[-2,-120],[2,-106],[-153,5],[-15,-67],[-26,-36],[-79,-65],[-42,-18],[-74,-63],[-117,-61],[-42,-27],[-28,-36],[5,-44],[17,-31],[65,-61],[47,-28],[40,-3],[30,15],[102,26],[96,36],[59,3],[99,24]],[[19363,40575],[25,-5]],[[19388,40570],[-5,-23],[-79,-9],[-41,-53],[-50,-8],[-43,4],[-97,-18],[-38,-13],[-48,-40],[-62,14],[-59,-5],[-56,-18],[-49,-43],[-78,16],[-62,5],[-44,-6],[-24,-39],[-43,0],[-22,-16],[-21,-37],[-52,8],[-44,51],[-7,60]],[[18364,40400],[45,34],[26,30],[14,49],[25,32],[60,143],[11,130],[78,107],[40,23],[51,50],[29,36],[22,62],[95,48],[-56,12],[-30,17],[-72,74],[-51,35],[-52,26],[-66,15],[-71,-3],[-59,-17],[-53,8],[-33,13],[-37,32],[-98,135],[-17,49],[1,36],[16,57],[31,50],[55,60],[83,34],[53,49],[4,262],[22,21],[39,10],[42,36],[6,54],[-42,72],[-9,39],[6,39]],[[16396,42356],[759,-1],[424,1],[893,3]],[[18364,40400],[-63,-17],[-63,-37],[-22,-4],[-37,20],[-21,-17],[-26,-56],[-61,-28],[-38,-54]],[[18033,40207],[-14,-13],[-46,-5],[-6,-48],[-19,-28],[-36,-23],[-58,5],[-31,-14],[-8,-40],[16,-59],[13,-23],[-21,-48],[-17,17],[-31,-15],[-38,21],[-26,-2],[-61,27],[-25,-1],[-35,46],[2,41],[-40,-8],[-42,-34],[-47,35],[-53,29],[-42,0],[-28,24],[-50,0],[-15,33],[-39,3],[-50,59],[-44,14],[-6,14],[9,141],[45,75],[0,97],[-30,68],[-71,73],[-29,4],[-23,25],[-46,18],[-31,-23],[-82,-9],[-33,4],[-52,33],[-33,11],[-64,54],[-11,60],[-68,16],[-118,2],[-22,21],[-20,47],[-34,42],[-19,72],[-42,40],[-53,32],[-61,7],[-104,97],[-53,24]],[[16091,41245],[1,163],[10,356],[7,507],[23,-20],[28,-48],[12,-45],[29,-55],[23,-24],[82,-15],[38,-23],[46,-88],[1,157],[5,246]],[[1713,28178],[181,-7]],[[1894,28171],[-2,-54],[-74,3],[-21,-57],[18,-83],[45,-31],[-1,-51],[9,-13],[45,4],[17,-22]],[[1930,27867],[-78,-83],[-59,-39],[-46,-11],[-48,1]],[[1699,27735],[14,443]],[[2308,28096],[82,1],[1,60],[61,-8],[117,-27]],[[2569,28122],[42,-7],[124,-7]],[[2735,28108],[82,8],[3,69],[42,-5],[28,13],[40,-44],[120,-73]],[[2914,28494],[62,-53]],[[2976,28441],[76,-59],[49,-20],[75,-1],[63,21],[31,27],[48,62],[71,41],[55,9],[63,-10],[60,-22]],[[3567,28489],[44,-18],[-3,-15],[-58,-36],[-13,0],[-93,-48],[-36,-59],[-66,-56],[29,-21],[0,-61],[-29,-14],[-23,-29],[-22,28],[-43,-51],[-59,-14],[-33,7],[-112,-26]],[[2735,28108],[5,215],[165,-5],[2,150],[7,26]],[[1894,28171],[179,-6]],[[1692,27503],[7,232]],[[2246,27582],[-89,-29],[-60,-12],[-34,-27],[-38,-11],[-70,-36],[-24,-20],[-48,-20],[-44,7],[-95,-11],[-24,50],[-28,30]],[[13922,12957],[47,-55],[33,-64],[40,-37],[27,-7],[57,5],[49,-5],[52,11],[33,33],[58,2],[25,63],[20,21],[116,-4],[-3,47],[79,77],[6,87],[-6,58],[-11,30],[22,51],[4,81],[43,-34],[1,-48],[29,0],[19,-23],[70,1],[28,39],[0,50],[-50,84],[-11,30],[-94,90]],[[14605,13540],[-13,31],[-13,63],[4,18],[-10,67],[-22,45],[-39,28],[-6,39],[47,50],[85,16],[29,-15],[42,-6],[20,37],[-17,30]],[[14712,13943],[21,14],[22,56],[19,19],[36,-20],[539,-20],[140,-9],[445,-20],[163,-4]],[[16097,13959],[-10,-333],[-9,-189],[-4,-173],[-12,-344],[-10,-398]],[[16052,12522],[-9,-302],[-6,-177],[-4,-174],[-521,37],[-17,-26],[-24,-84],[-29,-1],[-37,-23],[-5,-24],[19,-33],[60,-8],[16,-24],[12,-63],[33,-5],[-1,41],[31,36],[41,-6],[-21,-87],[31,-65],[0,-45],[-11,-29],[29,-22],[40,12],[28,-25],[-31,-57],[-32,-42],[11,-74],[18,-18],[58,-23],[44,31],[10,49],[25,1],[31,-26],[8,-34],[-19,-19],[-35,-1],[-13,-39],[46,-47],[57,-42],[18,-60],[-36,-11],[30,-56],[66,-8],[18,-18],[36,-3],[13,-39],[-40,-19],[-45,3],[-31,-27],[-34,-9],[-28,-48],[14,-44],[52,-69],[19,-16],[1,-52],[-25,-13],[-5,-42],[13,-30],[44,-51],[-1,-26],[-31,-1],[-19,-24],[20,-24],[19,-47],[77,-18],[40,26],[48,-31],[16,-24],[3,-54],[16,-36],[35,-21],[-5,-63],[-19,-33],[-29,-6],[-60,-29],[-23,13],[-21,-10],[1,-30],[44,-72],[1,-29],[-63,-9],[-43,-81],[47,-41],[13,-33]],[[16031,9769],[-31,-45]],[[16000,9724],[-8,25],[-88,43],[-28,34],[-20,10],[-9,37],[-50,36],[-41,-34],[-26,-51],[-22,18],[17,41],[-18,35],[-33,-38],[-14,-52],[8,-28],[-57,-11],[-10,-60],[7,-23],[-17,-32],[4,-25],[-25,-9],[-22,17],[-18,-31],[-40,-17],[-20,21],[-22,-51],[-36,2],[-48,-26],[-13,-21],[-38,-9],[-13,-23],[-24,14],[-43,-21],[-20,12],[-26,-49],[-25,-20],[-28,8],[-25,-72],[-61,3],[-18,16],[-75,-6],[-31,-41],[-25,4],[-67,-34],[-26,4],[-44,-35],[-39,36],[-24,-29],[-40,18],[-23,39],[9,31],[-17,15],[-30,-31],[-34,-2],[-54,37],[-7,28],[-50,21],[6,34],[-56,-3],[-23,28]],[[14380,9507],[-24,3],[-6,27],[-32,39],[6,214],[9,37],[3,84],[47,20],[28,25],[33,84],[-21,45],[-41,45],[-6,35],[5,91],[-74,24],[-33,20],[-56,63],[-28,82],[-21,31],[-54,47],[-50,13],[-81,40],[-33,32],[-29,59],[-58,72],[0,48],[-48,67],[16,13],[78,-3],[76,6],[25,28],[44,-39],[63,-4],[49,-20],[21,19],[87,21],[43,4],[70,36],[49,-29],[35,18],[38,4],[59,19],[107,78],[27,64],[-20,39],[-43,31],[-14,38],[-55,70],[-71,39],[-18,-2],[-34,22],[-23,57],[22,73],[-23,25],[-22,65],[-41,35],[-48,-4],[-48,6],[-23,31],[-52,28],[-37,-17],[-25,33],[-59,57],[-69,44],[-6,18],[-41,3],[-9,37],[17,25],[-70,41],[-26,-4],[-43,85],[-29,-3],[-28,46],[-78,26],[-21,-4],[-6,37],[-38,50],[-29,18],[-23,28],[-56,12],[-52,46]],[[13462,12200],[224,280],[31,48],[205,429]],[[12213,10834],[262,251],[115,109],[89,76],[129,134],[69,81],[77,62],[31,30],[382,505],[95,118]],[[14380,9507],[-45,-48],[-14,20],[-51,-18],[12,-25],[-3,-34],[-28,-16],[-22,-27],[-29,20],[-29,-17],[-39,10],[-64,-3]],[[14068,9369],[-30,19],[-42,5],[10,38],[-86,82],[-44,20],[-33,26],[11,63],[-41,78],[-19,64],[-36,22],[-23,51],[-68,-42],[12,-32],[-45,0],[-46,10],[-9,39],[-39,-63],[-45,-30],[-48,15],[-32,-10],[-10,-28],[-30,-46],[-29,30],[-27,11],[9,37],[-36,43],[12,33],[-32,8],[-11,31],[-68,14],[-2,35],[-44,-2],[-39,31],[-27,-19],[-30,15],[1,28],[-44,47],[-33,8],[-50,-43],[-10,34],[-33,6],[-6,-30],[-25,8],[-20,31],[-38,-7],[-67,15],[-87,-18]],[[12639,9996],[-17,39],[-48,11],[-5,23],[50,15],[-6,19],[-53,20],[-33,-21],[-68,-15],[31,53],[-48,5],[-47,38],[-48,-1],[-39,75],[-18,17],[-24,60],[15,37],[-33,70],[-33,42],[-12,56],[9,54],[-32,49],[29,5],[10,30],[22,0],[25,21],[-2,61],[-27,64],[-24,11]],[[3553,7998],[242,-10],[-1,-35],[-64,-32],[-224,-121],[-30,-26],[9,-35],[78,-14],[30,-26],[33,-46],[21,-44],[2,-27],[22,-45],[-13,-29],[14,-56],[-33,-68],[47,-47],[29,-70],[-4,-62],[72,-45],[32,-1],[31,-26],[-3,-38],[40,-6],[89,35],[32,-6]],[[4004,7118],[-55,-75],[-22,-41],[-59,-24],[-29,1],[-62,40],[-36,-7],[-18,-29],[16,-52],[36,-27],[47,11],[27,27],[24,6],[45,-24],[37,-67],[3,-38],[18,-38],[-12,-73],[-38,-29],[-40,13],[-16,29],[-16,88],[-13,12],[-36,-4],[-46,-43],[-41,-70],[-55,-46],[-48,-15],[-72,1],[-55,28],[-42,9],[-39,29],[-6,21],[4,58],[21,42],[51,77],[52,37],[13,42],[3,72],[-34,36],[-40,0],[-40,-18],[-53,-35],[-51,-57],[-33,-46],[-68,-142],[-7,-34],[-25,-41],[-44,-20],[-89,4],[-18,11],[-10,58],[13,57],[75,66],[13,47],[-19,50],[-48,15],[-38,-15],[-63,-64],[-26,-47],[-49,-144],[4,-55],[-27,-48],[-38,-18],[-57,-16],[-54,18],[-64,40],[-15,42],[-5,65],[-38,57],[-44,9],[-23,-8],[-61,-57],[-5,-21],[40,-80],[11,-32],[-10,-30],[-35,-54],[-41,-21],[-45,20],[-81,14],[-22,-13],[-85,-8],[-48,13],[-23,19],[-24,45],[-54,45],[-27,32],[-7,55],[52,63],[51,-15],[37,7],[45,24],[23,29],[11,60],[-8,46],[-39,53],[-28,-16],[-114,-132],[-53,-33],[-54,-1],[-27,9],[-119,203],[-26,51],[-106,51],[-21,-33],[-80,-5],[-29,11],[-23,34],[-31,66],[-24,-18],[-62,11],[-33,52],[28,45],[63,35],[77,63],[13,29],[-1,53],[-70,23],[-7,52],[-16,26],[20,13],[108,28],[19,48],[-4,39],[-18,19],[-60,26],[-26,1],[-35,-35],[-20,-58],[-80,2],[-47,16],[-72,-14],[4,313],[21,881],[4,221],[9,418]],[[5325,6631],[-45,-1],[-19,19],[-80,-38],[-42,9],[-70,46],[-11,17],[4,41],[56,25],[53,-21],[55,28],[-4,67],[-21,16],[-79,8],[-18,31],[-16,71],[1,58],[-18,24],[-26,-21],[27,-58],[5,-33],[-13,-34],[-71,35],[-59,5],[-85,-18],[-50,-37],[-105,-49],[-72,1],[1,-63],[-19,-100],[-33,-33],[-44,15],[-22,85],[-8,116],[-6,25],[-25,2],[-55,-64],[-33,-5],[-38,31],[-3,48],[81,77],[5,37],[-37,11],[-69,-76],[-24,-2],[-49,45],[-7,19],[10,84],[-14,14],[-124,25],[-43,15],[-37,26],[-25,-36]],[[5037,31321],[-1,-147],[495,-16],[-5,-213],[-47,-29],[-67,-26],[8,-67],[-14,-27],[-32,2],[-9,-30],[5,-45],[-9,-87],[32,-17],[10,-53],[39,-67],[18,-75],[3,-54],[11,-21],[-40,-74],[-40,-29],[-21,4],[-47,-33],[-38,-50],[33,-55],[56,-27],[2,-22],[-23,-34],[-26,2],[-42,-29],[-52,-20],[-23,-31],[-2,-29],[60,-3],[75,-54],[29,-38],[-35,-21],[-47,-58],[-42,-40],[-43,-31]],[[5208,29677],[-97,-62],[-60,-24]],[[5051,29591],[-86,-27],[-26,1],[-81,30],[-99,43],[-76,23],[-40,4],[-66,-10],[-71,8],[-85,-11],[-77,-47],[-45,-37],[-39,-55],[-16,-40]],[[4244,29473],[-56,46],[-24,12],[-101,9],[-54,-5],[-23,17]],[[41452,26117],[57,-28]],[[41509,26089],[122,-63],[-13,-55],[-82,-2]],[[41536,25969],[-84,1]],[[19388,40570],[24,-25],[14,-44],[-25,-123],[-33,-63],[-27,-7],[-45,16],[-69,63],[-52,12],[-60,-20],[-23,-26],[-59,-101],[-13,-74],[-19,-44],[-15,-61],[8,-32],[42,-14],[67,40],[106,56],[41,-1],[56,-25],[125,-99],[26,-31],[11,-56],[-9,-88],[-39,-80],[-41,-41],[-94,-118],[-12,-41],[14,-34],[44,-7],[48,19],[57,49],[55,10],[57,-19],[79,-41],[67,-68],[50,-26],[74,-1],[78,15],[28,-3]],[[19924,39437],[29,-14],[19,-61],[-36,-71],[-26,-40],[-6,-67],[5,-108]],[[19909,39076],[-49,-29],[-22,-1],[-14,32],[25,58],[-37,19],[-51,8],[-48,-27],[-13,-30],[-6,-55],[-24,-18],[-49,8],[-28,57],[42,35],[-18,29],[-62,14],[-35,-10],[-11,-53],[-34,-18],[-48,47],[-33,-3],[-38,24],[-2,42],[-33,21],[-16,29],[-46,15],[-28,-13],[0,-31],[17,-47],[31,-40],[-5,-37],[-67,-44],[-38,37],[-35,75],[-47,60],[-15,60],[-37,24],[-25,-45],[59,-91],[-1,-41],[-35,-20],[-59,-15],[-32,24],[4,36],[49,60],[-3,31],[-44,46],[-45,-18],[-3,-97],[-36,-14],[-31,18],[1,26],[32,35],[-18,21],[-20,67],[-32,26],[-41,7],[-4,-77],[-11,-35],[-104,43],[-20,-14],[-2,-39],[-20,-49],[-35,-22],[-27,16],[-30,-18],[-62,26],[-9,-33],[-20,-19],[-26,29],[-73,-8],[-11,-34]],[[18301,39136],[-38,106],[-34,58],[10,60],[-12,43],[-28,31],[12,53],[36,28],[3,117],[21,3],[13,89],[-41,-20],[1,42],[-17,21],[19,103],[21,42],[-8,69],[-82,76],[-9,63],[-50,-14],[-35,0],[-3,77],[-47,24]],[[18301,39136],[-33,-46],[-49,-1],[-36,-11],[-26,-22],[-9,-38],[7,-34],[-86,-27],[-20,36],[-48,41],[-45,1],[-37,-18],[-17,-28],[-18,-56],[-35,-34],[-45,25],[-15,27],[12,31],[31,23],[-99,53],[-16,25],[32,55],[0,59],[-9,47],[-28,40],[-40,-8],[17,-32],[4,-41],[-37,-42],[-54,5],[-37,-11],[1,-77],[-42,-37],[-35,2],[-46,40],[10,54],[68,44],[4,38],[-87,-6],[-37,27],[-13,32],[16,22],[3,33],[-33,20],[-90,-27],[20,-101],[-38,-44],[-32,-1],[-7,60],[-14,27],[-36,10],[-28,-15],[-22,-31],[-12,-39],[4,-27],[-43,-36],[-86,18],[1,45],[-47,73],[-51,14],[-21,-13],[-1,-96],[8,-61],[-18,-33],[-38,-16],[-30,11],[-14,46],[37,38],[5,26],[-47,15],[-48,-26],[-2,-68],[-16,-32],[-77,23],[-29,32],[-7,47],[8,22],[31,-6],[29,20],[7,30],[-107,23],[-6,28],[20,33],[-37,21],[-75,-6],[-28,41],[24,92],[-12,23],[-34,-13],[-9,-51],[-87,14],[-22,-5],[-34,-46],[-43,-76],[-14,56],[-35,34],[-37,-42],[-63,12]],[[16071,39370],[-3,119],[-2,345],[0,348],[11,178],[6,173],[3,181],[5,531]],[[38255,29550],[483,-8],[438,-9],[254,-8],[159,-2],[332,-8],[337,-4]],[[40258,29511],[121,0],[239,-6],[227,-3]],[[40845,29502],[-135,-299],[-24,-40],[-39,-36],[-276,-185],[-25,-25],[-19,-64],[-3,-259],[18,-78],[461,-1131]],[[40803,27385],[-574,8],[-5,-8],[-7,-158],[-78,0],[-5,-333]],[[39231,27484],[-39,18],[-49,8],[-78,1],[2,196],[-4,43],[-66,12],[-95,-7],[2,111],[-41,32],[1,50],[-195,3],[8,58],[25,93],[20,57],[59,131],[-37,12],[-147,4],[-19,19],[1,135],[8,46],[1,188],[-3,27],[-44,29],[-292,4]],[[38249,28754],[1,265],[3,179],[2,352]],[[41123,26720],[32,-41],[131,-98],[709,-529]],[[41995,26052],[-42,5],[-163,38],[-36,3],[-199,-14],[-46,5]],[[41290,26198],[-82,41]],[[41208,26239],[-21,120]],[[41187,26359],[-56,319]],[[41131,26678],[-8,42]],[[41400,25972],[-2,-137]],[[41398,25835],[-95,-29]],[[41303,25806],[-13,32],[1,134]],[[12453,27984],[103,-139],[101,-146],[51,-64],[42,-45],[64,-52],[44,-22]],[[12858,27516],[85,-18],[66,-4],[118,5],[69,-15],[80,-58],[62,-58],[88,-114],[24,-40],[114,-131],[43,-61],[41,-87]],[[13648,26935],[35,-75]],[[12447,27567],[6,417]],[[20589,21437],[-76,3]],[[20513,21440],[-83,3],[-15,11],[-10,40],[-21,25],[-17,58],[3,33],[-31,29]],[[20339,21639],[10,11],[82,1],[7,21],[37,7],[3,68]],[[31460,32343],[19,63],[22,3],[15,56],[25,2],[31,24],[31,48],[39,-8],[30,15],[28,32],[34,-2],[72,52],[17,46],[50,23],[93,7],[30,40],[53,45],[63,18],[9,55],[1,137],[152,-4],[22,-4],[137,-1],[314,-8],[360,-15],[180,-4]],[[33285,32785],[-2,-278],[-8,-270],[-3,-616],[-4,-282]],[[33268,31339],[-165,-1],[-166,10],[-140,5],[-22,24],[-39,-56],[-45,-13],[-42,0],[-33,-36],[-109,-20],[-27,-15],[-18,9],[2,40],[20,42],[23,-4],[19,86],[-22,-11],[-13,25],[46,12],[5,56],[-22,29],[6,23],[-81,12],[-120,1],[-3,24],[-162,-13],[-166,-3],[-165,2],[-270,-2]],[[31559,31565],[54,69],[-6,20],[30,35],[-23,44],[13,16],[6,77],[-12,7],[-17,50],[-35,19],[-53,54],[-24,13],[-6,26],[19,78],[-15,40],[-28,33],[9,62],[-22,53],[23,35],[-12,47]],[[30762,30667],[39,-19],[46,79],[41,-17],[17,19],[10,39],[37,3],[26,27],[62,-23],[-12,-40],[29,-22],[85,135],[26,47],[2,142]],[[31170,31037],[317,-2],[0,39],[-47,147],[-17,100],[-20,40],[-23,18],[23,24],[47,8],[12,30],[47,19],[24,37],[26,68]],[[33268,31339],[1,-182],[-3,-162],[1,-234],[-1,-649],[1,-390],[-2,-156]],[[33265,29566],[-4,-434],[0,-245],[0,-396]],[[33261,28491],[-694,15],[-101,4],[-488,14],[-70,-1]],[[31908,28523],[-133,-2],[-211,3],[-191,6],[-82,1],[-3,359],[-5,341],[-5,173],[0,196],[-902,-9]],[[30376,29591],[-44,87],[0,52],[23,3],[96,-90],[40,-28],[27,-2],[47,33],[17,36],[7,37],[-14,64],[-19,9],[-58,-9],[-42,11],[-41,23],[-65,74],[-58,51],[-105,64],[-22,32],[-11,37],[5,71],[29,61],[37,52],[43,16],[38,-134],[14,-28],[34,-25],[44,2],[37,27],[86,98],[41,72],[-3,37],[-60,62],[-12,31],[-7,52],[-8,157],[29,67],[26,29],[44,7],[116,-76],[27,-5],[48,19]],[[15270,18194],[66,7],[79,25],[56,-14],[35,28],[74,28],[66,11],[39,29],[37,53],[74,48],[28,40],[40,29],[77,71],[92,52],[107,69],[35,8],[46,-10],[26,18],[64,16],[16,12],[23,47],[85,43],[127,12],[265,-2],[38,-8],[108,-50]],[[16973,18756],[-12,-579]],[[16961,18177],[-648,14],[-157,10],[-328,7],[-4,-175],[11,-343],[8,-182],[-118,2]],[[15725,17510],[-201,5],[9,-368],[-3,-91]],[[15530,17056],[-33,1],[-42,26],[-33,37],[-52,33],[-22,49],[4,33],[-19,46],[-13,0]],[[15320,17281],[7,52],[-8,21],[4,73],[11,45],[-6,91],[8,20],[-26,31],[-20,1],[-74,66],[-3,17],[-34,35],[-12,54]],[[15167,17787],[-3,34],[19,40],[-7,32],[20,56],[44,1],[29,24],[74,100],[-37,61],[-1,25],[-35,34]],[[14549,17442],[66,-8],[78,1],[33,-17],[34,28],[73,-13],[62,11],[51,-15],[65,-27],[46,2],[61,41],[26,-11],[26,-35],[19,-42],[45,-31],[46,-52],[40,7]],[[15530,17056],[-9,-266],[-326,10],[-163,-2],[-325,7],[-183,5]],[[14524,16810],[-143,4],[-412,6]],[[13969,16820],[42,44],[53,12],[61,52],[66,49],[-4,39],[-28,59]],[[11262,17469],[26,-3],[127,42],[45,2],[80,23],[79,32],[72,36],[47,42],[122,46],[62,-11],[46,46],[43,3],[71,33],[15,-66],[-18,-35],[-1,-49],[23,-48],[35,-24],[68,-24],[31,5],[50,28],[25,23],[46,18],[49,2],[42,24],[71,25],[15,24],[50,5],[27,-24],[18,32],[38,8],[24,25],[31,3],[11,-17],[36,10],[30,45],[13,35],[48,-11],[4,-51],[58,-33],[91,-3],[16,-45],[27,-13],[13,-29],[-1,-98],[-16,1],[-34,-39],[39,-4],[59,-19],[59,2],[68,31]],[[13242,17474],[-1,-17],[167,0],[-3,-199],[-3,-18]],[[13969,16820],[-94,1],[-441,13],[-201,1],[-164,10],[-356,15],[-302,10],[-178,2],[-161,4],[-161,1],[-400,7],[-257,6]],[[11254,16890],[3,177],[5,402]],[[11262,17469],[2,306],[4,174],[0,186],[7,291]],[[11275,18426],[33,2],[32,-18],[46,7],[100,-111],[62,13],[46,25],[62,20],[80,18],[81,11],[41,-9],[115,32],[44,-9],[30,4],[37,-11],[50,-44],[123,-20],[105,-9],[64,-47],[65,-18],[63,-29],[86,-4],[52,32],[39,11],[88,1],[110,-7],[172,-6],[42,2],[98,-10],[27,-19],[42,-13],[37,7]],[[13347,18227],[-6,-92],[14,-42],[28,-25],[48,18],[30,-11],[7,-56],[18,-63],[91,-67],[34,-19]],[[13611,17870],[-29,-21],[-5,-29],[-50,-30],[-42,-36],[-45,-19],[-33,-26],[-30,3],[-44,-24],[-25,5],[-30,-35],[20,-14],[-8,-44],[-47,-29],[-1,-97]],[[14488,19737],[13,-26],[78,-80],[36,-31],[85,-118],[45,-13],[28,-38],[24,-51],[72,-59],[60,-32],[83,-25],[31,-17],[41,39],[23,-6],[38,-34],[79,-48],[85,-14],[34,-17]],[[15343,19167],[-33,-3],[-49,-39],[-22,-32],[-29,-14],[-12,-29],[-31,-29],[-22,-74],[-64,-58]],[[15081,18889],[-7,3],[-61,-52],[-72,-39],[-29,-39],[-89,-98]],[[14823,18664],[-34,19],[-32,35],[-15,89],[7,31],[-23,9],[-92,0],[-9,-173],[-84,3],[-2,-38],[-40,0],[-4,-66],[-20,0],[-23,-41]],[[14452,18532],[-18,51],[6,30],[-37,9],[-21,29],[-32,-14],[-57,-57],[-38,-21],[-32,-3],[-40,-36],[-18,-4],[-10,-51],[-20,3],[-17,-24],[-34,-24],[-15,-34],[-51,-27]],[[14018,18359],[-43,32],[-27,32],[-105,1],[-12,4]],[[13831,18428],[-41,58],[-73,7],[-99,49],[-21,38],[19,89],[-8,36],[-66,107],[-5,21],[9,52],[-15,75],[24,35],[6,27],[35,44],[37,-3],[42,33],[16,52],[27,34],[28,-5],[32,13],[-5,23],[67,37],[-8,84],[8,23],[-8,37],[17,77],[45,14],[17,53],[23,-20],[30,35],[-27,35],[-14,63]],[[13831,18428],[-57,8],[-40,-21],[-19,5],[-63,-45],[-4,-127]],[[13648,18248],[-220,4],[-81,-25]],[[13347,18227],[-13,53],[-3,85],[-21,87],[-33,86],[-14,49],[-1,73],[12,41],[52,36],[13,49],[-33,94],[-4,52],[-24,34],[-45,35],[-52,98],[-62,55],[-91,-3],[-25,41],[4,68],[22,19],[88,10],[16,35],[4,50],[-28,45],[-24,5],[-116,-26]],[[14018,18359],[-5,-53],[-35,-33],[-27,-90],[-42,-95]],[[13909,18088],[-12,52],[-71,78],[-80,13],[-29,16],[-69,1]],[[11275,18426],[12,757],[1,187]],[[5700,5007],[83,-77],[0,-56],[-53,-47],[-56,-34],[-94,21],[-38,-26]],[[5542,4788],[-76,69],[-5,15],[3,180]],[[5464,5172],[22,-1]],[[5542,4788],[-13,-15],[-34,-2],[-21,-37],[19,-86],[-151,2]],[[5342,4650],[1,492]],[[27181,23180],[29,33],[26,-5],[36,65],[2,37],[28,32],[27,54],[-8,11],[15,64],[31,2],[16,20],[81,2],[73,-13],[59,23],[41,-6],[40,-32],[46,-11],[29,-35],[2,-28],[48,-60],[43,-20],[0,-24],[18,-46],[15,-11],[-19,-91],[-21,-15],[23,-61],[-4,-26],[66,-33],[19,4],[9,-57],[26,-24],[37,-8],[27,23],[65,-51],[42,-16],[34,-57],[25,-8],[4,-44],[56,-31],[46,6],[55,-46],[57,-24],[17,11],[44,-10],[47,-58],[5,-30],[30,0],[40,-49],[42,11],[29,20],[53,14],[31,-18],[22,7],[52,-54],[26,7],[30,-32],[25,3],[28,30],[-3,82],[-17,29],[41,9],[29,-11],[33,24],[53,-28],[19,2],[32,-30],[-22,-29],[-53,-24],[-3,-65],[75,-16],[69,42],[34,39],[15,-22],[-7,-44],[23,-32],[-11,-25],[2,-64],[34,-28],[47,-15],[32,-30],[13,-38]],[[29381,22251],[-189,-59],[-40,-20],[-62,-45],[-69,-38],[5,-81],[-14,-460],[-96,3],[-244,-28],[-129,5],[-28,-28],[-11,-381],[-12,-189],[0,-47],[-11,-174],[-23,-111],[2,-52],[14,-73],[-12,-404],[14,-116],[-13,-487],[-15,-493],[1,-25]],[[28449,18948],[-345,11],[-14,-708],[3,-353],[-3,-1]],[[28090,17897],[-187,-11],[-306,8],[-167,17],[-105,3]],[[27325,17914],[15,19],[-30,33],[8,50],[-40,25],[29,16],[-8,30],[45,90],[-21,48],[31,71],[43,20],[6,44],[21,40],[16,-2],[67,80],[46,28],[51,42],[6,21],[44,55],[40,20],[36,53],[5,66],[-8,38],[15,85],[-30,54],[-68,34],[-46,4],[-27,-37],[-62,77],[1,49],[-37,7]],[[27473,19074],[-23,24],[5,47],[19,30],[15,99],[1,47],[29,47],[37,3],[14,35],[27,27],[11,27],[-5,33],[55,45],[35,101],[0,30],[-28,104],[-31,42],[-31,22],[-27,34],[-45,-6],[-48,31],[-31,48],[4,41],[-36,23],[-8,32],[-46,10],[-30,36],[20,20],[-53,10],[-60,26],[-20,56],[-38,8],[-37,-18],[-32,31],[10,679],[8,380],[20,703],[4,267],[3,6],[13,538],[7,388]],[[29381,22251],[231,73],[87,10],[380,-7],[78,8],[123,29]],[[30280,22364],[4,-32],[-21,-38],[-47,-9],[-44,9],[-17,-22],[-31,-85],[1,-38]],[[30125,22149],[9,-29],[50,-48],[-1,-171],[-5,-175],[-11,-528],[-12,-346],[0,-354],[-9,-352],[-419,14],[-252,5],[-5,-176],[8,0],[-12,-532],[168,-2],[163,-5],[-3,-179],[331,-11],[-7,-357]],[[30118,18903],[-335,9]],[[29783,18912],[-489,13]],[[29294,18925],[-50,2]],[[29244,18927],[-336,5],[-141,7],[-318,9]],[[26170,24568],[1,119],[39,24],[43,-9],[8,-19],[44,6],[63,32],[30,46],[64,0],[47,35],[46,-25],[43,5],[75,-15],[36,0],[34,43]],[[26743,24810],[22,-6],[63,28],[13,27],[58,9],[24,39],[20,-6],[51,16],[56,36],[21,-28],[41,34],[14,-11],[37,4],[40,-24],[44,-8],[-22,-33],[36,-51],[30,11],[23,-39],[37,2],[23,19],[10,27],[60,-8],[21,6],[36,-22]],[[27501,24832],[58,-33],[25,-43],[18,0],[40,-40],[-16,-30],[30,-85],[18,-72],[21,-13],[39,2],[50,-20],[34,20],[17,-27],[88,-35],[49,-10],[48,68],[103,15],[48,-7],[19,-21],[6,291],[5,514],[746,-15],[358,-11]],[[29305,25280],[-26,-33],[1,-35],[63,-19],[26,-23],[48,-90],[64,-49],[-17,-27],[-90,-37],[-58,5],[-54,38],[-42,3],[-25,-24],[-17,-71],[28,-39],[50,-7],[45,-33],[41,-12],[42,11],[102,49],[45,56],[21,-20],[-9,-49],[-19,-45],[221,-3],[164,3],[252,-1],[87,-2],[0,-10]],[[30248,24816],[-9,-533],[-18,1],[-1,-155],[-10,-647],[-7,-345]],[[30203,23137],[2,-143],[-38,-23],[-36,9],[-39,58],[-24,4],[-27,-26],[-3,-47],[27,-38],[68,16],[35,-7],[30,-52],[15,-55],[67,-88],[100,-68],[41,27],[10,-8],[-4,-58],[-32,-33],[-45,-18],[-32,5],[-26,24],[-42,-8],[-11,-23],[38,-63],[-5,-37],[-19,-30],[21,-32],[6,-59]],[[27181,23180],[0,41],[-182,4],[-329,10],[-511,9],[4,344],[1,472],[3,157],[3,351]],[[3626,39705],[-34,-104],[340,-11],[2,45],[122,-4],[2,-45],[83,-2]],[[4141,39584],[-6,-349]],[[4135,39235],[-215,6],[-34,30],[-47,-10],[-16,29],[-1,42],[-248,5],[-39,-34],[-12,-32],[4,-29],[-31,-16],[-28,15],[-62,-34],[-19,30]],[[3387,39237],[-28,15],[55,37],[-13,28],[2,108],[42,6],[6,215],[21,6],[2,83],[21,26],[38,1],[9,29],[50,-14],[30,9]],[[564,37899],[19,25],[44,7],[27,-24],[23,-51],[26,10],[71,55],[19,57],[50,53],[26,47],[40,1],[45,25],[6,40],[-7,77],[42,26],[-38,44],[4,225]],[[961,38516],[166,-4]],[[1127,38512],[106,0],[138,26],[72,-13],[201,-103],[113,-34],[44,49],[22,-4],[68,23],[21,-23],[32,2],[53,50],[21,31],[-12,14],[7,49],[123,62],[6,9],[82,22],[38,-1],[26,30],[43,-30],[56,32],[66,-36],[26,4],[37,-34],[75,25],[21,61],[25,-1]],[[2637,38722],[-8,-332],[-7,-227]],[[2622,38163],[-4,-122],[-498,9],[-12,-525],[-44,1]],[[2064,37526],[-570,11],[-219,8],[-664,13]],[[611,37558],[-47,341]],[[328,39694],[47,-21],[346,-10],[35,4],[132,-9],[36,-42],[53,-42],[18,-6],[299,-6]],[[1294,39562],[-55,-87],[-6,-29],[-2,-116],[-16,-80],[11,-56],[-1,-70],[-72,1],[-12,-15],[-3,-160]],[[1138,38950],[-331,9],[-5,-88],[-83,3],[-1,-45]],[[718,38829],[-122,2],[-2,35],[-67,17],[-16,-6],[-78,0]],[[433,38877],[-42,328],[-18,147],[-45,342]],[[3387,40658],[-208,6]],[[3179,40664],[2,123],[73,-33],[94,7],[-1,47]],[[3991,40383],[-3,-158],[14,-44]],[[3629,40214],[-83,1],[3,177],[-83,2]],[[4141,39584],[5,199]],[[4437,39751],[99,-4]],[[4536,39747],[-61,-174],[-7,-431],[-3,-96]],[[4465,39046],[-311,12]],[[4154,39058],[-90,2],[2,11],[59,71],[-11,26],[20,27],[1,40]],[[34278,37033],[-257,11],[-38,5],[-22,24],[-29,-27],[-247,13]],[[33685,37059],[1,100],[81,79],[20,6],[119,102],[31,70],[31,38],[27,16],[34,54],[18,52],[142,-6],[3,-178],[97,-5],[5,-6],[124,1],[9,-58],[-9,-18],[-37,-24],[-84,-98],[-6,-107],[-13,-44]],[[33683,37046],[2,13]],[[34278,37033],[-102,-144],[-15,-78],[-34,-39]],[[34127,36772],[-76,-90],[-19,-47],[1,-38],[-33,-64],[-42,2],[-30,-24],[-4,-266],[-330,15],[-14,-22],[-89,5],[145,271],[3,11],[-129,5],[3,264],[85,2],[0,87],[84,-3],[1,166]],[[22998,18031],[561,-11],[331,-10],[163,-3]],[[24053,18007],[346,-7],[348,-5],[313,-7]],[[25060,17988],[-92,-94],[27,1],[23,-45],[39,1],[-2,-218],[-57,-12],[-25,12],[-2,-131],[41,-1],[0,-44],[41,-12],[-1,-168],[-80,-1],[-2,-84],[-84,1],[0,-89],[80,-2],[2,46],[80,-2],[1,37],[195,0],[-1,88],[84,-4],[1,-69],[-45,-15],[2,-45],[31,-4],[239,-10],[14,13],[6,385],[-240,15],[-130,-2],[5,41],[54,39],[1,30],[-15,19],[2,314]],[[25252,17978],[90,-2],[705,-33],[168,-2],[200,-6],[122,0],[537,-11]],[[27074,17924],[-7,-290],[-15,-947],[-14,-533],[-7,-351],[-8,-353],[-9,-543],[232,-5],[244,-15],[329,-17],[164,-5],[25,14],[53,-1],[-1,-32],[59,-2],[5,-24],[-19,-21],[-4,-44],[-23,-55],[22,-55],[51,5],[9,37],[28,-15],[43,6],[-11,39],[42,27],[7,35],[41,-6],[39,7],[28,21],[17,-16],[20,21],[47,0],[52,-37],[63,22],[32,4],[35,-19],[28,-51],[29,-8],[19,-50],[5,-54],[-27,-90]],[[28697,14523],[42,-53],[24,-80],[-23,-24],[5,-23],[-18,-49],[39,-22],[-5,-33],[33,-13],[11,-38],[41,-39],[-33,-30],[-6,-34],[-19,-29],[20,-39],[33,-41],[11,-101],[-18,-54],[14,-24],[65,8],[8,35],[41,41],[37,12],[31,-15],[-8,-62],[-1,-93],[-9,-68],[28,-36],[22,-7],[51,29],[15,24],[34,-2],[21,39],[19,11],[48,-4],[71,8],[108,-22],[9,-68],[29,9],[46,-44],[-46,-45],[34,-59],[-4,-35],[18,-7],[26,-100],[-21,-17],[21,-79],[4,-55],[-22,-23],[-6,-35],[65,19],[26,-8],[-36,-59],[-45,-35],[-35,-5]],[[29492,13049],[-77,60],[-82,-1],[-27,-28],[-1,-37],[31,-53],[16,-42],[-3,-55],[-16,-34],[-44,-40],[-88,-20],[-41,-15],[-51,9],[-39,45],[-2,57],[14,49],[-11,31],[-63,-19],[-33,-1],[-65,19],[-54,45],[-31,43],[-110,177],[-42,45],[-51,32],[-66,24],[-48,11],[-64,3],[-54,-13],[-57,-41],[-75,-97],[-56,-55],[-76,-37],[-55,-1],[-51,19],[-27,22],[-25,42],[-14,49],[5,59],[36,109],[4,49],[30,42],[39,21],[79,8],[33,20],[36,39],[-6,36],[-28,38],[-36,26],[-75,-6],[-152,-59],[-68,3],[-32,12],[-95,62],[-46,9],[-80,38],[-37,32],[-52,92],[-266,218],[-76,58],[-57,39],[-77,19],[-55,2],[-110,-11],[0,-19]],[[26868,14178],[-104,-19],[-157,-51],[-49,-23],[-44,1],[-32,21],[-40,70],[-15,47],[-37,165],[-22,57],[-38,57],[-48,31],[-119,44],[-52,13],[-59,4],[-78,32],[-94,52],[-99,76],[-134,70],[-95,32],[-199,31],[-22,16],[-34,48],[-71,126],[-68,153],[-19,117],[1,89],[-5,69],[-24,64],[-34,53],[-35,32],[-94,60],[-41,-9],[-35,-28],[-26,-52],[-105,-151],[-52,-40],[-67,-25],[-88,4],[-60,30],[-39,9],[-17,-16],[-26,86],[-33,60]],[[24359,15583],[-56,82],[-67,74],[-62,25]],[[24174,15764],[-72,26],[-90,50],[-79,72],[-93,117],[-58,100],[-49,116],[-30,104],[-8,112],[21,212],[-2,55],[-25,87],[-28,43],[-99,91],[-92,60],[-52,27],[-138,119],[-68,80],[-18,51],[-1,32],[16,66],[99,112],[29,52],[12,36],[2,65],[-10,80],[-37,71],[-40,37],[-93,64],[-55,27],[-96,74],[-22,29]],[[4465,39046],[-3,-176]],[[4253,38878],[-125,5]],[[4128,38883],[1,47],[33,100],[-8,28]],[[23766,14868],[0,43]],[[23766,14911],[72,-31],[91,-6]],[[23929,14874],[2,-296],[-1,-9]],[[23930,14569],[-77,-6],[-39,8],[-86,1]],[[23728,14572],[2,124],[27,0],[2,128],[7,44]],[[23888,14342],[36,14],[30,-28],[14,-40]],[[23968,14288],[20,-25],[38,9],[47,-30],[35,-55]],[[24108,14187],[66,30],[44,-27],[33,35],[23,-13]],[[24274,14212],[-2,-155],[6,-43],[51,-101],[48,-70],[45,-50],[7,-79],[-10,-67],[-25,-77],[-3,-138],[18,-94],[-29,-171],[-5,-82],[17,-61],[31,-58],[13,-48],[5,-70]],[[24441,12848],[-327,-2],[-331,-5],[-292,0],[-384,4]],[[23107,12845],[377,756],[36,74],[165,278],[99,173],[69,153],[35,63]],[[22740,16274],[286,-7],[-32,43],[41,31],[0,-53],[39,-65],[467,-522],[40,-55],[145,-271]],[[23726,15375],[-30,7],[-53,-3],[-29,-25],[-41,8],[-1,-42],[-42,-22],[57,-74],[-48,-44],[-14,-26],[-159,87]],[[23366,15241],[-17,71],[-97,179],[-51,119],[-14,19],[-187,207],[-13,19],[-57,124],[-24,37],[-123,144],[-31,57],[-12,57]],[[24477,14808],[63,-1]],[[24540,14807],[37,-41],[49,-5],[31,-38],[-4,-125],[-25,-40],[-45,77],[-36,21],[-95,-2]],[[24452,14654],[-21,-1]],[[24431,14653],[-1,155],[47,0]],[[23766,14914],[5,350],[13,0]],[[23784,15264],[181,-342],[-33,19],[-3,-67]],[[23766,14911],[0,3]],[[25060,17988],[192,-10]],[[23726,15375],[11,-22]],[[23737,15353],[47,-89]],[[23766,14914],[-77,29],[-269,124],[-30,31],[-9,29],[-15,114]],[[1371,14378],[646,3]],[[2017,14381],[11,-44],[-13,-38],[-28,-25],[-7,-31],[20,-54],[39,-46],[-5,-20],[-35,-8],[-52,35],[-19,-7],[-9,-31],[54,-36],[25,-55],[-1,-52],[-13,-50],[25,-63],[30,-26],[39,-55],[24,-86],[-3,-73],[-20,-52],[8,-30],[71,-29],[-4,-55],[-22,-33],[-10,-41],[11,-21],[57,-45],[12,-36],[2,-98],[73,-110],[-1,-55],[-17,-92],[-25,-28],[-19,1],[-10,-38],[34,-12],[95,0],[21,-21],[35,-6],[1,-60]],[[2391,12755],[-150,-2],[-45,-28],[-26,17],[-20,-24],[-47,6],[7,-57],[-63,3],[-52,-11],[2,36],[-19,15],[-59,-18],[-15,-41],[30,-28],[375,-87],[42,-2],[0,-88],[140,2],[-4,-38],[-19,-45],[109,68],[26,-56],[-35,-71]],[[2568,12306],[-21,-44],[-4,-30],[25,-43],[27,-20],[38,-74],[27,-20],[18,-32],[2,-33],[32,-40],[3,-33],[47,9],[103,-7],[44,1],[8,17],[39,5],[34,-14],[39,-2],[45,11],[78,-23],[116,-119],[21,-17],[81,-8],[10,-52],[94,10]],[[3474,11748],[0,-49],[18,-78],[23,-31],[-6,-30],[-31,0],[-22,-38],[-103,4],[-7,-7],[0,-76],[-14,-18],[11,-41],[-15,-473],[43,-6],[-6,-63],[1,-60],[39,-29],[-2,-65],[-25,-11],[22,-42],[4,-32],[-68,-60],[12,-31],[-9,-98],[50,-8],[38,25],[0,32],[29,-2],[-8,-62],[7,-21],[-22,-24],[28,-27],[-30,-24],[-37,-3],[-42,-26],[-31,-42],[-27,-24],[-42,-1],[25,-33],[23,-12],[36,-41],[27,-44],[70,-86],[-8,-76],[-87,-57]],[[1306,11355],[7,372],[27,1216],[10,377],[12,708],[9,350]],[[3474,11748],[65,16],[35,-1],[79,-22],[50,-51],[24,-10],[44,8],[104,-2],[-30,31],[23,35],[12,40],[33,43],[35,8],[6,48],[-5,51],[31,30],[59,-25],[48,-1],[-31,84],[17,57],[-9,49],[23,1],[33,50],[26,14],[74,-19],[53,9],[14,34],[23,6],[-8,64],[21,45],[43,13],[55,-6],[49,-44],[44,-11],[25,5],[29,-28],[21,-5],[52,-44],[63,10],[50,-31],[19,-43],[23,1],[39,-30],[49,-3],[34,19],[68,-15],[19,-22],[49,24],[14,-8]],[[5068,12122],[55,-81],[-16,-32],[25,-11],[-13,-33],[10,-23],[-2,-61],[13,-28],[-31,-28],[22,-16],[9,-63],[46,-49],[-7,-39],[25,-26],[-31,-20]],[[5173,11612],[-17,-36],[-29,-6],[-3,-81],[12,-17],[-12,-29],[16,-35],[-49,-52],[38,-97],[-33,-40],[-6,-29],[20,-42],[30,-103],[18,-1],[21,-45],[4,-45],[26,21],[34,-105],[-16,-10],[8,-59],[39,-61],[-6,-59],[22,-38],[62,-19],[13,-26],[76,-11],[55,-34],[36,-13],[29,-49],[18,-11],[-9,-46],[-27,-30],[4,-55],[45,-37],[-26,-56],[52,-22],[44,-2],[19,-38],[-2,-51],[23,-4],[13,-84],[34,-9],[7,-31],[68,-43],[-5,-19],[32,-71],[31,-6],[61,-49],[29,-54],[23,-12],[14,-35],[6,-69],[60,-72],[-25,-30],[8,-41],[21,-40],[33,-3],[-8,-42],[-19,-34],[37,-24],[-11,-17],[-32,18],[-1,-35],[-47,-6],[0,-94],[15,-11],[3,-48],[28,0],[21,-35],[-3,-18],[26,-22],[4,-49]],[[2391,12755],[122,0],[8,43],[176,2],[16,-23],[-5,-80],[27,16],[65,-5],[-16,-41],[11,-52],[-20,-43],[30,-57],[-9,-23],[-41,-24],[-32,18],[-9,-34],[-24,-9],[-20,-36],[-38,1],[-2,-33],[-29,-33],[-9,-42],[-24,6]],[[2017,14381],[325,2],[494,8],[396,10],[245,5]],[[3477,14406],[324,-2],[184,2],[463,-5],[382,-12],[77,-50],[1,-35],[-10,-49],[-45,-8],[-15,-29],[23,-25],[-11,-31],[5,-36],[-35,-24],[0,-24],[27,-26],[-25,-25],[-27,6],[-1,-37],[22,-13],[78,-14],[10,-23],[-16,-61],[-55,-58],[3,-23],[33,-2],[24,-24],[-22,-34],[-53,23],[-32,-20],[-2,-33],[21,-12],[85,-21],[59,-54],[28,-7],[18,-25],[-40,-40],[-22,-44],[-57,-72],[10,-46],[47,-58],[51,-23],[-3,-28],[-19,-20],[-3,-44],[-17,-62],[-33,-52],[-3,-54],[-46,-1],[-2,-32],[121,-86],[55,16],[26,-54],[-6,-48],[-42,-6],[-40,-18],[-7,-39],[-29,-25],[-1,-37],[41,-56],[-26,-55],[-12,-62],[-1,-55],[32,-33],[-22,-45],[33,-49],[-14,-22],[17,-38],[37,-43],[15,-40],[50,-23],[7,-25],[-49,-28],[25,-26]],[[36267,34242],[102,-1]],[[36369,34241],[-4,-87],[28,0]],[[36393,34154],[10,-84],[35,-48],[-6,-39]],[[36432,33983],[-143,3]],[[36289,33986],[-57,18]],[[36232,34004],[-35,24],[-195,194]],[[36002,34222],[5,12],[77,8],[183,0]],[[21289,32851],[145,-5],[493,-12],[169,-5]],[[22096,32829],[-3,-170],[-15,-709],[-4,-356]],[[22074,31594],[-172,8],[-53,35],[-104,7],[-81,-90],[-31,-16],[-44,-46],[0,-33],[-28,-25],[-29,-45],[-28,68],[-50,-28],[-53,-7],[-12,-62],[-100,3],[-26,-9],[-82,-68]],[[21181,31286],[-31,-15],[-58,9],[-16,26],[0,100],[-36,84],[-1,60],[6,38],[-46,6],[-32,25],[-48,11],[-31,-29],[-25,18],[-29,2],[-12,51],[-29,27],[-33,71],[-18,6]],[[20742,31776],[17,23],[102,17],[18,16],[11,65],[48,-7],[23,-17],[68,25],[40,36],[26,11],[35,-10],[50,49],[81,32],[34,37],[35,-12],[23,18],[8,44],[-32,33],[-16,38],[49,24],[33,4],[33,22],[49,57],[40,67],[15,77],[-9,61],[-84,37],[-36,32],[-55,-21],[-35,16],[27,45],[68,4],[47,39],[14,24],[-38,84],[-87,-4],[-14,9],[-41,100]],[[24269,14430],[164,2],[-2,221]],[[24452,14654],[62,-57],[14,-67],[-7,-63],[24,-59],[11,-6],[24,-64],[52,-59],[43,-10],[37,-75],[-77,-17],[-60,-28],[-18,-21],[-10,-40],[25,-54],[46,-23],[13,-19],[-8,-47],[-49,-22],[-29,6],[-28,44],[-5,116],[-22,19],[-73,6],[-15,13],[-14,45],[-15,17],[-99,23]],[[24274,14212],[-5,218]],[[22356,14865],[64,-2],[56,-46],[111,4],[70,34],[257,-6],[29,13],[79,72],[101,-5],[38,-9],[83,-8],[61,-31],[75,-21],[147,-30],[53,-3],[64,22],[40,-1],[50,20],[32,0]],[[23728,14572],[-1,-73],[33,-6],[4,-32],[39,-22]],[[23803,14439],[-56,-47],[-50,-14],[-97,-9],[-50,-11],[-65,-34],[-155,-63],[-149,-1],[-15,-16],[-187,-63],[-119,-65],[-57,-22],[-65,-55],[-42,-19],[-70,-64],[-44,-7],[-94,3],[-49,-10],[-96,-50],[-37,-11],[-24,11],[-44,1],[-64,-13]],[[22174,13880],[1,472],[-1,236],[-3,174],[2,110],[183,-7]],[[14145,38753],[158,-3],[50,17],[5,248],[39,5],[4,197],[-18,47],[33,18]],[[14597,39271],[10,-36],[56,-16],[20,24],[2,52],[-33,39],[4,28],[37,16],[25,24],[27,-24],[59,9],[50,-21],[37,-52],[28,-10],[13,-50],[36,-34],[161,51],[27,-49],[-10,-55],[12,-29],[43,15],[10,105],[23,10],[32,-58],[18,-11],[39,62],[3,27],[75,45],[36,-52],[41,48],[12,35],[2,61],[41,26],[37,-22],[43,-12],[19,-62],[20,-23],[33,-1],[-10,-35],[11,-31],[-8,-22],[-57,-18],[12,-58],[105,-28],[59,47],[66,1],[19,-29],[55,0],[61,13],[13,22],[-26,20],[-51,56],[-28,13],[3,82],[47,37],[33,16],[52,-37],[30,-10]],[[16071,39370],[-2,-420],[-4,-534],[-6,-176],[0,-182],[-5,-353]],[[16054,37705],[-333,9],[-168,3]],[[15553,37717],[0,4],[-335,7],[-620,2],[-203,6],[-162,30],[-168,2]],[[14065,37768],[-11,176],[2,182],[-26,32],[-7,29],[0,86],[-10,22],[2,139],[9,51],[13,13],[21,58],[44,23],[1,81],[13,9],[3,81],[26,3]],[[14736,14457],[59,14],[52,39],[87,14],[72,43],[43,74],[-2,23],[25,23],[34,6],[32,-19],[46,-1],[23,-11],[25,54],[-3,41],[34,31],[55,11],[20,-21],[53,5],[0,67],[27,88],[6,114],[48,-19],[41,16],[24,-23],[22,9],[42,69],[49,45],[36,54],[20,60],[3,82],[-20,60],[40,105],[68,76],[2,132],[28,88],[24,9],[34,-16],[37,8],[16,45],[-6,28],[12,90],[25,69],[-16,105],[34,68],[35,15],[50,-20],[40,-26],[22,11],[8,53],[-8,39],[7,36],[26,28],[66,2],[42,35],[38,56],[34,26],[9,42],[20,28],[12,74],[45,28],[39,-5],[42,44],[20,65]],[[16534,16743],[28,-19],[-22,-29],[-10,-91],[28,-166],[35,-58],[53,-41]],[[16646,16339],[-60,-94],[12,-21],[-23,-159],[377,-8]],[[16952,16057],[44,-19],[26,-24],[34,-70],[36,-56],[44,-142],[55,13],[38,-16],[20,126],[23,3],[0,44],[-14,38],[19,89],[3,75],[21,29],[51,-41],[15,-31],[39,4],[87,-11],[29,-12],[35,36],[59,5],[23,28],[-11,19],[-4,69],[7,21],[-5,44],[5,51],[-8,38],[8,32]],[[17631,16399],[111,-39],[70,-36],[214,-64],[73,-43]],[[18099,16217],[-6,-179],[-4,-351],[-5,-179],[-9,-534],[-25,1],[-4,-214],[-6,-188],[-7,-331],[0,-189],[-5,-167]],[[18028,13886],[-320,10],[-177,3],[-305,3],[-171,5],[-165,1],[-159,5],[-155,22],[-306,17],[-173,7]],[[14712,13943],[-34,12],[-28,42],[11,53],[-23,43],[-7,90],[9,84],[20,22],[4,34],[23,43],[15,73],[34,18]],[[16646,16339],[86,130],[29,29]],[[16761,16498],[51,-77],[48,-91],[13,-60],[21,-28],[18,-108],[40,-77]],[[15725,17510],[51,-26],[53,-14],[19,-19],[23,-56],[20,-74],[41,-57],[29,-15],[80,-7],[44,7],[106,49],[124,-3],[32,-36],[-7,-23],[-38,-25],[-22,-26],[11,-41],[59,-5],[22,-9],[39,-52],[25,-100],[31,-87],[62,-93]],[[16529,16798],[5,-55]],[[14736,14457],[30,48],[33,18],[-18,65],[12,25],[-67,70],[5,36],[27,18],[-12,20],[-56,-5],[-18,21],[9,36],[38,32],[11,49],[-16,50],[-43,8],[-72,-20],[-45,-1],[-35,27],[-71,-25],[-24,10],[-48,-14],[-44,9]],[[14332,14934],[8,26],[-11,49],[10,64],[-11,52],[14,119],[26,28],[30,16],[61,91],[-1,39],[-13,48],[-22,45],[-37,34],[-8,86],[8,32],[42,73],[8,43],[20,21],[14,52],[39,85],[5,110],[47,10],[36,21],[23,37],[25,13],[6,34],[20,25],[42,79],[-9,79],[41,122],[0,48],[-40,23],[-84,17],[-38,38],[-82,36],[-10,45],[19,23],[18,50],[-4,63]],[[16761,16498],[27,19],[59,16],[223,18]],[[17070,16551],[90,4],[73,-9],[21,-18],[-29,-50],[49,-16],[99,14],[56,-7],[89,-44],[56,-4],[57,-22]],[[16529,16798],[193,146]],[[16722,16944],[78,0],[0,-90],[109,-4],[-10,-34],[-22,-17],[-15,-79],[163,-4],[26,-78],[-6,-52],[25,-35]],[[24023,23952],[38,28],[65,19],[35,22],[145,137]],[[24306,24158],[55,-5],[10,32],[106,29],[23,42],[30,-9],[-7,41],[48,-11],[3,-12],[-32,-48],[-4,-44],[-22,-36]],[[24516,24137],[-37,-19],[-32,-1],[-56,-65],[6,-84],[-14,-103],[18,-65]],[[24401,23800],[-144,2],[-4,42],[-23,5],[-37,33]],[[24193,23882],[-40,18],[-57,6],[-47,36],[-26,10]],[[24516,24137],[13,-47],[40,-58],[60,4],[124,-1],[174,22],[48,-1],[43,-27],[59,-7],[28,-11],[133,-1],[58,-18],[164,-13],[48,-13]],[[25508,23966],[-4,-537]],[[25504,23429],[-366,7],[-308,2],[-425,6]],[[24405,23444],[13,38],[2,139]],[[24420,23621],[56,0],[12,45],[-1,59],[17,31],[0,43],[-103,1]],[[24983,19056],[45,-1],[0,70],[-38,69],[-1,128],[38,29],[58,15],[87,-24],[74,9],[37,57],[24,21],[59,1],[15,29],[-20,30],[-30,5],[-62,-5],[7,73],[137,-8],[186,-3],[7,264],[-1,42],[37,-5],[2,47],[30,1],[32,19],[41,1],[39,-60],[5,-30],[102,-143],[4,269]],[[25897,19956],[17,-27],[63,-16],[6,-15],[45,3],[73,75],[29,-3],[25,15],[37,-44],[6,-47],[19,-22],[27,-5],[53,17],[36,-29],[66,-27],[45,-35],[27,3],[51,22],[29,-31],[101,-57],[-9,-75],[20,-2],[-1,-34],[25,-2],[-7,-37],[24,-8],[33,-35],[25,-13],[12,-59],[-32,-70],[19,-28],[21,-59],[30,-6],[46,-26],[20,-29],[29,6],[72,-79],[4,-43],[40,-40],[48,30],[16,-19],[31,-3],[20,-27],[19,7],[54,-24],[-4,-29],[52,1],[67,38],[34,-33],[24,23],[37,-42],[47,5],[5,53]],[[27325,17914],[-251,10]],[[25060,17988],[4,365],[0,79],[5,547],[-17,26],[-54,30],[-15,21]],[[24058,18904],[82,49],[38,36],[32,84],[112,-2],[80,-23],[52,19],[248,-3],[281,-8]],[[24053,18007],[1,230],[5,340],[-3,38],[2,289]],[[23676,24336],[0,2]],[[23676,24338],[23,-15],[34,24],[65,19],[70,-23],[27,-19],[43,-7],[44,20],[19,-24],[28,11],[44,-10],[11,-22],[41,-7],[20,-25],[82,-12],[36,-41],[8,-31],[35,-18]],[[24023,23952],[-156,60],[-41,-5],[-84,-35],[-76,16]],[[23666,23988],[11,271],[-1,77]],[[23643,22578],[233,-3],[47,-28],[-5,-25],[-29,-16],[49,-45],[55,-24],[98,25],[15,37],[25,12],[21,-29],[35,29],[71,-50],[18,21],[22,-13],[24,15],[20,-39],[50,29],[28,45],[18,-1],[31,-40],[45,7],[12,-44],[-5,-222],[-7,-98],[-25,-47],[-18,-61],[-2,-138],[-16,-16],[-45,1],[-21,-20],[-1,-50],[263,14]],[[24649,21804],[-9,-16],[21,-69]],[[24661,21719],[-30,11],[-34,-25],[-42,-8],[-27,18],[-53,-104],[-22,-3],[-18,-25],[1,-44],[-50,-43],[-31,-51],[2,-16],[-43,-32],[-16,2],[-42,46],[-9,60],[45,49],[-26,55],[-53,0],[-40,12],[-38,1],[-45,52],[14,41],[-8,35],[-23,30],[-42,20],[2,22],[-40,35],[-20,-16],[-66,25],[-29,30],[-23,43],[9,27],[-21,97],[-29,53],[6,13],[-18,48],[-57,71],[-27,-13],[-41,22],[-31,38],[-14,-1]],[[23653,22927],[1,31]],[[23654,22958],[116,198]],[[23770,23156],[213,-115],[-3,-141],[142,170],[14,26],[3,177],[188,-5]],[[24327,23268],[93,-1],[8,-32],[33,-59],[5,-56],[54,-42],[39,-94],[34,-46],[-8,-52],[-32,-73],[30,-46],[12,-107],[18,-10],[119,1],[23,41],[-4,33],[51,20],[43,30],[-4,37],[26,38],[36,-2],[34,23],[-2,45],[29,18],[0,19],[64,-1],[1,-18],[45,-24],[4,-50],[-9,-12],[42,-33],[34,51],[44,16],[7,-19],[71,41],[-3,55],[15,24],[40,30],[57,-33],[13,-34],[-31,-60],[35,-56],[34,-15],[46,14],[27,-25]],[[25500,22804],[89,9],[32,-7],[23,38],[72,-27],[1,-30],[56,-43],[-6,-15],[42,-23],[16,13],[-8,33],[9,32],[27,17],[28,-24],[17,-51],[32,-4],[40,13],[21,-14]],[[25991,22721],[-1,-141],[-9,-388],[164,-1],[-8,-433]],[[26137,21758],[-159,7],[-102,1],[-73,8],[-187,45],[-65,8],[-346,-11],[-453,0],[-103,-12]],[[25757,20248],[14,1],[2,175],[5,163],[5,370],[169,-6],[166,8],[2,180],[10,382],[25,46],[-6,30],[10,91],[-22,38],[0,32]],[[25991,22721],[37,-25],[65,-64],[15,-47],[44,-18],[70,32],[-6,52],[14,10],[14,43],[43,-3],[71,-55],[17,3],[38,36],[34,-12],[50,22],[48,-66],[43,15],[32,1],[60,54],[-27,61],[-26,24],[5,37],[-12,35],[4,27],[105,72],[-5,18],[30,37],[52,-13],[40,3],[20,22],[24,-3],[21,18],[-6,32],[41,12],[34,-8],[44,23],[83,5],[8,28],[66,51]],[[25897,19956],[-30,14],[-15,35],[12,39],[-34,11],[-4,46],[-20,22],[-29,2],[-9,88],[-11,35]],[[4401,37997],[83,-3],[7,353],[83,-2]],[[4574,38345],[57,-1]],[[4631,38344],[11,-138],[-5,-91],[13,-51]],[[4650,38064],[-1,-21]],[[4649,38043],[-12,8],[-87,-76],[-81,-11],[-11,-18],[-68,-17]],[[4390,37929],[11,68]],[[35935,34384],[282,29]],[[36217,34413],[55,1],[-5,-172]],[[36002,34222],[-36,58],[-31,104]],[[24273,14865],[67,-6]],[[24340,14859],[98,-22],[39,-29]],[[24431,14653],[-163,-3]],[[24268,14650],[-1,85],[6,12],[0,118]],[[24051,14642],[88,158],[15,11],[-5,41]],[[24149,14852],[68,12],[56,1]],[[24268,14650],[-50,6],[-114,-5]],[[24104,14651],[-53,-9]],[[23929,14874],[66,-16],[112,-1],[42,-5]],[[24051,14642],[-34,-1],[-28,-14],[-59,-58]],[[24051,14642],[-115,-212],[95,1],[-41,-69],[-22,-74]],[[23888,14342],[-23,56],[-24,31],[-38,10]],[[24104,14651],[1,-140]],[[24105,14511],[-1,-86],[4,-238]],[[24268,14650],[1,-138]],[[24269,14512],[-164,-1]],[[24269,14430],[0,82]],[[14911,42360],[349,-3],[633,-1],[503,0]],[[14424,39717],[-3,65],[-52,53],[-9,57],[21,37],[-1,48],[47,8],[-4,40],[-23,40],[-20,58],[-25,47],[19,57],[-4,27],[51,11],[20,-16],[36,14],[1,28],[-21,63],[6,38],[19,39],[-12,31],[2,57],[-12,22],[-38,26],[-43,55],[-70,37],[-50,53],[-8,58],[-19,28],[0,60],[-18,19],[10,23],[42,44],[20,48],[4,33],[-67,29],[-5,25],[7,66],[-41,3],[-8,13],[16,83],[-28,45],[1,16],[53,-1],[8,45],[-47,80],[8,42],[22,16],[15,34],[38,-21],[32,7],[-8,44],[-21,17],[-57,13],[16,27],[23,6],[66,-22],[37,14],[-33,47],[-25,51],[24,55],[58,29],[-3,32],[-21,45],[11,17],[39,-22],[14,-69],[43,8],[12,57],[-12,53],[-24,40],[-3,25],[47,-2],[39,-99],[23,-9],[19,23],[-8,111],[10,19],[-28,63],[5,22],[28,20],[58,-1],[27,29],[24,7],[16,-37],[-3,-35],[32,-8],[17,58],[25,43],[150,182]],[[12248,38303],[6,191],[-2,353],[2,176],[6,182],[12,680]],[[12272,39885],[65,9],[41,-33],[22,-3],[78,12],[170,4],[132,21],[38,-59],[45,-8],[29,42],[44,-18],[70,4],[105,17],[30,-1],[34,-19],[45,1],[38,12],[42,-1],[41,26],[13,-54],[13,-15],[69,-35],[63,-40],[167,-139]],[[13652,39159],[-3,-136],[-11,-40],[56,-14],[30,12],[272,-4],[10,-66],[70,-1],[9,-23],[61,-1],[-1,-133]],[[14065,37768],[-175,1],[-155,-24],[-332,12],[-998,26],[-163,10]],[[12242,37793],[-2,174],[8,336]],[[12313,42363],[294,-1],[690,-5],[464,-1],[336,3],[152,-1],[178,2],[484,0]],[[12272,39885],[8,384],[5,298],[2,1117],[2,178],[-2,297],[-49,-2],[1,29],[51,44],[-3,53],[-24,24],[0,39],[25,-10],[25,27]],[[25500,22804],[6,417],[-4,46],[2,162]],[[25508,23966],[2,536]],[[25510,24502],[34,5],[8,-20],[47,8],[47,16],[58,-18],[27,39],[61,-8],[23,32],[44,10],[35,-26],[36,35],[128,9],[30,-14],[82,-2]],[[24327,23268],[-5,42],[-34,67],[-27,28],[-8,42],[152,-3]],[[24711,24612],[-127,-220],[-62,-62],[-148,-111],[-68,-61]],[[23676,24338],[0,71],[-14,46],[4,38],[17,34],[-4,58],[-55,88],[-46,14],[-20,24],[-6,40],[83,3],[192,-15],[265,1],[102,7],[81,15],[126,9],[38,-7],[7,-28],[24,-24],[41,-21],[8,-48],[57,0],[86,-10],[49,-21]],[[23218,24877],[3,126]],[[23221,25003],[13,8],[57,-1],[20,-18],[45,2],[7,30],[85,-50],[21,13],[37,-6],[13,26],[50,27],[36,32],[31,40],[22,-14],[37,6],[36,-12],[17,13],[37,-11],[1,-36],[83,-43],[67,20],[2,19],[72,35],[29,-17],[37,14],[25,-22],[32,14],[83,49],[17,-34],[-1,-22],[24,-44],[54,-58],[31,-6],[33,-46],[57,20]],[[24431,24931],[45,-6],[42,-31],[-19,-22],[77,-34],[35,-41],[29,23],[19,-13],[45,5],[38,-14],[0,-36],[49,-17]],[[24791,24745],[-80,-133]],[[23676,24336],[-472,8]],[[23204,24344],[6,177],[8,356]],[[4622,37597],[7,73],[9,35],[3,67]],[[4641,37772],[-18,37],[0,26],[24,59],[2,149]],[[4650,38064],[61,5],[43,-9],[35,27],[71,11]],[[4860,38098],[-2,-112],[42,-1],[0,-43],[13,-37],[33,-8],[116,-4],[15,-16],[38,20],[30,-2],[58,27],[10,45],[45,-7],[27,-40],[8,-73],[27,-37],[28,14],[7,71],[74,22],[14,-21],[9,-45],[-25,-52],[-6,-33],[8,-75],[90,-1],[43,-6],[68,-32],[24,-23],[-18,-26]],[[5636,37603],[-49,8],[-71,-65],[-43,-14],[-218,5],[-46,26],[-25,0],[-35,20],[-76,2],[-88,-28],[-162,-73],[-98,-69],[-65,-28],[-45,-9]],[[4615,37378],[1,130],[-4,47],[10,42]],[[4868,38449],[-2,-113]],[[4866,38336],[-168,6]],[[4698,38342],[4,110],[166,-3]],[[4283,37256],[80,-3]],[[4363,37253],[23,-7],[27,26],[21,-4],[3,-44],[-34,-16],[-2,-66],[12,-6],[-4,-47],[-51,-12],[-53,1]],[[4305,37078],[-12,33],[-1,56],[-15,1]],[[4277,37168],[6,88]],[[4633,40248],[94,-11],[34,-21],[48,13],[18,-32],[47,-15],[129,-4],[12,-5]],[[5015,40173],[7,-50],[40,-55],[45,3],[20,-35],[-2,-57],[-8,-27],[-33,-10],[-18,-27],[-36,-20],[39,-37],[11,-51],[-10,-20],[-69,-35],[-46,-1],[-26,-12]],[[4929,39739],[-55,12],[-22,-9],[-82,-13],[-85,-36]],[[4685,39693],[1,82],[8,4],[20,105],[7,72],[72,-5],[2,54],[19,0],[1,90],[-163,0],[2,88],[-33,1],[12,64]],[[38395,37045],[29,-16],[54,0],[1,60],[10,45],[181,1]],[[38833,36957],[-3,0]],[[38830,36957],[-437,0]],[[38393,36957],[2,88]],[[4631,38344],[67,-2]],[[4866,38336],[-6,-238]],[[3740,37443],[44,3],[161,-3],[6,-27]],[[3951,37416],[-47,-80],[-27,-67]],[[3877,37269],[-155,5]],[[3722,37274],[2,84],[21,54],[-5,31]],[[3639,37276],[83,-2]],[[3722,37274],[-3,-127],[-23,-30],[-2,-127],[8,-89]],[[3702,36901],[-89,-28],[-42,-33],[-52,-4]],[[3519,36836],[-12,8],[1,79],[42,6],[1,85],[43,67],[3,108],[41,1],[1,86]],[[4179,37259],[6,33],[47,103],[15,81]],[[4247,37476],[77,-3]],[[4324,37473],[-32,-153],[-9,-64]],[[4277,37168],[-86,2]],[[4191,37170],[-12,89]],[[20867,20810],[129,-5]],[[20996,20805],[85,-45],[68,-49],[22,-38]],[[21171,20673],[-25,-11],[-44,-38],[-63,-67],[-43,-18],[-18,-22]],[[20978,20517],[-76,57],[-35,-5],[-50,27],[-37,4],[13,50],[24,30],[47,6],[3,124]],[[21714,21216],[24,48],[-15,13],[9,36],[8,78],[83,-3]],[[21823,21388],[76,-2]],[[21899,21386],[-4,-137]],[[21895,21249],[-4,-93]],[[21891,21156],[-118,30],[-59,30]],[[20190,21255],[41,-16],[33,12],[42,-28],[29,-5],[20,12]],[[20550,21155],[-2,-68]],[[20548,21087],[-205,8]],[[20343,21095],[-53,41],[-54,74],[-29,10],[-17,35]],[[14606,29633],[64,-15],[92,-1],[64,33],[105,-1],[36,12],[304,-7],[-1,-177],[149,-6],[25,3],[341,-4],[33,-15],[101,27],[49,-13],[75,-1],[45,-26],[4,-18],[59,-2],[55,-36],[47,-11],[39,6],[87,-11],[41,10]],[[16420,29380],[-9,-621],[-9,-525],[-2,-353],[-4,-358]],[[16396,27523],[-87,93],[4,34],[-17,26],[-44,-21],[-34,3],[-106,-107],[-55,0],[-46,24],[-142,3],[-8,16],[1,79]],[[15862,27673],[-6,48],[-131,92],[-47,56],[-60,20],[-65,62],[-109,40],[-45,-28],[-35,26],[-32,-18],[-48,10],[-22,16],[-78,18],[-94,38],[-45,40],[-22,-4],[-27,24],[-40,20],[-15,-15],[-35,5],[-18,17],[-51,-3],[-37,10],[-45,-2]],[[14755,28145],[0,49],[-74,62],[-17,4],[-62,52],[99,94],[47,8],[11,40],[0,74],[-26,8],[-43,32],[2,43]],[[14692,28611],[-11,143],[6,19],[-73,3],[-34,10],[-35,46],[-79,13],[-29,24],[3,139],[14,55],[-18,22],[-36,14],[-56,1],[-26,19],[0,48],[-18,22],[-64,1],[-31,41],[38,30],[27,-2],[52,-24],[48,-2],[49,26],[76,53],[8,35],[-3,55],[-37,49],[3,27],[57,46],[39,47],[14,50],[30,12]],[[15620,27273],[1,61],[12,51],[7,79],[-6,57],[69,28],[42,46],[69,26],[48,52]],[[16396,27523],[-6,-520]],[[16390,27003],[-4,-700]],[[16386,26303],[-46,7],[-87,-5],[-72,-17],[-78,-26],[-82,-11],[-61,6]],[[15473,26288],[27,25],[31,59],[12,58],[-1,53],[-61,23],[-26,-9],[-21,-35],[-29,-7],[-9,23],[38,51],[-41,42],[-82,3],[-20,11],[-13,36],[-33,31],[-28,11],[-93,2],[39,71],[-79,78],[-40,1],[-30,31],[-8,34],[36,46],[0,36],[20,20],[12,53],[-10,17],[8,58],[-6,23],[13,40],[33,-3],[308,-6],[47,4],[69,36],[84,69]],[[13696,28079],[80,-19]],[[13776,28060],[-1,-23],[-24,-92],[9,-107],[47,-26],[12,-35],[-16,-22]],[[13803,27755],[-4,-14],[-3,-154]],[[13796,27587],[-1,-50]],[[13795,27537],[-41,14],[-38,1],[-2,23]],[[13714,27575],[4,21],[-175,69],[-37,26]],[[13506,27691],[-20,39],[-31,108],[-2,41],[-18,41],[-126,139],[-185,56]],[[13124,28115],[-2,40],[21,35],[53,18],[102,-18],[53,0],[20,12],[23,39],[39,-44],[56,-8],[49,-31],[26,-58],[40,6],[92,-27]],[[13506,27691],[-57,-29],[17,-120],[11,-29],[0,-40],[25,-48],[30,-20],[97,-38],[38,-10]],[[13667,27357],[36,-9],[29,-25],[37,-49],[32,32]],[[13801,27306],[-33,-74]],[[13768,27232],[-16,-53],[-30,-175],[-14,-28],[-60,-41]],[[12858,27516],[69,130],[79,112],[86,93],[28,24],[1,113],[-3,124],[6,3]],[[12970,30491],[4,252],[1,189],[-6,1],[6,169],[7,357],[331,-8],[166,-7],[5,347],[5,191],[10,168],[7,707],[4,176]],[[13510,33033],[168,-14],[323,-3],[310,-6],[685,-17],[112,0],[383,-12]],[[15491,32981],[818,-15],[498,-12]],[[16807,32954],[-7,-349],[-3,-175],[-7,-241]],[[16790,32189],[-1,-287],[-6,-380],[-1,-318],[-9,-353],[-333,7],[-9,-694],[-7,-355]],[[16424,29809],[-4,-429]],[[14606,29633],[0,52],[-80,-50],[-28,-35],[-37,6],[-20,-11],[-33,40],[-47,-17],[-26,13],[-44,-18],[-33,24],[-14,29],[-67,18],[-49,-10],[-26,-24],[-22,0],[-39,-25],[-51,0],[0,-56],[11,-17],[38,-21],[2,-36],[-13,-29],[-65,-6],[-16,-36],[30,-18],[10,-62],[-28,-6],[-40,-31],[-25,-2],[-55,-29],[-7,83],[-29,0],[-17,-28],[-192,4]],[[13594,29335],[-71,2],[-23,14],[-3,55],[-15,16],[-108,11],[-65,41],[-32,57],[7,98],[7,22],[-5,71],[-48,32],[-33,57],[0,109],[-31,46],[-5,46],[-57,18],[-52,-19],[-77,-1],[-1,41],[-20,2]],[[12962,30053],[8,438]],[[13594,29335],[36,-13],[22,-26],[26,-75],[-48,-91],[-2,-36],[-50,-22],[-51,-103],[-6,-39],[-25,-43],[20,-83],[-31,-37],[-69,-17],[-50,-52],[-72,-32],[-10,-12],[0,-49],[40,-27],[16,-23],[26,-10],[26,9],[28,35],[100,-6],[41,-20],[0,-14]],[[13561,28549],[-17,-56],[5,-24],[47,-97],[59,-33],[9,-29],[13,-130],[47,-43],[-28,-58]],[[12453,27984],[-61,76],[-64,56],[-68,46]],[[12260,28162],[14,980],[14,753],[166,-6],[504,-11],[4,175]],[[34974,36333],[5,18],[84,103],[74,139],[-2,31],[-23,118],[15,62],[118,175],[11,22],[5,149],[12,13]],[[37308,37156],[-26,-38],[-8,-57],[16,-54],[20,-25],[37,-10],[-23,-38],[-45,-35],[-62,6],[-20,-26],[-70,0],[17,-92],[3,-46],[17,-79],[-42,-27],[-3,-198],[132,-1],[-6,-23],[-3,-107],[-39,-98],[-22,-103],[-32,-71],[-19,-105],[6,-22]],[[37136,35907],[-320,5],[-852,7]],[[35005,35930],[-2,32],[30,26],[46,10],[-9,23],[-25,3],[3,39],[42,-11],[17,37],[-12,27],[-47,9],[21,36],[-16,21],[-37,-5],[-26,24],[-43,3],[1,37],[43,28],[-17,27],[0,37]],[[37620,37141],[-40,-108],[-1,-28],[126,-1],[-1,-173],[124,-3]],[[37828,36828],[-3,-128],[9,-24],[-10,-27],[-2,-217],[315,-4],[45,91]],[[38182,36519],[134,-3],[89,3],[0,28],[82,0],[39,37],[1,26],[59,-13],[28,-15],[44,-73],[146,-66],[18,-3],[8,517]],[[39732,36865],[2,-17],[-46,-24],[-10,-28],[10,-51],[-49,-77],[19,-18],[-44,-85],[-39,-37],[-68,-87],[-95,-173]],[[39057,35894],[-240,1],[-299,3],[-953,4]],[[37565,35902],[-167,1],[-262,4]],[[20391,15614],[97,63],[-2,-52],[84,-2],[3,54],[21,1],[29,64],[1,100],[-145,3],[-33,10],[-111,7],[-5,-43],[5,-287]],[[20335,15532],[-89,-99],[-46,-62],[-1,94],[10,393],[39,9],[-5,49],[5,128],[-15,93],[1,86],[44,18],[-31,73],[53,35],[238,-8],[39,-74],[40,-9],[12,-28],[46,-15],[25,15],[22,-107],[-3,-79],[-37,-128],[43,-36],[-1,-127],[43,-8],[16,-22],[36,-23],[-15,-26],[6,-39],[19,-2],[20,-53],[38,-8],[-65,-191],[-38,-129],[-3,-27],[-52,-29],[-31,-27],[-40,-81],[-23,28],[1,20],[-38,48],[6,32],[-10,32],[-23,5],[-22,30],[-7,44],[-13,8],[-21,60],[-23,17],[-38,75],[-13,67],[-25,12],[-18,48]],[[37673,37335],[88,-23],[290,-1],[2,82],[34,0],[-12,72],[13,23],[166,-2]],[[38254,37486],[-4,-238],[28,-47],[48,-21],[28,-24],[17,-43]],[[38371,37113],[-39,-4],[-1,-24],[-101,2],[-22,-13],[-54,-54]],[[38154,37020],[-60,26],[-89,-1],[-47,-9],[-101,7],[-45,13],[-95,76],[-73,15],[-20,-4]],[[20391,15614],[-20,-19],[-36,-63]],[[38446,32758],[-2,-271],[-9,-589],[-10,-3],[-155,3],[-165,-2],[3,175]],[[38108,32071],[3,265],[4,87],[69,-3],[-161,343]],[[38371,37113],[34,-14],[-10,-54]],[[38393,36957],[-95,0]],[[38298,36957],[-69,0]],[[38229,36957],[-26,11],[-49,52]],[[38254,37486],[2,44],[83,-1],[-1,-35],[173,-3],[-2,-79],[43,35]],[[37881,32759],[82,-161],[-180,-5],[3,-28],[0,-233],[158,2],[-2,-263],[166,0]],[[39228,32703],[-4,-3],[-4,-203],[0,-321],[-6,-15],[-110,-155],[-3,-158],[-76,-102],[-12,-33],[-78,-325],[-23,-28],[-52,-42],[4,-53],[37,-89],[38,-23],[-23,-38],[20,-42],[52,-33],[8,-37],[-20,-57],[-22,-22]],[[38954,30924],[2,-51],[23,-25],[60,-37],[4,-32],[-75,-56],[-23,26],[-163,-7],[-43,-11],[-20,-52],[-1,-64],[10,-20]],[[38728,30595],[-16,2],[-146,58],[-32,-53],[13,-100],[-6,-9],[-160,-85],[-22,-15],[-127,-318],[-10,-46],[-41,-97],[-21,-28],[-71,-23],[-23,1],[-56,-24],[-21,-23],[-433,-185],[-50,16],[8,-36],[-155,-69],[-17,13],[3,32],[-34,-12],[-26,30],[-19,-10],[-20,-40]],[[37246,29574],[1,63],[-222,2]],[[37025,29639],[10,8],[39,98],[0,71],[7,334],[-10,19],[-146,2],[5,161],[-113,133],[0,117],[46,167],[1,128],[80,88],[80,51],[3,13],[5,329],[-4,9],[-79,9],[-1,163],[10,623],[4,171],[4,407]],[[38728,30595],[143,-2],[26,-7],[79,-42],[-14,-108],[-27,-46],[-70,-27],[-70,19],[-39,2],[-36,-34],[-9,-28],[6,-37],[62,-53],[74,-16],[134,95],[38,13],[56,54],[38,11],[66,33],[65,22],[262,313],[-23,90],[-112,3],[-41,-16],[-131,-7],[-53,-87],[-50,-45],[-39,-13],[-33,11],[0,39],[56,82],[7,28],[-8,48],[-35,44],[-63,4],[-33,-14]],[[40259,32681],[5,-349],[0,-172],[-8,-386],[0,-152]],[[40256,31622],[2,-577],[-1,-128],[2,-651],[-2,-639],[1,-116]],[[38255,29550],[-492,4],[-295,-2],[-222,-1],[0,23]],[[35295,32749],[-3,-267],[2,-189],[86,-1],[-2,-215],[49,-75],[25,-51],[5,-99],[68,-173],[81,-54],[69,-10],[-35,-135],[29,-82],[-27,-81],[-59,-102],[-9,-55],[-37,-31],[-3,-33],[16,-57],[-1,-93],[-25,-129],[-65,-122],[-4,-264],[-19,-32],[3,-52],[-12,-20],[22,-69],[93,-102],[34,-48],[17,-231],[-16,-117],[-40,-55],[-15,-83],[-21,-20]],[[35501,29602],[-234,-2],[-467,-24],[-531,-24],[-240,5],[-764,9]],[[38229,36957],[-5,-33],[-49,-10],[-17,-28],[-28,0],[-17,28],[-36,-79],[-8,-53],[-155,2],[-13,43],[-73,1]],[[40886,26720],[1,66],[12,20],[70,5],[10,57],[89,-4]],[[41068,26864],[55,-144]],[[41131,26678],[-43,-9],[-2,-80],[-61,0],[-79,54],[-62,2]],[[40884,26645],[2,75]],[[41187,26359],[-304,152],[1,134]],[[711,38531],[0,-12]],[[711,38519],[-3,-217],[-41,1],[-2,-131],[11,-35],[-31,-5],[-66,-30],[-37,-37]],[[542,38065],[-61,454]],[[481,38519],[66,6],[83,-3],[23,10],[58,-1]],[[22365,22433],[62,-11],[31,21]],[[22375,22167],[0,32],[-14,55],[0,48],[9,31],[-12,57],[7,43]],[[25572,13203],[159,-1],[317,15],[164,4],[163,-5],[208,0],[121,-4],[3,-352]],[[26707,12860],[0,-174],[27,-29],[27,-13],[29,-52],[52,-37],[23,-46],[28,-23],[68,11],[28,-13],[24,10],[55,-6],[41,-22],[39,-42],[31,-69],[21,-31],[-3,-35],[13,-29],[4,-55],[53,-85],[0,-49],[-34,-46],[32,-66],[-1,-31],[-57,-67],[0,-20],[-37,-27],[-12,-43],[-32,-5],[-6,-59],[14,-26],[55,-24],[4,-32],[617,-4],[13,6],[203,167],[13,5],[153,-2],[115,2],[36,22],[18,-27],[-3,-76],[81,-98],[43,-10],[39,-47]],[[28521,11563],[-11,-357],[-23,-526],[-6,-174],[-16,1],[-5,-190],[-4,-314],[-10,-558]],[[25830,9548],[-9,68],[-45,78],[-14,55],[-18,613],[-6,87],[-10,48],[-28,94],[13,114],[0,221]],[[25713,10926],[10,46],[33,61],[30,96],[12,9],[35,-20],[20,-37],[81,83],[53,-37],[83,-24],[60,11],[37,-18],[38,47],[33,27],[8,40],[-7,36],[24,44],[39,-4],[28,33],[-39,49],[-31,78],[0,61],[-13,28],[-47,33],[-49,2],[-18,-44],[-42,-28],[-55,15],[-23,-9],[-18,36],[-28,26],[-26,-1],[-52,-29],[-27,1],[-33,-16],[-37,6]],[[25792,11527],[25,116],[12,26],[203,261],[25,71],[3,32],[-3,336],[-11,33],[-27,43],[-5,23],[-10,413],[-27,48],[-195,133],[-149,73],[-61,68]],[[25713,10926],[-133,143],[-65,88],[-40,65],[-35,44],[82,2],[37,26],[28,31],[40,12],[12,28],[-10,48],[8,24],[25,9],[20,76],[97,20],[13,-15]],[[24765,12850],[-3,174],[3,181],[153,1],[654,-3]],[[24558,9547],[0,528],[-1,182],[3,171],[-4,178],[1,362],[-3,166],[1,136]],[[24555,11270],[-2,527],[218,-2],[-6,706],[0,349]],[[20753,40444],[62,48],[53,58],[80,25],[96,48],[33,8],[25,20]],[[21102,40651],[56,5],[67,43]],[[21225,40699],[2,-91],[78,-3],[4,-72],[98,35],[81,-26],[23,-83],[-20,-66],[30,-26],[-51,-17],[-43,-58],[-51,-9],[-15,-22],[-103,-60],[-72,-8],[-60,-37],[-50,17]],[[21076,40173],[1,22],[-35,87],[-43,61],[-20,11],[-227,3],[0,12]],[[20752,40369],[1,75]],[[21922,42358],[1015,7]],[[22937,42365],[-7,-231],[2,-178],[-8,-262],[10,-91],[-9,-194],[-14,-440]],[[22911,40969],[-15,11],[-99,3],[-30,-9],[-50,2],[-55,24],[-33,-8],[-46,12],[-24,-25],[-26,-47],[-82,-15],[-58,5],[-40,18],[-36,43],[-44,17],[-37,-7],[-18,-56],[-35,-70],[-10,-39],[-37,-18],[-97,4],[-54,-10],[-121,3],[-29,17],[-38,46],[-21,9],[-77,9],[-99,-15],[-96,-29],[-44,23],[-49,7],[-44,-26],[-39,-62],[-103,-87]],[[21102,40651],[0,45],[-33,2],[-24,23],[-9,46],[-42,15],[-16,39],[-49,-5],[-48,28]],[[20881,40844],[32,78],[31,36],[27,55],[16,87],[-10,74],[42,26],[-11,28],[21,18],[46,-9],[120,9],[14,-15],[-30,-44],[27,-29],[35,6],[48,42],[26,46],[13,56],[66,3],[47,-70],[26,7],[77,43],[49,36],[34,39],[3,70],[-29,69],[-41,60],[0,50],[27,23],[33,1],[33,-14],[61,-46],[58,-16],[54,13],[41,38],[14,41],[-8,39],[-17,27],[-60,46],[-19,27],[-25,70],[-4,34],[16,71],[21,45],[43,50],[20,5],[73,-24],[41,18],[23,36],[-4,48],[-42,90],[-18,73],[1,48]],[[20302,40721],[82,-3],[6,266]],[[20390,40984],[212,-7],[2,-38],[40,-7],[46,5],[42,-32],[32,-43],[47,-6],[0,-83],[62,41],[8,30]],[[20753,40444],[-30,20],[-56,64],[-50,48],[-46,2],[-37,-21],[-128,-5],[-19,58],[-37,26],[-48,85]],[[33133,18652],[175,1],[26,-4],[143,-2],[-4,43],[1,141],[37,-3],[274,-6],[346,-12],[89,4],[86,-3],[30,16],[168,-29],[6,17],[177,-6],[274,2],[181,-5],[599,-4],[97,-2],[329,-2],[150,2],[22,-7],[97,3]],[[36436,18796],[115,0]],[[36551,18796],[-13,-79],[-1,-59],[320,-255],[-71,-56],[-8,-21],[-1,-116],[-13,-32],[-4,-133]],[[36760,18045],[-98,-30],[-114,38],[-57,0],[-86,-17],[-19,-16],[-47,-75],[-21,-74],[2,-50],[-358,3],[-17,-21],[-5,-51],[-20,-15],[-199,0],[-10,-64],[-15,-31],[-60,-85],[-47,-45],[-127,-15],[-54,32],[-31,34],[-41,20],[-150,2],[-38,26],[-34,46],[-18,39],[-37,10],[-80,101],[-54,122],[-29,-25],[-49,6],[-25,-31],[0,-32],[-31,4],[-23,-11],[6,-32],[-32,-16],[34,-28],[-15,-25],[41,-9],[-2,-79],[-39,-33],[-22,10],[-52,-26],[-16,-39],[-48,-49],[33,-13],[1,-44],[-26,-19],[-32,15],[-29,-19],[0,-59],[-34,-30],[-9,40],[-20,-10],[-7,-33],[-20,0],[-13,-32],[-34,9],[24,-62],[-76,-16],[-17,-33],[-47,-7],[-2,-28],[-19,-29],[-49,-6],[-51,-37],[-77,-12],[-10,-13],[-39,20],[-16,-14],[14,-51],[-29,-10],[-32,5],[-30,23],[-7,-67],[-48,-26],[-62,-45],[-62,3],[-36,-49],[8,-31],[-43,-36],[-18,19],[-55,-33],[7,-38],[-24,-13],[-26,7]],[[33611,16740],[12,722],[4,301],[-333,13],[-174,4],[13,872]],[[33146,19900],[625,-13],[570,-10],[295,-2],[986,-12],[163,-1]],[[35785,19862],[327,-5],[333,-2]],[[36445,19855],[2,-9],[-4,-518]],[[36443,19328],[-6,-354],[-1,-178]],[[33133,18652],[4,205],[4,337],[0,353],[4,176],[1,177]],[[21168,21388],[6,198]],[[21174,21634],[86,0]],[[21260,21634],[84,-4],[81,-23],[35,-33]],[[21460,21574],[42,-109]],[[21502,21465],[-28,21],[-32,-14],[-6,-38],[17,-63],[-2,-26],[-28,3]],[[21423,21348],[-9,8],[-69,-22],[-11,-13],[-62,1],[-17,-13],[-89,3]],[[21166,21312],[2,76]],[[21161,21104],[56,3],[84,-7],[70,0]],[[21371,21100],[-5,-138]],[[21366,20962],[-204,12]],[[21162,20974],[-2,87]],[[42585,35918],[306,3],[357,-1],[-1,89],[152,-1],[10,12],[3,111],[67,-2],[0,-189],[104,-11],[55,-32],[39,-76]],[[43677,35821],[11,-68],[-6,-31],[-66,-71],[-34,-8],[-29,-36],[-24,-13],[-44,28],[-19,-19]],[[43466,35603],[-92,48],[-124,4],[-24,-21],[-113,-47],[-103,-106],[-37,16],[-62,11],[-20,-34],[-136,1],[-2,264],[-166,1],[-2,178]],[[20296,42361],[146,-5],[314,-1],[95,-6],[228,4],[387,0],[456,5]],[[20390,40984],[-43,11],[3,119],[67,-6],[86,12],[47,12],[36,23],[57,20],[15,56],[23,24],[21,-38],[54,-3],[32,58],[40,13],[24,-4],[71,-35],[23,31],[-2,24],[-65,30],[-11,50],[-59,26],[11,72],[-35,44],[-70,11],[-47,63],[-32,70],[-39,105],[-28,31],[-13,53],[-26,46],[-18,90],[1,53],[-11,27],[-82,67],[-4,72],[-59,-5],[-89,49],[-10,21],[2,67],[36,18]],[[19416,42364],[511,3],[369,-6]],[[20302,40721],[-3,13]],[[20299,40734],[-1,83],[-24,42],[-35,16],[-39,44],[-135,28],[-32,47],[-58,7],[-15,13],[-10,54],[-13,23],[-62,19],[0,-37],[-109,-106],[-10,-28],[-32,-13],[-32,-34],[-41,14],[-20,-44],[-49,-51],[-36,14],[-7,-81],[-31,-23],[-17,-51],[-49,-40],[-37,-2],[-39,-36],[-3,-17]],[[21039,20302],[7,4],[74,139],[27,32],[101,44],[67,51],[151,188]],[[21466,20760],[62,-9],[15,-27],[45,-13],[12,-18],[59,-32],[16,1]],[[21675,20662],[32,-10]],[[21707,20652],[-68,-25],[-55,-32],[-30,-39],[-61,-130]],[[21493,20426],[-29,-53],[-30,-32],[-61,-33],[-48,-8],[-82,3],[-105,-2]],[[21138,20301],[-99,1]],[[17122,6546],[8,17],[-8,53],[26,25],[19,-44],[55,58],[11,-16],[64,-12],[7,-38],[19,-25],[39,-25],[31,16],[40,119],[12,19],[85,62],[24,27],[23,0],[3,-68],[26,-46],[38,-27],[17,1],[28,54],[-1,53],[16,18],[-4,55],[19,31],[-5,47],[15,28],[4,71],[-13,34],[12,34],[0,89],[-27,67],[4,28],[-16,34],[-87,40],[-41,49],[-32,16],[-23,53],[5,43],[-18,28],[20,30],[-4,30],[27,32],[6,56],[36,24],[-6,21],[12,60],[-13,37],[28,41],[19,-1]],[[17622,7844],[25,29],[51,15],[34,-19],[11,-34],[50,-15],[52,22],[45,36],[32,42],[67,29],[52,-28],[30,2],[29,31],[41,-11],[61,19],[23,-8],[43,5],[44,37],[9,66],[27,25],[24,69],[9,46],[30,25],[14,29],[-4,30],[16,43],[-7,19],[43,6],[34,36],[56,13],[28,66],[43,23],[60,12],[41,56],[28,10],[-7,47],[3,57],[24,69],[56,8],[15,40],[25,22],[-1,48],[15,16],[6,306],[16,492]],[[18915,9675],[162,-3],[342,-16],[280,-11],[366,-10]],[[19062,4400],[-8,47],[15,40],[-6,41],[-35,13],[-26,-69],[-35,-11],[-38,32],[-5,60],[-39,62],[29,72],[-1,20],[-23,70],[-17,31],[-44,29],[-51,-15],[-60,-5],[-30,7],[-44,27],[-17,46],[-34,17],[-36,-21],[-34,-54],[-56,-28],[-43,-43],[-54,-17],[-35,22],[-13,70],[33,40],[52,-33],[29,18],[5,69],[-19,45],[-24,6],[-51,-8],[-23,26],[14,49],[22,37],[-30,14],[-38,-23],[-35,-8],[-16,23],[35,36],[6,40],[-34,49],[-33,9],[-63,-16],[-60,-41],[-41,-7],[-102,14],[-28,-10],[-80,-6],[-57,5],[-13,32],[8,70],[-18,49],[-1,29],[30,54],[13,45],[-9,57],[-34,11],[16,-48],[-4,-21],[-40,-22],[-42,-6],[-24,23],[7,44],[-31,33],[-42,2],[-31,85],[18,16],[20,-29],[28,19],[-12,53],[4,33],[25,24],[20,38],[2,40],[-44,70],[-47,3],[-29,11],[-24,33],[-40,32],[-15,-11],[20,-69],[-14,-29],[-34,-26],[-42,-5],[-35,13],[-28,-8],[-22,14],[-22,41],[-51,23],[-26,21],[-7,26],[12,58],[40,27],[44,-7],[9,38],[-64,-4],[-25,14],[-35,42],[-43,18],[0,28],[46,47],[38,11],[12,27],[-18,56],[4,26],[45,69],[-25,17],[-71,3],[-54,39],[-15,27]],[[17114,6477],[8,69]],[[19909,39076],[23,-14],[29,-45],[77,-12],[21,-17],[3,-63],[-69,-57],[-35,-8],[-32,-31],[-50,-71],[-8,-21],[11,-66],[48,-69],[30,-59],[19,-24],[88,-50],[98,-83],[60,-73],[23,-2],[67,51],[5,34],[36,49],[8,-49],[-21,-32],[14,-61],[15,-13],[88,9],[49,-13],[39,-54],[3,-48],[-13,-53],[-164,1],[-4,-177],[164,-3],[-1,-164],[-5,-122],[-17,-585]],[[20508,37081],[-329,6],[-412,11],[-419,5],[-420,9]],[[18928,37112],[-383,7],[0,-2],[-331,4],[-175,8],[-320,8],[-339,4],[-336,12],[-327,7],[-171,10],[9,477],[0,52],[-169,1],[-332,5]],[[31186,32465],[81,0],[33,10],[117,-3],[64,34],[15,-2],[-63,-119],[27,-42]],[[31170,31037],[-2,6],[0,250],[33,63],[20,88],[-10,38],[2,59],[-39,3],[-5,213],[-6,21],[3,265],[34,22],[7,28],[24,10],[20,38],[-9,26],[8,34],[-4,65],[-35,29],[0,35],[-35,58],[10,77]],[[30434,32314],[55,-19],[271,-44],[66,-43],[51,8],[-3,24],[83,11],[2,44],[15,54],[41,45],[25,40],[1,30],[145,1]],[[30762,30667],[29,35],[19,64],[8,125],[13,39],[38,50],[46,83],[6,37],[-18,38],[-19,11],[-70,22],[-63,26],[-54,41],[-27,29],[-20,56],[0,31],[65,73],[34,91],[42,72],[32,8],[48,-30],[75,-30],[24,21],[1,120],[15,56],[-5,60],[-25,61],[-30,17],[-13,70],[-19,24],[-66,0],[-14,-51],[28,-33],[61,-20],[31,-37],[-18,-52],[-29,-34],[-26,-1],[-43,16],[-35,1],[-39,-13],[-27,4],[-31,28],[-1,19],[33,93],[8,41],[-46,26],[-36,-6]],[[30644,31948],[-21,37],[9,56],[-63,-2],[-21,28],[-54,14],[-31,29],[-1,46],[19,29],[11,42],[-14,32],[-66,-4],[-11,23],[33,36]],[[28219,30625],[163,-7],[419,-16],[413,-14],[487,-7],[492,-4],[3,260],[1,781],[3,336]],[[30200,31954],[51,22],[35,6],[32,-10],[49,-48],[30,-13],[39,8],[60,31],[98,-30],[37,9],[13,19]],[[30376,29591],[26,-72]],[[30402,29519],[-533,5],[-285,0],[-395,8],[-662,19],[-330,7],[12,462],[-1,78],[8,353],[3,174]],[[31784,34986],[173,-2],[219,0],[163,2],[238,-13],[174,-14],[442,-27],[134,-6]],[[30434,32314],[9,33],[-38,13],[-58,57],[55,25],[2,100],[-28,46],[-44,25],[-8,17],[-6,72],[36,37],[-14,43],[15,28],[30,10],[13,24],[-7,72],[27,24],[30,-25],[-9,-50],[27,-33],[23,12],[19,34],[35,35],[-13,66],[10,22],[33,20],[11,27],[-4,57],[-50,46],[2,22],[35,26],[34,60],[69,17],[7,25],[-15,51],[17,18],[59,-1],[5,31],[-20,29],[-4,30],[27,26],[94,7],[76,-16],[22,22],[-23,52],[25,24],[73,1],[3,27],[-32,-2],[-32,50],[-2,30],[42,17],[21,27],[-8,38],[12,35],[34,10],[51,-56],[38,47],[38,8],[38,38],[34,19],[55,7],[24,17],[-9,40],[-28,11],[-76,-3],[-17,32],[16,59],[17,1],[18,-32],[33,4],[32,40],[42,13],[61,-7],[50,3],[18,16],[-10,31],[-49,4],[-23,54],[9,20],[49,-2],[4,26],[-39,9],[-34,34],[-58,2],[-15,54],[12,18],[55,2],[35,-20],[28,10],[28,34],[13,60],[22,27],[50,32],[70,26],[41,-1],[19,28],[-16,17],[-29,0],[-39,-36],[-40,29],[25,67],[52,9],[35,59],[-11,24],[-34,39],[-4,62],[-33,64],[6,40],[33,7],[30,-40],[0,-47],[16,-36],[33,1],[-46,134],[53,18],[57,-14],[2,31],[-35,27],[36,19]],[[36445,19855],[325,-2],[325,-8],[370,3]],[[37465,19848],[-33,-153],[-8,-60],[14,-81],[29,-76],[125,-227],[121,-155],[105,-123],[56,-86],[27,-52],[6,-74],[-19,-118],[-12,-38],[-45,-52],[-46,-40],[-126,-83],[-76,-32],[-25,-23],[-36,-51]],[[37522,18324],[-21,25],[4,51],[-10,84],[-110,4],[-72,14],[-54,-14],[-44,-27],[-57,45],[-48,-20],[-72,-2],[-34,-9]],[[37004,18475],[3,54],[26,23],[20,39],[22,12],[14,35],[-18,49],[6,43],[-32,119],[-13,15],[5,37],[37,65],[-49,82],[-69,2],[-25,15],[-18,-17],[-23,30],[-19,58],[-33,46],[-17,53],[-37,81],[-13,9],[-167,4],[-161,-1]],[[20671,13337],[15,2],[13,106],[16,42],[-27,39],[19,91],[-12,25],[22,39],[-11,26],[12,36],[30,18],[16,42],[-14,83],[36,63],[1,50],[17,25],[20,-7],[2,95],[24,17],[0,66],[19,12],[-3,41],[-33,20],[-3,34],[23,18],[-14,46],[18,20],[0,35],[14,35],[23,21],[6,47],[-16,46],[-13,164],[-8,36],[20,53],[-9,28],[11,60],[26,36],[-14,67],[22,36],[4,39],[35,40],[-12,10],[20,121],[16,68],[44,20],[23,34],[-10,60],[19,8],[17,35],[2,37],[-14,43],[14,53],[24,8],[-9,31],[46,56],[-4,22],[18,43],[25,-4],[-7,48],[8,37],[-28,54],[-3,59],[22,18],[32,-4],[-8,47],[21,9],[16,29],[-9,78],[14,73],[0,41],[-25,18],[7,28],[-46,43],[-2,80],[-10,30],[20,33],[-30,22],[9,23],[-15,48],[19,55],[-2,50],[-23,-8],[-1,40],[-29,16],[-65,107],[10,14],[-10,42],[29,8],[-25,29],[14,83],[-44,28],[15,41],[-32,48],[-10,42],[-24,59],[-3,73],[-23,7],[-16,77],[-46,55],[17,15],[-25,45],[17,13],[-40,89],[-24,15],[-11,68],[-54,6],[-19,93],[9,78],[-15,3],[-14,46],[8,17],[-25,28],[6,60],[-34,51]],[[22049,18056],[351,-9]],[[22400,18047],[0,-193],[-9,-689],[-5,-176],[-4,-707]],[[22382,16282],[-5,-354],[-5,0],[-6,-533],[-4,-167],[-6,-363]],[[22174,13880],[-2,-349],[-7,-703]],[[22165,12828],[-496,-16],[-465,-19]],[[21204,12793],[-1,47],[-21,30],[-20,-10],[-36,30],[-15,31],[-77,0],[-8,-33],[-51,32],[-30,6],[-42,36],[-49,20],[37,20],[-18,20],[-13,74],[-14,28],[-28,2],[1,38],[-32,25],[-20,53],[-41,-21],[-9,29],[11,21],[-25,32],[-23,7],[-9,27]],[[18099,16217],[4,175],[7,174],[0,181],[9,350]],[[18119,17097],[348,-13]],[[18467,17084],[61,-3],[28,10],[46,-2],[-4,38],[-24,5],[-43,32],[0,40],[30,58],[50,51],[47,-4],[40,34],[45,51],[37,67],[-7,43],[8,47],[58,29],[16,15]],[[18855,17595],[227,-9],[310,-9]],[[19392,17577],[446,-8]],[[19838,17569],[7,-23],[37,-28],[10,-31],[-3,-44],[23,-11],[14,-33],[-2,-30],[69,-130],[-6,-27],[79,-55],[4,-36],[25,-36],[32,-23],[6,-101],[11,-19],[-16,-31],[-7,-97],[-25,-24],[20,-31],[-14,-43],[7,-29],[-5,-82],[-17,-22],[-29,-217],[14,-4],[13,-44],[-13,-147],[-20,-47],[9,-92],[16,-69],[-76,-71],[-19,-35],[7,-33],[-14,-66],[9,-11],[5,-79],[26,-72],[-12,-46],[-14,-15],[12,-41],[20,-4],[20,-55],[17,-17],[1,-39],[-71,-98],[-25,-15],[-7,-45],[-28,-41],[-10,-92],[-14,-43],[-1,-46],[-62,-41],[-11,-14],[0,-67],[15,-41],[-49,-54],[-107,-72],[-30,-33],[11,-15],[-38,-44],[-39,2],[-25,-38],[-5,-60],[32,-12],[-2,-21],[38,-36],[5,-29],[33,-14],[36,-99],[-2,-33],[39,-41],[-9,-21],[4,-38],[24,-56],[34,-32],[13,-51],[65,-68],[41,-21],[46,-64],[54,-1],[17,-39],[83,-22],[18,8],[84,-20],[41,-35],[23,-5],[11,-33],[41,-13],[-2,-31],[39,-29],[-1,-76]],[[20368,13590],[-39,10],[-91,7],[-10,-31],[-40,14],[-27,-20],[-34,50],[-59,9],[25,41],[-42,0],[-34,15],[-36,51],[-36,-43],[-53,5],[-52,-14],[-15,17],[-34,2],[-33,-13],[2,97],[-14,34],[-250,19],[-334,12],[-482,18],[-323,9],[-166,6],[-163,1]],[[19838,17569],[271,-6],[302,-9],[161,-3],[13,531],[77,-1]],[[20671,13337],[-32,19],[-45,-21],[-29,34],[21,37],[-21,65],[-18,-20],[-37,-6],[-59,48],[-29,40],[-40,13],[-14,44]],[[27672,33527],[149,-3],[31,-38],[54,-22],[24,11],[48,63],[43,-2],[110,-37],[68,20],[100,-4],[44,-12],[96,4],[83,-27],[78,-6],[46,-18],[42,-1]],[[28688,33455],[-5,-326],[-45,-52],[-21,-80],[-29,-2],[-32,-37],[6,-38],[-56,-219]],[[28506,32701],[-40,-17],[-38,20]],[[27670,33408],[2,119]],[[28115,34185],[-51,-120],[-54,-56],[-20,-13],[-56,-12],[-91,-55],[-108,-99],[-68,-88],[-11,-30],[19,-69],[-3,-116]],[[27672,33527],[-90,1],[-22,-16],[-71,108],[1,51],[-13,89],[-28,32],[-26,48],[-35,23],[-96,108],[-67,7],[-56,29],[-18,26],[-112,31],[-42,28]],[[28506,32701],[46,14],[110,72],[33,6],[34,-8],[64,-53],[68,-113],[48,-44],[96,-1],[27,-9],[5,-36],[-13,-26],[-62,-27],[-69,-9],[-58,-18],[2,-44],[54,-44],[46,-69],[29,-60],[51,-125],[18,-32],[24,-8],[17,-41],[-3,-20],[51,-30],[36,21],[30,56],[49,36],[28,36],[28,69],[23,0],[24,-26],[2,-50],[-26,-56],[26,-83],[2,-83],[7,-21],[32,-7],[33,12],[39,40],[37,25],[37,9],[89,0],[76,15],[14,37],[-28,24],[-81,-6],[-31,45],[11,29],[33,20],[25,-1],[83,-41],[31,-4],[61,30],[38,9],[21,-11],[15,-44],[-25,-56],[-59,-43],[-7,-34],[34,-34],[52,-34],[92,-81],[54,-20],[46,12],[34,36],[18,53],[-4,37],[12,30],[65,32]],[[28219,30625],[-333,15],[-280,9]],[[27606,30649],[-371,10],[-193,2],[-338,13],[-168,-1],[-166,-4],[-117,2]],[[26253,30671],[4,179],[2,190],[8,522],[7,232],[-1,131],[7,316]],[[6343,16318],[163,-6],[160,-4],[163,-7],[159,-3],[321,-13],[169,7],[327,0],[163,1],[168,-1],[336,-21],[322,-14],[434,-3],[218,-7],[277,-12]],[[9723,16235],[-17,-40],[-63,17],[-47,-22],[-38,6],[-35,-24],[-70,-11],[-32,-20],[-16,11],[-29,-12],[15,-46],[-13,-32],[-24,-12],[1,-25],[-43,-39],[23,-56],[-37,-86],[-48,-90],[-81,-87],[-18,-51],[-7,-188],[-52,-149],[-18,-103],[-5,-274],[15,-72],[-64,-123],[53,-116],[-2,-47],[99,-299],[22,-107],[-20,-66],[17,-32],[-48,-265],[-11,-72],[24,-47],[-5,-47],[-39,-83],[-27,-48],[-32,-33],[-18,-43],[-31,-51]],[[9002,13351],[-30,-44],[-50,-37],[-10,11],[-81,-11],[-48,52],[-14,-10],[-56,-3],[-55,-70],[-59,-4],[2,-68],[-47,-20],[-23,-29],[-46,-33],[-56,52],[-18,38],[-27,21],[-55,11],[-31,29],[-16,54],[-40,55],[6,50],[-1,91],[-25,61],[3,65],[12,43],[-48,13],[-9,25],[-29,27],[-9,35],[-36,10],[-80,-36],[-78,-7],[-27,24],[-78,-12],[-36,-17],[-29,8],[-13,-35],[-40,7],[-9,-19],[-71,-35],[-14,-23],[-74,-46],[-9,-40],[-21,-5],[-5,-43],[-29,-36],[-14,-94],[-85,6]],[[7394,13362],[9,574],[2,192],[5,172],[-506,19],[-310,6],[-161,8],[0,144],[9,384],[4,399],[-117,1],[14,1057]],[[9723,16235],[211,-9],[160,-4],[497,-18]],[[10591,16204],[-7,-373],[-4,-335],[-7,-354],[-196,6],[1,-240],[-7,-170],[-1,-70],[73,-25],[42,-1],[-15,-27],[97,-13],[30,9],[150,-44],[14,56],[14,20],[79,-83],[14,25],[50,16],[8,-26],[-44,-38],[-24,-68],[-37,-15],[-61,-78],[20,-14],[27,-45],[47,-40],[10,-32],[-50,-22],[29,-40],[-31,-13],[-6,-23],[11,-35],[-21,-62],[6,-52],[19,-65],[35,-6],[54,-58],[-13,-26],[-35,1],[-15,-27],[1,-37],[-40,-14],[-20,51],[-23,-10],[42,-65],[3,-40],[-21,-48],[55,17],[41,6],[26,-37],[-75,-36],[9,-46],[20,-12],[68,-12],[-29,-75],[25,-21],[3,-22],[-20,-20],[15,-102]],[[10927,13294],[-47,2],[-24,-17],[-98,-5],[-29,8],[-39,-23],[-71,7],[-55,-17],[-21,-39],[-51,-57],[-26,-17],[-28,-86],[-19,8],[-11,63],[-53,58],[-35,9],[-62,-69],[-18,21],[-39,90],[-7,46],[-13,7],[-52,87],[-4,68],[-82,61],[-23,6],[5,63],[-6,35],[-60,-39],[-54,-8],[-70,-35],[-11,-32],[-65,-51],[-63,-6],[-18,27],[-104,-4],[-23,-17],[-92,-22],[-42,17],[-55,6],[-41,-10],[-49,1],[-73,-66],[-23,-6],[-51,16],[-32,-6],[-28,-20],[-63,3]],[[10927,13294],[5,-34],[-6,-72],[20,-82],[-4,-28],[-31,-43],[37,-54],[47,-55],[-6,-86],[31,-88],[-23,-41],[5,-36],[51,-31],[117,-111],[36,-65],[35,-89],[10,-65],[-13,-32],[4,-60],[76,-11],[-44,-72],[67,-35],[36,-3],[17,-16],[-2,-37],[32,-1],[14,-41],[17,10],[22,-31],[22,-60],[15,-21],[-23,-44],[26,-11],[-8,-32],[17,-35],[-17,-47],[34,-7],[-13,-67],[48,-8],[-1,-29],[-37,-4],[12,-33],[28,18],[16,-23],[-28,-30]],[[11568,11552],[-45,4],[-27,23],[-13,-18],[-71,8],[18,-38],[-37,-19],[-20,13],[-19,-26],[-23,30],[-7,-47],[-22,18],[-55,-7],[-57,18],[-17,-24],[-37,9],[-24,18],[-18,-20],[-21,41],[-33,6],[-40,-18],[-41,47],[-11,-28],[-37,-5],[-2,39],[-40,-14],[-26,31],[-20,2],[-12,-46],[-17,-1]],[[7388,12180],[0,430],[1,456],[5,296]],[[19630,24611],[57,50],[79,-1],[-2,66],[9,66],[79,-3],[4,7],[3,115],[43,14],[39,26]],[[19941,24951],[-1,-77],[164,-4]],[[20104,24870],[-2,-51],[37,-34],[43,-4],[-6,-279]],[[20176,24502],[2,-142],[-12,-85],[-49,-101],[-78,-7],[-42,-21],[-121,46],[-76,51],[-33,30],[-13,30],[-3,60],[16,32],[-19,50],[-32,28],[-10,27],[-39,17],[-18,57],[-19,37]],[[19548,25777],[48,-55],[61,-32],[98,-20],[81,-11],[221,-18]],[[20057,25641],[-3,-40],[-50,-19],[-41,-61]],[[19963,25521],[-7,-86],[-96,-30],[-151,5]],[[19709,25410],[2,69],[-22,41],[0,32],[-115,-11],[-49,3],[-63,42]],[[19462,25586],[23,-1],[32,99],[11,51],[20,42]],[[19709,25410],[-4,-131]],[[19705,25279],[-40,-33],[-48,-85],[-21,-12],[-94,1],[-103,-4],[-46,-18]],[[19353,25128],[-46,6]],[[19307,25134],[1,125],[-5,25],[-61,194],[-23,55],[-39,38]],[[19180,25571],[6,52],[57,68],[43,34],[25,-51],[60,-87],[91,-1]],[[19941,24951],[61,35],[24,42],[1,21]],[[20027,25049],[82,-3]],[[20109,25046],[-5,-176]],[[5527,40592],[77,7],[55,-22],[120,3],[37,-30],[88,13],[0,-61],[-17,-27],[5,-27],[27,-9],[57,36],[25,-24],[9,-65],[33,-14],[37,4],[65,-19],[37,-2],[42,19],[11,24],[-65,56],[-13,34],[8,84],[-15,32],[-40,14],[-33,-5],[-26,30],[15,26],[29,21],[62,26],[34,-3],[50,-25],[99,-24],[31,-49],[71,-15],[9,-10],[29,-80],[33,-113],[-2,-31],[31,-12],[45,26],[44,-3],[53,-38],[57,-65],[25,8],[18,27],[18,51],[-40,61],[-2,59],[24,74],[45,16],[35,30],[12,25],[6,55],[56,45],[40,19]],[[6978,40744],[-1,-91],[14,-17],[0,-44],[-11,-46],[16,-12],[5,-68],[27,-32],[10,-37],[47,5],[26,-31],[-4,-49],[39,3],[31,-45],[37,-25],[82,-21],[2,-66],[-7,-31],[14,-18],[42,-14],[54,-39],[19,42],[44,6],[-2,-78]],[[7462,40036],[-161,6],[-340,4],[-3,-158],[-5,-721],[-168,3]],[[6785,39170],[-271,8],[-253,4],[13,-48],[-53,-5],[-52,17],[-25,-35],[-2,-96],[-25,-5],[-41,21],[-33,44],[-40,15],[-31,-44],[-4,-31],[3,-78],[20,-88],[-3,-53],[-40,5],[-28,74],[-17,12],[-32,-3],[-43,-19],[-41,-3],[-34,28],[-28,55],[-47,-19],[-29,33],[2,40],[48,30],[61,1],[10,43],[-29,36]],[[5741,39109],[14,87],[-17,31],[-71,71],[-43,11],[-53,-14],[-29,-45],[-44,-14],[-26,51],[4,47],[15,32],[0,35],[-45,66],[-75,23],[-46,-17],[-94,-48]],[[5231,39425],[-74,5],[-34,28],[-32,95],[-1,25],[20,27],[94,11],[29,-2],[75,19],[26,22],[15,73],[4,113],[30,40],[29,-9],[13,-25],[-19,-79],[-2,-39],[34,-40],[54,-6],[40,10],[63,65],[9,53],[-13,37],[-27,41],[-65,122],[31,48],[93,49],[34,27],[0,143],[-54,31],[-23,42],[17,35],[81,27],[33,25],[17,53],[-14,33],[-30,27],[-67,25],[-90,16]],[[4536,39747],[20,66],[10,118],[3,167]],[[4569,40098],[6,221]],[[4575,40319],[82,-4]],[[4657,40315],[-24,-67]],[[4685,39693],[-100,-42],[-26,-3],[2,98],[-25,1]],[[5015,40173],[40,22],[47,11],[42,-10],[28,14],[109,4],[28,27],[-32,14],[0,54],[-13,35],[7,28],[47,16],[-1,14],[-60,16],[-61,57],[-34,-12],[-34,-27],[-57,7],[-73,18],[-18,17],[-50,12],[-56,-4]],[[4874,40486],[15,18],[54,16],[32,28],[12,45]],[[4987,40593],[19,-2],[51,45],[88,20],[112,9],[16,-9],[35,-53],[44,-21],[42,-37],[26,36],[107,11]],[[5231,39425],[0,-31],[-36,-5],[-12,-31],[-31,-14],[-79,35],[-45,27],[-13,22],[-41,24],[-28,2],[-45,-31],[-35,-76],[-107,1]],[[4759,39348],[3,176],[26,0],[16,24],[6,55],[49,52],[9,24],[56,18],[5,42]],[[4657,40315],[18,101],[50,1],[23,51],[29,18],[53,-25],[29,6],[15,19]],[[1461,40391],[122,-3],[29,-30],[64,3],[58,17],[43,1],[61,26],[104,-1],[21,-12],[60,3],[53,-11],[53,32],[69,2],[50,-18],[56,0],[42,22],[61,11],[50,-22],[74,35],[7,15],[2,179],[8,23],[29,15],[352,-9]],[[2929,40669],[-8,-527],[374,-11],[-4,-172],[125,-3],[4,176],[203,-5],[7,2]],[[3387,39237],[-37,-11],[-102,-67],[-26,-1],[-13,-25],[-24,-4],[-19,-25],[-38,-17],[-21,-24],[-13,-38],[-50,-13],[-32,-22],[-18,-39],[-39,-4],[-20,-32]],[[2935,38915],[-81,1]],[[2854,38916],[-3,79],[33,137],[-5,86],[-33,11],[-26,119],[-49,97],[-125,-2],[-158,4],[-3,45],[-160,1],[-52,-41],[-260,-11],[-26,2],[3,142],[35,3],[6,17],[-2,116],[-41,13],[3,117],[-248,5],[2,133],[-190,4]],[[1555,39993],[-15,114],[-58,213],[0,42],[-21,29]],[[3565,41199],[18,47],[24,5],[3,89],[37,58],[26,-1]],[[3673,41397],[6,-32],[48,-83],[6,-28],[0,-95],[-35,-62],[-9,-30],[-4,-231]],[[10591,16204],[490,-15],[163,-2]],[[11244,16187],[164,-4],[323,-5],[-1,-180],[-6,-177],[-3,-351],[354,-10],[171,-3],[304,-9],[155,-1]],[[12705,15447],[329,-10],[162,-3],[-12,-355],[114,-3]],[[13298,15076],[8,-96],[19,-35],[59,-50],[16,-36],[-4,-36],[18,-44],[27,-1],[21,-49],[43,-26],[-24,-132],[12,-74],[42,-77],[-4,-39],[28,-30],[-5,-56],[30,-53],[65,3],[40,-112],[25,-17],[41,-54],[50,0],[52,-67],[22,-96],[1,-68],[19,-35],[-2,-62],[-21,-48],[-25,-28],[-6,-155],[2,-44],[36,-22],[-2,-97],[65,-4],[2,-18]],[[13948,13318],[-11,-8],[0,-51],[-38,-81],[-37,-41],[4,-50],[21,-27],[13,-77],[22,-26]],[[12213,10834],[-36,54],[-35,18],[4,25],[-31,12],[-32,-15],[-33,18],[-19,29],[28,40],[-3,20],[-30,18],[-10,23],[-58,-19],[-16,11],[-33,-16],[-14,24],[17,18],[-6,28],[-27,33],[-7,49],[-14,29],[23,40],[-25,28],[-28,4],[-14,-35],[-34,-1],[-20,41],[-33,38],[8,20],[-8,49],[-24,28],[-29,-41],[-30,38],[-30,16],[15,26],[-20,15],[-36,-24],[-5,77]],[[13948,13318],[92,46],[42,50],[60,86],[30,6]],[[14172,13506],[63,12],[23,25],[250,-4]],[[14508,13539],[97,1]],[[2031,28609],[32,-53],[26,-126]],[[2089,28430],[-36,1],[-26,-20],[-127,11],[2,37]],[[10637,9123],[24,-36],[65,-38],[10,-20],[83,-38],[55,-4],[23,-35],[51,-10],[19,7],[42,-24],[-6,-42],[53,6],[54,-35],[22,11],[21,-30],[34,-5],[26,-37],[19,16],[26,-55],[-1,-25],[23,-36],[32,-9],[63,-33],[45,49],[71,15],[43,-19],[40,23],[15,-25],[32,13],[41,38],[53,-13],[20,-23],[32,13],[31,-19],[44,24],[7,36],[78,32],[33,45],[28,16],[5,39],[31,10],[27,43],[31,5],[1,40],[24,27],[21,4],[41,38],[43,-3],[53,-33],[51,1],[27,18],[76,-14],[23,11],[11,488],[9,334],[15,11],[53,72],[5,27],[50,1],[23,21],[31,0]],[[14068,9369],[-10,-326],[-19,-775],[-5,-164],[-9,-367],[-7,-212],[-2,-140],[-23,-676]],[[13993,6709],[-69,-8],[-26,-18],[-40,-4],[-88,13],[-54,-21],[-71,12],[-142,1],[-19,7],[-24,-23],[-60,-21],[-77,-11],[-104,-32],[-30,-20],[-47,-1],[-36,-26],[-73,-20],[-30,1],[-49,-34],[-102,-8],[-54,9],[-34,27],[-123,-10],[-41,15],[-80,4],[-43,24],[-57,55],[-13,29],[-17,113],[-24,26],[-50,9],[-20,21],[-40,84],[-67,59],[-140,84],[-22,22],[-140,47],[-71,102],[-57,30],[-105,38],[-39,6],[-60,38],[-106,24],[-103,54],[-32,65],[-45,41],[-50,8],[-48,-13],[-48,-2],[-55,-32],[-53,10],[-63,52],[-67,45],[-99,37],[-69,48],[-119,73]],[[10547,5721],[16,590],[4,119],[8,376],[5,125],[4,210],[6,162],[5,234],[3,201]],[[13993,6709],[-20,-745],[-12,-348],[-4,-177]],[[13957,5439],[-164,0],[-482,15],[-166,8],[-162,3],[-2,-177],[-165,18],[-377,9],[-32,2],[-405,12],[-161,1],[-201,7]],[[11640,5337],[-451,14],[-325,12],[-324,9],[5,177],[2,172]],[[41047,26228],[-3,-261]],[[41044,25967],[-95,4],[-152,3]],[[40797,25974],[-82,1]],[[40715,25975],[2,122],[330,131]],[[13969,16820],[-46,-27],[-28,-35],[-76,-27],[-71,-70],[-65,-14],[-56,8],[-143,-21],[-36,-53],[21,-38],[45,-3],[21,-40],[-31,-35],[-110,-35],[-51,-60],[-16,-33],[4,-127],[26,-35],[59,-101],[14,-61],[2,-52],[18,-53],[-45,-24],[-16,-18],[-85,-49],[-86,-29],[-47,-1],[-49,17],[-38,25],[-96,5],[-75,-38],[-99,1],[-54,-19],[-51,2],[-32,21],[-56,-5],[54,-56],[-2,-39],[-32,-46],[-43,-15],[-17,-28],[5,-35],[22,-39],[47,-3],[29,-19],[18,-28],[3,-41]],[[11244,16187],[5,437],[5,266]],[[29244,18927],[-263,-267],[-223,-223],[-196,-201]],[[28562,18236],[-469,-475]],[[28093,17761],[-3,136]],[[21644,21448],[20,-11],[142,-4]],[[21806,21433],[17,-45]],[[21714,21216],[-77,27]],[[21637,21243],[-62,62],[-55,115]],[[21520,21420],[24,20],[41,-45],[59,53]],[[21727,21924],[-3,-25]],[[21724,21899],[-41,-21],[-10,-50],[-39,-35],[8,-34],[-53,-9]],[[21589,21750],[-5,88],[-156,4],[-1,44],[-49,2]],[[21378,21888],[-2,4]],[[21376,21892],[13,29],[36,13],[21,25],[63,-1],[29,-17],[57,-14],[132,-3]],[[5703,5168],[2,71],[-14,49]],[[5952,5340],[-13,-824],[-3,-95]],[[5936,4421],[-37,58],[-112,110],[-9,-15],[-5,-255],[-81,12],[-120,2],[-3,-88],[-115,6],[-3,43],[-109,3]],[[5342,4297],[0,353]],[[26707,12860],[167,1],[0,344],[2,145],[-1,374],[1,192],[-10,0],[2,262]],[[29492,13049],[66,-79],[21,-45],[21,-111],[3,-107],[-4,-60],[-36,-136],[-11,-64],[4,-35],[21,-63],[37,-55],[93,-80]],[[29707,12214],[-3,-160],[-213,7],[1,66],[-187,2],[-4,-351],[-320,4],[-451,9],[-4,-98]],[[28526,11693],[-5,-130]],[[20339,21639],[-87,67]],[[20752,40369],[-39,-70],[-32,-86],[-21,-21],[-67,-23],[-52,-28],[-70,-46],[-68,-6],[-73,-27],[-139,-92]],[[20191,39970],[-8,25],[-25,0],[-3,27],[5,160],[-23,8],[4,132],[-21,4],[8,288],[49,20],[75,5],[6,103],[41,-8]],[[20191,39970],[78,-4],[42,-34],[13,-60]],[[20324,39872],[51,-122],[21,-33]],[[20396,39717],[-16,-56],[6,-103],[-10,-42],[-149,1],[-87,3],[-17,9],[-28,-29],[-81,2],[-17,-15],[-62,-21],[-11,-29]],[[20396,39717],[26,-32],[62,-39],[57,-3],[4,-26],[25,-15],[14,-38],[22,-12],[0,-81],[34,-25],[61,-6],[47,23],[-1,15],[49,62],[18,-56],[33,28],[117,38],[0,-38],[28,-3],[42,26],[27,-16],[51,-89],[44,-47],[-24,-95],[73,-1],[28,-23],[101,-13],[63,-40],[-2,71],[26,47],[12,42],[-7,45],[13,54],[-2,92],[5,76],[-37,106],[18,39],[28,-10],[41,11],[41,71],[32,0],[77,-45],[52,-3],[42,28],[28,8],[34,-11],[15,-24],[38,5],[35,60],[40,19],[58,47],[-24,8],[2,39],[26,26],[115,25],[76,3],[43,-25],[-11,-43],[-91,-110],[-33,-61],[-21,-56],[-3,-67],[13,-45],[33,-57],[53,-30],[43,-7],[46,6],[35,15],[59,65],[31,22],[70,10],[121,57],[42,8],[53,57],[30,4],[50,50],[52,3],[67,-30]],[[22861,39806],[-5,-152],[-2,-167],[21,0]],[[22516,37932],[-11,-635],[-6,-259],[-360,9],[-357,10],[-121,6],[-163,-3],[-6,-169],[-6,-570],[-8,-316],[-439,10],[-385,6],[-172,5]],[[20482,36026],[7,323],[12,379],[7,353]],[[21076,40173],[-1,-19],[36,-84],[77,-44],[71,-135],[31,-44],[-30,-11],[-123,40],[-101,-9],[-43,5],[-168,-9],[-47,4],[-6,17],[-50,32],[-106,-37],[-57,-11],[-55,-2],[-19,9],[-49,-4],[-112,1]],[[22911,40969],[-13,-420],[-6,0],[-15,-353],[-4,-178],[-12,-212]],[[22065,31140],[1,26]],[[22066,31166],[46,-23],[38,3],[38,33],[25,40],[1,69],[35,44],[100,-26],[115,23],[37,-153],[-7,-53],[33,-99]],[[23233,30532],[-11,-283],[13,-152],[26,-93],[25,-27],[44,-22],[73,-9],[100,5],[3,-62],[9,-10],[-15,-46]],[[23500,29833],[-51,-47],[-3,-108],[-9,-27],[-5,-76],[-26,-78],[-20,-34],[-42,-27],[0,-66],[46,-56],[0,-62],[-16,-38],[-63,-1],[-3,-24],[-6,-279],[-3,-7],[-162,-7],[-5,-249],[42,-60]],[[23174,28587],[-44,-3],[-163,5],[-653,7],[-118,2]],[[22196,28598],[-212,7]],[[21984,28605],[21,968],[19,1144],[35,0],[1,175],[5,248]],[[22066,31166],[7,257],[1,171]],[[22096,32829],[2,1],[529,-15],[589,-20],[93,-3]],[[23500,29833],[156,-9],[42,-29],[1,-18],[545,-30],[36,-48],[84,-7],[42,-57],[73,-13],[63,-21],[101,6],[70,25],[64,-1],[69,-70],[32,-49],[38,-24],[47,2],[90,49],[32,-11],[91,23],[19,-17],[33,-5],[70,-45],[42,-9],[35,-44],[77,-2],[32,-12],[66,-6],[31,-26],[1,-46],[33,-62],[39,-4],[23,-14],[46,28]],[[25723,29287],[-5,-393],[-6,-157],[-4,-196],[-211,3]],[[25497,28544],[-261,4],[-353,8],[-138,-1],[-501,2],[-158,12],[-251,6],[-206,9],[-332,8]],[[23297,28592],[-123,-5]],[[23770,23156],[155,267],[27,51],[199,344]],[[24151,23818],[-4,-191],[273,-6]],[[20057,25641],[67,-7],[21,-9],[35,-36],[29,-17],[66,-11],[16,-9]],[[20291,25552],[19,-25],[7,-92],[19,-39]],[[20336,25396],[-78,1],[-17,39],[-121,5]],[[20120,25441],[-157,80]],[[20109,25046],[60,-2],[81,-39],[36,-9],[55,9],[110,-4]],[[20451,25001],[5,-73],[34,-152]],[[20523,24423],[-53,-4],[-20,36],[-49,51],[-65,8],[-21,13],[-53,10],[-33,-41],[-53,6]],[[22400,18047],[598,-16]],[[24174,15764],[-14,-31],[-128,-26],[-64,1],[-31,-10],[31,-49],[23,-5],[33,-28],[-3,-158],[-5,-110],[-162,0],[-117,5]],[[22740,16274],[-358,8]],[[25572,13203],[-14,24],[-34,104],[3,65],[-13,71],[-34,42],[-46,28],[-67,114],[-51,44],[-53,14],[-39,18],[-37,36],[-7,24],[-2,117],[-5,14],[-54,71],[-12,36],[-2,187],[-10,33],[-31,59],[-5,444],[-122,47],[-23,3],[-374,9]],[[24340,14859],[2,45],[-43,8],[-43,40],[-55,61],[-15,50],[18,28],[-6,35],[-20,15],[41,45],[63,36],[21,32],[2,59],[13,57],[-1,67],[-12,53],[10,45],[44,48]],[[22065,31140],[-152,-13],[-96,-27],[-84,-49],[-29,-31],[-80,-34],[-236,-112]],[[21388,30874],[-17,137],[-6,100],[-8,17],[-43,-1],[-67,-19],[-62,13],[-46,-44],[-24,57],[5,19],[38,43],[-6,32],[29,58]],[[20064,31526],[53,-37],[41,-16],[55,-7],[49,7],[51,-8],[52,1],[121,86],[60,19],[33,58],[72,47],[35,9],[18,48],[25,9],[13,34]],[[21388,30874],[-87,-43],[-182,-111],[-71,-53],[-91,-5],[-93,-58],[-31,-3],[-98,36],[-85,-19],[-66,-49],[-155,-39],[-31,22],[-23,-22],[-46,-11],[-75,2],[-23,72]],[[20231,30593],[-15,75],[-36,140],[-23,67],[-2,89],[-23,101],[1,169],[17,50],[-14,31],[14,37],[-24,51],[4,24],[-27,27],[-35,16],[-4,56]],[[2479,28474],[6,248],[56,-5]],[[2541,28717],[43,-45],[53,-24],[88,-21]],[[2725,28627],[7,-27],[-30,-75],[17,-69],[-59,2],[-1,-78],[-82,38],[-1,-91]],[[2576,28327],[-99,3],[2,144]],[[21366,20962],[-3,-139],[23,-11],[-3,-53]],[[21383,20759],[-23,-9],[-31,32],[-83,-66]],[[21246,20716],[-31,16],[-9,70],[-17,64],[-4,63],[-23,45]],[[21171,20673],[11,-8],[62,-1],[2,52]],[[21383,20759],[83,1]],[[21039,20302],[-59,-13],[-5,40],[2,128],[-6,5]],[[20971,20462],[7,55]],[[37004,18475],[-29,-16]],[[36975,18459],[-95,227],[-39,54],[-63,54],[-227,2]],[[37522,18324],[-82,-224]],[[37440,18100],[-110,34],[-6,-9],[36,-54],[-15,-77],[-91,9],[-17,-20],[-101,5],[-53,-23],[-11,57],[-13,11],[-78,27]],[[36981,18060],[-30,102],[21,81],[39,3],[13,29],[41,3],[-43,72],[-47,109]],[[36981,18060],[-115,-7],[-52,0],[-54,-8]],[[33106,16153],[498,-3],[3,173],[-1,178],[5,239]],[[37440,18100],[-24,-80],[-12,-78],[8,-83],[11,-47],[42,-226],[20,-93],[25,-78],[43,-90],[-4,-73],[-13,-55],[-43,-128],[-17,-36],[-76,-100],[-34,-34],[-74,-59],[-34,-21],[-60,-21],[-58,-4],[-54,7],[-51,-2],[-62,-11],[-36,-20],[-80,-69],[-53,-72],[29,-47],[-107,-195],[0,-87],[61,-160],[26,-159],[-37,-86],[-73,-25],[-81,0],[-74,32],[-37,34],[-29,49],[-5,86],[20,108],[93,170],[46,181],[4,41],[-42,-3],[-122,-70],[-68,-29],[-57,-16],[-80,-11],[-44,6],[-72,22],[-123,42],[-46,19],[-49,6],[-52,-9],[-45,-26],[-31,-30],[-34,-53],[-7,-35],[5,-70],[13,-43],[27,-45],[91,-98],[108,-145],[59,-103],[14,-39],[6,-99],[-11,-105],[-15,-56],[-26,-43],[-55,-72],[-58,-63],[-70,-47],[-73,-15],[-151,26],[-121,54],[-178,55],[-34,3],[-86,-28],[-37,-54],[-13,-188],[-41,-170],[-10,-79],[5,-136],[16,-68],[-2,-30],[-28,-67],[-53,-86],[-86,63],[-77,5],[-112,32],[-42,24],[-102,79],[-40,35],[-28,39],[-18,44],[-16,70],[-29,73],[-35,14],[-55,9],[-64,3],[-54,-22],[-63,-84],[-15,-63],[6,-95],[18,-84],[64,-104],[73,-101],[50,-63],[58,-45],[109,-63],[66,-45],[24,-8],[36,22],[51,16],[36,-30],[38,-3],[56,17],[24,20],[82,10],[47,-10],[47,-20],[52,-6],[54,10],[68,-4],[53,-13],[46,-27],[29,-39],[16,-75],[5,-50],[-4,-68],[-31,-72],[-46,-73],[-62,-71],[-47,-38],[-79,-37],[-85,-12],[-93,12],[-81,30],[-43,27],[-55,57],[-69,44],[-32,30],[-84,94],[-21,5],[-46,33],[-78,15],[-31,-23],[-60,-69],[-58,-45],[-98,-58],[-205,-169],[-22,-60],[10,-64],[39,-79]],[[34041,13511],[-24,-2],[-316,6],[-240,3],[-245,-1],[-322,3],[-361,-5]],[[32533,13515],[15,45],[28,28],[24,74],[40,8],[41,-34],[31,21],[0,79],[28,43],[42,12],[60,-10],[57,36],[-7,16],[-40,7],[-29,59],[-33,42],[0,24],[59,34],[7,28],[-20,36],[-28,82],[-50,45],[-5,28],[56,30],[4,36],[-40,22],[-19,28],[1,36],[47,83],[8,56],[35,2],[31,-42],[23,-12],[42,10],[23,23],[13,37],[-3,57],[10,54],[23,27],[41,15],[18,20],[-11,38],[-44,51],[-8,89],[18,84],[-10,22],[-75,38],[-26,32],[-15,38],[16,40],[35,-33],[44,5],[38,33],[15,48],[-40,21],[-11,22],[33,60],[-58,0],[-36,29],[-3,38],[19,73],[-2,29],[-33,22],[-4,28],[39,58],[5,99],[21,20],[43,-8],[13,-43],[-14,-46],[12,-25],[35,-10],[19,14],[5,46],[-26,56],[7,79],[-10,46],[-29,42],[29,18],[32,-23],[31,-6],[25,46],[-10,38],[-28,25],[-62,-10],[-6,34],[36,16],[40,3],[8,17],[-19,35],[31,71],[-29,54]],[[38225,26944],[9,500],[4,337],[4,177],[1,180],[5,349],[1,267]],[[38965,42360],[380,-2],[626,1],[101,-2],[385,-1]],[[40457,42356],[10,-22],[0,-415],[-2,-263],[88,-1],[0,-263],[-90,-1],[-3,-44],[15,-21],[-12,-22],[-3,-581],[-2,-370],[24,-16],[75,3],[27,7],[112,-11],[-17,-50],[-36,-51],[-14,-61],[-36,-98],[-41,-57],[-60,-119],[-25,-28],[-12,-37]],[[40455,39835],[-24,-1],[-50,-26],[-92,23],[-61,6],[-58,-39],[-39,-11],[-66,-31],[-62,-16],[-44,-18],[-50,-58],[-76,-36],[-4,-159],[-9,-5]],[[38613,39471],[-158,6],[-19,9],[-243,1],[-239,4]],[[37954,39491],[0,232],[3,143],[15,45],[49,30],[21,30],[2,724],[4,163],[42,67],[3,43],[36,42],[7,20],[2,118],[58,29],[26,45],[42,26],[61,85],[43,15],[27,91],[6,53],[2,103],[70,220],[19,64],[3,133],[51,57],[13,3],[91,-19],[80,40],[235,267]],[[39953,39286],[60,-3],[59,65],[14,-63],[271,-1],[-8,84],[21,6],[0,86],[125,2],[2,178],[-43,2],[1,193]],[[40457,42356],[198,-1],[300,1],[263,0],[291,1],[-19,-14],[11,-43],[-35,10],[-26,-13],[30,-30],[-3,-38],[-31,-12],[28,-26],[-22,-37],[3,-18],[97,-42],[36,2],[16,-15],[5,-58],[-22,-16],[-36,14],[-40,2],[-22,-48],[17,-33],[27,21],[23,-24],[33,-6],[2,41],[34,1],[5,-26],[-13,-45],[19,-43],[52,-35],[-27,-41],[12,-75],[-5,-25],[21,-47],[-16,-41],[-29,-3],[13,-35],[-47,-10],[-17,-72],[38,-44],[27,-4],[23,-47],[-10,-51],[44,20],[19,21],[22,-19],[-13,-47],[87,-15],[26,-24],[8,-28],[36,23],[4,-31],[31,-14],[26,18],[33,-41],[22,23],[46,-3],[110,-30],[30,-24],[6,-34],[41,-44],[31,6],[6,-34],[34,-42],[-18,-23],[41,-12],[-28,-73],[25,-35],[3,-42],[-9,-32],[11,-26],[-27,-24],[-1,-77],[-44,-37],[-43,-70],[-20,-5],[34,-65],[-25,-32],[-13,-50],[27,-36],[-35,-83],[-25,-17],[20,-29],[-24,-21],[26,-44],[29,9],[47,-60],[18,-10],[21,-78],[28,-53],[-57,-68],[6,-21],[-78,-77],[22,-92],[-37,-31],[-38,-81],[-21,-7],[-98,-2],[-27,-28],[-27,2],[-38,-39],[-58,6],[-41,-41],[-12,-113],[-38,-57],[5,-30],[-36,-37],[-41,-4],[-6,-26],[29,-16],[0,-30],[28,-23],[-27,-67],[-32,-12],[-12,-28],[-93,11],[-14,-47],[-47,-20],[-23,-35],[-7,-40],[-48,-25],[-37,24],[-38,-13],[-66,-45],[-35,-8],[-12,-34],[-38,13],[-6,-36],[-31,-11],[-21,13],[-21,-51]],[[40580,41257],[24,-98],[22,-29],[38,-22],[39,3],[84,-10],[52,-58],[38,-2],[3,-44],[23,-1],[18,-22],[-15,-42],[15,-18],[-2,-138],[22,0],[33,-46],[30,19],[29,-15],[21,-51],[0,-42],[30,-1],[1,-43],[50,-2],[31,-24],[9,-61],[134,261],[148,3],[8,4],[1,172],[49,0],[30,34],[3,201],[3,31],[-289,0],[3,54],[-24,76],[20,43],[-44,3],[-180,0],[-10,19],[-33,-20],[-56,0],[16,-39],[-14,-36],[-29,0],[-14,-22],[-28,-8],[-34,17],[-33,1],[0,-37],[-18,-7],[-107,1],[-1,42],[-81,0],[-15,-46]],[[35633,42364],[516,0],[334,-4],[166,4],[149,1],[185,-2],[459,0],[217,1],[578,-1],[94,-1],[237,3],[397,-5]],[[37139,40957],[195,-3],[30,-77],[-4,-48],[-31,-49],[86,2],[35,-5],[-1,-44],[48,-14],[11,-24],[-26,-23],[28,-33],[16,34],[42,22],[34,45],[18,9],[5,50],[28,-3],[32,36],[4,47],[-18,33],[49,7],[26,-24],[14,31],[-33,5],[-19,22],[27,65],[57,-6],[12,21],[-27,18],[-21,44],[44,39],[-19,25],[71,56],[-47,1],[3,252],[-84,-8],[4,175],[-247,12],[-1,-24],[-61,-22],[-41,-26],[-79,-22],[-55,-63],[-24,-137],[0,-52],[32,-45],[-109,-94],[-4,-205]],[[24578,30133],[-50,-6],[-58,-34],[-21,-28],[14,-37],[35,-13],[29,15],[33,-44],[47,-26],[49,-45],[59,-42],[5,-34],[-13,-38],[8,-51],[18,-28],[62,10],[10,10],[107,21],[75,7],[145,-55],[186,-30],[23,4],[51,56],[29,3],[21,-30],[66,0],[43,-29],[2,-55],[11,-29],[38,-25],[13,-37],[-10,-28],[-33,-12],[138,-33],[18,18]],[[25728,29488],[-5,-201]],[[26253,30671],[-11,-333],[-6,-382],[-6,-236],[-44,-5],[-58,-27],[-39,17],[-23,-6],[-29,-42],[-41,-2],[-70,54],[-44,-87],[-17,-67],[-72,-48],[-65,-19]],[[4243,38614],[0,-173]],[[4243,38441],[-40,1]],[[4203,38442],[-83,1]],[[4120,38443],[8,440]],[[28694,33891],[-4,-21],[11,-93],[25,-48],[20,-58],[9,-50],[18,-12],[-2,-190],[-41,24],[-42,12]],[[30843,34995],[342,2],[116,-1],[483,-10]],[[8119,41720],[16,-19],[42,-8],[73,-66],[55,0],[48,-13],[43,5],[68,-1],[43,-23],[46,-5],[36,-45]],[[8589,41545],[-13,-66],[-20,-2],[-5,-64],[-36,-62],[1,-44],[23,-61],[-22,-59],[-3,-35],[-31,-23],[-55,-92],[15,-62],[29,-39],[-5,-28],[41,-7],[54,-26],[7,-12],[-5,-55],[12,-75],[-90,-90],[-40,-19],[-22,-45],[-31,-11],[-1,-22],[-29,-19],[-72,-103],[-31,14],[-16,-17],[-35,19],[-73,-39],[-24,28],[-38,27],[-41,17],[40,70],[37,22],[4,24],[-26,54],[-23,77],[-25,51],[-1,47],[42,40],[19,35],[34,20],[8,26],[-25,63],[-6,72],[-62,45],[-82,28],[-16,14],[-29,68],[-1,25],[-66,50],[-28,58],[20,45],[43,21],[37,95],[59,62],[48,107],[30,25],[17,32],[38,-29]],[[14332,14934],[-42,-12],[11,48],[-30,12],[-25,-53],[-52,19],[1,50],[14,17],[-7,35],[-406,10],[-498,16]],[[16961,18177],[164,3],[347,-7],[-6,-355],[35,0]],[[17501,17818],[-184,-192],[-125,-136],[-207,-212],[-37,-47],[-104,-155],[-61,-74],[-61,-58]],[[17501,17818],[299,-2],[166,-8],[-10,-708],[163,-3]],[[10581,37836],[316,-6],[361,-17],[333,-5],[651,-15]],[[15553,37717],[-8,-528],[66,0],[-4,-168],[-6,-340],[-7,-351],[-5,-131]],[[15589,36199],[-32,-17],[-59,-61],[-41,-11],[-14,26],[15,38],[-1,54],[13,61],[20,54],[13,5],[5,63],[-20,22],[-31,-25],[-20,-43],[-36,-36],[-35,-15],[-50,32],[-29,-2],[-27,-50],[-38,-13],[-40,34],[-37,3],[-15,-31],[-61,-42],[-30,22],[-11,31],[-34,23],[-24,-6],[-11,-53],[-79,-55],[-34,-15],[-112,10],[-29,-7],[4,-56],[-15,-26],[-29,-6],[-52,31],[-31,3],[-72,-53],[-12,16],[11,79],[-38,18],[-51,-15],[-61,30],[-3,19],[-29,20],[-40,0],[-11,24],[8,33],[-13,90],[-26,-31],[-31,-6],[-55,3],[-11,-13],[-45,-2],[-41,19],[-60,10],[-39,-3],[-24,14],[-41,-29],[-41,31],[-42,3],[-28,15],[4,-77],[-35,-46],[-49,-41],[-15,-44],[-24,-38],[-6,-29],[20,-19],[-19,-22],[-46,-31],[-20,-28],[-24,8],[-62,-14],[-48,25],[-62,7],[-8,23],[6,57],[14,28],[3,48],[-28,38],[-57,24],[1,-27],[-18,-43],[-26,-32],[-6,-26],[8,-70],[-26,-22],[-32,7],[-22,19],[-40,64],[-17,55],[21,51],[51,-4],[36,77],[-14,28],[-48,9],[27,43],[45,11],[-5,51],[-37,2],[-22,15],[-30,-1],[-16,26],[-50,39],[-54,2],[-45,23],[-33,28],[-27,5],[-96,95],[-40,-12],[-54,16],[-36,-24],[-65,9],[-89,-16],[-52,-59],[-19,-52],[-32,-23],[-26,13],[-20,-29],[-42,-22],[-47,42],[-47,-27],[3,-33],[-20,-40],[-26,-14],[1,-55],[-19,-23],[-62,15],[-40,-9],[-64,30],[-20,51],[-40,49],[-11,27],[-40,23],[-25,32],[-39,24],[-20,57],[-27,-1],[-59,-57],[-31,3],[-58,-115],[-34,-32],[-31,-66],[-25,-16],[-78,-2],[-34,-23],[-47,-11],[-46,-28],[-38,-62],[-31,-34],[-16,-32],[-17,-82],[9,-38],[-32,-34],[-26,23],[-62,22],[-11,45],[-21,35],[2,34],[-33,110],[-60,48],[-53,20],[-47,74],[-49,43],[-44,50]],[[10866,36531],[2,270],[4,175],[23,323],[-321,9],[5,176],[2,352]],[[15589,36199],[-2,-45],[-6,-365],[-3,-178],[-28,-960],[-14,-599],[-28,0],[-7,-540],[-10,-531]],[[13510,33033],[-163,4],[-167,8],[-677,6],[-155,-1],[-670,1],[-478,12],[-181,6],[-327,16],[-484,15],[5,352]],[[10213,33452],[8,352],[7,173],[4,201],[-83,4],[4,184],[13,341],[5,176],[164,-6],[11,359],[0,176],[167,-10],[6,352],[166,-2],[3,175],[160,-1],[13,347],[5,258]],[[20482,36026],[-13,-567]],[[20469,35459],[-24,34],[-3,41],[-43,25],[-117,53],[-98,-41],[-35,7],[-65,-53],[-91,-20],[-43,16],[-33,32],[-19,32],[-38,39],[-58,32],[-15,-46],[-53,-32],[-117,-9],[-53,-15],[-35,37],[-49,36],[-83,32],[-105,-26],[-32,16],[-108,19],[-46,-24],[-9,-40],[-32,-11],[-28,-47],[-5,-33],[-26,-20],[-28,-41],[-20,-100],[-71,-83],[-72,2],[-24,-6],[-15,-47],[-45,-184],[-2,-22],[26,-130],[-56,3],[-35,76],[-29,39],[-87,-93],[-48,-25],[-13,-39],[-66,-2],[-3,-41],[-48,-5],[-16,-45],[-44,-65],[-51,-27],[-6,-22],[20,-48],[-4,-63],[-25,-64],[1,-43],[-21,-32],[-51,-54],[-11,-34],[39,-79],[-7,-57],[13,-52],[-15,-19],[-48,20],[-52,13],[-64,48],[-26,45],[-41,38],[-6,67],[-36,35],[-63,21],[9,35],[-12,121],[-12,20],[-50,0],[-54,35],[22,46],[3,86],[-25,8],[-40,-5],[-24,-33],[-102,44],[-22,28]],[[17549,34763],[37,35],[58,35],[8,43],[28,24],[68,79],[50,44],[31,12],[-1,22],[28,70],[-6,40],[6,32],[-25,3],[0,40],[-22,55],[-44,1],[-24,52],[-38,21],[11,36],[-25,50],[-4,37],[-17,33],[25,58],[28,2],[28,36],[-7,27],[-53,30],[-23,-8],[-14,-30],[-48,19],[6,18],[-13,40],[57,42],[52,-7],[55,39],[-45,26],[-4,18],[58,64],[28,-35],[24,8],[5,29],[-45,34],[-18,28],[4,26],[62,18],[-59,39],[34,53],[-10,31],[-42,7],[-10,50],[43,13],[41,-15],[9,13],[-24,39],[16,47],[72,11],[25,20],[23,41],[43,29],[3,19],[-32,25],[9,27],[80,-47],[22,-6],[43,12],[18,16],[63,26],[14,56],[-21,46],[-37,18],[-69,9],[-27,12],[-2,35],[35,35],[27,-10],[34,-42],[50,-9],[51,8],[54,-18],[70,-15],[4,-58],[22,-57],[60,2],[52,49],[45,32],[14,21],[-13,29],[-46,34],[-29,114],[-64,31],[0,46],[20,13],[65,-10],[31,-21],[32,-75],[1,-43],[41,-68],[58,-38],[58,-16],[42,9],[84,-11],[-12,67],[63,67],[-24,36],[-71,-6],[-22,23],[11,59],[22,14],[104,5],[24,14],[22,38],[12,48],[-8,26],[-79,24],[-18,35],[5,40],[46,55]],[[38298,36957],[0,-37],[29,0],[0,-49],[34,5],[-179,-357]],[[1493,19873],[60,8],[26,-7],[101,-3],[41,3],[77,-50],[114,0],[20,-16],[21,-57],[67,-75],[40,-79],[20,-26],[4,-60],[17,-32],[38,-19],[53,-57],[11,-63],[46,-72],[62,-20],[52,-62],[53,-29],[25,-27],[18,5],[72,-20],[85,-40],[25,-22],[97,-51],[13,-46],[-10,-38],[84,-34],[27,3]],[[2852,18887],[-1,-47],[42,-5],[110,2],[217,57],[13,1]],[[3233,18895],[-44,-49],[-28,-11],[-40,-31],[-26,-38],[-1,-101],[143,-58],[29,-20],[80,-32],[56,0],[58,-18],[58,-33],[29,32]],[[3547,18536],[3,-38],[35,-37],[7,-29],[-42,-36],[14,-41],[-10,-22],[-82,-64],[26,-40],[3,-21],[-65,-21],[-31,-57],[30,-115],[1,-33],[-48,-23],[1,-44],[-15,-28],[-5,-43],[-60,-26],[-15,-66],[4,-28],[55,-21],[33,3],[28,28],[83,-5],[36,-10],[50,-28],[51,-40],[33,-7],[33,-22],[78,-37],[33,-44]],[[3811,17541],[-23,-12],[-19,-32],[-30,-4],[-27,-42],[-17,-8],[-71,-78],[-68,-34],[-42,18],[-24,-19],[-3,-38],[-29,-2],[-48,32],[-62,22],[-60,3],[-23,-16],[-70,27],[-63,36],[-54,9],[-38,17],[-19,-9],[-76,2],[-60,9],[-29,-35],[-36,-14],[-108,-4],[-127,31],[-53,26],[-44,2],[-76,29],[-69,20],[-45,1],[-24,-10],[-41,8],[-42,-11],[-50,7],[-77,-3],[-80,-9],[-71,-16],[2,42],[-277,5],[-197,6]],[[1441,17497],[12,527],[15,719],[25,1130]],[[3547,18536],[13,33],[139,-3],[88,28],[0,37],[-16,20],[27,30],[-9,46],[3,131],[-6,26],[59,33],[44,8],[32,-4],[18,33],[39,33],[57,9],[11,17],[39,1],[28,21],[-3,42],[-79,54],[-47,10],[-30,30],[-115,6]],[[3839,19177],[4,391],[5,257],[14,33],[19,11],[373,99],[38,25],[34,40],[15,37],[11,65],[-9,35],[-38,43],[-30,13],[-51,40],[-93,47],[-51,18],[-99,56],[-39,10],[-44,35],[-6,21],[16,50]],[[3908,20503],[597,-14],[74,-1],[571,-10],[266,-5],[0,-113],[157,-1],[169,-7],[488,-22],[164,-12],[-2,-171]],[[6392,20147],[-11,-519],[-6,-357],[-7,-648]],[[6368,18623],[-5,-406],[-9,-502],[-5,-401]],[[6349,17314],[-77,-3],[-66,31],[-41,-13],[-64,5],[-124,3],[-19,18],[-38,10],[-4,16],[-87,2],[-35,-15],[-52,10],[-59,4],[-135,33],[-185,5],[-15,-10],[-47,10],[-39,-11],[-61,14],[-39,-3],[-53,27],[-41,3],[-48,-10],[-48,5],[-30,20],[-56,18],[-66,-14],[-50,7],[-65,31],[-47,15],[-47,5],[-32,56],[-4,24],[-29,17],[-58,87],[-21,-15],[-70,49],[-14,-5],[-77,20],[-29,-34],[-65,-11],[-37,-16],[-76,12],[-21,-11],[-52,12],[-40,-42],[-50,-10],[-25,-21],[-53,4],[-22,-32],[6,-43],[-31,-27]],[[1417,16428],[3,9],[185,-3],[299,-8],[133,-1],[39,5],[50,-10],[112,1],[13,-44],[59,-89],[19,42],[106,-3],[27,-12],[38,9],[25,-9],[24,-34],[38,17],[30,-9],[75,-7],[52,7],[10,14],[70,1],[108,-5],[43,9],[93,-14],[33,1],[25,22],[62,-11],[39,10],[49,-5],[16,-20],[82,-22]],[[3374,16269],[-12,-736],[-1,-197],[115,-2],[-2,-230],[0,-178],[3,-520]],[[1371,14378],[5,176],[2,175],[8,375],[8,453],[12,525],[11,346]],[[6349,17314],[2,-160],[-3,-316],[-1,-336],[-4,-184]],[[6343,16318],[-156,3],[-446,13],[-910,16],[-144,2],[-662,13],[-315,13],[-162,5],[-172,2],[-2,-116]],[[1417,16428],[-1,30],[18,683],[7,356]],[[3233,18895],[131,60],[53,37],[54,22],[40,27],[16,72],[28,28]],[[3555,19141],[50,34],[70,9],[164,-7]],[[17779,2469],[-274,3]],[[17505,2472],[0,117],[40,27],[-4,123],[4,117],[9,58],[71,-33],[52,-47],[41,-50],[34,-20]],[[13776,28060],[2,78],[13,49],[13,84],[29,4],[64,-13],[39,-39],[-6,-123],[120,-3],[3,-45],[42,-23]],[[14095,28029],[-5,-178],[-12,-19],[-29,0],[-2,-109]],[[14047,27723],[-41,17]],[[14006,27740],[-55,26],[-29,23],[-37,-35],[-82,1]],[[20117,25311],[147,-5],[142,0]],[[20406,25306],[69,-88]],[[20475,25218],[-9,-3],[-193,5],[3,-44],[-163,4]],[[20113,25180],[4,131]],[[19387,25064],[79,-1],[33,-9],[44,7],[320,-8]],[[19863,25053],[164,-4]],[[19630,24611],[-36,20],[-28,56],[-28,7],[-28,-16],[-35,68],[-32,-11],[-14,-23],[-69,1],[9,332],[18,19]],[[4198,38180],[122,-8],[17,55],[0,92],[8,32],[86,-3]],[[4431,38348],[-23,-36],[-7,-315]],[[4390,37929],[-24,-19],[-101,-19],[-37,-23],[0,70],[-50,9],[16,35],[4,198]],[[17202,22247],[19,1],[83,40],[28,-22],[25,-57],[47,-20],[12,-40],[36,-41],[6,313]],[[17458,22421],[177,-8],[645,-15],[-19,-709],[-9,-347],[213,-10],[113,-3],[647,-23],[-3,-200]],[[19222,21106],[-7,-238]],[[19215,20868],[-29,0],[-33,-22],[-30,-2],[-12,-29],[-128,-86],[-17,-5]],[[18966,20724],[-89,-17],[-56,-66],[-28,-14],[-53,-7],[-57,-36],[-46,-11],[-22,-59],[-34,-9],[5,-29],[-49,-37],[-13,-56],[-21,-16],[-23,-42],[-27,-28],[-46,1],[-17,-35],[6,-43],[-6,-58],[5,-26],[34,-43],[4,-55],[13,-79],[21,-53],[22,-23],[56,-21],[8,-44],[23,-21],[1,-52],[-22,-54],[16,-54],[14,-16],[2,-39],[-11,-26],[9,-29],[-25,-25],[0,-33],[27,-35],[-2,-21]],[[18585,19413],[-99,35],[-105,-28],[-90,6],[-62,15],[-67,7],[-29,-6],[-48,8],[-54,39],[-35,4],[-40,24],[-50,-19],[-69,-14],[-56,46],[-59,37],[-52,3],[-120,-29],[-80,-51],[-31,7],[-81,57],[-19,33],[-59,4],[-73,-42],[-22,-28]],[[17185,19521],[1,42],[19,50],[-5,67],[11,65],[-27,73],[-43,84],[-50,74],[-8,50],[14,81],[-30,40],[-6,48],[10,22],[0,85],[20,45],[45,37],[11,78],[11,20],[58,52],[56,94],[7,34],[-19,53],[-7,49],[3,74],[-18,80],[0,51],[21,73],[-1,121],[-26,59],[-5,49],[-19,58],[4,26],[33,45],[42,41],[2,81],[-21,48],[-11,64],[-11,17],[-58,48],[-21,31],[-55,52],[-12,20],[-22,124],[9,83],[17,62],[30,53],[53,58],[15,65]],[[21641,20860],[158,-8]],[[21799,20852],[107,-6],[60,-18]],[[21966,20828],[-28,-64]],[[21938,20764],[-14,-47],[-58,-23],[-3,-36],[-32,-32],[-38,58],[-86,-32]],[[21675,20662],[6,57],[-40,-16],[-5,28],[5,129]],[[21466,20760],[48,62],[8,42],[-10,80]],[[21512,20944],[4,2]],[[21516,20946],[18,6],[108,-5]],[[21642,20947],[-1,-87]],[[21366,20962],[123,-7],[23,-11]],[[21371,21100],[20,-1]],[[21391,21099],[136,-13]],[[21527,21086],[-21,-59],[10,-81]],[[20727,23358],[162,-9],[464,-13],[676,-14]],[[22029,23322],[-5,-132],[-7,-413]],[[22017,22777],[-2,-114],[63,-2],[18,-133],[42,-3],[-4,-131],[-82,3],[-3,-132]],[[22049,22265],[-127,2],[-28,-174],[-26,-77]],[[21868,22016],[-3,-21]],[[21865,21995],[-50,-3],[-57,37],[-2,-106],[-29,1]],[[21376,21892],[-53,54],[-152,89],[-25,22],[-25,50],[-30,162]],[[21091,22269],[-16,192],[-20,56],[-109,98],[-33,37],[-43,78],[-66,81]],[[5475,5664],[201,55],[-4,-167],[-17,-74]],[[5655,5478],[-184,4]],[[5471,5482],[4,182]],[[20469,35459],[0,-135],[-12,-350],[22,-1],[-1,-168],[-4,-172],[-1,-174],[-8,-354],[-6,-348]],[[20459,33757],[-497,7],[-486,3],[-166,7],[-168,-1],[-163,2],[-331,2],[-169,7],[-7,-415],[-3,-302],[-4,-162],[-333,16],[-224,4],[-424,14],[-123,2],[-400,11]],[[16961,32952],[14,31],[-7,129],[14,42],[-11,28],[3,41],[-41,50],[-62,31],[-65,48],[-6,66],[24,56],[66,46],[7,88],[-49,83],[20,32],[-24,27],[25,36],[-16,18],[-1,46],[23,28],[17,46],[-4,39],[27,10],[45,-26],[70,21],[9,59],[45,32],[6,50],[28,75],[10,46],[53,56],[12,30],[-12,24],[6,49],[21,13],[-4,44],[49,91],[6,43],[29,43],[32,14],[57,61],[46,9],[49,32],[77,24]],[[16961,32952],[-154,2]],[[35423,34019],[47,-1]],[[35470,34018],[20,-27],[104,-27],[69,8],[49,-32],[84,-8],[79,10],[49,23],[6,12],[255,3],[24,-26]],[[36209,33954],[-9,-19],[-50,-44],[-20,-27],[-53,-149],[-33,-39],[-25,-50],[-231,4],[-167,-2]],[[36232,34004],[-23,-50]],[[35470,34018],[110,92],[12,18],[75,151],[37,39],[231,66]],[[23622,21654],[16,570],[-6,66]],[[24661,21719],[13,-21],[30,9],[46,-48],[-14,-74],[17,-5],[-2,-83],[40,-3],[-1,-56],[15,-11],[66,-7],[16,-17],[67,-29],[27,-31],[9,-32],[-34,-47],[-30,-11],[-15,-21],[-58,-12],[-29,-23],[17,-17],[4,-41],[24,-40],[38,6],[27,22],[43,-32],[34,-10],[7,-50],[35,-4],[38,-43],[96,16],[39,-4],[28,-31],[66,-19],[85,-98],[-24,-30],[7,-38],[55,-73],[34,-15],[38,-62],[21,-17],[9,-47],[31,-24],[-8,-30],[17,-52],[-27,-70],[-18,-24],[23,-50],[116,9],[21,-20],[49,-27],[8,-34]],[[24058,18904],[1,192],[1,462],[-2,51],[-341,5],[-397,10],[-7,131],[18,118],[-6,19],[49,115],[24,36],[18,60],[3,176],[20,125],[-3,97],[8,70],[25,38],[-5,25],[7,93],[-43,22],[4,76],[170,-2],[2,179],[8,342],[10,310]],[[24193,23882],[-42,-64]],[[23654,22958],[8,324],[-13,1],[11,483],[4,83],[2,139]],[[24791,24745],[67,8]],[[24858,24753],[43,-27],[28,26],[52,-19],[47,19],[29,-24],[24,-4],[6,-46],[15,-21],[50,-39],[33,1],[7,-29],[34,-22],[17,-36],[23,33],[42,30],[37,-20],[45,-41],[45,-2],[13,-29],[62,-1]],[[5342,5651],[63,0],[70,13]],[[5471,5482],[-2,-133]],[[5343,5351],[-1,300]],[[29294,18925],[-4,-61],[-8,-464],[-178,1],[-13,-709],[-212,5]],[[28879,17697],[-297,166],[-35,24],[-13,50],[6,247],[22,-1],[0,53]],[[14314,26363],[-2,54],[-39,33],[-9,76],[-25,69],[37,2],[41,47],[2,25],[-32,26],[4,86],[-22,60],[2,40],[27,21],[99,-3],[5,211],[-34,5],[-46,76],[2,76]],[[14324,27267],[2,76],[-30,11],[-51,37]],[[14245,27391],[3,177],[-69,56]],[[14179,27624],[23,18],[55,-1],[50,10],[97,-5],[184,-4],[20,16],[4,34],[18,38],[147,-3],[37,-25],[4,-17],[44,-5],[106,-2],[27,-44],[78,4],[66,-5],[-3,-60],[-15,-36],[44,-30],[21,-41],[44,-14],[85,-85],[211,-6],[11,-14],[7,-49],[19,0],[36,-26],[21,1]],[[14095,28029],[29,75],[42,52],[63,23],[24,19],[41,-8],[60,-30],[58,-41],[65,-31],[84,-11],[33,11],[80,-2],[2,34],[79,6],[0,19]],[[14179,27624],[-80,68],[-52,31]],[[13561,28549],[120,-2],[11,23],[104,-7],[58,15],[54,-15],[33,66],[252,-6],[239,-9],[82,1],[178,-4]],[[13795,27537],[-5,-161],[11,-70]],[[13667,27357],[-4,66],[-40,0],[-11,47],[-31,27],[8,82],[125,-4]],[[13768,27232],[85,-12],[37,3],[144,-9],[32,57],[29,19],[102,-18],[127,-5]],[[14245,27391],[-133,103],[-23,10],[-170,41]],[[13919,27545],[4,130],[20,38],[24,-4],[39,31]],[[13919,27545],[-82,20],[-41,22]],[[20336,25396],[70,-90]],[[20117,25311],[3,130]],[[21685,25609],[10,102],[19,19],[71,5],[38,-8],[42,10],[24,21],[7,35]],[[21896,25793],[32,35],[49,22],[161,132],[56,55],[56,76],[40,183],[29,90],[42,50],[36,26],[33,42],[13,36],[5,91],[31,43],[11,49],[-11,51],[1,46],[49,79],[-7,57],[2,70],[-17,23],[-60,10],[-4,48],[-18,91],[-30,119],[-1,22],[16,82],[37,41],[2,45],[-25,29],[-22,2],[-17,34],[-35,96],[-19,110],[4,37],[-16,20],[-89,24],[-9,113],[20,86],[-13,53],[-23,58],[-8,61],[-22,27],[-12,88],[4,91],[13,86],[10,27],[-9,24],[15,25]],[[23297,28592],[-10,-530],[-2,-178],[-20,-938]],[[23265,26946],[-7,-316],[-7,-371],[-10,-386]],[[23241,25873],[-34,-35],[-61,-19],[-78,-49],[-82,-29],[-49,-38],[-31,3],[-56,-29],[-69,-53],[-16,6],[-39,-28],[-24,-1],[0,-44],[-11,-21],[-92,-40],[-2,-38],[-44,-35],[-44,11],[-62,-11],[-37,-20],[-83,-11],[0,60],[-61,-10],[-113,-3],[-106,11],[-9,-18],[-44,8]],[[21994,25440],[-10,22],[-86,19],[-57,2],[-7,27],[3,54],[-9,17],[-143,28]],[[21360,28622],[624,-17]],[[21896,25793],[13,27],[-12,28],[6,34],[-24,23],[-30,-5],[-25,13],[-103,-9],[-27,14],[-70,-13],[-55,8],[-64,53],[-5,58],[-16,15]],[[21484,26039],[-9,35],[-39,15],[37,33],[-14,24],[-66,79],[-9,35],[20,63],[5,67],[33,40],[-42,15],[-27,60],[9,27],[-20,25],[-26,89],[53,33],[-1,20],[-29,58],[-34,41],[-8,42],[-29,25],[-36,1],[-29,51],[52,28],[16,29],[-16,62],[-17,8],[-7,57],[-44,4],[-39,32],[12,31],[-3,69],[8,64],[67,50],[4,48]],[[21256,27399],[-41,26],[-12,50],[-59,55],[-52,18],[-23,-16],[-46,23],[-5,41],[20,27],[-15,34],[28,19],[69,20],[0,15],[46,46],[29,-8],[18,15],[-8,112],[6,27],[77,28],[46,26],[54,14],[38,42],[44,15],[33,45],[11,116],[-29,40],[-18,4],[-76,104],[12,79],[-10,42],[-3,80],[-31,44],[1,40]],[[35736,25986],[-4,-31],[10,-27],[-19,-21],[18,-28],[8,-60],[38,6],[23,-18],[-15,-69],[0,-116],[-43,-2],[2,-99],[-30,-50],[6,-32],[-19,-33],[-1,-52],[-20,-24],[6,-25],[-13,-36],[1,-34],[18,-36],[-5,-59],[5,-69],[60,-48],[-2,-51],[-18,-38],[-43,-55],[-30,-25]],[[35285,24478],[-285,-228],[-55,-34],[-174,-80],[-125,-68]],[[36834,25962],[166,-6]],[[37165,23060],[-352,-3],[-326,-6],[-510,-5],[-489,9],[-382,5]],[[5636,37603],[-56,-52],[-54,-70],[-16,-31],[1,-33],[-16,-27],[-101,20],[-35,2],[-70,-20],[-4,-27],[-31,1],[-37,25],[-65,28],[-25,-6],[-26,-26],[-54,1],[-34,25],[-40,-36],[-10,-24],[24,-34],[1,-22],[-37,-9],[-3,-17],[41,-66],[28,28],[84,-2],[1,-33],[24,-2],[58,-55],[206,-6],[-1,-33],[40,-15],[19,-54],[17,-23],[45,-29],[-3,-98],[33,-16],[43,-51],[7,-51],[17,-53],[-37,-56],[17,-37],[43,23],[28,-50],[70,-74],[11,-79],[-11,-42],[-26,-46],[2,-28],[-43,-12]],[[5661,36311],[3,167],[-9,30],[-105,141],[-15,12],[-107,42],[-117,79],[-47,12],[-36,19]],[[5228,36813],[-63,58],[-57,15],[-83,-3],[-147,3],[-15,6],[-118,87],[-28,14],[-53,3],[-100,-28]],[[4564,36968],[7,219],[43,111],[1,80]],[[2794,36025],[35,-1],[1,77],[12,10],[69,-3],[52,31],[50,80]],[[3013,36219],[36,50],[36,90],[111,166],[92,181]],[[3288,36706],[-5,-32],[9,-56],[-2,-42],[-14,-33],[12,-31],[-37,-53],[-2,-92],[78,-3],[6,-42],[19,-4],[11,-46],[-5,-88],[-28,-13],[9,-94],[27,-1],[49,-52],[35,-15],[95,-10],[14,-39],[58,-12]],[[3617,35948],[-9,-34],[-50,-67],[-60,-40],[-35,-70],[10,-46],[-8,-41],[-25,-40],[-6,-32],[-74,-55],[-41,-53],[-15,-59],[-42,-29],[-7,-30],[-55,10],[-2,47],[-39,34],[-37,70],[-17,2],[-46,-53],[-53,-13],[-86,-7],[-14,42],[-5,101],[-25,2],[-31,30]],[[2845,35617],[-19,46],[-44,60],[3,201],[9,101]],[[2622,38163],[30,-20],[50,-13],[-2,-44],[63,-8],[-1,-41],[23,-40],[39,-4],[9,-39],[-2,-76],[19,-17],[178,-5],[-1,-23]],[[3027,37833],[-32,-60],[2,-28],[-14,-34],[-48,-63],[-27,-13],[-29,-54],[-64,12],[-35,-6],[-32,20],[-49,10],[-50,-17],[-20,-17],[-34,-6],[-23,-16]],[[2572,37561],[-24,-23],[25,-47],[9,-38],[-20,-131],[-43,-106],[8,-33],[50,-45],[25,-5],[47,-34],[13,-39],[40,9],[35,-14],[33,-28],[19,-74],[31,-69],[38,-25],[-14,-54],[-45,-32],[-16,-22],[-3,-73],[-27,-81],[34,-36],[51,-37],[51,-5],[16,-69],[39,-30],[-17,-25],[-1,-28],[57,-56],[9,-39],[-27,-34],[48,-19]],[[2794,36025],[-40,-4],[-94,-41],[-146,-79],[-42,-51],[-43,-16],[-90,5],[-18,-5],[-45,-48],[-33,-46],[-34,-15],[-117,2],[-58,-41]],[[2034,35686],[10,395],[41,33],[11,394],[-7,20],[4,120],[9,427],[-50,25],[0,32],[29,104],[-7,47],[3,95],[39,66],[10,33],[-30,35],[-32,14]],[[3806,38230],[60,-1],[2,-32],[39,-12],[41,-1],[2,88],[166,-4],[1,-89],[81,1]],[[4390,37929],[9,-60],[-2,-71]],[[4397,37798],[-8,-38],[-21,-26],[-147,-62]],[[4221,37672],[-129,-56],[-20,-13]],[[4072,37603],[-9,61],[-5,79],[-118,3],[0,35],[-56,96],[-24,23]],[[3860,37900],[2,61],[-18,20],[11,32],[-7,47],[-22,58],[-20,112]],[[4866,38336],[85,-43],[72,-3],[96,-23],[65,-2],[24,6],[29,36],[34,18],[72,2],[110,38],[65,29],[159,6],[29,10],[83,54],[38,40],[52,26],[54,-1],[71,-23],[59,-29],[132,-17],[77,-24],[86,21],[94,4],[38,-17],[60,-62]],[[6550,38382],[-130,-433]],[[6420,37949],[-127,3],[-16,-4],[-94,-57],[-86,-66],[-7,-67],[-11,-36],[-32,-31],[-152,-106],[-50,-24],[-46,-35],[-37,-1],[-126,78]],[[4135,36112],[48,53],[31,79],[19,27],[39,140],[40,2],[7,29],[77,62],[32,19],[-45,18],[-31,42],[1,120],[-7,41],[8,158]],[[4354,36902],[2,88]],[[4356,36990],[82,-2],[80,-23],[46,3]],[[5228,36813],[9,-41],[-31,-28],[-15,-39],[-27,-3],[1,-47],[-25,-100],[-20,-24],[6,-22],[-13,-34],[-56,-21],[-11,-59],[-44,-41],[13,-20],[-8,-46],[20,-44],[-14,-53],[3,-46],[16,-62],[41,-39],[4,-41],[26,-49],[84,-2],[10,-46],[50,-1],[31,-11]],[[5278,35894],[-47,-17],[-20,-21],[1,-24],[25,-49],[1,-31],[-76,-36],[-85,-25],[-46,7],[-129,-7],[-52,13],[-41,-12],[-22,18],[-43,12],[-33,20],[-2,29],[-49,99],[9,89],[-5,55],[-62,13],[-20,-20],[-51,0],[-26,-11],[-23,22],[-31,-26],[-38,-1],[-35,23],[-180,19]],[[4198,36033],[-63,79]],[[2034,35686],[-88,-2],[-90,5],[-32,-6],[-57,8],[-70,77],[-27,50],[-33,10],[-64,-8],[-27,10],[-246,7],[-39,31],[-6,57],[1,103],[-35,30],[-223,4],[-38,12],[-139,92],[-25,6]],[[796,36172],[-82,616],[-36,262],[-67,508]],[[4178,37170],[13,0]],[[4305,37078],[-1,-46]],[[4304,37032],[-13,11],[-47,-6],[-30,-33],[-68,3]],[[4146,37007],[29,23],[10,52],[-53,17],[22,28],[22,-1],[2,44]],[[2572,37561],[16,-55],[64,-26],[21,-84],[25,-9],[27,-47],[36,-13],[12,-28],[41,11],[34,-1],[48,-25],[25,14],[46,-4],[35,-34],[47,-19],[204,-2],[30,36],[58,6],[298,-5]],[[3519,36836],[-18,-9],[-64,1],[-117,-76],[-32,-46]],[[3702,36901],[163,48],[68,24]],[[3933,36973],[32,-86],[20,-115],[143,-100],[10,-18],[0,-81],[-13,-253],[1,-72]],[[4126,36248],[-123,4],[-66,25],[-52,8],[-37,-15],[-26,-43],[-55,-21],[-28,-38],[-33,-83],[-55,-53],[-10,-45],[-24,-39]],[[3689,37664],[83,-2],[4,-21],[37,4],[2,104],[24,-1],[0,86],[18,27],[3,39]],[[4072,37603],[-15,-17],[-106,-170]],[[3740,37443],[-25,7],[-74,2],[5,164],[42,7],[1,41]],[[4112,37216],[2,44]],[[4114,37260],[2,122]],[[4116,37382],[42,9],[-3,-132],[24,0]],[[4178,37170],[-67,3],[1,43]],[[6420,37949],[-157,-525],[-9,-318],[-10,-526],[-4,-173],[-1,-137],[-6,-215],[-16,-661]],[[6217,35394],[-37,6],[-43,25],[-67,84],[-29,68],[-109,117],[-78,147],[-32,39],[-45,30],[-59,55],[-24,39]],[[5694,36004],[-1,142],[-32,102],[0,63]],[[3556,38803],[21,-21],[42,0],[14,-19],[56,-21],[48,-36],[41,-41],[25,-12],[49,-56],[39,2],[14,-19],[130,-4],[2,-87],[-36,-43]],[[4001,38446],[-295,7]],[[3706,38453],[-42,71],[-3,35],[-26,16],[-20,64],[-23,109],[-36,55]],[[4072,37603],[23,-44],[-2,-68],[25,-55],[-2,-54]],[[4114,37260],[-66,19],[-29,-15],[-142,5]],[[5694,36004],[-92,2],[-28,-18],[-120,1],[-28,-47],[-53,-33],[-62,-22],[-33,7]],[[4363,37253],[16,36],[75,31],[35,47],[42,14],[84,-3]],[[4356,36990],[-52,42]],[[4397,37798],[0,-28]],[[4397,37770],[-3,-128],[-10,-32]],[[4384,37610],[-60,-137]],[[4247,37476],[-26,92],[0,104]],[[4034,37006],[32,1]],[[4066,37007],[-4,-97],[292,-8]],[[4135,36112],[-19,33],[10,103]],[[3933,36973],[67,30],[34,3]],[[4066,37007],[80,0]],[[4397,37770],[44,-23],[26,5],[22,-34],[36,-6],[10,63],[106,-3]],[[4622,37597],[-22,-4],[-37,-36],[-49,-10],[-13,47],[-61,2],[-1,-33],[-38,8],[-17,39]],[[4001,38446],[119,-3]],[[4203,38442],[-5,-262]],[[3806,38230],[-68,166],[-32,57]],[[3666,41442],[70,23],[25,-41],[38,-1],[1,-42],[107,-49]],[[3907,41332],[-19,-72],[10,-47],[-26,-20],[-7,-75],[-14,-55],[3,-63],[-25,-30],[-21,-73],[-18,0],[-1,-63]],[[3673,41397],[-7,45]],[[2176,42375],[87,2],[569,-3]],[[2832,42374],[-35,-52],[-5,-28],[30,-41],[22,-65],[33,-66],[47,30],[7,58],[40,26],[23,-43],[-13,-48],[-15,-21],[-43,-20],[14,-26],[32,-7],[38,-29]],[[2504,41790],[-150,59],[-37,20],[-39,69],[0,62],[14,38],[-32,85],[12,36],[0,41],[-11,72],[-79,83],[-6,20]],[[711,38519],[87,1],[163,-4]],[[564,37899],[-22,166]],[[20513,21440],[-3,-110]],[[20355,21342],[-40,-7],[-27,32],[-32,6],[-15,21],[-34,11],[-37,-6],[-13,36]],[[4907,41011],[24,31],[127,132],[13,31],[25,163],[26,37],[47,47],[47,56],[35,20]],[[5251,41528],[53,22],[140,110],[188,77],[135,2],[29,-8],[44,-27],[23,-3],[37,20],[74,29],[39,-1]],[[6013,41749],[89,-59],[23,15],[46,-16],[35,-2],[-1,-43],[86,-2],[-3,-113],[3,-49],[18,-15],[22,-67],[31,-7],[7,-41],[-30,-7],[-17,-70],[-26,-36],[-39,-3],[-11,14],[-49,0],[-25,38],[-29,18],[-34,-11],[-77,-2],[-40,7],[-2,20],[-40,5],[-10,40],[-26,-16],[-57,-6],[-38,-13],[5,-61],[-12,-85],[-25,-39],[-23,2],[-15,-26],[-60,-45],[-24,-39],[-45,-1],[-21,21],[-74,-85],[-4,-37],[-15,-16],[-39,-70],[-21,-97],[3,-52],[29,-74],[49,-32]],[[4987,40593],[-9,52],[-43,34],[-8,61],[-55,10],[0,44],[-77,2],[94,157],[18,58]],[[18585,19413],[75,70],[86,65]],[[18746,19548],[35,-9],[32,-26],[24,-65],[12,-126],[-6,-45],[-19,-46],[-15,-75],[24,-43],[11,-47],[-4,-48]],[[18717,18913],[-71,-32],[-86,-100]],[[18560,18781],[-2,67],[15,23],[37,21],[48,70],[-28,68],[1,37],[32,49],[18,55],[30,21],[7,34],[-7,39],[-53,63],[-23,-2],[-56,23],[6,64]],[[21838,21741],[36,63],[98,107],[2,32],[-28,24],[-46,22],[-35,6]],[[21868,22016],[24,24],[20,-17],[77,-44],[32,-39],[56,-13],[-11,-19]],[[22066,21908],[-40,-28],[-49,-62],[-14,-44]],[[21963,21774],[-52,1],[-27,-34],[-46,0]],[[4576,38476],[7,85]],[[4583,38561],[204,-7]],[[4787,38554],[50,-1],[32,-65],[-1,-39]],[[4574,38345],[2,131]],[[4112,37216],[-41,1],[-4,-153],[-31,1],[-2,-59]],[[3933,36973],[-74,187],[1,63],[17,46]],[[4243,38441],[167,-4]],[[4410,38437],[41,-2]],[[4451,38435],[-1,-55],[-19,-32]],[[4451,38435],[60,-1],[12,43],[53,-1]],[[4462,38870],[147,-3]],[[4609,38867],[-23,-169],[-26,-94]],[[4560,38604],[-103,2]],[[4609,38867],[267,-7]],[[4876,38860],[-3,-135],[-19,-61],[-31,-29],[-35,-5],[-1,-76]],[[4583,38561],[-2,42],[-21,1]],[[3585,38897],[224,-5],[230,-8],[89,-1]],[[3556,38803],[21,51],[8,43]],[[22742,19720],[9,-22],[56,-83],[60,-111],[37,-45],[33,-89],[-4,-50],[-34,-63],[-94,-105],[-26,-60],[-6,-32],[12,-80],[22,-41],[65,-72],[84,-44],[59,-40],[35,-44],[27,-92],[8,-47],[-25,-116],[-49,-118],[-18,-56],[7,-36],[-9,-54],[-38,-85],[21,-73],[24,-31]],[[21842,19119],[3,10],[-9,432]],[[20971,20191],[162,-6]],[[21133,20185],[-11,-289]],[[21122,19896],[-30,2],[-26,-20],[-9,-37],[-46,-41],[-15,-24],[-45,-18]],[[20951,19758],[12,408],[8,25]],[[22526,22688],[28,58],[32,6],[41,-9],[48,15],[61,97]],[[22736,22855],[20,0],[-3,-86],[233,-6],[7,106],[93,0],[2,-34],[86,-11],[155,-7],[9,14]],[[23147,22589],[-90,-4],[-60,4],[-35,17],[-7,32],[-76,-3],[-5,-44],[-26,-25],[-21,9],[-35,-17],[-30,31],[-29,5],[-235,7]],[[22498,22601],[28,87]],[[21895,21249],[251,-6],[55,17]],[[22201,21260],[218,-108],[-23,-64]],[[22396,21088],[-54,16],[-150,15],[-92,4],[-167,22],[-40,11]],[[21893,21156],[-2,0]],[[20494,20652],[14,30],[29,11],[-7,73],[11,57]],[[20541,20823],[65,-4]],[[20971,20462],[-27,-33],[-21,6],[-51,-55],[-35,-14],[-24,8],[-19,-16],[-26,21],[-50,-28],[-46,-10],[-26,37],[-17,-33]],[[20629,20345],[-13,33],[-29,21],[-41,78],[-41,1],[-14,20],[3,154]],[[19600,18844],[95,-2],[25,27]],[[19720,18869],[40,18],[143,-18],[37,-33],[60,-2],[47,19],[19,20],[55,6]],[[20121,18879],[30,-1],[65,-36],[73,-13],[17,26],[1,29],[19,31],[41,0],[46,49],[45,37],[49,-6],[46,47],[16,26],[-9,52],[-20,26],[97,-3]],[[19392,17577],[-11,27],[5,146],[-53,70],[-14,49],[-6,66],[8,163],[10,76],[14,38],[-23,33],[-2,83],[28,30],[103,-6],[40,15],[38,3],[15,47],[25,36],[26,1],[12,29],[-6,63],[36,125],[-2,28],[16,42],[-5,28],[-33,28],[-13,47]],[[19215,20868],[-12,-439],[62,-2]],[[19265,20427],[34,-67],[2,-108],[15,-24],[72,-29],[22,-32],[-54,-87],[6,-50],[90,-49],[13,-25]],[[19465,19956],[21,-50],[-11,-43],[4,-69],[-25,-46],[-17,-58],[-32,-72],[8,-65],[32,-53]],[[19445,19500],[27,-40]],[[19472,19460],[-107,-44]],[[19365,19416],[-145,-71]],[[19032,19679],[-39,-10]],[[18993,19669],[-10,35],[3,71],[-29,106],[14,29],[0,77],[-12,23],[-84,50],[2,61],[32,101],[2,84],[-23,76],[31,79],[5,51],[44,87],[-4,23],[2,102]],[[19049,19188],[-33,-26]],[[18746,19548],[58,42],[31,11],[56,-5],[102,73]],[[16192,19549],[2,46]],[[16194,19595],[56,25],[47,12],[47,-23],[50,-4],[67,-23],[56,-28],[37,-9],[123,-4],[119,-20],[38,-23],[56,-10],[50,9],[52,31],[38,13],[54,-2],[45,-45],[40,9],[16,18]],[[18560,18781],[-61,-73],[-30,-27]],[[18469,18681],[-51,-25],[-112,-37],[-45,-8],[-162,-13],[-33,-13],[-16,-19],[-34,-84],[-73,-112],[-105,-139],[-47,-73],[-108,-151],[-23,-26],[-93,-86],[-11,-20],[-55,-57]],[[16973,18756],[4,129],[-162,3],[8,342],[-158,0],[-159,5],[-323,4],[9,310]],[[19265,20427],[430,-14],[-11,-174],[475,-18]],[[20159,20221],[55,-1]],[[20214,20220],[-7,-226]],[[20207,19994],[-14,7],[-40,-18],[-101,-120],[-77,13],[-56,16],[-2,-35]],[[19917,19857],[-204,6],[-165,3]],[[19548,19866],[2,88],[-85,2]],[[22017,22777],[31,-16],[60,-11],[50,-23],[35,-7],[23,-41],[51,-22],[39,-3],[36,-21],[5,-26],[26,-24],[35,17],[57,-12],[22,-42]],[[22365,22433],[-106,-1],[-77,-99],[-2,-161]],[[22166,22013],[2,73],[-42,2],[1,44],[-82,4],[2,42],[76,42],[0,43],[-74,2]],[[30125,22149],[257,73],[757,30],[165,-3],[43,6],[26,17]],[[31373,22272],[-3,-17],[0,-184],[-20,-886],[4,-20],[52,-134],[20,-144],[-8,-50],[-64,-84],[-21,-53],[-5,-226],[-167,5],[-156,1],[-9,-121],[6,-27],[44,-54],[85,-250],[133,-351],[105,-275],[-186,5],[-1,-54],[-13,-32],[-46,-22],[7,-96],[20,-29],[57,-22],[41,4],[35,-19],[18,-46],[-11,-30],[-43,-23],[-42,-5],[-3,-51],[17,-29],[45,-5],[13,-13],[-3,-34],[39,-18],[4,-27],[-14,-44],[72,-52],[38,-53],[-14,-59],[-3,-65],[-31,-38],[-56,-30],[-10,-30],[14,-22],[36,-21],[34,-4],[12,-55],[-40,-25],[-38,6],[-11,26],[-32,16],[-19,48],[-28,22],[-8,35],[-33,-10],[8,-36]],[[31194,18465],[-88,3],[-68,39],[-36,0],[-75,-15],[-57,16],[-27,17],[-13,50],[58,71],[17,43],[-10,65],[21,67],[3,62],[-449,12],[-161,2],[-191,6]],[[31373,22272],[358,318],[102,-55],[21,-18],[18,71],[309,-5],[34,8],[323,-6]],[[32700,22585],[-2,-173],[-5,-359],[-1,-179],[-4,-183],[-8,-586],[-3,-85]],[[32677,21020],[-1,-39],[61,1],[433,-9],[-6,-365],[-4,-92],[-4,-272],[-10,-344]],[[33106,16153],[-20,12],[-43,-13],[-46,17],[-29,37],[-30,18],[-21,28],[-3,29],[-25,9],[-26,-37],[-42,10],[-32,-20],[-33,7],[-13,67],[-28,22],[-54,5],[-33,12],[-17,37],[38,50],[10,33],[-14,33],[-54,18],[-45,25],[-80,101],[-42,26],[-10,25],[11,43],[-59,120],[7,49],[-16,33],[-22,7],[-45,-15],[-34,0],[-38,19],[-42,62],[-62,26],[-28,25],[-7,45],[31,30],[64,-16],[31,26],[-6,30],[-35,30],[-14,32],[-2,64],[-21,37],[-33,1],[-21,-24],[-26,13],[6,65],[-35,50],[-14,79],[-32,18],[-33,-21],[-62,-112],[-34,-15],[-28,15],[-35,38],[-23,12],[-41,1],[-72,-44],[-37,8],[-11,18],[-16,112],[26,11],[44,-35],[24,-7],[29,21],[3,54],[-27,32],[-37,16],[-37,-8],[-41,19],[-1,35],[37,30],[19,30],[19,76],[48,63],[-10,40],[-50,36],[-35,-11],[-32,-66],[-49,-17],[-33,10],[-67,79],[-31,15],[-74,-12],[-39,29],[-8,43],[37,74],[-6,39],[-46,15],[-42,-18],[-27,1],[-24,30],[8,43],[42,62],[6,38],[-12,64],[13,43],[-13,26]],[[30203,23137],[687,-3],[6,360],[6,259],[3,264],[169,-3],[230,2],[112,-4],[7,236],[204,-11],[198,-2],[413,-9]],[[16790,32189],[27,1],[34,20],[105,-2],[46,-5],[31,-29],[11,-29],[36,-13],[62,21],[41,26],[44,10],[61,-32],[22,-64],[46,-20],[62,19],[75,-18],[35,-18],[17,-53],[26,-30],[47,-28],[-1,-49],[41,-25],[83,-3],[43,8],[235,-8],[11,9],[4,80],[13,13],[43,9],[51,-15],[64,12],[31,26],[11,45],[28,43],[9,63],[-15,51],[-7,63],[15,37],[44,36],[54,11],[70,-22],[33,-67],[51,-54],[87,11],[36,10],[25,-74],[43,-42],[24,-61],[10,-50],[29,-24],[57,1],[20,-13],[5,-30],[66,-2],[16,-72],[-18,-55],[49,-60],[13,-27],[48,-4],[55,29],[16,-30],[-7,-71],[0,-99],[10,-12],[58,-23],[48,0],[40,57],[49,-34],[18,2],[-1,43],[32,52],[47,-12],[84,18],[25,15],[40,3],[41,32],[8,-26],[37,-18],[83,18],[37,-31],[2,-53],[27,-24],[55,-4],[40,14],[23,-30],[53,-35],[83,8],[22,21]],[[20231,30593],[-50,-24],[-13,-36],[-23,-14],[-62,1],[-24,-11],[-10,-35],[6,-49],[-24,-47],[-10,-59],[-17,-21],[-103,-66],[-75,-22],[-10,-16],[-5,-82],[-51,-41],[-51,-20],[-56,-52],[-32,-98],[-12,-59],[-57,-117]],[[19552,29725],[-491,15],[-659,22],[-111,1]],[[18291,29763],[-109,0],[-117,4],[-318,6],[-336,12],[-327,8],[-163,7],[-330,7],[-167,2]],[[21360,28622],[-744,23],[-275,10],[-482,7]],[[19859,28662],[5,178],[3,355],[9,355],[0,169],[-324,6]],[[20459,33757],[-6,-350],[-5,-396],[-3,-134],[162,-5],[162,-2],[520,-19]],[[14644,25128],[-82,0],[-2,-176],[-165,3],[-2,-176],[-165,2],[0,-174],[-171,4],[-3,-195],[-166,5],[-3,-176],[-164,7],[-4,-176],[-167,4],[0,-175],[-88,0]],[[13462,23905],[-36,71],[28,11],[-21,43],[-114,58],[-61,57],[-72,24],[-14,34],[-39,20],[-35,3],[-17,37],[-1,29],[-47,40],[-22,49],[-37,-20],[-4,43],[-44,64],[2,50],[-34,-34],[-47,-3],[-72,-23],[-56,-7],[-39,17],[-46,-6],[-221,4],[-37,-9],[-93,5],[-94,-10],[-76,-38],[-47,-30],[-66,-8],[-29,-10],[-49,-76],[-47,-13],[-74,-34],[-65,-19],[-49,-6],[-45,14],[-55,-35],[-39,-10],[-8,107],[10,47],[-46,18],[-41,-8],[-45,7],[-20,32],[-35,-10],[-21,23],[12,67],[28,69],[-4,73],[38,30],[-26,35],[-45,-2],[-49,-26],[-47,-2],[-94,-88],[-28,-50],[-78,-85],[-40,-18],[-15,-34],[-45,-54],[-22,-7],[-50,6],[-31,-16],[-40,-7],[-32,-16],[-67,-7],[-15,-35],[-38,-21],[-48,-48],[-132,-52],[-55,21],[-49,7],[-89,-7],[-42,10],[-75,-17],[-62,-28],[-31,-3],[-93,16],[-97,-18],[-66,-41],[-69,-7],[-62,-33],[-44,-7],[-43,-22],[-45,-5],[-61,20],[-30,-7],[-27,-22],[-28,-3],[-45,30],[-77,-4],[-44,-24],[-41,-5],[-40,-19],[-57,1],[-65,-27],[-36,4],[-45,-9],[-66,-40],[-99,-6],[-85,-28],[-75,-11],[-95,-63],[-61,-19]],[[8475,23749],[9,511],[2,175]],[[8486,24435],[5,326],[-43,2],[4,348],[9,315]],[[8439,21116],[2,526],[2,177],[10,520],[8,536],[2,170],[12,704]],[[13462,23905],[-109,3],[-4,-174],[-170,5],[-4,-179],[-157,3],[-1,-183],[-163,-2],[0,-175],[-161,1],[-2,-175],[-166,-1],[-2,-177],[-163,-3],[-2,-165],[-161,3],[-1,-175],[163,-2],[5,-1062]],[[11373,21085],[-164,-1],[-810,7]],[[10399,21091],[-332,5],[-326,3],[-325,1],[-327,7],[-329,3],[-321,6]],[[4402,40104],[167,-6]],[[4759,39348],[-5,-309],[-289,7]],[[4450,38606],[6,-44],[-3,-60],[-12,-40],[-31,-25]],[[2845,35617],[7,-45],[-13,-50],[15,-105],[-7,-33],[-23,-16],[-27,-68],[-38,-72],[-31,-103],[-36,-93],[10,-38],[-33,-141],[-40,-79],[-34,-128],[-8,-57],[-20,-65],[8,-37]],[[2575,34487],[-33,19],[-36,-3],[-69,77],[-62,40],[-38,-6],[-81,38],[-21,34],[2,24],[-20,45],[-77,1],[-86,-20],[-37,8],[2,41],[-13,38],[-31,143],[-23,31],[-161,-20],[-16,-30],[-2,-65],[-11,-48],[6,-47],[-16,-21],[-282,8],[-71,29],[-13,32],[-55,40],[-33,10],[-37,-19],[-36,12],[12,35],[1,84],[-70,4],[-76,98],[-43,27],[-23,34],[-72,52],[-28,-31]],[[926,35181],[-26,209],[-81,614],[-23,168]],[[4876,38860],[287,-6],[294,-12],[123,1],[36,55],[-6,40],[-34,8],[-43,-22],[-20,6],[-17,33],[6,47],[15,23],[105,59],[55,19],[64,-2]],[[6785,39170],[-49,-168],[-186,-620]],[[6217,35394],[-8,-384],[-9,-365],[-3,-184],[-6,-165],[-82,1],[-12,-531],[-10,-344]],[[4658,33466],[-18,31],[-31,28],[-17,53],[4,50],[-17,36],[-2,34],[28,25],[13,37],[-41,43],[-6,36],[-41,90],[-10,56],[11,91],[47,57],[62,117],[33,79],[13,51],[39,56],[55,62],[14,82],[-12,20],[-147,118],[-41,45],[-26,7],[-107,-19],[-69,9],[-75,32],[-30,33],[-57,37],[-40,55]],[[4190,34917],[-25,66],[-50,69],[-17,45],[-2,134],[-20,44],[-9,101],[4,176],[16,88],[18,51],[74,136],[7,91],[14,51],[-2,64]],[[4190,34917],[-13,14],[-60,0],[-7,-83],[3,-67],[-11,-24],[4,-50],[14,-55],[-17,-77],[-40,-12],[-12,39],[-28,24],[-15,45],[-54,13],[-73,-14],[-47,6],[7,26],[-32,17],[27,26],[-1,27],[-27,10],[-23,28],[-1,30],[21,37],[2,60],[-14,26],[2,40],[27,30],[13,53],[-7,32],[-56,-6],[-31,6],[-50,44],[-121,4],[-16,-40],[-26,-25],[-31,-13],[-23,-45],[2,-25],[31,-70],[-2,-27],[-24,-56],[17,-50],[-37,-37],[-58,-37],[-84,-76],[-35,-46],[-29,-15],[-17,-28],[-61,-30],[-12,-62],[26,-61],[-10,-36],[-46,-57],[-54,2],[-74,-32],[-43,0],[-63,17],[-49,-24],[-19,12],[-2,86],[-41,0],[-72,-19],[-36,-33],[-14,18],[-29,3],[-86,34],[25,31],[7,32],[-10,30]],[[1159,33401],[-3,45],[-18,117],[-23,189],[-33,238],[-25,205],[-59,458],[-72,528]],[[15321,20574],[39,-27],[31,-8],[40,6],[18,-29],[19,-2],[26,28],[50,-29],[43,-12],[86,-75],[12,-37],[-56,-68],[12,-22],[41,2],[24,-12],[37,15],[3,-72],[-31,-35],[-37,-98]],[[15678,20099],[-16,-61],[-54,-68],[-4,-20],[13,-54],[-3,-48],[-59,-59]],[[15555,19789],[-78,-3],[-93,9],[-159,3],[0,127]],[[19047,18837],[325,267]],[[19372,19104],[27,12],[129,5],[32,41],[189,-5]],[[19749,19157],[-14,-39],[-8,-213],[-7,-36]],[[19600,18844],[-58,-3],[-46,-31],[-44,-15],[-43,14],[-186,3],[-69,8],[-119,7]],[[18560,18781],[-4,-19],[25,-37],[30,-69],[41,-20],[45,-9],[84,-96],[13,-25]],[[18794,18506],[2,-35],[27,-33],[1,-33],[24,-20],[34,34],[36,-6],[10,24],[23,2],[10,-28],[39,-22],[15,24],[38,-22],[8,-35],[34,30],[18,-22],[-36,-68],[-18,-70],[16,-18],[-37,-38],[-32,-5],[-2,-26],[18,-35],[-25,-64],[9,-34],[-37,-17],[14,-47],[-21,-13],[-4,-93],[-31,-24],[-43,-10],[-14,-44],[20,-8],[26,-84],[-55,-23],[-6,-48]],[[18467,17084],[-28,34],[-46,24],[-9,33],[-25,30],[-40,95],[-47,20],[-20,26],[-3,64],[-15,128],[15,46],[5,40],[20,47],[16,100],[5,122],[-2,56],[22,32],[42,14],[16,62],[-21,24],[-7,64],[13,44],[2,52],[-9,33],[3,85],[-36,64],[-4,80],[27,19],[6,31],[33,58],[62,11],[15,16],[12,43]],[[19027,19135],[65,45],[16,-10],[98,-4],[151,-2]],[[19357,19164],[0,-30],[15,-30]],[[18794,18506],[186,139],[-15,36],[8,18],[-10,42],[2,89]],[[19365,19416],[3,-20],[-11,-232]],[[4865,42366],[82,-1],[663,2],[337,0],[256,2],[474,-1],[305,3],[0,-5]],[[6982,42366],[1,-199]],[[6983,42167],[-43,6],[-36,46],[-49,16],[-7,17],[-39,20],[-37,47],[-33,5],[-30,-12],[-14,-40],[-32,-46],[13,-48],[-14,-16],[-42,-5],[-102,3],[-28,25],[-110,79],[-34,-7],[-107,-105],[-18,-37],[-72,-224],[-62,-95],[-45,-45],[-29,-2]],[[5251,41528],[-42,72],[0,63]],[[5209,41663],[9,136],[-9,27],[-26,12],[1,59],[-7,28],[-23,7],[2,70],[-21,20],[-11,48],[-47,8],[-40,72],[-57,62],[-6,33],[-50,39],[-10,50],[-49,32]],[[1279,42370],[37,2],[331,3],[39,-1],[256,2],[234,-1]],[[2485,41728],[-59,-125],[7,-22],[-3,-199],[96,-3],[5,-41],[22,-6],[-9,-85],[7,-33],[73,-11],[17,-53],[36,-12],[27,-68],[-8,-56],[26,-77],[2,-42],[-590,7],[-36,-6],[-39,-20],[-99,-16],[-24,-13],[-89,-1],[-66,64],[-144,0]],[[1637,40910],[1,175],[-14,26],[-58,29],[-3,51],[-42,91],[10,61],[-1,141],[-23,75],[23,37],[-1,23],[24,23],[-2,60],[57,42],[7,28],[-28,66],[3,125],[6,28],[-16,76],[-98,96],[-2,46],[-18,13],[-60,76],[-23,8],[-37,-9],[-26,23],[-37,50]],[[3179,40664],[-168,4]],[[3011,40668],[3,87],[8,466]],[[3011,40668],[-82,1]],[[1461,40391],[5,32],[64,86],[47,45],[68,96],[-9,60],[1,200]],[[1294,39562],[93,143],[79,78],[85,107],[12,51],[-8,52]],[[2854,38916],[-212,7],[-5,-201]],[[1127,38512],[11,438]],[[5209,41663],[-607,18],[1,89],[-167,4]],[[4436,41774],[1,89]],[[4437,41863],[6,245],[-20,19],[-126,4],[-47,24],[-10,46],[11,72],[-3,18],[-38,15],[-41,37],[-28,11],[-65,-5],[-19,18]],[[4057,42367],[348,-2],[460,1]],[[309,39850],[185,-4],[2,-44],[85,-3],[1,38],[87,4],[364,-10],[2,63],[27,77],[2,44],[18,71],[2,84],[-10,10],[-73,11],[6,162],[17,12],[-6,56],[-14,38],[42,-11],[33,8],[13,57],[4,219],[-14,35],[-8,55],[-45,34],[-7,16],[110,26],[57,6],[43,-5],[1,20],[32,42],[38,-1],[15,-22],[55,19],[45,-7],[52,-20],[9,-17],[158,-3]],[[328,39694],[-19,156]],[[3585,38897],[-114,2],[-536,16]],[[309,39850],[-23,180],[-66,544],[-63,533],[-42,328],[-69,566],[-46,375],[544,0],[370,-3],[204,-4],[161,1]],[[6143,9052],[356,-15],[321,-10],[489,-8],[21,865],[13,358],[9,316],[10,497]],[[9363,8219],[-159,-152],[-60,-51]],[[9144,8016],[-102,-64],[-692,-334],[-94,-35],[-64,-15],[-450,-88],[-55,-32],[-77,-93],[-40,-26],[-90,-34]],[[7480,7295],[-43,85],[-12,10],[-42,-14],[-21,-34]],[[9554,7785],[-6,-95],[-28,-1],[-30,-41],[-24,-13],[5,-29],[-35,-26],[-118,17],[-20,18],[-53,16],[166,248],[-256,6],[-15,16],[4,115]],[[10547,5721],[-153,7],[-664,17],[-242,10],[-263,7],[-302,11],[-577,19]],[[8346,5792],[-26,37],[-74,61],[-42,57],[-35,100],[-21,35],[-62,64],[-12,50],[26,64],[39,70],[5,25],[-15,49],[-37,24],[-82,-89],[-62,-85],[-18,-64],[20,-50],[51,-42],[20,-36],[-14,-32],[-38,-33],[-46,-4],[-65,2],[-9,53],[-1,82],[-26,54],[-23,30],[-14,46],[11,37],[24,19],[41,3],[29,25],[7,33],[-26,35],[-43,-39],[-55,-25],[-72,12],[-63,42],[-12,32],[3,46],[17,28],[84,53],[31,37],[7,63],[-21,37],[-41,-8],[-28,-54],[-25,-70],[-30,-44],[-30,-14],[-45,9],[-35,42],[3,41],[56,74],[26,45],[8,44],[-12,32],[-50,41],[-117,1],[-70,32],[-13,36],[3,27],[106,144],[16,38],[18,86],[-7,95]],[[14508,13539],[1,72],[-6,73],[-30,101],[-42,17],[-27,0],[-55,-27],[-59,26],[-20,-57],[-98,-238]],[[29305,25280],[17,43],[-3,70],[9,40],[23,-7],[-6,-75],[10,-38],[36,-39],[56,0],[1,30],[-24,30],[-12,52],[7,34],[22,17],[38,-8],[71,-2],[111,13],[20,12],[4,41],[-30,53],[-27,-4],[-37,-61],[-59,-26],[-25,7],[-14,40],[7,24],[41,70],[9,36],[-74,94],[-40,99],[-8,44],[11,31],[40,7],[68,-69],[31,-6],[63,19],[9,23],[-55,43],[-10,45],[13,79],[-35,28],[-43,-8],[-90,13],[-65,1],[-28,14],[-13,26],[0,34],[34,73],[51,34],[39,-13],[76,-42],[37,0],[44,45],[26,63],[34,27],[40,6],[2,28],[-119,15],[-11,16]],[[29577,26401],[14,18],[34,-22],[26,6],[15,22],[-5,28],[-42,57],[6,25],[30,9],[54,-12],[52,0],[29,19],[13,28],[16,142],[20,54],[30,22],[25,3],[37,-20],[20,-52],[4,-49],[-6,-87],[11,-39],[18,-24],[81,-58],[31,4],[25,36],[9,58],[-22,29],[-63,-1],[-33,23],[-7,27],[12,35],[44,62],[27,17],[18,35],[-19,33],[-77,3],[-30,14],[-14,36],[25,24],[27,-5],[60,-37],[21,3],[24,34],[-10,26],[-49,30],[-28,26],[-18,62],[28,111],[29,51],[66,47],[31,41],[15,60],[-3,42],[-20,36],[-19,10],[-35,-16],[-6,-27],[6,-59],[-4,-46],[-19,-28],[-38,-22],[-57,9],[-71,90],[-9,60],[-105,5]],[[29801,27409],[6,344],[-22,42],[9,72],[-19,24],[-22,-15],[-32,-66],[-76,-60],[-56,6],[-26,30],[-14,69],[3,35],[19,24],[48,19],[37,27],[-8,21],[-52,-7],[-15,13],[11,33],[43,35],[17,37],[29,113],[-15,56],[-62,41],[-60,0],[-23,17],[-25,55],[5,35],[18,13],[68,3],[56,24],[27,23],[23,40],[4,35],[-15,22],[-79,13],[-28,23],[-24,48],[20,38],[26,14],[51,-22],[68,-61],[29,-38],[33,-16],[31,3],[15,49],[-15,35],[-27,14],[-76,2],[-27,28],[-6,44],[24,30],[59,27],[28,43],[30,23],[38,14],[28,-10],[45,-46],[21,-38],[38,-43],[45,-12],[23,8],[12,31],[-16,33],[-45,40],[-18,34],[-80,60],[15,40],[87,21],[85,71],[51,19],[39,28],[26,36],[3,47],[-41,91],[24,64],[7,40],[30,21],[26,-20],[3,-38],[-13,-49],[1,-68],[16,-42],[37,-44],[36,-9],[19,11],[34,41],[13,86],[17,44],[-27,33],[-51,7],[-33,16],[1,29],[69,65],[23,42]],[[31908,28523],[-7,-30],[-35,-7],[-44,-64],[-42,-26],[6,-71],[-9,-16],[-139,-38],[-58,-120],[-30,-51],[-34,-26],[35,-35],[-13,-23],[23,-19],[-21,-35],[19,-32],[-43,-32],[-36,-78],[51,-9],[13,-33],[-20,-37],[-2,-28],[-36,-31],[-14,35],[-43,-16],[-18,30],[-35,-34],[-2,-58],[34,-55],[-12,-20],[40,-33],[-31,-13],[-6,-24],[33,-45],[-31,-35],[-23,-56],[14,-35],[-53,2],[-20,-36],[24,-56],[-21,-18],[20,-63],[-22,-56],[19,-28],[-7,-28],[14,-31],[-1,-73],[-58,11],[-1,-56],[25,4],[22,-35],[18,-82],[-88,-60],[6,-22],[-23,-28],[-19,-46],[3,-29],[-23,-6],[-18,-29],[-55,15],[-13,-5],[-42,-59],[17,-31],[-32,-44],[-28,-103],[2,-37],[-40,-38],[1,-25],[24,-25],[30,0],[19,-17],[-14,-71],[6,-48],[-88,-21],[6,-46],[-43,-9],[-30,-85],[-56,-51],[0,-35],[-27,-70],[-23,-18],[-25,-81],[-13,-20],[-17,-57],[-4,-43],[28,-60],[19,-3],[19,-33],[0,-26],[22,-36],[30,-18],[-31,-65],[21,-17],[6,-33],[-51,-67],[-40,-19],[-14,-35],[29,-9],[12,-28],[-3,-32],[-28,-36],[-24,-11],[-59,9],[25,28],[-17,26],[-23,-34],[-59,8],[-8,28],[-42,-24],[-32,-30],[-34,-3],[1,-70],[-8,-21],[-41,-28],[-66,-11],[-50,-29],[-33,-41],[-45,2]],[[33261,28491],[-2,-710],[-9,-533],[0,-180],[-3,-257],[-6,-248],[-3,-390],[-4,-181]],[[22117,21739],[27,-17],[70,-65],[25,-9]],[[22239,21648],[-38,-52],[-33,-73],[-36,-24]],[[22132,21499],[-48,1]],[[22588,23343],[115,23],[65,22]],[[22768,23388],[-7,-78],[8,-95],[-31,-47],[-57,-30]],[[22681,23138],[-3,-116],[56,-53],[13,-30],[-11,-84]],[[22526,22688],[-17,2],[6,217],[-13,20],[-44,19],[12,58],[-17,40],[-17,12],[-1,95],[78,11],[-10,56],[-15,37],[56,9],[52,53],[-8,26]],[[22029,23322],[168,-5]],[[22197,23317],[125,-5],[24,62],[58,19],[29,-2],[42,-23],[113,-25]],[[22498,22601],[-11,-55]],[[19222,21106],[41,-2],[83,-28],[89,-20],[121,-5],[30,24],[74,-23],[46,10],[122,-39],[4,43],[27,-14],[26,15],[37,51],[17,9],[4,42],[0,134],[21,3]],[[20122,21276],[68,-21]],[[20343,21095],[-41,-1],[-34,-21],[-10,-53],[-30,-24],[-2,-24],[-29,-29],[21,-20],[-9,-24],[10,-62],[90,-54],[16,-37],[1,-50],[-34,-19],[23,-44]],[[20315,20633],[-32,-12],[-124,27],[-44,1],[-8,-36]],[[20107,20613],[-17,-3],[-94,35],[-145,111],[-331,18],[-65,-5],[-44,38],[-107,21],[-34,32],[-55,8]],[[4238,40636],[258,-7]],[[4496,40629],[85,-2],[-6,-264]],[[4575,40363],[-167,6]],[[4408,40369],[4,192],[-82,35]],[[4330,40596],[-92,40]],[[4158,40378],[1,87],[140,-4],[-7,58],[36,-21],[2,98]],[[4408,40369],[-250,9]],[[20760,19666],[112,-3]],[[20872,19663],[242,-6],[-8,-169]],[[21106,19488],[-13,-353]],[[20637,19143],[27,151],[-12,40],[6,109],[10,42],[-11,70],[42,28],[61,83]],[[3461,30020],[-86,-70],[-50,-23],[-259,-128]],[[3066,29799],[-61,-30],[-72,-25],[-155,-29],[-35,2],[-40,22]],[[2703,29739],[-49,26],[-43,14],[-181,24]],[[21724,21899],[31,-14],[-7,-287]],[[21748,21598],[-33,11],[-89,6]],[[21626,21615],[3,43],[-42,1],[2,91]],[[21423,21348],[18,-27],[-66,-53],[12,-11],[-4,-75]],[[21383,21182],[-220,9]],[[718,38829],[-7,-298]],[[481,38519],[-48,358]],[[4036,40382],[122,-4]],[[4408,40369],[-6,-265]],[[22197,23317],[4,130],[21,926],[598,-18]],[[22820,24355],[167,-103],[12,-16],[4,-60],[-22,-28],[-28,-57],[-29,-107],[15,-27],[38,-12],[21,-63],[30,-29],[5,-25],[-23,-20],[-44,-3],[-21,-25],[-8,-81],[-27,-55],[-92,-147],[-38,-67],[-12,-42]],[[20196,19674],[1,35]],[[20197,19709],[4,132]],[[20201,19841],[99,50],[80,25]],[[20380,19916],[75,31],[51,-40],[69,13],[22,12],[126,90]],[[20723,20022],[22,-33],[48,-15],[-8,-283],[-25,-25]],[[20760,19666],[-301,2],[-263,6]],[[22820,24355],[221,-8],[163,-3]],[[23430,23100],[-167,100],[-12,17],[3,71],[-13,44],[-44,-1],[-164,-58],[0,-8],[-231,-79],[-121,-48]],[[21338,20042],[61,30],[20,44],[33,8],[11,39]],[[21463,20163],[6,71],[22,57],[1,67],[31,17],[10,47],[-40,4]],[[21938,20764],[26,-7],[13,-37],[47,18],[34,33],[52,10],[130,-7],[62,1],[56,13],[58,-22]],[[21865,20226],[-32,-9],[-1,-51],[-9,-42],[-27,-30],[-85,-37],[-55,3],[-57,-5],[-55,-40],[-53,-7],[-5,-88],[-207,2],[4,39],[37,7],[3,39],[15,35]],[[21122,19896],[88,58],[-7,11],[38,55],[25,-9],[26,19],[46,12]],[[21836,19561],[-168,4],[-265,4],[-17,-29],[-3,-39],[-22,-20],[-87,1],[-168,6]],[[20872,19663],[11,34],[28,37],[40,24]],[[20723,20022],[9,9],[20,124],[13,28],[41,14],[165,-6]],[[19275,23625],[66,-16],[86,-10],[51,4],[166,26],[70,4],[91,-4],[64,-21],[63,-55],[33,-49],[21,-57],[9,-118],[9,-47],[22,-43],[81,-107],[20,-33],[16,-78],[-4,-79],[-21,-91],[-24,-58],[-66,-116],[-16,-47],[0,-82],[19,-63],[39,-62],[60,-50],[67,-37]],[[19476,22019],[-34,36],[-121,101],[-73,41],[-45,35],[-50,25],[-21,42],[8,35],[-5,62],[-30,86],[-18,24],[-125,78],[-90,23],[-65,35],[-130,35],[-41,16],[-63,13],[-47,-7],[-46,-23],[-46,-11],[-52,-28],[-78,-27],[-41,21],[-8,57],[-25,37],[-60,-1],[-52,19],[-53,-9],[-43,18],[-70,3],[-70,28],[-30,4],[-79,33],[-46,4],[-33,15],[-28,-9],[-42,-75],[-42,-16],[-56,-37],[-68,-20],[-42,1],[-69,38],[-30,4]],[[17317,22725],[7,223],[2,176],[560,-13],[245,-4],[164,0],[9,344],[21,8],[288,-10],[659,-25],[3,201]],[[22630,21517],[224,31],[1,-2],[767,108]],[[22644,20879],[-72,96],[-19,15]],[[22553,20990],[7,30],[42,43],[11,34],[9,103],[98,90],[-45,77],[-6,30],[-27,58],[-12,62]],[[23306,22570],[-24,-31],[-39,-32],[22,-38],[-16,-101],[-65,-77],[-38,-53],[-156,-117],[-44,-59],[41,-2]],[[22987,22060],[0,-43],[-83,3],[1,43],[-51,-13],[-28,-16],[-16,31],[-28,4],[1,37],[24,52],[35,32],[11,40],[-25,10]],[[17458,22421],[-146,2],[5,302]],[[22396,21088],[82,-37],[75,-61]],[[21966,20828],[-2,22],[4,158],[-30,59],[-47,2]],[[21891,21069],[2,87]],[[21626,21615],[-124,2],[0,-40],[-42,-3]],[[21260,21634],[-1,82],[5,86],[-1,89],[115,-3]],[[20688,22018],[2,27],[84,-31],[2,64],[-75,27],[-45,38],[-43,19]],[[20613,22162],[2,49],[81,-4],[2,44],[41,0],[0,46],[124,-6],[52,2],[76,-29],[45,12],[55,-7]],[[21393,21181],[240,-12]],[[21633,21169],[-15,-20]],[[21618,21149],[-63,-32],[-28,-31]],[[21391,21099],[2,82]],[[20562,22330],[29,76],[5,31],[3,91],[39,91]],[[20613,22162],[-12,55],[-43,92],[4,21]],[[20315,20633],[30,18],[125,-2],[24,3]],[[20629,20345],[-12,-30],[-43,-21],[0,-22],[-29,-30],[-24,8],[-56,-40]],[[20465,20210],[-251,10]],[[20159,20221],[6,206],[-30,69],[7,37],[-15,60],[-20,20]],[[20548,21087],[-4,-153],[-13,-24],[10,-87]],[[21383,21182],[10,-1]],[[21168,21388],[-91,-1],[-49,32]],[[20456,22639],[-58,-26],[-29,-54],[13,-23],[44,-37],[-14,-76],[7,-27],[33,-20],[36,-39],[23,-3]],[[20511,22334],[-10,-32],[-45,2],[-17,-35],[14,-27],[43,-42],[29,-81],[41,-45],[71,-14],[19,-38]],[[20277,22292],[-17,48],[-60,73],[-24,62],[24,51],[8,46],[15,34],[-13,59],[4,39],[-22,64],[-20,38],[9,66],[-29,121],[15,37]],[[9381,28808],[126,27],[182,53],[105,47],[37,21],[58,53],[51,66]],[[9940,29075],[49,63],[65,39],[75,11],[61,-9],[34,-20],[62,-65],[41,-59],[28,-25],[53,-19],[37,7],[49,35],[87,79],[87,87]],[[10668,29199],[117,135],[40,41],[56,30],[70,3],[47,-13],[68,-45],[38,-66],[-6,-86]],[[11098,29198],[-27,-202],[-1,-35],[40,-105],[42,-188],[34,-95],[69,-79],[65,-55],[30,-41],[-49,-42],[-40,-5],[-30,-24],[-42,8],[-56,-29],[-24,-28],[0,-50],[8,-36],[32,-36],[92,12],[27,15],[194,29],[72,-15],[107,21],[214,75],[95,20],[59,-9],[66,-33],[185,-109]],[[9817,25968],[-17,66],[-69,-4],[-19,30],[-40,32],[-51,-2],[-16,32],[-38,15],[-27,-16],[-76,-4],[28,29],[-93,14],[-106,69],[-32,-5],[1,27],[25,54],[35,27],[116,10],[82,-19],[37,3],[53,19],[20,29],[-82,15],[-90,40],[-33,-4],[-26,14],[-57,9],[-38,-7],[-37,25],[-25,41]],[[9242,26507],[16,31],[67,-8],[19,7],[42,59],[39,15],[-12,41],[-18,9],[-6,77],[-33,86],[9,30],[-25,44],[-24,-15],[-22,11],[-30,48],[-93,102],[-49,33],[-55,99],[-19,10],[-81,3],[-104,50],[-20,23],[-49,10],[-35,-2],[-18,30],[-37,3],[-17,19],[2,123],[84,16],[72,-14],[27,11],[106,-3],[8,43],[114,-3],[7,5],[2,81],[43,2],[171,-21],[59,6],[90,-2],[36,42],[1,20],[-32,34],[-37,13],[1,33],[-47,24],[5,24],[83,-6],[6,257],[-5,10],[-76,2],[3,88],[-145,3],[66,96],[11,430],[30,35],[-12,35],[-25,33],[10,38],[36,31]],[[7676,27714],[3,196],[8,73],[114,-3],[58,21],[46,-2],[20,14],[55,2],[52,-19],[75,-49],[88,-5],[7,24],[552,-17],[30,-35],[-17,-58],[-32,-45],[-13,-102],[-37,-32],[-33,-2],[-3,-155],[-90,-2],[-51,-25],[21,-37],[31,-31],[-22,-16],[-35,13],[-28,-25],[-25,-49],[-47,3],[-21,-21],[-40,-9],[-29,12],[-47,-17],[-39,10],[-109,15],[-32,-9],[-20,49],[40,17],[241,29],[2,25],[-45,13],[-50,28],[-16,41],[-22,13],[-4,49],[-47,67],[-10,33],[-29,4],[-100,-3],[-45,-7],[-106,16],[-43,-1],[-156,9]],[[4438,25404],[10,532],[177,-6],[162,-9],[332,-8],[165,-2],[169,-7],[9,399]],[[5462,26303],[96,-68],[87,-17],[67,-30],[38,-26],[22,-44],[70,-63],[26,-44],[24,-18],[111,-25],[76,-10],[67,-34],[98,-8]],[[6244,25916],[6,-34],[18,-11],[15,-38],[-7,-53],[3,-59],[39,-13],[19,-40],[3,-32],[33,12],[68,40],[14,2],[-4,-177],[10,-18],[43,32],[18,37],[-3,53],[62,-32],[54,59],[35,60],[52,18],[-5,37],[25,8],[36,-10],[33,46],[57,15],[14,12],[-29,71],[27,20],[22,68]],[[6902,25989],[306,-6],[74,9],[38,27],[81,10],[64,-15],[169,-3],[89,-22],[76,-13],[205,-59],[177,-58],[139,-18],[64,-31],[29,-27],[55,1]],[[8486,24435],[-408,4],[-247,5],[-334,3],[-323,11],[-163,13],[-157,1],[-170,6],[-159,2],[0,-10],[-163,10],[-161,4],[-326,13],[-324,4],[-3,-2],[-334,15],[-163,2],[9,337],[-291,7],[-344,11],[2,172],[11,361]],[[7538,29338],[26,-90],[47,-111],[67,-106],[36,-46],[88,-87],[55,-43],[104,-72],[27,-40],[7,-39],[21,-50],[49,-36],[39,2],[104,50],[51,10],[101,-6],[40,55],[39,16]],[[8439,28745],[76,-15],[62,10],[67,35],[60,68],[48,166],[26,49],[38,38],[26,6],[39,-18],[94,-101],[41,-54],[97,-39],[109,-77],[56,-13],[103,8]],[[9242,26507],[-63,38],[-54,-40],[0,-35],[-52,26],[-35,35],[-36,-18],[-70,-10],[-1,-30],[-39,-20],[-78,-16],[-21,37],[-50,18],[-24,-6],[-20,-42],[-30,-27],[-94,35],[-33,42],[-40,-1],[-9,39],[5,38],[49,54],[-28,39],[3,29],[-23,17],[-9,27],[6,42],[-9,35],[-40,16],[-54,-45],[-30,17],[-25,-7],[-127,1],[-20,85],[-97,3],[-30,62],[-60,55],[-41,22],[-84,21],[-21,16],[-5,30],[2,66],[-85,-14],[-76,-17],[-42,-21],[-144,2],[-82,-19],[-52,1],[-89,-17],[-113,-33],[-100,-24],[-35,9],[-93,-21],[-49,2],[-2,110],[-21,5],[-139,-68],[-35,-10],[-91,16],[-118,5]],[[6489,27061],[7,267],[7,356],[11,380],[303,-25],[53,-6],[294,-20],[176,-14],[169,-8],[10,525],[9,364],[10,458]],[[6244,25916],[21,-1],[-9,49],[13,44],[30,47],[41,-42],[71,-8],[48,4],[47,17],[31,79],[-1,23],[106,-1],[139,41],[31,15],[63,-19],[13,-74],[-2,-101],[16,0]],[[5475,26792],[7,208],[396,-9]],[[5878,26991],[111,-4],[496,-8],[4,82]],[[5462,26303],[5,134],[8,355]],[[36764,34553],[-17,-13],[-5,-69],[-26,-96],[0,-57]],[[36716,34318],[-94,2],[-41,14],[-115,76]],[[36466,34410],[-93,7]],[[36373,34417],[11,72]],[[4162,40639],[4,158],[10,17]],[[4176,40814],[62,-5],[1,-13],[96,-14],[0,37],[21,39],[23,14],[38,0],[43,21],[41,-1],[-2,-175]],[[4499,40717],[-3,-88]],[[4238,40636],[-76,3]],[[13076,2138],[61,-69],[13,-28],[49,-176],[8,-48],[20,-48],[26,-113],[26,-83],[2,-22],[-52,9],[-24,26],[-80,2],[-27,15],[-29,-16],[-44,1],[-8,22],[-36,4],[6,-48],[-2,-72],[-23,-19],[-13,-54],[5,-54],[-21,-109],[-33,-56],[-1,-40],[-37,-88],[-18,-58],[-10,-78],[-52,-81],[-16,-15],[-53,-88],[-24,-28],[-3,-28],[1,-118],[-4,-67],[32,-27],[75,-38],[50,-45],[32,-8],[49,-33],[23,-51],[18,-59],[2,-82]],[[12964,170],[-249,-6],[-637,6],[-416,0],[-268,0],[-653,3],[-44,2]],[[10697,175],[2,22],[24,56],[20,817],[79,-2],[7,129],[2,131],[177,-6],[14,121],[-5,57],[-95,6],[-73,123],[-11,7],[1,78],[18,26],[3,92],[103,-15],[30,5],[44,42],[70,39],[64,41],[39,33],[59,63],[47,37],[29,11],[46,-28],[30,-2],[45,28],[36,-10],[82,4],[135,22],[86,39],[48,39],[23,-67],[43,-25],[248,-8],[39,-24],[59,37],[5,-15],[81,-6],[23,-7],[35,9],[212,-4],[64,-10],[24,6],[150,-7],[34,1],[30,39],[37,21],[4,21],[112,-3]],[[11200,4299],[63,-11],[70,-60],[45,-18],[332,-11],[39,-7],[94,3],[60,-14],[42,-28],[632,-575],[63,-31]],[[12640,3547],[-51,-57],[-71,-12],[6,-24],[-31,-37],[-15,-64],[12,-53],[-15,-50],[26,-12],[4,-28]],[[12505,3210],[-5,-51],[15,-41],[-18,-42],[-30,-21],[-2,-28],[-28,-45],[-62,-25],[9,-22],[61,-4],[49,-30],[46,11],[34,-21],[38,-37],[67,2],[44,-29],[66,-3],[27,-10],[45,5],[42,18]],[[12903,2837],[67,-239],[21,-64],[78,-294],[-4,-71],[11,-31]],[[10697,175],[-218,-1]],[[10479,174],[18,645],[12,346],[11,356],[5,352],[5,174],[7,161],[1,189],[8,175],[15,529],[369,-22],[12,15],[10,52],[23,16],[18,87],[20,20],[-1,66],[-15,66],[-14,26],[1,31],[67,65],[57,91],[-24,43],[3,18],[-36,94],[46,103],[24,25],[14,85],[20,28],[8,85],[9,26],[49,90],[-3,51],[-18,37]],[[12640,3547],[46,-6],[99,8]],[[12785,3549],[8,-98],[56,-9],[6,-74],[-19,-47],[0,-35],[86,-5],[-1,-50],[15,-1]],[[12936,3230],[-25,-20],[-197,5],[0,-28],[-42,17],[-167,6]],[[12785,3549],[138,11],[44,-3],[94,-16],[-10,-75],[-7,-139]],[[13044,3327],[-30,-15],[-78,-82]],[[36369,34241],[71,0],[22,29],[4,140]],[[36716,34318],[-5,-40],[-3,-127]],[[36708,34151],[-315,3]],[[36664,33592],[34,71],[1,139]],[[36699,33802],[5,180],[83,-1],[3,169]],[[36790,34150],[71,0],[16,-31],[50,-44],[402,-459]],[[36483,32920],[2,343],[5,23],[73,136],[101,170]],[[36921,35290],[227,-2],[-1,-88],[62,-1],[1,-116],[-14,-64],[72,3],[-1,-175],[87,-1]],[[37354,34846],[302,-2],[3,-158],[123,0],[1,-172]],[[37783,34514],[-484,-11],[-6,-6],[-409,3],[-28,22],[-43,62]],[[17519,25723],[29,15],[17,34],[1,82],[15,35],[32,36],[23,44],[2,67]],[[17638,26036],[1,36],[14,23],[76,67],[1,49],[-49,30],[-20,31],[5,122],[44,28],[23,73],[22,22],[67,18]],[[17822,26535],[21,-10],[118,-10],[142,-3],[23,-10],[-46,-37],[-2,-41],[317,-9],[112,6],[140,-1],[129,-11],[159,-7],[15,26],[48,3],[45,-8],[105,19],[5,27],[37,7],[71,48],[94,0],[69,38]],[[19424,26562],[14,-21],[-19,-47],[50,-1],[-2,-40],[42,-27],[27,-7],[48,-31],[24,-38],[37,-28],[15,-23],[-3,-27],[29,-20]],[[19686,26252],[-15,-19],[-30,13],[-17,-10],[0,-39],[44,-17],[-20,-46],[5,-62],[-5,-87],[-17,-30],[-30,-12],[31,-54],[-10,-31],[-53,-39],[-21,-42]],[[19180,25571],[-68,22],[-62,-11],[-46,-26],[-39,-40],[-57,-79],[-67,-127],[-35,-48],[-58,-53],[-61,-32],[-45,-16],[-135,-37],[-79,-15],[-39,0],[-81,24],[6,61],[43,42],[55,30],[64,25],[46,34],[27,33],[16,46],[-1,81],[-11,39],[-30,35],[-41,29],[-40,1],[-57,-24],[-45,-31],[-79,-80],[-28,-39],[-46,-94],[-60,-80],[-63,-77],[-36,-31],[-172,-48],[-72,-15],[-44,1]],[[17740,25071],[-72,47],[-46,52],[-29,123],[-11,205],[-17,92],[-46,133]],[[20881,21189],[-5,-31],[-6,-211]],[[20700,21080],[-4,93]],[[20511,22334],[51,-4]],[[26155,8075],[13,-176],[185,-16],[-2,-61],[-38,-113],[-1,-42],[-27,2],[-6,-88]],[[22372,21835],[-133,-187]],[[4085,40641],[77,-2]],[[20465,20210],[-25,-43],[-10,-66],[-30,-16],[0,-68],[8,-19],[-28,-82]],[[20201,19841],[6,153]],[[21748,21598],[5,-3]],[[21753,21595],[0,-15],[53,-147]],[[21644,21448],[-20,32],[2,135]],[[19859,28662],[-11,-168],[-8,-355],[-1,-180],[-8,-360]],[[19831,27599],[-13,-19],[9,-44],[-40,-25],[-22,15],[-23,-12],[-22,-55],[19,-41],[-43,-20],[-75,-76],[-32,9],[-37,-28],[6,-38],[31,-22],[3,-27],[50,-14],[13,-17],[-17,-59],[-39,-4],[-2,44],[-26,-6],[-13,-31],[13,-31],[-9,-46],[-16,-30],[-62,-17],[3,-31],[-74,-7],[0,-31],[-19,-16],[17,-64],[44,-5],[20,-40],[-21,-16],[7,-39],[-25,-56],[6,-32],[-10,-29],[4,-37],[-12,-40]],[[17822,26535],[10,16],[3,127]],[[17835,26678],[2,85],[-6,40],[22,57],[29,29],[15,39],[55,27],[16,18],[3,100],[43,95],[34,101],[10,114],[-62,199],[11,99],[18,22],[5,258],[-4,50],[8,110],[-14,47],[-53,102],[-68,104],[-6,34],[25,64],[-10,14],[-57,14],[-22,57],[-35,62],[4,73],[-38,80],[11,74],[-10,94],[-34,55],[3,123],[-11,50],[19,126],[1,117],[5,55],[11,5],[129,-6],[14,6],[158,113],[22,30],[29,12],[143,89],[41,48]],[[17835,26678],[-11,1],[-87,-39],[-91,-17],[-91,-29],[-67,-3],[-29,23],[-19,-18],[-28,22],[-45,18],[-52,3],[-27,20],[-20,59],[-63,-20],[-44,42],[3,32],[-30,-2],[-35,30],[-24,49],[-3,35],[-16,29],[-2,74],[-38,46],[-81,11],[-6,45],[-33,68],[-23,22],[-104,-5],[-35,12],[-49,36],[6,32],[-16,17],[8,32],[33,16],[-3,37],[-39,30],[-60,20],[5,30],[-49,57],[-24,-34],[-32,19],[-45,-10],[-29,45],[-44,10]],[[17638,26036],[-159,-3],[-71,11],[-6,-13],[-102,12],[-66,47],[-16,24],[-59,26],[-169,5],[-30,-7],[-84,16],[-10,10],[-23,79],[-34,52],[-52,30],[-58,64],[-64,113],[-6,57],[-29,55],[1,192],[-211,197]],[[17519,25723],[-14,49],[-46,58],[-42,40],[-70,35],[-59,-1],[-28,-11],[-87,-56],[-59,-69],[-149,-86],[-142,-73],[-63,-5],[-54,29],[-41,44],[-46,122],[-12,51],[-7,98],[-21,117],[-16,43],[-39,80],[-7,32],[-20,26],[-62,34],[-41,7],[-8,16]],[[17740,25071],[-64,28],[-25,-32],[-214,5]],[[17437,25072],[-80,-3],[-326,6],[-116,3],[-262,3],[-146,6],[-217,6]],[[16290,25093],[-246,6],[-163,2],[-494,13],[0,-7],[-331,6],[-179,4],[-150,11],[-65,0]],[[14705,22481],[332,3],[128,4],[158,-1],[191,-4],[495,-19],[166,-9],[162,-2],[284,-11],[12,-35],[51,-38],[47,-17],[40,2],[43,-12],[22,13],[37,42],[33,-8],[5,-42],[32,-8],[7,-18],[37,-13],[64,-54],[28,-2],[41,23],[44,11],[38,-39]],[[16194,19595],[3,178],[-125,1]],[[16072,19774],[-4,30],[25,67],[-28,67],[-35,17],[-4,30],[13,24],[1,42],[-45,60],[-55,-5],[-57,8],[-153,-6],[-52,-9]],[[14340,21430],[-1,177],[5,519],[7,351],[354,4]],[[42965,36308],[463,4],[232,0],[428,5]],[[44088,36317],[0,-99]],[[44088,36218],[-51,-24],[-78,-53],[-26,-23],[-41,-15],[-47,2],[0,-289]],[[43845,35816],[-168,5]],[[42585,35918],[-1,141],[30,34],[162,1],[47,4],[241,-2],[-99,212]],[[43845,35816],[-2,-90],[2,-177],[28,-1],[1,-56]],[[43874,35492],[-73,2],[-12,38],[-69,-4],[0,-65],[-40,0]],[[43680,35463],[-98,-1],[-30,18]],[[43552,35480],[-86,123]],[[40238,36276],[533,7],[311,2],[410,6],[315,3],[153,3],[457,5]],[[42417,36302],[-81,-106],[-4,-66],[7,-873],[-205,-363],[-84,-125],[-86,-173],[-117,-87],[-51,-14],[-18,-25]],[[41778,34470],[-57,-51],[-2,-134],[-5,-53],[-97,-116],[-9,-19],[-71,-236],[-64,-57],[-16,-106],[-21,-21],[-42,-12],[-35,-34],[-10,-24],[-79,-53],[-1,82],[-329,6],[-234,1],[-183,2],[-7,-3],[-261,3]],[[41109,35132],[3,-438],[163,-4],[-1,-88],[298,-5],[-2,180],[37,0],[3,351],[-501,4]],[[16072,19774],[-263,6],[-100,6],[-154,3]],[[20201,19841],[-286,-145]],[[19915,19696],[3,43],[14,21],[-16,30],[1,67]],[[19749,19157],[10,44],[23,44],[5,39]],[[19787,19284],[46,14],[47,53],[26,72],[260,251],[31,35]],[[20196,19674],[-11,-243],[14,-38],[-8,-43],[49,-99],[-2,-62],[-16,-5],[0,-42],[-22,-122],[-2,-40],[-25,-37],[-48,-10],[-4,-54]],[[19703,19576],[97,62],[115,58]],[[19787,19284],[1,39],[-31,122],[-42,53],[-13,29],[1,49]],[[19472,19460],[109,44],[52,27],[70,45]],[[19548,19866],[-11,-329],[-92,-37]],[[11098,29198],[87,32],[83,-12],[41,17],[29,-7],[23,13],[-2,42],[19,18],[-152,140],[-73,70],[-28,36],[4,229],[24,0],[58,-51],[1,93],[-13,43],[-28,22],[0,25],[-40,5],[11,70],[108,2],[86,8],[20,55],[18,100],[25,6],[-14,42],[-1,49],[-40,54],[0,47]],[[11344,30346],[47,-3],[41,-17],[28,-1],[44,26],[31,32],[63,6],[45,16],[21,36],[23,6],[57,-22],[34,4],[352,-4],[55,8],[53,37],[37,5],[53,28],[79,-1],[47,34],[77,14],[59,30],[117,-11],[36,-23],[84,-8],[35,7],[37,-10],[44,-39],[27,-5]],[[10756,29919],[15,29],[69,49],[0,20]],[[10840,30017],[59,47],[38,62],[27,-3],[49,15],[15,79],[-5,37],[30,141],[21,2],[165,-4],[63,-43],[42,-4]],[[10668,29199],[-50,48],[-83,70],[-2,23],[21,18],[40,3],[-7,37],[-24,19],[11,34],[26,4],[-8,35],[23,5],[2,31],[30,47],[-6,27],[36,40],[10,68],[29,16],[-9,43],[-24,24],[46,64],[27,64]],[[4575,40363],[0,-44]],[[11640,5337],[-47,-81],[-55,-60],[-4,-45],[-18,-33],[-7,-42],[-47,-98],[-22,-29],[-1,-60],[-14,-45],[-32,-36],[-37,-20],[-5,-38],[6,-50],[-16,-21],[1,-39],[-21,-59],[-15,-11],[1,-35],[-17,-30],[14,-18],[-22,-26],[-7,-35],[-37,-57],[-20,1],[-18,-27],[0,-44]],[[11200,4299],[-138,1],[-77,-5]],[[10985,4295],[-18,65],[-41,17],[-8,46],[-22,17],[-19,42],[-45,28],[3,35],[-35,57],[-33,33],[-5,24],[-157,3],[-2,46],[28,16],[19,37],[-80,12],[-49,-32],[-16,-35],[-13,-111],[-21,-29],[-6,-33],[-50,-26],[-24,-42],[-27,14],[-31,72],[-48,-29],[-83,-24],[-36,10],[-67,-10],[-157,-139],[-111,-79],[-61,-25],[-90,0],[-1,-9]],[[9679,4246],[-43,-1],[-30,-16],[-5,-39],[-40,-43],[-84,-2],[-8,-41],[-87,-3],[-27,-35],[-34,-14],[-31,-32],[-52,1],[-27,12],[-69,-18],[-67,-2],[-86,-28],[-48,-3],[6,78],[-30,91],[-16,107],[-68,-8],[-128,-7],[-42,8],[-70,59],[-52,28]],[[8541,4338],[12,54],[-2,47],[19,22],[70,22],[65,-22],[72,35],[17,32],[-26,40],[-52,37],[-34,42],[-26,13],[-77,-33],[-9,-11],[-26,-97],[-20,-31],[-48,-27],[-72,7],[-43,27],[-47,86],[13,35],[49,21],[107,-29],[25,7],[32,36],[-31,42],[-56,26],[-36,25],[-31,40],[-7,67],[-15,45],[-35,54],[-74,53],[-24,56],[9,31],[33,26],[62,17],[45,29],[22,41],[0,50],[-31,40],[-29,1],[-23,-20],[-34,-66],[-41,-63],[-49,-19],[-27,38],[-28,66],[-36,54],[12,54],[57,7],[44,-25],[27,-3],[36,12],[12,23],[-12,38],[-22,24],[-42,25],[-22,25],[-7,34],[19,79],[41,92],[75,65],[21,24],[3,34]],[[10985,4295],[-2,-34],[-43,-72],[-53,-48],[-69,-75],[-146,-96],[-42,-36],[0,40],[-217,11],[13,78],[-46,-24],[-23,29],[-53,-29],[-6,-25],[-40,-7],[-3,29],[-35,9],[-56,87],[1,20],[-40,37],[-18,-13],[-159,-1],[-272,8],[3,63]],[[14188,17731],[84,40],[62,10],[95,2],[14,19],[39,-2]],[[14240,17510],[54,47],[24,31],[2,57],[-11,8],[-54,-18],[-44,-26],[-71,-22],[-2,135],[50,9]],[[39132,22503],[224,1],[19,15],[0,146],[12,17],[35,5],[35,21],[46,13],[42,23],[37,42],[47,38],[34,17],[-48,107],[-37,58],[-50,55],[-45,201],[14,18],[38,81],[76,97],[16,86],[27,16],[130,0],[1,145],[-4,202],[4,295],[-9,58],[9,426],[0,142],[23,47],[73,76],[81,45],[67,19],[132,-1],[31,29],[11,940]],[[40203,25983],[512,-8]],[[40797,25974],[-2,-275],[3,-16],[326,83]],[[41124,25766],[0,-36],[39,-5],[140,81]],[[41398,25835],[136,34],[2,100]],[[41995,26052],[313,0]],[[42308,26052],[17,-50],[-12,-102],[-9,-31],[-40,-69],[-42,-46],[-93,-84],[-53,-24],[-60,-11],[-57,7],[-104,47],[-69,55],[-45,22],[-63,19],[-42,5],[-83,-19],[-78,-28],[-61,-34],[-65,-62],[-43,-71],[-8,-50],[-58,-205],[-27,-124],[-34,-114],[55,-21],[24,-44],[2,-33],[-18,-86],[5,-29],[-21,-57],[-35,-67],[-44,-63],[-144,-172],[-60,-6],[-118,48],[-103,33],[-47,6],[-80,-13],[-29,10],[-28,32],[-46,14],[-24,49],[-83,8],[-77,0],[-82,8],[-29,-8],[-33,-33],[-13,-69],[-21,-63],[-27,-44],[-19,-50],[-3,-57],[-37,-85],[-2,-87],[22,-94],[24,-63],[54,-98],[39,-49],[44,-35],[62,-64],[122,-105],[48,-33],[160,-71],[29,-28],[13,-32],[23,-233],[0,-85],[-18,-120],[-43,-92],[-23,-33],[-70,-66],[-102,-67],[-75,-32],[-69,-10],[-60,-17],[-157,-79],[-59,-49],[-35,-17],[25,-84],[66,-18],[37,-31],[13,-68],[-18,-61],[-32,-43],[-50,-21],[-56,11],[-47,25],[-57,48],[-73,90],[-69,-67],[-38,-28],[-114,-96],[-117,-73],[-46,-21],[-90,-52],[-96,-36],[-76,-14]],[[39133,22093],[-1,410]],[[39132,22503],[-2,174],[0,178],[-3,177]],[[4499,40717],[145,-4],[2,88],[-63,1],[7,86],[158,-3],[25,87],[111,-4],[23,43]],[[3907,41332],[34,1],[81,-34],[45,-69],[34,-31],[70,-27],[34,4],[43,-17]],[[4248,41159],[-8,-30],[-32,-37],[5,-85],[-29,-38],[-51,-2],[-21,-23],[50,-52],[9,-29],[-10,-49]],[[4161,40814],[-120,3],[-3,-110],[-123,51],[-102,19],[-25,-10]],[[13909,18088],[-16,-2],[-39,-39],[-36,-104]],[[13818,17943],[-43,-10],[-91,-31],[-73,-32]],[[14499,18054],[87,-10]],[[14586,18044],[15,-81],[13,-29],[5,-60],[-19,-45]],[[14483,17866],[0,68],[16,120]],[[14564,18278],[67,15],[71,64],[38,8]],[[14740,18365],[29,-76],[72,-72],[28,-19]],[[14869,18198],[-16,-39],[-81,2],[0,-12],[-81,0],[1,13],[-79,-9],[-3,36],[-40,66],[-6,23]],[[13242,17474],[56,-1],[87,38],[64,48],[73,37],[85,26],[58,38],[16,26],[46,-18],[24,-30],[0,-24],[34,7],[32,-22],[24,7],[34,-19],[38,4],[57,50]],[[13970,17641],[41,-42],[24,-53],[6,-44]],[[13818,17943],[33,-56],[19,-89]],[[13870,17798],[16,-23],[14,-50],[18,-28]],[[13918,17697],[52,-56]],[[16192,19549],[-13,-27],[-47,-20],[-55,-43],[-20,46],[-32,10],[-23,-12],[-2,-33],[-70,1],[-70,-53],[-27,18],[-56,-12],[-15,-13],[-11,-44],[-86,-21],[-27,-15],[-39,1],[-63,-22],[-46,12],[-44,-9],[-46,-72],[-18,-48],[-39,-26]],[[13918,17697],[63,38],[65,11],[76,5],[42,19],[24,-39]],[[15081,18889],[28,-1],[62,-43],[20,4],[37,45],[90,-328],[-66,-36],[-10,17],[-33,-2],[-41,17],[-67,-36],[-20,-35],[-6,-30],[-43,-28],[-18,-71],[-47,-72],[-16,-57]],[[14951,18233],[-6,-75]],[[14945,18158],[-76,40]],[[14740,18365],[-10,23],[-29,21],[-8,36],[26,22],[17,32],[35,24],[-26,43],[48,68],[30,30]],[[15270,18194],[-97,0],[-142,-5],[-59,20],[-21,24]],[[40803,27385],[99,-1],[52,-175],[5,0]],[[40959,27209],[91,-296],[18,-49]],[[40886,26720],[-179,-72],[-80,-39],[-113,-23],[-76,20],[-206,113],[-18,25]],[[40959,27209],[134,-4],[454,-4],[10,45],[18,21]],[[41575,27267],[51,-12],[38,3],[116,29],[62,11],[83,-9],[37,-16],[55,-45],[31,-16],[30,-46],[44,-83],[17,-86],[78,-116],[12,-41],[-6,-49],[-25,-53],[-25,-13],[-70,45],[-29,-78],[-25,-50],[-21,-81],[-15,1],[-99,50],[-69,-10],[-10,-83],[7,-65],[26,-36],[52,-21],[8,-54],[15,-31],[70,-67],[40,-21],[49,-38],[83,-54],[106,-49],[17,-31]],[[41208,26239],[-62,29],[-34,-2],[-65,-38]],[[40845,29502],[596,-10],[181,-1]],[[41622,29491],[-267,-180],[-16,-44],[-2,-101],[-79,-299],[8,-38],[59,-57],[64,-42],[92,8],[82,-8],[101,33],[-54,89],[-36,104],[-7,93],[13,53],[37,58],[55,44],[58,9],[130,-31],[32,-24],[27,-51],[38,-48],[65,-68],[93,-62],[58,-53],[19,-57],[5,-78],[-52,-113],[-88,-139],[-26,-64],[-37,-151],[-19,-102],[-24,-67],[-35,-127],[-13,-85],[-51,-17],[-69,12],[-70,-43],[-60,-21],[-36,-1],[-34,25],[-49,23],[-55,-13],[-60,-46],[-30,-63],[-32,-129],[-2,-33],[31,-85],[47,-93],[49,-73],[35,-39],[58,-30]],[[8509,31214],[17,590],[6,334],[23,840],[14,360],[1,176]],[[8570,33514],[669,-33],[321,-11],[491,-11],[162,-7]],[[10840,30017],[-10,34],[9,32],[-20,39],[6,41],[-28,42],[27,54],[-14,19],[18,38],[37,-13],[17,36],[-16,15],[-11,46],[-19,27],[12,80],[-5,29],[-89,67],[-45,15],[-44,40],[-60,18],[11,-67],[27,-33],[2,-89],[11,-36],[-1,-78],[25,-26],[0,-75],[-124,5],[-1,-44],[-79,-1],[-83,22],[-22,22],[-14,64],[-20,45],[-31,47],[-38,33]],[[10268,30465],[-37,31],[-31,54],[-117,80],[-57,94],[-68,57],[-14,30],[-98,45],[-102,23],[-106,0],[-54,13],[-20,-5],[-104,1],[-18,39],[-72,19],[-36,-4],[-142,4],[-25,-17],[-39,5],[-30,-27],[-49,2],[-39,20],[-19,25],[-37,1],[-6,27],[-28,44],[-28,67],[17,18],[-4,31],[-24,38],[-23,-11],[-32,11],[-72,2],[-1,-38],[-15,-49],[-143,4],[-42,7],[-47,-20]],[[8506,31086],[3,128]],[[9966,29983],[56,-14],[21,-26],[47,-10],[44,8],[110,-5],[41,-10],[170,7],[72,-2],[21,-7],[208,-5]],[[9940,29075],[2,69],[-46,-22],[-66,2],[-51,52],[1,86],[31,27],[-10,79],[148,-3],[6,225],[-5,34],[8,85],[8,274]],[[9966,29983],[2,68],[-26,48],[-6,90],[38,17],[-14,32],[-2,54],[24,42],[26,6],[66,-4],[38,11],[53,86],[12,33],[91,-1]],[[8439,28745],[5,230],[-1,11],[8,215],[10,419],[12,438],[7,173],[2,122],[24,733]],[[5655,5478],[-9,-40],[13,-61]],[[5343,5882],[699,-16],[-2,-112],[-27,-31]],[[6013,5723],[-92,-83],[-61,-39],[-49,-39]],[[5342,5651],[1,231]],[[35690,27311],[17,3],[23,34],[82,-32],[54,-5],[48,64],[16,47],[29,-6],[37,-51],[3,-31],[-13,-38],[5,-27],[-20,-78],[90,-2],[70,-20],[45,-39],[52,5]],[[35521,26543],[79,262],[6,89],[6,21],[57,341],[-1,35],[22,20]],[[35501,29602],[24,-28],[-15,-40],[-28,3],[11,-60],[-33,-1],[-34,-17],[-52,-58],[0,-48],[-43,-31],[-4,-58],[-26,13],[-45,-75],[6,-28],[-23,-23],[-16,-89],[-46,-41],[8,-46],[-66,-125],[-31,-89],[-21,-32],[15,-23],[-1,-49],[13,-8],[-6,-52],[26,-68],[-19,-6],[-45,-71],[-36,-43],[-20,1],[-29,-39],[-9,-29],[-34,5],[-6,-63],[-25,-35],[39,-83],[-26,-52],[7,-30],[-23,-27],[6,-19],[-60,-51],[-28,-9],[-5,-32],[-30,-21],[-8,-43],[-38,-10],[-31,-26],[-6,-44],[-39,-42],[-2,-27],[-21,-34],[-45,-47],[-12,-49],[30,-118],[-1,-36],[-22,-11],[6,-26],[-26,-17],[-3,-55],[-26,-60],[3,-33]],[[36602,27353],[6,70],[38,82],[0,35],[-16,31],[-5,39],[49,38],[31,63],[17,86],[45,299],[24,105],[55,115],[1,47],[23,106],[26,32],[-19,29],[25,201],[133,380],[74,208],[29,71],[6,34],[29,57],[17,56],[24,33],[32,4]],[[35422,27276],[116,0],[23,9],[63,-6],[23,29],[43,3]],[[35501,29602],[429,0],[338,-1],[0,48],[306,-6],[174,1],[277,-5]],[[26916,27857],[56,7],[40,-12],[3,-53],[-76,-98],[-5,-45],[58,-76],[46,-70],[20,-47],[34,-41],[88,-36],[62,-46],[31,-11]],[[27273,27329],[-30,-40],[-22,-58]],[[27221,27231],[-229,3]],[[26992,27234],[-207,2]],[[29801,27409],[-277,6],[-218,1],[-249,3],[-204,7],[0,28],[-36,69],[9,36],[-19,9],[-4,54],[21,33],[-9,58],[63,37],[11,20],[56,18],[38,-10],[7,351],[-82,2],[1,176],[-238,6],[36,43],[-3,42],[-144,-81],[-19,40],[-5,47],[6,83],[85,1],[6,265],[-336,6],[-200,6],[-82,-2],[-20,-37],[32,-49],[-28,-47],[32,-23],[-2,-29],[18,-44],[38,-51]],[[28085,28483],[-37,-26],[-6,-43],[-113,0],[-10,9],[0,66],[-9,10],[-235,4]],[[27675,28503],[1,93],[-33,8],[-20,84],[11,3],[33,64],[5,127],[-19,11],[1,45],[-31,57],[-16,-1],[-32,40],[-42,16],[-15,46],[-24,-12],[-53,72],[-36,8],[-16,48],[19,34],[-14,28],[-4,50],[36,40],[35,-1],[28,27],[57,16],[24,71],[8,42],[23,33],[-2,41],[33,49],[-1,44],[-30,-3],[-30,-30],[-27,19],[-4,32],[34,35],[0,48],[11,19],[64,20],[-53,87],[-11,35],[31,0],[13,27],[-23,15],[20,27],[33,9],[16,43],[-30,33],[-31,-23],[-33,10],[46,65],[32,57],[12,71],[-33,19],[-19,-35],[-16,3],[-21,65],[37,0],[15,26],[-29,35],[51,14],[17,60],[0,35],[-52,98],[-19,11],[4,36]],[[25497,28544],[23,-36],[-17,-24],[-2,-75],[15,-51],[28,-16],[35,22],[201,-5],[36,-9],[24,-21],[28,-88],[0,-60],[83,-6],[0,-85],[79,-3],[1,-98],[26,-41]],[[25940,27227],[1,-46],[-5,-221],[-24,-31],[20,-28],[3,-72]],[[25935,26829],[-48,15],[-74,-16],[-10,14],[-61,-29],[-19,4],[-32,-18],[-25,28],[-48,30],[-14,-24],[-39,25],[-9,25],[-66,18],[-38,-39],[-28,-4],[-31,-32],[-22,5],[-12,-25],[-39,4],[-72,50],[-1,28],[-27,36],[-37,-16],[-23,27],[-22,-6],[-22,26],[-44,26],[-14,43],[-64,64],[-23,-10],[-32,14],[-46,-30],[-34,-87],[-50,-29],[-44,-5],[-41,43],[-7,-80],[-20,-9],[-47,12],[-24,-22],[-36,-9],[-24,-37],[-20,-12],[-91,28]],[[24455,26855],[-81,33],[-28,35],[-4,20],[-34,21],[-23,-6],[-109,58],[-5,32],[28,93],[-13,27],[-46,40],[-29,-17],[-21,21],[9,22],[-51,20],[-75,3],[-78,-21],[-4,-39],[-38,-8],[-2,-85],[-26,-8],[-17,-32],[-118,1],[-9,-126],[-74,-28],[-26,9],[-212,44],[-104,-18]],[[27931,27379],[22,-20],[194,-5],[7,383],[-63,45],[-44,12],[-35,33],[19,61],[26,31],[-15,32],[41,48],[-6,26],[35,10],[32,30],[-4,14]],[[28140,28079],[-2,63],[14,17],[-15,42],[11,43],[-33,31],[-4,18],[22,30],[-41,120],[-7,40]],[[29577,26401],[-91,6],[-11,9],[-4,53],[-20,52],[-26,45],[-20,-20],[-6,-58],[-18,-23],[-51,-10],[-21,-30],[-48,34],[-51,-19],[-5,23],[27,14],[9,58],[-19,9],[-60,-26],[-22,11],[-7,128],[-22,1],[-72,-162],[-17,-2],[-56,38],[5,26],[27,37],[-13,61],[-30,15],[-35,-64],[17,-49],[5,-44],[-24,-27],[-47,6],[-15,36],[-44,23],[-89,-14],[-36,-52],[-22,-10],[-32,7],[-45,-10],[-14,21],[7,51],[58,37],[12,28],[-11,62],[-37,46],[-55,1],[-121,-23],[-21,-9],[-29,-43],[-27,-4],[-54,14],[-39,-50],[-78,-31],[-31,10],[0,44],[-15,27],[-55,24],[-80,-8],[-31,17],[-25,31],[-34,60],[-42,96],[-1,101],[28,64],[6,58],[-23,28],[-40,12],[-25,20],[-28,47],[-23,24],[-5,51],[16,8],[35,-12],[23,43],[23,18],[45,-17],[34,11],[0,49]],[[27675,28503],[-333,6],[2,67],[-39,-11],[-21,14],[-65,-37],[-13,-43],[-29,-1],[-72,18],[-16,-24],[-52,-20],[-15,-24],[-48,-4],[-15,-24],[19,-33],[50,-19],[35,-38],[-34,-48],[-107,-63],[-59,-45],[-75,-71],[-32,-18]],[[6983,42167],[0,-529],[-3,-183],[-1,-356],[-16,-38],[-4,-57],[-19,-8],[-14,97],[-22,8],[-63,-2],[-22,-26],[18,-80],[-37,-30],[-25,-67],[0,-29],[41,-32],[31,59],[26,-23],[-28,-50],[29,-32],[39,24],[44,16],[14,23],[7,-108]],[[20553,21222],[91,-32],[12,-19],[37,2]],[[29434,8896],[193,-4],[42,-13],[36,11],[86,2],[5,143],[12,23],[45,42],[75,-21],[39,20],[34,1],[25,-12],[28,-56],[96,3],[20,-21],[2,-28],[27,0],[0,-83],[22,-39],[51,-46],[87,1],[74,-5],[3,9]],[[30436,8823],[-2,-85],[37,-51],[173,-207]],[[30644,8480],[-464,-590],[-20,-53],[-41,6],[-14,-25],[-117,-147],[-66,-37],[19,-43],[-33,-18],[-219,2],[-191,4],[-38,-23],[-42,-1]],[[29707,12214],[121,-99],[27,-28],[52,-88],[40,-96],[27,-40],[40,-31],[41,-13]],[[30055,11819],[0,-62],[-9,-33],[-86,-59],[61,-234],[0,-27],[-39,-147],[131,-75],[28,-2],[199,6],[65,-4],[63,-55],[34,-16],[-4,-261],[-8,-243],[-20,-480],[-1,-160],[-7,-210],[29,-3],[42,19],[-6,-253],[-67,-3],[-2,-106],[-9,-242],[-13,-346]],[[29194,9412],[-31,296],[3,98],[15,56],[6,72],[-11,83],[-58,341],[-59,333],[-17,52],[-64,141],[-136,290],[-43,87],[-273,432]],[[21502,21465],[18,-45]],[[21637,21243],[-27,-25],[23,-49]],[[4248,41159],[9,30],[29,37],[-24,117],[1,81],[43,57],[2,68],[10,24],[78,92],[39,20],[1,89]],[[4176,40814],[-15,0]],[[3536,41633],[55,5],[80,78],[79,32],[67,-28],[45,10],[52,43],[31,51],[-9,48],[75,59],[22,-10],[72,31],[-4,-176],[56,-1],[9,24],[42,15],[21,52]],[[4229,41866],[41,0],[2,22],[81,-2],[20,-21],[64,-2]],[[3666,41442],[-26,42],[-37,29],[-67,120]],[[4229,41866],[4,134],[-98,2],[-91,62],[-40,2],[-22,45],[-64,-3],[-70,-10],[-21,-103],[-10,-20],[22,-38],[-5,-38],[-28,-10],[-87,35],[-73,66],[-40,-25],[-42,15],[-42,-10],[-29,18]],[[3493,41988],[-4,19],[-52,80]],[[3437,42087],[-30,84],[-16,19],[-55,24],[-60,124],[-37,34]],[[3239,42372],[50,2],[389,-4],[379,-3]],[[3222,41984],[39,-1],[43,54],[20,49],[40,12],[73,-11]],[[3493,41988],[-26,-83],[2,-29],[23,-72],[25,-47],[9,-90],[10,-34]],[[13957,5439],[-13,-421],[-11,-459],[167,-4],[863,-26]],[[14963,4529],[18,-42],[-58,7],[-41,-47],[-58,-40],[-10,-63],[-19,-5],[-24,-30],[-5,-23],[-48,-41],[-13,28],[-49,-31],[-60,-15],[-34,23],[-53,-4],[-52,20],[-11,-27],[-32,4],[-32,-21],[-6,-45],[-42,-9],[-14,-32],[-53,8],[-14,19],[-27,-10],[-22,11],[-78,-5],[-1,-34],[-62,-37],[-13,-23],[23,-17],[60,-17],[-23,-50],[-83,-31],[-33,-35],[-21,-41],[-32,-35],[-58,0],[-29,-12],[-71,-55],[-79,-81],[-85,-55],[-41,-70],[-43,-60],[-41,-36],[-34,-45],[-66,-43],[-64,11],[-75,-11],[-43,6],[-80,-6],[-88,-55]],[[13044,3327],[-3,-72],[-16,-129],[-7,-16],[-104,-164],[-19,-47],[8,-62]],[[14963,4529],[276,-9]],[[15239,4520],[-9,-347],[-7,-331],[-6,-196],[-3,-176],[6,-1],[-16,-537]],[[15204,2932],[-7,-340],[-3,-176],[-15,-706],[-6,-174],[-9,-517],[-7,-176],[-5,-339],[-7,-188],[-2,-155]],[[15143,161],[-104,0],[-161,-3],[-91,3],[-317,3],[-321,0],[-157,1],[-382,-2],[-402,2],[-175,7],[-69,-2]],[[35859,35434],[125,-1],[48,26],[58,-71],[290,-1]],[[36396,34854],[-86,2],[-9,-352],[-98,-1],[-77,-23],[-326,97],[-24,13],[-77,-1],[-35,62],[-21,106],[-3,72],[-50,96]],[[29446,42353],[260,-6],[141,-1]],[[29847,42346],[-3,-120],[84,-1],[-2,-87],[167,-3],[-1,-88],[174,-3],[-1,-88],[42,2],[-2,-178],[41,0],[-1,-179],[41,0],[-1,-178],[375,-6],[-13,-371],[172,-7],[-8,-176],[164,-2],[-11,-530],[163,0],[-2,-350],[1,-176],[-3,-359]],[[31223,39446],[-5,-175],[-78,1]],[[31140,39272],[-97,42],[-21,20],[-51,102],[-58,85],[-64,35],[-75,96],[-41,25],[-82,-36],[-54,37],[-66,-45],[-52,11],[-102,6],[-57,-15],[-28,16],[-31,-2],[-57,-34],[-18,2],[-70,45],[-42,49],[-43,33],[-36,40],[-43,62],[-9,38],[-38,47]],[[29905,39931],[-83,34],[-76,40],[-65,-6],[-33,-11],[-44,-52],[-38,-8],[-72,56],[11,47],[53,13],[56,39],[17,31],[5,46],[-12,39],[4,69],[43,78],[76,93],[72,22],[19,62],[-10,42],[3,115],[-126,3],[-26,-36],[-50,-5],[-49,25],[-54,-46],[-31,-49],[-54,-29],[-7,-37],[-28,-19]],[[29406,40487],[3,253],[3,348],[9,356],[0,179],[3,176],[17,358],[5,196]],[[27202,39389],[164,1],[300,-7],[153,-4],[211,-10],[338,-19],[0,90]],[[28368,39440],[113,34],[138,-5],[176,43],[21,15],[92,102],[6,16]],[[28914,39645],[112,84],[26,12],[53,53],[25,-1],[32,42],[18,-44],[49,-71],[21,-62],[49,64],[62,0],[34,50],[35,15],[22,-10],[43,10],[45,23],[59,-6],[54,19],[40,-22],[17,-21],[31,58],[-6,53],[44,26],[39,12],[87,2]],[[31140,39272],[-592,13],[-6,-167],[-164,2],[-4,-183],[-9,-358],[-6,-165],[-2,-182],[33,-1],[-3,-193],[2,-197],[-16,-685],[-6,-81]],[[30367,37075],[-49,0],[-50,34],[19,42],[27,28],[28,56],[-3,26],[-68,81],[-55,31],[1,31],[-39,14],[-36,-27],[-37,-15],[-2,30],[-27,27],[-43,22],[-7,32],[12,21],[-4,39],[13,13],[-20,31],[-36,-11],[-27,-32],[-65,14],[-32,62],[-3,63],[-10,54],[-46,-21],[-18,-58],[-7,-43],[-66,-91],[-38,-17],[-43,5],[-18,62],[50,57],[18,44],[-23,54],[-29,18],[-31,-6],[-37,-41],[3,-40],[-34,-14],[-15,-41],[-28,3],[-68,73],[-30,-12],[-25,-30],[-59,5],[-34,-29],[-29,0],[-50,-75],[2,-57],[15,-32],[-26,-23],[-43,29],[-18,45],[-19,15],[-45,9],[-46,-33],[-30,-10],[-18,-63],[6,-24],[25,-28],[-3,-31],[-52,-11],[-11,60],[-18,24],[-71,20],[-29,-31],[-79,-37],[-1,-37],[48,-42],[8,-23],[-18,-60],[-35,-54],[-64,31],[-35,8],[-10,29],[-2,50]],[[28628,37268],[-20,53],[20,19],[32,-6],[23,24],[-16,39],[-47,21],[-30,-9],[-17,-35],[1,-42],[-12,-61],[-10,-3],[-63,35],[-23,59],[8,71],[-53,-21],[-52,5],[-20,75],[11,95],[-59,31],[-18,-6],[-23,-98],[-53,-68],[-48,-32],[-37,11],[-15,31],[39,33],[51,20],[-24,55],[-32,19],[-50,-44],[-4,-44],[-42,-19],[-51,10],[-22,27],[-13,39],[-53,-4],[-41,-12],[4,94],[9,16],[-29,31],[-34,5],[-15,-13],[-17,-50],[14,-75],[-20,-16],[-23,52],[-18,21],[-38,9],[-49,24],[-6,13],[15,103],[-4,31],[-33,59],[-20,6],[-45,-58],[-29,-18],[-16,14],[-9,56],[-14,18],[-75,-36],[-42,9],[1,64],[-21,50],[2,33],[-33,31],[-16,46]],[[37565,35902],[-3,-277],[-11,-33],[-82,-119],[-16,-65],[-1,-73],[7,-116],[-5,-203],[-12,-32],[-88,-138]],[[37785,34163],[-2,351]],[[36432,33983],[188,-1],[-4,-180],[83,0]],[[36664,33592],[-43,33],[-64,5],[-17,84]],[[36540,33714],[2,33],[-39,123],[-66,68],[-5,45]],[[36708,34151],[82,-1]],[[36289,33986],[-2,-182],[46,-8],[28,37],[90,-38],[-1,-81],[90,0]],[[36373,34417],[-100,1],[-56,-5]],[[11275,18426],[-55,-9],[-35,12],[-57,-28],[-36,-9],[-25,-40],[-17,2],[-77,-40],[-23,-1],[-99,-39],[-75,-6],[-45,3],[-33,-12],[-79,-4],[-56,-12],[-60,20],[-53,-15],[-43,-32],[-26,0],[-53,-33],[-24,-29],[-26,-5],[-38,20],[-35,-12],[-14,-24],[-84,-23],[-47,3],[-31,18],[-89,-22],[-100,2],[-30,19],[-69,-12],[-40,-24],[-67,-10],[-18,-14],[-42,-2],[-73,9],[-61,48],[-63,41],[-41,20],[-64,2],[-33,12],[-94,19],[-53,1],[-20,23],[-18,51],[-60,11],[-23,-6],[-34,23],[-30,4],[-33,-20],[-25,32],[-78,2],[21,85]],[[8792,18425],[6,16],[81,86],[-30,25],[-6,-33],[-45,-21],[-29,41],[-24,61],[7,58],[-2,51],[-21,49],[26,44],[35,-8],[3,65],[53,25],[17,-24],[-8,-50],[44,-18],[-9,36],[10,31],[52,-18],[30,4],[-27,67],[-1,67],[-33,65],[-29,42],[-19,73],[-1,35],[-25,65],[16,15],[168,2],[72,-21],[155,-5],[36,-5],[35,16],[37,-2],[62,19],[90,-16],[77,3],[32,8],[32,46],[41,21],[36,30],[105,57],[25,22],[79,114],[7,32],[5,145],[6,27],[37,75],[62,55],[21,78],[-19,65],[-1,28],[30,42],[17,98],[1,79],[46,89],[64,94],[33,59],[23,56],[5,127],[19,56],[52,205],[29,50],[17,68]],[[6368,18623],[46,3],[49,29],[40,-1],[52,53],[55,-4],[23,-25],[47,4],[50,-134],[-38,-35],[10,-81],[30,-19],[28,-1],[31,-32],[41,-5],[22,-25],[54,10],[28,-32],[25,1],[23,-30],[43,-7],[30,12],[27,28],[7,54],[26,22],[31,50],[58,42],[58,33],[18,24],[17,54],[105,28],[35,-3],[26,15],[50,-6],[53,26],[34,0],[76,-44],[20,-75],[22,2],[61,32],[9,32],[64,-15],[35,-50],[42,-19],[30,13],[31,-4],[-7,-33],[112,-38],[54,10],[23,-25],[57,-11],[23,-17],[108,13],[66,13],[34,-12],[42,2],[130,-7],[20,15],[72,-13],[30,-17],[36,2]],[[6392,20147],[473,-5],[4,177],[-2,128],[82,0],[3,263],[493,-15],[1,88],[332,-5],[2,174],[326,-4],[5,176],[328,-8]],[[8486,36828],[42,13],[2,67],[-7,33],[18,58],[66,46],[48,4],[9,15],[-2,48],[32,36],[-8,42],[9,48],[33,76],[-22,29],[-31,-34],[-21,25],[-38,2],[-42,-48],[-47,-32],[-53,-7],[-32,25],[-12,58],[11,27],[28,-16],[24,14],[9,45],[-10,66],[24,46],[-14,50],[26,14],[-4,35],[-26,50],[50,18],[73,47],[4,15],[-34,41]],[[8591,37784],[14,10],[22,73],[42,36],[37,9],[38,25],[157,10],[38,-3],[55,32],[71,-3],[63,-41],[98,-17],[23,-14],[21,-46],[50,16],[49,0],[34,37],[37,3],[28,23],[5,40],[30,40],[31,19],[45,-12],[27,-22],[79,-37],[42,-8],[137,-12],[53,22]],[[9917,37964],[-1,-113],[492,-14],[173,-1]],[[8570,33514],[-166,6],[-328,17],[-335,10],[-141,8]],[[7600,33555],[33,55],[8,39],[44,42],[42,86],[6,52],[-34,57],[-34,79],[-17,76],[73,24],[55,35],[30,55],[58,31],[70,0],[31,49],[26,18],[105,119],[24,19],[10,32],[-24,60],[24,5],[25,28],[50,23],[4,24],[-65,71],[16,37],[-14,39],[-5,70],[8,42],[36,83],[74,55],[83,18],[68,57],[45,25],[14,25],[38,24],[13,21],[-20,58],[20,54],[80,65],[45,49],[24,44],[21,56],[-6,47],[10,29],[-26,77],[-67,112],[-29,72],[-21,80],[-5,46],[-24,54],[-11,46],[-10,155],[10,111],[-13,48],[-64,101],[-22,47],[26,92],[50,99],[13,62],[-17,61],[2,33]],[[6420,37949],[343,-8],[129,38],[143,-3],[18,-5],[53,-51],[72,-39],[140,-28],[58,-18],[136,-28]],[[7512,37807],[-5,-223],[17,-34],[66,-43],[45,-69],[34,-7],[0,-36],[55,-8],[18,-47],[32,-25],[20,-30],[1,-38],[-93,-53],[-25,-20],[24,-51],[40,-13],[50,-1],[22,-45],[15,-55],[4,-73],[23,-6],[83,0],[47,-18],[-7,-19],[10,-47],[3,-99],[-20,-81],[8,-25],[-23,-84],[29,9],[21,23],[43,6],[21,-23],[65,9],[26,24],[13,56],[20,17],[76,21],[51,-9],[44,17],[33,-7],[66,48],[9,60],[13,20]],[[7600,33555],[-357,9],[-669,19],[-2,-176]],[[7512,37807],[67,-15],[66,-56],[40,-20],[69,-15],[83,-5],[2,129],[54,13],[105,-24],[72,1],[68,72],[91,37],[-15,79],[-31,53],[0,49],[-21,35],[27,10],[62,-3],[4,-30],[-18,-44],[3,-31],[41,-35],[71,-17],[50,-25],[29,35],[17,-8],[-19,-53],[13,-45],[30,-41],[71,-45],[27,-3],[21,-21]],[[7462,40036],[170,-6],[323,-17],[165,-4],[495,-3],[0,-8],[183,1],[128,-6]],[[8926,39993],[27,-59],[-42,-25],[-9,-19],[24,-40],[8,-43],[-11,-28],[-38,-2],[-19,-19],[12,-54],[-8,-27],[31,-11],[48,0],[33,15],[6,43],[37,21],[15,-43],[21,-12],[18,60],[19,-3],[31,-41],[28,-1],[15,-21],[-51,-67],[-26,-14],[-22,-38],[48,0],[43,-49],[19,-33],[38,-21],[70,-3],[-13,-528],[-3,-171],[82,-2],[-4,-177],[249,-10],[-6,-364],[323,-8],[-2,-235]],[[8509,31214],[-27,-31],[-39,2],[-28,-27],[-74,2],[-12,-24],[-23,3],[-10,-33],[-32,-8],[-44,-33],[-49,-9],[-27,-23],[-120,-27],[-33,-18],[-39,52],[-103,17],[-34,-14],[-16,9],[-40,-26],[-84,-40],[-27,-50],[-17,-56],[-38,-53],[-22,-51],[-9,-74],[-37,-39],[-17,-44],[-20,-88],[-64,-88]],[[7424,30443],[-70,27],[-124,-9],[-36,3],[-55,48],[-30,15],[-111,-8],[-7,-96],[-56,-49],[-14,-26],[-10,-59],[-1,-62],[-42,2],[-71,-14],[-75,23],[-79,-23],[-7,-29],[-43,-9],[-2,-25],[53,10],[48,-10],[8,-30],[34,-21],[7,-38],[101,-3],[23,-28],[45,9],[7,-73],[-14,-47],[56,-28]],[[6959,29893],[-48,-115],[-4,-31],[-48,-99],[-50,-34],[-68,-8],[-43,17],[-80,88],[-91,111],[-27,19],[-91,34],[-107,0],[-245,10],[-45,-3],[-91,-27],[-319,-67],[-50,-13],[-59,8],[-13,-8],[-88,-19],[-98,-38],[-86,-41]],[[32027,42352],[426,1],[491,3],[694,5],[336,1]],[[33209,38155],[-89,2],[-37,-33],[-32,-50],[-25,-19],[-8,-31],[6,-53],[19,-51],[-6,-27],[12,-39],[-13,-46],[2,-48],[-38,-14],[-56,-32],[-46,35],[-23,38],[8,16],[50,17],[-30,18],[-25,44],[-46,37],[-4,25],[22,66],[-5,52],[20,53],[-6,34]],[[32859,38149],[3,41],[57,4],[7,69],[13,36],[29,12],[13,50],[-49,64],[-21,-1],[-27,33],[-21,-24],[-32,-5],[-42,13],[-51,136],[31,0],[36,23],[33,48],[-15,16],[3,32],[28,27],[-6,41],[40,123],[-3,34],[-30,59],[10,18],[-11,31],[14,27],[-24,141],[-42,17],[14,33],[28,32],[-7,80],[41,24],[32,29],[39,66],[19,16],[-9,61],[-49,20],[-2,50],[-20,4],[-12,51],[-19,10],[-43,79],[5,39],[-31,21],[-52,-13],[-71,74],[-22,43],[-15,63],[49,22],[39,58],[19,58],[-27,56],[-21,-12],[-25,20],[7,35],[-13,25],[-46,9],[-27,-29],[-35,8],[-41,54],[45,25],[57,49],[38,101],[-37,17],[-57,46],[-38,45],[-45,19],[-22,44],[-3,36],[-62,19],[-5,51],[35,-2],[41,43],[27,16],[42,0],[5,40],[25,-17],[15,-30],[51,-25],[25,10],[12,40],[-37,45],[-14,41],[-29,31],[35,50],[-42,47],[-13,53],[-54,20],[-31,41],[-15,57],[-46,0],[-58,112],[5,58],[-20,18],[-5,48],[15,34],[-12,29],[17,51],[-22,52],[-45,31],[-17,24],[-22,-29],[9,-34],[-19,-17],[-37,27],[-34,13],[-32,37],[0,24],[33,43],[-14,27],[-21,2],[-85,-32],[-21,28],[-48,43],[-30,4],[14,51],[42,4],[30,-13],[41,12],[46,48],[43,92],[24,28],[-28,43],[-17,48],[-40,75],[-25,-20],[-17,35],[-22,16],[-24,80],[19,19],[-6,29]],[[29847,42346],[249,2],[342,0],[321,2],[169,-1],[511,3],[332,-1],[256,1]],[[32859,38149],[-36,1],[-38,-19],[-62,9],[-37,18],[-33,-1],[-106,41],[-38,-11],[-24,21],[-19,51],[-52,-1],[-22,11],[2,41],[-39,49],[-22,-26],[-28,10],[-24,36],[-13,53],[-20,25],[7,35],[34,0],[-7,28],[-56,40],[-16,33],[-43,30],[20,53],[-21,62],[-22,23],[-13,42],[-62,-16],[-34,13],[-22,35],[-85,-18],[-41,17],[-74,64],[3,63],[-27,39],[-54,-30],[-58,20],[-38,29],[-65,0],[-20,31],[-30,-10],[-20,56],[11,60],[-37,71],[-30,28],[-18,-15],[-14,-57],[-13,-94],[-22,-33],[10,388],[-168,2]],[[41778,34470],[48,-20],[410,14],[2,-395],[132,1],[228,-2],[5,-265],[-4,-84],[484,-5],[264,0],[371,-4],[47,-4],[-5,-266],[17,1],[75,48],[35,4],[43,19],[23,-51],[-70,-1],[-53,-21],[-36,-30],[-45,-16]],[[43749,33393],[-51,-57],[-177,-105],[-26,-21],[-12,-49],[-39,-45],[-98,-65],[-38,-58],[4,-76]],[[43312,32917],[-44,2],[-1,138],[10,32],[45,51],[43,37],[-21,11],[3,173],[-255,-1]],[[43092,33360],[-268,3],[-320,-614],[-256,2],[2,-88],[-121,1]],[[42129,32664],[-102,0],[-303,-434],[-185,-262],[-125,-180],[-129,-182]],[[41285,31606],[-184,6],[-486,7],[-359,3]],[[41285,31606],[148,-2],[25,3],[475,0],[1,-673],[-5,-152],[166,81],[-3,-247],[-5,-243],[75,-67],[7,-17],[-1,-85],[14,-17],[179,-1],[27,-23],[90,-106],[65,-51],[22,-35],[-12,-103],[15,-18],[133,-2],[90,2]],[[42791,29850],[67,-147],[30,-139],[12,-101],[0,-54],[-92,-72],[-80,-46],[-86,-39],[-164,-64],[-81,-96],[119,-86],[-5,-45],[-91,-46],[-141,229],[69,85],[-79,101],[-33,129],[0,66],[26,133],[38,126],[0,47],[-10,28],[-99,118],[-84,21],[-122,-6],[-62,-15],[-42,-35],[-63,-72],[-35,-86],[-61,-228],[-100,-65]],[[1655,26177],[16,572],[21,754]],[[1728,28945],[19,-16],[74,97],[15,12],[166,82]],[[2002,29120],[5,-22]],[[1819,28462],[-97,3]],[[1722,28465],[4,181],[5,42],[-17,76],[9,80],[-22,57],[27,44]],[[2280,28735],[-5,-215],[40,-8]],[[2315,28512],[-47,-46],[-47,-11],[-4,-29],[-128,4]],[[21618,21149],[-4,-50],[44,-2],[97,-17],[-13,-83]],[[21742,20997],[-98,16],[-2,-66]],[[15204,2932],[58,-72],[36,-67],[42,-43],[88,-42],[286,-143],[37,-6],[90,7],[162,34],[187,21],[58,-8],[94,-4],[109,-25],[132,-21],[100,-44],[71,-27],[71,-12],[250,-6],[38,3],[392,-5]],[[17851,2245],[-42,-19],[-36,-64],[-40,-48],[-55,-3],[-80,-26],[-41,-33],[-36,-1],[-26,-20],[-1,-32],[-25,-10],[-84,-88],[-32,-11],[-8,-39],[7,-36],[-12,-73],[20,-41],[78,-66],[16,-64],[27,-47],[-3,-44],[-12,-38],[23,-44],[-31,-46],[8,-31],[28,-20],[21,-50],[-8,-23],[19,-54],[0,-50],[-26,-24],[9,-57],[-5,-26],[8,-56],[23,-9],[20,-89],[40,-59],[-9,-41],[15,-94],[55,-118],[13,-115],[18,-59],[-5,-35],[114,38],[26,-15],[13,-67],[-12,-30],[10,-60],[-153,-86]],[[17680,122],[-207,1],[-38,3],[-551,6],[-76,4],[-127,1],[-275,6],[-35,3],[-186,-3],[-157,5],[-401,3],[-91,3],[-393,7]],[[15239,4520],[355,-9]],[[15594,4511],[59,-3],[741,-24],[142,-8],[415,-11],[5,15],[97,19],[55,-5]],[[20911,80],[-100,1],[-565,8],[-368,6],[-194,1],[-230,4]],[[19454,100],[-34,65],[-57,21],[4,33],[-22,38],[-33,-18],[-78,25],[-37,19],[-3,32],[-17,27],[6,23],[-81,54],[-12,58],[-17,5],[-11,35],[11,22],[17,86],[-23,80],[-49,41],[-26,78],[3,30],[20,35],[-50,148],[-24,5],[2,35],[-23,29],[-53,20],[-37,25],[-66,-110],[-72,-16],[-82,108],[-36,146],[-43,-11],[-47,1],[-19,23],[-113,40],[-7,26],[-35,6],[-18,-19],[-126,-110],[-27,30],[1,74],[16,29],[-3,34],[146,184],[52,118],[0,26],[-23,49],[-86,142],[-59,62],[-52,110],[-54,91]],[[19454,100],[-523,5],[-162,6],[-251,0],[-553,8],[-285,3]],[[43680,35463],[0,-169],[82,0],[20,10],[19,-19]],[[43801,35285],[3,-265]],[[43804,35020],[1,-264],[-286,5],[-5,176],[0,403],[-34,37],[95,63],[-23,40]],[[42417,36302],[548,6]],[[43804,35020],[127,-3],[-1,88],[168,-3],[166,0],[-4,704],[0,345],[-22,-2],[-150,6],[0,63]],[[44088,36317],[816,10],[328,3],[174,-1],[18,-50],[34,-47],[43,-45],[-11,-100],[22,-159],[30,-55],[41,-41],[130,-86],[228,-134],[100,-84],[100,-55],[35,-30],[55,-82],[22,-88],[9,-123],[-10,-96],[-14,-71],[-19,-47],[-29,-38],[-49,-47],[-86,-50],[-54,-3],[-68,27],[-81,83],[-76,87],[-139,124],[-45,50],[-30,24],[-107,51],[-73,8],[-49,-3],[-34,-12],[-34,-30],[-49,-66],[-109,-117],[-32,-52],[-28,-63],[-14,-75],[-10,-81],[4,-38],[17,-40],[38,-52],[54,-35],[75,-35],[209,-76],[85,-27],[73,-29],[102,-48],[58,-33],[25,-24],[11,-36],[-4,-79],[-24,-57],[-20,-22],[-88,-76],[-111,-79],[-75,-39],[-27,-3],[-38,16],[-24,26],[-69,6],[-107,43],[-81,15],[0,-20],[-152,-53],[-135,-150],[-31,-55],[25,-84],[-25,-92],[-3,-40],[10,-90],[-1,-45],[-17,-27],[-115,-81],[-115,-64],[-123,-37],[-45,10],[-63,43],[-19,108],[-99,21],[-74,-11],[-184,-67],[-44,7],[-44,27],[-49,62],[-54,0]],[[42129,32664],[1,-89],[115,-1],[10,-4],[176,-1],[1,-286],[24,70],[46,67],[14,-5],[17,-66],[64,-154],[42,16],[19,21],[23,52],[24,17],[58,2],[333,-3]],[[43096,32300],[118,-1],[86,79],[89,-185],[9,-31],[-6,-37],[34,-1],[31,76],[23,31],[49,-14],[45,-3]],[[43574,32214],[44,-38],[57,-35],[100,-44],[55,-10],[78,9],[71,27],[28,30],[50,108],[50,38],[55,22],[53,1],[27,-19],[53,-91],[13,-49],[4,-78],[-21,-130],[-29,-60],[-25,-25],[-47,-27],[-88,-38],[-6,-12],[-151,-124],[-36,-14],[-50,-1],[-109,29],[-88,-71],[-102,-41],[-150,-98],[-40,-46],[-42,-71],[-12,-65],[32,-110],[51,-102],[18,-49],[45,-80],[34,-25],[35,-12],[62,-34],[84,-17],[46,-3],[32,-26],[9,-41],[-34,-97],[28,21],[35,-5],[24,-25],[16,-62],[-1,-63],[-21,-69],[-40,-62],[-61,-29],[-51,-7],[-51,4],[-80,47],[-101,43],[-119,59],[11,81],[17,32],[-13,83],[-24,32],[-132,113],[-16,18],[-74,50],[-56,32],[-89,12],[-102,-20],[-74,-44],[-50,5],[-72,-25],[-35,-24],[-45,-59],[-8,-79],[-16,-64],[-33,-72],[-33,-117],[-6,-45],[19,-154],[27,-85],[49,-100],[37,-59],[33,-36],[58,-50],[66,-47],[44,-75]],[[43801,35285],[67,-2],[-2,158],[8,51]],[[43312,32917],[10,-77],[7,-155],[-2,-59],[8,-60],[51,-93],[69,-89],[25,-24],[9,-30],[45,-73],[40,-43]],[[43096,32300],[-4,1060]],[[2725,28627],[66,-33],[123,-100]],[[2569,28122],[-1,78],[8,127]],[[2002,29120],[56,30],[25,22],[182,197],[88,75]],[[2353,29444],[141,-103]],[[2494,29341],[21,-20]],[[2515,29321],[-157,-147],[-22,-48],[0,-38]],[[2515,29321],[61,-88],[32,-93],[2,-62],[-16,-61],[-72,-126],[-15,-44],[6,-59],[28,-71]],[[2479,28474],[-82,47],[-19,17],[-25,-12],[-3,-30],[-35,16]],[[3880,27991],[88,-59],[23,-9],[123,-26],[66,-17],[64,-30],[53,-32],[111,-44],[73,-25],[50,-4],[88,-17],[93,15],[42,-11],[31,-21],[24,-1],[110,46],[84,22]],[[5003,27778],[-10,-495],[-4,-97],[-10,-386],[166,-3],[-4,-178],[165,-5],[4,177],[165,1]],[[4438,25404],[-169,2],[-3,-89],[-167,6],[-1,-45],[-41,1],[-2,-44],[-126,5],[1,-88],[-259,6],[-2,-87],[-43,0],[-65,-31],[-149,-49],[0,-22]],[[3567,28489],[66,-8],[70,19],[91,33],[70,41],[136,122],[63,52],[40,22],[69,20],[68,2],[111,-13],[60,5],[35,19],[42,42],[29,61],[5,41],[-7,75],[-20,81],[-59,112],[-102,85],[-52,58],[-39,85],[1,30]],[[5051,29591],[-10,-393],[-13,-1],[-8,-349],[-14,-638]],[[5006,28210],[-2,-121],[6,0],[-4,-237],[-3,-74]],[[24455,26855],[-16,-22],[25,-30],[41,-28],[33,-55],[95,-115],[3,-90],[19,-57],[42,-49],[68,-102],[57,-56],[42,-13],[95,-98],[81,-159],[12,-44],[49,-93],[40,-18],[44,-68],[15,-6],[113,-2],[35,-31],[-4,-218],[40,-18],[20,-25],[18,-61]],[[25422,25397],[-34,0],[-32,19],[-26,-8],[-61,-3],[-47,-22],[-8,26],[-30,-2],[-37,14],[-8,17],[19,34],[-24,37],[-54,10],[-31,-13],[-24,16],[-22,-13],[-47,8],[5,30],[-51,-4],[-62,16],[-8,15],[-59,1],[-37,39],[-49,22],[-31,-3],[-9,22],[-59,-8],[-21,7],[-7,43],[-61,11],[-26,-22],[-6,-50],[51,-3],[0,-88],[-11,0],[-4,-174],[-72,2],[-3,-246],[-5,-196]],[[23221,25003],[14,547],[6,323]],[[28140,28079],[-79,-32],[-427,-263],[-48,-42],[-313,-413]],[[25935,26829],[8,-46],[61,0],[30,20],[58,-69],[-10,-49],[5,-29],[37,-79],[49,-4],[16,-15],[14,-63],[17,-31],[20,9],[47,-82],[8,-27],[70,6],[46,-5],[52,-17],[19,34],[63,-32]],[[26545,26350],[-261,-302],[-27,-26],[-563,-487],[-106,-109],[-83,-61]],[[25505,25365],[-75,-53]],[[25430,25312],[-8,85]],[[26545,26350],[275,318]],[[26820,26668],[79,88],[34,93],[50,61]],[[26983,26910],[88,-1],[2,-88],[159,-1],[-77,-87],[291,-2],[40,7],[41,-30],[-2,-234],[27,-65],[38,-32],[51,-8],[-5,-522],[-164,2],[-6,-531],[-93,1],[-4,-339],[56,-26],[7,-51],[33,5],[36,-76]],[[26743,24810],[-60,42],[3,24],[-52,47],[-61,67],[-30,24],[-7,24],[-48,-3],[-31,-44],[-22,6],[-58,-12],[-34,-19],[-20,30],[-53,3],[-18,20],[-28,-10],[-55,2],[-47,28],[-31,5],[-34,21],[-15,24],[-52,26],[-42,-15],[-40,6],[-29,30],[-33,-21],[-21,22],[-56,40],[0,14],[-39,22],[-48,45],[2,59],[-22,1],[-3,97],[-35,5],[-33,-35],[-67,-23],[-19,3]],[[27273,27329],[136,-73],[65,17],[114,12],[63,25],[-12,57],[-36,43],[3,30],[36,13],[51,-23],[80,-1],[59,-20],[72,-7],[27,-23]],[[26983,26910],[210,245],[28,76]],[[26784,27199],[48,-1],[13,-21],[-1,-73],[56,-5],[0,-58],[10,-43],[49,12],[19,25],[-6,51],[18,0],[2,148]],[[26820,26668],[3,348],[-7,36],[-21,37]],[[26795,27089],[-11,38],[0,72]],[[26795,27089],[-90,3],[-2,-26],[-25,-95],[-42,-78],[-28,-33],[-81,-34],[-31,-28],[-69,43],[-26,47],[-33,9],[-23,23],[-17,62],[2,72],[178,-2],[-3,143]],[[28697,14523],[16,15],[18,48],[19,14],[36,-3],[6,442],[-39,44],[-39,106],[2,228],[4,279],[332,-21],[532,7]],[[29584,15682],[-9,-31],[34,-10],[14,-33],[-9,-35],[20,-11],[26,-46],[-31,-110],[-44,-9],[8,-29],[39,-19],[1,-48],[25,-19],[49,-69],[-21,-32],[-4,-57],[-21,-56],[-30,-1],[-18,-21],[-12,-73],[17,-16],[-15,-31],[8,-21],[40,-24],[16,-41],[28,20],[6,-43],[43,-18],[22,-22],[79,63],[23,36],[6,59],[13,15],[142,12],[167,-8],[246,9]],[[30442,14963],[248,4],[-8,-311],[78,3],[4,-42],[82,-2],[165,2],[144,-7],[470,-17],[101,1]],[[31726,14594],[3,-33],[21,-20],[-16,-25],[2,-49],[-38,-1],[-9,-43],[13,-30],[43,-18],[22,32],[29,-13],[19,-34],[25,22],[38,-34],[14,-67],[-21,-31],[1,-26],[-32,-40],[21,-21],[-7,-35],[45,-30],[-5,-42],[56,-30],[22,-73],[22,-19],[22,8],[-4,-50],[36,-24],[-51,-16],[35,-56],[-14,-26],[36,-8],[32,18],[48,-43],[-38,-25],[34,-30],[-18,-30],[38,-27],[-1,-34],[26,-17],[11,-34],[-20,-40],[-48,-35],[-1,-55],[-17,-17],[5,-50],[-32,-3],[5,-35],[33,14],[10,-26],[-26,-13],[-24,-65]],[[32071,13215],[-21,-15],[-41,-55],[-83,-55],[-29,-37],[-2,-33],[31,-51],[-18,-27],[-60,21],[-22,-11],[11,-54],[35,-39],[12,-35],[-16,-34],[-54,-61],[-15,-72],[10,-125],[10,-42],[34,-27],[47,-8],[23,-48],[0,-42],[-15,-56],[8,-25],[48,-16],[40,2],[47,-21],[23,-28],[47,-78],[50,-149],[4,-34],[-7,-55],[-19,-45],[4,-43],[29,-32],[77,-23],[23,-25],[18,-58],[32,-39],[35,-26],[0,-36],[-31,-46],[-40,-8],[-52,4],[-29,-19],[25,-38],[68,-25],[13,-26],[-12,-18],[-70,-24],[-18,-66],[98,-66],[31,-26],[-2,-44],[-27,21],[-104,27],[-36,-4],[-40,-28],[-12,-45],[-26,-29],[-51,10],[-35,38],[-7,36],[9,42],[25,32],[29,55],[53,56],[-6,68],[-20,58],[-29,42],[-23,16],[-53,6],[-29,-6],[-112,-53],[-59,-13],[-44,-1],[-50,17],[-75,1],[-49,-29],[-24,-29],[-40,-100],[-14,-13],[-35,0],[-49,52],[-11,53],[22,105],[50,51],[9,25],[6,81],[-2,85],[-25,-1],[-43,-29],[-53,-77],[-29,-69],[-41,-71],[-46,-19],[-62,17],[-15,-21],[-12,-89],[-27,-66],[-24,-16],[-46,11],[-41,35],[-60,60],[-39,66],[-10,35],[17,105],[-11,17],[-148,-97],[-43,-15],[-64,-11],[-106,-3],[-75,-13],[-89,-27],[-44,19],[-32,29],[-15,47],[15,32],[77,71],[94,27],[53,-54],[57,-25],[30,-2],[31,14],[50,49],[24,68],[2,54],[-28,106],[-41,119],[0,41],[-34,72],[-53,65],[-70,21],[-37,-22],[-8,-54],[25,-47],[55,-61],[32,-76],[19,-78],[-4,-34],[-17,-20],[-62,-18],[-20,10],[-23,41],[-42,115],[-52,75],[-29,19],[-55,-10],[-34,-44],[-37,-109],[-26,-62],[-39,-48],[-61,-31],[-43,-5]],[[30104,16769],[45,-4],[251,-3]],[[30400,16762],[-11,-601],[-3,-247],[77,-156],[5,-52],[-2,-212],[-12,-12],[-12,-519]],[[29584,15682],[-15,24],[16,19],[-7,25],[18,25],[-6,35],[17,21],[-5,25],[-57,64],[10,34],[-32,41],[0,37],[-32,18],[-6,43],[-29,111],[-25,43],[16,44],[25,19],[96,-8],[2,101],[168,6],[7,357],[323,0],[36,3]],[[28879,17697],[-446,10],[-341,8],[1,46]],[[29783,18912],[-4,-260],[166,-2],[167,-14],[-22,-974],[-36,1],[-22,-26],[18,-29],[19,-87],[-24,-14],[1,-26],[-53,-26],[3,-31],[-17,-25],[4,-40],[32,-20],[1,-24],[30,-32],[-1,-34],[-18,-21],[46,-103],[-5,-19],[-30,-32],[34,-70],[44,-5],[-7,-44],[-16,-41],[-28,4],[4,-35],[60,-52],[15,-44],[-40,-18]],[[30400,16762],[467,-8],[9,91],[96,-39],[-4,-25],[55,-8],[19,-48],[14,-7],[18,-43],[-28,-72],[-8,-43],[21,-44],[32,-114],[19,10],[31,-80],[-78,-66],[-44,-6],[-80,-50],[4,-69],[24,-26],[0,-31],[41,-30],[6,-32],[-22,-48],[-5,-40],[18,-11],[-7,-30],[8,-28],[-30,-21],[46,-77],[-1,-18],[49,-15],[8,-37],[-9,-28],[33,-66],[36,8],[24,-28],[35,-8],[43,11],[23,-24],[23,-49],[39,12],[23,-19],[45,-11],[-2,-32],[34,-20],[39,-65],[-13,-57],[51,-7],[-11,-37],[25,-31],[10,-42],[29,-10],[36,-31],[44,-51],[8,-36],[-43,-61],[8,-34],[-12,-14],[21,-98],[7,-70],[26,-35],[35,-80],[23,-28],[1,-27],[17,-35]],[[32533,13515],[-9,-40],[-19,-40],[-14,-55],[-24,-24],[-55,8],[-86,60],[-20,-3],[-15,-64],[25,-53],[-35,-2],[-23,27],[-30,-10],[19,-33],[-3,-81],[8,-70],[-32,-37],[-58,15],[-40,68],[-20,22],[-31,12]],[[23904,34209],[-77,56],[-21,21],[-12,35],[-52,94],[-118,-1],[-41,10],[-11,20],[2,120],[-41,23],[-41,40],[-29,12],[-135,40],[-88,47],[-23,0],[-58,-27],[-38,-6],[-121,-37],[-22,-1],[-163,55],[-59,40],[-97,2],[-44,-11],[-31,7]],[[22584,34748],[-9,14],[26,38],[-16,63],[-44,25],[-81,10],[2,77],[38,3],[43,29],[5,18],[-7,76],[32,42],[23,61],[18,-34],[-6,-30],[34,-15],[19,42],[42,-23],[23,-68],[32,55],[-12,37],[37,15],[-10,46],[25,1],[-8,55],[15,28],[66,-21],[13,57],[-38,12],[-29,31],[-5,22],[-34,-4],[-32,30],[-73,26],[-15,36],[-37,30],[-38,73],[-17,93],[9,25],[-63,91],[-46,16],[12,49],[14,11],[34,77],[17,5],[69,-30],[25,-30],[44,21],[33,-4],[28,20],[-10,21],[8,41],[-38,19],[-18,65],[24,33],[45,-2],[31,39],[33,-27],[53,17],[26,-5],[26,-34],[33,-22],[32,-1],[13,-35],[77,-11],[51,6],[42,-23],[27,9],[24,-69],[-7,-62],[22,-77],[53,-31],[45,5],[37,40],[39,27],[52,56],[5,-68],[15,-23]],[[23786,32783],[24,63],[26,40],[-16,39],[-68,69],[-50,39],[11,45],[-33,75],[-52,-12],[-38,43],[-44,13],[-51,-11],[19,59],[-23,25],[-31,-5],[-14,31],[-33,20],[-14,86],[-12,15],[-57,22],[-36,23],[-25,31],[-21,50],[1,25],[-47,13],[-11,45],[-3,76],[-30,19],[-44,9],[-33,39],[-21,69],[-37,31],[-9,43],[-45,35],[-90,41],[-77,16],[-27,25],[-5,35],[-48,-11],[-18,6],[-42,-23],[-40,-9],[-87,20],[-34,27],[-25,4],[-24,-40],[3,-25],[-20,-17],[-52,5],[-39,37],[-19,46],[-81,41],[-55,-9],[-11,-14],[-41,1],[-12,-21],[29,-41],[-64,-16],[-67,-54],[-33,-5],[-31,16],[-56,4],[-17,-8],[-67,57],[-27,30],[-23,9],[-38,38],[-89,56],[-41,14],[-3,17],[-99,81],[-45,14],[-95,51],[18,31],[4,55],[-9,72],[-15,52],[-16,10],[21,42],[54,-7],[12,11],[33,-63],[23,-12],[45,-1],[72,-21],[56,-47],[98,-1],[31,21],[25,-3],[33,30],[20,40],[67,-29],[48,17],[56,29],[56,8],[1,69],[23,28],[18,0],[46,-36],[38,19],[50,-13],[38,12],[27,-26],[28,35],[63,21],[32,-10],[42,29],[51,8],[36,33]],[[3027,37833],[41,-14],[45,-41],[91,-35],[87,33],[15,-18],[12,-47],[46,5],[72,-20],[79,-11],[8,-17],[166,-4]],[[24765,12850],[-324,-2]],[[28216,42373],[330,-2],[69,1],[503,-8],[328,-11]],[[29406,40487],[0,-99],[-344,12],[-161,1],[-196,6],[-336,3],[0,-15]],[[28369,40395],[-37,20],[-45,13],[-3,26],[76,129],[28,39],[-50,9],[-35,16],[-18,26],[87,78],[50,68],[0,47],[-9,46],[-22,30],[-32,-1],[-17,31],[19,48],[-13,48],[-24,7],[-25,51],[-34,27],[-32,67],[9,26],[47,18],[9,59],[18,53],[26,50],[50,18],[-21,38],[3,40],[30,46],[-11,53],[-40,119],[-54,15],[-30,39],[-28,18],[-25,127],[24,27],[-5,64],[26,95],[-49,4],[4,244]],[[8541,4338],[-17,-43],[-61,-49],[-10,-32],[-10,-88],[18,-51],[22,-15],[41,15],[98,2],[82,-16],[91,-45],[53,-38],[10,-29],[-13,-49],[-50,-51],[-94,-12],[-47,1],[-41,-26],[-13,-43],[20,-33],[36,-98],[1,-95],[-22,-103],[-5,-121],[-29,-16],[-128,19],[-60,64],[-54,45]],[[8359,3431],[29,36],[-13,40],[-23,11],[-96,3],[-3,-87],[-115,5],[-128,-263],[6,312],[-36,-25],[-84,5],[-22,11],[1,77],[22,71],[14,17],[-25,31],[-10,32],[-103,1],[-30,15],[27,65],[6,119],[-12,28],[-3,65],[21,56],[22,20],[-13,61],[12,43],[-17,41],[-71,-39],[-51,-10],[-103,28],[-64,-4],[-245,22]],[[7252,4218],[-79,37],[-50,9],[-44,49],[-55,85],[-49,50],[-87,46],[-24,25],[-39,18],[-53,-7],[-4,45],[-20,63],[0,241],[8,267],[-160,4],[2,174],[-50,2],[5,29],[54,-9],[6,63],[-52,37],[-44,50],[-22,49],[9,30],[5,79],[-44,33],[-39,-7],[-305,6],[-84,5],[-24,32]],[[5343,5882],[0,145],[-2,608]],[[7252,4218],[-82,-18],[-182,-28],[-115,-10],[-70,-18],[-78,12],[-50,-5],[-28,-20],[-57,-21],[-15,-20],[-156,3],[-125,-80],[-50,-45],[-66,14],[-168,305]],[[6010,4287],[-74,134]],[[6010,4287],[-1,-32],[30,-53],[-16,-61],[-27,-13],[-32,-34],[-17,-30],[8,-29],[-22,-24],[-17,-51],[-147,43],[-9,-161],[-9,-30],[26,-16],[26,-55],[4,-39],[18,-33],[115,-20],[17,-37],[16,-9],[49,2],[3,-47],[15,-30],[-20,-50],[7,-40],[-10,-14],[22,-84],[26,-33],[21,-57],[-14,-25],[77,-4],[26,-15],[7,-29],[38,-25],[98,1],[61,-60],[5,-32],[43,-15],[19,24],[42,-6],[26,-29],[5,-25],[27,-22],[42,-69],[76,-20],[3,-86],[-19,-51],[19,-10],[77,5],[49,-3],[-2,-161],[14,-74],[64,-130],[6,-89],[-2,-104],[-25,-130],[-20,-47],[-14,-89],[-43,-64],[-23,-107],[30,-11],[-23,-35],[26,-28],[19,26],[25,60],[19,-5],[-21,-81],[-37,-31],[2,-26],[37,-16],[-8,-56],[5,-55],[19,-21],[25,12],[34,-11],[17,-22],[-12,-23],[-33,-2],[7,-34],[72,-7],[32,-13],[15,-26],[-18,-81],[0,-25],[21,-100],[-3,-24],[23,-44],[21,-16]],[[7042,1064],[73,-81],[36,-18],[104,-75],[13,-78],[-23,-68],[-21,-92],[21,-35],[93,-42],[35,-1],[41,-17],[19,-21],[6,-34],[-9,-45],[-28,-39],[-32,-18],[-24,-32],[2,-24],[22,-26],[28,-12],[69,-7],[65,-29],[11,-61],[-8,-28]],[[7535,181],[-124,1],[-921,4],[-749,-1],[-49,-2],[-349,-2],[0,1180],[1,571],[-1,378],[2,61],[-1,609],[0,664],[-2,653]],[[8359,3431],[-19,11],[-59,-59],[-18,-39],[-6,-55],[37,-78],[20,-19],[97,-72],[31,-29],[12,-50],[-3,-38],[-48,-100],[-74,-74],[-42,-32],[-23,-56],[-1,-37],[37,-57],[19,-7],[71,23],[86,57],[33,10],[24,-11],[-4,-32],[-44,-35],[-57,-35],[-76,-24],[-42,-19],[-55,-48],[-50,-54],[-10,-32],[-30,-45],[7,-50],[34,-45],[78,-56],[6,-18],[-30,-53],[-61,-21],[-74,-10],[-40,5],[-65,-7],[-30,-35],[-5,-47],[8,-50],[20,-30],[27,-13],[111,11],[40,-15],[23,-34],[5,-29],[-11,-51],[-33,-22],[-27,-4],[-72,38],[-45,63],[-60,40],[-50,11],[-52,-3],[-27,-25],[-23,-66],[2,-82],[15,-38],[5,-62],[10,-35],[-19,-23],[-57,30],[-45,64],[-4,28],[6,63],[-9,40],[-46,48],[-73,6],[-48,-32],[-31,-29],[-29,-52],[-5,-47],[5,-59],[-5,-77],[-12,-23],[-23,-5],[-60,21],[-54,69],[-21,49],[-24,15],[-62,-3],[-49,-36],[-35,-62],[-2,-60],[9,-119],[-15,-40],[-52,-64],[-11,-47],[18,-66],[-2,-46],[-41,-40],[-41,-19],[-9,-26],[37,-56]],[[35883,30861],[241,-1],[-5,-180],[246,-5],[2,130],[12,26],[-11,28],[15,77],[61,-1],[-27,36],[-6,53],[-17,29],[32,43],[42,26],[20,47],[39,35],[-2,58],[11,15],[61,19],[18,17],[-9,34],[1,81],[-40,31],[-194,0],[-1,-31],[17,-39],[-39,-38],[-9,23],[-116,6],[-1,-175],[-60,3],[2,-87],[-153,2],[-52,32],[-2,-119],[-43,0],[0,-49],[-33,-126]],[[1493,19873],[26,1036]],[[1519,20909],[48,-5],[489,-7],[163,-5],[580,-12],[-8,-353],[352,-7],[219,-7],[546,-10]],[[3555,19141],[-46,74],[-37,-27],[-48,6],[-178,7],[-50,32],[-57,3],[-32,12],[3,-61],[-6,-21],[-3,-133],[-163,6],[-3,-128],[-55,-11],[-28,-13]],[[32402,36416],[13,1],[51,-64],[15,-6],[24,14],[55,8],[4,24],[-52,37],[-16,48],[4,36],[-56,20],[-14,23],[17,64],[-4,83],[20,11],[38,-75],[15,-5],[38,24],[26,-9],[27,-29],[37,-5],[19,13],[14,37],[-14,76],[-40,38],[-28,53],[-62,16],[-10,48],[36,40],[35,-1],[52,-52],[22,15],[-14,46],[-26,41],[-43,23],[-33,30],[-14,45],[7,86],[-9,99],[16,42],[51,28],[85,-60]],[[32688,37279],[49,-16],[-14,-124],[62,-46],[29,-2],[1,-85],[84,-5],[-2,-88],[243,-13],[-7,18],[-4,101],[20,78],[28,43],[10,32],[9,84],[-3,28],[416,-200],[74,-38]],[[34127,36772],[655,-594],[109,-100],[21,92],[0,94],[-17,25],[-45,2],[-18,19],[3,162],[14,-6],[69,3],[28,-41],[28,-95]],[[31784,34986],[11,54],[27,72],[38,49],[-39,21],[-13,50],[21,43],[-6,21],[-61,33],[-12,30],[37,3],[46,-33],[38,6],[15,24],[-8,32],[-26,10],[-49,-9],[-13,9],[-11,51],[-29,8],[-32,34],[1,45],[44,26],[11,31],[-17,19],[-30,-37],[-51,-7],[-16,21],[-16,87],[41,-9],[21,11],[34,-8],[20,24],[-21,42],[22,65],[22,17],[37,-6],[26,35],[-11,66],[12,24],[33,-24],[28,15],[-5,52],[82,7],[51,46],[57,5],[23,32],[-1,52],[15,72],[-26,7],[-41,-26],[-23,2],[-15,54],[24,66],[31,14],[31,0],[25,-31],[29,-7],[47,20],[46,33],[22,-7],[20,-47],[36,-23],[98,7],[18,20],[-4,32],[-32,28],[-17,34],[3,43]],[[33619,38148],[-2,-106],[-85,5],[-148,2],[-4,11],[-78,-2],[-3,-89],[-159,-2],[-15,-27],[2,-32],[19,-64],[32,-29],[14,-47],[-4,-49],[-12,-8],[-46,13],[-31,-2],[-44,21],[-23,-33],[-31,-82],[25,-22],[-20,-47],[-76,-38],[-54,-55],[-44,8],[-23,-17],[42,-32],[-32,-23],[-45,-10],[-62,-31],[9,-28],[-33,-54]],[[32402,36416],[7,6],[14,-7],[49,-64],[52,18],[32,21],[-51,41],[-12,26],[-3,58],[-47,14],[-18,24],[-10,46],[10,34],[-33,58],[-9,36],[-126,10],[-1,41],[-46,3],[-136,0],[-40,-64],[-91,-86],[-32,65],[0,39],[-35,48],[3,211],[-58,5],[44,48],[24,61],[-289,2],[-49,16],[-10,-49],[-83,2],[-4,-28],[-36,-19],[-12,-29],[-35,0],[-25,29],[-4,34],[-39,19],[2,78],[-41,55],[4,125],[-137,-47],[-32,-15],[-4,-226],[-5,-32],[14,-32],[-5,-47],[-39,0],[-14,-44],[-23,-1],[-53,38],[-50,20],[-21,19],[-22,-24],[-34,-16],[0,-95],[9,-66],[-51,-6],[-30,-42],[-29,-14],[-98,-5],[-77,-94],[-23,-14],[-179,3],[-15,6]],[[30350,36609],[10,360],[7,106]],[[30307,34994],[7,310],[16,522],[12,495],[8,288]],[[9128,41378],[20,-31],[36,1],[23,25],[13,89],[14,22],[38,21],[32,35],[35,-30],[12,-38],[-16,-46],[3,-35],[27,-33],[22,6],[19,29],[-5,24],[13,55],[-8,21]],[[9406,41493],[50,-32],[16,-50],[50,-39],[10,-56],[24,-63],[69,-12],[62,12],[55,21],[79,-3]],[[9821,41271],[-43,-37],[-4,-236],[-8,-32],[0,-172],[29,-104],[20,-21],[-3,-160],[-18,-98]],[[9794,40411],[-32,18],[-34,-19],[-32,-40],[-10,-36],[-29,-18],[-45,-6],[-42,14],[-12,51],[5,50],[-11,40],[-30,29],[0,27],[32,29],[3,36],[-36,25],[-66,-24],[-17,41],[4,16],[47,28],[1,17],[-57,13],[-53,33],[-42,-6],[-57,22],[6,39],[37,17],[-13,30],[-38,-5],[-35,19],[-42,-18],[-9,34],[3,36],[-42,0],[-48,-52],[-30,-3],[-9,19],[10,47],[20,36],[-17,60],[-31,30],[8,28],[45,4],[17,24]],[[9113,41096],[45,12],[37,43],[-3,39],[-21,32],[-29,14],[-34,-4],[-57,21],[-47,-5],[-41,25],[-13,51],[14,36],[30,3],[51,54],[83,-39]],[[1737,28962],[51,140],[19,81],[2,50],[-8,76],[-22,109],[6,66],[30,64],[49,52],[49,30],[46,14],[101,9],[50,-4],[42,-12],[54,-40],[87,-101],[60,-52]],[[1728,28945],[9,17]],[[2105,28297],[-12,29],[-15,75],[11,29]],[[2073,28165],[7,70],[25,62]],[[10479,174],[-196,-1],[-445,2],[-482,4],[-247,3],[-627,3],[-635,-3],[-312,-1]],[[9618,42372],[356,1],[289,-1],[203,-3],[487,-1],[122,1],[375,-5],[338,-1],[525,0]],[[12272,39885],[-48,35],[-51,-5],[-294,10],[-23,11],[-167,108],[-123,52],[1,58],[-82,96],[30,46],[-9,29],[-29,0],[-34,22],[-2,17],[-39,37],[-41,20],[1,46],[-377,9],[-10,17],[0,89],[-12,24],[-38,11],[-18,29],[-14,57],[-4,53],[-13,31],[-59,-31],[-54,-62],[1,-34],[-38,-3],[-1,-76],[41,-16],[-1,-60],[15,-10],[-1,-69],[-28,7],[-88,-9],[-40,7],[-56,-1]],[[10567,40430],[2,177],[-26,53],[-45,8],[-13,23],[1,61],[-42,8],[4,172],[-42,6],[3,82],[-43,2],[3,208],[-10,50],[-21,33],[-16,49],[-54,-41],[-20,-6],[-35,-36],[3,-27],[-83,-93],[-18,3],[5,84],[-29,3],[-18,49],[-51,-23],[-44,-45],[-40,26],[-35,-2],[-82,17]],[[9406,41493],[-24,30],[2,25],[27,33],[53,20],[15,32],[0,50],[-42,5],[-28,39],[2,108],[-34,38],[-30,19],[12,38],[29,-10],[36,-67],[35,11],[43,58],[-10,50],[-38,31],[-20,51],[6,29],[36,19],[58,-5],[28,10],[-1,23],[-69,49],[-55,20],[-8,60],[15,32],[52,19],[37,-6],[37,-34],[17,-45],[44,-27],[52,-51],[27,9],[17,30],[-11,36],[-42,57],[-38,19],[-24,46],[6,28]],[[2105,28297],[-388,14]],[[1717,28311],[5,154]],[[1713,28178],[4,133]],[[24858,24753],[35,46],[283,230],[173,-5],[1,141],[84,7],[-4,140]],[[26410,41347],[-1,185],[-3,31],[13,51],[23,42],[0,125],[-40,60],[4,157],[12,31],[-34,85],[-4,58],[17,20],[12,42],[40,28],[38,92],[12,16]],[[26499,42370],[245,4],[490,0],[982,-1]],[[28369,40395],[0,-248]],[[28369,40147],[1,-444],[-2,-263]],[[26289,39403],[8,32],[39,90],[31,15],[18,23],[64,57],[55,35],[-16,37],[6,117],[44,28],[-4,53],[62,85],[-34,36],[-45,80],[-55,58],[-10,21],[-6,88],[-19,49],[-6,60],[4,48],[14,38],[-20,56],[-7,107],[66,-7],[8,-18],[38,7],[34,26],[27,60],[-1,48],[-21,23],[-49,-14],[-63,-4],[-13,113],[-18,33],[21,64],[19,5],[-12,114],[-19,24],[8,47],[29,24],[-45,9],[-11,41],[0,136]],[[22937,42365],[326,2],[505,-2],[567,-3],[421,2],[337,4],[923,1],[181,2],[302,-1]],[[26410,41347],[-131,1],[-22,14],[-1,46],[-58,26],[-171,13],[-22,-37],[21,-56],[-1,-81],[-123,65],[0,40],[-42,-3],[-83,-29],[-26,0],[-60,47],[-61,-70],[-44,-7],[-39,-55],[-25,-86],[-2,-58],[15,-37],[-10,-54],[-30,5],[-23,25],[-47,22],[-63,-7],[-33,5],[-60,-26],[-48,-82],[-22,-10],[-16,-55],[2,-128],[-43,-14],[-125,0],[-5,-86],[-99,-16],[-39,3],[-43,41],[-71,-25],[-333,6],[-67,-1],[-10,-10],[-7,-69],[-39,-33],[-13,-54],[-65,-68],[-15,-91],[-1,-93],[7,-33],[-9,-52],[16,-42],[50,-32],[4,-59],[37,-44],[7,-28],[-16,-41],[2,-50],[-14,-72],[-14,-14],[-41,2],[-52,24],[-17,-19],[-7,-41],[-33,-5],[-37,-41],[-3,-32],[27,-58],[-11,-52],[62,-128]],[[23107,12845],[-292,0],[-323,-9],[-327,-8]],[[21463,20163],[-330,22]],[[21133,20185],[5,116]],[[6959,29893],[33,63],[36,50],[44,41],[36,17],[51,6],[52,-3],[138,-23],[70,-33]],[[7419,30011],[29,-44],[82,-163],[19,-53],[13,-62],[2,-75],[-21,-105],[-4,-45],[-1,-126]],[[5878,26991],[-11,52],[12,477],[125,-2],[10,397],[-346,9],[-163,3],[-1,41],[-80,1],[2,71],[-41,0],[-3,-101],[-64,30],[-24,18],[5,38],[-40,14],[-21,-15],[-41,29],[-82,86],[-31,4],[-47,66],[-31,1]],[[7419,30011],[3,40],[-21,104],[15,28],[-6,31],[11,64],[39,64],[28,-16],[79,19],[51,26],[-99,29],[-95,43]],[[20523,21263],[91,-4],[-19,58],[-18,17],[10,39],[2,64]],[[28369,40147],[26,14],[28,81],[57,4],[35,-22],[19,-101],[54,-9],[55,54],[30,80],[32,3],[14,-41],[-7,-74],[27,-44],[-41,-88],[-12,-70],[27,20],[40,-15],[-8,-35],[13,-33],[175,-6],[-45,-144],[26,-76]],[[28539,35568],[-11,60],[5,82],[-5,90],[-18,92],[-31,57],[9,77],[-3,25],[-24,30],[-44,22],[-62,62],[-84,55],[-52,57],[-17,39],[-32,124],[-3,61],[-13,45],[-13,114],[-27,77],[8,38],[75,0],[13,-25],[-6,-47],[40,-54],[38,6],[18,47],[4,39],[34,3],[33,21],[-30,28],[39,7],[2,30],[32,-3],[28,41],[-46,37],[34,58],[-21,20],[35,32],[2,47],[30,13],[-11,39],[13,41],[38,20],[70,58],[11,39],[31,-4]],[[8046,42370],[224,2],[317,-1],[552,-1],[479,2]],[[9128,41378],[7,27],[-21,37],[-40,29],[-8,43],[-23,-20],[-78,3],[-37,-10],[0,36],[-27,28],[-48,-2],[-21,-13],[-70,16],[-8,61],[-52,39],[-28,-15],[-25,-61],[-60,-31]],[[8119,41720],[-23,42],[-4,33],[8,53],[-10,40],[-33,36],[-22,-4],[-45,42],[-14,34],[3,31],[-17,44],[8,35],[24,44],[-14,67],[-17,31],[5,34],[31,15],[36,40],[11,33]],[[9794,40411],[39,-13],[34,18],[-22,55],[-3,34],[24,15],[35,-38],[13,-31],[-21,-33],[4,-57],[19,-29],[73,13],[25,30],[21,6],[49,-59],[-8,-10]],[[10076,40312],[-43,-11],[-47,-68],[-35,-41],[22,-37],[57,1],[42,-21],[19,15],[33,66],[36,-33],[60,-18],[3,-47],[58,-27],[66,7],[42,-23],[22,-28],[33,-16],[9,-20],[-15,-37],[-35,-39],[50,-12],[25,26],[50,-11],[54,-3],[2,-22],[-40,-13],[-36,-33],[36,-11],[24,-25],[-21,-53],[23,-42],[64,19],[62,-11],[21,-27],[6,-43],[-14,-51],[39,-71],[24,-14],[41,4],[15,-23],[-28,-24],[8,-33],[36,3],[-5,-38],[-17,-23],[-16,-51],[77,24],[20,-18],[31,7],[69,-20],[39,-28],[4,-30],[-27,-50],[-7,-49],[32,-116],[86,-18],[42,-29],[-16,-23],[-30,0],[-38,-18],[-15,-33],[7,-21],[-19,-45],[26,-26],[60,-23],[64,15],[17,-32],[-51,-17],[-6,-34],[-48,-18],[-13,-41],[31,-6],[6,-41],[34,-45],[9,-30],[32,-18],[62,-19],[16,8],[55,-2],[47,-25],[7,38],[67,-53],[26,-28],[45,14],[67,-38],[-7,-42],[20,-29],[57,-44],[56,-8],[9,-34],[110,-31],[38,18],[27,-9],[47,17],[57,-37],[28,-44],[96,-57],[25,44],[12,41],[22,10],[37,43]],[[8926,39993],[-65,28],[22,33],[76,-9],[60,33],[21,-29],[-11,-82],[10,-17],[37,27],[14,36],[-7,26],[28,74],[-36,40],[-30,16],[-19,-14],[-39,19],[-32,-13],[-45,-49],[-27,11],[-16,44],[-34,18],[-70,-22],[-3,37],[76,88],[9,42],[26,15],[38,-16],[33,-27],[27,-6],[13,31],[-34,34],[4,30],[-10,43],[52,25],[44,37],[53,22],[2,28],[-30,43],[-77,7],[-36,-16],[-25,7],[5,38],[40,44],[9,41],[-4,50],[-58,62],[-36,50],[11,30],[34,13],[37,-4],[36,52],[-9,32],[-39,26],[-26,1],[-49,72],[15,44],[46,-13],[20,-57],[33,1],[50,57],[36,-6],[37,-24]],[[6982,42366],[650,3],[414,1]],[[10567,40430],[-67,12],[-21,-21],[-43,-69],[-67,0],[-32,7],[-28,-23],[-114,-58],[-32,41],[-65,-19],[-22,12]],[[23470,22290],[8,-33],[-6,-201],[-287,5],[-40,-9],[-158,8]],[[22630,21517],[-89,-12],[-177,21]],[[22364,21526],[-49,2],[-183,-29]],[[20996,20805],[3,77],[26,16],[38,47],[3,57],[-20,38],[-33,20]],[[32677,21020],[48,8],[34,28],[444,471],[48,7],[67,-35],[23,-5],[397,-13],[245,-6],[332,-6],[164,0],[289,-4],[356,-2],[257,6],[166,-3]],[[35547,21466],[-2,-196],[-9,-145],[7,-19],[-1,-86],[41,-5],[207,-2]],[[35790,21013],[-1,-90],[5,-32],[-4,-373],[-5,-656]],[[21299,24539],[23,20],[24,50],[51,35],[20,41],[12,90],[1,134],[65,39],[12,-28],[145,-32],[115,-13],[137,-3]],[[21904,24872],[189,-9],[221,12],[5,21],[157,-4],[18,48],[57,12],[9,-62],[59,0],[274,16],[58,-2],[24,-32],[23,-7],[63,12],[136,-5],[21,5]],[[21904,24872],[3,236],[7,245],[19,6],[6,36],[41,0],[14,45]],[[19424,26562],[67,52],[101,32],[52,11],[73,4],[31,8],[71,31],[110,19],[13,-36],[33,-17],[84,-20],[71,1],[90,64],[14,5],[116,0],[42,26],[1,39],[17,17],[123,-3],[19,12],[35,70],[140,78]],[[20727,26955],[-5,-223],[-63,-442],[-32,-134],[-7,-47]],[[20620,26109],[-38,2],[-60,-14],[-10,7],[-69,-11],[-47,7],[-57,-39],[-84,36],[10,28],[-98,0],[-33,13],[-51,-1],[-25,-28],[-16,30],[-36,-1],[-70,44],[-80,12],[-42,29],[-48,2],[-76,-11],[-4,38]],[[20406,25306],[358,-12]],[[20764,25294],[-6,-359]],[[20451,25001],[14,75],[22,55],[1,59],[-13,28]],[[19831,27599],[41,20],[45,-5],[14,18],[24,71],[17,32],[40,9],[31,38],[5,43],[91,-57],[40,-46],[7,-38],[-35,-15],[35,-28],[19,12],[22,43],[27,-22],[24,10],[27,-34],[83,-22],[68,14],[127,-15],[68,0],[53,35],[17,-24],[11,-43],[5,-210],[-1,-65]],[[20736,27320],[-9,-365]],[[21256,27399],[-53,-33],[-67,-27],[-39,-3],[-17,10],[-52,-2],[-79,-25],[-64,-5],[-149,6]],[[19353,25128],[4,-38],[30,-26]],[[19275,23625],[-154,48],[-101,64],[-80,71],[-53,62],[-34,55],[-37,76],[-39,111],[-13,88],[13,74],[21,48],[40,62],[46,49],[55,36],[108,79],[50,44],[44,49],[51,70],[44,83],[48,132],[20,139],[3,69]],[[21484,26039],[-105,-4],[-111,7],[-32,31],[-28,-16],[-82,4],[-35,-42],[6,-26],[-19,-17],[-4,-33],[-19,-8],[22,-44],[-34,-14],[-86,9],[-24,36],[-97,-9],[-62,7],[-62,42],[-25,28],[-9,60],[-17,43],[-41,16]],[[20620,26109],[-22,-190],[0,-44],[14,-105],[-9,-58],[-16,-22],[-100,-102],[-22,-12],[-107,-14]],[[20358,25562],[-67,-10]],[[21685,25609],[-55,-47],[-62,-20],[-77,-55],[-24,-60],[-39,14],[-68,12],[-168,5],[-6,-48],[16,-51],[24,-123],[-134,-2]],[[21092,25234],[5,203],[-42,25],[-37,6],[-22,33],[-118,13],[-36,11],[-91,12],[-241,9],[-127,8],[-25,8]],[[19788,25320],[329,-9]],[[20113,25180],[-4,-134]],[[19863,25053],[1,44],[39,2],[44,17],[3,112],[-164,3],[2,89]],[[19788,25320],[-31,-6],[-52,-35]],[[21092,25234],[-99,24],[-149,17],[-80,19]],[[14564,18278],[-27,-3]],[[14537,18275],[5,55],[-20,26],[14,57],[-21,46],[-70,47],[7,26]],[[14600,17829],[18,14],[59,0],[15,-45],[126,0],[9,14],[37,-23],[144,-18],[99,23],[60,-7]],[[14586,18044],[48,35],[62,29],[37,-8],[62,26],[52,14],[68,8],[30,10]],[[13870,17798],[51,40],[51,29],[98,27],[120,92]],[[14190,17986],[43,-4],[43,20],[82,-1],[72,21],[38,32],[31,0]],[[14018,18359],[12,-11],[58,-12],[20,-21],[36,-2],[33,-14],[9,-37],[88,34],[15,-8],[-1,-44],[79,-2],[0,-22],[-55,-24],[17,-40],[57,0]],[[14386,18156],[-1,-53],[-57,-19],[-28,-23],[-49,-17],[-23,-31],[-38,-27]],[[14499,18054],[27,144],[-12,3]],[[14514,18201],[-20,19],[23,47],[20,8]],[[14514,18201],[-24,-36],[-45,-10],[-59,1]],[[2832,42374],[407,-2]],[[7366,11218],[-47,-6],[-60,43],[-42,-45],[-18,-45],[-32,-13],[-37,-55],[-24,-5],[-19,-35],[-50,-43],[-38,60],[4,26],[-7,76],[-39,32],[-23,49],[-35,123],[9,13],[2,55],[-21,33],[13,28],[-6,32],[11,32],[-18,17],[0,34],[27,8],[56,-2],[61,-11],[46,-41],[34,-46],[18,33],[40,-1],[2,96],[21,-1],[27,48],[-11,64],[51,4],[41,-33],[76,-4]],[[34041,13511],[35,-56],[59,-74],[52,-35],[106,-82],[68,-58],[69,-10],[106,19],[80,40],[53,3],[47,-13],[60,-47],[42,-75],[9,-78],[-14,-60],[-21,-44],[-79,-113],[-25,-45],[-24,-84],[18,-70],[5,-82],[-20,-89],[-21,-41],[-25,-23],[-51,-26],[-50,-16],[-107,-19],[-71,-1],[-71,7],[-200,47],[-53,10],[-68,0],[-68,-21],[-143,-70],[77,-229],[-2,-24],[86,-80],[78,-127],[12,-39],[-7,-70],[-17,-54],[-22,-39],[-30,-25],[-81,-26],[-47,-3],[-41,7],[-73,32],[-42,36],[-29,55],[-5,35],[-51,132],[-44,120],[-48,105],[-161,-111],[-29,-11],[-65,-9],[-33,8],[-66,51],[-42,49],[-53,52],[-57,38],[-39,7],[-61,-9],[-20,-30],[-25,-73],[-11,-74],[-4,-64],[5,-240],[5,-64],[14,-48],[32,-40],[30,-18],[78,-25],[243,-64],[203,-48],[59,-20],[30,-21],[30,-38],[16,-42],[-3,-76],[-31,-68],[-115,-181],[-68,-95],[-74,-83],[-45,-45],[-125,-99],[-58,-52],[-37,-47],[-23,-58],[-4,-65],[11,-114],[16,-83],[30,-81],[71,-124],[96,-155],[108,-74],[67,-32],[101,-32],[108,-23],[68,-39],[48,-44],[35,-43],[19,-45],[8,-54],[-16,-70],[-42,-68],[-51,-46],[-45,-24],[-83,-28],[-35,-7],[-88,12],[-87,52],[-155,108],[-49,-14],[-144,-30],[-237,-24],[-84,-12],[-58,63],[-84,64],[-51,19],[-54,-21],[-58,-91],[-31,-75],[-2,-37],[16,-43],[23,-14],[-12,-67],[-27,-60],[14,-24],[-36,-108],[-13,-95],[60,-89],[82,-106],[71,-77],[77,-44],[141,-6],[56,12],[81,29],[90,60],[93,37],[59,-8],[71,-47],[64,-60],[64,-95],[32,-79],[10,-38],[51,-18],[-5,-95],[-27,-73],[-26,-28],[-54,-26],[-153,-35],[-102,-62],[-93,-41],[-72,-8],[-51,10],[-97,46],[-74,50],[-114,60],[-49,31],[-59,63],[-83,130],[-52,75],[-98,132],[-45,-30],[-83,-26],[-106,-6],[-185,-5],[-88,-22],[-51,-33],[-33,-34],[-45,-78],[-15,-62],[-3,-52],[7,-50],[21,-56],[61,-88],[41,-38],[47,-24],[74,-16],[105,-3],[75,-16],[62,-23],[75,-43],[57,-42],[102,-84],[124,-117],[30,-41],[41,-97],[26,-95],[-5,-81],[-26,-80],[-34,-55],[-38,-48],[-98,-107],[-58,-52],[-70,-46],[-41,-19],[-93,-20],[-76,1],[-164,22],[-103,1],[-58,-8],[-63,-21],[-23,-18],[-29,-49]],[[31022,6227],[-1,211],[7,328],[9,209],[8,525],[-9,27],[-310,470],[5,18],[7,352],[-3,10],[-91,103]],[[17317,22725],[-24,-3],[-144,33],[-10,8],[-29,73],[-69,71],[-62,71],[-30,22],[-25,33],[1,34],[-13,23],[-15,65],[14,42],[-33,48],[-14,47],[-28,42],[0,77],[-12,19],[-54,18],[-16,26],[8,29],[33,41],[28,18],[48,58],[12,29],[51,28],[10,17],[-4,40],[-28,44],[-4,31],[19,76],[18,41],[-11,97],[21,68],[-16,55],[41,9],[22,32],[72,12],[8,-56],[17,-21],[30,1],[14,20],[83,-5],[13,13],[8,56],[34,-2],[27,46],[99,13],[37,48],[2,19],[38,31],[33,-2],[52,20],[43,-8],[4,27],[-17,30],[-3,35],[30,34],[6,33],[-26,11],[-19,32],[16,44],[35,37],[33,8],[6,86],[-7,77],[-51,37],[2,64],[-13,26],[-106,1],[-49,22],[-21,50],[5,46]],[[16290,25093],[-4,-261],[-40,-47],[-3,-85],[-195,-44],[-52,1],[2,-119],[-31,-74],[-24,-24],[14,-39],[-3,-34],[52,-9],[12,-32],[-102,-35],[7,-39],[-16,-47],[-103,-13],[-5,-172],[26,-21],[-4,-111],[42,-39],[34,5],[15,-47],[31,7],[11,-40],[-50,-57],[-43,-12],[-11,-27],[-43,-9],[5,-32],[-17,-48],[-45,8],[-20,-20],[23,-26],[28,18],[13,-66],[-25,-17],[-90,44],[-51,-36],[-33,25],[-55,-4],[-22,28],[-58,-29],[-21,-2],[-26,-82],[-88,-26],[-119,11],[-22,-13],[10,-61],[-32,-79],[-2,-32],[33,-24],[79,-24],[-81,-22],[-31,-27],[-13,-41],[-47,-4],[-8,-12],[41,-29],[155,-10],[53,-11],[-32,-49],[-6,-26],[-52,-53],[-72,-8],[-14,-25],[-60,-20],[-151,-28],[-51,-15],[0,-88],[-29,-15],[-52,-2],[-35,-37],[-37,9],[-27,-20],[-29,-80],[21,-33],[-10,-55]],[[5173,11612],[61,-4],[131,34],[87,-27],[167,-8],[125,-1],[45,-8],[106,-4],[57,-40],[75,-40],[31,-25],[31,-8],[-3,65],[15,26],[-25,39],[26,52],[-38,16],[-15,24],[19,24],[-21,44],[-4,37],[32,40],[6,34],[39,-1],[62,-17],[21,16],[80,-5],[118,-13],[5,172],[46,2],[71,-68],[40,-28],[102,-49],[29,92],[75,-2],[6,86],[67,0],[33,-38],[51,3],[21,-13],[43,-1],[-10,109],[1,69],[207,-8],[-6,-66],[91,-5],[26,-21],[86,-5]],[[16031,9769],[169,-3],[267,-13],[474,-15],[397,-12],[329,-12],[86,-4],[198,-4],[443,-14],[335,-13],[186,-4]],[[17622,7844],[-13,31],[49,75],[1,35],[-84,2],[-44,105],[-17,6],[-57,-21],[-105,-55],[-62,-53],[-498,-414],[-24,-49],[1,-100],[-11,-43],[-41,-47],[-43,-84]],[[16674,7232],[-21,10],[-64,2],[-11,17]],[[16578,7261],[3,25],[-20,41],[17,23],[24,-40],[21,6],[4,81],[-107,-17],[-22,15],[4,30],[36,60],[56,17],[2,26],[-78,52],[-18,24],[-12,67],[9,28],[33,41],[2,26],[-27,32],[-43,4],[-39,-52],[-26,-2],[-16,26],[-7,51],[-37,59],[4,55],[-10,26],[-40,33],[-41,72],[-51,15],[-19,16],[-23,52],[-6,37],[-36,57],[-5,46],[-30,77],[8,26],[-11,57],[-37,38],[-6,24],[5,80],[16,26],[41,14],[16,18],[4,41],[-53,32],[-39,-12],[-39,-23],[-1,36],[25,42],[-7,24],[-36,33],[-13,27],[13,75],[-23,41],[-21,16],[9,46],[76,44],[50,48],[55,-29],[37,7],[37,47],[0,57],[-37,88],[-2,25],[24,28],[28,57],[48,21],[28,-4],[15,-20],[12,-86],[19,-10],[46,60],[8,26],[-3,61],[-19,40],[-52,55],[-86,20],[-15,22],[-34,15],[-39,-28],[-49,30],[-71,82],[-7,37]],[[16535,5984],[8,48],[57,77],[19,60],[49,32],[5,26],[64,54],[15,28],[-4,34],[21,48],[39,27],[23,51],[-19,70],[21,78],[14,14],[71,-18],[29,8],[25,-8],[15,27],[30,6],[8,-31],[-13,-37],[1,-33],[18,-12],[22,26],[33,10],[5,-57],[23,-35]],[[15594,4511],[-39,54],[7,134],[14,56],[34,22],[126,-1],[43,40],[73,20],[-3,31],[-90,-3],[-13,23],[-51,57],[-14,90],[-32,67],[-22,80],[-50,74],[-6,47],[-39,13],[27,63],[43,36],[27,62],[33,62],[20,82],[33,34],[5,40],[22,41],[27,29],[45,23],[10,21],[27,-18],[66,-7],[-5,-207],[182,-8],[19,33],[36,34],[38,-8],[31,28],[36,15],[39,-5],[62,28],[46,-1],[-1,-46],[60,-4],[55,-75],[36,-17],[52,-9],[-12,36],[-54,97],[-1,108],[-5,164],[4,38]],[[13993,6709],[148,-12],[29,-14],[58,-63],[17,-10],[81,-8],[64,-41],[54,2],[44,37],[108,-5],[29,6],[96,63],[48,14],[61,44],[27,7],[137,21],[99,-5],[225,-81],[30,-2],[89,34],[422,40],[8,3]],[[15867,6739],[36,-161],[-9,-102],[30,-6],[413,-16],[19,-7]],[[16356,6447],[14,-6],[50,9],[-4,-139],[12,-61],[-19,-88],[-3,-88],[35,-56],[24,-17],[70,-17]],[[16670,7066],[27,20],[8,34],[31,9],[6,39],[-30,37],[-38,27]],[[17122,6546],[-3,30],[-38,47],[-8,35],[31,63],[-6,30],[-28,29],[-52,5],[-43,29],[-8,44],[-24,40],[-1,84],[-29,34],[-68,0]],[[16845,7016],[-30,13],[-28,-12],[1,-41],[-15,-12],[-52,26],[-40,0],[-30,22],[1,37],[18,17]],[[26481,3452],[0,389],[10,20],[221,234],[87,111],[4,15],[2,155],[5,17],[-114,-1],[-14,18],[-1,72],[-22,14],[-20,-17],[-37,7],[-111,0],[3,27],[36,86],[14,71],[2,52]],[[29351,1307],[-71,-2],[-183,5],[-313,13],[-34,18],[-58,61],[-23,11],[-118,6],[-85,-3],[-77,-16],[-24,4],[-61,34],[-52,41],[-86,17],[-20,19],[-33,106],[-10,212],[18,82],[-8,39],[-110,101],[-361,5],[-271,9],[2,-37],[-215,-488],[-289,9],[-478,12],[-33,8]],[[26358,1573],[85,595],[12,24],[92,81],[54,88],[-3,104],[2,143],[-18,52],[1,108],[-24,27],[1,209],[34,122],[16,20],[77,68],[25,33],[30,69],[-261,4],[0,132]],[[24941,2297],[23,30],[67,63],[4,40],[57,2],[66,34],[160,-1],[0,246],[156,59],[2,131],[37,1],[3,46],[0,217],[194,-5],[-10,36],[-33,63],[-33,49],[-7,38],[-62,99],[44,25],[261,-5],[6,83],[59,4],[39,-5],[25,-91],[24,27],[70,62],[44,-41],[153,-99],[8,-10],[82,53],[101,4]],[[26358,1573],[-79,12],[-48,-19],[-270,7],[-242,4],[-590,18]],[[25129,1595],[68,90],[36,40],[78,-1],[8,6],[-3,69],[12,55],[-59,6],[-112,-1],[-50,-27],[-37,18],[-24,34],[-8,27],[0,190],[-7,20],[-151,3],[12,79],[30,67],[19,27]],[[23056,1923],[63,128],[-26,38],[36,52],[-35,22],[-2,23],[50,-16],[-10,52],[-52,-13],[-35,22],[29,36],[-9,40],[5,24],[31,23],[-5,33],[43,38],[-6,26],[11,34],[50,-15],[3,-25],[53,-4],[23,30],[9,52]],[[23282,2523],[42,-10],[41,-62],[24,-11],[56,-65],[8,-21],[84,28],[19,39],[55,2],[35,-8],[86,-2],[79,-8],[19,-31],[134,-4],[3,-35],[55,-10],[307,-9],[11,-21],[99,-60],[26,-11]],[[24465,2224],[1,-139],[4,-40],[-3,-202],[18,-38],[43,-63],[-20,-24],[-2,-112],[25,-17],[1,-110],[-7,-22],[-41,-47],[0,-110],[8,-21],[52,-35],[-14,-18],[-56,-41],[-51,8],[-21,-6],[-54,-64],[-52,-35],[-38,-40],[-35,-9]],[[24223,1039],[0,43],[-161,3],[-235,8],[-31,-14],[-20,-48],[-20,-10],[-88,16],[0,-62],[-33,-42],[-39,-14],[-35,9],[-44,46],[-55,15],[-38,-19],[-30,-60],[-1,-54],[-23,-75],[-42,-60],[-50,-18],[-3,-12]],[[24941,2297],[-103,4],[-66,-1],[-48,-17],[-72,-7]],[[24652,2276],[-72,-1],[-45,-53],[-70,2]],[[23282,2523],[-28,31],[13,64],[-14,34],[57,-18],[16,23],[21,-4],[23,-28],[5,-30],[88,37],[23,37],[29,27],[2,88],[-23,16],[16,40],[39,28],[27,-39],[31,-8],[7,26],[28,24],[30,-32],[13,31],[-5,68],[-32,10],[-2,32],[61,16],[33,-4],[0,45],[38,31],[46,-46],[40,-3],[14,38],[41,2],[-16,42],[-19,19],[4,23],[35,48],[64,-18],[7,62],[-24,8],[-28,56],[92,73],[22,-1],[23,-32],[-6,-33],[16,-31],[29,16],[8,41],[88,43],[24,27],[29,0],[6,-33],[47,41],[3,18],[-74,124],[23,14],[20,36],[34,32],[50,9],[5,-25],[25,-20],[36,-7],[9,-20],[47,-3],[49,42],[-9,24],[22,41],[-23,40],[31,45],[-14,19],[12,37],[-14,65],[4,37],[-51,86],[-18,9],[-36,68],[-17,91],[53,-32],[41,6],[54,31],[19,19],[33,57],[8,30],[-6,38],[-26,69],[18,48],[70,69],[9,36],[-16,15],[-43,10],[-85,53],[-102,17],[-9,16],[-5,62],[-22,61]],[[25129,1595],[-25,-53]],[[25104,1542],[-255,52],[-87,0],[-10,231],[-88,3],[-25,59],[-14,-2],[9,209],[6,27],[12,155]],[[25104,1542],[-12,-75],[-5,-74],[-10,-27],[-12,-120],[-26,-4],[0,-169],[-41,-55],[-24,-48],[-30,-44],[-58,-52],[26,-72],[-104,2],[-51,34],[0,-33],[-320,9],[-40,-90],[-16,-24],[-55,-52],[-55,67],[-36,33],[-2,72],[-10,81],[3,60],[-3,78]],[[29350,23],[-323,4],[-158,3],[-161,-2],[-183,3],[-96,-3],[-178,2],[-121,-2],[-392,2],[-152,2],[-289,1],[-328,3],[-308,0],[-118,-2],[-1048,8],[-374,-1],[-83,1],[-238,-2],[-476,3],[-408,-1],[-223,3]],[[21258,8529],[93,-8],[330,-18],[328,-1],[288,-4],[364,2]],[[22661,8500],[12,-19],[30,-2],[-1,-244],[9,-11],[-9,-122],[59,-139],[-14,-37],[-27,26],[-45,-10],[-8,-15],[-68,-32],[-43,-80],[2,-28],[-54,-35],[-25,-80],[-27,-25],[14,-15],[-22,-31],[7,-27],[-23,-34],[-2,-84],[7,-21],[-22,-70],[28,-47],[-8,-45]],[[22431,7273],[11,-46],[-22,-29],[-3,-28],[-29,-15],[-18,-55],[-13,-78],[-38,-34],[-14,-48],[-38,-16],[-13,-73],[-38,-25],[-22,10],[-15,-44],[0,-44],[22,-17],[-19,-65],[-5,-110],[28,-67],[21,1],[27,-46],[31,-16],[-3,-72],[24,-55],[49,-68],[-7,-15],[54,-122],[35,-36],[-5,-40],[44,-25],[11,-26],[-1,-57],[17,-54],[-16,-56],[15,-6],[14,-79],[-8,-33],[5,-64],[16,-71],[-7,-37],[17,-59],[-5,-34],[58,40],[10,48],[-38,61],[2,72],[36,25],[16,32],[58,21],[3,-41],[62,13],[76,-1],[5,22],[117,0],[-8,-87],[50,-3],[44,95],[39,44],[17,-19],[70,-47],[126,61],[77,115],[47,-7],[44,34],[33,-10],[12,28],[65,62],[67,29],[34,47],[58,32],[14,29],[2,39],[13,13],[-15,36],[16,40],[27,17],[37,0],[2,36]],[[23809,6295],[21,-12],[47,-77],[45,22],[44,-10],[34,2],[48,19],[49,-34],[34,26],[59,2],[21,-35],[18,-9],[14,-33],[6,-51],[21,3],[5,38]],[[23697,7377],[66,-7],[88,-28],[69,-3],[51,-10],[112,-30],[55,-7],[167,30],[250,39]],[[23809,6295],[-35,35],[-8,63],[8,37],[-7,29],[-96,96],[33,132],[-7,44],[-60,92],[-14,32],[-4,190],[20,49],[28,150],[10,17],[0,75],[20,41]],[[23019,8496],[413,-3],[161,0],[485,-6],[197,-2],[283,3]],[[23697,7377],[-29,3]],[[23668,7380],[-3,176],[-9,35],[-389,773],[-16,21],[-122,34],[-110,77]],[[22661,8500],[358,-4]],[[23668,7380],[0,-37],[-178,-3],[-77,-25],[-78,-57],[-80,-26],[-96,-24],[-46,-21],[-73,1],[-85,-18],[-114,2],[-49,19],[-30,25],[-94,42],[-237,15]],[[8475,23749],[-79,-66],[-31,-13],[-39,1],[-81,-34],[-40,-37],[-85,-34],[-53,-68],[-30,-25],[-72,-15],[-70,-50],[-33,-13],[-73,-7],[-44,-39],[-30,-18],[-82,-2],[-68,-31],[-25,-28],[-41,-12],[-23,-19],[-72,-16],[-42,-16],[-51,-2],[-247,-65],[-60,0],[-21,-23],[-29,-6],[-88,-39],[-48,-13],[-37,-27],[-16,-25],[-148,-41],[-37,-47],[-105,-35],[-31,-17],[-63,-3],[-113,-29],[-46,-24],[-50,-46],[-43,-22],[-49,15],[-57,-10],[-179,-45],[-38,-17],[-73,-17],[-40,-16],[-236,4],[-26,-11]],[[5431,22646],[-51,23],[-54,-16],[-9,28],[5,30],[-15,36],[-62,8],[-16,16],[-40,-5],[-27,32],[2,27],[-27,12],[-15,40],[2,60],[33,-7],[130,-2],[69,10],[3,117],[40,8],[2,122],[-82,-25],[3,116],[-80,2],[-12,46],[-85,2],[11,27],[-40,19],[-120,2],[-4,-42],[-266,9],[-2,-26],[-23,-91],[-68,3],[-23,-20],[27,-88],[-1,-76],[12,-32],[-3,-63],[-46,1],[-39,-42],[-168,4],[-11,4],[-3,-141],[43,-3],[58,14],[35,26],[63,4],[43,11],[0,-57],[52,3],[89,-3],[7,5],[259,-190],[33,-37],[58,-92]],[[5118,22455],[29,-45],[-109,-43],[-45,-31],[-118,-40],[-42,-26],[-94,-7],[-11,-45],[-30,-20],[-38,2],[-46,-19],[-17,18],[-89,8],[-98,4],[-45,-7],[-122,16],[-22,15],[-81,17],[-61,-26],[-48,30],[-14,-2],[-73,-56],[-143,-83],[-22,-86],[-17,-23],[-50,-26],[-8,-50],[-31,-37],[-18,-62],[-3,-49],[-12,-16],[-53,1],[-29,20],[-71,-2],[-61,-22],[-62,27],[-20,28],[-41,-9],[-64,25],[-71,-22],[-23,-61],[-87,-16],[-35,-35],[-48,-26],[-13,-18],[-8,-107],[-25,-23],[-55,-9],[-18,-57],[-16,-7],[-62,4],[-47,-7],[-30,-37],[-169,6],[-33,-25],[-70,-36],[-73,0],[-51,-17],[-102,-10],[-74,-2],[-81,7],[-35,-27],[-53,24],[-23,23],[-118,24],[-84,-10],[-77,8],[-71,-1],[-57,-17]],[[1530,21360],[10,372],[23,926],[14,556],[6,182]],[[35594,22078],[-34,-30],[5,-24],[43,18],[23,-27],[-25,-19],[-8,-34],[-37,7],[0,-65],[25,-14],[7,-25],[63,-9],[5,-24],[42,-7],[30,24],[20,-34],[32,12],[-4,-35],[-40,-10],[-30,16],[-28,-15],[35,-35],[-13,-35],[12,-22],[41,38],[28,-7],[41,-27],[24,-38],[18,-5],[46,17],[19,-9],[-11,-54],[12,-33],[-19,-41],[25,-14],[18,-61],[12,-13],[42,10],[42,-32],[56,-13],[90,5],[-2,-32],[-53,-21],[-3,-31],[-43,-24],[-94,40],[41,-145],[36,-81],[42,-52],[12,-58],[-7,-37],[2,-52],[-261,2],[0,89],[-81,1]],[[35547,21466],[6,260],[-23,45],[-19,132],[10,182],[62,17],[11,-24]],[[35106,23060],[29,-32],[17,4],[8,-43],[19,-20],[-19,-71],[43,-14],[0,-29],[18,-25],[33,-6],[-12,-33],[17,-52],[30,-11],[75,11],[70,-86],[16,-60],[0,-67],[-37,-11],[-14,-31],[36,-8],[19,17],[29,-33],[-10,-25],[11,-34],[-29,-33],[26,-28],[-25,-17],[7,-27],[29,-3],[0,-48],[25,-11],[94,-15],[11,-17],[31,0],[-4,-26],[-21,-20],[13,-27],[-10,-25],[-37,-26]],[[39133,22093],[-89,-9],[-118,5],[-79,-12],[-102,178],[35,42],[61,108],[35,48],[53,107],[5,44],[-13,46],[-48,113],[-25,34],[-52,36],[-91,40],[-88,9],[-84,-45],[-43,-33],[-30,-35],[-37,-86],[-6,-84],[12,-88],[37,-71],[46,-61],[87,-160],[28,-46],[65,-150],[-50,-27],[-44,-35],[-45,-50],[-28,-53],[-26,-81],[-4,-79],[19,-68],[38,-91],[70,-140],[95,-165],[25,-65],[15,-67],[0,-69],[-65,-79],[-45,-38],[-44,-26],[-93,-42],[-78,-20],[-77,-10],[-78,3],[-77,24],[-78,44],[-69,50],[25,33],[109,166],[34,32],[111,87],[15,86],[-3,95],[-95,131],[-78,81],[3,100],[-26,21],[-67,24],[-49,-4],[-65,-20],[-69,-51],[-31,-50],[-34,-101],[24,-153],[54,-187],[-57,-199],[-42,10],[-77,-7],[-49,-16],[-39,-54],[-8,-145],[-31,-105],[117,-23],[25,-30],[62,-54],[99,-64],[56,-27],[70,-10],[85,0],[157,54],[153,50],[85,14],[50,-38],[20,-26],[31,-107],[4,-90],[-14,-72],[-36,-85],[-40,-59],[-83,-96],[-56,-58],[-115,-100],[-26,-43],[-44,-52],[-94,-78],[-48,-22],[-87,-20],[-69,10],[-65,35],[-48,65],[-18,39],[-12,68],[6,96],[20,86],[59,113],[53,84],[1,26],[-15,55],[-38,64],[-34,26],[-65,37],[-32,3],[-96,-5],[22,-174],[-7,-124],[-12,-30],[-103,-136],[-22,-39],[-39,-128]],[[21204,12793],[-175,-6],[-243,-4],[-168,-4],[-158,1],[-165,-10],[-345,-6],[-11,-385],[-21,-483],[-5,-155],[182,-2],[-14,-37],[21,-16],[31,-49],[-1,-36],[44,-9],[57,-59],[43,-67],[5,-45],[42,-16],[18,-18],[77,-38],[10,-61],[25,-36],[32,-17],[30,-62],[13,-52],[-15,-18],[16,-43],[82,-41],[3,-64],[16,-40],[-7,-24],[32,-101],[4,-57]],[[20659,10733],[-5,-36],[10,-19],[42,-18],[3,-18],[58,-89],[26,-72],[65,-57],[21,9],[24,-31],[34,-16],[17,-38]],[[20954,10348],[-22,-7],[-35,15],[-35,31],[-22,-4],[-33,-37],[10,-48],[-13,-14],[-4,-59],[-78,-39],[-23,2],[-57,24],[-89,-47],[-34,-35],[-22,21],[-25,-9],[-54,37],[-2,24],[-30,9],[-26,-35],[-24,13],[-44,-21],[-13,-123],[-58,46],[-53,66],[-32,13],[-159,-9]],[[19977,10162],[-60,41],[-104,13],[-86,-4],[-43,14],[-65,59],[-21,46],[-92,79],[-170,51],[-57,25],[-80,58],[-49,93],[-25,65],[-15,95],[-14,40],[-40,74],[-81,99],[-34,36],[-49,21],[-88,90],[-31,76],[-5,58],[7,43],[-15,50],[-45,88],[-23,30],[-73,16],[-13,11],[-38,142],[-39,71],[-2,108],[-96,3],[-36,14],[-105,-7],[-71,46],[-86,10],[-110,-44],[-114,38],[-25,15],[-41,4],[-109,52],[-37,3],[-122,-9],[-87,-42],[-101,28],[-66,34],[-33,46],[-23,12],[-31,45],[-55,43],[-43,47],[-42,-9],[-90,45],[3,74],[-53,44],[-61,15],[-65,-11],[-19,6],[-118,7],[-27,21],[2,57],[-26,11],[-113,13],[-21,9],[-64,5],[-55,18],[-102,-21],[-147,8],[-17,40],[-69,2]],[[20954,10348],[96,-57],[-2,-66],[32,-3],[0,-68],[57,1],[20,-20],[15,-66],[-5,-17],[30,-64],[-29,-42],[26,-31],[-10,-60],[19,-27],[2,-61],[-43,-63],[4,-20],[42,-35],[6,-53],[13,-9]],[[20065,9635],[83,173],[-35,2],[-69,-26],[-55,25],[2,89],[-23,58],[-4,85],[13,121]],[[2430,29803],[-4,-128],[40,-124],[-1,-57]],[[2465,29494],[-37,-19],[-40,-2],[-35,-29]],[[1737,28962],[-83,583],[-15,125]],[[2465,29494],[105,49],[52,33],[31,38],[19,38],[31,87]],[[3066,29799],[5,-33],[-51,-28],[-3,-101]],[[3017,29637],[-92,-66],[-38,-9],[-73,-6],[-32,-10],[-43,-34],[-33,-40],[-39,-24],[-169,-51],[21,-21],[-25,-35]],[[3017,29637],[-14,-639],[41,-12],[-11,-106],[-20,-59],[-40,-56],[-59,-47],[1,-120],[97,-32],[13,-10],[2,-40],[-51,-75]],[[41291,25972],[-165,-2]],[[41126,25970],[-82,-3]],[[41126,25970],[-2,-204]],[[22201,21260],[121,56],[8,16],[-20,45],[9,69],[45,80]],[[21899,21386],[12,105],[-5,25]],[[21753,21595],[44,-35],[67,-22]],[[20659,10733],[56,39],[26,30],[51,26],[20,19],[50,-1],[167,-15],[74,0],[67,27],[19,43],[67,27],[73,55],[69,13],[-15,49],[15,52],[-8,26],[24,26],[64,13],[24,-14],[28,7],[93,54],[11,-10],[40,19],[94,-22],[33,-19],[28,-50],[33,-7],[41,4],[31,-32],[7,-39],[27,-25],[43,-16],[10,-16],[1,-85],[37,-17],[39,11],[54,-29],[6,-49],[20,-28],[21,-5],[20,-30],[6,-71],[-43,-37],[9,-32],[31,-22],[21,-43],[33,17],[38,-7],[25,12],[16,-70],[72,-14],[22,-24],[26,-2],[45,-20],[1,40],[41,4],[2,35],[-21,40],[-31,31],[47,44],[33,58],[25,-9],[56,68],[62,55],[8,18],[60,13],[25,25],[30,-2],[58,21],[64,45],[-58,106],[-11,35],[-28,34],[-7,36],[-23,30],[-49,4],[-31,41],[7,13],[122,-1],[140,54],[33,30],[94,43],[106,2],[44,-30],[22,-28],[28,-13],[85,-17],[131,6],[56,-6],[43,7],[26,-10],[64,-4],[75,7],[79,-1],[56,35],[66,9],[49,-5],[383,-2],[73,-42]],[[21838,21741],[-37,-77],[-48,-69]],[[5431,22646],[-143,-57],[-51,-26],[-39,0],[-76,-39],[-11,-22],[7,-47]],[[1519,20909],[11,451]],[[21820,20983],[15,95],[56,-9]],[[21799,20852],[13,41],[8,90]],[[16109,7102],[80,-48],[78,0],[48,-59],[38,-8],[49,-45],[19,13],[2,85],[72,-5],[100,6],[66,30],[9,-5]],[[16845,7016],[-114,-156],[-51,-17],[-4,-25],[-50,-67],[-22,-51],[-132,-132],[-90,-107],[-26,-14]],[[15867,6739],[13,15],[51,168],[34,49],[143,57],[1,74]],[[16578,7261],[-10,-40],[-21,-9],[2,-51],[-29,21],[-162,5],[-67,25],[-40,1],[-27,-19],[-63,-16],[-88,-52],[36,-24]],[[21820,20983],[-78,14]]],"transform":{"scale":[0.00010757987116856171,0.00008248155839252434],"translate":[-94.617857,33.004298]},"objects":{"Tract_05_2025":{"type":"GeometryCollection","geometries":[{"arcs":[[0,1,2,3]],"type":"Polygon","properties":{"id":"14000US05051012002"}},{"arcs":[[4,5,6,7,-4,8,9,10,11]],"type":"Polygon","properties":{"id":"14000US05051012001"}},{"arcs":[[12,13,14,15,16]],"type":"Polygon","properties":{"id":"14000US05009790502"}},{"arcs":[[17,-17,18,19]],"type":"Polygon","properties":{"id":"14000US05009790501"}},{"arcs":[[20,21,22,23,24,25,26,27]],"type":"Polygon","properties":{"id":"14000US05007020604"}},{"arcs":[[28,29,30,31,32,33,34,35]],"type":"Polygon","properties":{"id":"14000US05007020806"}},{"arcs":[[36,37,38,39,-25]],"type":"Polygon","properties":{"id":"14000US05007020503"}},{"arcs":[[40,41,42,43,44,45,46,47]],"type":"Polygon","properties":{"id":"14000US05037950400"}},{"arcs":[[48,49,50,51,52]],"type":"Polygon","properties":{"id":"14000US05143010401"}},{"arcs":[[53,54,55,56,57,58]],"type":"Polygon","properties":{"id":"14000US05145070402"}},{"arcs":[[59,-58,60,61,62]],"type":"Polygon","properties":{"id":"14000US05145070401"}},{"arcs":[[63,64,65,66,67,68,69]],"type":"Polygon","properties":{"id":"14000US05125010101"}},{"arcs":[[70,71,72]],"type":"Polygon","properties":{"id":"14000US05125010301"}},{"arcs":[[73,74,75,76]],"type":"Polygon","properties":{"id":"14000US05125010405"}},{"arcs":[[77,78,79,80,81,82]],"type":"Polygon","properties":{"id":"14000US05033020601"}},{"arcs":[[83,84,85,86,87,88]],"type":"Polygon","properties":{"id":"14000US05045031101"}},{"arcs":[[89,90,-77,91,92,93]],"type":"Polygon","properties":{"id":"14000US05125010406"}},{"arcs":[[94,95,96,97,98]],"type":"Polygon","properties":{"id":"14000US05033020207"}},{"arcs":[[99,100,101,102,103,104,-78,105]],"type":"Polygon","properties":{"id":"14000US05033020101"}},{"arcs":[[106,-100,107,108,-95,109]],"type":"Polygon","properties":{"id":"14000US05033020205"}},{"arcs":[[-81,110,111,112]],"type":"Polygon","properties":{"id":"14000US05033020602"}},{"arcs":[[-105,113,114,-79]],"type":"Polygon","properties":{"id":"14000US05033020102"}},{"arcs":[[115,116,-97]],"type":"Polygon","properties":{"id":"14000US05033020208"}},{"arcs":[[-106,-83,117,-108]],"type":"Polygon","properties":{"id":"14000US05033020206"}},{"arcs":[[118,119,120,121,122,123,124]],"type":"Polygon","properties":{"id":"14000US05051011701"}},{"arcs":[[125,126,127,128]],"type":"Polygon","properties":{"id":"14000US05131000502"}},{"arcs":[[129,130,131,132]],"type":"Polygon","properties":{"id":"14000US05043490400"}},{"arcs":[[133,134,135,136,137,138,139,140,-132,141,142,143]],"type":"Polygon","properties":{"id":"14000US05043490500"}},{"arcs":[[144,145,146,147,148,149,150,151,-142,-131,152,-139]],"type":"Polygon","properties":{"id":"14000US05043490100"}},{"arcs":[[153,154,155,156,157]],"type":"Polygon","properties":{"id":"14000US05131000400"}},{"arcs":[[158,-129,159,-155]],"type":"Polygon","properties":{"id":"14000US05131000501"}},{"arcs":[[160,161,162,163,164,165]],"type":"Polygon","properties":{"id":"14000US05119004902"}},{"arcs":[[166,167,168,169,170,171]],"type":"Polygon","properties":{"id":"14000US05119004228"}},{"arcs":[[172,173,174,175,176]],"type":"Polygon","properties":{"id":"14000US05119003308"}},{"arcs":[[177]],"type":"Polygon","properties":{"id":"14000US05017080300"}},{"arcs":[[-156,-160,-128,178,179,180]],"type":"Polygon","properties":{"id":"14000US05131000700"}},{"arcs":[[-157,-181,181,182,183]],"type":"Polygon","properties":{"id":"14000US05131000800"}},{"arcs":[[-183,184,185,186,187]],"type":"Polygon","properties":{"id":"14000US05131001001"}},{"arcs":[[188,189,190,191,192,193,194,195,196]],"type":"Polygon","properties":{"id":"14000US05121960100"}},{"arcs":[[197,198,199,200,201,202]],"type":"Polygon","properties":{"id":"14000US05119004222"}},{"arcs":[[203,204,205,206,207]],"type":"Polygon","properties":{"id":"14000US05119002210"}},{"arcs":[[208,-165,209,210,-205]],"type":"Polygon","properties":{"id":"14000US05119002211"}},{"arcs":[[211,212,213,214]],"type":"Polygon","properties":{"id":"14000US05119002410"}},{"arcs":[[215,216,217,218,219]],"type":"Polygon","properties":{"id":"14000US05119004310"}},{"arcs":[[220,221]],"type":"Polygon","properties":{"id":"14000US05017080400"}},{"arcs":[[-151,222,223,224,225,-222,226,227,228],[-178]],"type":"Polygon","properties":{"id":"14000US05017080100"}},{"arcs":[[229,-223,-150]],"type":"Polygon","properties":{"id":"14000US05017080200"}},{"arcs":[[230,231,232,233,234]],"type":"Polygon","properties":{"id":"14000US05119003608"}},{"arcs":[[235,236,237,238,239]],"type":"Polygon","properties":{"id":"14000US05119004007"}},{"arcs":[[240,241,242,243,-166,-209,-204,244,245,-168,246,247,248]],"type":"Polygon","properties":{"id":"14000US05119004205"}},{"arcs":[[-194,249,250,251,252,253,254,255]],"type":"Polygon","properties":{"id":"14000US05055480300"}},{"arcs":[[256,257,258,259,260,261,262,263]],"type":"Polygon","properties":{"id":"14000US05055480100"}},{"arcs":[[-206,-211,264,265,266,267,268,269]],"type":"Polygon","properties":{"id":"14000US05119002208"}},{"arcs":[[270,271,272,273,274,275,-267]],"type":"Polygon","properties":{"id":"14000US05119002103"}},{"arcs":[[276,277,278,279,280,281]],"type":"Polygon","properties":{"id":"14000US05023480203"}},{"arcs":[[-279,282,283]],"type":"Polygon","properties":{"id":"14000US05023480302"}},{"arcs":[[284,285,-283]],"type":"Polygon","properties":{"id":"14000US05023480301"}},{"arcs":[[286,287,288,-277,289]],"type":"Polygon","properties":{"id":"14000US05023480204"}},{"arcs":[[290,291,-271,-266]],"type":"Polygon","properties":{"id":"14000US05119002104"}},{"arcs":[[292,293,294,295,296,297]],"type":"Polygon","properties":{"id":"14000US05013480100"}},{"arcs":[[298,299,300,301]],"type":"Polygon","properties":{"id":"14000US05091980000"}},{"arcs":[[302,303,304,305,306]],"type":"Polygon","properties":{"id":"14000US05131010304"}},{"arcs":[[-306,307,308,309]],"type":"Polygon","properties":{"id":"14000US05131010303"}},{"arcs":[[310,311,312]],"type":"Polygon","properties":{"id":"14000US05131001312"}},{"arcs":[[313,314,315,316,317,-312,318]],"type":"Polygon","properties":{"id":"14000US05131001306"}},{"arcs":[[319,320,321]],"type":"Polygon","properties":{"id":"14000US05063490702"}},{"arcs":[[322,323,324,325,326,327,328]],"type":"Polygon","properties":{"id":"14000US05063490102"}},{"arcs":[[329,330,-322,331,332,333]],"type":"Polygon","properties":{"id":"14000US05063490701"}},{"arcs":[[334,335,-329,336,337,-330,338]],"type":"Polygon","properties":{"id":"14000US05063490101"}},{"arcs":[[339,-189,340]],"type":"Polygon","properties":{"id":"14000US05121960302"}},{"arcs":[[-190,-340,341]],"type":"Polygon","properties":{"id":"14000US05121960301"}},{"arcs":[[342,-339,-334,343,344,345]],"type":"Polygon","properties":{"id":"14000US05137950201"}},{"arcs":[[346,347,348]],"type":"Polygon","properties":{"id":"14000US05123960500"}},{"arcs":[[349,350,351,352,353,354,355]],"type":"Polygon","properties":{"id":"14000US05123960300"}},{"arcs":[[356,357,358,359,360]],"type":"Polygon","properties":{"id":"14000US05123960100"}},{"arcs":[[361,-348,362]],"type":"Polygon","properties":{"id":"14000US05123960600"}},{"arcs":[[363,-349,-362,364,365]],"type":"Polygon","properties":{"id":"14000US05123960400"}},{"arcs":[[366,367,368,369,370,371,372,373]],"type":"Polygon","properties":{"id":"14000US05031001000"}},{"arcs":[[374,375,376,377,378,379,380,381,382,383,384,385]],"type":"Polygon","properties":{"id":"14000US05031001200"}},{"arcs":[[-383,386,387,388,389,-374,390,391,392,393,394]],"type":"Polygon","properties":{"id":"14000US05031000900"}},{"arcs":[[395,396,397,398,399,400]],"type":"Polygon","properties":{"id":"14000US05031000601"}},{"arcs":[[401,402,403,404,405]],"type":"Polygon","properties":{"id":"14000US05035030102"}},{"arcs":[[406,407,408,409,410,-358,411]],"type":"Polygon","properties":{"id":"14000US05035031000"}},{"arcs":[[412,413,414,415]],"type":"Polygon","properties":{"id":"14000US05139951000"}},{"arcs":[[-296,416,417,418,419,420,421]],"type":"Polygon","properties":{"id":"14000US05139950100"}},{"arcs":[[422,423,-297,-422,424,-414,425,426,427]],"type":"Polygon","properties":{"id":"14000US05139950200"}},{"arcs":[[428,429,430]],"type":"Polygon","properties":{"id":"14000US05139950700"}},{"arcs":[[-426,-413,431,432,-429]],"type":"Polygon","properties":{"id":"14000US05139950600"}},{"arcs":[[433,-428,434]],"type":"Polygon","properties":{"id":"14000US05139950300"}},{"arcs":[[435,-432,-416,436,437,438]],"type":"Polygon","properties":{"id":"14000US05139950900"}},{"arcs":[[439,440,441,442,443]],"type":"Polygon","properties":{"id":"14000US05065960200"}},{"arcs":[[444,-444,445,446,447]],"type":"Polygon","properties":{"id":"14000US05065960300"}},{"arcs":[[448,-446,-443,449,450,-335,-343,451]],"type":"Polygon","properties":{"id":"14000US05065960400"}},{"arcs":[[452,453,454,455,-450,-442]],"type":"Polygon","properties":{"id":"14000US05065960100"}},{"arcs":[[456,457,458,459,460,461,462]],"type":"Polygon","properties":{"id":"14000US05149952402"}},{"arcs":[[463,464,-462,465,466]],"type":"Polygon","properties":{"id":"14000US05149952401"}},{"arcs":[[467,468,469,470,471,-458]],"type":"Polygon","properties":{"id":"14000US05149952301"}},{"arcs":[[472,473,-124,474,475]],"type":"Polygon","properties":{"id":"14000US05051011901"}},{"arcs":[[476,477,-304,478]],"type":"Polygon","properties":{"id":"14000US05131010202"}},{"arcs":[[479,480,481,-477,482,-316]],"type":"Polygon","properties":{"id":"14000US05131010201"}},{"arcs":[[483,-27,484,485]],"type":"Polygon","properties":{"id":"14000US05007020608"}},{"arcs":[[486,487,488,489,490,491,492]],"type":"Polygon","properties":{"id":"14000US05007021306"}},{"arcs":[[493,494,495,496]],"type":"Polygon","properties":{"id":"14000US05091020200"}},{"arcs":[[497,498,499,500]],"type":"Polygon","properties":{"id":"14000US05091020600"}},{"arcs":[[-233,501,502,503,504,505]],"type":"Polygon","properties":{"id":"14000US05119003607"}},{"arcs":[[506,507,508,509,-502,-232]],"type":"Polygon","properties":{"id":"14000US05119003609"}},{"arcs":[[510,511,512,513,514]],"type":"Polygon","properties":{"id":"14000US05119003703"}},{"arcs":[[515,516,517,518,-513,519]],"type":"Polygon","properties":{"id":"14000US05119003704"}},{"arcs":[[520,521,522,-518,523]],"type":"Polygon","properties":{"id":"14000US05119003707"}},{"arcs":[[524,-248,525,-172,526,527,528]],"type":"Polygon","properties":{"id":"14000US05119004213"}},{"arcs":[[529,530,531,532,533]],"type":"Polygon","properties":{"id":"14000US05057480101"}},{"arcs":[[534,535,536,537,538,-534,539,540,541,542]],"type":"Polygon","properties":{"id":"14000US05057480102"}},{"arcs":[[-532,543,544,545,546]],"type":"Polygon","properties":{"id":"14000US05057480302"}},{"arcs":[[547,548,549,550,-491]],"type":"Polygon","properties":{"id":"14000US05007020405"}},{"arcs":[[-540,-533,-547,551]],"type":"Polygon","properties":{"id":"14000US05057480301"}},{"arcs":[[552,553,554,555,556,557,558,559]],"type":"Polygon","properties":{"id":"14000US05081030302"}},{"arcs":[[560,561,-553,562]],"type":"Polygon","properties":{"id":"14000US05081030301"}},{"arcs":[[563,564,565,566,567,568,-558]],"type":"Polygon","properties":{"id":"14000US05081030103"}},{"arcs":[[569,-568]],"type":"Polygon","properties":{"id":"14000US05081030104"}},{"arcs":[[570,571,572,573,574]],"type":"Polygon","properties":{"id":"14000US05089960302"}},{"arcs":[[575,-575,576,577,578]],"type":"Polygon","properties":{"id":"14000US05089960301"}},{"arcs":[[579,580,581,582]],"type":"Polygon","properties":{"id":"14000US05131001310"}},{"arcs":[[583,584,585,-480,-315]],"type":"Polygon","properties":{"id":"14000US05131001307"}},{"arcs":[[586,587,588,-586,589]],"type":"Polygon","properties":{"id":"14000US05131001308"}},{"arcs":[[590,-319,-311,-581]],"type":"Polygon","properties":{"id":"14000US05131001309"}},{"arcs":[[591,-582,-313,-318,592]],"type":"Polygon","properties":{"id":"14000US05131001311"}},{"arcs":[[593,594,595,596,597,598,599,600,601]],"type":"Polygon","properties":{"id":"14000US05019953901"}},{"arcs":[[602,-601,603,604,605]],"type":"Polygon","properties":{"id":"14000US05019953902"}},{"arcs":[[-563,-560,606,607]],"type":"Polygon","properties":{"id":"14000US05081030200"}},{"arcs":[[-559,-569,-570,-567,608,-607]],"type":"Polygon","properties":{"id":"14000US05081030101"}},{"arcs":[[-80,-115,609,610,611,612,-111]],"type":"Polygon","properties":{"id":"14000US05033020402"}},{"arcs":[[613,614,615,-403]],"type":"Polygon","properties":{"id":"14000US05035030101"}},{"arcs":[[-574,616,617,618,619,-577]],"type":"Polygon","properties":{"id":"14000US05089960202"}},{"arcs":[[-578,-620,620,621]],"type":"Polygon","properties":{"id":"14000US05089960201"}},{"arcs":[[622,623,624,625,-408,626,627]],"type":"Polygon","properties":{"id":"14000US05035030701"}},{"arcs":[[628,629,-614,-402,630,631,632,633]],"type":"Polygon","properties":{"id":"14000US05035030803"}},{"arcs":[[-405,634,635,636]],"type":"Polygon","properties":{"id":"14000US05035031200"}},{"arcs":[[637,638,639,-468,-457,640]],"type":"Polygon","properties":{"id":"14000US05149952302"}},{"arcs":[[-245,-208,641,642,643]],"type":"Polygon","properties":{"id":"14000US05119004215"}},{"arcs":[[644,-386,645,646,647]],"type":"Polygon","properties":{"id":"14000US05067480402"}},{"arcs":[[648,649,-647,650,651,652,653,654]],"type":"Polygon","properties":{"id":"14000US05067480401"}},{"arcs":[[655,656,657,658,659,660,661]],"type":"Polygon","properties":{"id":"14000US05051010501"}},{"arcs":[[-475,-123,662,-660,663,664,665]],"type":"Polygon","properties":{"id":"14000US05051011902"}},{"arcs":[[666,667,-476,-666,668,669]],"type":"Polygon","properties":{"id":"14000US05051011101"}},{"arcs":[[670,671,672,673,-667]],"type":"Polygon","properties":{"id":"14000US05051011102"}},{"arcs":[[-9,-3,674,675,676,677,678,679,680]],"type":"Polygon","properties":{"id":"14000US05051010402"}},{"arcs":[[-681,681,682,683,-10]],"type":"Polygon","properties":{"id":"14000US05051010301"}},{"arcs":[[-680,684,685,-682]],"type":"Polygon","properties":{"id":"14000US05051011002"}},{"arcs":[[-11,-684,-672,686]],"type":"Polygon","properties":{"id":"14000US05051010302"}},{"arcs":[[-500,687,688]],"type":"Polygon","properties":{"id":"14000US05091020500"}},{"arcs":[[-496,689,-501,-689,690,691]],"type":"Polygon","properties":{"id":"14000US05091020400"}},{"arcs":[[692,693,694,695,696,697]],"type":"Polygon","properties":{"id":"14000US05117460200"}},{"arcs":[[698,699,700,701,702,703,704,-694]],"type":"Polygon","properties":{"id":"14000US05117460300"}},{"arcs":[[705,706,707,708,709,710,-699,-693,711]],"type":"Polygon","properties":{"id":"14000US05117460100"}},{"arcs":[[-493,712,713,714,715]],"type":"Polygon","properties":{"id":"14000US05007021316"}},{"arcs":[[716,717,718,719,720,721,722]],"type":"Polygon","properties":{"id":"14000US05007021313"}},{"arcs":[[723,724,725,726,727]],"type":"Polygon","properties":{"id":"14000US05007021004"}},{"arcs":[[-33,-28,-484,728,729]],"type":"Polygon","properties":{"id":"14000US05007020903"}},{"arcs":[[-26,-40,730,-489,731,-485]],"type":"Polygon","properties":{"id":"14000US05007020607"}},{"arcs":[[-714,732,-550,733,734,735,736]],"type":"Polygon","properties":{"id":"14000US05007021315"}},{"arcs":[[737,738]],"type":"Polygon","properties":{"id":"14000US05075470502"}},{"arcs":[[739,-738,740,741]],"type":"Polygon","properties":{"id":"14000US05075470501"}},{"arcs":[[742,743,744,745,746,747,748,749,750,751]],"type":"Polygon","properties":{"id":"14000US05069002300"}},{"arcs":[[-736,752,-49,753,754]],"type":"Polygon","properties":{"id":"14000US05007021314"}},{"arcs":[[755,756,757,758,759]],"type":"Polygon","properties":{"id":"14000US05069001402"}},{"arcs":[[760,761,762,763,764,765]],"type":"Polygon","properties":{"id":"14000US05069002000"}},{"arcs":[[766,767,768]],"type":"Polygon","properties":{"id":"14000US05069000302"}},{"arcs":[[769,770,771,772]],"type":"Polygon","properties":{"id":"14000US05069000900"}},{"arcs":[[773,774,-757,775]],"type":"Polygon","properties":{"id":"14000US05069001401"}},{"arcs":[[776,-745]],"type":"Polygon","properties":{"id":"14000US05069000102"}},{"arcs":[[-768,777,778,-774,779]],"type":"Polygon","properties":{"id":"14000US05069000303"}},{"arcs":[[780,781,782,783,784,-554,-562,785]],"type":"Polygon","properties":{"id":"14000US05133080200"}},{"arcs":[[786,787,788,-555,-785]],"type":"Polygon","properties":{"id":"14000US05133080400"}},{"arcs":[[789,-783]],"type":"Polygon","properties":{"id":"14000US05133080300"}},{"arcs":[[790,791,-787,-784,-790,-782]],"type":"Polygon","properties":{"id":"14000US05133080100"}},{"arcs":[[792,793,794,795,796,797,798]],"type":"Polygon","properties":{"id":"14000US05031000300"}},{"arcs":[[799,800,801,802,803]],"type":"Polygon","properties":{"id":"14000US05141460301"}},{"arcs":[[804,-772,805,806]],"type":"Polygon","properties":{"id":"14000US05069001903"}},{"arcs":[[807,-760,808,809,810]],"type":"Polygon","properties":{"id":"14000US05069002103"}},{"arcs":[[811,-15,812,813,814,815,816]],"type":"Polygon","properties":{"id":"14000US05009790300"}},{"arcs":[[817,818,819,820,821,822,823,-596,824]],"type":"Polygon","properties":{"id":"14000US05059020500"}},{"arcs":[[825,826,-820]],"type":"Polygon","properties":{"id":"14000US05059020300"}},{"arcs":[[-664,-659,827,828,-818,829,830]],"type":"Polygon","properties":{"id":"14000US05059020600"}},{"arcs":[[831,832,-821,-827]],"type":"Polygon","properties":{"id":"14000US05059020400"}},{"arcs":[[-829,833,834,-832,-826,-819]],"type":"Polygon","properties":{"id":"14000US05059020200"}},{"arcs":[[835,836,837,838,839]],"type":"Polygon","properties":{"id":"14000US05085020202"}},{"arcs":[[840,841,842,843,844,-838]],"type":"Polygon","properties":{"id":"14000US05085020103"}},{"arcs":[[845,846,-697,847,-746,-777,848]],"type":"Polygon","properties":{"id":"14000US05085020800"}},{"arcs":[[849,-849,-744,850]],"type":"Polygon","properties":{"id":"14000US05085020700"}},{"arcs":[[851,852,-836,853,854]],"type":"Polygon","properties":{"id":"14000US05085020201"}},{"arcs":[[855,856,857,-503]],"type":"Polygon","properties":{"id":"14000US05085020301"}},{"arcs":[[858,859,860,861,862,863,864,-856,-510]],"type":"Polygon","properties":{"id":"14000US05085020302"}},{"arcs":[[865,-864,866,-698,-847,867]],"type":"Polygon","properties":{"id":"14000US05085020400"}},{"arcs":[[868,869,870,871,872,873]],"type":"Polygon","properties":{"id":"14000US05143010303"}},{"arcs":[[874,875,-799,876]],"type":"Polygon","properties":{"id":"14000US05031000200"}},{"arcs":[[877,878,-773,879,880]],"type":"Polygon","properties":{"id":"14000US05069001000"}},{"arcs":[[881,882,-881,883,884]],"type":"Polygon","properties":{"id":"14000US05069001200"}},{"arcs":[[885,-882,886,-758]],"type":"Polygon","properties":{"id":"14000US05069001300"}},{"arcs":[[-759,-887,887,-761,888,-809]],"type":"Polygon","properties":{"id":"14000US05069001501"}},{"arcs":[[-885,889,890,-762,-888]],"type":"Polygon","properties":{"id":"14000US05069001502"}},{"arcs":[[-884,891,892,-890]],"type":"Polygon","properties":{"id":"14000US05069001600"}},{"arcs":[[-880,-805,893,-892]],"type":"Polygon","properties":{"id":"14000US05069001700"}},{"arcs":[[-893,-894,-807,-763,-891]],"type":"Polygon","properties":{"id":"14000US05069001800"}},{"arcs":[[894,-579,-622,-813,-14,895]],"type":"Polygon","properties":{"id":"14000US05009790200"}},{"arcs":[[896,897,-20,898,-817,899,900]],"type":"Polygon","properties":{"id":"14000US05009790400"}},{"arcs":[[901,-896,-13,-18,-898,902]],"type":"Polygon","properties":{"id":"14000US05009790100"}},{"arcs":[[-19,-16,-812,-899]],"type":"Polygon","properties":{"id":"14000US05009790600"}},{"arcs":[[903,-842,904,905,-712,-867,-863]],"type":"Polygon","properties":{"id":"14000US05085020107"}},{"arcs":[[-843,-904,-862,906]],"type":"Polygon","properties":{"id":"14000US05085020108"}},{"arcs":[[907,-853,908]],"type":"Polygon","properties":{"id":"14000US05085020105"}},{"arcs":[[909,910,911,912,-909,-852,913,914]],"type":"Polygon","properties":{"id":"14000US05085020106"}},{"arcs":[[915,916,-872,917,918,919,920]],"type":"Polygon","properties":{"id":"14000US05143010108"}},{"arcs":[[921,922,923]],"type":"Polygon","properties":{"id":"14000US05143010306"}},{"arcs":[[924,925,926,927]],"type":"Polygon","properties":{"id":"14000US05143010111"}},{"arcs":[[928,929,930,931]],"type":"Polygon","properties":{"id":"14000US05007020205"}},{"arcs":[[932,-263,933,934,935]],"type":"Polygon","properties":{"id":"14000US05055480502"}},{"arcs":[[936,-923,937,-918,-871]],"type":"Polygon","properties":{"id":"14000US05143010305"}},{"arcs":[[938,939,940,941]],"type":"Polygon","properties":{"id":"14000US05143010516"}},{"arcs":[[942,943,944,945]],"type":"Polygon","properties":{"id":"14000US05143010520"}},{"arcs":[[946,947,948,-928,949,950]],"type":"Polygon","properties":{"id":"14000US05143010706"}},{"arcs":[[951,952,953,954]],"type":"Polygon","properties":{"id":"14000US05119002406"}},{"arcs":[[955,956,957,958,959]],"type":"Polygon","properties":{"id":"14000US05119002500"}},{"arcs":[[960,-202,961,962,963]],"type":"Polygon","properties":{"id":"14000US05119004218"}},{"arcs":[[964,965,966,967,968,969]],"type":"Polygon","properties":{"id":"14000US05115951000"}},{"arcs":[[970,-967,971,972,973,-471,974]],"type":"Polygon","properties":{"id":"14000US05115951100"}},{"arcs":[[975,976,977,978,979,980,981,982]],"type":"Polygon","properties":{"id":"14000US05115951400"}},{"arcs":[[-982,983,984,985,986,-639,987]],"type":"Polygon","properties":{"id":"14000US05115951501"}},{"arcs":[[988,989,990,991,992,993,-965,994,995,996]],"type":"Polygon","properties":{"id":"14000US05115950700"}},{"arcs":[[-996,997,998,-983,-988,-638,999,1000]],"type":"Polygon","properties":{"id":"14000US05115950800"}},{"arcs":[[1001,-255,1002,1003,-377,1004]],"type":"Polygon","properties":{"id":"14000US05055480601"}},{"arcs":[[-254,1005,1006,1007,-934,-262,1008,-368,1009,1010,-1003]],"type":"Polygon","properties":{"id":"14000US05055480602"}},{"arcs":[[1011,1012]],"type":"Polygon","properties":{"id":"14000US05053470401"}},{"arcs":[[1013,1014,1015,1016,-252]],"type":"Polygon","properties":{"id":"14000US05055480401"}},{"arcs":[[1017,-1012]],"type":"Polygon","properties":{"id":"14000US05053470402"}},{"arcs":[[-392,1018,1019]],"type":"Polygon","properties":{"id":"14000US05111490300"}},{"arcs":[[1020,-936,1021,1022,1023,-1016]],"type":"Polygon","properties":{"id":"14000US05055480402"}},{"arcs":[[-264,-933,-1021,-1015,1024]],"type":"Polygon","properties":{"id":"14000US05055480501"}},{"arcs":[[-394,1025,-1019,-391,-373,1026,1027,1028,1029,1030]],"type":"Polygon","properties":{"id":"14000US05111490200"}},{"arcs":[[-1029,1031,-1027,-372,1032,1033,-623,1034]],"type":"Polygon","properties":{"id":"14000US05111490100"}},{"arcs":[[-646,-385,1035,1036,-651]],"type":"Polygon","properties":{"id":"14000US05111490600"}},{"arcs":[[-253,-1017,-1024,1037,-1006]],"type":"Polygon","properties":{"id":"14000US05055480801"}},{"arcs":[[1038,1039,-634,1040,1041]],"type":"Polygon","properties":{"id":"14000US05035030805"}},{"arcs":[[-1041,-633,1042]],"type":"Polygon","properties":{"id":"14000US05035030804"}},{"arcs":[[1043,1044,1045,1046]],"type":"Polygon","properties":{"id":"14000US05007021202"}},{"arcs":[[1047,-524,-517,1048]],"type":"Polygon","properties":{"id":"14000US05119003711"}},{"arcs":[[1049,1050,1051,-145,-138,1052,1053,1054]],"type":"Polygon","properties":{"id":"14000US05079960300"}},{"arcs":[[-1054,1055]],"type":"Polygon","properties":{"id":"14000US05079960500"}},{"arcs":[[1056,-1055,-1056,-1053,-137,1057,1058]],"type":"Polygon","properties":{"id":"14000US05079960400"}},{"arcs":[[1059,1060,1061,1062,1063]],"type":"Polygon","properties":{"id":"14000US05005950200"}},{"arcs":[[1064,1065,1066,-1061,1067,1068]],"type":"Polygon","properties":{"id":"14000US05005950700"}},{"arcs":[[1069,1070,-1068,-1060,1071]],"type":"Polygon","properties":{"id":"14000US05005950300"}},{"arcs":[[1072,1073,1074,1075,1076]],"type":"Polygon","properties":{"id":"14000US05107480202"}},{"arcs":[[1077,1078,1079,1080,-1073,1081]],"type":"Polygon","properties":{"id":"14000US05107480201"}},{"arcs":[[1082,-162,1083,1084,1085,1086,1087,1088]],"type":"Polygon","properties":{"id":"14000US05119001600"}},{"arcs":[[-273,1089,1090,1091,1092]],"type":"Polygon","properties":{"id":"14000US05119001800"}},{"arcs":[[1093,1094,1095]],"type":"Polygon","properties":{"id":"14000US05093011400"}},{"arcs":[[1096,-1069,-1071,1097]],"type":"Polygon","properties":{"id":"14000US05005950802"}},{"arcs":[[1098,-1098,-1070,1099,1100,-572]],"type":"Polygon","properties":{"id":"14000US05005950801"}},{"arcs":[[1101,1102,1103,1104,1105,1106]],"type":"Polygon","properties":{"id":"14000US05119002002"}},{"arcs":[[1107,1108,1109,-298,-424,1110,1111]],"type":"Polygon","properties":{"id":"14000US05013480200"}},{"arcs":[[-814,-621,-619,1112,1113,1114]],"type":"Polygon","properties":{"id":"14000US05089960100"}},{"arcs":[[1115,-648,-650,1116]],"type":"Polygon","properties":{"id":"14000US05067480300"}},{"arcs":[[1117,-1117,-649,1118,1119]],"type":"Polygon","properties":{"id":"14000US05067480200"}},{"arcs":[[1120,1121,-1119,-655,1122,1123]],"type":"Polygon","properties":{"id":"14000US05067480500"}},{"arcs":[[1124,-375,-645,-1116,-1118,1125]],"type":"Polygon","properties":{"id":"14000US05067480100"}},{"arcs":[[1126,1127,1128,1129,-1080]],"type":"Polygon","properties":{"id":"14000US05107480100"}},{"arcs":[[1130,-92,-76,1131,1132,1133,-811,1134,1135,1136]],"type":"Polygon","properties":{"id":"14000US05053470100"}},{"arcs":[[-823,1137,1138,1139,1140,1141,1142,1143]],"type":"Polygon","properties":{"id":"14000US05053470300"}},{"arcs":[[1144,-93,-1131,1145,-1143],[-1018,-1013]],"type":"Polygon","properties":{"id":"14000US05053470200"}},{"arcs":[[1146,1147,1148,-320,1149]],"type":"Polygon","properties":{"id":"14000US05063490500"}},{"arcs":[[-328,1150,1151,-337]],"type":"Polygon","properties":{"id":"14000US05063490200"}},{"arcs":[[-332,-321,-1149,1152,-1121,1153,1154,1155]],"type":"Polygon","properties":{"id":"14000US05063490800"}},{"arcs":[[1156,1157,1158,1159]],"type":"Polygon","properties":{"id":"14000US05109953400"}},{"arcs":[[-1158,1160,1161,1162]],"type":"Polygon","properties":{"id":"14000US05109953300"}},{"arcs":[[-1159,-1163,1163,1164,-538,1165]],"type":"Polygon","properties":{"id":"14000US05109953500"}},{"arcs":[[1166,1167,1168,1169]],"type":"Polygon","properties":{"id":"14000US05045031008"}},{"arcs":[[1170,1171,1172,1173,1174]],"type":"Polygon","properties":{"id":"14000US05045030503"}},{"arcs":[[-1174,1175,1176,1177,1178,1179]],"type":"Polygon","properties":{"id":"14000US05045030504"}},{"arcs":[[1180,1181,1182,-1168]],"type":"Polygon","properties":{"id":"14000US05045031007"}},{"arcs":[[1183,1184,1185,1186,1187,1188]],"type":"Polygon","properties":{"id":"14000US05007021409"}},{"arcs":[[1189,1190,1191,1192,-932,1193]],"type":"Polygon","properties":{"id":"14000US05007020206"}},{"arcs":[[-930,1194,1195,1196,-1189,1197,1198]],"type":"Polygon","properties":{"id":"14000US05007021407"}},{"arcs":[[1199,-1195,-929,-1193]],"type":"Polygon","properties":{"id":"14000US05007020203"}},{"arcs":[[1200,1201,-487,-716,1202,1203,1204,1205]],"type":"Polygon","properties":{"id":"14000US05007021305"}},{"arcs":[[1206,1207,-21,-32]],"type":"Polygon","properties":{"id":"14000US05007020606"}},{"arcs":[[1208,1209,1210,1211,1212,-602,-603,1213,-1164,-1162]],"type":"Polygon","properties":{"id":"14000US05019953700"}},{"arcs":[[1214,1215,1216,-594,-1213]],"type":"Polygon","properties":{"id":"14000US05019953800"}},{"arcs":[[-186,1217,1218]],"type":"Polygon","properties":{"id":"14000US05131001002"}},{"arcs":[[-544,-531,1219,-605,1220,1221]],"type":"Polygon","properties":{"id":"14000US05099090100"}},{"arcs":[[-539,-1165,-1214,-606,-1220,-530]],"type":"Polygon","properties":{"id":"14000US05099090200"}},{"arcs":[[1222,-1222,1223,1224,1225]],"type":"Polygon","properties":{"id":"14000US05099090300"}},{"arcs":[[1226,1227,1228,1229]],"type":"Polygon","properties":{"id":"14000US05035030202"}},{"arcs":[[-669,1230,-1210,1231]],"type":"Polygon","properties":{"id":"14000US05059020701"}},{"arcs":[[-393,-1020,-1026]],"type":"Polygon","properties":{"id":"14000US05111490400"}},{"arcs":[[-1028,-1032]],"type":"Polygon","properties":{"id":"14000US05111490700"}},{"arcs":[[-705,1232,1233,1234,-695]],"type":"Polygon","properties":{"id":"14000US05001480400"}},{"arcs":[[1235,1236,-956,1237,1238,1239]],"type":"Polygon","properties":{"id":"14000US05119003001"}},{"arcs":[[1240,1241,1242,1243,1244]],"type":"Polygon","properties":{"id":"14000US05119003207"}},{"arcs":[[-691,-688,-499,1245,-301,1246,1247,1248]],"type":"Polygon","properties":{"id":"14000US05091020802"}},{"arcs":[[1249,-749,1250,1251,1252,-1051]],"type":"Polygon","properties":{"id":"14000US05079960600"}},{"arcs":[[-246,-644,1253,-169]],"type":"Polygon","properties":{"id":"14000US05119004214"}},{"arcs":[[-1100,-1072,-1064,1254,1255]],"type":"Polygon","properties":{"id":"14000US05005950400"}},{"arcs":[[-573,-1101,-1256,1256,1257,1258,-617]],"type":"Polygon","properties":{"id":"14000US05005950900"}},{"arcs":[[-618,-1259,1259,1260,-448,1261,1262,-1113]],"type":"Polygon","properties":{"id":"14000US05005950500"}},{"arcs":[[-1255,-1063,1263,-1257]],"type":"Polygon","properties":{"id":"14000US05005950100"}},{"arcs":[[-1264,-1062,-1067,1264,-1260,-1258]],"type":"Polygon","properties":{"id":"14000US05005950600"}},{"arcs":[[1265,1266,-281,1267,1268,1269,1270,1271]],"type":"Polygon","properties":{"id":"14000US05023480502"}},{"arcs":[[1272,-801,1273,-290,-282,-1267]],"type":"Polygon","properties":{"id":"14000US05023480201"}},{"arcs":[[1274,1275,1276,1277,-1269]],"type":"Polygon","properties":{"id":"14000US05023480501"}},{"arcs":[[1278,1279,-844,-907,-861]],"type":"Polygon","properties":{"id":"14000US05085020206"}},{"arcs":[[1280,1281,1282,1283,-1172]],"type":"Polygon","properties":{"id":"14000US05045030502"}},{"arcs":[[-1183,1284,1285,-84,1286,-1169]],"type":"Polygon","properties":{"id":"14000US05045031006"}},{"arcs":[[1287,-752,1288,-778,-767,1289,-1133]],"type":"Polygon","properties":{"id":"14000US05069002400"}},{"arcs":[[-750,-1250,-1050,1290,-770,-879,1291]],"type":"Polygon","properties":{"id":"14000US05069002500"}},{"arcs":[[-802,-1273,-1266,1292,1293]],"type":"Polygon","properties":{"id":"14000US05141460303"}},{"arcs":[[1294,-803,-1294,1295,1296]],"type":"Polygon","properties":{"id":"14000US05141460304"}},{"arcs":[[1297,1298,1299,1300]],"type":"Polygon","properties":{"id":"14000US05131001301"}},{"arcs":[[-1092,1301,1302,1303]],"type":"Polygon","properties":{"id":"14000US05119001900"}},{"arcs":[[-954,1304,-1303,1305,-1102,1306,1307]],"type":"Polygon","properties":{"id":"14000US05119002001"}},{"arcs":[[-1130,1308,1309,-1074,-1081]],"type":"Polygon","properties":{"id":"14000US05107480300"}},{"arcs":[[-1309,-1129,1310,1311,1312]],"type":"Polygon","properties":{"id":"14000US05107480400"}},{"arcs":[[-1310,-1313,1313,-1075]],"type":"Polygon","properties":{"id":"14000US05107480500"}},{"arcs":[[1314,-1076,-1314,-1312,1315,1316,1317]],"type":"Polygon","properties":{"id":"14000US05107480600"}},{"arcs":[[1318,-627,-407]],"type":"Polygon","properties":{"id":"14000US05035031100"}},{"arcs":[[1319,1320,1321,-258,1322,1323]],"type":"Polygon","properties":{"id":"14000US05021950200"}},{"arcs":[[1324,-1321,1325,-260],[1326]],"type":"Polygon","properties":{"id":"14000US05021950100"}},{"arcs":[[-1327]],"type":"Polygon","properties":{"id":"14000US05021950600"}},{"arcs":[[-1325,-259,-1322]],"type":"Polygon","properties":{"id":"14000US05021950500"}},{"arcs":[[1327,-1324,-250,-193],[1328]],"type":"Polygon","properties":{"id":"14000US05021950300"}},{"arcs":[[-1329]],"type":"Polygon","properties":{"id":"14000US05021950400"}},{"arcs":[[-280,-284,-286,1329,1330,-1275,-1268]],"type":"Polygon","properties":{"id":"14000US05023480400"}},{"arcs":[[-278,-289,-344,-333,-1156,1331,-1330,-285]],"type":"Polygon","properties":{"id":"14000US05023480100"}},{"arcs":[[-754,-53,1332,1333,1334,1335]],"type":"Polygon","properties":{"id":"14000US05143010510"}},{"arcs":[[-1152,-1150,-331,-338]],"type":"Polygon","properties":{"id":"14000US05063490600"}},{"arcs":[[-327,1336,-1147,-1151]],"type":"Polygon","properties":{"id":"14000US05063490300"}},{"arcs":[[-1337,-326,1337,-1126,-1120,-1122,-1153,-1148]],"type":"Polygon","properties":{"id":"14000US05063490400"}},{"arcs":[[1338,1339]],"type":"Polygon","properties":{"id":"14000US05015950100"}},{"arcs":[[-665,-831,1340,-1211,-1231]],"type":"Polygon","properties":{"id":"14000US05059020702"}},{"arcs":[[1341,1342,-834,-828,-658]],"type":"Polygon","properties":{"id":"14000US05059020101"}},{"arcs":[[1343,-1138,-822,-833,-835,-1343]],"type":"Polygon","properties":{"id":"14000US05059020102"}},{"arcs":[[1344,-900,-816,1345,1346,1347]],"type":"Polygon","properties":{"id":"14000US05101180100"}},{"arcs":[[-1347,1348,-990,1349,1350]],"type":"Polygon","properties":{"id":"14000US05101180200"}},{"arcs":[[-1114,-1263,1351,1352,1353]],"type":"Polygon","properties":{"id":"14000US05129970200"}},{"arcs":[[-1038,-1023,1354,-1007]],"type":"Polygon","properties":{"id":"14000US05055480802"}},{"arcs":[[1355,1356,1357,1358,1359,1360]],"type":"Polygon","properties":{"id":"14000US05113950300"}},{"arcs":[[1361,1362,1363,1364,1365,1366,-1359]],"type":"Polygon","properties":{"id":"14000US05113950100"}},{"arcs":[[1367,1368,-791,-781,1369]],"type":"Polygon","properties":{"id":"14000US05113950600"}},{"arcs":[[-1360,-1367,1370,1371,-1368,1372]],"type":"Polygon","properties":{"id":"14000US05113950500"}},{"arcs":[[1373,1374,-1362,-1358]],"type":"Polygon","properties":{"id":"14000US05113950400"}},{"arcs":[[-430,-433,-436,1375,1376]],"type":"Polygon","properties":{"id":"14000US05139950800"}},{"arcs":[[1377,1378,1379,1380,-977]],"type":"Polygon","properties":{"id":"14000US05115951303"}},{"arcs":[[1381,1382,1383,1384]],"type":"Polygon","properties":{"id":"14000US05045030702"}},{"arcs":[[1385,1386,-1181,-1167,1387]],"type":"Polygon","properties":{"id":"14000US05045031003"}},{"arcs":[[1388,1389,-874,1390]],"type":"Polygon","properties":{"id":"14000US05143010405"}},{"arcs":[[1391,1392,1393,1394,1395,1396,1397]],"type":"Polygon","properties":{"id":"14000US05125010507"}},{"arcs":[[1398,1399,1400,1401,-1104,1402]],"type":"Polygon","properties":{"id":"14000US05119000500"}},{"arcs":[[1403,1404,1405,1406,-1403,-1103]],"type":"Polygon","properties":{"id":"14000US05119001100"}},{"arcs":[[1407,-1404,-1306,-1302]],"type":"Polygon","properties":{"id":"14000US05119001200"}},{"arcs":[[1408,1409,1410,-1405,-1408,-1091]],"type":"Polygon","properties":{"id":"14000US05119001300"}},{"arcs":[[-88,1411,1412,1413,1414,1415,1416,-1245,1417,1418,-217]],"type":"Polygon","properties":{"id":"14000US05119004302"}},{"arcs":[[1419,1420,1421]],"type":"Polygon","properties":{"id":"14000US05091020701"}},{"arcs":[[-1353,1422,1423,1424]],"type":"Polygon","properties":{"id":"14000US05129970300"}},{"arcs":[[-1346,-815,-1115,-1354,-1425,1425,-991,-1349]],"type":"Polygon","properties":{"id":"14000US05129970100"}},{"arcs":[[1426,1427,1428,-381]],"type":"Polygon","properties":{"id":"14000US05031000803"}},{"arcs":[[-877,-798,1429,-1428,1430]],"type":"Polygon","properties":{"id":"14000US05031000804"}},{"arcs":[[1431,-504,-858,1432,-868,-846,-850,1433]],"type":"Polygon","properties":{"id":"14000US05085020600"}},{"arcs":[[-854,-840,1434,-1279,-860,1435]],"type":"Polygon","properties":{"id":"14000US05085020204"}},{"arcs":[[-908,-913,1436,1437,-905,-841,-837]],"type":"Polygon","properties":{"id":"14000US05085020102"}},{"arcs":[[-865,-866,-1433,-857]],"type":"Polygon","properties":{"id":"14000US05085020500"}},{"arcs":[[1438,-1422,1439,-494,1440]],"type":"Polygon","properties":{"id":"14000US05091020100"}},{"arcs":[[-1233,-704,1441,1442]],"type":"Polygon","properties":{"id":"14000US05001480300"}},{"arcs":[[1443,1444,1445,1446,-975,-470]],"type":"Polygon","properties":{"id":"14000US05115951202"}},{"arcs":[[1447,-968,-971,-1447,1448,-1379]],"type":"Polygon","properties":{"id":"14000US05115951201"}},{"arcs":[[1449,-969,-1448,-1378,-976,-999]],"type":"Polygon","properties":{"id":"14000US05115950901"}},{"arcs":[[-995,-970,-1450,-998]],"type":"Polygon","properties":{"id":"14000US05115950902"}},{"arcs":[[-980,1450,-985,1451]],"type":"Polygon","properties":{"id":"14000US05115951504"}},{"arcs":[[1452,-1444,-469,-640,-987]],"type":"Polygon","properties":{"id":"14000US05115951602"}},{"arcs":[[-981,-1452,-984]],"type":"Polygon","properties":{"id":"14000US05115951503"}},{"arcs":[[-1380,-1449,-1446,1453,1454]],"type":"Polygon","properties":{"id":"14000US05115951301"}},{"arcs":[[-1381,-1455,1455,-978]],"type":"Polygon","properties":{"id":"14000US05115951302"}},{"arcs":[[-1451,-979,-1456,-1454,-1445,-1453,-986]],"type":"Polygon","properties":{"id":"14000US05115951601"}},{"arcs":[[-1283,1456,-1382,1457]],"type":"Polygon","properties":{"id":"14000US05045030701"}},{"arcs":[[1458,1459,-1270,-1278,1460,1461,1462,1463]],"type":"Polygon","properties":{"id":"14000US05045030202"}},{"arcs":[[1464,-1271,-1460,1465,1466,1467]],"type":"Polygon","properties":{"id":"14000US05045030201"}},{"arcs":[[-47,1468,-366,1469,-352]],"type":"Polygon","properties":{"id":"14000US05123960201"}},{"arcs":[[-365,-363,-347,-364,-1469,-46,1470,-361,1471,-353,-1470]],"type":"Polygon","properties":{"id":"14000US05123960202"}},{"arcs":[[-920,1472,1473,1474,1475]],"type":"Polygon","properties":{"id":"14000US05143010113"}},{"arcs":[[1476,1477,1478,1479,1480]],"type":"Polygon","properties":{"id":"14000US05143011005"}},{"arcs":[[-721,1481,1482,1483,-1477,1484,1485]],"type":"Polygon","properties":{"id":"14000US05143010514"}},{"arcs":[[1486,-1391,1487,1488,1489,1490,1491]],"type":"Polygon","properties":{"id":"14000US05143010511"}},{"arcs":[[-938,1492,1493,1494,-919]],"type":"Polygon","properties":{"id":"14000US05143010109"}},{"arcs":[[1495,1496,1497,-1475,1498,1499,1500]],"type":"Polygon","properties":{"id":"14000US05143011107"}},{"arcs":[[-722,-1486,1501,1502]],"type":"Polygon","properties":{"id":"14000US05143010513"}},{"arcs":[[1503,-950,-927,1504,1505,1506]],"type":"Polygon","properties":{"id":"14000US05143011302"}},{"arcs":[[1507,-946,1508,-1478,-1484]],"type":"Polygon","properties":{"id":"14000US05143010515"}},{"arcs":[[-1509,-945,1509,1510,1511,-1479]],"type":"Polygon","properties":{"id":"14000US05143011006"}},{"arcs":[[1512,-1491,1513,-939,1514]],"type":"Polygon","properties":{"id":"14000US05143010517"}},{"arcs":[[1515,1516,1517,-951,-1504,1518]],"type":"Polygon","properties":{"id":"14000US05143010704"}},{"arcs":[[-1495,1519,1520,1521,-1473]],"type":"Polygon","properties":{"id":"14000US05143010112"}},{"arcs":[[1522,1523,1524]],"type":"Polygon","properties":{"id":"14000US05143010518"}},{"arcs":[[-940,-1514,1525,-1517,1526]],"type":"Polygon","properties":{"id":"14000US05143010602"}},{"arcs":[[-1474,-1522,1527,-1499]],"type":"Polygon","properties":{"id":"14000US05143011106"}},{"arcs":[[-926,1528,-1476,-1498,1529,-1505]],"type":"Polygon","properties":{"id":"14000US05143010110"}},{"arcs":[[-1489,1530,1531,1532,-948,1533]],"type":"Polygon","properties":{"id":"14000US05143010705"}},{"arcs":[[1534,1535,-1496,1536,-1511,1537]],"type":"Polygon","properties":{"id":"14000US05143011105"}},{"arcs":[[1538,-1506,-1530,-1497,-1536]],"type":"Polygon","properties":{"id":"14000US05143011104"}},{"arcs":[[-1490,-1534,-947,-1518,-1526]],"type":"Polygon","properties":{"id":"14000US05143010703"}},{"arcs":[[-1532,1539,-916,1540]],"type":"Polygon","properties":{"id":"14000US05143010115"}},{"arcs":[[-873,-917,-1540,-1531,-1488]],"type":"Polygon","properties":{"id":"14000US05143010114"}},{"arcs":[[-1524,1541,-1335,1542,-1487,1543]],"type":"Polygon","properties":{"id":"14000US05143010512"}},{"arcs":[[1544,1545,-22,-1208,1546]],"type":"Polygon","properties":{"id":"14000US05007020605"}},{"arcs":[[1547,1548,-29,1549]],"type":"Polygon","properties":{"id":"14000US05007020801"}},{"arcs":[[1550,-717,1551,-1045]],"type":"Polygon","properties":{"id":"14000US05007021102"}},{"arcs":[[-170,-1254,-643,1552,-198,1553]],"type":"Polygon","properties":{"id":"14000US05119004219"}},{"arcs":[[1554,1555,1556,-1197,1557]],"type":"Polygon","properties":{"id":"14000US05007021404"}},{"arcs":[[1558,1559,-64,1560,1561]],"type":"Polygon","properties":{"id":"14000US05125010303"}},{"arcs":[[1562,-1416,1563,1564,1565]],"type":"Polygon","properties":{"id":"14000US05119003306"}},{"arcs":[[1566,1567,1568,-924,-937,-870,1569]],"type":"Polygon","properties":{"id":"14000US05143010307"}},{"arcs":[[-1527,-1516,1570,-1538,1571]],"type":"Polygon","properties":{"id":"14000US05143010601"}},{"arcs":[[-1334,1572,1573,1574,-1389,-1543]],"type":"Polygon","properties":{"id":"14000US05143010404"}},{"arcs":[[-1575,1575,-1570,-869,-1390]],"type":"Polygon","properties":{"id":"14000US05143010304"}},{"arcs":[[1576,1577,1578,-50]],"type":"Polygon","properties":{"id":"14000US05143010201"}},{"arcs":[[-1578,1579,1580,-1568,1581]],"type":"Polygon","properties":{"id":"14000US05143010202"}},{"arcs":[[-1519,-1507,-1539,-1535,-1571]],"type":"Polygon","properties":{"id":"14000US05143011301"}},{"arcs":[[-941,-1572,-1510,-944]],"type":"Polygon","properties":{"id":"14000US05143010521"}},{"arcs":[[1582,-1336,-1542,-1523,1583]],"type":"Polygon","properties":{"id":"14000US05143010519"}},{"arcs":[[-239,1584,-1288,-1132,-75,1585]],"type":"Polygon","properties":{"id":"14000US05119004005"}},{"arcs":[[1586,1587,1588,1589]],"type":"Polygon","properties":{"id":"14000US05119004106"}},{"arcs":[[1590,1591,-507,-231,1592,1593]],"type":"Polygon","properties":{"id":"14000US05119003604"}},{"arcs":[[1594,1595,1596,1597,-959]],"type":"Polygon","properties":{"id":"14000US05119002600"}},{"arcs":[[1598,1599,-215,-955,-1308,1600,1601]],"type":"Polygon","properties":{"id":"14000US05119002405"}},{"arcs":[[1602,1603,1604,-94,-1145,-1142,1605]],"type":"Polygon","properties":{"id":"14000US05125010407"}},{"arcs":[[-1395,1606,1607,1608,1609,1610,1611,-71,1612,1613]],"type":"Polygon","properties":{"id":"14000US05125010511"}},{"arcs":[[-1613,-73,1614,-65,-1560,1615]],"type":"Polygon","properties":{"id":"14000US05125010302"}},{"arcs":[[-1614,-1616,-1559,-1396]],"type":"Polygon","properties":{"id":"14000US05125010512"}},{"arcs":[[1616,1617,-1397,-1562,1618,1619,-1342,-657,1620]],"type":"Polygon","properties":{"id":"14000US05125010508"}},{"arcs":[[1621,1622,1623,1624,1625,1626,-1608]],"type":"Polygon","properties":{"id":"14000US05125010509"}},{"arcs":[[-1435,-839,-845,-1280]],"type":"Polygon","properties":{"id":"14000US05085020205"}},{"arcs":[[1627,-521,-1048,1628,-520,-512,1629,-1414]],"type":"Polygon","properties":{"id":"14000US05119003713"}},{"arcs":[[1630,1631,1632,-701]],"type":"Polygon","properties":{"id":"14000US05095950200"}},{"arcs":[[1633,-355,1634,1635,-1082,-1077,-1315,1636,-1632]],"type":"Polygon","properties":{"id":"14000US05095950300"}},{"arcs":[[1637,-356,-1634,-1631,-700,-711]],"type":"Polygon","properties":{"id":"14000US05095950100"}},{"arcs":[[1638,-1297,1639,1640,1641,-993]],"type":"Polygon","properties":{"id":"14000US05141460200"}},{"arcs":[[-1296,-1293,-1272,-1465,1642,1643,-1640]],"type":"Polygon","properties":{"id":"14000US05141460400"}},{"arcs":[[-1426,-1424,1644,-804,-1295,-1639,-992]],"type":"Polygon","properties":{"id":"14000US05141460100"}},{"arcs":[[-466,-461,1645,1646,1647,1648]],"type":"Polygon","properties":{"id":"14000US05149952500"}},{"arcs":[[1649,-1647,1650,-5,1651,1652]],"type":"Polygon","properties":{"id":"14000US05149952600"}},{"arcs":[[1653,-1190,-734,-549]],"type":"Polygon","properties":{"id":"14000US05007020404"}},{"arcs":[[-1194,-931,-1199,1654,-735]],"type":"Polygon","properties":{"id":"14000US05007021406"}},{"arcs":[[-492,-551,-733,-713]],"type":"Polygon","properties":{"id":"14000US05007021308"}},{"arcs":[[-52,1655,-1573,-1333]],"type":"Polygon","properties":{"id":"14000US05143010402"}},{"arcs":[[-1533,-1541,-921,-1529,-925,-949]],"type":"Polygon","properties":{"id":"14000US05143010107"}},{"arcs":[[-1502,-1485,-1481,1656,1657,1658]],"type":"Polygon","properties":{"id":"14000US05143011002"}},{"arcs":[[1659,-1187,1660,-1493,-922,-1569,-1581]],"type":"Polygon","properties":{"id":"14000US05143010101"}},{"arcs":[[-1500,-1528,-1521,1661,-102,1662,1663]],"type":"Polygon","properties":{"id":"14000US05143011103"}},{"arcs":[[-1657,-1480,-1512,-1537,-1501,-1664,1664]],"type":"Polygon","properties":{"id":"14000US05143011003"}},{"arcs":[[-1658,-1665,-1663,-101,-107,1665]],"type":"Polygon","properties":{"id":"14000US05143011004"}},{"arcs":[[-8,1666,1667,1668,-1]],"type":"Polygon","properties":{"id":"14000US05125010516"}},{"arcs":[[-68,1669,1670,1671,-1603,1672]],"type":"Polygon","properties":{"id":"14000US05125010106"}},{"arcs":[[-1619,1673,1674,-1140,1675]],"type":"Polygon","properties":{"id":"14000US05125010513"}},{"arcs":[[-1676,-1139,-1344,-1620]],"type":"Polygon","properties":{"id":"14000US05125010514"}},{"arcs":[[1676,1677,-1670,-67]],"type":"Polygon","properties":{"id":"14000US05125010105"}},{"arcs":[[1678,-69,-1673,-1606,-1141,-1675]],"type":"Polygon","properties":{"id":"14000US05125010602"}},{"arcs":[[-1615,-72,-1612,1679,-1677,-66]],"type":"Polygon","properties":{"id":"14000US05125010104"}},{"arcs":[[1680,1681,1682,-1556,1683,1684]],"type":"Polygon","properties":{"id":"14000US05007020104"}},{"arcs":[[1685,-1550,-36,1686,1687]],"type":"Polygon","properties":{"id":"14000US05007020905"}},{"arcs":[[-34,-730,1688,1689]],"type":"Polygon","properties":{"id":"14000US05007020904"}},{"arcs":[[-1687,-35,-1690,1690,-1201,1691]],"type":"Polygon","properties":{"id":"14000US05007020906"}},{"arcs":[[-725,1692,-1205,1693,-719,1694]],"type":"Polygon","properties":{"id":"14000US05007021312"}},{"arcs":[[-1685,1695,1696,1697,1698]],"type":"Polygon","properties":{"id":"14000US05007020103"}},{"arcs":[[1699,-1692,-1206,-1693,-724,1700]],"type":"Polygon","properties":{"id":"14000US05007021003"}},{"arcs":[[-715,-737,-755,-1583,1701,-1203]],"type":"Polygon","properties":{"id":"14000US05007021317"}},{"arcs":[[-1688,-1700,1702]],"type":"Polygon","properties":{"id":"14000US05007021001"}},{"arcs":[[1703,-542,1704,1705,1706,-564,-557]],"type":"Polygon","properties":{"id":"14000US05057480200"}},{"arcs":[[-1705,-541,-552,-546,1707]],"type":"Polygon","properties":{"id":"14000US05057480500"}},{"arcs":[[-1706,-1708,-545,-1223,1708,1709]],"type":"Polygon","properties":{"id":"14000US05057480400"}},{"arcs":[[-1341,-830,-825,-595,-1217,1710,-1215,-1212]],"type":"Polygon","properties":{"id":"14000US05019953602"}},{"arcs":[[-1711,-1216]],"type":"Polygon","properties":{"id":"14000US05019953601"}},{"arcs":[[1711,1712,1713,-1123,-654,1714,-709]],"type":"Polygon","properties":{"id":"14000US05147490200"}},{"arcs":[[-1715,-653,1715,-350,-1638,-710]],"type":"Polygon","properties":{"id":"14000US05147490100"}},{"arcs":[[1716,1717,1718,-174]],"type":"Polygon","properties":{"id":"14000US05119003307"}},{"arcs":[[1719,1720,1721,-1591,1722]],"type":"Polygon","properties":{"id":"14000US05119003405"}},{"arcs":[[1723,1724,-1723,-1594,1725,-1628,-1413]],"type":"Polygon","properties":{"id":"14000US05119003406"}},{"arcs":[[1726,-528,1727,-964,1728,1729,1730,-1394]],"type":"Polygon","properties":{"id":"14000US05119004225"}},{"arcs":[[1731,1732,1733,1734,1735]],"type":"Polygon","properties":{"id":"14000US05007020301"}},{"arcs":[[1736,-1735,1737]],"type":"Polygon","properties":{"id":"14000US05007020302"}},{"arcs":[[1738,1739,1740,-90,1741]],"type":"Polygon","properties":{"id":"14000US05125010409"}},{"arcs":[[-118,-82,-113,1742,1743,1744,-116,-96,-109]],"type":"Polygon","properties":{"id":"14000US05033020204"}},{"arcs":[[-1561,-70,-1679,-1674]],"type":"Polygon","properties":{"id":"14000US05125010601"}},{"arcs":[[-1242,1745,1746,1747]],"type":"Polygon","properties":{"id":"14000US05119003208"}},{"arcs":[[-1415,-1630,-511,-1564]],"type":"Polygon","properties":{"id":"14000US05119003712"}},{"arcs":[[-1088,1748,1749,-292]],"type":"Polygon","properties":{"id":"14000US05119001501"}},{"arcs":[[-727,1750,-1047,1751]],"type":"Polygon","properties":{"id":"14000US05007021201"}},{"arcs":[[-39,1752,-1738,1753,-548,-490,-731]],"type":"Polygon","properties":{"id":"14000US05007020401"}},{"arcs":[[1754,1755,-1720,-1725]],"type":"Polygon","properties":{"id":"14000US05119003403"}},{"arcs":[[1756,1757,1758,1759,1760,1761]],"type":"Polygon","properties":{"id":"14000US05119004104"}},{"arcs":[[-1756,1762,-914,-855,-1436,-859,-509,1763,-1721]],"type":"Polygon","properties":{"id":"14000US05119003404"}},{"arcs":[[1764,1765,-1105,-1402,1766,-236,1767]],"type":"Polygon","properties":{"id":"14000US05119004001"}},{"arcs":[[-1589,1768,-1768,-240,1769,-1740,1770]],"type":"Polygon","properties":{"id":"14000US05119004006"}},{"arcs":[[-1590,-1771,-1739,-1761,1771]],"type":"Polygon","properties":{"id":"14000US05119004105"}},{"arcs":[[1772,-249,-525,1773,1774]],"type":"Polygon","properties":{"id":"14000US05119004201"}},{"arcs":[[1775,-1434,-851,-743,-1585,-238,1776,1777]],"type":"Polygon","properties":{"id":"14000US05119003900"}},{"arcs":[[-1593,-235,1778,1779,-522,-1726]],"type":"Polygon","properties":{"id":"14000US05119003605"}},{"arcs":[[-1774,-529,-1727,-1393,1780]],"type":"Polygon","properties":{"id":"14000US05119004202"}},{"arcs":[[-1764,-508,-1592,-1722]],"type":"Polygon","properties":{"id":"14000US05119980300"}},{"arcs":[[-1597,1781,-1777,-237,-1767,-1401,1782,1783]],"type":"Polygon","properties":{"id":"14000US05119980400"}},{"arcs":[[-1243,-1748,1784,-1085,1785]],"type":"Polygon","properties":{"id":"14000US05119980100"}},{"arcs":[[-1418,-1244,-1786,-1084,-161,-244,1786,1787]],"type":"Polygon","properties":{"id":"14000US05119004307"}},{"arcs":[[1788,1789,1790,-1410,1791]],"type":"Polygon","properties":{"id":"14000US05119004801"}},{"arcs":[[-1049,-516,-1629]],"type":"Polygon","properties":{"id":"14000US05119003714"}},{"arcs":[[1792,-218,-1419,-1788,1793]],"type":"Polygon","properties":{"id":"14000US05119004309"}},{"arcs":[[-1730,1794,-1602,1795,1796,-1623,1797]],"type":"Polygon","properties":{"id":"14000US05119004226"}},{"arcs":[[-963,1798,-1599,-1795,-1729]],"type":"Polygon","properties":{"id":"14000US05119004224"}},{"arcs":[[-1750,1799,-1792,-1409,-1090,-272]],"type":"Polygon","properties":{"id":"14000US05119980200"}},{"arcs":[[-247,-167,-526]],"type":"Polygon","properties":{"id":"14000US05119004229"}},{"arcs":[[-171,-1554,-203,-961,-1728,-527]],"type":"Polygon","properties":{"id":"14000US05119004223"}},{"arcs":[[-1083,1800,-163]],"type":"Polygon","properties":{"id":"14000US05119004901"}},{"arcs":[[-220,1801,1802,-242,1803]],"type":"Polygon","properties":{"id":"14000US05119004311"}},{"arcs":[[-1731,-1798,-1622,-1607]],"type":"Polygon","properties":{"id":"14000US05119004227"}},{"arcs":[[1804,1805,1806,1807,-1000,-641,-463,-465,1808,1809]],"type":"Polygon","properties":{"id":"14000US05083950100"}},{"arcs":[[1810]],"type":"Polygon","properties":{"id":"14000US05083950300"}},{"arcs":[[1811,1812,1813,1814,-467,-1649,1815]],"type":"Polygon","properties":{"id":"14000US05083950600"}},{"arcs":[[1816,1817,-1810,1818,1819],[-1811]],"type":"Polygon","properties":{"id":"14000US05083950200"}},{"arcs":[[1820,-1814]],"type":"Polygon","properties":{"id":"14000US05083950500"}},{"arcs":[[1821,1822,-1819,-1809,-464,-1815,-1821,-1813,1823]],"type":"Polygon","properties":{"id":"14000US05083950400"}},{"arcs":[[-1323,-257,-1025,-1014,-251]],"type":"Polygon","properties":{"id":"14000US05055480200"}},{"arcs":[[-1355,-1022,-935,-1008]],"type":"Polygon","properties":{"id":"14000US05055480700"}},{"arcs":[[-399,1824,1825,1826,1827]],"type":"Polygon","properties":{"id":"14000US05031000602"}},{"arcs":[[1828,1829,1830,-1732,1831]],"type":"Polygon","properties":{"id":"14000US05007020304"}},{"arcs":[[1832,1833,1834]],"type":"Polygon","properties":{"id":"14000US05027950301"}},{"arcs":[[1835,1836,1837,1838,-1835,1839,1840]],"type":"Polygon","properties":{"id":"14000US05027950302"}},{"arcs":[[1841,1842,1843,-1837]],"type":"Polygon","properties":{"id":"14000US05027950402"}},{"arcs":[[1844,1845,-1843]],"type":"Polygon","properties":{"id":"14000US05027950401"}},{"arcs":[[1846,-1826,1847,1848,-794]],"type":"Polygon","properties":{"id":"14000US05031000102"}},{"arcs":[[1849,1850,1851,-388,1852]],"type":"Polygon","properties":{"id":"14000US05031000401"}},{"arcs":[[1853,1854,1855,-397]],"type":"Polygon","properties":{"id":"14000US05031000501"}},{"arcs":[[1856,1857,1858,1859,1860,-1175,-1180,1861,1862]],"type":"Polygon","properties":{"id":"14000US05029950500"}},{"arcs":[[-268,-276,1863,-213,1864]],"type":"Polygon","properties":{"id":"14000US05119002409"}},{"arcs":[[1865,-1794,-1787,-243,-1803]],"type":"Polygon","properties":{"id":"14000US05119004308"}},{"arcs":[[1866,-133,-141]],"type":"Polygon","properties":{"id":"14000US05043490300"}},{"arcs":[[-153,-130,-1867,-140]],"type":"Polygon","properties":{"id":"14000US05043490200"}},{"arcs":[[-515,1867,-1717,-173,-1565]],"type":"Polygon","properties":{"id":"14000US05119003303"}},{"arcs":[[-726,-1695,-718,-1551,-1044,-1751]],"type":"Polygon","properties":{"id":"14000US05007021101"}},{"arcs":[[-1691,-1689,-729,-486,-732,-488,-1202]],"type":"Polygon","properties":{"id":"14000US05007021304"}},{"arcs":[[-38,1868,-1832,-1736,-1737,-1753]],"type":"Polygon","properties":{"id":"14000US05007020305"}},{"arcs":[[-1624,-1797,1869,-1759,1870]],"type":"Polygon","properties":{"id":"14000US05119004220"}},{"arcs":[[-1747,1871,1872,-1236,1873]],"type":"Polygon","properties":{"id":"14000US05119003002"}},{"arcs":[[-1641,-1644,1874,1875,-1859,1876,1877]],"type":"Polygon","properties":{"id":"14000US05029950100"}},{"arcs":[[-994,-1642,-1878,1878,-966]],"type":"Polygon","properties":{"id":"14000US05029950200"}},{"arcs":[[-972,-1879,-1877,-1858,1879]],"type":"Polygon","properties":{"id":"14000US05029950300"}},{"arcs":[[-1880,-1857,1880,-973]],"type":"Polygon","properties":{"id":"14000US05029950400"}},{"arcs":[[-472,-974,-1881,-1863,1881,1882,1883,-459]],"type":"Polygon","properties":{"id":"14000US05029950600"}},{"arcs":[[1884,-1398,-1618,1885,1886,-1667,-7,1887]],"type":"Polygon","properties":{"id":"14000US05125010517"}},{"arcs":[[1888,1889,1890,1891,-1094,1892]],"type":"Polygon","properties":{"id":"14000US05093010602"}},{"arcs":[[-1095,-1892,1893,1894,1895,1896]],"type":"Polygon","properties":{"id":"14000US05093010601"}},{"arcs":[[1897,1898,1899,-370],[1900]],"type":"Polygon","properties":{"id":"14000US05093010801"}},{"arcs":[[-1901]],"type":"Polygon","properties":{"id":"14000US05093010802"}},{"arcs":[[-1887,1901,-1668]],"type":"Polygon","properties":{"id":"14000US05125010515"}},{"arcs":[[-1625,-1871,1902,1903]],"type":"Polygon","properties":{"id":"14000US05125010520"}},{"arcs":[[1904,1905,-1757,1906,-1604,-1672]],"type":"Polygon","properties":{"id":"14000US05125010410"}},{"arcs":[[1907,-1903,-1758,-1906,1908]],"type":"Polygon","properties":{"id":"14000US05125010411"}},{"arcs":[[-1680,-1611,1909,-1909,-1905,-1671,-1678]],"type":"Polygon","properties":{"id":"14000US05125010107"}},{"arcs":[[-1627,1910,-1609]],"type":"Polygon","properties":{"id":"14000US05125010518"}},{"arcs":[[1911,1912,-997,-1001,-1808]],"type":"Polygon","properties":{"id":"14000US05071952200"}},{"arcs":[[1913,1914,-1912,-1807,1915]],"type":"Polygon","properties":{"id":"14000US05071952100"}},{"arcs":[[-1734,1916,-1191,-1654,-1754]],"type":"Polygon","properties":{"id":"14000US05007020402"}},{"arcs":[[-1709,-1226,1917,1918,1919,1920,1921]],"type":"Polygon","properties":{"id":"14000US05073470102"}},{"arcs":[[-1920,1922]],"type":"Polygon","properties":{"id":"14000US05073470101"}},{"arcs":[[-1762,-1742,-1605,-1907]],"type":"Polygon","properties":{"id":"14000US05125010408"}},{"arcs":[[1923,-119,1924]],"type":"Polygon","properties":{"id":"14000US05051011801"}},{"arcs":[[1925,1926,-1229,1927,1928,-636,1929,-615,-630,1930,1931,1932]],"type":"Polygon","properties":{"id":"14000US05035030602"}},{"arcs":[[-411,-1926,1933,-359]],"type":"Polygon","properties":{"id":"14000US05035030601"}},{"arcs":[[-404,-616,-1930,-635]],"type":"Polygon","properties":{"id":"14000US05035030503"}},{"arcs":[[1934,-1558,-1196,-1200,-1192,-1917,-1733,-1831]],"type":"Polygon","properties":{"id":"14000US05007020201"}},{"arcs":[[-1546,1935,1936,1937,-23]],"type":"Polygon","properties":{"id":"14000US05007020501"}},{"arcs":[[-683,-686,1938,1939,-673]],"type":"Polygon","properties":{"id":"14000US05051011001"}},{"arcs":[[1940,1941,-121,1942]],"type":"Polygon","properties":{"id":"14000US05051011702"}},{"arcs":[[1943,1944,1945]],"type":"Polygon","properties":{"id":"14000US05051010602"}},{"arcs":[[1946,1947,-473,-668]],"type":"Polygon","properties":{"id":"14000US05051011201"}},{"arcs":[[-1940,1948,1949,1950,-1947,-674]],"type":"Polygon","properties":{"id":"14000US05051011202"}},{"arcs":[[-2,-1669,-1902,-1886,-1617,1951,-675]],"type":"Polygon","properties":{"id":"14000US05051010401"}},{"arcs":[[1952,-1925,-125,-474,-1948,-1951]],"type":"Polygon","properties":{"id":"14000US05051011802"}},{"arcs":[[-677,1953,1954,1955,-1945,1956]],"type":"Polygon","properties":{"id":"14000US05051010601"}},{"arcs":[[-676,-1952,-1621,-656,1957,-1954]],"type":"Polygon","properties":{"id":"14000US05051010502"}},{"arcs":[[1958,1959,-1039,1960,-409,-626]],"type":"Polygon","properties":{"id":"14000US05035030702"}},{"arcs":[[1961,1962,-1931,-629,-1040,-1960]],"type":"Polygon","properties":{"id":"14000US05035030806"}},{"arcs":[[-1961,-1042,-1043,-632,1963,-1230,-1927,-410]],"type":"Polygon","properties":{"id":"14000US05035030703"}},{"arcs":[[1964,1965,-1962,-1959,-625]],"type":"Polygon","properties":{"id":"14000US05035030807"}},{"arcs":[[1966,1967,-1350,-989,-1913,-1915,1968,1969,1970]],"type":"Polygon","properties":{"id":"14000US05071951700"}},{"arcs":[[1971,-1916,-1806,1972]],"type":"Polygon","properties":{"id":"14000US05071952000"}},{"arcs":[[-1969,-1914,-1972,1973]],"type":"Polygon","properties":{"id":"14000US05071951900"}},{"arcs":[[1974,-1970,-1974,-1973,-1805,-1818]],"type":"Polygon","properties":{"id":"14000US05071951800"}},{"arcs":[[-1440,-1421,1975,-302,-1246,-498,-690,-495]],"type":"Polygon","properties":{"id":"14000US05091020702"}},{"arcs":[[1976,1977,-299,-1976,-1420,-1439,1978]],"type":"Polygon","properties":{"id":"14000US05091020801"}},{"arcs":[[1979,-43,1980]],"type":"Polygon","properties":{"id":"14000US05037950600"}},{"arcs":[[-652,-1037,1981,-48,-351,-1716]],"type":"Polygon","properties":{"id":"14000US05037950300"}},{"arcs":[[1982,-1035,-628,-1319,-412,-357,-1471,-45]],"type":"Polygon","properties":{"id":"14000US05037950100"}},{"arcs":[[1983,-1981,-42]],"type":"Polygon","properties":{"id":"14000US05037950500"}},{"arcs":[[1984,-1030,-1983,-44,-1980,-1984,-41,-1982]],"type":"Polygon","properties":{"id":"14000US05037950200"}},{"arcs":[[1985,1986,1987,1988,-55]],"type":"Polygon","properties":{"id":"14000US05145070700"}},{"arcs":[[-1154,-1124,-1714,1989,1990,1991]],"type":"Polygon","properties":{"id":"14000US05145070100"}},{"arcs":[[-1461,-1277,1992,-63,1993,1994,1995]],"type":"Polygon","properties":{"id":"14000US05145070300"}},{"arcs":[[1996,1997,-1990,-1713,1998]],"type":"Polygon","properties":{"id":"14000US05145070600"}},{"arcs":[[-1276,-1331,-1332,-1155,-1992,1999,-59,-60,-1993]],"type":"Polygon","properties":{"id":"14000US05145070200"}},{"arcs":[[-1683,2000,-1184,-1557]],"type":"Polygon","properties":{"id":"14000US05007021405"}},{"arcs":[[-962,-201,2001,-269,-1865,-212,-1600,-1799]],"type":"Polygon","properties":{"id":"14000US05119002407"}},{"arcs":[[2002,2003,2004,-148]],"type":"Polygon","properties":{"id":"14000US05041950500"}},{"arcs":[[2005,2006,-2003,-147,2007,-1252]],"type":"Polygon","properties":{"id":"14000US05041950200"}},{"arcs":[[-1087,2008,-1239,2009,-1789,-1800,-1749]],"type":"Polygon","properties":{"id":"14000US05119001502"}},{"arcs":[[2010,-1696,-1684,-1555,-1935,-1830,2011,-1937]],"type":"Polygon","properties":{"id":"14000US05007020102"}},{"arcs":[[2012,2013,-1697,-2011,-1936,-1545,2014]],"type":"Polygon","properties":{"id":"14000US05007020704"}},{"arcs":[[-1698,-2014,2015,2016,2017,2018]],"type":"Polygon","properties":{"id":"14000US05007020701"}},{"arcs":[[2019,-2017,2020,-2015,-1547,-1207,-31]],"type":"Polygon","properties":{"id":"14000US05007020805"}},{"arcs":[[-2016,-2013,-2021]],"type":"Polygon","properties":{"id":"14000US05007020703"}},{"arcs":[[-1225,2021,2022,-1845,-1842,-1836,-1918]],"type":"Polygon","properties":{"id":"14000US05027950200"}},{"arcs":[[-1844,-1846,2023,-1838]],"type":"Polygon","properties":{"id":"14000US05027950500"}},{"arcs":[[-1839,-2024,-2023,2024,2025,2026,2027,-1833]],"type":"Polygon","properties":{"id":"14000US05027950100"}},{"arcs":[[2028,-401,2029,-379]],"type":"Polygon","properties":{"id":"14000US05031000701"}},{"arcs":[[2030,2031,2032,2033,2034,2035]],"type":"Polygon","properties":{"id":"14000US05135470100"}},{"arcs":[[2036,2037,2038,-2034,2039,2040,2041,-455]],"type":"Polygon","properties":{"id":"14000US05135470300"}},{"arcs":[[-1004,-1011,2042,-1854,-396,-2029,-378]],"type":"Polygon","properties":{"id":"14000US05031001101"}},{"arcs":[[-2043,-1010,-367,-390,2043,-1855]],"type":"Polygon","properties":{"id":"14000US05031001102"}},{"arcs":[[2044,-1850,2045,2046]],"type":"Polygon","properties":{"id":"14000US05031000404"}},{"arcs":[[-1849,2047,-1851,-2045,-795]],"type":"Polygon","properties":{"id":"14000US05031000403"}},{"arcs":[[-1429,-1430,-797,2048,-2046,-1853,-387,-382]],"type":"Polygon","properties":{"id":"14000US05031000806"}},{"arcs":[[-796,-2047,-2049]],"type":"Polygon","properties":{"id":"14000US05031000805"}},{"arcs":[[-2030,-400,-1828,2049,-875,-1431,-1427,-380]],"type":"Polygon","properties":{"id":"14000US05031000702"}},{"arcs":[[-1652,-12,-687,2050,2051]],"type":"Polygon","properties":{"id":"14000US05097953000"}},{"arcs":[[-1371,-1366,2052,-2051,-671,-670,-1232,-1209,-1161,-1157]],"type":"Polygon","properties":{"id":"14000US05097953200"}},{"arcs":[[2053,-1653,-2052,-2053,-1365]],"type":"Polygon","properties":{"id":"14000US05097953100"}},{"arcs":[[2054,2055,2056,-1348,-1351,-1968,2057,2058]],"type":"Polygon","properties":{"id":"14000US05087960400"}},{"arcs":[[-1520,2059,2060,-2059,2061,-103,-1662]],"type":"Polygon","properties":{"id":"14000US05087960300"}},{"arcs":[[2062,-2055,-2061]],"type":"Polygon","properties":{"id":"14000US05087960200"}},{"arcs":[[-1661,-1186,2063,2064,-2056,-2063,-2060,-1494]],"type":"Polygon","properties":{"id":"14000US05087960100"}},{"arcs":[[-114,-104,-2062,-2058,-1967,2065,2066,2067,-610]],"type":"Polygon","properties":{"id":"14000US05047950100"}},{"arcs":[[2068,-191,-342,-341,-197,2069,2070]],"type":"Polygon","properties":{"id":"14000US05121960202"}},{"arcs":[[2071,-2071,2072,-2032]],"type":"Polygon","properties":{"id":"14000US05121960201"}},{"arcs":[[-1911,-1626,-1904,-1908,-1910,-1610]],"type":"Polygon","properties":{"id":"14000US05125010519"}},{"arcs":[[-1900,2073,2074,2075,2076,2077,2078,-1033,-371]],"type":"Polygon","properties":{"id":"14000US05093010900"}},{"arcs":[[-2079,2079,2080,-1965,-624,-1034]],"type":"Polygon","properties":{"id":"14000US05093011300"}},{"arcs":[[-593,-317,-483,-479,-303,2081]],"type":"Polygon","properties":{"id":"14000US05131010301"}},{"arcs":[[2082,2083,-158,-184,-188,2084,2085]],"type":"Polygon","properties":{"id":"14000US05131000300"}},{"arcs":[[-182,-180,2086,2087,-1218,-185]],"type":"Polygon","properties":{"id":"14000US05131001101"}},{"arcs":[[-1791,2088,2089,-1406,-1411]],"type":"Polygon","properties":{"id":"14000US05119004500"}},{"arcs":[[-51,-1579,-1582,-1567,-1576,-1574,-1656]],"type":"Polygon","properties":{"id":"14000US05143011200"}},{"arcs":[[2090,-1376,-439,2091,2092,-2027]],"type":"Polygon","properties":{"id":"14000US05139950402"}},{"arcs":[[2093,2094,-435,-427,-431,-1377,-2091,-2026]],"type":"Polygon","properties":{"id":"14000US05139950401"}},{"arcs":[[-415,-425,-421,2095,2096,-437]],"type":"Polygon","properties":{"id":"14000US05139950502"}},{"arcs":[[-438,-2097,2097,-2092]],"type":"Polygon","properties":{"id":"14000US05139950501"}},{"arcs":[[-1896,2098,2099,2100]],"type":"Polygon","properties":{"id":"14000US05093010300"}},{"arcs":[[2101,-1893,-1096,-1897,-2101,2102,-1890,2103,-2074,-1899]],"type":"Polygon","properties":{"id":"14000US05093010700"}},{"arcs":[[2104,2105,2106,-2080,-2078]],"type":"Polygon","properties":{"id":"14000US05093011200"}},{"arcs":[[2107,-1894,-1891,-2103,-2100]],"type":"Polygon","properties":{"id":"14000US05093010200"}},{"arcs":[[-2076,2108,-2106,2109]],"type":"Polygon","properties":{"id":"14000US05093011000"}},{"arcs":[[-2077,-2110,-2105]],"type":"Polygon","properties":{"id":"14000US05093011100"}},{"arcs":[[-1300,2110,-590,-585,2111]],"type":"Polygon","properties":{"id":"14000US05131001305"}},{"arcs":[[2112,2113,2114,2115,-126,-159,-154,-2084]],"type":"Polygon","properties":{"id":"14000US05131000100"}},{"arcs":[[-179,-127,-2116,2116,-1298,2117,-2087]],"type":"Polygon","properties":{"id":"14000US05131000600"}},{"arcs":[[-478,-482,2118,2119,-1824,-1812,2120,-308,-305]],"type":"Polygon","properties":{"id":"14000US05131010102"}},{"arcs":[[-589,2121,-612,2122,2123,-2119,-481]],"type":"Polygon","properties":{"id":"14000US05131010101"}},{"arcs":[[-1462,-1996,2124,2125,-911,2126]],"type":"Polygon","properties":{"id":"14000US05145071002"}},{"arcs":[[-2000,-1991,-1998,2127,-1986,-54]],"type":"Polygon","properties":{"id":"14000US05145070501"}},{"arcs":[[-1995,2128,2129,2130,2131,-2125]],"type":"Polygon","properties":{"id":"14000US05145071001"}},{"arcs":[[-2130,2132,2133,2134,-707,2135]],"type":"Polygon","properties":{"id":"14000US05145071102"}},{"arcs":[[-1987,2136,-1999,-1712,-708,-2135,2137]],"type":"Polygon","properties":{"id":"14000US05145071101"}},{"arcs":[[2138,-1988,-2138,-2134,2139,2140]],"type":"Polygon","properties":{"id":"14000US05145070802"}},{"arcs":[[-1997,-2137,-2128]],"type":"Polygon","properties":{"id":"14000US05145070502"}},{"arcs":[[-61,-57,-2141,2141]],"type":"Polygon","properties":{"id":"14000US05145070901"}},{"arcs":[[2142,2143,2144,2145,2146,-2006,-1251,-748]],"type":"Polygon","properties":{"id":"14000US05001480800"}},{"arcs":[[2147,2148,-2144,2149]],"type":"Polygon","properties":{"id":"14000US05001480600"}},{"arcs":[[-1234,-1443,2150]],"type":"Polygon","properties":{"id":"14000US05001480500"}},{"arcs":[[-848,-696,-1235,-2151,-1442,-703,2151,-2150,-2143,-747]],"type":"Polygon","properties":{"id":"14000US05001480200"}},{"arcs":[[2152,-2145,-2149]],"type":"Polygon","properties":{"id":"14000US05001480700"}},{"arcs":[[-702,-1633,-1637,-1318,2153,-2146,-2153,-2148,-2152]],"type":"Polygon","properties":{"id":"14000US05001480100"}},{"arcs":[[-452,-346,2154,2155]],"type":"Polygon","properties":{"id":"14000US05137950204"}},{"arcs":[[-2155,-345,-288,2156]],"type":"Polygon","properties":{"id":"14000US05137950203"}},{"arcs":[[2157,-1515,-942,-943,-1508,-1483]],"type":"Polygon","properties":{"id":"14000US05143010508"}},{"arcs":[[-751,-1292,-878,-883,-886,-775,-779,-1289]],"type":"Polygon","properties":{"id":"14000US05069000502"}},{"arcs":[[-806,-771,-1291,-1057,2158,-764]],"type":"Polygon","properties":{"id":"14000US05069001901"}},{"arcs":[[2159,-2036,2160,2161]],"type":"Polygon","properties":{"id":"14000US05049550102"}},{"arcs":[[-1707,-1710,-1922,2162,2163,2164,-1977,2165,-565]],"type":"Polygon","properties":{"id":"14000US05091020901"}},{"arcs":[[-2165,2166,2167,-1247,-300,-1978]],"type":"Polygon","properties":{"id":"14000US05091020902"}},{"arcs":[[-1248,-2168,2168,2169,2170]],"type":"Polygon","properties":{"id":"14000US05091021001"}},{"arcs":[[-2167,-2164,2171,-2169]],"type":"Polygon","properties":{"id":"14000US05091021002"}},{"arcs":[[-384,-395,-1031,-1985,-1036],[2172]],"type":"Polygon","properties":{"id":"14000US05111490502"}},{"arcs":[[2173,2174,-1363,-1375,2175,-1356]],"type":"Polygon","properties":{"id":"14000US05113950202"}},{"arcs":[[-2173]],"type":"Polygon","properties":{"id":"14000US05111490501"}},{"arcs":[[-2176,-1374,-1357]],"type":"Polygon","properties":{"id":"14000US05113950201"}},{"arcs":[[2176,2177,-742,2178,-1005,-376,-1125,2179]],"type":"Polygon","properties":{"id":"14000US05075470400"}},{"arcs":[[-2040,-2033,-2073,-2070,-196,2180,-2177,2181,2182]],"type":"Polygon","properties":{"id":"14000US05075470200"}},{"arcs":[[-2181,-195,-256,-1002,-2179,-741,-739,-740,-2178]],"type":"Polygon","properties":{"id":"14000US05075470100"}},{"arcs":[[-2182,-2180,-1338,-325,2183]],"type":"Polygon","properties":{"id":"14000US05075470300"}},{"arcs":[[2184,2185,2186,2187,2188]],"type":"Polygon","properties":{"id":"14000US05015950301"}},{"arcs":[[2189,-2113,-2083,2190]],"type":"Polygon","properties":{"id":"14000US05131000200"}},{"arcs":[[2191,-2088,-2118,-1301,-2112,-584,-314,2192]],"type":"Polygon","properties":{"id":"14000US05131001102"}},{"arcs":[[-2163,-1921,-1923,-1919,-1841,2193,-2170,-2172]],"type":"Polygon","properties":{"id":"14000US05073470200"}},{"arcs":[[2194,-903,2195,2196,-2186,2197]],"type":"Polygon","properties":{"id":"14000US05015950400"}},{"arcs":[[-2085,-187,-1219,-2192,2198,2199]],"type":"Polygon","properties":{"id":"14000US05131001201"}},{"arcs":[[2200,-2199,-2193,-591,-580]],"type":"Polygon","properties":{"id":"14000US05131001202"}},{"arcs":[[-1989,-2139,-56]],"type":"Polygon","properties":{"id":"14000US05145070801"}},{"arcs":[[-62,-2142,-2140,-2133,-2129,-1994]],"type":"Polygon","properties":{"id":"14000US05145070902"}},{"arcs":[[-2131,-2136,-706,-906,-1438,2201]],"type":"Polygon","properties":{"id":"14000US05145071202"}},{"arcs":[[-2132,-2202,-1437,-912,-2126]],"type":"Polygon","properties":{"id":"14000US05145071201"}},{"arcs":[[2202,2203,-2162,2204,2205,-2037,-454,2206]],"type":"Polygon","properties":{"id":"14000US05049550101"}},{"arcs":[[-1265,-1066,2207,-2203,2208,-440,-445,-1261]],"type":"Polygon","properties":{"id":"14000US05049550202"}},{"arcs":[[-2207,-453,-441,-2209]],"type":"Polygon","properties":{"id":"14000US05049550201"}},{"arcs":[[-810,-889,-766,2209,-1135]],"type":"Polygon","properties":{"id":"14000US05069002104"}},{"arcs":[[-1290,-769,-780,-776,-756,-808,-1134]],"type":"Polygon","properties":{"id":"14000US05069000301"}},{"arcs":[[-1741,-1770,-1586,-74,-91]],"type":"Polygon","properties":{"id":"14000US05119004004"}},{"arcs":[[-1106,-1766,2210,2211]],"type":"Polygon","properties":{"id":"14000US05119004107"}},{"arcs":[[-164,-1801,-1089,-291,-265,-210]],"type":"Polygon","properties":{"id":"14000US05119002203"}},{"arcs":[[-611,-2068,2212,2213,-1820,-1823,2214,-2123]],"type":"Polygon","properties":{"id":"14000US05047950301"}},{"arcs":[[-2066,-1971,-1975,-1817,-2214,2215]],"type":"Polygon","properties":{"id":"14000US05047950201"}},{"arcs":[[-2216,-2213,-2067]],"type":"Polygon","properties":{"id":"14000US05047950202"}},{"arcs":[[-2124,-2215,-1822,-2120]],"type":"Polygon","properties":{"id":"14000US05047950302"}},{"arcs":[[-207,-270,-2002,-200,2216]],"type":"Polygon","properties":{"id":"14000US05119002209"}},{"arcs":[[2217,-2038,-2206]],"type":"Polygon","properties":{"id":"14000US05135470202"}},{"arcs":[[-2041,-2183,-2184,-324,2218]],"type":"Polygon","properties":{"id":"14000US05135470401"}},{"arcs":[[-456,-2042,-2219,-323,-336,-451]],"type":"Polygon","properties":{"id":"14000US05135470402"}},{"arcs":[[-2161,-2035,-2039,-2218,-2205]],"type":"Polygon","properties":{"id":"14000US05135470201"}},{"arcs":[[2219,-2198,-2185,2220,-1339,2221]],"type":"Polygon","properties":{"id":"14000US05015950202"}},{"arcs":[[-2188,2222,2223,-901,-1345,-2057,-2065,2224]],"type":"Polygon","properties":{"id":"14000US05015950501"}},{"arcs":[[-1682,2225,-2222,-1340,-2221,-2189,-2225,-2064,-1185,-2001]],"type":"Polygon","properties":{"id":"14000US05015950201"}},{"arcs":[[-2197,2226,-2223,-2187]],"type":"Polygon","properties":{"id":"14000US05015950302"}},{"arcs":[[-234,-506,2227,-1779]],"type":"Polygon","properties":{"id":"14000US05119003606"}},{"arcs":[[-1588,-2211,-1765,-1769]],"type":"Polygon","properties":{"id":"14000US05119004108"}},{"arcs":[[-1718,-1868,-514,-519,-523,-1780,-2228,-505,-1432,-1776,2228,2229]],"type":"Polygon","properties":{"id":"14000US05119003800"}},{"arcs":[[-274,-1093,-1304,-1305,-953,2230]],"type":"Polygon","properties":{"id":"14000US05119002102"}},{"arcs":[[-1796,-1601,-1307,-1107,-2212,-1587,-1772,-1760,-1870]],"type":"Polygon","properties":{"id":"14000US05119004103"}},{"arcs":[[2231,2232,2233,-1078,-1636]],"type":"Polygon","properties":{"id":"14000US05077470400"}},{"arcs":[[-1423,-1352,-1262,-447,-449,-2156,-2157,-287,-1274,-800,-1645]],"type":"Polygon","properties":{"id":"14000US05137950100"}},{"arcs":[[2234,2235,-915,-1763,-1755,-1724,-1412,-87]],"type":"Polygon","properties":{"id":"14000US05045030303"}},{"arcs":[[-1463,-2127,-910,-2236,2236]],"type":"Polygon","properties":{"id":"14000US05045030302"}},{"arcs":[[2237,2238,2239,-1860]],"type":"Polygon","properties":{"id":"14000US05045030103"}},{"arcs":[[2240,2241,-85,-1286,2242,-1383]],"type":"Polygon","properties":{"id":"14000US05045030404"}},{"arcs":[[2243,2244,-2238,-1876]],"type":"Polygon","properties":{"id":"14000US05045030104"}},{"arcs":[[-1643,-1468,2245,-2244,-1875]],"type":"Polygon","properties":{"id":"14000US05045030101"}},{"arcs":[[-1178,2246,-1388,-1170,-1287,-89,-216,-1804,-241,-1773,2247]],"type":"Polygon","properties":{"id":"14000US05045031102"}},{"arcs":[[-2245,-2246,-1467,2248,-2239]],"type":"Polygon","properties":{"id":"14000US05045030102"}},{"arcs":[[-1861,-2240,2249,2250,-1281,-1171]],"type":"Polygon","properties":{"id":"14000US05045030401"}},{"arcs":[[-2250,-2249,-1466,-1459,2251,2252]],"type":"Polygon","properties":{"id":"14000US05045030402"}},{"arcs":[[2253,-1385,2254,-1182,-1387,2255]],"type":"Polygon","properties":{"id":"14000US05045030800"}},{"arcs":[[-1173,-1284,-1458,-2254,2256,-1176]],"type":"Polygon","properties":{"id":"14000US05045030600"}},{"arcs":[[-1384,-2243,-1285,-2255]],"type":"Polygon","properties":{"id":"14000US05045030900"}},{"arcs":[[-1177,-2257,-2256,-1386,-2247]],"type":"Polygon","properties":{"id":"14000US05045031001"}},{"arcs":[[-2253,2257,-2241,-1457,-1282,-2251]],"type":"Polygon","properties":{"id":"14000US05045030403"}},{"arcs":[[-2258,-2252,-1464,-2237,-2235,-86,-2242]],"type":"Polygon","properties":{"id":"14000US05045030301"}},{"arcs":[[-678,-1957,-1944,2258,2259]],"type":"Polygon","properties":{"id":"14000US05051010700"}},{"arcs":[[2260,-661,-663,-122]],"type":"Polygon","properties":{"id":"14000US05051011602"}},{"arcs":[[2261,-1955,-1958,-662,-2261,-1942]],"type":"Polygon","properties":{"id":"14000US05051011601"}},{"arcs":[[2262,2263,-1943,-120,-1924,-1953,-1950]],"type":"Polygon","properties":{"id":"14000US05051011300"}},{"arcs":[[-1939,-685,2264,2265,-2263,-1949]],"type":"Polygon","properties":{"id":"14000US05051010900"}},{"arcs":[[-2259,-1946,-1956,-2262,-1941,2266,2267]],"type":"Polygon","properties":{"id":"14000US05051011500"}},{"arcs":[[-2260,-2268,2268,-2265,-679]],"type":"Polygon","properties":{"id":"14000US05051010800"}},{"arcs":[[-1655,-1198,-1188,-1660,-1580,-1577,-753]],"type":"Polygon","properties":{"id":"14000US05007021408"}},{"arcs":[[2269,-2018,-2020,-30,-1549]],"type":"Polygon","properties":{"id":"14000US05007020803"}},{"arcs":[[-1938,-2012,-1829,-1869,-37,-24]],"type":"Polygon","properties":{"id":"14000US05007020504"}},{"arcs":[[-535,2270]],"type":"Polygon","properties":{"id":"14000US05061950300"}},{"arcs":[[-2147,-2154,-1317,2271,-225,2272,-2004,-2007]],"type":"Polygon","properties":{"id":"14000US05041950100"}},{"arcs":[[-1253,-2008,-146,-1052]],"type":"Polygon","properties":{"id":"14000US05041950300"}},{"arcs":[[-2005,-2273,-224,-230,-149]],"type":"Polygon","properties":{"id":"14000US05041950400"}},{"arcs":[[-1882,-1862,-1179,-2248,-1775,2273]],"type":"Polygon","properties":{"id":"14000US05105952700"}},{"arcs":[[-1646,-460,-1884,2274,-1888,-6,-1651]],"type":"Polygon","properties":{"id":"14000US05105952900"}},{"arcs":[[-1883,-2274,-1781,-1392,-1885,-2275]],"type":"Polygon","properties":{"id":"14000US05105952800"}},{"arcs":[[2275,-536,-2271,-543,-1704,-556,-789]],"type":"Polygon","properties":{"id":"14000US05061950200"}},{"arcs":[[-1372,-1160,-1166,-537,-2276,-788,-792,-1369]],"type":"Polygon","properties":{"id":"14000US05061950100"}},{"arcs":[[-599,2276,-1109,2277,2278,2279]],"type":"Polygon","properties":{"id":"14000US05103950102"}},{"arcs":[[2280,-1111,-423,-434,-2095,2281]],"type":"Polygon","properties":{"id":"14000US05103950301"}},{"arcs":[[-1224,2282,2283,2284,-2282,-2094,-2025,-2022]],"type":"Polygon","properties":{"id":"14000US05103950302"}},{"arcs":[[2285,-2278,-1108,2286,2287]],"type":"Polygon","properties":{"id":"14000US05103950101"}},{"arcs":[[2288,-152,-229,2289,2290]],"type":"Polygon","properties":{"id":"14000US05003960100"}},{"arcs":[[2291,-2291,2292,2293]],"type":"Polygon","properties":{"id":"14000US05003960300"}},{"arcs":[[2294,2295,2296,2297,-418]],"type":"Polygon","properties":{"id":"14000US05003960700"}},{"arcs":[[-143,-2289,-2292,2298,2299,-2296,2300]],"type":"Polygon","properties":{"id":"14000US05003960200"}},{"arcs":[[-2299,-2294,2301,2302]],"type":"Polygon","properties":{"id":"14000US05003960500"}},{"arcs":[[-2297,-2300,-2303,2303]],"type":"Polygon","properties":{"id":"14000US05003960600"}},{"arcs":[[-2298,-2304,-2302,-2293,-2290,-228,2304,-419]],"type":"Polygon","properties":{"id":"14000US05003960400"}},{"arcs":[[2305,2306,2307,2308,-144,-2301,-2295,-417,-295]],"type":"Polygon","properties":{"id":"14000US05011950500"}},{"arcs":[[2309,-134,-2309,2310]],"type":"Polygon","properties":{"id":"14000US05011950400"}},{"arcs":[[2311,-135,-2310,2312,2313]],"type":"Polygon","properties":{"id":"14000US05011950100"}},{"arcs":[[2314,-2314,2315,-2307]],"type":"Polygon","properties":{"id":"14000US05011950200"}},{"arcs":[[-2316,-2313,-2311,-2308]],"type":"Polygon","properties":{"id":"14000US05011950300"}},{"arcs":[[-309,-2121,-1816,-1648,2316,2317,2318,2319]],"type":"Polygon","properties":{"id":"14000US05127950100"}},{"arcs":[[-1825,-398,-1856,-2044,-389,-1852,-2048,-1848]],"type":"Polygon","properties":{"id":"14000US05031000502"}},{"arcs":[[-2050,-1827,-1847,-793,-876]],"type":"Polygon","properties":{"id":"14000US05031000101"}},{"arcs":[[-2227,-2196,-897,-2224]],"type":"Polygon","properties":{"id":"14000US05015950502"}},{"arcs":[[2320,-2233,2321]],"type":"Polygon","properties":{"id":"14000US05077470300"}},{"arcs":[[-354,2322,-2322,-2232,-1635]],"type":"Polygon","properties":{"id":"14000US05077470200"}},{"arcs":[[-1472,-360,-1934,-1933,2323,-1127,-1079,-2234,-2321,-2323]],"type":"Polygon","properties":{"id":"14000US05077470100"}},{"arcs":[[-597,-824,-1144,-1146,-1137,2324,2325,2326,2327]],"type":"Polygon","properties":{"id":"14000US05039970100"}},{"arcs":[[-2327,2328,-293,2329]],"type":"Polygon","properties":{"id":"14000US05039970300"}},{"arcs":[[-2328,-2330,-1110,-2277,-598]],"type":"Polygon","properties":{"id":"14000US05039970200"}},{"arcs":[[-98,-117,2330,2331,-2190,2332]],"type":"Polygon","properties":{"id":"14000US05033020302"}},{"arcs":[[-2332,2333,-1744,2334,2335,-2114]],"type":"Polygon","properties":{"id":"14000US05033020502"}},{"arcs":[[-2336,2336,-587,-2111,-1299,-2117,-2115]],"type":"Polygon","properties":{"id":"14000US05033020501"}},{"arcs":[[-2335,-1743,-112,-613,-2122,-588,-2337]],"type":"Polygon","properties":{"id":"14000US05033020401"}},{"arcs":[[-1964,-631,-406,2337,2338,-1227]],"type":"Polygon","properties":{"id":"14000US05035030201"}},{"arcs":[[-1228,-2339,2339,-1928]],"type":"Polygon","properties":{"id":"14000US05035030301"}},{"arcs":[[-2340,-2338,-637,-1929]],"type":"Polygon","properties":{"id":"14000US05035030302"}},{"arcs":[[-1895,-2108,-2099]],"type":"Polygon","properties":{"id":"14000US05093010100"}},{"arcs":[[-2269,-2267,-2264,-2266]],"type":"Polygon","properties":{"id":"14000US05051011400"}},{"arcs":[[-1864,-275,-2231,-952,-214]],"type":"Polygon","properties":{"id":"14000US05119002403"}},{"arcs":[[-2229,-1778,-1782,-1596,2340]],"type":"Polygon","properties":{"id":"14000US05119002700"}},{"arcs":[[2341,-175,-1719,-2230,-2341,-1595,-958]],"type":"Polygon","properties":{"id":"14000US05119002800"}},{"arcs":[[2342,-176,-2342,-957,-1237,-1873]],"type":"Polygon","properties":{"id":"14000US05119002900"}},{"arcs":[[2343,-1058,-136,-2312,-2315,-2306,-294,-2329,-2326]],"type":"Polygon","properties":{"id":"14000US05025970200"}},{"arcs":[[-1136,-2210,-765,-2159,-1059,-2344,-2325]],"type":"Polygon","properties":{"id":"14000US05025970100"}},{"arcs":[[-1785,-1874,-1240,-2009,-1086]],"type":"Polygon","properties":{"id":"14000US05119003100"}},{"arcs":[[-1241,-1417,-1563,2344,-1872,-1746]],"type":"Polygon","properties":{"id":"14000US05119003202"}},{"arcs":[[2345,-2318]],"type":"Polygon","properties":{"id":"14000US05127950200"}},{"arcs":[[-2319,-2346,-2317,-1650,-2054,-1364,-2175,2346]],"type":"Polygon","properties":{"id":"14000US05127950300"}},{"arcs":[[-720,-1694,-1204,-1702,-1584,-1525,-1544,-1492,-1513,-2158,-1482]],"type":"Polygon","properties":{"id":"14000US05143010501"}},{"arcs":[[2347,-1783,-1400,2348]],"type":"Polygon","properties":{"id":"14000US05119004600"}},{"arcs":[[-1745,-2334,-2331]],"type":"Polygon","properties":{"id":"14000US05033020301"}},{"arcs":[[-1566,-177,-2343,-2345]],"type":"Polygon","properties":{"id":"14000US05119003305"}},{"arcs":[[2349,-2288,2350,-2284,2351]],"type":"Polygon","properties":{"id":"14000US05103950600"}},{"arcs":[[-604,-600,-2280,2352,-2352,-2283,-1221]],"type":"Polygon","properties":{"id":"14000US05103950200"}},{"arcs":[[-2279,-2286,-2350,-2353]],"type":"Polygon","properties":{"id":"14000US05103950400"}},{"arcs":[[-2287,-1112,-2281,-2285,-2351]],"type":"Polygon","properties":{"id":"14000US05103950500"}},{"arcs":[[-1553,-642,-2217,-199]],"type":"Polygon","properties":{"id":"14000US05119002206"}},{"arcs":[[-219,-1793,-1866,-1802]],"type":"Polygon","properties":{"id":"14000US05119004306"}},{"arcs":[[-1238,-960,-1598,-1784,-2348,2353,-2089,-1790,-2010]],"type":"Polygon","properties":{"id":"14000US05119004400"}},{"arcs":[[-2090,-2354,-2349,-1399,-1407]],"type":"Polygon","properties":{"id":"14000US05119004700"}}]}}}